sequence,game,policies,home_initial_rest,away_initial_rest,home_wins_before,away_wins_before,home_score,away_score,terminal_result,winner,post_clinch,decisions
7297,1,"{""series"":[""solutions/game_1/series/rest-111111/top"",""solutions/game_1/series/rest-111111/bot""]}","[1,1,1,1,1,1]","[1,1,1,1,1,1]",0,0,2,0,home_win,home,0,67
7297,2,"{""series"":[""solutions/game_2/series/home_wins_1/rest-110011/top"",""solutions/game_2/series/home_wins_1/rest-111100/bot""]}","[1,1,0,0,1,1]","[1,1,1,1,0,0]",1,0,4,0,home_win,home,0,76
7297,3,"{""series"":[""solutions/game_3/series/home_wins_2/rest-111100/top"",""solutions/game_3/series/home_wins_2/rest-011111/bot""]}","[1,1,1,1,0,0]","[0,1,1,1,1,1]",2,0,2,1,home_win,home,0,77
7297,4,"{""series"":[""solutions/game_4/single/rest-111111/top"",""solutions/game_4/single/rest-001010/bot""]}","[1,1,1,1,1,1]","[0,0,1,0,1,0]",3,0,2,4,away_win,away,1,84
7297,5,"{""series"":[""solutions/game_5/single/rest-000101/top"",""solutions/game_5/single/rest-001111/bot""]}","[0,0,0,1,0,1]","[0,0,1,1,1,1]",3,1,1,7,away_win,away,1,79
7298,1,"{""series"":[""solutions/game_1/series/rest-111111/top"",""solutions/game_1/series/rest-111111/bot""]}","[1,1,1,1,1,1]","[1,1,1,1,1,1]",0,0,8,0,home_win,home,0,43
7298,2,"{""series"":[""solutions/game_2/series/home_wins_1/rest-111111/top"",""solutions/game_2/series/home_wins_1/rest-111111/bot""]}","[1,1,1,1,1,1]","[1,1,1,1,1,1]",1,0,1,3,away_win,away,0,75
7298,3,"{""series"":[""solutions/game_3/series/home_wins_1/rest-111101/top"",""solutions/game_3/series/home_wins_1/rest-011011/bot""]}","[1,1,1,1,0,1]","[0,1,1,0,1,1]",1,1,7,7,tie,away,0,105
7298,4,"{""series"":[""solutions/game_4/series/home_wins_1/rest-001011/top"",""solutions/game_4/series/home_wins_1/rest-100110/bot""]}","[0,0,1,0,1,1]","[1,0,0,1,1,0]",1,2,4,7,away_win,away,0,84
7298,5,"{""series"":[""solutions/game_5/single/rest-110000/top"",""solutions/game_5/single/rest-111011/bot""]}","[1,1,0,0,0,0]","[1,1,1,0,1,1]",1,3,0,9,away_win,away,1,26
7299,1,"{""series"":[""solutions/game_1/series/rest-111111/top"",""solutions/game_1/series/rest-111111/bot""]}","[1,1,1,1,1,1]","[1,1,1,1,1,1]",0,0,6,9,away_win,away,0,92
7299,2,"{""series"":[""solutions/game_2/series/home_wins_0/rest-011111/top"",""solutions/game_2/series/home_wins_0/rest-101100/bot""]}","[0,1,1,1,1,1]","[1,0,1,1,0,0]",0,1,1,11,away_win,away,0,73
7299,3,"{""series"":[""solutions/game_3/series/home_wins_0/rest-101110/top"",""solutions/game_3/series/home_wins_0/rest-110111/bot""]}","[1,0,1,1,1,0]","[1,1,0,1,1,1]",0,2,4,10,away_win,away,0,89
7299,4,"{""series"":[""solutions/game_4/single/rest-111001/top"",""solutions/game_4/single/rest-001010/bot""]}","[1,1,1,0,0,1]","[0,0,1,0,1,0]",0,3,12,7,home_win,home,1,93
7299,5,"{""series"":[""solutions/game_5/single/rest-010110/top"",""solutions/game_5/single/rest-111101/bot""]}","[0,1,0,1,1,0]","[1,1,1,1,0,1]",1,3,7,12,away_win,away,1,104
7300,1,"{""series"":[""solutions/game_1/series/rest-111111/top"",""solutions/game_1/series/rest-111111/bot""]}","[1,1,1,1,1,1]","[1,1,1,1,1,1]",0,0,8,0,home_win,home,0,55
7300,2,"{""series"":[""solutions/game_2/series/home_wins_1/rest-111101/top"",""solutions/game_2/series/home_wins_1/rest-111111/bot""]}","[1,1,1,1,0,1]","[1,1,1,1,1,1]",1,0,7,9,away_win,away,0,89
7300,3,"{""series"":[""solutions/game_3/series/home_wins_1/rest-111111/top"",""solutions/game_3/series/home_wins_1/rest-010101/bot""]}","[1,1,1,1,1,1]","[0,1,0,1,0,1]",1,1,1,4,away_win,away,0,78
7300,4,"{""series"":[""solutions/game_4/series/home_wins_1/rest-100111/top"",""solutions/game_4/series/home_wins_1/rest-110010/bot""]}","[1,0,0,1,1,1]","[1,1,0,0,1,0]",1,2,1,8,away_win,away,0,85
7300,5,"{""series"":[""solutions/game_5/single/rest-010010/top"",""solutions/game_5/single/rest-010101/bot""]}","[0,1,0,0,1,0]","[0,1,0,1,0,1]",1,3,5,7,away_win,away,1,85
7301,1,"{""series"":[""solutions/game_1/series/rest-111111/top"",""solutions/game_1/series/rest-111111/bot""]}","[1,1,1,1,1,1]","[1,1,1,1,1,1]",0,0,8,0,home_win,home,0,61
7301,2,"{""series"":[""solutions/game_2/series/home_wins_1/rest-111101/top"",""solutions/game_2/series/home_wins_1/rest-111111/bot""]}","[1,1,1,1,0,1]","[1,1,1,1,1,1]",1,0,6,7,away_win,away,0,88
7301,3,"{""series"":[""solutions/game_3/series/home_wins_1/rest-110111/top"",""solutions/game_3/series/home_wins_1/rest-001110/bot""]}","[1,1,0,1,1,1]","[0,0,1,1,1,0]",1,1,2,2,tie,home,0,82
7301,4,"{""series"":[""solutions/game_4/series/home_wins_2/rest-101001/top"",""solutions/game_4/series/home_wins_2/rest-110001/bot""]}","[1,0,1,0,0,1]","[1,1,0,0,0,1]",2,1,0,8,away_win,away,0,44
7301,5,"{""series"":[""solutions/game_5/single/rest-111111/top"",""solutions/game_5/single/rest-111011/bot""]}","[1,1,1,1,1,1]","[1,1,1,0,1,1]",2,2,4,2,home_win,home,0,75
7302,1,"{""series"":[""solutions/game_1/series/rest-111111/top"",""solutions/game_1/series/rest-111111/bot""]}","[1,1,1,1,1,1]","[1,1,1,1,1,1]",0,0,2,8,away_win,away,0,90
7302,2,"{""series"":[""solutions/game_2/series/home_wins_0/rest-101101/top"",""solutions/game_2/series/home_wins_0/rest-111100/bot""]}","[1,0,1,1,0,1]","[1,1,1,1,0,0]",0,1,9,10,away_win,away,0,108
7302,3,"{""series"":[""solutions/game_3/series/home_wins_0/rest-010010/top"",""solutions/game_3/series/home_wins_0/rest-101011/bot""]}","[0,1,0,0,1,0]","[1,0,1,0,1,1]",0,2,1,6,away_win,away,0,82
7302,4,"{""series"":[""solutions/game_4/single/rest-101111/top"",""solutions/game_4/single/rest-011111/bot""]}","[1,0,1,1,1,1]","[0,1,1,1,1,1]",0,3,8,1,home_win,home,1,78
7302,5,"{""series"":[""solutions/game_5/single/rest-011001/top"",""solutions/game_5/single/rest-100110/bot""]}","[0,1,1,0,0,1]","[1,0,0,1,1,0]",1,3,3,11,away_win,away,1,66
7303,1,"{""series"":[""solutions/game_1/series/rest-111111/top"",""solutions/game_1/series/rest-111111/bot""]}","[1,1,1,1,1,1]","[1,1,1,1,1,1]",0,0,6,3,home_win,home,0,82
7303,2,"{""series"":[""solutions/game_2/series/home_wins_1/rest-111011/top"",""solutions/game_2/series/home_wins_1/rest-111110/bot""]}","[1,1,1,0,1,1]","[1,1,1,1,1,0]",1,0,7,1,home_win,home,0,78
7303,3,"{""series"":[""solutions/game_3/series/home_wins_2/rest-111100/top"",""solutions/game_3/series/home_wins_2/rest-111011/bot""]}","[1,1,1,1,0,0]","[1,1,1,0,1,1]",2,0,10,2,home_win,home,0,78
7303,4,"{""series"":[""solutions/game_4/single/rest-110011/top"",""solutions/game_4/single/rest-011011/bot""]}","[1,1,0,0,1,1]","[0,1,1,0,1,1]",3,0,7,5,home_win,home,1,88
7303,5,"{""series"":[""solutions/game_5/single/rest-001101/top"",""solutions/game_5/single/rest-101111/bot""]}","[0,0,1,1,0,1]","[1,0,1,1,1,1]",4,0,2,7,away_win,away,1,80
7304,1,"{""series"":[""solutions/game_1/series/rest-111111/top"",""solutions/game_1/series/rest-111111/bot""]}","[1,1,1,1,1,1]","[1,1,1,1,1,1]",0,0,8,5,home_win,home,0,76
7304,2,"{""series"":[""solutions/game_2/series/home_wins_1/rest-111000/top"",""solutions/game_2/series/home_wins_1/rest-111001/bot""]}","[1,1,1,0,0,0]","[1,1,1,0,0,1]",1,0,2,3,away_win,away,0,79
7304,3,"{""series"":[""solutions/game_3/series/home_wins_1/rest-110111/top"",""solutions/game_3/series/home_wins_1/rest-001110/bot""]}","[1,1,0,1,1,1]","[0,0,1,1,1,0]",1,1,6,5,home_win,home,0,76
7304,4,"{""series"":[""solutions/game_4/series/home_wins_2/rest-111111/top"",""solutions/game_4/series/home_wins_2/rest-110101/bot""]}","[1,1,1,1,1,1]","[1,1,0,1,0,1]",2,1,2,7,away_win,away,0,79
7304,5,"{""series"":[""solutions/game_5/single/rest-111110/top"",""solutions/game_5/single/rest-101110/bot""]}","[1,1,1,1,1,0]","[1,0,1,1,1,0]",2,2,6,5,home_win,home,0,90
7305,1,"{""series"":[""solutions/game_1/series/rest-111111/top"",""solutions/game_1/series/rest-111111/bot""]}","[1,1,1,1,1,1]","[1,1,1,1,1,1]",0,0,3,10,away_win,away,0,94
7305,2,"{""series"":[""solutions/game_2/series/home_wins_0/rest-110011/top"",""solutions/game_2/series/home_wins_0/rest-001010/bot""]}","[1,1,0,0,1,1]","[0,0,1,0,1,0]",0,1,0,8,away_win,away,0,57
7305,3,"{""series"":[""solutions/game_3/series/home_wins_0/rest-111111/top"",""solutions/game_3/series/home_wins_0/rest-111111/bot""]}","[1,1,1,1,1,1]","[1,1,1,1,1,1]",0,2,3,3,tie,home,0,94
7305,4,"{""series"":[""solutions/game_4/series/home_wins_1/rest-010101/top"",""solutions/game_4/series/home_wins_1/rest-001101/bot""]}","[0,1,0,1,0,1]","[0,0,1,1,0,1]",1,2,7,10,away_win,away,0,91
7305,5,"{""series"":[""solutions/game_5/single/rest-101011/top"",""solutions/game_5/single/rest-110110/bot""]}","[1,0,1,0,1,1]","[1,1,0,1,1,0]",1,3,12,7,home_win,home,1,98
7306,1,"{""series"":[""solutions/game_1/series/rest-111111/top"",""solutions/game_1/series/rest-111111/bot""]}","[1,1,1,1,1,1]","[1,1,1,1,1,1]",0,0,5,2,home_win,home,0,72
7306,2,"{""series"":[""solutions/game_2/series/home_wins_1/rest-110101/top"",""solutions/game_2/series/home_wins_1/rest-110111/bot""]}","[1,1,0,1,0,1]","[1,1,0,1,1,1]",1,0,0,6,away_win,away,0,72
7306,3,"{""series"":[""solutions/game_3/series/home_wins_1/rest-111111/top"",""solutions/game_3/series/home_wins_1/rest-111101/bot""]}","[1,1,1,1,1,1]","[1,1,1,1,0,1]",1,1,7,5,home_win,home,0,82
7306,4,"{""series"":[""solutions/game_4/series/home_wins_2/rest-111100/top"",""solutions/game_4/series/home_wins_2/rest-001010/bot""]}","[1,1,1,1,0,0]","[0,0,1,0,1,0]",2,1,3,1,home_win,home,0,73
7306,5,"{""series"":[""solutions/game_5/single/rest-010011/top"",""solutions/game_5/single/rest-110101/bot""]}","[0,1,0,0,1,1]","[1,1,0,1,0,1]",3,1,4,9,away_win,away,1,94
7307,1,"{""series"":[""solutions/game_1/series/rest-111111/top"",""solutions/game_1/series/rest-111111/bot""]}","[1,1,1,1,1,1]","[1,1,1,1,1,1]",0,0,4,2,home_win,home,0,79
7307,2,"{""series"":[""solutions/game_2/series/home_wins_1/rest-111001/top"",""solutions/game_2/series/home_wins_1/rest-111100/bot""]}","[1,1,1,0,0,1]","[1,1,1,1,0,0]",1,0,6,9,away_win,away,0,82
7307,3,"{""series"":[""solutions/game_3/series/home_wins_1/rest-010110/top"",""solutions/game_3/series/home_wins_1/rest-100011/bot""]}","[0,1,0,1,1,0]","[1,0,0,0,1,1]",1,1,6,10,away_win,away,0,103
7307,4,"{""series"":[""solutions/game_4/series/home_wins_1/rest-101011/top"",""solutions/game_4/series/home_wins_1/rest-011100/bot""]}","[1,0,1,0,1,1]","[0,1,1,1,0,0]",1,2,6,5,home_win,home,0,93
7307,5,"{""series"":[""solutions/game_5/single/rest-000111/top"",""solutions/game_5/single/rest-111011/bot""]}","[0,0,0,1,1,1]","[1,1,1,0,1,1]",2,2,5,4,home_win,home,0,82
7308,1,"{""series"":[""solutions/game_1/series/rest-111111/top"",""solutions/game_1/series/rest-111111/bot""]}","[1,1,1,1,1,1]","[1,1,1,1,1,1]",0,0,4,0,home_win,home,0,71
7308,2,"{""series"":[""solutions/game_2/series/home_wins_1/rest-111110/top"",""solutions/game_2/series/home_wins_1/rest-111110/bot""]}","[1,1,1,1,1,0]","[1,1,1,1,1,0]",1,0,5,2,home_win,home,0,78
7308,3,"{""series"":[""solutions/game_3/series/home_wins_2/rest-110001/top"",""solutions/game_3/series/home_wins_2/rest-111001/bot""]}","[1,1,0,0,0,1]","[1,1,1,0,0,1]",2,0,9,0,home_win,home,0,53
7308,4,"{""series"":[""solutions/game_4/single/rest-011111/top"",""solutions/game_4/single/rest-111111/bot""]}","[0,1,1,1,1,1]","[1,1,1,1,1,1]",3,0,8,4,home_win,home,1,96
7308,5,"{""series"":[""solutions/game_5/single/rest-010001/top"",""solutions/game_5/single/rest-011101/bot""]}","[0,1,0,0,0,1]","[0,1,1,1,0,1]",4,0,5,2,home_win,home,1,80
7309,1,"{""series"":[""solutions/game_1/series/rest-111111/top"",""solutions/game_1/series/rest-111111/bot""]}","[1,1,1,1,1,1]","[1,1,1,1,1,1]",0,0,1,1,tie,away,0,85
7309,2,"{""series"":[""solutions/game_2/series/home_wins_0/rest-010011/top"",""solutions/game_2/series/home_wins_0/rest-101011/bot""]}","[0,1,0,0,1,1]","[1,0,1,0,1,1]",0,1,6,5,home_win,home,0,82
7309,3,"{""series"":[""solutions/game_3/series/home_wins_1/rest-111100/top"",""solutions/game_3/series/home_wins_1/rest-100111/bot""]}","[1,1,1,1,0,0]","[1,0,0,1,1,1]",1,1,5,4,home_win,home,0,84
7309,4,"{""series"":[""solutions/game_4/series/home_wins_2/rest-110011/top"",""solutions/game_4/series/home_wins_2/rest-010111/bot""]}","[1,1,0,0,1,1]","[0,1,0,1,1,1]",2,1,5,6,away_win,away,0,96
7309,5,"{""series"":[""solutions/game_5/single/rest-101111/top"",""solutions/game_5/single/rest-101000/bot""]}","[1,0,1,1,1,1]","[1,0,1,0,0,0]",2,2,1,3,away_win,away,0,83
7310,1,"{""series"":[""solutions/game_1/series/rest-111111/top"",""solutions/game_1/series/rest-111111/bot""]}","[1,1,1,1,1,1]","[1,1,1,1,1,1]",0,0,10,7,home_win,home,0,91
7310,2,"{""series"":[""solutions/game_2/series/home_wins_1/rest-010001/top"",""solutions/game_2/series/home_wins_1/rest-010111/bot""]}","[0,1,0,0,0,1]","[0,1,0,1,1,1]",1,0,4,1,home_win,home,0,71
7310,3,"{""series"":[""solutions/game_3/series/home_wins_2/rest-101110/top"",""solutions/game_3/series/home_wins_2/rest-010110/bot""]}","[1,0,1,1,1,0]","[0,1,0,1,1,0]",2,0,5,6,away_win,away,0,90
7310,4,"{""series"":[""solutions/game_4/series/home_wins_2/rest-110100/top"",""solutions/game_4/series/home_wins_2/rest-101011/bot""]}","[1,1,0,1,0,0]","[1,0,1,0,1,1]",2,1,7,8,away_win,away,0,97
7310,5,"{""series"":[""solutions/game_5/single/rest-101111/top"",""solutions/game_5/single/rest-010100/bot""]}","[1,0,1,1,1,1]","[0,1,0,1,0,0]",2,2,2,3,away_win,away,0,77
7311,1,"{""series"":[""solutions/game_1/series/rest-111111/top"",""solutions/game_1/series/rest-111111/bot""]}","[1,1,1,1,1,1]","[1,1,1,1,1,1]",0,0,10,5,home_win,home,0,89
7311,2,"{""series"":[""solutions/game_2/series/home_wins_1/rest-111011/top"",""solutions/game_2/series/home_wins_1/rest-110101/bot""]}","[1,1,1,0,1,1]","[1,1,0,1,0,1]",1,0,9,1,home_win,home,0,75
7311,3,"{""series"":[""solutions/game_3/series/home_wins_2/rest-111111/top"",""solutions/game_3/series/home_wins_2/rest-111111/bot""]}","[1,1,1,1,1,1]","[1,1,1,1,1,1]",2,0,2,3,away_win,away,0,80
7311,4,"{""series"":[""solutions/game_4/series/home_wins_2/rest-111011/top"",""solutions/game_4/series/home_wins_2/rest-001010/bot""]}","[1,1,1,0,1,1]","[0,0,1,0,1,0]",2,1,10,5,home_win,home,0,86
7311,5,"{""series"":[""solutions/game_5/single/rest-010101/top"",""solutions/game_5/single/rest-100101/bot""]}","[0,1,0,1,0,1]","[1,0,0,1,0,1]",3,1,6,7,away_win,away,1,90
7312,1,"{""series"":[""solutions/game_1/series/rest-111111/top"",""solutions/game_1/series/rest-111111/bot""]}","[1,1,1,1,1,1]","[1,1,1,1,1,1]",0,0,3,0,home_win,home,0,68
7312,2,"{""series"":[""solutions/game_2/series/home_wins_1/rest-110111/top"",""solutions/game_2/series/home_wins_1/rest-111101/bot""]}","[1,1,0,1,1,1]","[1,1,1,1,0,1]",1,0,1,3,away_win,away,0,80
7312,3,"{""series"":[""solutions/game_3/series/home_wins_1/rest-011100/top"",""solutions/game_3/series/home_wins_1/rest-001011/bot""]}","[0,1,1,1,0,0]","[0,0,1,0,1,1]",1,1,5,0,home_win,home,0,75
7312,4,"{""series"":[""solutions/game_4/series/home_wins_2/rest-101011/top"",""solutions/game_4/series/home_wins_2/rest-110111/bot""]}","[1,0,1,0,1,1]","[1,1,0,1,1,1]",2,1,4,5,away_win,away,0,88
7312,5,"{""series"":[""solutions/game_5/single/rest-110101/top"",""solutions/game_5/single/rest-101111/bot""]}","[1,1,0,1,0,1]","[1,0,1,1,1,1]",2,2,2,3,away_win,away,0,74
7313,1,"{""series"":[""solutions/game_1/series/rest-111111/top"",""solutions/game_1/series/rest-111111/bot""]}","[1,1,1,1,1,1]","[1,1,1,1,1,1]",0,0,3,0,home_win,home,0,75
7313,2,"{""series"":[""solutions/game_2/series/home_wins_1/rest-110001/top"",""solutions/game_2/series/home_wins_1/rest-110101/bot""]}","[1,1,0,0,0,1]","[1,1,0,1,0,1]",1,0,8,0,home_win,home,0,59
7313,3,"{""series"":[""solutions/game_3/series/home_wins_2/rest-111111/top"",""solutions/game_3/series/home_wins_2/rest-111110/bot""]}","[1,1,1,1,1,1]","[1,1,1,1,1,0]",2,0,3,7,away_win,away,0,89
7313,4,"{""series"":[""solutions/game_4/series/home_wins_2/rest-011001/top"",""solutions/game_4/series/home_wins_2/rest-100011/bot""]}","[0,1,1,0,0,1]","[1,0,0,0,1,1]",2,1,4,8,away_win,away,0,93
7313,5,"{""series"":[""solutions/game_5/single/rest-100110/top"",""solutions/game_5/single/rest-011111/bot""]}","[1,0,0,1,1,0]","[0,1,1,1,1,1]",2,2,0,8,away_win,away,0,43
7314,1,"{""series"":[""solutions/game_1/series/rest-111111/top"",""solutions/game_1/series/rest-111111/bot""]}","[1,1,1,1,1,1]","[1,1,1,1,1,1]",0,0,8,3,home_win,home,0,83
7314,2,"{""series"":[""solutions/game_2/series/home_wins_1/rest-111101/top"",""solutions/game_2/series/home_wins_1/rest-111011/bot""]}","[1,1,1,1,0,1]","[1,1,1,0,1,1]",1,0,0,8,away_win,away,0,57
7314,3,"{""series"":[""solutions/game_3/series/home_wins_1/rest-111111/top"",""solutions/game_3/series/home_wins_1/rest-111111/bot""]}","[1,1,1,1,1,1]","[1,1,1,1,1,1]",1,1,2,1,home_win,home,0,68
7314,4,"{""series"":[""solutions/game_4/series/home_wins_2/rest-111001/top"",""solutions/game_4/series/home_wins_2/rest-111110/bot""]}","[1,1,1,0,0,1]","[1,1,1,1,1,0]",2,1,11,3,home_win,home,0,65
7314,5,"{""series"":[""solutions/game_5/single/rest-111110/top"",""solutions/game_5/single/rest-110111/bot""]}","[1,1,1,1,1,0]","[1,1,0,1,1,1]",3,1,0,2,away_win,away,1,75
7315,1,"{""series"":[""solutions/game_1/series/rest-111111/top"",""solutions/game_1/series/rest-111111/bot""]}","[1,1,1,1,1,1]","[1,1,1,1,1,1]",0,0,4,6,away_win,away,0,89
7315,2,"{""series"":[""solutions/game_2/series/home_wins_0/rest-011111/top"",""solutions/game_2/series/home_wins_0/rest-000101/bot""]}","[0,1,1,1,1,1]","[0,0,0,1,0,1]",0,1,1,2,away_win,away,0,75
7315,3,"{""series"":[""solutions/game_3/series/home_wins_0/rest-110001/top"",""solutions/game_3/series/home_wins_0/rest-111011/bot""]}","[1,1,0,0,0,1]","[1,1,1,0,1,1]",0,2,3,1,home_win,home,0,78
7315,4,"{""series"":[""solutions/game_4/series/home_wins_1/rest-001111/top"",""solutions/game_4/series/home_wins_1/rest-110001/bot""]}","[0,0,1,1,1,1]","[1,1,0,0,0,1]",1,2,4,7,away_win,away,0,85
7315,5,"{""series"":[""solutions/game_5/single/rest-000100/top"",""solutions/game_5/single/rest-101110/bot""]}","[0,0,0,1,0,0]","[1,0,1,1,1,0]",1,3,5,3,home_win,home,1,77
7316,1,"{""series"":[""solutions/game_1/series/rest-111111/top"",""solutions/game_1/series/rest-111111/bot""]}","[1,1,1,1,1,1]","[1,1,1,1,1,1]",0,0,5,2,home_win,home,0,75
7316,2,"{""series"":[""solutions/game_2/series/home_wins_1/rest-111101/top"",""solutions/game_2/series/home_wins_1/rest-111111/bot""]}","[1,1,1,1,0,1]","[1,1,1,1,1,1]",1,0,2,10,away_win,away,0,74
7316,3,"{""series"":[""solutions/game_3/series/home_wins_1/rest-101111/top"",""solutions/game_3/series/home_wins_1/rest-111111/bot""]}","[1,0,1,1,1,1]","[1,1,1,1,1,1]",1,1,7,3,home_win,home,0,82
7316,4,"{""series"":[""solutions/game_4/series/home_wins_2/rest-110101/top"",""solutions/game_4/series/home_wins_2/rest-110110/bot""]}","[1,1,0,1,0,1]","[1,1,0,1,1,0]",2,1,3,13,away_win,away,0,81
7316,5,"{""series"":[""solutions/game_5/single/rest-111101/top"",""solutions/game_5/single/rest-111101/bot""]}","[1,1,1,1,0,1]","[1,1,1,1,0,1]",2,2,2,7,away_win,away,0,79
7317,1,"{""series"":[""solutions/game_1/series/rest-111111/top"",""solutions/game_1/series/rest-111111/bot""]}","[1,1,1,1,1,1]","[1,1,1,1,1,1]",0,0,3,1,home_win,home,0,74
7317,2,"{""series"":[""solutions/game_2/series/home_wins_1/rest-111101/top"",""solutions/game_2/series/home_wins_1/rest-011111/bot""]}","[1,1,1,1,0,1]","[0,1,1,1,1,1]",1,0,5,4,home_win,home,0,87
7317,3,"{""series"":[""solutions/game_3/series/home_wins_2/rest-000011/top"",""solutions/game_3/series/home_wins_2/rest-010010/bot""]}","[0,0,0,0,1,1]","[0,1,0,0,1,0]",2,0,5,1,home_win,home,0,68
7317,4,"{""series"":[""solutions/game_4/single/rest-111100/top"",""solutions/game_4/single/rest-101101/bot""]}","[1,1,1,1,0,0]","[1,0,1,1,0,1]",3,0,4,6,away_win,away,1,83
7317,5,"{""series"":[""solutions/game_5/single/rest-010110/top"",""solutions/game_5/single/rest-111110/bot""]}","[0,1,0,1,1,0]","[1,1,1,1,1,0]",3,1,11,8,home_win,home,1,93
7318,1,"{""series"":[""solutions/game_1/series/rest-111111/top"",""solutions/game_1/series/rest-111111/bot""]}","[1,1,1,1,1,1]","[1,1,1,1,1,1]",0,0,4,2,home_win,home,0,70
7318,2,"{""series"":[""solutions/game_2/series/home_wins_1/rest-110101/top"",""solutions/game_2/series/home_wins_1/rest-111100/bot""]}","[1,1,0,1,0,1]","[1,1,1,1,0,0]",1,0,4,3,home_win,home,0,74
7318,3,"{""series"":[""solutions/game_3/series/home_wins_2/rest-011010/top"",""solutions/game_3/series/home_wins_2/rest-001111/bot""]}","[0,1,1,0,1,0]","[0,0,1,1,1,1]",2,0,5,0,home_win,home,0,73
7318,4,"{""series"":[""solutions/game_4/single/rest-100111/top"",""solutions/game_4/single/rest-110011/bot""]}","[1,0,0,1,1,1]","[1,1,0,0,1,1]",3,0,2,7,away_win,away,1,77
7318,5,"{""series"":[""solutions/game_5/single/rest-011011/top"",""solutions/game_5/single/rest-111111/bot""]}","[0,1,1,0,1,1]","[1,1,1,1,1,1]",3,1,5,4,home_win,home,1,81
7319,1,"{""series"":[""solutions/game_1/series/rest-111111/top"",""solutions/game_1/series/rest-111111/bot""]}","[1,1,1,1,1,1]","[1,1,1,1,1,1]",0,0,0,4,away_win,away,0,70
7319,2,"{""series"":[""solutions/game_2/series/home_wins_0/rest-011110/top"",""solutions/game_2/series/home_wins_0/rest-111111/bot""]}","[0,1,1,1,1,0]","[1,1,1,1,1,1]",0,1,2,0,home_win,home,0,77
7319,3,"{""series"":[""solutions/game_3/series/home_wins_1/rest-110001/top"",""solutions/game_3/series/home_wins_1/rest-011011/bot""]}","[1,1,0,0,0,1]","[0,1,1,0,1,1]",1,1,2,3,away_win,away,0,75
7319,4,"{""series"":[""solutions/game_4/series/home_wins_1/rest-111110/top"",""solutions/game_4/series/home_wins_1/rest-110110/bot""]}","[1,1,1,1,1,0]","[1,1,0,1,1,0]",1,2,10,8,home_win,home,0,94
7319,5,"{""series"":[""solutions/game_5/single/rest-011001/top"",""solutions/game_5/single/rest-011101/bot""]}","[0,1,1,0,0,1]","[0,1,1,1,0,1]",2,2,4,6,away_win,away,0,81
7320,1,"{""series"":[""solutions/game_1/series/rest-111111/top"",""solutions/game_1/series/rest-111111/bot""]}","[1,1,1,1,1,1]","[1,1,1,1,1,1]",0,0,2,4,away_win,away,0,80
7320,2,"{""series"":[""solutions/game_2/series/home_wins_0/rest-110011/top"",""solutions/game_2/series/home_wins_0/rest-101110/bot""]}","[1,1,0,0,1,1]","[1,0,1,1,1,0]",0,1,9,0,home_win,home,0,63
7320,3,"{""series"":[""solutions/game_3/series/home_wins_1/rest-111101/top"",""solutions/game_3/series/home_wins_1/rest-101111/bot""]}","[1,1,1,1,0,1]","[1,0,1,1,1,1]",1,1,2,4,away_win,away,0,86
7320,4,"{""series"":[""solutions/game_4/series/home_wins_1/rest-100011/top"",""solutions/game_4/series/home_wins_1/rest-111010/bot""]}","[1,0,0,0,1,1]","[1,1,1,0,1,0]",1,2,8,0,home_win,home,0,60
7320,5,"{""series"":[""solutions/game_5/single/rest-111111/top"",""solutions/game_5/single/rest-111111/bot""]}","[1,1,1,1,1,1]","[1,1,1,1,1,1]",2,2,10,2,home_win,home,0,67
7321,1,"{""series"":[""solutions/game_1/series/rest-111111/top"",""solutions/game_1/series/rest-111111/bot""]}","[1,1,1,1,1,1]","[1,1,1,1,1,1]",0,0,4,5,away_win,away,0,79
7321,2,"{""series"":[""solutions/game_2/series/home_wins_0/rest-110111/top"",""solutions/game_2/series/home_wins_0/rest-011011/bot""]}","[1,1,0,1,1,1]","[0,1,1,0,1,1]",0,1,4,1,home_win,home,0,73
7321,3,"{""series"":[""solutions/game_3/series/home_wins_1/rest-111111/top"",""solutions/game_3/series/home_wins_1/rest-110111/bot""]}","[1,1,1,1,1,1]","[1,1,0,1,1,1]",1,1,6,4,home_win,home,0,77
7321,4,"{""series"":[""solutions/game_4/series/home_wins_2/rest-111110/top"",""solutions/game_4/series/home_wins_2/rest-110101/bot""]}","[1,1,1,1,1,0]","[1,1,0,1,0,1]",2,1,3,2,home_win,home,0,79
7321,5,"{""series"":[""solutions/game_5/single/rest-110000/top"",""solutions/game_5/single/rest-001010/bot""]}","[1,1,0,0,0,0]","[0,0,1,0,1,0]",3,1,2,4,away_win,away,1,79
7322,1,"{""series"":[""solutions/game_1/series/rest-111111/top"",""solutions/game_1/series/rest-111111/bot""]}","[1,1,1,1,1,1]","[1,1,1,1,1,1]",0,0,5,8,away_win,away,0,90
7322,2,"{""series"":[""solutions/game_2/series/home_wins_0/rest-111000/top"",""solutions/game_2/series/home_wins_0/rest-001010/bot""]}","[1,1,1,0,0,0]","[0,0,1,0,1,0]",0,1,6,5,home_win,home,0,88
7322,3,"{""series"":[""solutions/game_3/series/home_wins_1/rest-100011/top"",""solutions/game_3/series/home_wins_1/rest-111101/bot""]}","[1,0,0,0,1,1]","[1,1,1,1,0,1]",1,1,8,0,home_win,home,0,48
7322,4,"{""series"":[""solutions/game_4/series/home_wins_2/rest-111111/top"",""solutions/game_4/series/home_wins_2/rest-111111/bot""]}","[1,1,1,1,1,1]","[1,1,1,1,1,1]",2,1,10,2,home_win,home,0,45
7322,5,"{""series"":[""solutions/game_5/single/rest-111111/top"",""solutions/game_5/single/rest-111111/bot""]}","[1,1,1,1,1,1]","[1,1,1,1,1,1]",3,1,4,7,away_win,away,1,87
7323,1,"{""series"":[""solutions/game_1/series/rest-111111/top"",""solutions/game_1/series/rest-111111/bot""]}","[1,1,1,1,1,1]","[1,1,1,1,1,1]",0,0,4,3,home_win,home,0,85
7323,2,"{""series"":[""solutions/game_2/series/home_wins_1/rest-010001/top"",""solutions/game_2/series/home_wins_1/rest-001011/bot""]}","[0,1,0,0,0,1]","[0,0,1,0,1,1]",1,0,12,2,home_win,home,0,45
7323,3,"{""series"":[""solutions/game_3/series/home_wins_2/rest-111111/top"",""solutions/game_3/series/home_wins_2/rest-101111/bot""]}","[1,1,1,1,1,1]","[1,0,1,1,1,1]",2,0,5,9,away_win,away,0,91
7323,4,"{""series"":[""solutions/game_4/series/home_wins_2/rest-111100/top"",""solutions/game_4/series/home_wins_2/rest-111111/bot""]}","[1,1,1,1,0,0]","[1,1,1,1,1,1]",2,1,7,9,away_win,away,0,96
7323,5,"{""series"":[""solutions/game_5/single/rest-011011/top"",""solutions/game_5/single/rest-100011/bot""]}","[0,1,1,0,1,1]","[1,0,0,0,1,1]",2,2,6,2,home_win,home,0,72
7324,1,"{""series"":[""solutions/game_1/series/rest-111111/top"",""solutions/game_1/series/rest-111111/bot""]}","[1,1,1,1,1,1]","[1,1,1,1,1,1]",0,0,1,2,away_win,away,0,76
7324,2,"{""series"":[""solutions/game_2/series/home_wins_0/rest-010101/top"",""solutions/game_2/series/home_wins_0/rest-001011/bot""]}","[0,1,0,1,0,1]","[0,0,1,0,1,1]",0,1,3,6,away_win,away,0,78
7324,3,"{""series"":[""solutions/game_3/series/home_wins_0/rest-011010/top"",""solutions/game_3/series/home_wins_0/rest-110111/bot""]}","[0,1,1,0,1,0]","[1,1,0,1,1,1]",0,2,3,4,away_win,away,0,80
7324,4,"{""series"":[""solutions/game_4/single/rest-101101/top"",""solutions/game_4/single/rest-101110/bot""]}","[1,0,1,1,0,1]","[1,0,1,1,1,0]",0,3,2,2,tie,away,1,87
7324,5,"{""series"":[""solutions/game_5/single/rest-010010/top"",""solutions/game_5/single/rest-011001/bot""]}","[0,1,0,0,1,0]","[0,1,1,0,0,1]",0,4,3,2,home_win,home,1,71
7325,1,"{""series"":[""solutions/game_1/series/rest-111111/top"",""solutions/game_1/series/rest-111111/bot""]}","[1,1,1,1,1,1]","[1,1,1,1,1,1]",0,0,4,10,away_win,away,0,86
7325,2,"{""series"":[""solutions/game_2/series/home_wins_0/rest-110011/top"",""solutions/game_2/series/home_wins_0/rest-101110/bot""]}","[1,1,0,0,1,1]","[1,0,1,1,1,0]",0,1,6,7,away_win,away,0,91
7325,3,"{""series"":[""solutions/game_3/series/home_wins_0/rest-010101/top"",""solutions/game_3/series/home_wins_0/rest-110101/bot""]}","[0,1,0,1,0,1]","[1,1,0,1,0,1]",0,2,1,7,away_win,away,0,83
7325,4,"{""series"":[""solutions/game_4/single/rest-011000/top"",""solutions/game_4/single/rest-110111/bot""]}","[0,1,1,0,0,0]","[1,1,0,1,1,1]",0,3,2,10,away_win,away,1,82
7325,5,"{""series"":[""solutions/game_5/single/rest-100111/top"",""solutions/game_5/single/rest-010110/bot""]}","[1,0,0,1,1,1]","[0,1,0,1,1,0]",0,4,0,4,away_win,away,1,77
7326,1,"{""series"":[""solutions/game_1/series/rest-111111/top"",""solutions/game_1/series/rest-111111/bot""]}","[1,1,1,1,1,1]","[1,1,1,1,1,1]",0,0,3,1,home_win,home,0,71
7326,2,"{""series"":[""solutions/game_2/series/home_wins_1/rest-111011/top"",""solutions/game_2/series/home_wins_1/rest-011111/bot""]}","[1,1,1,0,1,1]","[0,1,1,1,1,1]",1,0,9,1,home_win,home,0,76
7326,3,"{""series"":[""solutions/game_3/series/home_wins_2/rest-111100/top"",""solutions/game_3/series/home_wins_2/rest-110101/bot""]}","[1,1,1,1,0,0]","[1,1,0,1,0,1]",2,0,2,6,away_win,away,0,79
7326,4,"{""series"":[""solutions/game_4/series/home_wins_2/rest-111111/top"",""solutions/game_4/series/home_wins_2/rest-011110/bot""]}","[1,1,1,1,1,1]","[0,1,1,1,1,0]",2,1,3,2,home_win,home,0,69
7326,5,"{""series"":[""solutions/game_5/single/rest-110011/top"",""solutions/game_5/single/rest-100111/bot""]}","[1,1,0,0,1,1]","[1,0,0,1,1,1]",3,1,4,6,away_win,away,1,90
7327,1,"{""series"":[""solutions/game_1/series/rest-111111/top"",""solutions/game_1/series/rest-111111/bot""]}","[1,1,1,1,1,1]","[1,1,1,1,1,1]",0,0,3,2,home_win,home,0,70
7327,2,"{""series"":[""solutions/game_2/series/home_wins_1/rest-111111/top"",""solutions/game_2/series/home_wins_1/rest-111011/bot""]}","[1,1,1,1,1,1]","[1,1,1,0,1,1]",1,0,2,6,away_win,away,0,82
7327,3,"{""series"":[""solutions/game_3/series/home_wins_1/rest-011111/top"",""solutions/game_3/series/home_wins_1/rest-011111/bot""]}","[0,1,1,1,1,1]","[0,1,1,1,1,1]",1,1,5,3,home_win,home,0,78
7327,4,"{""series"":[""solutions/game_4/series/home_wins_2/rest-110001/top"",""solutions/game_4/series/home_wins_2/rest-110111/bot""]}","[1,1,0,0,0,1]","[1,1,0,1,1,1]",2,1,9,10,away_win,away,0,97
7327,5,"{""series"":[""solutions/game_5/single/rest-001011/top"",""solutions/game_5/single/rest-101001/bot""]}","[0,0,1,0,1,1]","[1,0,1,0,0,1]",2,2,5,4,home_win,home,0,81
7328,1,"{""series"":[""solutions/game_1/series/rest-111111/top"",""solutions/game_1/series/rest-111111/bot""]}","[1,1,1,1,1,1]","[1,1,1,1,1,1]",0,0,3,2,home_win,home,0,85
7328,2,"{""series"":[""solutions/game_2/series/home_wins_1/rest-000001/top"",""solutions/game_2/series/home_wins_1/rest-001111/bot""]}","[0,0,0,0,0,1]","[0,0,1,1,1,1]",1,0,3,12,away_win,away,0,56
7328,3,"{""series"":[""solutions/game_3/series/home_wins_1/rest-111101/top"",""solutions/game_3/series/home_wins_1/rest-111111/bot""]}","[1,1,1,1,0,1]","[1,1,1,1,1,1]",1,1,1,6,away_win,away,0,84
7328,4,"{""series"":[""solutions/game_4/series/home_wins_1/rest-011110/top"",""solutions/game_4/series/home_wins_1/rest-011111/bot""]}","[0,1,1,1,1,0]","[0,1,1,1,1,1]",1,2,5,4,home_win,home,0,79
7328,5,"{""series"":[""solutions/game_5/single/rest-110001/top"",""solutions/game_5/single/rest-110111/bot""]}","[1,1,0,0,0,1]","[1,1,0,1,1,1]",2,2,10,2,home_win,home,0,64
7329,1,"{""series"":[""solutions/game_1/series/rest-111111/top"",""solutions/game_1/series/rest-111111/bot""]}","[1,1,1,1,1,1]","[1,1,1,1,1,1]",0,0,2,3,away_win,away,0,81
7329,2,"{""series"":[""solutions/game_2/series/home_wins_0/rest-101001/top"",""solutions/game_2/series/home_wins_0/rest-011111/bot""]}","[1,0,1,0,0,1]","[0,1,1,1,1,1]",0,1,4,6,away_win,away,0,83
7329,3,"{""series"":[""solutions/game_3/series/home_wins_0/rest-111110/top"",""solutions/game_3/series/home_wins_0/rest-111011/bot""]}","[1,1,1,1,1,0]","[1,1,1,0,1,1]",0,2,1,5,away_win,away,0,73
7329,4,"{""series"":[""solutions/game_4/single/rest-111001/top"",""solutions/game_4/single/rest-111110/bot""]}","[1,1,1,0,0,1]","[1,1,1,1,1,0]",0,3,3,5,away_win,away,1,90
7329,5,"{""series"":[""solutions/game_5/single/rest-001110/top"",""solutions/game_5/single/rest-101001/bot""]}","[0,0,1,1,1,0]","[1,0,1,0,0,1]",0,4,10,8,home_win,home,1,86
7330,1,"{""series"":[""solutions/game_1/series/rest-111111/top"",""solutions/game_1/series/rest-111111/bot""]}","[1,1,1,1,1,1]","[1,1,1,1,1,1]",0,0,1,10,away_win,away,0,80
7330,2,"{""series"":[""solutions/game_2/series/home_wins_0/rest-111101/top"",""solutions/game_2/series/home_wins_0/rest-011111/bot""]}","[1,1,1,1,0,1]","[0,1,1,1,1,1]",0,1,3,5,away_win,away,0,84
7330,3,"{""series"":[""solutions/game_3/series/home_wins_0/rest-001111/top"",""solutions/game_3/series/home_wins_0/rest-101011/bot""]}","[0,0,1,1,1,1]","[1,0,1,0,1,1]",0,2,1,2,away_win,away,0,71
7330,4,"{""series"":[""solutions/game_4/single/rest-110111/top"",""solutions/game_4/single/rest-111111/bot""]}","[1,1,0,1,1,1]","[1,1,1,1,1,1]",0,3,4,3,home_win,home,1,101
7330,5,"{""series"":[""solutions/game_5/single/rest-001010/top"",""solutions/game_5/single/rest-000011/bot""]}","[0,0,1,0,1,0]","[0,0,0,0,1,1]",1,3,10,2,home_win,home,1,60
7331,1,"{""series"":[""solutions/game_1/series/rest-111111/top"",""solutions/game_1/series/rest-111111/bot""]}","[1,1,1,1,1,1]","[1,1,1,1,1,1]",0,0,10,2,home_win,home,0,52
7331,2,"{""series"":[""solutions/game_2/series/home_wins_1/rest-111111/top"",""solutions/game_2/series/home_wins_1/rest-111111/bot""]}","[1,1,1,1,1,1]","[1,1,1,1,1,1]",1,0,5,3,home_win,home,0,71
7331,3,"{""series"":[""solutions/game_3/series/home_wins_2/rest-110111/top"",""solutions/game_3/series/home_wins_2/rest-111101/bot""]}","[1,1,0,1,1,1]","[1,1,1,1,0,1]",2,0,5,6,away_win,away,0,86
7331,4,"{""series"":[""solutions/game_4/series/home_wins_2/rest-111001/top"",""solutions/game_4/series/home_wins_2/rest-010111/bot""]}","[1,1,1,0,0,1]","[0,1,0,1,1,1]",2,1,3,8,away_win,away,0,84
7331,5,"{""series"":[""solutions/game_5/single/rest-111111/top"",""solutions/game_5/single/rest-111110/bot""]}","[1,1,1,1,1,1]","[1,1,1,1,1,0]",2,2,6,1,home_win,home,0,88
7332,1,"{""series"":[""solutions/game_1/series/rest-111111/top"",""solutions/game_1/series/rest-111111/bot""]}","[1,1,1,1,1,1]","[1,1,1,1,1,1]",0,0,4,1,home_win,home,0,75
7332,2,"{""series"":[""solutions/game_2/series/home_wins_1/rest-111001/top"",""solutions/game_2/series/home_wins_1/rest-111101/bot""]}","[1,1,1,0,0,1]","[1,1,1,1,0,1]",1,0,2,2,tie,home,0,79
7332,3,"{""series"":[""solutions/game_3/series/home_wins_2/rest-010111/top"",""solutions/game_3/series/home_wins_2/rest-001101/bot""]}","[0,1,0,1,1,1]","[0,0,1,1,0,1]",2,0,8,4,home_win,home,0,81
7332,4,"{""series"":[""solutions/game_4/single/rest-111110/top"",""solutions/game_4/single/rest-111010/bot""]}","[1,1,1,1,1,0]","[1,1,1,0,1,0]",3,0,6,5,home_win,home,1,92
7332,5,"{""series"":[""solutions/game_5/single/rest-110111/top"",""solutions/game_5/single/rest-011111/bot""]}","[1,1,0,1,1,1]","[0,1,1,1,1,1]",4,0,8,3,home_win,home,1,86
7333,1,"{""series"":[""solutions/game_1/series/rest-111111/top"",""solutions/game_1/series/rest-111111/bot""]}","[1,1,1,1,1,1]","[1,1,1,1,1,1]",0,0,4,5,away_win,away,0,80
7333,2,"{""series"":[""solutions/game_2/series/home_wins_0/rest-110101/top"",""solutions/game_2/series/home_wins_0/rest-111110/bot""]}","[1,1,0,1,0,1]","[1,1,1,1,1,0]",0,1,2,4,away_win,away,0,72
7333,3,"{""series"":[""solutions/game_3/series/home_wins_0/rest-011111/top"",""solutions/game_3/series/home_wins_0/rest-001011/bot""]}","[0,1,1,1,1,1]","[0,0,1,0,1,1]",0,2,4,3,home_win,home,0,80
7333,4,"{""series"":[""solutions/game_4/series/home_wins_1/rest-111001/top"",""solutions/game_4/series/home_wins_1/rest-110100/bot""]}","[1,1,1,0,0,1]","[1,1,0,1,0,0]",1,2,3,1,home_win,home,0,73
7333,5,"{""series"":[""solutions/game_5/single/rest-111110/top"",""solutions/game_5/single/rest-101111/bot""]}","[1,1,1,1,1,0]","[1,0,1,1,1,1]",2,2,8,7,home_win,home,0,95
7334,1,"{""series"":[""solutions/game_1/series/rest-111111/top"",""solutions/game_1/series/rest-111111/bot""]}","[1,1,1,1,1,1]","[1,1,1,1,1,1]",0,0,6,0,home_win,home,0,72
7334,2,"{""series"":[""solutions/game_2/series/home_wins_1/rest-111101/top"",""solutions/game_2/series/home_wins_1/rest-111111/bot""]}","[1,1,1,1,0,1]","[1,1,1,1,1,1]",1,0,4,3,home_win,home,0,81
7334,3,"{""series"":[""solutions/game_3/series/home_wins_2/rest-111010/top"",""solutions/game_3/series/home_wins_2/rest-001110/bot""]}","[1,1,1,0,1,0]","[0,0,1,1,1,0]",2,0,1,8,away_win,away,0,84
7334,4,"{""series"":[""solutions/game_4/series/home_wins_2/rest-101111/top"",""solutions/game_4/series/home_wins_2/rest-101101/bot""]}","[1,0,1,1,1,1]","[1,0,1,1,0,1]",2,1,7,5,home_win,home,0,86
7334,5,"{""series"":[""solutions/game_5/single/rest-111010/top"",""solutions/game_5/single/rest-110110/bot""]}","[1,1,1,0,1,0]","[1,1,0,1,1,0]",3,1,5,9,away_win,away,1,91
7335,1,"{""series"":[""solutions/game_1/series/rest-111111/top"",""solutions/game_1/series/rest-111111/bot""]}","[1,1,1,1,1,1]","[1,1,1,1,1,1]",0,0,1,5,away_win,away,0,77
7335,2,"{""series"":[""solutions/game_2/series/home_wins_0/rest-011011/top"",""solutions/game_2/series/home_wins_0/rest-111110/bot""]}","[0,1,1,0,1,1]","[1,1,1,1,1,0]",0,1,4,4,tie,home,0,90
7335,3,"{""series"":[""solutions/game_3/series/home_wins_1/rest-110110/top"",""solutions/game_3/series/home_wins_1/rest-001111/bot""]}","[1,1,0,1,1,0]","[0,0,1,1,1,1]",1,1,13,10,home_win,home,0,92
7335,4,"{""series"":[""solutions/game_4/series/home_wins_2/rest-111000/top"",""solutions/game_4/series/home_wins_2/rest-110011/bot""]}","[1,1,1,0,0,0]","[1,1,0,0,1,1]",2,1,8,7,home_win,home,0,98
7335,5,"{""series"":[""solutions/game_5/single/rest-000111/top"",""solutions/game_5/single/rest-001100/bot""]}","[0,0,0,1,1,1]","[0,0,1,1,0,0]",3,1,0,8,away_win,away,1,42
7336,1,"{""series"":[""solutions/game_1/series/rest-111111/top"",""solutions/game_1/series/rest-111111/bot""]}","[1,1,1,1,1,1]","[1,1,1,1,1,1]",0,0,10,9,home_win,home,0,97
7336,2,"{""series"":[""solutions/game_2/series/home_wins_1/rest-010111/top"",""solutions/game_2/series/home_wins_1/rest-011111/bot""]}","[0,1,0,1,1,1]","[0,1,1,1,1,1]",1,0,2,5,away_win,away,0,79
7336,3,"{""series"":[""solutions/game_3/series/home_wins_1/rest-111100/top"",""solutions/game_3/series/home_wins_1/rest-101111/bot""]}","[1,1,1,1,0,0]","[1,0,1,1,1,1]",1,1,4,2,home_win,home,0,74
7336,4,"{""series"":[""solutions/game_4/series/home_wins_2/rest-011011/top"",""solutions/game_4/series/home_wins_2/rest-110011/bot""]}","[0,1,1,0,1,1]","[1,1,0,0,1,1]",2,1,2,5,away_win,away,0,78
7336,5,"{""series"":[""solutions/game_5/single/rest-101100/top"",""solutions/game_5/single/rest-011111/bot""]}","[1,0,1,1,0,0]","[0,1,1,1,1,1]",2,2,4,10,away_win,away,0,93
7337,1,"{""series"":[""solutions/game_1/series/rest-111111/top"",""solutions/game_1/series/rest-111111/bot""]}","[1,1,1,1,1,1]","[1,1,1,1,1,1]",0,0,1,5,away_win,away,0,81
7337,2,"{""series"":[""solutions/game_2/series/home_wins_0/rest-010101/top"",""solutions/game_2/series/home_wins_0/rest-111011/bot""]}","[0,1,0,1,0,1]","[1,1,1,0,1,1]",0,1,8,4,home_win,home,0,76
7337,3,"{""series"":[""solutions/game_3/series/home_wins_1/rest-111010/top"",""solutions/game_3/series/home_wins_1/rest-110101/bot""]}","[1,1,1,0,1,0]","[1,1,0,1,0,1]",1,1,10,1,home_win,home,0,52
7337,4,"{""series"":[""solutions/game_4/series/home_wins_2/rest-111111/top"",""solutions/game_4/series/home_wins_2/rest-111111/bot""]}","[1,1,1,1,1,1]","[1,1,1,1,1,1]",2,1,3,2,home_win,home,0,78
7337,5,"{""series"":[""solutions/game_5/single/rest-010101/top"",""solutions/game_5/single/rest-111010/bot""]}","[0,1,0,1,0,1]","[1,1,1,0,1,0]",3,1,3,4,away_win,away,1,87
7338,1,"{""series"":[""solutions/game_1/series/rest-111111/top"",""solutions/game_1/series/rest-111111/bot""]}","[1,1,1,1,1,1]","[1,1,1,1,1,1]",0,0,0,6,away_win,away,0,84
7338,2,"{""series"":[""solutions/game_2/series/home_wins_0/rest-011110/top"",""solutions/game_2/series/home_wins_0/rest-111100/bot""]}","[0,1,1,1,1,0]","[1,1,1,1,0,0]",0,1,8,0,home_win,home,0,52
7338,3,"{""series"":[""solutions/game_3/series/home_wins_1/rest-111111/top"",""solutions/game_3/series/home_wins_1/rest-111111/bot""]}","[1,1,1,1,1,1]","[1,1,1,1,1,1]",1,1,3,5,away_win,away,0,85
7338,4,"{""series"":[""solutions/game_4/series/home_wins_1/rest-011011/top"",""solutions/game_4/series/home_wins_1/rest-111111/bot""]}","[0,1,1,0,1,1]","[1,1,1,1,1,1]",1,2,4,5,away_win,away,0,98
7338,5,"{""series"":[""solutions/game_5/single/rest-100100/top"",""solutions/game_5/single/rest-101010/bot""]}","[1,0,0,1,0,0]","[1,0,1,0,1,0]",1,3,3,5,away_win,away,1,85
7339,1,"{""series"":[""solutions/game_1/series/rest-111111/top"",""solutions/game_1/series/rest-111111/bot""]}","[1,1,1,1,1,1]","[1,1,1,1,1,1]",0,0,3,10,away_win,away,0,87
7339,2,"{""series"":[""solutions/game_2/series/home_wins_0/rest-111110/top"",""solutions/game_2/series/home_wins_0/rest-110101/bot""]}","[1,1,1,1,1,0]","[1,1,0,1,0,1]",0,1,2,3,away_win,away,0,77
7339,3,"{""series"":[""solutions/game_3/series/home_wins_0/rest-110100/top"",""solutions/game_3/series/home_wins_0/rest-111110/bot""]}","[1,1,0,1,0,0]","[1,1,1,1,1,0]",0,2,8,8,tie,home,0,104
7339,4,"{""series"":[""solutions/game_4/series/home_wins_1/rest-001011/top"",""solutions/game_4/series/home_wins_1/rest-010001/bot""]}","[0,0,1,0,1,1]","[0,1,0,0,0,1]",1,2,12,4,home_win,home,0,77
7339,5,"{""series"":[""solutions/game_5/single/rest-111010/top"",""solutions/game_5/single/rest-111101/bot""]}","[1,1,1,0,1,0]","[1,1,1,1,0,1]",2,2,3,2,home_win,home,0,75
7340,1,"{""series"":[""solutions/game_1/series/rest-111111/top"",""solutions/game_1/series/rest-111111/bot""]}","[1,1,1,1,1,1]","[1,1,1,1,1,1]",0,0,1,9,away_win,away,0,58
7340,2,"{""series"":[""solutions/game_2/series/home_wins_0/rest-111110/top"",""solutions/game_2/series/home_wins_0/rest-111111/bot""]}","[1,1,1,1,1,0]","[1,1,1,1,1,1]",0,1,1,9,away_win,away,0,68
7340,3,"{""series"":[""solutions/game_3/series/home_wins_0/rest-101010/top"",""solutions/game_3/series/home_wins_0/rest-111111/bot""]}","[1,0,1,0,1,0]","[1,1,1,1,1,1]",0,2,9,1,home_win,home,0,49
7340,4,"{""series"":[""solutions/game_4/series/home_wins_1/rest-111110/top"",""solutions/game_4/series/home_wins_1/rest-111111/bot""]}","[1,1,1,1,1,0]","[1,1,1,1,1,1]",1,2,1,5,away_win,away,0,80
7340,5,"{""series"":[""solutions/game_5/single/rest-110100/top"",""solutions/game_5/single/rest-001010/bot""]}","[1,1,0,1,0,0]","[0,0,1,0,1,0]",1,3,3,6,away_win,away,1,84
7341,1,"{""series"":[""solutions/game_1/series/rest-111111/top"",""solutions/game_1/series/rest-111111/bot""]}","[1,1,1,1,1,1]","[1,1,1,1,1,1]",0,0,0,7,away_win,away,0,78
7341,2,"{""series"":[""solutions/game_2/series/home_wins_0/rest-111110/top"",""solutions/game_2/series/home_wins_0/rest-111101/bot""]}","[1,1,1,1,1,0]","[1,1,1,1,0,1]",0,1,8,5,home_win,home,0,83
7341,3,"{""series"":[""solutions/game_3/series/home_wins_1/rest-011011/top"",""solutions/game_3/series/home_wins_1/rest-110111/bot""]}","[0,1,1,0,1,1]","[1,1,0,1,1,1]",1,1,1,3,away_win,away,0,75
7341,4,"{""series"":[""solutions/game_4/series/home_wins_1/rest-111100/top"",""solutions/game_4/series/home_wins_1/rest-001110/bot""]}","[1,1,1,1,0,0]","[0,0,1,1,1,0]",1,2,3,5,away_win,away,0,77
7341,5,"{""series"":[""solutions/game_5/single/rest-110001/top"",""solutions/game_5/single/rest-111011/bot""]}","[1,1,0,0,0,1]","[1,1,1,0,1,1]",1,3,8,3,home_win,home,1,78
7342,1,"{""series"":[""solutions/game_1/series/rest-111111/top"",""solutions/game_1/series/rest-111111/bot""]}","[1,1,1,1,1,1]","[1,1,1,1,1,1]",0,0,4,3,home_win,home,0,78
7342,2,"{""series"":[""solutions/game_2/series/home_wins_1/rest-111001/top"",""solutions/game_2/series/home_wins_1/rest-111101/bot""]}","[1,1,1,0,0,1]","[1,1,1,1,0,1]",1,0,0,10,away_win,away,0,37
7342,3,"{""series"":[""solutions/game_3/series/home_wins_1/rest-111111/top"",""solutions/game_3/series/home_wins_1/rest-111111/bot""]}","[1,1,1,1,1,1]","[1,1,1,1,1,1]",1,1,2,10,away_win,away,0,80
7342,4,"{""series"":[""solutions/game_4/series/home_wins_1/rest-111001/top"",""solutions/game_4/series/home_wins_1/rest-111101/bot""]}","[1,1,1,0,0,1]","[1,1,1,1,0,1]",1,2,9,7,home_win,home,0,95
7342,5,"{""series"":[""solutions/game_5/single/rest-100110/top"",""solutions/game_5/single/rest-010110/bot""]}","[1,0,0,1,1,0]","[0,1,0,1,1,0]",2,2,1,6,away_win,away,0,78
7343,1,"{""series"":[""solutions/game_1/series/rest-111111/top"",""solutions/game_1/series/rest-111111/bot""]}","[1,1,1,1,1,1]","[1,1,1,1,1,1]",0,0,8,1,home_win,home,0,81
7343,2,"{""series"":[""solutions/game_2/series/home_wins_1/rest-111110/top"",""solutions/game_2/series/home_wins_1/rest-111100/bot""]}","[1,1,1,1,1,0]","[1,1,1,1,0,0]",1,0,0,9,away_win,away,0,33
7343,3,"{""series"":[""solutions/game_3/series/home_wins_1/rest-111111/top"",""solutions/game_3/series/home_wins_1/rest-111111/bot""]}","[1,1,1,1,1,1]","[1,1,1,1,1,1]",1,1,10,2,home_win,home,0,46
7343,4,"{""series"":[""solutions/game_4/series/home_wins_2/rest-111111/top"",""solutions/game_4/series/home_wins_2/rest-111111/bot""]}","[1,1,1,1,1,1]","[1,1,1,1,1,1]",2,1,2,3,away_win,away,0,77
7343,5,"{""series"":[""solutions/game_5/single/rest-111100/top"",""solutions/game_5/single/rest-001011/bot""]}","[1,1,1,1,0,0]","[0,0,1,0,1,1]",2,2,5,2,home_win,home,0,75
7344,1,"{""series"":[""solutions/game_1/series/rest-111111/top"",""solutions/game_1/series/rest-111111/bot""]}","[1,1,1,1,1,1]","[1,1,1,1,1,1]",0,0,1,0,home_win,home,0,71
7344,2,"{""series"":[""solutions/game_2/series/home_wins_1/rest-110111/top"",""solutions/game_2/series/home_wins_1/rest-111110/bot""]}","[1,1,0,1,1,1]","[1,1,1,1,1,0]",1,0,7,4,home_win,home,0,84
7344,3,"{""series"":[""solutions/game_3/series/home_wins_2/rest-101010/top"",""solutions/game_3/series/home_wins_2/rest-110100/bot""]}","[1,0,1,0,1,0]","[1,1,0,1,0,0]",2,0,10,1,home_win,home,0,48
7344,4,"{""series"":[""solutions/game_4/single/rest-111011/top"",""solutions/game_4/single/rest-101111/bot""]}","[1,1,1,0,1,1]","[1,0,1,1,1,1]",3,0,6,4,home_win,home,1,78
7344,5,"{""series"":[""solutions/game_5/single/rest-010100/top"",""solutions/game_5/single/rest-010111/bot""]}","[0,1,0,1,0,0]","[0,1,0,1,1,1]",4,0,5,10,away_win,away,1,85
7345,1,"{""series"":[""solutions/game_1/series/rest-111111/top"",""solutions/game_1/series/rest-111111/bot""]}","[1,1,1,1,1,1]","[1,1,1,1,1,1]",0,0,1,2,away_win,away,0,73
7345,2,"{""series"":[""solutions/game_2/series/home_wins_0/rest-110011/top"",""solutions/game_2/series/home_wins_0/rest-001011/bot""]}","[1,1,0,0,1,1]","[0,0,1,0,1,1]",0,1,3,6,away_win,away,0,82
7345,3,"{""series"":[""solutions/game_3/series/home_wins_0/rest-001111/top"",""solutions/game_3/series/home_wins_0/rest-111110/bot""]}","[0,0,1,1,1,1]","[1,1,1,1,1,0]",0,2,7,2,home_win,home,0,74
7345,4,"{""series"":[""solutions/game_4/series/home_wins_1/rest-111101/top"",""solutions/game_4/series/home_wins_1/rest-011101/bot""]}","[1,1,1,1,0,1]","[0,1,1,1,0,1]",1,2,2,0,home_win,home,0,83
7345,5,"{""series"":[""solutions/game_5/single/rest-011110/top"",""solutions/game_5/single/rest-110011/bot""]}","[0,1,1,1,1,0]","[1,1,0,0,1,1]",2,2,8,0,home_win,home,0,51
7346,1,"{""series"":[""solutions/game_1/series/rest-111111/top"",""solutions/game_1/series/rest-111111/bot""]}","[1,1,1,1,1,1]","[1,1,1,1,1,1]",0,0,4,3,home_win,home,0,80
7346,2,"{""series"":[""solutions/game_2/series/home_wins_1/rest-010011/top"",""solutions/game_2/series/home_wins_1/rest-101100/bot""]}","[0,1,0,0,1,1]","[1,0,1,1,0,0]",1,0,9,12,away_win,away,0,97
7346,3,"{""series"":[""solutions/game_3/series/home_wins_1/rest-100101/top"",""solutions/game_3/series/home_wins_1/rest-010011/bot""]}","[1,0,0,1,0,1]","[0,1,0,0,1,1]",1,1,9,6,home_win,home,0,88
7346,4,"{""series"":[""solutions/game_4/series/home_wins_2/rest-011000/top"",""solutions/game_4/series/home_wins_2/rest-111100/bot""]}","[0,1,1,0,0,0]","[1,1,1,1,0,0]",2,1,2,10,away_win,away,0,65
7346,5,"{""series"":[""solutions/game_5/single/rest-101011/top"",""solutions/game_5/single/rest-111111/bot""]}","[1,0,1,0,1,1]","[1,1,1,1,1,1]",2,2,7,6,home_win,home,0,99
7347,1,"{""series"":[""solutions/game_1/series/rest-111111/top"",""solutions/game_1/series/rest-111111/bot""]}","[1,1,1,1,1,1]","[1,1,1,1,1,1]",0,0,2,3,away_win,away,0,87
7347,2,"{""series"":[""solutions/game_2/series/home_wins_0/rest-011011/top"",""solutions/game_2/series/home_wins_0/rest-001010/bot""]}","[0,1,1,0,1,1]","[0,0,1,0,1,0]",0,1,11,3,home_win,home,0,69
7347,3,"{""series"":[""solutions/game_3/series/home_wins_1/rest-111101/top"",""solutions/game_3/series/home_wins_1/rest-101001/bot""]}","[1,1,1,1,0,1]","[1,0,1,0,0,1]",1,1,5,2,home_win,home,0,71
7347,4,"{""series"":[""solutions/game_4/series/home_wins_2/rest-111011/top"",""solutions/game_4/series/home_wins_2/rest-011111/bot""]}","[1,1,1,0,1,1]","[0,1,1,1,1,1]",2,1,2,8,away_win,away,0,87
7347,5,"{""series"":[""solutions/game_5/single/rest-101110/top"",""solutions/game_5/single/rest-111111/bot""]}","[1,0,1,1,1,0]","[1,1,1,1,1,1]",2,2,11,3,home_win,home,0,72
7348,1,"{""series"":[""solutions/game_1/series/rest-111111/top"",""solutions/game_1/series/rest-111111/bot""]}","[1,1,1,1,1,1]","[1,1,1,1,1,1]",0,0,1,2,away_win,away,0,72
7348,2,"{""series"":[""solutions/game_2/series/home_wins_0/rest-110111/top"",""solutions/game_2/series/home_wins_0/rest-011011/bot""]}","[1,1,0,1,1,1]","[0,1,1,0,1,1]",0,1,3,1,home_win,home,0,69
7348,3,"{""series"":[""solutions/game_3/series/home_wins_1/rest-111000/top"",""solutions/game_3/series/home_wins_1/rest-110101/bot""]}","[1,1,1,0,0,0]","[1,1,0,1,0,1]",1,1,6,7,away_win,away,0,91
7348,4,"{""series"":[""solutions/game_4/series/home_wins_1/rest-010111/top"",""solutions/game_4/series/home_wins_1/rest-001001/bot""]}","[0,1,0,1,1,1]","[0,0,1,0,0,1]",1,2,2,9,away_win,away,0,83
7348,5,"{""series"":[""solutions/game_5/single/rest-111001/top"",""solutions/game_5/single/rest-110011/bot""]}","[1,1,1,0,0,1]","[1,1,0,0,1,1]",1,3,3,4,away_win,away,1,80
7349,1,"{""series"":[""solutions/game_1/series/rest-111111/top"",""solutions/game_1/series/rest-111111/bot""]}","[1,1,1,1,1,1]","[1,1,1,1,1,1]",0,0,2,6,away_win,away,0,82
7349,2,"{""series"":[""solutions/game_2/series/home_wins_0/rest-111100/top"",""solutions/game_2/series/home_wins_0/rest-111010/bot""]}","[1,1,1,1,0,0]","[1,1,1,0,1,0]",0,1,5,4,home_win,home,0,92
7349,3,"{""series"":[""solutions/game_3/series/home_wins_1/rest-011011/top"",""solutions/game_3/series/home_wins_1/rest-000101/bot""]}","[0,1,1,0,1,1]","[0,0,0,1,0,1]",1,1,6,5,home_win,home,0,78
7349,4,"{""series"":[""solutions/game_4/series/home_wins_2/rest-111110/top"",""solutions/game_4/series/home_wins_2/rest-111110/bot""]}","[1,1,1,1,1,0]","[1,1,1,1,1,0]",2,1,6,4,home_win,home,0,90
7349,5,"{""series"":[""solutions/game_5/single/rest-111111/top"",""solutions/game_5/single/rest-000001/bot""]}","[1,1,1,1,1,1]","[0,0,0,0,0,1]",3,1,3,1,home_win,home,1,72
7350,1,"{""series"":[""solutions/game_1/series/rest-111111/top"",""solutions/game_1/series/rest-111111/bot""]}","[1,1,1,1,1,1]","[1,1,1,1,1,1]",0,0,4,4,tie,home,0,91
7350,2,"{""series"":[""solutions/game_2/series/home_wins_1/rest-010111/top"",""solutions/game_2/series/home_wins_1/rest-101010/bot""]}","[0,1,0,1,1,1]","[1,0,1,0,1,0]",1,0,2,4,away_win,away,0,77
7350,3,"{""series"":[""solutions/game_3/series/home_wins_1/rest-111100/top"",""solutions/game_3/series/home_wins_1/rest-111001/bot""]}","[1,1,1,1,0,0]","[1,1,1,0,0,1]",1,1,4,5,away_win,away,0,86
7350,4,"{""series"":[""solutions/game_4/series/home_wins_1/rest-010011/top"",""solutions/game_4/series/home_wins_1/rest-001111/bot""]}","[0,1,0,0,1,1]","[0,0,1,1,1,1]",1,2,7,3,home_win,home,0,86
7350,5,"{""series"":[""solutions/game_5/single/rest-111110/top"",""solutions/game_5/single/rest-110101/bot""]}","[1,1,1,1,1,0]","[1,1,0,1,0,1]",2,2,10,8,home_win,home,0,93
7351,1,"{""series"":[""solutions/game_1/series/rest-111111/top"",""solutions/game_1/series/rest-111111/bot""]}","[1,1,1,1,1,1]","[1,1,1,1,1,1]",0,0,3,1,home_win,home,0,69
7351,2,"{""series"":[""solutions/game_2/series/home_wins_1/rest-110001/top"",""solutions/game_2/series/home_wins_1/rest-011111/bot""]}","[1,1,0,0,0,1]","[0,1,1,1,1,1]",1,0,6,3,home_win,home,0,79
7351,3,"{""series"":[""solutions/game_3/series/home_wins_2/rest-001111/top"",""solutions/game_3/series/home_wins_2/rest-111111/bot""]}","[0,0,1,1,1,1]","[1,1,1,1,1,1]",2,0,0,9,away_win,away,0,33
7351,4,"{""series"":[""solutions/game_4/series/home_wins_2/rest-111111/top"",""solutions/game_4/series/home_wins_2/rest-111111/bot""]}","[1,1,1,1,1,1]","[1,1,1,1,1,1]",2,1,2,6,away_win,away,0,80
7351,5,"{""series"":[""solutions/game_5/single/rest-110101/top"",""solutions/game_5/single/rest-001111/bot""]}","[1,1,0,1,0,1]","[0,0,1,1,1,1]",2,2,2,3,away_win,away,0,80
7352,1,"{""series"":[""solutions/game_1/series/rest-111111/top"",""solutions/game_1/series/rest-111111/bot""]}","[1,1,1,1,1,1]","[1,1,1,1,1,1]",0,0,4,12,away_win,away,0,86
7352,2,"{""series"":[""solutions/game_2/series/home_wins_0/rest-101111/top"",""solutions/game_2/series/home_wins_0/rest-111110/bot""]}","[1,0,1,1,1,1]","[1,1,1,1,1,0]",0,1,2,4,away_win,away,0,88
7352,3,"{""series"":[""solutions/game_3/series/home_wins_0/rest-111000/top"",""solutions/game_3/series/home_wins_0/rest-100011/bot""]}","[1,1,1,0,0,0]","[1,0,0,0,1,1]",0,2,0,1,away_win,away,0,71
7352,4,"{""series"":[""solutions/game_4/single/rest-100111/top"",""solutions/game_4/single/rest-011110/bot""]}","[1,0,0,1,1,1]","[0,1,1,1,1,0]",0,3,4,7,away_win,away,1,86
7352,5,"{""series"":[""solutions/game_5/single/rest-011010/top"",""solutions/game_5/single/rest-100000/bot""]}","[0,1,1,0,1,0]","[1,0,0,0,0,0]",0,4,1,4,away_win,away,1,81
7353,1,"{""series"":[""solutions/game_1/series/rest-111111/top"",""solutions/game_1/series/rest-111111/bot""]}","[1,1,1,1,1,1]","[1,1,1,1,1,1]",0,0,6,6,tie,home,0,88
7353,2,"{""series"":[""solutions/game_2/series/home_wins_1/rest-110001/top"",""solutions/game_2/series/home_wins_1/rest-100110/bot""]}","[1,1,0,0,0,1]","[1,0,0,1,1,0]",1,0,1,6,away_win,away,0,87
7353,3,"{""series"":[""solutions/game_3/series/home_wins_1/rest-001111/top"",""solutions/game_3/series/home_wins_1/rest-001101/bot""]}","[0,0,1,1,1,1]","[0,0,1,1,0,1]",1,1,12,4,home_win,home,0,76
7353,4,"{""series"":[""solutions/game_4/series/home_wins_2/rest-010101/top"",""solutions/game_4/series/home_wins_2/rest-110111/bot""]}","[0,1,0,1,0,1]","[1,1,0,1,1,1]",2,1,5,0,home_win,home,0,74
7353,5,"{""series"":[""solutions/game_5/single/rest-101111/top"",""solutions/game_5/single/rest-111111/bot""]}","[1,0,1,1,1,1]","[1,1,1,1,1,1]",3,1,1,6,away_win,away,1,84
7354,1,"{""series"":[""solutions/game_1/series/rest-111111/top"",""solutions/game_1/series/rest-111111/bot""]}","[1,1,1,1,1,1]","[1,1,1,1,1,1]",0,0,6,4,home_win,home,0,80
7354,2,"{""series"":[""solutions/game_2/series/home_wins_1/rest-101101/top"",""solutions/game_2/series/home_wins_1/rest-110111/bot""]}","[1,0,1,1,0,1]","[1,1,0,1,1,1]",1,0,5,1,home_win,home,0,71
7354,3,"{""series"":[""solutions/game_3/series/home_wins_2/rest-110011/top"",""solutions/game_3/series/home_wins_2/rest-010111/bot""]}","[1,1,0,0,1,1]","[0,1,0,1,1,1]",2,0,8,0,home_win,home,0,30
7354,4,"{""series"":[""solutions/game_4/single/rest-111011/top"",""solutions/game_4/single/rest-110111/bot""]}","[1,1,1,0,1,1]","[1,1,0,1,1,1]",3,0,4,1,home_win,home,1,68
7354,5,"{""series"":[""solutions/game_5/single/rest-110111/top"",""solutions/game_5/single/rest-001011/bot""]}","[1,1,0,1,1,1]","[0,0,1,0,1,1]",4,0,5,5,tie,away,1,93
7355,1,"{""series"":[""solutions/game_1/series/rest-111111/top"",""solutions/game_1/series/rest-111111/bot""]}","[1,1,1,1,1,1]","[1,1,1,1,1,1]",0,0,9,1,home_win,home,0,63
7355,2,"{""series"":[""solutions/game_2/series/home_wins_1/rest-101111/top"",""solutions/game_2/series/home_wins_1/rest-111101/bot""]}","[1,0,1,1,1,1]","[1,1,1,1,0,1]",1,0,6,4,home_win,home,0,79
7355,3,"{""series"":[""solutions/game_3/series/home_wins_2/rest-110001/top"",""solutions/game_3/series/home_wins_2/rest-101111/bot""]}","[1,1,0,0,0,1]","[1,0,1,1,1,1]",2,0,7,3,home_win,home,0,78
7355,4,"{""series"":[""solutions/game_4/single/rest-001110/top"",""solutions/game_4/single/rest-110010/bot""]}","[0,0,1,1,1,0]","[1,1,0,0,1,0]",3,0,2,9,away_win,away,1,80
7355,5,"{""series"":[""solutions/game_5/single/rest-110010/top"",""solutions/game_5/single/rest-001111/bot""]}","[1,1,0,0,1,0]","[0,0,1,1,1,1]",3,1,2,10,away_win,away,1,66
7356,1,"{""series"":[""solutions/game_1/series/rest-111111/top"",""solutions/game_1/series/rest-111111/bot""]}","[1,1,1,1,1,1]","[1,1,1,1,1,1]",0,0,3,6,away_win,away,0,81
7356,2,"{""series"":[""solutions/game_2/series/home_wins_0/rest-110101/top"",""solutions/game_2/series/home_wins_0/rest-101011/bot""]}","[1,1,0,1,0,1]","[1,0,1,0,1,1]",0,1,5,2,home_win,home,0,78
7356,3,"{""series"":[""solutions/game_3/series/home_wins_1/rest-111110/top"",""solutions/game_3/series/home_wins_1/rest-111101/bot""]}","[1,1,1,1,1,0]","[1,1,1,1,0,1]",1,1,0,4,away_win,away,0,77
7356,4,"{""series"":[""solutions/game_4/series/home_wins_1/rest-101010/top"",""solutions/game_4/series/home_wins_1/rest-111110/bot""]}","[1,0,1,0,1,0]","[1,1,1,1,1,0]",1,2,1,5,away_win,away,0,77
7356,5,"{""series"":[""solutions/game_5/single/rest-110101/top"",""solutions/game_5/single/rest-111111/bot""]}","[1,1,0,1,0,1]","[1,1,1,1,1,1]",1,3,4,5,away_win,away,1,79
7357,1,"{""series"":[""solutions/game_1/series/rest-111111/top"",""solutions/game_1/series/rest-111111/bot""]}","[1,1,1,1,1,1]","[1,1,1,1,1,1]",0,0,9,0,home_win,home,0,45
7357,2,"{""series"":[""solutions/game_2/series/home_wins_1/rest-111111/top"",""solutions/game_2/series/home_wins_1/rest-111111/bot""]}","[1,1,1,1,1,1]","[1,1,1,1,1,1]",1,0,5,7,away_win,away,0,95
7357,3,"{""series"":[""solutions/game_3/series/home_wins_1/rest-111101/top"",""solutions/game_3/series/home_wins_1/rest-001111/bot""]}","[1,1,1,1,0,1]","[0,0,1,1,1,1]",1,1,2,8,away_win,away,0,83
7357,4,"{""series"":[""solutions/game_4/series/home_wins_1/rest-111011/top"",""solutions/game_4/series/home_wins_1/rest-111010/bot""]}","[1,1,1,0,1,1]","[1,1,1,0,1,0]",1,2,10,12,away_win,away,0,95
7357,5,"{""series"":[""solutions/game_5/single/rest-010100/top"",""solutions/game_5/single/rest-001101/bot""]}","[0,1,0,1,0,0]","[0,0,1,1,0,1]",1,3,1,4,away_win,away,1,86
7358,1,"{""series"":[""solutions/game_1/series/rest-111111/top"",""solutions/game_1/series/rest-111111/bot""]}","[1,1,1,1,1,1]","[1,1,1,1,1,1]",0,0,5,4,home_win,home,0,80
7358,2,"{""series"":[""solutions/game_2/series/home_wins_1/rest-110011/top"",""solutions/game_2/series/home_wins_1/rest-001111/bot""]}","[1,1,0,0,1,1]","[0,0,1,1,1,1]",1,0,7,4,home_win,home,0,80
7358,3,"{""series"":[""solutions/game_3/series/home_wins_2/rest-011100/top"",""solutions/game_3/series/home_wins_2/rest-111101/bot""]}","[0,1,1,1,0,0]","[1,1,1,1,0,1]",2,0,0,10,away_win,away,0,53
7358,4,"{""series"":[""solutions/game_4/series/home_wins_2/rest-111101/top"",""solutions/game_4/series/home_wins_2/rest-111111/bot""]}","[1,1,1,1,0,1]","[1,1,1,1,1,1]",2,1,3,6,away_win,away,0,89
7358,5,"{""series"":[""solutions/game_5/single/rest-011111/top"",""solutions/game_5/single/rest-001110/bot""]}","[0,1,1,1,1,1]","[0,0,1,1,1,0]",2,2,4,13,away_win,away,0,48
7359,1,"{""series"":[""solutions/game_1/series/rest-111111/top"",""solutions/game_1/series/rest-111111/bot""]}","[1,1,1,1,1,1]","[1,1,1,1,1,1]",0,0,8,4,home_win,home,0,89
7359,2,"{""series"":[""solutions/game_2/series/home_wins_1/rest-110111/top"",""solutions/game_2/series/home_wins_1/rest-111111/bot""]}","[1,1,0,1,1,1]","[1,1,1,1,1,1]",1,0,6,3,home_win,home,0,86
7359,3,"{""series"":[""solutions/game_3/series/home_wins_2/rest-111000/top"",""solutions/game_3/series/home_wins_2/rest-110100/bot""]}","[1,1,1,0,0,0]","[1,1,0,1,0,0]",2,0,0,7,away_win,away,0,71
7359,4,"{""series"":[""solutions/game_4/series/home_wins_2/rest-111111/top"",""solutions/game_4/series/home_wins_2/rest-011111/bot""]}","[1,1,1,1,1,1]","[0,1,1,1,1,1]",2,1,9,6,home_win,home,0,96
7359,5,"{""series"":[""solutions/game_5/single/rest-011110/top"",""solutions/game_5/single/rest-110000/bot""]}","[0,1,1,1,1,0]","[1,1,0,0,0,0]",3,1,0,9,away_win,away,1,45
7360,1,"{""series"":[""solutions/game_1/series/rest-111111/top"",""solutions/game_1/series/rest-111111/bot""]}","[1,1,1,1,1,1]","[1,1,1,1,1,1]",0,0,3,4,away_win,away,0,86
7360,2,"{""series"":[""solutions/game_2/series/home_wins_0/rest-111001/top"",""solutions/game_2/series/home_wins_0/rest-001111/bot""]}","[1,1,1,0,0,1]","[0,0,1,1,1,1]",0,1,9,0,home_win,home,0,50
7360,3,"{""series"":[""solutions/game_3/series/home_wins_1/rest-111111/top"",""solutions/game_3/series/home_wins_1/rest-111111/bot""]}","[1,1,1,1,1,1]","[1,1,1,1,1,1]",1,1,4,3,home_win,home,0,78
7360,4,"{""series"":[""solutions/game_4/series/home_wins_2/rest-011011/top"",""solutions/game_4/series/home_wins_2/rest-101011/bot""]}","[0,1,1,0,1,1]","[1,0,1,0,1,1]",2,1,5,3,home_win,home,0,86
7360,5,"{""series"":[""solutions/game_5/single/rest-101101/top"",""solutions/game_5/single/rest-001101/bot""]}","[1,0,1,1,0,1]","[0,0,1,1,0,1]",3,1,5,8,away_win,away,1,101
7361,1,"{""series"":[""solutions/game_1/series/rest-111111/top"",""solutions/game_1/series/rest-111111/bot""]}","[1,1,1,1,1,1]","[1,1,1,1,1,1]",0,0,7,5,home_win,home,0,89
7361,2,"{""series"":[""solutions/game_2/series/home_wins_1/rest-010011/top"",""solutions/game_2/series/home_wins_1/rest-101010/bot""]}","[0,1,0,0,1,1]","[1,0,1,0,1,0]",1,0,9,3,home_win,home,0,85
7361,3,"{""series"":[""solutions/game_3/series/home_wins_2/rest-111100/top"",""solutions/game_3/series/home_wins_2/rest-110111/bot""]}","[1,1,1,1,0,0]","[1,1,0,1,1,1]",2,0,6,5,home_win,home,0,82
7361,4,"{""series"":[""solutions/game_4/single/rest-111011/top"",""solutions/game_4/single/rest-111010/bot""]}","[1,1,1,0,1,1]","[1,1,1,0,1,0]",3,0,11,6,home_win,home,1,92
7361,5,"{""series"":[""solutions/game_5/single/rest-010000/top"",""solutions/game_5/single/rest-001111/bot""]}","[0,1,0,0,0,0]","[0,0,1,1,1,1]",4,0,2,12,away_win,away,1,61
7362,1,"{""series"":[""solutions/game_1/series/rest-111111/top"",""solutions/game_1/series/rest-111111/bot""]}","[1,1,1,1,1,1]","[1,1,1,1,1,1]",0,0,10,4,home_win,home,0,85
7362,2,"{""series"":[""solutions/game_2/series/home_wins_1/rest-101111/top"",""solutions/game_2/series/home_wins_1/rest-111101/bot""]}","[1,0,1,1,1,1]","[1,1,1,1,0,1]",1,0,7,8,away_win,away,0,89
7362,3,"{""series"":[""solutions/game_3/series/home_wins_1/rest-110011/top"",""solutions/game_3/series/home_wins_1/rest-001010/bot""]}","[1,1,0,0,1,1]","[0,0,1,0,1,0]",1,1,12,10,home_win,home,0,100
7362,4,"{""series"":[""solutions/game_4/series/home_wins_2/rest-001001/top"",""solutions/game_4/series/home_wins_2/rest-111100/bot""]}","[0,0,1,0,0,1]","[1,1,1,1,0,0]",2,1,9,6,home_win,home,0,82
7362,5,"{""series"":[""solutions/game_5/single/rest-101110/top"",""solutions/game_5/single/rest-110011/bot""]}","[1,0,1,1,1,0]","[1,1,0,0,1,1]",3,1,3,3,tie,away,1,82
7363,1,"{""series"":[""solutions/game_1/series/rest-111111/top"",""solutions/game_1/series/rest-111111/bot""]}","[1,1,1,1,1,1]","[1,1,1,1,1,1]",0,0,1,4,away_win,away,0,81
7363,2,"{""series"":[""solutions/game_2/series/home_wins_0/rest-110011/top"",""solutions/game_2/series/home_wins_0/rest-101110/bot""]}","[1,1,0,0,1,1]","[1,0,1,1,1,0]",0,1,7,2,home_win,home,0,79
7363,3,"{""series"":[""solutions/game_3/series/home_wins_1/rest-111010/top"",""solutions/game_3/series/home_wins_1/rest-111111/bot""]}","[1,1,1,0,1,0]","[1,1,1,1,1,1]",1,1,5,7,away_win,away,0,87
7363,4,"{""series"":[""solutions/game_4/series/home_wins_1/rest-100101/top"",""solutions/game_4/series/home_wins_1/rest-000110/bot""]}","[1,0,0,1,0,1]","[0,0,0,1,1,0]",1,2,3,2,home_win,home,0,71
7363,5,"{""series"":[""solutions/game_5/single/rest-011011/top"",""solutions/game_5/single/rest-111111/bot""]}","[0,1,1,0,1,1]","[1,1,1,1,1,1]",2,2,10,2,home_win,home,0,31
7364,1,"{""series"":[""solutions/game_1/series/rest-111111/top"",""solutions/game_1/series/rest-111111/bot""]}","[1,1,1,1,1,1]","[1,1,1,1,1,1]",0,0,2,7,away_win,away,0,78
7364,2,"{""series"":[""solutions/game_2/series/home_wins_0/rest-111101/top"",""solutions/game_2/series/home_wins_0/rest-111101/bot""]}","[1,1,1,1,0,1]","[1,1,1,1,0,1]",0,1,2,0,home_win,home,0,71
7364,3,"{""series"":[""solutions/game_3/series/home_wins_1/rest-110001/top"",""solutions/game_3/series/home_wins_1/rest-111111/bot""]}","[1,1,0,0,0,1]","[1,1,1,1,1,1]",1,1,4,8,away_win,away,0,92
7364,4,"{""series"":[""solutions/game_4/series/home_wins_1/rest-011110/top"",""solutions/game_4/series/home_wins_1/rest-111100/bot""]}","[0,1,1,1,1,0]","[1,1,1,1,0,0]",1,2,3,10,away_win,away,0,91
7364,5,"{""series"":[""solutions/game_5/single/rest-101001/top"",""solutions/game_5/single/rest-001011/bot""]}","[1,0,1,0,0,1]","[0,0,1,0,1,1]",1,3,2,9,away_win,away,1,87
7365,1,"{""series"":[""solutions/game_1/series/rest-111111/top"",""solutions/game_1/series/rest-111111/bot""]}","[1,1,1,1,1,1]","[1,1,1,1,1,1]",0,0,4,3,home_win,home,0,75
7365,2,"{""series"":[""solutions/game_2/series/home_wins_1/rest-111011/top"",""solutions/game_2/series/home_wins_1/rest-011110/bot""]}","[1,1,1,0,1,1]","[0,1,1,1,1,0]",1,0,8,0,home_win,home,0,39
7365,3,"{""series"":[""solutions/game_3/series/home_wins_2/rest-111111/top"",""solutions/game_3/series/home_wins_2/rest-111111/bot""]}","[1,1,1,1,1,1]","[1,1,1,1,1,1]",2,0,6,4,home_win,home,0,87
7365,4,"{""series"":[""solutions/game_4/single/rest-010011/top"",""solutions/game_4/single/rest-111110/bot""]}","[0,1,0,0,1,1]","[1,1,1,1,1,0]",3,0,2,3,away_win,away,1,74
7365,5,"{""series"":[""solutions/game_5/single/rest-111000/top"",""solutions/game_5/single/rest-001011/bot""]}","[1,1,1,0,0,0]","[0,0,1,0,1,1]",3,1,0,8,away_win,away,1,36
7366,1,"{""series"":[""solutions/game_1/series/rest-111111/top"",""solutions/game_1/series/rest-111111/bot""]}","[1,1,1,1,1,1]","[1,1,1,1,1,1]",0,0,6,4,home_win,home,0,76
7366,2,"{""series"":[""solutions/game_2/series/home_wins_1/rest-111001/top"",""solutions/game_2/series/home_wins_1/rest-101111/bot""]}","[1,1,1,0,0,1]","[1,0,1,1,1,1]",1,0,0,8,away_win,away,0,41
7366,3,"{""series"":[""solutions/game_3/series/home_wins_1/rest-111111/top"",""solutions/game_3/series/home_wins_1/rest-111111/bot""]}","[1,1,1,1,1,1]","[1,1,1,1,1,1]",1,1,3,7,away_win,away,0,79
7366,4,"{""series"":[""solutions/game_4/series/home_wins_1/rest-111111/top"",""solutions/game_4/series/home_wins_1/rest-111100/bot""]}","[1,1,1,1,1,1]","[1,1,1,1,0,0]",1,2,4,3,home_win,home,0,75
7366,5,"{""series"":[""solutions/game_5/single/rest-110011/top"",""solutions/game_5/single/rest-011111/bot""]}","[1,1,0,0,1,1]","[0,1,1,1,1,1]",2,2,2,1,home_win,home,0,71
7367,1,"{""series"":[""solutions/game_1/series/rest-111111/top"",""solutions/game_1/series/rest-111111/bot""]}","[1,1,1,1,1,1]","[1,1,1,1,1,1]",0,0,0,2,away_win,away,0,78
7367,2,"{""series"":[""solutions/game_2/series/home_wins_0/rest-011101/top"",""solutions/game_2/series/home_wins_0/rest-001011/bot""]}","[0,1,1,1,0,1]","[0,0,1,0,1,1]",0,1,5,0,home_win,home,0,77
7367,3,"{""series"":[""solutions/game_3/series/home_wins_1/rest-101110/top"",""solutions/game_3/series/home_wins_1/rest-101111/bot""]}","[1,0,1,1,1,0]","[1,0,1,1,1,1]",1,1,5,6,away_win,away,0,82
7367,4,"{""series"":[""solutions/game_4/series/home_wins_1/rest-110001/top"",""solutions/game_4/series/home_wins_1/rest-011110/bot""]}","[1,1,0,0,0,1]","[0,1,1,1,1,0]",1,2,4,3,home_win,home,0,80
7367,5,"{""series"":[""solutions/game_5/single/rest-011110/top"",""solutions/game_5/single/rest-010101/bot""]}","[0,1,1,1,1,0]","[0,1,0,1,0,1]",2,2,8,7,home_win,home,0,80
7368,1,"{""series"":[""solutions/game_1/series/rest-111111/top"",""solutions/game_1/series/rest-111111/bot""]}","[1,1,1,1,1,1]","[1,1,1,1,1,1]",0,0,6,7,away_win,away,0,94
7368,2,"{""series"":[""solutions/game_2/series/home_wins_0/rest-110011/top"",""solutions/game_2/series/home_wins_0/rest-110111/bot""]}","[1,1,0,0,1,1]","[1,1,0,1,1,1]",0,1,14,3,home_win,home,0,56
7368,3,"{""series"":[""solutions/game_3/series/home_wins_1/rest-111111/top"",""solutions/game_3/series/home_wins_1/rest-111111/bot""]}","[1,1,1,1,1,1]","[1,1,1,1,1,1]",1,1,2,4,away_win,away,0,76
7368,4,"{""series"":[""solutions/game_4/series/home_wins_1/rest-010011/top"",""solutions/game_4/series/home_wins_1/rest-111011/bot""]}","[0,1,0,0,1,1]","[1,1,1,0,1,1]",1,2,1,6,away_win,away,0,77
7368,5,"{""series"":[""solutions/game_5/single/rest-101100/top"",""solutions/game_5/single/rest-111110/bot""]}","[1,0,1,1,0,0]","[1,1,1,1,1,0]",1,3,4,1,home_win,home,1,74
7369,1,"{""series"":[""solutions/game_1/series/rest-111111/top"",""solutions/game_1/series/rest-111111/bot""]}","[1,1,1,1,1,1]","[1,1,1,1,1,1]",0,0,8,0,home_win,home,0,42
7369,2,"{""series"":[""solutions/game_2/series/home_wins_1/rest-111111/top"",""solutions/game_2/series/home_wins_1/rest-111111/bot""]}","[1,1,1,1,1,1]","[1,1,1,1,1,1]",1,0,0,1,away_win,away,0,78
7369,3,"{""series"":[""solutions/game_3/series/home_wins_1/rest-110101/top"",""solutions/game_3/series/home_wins_1/rest-011011/bot""]}","[1,1,0,1,0,1]","[0,1,1,0,1,1]",1,1,10,2,home_win,home,0,80
7369,4,"{""series"":[""solutions/game_4/series/home_wins_2/rest-111101/top"",""solutions/game_4/series/home_wins_2/rest-110101/bot""]}","[1,1,1,1,0,1]","[1,1,0,1,0,1]",2,1,6,1,home_win,home,0,80
7369,5,"{""series"":[""solutions/game_5/single/rest-111011/top"",""solutions/game_5/single/rest-000011/bot""]}","[1,1,1,0,1,1]","[0,0,0,0,1,1]",3,1,5,4,home_win,home,1,84
7370,1,"{""series"":[""solutions/game_1/series/rest-111111/top"",""solutions/game_1/series/rest-111111/bot""]}","[1,1,1,1,1,1]","[1,1,1,1,1,1]",0,0,7,1,home_win,home,0,77
7370,2,"{""series"":[""solutions/game_2/series/home_wins_1/rest-111100/top"",""solutions/game_2/series/home_wins_1/rest-110111/bot""]}","[1,1,1,1,0,0]","[1,1,0,1,1,1]",1,0,10,2,home_win,home,0,57
7370,3,"{""series"":[""solutions/game_3/series/home_wins_2/rest-111110/top"",""solutions/game_3/series/home_wins_2/rest-111111/bot""]}","[1,1,1,1,1,0]","[1,1,1,1,1,1]",2,0,4,10,away_win,away,0,90
7370,4,"{""series"":[""solutions/game_4/series/home_wins_2/rest-011111/top"",""solutions/game_4/series/home_wins_2/rest-111110/bot""]}","[0,1,1,1,1,1]","[1,1,1,1,1,0]",2,1,3,11,away_win,away,0,67
7370,5,"{""series"":[""solutions/game_5/single/rest-111101/top"",""solutions/game_5/single/rest-111111/bot""]}","[1,1,1,1,0,1]","[1,1,1,1,1,1]",2,2,7,5,home_win,home,0,83
7371,1,"{""series"":[""solutions/game_1/series/rest-111111/top"",""solutions/game_1/series/rest-111111/bot""]}","[1,1,1,1,1,1]","[1,1,1,1,1,1]",0,0,2,6,away_win,away,0,75
7371,2,"{""series"":[""solutions/game_2/series/home_wins_0/rest-111111/top"",""solutions/game_2/series/home_wins_0/rest-001111/bot""]}","[1,1,1,1,1,1]","[0,0,1,1,1,1]",0,1,10,13,away_win,away,0,103
7371,3,"{""series"":[""solutions/game_3/series/home_wins_0/rest-011101/top"",""solutions/game_3/series/home_wins_0/rest-011110/bot""]}","[0,1,1,1,0,1]","[0,1,1,1,1,0]",0,2,7,8,away_win,away,0,89
7371,4,"{""series"":[""solutions/game_4/single/rest-111011/top"",""solutions/game_4/single/rest-100001/bot""]}","[1,1,1,0,1,1]","[1,0,0,0,0,1]",0,3,5,7,away_win,away,1,87
7371,5,"{""series"":[""solutions/game_5/single/rest-010000/top"",""solutions/game_5/single/rest-011110/bot""]}","[0,1,0,0,0,0]","[0,1,1,1,1,0]",0,4,3,5,away_win,away,1,81
7372,1,"{""series"":[""solutions/game_1/series/rest-111111/top"",""solutions/game_1/series/rest-111111/bot""]}","[1,1,1,1,1,1]","[1,1,1,1,1,1]",0,0,5,2,home_win,home,0,74
7372,2,"{""series"":[""solutions/game_2/series/home_wins_1/rest-110111/top"",""solutions/game_2/series/home_wins_1/rest-111110/bot""]}","[1,1,0,1,1,1]","[1,1,1,1,1,0]",1,0,12,10,home_win,home,0,96
7372,3,"{""series"":[""solutions/game_3/series/home_wins_2/rest-011000/top"",""solutions/game_3/series/home_wins_2/rest-000011/bot""]}","[0,1,1,0,0,0]","[0,0,0,0,1,1]",2,0,0,8,away_win,away,0,38
7372,4,"{""series"":[""solutions/game_4/series/home_wins_2/rest-111111/top"",""solutions/game_4/series/home_wins_2/rest-101111/bot""]}","[1,1,1,1,1,1]","[1,0,1,1,1,1]",2,1,0,3,away_win,away,0,78
7372,5,"{""series"":[""solutions/game_5/single/rest-111001/top"",""solutions/game_5/single/rest-011010/bot""]}","[1,1,1,0,0,1]","[0,1,1,0,1,0]",2,2,8,7,home_win,home,0,82
7373,1,"{""series"":[""solutions/game_1/series/rest-111111/top"",""solutions/game_1/series/rest-111111/bot""]}","[1,1,1,1,1,1]","[1,1,1,1,1,1]",0,0,5,6,away_win,away,0,85
7373,2,"{""series"":[""solutions/game_2/series/home_wins_0/rest-111011/top"",""solutions/game_2/series/home_wins_0/rest-101011/bot""]}","[1,1,1,0,1,1]","[1,0,1,0,1,1]",0,1,7,4,home_win,home,0,75
7373,3,"{""series"":[""solutions/game_3/series/home_wins_1/rest-110100/top"",""solutions/game_3/series/home_wins_1/rest-110101/bot""]}","[1,1,0,1,0,0]","[1,1,0,1,0,1]",1,1,10,2,home_win,home,0,65
7373,4,"{""series"":[""solutions/game_4/series/home_wins_2/rest-101111/top"",""solutions/game_4/series/home_wins_2/rest-111111/bot""]}","[1,0,1,1,1,1]","[1,1,1,1,1,1]",2,1,1,3,away_win,away,0,77
7373,5,"{""series"":[""solutions/game_5/single/rest-111101/top"",""solutions/game_5/single/rest-011010/bot""]}","[1,1,1,1,0,1]","[0,1,1,0,1,0]",2,2,6,5,home_win,home,0,82
7374,1,"{""series"":[""solutions/game_1/series/rest-111111/top"",""solutions/game_1/series/rest-111111/bot""]}","[1,1,1,1,1,1]","[1,1,1,1,1,1]",0,0,6,4,home_win,home,0,87
7374,2,"{""series"":[""solutions/game_2/series/home_wins_1/rest-110010/top"",""solutions/game_2/series/home_wins_1/rest-101010/bot""]}","[1,1,0,0,1,0]","[1,0,1,0,1,0]",1,0,3,0,home_win,home,0,67
7374,3,"{""series"":[""solutions/game_3/series/home_wins_2/rest-101001/top"",""solutions/game_3/series/home_wins_2/rest-111101/bot""]}","[1,0,1,0,0,1]","[1,1,1,1,0,1]",2,0,0,6,away_win,away,0,76
7374,4,"{""series"":[""solutions/game_4/series/home_wins_2/rest-111100/top"",""solutions/game_4/series/home_wins_2/rest-011110/bot""]}","[1,1,1,1,0,0]","[0,1,1,1,1,0]",2,1,12,7,home_win,home,0,88
7374,5,"{""series"":[""solutions/game_5/single/rest-010111/top"",""solutions/game_5/single/rest-110011/bot""]}","[0,1,0,1,1,1]","[1,1,0,0,1,1]",3,1,3,6,away_win,away,1,88
7375,1,"{""series"":[""solutions/game_1/series/rest-111111/top"",""solutions/game_1/series/rest-111111/bot""]}","[1,1,1,1,1,1]","[1,1,1,1,1,1]",0,0,0,2,away_win,away,0,80
7375,2,"{""series"":[""solutions/game_2/series/home_wins_0/rest-111011/top"",""solutions/game_2/series/home_wins_0/rest-011011/bot""]}","[1,1,1,0,1,1]","[0,1,1,0,1,1]",0,1,0,8,away_win,away,0,47
7375,3,"{""series"":[""solutions/game_3/series/home_wins_0/rest-111111/top"",""solutions/game_3/series/home_wins_0/rest-111111/bot""]}","[1,1,1,1,1,1]","[1,1,1,1,1,1]",0,2,5,4,home_win,home,0,75
7375,4,"{""series"":[""solutions/game_4/series/home_wins_1/rest-011001/top"",""solutions/game_4/series/home_wins_1/rest-111111/bot""]}","[0,1,1,0,0,1]","[1,1,1,1,1,1]",1,2,4,2,home_win,home,0,75
7375,5,"{""series"":[""solutions/game_5/single/rest-111110/top"",""solutions/game_5/single/rest-111111/bot""]}","[1,1,1,1,1,0]","[1,1,1,1,1,1]",2,2,5,9,away_win,away,0,93
7376,1,"{""series"":[""solutions/game_1/series/rest-111111/top"",""solutions/game_1/series/rest-111111/bot""]}","[1,1,1,1,1,1]","[1,1,1,1,1,1]",0,0,4,3,home_win,home,0,84
7376,2,"{""series"":[""solutions/game_2/series/home_wins_1/rest-010011/top"",""solutions/game_2/series/home_wins_1/rest-111110/bot""]}","[0,1,0,0,1,1]","[1,1,1,1,1,0]",1,0,6,4,home_win,home,0,78
7376,3,"{""series"":[""solutions/game_3/series/home_wins_2/rest-101111/top"",""solutions/game_3/series/home_wins_2/rest-110101/bot""]}","[1,0,1,1,1,1]","[1,1,0,1,0,1]",2,0,2,1,home_win,home,0,66
7376,4,"{""series"":[""solutions/game_4/single/rest-110011/top"",""solutions/game_4/single/rest-100111/bot""]}","[1,1,0,0,1,1]","[1,0,0,1,1,1]",3,0,1,2,away_win,away,1,74
7376,5,"{""series"":[""solutions/game_5/single/rest-001100/top"",""solutions/game_5/single/rest-111010/bot""]}","[0,0,1,1,0,0]","[1,1,1,0,1,0]",3,1,4,1,home_win,home,1,74
7377,1,"{""series"":[""solutions/game_1/series/rest-111111/top"",""solutions/game_1/series/rest-111111/bot""]}","[1,1,1,1,1,1]","[1,1,1,1,1,1]",0,0,4,3,home_win,home,0,81
7377,2,"{""series"":[""solutions/game_2/series/home_wins_1/rest-010001/top"",""solutions/game_2/series/home_wins_1/rest-100011/bot""]}","[0,1,0,0,0,1]","[1,0,0,0,1,1]",1,0,6,5,home_win,home,0,81
7377,3,"{""series"":[""solutions/game_3/series/home_wins_2/rest-101111/top"",""solutions/game_3/series/home_wins_2/rest-011101/bot""]}","[1,0,1,1,1,1]","[0,1,1,1,0,1]",2,0,4,1,home_win,home,0,77
7377,4,"{""series"":[""solutions/game_4/single/rest-010001/top"",""solutions/game_4/single/rest-101111/bot""]}","[0,1,0,0,0,1]","[1,0,1,1,1,1]",3,0,4,8,away_win,away,1,85
7377,5,"{""series"":[""solutions/game_5/single/rest-101110/top"",""solutions/game_5/single/rest-011000/bot""]}","[1,0,1,1,1,0]","[0,1,1,0,0,0]",3,1,9,1,home_win,home,1,66
7378,1,"{""series"":[""solutions/game_1/series/rest-111111/top"",""solutions/game_1/series/rest-111111/bot""]}","[1,1,1,1,1,1]","[1,1,1,1,1,1]",0,0,0,4,away_win,away,0,78
7378,2,"{""series"":[""solutions/game_2/series/home_wins_0/rest-110001/top"",""solutions/game_2/series/home_wins_0/rest-001111/bot""]}","[1,1,0,0,0,1]","[0,0,1,1,1,1]",0,1,0,5,away_win,away,0,78
7378,3,"{""series"":[""solutions/game_3/series/home_wins_0/rest-110011/top"",""solutions/game_3/series/home_wins_0/rest-111101/bot""]}","[1,1,0,0,1,1]","[1,1,1,1,0,1]",0,2,3,11,away_win,away,0,71
7378,4,"{""series"":[""solutions/game_4/single/rest-101101/top"",""solutions/game_4/single/rest-111111/bot""]}","[1,0,1,1,0,1]","[1,1,1,1,1,1]",0,3,5,2,home_win,home,1,81
7378,5,"{""series"":[""solutions/game_5/single/rest-010111/top"",""solutions/game_5/single/rest-101111/bot""]}","[0,1,0,1,1,1]","[1,0,1,1,1,1]",1,3,3,8,away_win,away,1,88
7379,1,"{""series"":[""solutions/game_1/series/rest-111111/top"",""solutions/game_1/series/rest-111111/bot""]}","[1,1,1,1,1,1]","[1,1,1,1,1,1]",0,0,8,0,home_win,home,0,21
7379,2,"{""series"":[""solutions/game_2/series/home_wins_1/rest-111111/top"",""solutions/game_2/series/home_wins_1/rest-111111/bot""]}","[1,1,1,1,1,1]","[1,1,1,1,1,1]",1,0,4,1,home_win,home,0,77
7379,3,"{""series"":[""solutions/game_3/series/home_wins_2/rest-111001/top"",""solutions/game_3/series/home_wins_2/rest-110110/bot""]}","[1,1,1,0,0,1]","[1,1,0,1,1,0]",2,0,1,0,home_win,home,0,64
7379,4,"{""series"":[""solutions/game_4/single/rest-010111/top"",""solutions/game_4/single/rest-001111/bot""]}","[0,1,0,1,1,1]","[0,0,1,1,1,1]",3,0,6,1,home_win,home,1,72
7379,5,"{""series"":[""solutions/game_5/single/rest-111000/top"",""solutions/game_5/single/rest-101010/bot""]}","[1,1,1,0,0,0]","[1,0,1,0,1,0]",4,0,13,5,home_win,home,1,81
7380,1,"{""series"":[""solutions/game_1/series/rest-111111/top"",""solutions/game_1/series/rest-111111/bot""]}","[1,1,1,1,1,1]","[1,1,1,1,1,1]",0,0,1,10,away_win,away,0,69
7380,2,"{""series"":[""solutions/game_2/series/home_wins_0/rest-011101/top"",""solutions/game_2/series/home_wins_0/rest-011111/bot""]}","[0,1,1,1,0,1]","[0,1,1,1,1,1]",0,1,8,10,away_win,away,0,94
7380,3,"{""series"":[""solutions/game_3/series/home_wins_0/rest-111010/top"",""solutions/game_3/series/home_wins_0/rest-110001/bot""]}","[1,1,1,0,1,0]","[1,1,0,0,0,1]",0,2,8,6,home_win,home,0,88
7380,4,"{""series"":[""solutions/game_4/series/home_wins_1/rest-010110/top"",""solutions/game_4/series/home_wins_1/rest-111110/bot""]}","[0,1,0,1,1,0]","[1,1,1,1,1,0]",1,2,8,0,home_win,home,0,32
7380,5,"{""series"":[""solutions/game_5/single/rest-111111/top"",""solutions/game_5/single/rest-111111/bot""]}","[1,1,1,1,1,1]","[1,1,1,1,1,1]",2,2,7,5,home_win,home,0,83
7381,1,"{""series"":[""solutions/game_1/series/rest-111111/top"",""solutions/game_1/series/rest-111111/bot""]}","[1,1,1,1,1,1]","[1,1,1,1,1,1]",0,0,6,7,away_win,away,0,92
7381,2,"{""series"":[""solutions/game_2/series/home_wins_0/rest-011101/top"",""solutions/game_2/series/home_wins_0/rest-110000/bot""]}","[0,1,1,1,0,1]","[1,1,0,0,0,0]",0,1,4,3,home_win,home,0,78
7381,3,"{""series"":[""solutions/game_3/series/home_wins_1/rest-110101/top"",""solutions/game_3/series/home_wins_1/rest-001111/bot""]}","[1,1,0,1,0,1]","[0,0,1,1,1,1]",1,1,0,1,away_win,away,0,73
7381,4,"{""series"":[""solutions/game_4/series/home_wins_1/rest-011111/top"",""solutions/game_4/series/home_wins_1/rest-110111/bot""]}","[0,1,1,1,1,1]","[1,1,0,1,1,1]",1,2,4,3,home_win,home,0,88
7381,5,"{""series"":[""solutions/game_5/single/rest-100001/top"",""solutions/game_5/single/rest-111001/bot""]}","[1,0,0,0,0,1]","[1,1,1,0,0,1]",2,2,2,3,away_win,away,0,73
7382,1,"{""series"":[""solutions/game_1/series/rest-111111/top"",""solutions/game_1/series/rest-111111/bot""]}","[1,1,1,1,1,1]","[1,1,1,1,1,1]",0,0,2,5,away_win,away,0,79
7382,2,"{""series"":[""solutions/game_2/series/home_wins_0/rest-001111/top"",""solutions/game_2/series/home_wins_0/rest-001110/bot""]}","[0,0,1,1,1,1]","[0,0,1,1,1,0]",0,1,7,11,away_win,away,0,100
7382,3,"{""series"":[""solutions/game_3/series/home_wins_0/rest-110001/top"",""solutions/game_3/series/home_wins_0/rest-110011/bot""]}","[1,1,0,0,0,1]","[1,1,0,0,1,1]",0,2,5,0,home_win,home,0,66
7382,4,"{""series"":[""solutions/game_4/series/home_wins_1/rest-101111/top"",""solutions/game_4/series/home_wins_1/rest-111001/bot""]}","[1,0,1,1,1,1]","[1,1,1,0,0,1]",1,2,2,7,away_win,away,0,81
7382,5,"{""series"":[""solutions/game_5/single/rest-010101/top"",""solutions/game_5/single/rest-001110/bot""]}","[0,1,0,1,0,1]","[0,0,1,1,1,0]",1,3,7,11,away_win,away,1,100
7383,1,"{""series"":[""solutions/game_1/series/rest-111111/top"",""solutions/game_1/series/rest-111111/bot""]}","[1,1,1,1,1,1]","[1,1,1,1,1,1]",0,0,6,7,away_win,away,0,84
7383,2,"{""series"":[""solutions/game_2/series/home_wins_0/rest-110001/top"",""solutions/game_2/series/home_wins_0/rest-111010/bot""]}","[1,1,0,0,0,1]","[1,1,1,0,1,0]",0,1,5,8,away_win,away,0,88
7383,3,"{""series"":[""solutions/game_3/series/home_wins_0/rest-011110/top"",""solutions/game_3/series/home_wins_0/rest-011101/bot""]}","[0,1,1,1,1,0]","[0,1,1,1,0,1]",0,2,13,3,home_win,home,0,66
7383,4,"{""series"":[""solutions/game_4/series/home_wins_1/rest-111011/top"",""solutions/game_4/series/home_wins_1/rest-111111/bot""]}","[1,1,1,0,1,1]","[1,1,1,1,1,1]",1,2,4,2,home_win,home,0,73
7383,5,"{""series"":[""solutions/game_5/single/rest-110101/top"",""solutions/game_5/single/rest-100011/bot""]}","[1,1,0,1,0,1]","[1,0,0,0,1,1]",2,2,6,2,home_win,home,0,77
7384,1,"{""series"":[""solutions/game_1/series/rest-111111/top"",""solutions/game_1/series/rest-111111/bot""]}","[1,1,1,1,1,1]","[1,1,1,1,1,1]",0,0,6,3,home_win,home,0,81
7384,2,"{""series"":[""solutions/game_2/series/home_wins_1/rest-110111/top"",""solutions/game_2/series/home_wins_1/rest-001110/bot""]}","[1,1,0,1,1,1]","[0,0,1,1,1,0]",1,0,10,0,home_win,home,0,65
7384,3,"{""series"":[""solutions/game_3/series/home_wins_2/rest-111001/top"",""solutions/game_3/series/home_wins_2/rest-101101/bot""]}","[1,1,1,0,0,1]","[1,0,1,1,0,1]",2,0,2,11,away_win,away,0,81
7384,4,"{""series"":[""solutions/game_4/series/home_wins_2/rest-011110/top"",""solutions/game_4/series/home_wins_2/rest-101110/bot""]}","[0,1,1,1,1,0]","[1,0,1,1,1,0]",2,1,4,2,home_win,home,0,80
7384,5,"{""series"":[""solutions/game_5/single/rest-100001/top"",""solutions/game_5/single/rest-110111/bot""]}","[1,0,0,0,0,1]","[1,1,0,1,1,1]",3,1,6,7,away_win,away,1,92
7385,1,"{""series"":[""solutions/game_1/series/rest-111111/top"",""solutions/game_1/series/rest-111111/bot""]}","[1,1,1,1,1,1]","[1,1,1,1,1,1]",0,0,7,6,home_win,home,0,91
7385,2,"{""series"":[""solutions/game_2/series/home_wins_1/rest-111100/top"",""solutions/game_2/series/home_wins_1/rest-001011/bot""]}","[1,1,1,1,0,0]","[0,0,1,0,1,1]",1,0,4,3,home_win,home,0,74
7385,3,"{""series"":[""solutions/game_3/series/home_wins_2/rest-111111/top"",""solutions/game_3/series/home_wins_2/rest-111110/bot""]}","[1,1,1,1,1,1]","[1,1,1,1,1,0]",2,0,1,1,tie,away,0,86
7385,4,"{""series"":[""solutions/game_4/series/home_wins_2/rest-011101/top"",""solutions/game_4/series/home_wins_2/rest-110011/bot""]}","[0,1,1,1,0,1]","[1,1,0,0,1,1]",2,1,0,11,away_win,away,0,74
7385,5,"{""series"":[""solutions/game_5/single/rest-111110/top"",""solutions/game_5/single/rest-111111/bot""]}","[1,1,1,1,1,0]","[1,1,1,1,1,1]",2,2,0,3,away_win,away,0,74
7386,1,"{""series"":[""solutions/game_1/series/rest-111111/top"",""solutions/game_1/series/rest-111111/bot""]}","[1,1,1,1,1,1]","[1,1,1,1,1,1]",0,0,1,3,away_win,away,0,74
7386,2,"{""series"":[""solutions/game_2/series/home_wins_0/rest-111100/top"",""solutions/game_2/series/home_wins_0/rest-101110/bot""]}","[1,1,1,1,0,0]","[1,0,1,1,1,0]",0,1,3,10,away_win,away,0,77
7386,3,"{""series"":[""solutions/game_3/series/home_wins_0/rest-101111/top"",""solutions/game_3/series/home_wins_0/rest-111111/bot""]}","[1,0,1,1,1,1]","[1,1,1,1,1,1]",0,2,4,4,tie,home,0,88
7386,4,"{""series"":[""solutions/game_4/series/home_wins_1/rest-010001/top"",""solutions/game_4/series/home_wins_1/rest-101010/bot""]}","[0,1,0,0,0,1]","[1,0,1,0,1,0]",1,2,1,8,away_win,away,0,85
7386,5,"{""series"":[""solutions/game_5/single/rest-101110/top"",""solutions/game_5/single/rest-011011/bot""]}","[1,0,1,1,1,0]","[0,1,1,0,1,1]",1,3,0,8,away_win,away,1,69
7387,1,"{""series"":[""solutions/game_1/series/rest-111111/top"",""solutions/game_1/series/rest-111111/bot""]}","[1,1,1,1,1,1]","[1,1,1,1,1,1]",0,0,9,2,home_win,home,0,85
7387,2,"{""series"":[""solutions/game_2/series/home_wins_1/rest-101111/top"",""solutions/game_2/series/home_wins_1/rest-111101/bot""]}","[1,0,1,1,1,1]","[1,1,1,1,0,1]",1,0,1,9,away_win,away,0,61
7387,3,"{""series"":[""solutions/game_3/series/home_wins_1/rest-111111/top"",""solutions/game_3/series/home_wins_1/rest-111111/bot""]}","[1,1,1,1,1,1]","[1,1,1,1,1,1]",1,1,4,1,home_win,home,0,74
7387,4,"{""series"":[""solutions/game_4/series/home_wins_2/rest-111011/top"",""solutions/game_4/series/home_wins_2/rest-111111/bot""]}","[1,1,1,0,1,1]","[1,1,1,1,1,1]",2,1,1,6,away_win,away,0,73
7387,5,"{""series"":[""solutions/game_5/single/rest-111111/top"",""solutions/game_5/single/rest-110111/bot""]}","[1,1,1,1,1,1]","[1,1,0,1,1,1]",2,2,4,3,home_win,home,0,79
7388,1,"{""series"":[""solutions/game_1/series/rest-111111/top"",""solutions/game_1/series/rest-111111/bot""]}","[1,1,1,1,1,1]","[1,1,1,1,1,1]",0,0,6,2,home_win,home,0,75
7388,2,"{""series"":[""solutions/game_2/series/home_wins_1/rest-110111/top"",""solutions/game_2/series/home_wins_1/rest-001111/bot""]}","[1,1,0,1,1,1]","[0,0,1,1,1,1]",1,0,6,3,home_win,home,0,76
7388,3,"{""series"":[""solutions/game_3/series/home_wins_2/rest-011011/top"",""solutions/game_3/series/home_wins_2/rest-110101/bot""]}","[0,1,1,0,1,1]","[1,1,0,1,0,1]",2,0,6,1,home_win,home,0,68
7388,4,"{""series"":[""solutions/game_4/single/rest-111110/top"",""solutions/game_4/single/rest-111010/bot""]}","[1,1,1,1,1,0]","[1,1,1,0,1,0]",3,0,4,2,home_win,home,1,74
7388,5,"{""series"":[""solutions/game_5/single/rest-110011/top"",""solutions/game_5/single/rest-001101/bot""]}","[1,1,0,0,1,1]","[0,0,1,1,0,1]",4,0,2,4,away_win,away,1,83
7389,1,"{""series"":[""solutions/game_1/series/rest-111111/top"",""solutions/game_1/series/rest-111111/bot""]}","[1,1,1,1,1,1]","[1,1,1,1,1,1]",0,0,1,4,away_win,away,0,81
7389,2,"{""series"":[""solutions/game_2/series/home_wins_0/rest-101110/top"",""solutions/game_2/series/home_wins_0/rest-011111/bot""]}","[1,0,1,1,1,0]","[0,1,1,1,1,1]",0,1,0,10,away_win,away,0,38
7389,3,"{""series"":[""solutions/game_3/series/home_wins_0/rest-111111/top"",""solutions/game_3/series/home_wins_0/rest-111111/bot""]}","[1,1,1,1,1,1]","[1,1,1,1,1,1]",0,2,7,1,home_win,home,0,76
7389,4,"{""series"":[""solutions/game_4/series/home_wins_1/rest-111111/top"",""solutions/game_4/series/home_wins_1/rest-111111/bot""]}","[1,1,1,1,1,1]","[1,1,1,1,1,1]",1,2,8,3,home_win,home,0,72
7389,5,"{""series"":[""solutions/game_5/single/rest-101110/top"",""solutions/game_5/single/rest-110111/bot""]}","[1,0,1,1,1,0]","[1,1,0,1,1,1]",2,2,3,3,tie,away,0,92
7390,1,"{""series"":[""solutions/game_1/series/rest-111111/top"",""solutions/game_1/series/rest-111111/bot""]}","[1,1,1,1,1,1]","[1,1,1,1,1,1]",0,0,10,2,home_win,home,0,67
7390,2,"{""series"":[""solutions/game_2/series/home_wins_1/rest-101111/top"",""solutions/game_2/series/home_wins_1/rest-111101/bot""]}","[1,0,1,1,1,1]","[1,1,1,1,0,1]",1,0,4,3,home_win,home,0,73
7390,3,"{""series"":[""solutions/game_3/series/home_wins_2/rest-110111/top"",""solutions/game_3/series/home_wins_2/rest-101010/bot""]}","[1,1,0,1,1,1]","[1,0,1,0,1,0]",2,0,6,4,home_win,home,0,85
7390,4,"{""series"":[""solutions/game_4/single/rest-110100/top"",""solutions/game_4/single/rest-010001/bot""]}","[1,1,0,1,0,0]","[0,1,0,0,0,1]",3,0,6,4,home_win,home,1,85
7390,5,"{""series"":[""solutions/game_5/single/rest-001011/top"",""solutions/game_5/single/rest-101111/bot""]}","[0,0,1,0,1,1]","[1,0,1,1,1,1]",4,0,13,3,home_win,home,1,46
7391,1,"{""series"":[""solutions/game_1/series/rest-111111/top"",""solutions/game_1/series/rest-111111/bot""]}","[1,1,1,1,1,1]","[1,1,1,1,1,1]",0,0,0,3,away_win,away,0,75
7391,2,"{""series"":[""solutions/game_2/series/home_wins_0/rest-011110/top"",""solutions/game_2/series/home_wins_0/rest-111010/bot""]}","[0,1,1,1,1,0]","[1,1,1,0,1,0]",0,1,0,6,away_win,away,0,83
7391,3,"{""series"":[""solutions/game_3/series/home_wins_0/rest-111011/top"",""solutions/game_3/series/home_wins_0/rest-001111/bot""]}","[1,1,1,0,1,1]","[0,0,1,1,1,1]",0,2,9,7,home_win,home,0,93
7391,4,"{""series"":[""solutions/game_4/series/home_wins_1/rest-110111/top"",""solutions/game_4/series/home_wins_1/rest-110001/bot""]}","[1,1,0,1,1,1]","[1,1,0,0,0,1]",1,2,5,3,home_win,home,0,77
7391,5,"{""series"":[""solutions/game_5/single/rest-011001/top"",""solutions/game_5/single/rest-011101/bot""]}","[0,1,1,0,0,1]","[0,1,1,1,0,1]",2,2,2,6,away_win,away,0,89
7392,1,"{""series"":[""solutions/game_1/series/rest-111111/top"",""solutions/game_1/series/rest-111111/bot""]}","[1,1,1,1,1,1]","[1,1,1,1,1,1]",0,0,2,0,home_win,home,0,79
7392,2,"{""series"":[""solutions/game_2/series/home_wins_1/rest-010011/top"",""solutions/game_2/series/home_wins_1/rest-111111/bot""]}","[0,1,0,0,1,1]","[1,1,1,1,1,1]",1,0,4,9,away_win,away,0,88
7392,3,"{""series"":[""solutions/game_3/series/home_wins_1/rest-101111/top"",""solutions/game_3/series/home_wins_1/rest-111101/bot""]}","[1,0,1,1,1,1]","[1,1,1,1,0,1]",1,1,1,6,away_win,away,0,73
7392,4,"{""series"":[""solutions/game_4/series/home_wins_1/rest-111100/top"",""solutions/game_4/series/home_wins_1/rest-111110/bot""]}","[1,1,1,1,0,0]","[1,1,1,1,1,0]",1,2,5,2,home_win,home,0,72
7392,5,"{""series"":[""solutions/game_5/single/rest-110111/top"",""solutions/game_5/single/rest-110111/bot""]}","[1,1,0,1,1,1]","[1,1,0,1,1,1]",2,2,5,4,home_win,home,0,93
7393,1,"{""series"":[""solutions/game_1/series/rest-111111/top"",""solutions/game_1/series/rest-111111/bot""]}","[1,1,1,1,1,1]","[1,1,1,1,1,1]",0,0,0,8,away_win,away,0,69
7393,2,"{""series"":[""solutions/game_2/series/home_wins_0/rest-111100/top"",""solutions/game_2/series/home_wins_0/rest-111111/bot""]}","[1,1,1,1,0,0]","[1,1,1,1,1,1]",0,1,4,5,away_win,away,0,93
7393,3,"{""series"":[""solutions/game_3/series/home_wins_0/rest-000001/top"",""solutions/game_3/series/home_wins_0/rest-011010/bot""]}","[0,0,0,0,0,1]","[0,1,1,0,1,0]",0,2,2,1,home_win,home,0,68
7393,4,"{""series"":[""solutions/game_4/series/home_wins_1/rest-111100/top"",""solutions/game_4/series/home_wins_1/rest-110101/bot""]}","[1,1,1,1,0,0]","[1,1,0,1,0,1]",1,2,5,6,away_win,away,0,85
7393,5,"{""series"":[""solutions/game_5/single/rest-111111/top"",""solutions/game_5/single/rest-011010/bot""]}","[1,1,1,1,1,1]","[0,1,1,0,1,0]",1,3,4,5,away_win,away,1,84
7394,1,"{""series"":[""solutions/game_1/series/rest-111111/top"",""solutions/game_1/series/rest-111111/bot""]}","[1,1,1,1,1,1]","[1,1,1,1,1,1]",0,0,2,1,home_win,home,0,78
7394,2,"{""series"":[""solutions/game_2/series/home_wins_1/rest-010111/top"",""solutions/game_2/series/home_wins_1/rest-001110/bot""]}","[0,1,0,1,1,1]","[0,0,1,1,1,0]",1,0,5,4,home_win,home,0,78
7394,3,"{""series"":[""solutions/game_3/series/home_wins_2/rest-111010/top"",""solutions/game_3/series/home_wins_2/rest-010001/bot""]}","[1,1,1,0,1,0]","[0,1,0,0,0,1]",2,0,9,6,home_win,home,0,87
7394,4,"{""series"":[""solutions/game_4/single/rest-010101/top"",""solutions/game_4/single/rest-111110/bot""]}","[0,1,0,1,0,1]","[1,1,1,1,1,0]",3,0,1,3,away_win,away,1,73
7394,5,"{""series"":[""solutions/game_5/single/rest-111011/top"",""solutions/game_5/single/rest-011010/bot""]}","[1,1,1,0,1,1]","[0,1,1,0,1,0]",3,1,4,2,home_win,home,1,71
7395,1,"{""series"":[""solutions/game_1/series/rest-111111/top"",""solutions/game_1/series/rest-111111/bot""]}","[1,1,1,1,1,1]","[1,1,1,1,1,1]",0,0,8,0,home_win,home,0,53
7395,2,"{""series"":[""solutions/game_2/series/home_wins_1/rest-111111/top"",""solutions/game_2/series/home_wins_1/rest-111111/bot""]}","[1,1,1,1,1,1]","[1,1,1,1,1,1]",1,0,5,1,home_win,home,0,76
7395,3,"{""series"":[""solutions/game_3/series/home_wins_2/rest-111101/top"",""solutions/game_3/series/home_wins_2/rest-011111/bot""]}","[1,1,1,1,0,1]","[0,1,1,1,1,1]",2,0,5,15,away_win,away,0,76
7395,4,"{""series"":[""solutions/game_4/series/home_wins_2/rest-101111/top"",""solutions/game_4/series/home_wins_2/rest-111110/bot""]}","[1,0,1,1,1,1]","[1,1,1,1,1,0]",2,1,3,2,home_win,home,0,72
7395,5,"{""series"":[""solutions/game_5/single/rest-110001/top"",""solutions/game_5/single/rest-111011/bot""]}","[1,1,0,0,0,1]","[1,1,1,0,1,1]",3,1,0,8,away_win,away,1,50
7396,1,"{""series"":[""solutions/game_1/series/rest-111111/top"",""solutions/game_1/series/rest-111111/bot""]}","[1,1,1,1,1,1]","[1,1,1,1,1,1]",0,0,5,2,home_win,home,0,79
7396,2,"{""series"":[""solutions/game_2/series/home_wins_1/rest-010101/top"",""solutions/game_2/series/home_wins_1/rest-111101/bot""]}","[0,1,0,1,0,1]","[1,1,1,1,0,1]",1,0,2,6,away_win,away,0,84
7396,3,"{""series"":[""solutions/game_3/series/home_wins_1/rest-101110/top"",""solutions/game_3/series/home_wins_1/rest-011111/bot""]}","[1,0,1,1,1,0]","[0,1,1,1,1,1]",1,1,1,6,away_win,away,0,84
7396,4,"{""series"":[""solutions/game_4/series/home_wins_1/rest-111011/top"",""solutions/game_4/series/home_wins_1/rest-010111/bot""]}","[1,1,1,0,1,1]","[0,1,0,1,1,1]",1,2,4,8,away_win,away,0,87
7396,5,"{""series"":[""solutions/game_5/single/rest-010100/top"",""solutions/game_5/single/rest-101110/bot""]}","[0,1,0,1,0,0]","[1,0,1,1,1,0]",1,3,2,11,away_win,away,1,83
7397,1,"{""series"":[""solutions/game_1/series/rest-111111/top"",""solutions/game_1/series/rest-111111/bot""]}","[1,1,1,1,1,1]","[1,1,1,1,1,1]",0,0,4,3,home_win,home,0,89
7397,2,"{""series"":[""solutions/game_2/series/home_wins_1/rest-111101/top"",""solutions/game_2/series/home_wins_1/rest-001111/bot""]}","[1,1,1,1,0,1]","[0,0,1,1,1,1]",1,0,4,12,away_win,away,0,78
7397,3,"{""series"":[""solutions/game_3/series/home_wins_1/rest-010111/top"",""solutions/game_3/series/home_wins_1/rest-101100/bot""]}","[0,1,0,1,1,1]","[1,0,1,1,0,0]",1,1,2,3,away_win,away,0,76
7397,4,"{""series"":[""solutions/game_4/series/home_wins_1/rest-100110/top"",""solutions/game_4/series/home_wins_1/rest-110111/bot""]}","[1,0,0,1,1,0]","[1,1,0,1,1,1]",1,2,2,10,away_win,away,0,74
7397,5,"{""series"":[""solutions/game_5/single/rest-011001/top"",""solutions/game_5/single/rest-101011/bot""]}","[0,1,1,0,0,1]","[1,0,1,0,1,1]",1,3,4,0,home_win,home,1,75
7398,1,"{""series"":[""solutions/game_1/series/rest-111111/top"",""solutions/game_1/series/rest-111111/bot""]}","[1,1,1,1,1,1]","[1,1,1,1,1,1]",0,0,3,11,away_win,away,0,68
7398,2,"{""series"":[""solutions/game_2/series/home_wins_0/rest-111110/top"",""solutions/game_2/series/home_wins_0/rest-111111/bot""]}","[1,1,1,1,1,0]","[1,1,1,1,1,1]",0,1,2,5,away_win,away,0,84
7398,3,"{""series"":[""solutions/game_3/series/home_wins_0/rest-001111/top"",""solutions/game_3/series/home_wins_0/rest-001111/bot""]}","[0,0,1,1,1,1]","[0,0,1,1,1,1]",0,2,9,1,home_win,home,0,50
7398,4,"{""series"":[""solutions/game_4/series/home_wins_1/rest-111111/top"",""solutions/game_4/series/home_wins_1/rest-111111/bot""]}","[1,1,1,1,1,1]","[1,1,1,1,1,1]",1,2,1,4,away_win,away,0,82
7398,5,"{""series"":[""solutions/game_5/single/rest-110001/top"",""solutions/game_5/single/rest-101111/bot""]}","[1,1,0,0,0,1]","[1,0,1,1,1,1]",1,3,1,6,away_win,away,1,79
7399,1,"{""series"":[""solutions/game_1/series/rest-111111/top"",""solutions/game_1/series/rest-111111/bot""]}","[1,1,1,1,1,1]","[1,1,1,1,1,1]",0,0,1,6,away_win,away,0,74
7399,2,"{""series"":[""solutions/game_2/series/home_wins_0/rest-011111/top"",""solutions/game_2/series/home_wins_0/rest-111100/bot""]}","[0,1,1,1,1,1]","[1,1,1,1,0,0]",0,1,5,8,away_win,away,0,84
7399,3,"{""series"":[""solutions/game_3/series/home_wins_0/rest-111100/top"",""solutions/game_3/series/home_wins_0/rest-010111/bot""]}","[1,1,1,1,0,0]","[0,1,0,1,1,1]",0,2,3,1,home_win,home,0,76
7399,4,"{""series"":[""solutions/game_4/series/home_wins_1/rest-001011/top"",""solutions/game_4/series/home_wins_1/rest-111111/bot""]}","[0,0,1,0,1,1]","[1,1,1,1,1,1]",1,2,8,7,home_win,home,0,98
7399,5,"{""series"":[""solutions/game_5/single/rest-110111/top"",""solutions/game_5/single/rest-101111/bot""]}","[1,1,0,1,1,1]","[1,0,1,1,1,1]",2,2,7,5,home_win,home,0,77
7400,1,"{""series"":[""solutions/game_1/series/rest-111111/top"",""solutions/game_1/series/rest-111111/bot""]}","[1,1,1,1,1,1]","[1,1,1,1,1,1]",0,0,0,2,away_win,away,0,74
7400,2,"{""series"":[""solutions/game_2/series/home_wins_0/rest-111101/top"",""solutions/game_2/series/home_wins_0/rest-001110/bot""]}","[1,1,1,1,0,1]","[0,0,1,1,1,0]",0,1,8,7,home_win,home,0,85
7400,3,"{""series"":[""solutions/game_3/series/home_wins_1/rest-111111/top"",""solutions/game_3/series/home_wins_1/rest-010001/bot""]}","[1,1,1,1,1,1]","[0,1,0,0,0,1]",1,1,0,6,away_win,away,0,72
7400,4,"{""series"":[""solutions/game_4/series/home_wins_1/rest-111110/top"",""solutions/game_4/series/home_wins_1/rest-111111/bot""]}","[1,1,1,1,1,0]","[1,1,1,1,1,1]",1,2,6,7,away_win,away,0,84
7400,5,"{""series"":[""solutions/game_5/single/rest-110011/top"",""solutions/game_5/single/rest-001010/bot""]}","[1,1,0,0,1,1]","[0,0,1,0,1,0]",1,3,13,6,home_win,home,1,91
7401,1,"{""series"":[""solutions/game_1/series/rest-111111/top"",""solutions/game_1/series/rest-111111/bot""]}","[1,1,1,1,1,1]","[1,1,1,1,1,1]",0,0,2,10,away_win,away,0,60
7401,2,"{""series"":[""solutions/game_2/series/home_wins_0/rest-011111/top"",""solutions/game_2/series/home_wins_0/rest-111111/bot""]}","[0,1,1,1,1,1]","[1,1,1,1,1,1]",0,1,6,6,tie,away,0,97
7401,3,"{""series"":[""solutions/game_3/series/home_wins_0/rest-110001/top"",""solutions/game_3/series/home_wins_0/rest-101000/bot""]}","[1,1,0,0,0,1]","[1,0,1,0,0,0]",0,2,2,8,away_win,away,0,85
7401,4,"{""series"":[""solutions/game_4/single/rest-111111/top"",""solutions/game_4/single/rest-000110/bot""]}","[1,1,1,1,1,1]","[0,0,0,1,1,0]",0,3,8,7,home_win,home,1,94
7401,5,"{""series"":[""solutions/game_5/single/rest-011111/top"",""solutions/game_5/single/rest-111001/bot""]}","[0,1,1,1,1,1]","[1,1,1,0,0,1]",1,3,5,9,away_win,away,1,96
7402,1,"{""series"":[""solutions/game_1/series/rest-111111/top"",""solutions/game_1/series/rest-111111/bot""]}","[1,1,1,1,1,1]","[1,1,1,1,1,1]",0,0,4,3,home_win,home,0,82
7402,2,"{""series"":[""solutions/game_2/series/home_wins_1/rest-110101/top"",""solutions/game_2/series/home_wins_1/rest-011010/bot""]}","[1,1,0,1,0,1]","[0,1,1,0,1,0]",1,0,10,11,away_win,away,0,109
7402,3,"{""series"":[""solutions/game_3/series/home_wins_1/rest-011110/top"",""solutions/game_3/series/home_wins_1/rest-110101/bot""]}","[0,1,1,1,1,0]","[1,1,0,1,0,1]",1,1,10,4,home_win,home,0,81
7402,4,"{""series"":[""solutions/game_4/series/home_wins_2/rest-111101/top"",""solutions/game_4/series/home_wins_2/rest-111111/bot""]}","[1,1,1,1,0,1]","[1,1,1,1,1,1]",2,1,5,8,away_win,away,0,87
7402,5,"{""series"":[""solutions/game_5/single/rest-111110/top"",""solutions/game_5/single/rest-011111/bot""]}","[1,1,1,1,1,0]","[0,1,1,1,1,1]",2,2,3,0,home_win,home,0,72
7403,1,"{""series"":[""solutions/game_1/series/rest-111111/top"",""solutions/game_1/series/rest-111111/bot""]}","[1,1,1,1,1,1]","[1,1,1,1,1,1]",0,0,6,3,home_win,home,0,81
7403,2,"{""series"":[""solutions/game_2/series/home_wins_1/rest-010011/top"",""solutions/game_2/series/home_wins_1/rest-010111/bot""]}","[0,1,0,0,1,1]","[0,1,0,1,1,1]",1,0,11,2,home_win,home,0,74
7403,3,"{""series"":[""solutions/game_3/series/home_wins_2/rest-111110/top"",""solutions/game_3/series/home_wins_2/rest-011101/bot""]}","[1,1,1,1,1,0]","[0,1,1,1,0,1]",2,0,2,5,away_win,away,0,69
7403,4,"{""series"":[""solutions/game_4/series/home_wins_2/rest-101011/top"",""solutions/game_4/series/home_wins_2/rest-001111/bot""]}","[1,0,1,0,1,1]","[0,0,1,1,1,1]",2,1,3,11,away_win,away,0,74
7403,5,"{""series"":[""solutions/game_5/single/rest-111110/top"",""solutions/game_5/single/rest-110111/bot""]}","[1,1,1,1,1,0]","[1,1,0,1,1,1]",2,2,7,5,home_win,home,0,85
7404,1,"{""series"":[""solutions/game_1/series/rest-111111/top"",""solutions/game_1/series/rest-111111/bot""]}","[1,1,1,1,1,1]","[1,1,1,1,1,1]",0,0,9,1,home_win,home,0,47
7404,2,"{""series"":[""solutions/game_2/series/home_wins_1/rest-111111/top"",""solutions/game_2/series/home_wins_1/rest-111111/bot""]}","[1,1,1,1,1,1]","[1,1,1,1,1,1]",1,0,8,13,away_win,away,0,105
7404,3,"{""series"":[""solutions/game_3/series/home_wins_1/rest-010001/top"",""solutions/game_3/series/home_wins_1/rest-110010/bot""]}","[0,1,0,0,0,1]","[1,1,0,0,1,0]",1,1,3,8,away_win,away,0,89
7404,4,"{""series"":[""solutions/game_4/series/home_wins_1/rest-111111/top"",""solutions/game_4/series/home_wins_1/rest-010100/bot""]}","[1,1,1,1,1,1]","[0,1,0,1,0,0]",1,2,0,1,away_win,away,0,68
7404,5,"{""series"":[""solutions/game_5/single/rest-110111/top"",""solutions/game_5/single/rest-101111/bot""]}","[1,1,0,1,1,1]","[1,0,1,1,1,1]",1,3,5,1,home_win,home,1,73
7405,1,"{""series"":[""solutions/game_1/series/rest-111111/top"",""solutions/game_1/series/rest-111111/bot""]}","[1,1,1,1,1,1]","[1,1,1,1,1,1]",0,0,3,7,away_win,away,0,84
7405,2,"{""series"":[""solutions/game_2/series/home_wins_0/rest-011110/top"",""solutions/game_2/series/home_wins_0/rest-111100/bot""]}","[0,1,1,1,1,0]","[1,1,1,1,0,0]",0,1,5,0,home_win,home,0,73
7405,3,"{""series"":[""solutions/game_3/series/home_wins_1/rest-101101/top"",""solutions/game_3/series/home_wins_1/rest-111111/bot""]}","[1,0,1,1,0,1]","[1,1,1,1,1,1]",1,1,2,4,away_win,away,0,93
7405,4,"{""series"":[""solutions/game_4/series/home_wins_1/rest-011011/top"",""solutions/game_4/series/home_wins_1/rest-001111/bot""]}","[0,1,1,0,1,1]","[0,0,1,1,1,1]",1,2,5,8,away_win,away,0,94
7405,5,"{""series"":[""solutions/game_5/single/rest-100101/top"",""solutions/game_5/single/rest-110010/bot""]}","[1,0,0,1,0,1]","[1,1,0,0,1,0]",1,3,9,8,home_win,home,1,86
7406,1,"{""series"":[""solutions/game_1/series/rest-111111/top"",""solutions/game_1/series/rest-111111/bot""]}","[1,1,1,1,1,1]","[1,1,1,1,1,1]",0,0,6,10,away_win,away,0,93
7406,2,"{""series"":[""solutions/game_2/series/home_wins_0/rest-111011/top"",""solutions/game_2/series/home_wins_0/rest-011111/bot""]}","[1,1,1,0,1,1]","[0,1,1,1,1,1]",0,1,10,3,home_win,home,0,83
7406,3,"{""series"":[""solutions/game_3/series/home_wins_1/rest-111101/top"",""solutions/game_3/series/home_wins_1/rest-011111/bot""]}","[1,1,1,1,0,1]","[0,1,1,1,1,1]",1,1,5,4,home_win,home,0,71
7406,4,"{""series"":[""solutions/game_4/series/home_wins_2/rest-111101/top"",""solutions/game_4/series/home_wins_2/rest-101001/bot""]}","[1,1,1,1,0,1]","[1,0,1,0,0,1]",2,1,3,8,away_win,away,0,84
7406,5,"{""series"":[""solutions/game_5/single/rest-011110/top"",""solutions/game_5/single/rest-111111/bot""]}","[0,1,1,1,1,0]","[1,1,1,1,1,1]",2,2,2,9,away_win,away,0,84
7407,1,"{""series"":[""solutions/game_1/series/rest-111111/top"",""solutions/game_1/series/rest-111111/bot""]}","[1,1,1,1,1,1]","[1,1,1,1,1,1]",0,0,9,10,away_win,away,0,98
7407,2,"{""series"":[""solutions/game_2/series/home_wins_0/rest-110111/top"",""solutions/game_2/series/home_wins_0/rest-111100/bot""]}","[1,1,0,1,1,1]","[1,1,1,1,0,0]",0,1,5,1,home_win,home,0,84
7407,3,"{""series"":[""solutions/game_3/series/home_wins_1/rest-101100/top"",""solutions/game_3/series/home_wins_1/rest-110111/bot""]}","[1,0,1,1,0,0]","[1,1,0,1,1,1]",1,1,1,9,away_win,away,0,43
7407,4,"{""series"":[""solutions/game_4/series/home_wins_1/rest-111111/top"",""solutions/game_4/series/home_wins_1/rest-111111/bot""]}","[1,1,1,1,1,1]","[1,1,1,1,1,1]",1,2,4,7,away_win,away,0,91
7407,5,"{""series"":[""solutions/game_5/single/rest-101011/top"",""solutions/game_5/single/rest-111010/bot""]}","[1,0,1,0,1,1]","[1,1,1,0,1,0]",1,3,7,4,home_win,home,1,87
7408,1,"{""series"":[""solutions/game_1/series/rest-111111/top"",""solutions/game_1/series/rest-111111/bot""]}","[1,1,1,1,1,1]","[1,1,1,1,1,1]",0,0,5,6,away_win,away,0,80
7408,2,"{""series"":[""solutions/game_2/series/home_wins_0/rest-010011/top"",""solutions/game_2/series/home_wins_0/rest-001110/bot""]}","[0,1,0,0,1,1]","[0,0,1,1,1,0]",0,1,0,8,away_win,away,0,29
7408,3,"{""series"":[""solutions/game_3/series/home_wins_0/rest-111111/top"",""solutions/game_3/series/home_wins_0/rest-111111/bot""]}","[1,1,1,1,1,1]","[1,1,1,1,1,1]",0,2,1,4,away_win,away,0,80
7408,4,"{""series"":[""solutions/game_4/single/rest-110011/top"",""solutions/game_4/single/rest-001011/bot""]}","[1,1,0,0,1,1]","[0,0,1,0,1,1]",0,3,2,1,home_win,home,1,75
7408,5,"{""series"":[""solutions/game_5/single/rest-111111/top"",""solutions/game_5/single/rest-111110/bot""]}","[1,1,1,1,1,1]","[1,1,1,1,1,0]",1,3,3,11,away_win,away,1,76
7409,1,"{""series"":[""solutions/game_1/series/rest-111111/top"",""solutions/game_1/series/rest-111111/bot""]}","[1,1,1,1,1,1]","[1,1,1,1,1,1]",0,0,7,3,home_win,home,0,76
7409,2,"{""series"":[""solutions/game_2/series/home_wins_1/rest-101110/top"",""solutions/game_2/series/home_wins_1/rest-111110/bot""]}","[1,0,1,1,1,0]","[1,1,1,1,1,0]",1,0,2,4,away_win,away,0,83
7409,3,"{""series"":[""solutions/game_3/series/home_wins_1/rest-100001/top"",""solutions/game_3/series/home_wins_1/rest-011011/bot""]}","[1,0,0,0,0,1]","[0,1,1,0,1,1]",1,1,8,0,home_win,home,0,36
7409,4,"{""series"":[""solutions/game_4/series/home_wins_2/rest-111111/top"",""solutions/game_4/series/home_wins_2/rest-111111/bot""]}","[1,1,1,1,1,1]","[1,1,1,1,1,1]",2,1,7,15,away_win,away,0,100
7409,5,"{""series"":[""solutions/game_5/single/rest-000011/top"",""solutions/game_5/single/rest-001010/bot""]}","[0,0,0,0,1,1]","[0,0,1,0,1,0]",2,2,8,6,home_win,home,0,86
7410,1,"{""series"":[""solutions/game_1/series/rest-111111/top"",""solutions/game_1/series/rest-111111/bot""]}","[1,1,1,1,1,1]","[1,1,1,1,1,1]",0,0,8,3,home_win,home,0,82
7410,2,"{""series"":[""solutions/game_2/series/home_wins_1/rest-111110/top"",""solutions/game_2/series/home_wins_1/rest-110111/bot""]}","[1,1,1,1,1,0]","[1,1,0,1,1,1]",1,0,4,12,away_win,away,0,57
7410,3,"{""series"":[""solutions/game_3/series/home_wins_1/rest-111111/top"",""solutions/game_3/series/home_wins_1/rest-111111/bot""]}","[1,1,1,1,1,1]","[1,1,1,1,1,1]",1,1,5,9,away_win,away,0,90
7410,4,"{""series"":[""solutions/game_4/series/home_wins_1/rest-101011/top"",""solutions/game_4/series/home_wins_1/rest-001110/bot""]}","[1,0,1,0,1,1]","[0,0,1,1,1,0]",1,2,8,0,home_win,home,0,68
7410,5,"{""series"":[""solutions/game_5/single/rest-111110/top"",""solutions/game_5/single/rest-101111/bot""]}","[1,1,1,1,1,0]","[1,0,1,1,1,1]",2,2,0,2,away_win,away,0,75
7411,1,"{""series"":[""solutions/game_1/series/rest-111111/top"",""solutions/game_1/series/rest-111111/bot""]}","[1,1,1,1,1,1]","[1,1,1,1,1,1]",0,0,4,3,home_win,home,0,79
7411,2,"{""series"":[""solutions/game_2/series/home_wins_1/rest-110001/top"",""solutions/game_2/series/home_wins_1/rest-111011/bot""]}","[1,1,0,0,0,1]","[1,1,1,0,1,1]",1,0,5,4,home_win,home,0,81
7411,3,"{""series"":[""solutions/game_3/series/home_wins_2/rest-101111/top"",""solutions/game_3/series/home_wins_2/rest-101110/bot""]}","[1,0,1,1,1,1]","[1,0,1,1,1,0]",2,0,3,5,away_win,away,0,88
7411,4,"{""series"":[""solutions/game_4/series/home_wins_2/rest-111011/top"",""solutions/game_4/series/home_wins_2/rest-010001/bot""]}","[1,1,1,0,1,1]","[0,1,0,0,0,1]",2,1,11,2,home_win,home,0,45
7411,5,"{""series"":[""solutions/game_5/single/rest-111111/top"",""solutions/game_5/single/rest-111111/bot""]}","[1,1,1,1,1,1]","[1,1,1,1,1,1]",3,1,12,5,home_win,home,1,96
7412,1,"{""series"":[""solutions/game_1/series/rest-111111/top"",""solutions/game_1/series/rest-111111/bot""]}","[1,1,1,1,1,1]","[1,1,1,1,1,1]",0,0,1,4,away_win,away,0,73
7412,2,"{""series"":[""solutions/game_2/series/home_wins_0/rest-110001/top"",""solutions/game_2/series/home_wins_0/rest-101111/bot""]}","[1,1,0,0,0,1]","[1,0,1,1,1,1]",0,1,9,1,home_win,home,0,37
7412,3,"{""series"":[""solutions/game_3/series/home_wins_1/rest-111111/top"",""solutions/game_3/series/home_wins_1/rest-111111/bot""]}","[1,1,1,1,1,1]","[1,1,1,1,1,1]",1,1,0,8,away_win,away,0,43
7412,4,"{""series"":[""solutions/game_4/series/home_wins_1/rest-111111/top"",""solutions/game_4/series/home_wins_1/rest-111111/bot""]}","[1,1,1,1,1,1]","[1,1,1,1,1,1]",1,2,6,8,away_win,away,0,101
7412,5,"{""series"":[""solutions/game_5/single/rest-011101/top"",""solutions/game_5/single/rest-001111/bot""]}","[0,1,1,1,0,1]","[0,0,1,1,1,1]",1,3,6,6,tie,home,1,92
7413,1,"{""series"":[""solutions/game_1/series/rest-111111/top"",""solutions/game_1/series/rest-111111/bot""]}","[1,1,1,1,1,1]","[1,1,1,1,1,1]",0,0,2,1,home_win,home,0,75
7413,2,"{""series"":[""solutions/game_2/series/home_wins_1/rest-110001/top"",""solutions/game_2/series/home_wins_1/rest-001111/bot""]}","[1,1,0,0,0,1]","[0,0,1,1,1,1]",1,0,10,1,home_win,home,0,43
7413,3,"{""series"":[""solutions/game_3/series/home_wins_2/rest-111111/top"",""solutions/game_3/series/home_wins_2/rest-111111/bot""]}","[1,1,1,1,1,1]","[1,1,1,1,1,1]",2,0,5,7,away_win,away,0,91
7413,4,"{""series"":[""solutions/game_4/series/home_wins_2/rest-111101/top"",""solutions/game_4/series/home_wins_2/rest-101000/bot""]}","[1,1,1,1,0,1]","[1,0,1,0,0,0]",2,1,5,6,away_win,away,0,95
7413,5,"{""series"":[""solutions/game_5/single/rest-011011/top"",""solutions/game_5/single/rest-010111/bot""]}","[0,1,1,0,1,1]","[0,1,0,1,1,1]",2,2,7,2,home_win,home,0,76
7414,1,"{""series"":[""solutions/game_1/series/rest-111111/top"",""solutions/game_1/series/rest-111111/bot""]}","[1,1,1,1,1,1]","[1,1,1,1,1,1]",0,0,5,4,home_win,home,0,86
7414,2,"{""series"":[""solutions/game_2/series/home_wins_1/rest-010001/top"",""solutions/game_2/series/home_wins_1/rest-001110/bot""]}","[0,1,0,0,0,1]","[0,0,1,1,1,0]",1,0,8,7,home_win,home,0,92
7414,3,"{""series"":[""solutions/game_3/series/home_wins_2/rest-101010/top"",""solutions/game_3/series/home_wins_2/rest-110101/bot""]}","[1,0,1,0,1,0]","[1,1,0,1,0,1]",2,0,2,10,away_win,away,0,63
7414,4,"{""series"":[""solutions/game_4/series/home_wins_2/rest-011011/top"",""solutions/game_4/series/home_wins_2/rest-110111/bot""]}","[0,1,1,0,1,1]","[1,1,0,1,1,1]",2,1,2,8,away_win,away,0,82
7414,5,"{""series"":[""solutions/game_5/single/rest-111010/top"",""solutions/game_5/single/rest-111101/bot""]}","[1,1,1,0,1,0]","[1,1,1,1,0,1]",2,2,8,5,home_win,home,0,84
7415,1,"{""series"":[""solutions/game_1/series/rest-111111/top"",""solutions/game_1/series/rest-111111/bot""]}","[1,1,1,1,1,1]","[1,1,1,1,1,1]",0,0,9,4,home_win,home,0,90
7415,2,"{""series"":[""solutions/game_2/series/home_wins_1/rest-111100/top"",""solutions/game_2/series/home_wins_1/rest-111010/bot""]}","[1,1,1,1,0,0]","[1,1,1,0,1,0]",1,0,11,11,tie,away,0,112
7415,3,"{""series"":[""solutions/game_3/series/home_wins_1/rest-110111/top"",""solutions/game_3/series/home_wins_1/rest-100100/bot""]}","[1,1,0,1,1,1]","[1,0,0,1,0,0]",1,1,11,7,home_win,home,0,91
7415,4,"{""series"":[""solutions/game_4/series/home_wins_2/rest-101100/top"",""solutions/game_4/series/home_wins_2/rest-111111/bot""]}","[1,0,1,1,0,0]","[1,1,1,1,1,1]",2,1,4,1,home_win,home,0,77
7415,5,"{""series"":[""solutions/game_5/single/rest-010011/top"",""solutions/game_5/single/rest-001110/bot""]}","[0,1,0,0,1,1]","[0,0,1,1,1,0]",3,1,6,9,away_win,away,1,98
7416,1,"{""series"":[""solutions/game_1/series/rest-111111/top"",""solutions/game_1/series/rest-111111/bot""]}","[1,1,1,1,1,1]","[1,1,1,1,1,1]",0,0,4,3,home_win,home,0,72
7416,2,"{""series"":[""solutions/game_2/series/home_wins_1/rest-110111/top"",""solutions/game_2/series/home_wins_1/rest-001011/bot""]}","[1,1,0,1,1,1]","[0,0,1,0,1,1]",1,0,9,1,home_win,home,0,51
7416,3,"{""series"":[""solutions/game_3/series/home_wins_2/rest-111111/top"",""solutions/game_3/series/home_wins_2/rest-111111/bot""]}","[1,1,1,1,1,1]","[1,1,1,1,1,1]",2,0,2,7,away_win,away,0,77
7416,4,"{""series"":[""solutions/game_4/series/home_wins_2/rest-101110/top"",""solutions/game_4/series/home_wins_2/rest-111101/bot""]}","[1,0,1,1,1,0]","[1,1,1,1,0,1]",2,1,4,6,away_win,away,0,78
7416,5,"{""series"":[""solutions/game_5/single/rest-011011/top"",""solutions/game_5/single/rest-111010/bot""]}","[0,1,1,0,1,1]","[1,1,1,0,1,0]",2,2,0,4,away_win,away,0,73
7417,1,"{""series"":[""solutions/game_1/series/rest-111111/top"",""solutions/game_1/series/rest-111111/bot""]}","[1,1,1,1,1,1]","[1,1,1,1,1,1]",0,0,3,3,tie,away,0,87
7417,2,"{""series"":[""solutions/game_2/series/home_wins_0/rest-110001/top"",""solutions/game_2/series/home_wins_0/rest-101010/bot""]}","[1,1,0,0,0,1]","[1,0,1,0,1,0]",0,1,14,6,home_win,home,0,86
7417,3,"{""series"":[""solutions/game_3/series/home_wins_1/rest-101111/top"",""solutions/game_3/series/home_wins_1/rest-010110/bot""]}","[1,0,1,1,1,1]","[0,1,0,1,1,0]",1,1,10,1,home_win,home,0,43
7417,4,"{""series"":[""solutions/game_4/series/home_wins_2/rest-101111/top"",""solutions/game_4/series/home_wins_2/rest-110111/bot""]}","[1,0,1,1,1,1]","[1,1,0,1,1,1]",2,1,3,1,home_win,home,0,80
7417,5,"{""series"":[""solutions/game_5/single/rest-010111/top"",""solutions/game_5/single/rest-101111/bot""]}","[0,1,0,1,1,1]","[1,0,1,1,1,1]",3,1,2,1,home_win,home,1,71
7418,1,"{""series"":[""solutions/game_1/series/rest-111111/top"",""solutions/game_1/series/rest-111111/bot""]}","[1,1,1,1,1,1]","[1,1,1,1,1,1]",0,0,2,4,away_win,away,0,86
7418,2,"{""series"":[""solutions/game_2/series/home_wins_0/rest-011111/top"",""solutions/game_2/series/home_wins_0/rest-101110/bot""]}","[0,1,1,1,1,1]","[1,0,1,1,1,0]",0,1,2,4,away_win,away,0,79
7418,3,"{""series"":[""solutions/game_3/series/home_wins_0/rest-110111/top"",""solutions/game_3/series/home_wins_0/rest-010011/bot""]}","[1,1,0,1,1,1]","[0,1,0,0,1,1]",0,2,4,8,away_win,away,0,88
7418,4,"{""series"":[""solutions/game_4/single/rest-001101/top"",""solutions/game_4/single/rest-001111/bot""]}","[0,0,1,1,0,1]","[0,0,1,1,1,1]",0,3,8,10,away_win,away,1,90
7418,5,"{""series"":[""solutions/game_5/single/rest-110010/top"",""solutions/game_5/single/rest-110010/bot""]}","[1,1,0,0,1,0]","[1,1,0,0,1,0]",0,4,8,5,home_win,home,1,90
7419,1,"{""series"":[""solutions/game_1/series/rest-111111/top"",""solutions/game_1/series/rest-111111/bot""]}","[1,1,1,1,1,1]","[1,1,1,1,1,1]",0,0,4,1,home_win,home,0,71
7419,2,"{""series"":[""solutions/game_2/series/home_wins_1/rest-110111/top"",""solutions/game_2/series/home_wins_1/rest-111100/bot""]}","[1,1,0,1,1,1]","[1,1,1,1,0,0]",1,0,4,7,away_win,away,0,87
7419,3,"{""series"":[""solutions/game_3/series/home_wins_1/rest-001111/top"",""solutions/game_3/series/home_wins_1/rest-011111/bot""]}","[0,0,1,1,1,1]","[0,1,1,1,1,1]",1,1,4,3,home_win,home,0,84
7419,4,"{""series"":[""solutions/game_4/series/home_wins_2/rest-111001/top"",""solutions/game_4/series/home_wins_2/rest-100010/bot""]}","[1,1,1,0,0,1]","[1,0,0,0,1,0]",2,1,2,3,away_win,away,0,75
7419,5,"{""series"":[""solutions/game_5/single/rest-100110/top"",""solutions/game_5/single/rest-010101/bot""]}","[1,0,0,1,1,0]","[0,1,0,1,0,1]",2,2,2,4,away_win,away,0,70
7420,1,"{""series"":[""solutions/game_1/series/rest-111111/top"",""solutions/game_1/series/rest-111111/bot""]}","[1,1,1,1,1,1]","[1,1,1,1,1,1]",0,0,3,4,away_win,away,0,83
7420,2,"{""series"":[""solutions/game_2/series/home_wins_0/rest-111001/top"",""solutions/game_2/series/home_wins_0/rest-001010/bot""]}","[1,1,1,0,0,1]","[0,0,1,0,1,0]",0,1,2,6,away_win,away,0,83
7420,3,"{""series"":[""solutions/game_3/series/home_wins_0/rest-010010/top"",""solutions/game_3/series/home_wins_0/rest-110101/bot""]}","[0,1,0,0,1,0]","[1,1,0,1,0,1]",0,2,5,10,away_win,away,0,98
7420,4,"{""series"":[""solutions/game_4/single/rest-101001/top"",""solutions/game_4/single/rest-001011/bot""]}","[1,0,1,0,0,1]","[0,0,1,0,1,1]",0,3,7,8,away_win,away,1,99
7420,5,"{""series"":[""solutions/game_5/single/rest-111011/top"",""solutions/game_5/single/rest-110100/bot""]}","[1,1,1,0,1,1]","[1,1,0,1,0,0]",0,4,8,0,home_win,home,1,21
7421,1,"{""series"":[""solutions/game_1/series/rest-111111/top"",""solutions/game_1/series/rest-111111/bot""]}","[1,1,1,1,1,1]","[1,1,1,1,1,1]",0,0,4,11,away_win,away,0,89
7421,2,"{""series"":[""solutions/game_2/series/home_wins_0/rest-101011/top"",""solutions/game_2/series/home_wins_0/rest-001110/bot""]}","[1,0,1,0,1,1]","[0,0,1,1,1,0]",0,1,5,3,home_win,home,0,82
7421,3,"{""series"":[""solutions/game_3/series/home_wins_1/rest-010111/top"",""solutions/game_3/series/home_wins_1/rest-111101/bot""]}","[0,1,0,1,1,1]","[1,1,1,1,0,1]",1,1,1,2,away_win,away,0,75
7421,4,"{""series"":[""solutions/game_4/series/home_wins_1/rest-101010/top"",""solutions/game_4/series/home_wins_1/rest-001011/bot""]}","[1,0,1,0,1,0]","[0,0,1,0,1,1]",1,2,9,1,home_win,home,0,72
7421,5,"{""series"":[""solutions/game_5/single/rest-010111/top"",""solutions/game_5/single/rest-111111/bot""]}","[0,1,0,1,1,1]","[1,1,1,1,1,1]",2,2,4,9,away_win,away,0,88
7422,1,"{""series"":[""solutions/game_1/series/rest-111111/top"",""solutions/game_1/series/rest-111111/bot""]}","[1,1,1,1,1,1]","[1,1,1,1,1,1]",0,0,6,3,home_win,home,0,79
7422,2,"{""series"":[""solutions/game_2/series/home_wins_1/rest-111101/top"",""solutions/game_2/series/home_wins_1/rest-011111/bot""]}","[1,1,1,1,0,1]","[0,1,1,1,1,1]",1,0,4,0,home_win,home,0,70
7422,3,"{""series"":[""solutions/game_3/series/home_wins_2/rest-111011/top"",""solutions/game_3/series/home_wins_2/rest-110111/bot""]}","[1,1,1,0,1,1]","[1,1,0,1,1,1]",2,0,7,6,home_win,home,0,100
7422,4,"{""series"":[""solutions/game_4/single/rest-100101/top"",""solutions/game_4/single/rest-101100/bot""]}","[1,0,0,1,0,1]","[1,0,1,1,0,0]",3,0,3,1,home_win,home,1,76
7422,5,"{""series"":[""solutions/game_5/single/rest-011011/top"",""solutions/game_5/single/rest-001101/bot""]}","[0,1,1,0,1,1]","[0,0,1,1,0,1]",4,0,7,4,home_win,home,1,85
7423,1,"{""series"":[""solutions/game_1/series/rest-111111/top"",""solutions/game_1/series/rest-111111/bot""]}","[1,1,1,1,1,1]","[1,1,1,1,1,1]",0,0,0,8,away_win,away,0,47
7423,2,"{""series"":[""solutions/game_2/series/home_wins_0/rest-111111/top"",""solutions/game_2/series/home_wins_0/rest-111111/bot""]}","[1,1,1,1,1,1]","[1,1,1,1,1,1]",0,1,3,3,tie,away,0,87
7423,3,"{""series"":[""solutions/game_3/series/home_wins_0/rest-011101/top"",""solutions/game_3/series/home_wins_0/rest-001010/bot""]}","[0,1,1,1,0,1]","[0,0,1,0,1,0]",0,2,7,2,home_win,home,0,77
7423,4,"{""series"":[""solutions/game_4/series/home_wins_1/rest-111011/top"",""solutions/game_4/series/home_wins_1/rest-011111/bot""]}","[1,1,1,0,1,1]","[0,1,1,1,1,1]",1,2,5,2,home_win,home,0,78
7423,5,"{""series"":[""solutions/game_5/single/rest-111010/top"",""solutions/game_5/single/rest-111101/bot""]}","[1,1,1,0,1,0]","[1,1,1,1,0,1]",2,2,1,2,away_win,away,0,80
7424,1,"{""series"":[""solutions/game_1/series/rest-111111/top"",""solutions/game_1/series/rest-111111/bot""]}","[1,1,1,1,1,1]","[1,1,1,1,1,1]",0,0,5,1,home_win,home,0,74
7424,2,"{""series"":[""solutions/game_2/series/home_wins_1/rest-111011/top"",""solutions/game_2/series/home_wins_1/rest-110111/bot""]}","[1,1,1,0,1,1]","[1,1,0,1,1,1]",1,0,2,6,away_win,away,0,85
7424,3,"{""series"":[""solutions/game_3/series/home_wins_1/rest-110111/top"",""solutions/game_3/series/home_wins_1/rest-101001/bot""]}","[1,1,0,1,1,1]","[1,0,1,0,0,1]",1,1,2,1,home_win,home,0,71
7424,4,"{""series"":[""solutions/game_4/series/home_wins_2/rest-111001/top"",""solutions/game_4/series/home_wins_2/rest-101111/bot""]}","[1,1,1,0,0,1]","[1,0,1,1,1,1]",2,1,12,5,home_win,home,0,88
7424,5,"{""series"":[""solutions/game_5/single/rest-100110/top"",""solutions/game_5/single/rest-111010/bot""]}","[1,0,0,1,1,0]","[1,1,1,0,1,0]",3,1,2,11,away_win,away,1,54
