sequence,game,policies,home_initial_rest,away_initial_rest,home_wins_before,away_wins_before,home_score,away_score,terminal_result,winner,post_clinch,decisions
54273,1,"{""single"":[""solutions/game_1/single/rest-111111/top"",""solutions/game_1/single/rest-111111/bot""],""total"":[""solutions/game_1/total/rest-111111/top"",""solutions/game_1/total/rest-111111/bot""]}","[1,1,1,1,1,1]","[1,1,1,1,1,1]",0,0,4,1,home_win,home,0,79
54273,2,"{""single"":[""solutions/game_2/single/rest-010111/top"",""solutions/game_2/single/rest-110111/bot""],""total"":[""solutions/game_2/total/rest-010111/top"",""solutions/game_2/total/rest-110111/bot""]}","[0,1,0,1,1,1]","[1,1,0,1,1,1]",1,0,4,1,home_win,home,0,75
54273,3,"{""single"":[""solutions/game_3/single/rest-110000/top"",""solutions/game_3/single/rest-111101/bot""],""total"":[""solutions/game_3/total/rest-110000/top"",""solutions/game_3/total/rest-111101/bot""]}","[1,1,0,0,0,0]","[1,1,1,1,0,1]",2,0,8,4,home_win,home,0,88
54273,4,"{""single"":[""solutions/game_4/single/rest-001111/top"",""solutions/game_4/single/rest-110111/bot""],""total"":[""solutions/game_4/total/rest-001111/top"",""solutions/game_4/total/rest-110111/bot""]}","[0,0,1,1,1,1]","[1,1,0,1,1,1]",3,0,4,5,away_win,away,1,93
54273,5,"{""single"":[""solutions/game_5/single/rest-110001/top"",""solutions/game_5/single/rest-001110/bot""],""total"":[""solutions/game_5/single/rest-110001/top"",""solutions/game_5/single/rest-001110/bot""]}","[1,1,0,0,0,1]","[0,0,1,1,1,0]",3,1,12,13,away_win,away,1,108
54274,1,"{""single"":[""solutions/game_1/single/rest-111111/top"",""solutions/game_1/single/rest-111111/bot""],""total"":[""solutions/game_1/total/rest-111111/top"",""solutions/game_1/total/rest-111111/bot""]}","[1,1,1,1,1,1]","[1,1,1,1,1,1]",0,0,4,3,home_win,home,0,76
54274,2,"{""single"":[""solutions/game_2/single/rest-011111/top"",""solutions/game_2/single/rest-011110/bot""],""total"":[""solutions/game_2/total/rest-011111/top"",""solutions/game_2/total/rest-011110/bot""]}","[0,1,1,1,1,1]","[0,1,1,1,1,0]",1,0,8,0,home_win,home,0,48
54274,3,"{""single"":[""solutions/game_3/single/rest-111111/top"",""solutions/game_3/single/rest-111111/bot""],""total"":[""solutions/game_3/total/rest-111111/top"",""solutions/game_3/total/rest-111111/bot""]}","[1,1,1,1,1,1]","[1,1,1,1,1,1]",2,0,4,3,home_win,home,0,78
54274,4,"{""single"":[""solutions/game_4/single/rest-011011/top"",""solutions/game_4/single/rest-011110/bot""],""total"":[""solutions/game_4/total/rest-011011/top"",""solutions/game_4/total/rest-011110/bot""]}","[0,1,1,0,1,1]","[0,1,1,1,1,0]",3,0,2,5,away_win,away,1,85
54274,5,"{""single"":[""solutions/game_5/single/rest-100100/top"",""solutions/game_5/single/rest-101001/bot""],""total"":[""solutions/game_5/single/rest-100100/top"",""solutions/game_5/single/rest-101001/bot""]}","[1,0,0,1,0,0]","[1,0,1,0,0,1]",3,1,7,6,home_win,home,1,85
54275,1,"{""single"":[""solutions/game_1/single/rest-111111/top"",""solutions/game_1/single/rest-111111/bot""],""total"":[""solutions/game_1/total/rest-111111/top"",""solutions/game_1/total/rest-111111/bot""]}","[1,1,1,1,1,1]","[1,1,1,1,1,1]",0,0,1,5,away_win,away,0,71
54275,2,"{""single"":[""solutions/game_2/single/rest-110001/top"",""solutions/game_2/single/rest-011110/bot""],""total"":[""solutions/game_2/total/rest-110001/top"",""solutions/game_2/total/rest-011110/bot""]}","[1,1,0,0,0,1]","[0,1,1,1,1,0]",0,1,12,7,home_win,home,0,91
54275,3,"{""single"":[""solutions/game_3/single/rest-101110/top"",""solutions/game_3/single/rest-111001/bot""],""total"":[""solutions/game_3/total/rest-101110/top"",""solutions/game_3/total/rest-111001/bot""]}","[1,0,1,1,1,0]","[1,1,1,0,0,1]",1,1,3,1,home_win,home,0,77
54275,4,"{""single"":[""solutions/game_4/single/rest-000101/top"",""solutions/game_4/single/rest-110111/bot""],""total"":[""solutions/game_4/total/rest-000101/top"",""solutions/game_4/total/rest-110111/bot""]}","[0,0,0,1,0,1]","[1,1,0,1,1,1]",2,1,10,2,home_win,home,0,47
54275,5,"{""single"":[""solutions/game_5/single/rest-111111/top"",""solutions/game_5/single/rest-111111/bot""],""total"":[""solutions/game_5/single/rest-111111/top"",""solutions/game_5/single/rest-111111/bot""]}","[1,1,1,1,1,1]","[1,1,1,1,1,1]",3,1,6,3,home_win,home,1,82
54276,1,"{""single"":[""solutions/game_1/single/rest-111111/top"",""solutions/game_1/single/rest-111111/bot""],""total"":[""solutions/game_1/total/rest-111111/top"",""solutions/game_1/total/rest-111111/bot""]}","[1,1,1,1,1,1]","[1,1,1,1,1,1]",0,0,6,11,away_win,away,0,95
54276,2,"{""single"":[""solutions/game_2/single/rest-110110/top"",""solutions/game_2/single/rest-101101/bot""],""total"":[""solutions/game_2/total/rest-110110/top"",""solutions/game_2/total/rest-101101/bot""]}","[1,1,0,1,1,0]","[1,0,1,1,0,1]",0,1,2,3,away_win,away,0,77
54276,3,"{""single"":[""solutions/game_3/single/rest-111001/top"",""solutions/game_3/single/rest-111110/bot""],""total"":[""solutions/game_3/total/rest-111001/top"",""solutions/game_3/total/rest-111110/bot""]}","[1,1,1,0,0,1]","[1,1,1,1,1,0]",0,2,10,2,home_win,home,0,75
54276,4,"{""single"":[""solutions/game_4/single/rest-001110/top"",""solutions/game_4/single/rest-011111/bot""],""total"":[""solutions/game_4/total/rest-001110/top"",""solutions/game_4/total/rest-011111/bot""]}","[0,0,1,1,1,0]","[0,1,1,1,1,1]",1,2,13,2,home_win,home,0,66
54276,5,"{""single"":[""solutions/game_5/single/rest-111110/top"",""solutions/game_5/single/rest-110101/bot""],""total"":[""solutions/game_5/single/rest-111110/top"",""solutions/game_5/single/rest-110101/bot""]}","[1,1,1,1,1,0]","[1,1,0,1,0,1]",2,2,3,4,away_win,away,0,87
54277,1,"{""single"":[""solutions/game_1/single/rest-111111/top"",""solutions/game_1/single/rest-111111/bot""],""total"":[""solutions/game_1/total/rest-111111/top"",""solutions/game_1/total/rest-111111/bot""]}","[1,1,1,1,1,1]","[1,1,1,1,1,1]",0,0,10,5,home_win,home,0,87
54277,2,"{""single"":[""solutions/game_2/single/rest-010000/top"",""solutions/game_2/single/rest-111110/bot""],""total"":[""solutions/game_2/total/rest-010000/top"",""solutions/game_2/total/rest-111110/bot""]}","[0,1,0,0,0,0]","[1,1,1,1,1,0]",1,0,10,2,home_win,home,0,47
54277,3,"{""single"":[""solutions/game_3/single/rest-111111/top"",""solutions/game_3/single/rest-111111/bot""],""total"":[""solutions/game_3/total/rest-111111/top"",""solutions/game_3/total/rest-111111/bot""]}","[1,1,1,1,1,1]","[1,1,1,1,1,1]",2,0,7,0,home_win,home,0,77
54277,4,"{""single"":[""solutions/game_4/single/rest-111011/top"",""solutions/game_4/single/rest-111101/bot""],""total"":[""solutions/game_4/total/rest-111011/top"",""solutions/game_4/total/rest-111101/bot""]}","[1,1,1,0,1,1]","[1,1,1,1,0,1]",3,0,3,4,away_win,away,1,80
54277,5,"{""single"":[""solutions/game_5/single/rest-010100/top"",""solutions/game_5/single/rest-111010/bot""],""total"":[""solutions/game_5/single/rest-010100/top"",""solutions/game_5/single/rest-111010/bot""]}","[0,1,0,1,0,0]","[1,1,1,0,1,0]",3,1,7,18,away_win,away,1,73
54278,1,"{""single"":[""solutions/game_1/single/rest-111111/top"",""solutions/game_1/single/rest-111111/bot""],""total"":[""solutions/game_1/total/rest-111111/top"",""solutions/game_1/total/rest-111111/bot""]}","[1,1,1,1,1,1]","[1,1,1,1,1,1]",0,0,2,4,away_win,away,0,80
54278,2,"{""single"":[""solutions/game_2/single/rest-010101/top"",""solutions/game_2/single/rest-011111/bot""],""total"":[""solutions/game_2/total/rest-010101/top"",""solutions/game_2/total/rest-011111/bot""]}","[0,1,0,1,0,1]","[0,1,1,1,1,1]",0,1,0,8,away_win,away,0,36
54278,3,"{""single"":[""solutions/game_3/single/rest-111111/top"",""solutions/game_3/single/rest-011111/bot""],""total"":[""solutions/game_3/total/rest-111111/top"",""solutions/game_3/total/rest-011111/bot""]}","[1,1,1,1,1,1]","[0,1,1,1,1,1]",0,2,6,4,home_win,home,0,87
54278,4,"{""single"":[""solutions/game_4/single/rest-010101/top"",""solutions/game_4/single/rest-010001/bot""],""total"":[""solutions/game_4/total/rest-010101/top"",""solutions/game_4/total/rest-010001/bot""]}","[0,1,0,1,0,1]","[0,1,0,0,0,1]",1,2,9,4,home_win,home,0,81
54278,5,"{""single"":[""solutions/game_5/single/rest-101010/top"",""solutions/game_5/single/rest-111110/bot""],""total"":[""solutions/game_5/single/rest-101010/top"",""solutions/game_5/single/rest-111110/bot""]}","[1,0,1,0,1,0]","[1,1,1,1,1,0]",2,2,6,3,home_win,home,0,82
54279,1,"{""single"":[""solutions/game_1/single/rest-111111/top"",""solutions/game_1/single/rest-111111/bot""],""total"":[""solutions/game_1/total/rest-111111/top"",""solutions/game_1/total/rest-111111/bot""]}","[1,1,1,1,1,1]","[1,1,1,1,1,1]",0,0,3,4,away_win,away,0,91
54279,2,"{""single"":[""solutions/game_2/single/rest-011101/top"",""solutions/game_2/single/rest-101010/bot""],""total"":[""solutions/game_2/total/rest-011101/top"",""solutions/game_2/total/rest-101010/bot""]}","[0,1,1,1,0,1]","[1,0,1,0,1,0]",0,1,6,10,away_win,away,0,91
54279,3,"{""single"":[""solutions/game_3/single/rest-101011/top"",""solutions/game_3/single/rest-110100/bot""],""total"":[""solutions/game_3/total/rest-101011/top"",""solutions/game_3/total/rest-110100/bot""]}","[1,0,1,0,1,1]","[1,1,0,1,0,0]",0,2,7,5,home_win,home,0,84
54279,4,"{""single"":[""solutions/game_4/single/rest-010100/top"",""solutions/game_4/single/rest-011110/bot""],""total"":[""solutions/game_4/total/rest-010100/top"",""solutions/game_4/total/rest-011110/bot""]}","[0,1,0,1,0,0]","[0,1,1,1,1,0]",1,2,0,8,away_win,away,0,49
54279,5,"{""single"":[""solutions/game_5/single/rest-111011/top"",""solutions/game_5/single/rest-111111/bot""],""total"":[""solutions/game_5/single/rest-111011/top"",""solutions/game_5/single/rest-111111/bot""]}","[1,1,1,0,1,1]","[1,1,1,1,1,1]",1,3,5,2,home_win,home,1,79
54280,1,"{""single"":[""solutions/game_1/single/rest-111111/top"",""solutions/game_1/single/rest-111111/bot""],""total"":[""solutions/game_1/total/rest-111111/top"",""solutions/game_1/total/rest-111111/bot""]}","[1,1,1,1,1,1]","[1,1,1,1,1,1]",0,0,4,5,away_win,away,0,87
54280,2,"{""single"":[""solutions/game_2/single/rest-001011/top"",""solutions/game_2/single/rest-100101/bot""],""total"":[""solutions/game_2/total/rest-001011/top"",""solutions/game_2/total/rest-100101/bot""]}","[0,0,1,0,1,1]","[1,0,0,1,0,1]",0,1,13,5,home_win,home,0,56
54280,3,"{""single"":[""solutions/game_3/single/rest-111010/top"",""solutions/game_3/single/rest-111111/bot""],""total"":[""solutions/game_3/total/rest-111010/top"",""solutions/game_3/total/rest-111111/bot""]}","[1,1,1,0,1,0]","[1,1,1,1,1,1]",1,1,5,1,home_win,home,0,75
54280,4,"{""single"":[""solutions/game_4/single/rest-011101/top"",""solutions/game_4/single/rest-110111/bot""],""total"":[""solutions/game_4/total/rest-011101/top"",""solutions/game_4/total/rest-110111/bot""]}","[0,1,1,1,0,1]","[1,1,0,1,1,1]",2,1,4,7,away_win,away,0,80
54280,5,"{""single"":[""solutions/game_5/single/rest-111010/top"",""solutions/game_5/single/rest-111101/bot""],""total"":[""solutions/game_5/single/rest-111010/top"",""solutions/game_5/single/rest-111101/bot""]}","[1,1,1,0,1,0]","[1,1,1,1,0,1]",2,2,1,6,away_win,away,0,79
54281,1,"{""single"":[""solutions/game_1/single/rest-111111/top"",""solutions/game_1/single/rest-111111/bot""],""total"":[""solutions/game_1/total/rest-111111/top"",""solutions/game_1/total/rest-111111/bot""]}","[1,1,1,1,1,1]","[1,1,1,1,1,1]",0,0,5,1,home_win,home,0,75
54281,2,"{""single"":[""solutions/game_2/single/rest-111001/top"",""solutions/game_2/single/rest-110111/bot""],""total"":[""solutions/game_2/total/rest-111001/top"",""solutions/game_2/total/rest-110111/bot""]}","[1,1,1,0,0,1]","[1,1,0,1,1,1]",1,0,3,2,home_win,home,0,69
54281,3,"{""single"":[""solutions/game_3/single/rest-110111/top"",""solutions/game_3/single/rest-001111/bot""],""total"":[""solutions/game_3/total/rest-110111/top"",""solutions/game_3/total/rest-001111/bot""]}","[1,1,0,1,1,1]","[0,0,1,1,1,1]",2,0,13,11,home_win,home,0,101
54281,4,"{""single"":[""solutions/game_4/single/rest-011010/top"",""solutions/game_4/single/rest-110000/bot""],""total"":[""solutions/game_4/total/rest-011010/top"",""solutions/game_4/total/rest-110000/bot""]}","[0,1,1,0,1,0]","[1,1,0,0,0,0]",3,0,3,5,away_win,away,1,85
54281,5,"{""single"":[""solutions/game_5/single/rest-100101/top"",""solutions/game_5/single/rest-011111/bot""],""total"":[""solutions/game_5/single/rest-100101/top"",""solutions/game_5/single/rest-011111/bot""]}","[1,0,0,1,0,1]","[0,1,1,1,1,1]",3,1,3,10,away_win,away,1,94
54282,1,"{""single"":[""solutions/game_1/single/rest-111111/top"",""solutions/game_1/single/rest-111111/bot""],""total"":[""solutions/game_1/total/rest-111111/top"",""solutions/game_1/total/rest-111111/bot""]}","[1,1,1,1,1,1]","[1,1,1,1,1,1]",0,0,6,0,home_win,home,0,73
54282,2,"{""single"":[""solutions/game_2/single/rest-111101/top"",""solutions/game_2/single/rest-110101/bot""],""total"":[""solutions/game_2/total/rest-111101/top"",""solutions/game_2/total/rest-110101/bot""]}","[1,1,1,1,0,1]","[1,1,0,1,0,1]",1,0,5,8,away_win,away,0,95
54282,3,"{""single"":[""solutions/game_3/single/rest-001110/top"",""solutions/game_3/single/rest-111010/bot""],""total"":[""solutions/game_3/total/rest-001110/top"",""solutions/game_3/total/rest-111010/bot""]}","[0,0,1,1,1,0]","[1,1,1,0,1,0]",1,1,9,1,home_win,home,0,70
54282,4,"{""single"":[""solutions/game_4/single/rest-101101/top"",""solutions/game_4/single/rest-110101/bot""],""total"":[""solutions/game_4/total/rest-101101/top"",""solutions/game_4/total/rest-110101/bot""]}","[1,0,1,1,0,1]","[1,1,0,1,0,1]",2,1,10,4,home_win,home,0,80
54282,5,"{""single"":[""solutions/game_5/single/rest-110011/top"",""solutions/game_5/single/rest-110111/bot""],""total"":[""solutions/game_5/single/rest-110011/top"",""solutions/game_5/single/rest-110111/bot""]}","[1,1,0,0,1,1]","[1,1,0,1,1,1]",3,1,3,6,away_win,away,1,87
54283,1,"{""single"":[""solutions/game_1/single/rest-111111/top"",""solutions/game_1/single/rest-111111/bot""],""total"":[""solutions/game_1/total/rest-111111/top"",""solutions/game_1/total/rest-111111/bot""]}","[1,1,1,1,1,1]","[1,1,1,1,1,1]",0,0,4,3,home_win,home,0,80
54283,2,"{""single"":[""solutions/game_2/single/rest-011101/top"",""solutions/game_2/single/rest-011110/bot""],""total"":[""solutions/game_2/total/rest-011101/top"",""solutions/game_2/total/rest-011110/bot""]}","[0,1,1,1,0,1]","[0,1,1,1,1,0]",1,0,6,15,away_win,away,0,83
54283,3,"{""single"":[""solutions/game_3/single/rest-110011/top"",""solutions/game_3/single/rest-111101/bot""],""total"":[""solutions/game_3/total/rest-110011/top"",""solutions/game_3/total/rest-111101/bot""]}","[1,1,0,0,1,1]","[1,1,1,1,0,1]",1,1,4,3,home_win,home,0,81
54283,4,"{""single"":[""solutions/game_4/single/rest-011101/top"",""solutions/game_4/single/rest-001101/bot""],""total"":[""solutions/game_4/total/rest-011101/top"",""solutions/game_4/total/rest-001101/bot""]}","[0,1,1,1,0,1]","[0,0,1,1,0,1]",2,1,5,4,home_win,home,0,79
54283,5,"{""single"":[""solutions/game_5/single/rest-111011/top"",""solutions/game_5/single/rest-110001/bot""],""total"":[""solutions/game_5/single/rest-111011/top"",""solutions/game_5/single/rest-110001/bot""]}","[1,1,1,0,1,1]","[1,1,0,0,0,1]",3,1,6,7,away_win,away,1,84
54284,1,"{""single"":[""solutions/game_1/single/rest-111111/top"",""solutions/game_1/single/rest-111111/bot""],""total"":[""solutions/game_1/total/rest-111111/top"",""solutions/game_1/total/rest-111111/bot""]}","[1,1,1,1,1,1]","[1,1,1,1,1,1]",0,0,6,1,home_win,home,0,76
54284,2,"{""single"":[""solutions/game_2/single/rest-110011/top"",""solutions/game_2/single/rest-010111/bot""],""total"":[""solutions/game_2/total/rest-110011/top"",""solutions/game_2/total/rest-010111/bot""]}","[1,1,0,0,1,1]","[0,1,0,1,1,1]",1,0,2,3,away_win,away,0,74
54284,3,"{""single"":[""solutions/game_3/single/rest-010101/top"",""solutions/game_3/single/rest-111010/bot""],""total"":[""solutions/game_3/total/rest-010101/top"",""solutions/game_3/total/rest-111010/bot""]}","[0,1,0,1,0,1]","[1,1,1,0,1,0]",1,1,0,7,away_win,away,0,85
54284,4,"{""single"":[""solutions/game_4/single/rest-100110/top"",""solutions/game_4/single/rest-110001/bot""],""total"":[""solutions/game_4/total/rest-100110/top"",""solutions/game_4/total/rest-110001/bot""]}","[1,0,0,1,1,0]","[1,1,0,0,0,1]",1,2,3,6,away_win,away,0,81
54284,5,"{""single"":[""solutions/game_5/single/rest-011101/top"",""solutions/game_5/single/rest-101110/bot""],""total"":[""solutions/game_5/single/rest-011101/top"",""solutions/game_5/single/rest-101110/bot""]}","[0,1,1,1,0,1]","[1,0,1,1,1,0]",1,3,9,5,home_win,home,1,88
54285,1,"{""single"":[""solutions/game_1/single/rest-111111/top"",""solutions/game_1/single/rest-111111/bot""],""total"":[""solutions/game_1/total/rest-111111/top"",""solutions/game_1/total/rest-111111/bot""]}","[1,1,1,1,1,1]","[1,1,1,1,1,1]",0,0,2,4,away_win,away,0,83
54285,2,"{""single"":[""solutions/game_2/single/rest-011011/top"",""solutions/game_2/single/rest-101011/bot""],""total"":[""solutions/game_2/total/rest-011011/top"",""solutions/game_2/total/rest-101011/bot""]}","[0,1,1,0,1,1]","[1,0,1,0,1,1]",0,1,3,7,away_win,away,0,83
54285,3,"{""single"":[""solutions/game_3/single/rest-111101/top"",""solutions/game_3/single/rest-010110/bot""],""total"":[""solutions/game_3/total/rest-111101/top"",""solutions/game_3/total/rest-010110/bot""]}","[1,1,1,1,0,1]","[0,1,0,1,1,0]",0,2,3,3,tie,home,0,93
54285,4,"{""single"":[""solutions/game_4/single/rest-000011/top"",""solutions/game_4/single/rest-111101/bot""],""total"":[""solutions/game_4/total/rest-000011/top"",""solutions/game_4/total/rest-111101/bot""]}","[0,0,0,0,1,1]","[1,1,1,1,0,1]",1,2,3,9,away_win,away,0,83
54285,5,"{""single"":[""solutions/game_5/single/rest-101110/top"",""solutions/game_5/single/rest-010111/bot""],""total"":[""solutions/game_5/single/rest-101110/top"",""solutions/game_5/single/rest-010111/bot""]}","[1,0,1,1,1,0]","[0,1,0,1,1,1]",1,3,4,1,home_win,home,1,78
54286,1,"{""single"":[""solutions/game_1/single/rest-111111/top"",""solutions/game_1/single/rest-111111/bot""],""total"":[""solutions/game_1/total/rest-111111/top"",""solutions/game_1/total/rest-111111/bot""]}","[1,1,1,1,1,1]","[1,1,1,1,1,1]",0,0,2,4,away_win,away,0,80
54286,2,"{""single"":[""solutions/game_2/single/rest-110111/top"",""solutions/game_2/single/rest-111010/bot""],""total"":[""solutions/game_2/total/rest-110111/top"",""solutions/game_2/total/rest-111010/bot""]}","[1,1,0,1,1,1]","[1,1,1,0,1,0]",0,1,3,7,away_win,away,0,82
54286,3,"{""single"":[""solutions/game_3/single/rest-011001/top"",""solutions/game_3/single/rest-101111/bot""],""total"":[""solutions/game_3/total/rest-011001/top"",""solutions/game_3/total/rest-101111/bot""]}","[0,1,1,0,0,1]","[1,0,1,1,1,1]",0,2,7,8,away_win,away,0,99
54286,4,"{""single"":[""solutions/game_4/single/rest-100110/top"",""solutions/game_4/single/rest-101110/bot""],""total"":[""solutions/game_4/total/rest-100110/top"",""solutions/game_4/total/rest-101110/bot""]}","[1,0,0,1,1,0]","[1,0,1,1,1,0]",0,3,4,3,home_win,home,1,78
54286,5,"{""single"":[""solutions/game_5/single/rest-111100/top"",""solutions/game_5/single/rest-011011/bot""],""total"":[""solutions/game_5/single/rest-111100/top"",""solutions/game_5/single/rest-011011/bot""]}","[1,1,1,1,0,0]","[0,1,1,0,1,1]",1,3,7,3,home_win,home,1,84
54287,1,"{""single"":[""solutions/game_1/single/rest-111111/top"",""solutions/game_1/single/rest-111111/bot""],""total"":[""solutions/game_1/total/rest-111111/top"",""solutions/game_1/total/rest-111111/bot""]}","[1,1,1,1,1,1]","[1,1,1,1,1,1]",0,0,5,8,away_win,away,0,85
54287,2,"{""single"":[""solutions/game_2/single/rest-010111/top"",""solutions/game_2/single/rest-111100/bot""],""total"":[""solutions/game_2/total/rest-010111/top"",""solutions/game_2/total/rest-111100/bot""]}","[0,1,0,1,1,1]","[1,1,1,1,0,0]",0,1,4,1,home_win,home,0,71
54287,3,"{""single"":[""solutions/game_3/single/rest-111011/top"",""solutions/game_3/single/rest-001111/bot""],""total"":[""solutions/game_3/total/rest-111011/top"",""solutions/game_3/total/rest-001111/bot""]}","[1,1,1,0,1,1]","[0,0,1,1,1,1]",1,1,0,6,away_win,away,0,81
54287,4,"{""single"":[""solutions/game_4/single/rest-010110/top"",""solutions/game_4/single/rest-110101/bot""],""total"":[""solutions/game_4/total/rest-010110/top"",""solutions/game_4/total/rest-110101/bot""]}","[0,1,0,1,1,0]","[1,1,0,1,0,1]",1,2,13,12,home_win,home,0,103
54287,5,"{""single"":[""solutions/game_5/single/rest-111100/top"",""solutions/game_5/single/rest-001010/bot""],""total"":[""solutions/game_5/single/rest-111100/top"",""solutions/game_5/single/rest-001010/bot""]}","[1,1,1,1,0,0]","[0,0,1,0,1,0]",2,2,5,13,away_win,away,0,99
54288,1,"{""single"":[""solutions/game_1/single/rest-111111/top"",""solutions/game_1/single/rest-111111/bot""],""total"":[""solutions/game_1/total/rest-111111/top"",""solutions/game_1/total/rest-111111/bot""]}","[1,1,1,1,1,1]","[1,1,1,1,1,1]",0,0,5,1,home_win,home,0,77
54288,2,"{""single"":[""solutions/game_2/single/rest-110001/top"",""solutions/game_2/single/rest-111100/bot""],""total"":[""solutions/game_2/total/rest-110001/top"",""solutions/game_2/total/rest-111100/bot""]}","[1,1,0,0,0,1]","[1,1,1,1,0,0]",1,0,2,5,away_win,away,0,82
54288,3,"{""single"":[""solutions/game_3/single/rest-001110/top"",""solutions/game_3/single/rest-001001/bot""],""total"":[""solutions/game_3/total/rest-001110/top"",""solutions/game_3/total/rest-001001/bot""]}","[0,0,1,1,1,0]","[0,0,1,0,0,1]",1,1,0,9,away_win,away,0,57
54288,4,"{""single"":[""solutions/game_4/single/rest-111101/top"",""solutions/game_4/single/rest-111011/bot""],""total"":[""solutions/game_4/total/rest-111101/top"",""solutions/game_4/total/rest-111011/bot""]}","[1,1,1,1,0,1]","[1,1,1,0,1,1]",1,2,3,4,away_win,away,0,85
54288,5,"{""single"":[""solutions/game_5/single/rest-010010/top"",""solutions/game_5/single/rest-001111/bot""],""total"":[""solutions/game_5/single/rest-010010/top"",""solutions/game_5/single/rest-001111/bot""]}","[0,1,0,0,1,0]","[0,0,1,1,1,1]",1,3,6,3,home_win,home,1,79
54289,1,"{""single"":[""solutions/game_1/single/rest-111111/top"",""solutions/game_1/single/rest-111111/bot""],""total"":[""solutions/game_1/total/rest-111111/top"",""solutions/game_1/total/rest-111111/bot""]}","[1,1,1,1,1,1]","[1,1,1,1,1,1]",0,0,1,5,away_win,away,0,79
54289,2,"{""single"":[""solutions/game_2/single/rest-000001/top"",""solutions/game_2/single/rest-011111/bot""],""total"":[""solutions/game_2/total/rest-000001/top"",""solutions/game_2/total/rest-011111/bot""]}","[0,0,0,0,0,1]","[0,1,1,1,1,1]",0,1,0,4,away_win,away,0,74
54289,3,"{""single"":[""solutions/game_3/single/rest-110111/top"",""solutions/game_3/single/rest-111011/bot""],""total"":[""solutions/game_3/total/rest-110111/top"",""solutions/game_3/total/rest-111011/bot""]}","[1,1,0,1,1,1]","[1,1,1,0,1,1]",0,2,9,1,home_win,home,0,56
54289,4,"{""single"":[""solutions/game_4/single/rest-111101/top"",""solutions/game_4/single/rest-111111/bot""],""total"":[""solutions/game_4/total/rest-111101/top"",""solutions/game_4/total/rest-111111/bot""]}","[1,1,1,1,0,1]","[1,1,1,1,1,1]",1,2,11,3,home_win,home,0,71
54289,5,"{""single"":[""solutions/game_5/single/rest-111111/top"",""solutions/game_5/single/rest-111010/bot""],""total"":[""solutions/game_5/single/rest-111111/top"",""solutions/game_5/single/rest-111010/bot""]}","[1,1,1,1,1,1]","[1,1,1,0,1,0]",2,2,0,2,away_win,away,0,81
54290,1,"{""single"":[""solutions/game_1/single/rest-111111/top"",""solutions/game_1/single/rest-111111/bot""],""total"":[""solutions/game_1/total/rest-111111/top"",""solutions/game_1/total/rest-111111/bot""]}","[1,1,1,1,1,1]","[1,1,1,1,1,1]",0,0,7,3,home_win,home,0,79
54290,2,"{""single"":[""solutions/game_2/single/rest-111101/top"",""solutions/game_2/single/rest-110111/bot""],""total"":[""solutions/game_2/total/rest-111101/top"",""solutions/game_2/total/rest-110111/bot""]}","[1,1,1,1,0,1]","[1,1,0,1,1,1]",1,0,9,2,home_win,home,0,81
54290,3,"{""single"":[""solutions/game_3/single/rest-010011/top"",""solutions/game_3/single/rest-111111/bot""],""total"":[""solutions/game_3/total/rest-010011/top"",""solutions/game_3/total/rest-111111/bot""]}","[0,1,0,0,1,1]","[1,1,1,1,1,1]",2,0,5,8,away_win,away,0,92
54290,4,"{""single"":[""solutions/game_4/single/rest-101101/top"",""solutions/game_4/single/rest-011010/bot""],""total"":[""solutions/game_4/total/rest-101101/top"",""solutions/game_4/total/rest-011010/bot""]}","[1,0,1,1,0,1]","[0,1,1,0,1,0]",2,1,1,9,away_win,away,0,33
54290,5,"{""single"":[""solutions/game_5/single/rest-111111/top"",""solutions/game_5/single/rest-111111/bot""],""total"":[""solutions/game_5/single/rest-111111/top"",""solutions/game_5/single/rest-111111/bot""]}","[1,1,1,1,1,1]","[1,1,1,1,1,1]",2,2,0,8,away_win,away,0,22
54291,1,"{""single"":[""solutions/game_1/single/rest-111111/top"",""solutions/game_1/single/rest-111111/bot""],""total"":[""solutions/game_1/total/rest-111111/top"",""solutions/game_1/total/rest-111111/bot""]}","[1,1,1,1,1,1]","[1,1,1,1,1,1]",0,0,2,6,away_win,away,0,84
54291,2,"{""single"":[""solutions/game_2/single/rest-001001/top"",""solutions/game_2/single/rest-101110/bot""],""total"":[""solutions/game_2/total/rest-001001/top"",""solutions/game_2/total/rest-101110/bot""]}","[0,0,1,0,0,1]","[1,0,1,1,1,0]",0,1,2,5,away_win,away,0,82
54291,3,"{""single"":[""solutions/game_3/single/rest-101010/top"",""solutions/game_3/single/rest-110111/bot""],""total"":[""solutions/game_3/total/rest-101010/top"",""solutions/game_3/total/rest-110111/bot""]}","[1,0,1,0,1,0]","[1,1,0,1,1,1]",0,2,5,1,home_win,home,0,69
54291,4,"{""single"":[""solutions/game_4/single/rest-111111/top"",""solutions/game_4/single/rest-111111/bot""],""total"":[""solutions/game_4/total/rest-111111/top"",""solutions/game_4/total/rest-111111/bot""]}","[1,1,1,1,1,1]","[1,1,1,1,1,1]",1,2,0,2,away_win,away,0,78
54291,5,"{""single"":[""solutions/game_5/single/rest-111100/top"",""solutions/game_5/single/rest-101111/bot""],""total"":[""solutions/game_5/single/rest-111100/top"",""solutions/game_5/single/rest-101111/bot""]}","[1,1,1,1,0,0]","[1,0,1,1,1,1]",1,3,4,5,away_win,away,1,81
54292,1,"{""single"":[""solutions/game_1/single/rest-111111/top"",""solutions/game_1/single/rest-111111/bot""],""total"":[""solutions/game_1/total/rest-111111/top"",""solutions/game_1/total/rest-111111/bot""]}","[1,1,1,1,1,1]","[1,1,1,1,1,1]",0,0,6,9,away_win,away,0,97
54292,2,"{""single"":[""solutions/game_2/single/rest-000010/top"",""solutions/game_2/single/rest-101111/bot""],""total"":[""solutions/game_2/total/rest-000010/top"",""solutions/game_2/total/rest-101111/bot""]}","[0,0,0,0,1,0]","[1,0,1,1,1,1]",0,1,0,4,away_win,away,0,69
54292,3,"{""single"":[""solutions/game_3/single/rest-111111/top"",""solutions/game_3/single/rest-011110/bot""],""total"":[""solutions/game_3/total/rest-111111/top"",""solutions/game_3/total/rest-011110/bot""]}","[1,1,1,1,1,1]","[0,1,1,1,1,0]",0,2,9,1,home_win,home,0,66
54292,4,"{""single"":[""solutions/game_4/single/rest-111011/top"",""solutions/game_4/single/rest-110111/bot""],""total"":[""solutions/game_4/total/rest-111011/top"",""solutions/game_4/total/rest-110111/bot""]}","[1,1,1,0,1,1]","[1,1,0,1,1,1]",1,2,2,1,home_win,home,0,74
54292,5,"{""single"":[""solutions/game_5/single/rest-010110/top"",""solutions/game_5/single/rest-111011/bot""],""total"":[""solutions/game_5/single/rest-010110/top"",""solutions/game_5/single/rest-111011/bot""]}","[0,1,0,1,1,0]","[1,1,1,0,1,1]",2,2,2,6,away_win,away,0,76
54293,1,"{""single"":[""solutions/game_1/single/rest-111111/top"",""solutions/game_1/single/rest-111111/bot""],""total"":[""solutions/game_1/total/rest-111111/top"",""solutions/game_1/total/rest-111111/bot""]}","[1,1,1,1,1,1]","[1,1,1,1,1,1]",0,0,4,5,away_win,away,0,78
54293,2,"{""single"":[""solutions/game_2/single/rest-011011/top"",""solutions/game_2/single/rest-011011/bot""],""total"":[""solutions/game_2/total/rest-011011/top"",""solutions/game_2/total/rest-011011/bot""]}","[0,1,1,0,1,1]","[0,1,1,0,1,1]",0,1,2,3,away_win,away,0,76
54293,3,"{""single"":[""solutions/game_3/single/rest-110100/top"",""solutions/game_3/single/rest-110110/bot""],""total"":[""solutions/game_3/total/rest-110100/top"",""solutions/game_3/total/rest-110110/bot""]}","[1,1,0,1,0,0]","[1,1,0,1,1,0]",0,2,2,0,home_win,home,0,70
54293,4,"{""single"":[""solutions/game_4/single/rest-011011/top"",""solutions/game_4/single/rest-011011/bot""],""total"":[""solutions/game_4/total/rest-011011/top"",""solutions/game_4/total/rest-011011/bot""]}","[0,1,1,0,1,1]","[0,1,1,0,1,1]",1,2,16,11,home_win,home,0,108
54293,5,"{""single"":[""solutions/game_5/single/rest-111100/top"",""solutions/game_5/single/rest-110111/bot""],""total"":[""solutions/game_5/single/rest-111100/top"",""solutions/game_5/single/rest-110111/bot""]}","[1,1,1,1,0,0]","[1,1,0,1,1,1]",2,2,1,3,away_win,away,0,81
54294,1,"{""single"":[""solutions/game_1/single/rest-111111/top"",""solutions/game_1/single/rest-111111/bot""],""total"":[""solutions/game_1/total/rest-111111/top"",""solutions/game_1/total/rest-111111/bot""]}","[1,1,1,1,1,1]","[1,1,1,1,1,1]",0,0,7,6,home_win,home,0,101
54294,2,"{""single"":[""solutions/game_2/single/rest-001001/top"",""solutions/game_2/single/rest-001010/bot""],""total"":[""solutions/game_2/total/rest-001001/top"",""solutions/game_2/total/rest-001010/bot""]}","[0,0,1,0,0,1]","[0,0,1,0,1,0]",1,0,4,1,home_win,home,0,70
54294,3,"{""single"":[""solutions/game_3/single/rest-110110/top"",""solutions/game_3/single/rest-110101/bot""],""total"":[""solutions/game_3/total/rest-110110/top"",""solutions/game_3/total/rest-110101/bot""]}","[1,1,0,1,1,0]","[1,1,0,1,0,1]",2,0,3,8,away_win,away,0,87
54294,4,"{""single"":[""solutions/game_4/single/rest-001011/top"",""solutions/game_4/single/rest-011110/bot""],""total"":[""solutions/game_4/total/rest-001011/top"",""solutions/game_4/total/rest-011110/bot""]}","[0,0,1,0,1,1]","[0,1,1,1,1,0]",2,1,9,1,home_win,home,0,46
54294,5,"{""single"":[""solutions/game_5/single/rest-011111/top"",""solutions/game_5/single/rest-111111/bot""],""total"":[""solutions/game_5/single/rest-011111/top"",""solutions/game_5/single/rest-111111/bot""]}","[0,1,1,1,1,1]","[1,1,1,1,1,1]",3,1,5,4,home_win,home,1,78
54295,1,"{""single"":[""solutions/game_1/single/rest-111111/top"",""solutions/game_1/single/rest-111111/bot""],""total"":[""solutions/game_1/total/rest-111111/top"",""solutions/game_1/total/rest-111111/bot""]}","[1,1,1,1,1,1]","[1,1,1,1,1,1]",0,0,4,3,home_win,home,0,78
54295,2,"{""single"":[""solutions/game_2/single/rest-110111/top"",""solutions/game_2/single/rest-001011/bot""],""total"":[""solutions/game_2/total/rest-110111/top"",""solutions/game_2/total/rest-001011/bot""]}","[1,1,0,1,1,1]","[0,0,1,0,1,1]",1,0,2,0,home_win,home,0,72
54295,3,"{""single"":[""solutions/game_3/single/rest-111100/top"",""solutions/game_3/single/rest-110111/bot""],""total"":[""solutions/game_3/total/rest-111100/top"",""solutions/game_3/total/rest-110111/bot""]}","[1,1,1,1,0,0]","[1,1,0,1,1,1]",2,0,4,5,away_win,away,0,86
54295,4,"{""single"":[""solutions/game_4/single/rest-010001/top"",""solutions/game_4/single/rest-011110/bot""],""total"":[""solutions/game_4/total/rest-010001/top"",""solutions/game_4/total/rest-011110/bot""]}","[0,1,0,0,0,1]","[0,1,1,1,1,0]",2,1,3,11,away_win,away,0,63
54295,5,"{""single"":[""solutions/game_5/single/rest-101111/top"",""solutions/game_5/single/rest-111111/bot""],""total"":[""solutions/game_5/single/rest-101111/top"",""solutions/game_5/single/rest-111111/bot""]}","[1,0,1,1,1,1]","[1,1,1,1,1,1]",2,2,3,5,away_win,away,0,88
54296,1,"{""single"":[""solutions/game_1/single/rest-111111/top"",""solutions/game_1/single/rest-111111/bot""],""total"":[""solutions/game_1/total/rest-111111/top"",""solutions/game_1/total/rest-111111/bot""]}","[1,1,1,1,1,1]","[1,1,1,1,1,1]",0,0,3,1,home_win,home,0,83
54296,2,"{""single"":[""solutions/game_2/single/rest-110000/top"",""solutions/game_2/single/rest-001111/bot""],""total"":[""solutions/game_2/total/rest-110000/top"",""solutions/game_2/total/rest-001111/bot""]}","[1,1,0,0,0,0]","[0,0,1,1,1,1]",1,0,7,2,home_win,home,0,77
54296,3,"{""single"":[""solutions/game_3/single/rest-101111/top"",""solutions/game_3/single/rest-110111/bot""],""total"":[""solutions/game_3/total/rest-101111/top"",""solutions/game_3/total/rest-110111/bot""]}","[1,0,1,1,1,1]","[1,1,0,1,1,1]",2,0,3,1,home_win,home,0,70
54296,4,"{""single"":[""solutions/game_4/single/rest-110001/top"",""solutions/game_4/single/rest-111110/bot""],""total"":[""solutions/game_4/total/rest-110001/top"",""solutions/game_4/total/rest-111110/bot""]}","[1,1,0,0,0,1]","[1,1,1,1,1,0]",3,0,2,10,away_win,away,1,80
54296,5,"{""single"":[""solutions/game_5/single/rest-011111/top"",""solutions/game_5/single/rest-111101/bot""],""total"":[""solutions/game_5/single/rest-011111/top"",""solutions/game_5/single/rest-111101/bot""]}","[0,1,1,1,1,1]","[1,1,1,1,0,1]",3,1,7,6,home_win,home,1,89
54297,1,"{""single"":[""solutions/game_1/single/rest-111111/top"",""solutions/game_1/single/rest-111111/bot""],""total"":[""solutions/game_1/total/rest-111111/top"",""solutions/game_1/total/rest-111111/bot""]}","[1,1,1,1,1,1]","[1,1,1,1,1,1]",0,0,3,2,home_win,home,0,71
54297,2,"{""single"":[""solutions/game_2/single/rest-011011/top"",""solutions/game_2/single/rest-010111/bot""],""total"":[""solutions/game_2/total/rest-011011/top"",""solutions/game_2/total/rest-010111/bot""]}","[0,1,1,0,1,1]","[0,1,0,1,1,1]",1,0,5,7,away_win,away,0,91
54297,3,"{""single"":[""solutions/game_3/single/rest-100110/top"",""solutions/game_3/single/rest-101010/bot""],""total"":[""solutions/game_3/total/rest-100110/top"",""solutions/game_3/total/rest-101010/bot""]}","[1,0,0,1,1,0]","[1,0,1,0,1,0]",1,1,2,4,away_win,away,0,84
54297,4,"{""single"":[""solutions/game_4/single/rest-011011/top"",""solutions/game_4/single/rest-110101/bot""],""total"":[""solutions/game_4/total/rest-011011/top"",""solutions/game_4/total/rest-110101/bot""]}","[0,1,1,0,1,1]","[1,1,0,1,0,1]",1,2,2,10,away_win,away,0,37
54297,5,"{""single"":[""solutions/game_5/single/rest-111111/top"",""solutions/game_5/single/rest-111111/bot""],""total"":[""solutions/game_5/single/rest-111111/top"",""solutions/game_5/single/rest-111111/bot""]}","[1,1,1,1,1,1]","[1,1,1,1,1,1]",1,3,1,2,away_win,away,1,80
54298,1,"{""single"":[""solutions/game_1/single/rest-111111/top"",""solutions/game_1/single/rest-111111/bot""],""total"":[""solutions/game_1/total/rest-111111/top"",""solutions/game_1/total/rest-111111/bot""]}","[1,1,1,1,1,1]","[1,1,1,1,1,1]",0,0,10,2,home_win,home,0,62
54298,2,"{""single"":[""solutions/game_2/single/rest-111011/top"",""solutions/game_2/single/rest-110111/bot""],""total"":[""solutions/game_2/total/rest-111011/top"",""solutions/game_2/total/rest-110111/bot""]}","[1,1,1,0,1,1]","[1,1,0,1,1,1]",1,0,5,4,home_win,home,0,80
54298,3,"{""single"":[""solutions/game_3/single/rest-010101/top"",""solutions/game_3/single/rest-011110/bot""],""total"":[""solutions/game_3/total/rest-010101/top"",""solutions/game_3/total/rest-011110/bot""]}","[0,1,0,1,0,1]","[0,1,1,1,1,0]",2,0,8,0,home_win,home,0,29
54298,4,"{""single"":[""solutions/game_4/single/rest-111101/top"",""solutions/game_4/single/rest-111111/bot""],""total"":[""solutions/game_4/total/rest-111101/top"",""solutions/game_4/total/rest-111111/bot""]}","[1,1,1,1,0,1]","[1,1,1,1,1,1]",3,0,0,10,away_win,away,1,29
54298,5,"{""single"":[""solutions/game_5/single/rest-111111/top"",""solutions/game_5/single/rest-111111/bot""],""total"":[""solutions/game_5/single/rest-111111/top"",""solutions/game_5/single/rest-111111/bot""]}","[1,1,1,1,1,1]","[1,1,1,1,1,1]",3,1,8,7,home_win,home,1,100
54299,1,"{""single"":[""solutions/game_1/single/rest-111111/top"",""solutions/game_1/single/rest-111111/bot""],""total"":[""solutions/game_1/total/rest-111111/top"",""solutions/game_1/total/rest-111111/bot""]}","[1,1,1,1,1,1]","[1,1,1,1,1,1]",0,0,11,8,home_win,home,0,101
54299,2,"{""single"":[""solutions/game_2/single/rest-010011/top"",""solutions/game_2/single/rest-000010/bot""],""total"":[""solutions/game_2/total/rest-010011/top"",""solutions/game_2/total/rest-000010/bot""]}","[0,1,0,0,1,1]","[0,0,0,0,1,0]",1,0,12,2,home_win,home,0,52
54299,3,"{""single"":[""solutions/game_3/single/rest-111111/top"",""solutions/game_3/single/rest-111011/bot""],""total"":[""solutions/game_3/total/rest-111111/top"",""solutions/game_3/total/rest-111011/bot""]}","[1,1,1,1,1,1]","[1,1,1,0,1,1]",2,0,5,1,home_win,home,0,75
54299,4,"{""single"":[""solutions/game_4/single/rest-110101/top"",""solutions/game_4/single/rest-010111/bot""],""total"":[""solutions/game_4/total/rest-110101/top"",""solutions/game_4/total/rest-010111/bot""]}","[1,1,0,1,0,1]","[0,1,0,1,1,1]",3,0,6,6,tie,away,1,96
54299,5,"{""single"":[""solutions/game_5/single/rest-011110/top"",""solutions/game_5/single/rest-111000/bot""],""total"":[""solutions/game_5/single/rest-011110/top"",""solutions/game_5/single/rest-111000/bot""]}","[0,1,1,1,1,0]","[1,1,1,0,0,0]",3,1,0,2,away_win,away,1,71
54300,1,"{""single"":[""solutions/game_1/single/rest-111111/top"",""solutions/game_1/single/rest-111111/bot""],""total"":[""solutions/game_1/total/rest-111111/top"",""solutions/game_1/total/rest-111111/bot""]}","[1,1,1,1,1,1]","[1,1,1,1,1,1]",0,0,3,4,away_win,away,0,91
54300,2,"{""single"":[""solutions/game_2/single/rest-000001/top"",""solutions/game_2/single/rest-001111/bot""],""total"":[""solutions/game_2/total/rest-000001/top"",""solutions/game_2/total/rest-001111/bot""]}","[0,0,0,0,0,1]","[0,0,1,1,1,1]",0,1,4,3,home_win,home,0,82
54300,3,"{""single"":[""solutions/game_3/single/rest-111111/top"",""solutions/game_3/single/rest-111010/bot""],""total"":[""solutions/game_3/total/rest-111111/top"",""solutions/game_3/total/rest-111010/bot""]}","[1,1,1,1,1,1]","[1,1,1,0,1,0]",1,1,5,3,home_win,home,0,79
54300,4,"{""single"":[""solutions/game_4/single/rest-110001/top"",""solutions/game_4/single/rest-111011/bot""],""total"":[""solutions/game_4/total/rest-110001/top"",""solutions/game_4/total/rest-111011/bot""]}","[1,1,0,0,0,1]","[1,1,1,0,1,1]",2,1,6,5,home_win,home,0,83
54300,5,"{""single"":[""solutions/game_5/single/rest-101110/top"",""solutions/game_5/single/rest-001011/bot""],""total"":[""solutions/game_5/single/rest-101110/top"",""solutions/game_5/single/rest-001011/bot""]}","[1,0,1,1,1,0]","[0,0,1,0,1,1]",3,1,6,5,home_win,home,1,79
54301,1,"{""single"":[""solutions/game_1/single/rest-111111/top"",""solutions/game_1/single/rest-111111/bot""],""total"":[""solutions/game_1/total/rest-111111/top"",""solutions/game_1/total/rest-111111/bot""]}","[1,1,1,1,1,1]","[1,1,1,1,1,1]",0,0,8,7,home_win,home,0,82
54301,2,"{""single"":[""solutions/game_2/single/rest-010111/top"",""solutions/game_2/single/rest-011111/bot""],""total"":[""solutions/game_2/total/rest-010111/top"",""solutions/game_2/total/rest-011111/bot""]}","[0,1,0,1,1,1]","[0,1,1,1,1,1]",1,0,5,6,away_win,away,0,86
54301,3,"{""single"":[""solutions/game_3/single/rest-111010/top"",""solutions/game_3/single/rest-101100/bot""],""total"":[""solutions/game_3/total/rest-111010/top"",""solutions/game_3/total/rest-101100/bot""]}","[1,1,1,0,1,0]","[1,0,1,1,0,0]",1,1,8,1,home_win,home,0,89
54301,4,"{""single"":[""solutions/game_4/single/rest-001111/top"",""solutions/game_4/single/rest-111101/bot""],""total"":[""solutions/game_4/total/rest-001111/top"",""solutions/game_4/total/rest-111101/bot""]}","[0,0,1,1,1,1]","[1,1,1,1,0,1]",2,1,3,4,away_win,away,0,86
54301,5,"{""single"":[""solutions/game_5/single/rest-110001/top"",""solutions/game_5/single/rest-111110/bot""],""total"":[""solutions/game_5/single/rest-110001/top"",""solutions/game_5/single/rest-111110/bot""]}","[1,1,0,0,0,1]","[1,1,1,1,1,0]",2,2,3,2,home_win,home,0,74
54302,1,"{""single"":[""solutions/game_1/single/rest-111111/top"",""solutions/game_1/single/rest-111111/bot""],""total"":[""solutions/game_1/total/rest-111111/top"",""solutions/game_1/total/rest-111111/bot""]}","[1,1,1,1,1,1]","[1,1,1,1,1,1]",0,0,6,7,away_win,away,0,85
54302,2,"{""single"":[""solutions/game_2/single/rest-110101/top"",""solutions/game_2/single/rest-111111/bot""],""total"":[""solutions/game_2/total/rest-110101/top"",""solutions/game_2/total/rest-111111/bot""]}","[1,1,0,1,0,1]","[1,1,1,1,1,1]",0,1,4,13,away_win,away,0,51
54302,3,"{""single"":[""solutions/game_3/single/rest-111011/top"",""solutions/game_3/single/rest-111111/bot""],""total"":[""solutions/game_3/total/rest-111011/top"",""solutions/game_3/total/rest-111111/bot""]}","[1,1,1,0,1,1]","[1,1,1,1,1,1]",0,2,2,4,away_win,away,0,81
54302,4,"{""single"":[""solutions/game_4/single/rest-010100/top"",""solutions/game_4/single/rest-101110/bot""],""total"":[""solutions/game_4/total/rest-010100/top"",""solutions/game_4/total/rest-101110/bot""]}","[0,1,0,1,0,0]","[1,0,1,1,1,0]",0,3,4,3,home_win,home,1,74
54302,5,"{""single"":[""solutions/game_5/single/rest-111101/top"",""solutions/game_5/single/rest-011011/bot""],""total"":[""solutions/game_5/single/rest-111101/top"",""solutions/game_5/single/rest-011011/bot""]}","[1,1,1,1,0,1]","[0,1,1,0,1,1]",1,3,10,11,away_win,away,1,104
54303,1,"{""single"":[""solutions/game_1/single/rest-111111/top"",""solutions/game_1/single/rest-111111/bot""],""total"":[""solutions/game_1/total/rest-111111/top"",""solutions/game_1/total/rest-111111/bot""]}","[1,1,1,1,1,1]","[1,1,1,1,1,1]",0,0,4,6,away_win,away,0,85
54303,2,"{""single"":[""solutions/game_2/single/rest-011000/top"",""solutions/game_2/single/rest-011111/bot""],""total"":[""solutions/game_2/total/rest-011000/top"",""solutions/game_2/total/rest-011111/bot""]}","[0,1,1,0,0,0]","[0,1,1,1,1,1]",0,1,7,7,tie,home,0,94
54303,3,"{""single"":[""solutions/game_3/single/rest-100111/top"",""solutions/game_3/single/rest-110001/bot""],""total"":[""solutions/game_3/total/rest-100111/top"",""solutions/game_3/total/rest-110001/bot""]}","[1,0,0,1,1,1]","[1,1,0,0,0,1]",1,1,4,10,away_win,away,0,84
54303,4,"{""single"":[""solutions/game_4/single/rest-011000/top"",""solutions/game_4/single/rest-011100/bot""],""total"":[""solutions/game_4/total/rest-011000/top"",""solutions/game_4/total/rest-011100/bot""]}","[0,1,1,0,0,0]","[0,1,1,1,0,0]",1,2,7,5,home_win,home,0,79
54303,5,"{""single"":[""solutions/game_5/single/rest-110101/top"",""solutions/game_5/single/rest-110111/bot""],""total"":[""solutions/game_5/single/rest-110101/top"",""solutions/game_5/single/rest-110111/bot""]}","[1,1,0,1,0,1]","[1,1,0,1,1,1]",2,2,0,4,away_win,away,0,80
54304,1,"{""single"":[""solutions/game_1/single/rest-111111/top"",""solutions/game_1/single/rest-111111/bot""],""total"":[""solutions/game_1/total/rest-111111/top"",""solutions/game_1/total/rest-111111/bot""]}","[1,1,1,1,1,1]","[1,1,1,1,1,1]",0,0,9,5,home_win,home,0,89
54304,2,"{""single"":[""solutions/game_2/single/rest-011011/top"",""solutions/game_2/single/rest-011111/bot""],""total"":[""solutions/game_2/total/rest-011011/top"",""solutions/game_2/total/rest-011111/bot""]}","[0,1,1,0,1,1]","[0,1,1,1,1,1]",1,0,2,4,away_win,away,0,77
54304,3,"{""single"":[""solutions/game_3/single/rest-110111/top"",""solutions/game_3/single/rest-101010/bot""],""total"":[""solutions/game_3/total/rest-110111/top"",""solutions/game_3/total/rest-101010/bot""]}","[1,1,0,1,1,1]","[1,0,1,0,1,0]",1,1,2,1,home_win,home,0,76
54304,4,"{""single"":[""solutions/game_4/single/rest-001111/top"",""solutions/game_4/single/rest-111111/bot""],""total"":[""solutions/game_4/total/rest-001111/top"",""solutions/game_4/total/rest-111111/bot""]}","[0,0,1,1,1,1]","[1,1,1,1,1,1]",2,1,8,0,home_win,home,0,60
54304,5,"{""single"":[""solutions/game_5/single/rest-110111/top"",""solutions/game_5/single/rest-110111/bot""],""total"":[""solutions/game_5/single/rest-110111/top"",""solutions/game_5/single/rest-110111/bot""]}","[1,1,0,1,1,1]","[1,1,0,1,1,1]",3,1,4,2,home_win,home,1,73
54305,1,"{""single"":[""solutions/game_1/single/rest-111111/top"",""solutions/game_1/single/rest-111111/bot""],""total"":[""solutions/game_1/total/rest-111111/top"",""solutions/game_1/total/rest-111111/bot""]}","[1,1,1,1,1,1]","[1,1,1,1,1,1]",0,0,1,10,away_win,away,0,63
54305,2,"{""single"":[""solutions/game_2/single/rest-011001/top"",""solutions/game_2/single/rest-111111/bot""],""total"":[""solutions/game_2/total/rest-011001/top"",""solutions/game_2/total/rest-111111/bot""]}","[0,1,1,0,0,1]","[1,1,1,1,1,1]",0,1,6,4,home_win,home,0,74
54305,3,"{""single"":[""solutions/game_3/single/rest-100110/top"",""solutions/game_3/single/rest-111101/bot""],""total"":[""solutions/game_3/total/rest-100110/top"",""solutions/game_3/total/rest-111101/bot""]}","[1,0,0,1,1,0]","[1,1,1,1,0,1]",1,1,11,4,home_win,home,0,80
54305,4,"{""single"":[""solutions/game_4/single/rest-111001/top"",""solutions/game_4/single/rest-100111/bot""],""total"":[""solutions/game_4/total/rest-111001/top"",""solutions/game_4/total/rest-100111/bot""]}","[1,1,1,0,0,1]","[1,0,0,1,1,1]",2,1,8,3,home_win,home,0,87
54305,5,"{""single"":[""solutions/game_5/single/rest-010110/top"",""solutions/game_5/single/rest-111101/bot""],""total"":[""solutions/game_5/single/rest-010110/top"",""solutions/game_5/single/rest-111101/bot""]}","[0,1,0,1,1,0]","[1,1,1,1,0,1]",3,1,6,3,home_win,home,1,87
54306,1,"{""single"":[""solutions/game_1/single/rest-111111/top"",""solutions/game_1/single/rest-111111/bot""],""total"":[""solutions/game_1/total/rest-111111/top"",""solutions/game_1/total/rest-111111/bot""]}","[1,1,1,1,1,1]","[1,1,1,1,1,1]",0,0,9,11,away_win,away,0,98
54306,2,"{""single"":[""solutions/game_2/single/rest-010110/top"",""solutions/game_2/single/rest-101011/bot""],""total"":[""solutions/game_2/total/rest-010110/top"",""solutions/game_2/total/rest-101011/bot""]}","[0,1,0,1,1,0]","[1,0,1,0,1,1]",0,1,9,4,home_win,home,0,83
54306,3,"{""single"":[""solutions/game_3/single/rest-101011/top"",""solutions/game_3/single/rest-111111/bot""],""total"":[""solutions/game_3/total/rest-101011/top"",""solutions/game_3/total/rest-111111/bot""]}","[1,0,1,0,1,1]","[1,1,1,1,1,1]",1,1,7,5,home_win,home,0,85
54306,4,"{""single"":[""solutions/game_4/single/rest-111000/top"",""solutions/game_4/single/rest-110110/bot""],""total"":[""solutions/game_4/total/rest-111000/top"",""solutions/game_4/total/rest-110110/bot""]}","[1,1,1,0,0,0]","[1,1,0,1,1,0]",2,1,2,4,away_win,away,0,86
54306,5,"{""single"":[""solutions/game_5/single/rest-010111/top"",""solutions/game_5/single/rest-001011/bot""],""total"":[""solutions/game_5/single/rest-010111/top"",""solutions/game_5/single/rest-001011/bot""]}","[0,1,0,1,1,1]","[0,0,1,0,1,1]",2,2,2,5,away_win,away,0,85
54307,1,"{""single"":[""solutions/game_1/single/rest-111111/top"",""solutions/game_1/single/rest-111111/bot""],""total"":[""solutions/game_1/total/rest-111111/top"",""solutions/game_1/total/rest-111111/bot""]}","[1,1,1,1,1,1]","[1,1,1,1,1,1]",0,0,5,3,home_win,home,0,83
54307,2,"{""single"":[""solutions/game_2/single/rest-110100/top"",""solutions/game_2/single/rest-111011/bot""],""total"":[""solutions/game_2/total/rest-110100/top"",""solutions/game_2/total/rest-111011/bot""]}","[1,1,0,1,0,0]","[1,1,1,0,1,1]",1,0,3,4,away_win,away,0,86
54307,3,"{""single"":[""solutions/game_3/single/rest-101011/top"",""solutions/game_3/single/rest-110110/bot""],""total"":[""solutions/game_3/total/rest-101011/top"",""solutions/game_3/total/rest-110110/bot""]}","[1,0,1,0,1,1]","[1,1,0,1,1,0]",1,1,1,5,away_win,away,0,74
54307,4,"{""single"":[""solutions/game_4/single/rest-010101/top"",""solutions/game_4/single/rest-111111/bot""],""total"":[""solutions/game_4/total/rest-010101/top"",""solutions/game_4/total/rest-111111/bot""]}","[0,1,0,1,0,1]","[1,1,1,1,1,1]",1,2,6,7,away_win,away,0,86
54307,5,"{""single"":[""solutions/game_5/single/rest-101010/top"",""solutions/game_5/single/rest-111110/bot""],""total"":[""solutions/game_5/single/rest-101010/top"",""solutions/game_5/single/rest-111110/bot""]}","[1,0,1,0,1,0]","[1,1,1,1,1,0]",1,3,9,5,home_win,home,1,86
54308,1,"{""single"":[""solutions/game_1/single/rest-111111/top"",""solutions/game_1/single/rest-111111/bot""],""total"":[""solutions/game_1/total/rest-111111/top"",""solutions/game_1/total/rest-111111/bot""]}","[1,1,1,1,1,1]","[1,1,1,1,1,1]",0,0,0,5,away_win,away,0,77
54308,2,"{""single"":[""solutions/game_2/single/rest-010011/top"",""solutions/game_2/single/rest-111110/bot""],""total"":[""solutions/game_2/total/rest-010011/top"",""solutions/game_2/total/rest-111110/bot""]}","[0,1,0,0,1,1]","[1,1,1,1,1,0]",0,1,5,8,away_win,away,0,86
54308,3,"{""single"":[""solutions/game_3/single/rest-101110/top"",""solutions/game_3/single/rest-101111/bot""],""total"":[""solutions/game_3/total/rest-101110/top"",""solutions/game_3/total/rest-101111/bot""]}","[1,0,1,1,1,0]","[1,0,1,1,1,1]",0,2,4,0,home_win,home,0,77
54308,4,"{""single"":[""solutions/game_4/single/rest-110101/top"",""solutions/game_4/single/rest-111110/bot""],""total"":[""solutions/game_4/total/rest-110101/top"",""solutions/game_4/total/rest-111110/bot""]}","[1,1,0,1,0,1]","[1,1,1,1,1,0]",1,2,2,3,away_win,away,0,77
54308,5,"{""single"":[""solutions/game_5/single/rest-111010/top"",""solutions/game_5/single/rest-001111/bot""],""total"":[""solutions/game_5/single/rest-111010/top"",""solutions/game_5/single/rest-001111/bot""]}","[1,1,1,0,1,0]","[0,0,1,1,1,1]",1,3,10,1,home_win,home,1,48
54309,1,"{""single"":[""solutions/game_1/single/rest-111111/top"",""solutions/game_1/single/rest-111111/bot""],""total"":[""solutions/game_1/total/rest-111111/top"",""solutions/game_1/total/rest-111111/bot""]}","[1,1,1,1,1,1]","[1,1,1,1,1,1]",0,0,2,1,home_win,home,0,63
54309,2,"{""single"":[""solutions/game_2/single/rest-111011/top"",""solutions/game_2/single/rest-010111/bot""],""total"":[""solutions/game_2/total/rest-111011/top"",""solutions/game_2/total/rest-010111/bot""]}","[1,1,1,0,1,1]","[0,1,0,1,1,1]",1,0,2,8,away_win,away,0,79
54309,3,"{""single"":[""solutions/game_3/single/rest-011111/top"",""solutions/game_3/single/rest-111100/bot""],""total"":[""solutions/game_3/total/rest-011111/top"",""solutions/game_3/total/rest-111100/bot""]}","[0,1,1,1,1,1]","[1,1,1,1,0,0]",1,1,4,0,home_win,home,0,71
54309,4,"{""single"":[""solutions/game_4/single/rest-010001/top"",""solutions/game_4/single/rest-011101/bot""],""total"":[""solutions/game_4/total/rest-010001/top"",""solutions/game_4/total/rest-011101/bot""]}","[0,1,0,0,0,1]","[0,1,1,1,0,1]",2,1,4,1,home_win,home,0,77
54309,5,"{""single"":[""solutions/game_5/single/rest-101110/top"",""solutions/game_5/single/rest-111011/bot""],""total"":[""solutions/game_5/single/rest-101110/top"",""solutions/game_5/single/rest-111011/bot""]}","[1,0,1,1,1,0]","[1,1,1,0,1,1]",3,1,3,5,away_win,away,1,84
54310,1,"{""single"":[""solutions/game_1/single/rest-111111/top"",""solutions/game_1/single/rest-111111/bot""],""total"":[""solutions/game_1/total/rest-111111/top"",""solutions/game_1/total/rest-111111/bot""]}","[1,1,1,1,1,1]","[1,1,1,1,1,1]",0,0,3,1,home_win,home,0,80
54310,2,"{""single"":[""solutions/game_2/single/rest-010011/top"",""solutions/game_2/single/rest-111010/bot""],""total"":[""solutions/game_2/total/rest-010011/top"",""solutions/game_2/total/rest-111010/bot""]}","[0,1,0,0,1,1]","[1,1,1,0,1,0]",1,0,5,6,away_win,away,0,92
54310,3,"{""single"":[""solutions/game_3/single/rest-111100/top"",""solutions/game_3/single/rest-100111/bot""],""total"":[""solutions/game_3/total/rest-111100/top"",""solutions/game_3/total/rest-100111/bot""]}","[1,1,1,1,0,0]","[1,0,0,1,1,1]",1,1,4,9,away_win,away,0,90
54310,4,"{""single"":[""solutions/game_4/single/rest-011010/top"",""solutions/game_4/single/rest-011101/bot""],""total"":[""solutions/game_4/total/rest-011010/top"",""solutions/game_4/total/rest-011101/bot""]}","[0,1,1,0,1,0]","[0,1,1,1,0,1]",1,2,4,6,away_win,away,0,86
54310,5,"{""single"":[""solutions/game_5/single/rest-101101/top"",""solutions/game_5/single/rest-001010/bot""],""total"":[""solutions/game_5/single/rest-101101/top"",""solutions/game_5/single/rest-001010/bot""]}","[1,0,1,1,0,1]","[0,0,1,0,1,0]",1,3,1,4,away_win,away,1,76
54311,1,"{""single"":[""solutions/game_1/single/rest-111111/top"",""solutions/game_1/single/rest-111111/bot""],""total"":[""solutions/game_1/total/rest-111111/top"",""solutions/game_1/total/rest-111111/bot""]}","[1,1,1,1,1,1]","[1,1,1,1,1,1]",0,0,1,2,away_win,away,0,75
54311,2,"{""single"":[""solutions/game_2/single/rest-110001/top"",""solutions/game_2/single/rest-101110/bot""],""total"":[""solutions/game_2/total/rest-110001/top"",""solutions/game_2/total/rest-101110/bot""]}","[1,1,0,0,0,1]","[1,0,1,1,1,0]",0,1,1,2,away_win,away,0,79
54311,3,"{""single"":[""solutions/game_3/single/rest-000110/top"",""solutions/game_3/single/rest-010011/bot""],""total"":[""solutions/game_3/total/rest-000110/top"",""solutions/game_3/total/rest-010011/bot""]}","[0,0,0,1,1,0]","[0,1,0,0,1,1]",0,2,4,5,away_win,away,0,90
54311,4,"{""single"":[""solutions/game_4/single/rest-111001/top"",""solutions/game_4/single/rest-101100/bot""],""total"":[""solutions/game_4/total/rest-111001/top"",""solutions/game_4/total/rest-101100/bot""]}","[1,1,1,0,0,1]","[1,0,1,1,0,0]",0,3,3,8,away_win,away,1,85
54311,5,"{""single"":[""solutions/game_5/single/rest-110111/top"",""solutions/game_5/single/rest-110111/bot""],""total"":[""solutions/game_5/single/rest-110111/top"",""solutions/game_5/single/rest-110111/bot""]}","[1,1,0,1,1,1]","[1,1,0,1,1,1]",0,4,2,4,away_win,away,1,85
54312,1,"{""single"":[""solutions/game_1/single/rest-111111/top"",""solutions/game_1/single/rest-111111/bot""],""total"":[""solutions/game_1/total/rest-111111/top"",""solutions/game_1/total/rest-111111/bot""]}","[1,1,1,1,1,1]","[1,1,1,1,1,1]",0,0,9,1,home_win,home,0,73
54312,2,"{""single"":[""solutions/game_2/single/rest-111111/top"",""solutions/game_2/single/rest-111111/bot""],""total"":[""solutions/game_2/total/rest-111111/top"",""solutions/game_2/total/rest-111111/bot""]}","[1,1,1,1,1,1]","[1,1,1,1,1,1]",1,0,4,3,home_win,home,0,76
54312,3,"{""single"":[""solutions/game_3/single/rest-011001/top"",""solutions/game_3/single/rest-101111/bot""],""total"":[""solutions/game_3/total/rest-011001/top"",""solutions/game_3/total/rest-101111/bot""]}","[0,1,1,0,0,1]","[1,0,1,1,1,1]",2,0,5,8,away_win,away,0,91
54312,4,"{""single"":[""solutions/game_4/single/rest-111110/top"",""solutions/game_4/single/rest-011000/bot""],""total"":[""solutions/game_4/total/rest-111110/top"",""solutions/game_4/total/rest-011000/bot""]}","[1,1,1,1,1,0]","[0,1,1,0,0,0]",2,1,9,11,away_win,away,0,93
54312,5,"{""single"":[""solutions/game_5/single/rest-000000/top"",""solutions/game_5/single/rest-110111/bot""],""total"":[""solutions/game_5/single/rest-000000/top"",""solutions/game_5/single/rest-110111/bot""]}","[0,0,0,0,0,0]","[1,1,0,1,1,1]",2,2,7,15,away_win,away,0,94
54313,1,"{""single"":[""solutions/game_1/single/rest-111111/top"",""solutions/game_1/single/rest-111111/bot""],""total"":[""solutions/game_1/total/rest-111111/top"",""solutions/game_1/total/rest-111111/bot""]}","[1,1,1,1,1,1]","[1,1,1,1,1,1]",0,0,1,2,away_win,away,0,75
54313,2,"{""single"":[""solutions/game_2/single/rest-111001/top"",""solutions/game_2/single/rest-101010/bot""],""total"":[""solutions/game_2/total/rest-111001/top"",""solutions/game_2/total/rest-101010/bot""]}","[1,1,1,0,0,1]","[1,0,1,0,1,0]",0,1,4,3,home_win,home,0,81
54313,3,"{""single"":[""solutions/game_3/single/rest-000110/top"",""solutions/game_3/single/rest-111111/bot""],""total"":[""solutions/game_3/total/rest-000110/top"",""solutions/game_3/total/rest-111111/bot""]}","[0,0,0,1,1,0]","[1,1,1,1,1,1]",1,1,1,4,away_win,away,0,81
54313,4,"{""single"":[""solutions/game_4/single/rest-111001/top"",""solutions/game_4/single/rest-011111/bot""],""total"":[""solutions/game_4/total/rest-111001/top"",""solutions/game_4/total/rest-011111/bot""]}","[1,1,1,0,0,1]","[0,1,1,1,1,1]",1,2,5,8,away_win,away,0,87
54313,5,"{""single"":[""solutions/game_5/single/rest-010111/top"",""solutions/game_5/single/rest-001110/bot""],""total"":[""solutions/game_5/single/rest-010111/top"",""solutions/game_5/single/rest-001110/bot""]}","[0,1,0,1,1,1]","[0,0,1,1,1,0]",1,3,1,3,away_win,away,1,73
54314,1,"{""single"":[""solutions/game_1/single/rest-111111/top"",""solutions/game_1/single/rest-111111/bot""],""total"":[""solutions/game_1/total/rest-111111/top"",""solutions/game_1/total/rest-111111/bot""]}","[1,1,1,1,1,1]","[1,1,1,1,1,1]",0,0,3,6,away_win,away,0,84
54314,2,"{""single"":[""solutions/game_2/single/rest-110001/top"",""solutions/game_2/single/rest-111111/bot""],""total"":[""solutions/game_2/total/rest-110001/top"",""solutions/game_2/total/rest-111111/bot""]}","[1,1,0,0,0,1]","[1,1,1,1,1,1]",0,1,5,6,away_win,away,0,89
54314,3,"{""single"":[""solutions/game_3/single/rest-011111/top"",""solutions/game_3/single/rest-001111/bot""],""total"":[""solutions/game_3/total/rest-011111/top"",""solutions/game_3/total/rest-001111/bot""]}","[0,1,1,1,1,1]","[0,0,1,1,1,1]",0,2,2,4,away_win,away,0,84
54314,4,"{""single"":[""solutions/game_4/single/rest-111011/top"",""solutions/game_4/single/rest-111010/bot""],""total"":[""solutions/game_4/total/rest-111011/top"",""solutions/game_4/total/rest-111010/bot""]}","[1,1,1,0,1,1]","[1,1,1,0,1,0]",0,3,8,4,home_win,home,1,83
54314,5,"{""single"":[""solutions/game_5/single/rest-010100/top"",""solutions/game_5/single/rest-000111/bot""],""total"":[""solutions/game_5/single/rest-010100/top"",""solutions/game_5/single/rest-000111/bot""]}","[0,1,0,1,0,0]","[0,0,0,1,1,1]",1,3,1,8,away_win,away,1,78
54315,1,"{""single"":[""solutions/game_1/single/rest-111111/top"",""solutions/game_1/single/rest-111111/bot""],""total"":[""solutions/game_1/total/rest-111111/top"",""solutions/game_1/total/rest-111111/bot""]}","[1,1,1,1,1,1]","[1,1,1,1,1,1]",0,0,2,4,away_win,away,0,81
54315,2,"{""single"":[""solutions/game_2/single/rest-110011/top"",""solutions/game_2/single/rest-001110/bot""],""total"":[""solutions/game_2/total/rest-110011/top"",""solutions/game_2/total/rest-001110/bot""]}","[1,1,0,0,1,1]","[0,0,1,1,1,0]",0,1,3,7,away_win,away,0,84
54315,3,"{""single"":[""solutions/game_3/single/rest-010100/top"",""solutions/game_3/single/rest-111001/bot""],""total"":[""solutions/game_3/total/rest-010100/top"",""solutions/game_3/total/rest-111001/bot""]}","[0,1,0,1,0,0]","[1,1,1,0,0,1]",0,2,4,2,home_win,home,0,81
54315,4,"{""single"":[""solutions/game_4/single/rest-101011/top"",""solutions/game_4/single/rest-011111/bot""],""total"":[""solutions/game_4/total/rest-101011/top"",""solutions/game_4/total/rest-011111/bot""]}","[1,0,1,0,1,1]","[0,1,1,1,1,1]",1,2,6,4,home_win,home,0,75
54315,5,"{""single"":[""solutions/game_5/single/rest-110100/top"",""solutions/game_5/single/rest-011010/bot""],""total"":[""solutions/game_5/single/rest-110100/top"",""solutions/game_5/single/rest-011010/bot""]}","[1,1,0,1,0,0]","[0,1,1,0,1,0]",2,2,7,3,home_win,home,0,82
54316,1,"{""single"":[""solutions/game_1/single/rest-111111/top"",""solutions/game_1/single/rest-111111/bot""],""total"":[""solutions/game_1/total/rest-111111/top"",""solutions/game_1/total/rest-111111/bot""]}","[1,1,1,1,1,1]","[1,1,1,1,1,1]",0,0,0,3,away_win,away,0,73
54316,2,"{""single"":[""solutions/game_2/single/rest-011001/top"",""solutions/game_2/single/rest-011111/bot""],""total"":[""solutions/game_2/total/rest-011001/top"",""solutions/game_2/total/rest-011111/bot""]}","[0,1,1,0,0,1]","[0,1,1,1,1,1]",0,1,7,4,home_win,home,0,87
54316,3,"{""single"":[""solutions/game_3/single/rest-000110/top"",""solutions/game_3/single/rest-110111/bot""],""total"":[""solutions/game_3/total/rest-000110/top"",""solutions/game_3/total/rest-110111/bot""]}","[0,0,0,1,1,0]","[1,1,0,1,1,1]",1,1,9,1,home_win,home,0,45
54316,4,"{""single"":[""solutions/game_4/single/rest-111111/top"",""solutions/game_4/single/rest-111111/bot""],""total"":[""solutions/game_4/total/rest-111111/top"",""solutions/game_4/total/rest-111111/bot""]}","[1,1,1,1,1,1]","[1,1,1,1,1,1]",2,1,7,6,home_win,home,0,82
54316,5,"{""single"":[""solutions/game_5/single/rest-010000/top"",""solutions/game_5/single/rest-110110/bot""],""total"":[""solutions/game_5/single/rest-010000/top"",""solutions/game_5/single/rest-110110/bot""]}","[0,1,0,0,0,0]","[1,1,0,1,1,0]",3,1,3,10,away_win,away,1,84
54317,1,"{""single"":[""solutions/game_1/single/rest-111111/top"",""solutions/game_1/single/rest-111111/bot""],""total"":[""solutions/game_1/total/rest-111111/top"",""solutions/game_1/total/rest-111111/bot""]}","[1,1,1,1,1,1]","[1,1,1,1,1,1]",0,0,9,1,home_win,home,0,66
54317,2,"{""single"":[""solutions/game_2/single/rest-111101/top"",""solutions/game_2/single/rest-111111/bot""],""total"":[""solutions/game_2/total/rest-111101/top"",""solutions/game_2/total/rest-111111/bot""]}","[1,1,1,1,0,1]","[1,1,1,1,1,1]",1,0,1,5,away_win,away,0,79
54317,3,"{""single"":[""solutions/game_3/single/rest-010101/top"",""solutions/game_3/single/rest-111101/bot""],""total"":[""solutions/game_3/total/rest-010101/top"",""solutions/game_3/total/rest-111101/bot""]}","[0,1,0,1,0,1]","[1,1,1,1,0,1]",1,1,8,4,home_win,home,0,84
54317,4,"{""single"":[""solutions/game_4/single/rest-001110/top"",""solutions/game_4/single/rest-111110/bot""],""total"":[""solutions/game_4/total/rest-001110/top"",""solutions/game_4/total/rest-111110/bot""]}","[0,0,1,1,1,0]","[1,1,1,1,1,0]",2,1,6,13,away_win,away,0,97
54317,5,"{""single"":[""solutions/game_5/single/rest-110001/top"",""solutions/game_5/single/rest-011111/bot""],""total"":[""solutions/game_5/single/rest-110001/top"",""solutions/game_5/single/rest-011111/bot""]}","[1,1,0,0,0,1]","[0,1,1,1,1,1]",2,2,2,10,away_win,away,0,74
54318,1,"{""single"":[""solutions/game_1/single/rest-111111/top"",""solutions/game_1/single/rest-111111/bot""],""total"":[""solutions/game_1/total/rest-111111/top"",""solutions/game_1/total/rest-111111/bot""]}","[1,1,1,1,1,1]","[1,1,1,1,1,1]",0,0,5,3,home_win,home,0,75
54318,2,"{""single"":[""solutions/game_2/single/rest-010001/top"",""solutions/game_2/single/rest-111100/bot""],""total"":[""solutions/game_2/total/rest-010001/top"",""solutions/game_2/total/rest-111100/bot""]}","[0,1,0,0,0,1]","[1,1,1,1,0,0]",1,0,3,12,away_win,away,0,76
54318,3,"{""single"":[""solutions/game_3/single/rest-111111/top"",""solutions/game_3/single/rest-111100/bot""],""total"":[""solutions/game_3/total/rest-111111/top"",""solutions/game_3/total/rest-111100/bot""]}","[1,1,1,1,1,1]","[1,1,1,1,0,0]",1,1,12,4,home_win,home,0,81
54318,4,"{""single"":[""solutions/game_4/single/rest-011111/top"",""solutions/game_4/single/rest-010111/bot""],""total"":[""solutions/game_4/total/rest-011111/top"",""solutions/game_4/total/rest-010111/bot""]}","[0,1,1,1,1,1]","[0,1,0,1,1,1]",2,1,6,7,away_win,away,0,96
54318,5,"{""single"":[""solutions/game_5/single/rest-110101/top"",""solutions/game_5/single/rest-111000/bot""],""total"":[""solutions/game_5/single/rest-110101/top"",""solutions/game_5/single/rest-111000/bot""]}","[1,1,0,1,0,1]","[1,1,1,0,0,0]",2,2,8,3,home_win,home,0,79
54319,1,"{""single"":[""solutions/game_1/single/rest-111111/top"",""solutions/game_1/single/rest-111111/bot""],""total"":[""solutions/game_1/total/rest-111111/top"",""solutions/game_1/total/rest-111111/bot""]}","[1,1,1,1,1,1]","[1,1,1,1,1,1]",0,0,3,0,home_win,home,0,68
54319,2,"{""single"":[""solutions/game_2/single/rest-110111/top"",""solutions/game_2/single/rest-111111/bot""],""total"":[""solutions/game_2/total/rest-110111/top"",""solutions/game_2/total/rest-111111/bot""]}","[1,1,0,1,1,1]","[1,1,1,1,1,1]",1,0,4,2,home_win,home,0,73
54319,3,"{""single"":[""solutions/game_3/single/rest-110101/top"",""solutions/game_3/single/rest-111001/bot""],""total"":[""solutions/game_3/total/rest-110101/top"",""solutions/game_3/total/rest-111001/bot""]}","[1,1,0,1,0,1]","[1,1,1,0,0,1]",2,0,2,4,away_win,away,0,83
54319,4,"{""single"":[""solutions/game_4/single/rest-011011/top"",""solutions/game_4/single/rest-101000/bot""],""total"":[""solutions/game_4/total/rest-011011/top"",""solutions/game_4/total/rest-101000/bot""]}","[0,1,1,0,1,1]","[1,0,1,0,0,0]",2,1,8,0,home_win,home,0,60
54319,5,"{""single"":[""solutions/game_5/single/rest-010111/top"",""solutions/game_5/single/rest-111110/bot""],""total"":[""solutions/game_5/single/rest-010111/top"",""solutions/game_5/single/rest-111110/bot""]}","[0,1,0,1,1,1]","[1,1,1,1,1,0]",3,1,5,6,away_win,away,1,93
54320,1,"{""single"":[""solutions/game_1/single/rest-111111/top"",""solutions/game_1/single/rest-111111/bot""],""total"":[""solutions/game_1/total/rest-111111/top"",""solutions/game_1/total/rest-111111/bot""]}","[1,1,1,1,1,1]","[1,1,1,1,1,1]",0,0,3,5,away_win,away,0,76
54320,2,"{""single"":[""solutions/game_2/single/rest-010111/top"",""solutions/game_2/single/rest-011111/bot""],""total"":[""solutions/game_2/total/rest-010111/top"",""solutions/game_2/total/rest-011111/bot""]}","[0,1,0,1,1,1]","[0,1,1,1,1,1]",0,1,7,6,home_win,home,0,99
54320,3,"{""single"":[""solutions/game_3/single/rest-101001/top"",""solutions/game_3/single/rest-100011/bot""],""total"":[""solutions/game_3/total/rest-101001/top"",""solutions/game_3/total/rest-100011/bot""]}","[1,0,1,0,0,1]","[1,0,0,0,1,1]",1,1,4,7,away_win,away,0,90
54320,4,"{""single"":[""solutions/game_4/single/rest-110110/top"",""solutions/game_4/single/rest-010100/bot""],""total"":[""solutions/game_4/total/rest-110110/top"",""solutions/game_4/total/rest-010100/bot""]}","[1,1,0,1,1,0]","[0,1,0,1,0,0]",1,2,8,4,home_win,home,0,85
54320,5,"{""single"":[""solutions/game_5/single/rest-111001/top"",""solutions/game_5/single/rest-111101/bot""],""total"":[""solutions/game_5/single/rest-111001/top"",""solutions/game_5/single/rest-111101/bot""]}","[1,1,1,0,0,1]","[1,1,1,1,0,1]",2,2,2,1,home_win,home,0,68
54321,1,"{""single"":[""solutions/game_1/single/rest-111111/top"",""solutions/game_1/single/rest-111111/bot""],""total"":[""solutions/game_1/total/rest-111111/top"",""solutions/game_1/total/rest-111111/bot""]}","[1,1,1,1,1,1]","[1,1,1,1,1,1]",0,0,3,1,home_win,home,0,74
54321,2,"{""single"":[""solutions/game_2/single/rest-111010/top"",""solutions/game_2/single/rest-110110/bot""],""total"":[""solutions/game_2/total/rest-111010/top"",""solutions/game_2/total/rest-110110/bot""]}","[1,1,1,0,1,0]","[1,1,0,1,1,0]",1,0,8,0,home_win,home,0,61
54321,3,"{""single"":[""solutions/game_3/single/rest-111111/top"",""solutions/game_3/single/rest-111101/bot""],""total"":[""solutions/game_3/total/rest-111111/top"",""solutions/game_3/total/rest-111101/bot""]}","[1,1,1,1,1,1]","[1,1,1,1,0,1]",2,0,12,6,home_win,home,0,86
54321,4,"{""single"":[""solutions/game_4/single/rest-110100/top"",""solutions/game_4/single/rest-011110/bot""],""total"":[""solutions/game_4/total/rest-110100/top"",""solutions/game_4/total/rest-011110/bot""]}","[1,1,0,1,0,0]","[0,1,1,1,1,0]",3,0,2,5,away_win,away,1,79
54321,5,"{""single"":[""solutions/game_5/single/rest-011111/top"",""solutions/game_5/single/rest-110101/bot""],""total"":[""solutions/game_5/single/rest-011111/top"",""solutions/game_5/single/rest-110101/bot""]}","[0,1,1,1,1,1]","[1,1,0,1,0,1]",3,1,12,4,home_win,home,1,54
54322,1,"{""single"":[""solutions/game_1/single/rest-111111/top"",""solutions/game_1/single/rest-111111/bot""],""total"":[""solutions/game_1/total/rest-111111/top"",""solutions/game_1/total/rest-111111/bot""]}","[1,1,1,1,1,1]","[1,1,1,1,1,1]",0,0,3,1,home_win,home,0,73
54322,2,"{""single"":[""solutions/game_2/single/rest-110101/top"",""solutions/game_2/single/rest-010111/bot""],""total"":[""solutions/game_2/total/rest-110101/top"",""solutions/game_2/total/rest-010111/bot""]}","[1,1,0,1,0,1]","[0,1,0,1,1,1]",1,0,3,2,home_win,home,0,87
54322,3,"{""single"":[""solutions/game_3/single/rest-111011/top"",""solutions/game_3/single/rest-111000/bot""],""total"":[""solutions/game_3/total/rest-111011/top"",""solutions/game_3/total/rest-111000/bot""]}","[1,1,1,0,1,1]","[1,1,1,0,0,0]",2,0,2,0,home_win,home,0,79
54322,4,"{""single"":[""solutions/game_4/single/rest-000111/top"",""solutions/game_4/single/rest-101111/bot""],""total"":[""solutions/game_4/total/rest-000111/top"",""solutions/game_4/total/rest-101111/bot""]}","[0,0,0,1,1,1]","[1,0,1,1,1,1]",3,0,0,8,away_win,away,1,60
54322,5,"{""single"":[""solutions/game_5/single/rest-111001/top"",""solutions/game_5/single/rest-111101/bot""],""total"":[""solutions/game_5/single/rest-111001/top"",""solutions/game_5/single/rest-111101/bot""]}","[1,1,1,0,0,1]","[1,1,1,1,0,1]",3,1,5,7,away_win,away,1,89
54323,1,"{""single"":[""solutions/game_1/single/rest-111111/top"",""solutions/game_1/single/rest-111111/bot""],""total"":[""solutions/game_1/total/rest-111111/top"",""solutions/game_1/total/rest-111111/bot""]}","[1,1,1,1,1,1]","[1,1,1,1,1,1]",0,0,7,6,home_win,home,0,78
54323,2,"{""single"":[""solutions/game_2/single/rest-011001/top"",""solutions/game_2/single/rest-111110/bot""],""total"":[""solutions/game_2/total/rest-011001/top"",""solutions/game_2/total/rest-111110/bot""]}","[0,1,1,0,0,1]","[1,1,1,1,1,0]",1,0,4,3,home_win,home,0,79
54323,3,"{""single"":[""solutions/game_3/single/rest-110110/top"",""solutions/game_3/single/rest-011011/bot""],""total"":[""solutions/game_3/total/rest-110110/top"",""solutions/game_3/total/rest-011011/bot""]}","[1,1,0,1,1,0]","[0,1,1,0,1,1]",2,0,6,5,home_win,home,0,97
54323,4,"{""single"":[""solutions/game_4/single/rest-001001/top"",""solutions/game_4/single/rest-001010/bot""],""total"":[""solutions/game_4/total/rest-001001/top"",""solutions/game_4/total/rest-001010/bot""]}","[0,0,1,0,0,1]","[0,0,1,0,1,0]",3,0,8,11,away_win,away,1,98
54323,5,"{""single"":[""solutions/game_5/single/rest-111110/top"",""solutions/game_5/single/rest-111101/bot""],""total"":[""solutions/game_5/single/rest-111110/top"",""solutions/game_5/single/rest-111101/bot""]}","[1,1,1,1,1,0]","[1,1,1,1,0,1]",3,1,2,7,away_win,away,1,92
54324,1,"{""single"":[""solutions/game_1/single/rest-111111/top"",""solutions/game_1/single/rest-111111/bot""],""total"":[""solutions/game_1/total/rest-111111/top"",""solutions/game_1/total/rest-111111/bot""]}","[1,1,1,1,1,1]","[1,1,1,1,1,1]",0,0,2,0,home_win,home,0,69
54324,2,"{""single"":[""solutions/game_2/single/rest-010011/top"",""solutions/game_2/single/rest-001111/bot""],""total"":[""solutions/game_2/total/rest-010011/top"",""solutions/game_2/total/rest-001111/bot""]}","[0,1,0,0,1,1]","[0,0,1,1,1,1]",1,0,5,4,home_win,home,0,85
54324,3,"{""single"":[""solutions/game_3/single/rest-101000/top"",""solutions/game_3/single/rest-100011/bot""],""total"":[""solutions/game_3/total/rest-101000/top"",""solutions/game_3/total/rest-100011/bot""]}","[1,0,1,0,0,0]","[1,0,0,0,1,1]",2,0,6,9,away_win,away,0,93
54324,4,"{""single"":[""solutions/game_4/single/rest-011011/top"",""solutions/game_4/single/rest-001111/bot""],""total"":[""solutions/game_4/total/rest-011011/top"",""solutions/game_4/total/rest-001111/bot""]}","[0,1,1,0,1,1]","[0,0,1,1,1,1]",2,1,1,3,away_win,away,0,73
54324,5,"{""single"":[""solutions/game_5/single/rest-111110/top"",""solutions/game_5/single/rest-111001/bot""],""total"":[""solutions/game_5/single/rest-111110/top"",""solutions/game_5/single/rest-111001/bot""]}","[1,1,1,1,1,0]","[1,1,1,0,0,1]",2,2,4,3,home_win,home,0,80
54325,1,"{""single"":[""solutions/game_1/single/rest-111111/top"",""solutions/game_1/single/rest-111111/bot""],""total"":[""solutions/game_1/total/rest-111111/top"",""solutions/game_1/total/rest-111111/bot""]}","[1,1,1,1,1,1]","[1,1,1,1,1,1]",0,0,1,2,away_win,away,0,79
54325,2,"{""single"":[""solutions/game_2/single/rest-010001/top"",""solutions/game_2/single/rest-111010/bot""],""total"":[""solutions/game_2/total/rest-010001/top"",""solutions/game_2/total/rest-111010/bot""]}","[0,1,0,0,0,1]","[1,1,1,0,1,0]",0,1,1,0,home_win,home,0,73
54325,3,"{""single"":[""solutions/game_3/single/rest-111110/top"",""solutions/game_3/single/rest-101101/bot""],""total"":[""solutions/game_3/total/rest-111110/top"",""solutions/game_3/total/rest-101101/bot""]}","[1,1,1,1,1,0]","[1,0,1,1,0,1]",1,1,4,2,home_win,home,0,76
54325,4,"{""single"":[""solutions/game_4/single/rest-011011/top"",""solutions/game_4/single/rest-001111/bot""],""total"":[""solutions/game_4/total/rest-011011/top"",""solutions/game_4/total/rest-001111/bot""]}","[0,1,1,0,1,1]","[0,0,1,1,1,1]",2,1,5,14,away_win,away,0,81
54325,5,"{""single"":[""solutions/game_5/single/rest-111111/top"",""solutions/game_5/single/rest-111101/bot""],""total"":[""solutions/game_5/single/rest-111111/top"",""solutions/game_5/single/rest-111101/bot""]}","[1,1,1,1,1,1]","[1,1,1,1,0,1]",2,2,4,5,away_win,away,0,87
54326,1,"{""single"":[""solutions/game_1/single/rest-111111/top"",""solutions/game_1/single/rest-111111/bot""],""total"":[""solutions/game_1/total/rest-111111/top"",""solutions/game_1/total/rest-111111/bot""]}","[1,1,1,1,1,1]","[1,1,1,1,1,1]",0,0,4,3,home_win,home,0,88
54326,2,"{""single"":[""solutions/game_2/single/rest-110011/top"",""solutions/game_2/single/rest-001010/bot""],""total"":[""solutions/game_2/total/rest-110011/top"",""solutions/game_2/total/rest-001010/bot""]}","[1,1,0,0,1,1]","[0,0,1,0,1,0]",1,0,4,0,home_win,home,0,78
54326,3,"{""single"":[""solutions/game_3/single/rest-111100/top"",""solutions/game_3/single/rest-111001/bot""],""total"":[""solutions/game_3/total/rest-111100/top"",""solutions/game_3/total/rest-111001/bot""]}","[1,1,1,1,0,0]","[1,1,1,0,0,1]",2,0,3,5,away_win,away,0,77
54326,4,"{""single"":[""solutions/game_4/single/rest-010011/top"",""solutions/game_4/single/rest-011111/bot""],""total"":[""solutions/game_4/total/rest-010011/top"",""solutions/game_4/total/rest-011111/bot""]}","[0,1,0,0,1,1]","[0,1,1,1,1,1]",2,1,7,8,away_win,away,0,89
54326,5,"{""single"":[""solutions/game_5/single/rest-101001/top"",""solutions/game_5/single/rest-011011/bot""],""total"":[""solutions/game_5/single/rest-101001/top"",""solutions/game_5/single/rest-011011/bot""]}","[1,0,1,0,0,1]","[0,1,1,0,1,1]",2,2,3,1,home_win,home,0,67
54327,1,"{""single"":[""solutions/game_1/single/rest-111111/top"",""solutions/game_1/single/rest-111111/bot""],""total"":[""solutions/game_1/total/rest-111111/top"",""solutions/game_1/total/rest-111111/bot""]}","[1,1,1,1,1,1]","[1,1,1,1,1,1]",0,0,1,7,away_win,away,0,86
54327,2,"{""single"":[""solutions/game_2/single/rest-011001/top"",""solutions/game_2/single/rest-111100/bot""],""total"":[""solutions/game_2/total/rest-011001/top"",""solutions/game_2/total/rest-111100/bot""]}","[0,1,1,0,0,1]","[1,1,1,1,0,0]",0,1,4,3,home_win,home,0,75
54327,3,"{""single"":[""solutions/game_3/single/rest-100110/top"",""solutions/game_3/single/rest-011111/bot""],""total"":[""solutions/game_3/total/rest-100110/top"",""solutions/game_3/total/rest-011111/bot""]}","[1,0,0,1,1,0]","[0,1,1,1,1,1]",1,1,1,6,away_win,away,0,75
54327,4,"{""single"":[""solutions/game_4/single/rest-011100/top"",""solutions/game_4/single/rest-111011/bot""],""total"":[""solutions/game_4/total/rest-011100/top"",""solutions/game_4/total/rest-111011/bot""]}","[0,1,1,1,0,0]","[1,1,1,0,1,1]",1,2,11,3,home_win,home,0,76
54327,5,"{""single"":[""solutions/game_5/single/rest-111011/top"",""solutions/game_5/single/rest-111011/bot""],""total"":[""solutions/game_5/single/rest-111011/top"",""solutions/game_5/single/rest-111011/bot""]}","[1,1,1,0,1,1]","[1,1,1,0,1,1]",2,2,3,6,away_win,away,0,78
54328,1,"{""single"":[""solutions/game_1/single/rest-111111/top"",""solutions/game_1/single/rest-111111/bot""],""total"":[""solutions/game_1/total/rest-111111/top"",""solutions/game_1/total/rest-111111/bot""]}","[1,1,1,1,1,1]","[1,1,1,1,1,1]",0,0,6,4,home_win,home,0,74
54328,2,"{""single"":[""solutions/game_2/single/rest-011011/top"",""solutions/game_2/single/rest-111110/bot""],""total"":[""solutions/game_2/total/rest-011011/top"",""solutions/game_2/total/rest-111110/bot""]}","[0,1,1,0,1,1]","[1,1,1,1,1,0]",1,0,6,4,home_win,home,0,97
54328,3,"{""single"":[""solutions/game_3/single/rest-100110/top"",""solutions/game_3/single/rest-010001/bot""],""total"":[""solutions/game_3/total/rest-100110/top"",""solutions/game_3/total/rest-010001/bot""]}","[1,0,0,1,1,0]","[0,1,0,0,0,1]",2,0,5,2,home_win,home,0,73
54328,4,"{""single"":[""solutions/game_4/single/rest-111011/top"",""solutions/game_4/single/rest-101111/bot""],""total"":[""solutions/game_4/total/rest-111011/top"",""solutions/game_4/total/rest-101111/bot""]}","[1,1,1,0,1,1]","[1,0,1,1,1,1]",3,0,9,0,home_win,home,1,45
54328,5,"{""single"":[""solutions/game_5/single/rest-111111/top"",""solutions/game_5/single/rest-111111/bot""],""total"":[""solutions/game_5/single/rest-111111/top"",""solutions/game_5/single/rest-111111/bot""]}","[1,1,1,1,1,1]","[1,1,1,1,1,1]",4,0,4,2,home_win,home,1,78
54329,1,"{""single"":[""solutions/game_1/single/rest-111111/top"",""solutions/game_1/single/rest-111111/bot""],""total"":[""solutions/game_1/total/rest-111111/top"",""solutions/game_1/total/rest-111111/bot""]}","[1,1,1,1,1,1]","[1,1,1,1,1,1]",0,0,8,0,home_win,home,0,21
54329,2,"{""single"":[""solutions/game_2/single/rest-111111/top"",""solutions/game_2/single/rest-111111/bot""],""total"":[""solutions/game_2/total/rest-111111/top"",""solutions/game_2/total/rest-111111/bot""]}","[1,1,1,1,1,1]","[1,1,1,1,1,1]",1,0,2,5,away_win,away,0,87
54329,3,"{""single"":[""solutions/game_3/single/rest-010001/top"",""solutions/game_3/single/rest-011010/bot""],""total"":[""solutions/game_3/total/rest-010001/top"",""solutions/game_3/total/rest-011010/bot""]}","[0,1,0,0,0,1]","[0,1,1,0,1,0]",1,1,10,0,home_win,home,0,34
54329,4,"{""single"":[""solutions/game_4/single/rest-111111/top"",""solutions/game_4/single/rest-111111/bot""],""total"":[""solutions/game_4/total/rest-111111/top"",""solutions/game_4/total/rest-111111/bot""]}","[1,1,1,1,1,1]","[1,1,1,1,1,1]",2,1,8,4,home_win,home,0,90
54329,5,"{""single"":[""solutions/game_5/single/rest-110000/top"",""solutions/game_5/single/rest-110110/bot""],""total"":[""solutions/game_5/single/rest-110000/top"",""solutions/game_5/single/rest-110110/bot""]}","[1,1,0,0,0,0]","[1,1,0,1,1,0]",3,1,7,4,home_win,home,1,74
54330,1,"{""single"":[""solutions/game_1/single/rest-111111/top"",""solutions/game_1/single/rest-111111/bot""],""total"":[""solutions/game_1/total/rest-111111/top"",""solutions/game_1/total/rest-111111/bot""]}","[1,1,1,1,1,1]","[1,1,1,1,1,1]",0,0,4,2,home_win,home,0,68
54330,2,"{""single"":[""solutions/game_2/single/rest-111101/top"",""solutions/game_2/single/rest-111111/bot""],""total"":[""solutions/game_2/total/rest-111101/top"",""solutions/game_2/total/rest-111111/bot""]}","[1,1,1,1,0,1]","[1,1,1,1,1,1]",1,0,7,5,home_win,home,0,79
54330,3,"{""single"":[""solutions/game_3/single/rest-110101/top"",""solutions/game_3/single/rest-011111/bot""],""total"":[""solutions/game_3/total/rest-110101/top"",""solutions/game_3/total/rest-011111/bot""]}","[1,1,0,1,0,1]","[0,1,1,1,1,1]",2,0,6,3,home_win,home,0,77
54330,4,"{""single"":[""solutions/game_4/single/rest-111011/top"",""solutions/game_4/single/rest-110111/bot""],""total"":[""solutions/game_4/total/rest-111011/top"",""solutions/game_4/total/rest-110111/bot""]}","[1,1,1,0,1,1]","[1,1,0,1,1,1]",3,0,1,9,away_win,away,1,43
54330,5,"{""single"":[""solutions/game_5/single/rest-111111/top"",""solutions/game_5/single/rest-111111/bot""],""total"":[""solutions/game_5/single/rest-111111/top"",""solutions/game_5/single/rest-111111/bot""]}","[1,1,1,1,1,1]","[1,1,1,1,1,1]",3,1,4,4,tie,home,1,89
54331,1,"{""single"":[""solutions/game_1/single/rest-111111/top"",""solutions/game_1/single/rest-111111/bot""],""total"":[""solutions/game_1/total/rest-111111/top"",""solutions/game_1/total/rest-111111/bot""]}","[1,1,1,1,1,1]","[1,1,1,1,1,1]",0,0,9,0,home_win,home,0,33
54331,2,"{""single"":[""solutions/game_2/single/rest-111111/top"",""solutions/game_2/single/rest-111111/bot""],""total"":[""solutions/game_2/total/rest-111111/top"",""solutions/game_2/total/rest-111111/bot""]}","[1,1,1,1,1,1]","[1,1,1,1,1,1]",1,0,7,2,home_win,home,0,82
54331,3,"{""single"":[""solutions/game_3/single/rest-011000/top"",""solutions/game_3/single/rest-110111/bot""],""total"":[""solutions/game_3/total/rest-011000/top"",""solutions/game_3/total/rest-110111/bot""]}","[0,1,1,0,0,0]","[1,1,0,1,1,1]",2,0,5,6,away_win,away,0,90
54331,4,"{""single"":[""solutions/game_4/single/rest-100111/top"",""solutions/game_4/single/rest-011010/bot""],""total"":[""solutions/game_4/total/rest-100111/top"",""solutions/game_4/total/rest-011010/bot""]}","[1,0,0,1,1,1]","[0,1,1,0,1,0]",2,1,1,9,away_win,away,0,43
54331,5,"{""single"":[""solutions/game_5/single/rest-011111/top"",""solutions/game_5/single/rest-111010/bot""],""total"":[""solutions/game_5/single/rest-011111/top"",""solutions/game_5/single/rest-111010/bot""]}","[0,1,1,1,1,1]","[1,1,1,0,1,0]",2,2,10,2,home_win,home,0,66
54332,1,"{""single"":[""solutions/game_1/single/rest-111111/top"",""solutions/game_1/single/rest-111111/bot""],""total"":[""solutions/game_1/total/rest-111111/top"",""solutions/game_1/total/rest-111111/bot""]}","[1,1,1,1,1,1]","[1,1,1,1,1,1]",0,0,0,8,away_win,away,0,69
54332,2,"{""single"":[""solutions/game_2/single/rest-111001/top"",""solutions/game_2/single/rest-111111/bot""],""total"":[""solutions/game_2/total/rest-111001/top"",""solutions/game_2/total/rest-111111/bot""]}","[1,1,1,0,0,1]","[1,1,1,1,1,1]",0,1,7,1,home_win,home,0,70
54332,3,"{""single"":[""solutions/game_3/single/rest-111110/top"",""solutions/game_3/single/rest-111111/bot""],""total"":[""solutions/game_3/total/rest-111110/top"",""solutions/game_3/total/rest-111111/bot""]}","[1,1,1,1,1,0]","[1,1,1,1,1,1]",1,1,1,1,tie,home,0,79
54332,4,"{""single"":[""solutions/game_4/single/rest-110001/top"",""solutions/game_4/single/rest-101111/bot""],""total"":[""solutions/game_4/total/rest-110001/top"",""solutions/game_4/total/rest-101111/bot""]}","[1,1,0,0,0,1]","[1,0,1,1,1,1]",2,1,4,5,away_win,away,0,82
54332,5,"{""single"":[""solutions/game_5/single/rest-101110/top"",""solutions/game_5/single/rest-110110/bot""],""total"":[""solutions/game_5/single/rest-101110/top"",""solutions/game_5/single/rest-110110/bot""]}","[1,0,1,1,1,0]","[1,1,0,1,1,0]",2,2,5,4,home_win,home,0,87
54333,1,"{""single"":[""solutions/game_1/single/rest-111111/top"",""solutions/game_1/single/rest-111111/bot""],""total"":[""solutions/game_1/total/rest-111111/top"",""solutions/game_1/total/rest-111111/bot""]}","[1,1,1,1,1,1]","[1,1,1,1,1,1]",0,0,2,8,away_win,away,0,84
54333,2,"{""single"":[""solutions/game_2/single/rest-010011/top"",""solutions/game_2/single/rest-011111/bot""],""total"":[""solutions/game_2/total/rest-010011/top"",""solutions/game_2/total/rest-011111/bot""]}","[0,1,0,0,1,1]","[0,1,1,1,1,1]",0,1,11,2,home_win,home,0,49
54333,3,"{""single"":[""solutions/game_3/single/rest-110011/top"",""solutions/game_3/single/rest-110111/bot""],""total"":[""solutions/game_3/total/rest-110011/top"",""solutions/game_3/total/rest-110111/bot""]}","[1,1,0,0,1,1]","[1,1,0,1,1,1]",1,1,6,5,home_win,home,0,88
54333,4,"{""single"":[""solutions/game_4/single/rest-111100/top"",""solutions/game_4/single/rest-101101/bot""],""total"":[""solutions/game_4/total/rest-111100/top"",""solutions/game_4/total/rest-101101/bot""]}","[1,1,1,1,0,0]","[1,0,1,1,0,1]",2,1,6,10,away_win,away,0,99
54333,5,"{""single"":[""solutions/game_5/single/rest-100100/top"",""solutions/game_5/single/rest-011110/bot""],""total"":[""solutions/game_5/single/rest-100100/top"",""solutions/game_5/single/rest-011110/bot""]}","[1,0,0,1,0,0]","[0,1,1,1,1,0]",2,2,0,6,away_win,away,0,78
54334,1,"{""single"":[""solutions/game_1/single/rest-111111/top"",""solutions/game_1/single/rest-111111/bot""],""total"":[""solutions/game_1/total/rest-111111/top"",""solutions/game_1/total/rest-111111/bot""]}","[1,1,1,1,1,1]","[1,1,1,1,1,1]",0,0,3,5,away_win,away,0,79
54334,2,"{""single"":[""solutions/game_2/single/rest-111101/top"",""solutions/game_2/single/rest-001110/bot""],""total"":[""solutions/game_2/total/rest-111101/top"",""solutions/game_2/total/rest-001110/bot""]}","[1,1,1,1,0,1]","[0,0,1,1,1,0]",0,1,0,9,away_win,away,0,25
54334,3,"{""single"":[""solutions/game_3/single/rest-111111/top"",""solutions/game_3/single/rest-111111/bot""],""total"":[""solutions/game_3/total/rest-111111/top"",""solutions/game_3/total/rest-111111/bot""]}","[1,1,1,1,1,1]","[1,1,1,1,1,1]",0,2,5,8,away_win,away,0,89
54334,4,"{""single"":[""solutions/game_4/single/rest-010001/top"",""solutions/game_4/single/rest-011101/bot""],""total"":[""solutions/game_4/total/rest-010001/top"",""solutions/game_4/total/rest-011101/bot""]}","[0,1,0,0,0,1]","[0,1,1,1,0,1]",0,3,7,10,away_win,away,1,105
54334,5,"{""single"":[""solutions/game_5/single/rest-111110/top"",""solutions/game_5/single/rest-100010/bot""],""total"":[""solutions/game_5/single/rest-111110/top"",""solutions/game_5/single/rest-100010/bot""]}","[1,1,1,1,1,0]","[1,0,0,0,1,0]",0,4,4,12,away_win,away,1,87
54335,1,"{""single"":[""solutions/game_1/single/rest-111111/top"",""solutions/game_1/single/rest-111111/bot""],""total"":[""solutions/game_1/total/rest-111111/top"",""solutions/game_1/total/rest-111111/bot""]}","[1,1,1,1,1,1]","[1,1,1,1,1,1]",0,0,4,3,home_win,home,0,78
54335,2,"{""single"":[""solutions/game_2/single/rest-010101/top"",""solutions/game_2/single/rest-111110/bot""],""total"":[""solutions/game_2/total/rest-010101/top"",""solutions/game_2/total/rest-111110/bot""]}","[0,1,0,1,0,1]","[1,1,1,1,1,0]",1,0,6,7,away_win,away,0,89
54335,3,"{""single"":[""solutions/game_3/single/rest-101010/top"",""solutions/game_3/single/rest-000011/bot""],""total"":[""solutions/game_3/total/rest-101010/top"",""solutions/game_3/total/rest-000011/bot""]}","[1,0,1,0,1,0]","[0,0,0,0,1,1]",1,1,5,4,home_win,home,0,74
54335,4,"{""single"":[""solutions/game_4/single/rest-001101/top"",""solutions/game_4/single/rest-111110/bot""],""total"":[""solutions/game_4/total/rest-001101/top"",""solutions/game_4/total/rest-111110/bot""]}","[0,0,1,1,0,1]","[1,1,1,1,1,0]",2,1,8,0,home_win,home,0,49
54335,5,"{""single"":[""solutions/game_5/single/rest-111111/top"",""solutions/game_5/single/rest-111111/bot""],""total"":[""solutions/game_5/single/rest-111111/top"",""solutions/game_5/single/rest-111111/bot""]}","[1,1,1,1,1,1]","[1,1,1,1,1,1]",3,1,4,0,home_win,home,1,72
54336,1,"{""single"":[""solutions/game_1/single/rest-111111/top"",""solutions/game_1/single/rest-111111/bot""],""total"":[""solutions/game_1/total/rest-111111/top"",""solutions/game_1/total/rest-111111/bot""]}","[1,1,1,1,1,1]","[1,1,1,1,1,1]",0,0,1,5,away_win,away,0,78
54336,2,"{""single"":[""solutions/game_2/single/rest-011001/top"",""solutions/game_2/single/rest-011100/bot""],""total"":[""solutions/game_2/total/rest-011001/top"",""solutions/game_2/total/rest-011100/bot""]}","[0,1,1,0,0,1]","[0,1,1,1,0,0]",0,1,6,1,home_win,home,0,73
54336,3,"{""single"":[""solutions/game_3/single/rest-011010/top"",""solutions/game_3/single/rest-111111/bot""],""total"":[""solutions/game_3/total/rest-011010/top"",""solutions/game_3/total/rest-111111/bot""]}","[0,1,1,0,1,0]","[1,1,1,1,1,1]",1,1,3,3,tie,home,0,84
54336,4,"{""single"":[""solutions/game_4/single/rest-111101/top"",""solutions/game_4/single/rest-000011/bot""],""total"":[""solutions/game_4/total/rest-111101/top"",""solutions/game_4/total/rest-000011/bot""]}","[1,1,1,1,0,1]","[0,0,0,0,1,1]",2,1,3,1,home_win,home,0,71
54336,5,"{""single"":[""solutions/game_5/single/rest-110011/top"",""solutions/game_5/single/rest-111110/bot""],""total"":[""solutions/game_5/single/rest-110011/top"",""solutions/game_5/single/rest-111110/bot""]}","[1,1,0,0,1,1]","[1,1,1,1,1,0]",3,1,11,1,home_win,home,1,70
54337,1,"{""single"":[""solutions/game_1/single/rest-111111/top"",""solutions/game_1/single/rest-111111/bot""],""total"":[""solutions/game_1/total/rest-111111/top"",""solutions/game_1/total/rest-111111/bot""]}","[1,1,1,1,1,1]","[1,1,1,1,1,1]",0,0,8,8,tie,home,0,101
54337,2,"{""single"":[""solutions/game_2/single/rest-000000/top"",""solutions/game_2/single/rest-000010/bot""],""total"":[""solutions/game_2/total/rest-000000/top"",""solutions/game_2/total/rest-000010/bot""]}","[0,0,0,0,0,0]","[0,0,0,0,1,0]",1,0,8,0,home_win,home,0,24
54337,3,"{""single"":[""solutions/game_3/single/rest-111011/top"",""solutions/game_3/single/rest-111111/bot""],""total"":[""solutions/game_3/total/rest-111011/top"",""solutions/game_3/total/rest-111111/bot""]}","[1,1,1,0,1,1]","[1,1,1,1,1,1]",2,0,0,6,away_win,away,0,88
54337,4,"{""single"":[""solutions/game_4/single/rest-100100/top"",""solutions/game_4/single/rest-111110/bot""],""total"":[""solutions/game_4/total/rest-100100/top"",""solutions/game_4/total/rest-111110/bot""]}","[1,0,0,1,0,0]","[1,1,1,1,1,0]",2,1,10,7,home_win,home,0,90
54337,5,"{""single"":[""solutions/game_5/single/rest-111001/top"",""solutions/game_5/single/rest-001011/bot""],""total"":[""solutions/game_5/single/rest-111001/top"",""solutions/game_5/single/rest-001011/bot""]}","[1,1,1,0,0,1]","[0,0,1,0,1,1]",3,1,7,8,away_win,away,1,93
54338,1,"{""single"":[""solutions/game_1/single/rest-111111/top"",""solutions/game_1/single/rest-111111/bot""],""total"":[""solutions/game_1/total/rest-111111/top"",""solutions/game_1/total/rest-111111/bot""]}","[1,1,1,1,1,1]","[1,1,1,1,1,1]",0,0,1,2,away_win,away,0,72
54338,2,"{""single"":[""solutions/game_2/single/rest-110111/top"",""solutions/game_2/single/rest-011011/bot""],""total"":[""solutions/game_2/total/rest-110111/top"",""solutions/game_2/total/rest-011011/bot""]}","[1,1,0,1,1,1]","[0,1,1,0,1,1]",0,1,0,8,away_win,away,0,62
54338,3,"{""single"":[""solutions/game_3/single/rest-111001/top"",""solutions/game_3/single/rest-111111/bot""],""total"":[""solutions/game_3/total/rest-111001/top"",""solutions/game_3/total/rest-111111/bot""]}","[1,1,1,0,0,1]","[1,1,1,1,1,1]",0,2,7,5,home_win,home,0,85
54338,4,"{""single"":[""solutions/game_4/single/rest-010111/top"",""solutions/game_4/single/rest-110101/bot""],""total"":[""solutions/game_4/total/rest-010111/top"",""solutions/game_4/total/rest-110101/bot""]}","[0,1,0,1,1,1]","[1,1,0,1,0,1]",1,2,7,6,home_win,home,0,88
54338,5,"{""single"":[""solutions/game_5/single/rest-111010/top"",""solutions/game_5/single/rest-111010/bot""],""total"":[""solutions/game_5/single/rest-111010/top"",""solutions/game_5/single/rest-111010/bot""]}","[1,1,1,0,1,0]","[1,1,1,0,1,0]",2,2,5,10,away_win,away,0,89
54339,1,"{""single"":[""solutions/game_1/single/rest-111111/top"",""solutions/game_1/single/rest-111111/bot""],""total"":[""solutions/game_1/total/rest-111111/top"",""solutions/game_1/total/rest-111111/bot""]}","[1,1,1,1,1,1]","[1,1,1,1,1,1]",0,0,3,8,away_win,away,0,85
54339,2,"{""single"":[""solutions/game_2/single/rest-100111/top"",""solutions/game_2/single/rest-111010/bot""],""total"":[""solutions/game_2/total/rest-100111/top"",""solutions/game_2/total/rest-111010/bot""]}","[1,0,0,1,1,1]","[1,1,1,0,1,0]",0,1,10,1,home_win,home,0,71
54339,3,"{""single"":[""solutions/game_3/single/rest-110110/top"",""solutions/game_3/single/rest-101100/bot""],""total"":[""solutions/game_3/total/rest-110110/top"",""solutions/game_3/total/rest-101100/bot""]}","[1,1,0,1,1,0]","[1,0,1,1,0,0]",1,1,5,9,away_win,away,0,84
54339,4,"{""single"":[""solutions/game_4/single/rest-011101/top"",""solutions/game_4/single/rest-010111/bot""],""total"":[""solutions/game_4/total/rest-011101/top"",""solutions/game_4/total/rest-010111/bot""]}","[0,1,1,1,0,1]","[0,1,0,1,1,1]",1,2,9,1,home_win,home,0,77
54339,5,"{""single"":[""solutions/game_5/single/rest-100111/top"",""solutions/game_5/single/rest-111111/bot""],""total"":[""solutions/game_5/single/rest-100111/top"",""solutions/game_5/single/rest-111111/bot""]}","[1,0,0,1,1,1]","[1,1,1,1,1,1]",2,2,3,6,away_win,away,0,87
54340,1,"{""single"":[""solutions/game_1/single/rest-111111/top"",""solutions/game_1/single/rest-111111/bot""],""total"":[""solutions/game_1/total/rest-111111/top"",""solutions/game_1/total/rest-111111/bot""]}","[1,1,1,1,1,1]","[1,1,1,1,1,1]",0,0,2,7,away_win,away,0,79
54340,2,"{""single"":[""solutions/game_2/single/rest-010001/top"",""solutions/game_2/single/rest-011111/bot""],""total"":[""solutions/game_2/total/rest-010001/top"",""solutions/game_2/total/rest-011111/bot""]}","[0,1,0,0,0,1]","[0,1,1,1,1,1]",0,1,3,12,away_win,away,0,76
54340,3,"{""single"":[""solutions/game_3/single/rest-111111/top"",""solutions/game_3/single/rest-101111/bot""],""total"":[""solutions/game_3/total/rest-111111/top"",""solutions/game_3/total/rest-101111/bot""]}","[1,1,1,1,1,1]","[1,0,1,1,1,1]",0,2,4,5,away_win,away,0,85
54340,4,"{""single"":[""solutions/game_4/single/rest-010000/top"",""solutions/game_4/single/rest-110010/bot""],""total"":[""solutions/game_4/total/rest-010000/top"",""solutions/game_4/total/rest-110010/bot""]}","[0,1,0,0,0,0]","[1,1,0,0,1,0]",0,3,5,6,away_win,away,1,87
54340,5,"{""single"":[""solutions/game_5/single/rest-001111/top"",""solutions/game_5/single/rest-001111/bot""],""total"":[""solutions/game_5/single/rest-001111/top"",""solutions/game_5/single/rest-001111/bot""]}","[0,0,1,1,1,1]","[0,0,1,1,1,1]",0,4,8,5,home_win,home,1,85
54341,1,"{""single"":[""solutions/game_1/single/rest-111111/top"",""solutions/game_1/single/rest-111111/bot""],""total"":[""solutions/game_1/total/rest-111111/top"",""solutions/game_1/total/rest-111111/bot""]}","[1,1,1,1,1,1]","[1,1,1,1,1,1]",0,0,4,3,home_win,home,0,75
54341,2,"{""single"":[""solutions/game_2/single/rest-010101/top"",""solutions/game_2/single/rest-111111/bot""],""total"":[""solutions/game_2/total/rest-010101/top"",""solutions/game_2/total/rest-111111/bot""]}","[0,1,0,1,0,1]","[1,1,1,1,1,1]",1,0,3,4,away_win,away,0,83
54341,3,"{""single"":[""solutions/game_3/single/rest-111010/top"",""solutions/game_3/single/rest-001111/bot""],""total"":[""solutions/game_3/total/rest-111010/top"",""solutions/game_3/total/rest-001111/bot""]}","[1,1,1,0,1,0]","[0,0,1,1,1,1]",1,1,2,6,away_win,away,0,86
54341,4,"{""single"":[""solutions/game_4/single/rest-110111/top"",""solutions/game_4/single/rest-111000/bot""],""total"":[""solutions/game_4/total/rest-110111/top"",""solutions/game_4/total/rest-111000/bot""]}","[1,1,0,1,1,1]","[1,1,1,0,0,0]",1,2,2,0,home_win,home,0,69
54341,5,"{""single"":[""solutions/game_5/single/rest-011001/top"",""solutions/game_5/single/rest-011111/bot""],""total"":[""solutions/game_5/single/rest-011001/top"",""solutions/game_5/single/rest-011111/bot""]}","[0,1,1,0,0,1]","[0,1,1,1,1,1]",2,2,2,9,away_win,away,0,85
54342,1,"{""single"":[""solutions/game_1/single/rest-111111/top"",""solutions/game_1/single/rest-111111/bot""],""total"":[""solutions/game_1/total/rest-111111/top"",""solutions/game_1/total/rest-111111/bot""]}","[1,1,1,1,1,1]","[1,1,1,1,1,1]",0,0,1,6,away_win,away,0,83
54342,2,"{""single"":[""solutions/game_2/single/rest-011011/top"",""solutions/game_2/single/rest-011101/bot""],""total"":[""solutions/game_2/total/rest-011011/top"",""solutions/game_2/total/rest-011101/bot""]}","[0,1,1,0,1,1]","[0,1,1,1,0,1]",0,1,3,9,away_win,away,0,90
54342,3,"{""single"":[""solutions/game_3/single/rest-110000/top"",""solutions/game_3/single/rest-010111/bot""],""total"":[""solutions/game_3/total/rest-110000/top"",""solutions/game_3/total/rest-010111/bot""]}","[1,1,0,0,0,0]","[0,1,0,1,1,1]",0,2,0,8,away_win,away,0,55
54342,4,"{""single"":[""solutions/game_4/single/rest-101111/top"",""solutions/game_4/single/rest-111111/bot""],""total"":[""solutions/game_4/total/rest-101111/top"",""solutions/game_4/total/rest-111111/bot""]}","[1,0,1,1,1,1]","[1,1,1,1,1,1]",0,3,8,0,home_win,home,1,52
54342,5,"{""single"":[""solutions/game_5/single/rest-100111/top"",""solutions/game_5/single/rest-111101/bot""],""total"":[""solutions/game_5/single/rest-100111/top"",""solutions/game_5/single/rest-111101/bot""]}","[1,0,0,1,1,1]","[1,1,1,1,0,1]",1,3,5,7,away_win,away,1,98
54343,1,"{""single"":[""solutions/game_1/single/rest-111111/top"",""solutions/game_1/single/rest-111111/bot""],""total"":[""solutions/game_1/total/rest-111111/top"",""solutions/game_1/total/rest-111111/bot""]}","[1,1,1,1,1,1]","[1,1,1,1,1,1]",0,0,3,7,away_win,away,0,93
54343,2,"{""single"":[""solutions/game_2/single/rest-110101/top"",""solutions/game_2/single/rest-101100/bot""],""total"":[""solutions/game_2/total/rest-110101/top"",""solutions/game_2/total/rest-101100/bot""]}","[1,1,0,1,0,1]","[1,0,1,1,0,0]",0,1,8,0,home_win,home,0,68
54343,3,"{""single"":[""solutions/game_3/single/rest-111110/top"",""solutions/game_3/single/rest-110111/bot""],""total"":[""solutions/game_3/total/rest-111110/top"",""solutions/game_3/total/rest-110111/bot""]}","[1,1,1,1,1,0]","[1,1,0,1,1,1]",1,1,12,8,home_win,home,0,92
54343,4,"{""single"":[""solutions/game_4/single/rest-001111/top"",""solutions/game_4/single/rest-111101/bot""],""total"":[""solutions/game_4/total/rest-001111/top"",""solutions/game_4/total/rest-111101/bot""]}","[0,0,1,1,1,1]","[1,1,1,1,0,1]",2,1,5,10,away_win,away,0,88
54343,5,"{""single"":[""solutions/game_5/single/rest-110010/top"",""solutions/game_5/single/rest-101001/bot""],""total"":[""solutions/game_5/single/rest-110010/top"",""solutions/game_5/single/rest-101001/bot""]}","[1,1,0,0,1,0]","[1,0,1,0,0,1]",2,2,5,2,home_win,home,0,79
54344,1,"{""single"":[""solutions/game_1/single/rest-111111/top"",""solutions/game_1/single/rest-111111/bot""],""total"":[""solutions/game_1/total/rest-111111/top"",""solutions/game_1/total/rest-111111/bot""]}","[1,1,1,1,1,1]","[1,1,1,1,1,1]",0,0,9,6,home_win,home,0,80
54344,2,"{""single"":[""solutions/game_2/single/rest-010001/top"",""solutions/game_2/single/rest-011111/bot""],""total"":[""solutions/game_2/total/rest-010001/top"",""solutions/game_2/total/rest-011111/bot""]}","[0,1,0,0,0,1]","[0,1,1,1,1,1]",1,0,1,0,home_win,home,0,71
54344,3,"{""single"":[""solutions/game_3/single/rest-101110/top"",""solutions/game_3/single/rest-111011/bot""],""total"":[""solutions/game_3/total/rest-101110/top"",""solutions/game_3/total/rest-111011/bot""]}","[1,0,1,1,1,0]","[1,1,1,0,1,1]",2,0,1,3,away_win,away,0,74
54344,4,"{""single"":[""solutions/game_4/single/rest-111011/top"",""solutions/game_4/single/rest-001111/bot""],""total"":[""solutions/game_4/total/rest-111011/top"",""solutions/game_4/total/rest-001111/bot""]}","[1,1,1,0,1,1]","[0,0,1,1,1,1]",2,1,10,6,home_win,home,0,89
54344,5,"{""single"":[""solutions/game_5/single/rest-101101/top"",""solutions/game_5/single/rest-011101/bot""],""total"":[""solutions/game_5/single/rest-101101/top"",""solutions/game_5/single/rest-011101/bot""]}","[1,0,1,1,0,1]","[0,1,1,1,0,1]",3,1,1,5,away_win,away,1,76
54345,1,"{""single"":[""solutions/game_1/single/rest-111111/top"",""solutions/game_1/single/rest-111111/bot""],""total"":[""solutions/game_1/total/rest-111111/top"",""solutions/game_1/total/rest-111111/bot""]}","[1,1,1,1,1,1]","[1,1,1,1,1,1]",0,0,9,4,home_win,home,0,81
54345,2,"{""single"":[""solutions/game_2/single/rest-011001/top"",""solutions/game_2/single/rest-010111/bot""],""total"":[""solutions/game_2/total/rest-011001/top"",""solutions/game_2/total/rest-010111/bot""]}","[0,1,1,0,0,1]","[0,1,0,1,1,1]",1,0,8,3,home_win,home,0,71
54345,3,"{""single"":[""solutions/game_3/single/rest-110110/top"",""solutions/game_3/single/rest-111111/bot""],""total"":[""solutions/game_3/total/rest-110110/top"",""solutions/game_3/total/rest-111111/bot""]}","[1,1,0,1,1,0]","[1,1,1,1,1,1]",2,0,12,3,home_win,home,0,61
54345,4,"{""single"":[""solutions/game_4/single/rest-111111/top"",""solutions/game_4/single/rest-110111/bot""],""total"":[""solutions/game_4/total/rest-111111/top"",""solutions/game_4/total/rest-110111/bot""]}","[1,1,1,1,1,1]","[1,1,0,1,1,1]",3,0,9,8,home_win,home,1,86
54345,5,"{""single"":[""solutions/game_5/single/rest-110100/top"",""solutions/game_5/single/rest-001010/bot""],""total"":[""solutions/game_5/single/rest-110100/top"",""solutions/game_5/single/rest-001010/bot""]}","[1,1,0,1,0,0]","[0,0,1,0,1,0]",4,0,8,7,home_win,home,1,98
54346,1,"{""single"":[""solutions/game_1/single/rest-111111/top"",""solutions/game_1/single/rest-111111/bot""],""total"":[""solutions/game_1/total/rest-111111/top"",""solutions/game_1/total/rest-111111/bot""]}","[1,1,1,1,1,1]","[1,1,1,1,1,1]",0,0,1,0,home_win,home,0,64
54346,2,"{""single"":[""solutions/game_2/single/rest-110001/top"",""solutions/game_2/single/rest-011111/bot""],""total"":[""solutions/game_2/total/rest-110001/top"",""solutions/game_2/total/rest-011111/bot""]}","[1,1,0,0,0,1]","[0,1,1,1,1,1]",1,0,4,3,home_win,home,0,78
54346,3,"{""single"":[""solutions/game_3/single/rest-111110/top"",""solutions/game_3/single/rest-100011/bot""],""total"":[""solutions/game_3/total/rest-111110/top"",""solutions/game_3/total/rest-100011/bot""]}","[1,1,1,1,1,0]","[1,0,0,0,1,1]",2,0,10,2,home_win,home,0,55
54346,4,"{""single"":[""solutions/game_4/single/rest-111111/top"",""solutions/game_4/single/rest-111111/bot""],""total"":[""solutions/game_4/total/rest-111111/top"",""solutions/game_4/total/rest-111111/bot""]}","[1,1,1,1,1,1]","[1,1,1,1,1,1]",3,0,8,0,home_win,home,1,36
54346,5,"{""single"":[""solutions/game_5/single/rest-111111/top"",""solutions/game_5/single/rest-111111/bot""],""total"":[""solutions/game_5/single/rest-111111/top"",""solutions/game_5/single/rest-111111/bot""]}","[1,1,1,1,1,1]","[1,1,1,1,1,1]",4,0,3,6,away_win,away,1,84
54347,1,"{""single"":[""solutions/game_1/single/rest-111111/top"",""solutions/game_1/single/rest-111111/bot""],""total"":[""solutions/game_1/total/rest-111111/top"",""solutions/game_1/total/rest-111111/bot""]}","[1,1,1,1,1,1]","[1,1,1,1,1,1]",0,0,2,13,away_win,away,0,72
54347,2,"{""single"":[""solutions/game_2/single/rest-011011/top"",""solutions/game_2/single/rest-111111/bot""],""total"":[""solutions/game_2/total/rest-011011/top"",""solutions/game_2/total/rest-111111/bot""]}","[0,1,1,0,1,1]","[1,1,1,1,1,1]",0,1,3,3,tie,home,0,82
54347,3,"{""single"":[""solutions/game_3/single/rest-100100/top"",""solutions/game_3/single/rest-111110/bot""],""total"":[""solutions/game_3/total/rest-100100/top"",""solutions/game_3/total/rest-111110/bot""]}","[1,0,0,1,0,0]","[1,1,1,1,1,0]",1,1,8,5,home_win,home,0,85
54347,4,"{""single"":[""solutions/game_4/single/rest-111111/top"",""solutions/game_4/single/rest-111101/bot""],""total"":[""solutions/game_4/total/rest-111111/top"",""solutions/game_4/total/rest-111101/bot""]}","[1,1,1,1,1,1]","[1,1,1,1,0,1]",2,1,11,2,home_win,home,0,65
54347,5,"{""single"":[""solutions/game_5/single/rest-110111/top"",""solutions/game_5/single/rest-110111/bot""],""total"":[""solutions/game_5/single/rest-110111/top"",""solutions/game_5/single/rest-110111/bot""]}","[1,1,0,1,1,1]","[1,1,0,1,1,1]",3,1,2,6,away_win,away,1,88
54348,1,"{""single"":[""solutions/game_1/single/rest-111111/top"",""solutions/game_1/single/rest-111111/bot""],""total"":[""solutions/game_1/total/rest-111111/top"",""solutions/game_1/total/rest-111111/bot""]}","[1,1,1,1,1,1]","[1,1,1,1,1,1]",0,0,2,1,home_win,home,0,73
54348,2,"{""single"":[""solutions/game_2/single/rest-010001/top"",""solutions/game_2/single/rest-011011/bot""],""total"":[""solutions/game_2/total/rest-010001/top"",""solutions/game_2/total/rest-011011/bot""]}","[0,1,0,0,0,1]","[0,1,1,0,1,1]",1,0,9,1,home_win,home,0,51
54348,3,"{""single"":[""solutions/game_3/single/rest-111111/top"",""solutions/game_3/single/rest-111111/bot""],""total"":[""solutions/game_3/total/rest-111111/top"",""solutions/game_3/total/rest-111111/bot""]}","[1,1,1,1,1,1]","[1,1,1,1,1,1]",2,0,1,5,away_win,away,0,83
54348,4,"{""single"":[""solutions/game_4/single/rest-010011/top"",""solutions/game_4/single/rest-011110/bot""],""total"":[""solutions/game_4/total/rest-010011/top"",""solutions/game_4/total/rest-011110/bot""]}","[0,1,0,0,1,1]","[0,1,1,1,1,0]",2,1,3,11,away_win,away,0,62
54348,5,"{""single"":[""solutions/game_5/single/rest-111110/top"",""solutions/game_5/single/rest-111111/bot""],""total"":[""solutions/game_5/single/rest-111110/top"",""solutions/game_5/single/rest-111111/bot""]}","[1,1,1,1,1,0]","[1,1,1,1,1,1]",2,2,0,3,away_win,away,0,74
54349,1,"{""single"":[""solutions/game_1/single/rest-111111/top"",""solutions/game_1/single/rest-111111/bot""],""total"":[""solutions/game_1/total/rest-111111/top"",""solutions/game_1/total/rest-111111/bot""]}","[1,1,1,1,1,1]","[1,1,1,1,1,1]",0,0,2,7,away_win,away,0,86
54349,2,"{""single"":[""solutions/game_2/single/rest-011000/top"",""solutions/game_2/single/rest-111110/bot""],""total"":[""solutions/game_2/total/rest-011000/top"",""solutions/game_2/total/rest-111110/bot""]}","[0,1,1,0,0,0]","[1,1,1,1,1,0]",0,1,3,5,away_win,away,0,90
54349,3,"{""single"":[""solutions/game_3/single/rest-110111/top"",""solutions/game_3/single/rest-001011/bot""],""total"":[""solutions/game_3/total/rest-110111/top"",""solutions/game_3/total/rest-001011/bot""]}","[1,1,0,1,1,1]","[0,0,1,0,1,1]",0,2,2,6,away_win,away,0,76
54349,4,"{""single"":[""solutions/game_4/single/rest-011100/top"",""solutions/game_4/single/rest-111110/bot""],""total"":[""solutions/game_4/total/rest-011100/top"",""solutions/game_4/total/rest-111110/bot""]}","[0,1,1,1,0,0]","[1,1,1,1,1,0]",0,3,6,8,away_win,away,1,92
54349,5,"{""single"":[""solutions/game_5/single/rest-100010/top"",""solutions/game_5/single/rest-000111/bot""],""total"":[""solutions/game_5/single/rest-100010/top"",""solutions/game_5/single/rest-000111/bot""]}","[1,0,0,0,1,0]","[0,0,0,1,1,1]",0,4,0,9,away_win,away,1,73
54350,1,"{""single"":[""solutions/game_1/single/rest-111111/top"",""solutions/game_1/single/rest-111111/bot""],""total"":[""solutions/game_1/total/rest-111111/top"",""solutions/game_1/total/rest-111111/bot""]}","[1,1,1,1,1,1]","[1,1,1,1,1,1]",0,0,4,2,home_win,home,0,79
54350,2,"{""single"":[""solutions/game_2/single/rest-011000/top"",""solutions/game_2/single/rest-011111/bot""],""total"":[""solutions/game_2/total/rest-011000/top"",""solutions/game_2/total/rest-011111/bot""]}","[0,1,1,0,0,0]","[0,1,1,1,1,1]",1,0,8,8,tie,away,0,99
54350,3,"{""single"":[""solutions/game_3/single/rest-111111/top"",""solutions/game_3/single/rest-111001/bot""],""total"":[""solutions/game_3/total/rest-111111/top"",""solutions/game_3/total/rest-111001/bot""]}","[1,1,1,1,1,1]","[1,1,1,0,0,1]",1,1,8,5,home_win,home,0,78
54350,4,"{""single"":[""solutions/game_4/single/rest-011000/top"",""solutions/game_4/single/rest-011001/bot""],""total"":[""solutions/game_4/total/rest-011000/top"",""solutions/game_4/total/rest-011001/bot""]}","[0,1,1,0,0,0]","[0,1,1,0,0,1]",2,1,6,5,home_win,home,0,89
54350,5,"{""single"":[""solutions/game_5/single/rest-101111/top"",""solutions/game_5/single/rest-110110/bot""],""total"":[""solutions/game_5/single/rest-101111/top"",""solutions/game_5/single/rest-110110/bot""]}","[1,0,1,1,1,1]","[1,1,0,1,1,0]",3,1,6,3,home_win,home,1,75
54351,1,"{""single"":[""solutions/game_1/single/rest-111111/top"",""solutions/game_1/single/rest-111111/bot""],""total"":[""solutions/game_1/total/rest-111111/top"",""solutions/game_1/total/rest-111111/bot""]}","[1,1,1,1,1,1]","[1,1,1,1,1,1]",0,0,8,0,home_win,home,0,49
54351,2,"{""single"":[""solutions/game_2/single/rest-111111/top"",""solutions/game_2/single/rest-111111/bot""],""total"":[""solutions/game_2/total/rest-111111/top"",""solutions/game_2/total/rest-111111/bot""]}","[1,1,1,1,1,1]","[1,1,1,1,1,1]",1,0,9,0,home_win,home,0,62
54351,3,"{""single"":[""solutions/game_3/single/rest-111101/top"",""solutions/game_3/single/rest-110111/bot""],""total"":[""solutions/game_3/total/rest-111101/top"",""solutions/game_3/total/rest-110111/bot""]}","[1,1,1,1,0,1]","[1,1,0,1,1,1]",2,0,6,5,home_win,home,0,89
54351,4,"{""single"":[""solutions/game_4/single/rest-110010/top"",""solutions/game_4/single/rest-001011/bot""],""total"":[""solutions/game_4/total/rest-110010/top"",""solutions/game_4/total/rest-001011/bot""]}","[1,1,0,0,1,0]","[0,0,1,0,1,1]",3,0,4,9,away_win,away,1,92
54351,5,"{""single"":[""solutions/game_5/single/rest-011101/top"",""solutions/game_5/single/rest-111100/bot""],""total"":[""solutions/game_5/single/rest-011101/top"",""solutions/game_5/single/rest-111100/bot""]}","[0,1,1,1,0,1]","[1,1,1,1,0,0]",3,1,0,4,away_win,away,1,76
54352,1,"{""single"":[""solutions/game_1/single/rest-111111/top"",""solutions/game_1/single/rest-111111/bot""],""total"":[""solutions/game_1/total/rest-111111/top"",""solutions/game_1/total/rest-111111/bot""]}","[1,1,1,1,1,1]","[1,1,1,1,1,1]",0,0,8,3,home_win,home,0,76
54352,2,"{""single"":[""solutions/game_2/single/rest-111011/top"",""solutions/game_2/single/rest-101011/bot""],""total"":[""solutions/game_2/total/rest-111011/top"",""solutions/game_2/total/rest-101011/bot""]}","[1,1,1,0,1,1]","[1,0,1,0,1,1]",1,0,1,1,tie,away,0,90
54352,3,"{""single"":[""solutions/game_3/single/rest-011000/top"",""solutions/game_3/single/rest-011100/bot""],""total"":[""solutions/game_3/total/rest-011000/top"",""solutions/game_3/total/rest-011100/bot""]}","[0,1,1,0,0,0]","[0,1,1,1,0,0]",1,1,2,1,home_win,home,0,71
54352,4,"{""single"":[""solutions/game_4/single/rest-111111/top"",""solutions/game_4/single/rest-110111/bot""],""total"":[""solutions/game_4/total/rest-111111/top"",""solutions/game_4/total/rest-110111/bot""]}","[1,1,1,1,1,1]","[1,1,0,1,1,1]",2,1,3,4,away_win,away,0,86
54352,5,"{""single"":[""solutions/game_5/single/rest-010110/top"",""solutions/game_5/single/rest-101010/bot""],""total"":[""solutions/game_5/single/rest-010110/top"",""solutions/game_5/single/rest-101010/bot""]}","[0,1,0,1,1,0]","[1,0,1,0,1,0]",2,2,4,2,home_win,home,0,67
54353,1,"{""single"":[""solutions/game_1/single/rest-111111/top"",""solutions/game_1/single/rest-111111/bot""],""total"":[""solutions/game_1/total/rest-111111/top"",""solutions/game_1/total/rest-111111/bot""]}","[1,1,1,1,1,1]","[1,1,1,1,1,1]",0,0,2,5,away_win,away,0,81
54353,2,"{""single"":[""solutions/game_2/single/rest-010001/top"",""solutions/game_2/single/rest-111010/bot""],""total"":[""solutions/game_2/total/rest-010001/top"",""solutions/game_2/total/rest-111010/bot""]}","[0,1,0,0,0,1]","[1,1,1,0,1,0]",0,1,4,7,away_win,away,0,86
54353,3,"{""single"":[""solutions/game_3/single/rest-111110/top"",""solutions/game_3/single/rest-100101/bot""],""total"":[""solutions/game_3/total/rest-111110/top"",""solutions/game_3/total/rest-100101/bot""]}","[1,1,1,1,1,0]","[1,0,0,1,0,1]",0,2,5,10,away_win,away,0,88
54353,4,"{""single"":[""solutions/game_4/single/rest-100001/top"",""solutions/game_4/single/rest-111110/bot""],""total"":[""solutions/game_4/total/rest-100001/top"",""solutions/game_4/total/rest-111110/bot""]}","[1,0,0,0,0,1]","[1,1,1,1,1,0]",0,3,3,9,away_win,away,1,90
54353,5,"{""single"":[""solutions/game_5/single/rest-011100/top"",""solutions/game_5/single/rest-110101/bot""],""total"":[""solutions/game_5/single/rest-011100/top"",""solutions/game_5/single/rest-110101/bot""]}","[0,1,1,1,0,0]","[1,1,0,1,0,1]",0,4,5,10,away_win,away,1,100
54354,1,"{""single"":[""solutions/game_1/single/rest-111111/top"",""solutions/game_1/single/rest-111111/bot""],""total"":[""solutions/game_1/total/rest-111111/top"",""solutions/game_1/total/rest-111111/bot""]}","[1,1,1,1,1,1]","[1,1,1,1,1,1]",0,0,6,1,home_win,home,0,79
54354,2,"{""single"":[""solutions/game_2/single/rest-010101/top"",""solutions/game_2/single/rest-110011/bot""],""total"":[""solutions/game_2/total/rest-010101/top"",""solutions/game_2/total/rest-110011/bot""]}","[0,1,0,1,0,1]","[1,1,0,0,1,1]",1,0,5,8,away_win,away,0,91
54354,3,"{""single"":[""solutions/game_3/single/rest-100010/top"",""solutions/game_3/single/rest-101100/bot""],""total"":[""solutions/game_3/total/rest-100010/top"",""solutions/game_3/total/rest-101100/bot""]}","[1,0,0,0,1,0]","[1,0,1,1,0,0]",1,1,2,9,away_win,away,0,91
54354,4,"{""single"":[""solutions/game_4/single/rest-010101/top"",""solutions/game_4/single/rest-010111/bot""],""total"":[""solutions/game_4/total/rest-010101/top"",""solutions/game_4/total/rest-010111/bot""]}","[0,1,0,1,0,1]","[0,1,0,1,1,1]",1,2,4,0,home_win,home,0,74
54354,5,"{""single"":[""solutions/game_5/single/rest-110010/top"",""solutions/game_5/single/rest-111100/bot""],""total"":[""solutions/game_5/single/rest-110010/top"",""solutions/game_5/single/rest-111100/bot""]}","[1,1,0,0,1,0]","[1,1,1,1,0,0]",2,2,3,12,away_win,away,0,75
54355,1,"{""single"":[""solutions/game_1/single/rest-111111/top"",""solutions/game_1/single/rest-111111/bot""],""total"":[""solutions/game_1/total/rest-111111/top"",""solutions/game_1/total/rest-111111/bot""]}","[1,1,1,1,1,1]","[1,1,1,1,1,1]",0,0,3,8,away_win,away,0,86
54355,2,"{""single"":[""solutions/game_2/single/rest-010001/top"",""solutions/game_2/single/rest-011101/bot""],""total"":[""solutions/game_2/total/rest-010001/top"",""solutions/game_2/total/rest-011101/bot""]}","[0,1,0,0,0,1]","[0,1,1,1,0,1]",0,1,4,5,away_win,away,0,83
54355,3,"{""single"":[""solutions/game_3/single/rest-101110/top"",""solutions/game_3/single/rest-100111/bot""],""total"":[""solutions/game_3/total/rest-101110/top"",""solutions/game_3/total/rest-100111/bot""]}","[1,0,1,1,1,0]","[1,0,0,1,1,1]",0,2,8,0,home_win,home,0,41
54355,4,"{""single"":[""solutions/game_4/single/rest-101111/top"",""solutions/game_4/single/rest-111111/bot""],""total"":[""solutions/game_4/total/rest-101111/top"",""solutions/game_4/total/rest-111111/bot""]}","[1,0,1,1,1,1]","[1,1,1,1,1,1]",1,2,2,4,away_win,away,0,81
54355,5,"{""single"":[""solutions/game_5/single/rest-110001/top"",""solutions/game_5/single/rest-111110/bot""],""total"":[""solutions/game_5/single/rest-110001/top"",""solutions/game_5/single/rest-111110/bot""]}","[1,1,0,0,0,1]","[1,1,1,1,1,0]",1,3,1,9,away_win,away,1,58
54356,1,"{""single"":[""solutions/game_1/single/rest-111111/top"",""solutions/game_1/single/rest-111111/bot""],""total"":[""solutions/game_1/total/rest-111111/top"",""solutions/game_1/total/rest-111111/bot""]}","[1,1,1,1,1,1]","[1,1,1,1,1,1]",0,0,7,4,home_win,home,0,76
54356,2,"{""single"":[""solutions/game_2/single/rest-110001/top"",""solutions/game_2/single/rest-110101/bot""],""total"":[""solutions/game_2/total/rest-110001/top"",""solutions/game_2/total/rest-110101/bot""]}","[1,1,0,0,0,1]","[1,1,0,1,0,1]",1,0,7,0,home_win,home,0,79
54356,3,"{""single"":[""solutions/game_3/single/rest-101011/top"",""solutions/game_3/single/rest-111101/bot""],""total"":[""solutions/game_3/total/rest-101011/top"",""solutions/game_3/total/rest-111101/bot""]}","[1,0,1,0,1,1]","[1,1,1,1,0,1]",2,0,8,2,home_win,home,0,77
54356,4,"{""single"":[""solutions/game_4/single/rest-101111/top"",""solutions/game_4/single/rest-111111/bot""],""total"":[""solutions/game_4/total/rest-101111/top"",""solutions/game_4/total/rest-111111/bot""]}","[1,0,1,1,1,1]","[1,1,1,1,1,1]",3,0,5,14,away_win,away,1,87
54356,5,"{""single"":[""solutions/game_5/single/rest-000001/top"",""solutions/game_5/single/rest-111010/bot""],""total"":[""solutions/game_5/single/rest-000001/top"",""solutions/game_5/single/rest-111010/bot""]}","[0,0,0,0,0,1]","[1,1,1,0,1,0]",3,1,6,5,home_win,home,1,81
54357,1,"{""single"":[""solutions/game_1/single/rest-111111/top"",""solutions/game_1/single/rest-111111/bot""],""total"":[""solutions/game_1/total/rest-111111/top"",""solutions/game_1/total/rest-111111/bot""]}","[1,1,1,1,1,1]","[1,1,1,1,1,1]",0,0,5,4,home_win,home,0,79
54357,2,"{""single"":[""solutions/game_2/single/rest-010001/top"",""solutions/game_2/single/rest-101110/bot""],""total"":[""solutions/game_2/total/rest-010001/top"",""solutions/game_2/total/rest-101110/bot""]}","[0,1,0,0,0,1]","[1,0,1,1,1,0]",1,0,5,8,away_win,away,0,85
54357,3,"{""single"":[""solutions/game_3/single/rest-101011/top"",""solutions/game_3/single/rest-101101/bot""],""total"":[""solutions/game_3/total/rest-101011/top"",""solutions/game_3/total/rest-101101/bot""]}","[1,0,1,0,1,1]","[1,0,1,1,0,1]",1,1,3,0,home_win,home,0,74
54357,4,"{""single"":[""solutions/game_4/single/rest-110101/top"",""solutions/game_4/single/rest-011111/bot""],""total"":[""solutions/game_4/total/rest-110101/top"",""solutions/game_4/total/rest-011111/bot""]}","[1,1,0,1,0,1]","[0,1,1,1,1,1]",2,1,0,9,away_win,away,0,36
54357,5,"{""single"":[""solutions/game_5/single/rest-111111/top"",""solutions/game_5/single/rest-111111/bot""],""total"":[""solutions/game_5/single/rest-111111/top"",""solutions/game_5/single/rest-111111/bot""]}","[1,1,1,1,1,1]","[1,1,1,1,1,1]",2,2,1,5,away_win,away,0,75
54358,1,"{""single"":[""solutions/game_1/single/rest-111111/top"",""solutions/game_1/single/rest-111111/bot""],""total"":[""solutions/game_1/total/rest-111111/top"",""solutions/game_1/total/rest-111111/bot""]}","[1,1,1,1,1,1]","[1,1,1,1,1,1]",0,0,8,3,home_win,home,0,82
54358,2,"{""single"":[""solutions/game_2/single/rest-011001/top"",""solutions/game_2/single/rest-111111/bot""],""total"":[""solutions/game_2/total/rest-011001/top"",""solutions/game_2/total/rest-111111/bot""]}","[0,1,1,0,0,1]","[1,1,1,1,1,1]",1,0,4,6,away_win,away,0,85
54358,3,"{""single"":[""solutions/game_3/single/rest-101110/top"",""solutions/game_3/single/rest-001110/bot""],""total"":[""solutions/game_3/total/rest-101110/top"",""solutions/game_3/total/rest-001110/bot""]}","[1,0,1,1,1,0]","[0,0,1,1,1,0]",1,1,7,6,home_win,home,0,82
54358,4,"{""single"":[""solutions/game_4/single/rest-101001/top"",""solutions/game_4/single/rest-111111/bot""],""total"":[""solutions/game_4/total/rest-101001/top"",""solutions/game_4/total/rest-111111/bot""]}","[1,0,1,0,0,1]","[1,1,1,1,1,1]",2,1,10,9,home_win,home,0,93
54358,5,"{""single"":[""solutions/game_5/single/rest-010110/top"",""solutions/game_5/single/rest-100011/bot""],""total"":[""solutions/game_5/single/rest-010110/top"",""solutions/game_5/single/rest-100011/bot""]}","[0,1,0,1,1,0]","[1,0,0,0,1,1]",3,1,1,9,away_win,away,1,56
54359,1,"{""single"":[""solutions/game_1/single/rest-111111/top"",""solutions/game_1/single/rest-111111/bot""],""total"":[""solutions/game_1/total/rest-111111/top"",""solutions/game_1/total/rest-111111/bot""]}","[1,1,1,1,1,1]","[1,1,1,1,1,1]",0,0,8,5,home_win,home,0,87
54359,2,"{""single"":[""solutions/game_2/single/rest-110101/top"",""solutions/game_2/single/rest-011110/bot""],""total"":[""solutions/game_2/total/rest-110101/top"",""solutions/game_2/total/rest-011110/bot""]}","[1,1,0,1,0,1]","[0,1,1,1,1,0]",1,0,3,0,home_win,home,0,68
54359,3,"{""single"":[""solutions/game_3/single/rest-011011/top"",""solutions/game_3/single/rest-111100/bot""],""total"":[""solutions/game_3/total/rest-011011/top"",""solutions/game_3/total/rest-111100/bot""]}","[0,1,1,0,1,1]","[1,1,1,1,0,0]",2,0,0,4,away_win,away,0,77
54359,4,"{""single"":[""solutions/game_4/single/rest-011010/top"",""solutions/game_4/single/rest-010111/bot""],""total"":[""solutions/game_4/total/rest-011010/top"",""solutions/game_4/total/rest-010111/bot""]}","[0,1,1,0,1,0]","[0,1,0,1,1,1]",2,1,6,1,home_win,home,0,75
54359,5,"{""single"":[""solutions/game_5/single/rest-010101/top"",""solutions/game_5/single/rest-111101/bot""],""total"":[""solutions/game_5/single/rest-010101/top"",""solutions/game_5/single/rest-111101/bot""]}","[0,1,0,1,0,1]","[1,1,1,1,0,1]",3,1,0,8,away_win,away,1,59
54360,1,"{""single"":[""solutions/game_1/single/rest-111111/top"",""solutions/game_1/single/rest-111111/bot""],""total"":[""solutions/game_1/total/rest-111111/top"",""solutions/game_1/total/rest-111111/bot""]}","[1,1,1,1,1,1]","[1,1,1,1,1,1]",0,0,10,2,home_win,home,0,65
54360,2,"{""single"":[""solutions/game_2/single/rest-111111/top"",""solutions/game_2/single/rest-110111/bot""],""total"":[""solutions/game_2/total/rest-111111/top"",""solutions/game_2/total/rest-110111/bot""]}","[1,1,1,1,1,1]","[1,1,0,1,1,1]",1,0,11,10,home_win,home,0,102
54360,3,"{""single"":[""solutions/game_3/single/rest-001001/top"",""solutions/game_3/single/rest-101001/bot""],""total"":[""solutions/game_3/total/rest-001001/top"",""solutions/game_3/total/rest-101001/bot""]}","[0,0,1,0,0,1]","[1,0,1,0,0,1]",2,0,6,7,away_win,away,0,93
54360,4,"{""single"":[""solutions/game_4/single/rest-110010/top"",""solutions/game_4/single/rest-110111/bot""],""total"":[""solutions/game_4/total/rest-110010/top"",""solutions/game_4/total/rest-110111/bot""]}","[1,1,0,0,1,0]","[1,1,0,1,1,1]",2,1,1,4,away_win,away,0,83
54360,5,"{""single"":[""solutions/game_5/single/rest-011100/top"",""solutions/game_5/single/rest-101110/bot""],""total"":[""solutions/game_5/single/rest-011100/top"",""solutions/game_5/single/rest-101110/bot""]}","[0,1,1,1,0,0]","[1,0,1,1,1,0]",2,2,0,10,away_win,away,0,26
54361,1,"{""single"":[""solutions/game_1/single/rest-111111/top"",""solutions/game_1/single/rest-111111/bot""],""total"":[""solutions/game_1/total/rest-111111/top"",""solutions/game_1/total/rest-111111/bot""]}","[1,1,1,1,1,1]","[1,1,1,1,1,1]",0,0,7,6,home_win,home,0,91
54361,2,"{""single"":[""solutions/game_2/single/rest-110000/top"",""solutions/game_2/single/rest-111000/bot""],""total"":[""solutions/game_2/total/rest-110000/top"",""solutions/game_2/total/rest-111000/bot""]}","[1,1,0,0,0,0]","[1,1,1,0,0,0]",1,0,4,5,away_win,away,0,90
54361,3,"{""single"":[""solutions/game_3/single/rest-001111/top"",""solutions/game_3/single/rest-000111/bot""],""total"":[""solutions/game_3/total/rest-001111/top"",""solutions/game_3/total/rest-000111/bot""]}","[0,0,1,1,1,1]","[0,0,0,1,1,1]",1,1,13,4,home_win,home,0,83
54361,4,"{""single"":[""solutions/game_4/single/rest-100011/top"",""solutions/game_4/single/rest-110111/bot""],""total"":[""solutions/game_4/total/rest-100011/top"",""solutions/game_4/total/rest-110111/bot""]}","[1,0,0,0,1,1]","[1,1,0,1,1,1]",2,1,1,4,away_win,away,0,80
54361,5,"{""single"":[""solutions/game_5/single/rest-011100/top"",""solutions/game_5/single/rest-101111/bot""],""total"":[""solutions/game_5/single/rest-011100/top"",""solutions/game_5/single/rest-101111/bot""]}","[0,1,1,1,0,0]","[1,0,1,1,1,1]",2,2,5,1,home_win,home,0,80
54362,1,"{""single"":[""solutions/game_1/single/rest-111111/top"",""solutions/game_1/single/rest-111111/bot""],""total"":[""solutions/game_1/total/rest-111111/top"",""solutions/game_1/total/rest-111111/bot""]}","[1,1,1,1,1,1]","[1,1,1,1,1,1]",0,0,2,3,away_win,away,0,78
54362,2,"{""single"":[""solutions/game_2/single/rest-110011/top"",""solutions/game_2/single/rest-101110/bot""],""total"":[""solutions/game_2/total/rest-110011/top"",""solutions/game_2/total/rest-101110/bot""]}","[1,1,0,0,1,1]","[1,0,1,1,1,0]",0,1,1,4,away_win,away,0,74
54362,3,"{""single"":[""solutions/game_3/single/rest-011101/top"",""solutions/game_3/single/rest-111101/bot""],""total"":[""solutions/game_3/total/rest-011101/top"",""solutions/game_3/total/rest-111101/bot""]}","[0,1,1,1,0,1]","[1,1,1,1,0,1]",0,2,4,7,away_win,away,0,84
54362,4,"{""single"":[""solutions/game_4/single/rest-100010/top"",""solutions/game_4/single/rest-111101/bot""],""total"":[""solutions/game_4/total/rest-100010/top"",""solutions/game_4/total/rest-111101/bot""]}","[1,0,0,0,1,0]","[1,1,1,1,0,1]",0,3,2,8,away_win,away,1,88
54362,5,"{""single"":[""solutions/game_5/single/rest-011101/top"",""solutions/game_5/single/rest-111110/bot""],""total"":[""solutions/game_5/single/rest-011101/top"",""solutions/game_5/single/rest-111110/bot""]}","[0,1,1,1,0,1]","[1,1,1,1,1,0]",0,4,11,5,home_win,home,1,89
54363,1,"{""single"":[""solutions/game_1/single/rest-111111/top"",""solutions/game_1/single/rest-111111/bot""],""total"":[""solutions/game_1/total/rest-111111/top"",""solutions/game_1/total/rest-111111/bot""]}","[1,1,1,1,1,1]","[1,1,1,1,1,1]",0,0,7,8,away_win,away,0,92
54363,2,"{""single"":[""solutions/game_2/single/rest-001001/top"",""solutions/game_2/single/rest-111001/bot""],""total"":[""solutions/game_2/total/rest-001001/top"",""solutions/game_2/total/rest-111001/bot""]}","[0,0,1,0,0,1]","[1,1,1,0,0,1]",0,1,2,5,away_win,away,0,79
54363,3,"{""single"":[""solutions/game_3/single/rest-110110/top"",""solutions/game_3/single/rest-001111/bot""],""total"":[""solutions/game_3/total/rest-110110/top"",""solutions/game_3/total/rest-001111/bot""]}","[1,1,0,1,1,0]","[0,0,1,1,1,1]",0,2,0,5,away_win,away,0,82
54363,4,"{""single"":[""solutions/game_4/single/rest-001101/top"",""solutions/game_4/single/rest-101111/bot""],""total"":[""solutions/game_4/total/rest-001101/top"",""solutions/game_4/total/rest-101111/bot""]}","[0,0,1,1,0,1]","[1,0,1,1,1,1]",0,3,8,3,home_win,home,1,82
54363,5,"{""single"":[""solutions/game_5/single/rest-011010/top"",""solutions/game_5/single/rest-110111/bot""],""total"":[""solutions/game_5/single/rest-011010/top"",""solutions/game_5/single/rest-110111/bot""]}","[0,1,1,0,1,0]","[1,1,0,1,1,1]",1,3,8,0,home_win,home,1,26
54364,1,"{""single"":[""solutions/game_1/single/rest-111111/top"",""solutions/game_1/single/rest-111111/bot""],""total"":[""solutions/game_1/total/rest-111111/top"",""solutions/game_1/total/rest-111111/bot""]}","[1,1,1,1,1,1]","[1,1,1,1,1,1]",0,0,5,7,away_win,away,0,85
54364,2,"{""single"":[""solutions/game_2/single/rest-110001/top"",""solutions/game_2/single/rest-101010/bot""],""total"":[""solutions/game_2/total/rest-110001/top"",""solutions/game_2/total/rest-101010/bot""]}","[1,1,0,0,0,1]","[1,0,1,0,1,0]",0,1,3,4,away_win,away,0,80
54364,3,"{""single"":[""solutions/game_3/single/rest-011110/top"",""solutions/game_3/single/rest-010101/bot""],""total"":[""solutions/game_3/total/rest-011110/top"",""solutions/game_3/total/rest-010101/bot""]}","[0,1,1,1,1,0]","[0,1,0,1,0,1]",0,2,2,0,home_win,home,0,66
54364,4,"{""single"":[""solutions/game_4/single/rest-110001/top"",""solutions/game_4/single/rest-011110/bot""],""total"":[""solutions/game_4/total/rest-110001/top"",""solutions/game_4/total/rest-011110/bot""]}","[1,1,0,0,0,1]","[0,1,1,1,1,0]",1,2,6,5,home_win,home,0,85
54364,5,"{""single"":[""solutions/game_5/single/rest-011110/top"",""solutions/game_5/single/rest-101101/bot""],""total"":[""solutions/game_5/single/rest-011110/top"",""solutions/game_5/single/rest-101101/bot""]}","[0,1,1,1,1,0]","[1,0,1,1,0,1]",2,2,9,6,home_win,home,0,93
54365,1,"{""single"":[""solutions/game_1/single/rest-111111/top"",""solutions/game_1/single/rest-111111/bot""],""total"":[""solutions/game_1/total/rest-111111/top"",""solutions/game_1/total/rest-111111/bot""]}","[1,1,1,1,1,1]","[1,1,1,1,1,1]",0,0,13,9,home_win,home,0,101
54365,2,"{""single"":[""solutions/game_2/single/rest-010000/top"",""solutions/game_2/single/rest-110101/bot""],""total"":[""solutions/game_2/total/rest-010000/top"",""solutions/game_2/total/rest-110101/bot""]}","[0,1,0,0,0,0]","[1,1,0,1,0,1]",1,0,3,8,away_win,away,0,84
54365,3,"{""single"":[""solutions/game_3/single/rest-100111/top"",""solutions/game_3/single/rest-101001/bot""],""total"":[""solutions/game_3/total/rest-100111/top"",""solutions/game_3/total/rest-101001/bot""]}","[1,0,0,1,1,1]","[1,0,1,0,0,1]",1,1,10,2,home_win,home,0,64
54365,4,"{""single"":[""solutions/game_4/single/rest-111101/top"",""solutions/game_4/single/rest-110111/bot""],""total"":[""solutions/game_4/total/rest-111101/top"",""solutions/game_4/total/rest-110111/bot""]}","[1,1,1,1,0,1]","[1,1,0,1,1,1]",2,1,2,11,away_win,away,0,78
54365,5,"{""single"":[""solutions/game_5/single/rest-010110/top"",""solutions/game_5/single/rest-111110/bot""],""total"":[""solutions/game_5/single/rest-010110/top"",""solutions/game_5/single/rest-111110/bot""]}","[0,1,0,1,1,0]","[1,1,1,1,1,0]",2,2,8,3,home_win,home,0,81
54366,1,"{""single"":[""solutions/game_1/single/rest-111111/top"",""solutions/game_1/single/rest-111111/bot""],""total"":[""solutions/game_1/total/rest-111111/top"",""solutions/game_1/total/rest-111111/bot""]}","[1,1,1,1,1,1]","[1,1,1,1,1,1]",0,0,0,10,away_win,away,0,31
54366,2,"{""single"":[""solutions/game_2/single/rest-111111/top"",""solutions/game_2/single/rest-111111/bot""],""total"":[""solutions/game_2/total/rest-111111/top"",""solutions/game_2/total/rest-111111/bot""]}","[1,1,1,1,1,1]","[1,1,1,1,1,1]",0,1,4,4,tie,home,0,88
54366,3,"{""single"":[""solutions/game_3/single/rest-011011/top"",""solutions/game_3/single/rest-001000/bot""],""total"":[""solutions/game_3/total/rest-011011/top"",""solutions/game_3/total/rest-001000/bot""]}","[0,1,1,0,1,1]","[0,0,1,0,0,0]",1,1,5,3,home_win,home,0,81
54366,4,"{""single"":[""solutions/game_4/single/rest-100101/top"",""solutions/game_4/single/rest-101111/bot""],""total"":[""solutions/game_4/total/rest-100101/top"",""solutions/game_4/total/rest-101111/bot""]}","[1,0,0,1,0,1]","[1,0,1,1,1,1]",2,1,5,1,home_win,home,0,83
54366,5,"{""single"":[""solutions/game_5/single/rest-011110/top"",""solutions/game_5/single/rest-110011/bot""],""total"":[""solutions/game_5/single/rest-011110/top"",""solutions/game_5/single/rest-110011/bot""]}","[0,1,1,1,1,0]","[1,1,0,0,1,1]",3,1,5,4,home_win,home,1,72
54367,1,"{""single"":[""solutions/game_1/single/rest-111111/top"",""solutions/game_1/single/rest-111111/bot""],""total"":[""solutions/game_1/total/rest-111111/top"",""solutions/game_1/total/rest-111111/bot""]}","[1,1,1,1,1,1]","[1,1,1,1,1,1]",0,0,4,7,away_win,away,0,88
54367,2,"{""single"":[""solutions/game_2/single/rest-110001/top"",""solutions/game_2/single/rest-111011/bot""],""total"":[""solutions/game_2/total/rest-110001/top"",""solutions/game_2/total/rest-111011/bot""]}","[1,1,0,0,0,1]","[1,1,1,0,1,1]",0,1,5,3,home_win,home,0,79
54367,3,"{""single"":[""solutions/game_3/single/rest-001011/top"",""solutions/game_3/single/rest-111111/bot""],""total"":[""solutions/game_3/total/rest-001011/top"",""solutions/game_3/total/rest-111111/bot""]}","[0,0,1,0,1,1]","[1,1,1,1,1,1]",1,1,3,3,tie,away,0,85
54367,4,"{""single"":[""solutions/game_4/single/rest-110100/top"",""solutions/game_4/single/rest-101111/bot""],""total"":[""solutions/game_4/total/rest-110100/top"",""solutions/game_4/total/rest-101111/bot""]}","[1,1,0,1,0,0]","[1,0,1,1,1,1]",1,2,4,3,home_win,home,0,91
54367,5,"{""single"":[""solutions/game_5/single/rest-011011/top"",""solutions/game_5/single/rest-110000/bot""],""total"":[""solutions/game_5/single/rest-011011/top"",""solutions/game_5/single/rest-110000/bot""]}","[0,1,1,0,1,1]","[1,1,0,0,0,0]",2,2,10,8,home_win,home,0,85
54368,1,"{""single"":[""solutions/game_1/single/rest-111111/top"",""solutions/game_1/single/rest-111111/bot""],""total"":[""solutions/game_1/total/rest-111111/top"",""solutions/game_1/total/rest-111111/bot""]}","[1,1,1,1,1,1]","[1,1,1,1,1,1]",0,0,5,4,home_win,home,0,94
54368,2,"{""single"":[""solutions/game_2/single/rest-011001/top"",""solutions/game_2/single/rest-001010/bot""],""total"":[""solutions/game_2/total/rest-011001/top"",""solutions/game_2/total/rest-001010/bot""]}","[0,1,1,0,0,1]","[0,0,1,0,1,0]",1,0,4,3,home_win,home,0,76
54368,3,"{""single"":[""solutions/game_3/single/rest-110100/top"",""solutions/game_3/single/rest-111100/bot""],""total"":[""solutions/game_3/total/rest-110100/top"",""solutions/game_3/total/rest-111100/bot""]}","[1,1,0,1,0,0]","[1,1,1,1,0,0]",2,0,0,3,away_win,away,0,80
54368,4,"{""single"":[""solutions/game_4/single/rest-001011/top"",""solutions/game_4/single/rest-101111/bot""],""total"":[""solutions/game_4/total/rest-001011/top"",""solutions/game_4/total/rest-101111/bot""]}","[0,0,1,0,1,1]","[1,0,1,1,1,1]",2,1,9,10,away_win,away,0,92
54368,5,"{""single"":[""solutions/game_5/single/rest-110100/top"",""solutions/game_5/single/rest-100010/bot""],""total"":[""solutions/game_5/single/rest-110100/top"",""solutions/game_5/single/rest-100010/bot""]}","[1,1,0,1,0,0]","[1,0,0,0,1,0]",2,2,0,6,away_win,away,0,76
54369,1,"{""single"":[""solutions/game_1/single/rest-111111/top"",""solutions/game_1/single/rest-111111/bot""],""total"":[""solutions/game_1/total/rest-111111/top"",""solutions/game_1/total/rest-111111/bot""]}","[1,1,1,1,1,1]","[1,1,1,1,1,1]",0,0,9,2,home_win,home,0,83
54369,2,"{""single"":[""solutions/game_2/single/rest-110101/top"",""solutions/game_2/single/rest-110110/bot""],""total"":[""solutions/game_2/total/rest-110101/top"",""solutions/game_2/total/rest-110110/bot""]}","[1,1,0,1,0,1]","[1,1,0,1,1,0]",1,0,1,4,away_win,away,0,82
54369,3,"{""single"":[""solutions/game_3/single/rest-111010/top"",""solutions/game_3/single/rest-101001/bot""],""total"":[""solutions/game_3/total/rest-111010/top"",""solutions/game_3/total/rest-101001/bot""]}","[1,1,1,0,1,0]","[1,0,1,0,0,1]",1,1,3,1,home_win,home,0,69
54369,4,"{""single"":[""solutions/game_4/single/rest-110111/top"",""solutions/game_4/single/rest-011111/bot""],""total"":[""solutions/game_4/total/rest-110111/top"",""solutions/game_4/total/rest-011111/bot""]}","[1,1,0,1,1,1]","[0,1,1,1,1,1]",2,1,2,5,away_win,away,0,85
54369,5,"{""single"":[""solutions/game_5/single/rest-011000/top"",""solutions/game_5/single/rest-111111/bot""],""total"":[""solutions/game_5/single/rest-011000/top"",""solutions/game_5/single/rest-111111/bot""]}","[0,1,1,0,0,0]","[1,1,1,1,1,1]",2,2,3,2,home_win,home,0,78
54370,1,"{""single"":[""solutions/game_1/single/rest-111111/top"",""solutions/game_1/single/rest-111111/bot""],""total"":[""solutions/game_1/total/rest-111111/top"",""solutions/game_1/total/rest-111111/bot""]}","[1,1,1,1,1,1]","[1,1,1,1,1,1]",0,0,3,5,away_win,away,0,82
54370,2,"{""single"":[""solutions/game_2/single/rest-110101/top"",""solutions/game_2/single/rest-111010/bot""],""total"":[""solutions/game_2/total/rest-110101/top"",""solutions/game_2/total/rest-111010/bot""]}","[1,1,0,1,0,1]","[1,1,1,0,1,0]",0,1,2,6,away_win,away,0,88
54370,3,"{""single"":[""solutions/game_3/single/rest-001010/top"",""solutions/game_3/single/rest-000101/bot""],""total"":[""solutions/game_3/total/rest-001010/top"",""solutions/game_3/total/rest-000101/bot""]}","[0,0,1,0,1,0]","[0,0,0,1,0,1]",0,2,7,5,home_win,home,0,91
54370,4,"{""single"":[""solutions/game_4/single/rest-110101/top"",""solutions/game_4/single/rest-101110/bot""],""total"":[""solutions/game_4/total/rest-110101/top"",""solutions/game_4/total/rest-101110/bot""]}","[1,1,0,1,0,1]","[1,0,1,1,1,0]",1,2,12,13,away_win,away,0,101
54370,5,"{""single"":[""solutions/game_5/single/rest-001010/top"",""solutions/game_5/single/rest-010001/bot""],""total"":[""solutions/game_5/single/rest-001010/top"",""solutions/game_5/single/rest-010001/bot""]}","[0,0,1,0,1,0]","[0,1,0,0,0,1]",1,3,8,0,home_win,home,1,76
54371,1,"{""single"":[""solutions/game_1/single/rest-111111/top"",""solutions/game_1/single/rest-111111/bot""],""total"":[""solutions/game_1/total/rest-111111/top"",""solutions/game_1/total/rest-111111/bot""]}","[1,1,1,1,1,1]","[1,1,1,1,1,1]",0,0,3,8,away_win,away,0,88
54371,2,"{""single"":[""solutions/game_2/single/rest-010011/top"",""solutions/game_2/single/rest-010101/bot""],""total"":[""solutions/game_2/total/rest-010011/top"",""solutions/game_2/total/rest-010101/bot""]}","[0,1,0,0,1,1]","[0,1,0,1,0,1]",0,1,5,7,away_win,away,0,98
54371,3,"{""single"":[""solutions/game_3/single/rest-101100/top"",""solutions/game_3/single/rest-101011/bot""],""total"":[""solutions/game_3/total/rest-101100/top"",""solutions/game_3/total/rest-101011/bot""]}","[1,0,1,1,0,0]","[1,0,1,0,1,1]",0,2,7,5,home_win,home,0,78
54371,4,"{""single"":[""solutions/game_4/single/rest-010111/top"",""solutions/game_4/single/rest-011011/bot""],""total"":[""solutions/game_4/total/rest-010111/top"",""solutions/game_4/total/rest-011011/bot""]}","[0,1,0,1,1,1]","[0,1,1,0,1,1]",1,2,6,5,home_win,home,0,82
54371,5,"{""single"":[""solutions/game_5/single/rest-111001/top"",""solutions/game_5/single/rest-111101/bot""],""total"":[""solutions/game_5/single/rest-111001/top"",""solutions/game_5/single/rest-111101/bot""]}","[1,1,1,0,0,1]","[1,1,1,1,0,1]",2,2,2,11,away_win,away,0,76
54372,1,"{""single"":[""solutions/game_1/single/rest-111111/top"",""solutions/game_1/single/rest-111111/bot""],""total"":[""solutions/game_1/total/rest-111111/top"",""solutions/game_1/total/rest-111111/bot""]}","[1,1,1,1,1,1]","[1,1,1,1,1,1]",0,0,11,5,home_win,home,0,87
54372,2,"{""single"":[""solutions/game_2/single/rest-110101/top"",""solutions/game_2/single/rest-010111/bot""],""total"":[""solutions/game_2/total/rest-110101/top"",""solutions/game_2/total/rest-010111/bot""]}","[1,1,0,1,0,1]","[0,1,0,1,1,1]",1,0,6,4,home_win,home,0,87
54372,3,"{""single"":[""solutions/game_3/single/rest-011110/top"",""solutions/game_3/single/rest-111001/bot""],""total"":[""solutions/game_3/total/rest-011110/top"",""solutions/game_3/total/rest-111001/bot""]}","[0,1,1,1,1,0]","[1,1,1,0,0,1]",2,0,7,6,home_win,home,0,94
54372,4,"{""single"":[""solutions/game_4/single/rest-100001/top"",""solutions/game_4/single/rest-100110/bot""],""total"":[""solutions/game_4/total/rest-100001/top"",""solutions/game_4/total/rest-100110/bot""]}","[1,0,0,0,0,1]","[1,0,0,1,1,0]",3,0,2,10,away_win,away,1,83
54372,5,"{""single"":[""solutions/game_5/single/rest-011111/top"",""solutions/game_5/single/rest-010101/bot""],""total"":[""solutions/game_5/single/rest-011111/top"",""solutions/game_5/single/rest-010101/bot""]}","[0,1,1,1,1,1]","[0,1,0,1,0,1]",3,1,6,1,home_win,home,1,83
54373,1,"{""single"":[""solutions/game_1/single/rest-111111/top"",""solutions/game_1/single/rest-111111/bot""],""total"":[""solutions/game_1/total/rest-111111/top"",""solutions/game_1/total/rest-111111/bot""]}","[1,1,1,1,1,1]","[1,1,1,1,1,1]",0,0,3,5,away_win,away,0,89
54373,2,"{""single"":[""solutions/game_2/single/rest-010010/top"",""solutions/game_2/single/rest-001110/bot""],""total"":[""solutions/game_2/total/rest-010010/top"",""solutions/game_2/total/rest-001110/bot""]}","[0,1,0,0,1,0]","[0,0,1,1,1,0]",0,1,8,5,home_win,home,0,83
54373,3,"{""single"":[""solutions/game_3/single/rest-111111/top"",""solutions/game_3/single/rest-101101/bot""],""total"":[""solutions/game_3/total/rest-111111/top"",""solutions/game_3/total/rest-101101/bot""]}","[1,1,1,1,1,1]","[1,0,1,1,0,1]",1,1,3,8,away_win,away,0,88
54373,4,"{""single"":[""solutions/game_4/single/rest-100001/top"",""solutions/game_4/single/rest-011111/bot""],""total"":[""solutions/game_4/total/rest-100001/top"",""solutions/game_4/total/rest-011111/bot""]}","[1,0,0,0,0,1]","[0,1,1,1,1,1]",1,2,1,9,away_win,away,0,73
54373,5,"{""single"":[""solutions/game_5/single/rest-111010/top"",""solutions/game_5/single/rest-111110/bot""],""total"":[""solutions/game_5/single/rest-111010/top"",""solutions/game_5/single/rest-111110/bot""]}","[1,1,1,0,1,0]","[1,1,1,1,1,0]",1,3,4,1,home_win,home,1,78
54374,1,"{""single"":[""solutions/game_1/single/rest-111111/top"",""solutions/game_1/single/rest-111111/bot""],""total"":[""solutions/game_1/total/rest-111111/top"",""solutions/game_1/total/rest-111111/bot""]}","[1,1,1,1,1,1]","[1,1,1,1,1,1]",0,0,3,6,away_win,away,0,85
54374,2,"{""single"":[""solutions/game_2/single/rest-110001/top"",""solutions/game_2/single/rest-001111/bot""],""total"":[""solutions/game_2/total/rest-110001/top"",""solutions/game_2/total/rest-001111/bot""]}","[1,1,0,0,0,1]","[0,0,1,1,1,1]",0,1,8,9,away_win,away,0,90
54374,3,"{""single"":[""solutions/game_3/single/rest-001110/top"",""solutions/game_3/single/rest-110101/bot""],""total"":[""solutions/game_3/total/rest-001110/top"",""solutions/game_3/total/rest-110101/bot""]}","[0,0,1,1,1,0]","[1,1,0,1,0,1]",0,2,4,3,home_win,home,0,78
54374,4,"{""single"":[""solutions/game_4/single/rest-111000/top"",""solutions/game_4/single/rest-111011/bot""],""total"":[""solutions/game_4/total/rest-111000/top"",""solutions/game_4/total/rest-111011/bot""]}","[1,1,1,0,0,0]","[1,1,1,0,1,1]",1,2,3,1,home_win,home,0,72
54374,5,"{""single"":[""solutions/game_5/single/rest-110111/top"",""solutions/game_5/single/rest-101010/bot""],""total"":[""solutions/game_5/single/rest-110111/top"",""solutions/game_5/single/rest-101010/bot""]}","[1,1,0,1,1,1]","[1,0,1,0,1,0]",2,2,4,2,home_win,home,0,72
54375,1,"{""single"":[""solutions/game_1/single/rest-111111/top"",""solutions/game_1/single/rest-111111/bot""],""total"":[""solutions/game_1/total/rest-111111/top"",""solutions/game_1/total/rest-111111/bot""]}","[1,1,1,1,1,1]","[1,1,1,1,1,1]",0,0,1,4,away_win,away,0,80
54375,2,"{""single"":[""solutions/game_2/single/rest-011111/top"",""solutions/game_2/single/rest-101110/bot""],""total"":[""solutions/game_2/total/rest-011111/top"",""solutions/game_2/total/rest-101110/bot""]}","[0,1,1,1,1,1]","[1,0,1,1,1,0]",0,1,10,1,home_win,home,0,45
54375,3,"{""single"":[""solutions/game_3/single/rest-111111/top"",""solutions/game_3/single/rest-111111/bot""],""total"":[""solutions/game_3/total/rest-111111/top"",""solutions/game_3/total/rest-111111/bot""]}","[1,1,1,1,1,1]","[1,1,1,1,1,1]",1,1,9,5,home_win,home,0,81
54375,4,"{""single"":[""solutions/game_4/single/rest-010001/top"",""solutions/game_4/single/rest-111101/bot""],""total"":[""solutions/game_4/total/rest-010001/top"",""solutions/game_4/total/rest-111101/bot""]}","[0,1,0,0,0,1]","[1,1,1,1,0,1]",2,1,2,3,away_win,away,0,85
54375,5,"{""single"":[""solutions/game_5/single/rest-111101/top"",""solutions/game_5/single/rest-101110/bot""],""total"":[""solutions/game_5/single/rest-111101/top"",""solutions/game_5/single/rest-101110/bot""]}","[1,1,1,1,0,1]","[1,0,1,1,1,0]",2,2,2,2,tie,home,0,88
54376,1,"{""single"":[""solutions/game_1/single/rest-111111/top"",""solutions/game_1/single/rest-111111/bot""],""total"":[""solutions/game_1/total/rest-111111/top"",""solutions/game_1/total/rest-111111/bot""]}","[1,1,1,1,1,1]","[1,1,1,1,1,1]",0,0,11,12,away_win,away,0,107
54376,2,"{""single"":[""solutions/game_2/single/rest-010001/top"",""solutions/game_2/single/rest-101001/bot""],""total"":[""solutions/game_2/total/rest-010001/top"",""solutions/game_2/total/rest-101001/bot""]}","[0,1,0,0,0,1]","[1,0,1,0,0,1]",0,1,3,8,away_win,away,0,85
54376,3,"{""single"":[""solutions/game_3/single/rest-101110/top"",""solutions/game_3/single/rest-101111/bot""],""total"":[""solutions/game_3/total/rest-101110/top"",""solutions/game_3/total/rest-101111/bot""]}","[1,0,1,1,1,0]","[1,0,1,1,1,1]",0,2,6,5,home_win,home,0,86
54376,4,"{""single"":[""solutions/game_4/single/rest-010011/top"",""solutions/game_4/single/rest-110010/bot""],""total"":[""solutions/game_4/total/rest-010011/top"",""solutions/game_4/total/rest-110010/bot""]}","[0,1,0,0,1,1]","[1,1,0,0,1,0]",1,2,3,5,away_win,away,0,78
54376,5,"{""single"":[""solutions/game_5/single/rest-101101/top"",""solutions/game_5/single/rest-100111/bot""],""total"":[""solutions/game_5/single/rest-101101/top"",""solutions/game_5/single/rest-100111/bot""]}","[1,0,1,1,0,1]","[1,0,0,1,1,1]",1,3,11,2,home_win,home,1,71
54377,1,"{""single"":[""solutions/game_1/single/rest-111111/top"",""solutions/game_1/single/rest-111111/bot""],""total"":[""solutions/game_1/total/rest-111111/top"",""solutions/game_1/total/rest-111111/bot""]}","[1,1,1,1,1,1]","[1,1,1,1,1,1]",0,0,3,2,home_win,home,0,77
54377,2,"{""single"":[""solutions/game_2/single/rest-111011/top"",""solutions/game_2/single/rest-011110/bot""],""total"":[""solutions/game_2/total/rest-111011/top"",""solutions/game_2/total/rest-011110/bot""]}","[1,1,1,0,1,1]","[0,1,1,1,1,0]",1,0,9,0,home_win,home,0,52
54377,3,"{""single"":[""solutions/game_3/single/rest-111111/top"",""solutions/game_3/single/rest-111111/bot""],""total"":[""solutions/game_3/total/rest-111111/top"",""solutions/game_3/total/rest-111111/bot""]}","[1,1,1,1,1,1]","[1,1,1,1,1,1]",2,0,8,7,home_win,home,0,81
54377,4,"{""single"":[""solutions/game_4/single/rest-110101/top"",""solutions/game_4/single/rest-011111/bot""],""total"":[""solutions/game_4/total/rest-110101/top"",""solutions/game_4/total/rest-011111/bot""]}","[1,1,0,1,0,1]","[0,1,1,1,1,1]",3,0,3,1,home_win,home,1,77
54377,5,"{""single"":[""solutions/game_5/single/rest-011010/top"",""solutions/game_5/single/rest-111101/bot""],""total"":[""solutions/game_5/single/rest-011010/top"",""solutions/game_5/single/rest-111101/bot""]}","[0,1,1,0,1,0]","[1,1,1,1,0,1]",4,0,5,4,home_win,home,1,74
54378,1,"{""single"":[""solutions/game_1/single/rest-111111/top"",""solutions/game_1/single/rest-111111/bot""],""total"":[""solutions/game_1/total/rest-111111/top"",""solutions/game_1/total/rest-111111/bot""]}","[1,1,1,1,1,1]","[1,1,1,1,1,1]",0,0,3,5,away_win,away,0,88
54378,2,"{""single"":[""solutions/game_2/single/rest-110001/top"",""solutions/game_2/single/rest-111110/bot""],""total"":[""solutions/game_2/total/rest-110001/top"",""solutions/game_2/total/rest-111110/bot""]}","[1,1,0,0,0,1]","[1,1,1,1,1,0]",0,1,7,8,away_win,away,0,83
54378,3,"{""single"":[""solutions/game_3/single/rest-011110/top"",""solutions/game_3/single/rest-111101/bot""],""total"":[""solutions/game_3/total/rest-011110/top"",""solutions/game_3/total/rest-111101/bot""]}","[0,1,1,1,1,0]","[1,1,1,1,0,1]",0,2,9,1,home_win,home,0,52
54378,4,"{""single"":[""solutions/game_4/single/rest-111111/top"",""solutions/game_4/single/rest-110111/bot""],""total"":[""solutions/game_4/total/rest-111111/top"",""solutions/game_4/total/rest-110111/bot""]}","[1,1,1,1,1,1]","[1,1,0,1,1,1]",1,2,0,8,away_win,away,0,47
54378,5,"{""single"":[""solutions/game_5/single/rest-110111/top"",""solutions/game_5/single/rest-111111/bot""],""total"":[""solutions/game_5/single/rest-110111/top"",""solutions/game_5/single/rest-111111/bot""]}","[1,1,0,1,1,1]","[1,1,1,1,1,1]",1,3,6,5,home_win,home,1,87
54379,1,"{""single"":[""solutions/game_1/single/rest-111111/top"",""solutions/game_1/single/rest-111111/bot""],""total"":[""solutions/game_1/total/rest-111111/top"",""solutions/game_1/total/rest-111111/bot""]}","[1,1,1,1,1,1]","[1,1,1,1,1,1]",0,0,7,2,home_win,home,0,79
54379,2,"{""single"":[""solutions/game_2/single/rest-010001/top"",""solutions/game_2/single/rest-011111/bot""],""total"":[""solutions/game_2/total/rest-010001/top"",""solutions/game_2/total/rest-011111/bot""]}","[0,1,0,0,0,1]","[0,1,1,1,1,1]",1,0,2,10,away_win,away,0,72
54379,3,"{""single"":[""solutions/game_3/single/rest-001001/top"",""solutions/game_3/single/rest-110111/bot""],""total"":[""solutions/game_3/total/rest-001001/top"",""solutions/game_3/total/rest-110111/bot""]}","[0,0,1,0,0,1]","[1,1,0,1,1,1]",1,1,13,5,home_win,home,0,86
54379,4,"{""single"":[""solutions/game_4/single/rest-110111/top"",""solutions/game_4/single/rest-111110/bot""],""total"":[""solutions/game_4/total/rest-110111/top"",""solutions/game_4/total/rest-111110/bot""]}","[1,1,0,1,1,1]","[1,1,1,1,1,0]",2,1,5,8,away_win,away,0,99
54379,5,"{""single"":[""solutions/game_5/single/rest-001000/top"",""solutions/game_5/single/rest-010011/bot""],""total"":[""solutions/game_5/single/rest-001000/top"",""solutions/game_5/single/rest-010011/bot""]}","[0,0,1,0,0,0]","[0,1,0,0,1,1]",2,2,0,8,away_win,away,0,49
54380,1,"{""single"":[""solutions/game_1/single/rest-111111/top"",""solutions/game_1/single/rest-111111/bot""],""total"":[""solutions/game_1/total/rest-111111/top"",""solutions/game_1/total/rest-111111/bot""]}","[1,1,1,1,1,1]","[1,1,1,1,1,1]",0,0,1,6,away_win,away,0,78
54380,2,"{""single"":[""solutions/game_2/single/rest-011000/top"",""solutions/game_2/single/rest-110101/bot""],""total"":[""solutions/game_2/total/rest-011000/top"",""solutions/game_2/total/rest-110101/bot""]}","[0,1,1,0,0,0]","[1,1,0,1,0,1]",0,1,1,5,away_win,away,0,87
54380,3,"{""single"":[""solutions/game_3/single/rest-100111/top"",""solutions/game_3/single/rest-011001/bot""],""total"":[""solutions/game_3/total/rest-100111/top"",""solutions/game_3/total/rest-011001/bot""]}","[1,0,0,1,1,1]","[0,1,1,0,0,1]",0,2,5,12,away_win,away,0,91
54380,4,"{""single"":[""solutions/game_4/single/rest-111101/top"",""solutions/game_4/single/rest-110110/bot""],""total"":[""solutions/game_4/total/rest-111101/top"",""solutions/game_4/total/rest-110110/bot""]}","[1,1,1,1,0,1]","[1,1,0,1,1,0]",0,3,3,11,away_win,away,1,77
54380,5,"{""single"":[""solutions/game_5/single/rest-110010/top"",""solutions/game_5/single/rest-011101/bot""],""total"":[""solutions/game_5/single/rest-110010/top"",""solutions/game_5/single/rest-011101/bot""]}","[1,1,0,0,1,0]","[0,1,1,1,0,1]",0,4,2,6,away_win,away,1,87
54381,1,"{""single"":[""solutions/game_1/single/rest-111111/top"",""solutions/game_1/single/rest-111111/bot""],""total"":[""solutions/game_1/total/rest-111111/top"",""solutions/game_1/total/rest-111111/bot""]}","[1,1,1,1,1,1]","[1,1,1,1,1,1]",0,0,1,2,away_win,away,0,76
54381,2,"{""single"":[""solutions/game_2/single/rest-010001/top"",""solutions/game_2/single/rest-111111/bot""],""total"":[""solutions/game_2/total/rest-010001/top"",""solutions/game_2/total/rest-111111/bot""]}","[0,1,0,0,0,1]","[1,1,1,1,1,1]",0,1,3,2,home_win,home,0,82
54381,3,"{""single"":[""solutions/game_3/single/rest-101110/top"",""solutions/game_3/single/rest-110111/bot""],""total"":[""solutions/game_3/total/rest-101110/top"",""solutions/game_3/total/rest-110111/bot""]}","[1,0,1,1,1,0]","[1,1,0,1,1,1]",1,1,9,1,home_win,home,0,72
54381,4,"{""single"":[""solutions/game_4/single/rest-111001/top"",""solutions/game_4/single/rest-111110/bot""],""total"":[""solutions/game_4/total/rest-111001/top"",""solutions/game_4/total/rest-111110/bot""]}","[1,1,1,0,0,1]","[1,1,1,1,1,0]",2,1,6,5,home_win,home,0,88
54381,5,"{""single"":[""solutions/game_5/single/rest-010110/top"",""solutions/game_5/single/rest-010111/bot""],""total"":[""solutions/game_5/single/rest-010110/top"",""solutions/game_5/single/rest-010111/bot""]}","[0,1,0,1,1,0]","[0,1,0,1,1,1]",3,1,5,4,home_win,home,1,84
54382,1,"{""single"":[""solutions/game_1/single/rest-111111/top"",""solutions/game_1/single/rest-111111/bot""],""total"":[""solutions/game_1/total/rest-111111/top"",""solutions/game_1/total/rest-111111/bot""]}","[1,1,1,1,1,1]","[1,1,1,1,1,1]",0,0,0,8,away_win,away,0,30
54382,2,"{""single"":[""solutions/game_2/single/rest-111111/top"",""solutions/game_2/single/rest-111111/bot""],""total"":[""solutions/game_2/total/rest-111111/top"",""solutions/game_2/total/rest-111111/bot""]}","[1,1,1,1,1,1]","[1,1,1,1,1,1]",0,1,8,4,home_win,home,0,88
54382,3,"{""single"":[""solutions/game_3/single/rest-010001/top"",""solutions/game_3/single/rest-010111/bot""],""total"":[""solutions/game_3/total/rest-010001/top"",""solutions/game_3/total/rest-010111/bot""]}","[0,1,0,0,0,1]","[0,1,0,1,1,1]",1,1,0,8,away_win,away,0,41
54382,4,"{""single"":[""solutions/game_4/single/rest-101111/top"",""solutions/game_4/single/rest-111111/bot""],""total"":[""solutions/game_4/total/rest-101111/top"",""solutions/game_4/total/rest-111111/bot""]}","[1,0,1,1,1,1]","[1,1,1,1,1,1]",1,2,0,8,away_win,away,0,70
54382,5,"{""single"":[""solutions/game_5/single/rest-110101/top"",""solutions/game_5/single/rest-111111/bot""],""total"":[""solutions/game_5/single/rest-110101/top"",""solutions/game_5/single/rest-111111/bot""]}","[1,1,0,1,0,1]","[1,1,1,1,1,1]",1,3,1,4,away_win,away,1,85
54383,1,"{""single"":[""solutions/game_1/single/rest-111111/top"",""solutions/game_1/single/rest-111111/bot""],""total"":[""solutions/game_1/total/rest-111111/top"",""solutions/game_1/total/rest-111111/bot""]}","[1,1,1,1,1,1]","[1,1,1,1,1,1]",0,0,1,4,away_win,away,0,78
54383,2,"{""single"":[""solutions/game_2/single/rest-011001/top"",""solutions/game_2/single/rest-101010/bot""],""total"":[""solutions/game_2/total/rest-011001/top"",""solutions/game_2/total/rest-101010/bot""]}","[0,1,1,0,0,1]","[1,0,1,0,1,0]",0,1,0,5,away_win,away,0,82
54383,3,"{""single"":[""solutions/game_3/single/rest-111110/top"",""solutions/game_3/single/rest-011101/bot""],""total"":[""solutions/game_3/total/rest-111110/top"",""solutions/game_3/total/rest-011101/bot""]}","[1,1,1,1,1,0]","[0,1,1,1,0,1]",0,2,4,7,away_win,away,0,96
54383,4,"{""single"":[""solutions/game_4/single/rest-100101/top"",""solutions/game_4/single/rest-001010/bot""],""total"":[""solutions/game_4/total/rest-100101/top"",""solutions/game_4/total/rest-001010/bot""]}","[1,0,0,1,0,1]","[0,0,1,0,1,0]",0,3,9,5,home_win,home,1,85
54383,5,"{""single"":[""solutions/game_5/single/rest-011011/top"",""solutions/game_5/single/rest-101110/bot""],""total"":[""solutions/game_5/single/rest-011011/top"",""solutions/game_5/single/rest-101110/bot""]}","[0,1,1,0,1,1]","[1,0,1,1,1,0]",1,3,10,6,home_win,home,1,90
54384,1,"{""single"":[""solutions/game_1/single/rest-111111/top"",""solutions/game_1/single/rest-111111/bot""],""total"":[""solutions/game_1/total/rest-111111/top"",""solutions/game_1/total/rest-111111/bot""]}","[1,1,1,1,1,1]","[1,1,1,1,1,1]",0,0,5,0,home_win,home,0,76
54384,2,"{""single"":[""solutions/game_2/single/rest-110101/top"",""solutions/game_2/single/rest-111110/bot""],""total"":[""solutions/game_2/total/rest-110101/top"",""solutions/game_2/total/rest-111110/bot""]}","[1,1,0,1,0,1]","[1,1,1,1,1,0]",1,0,9,1,home_win,home,0,48
54384,3,"{""single"":[""solutions/game_3/single/rest-111111/top"",""solutions/game_3/single/rest-111111/bot""],""total"":[""solutions/game_3/total/rest-111111/top"",""solutions/game_3/total/rest-111111/bot""]}","[1,1,1,1,1,1]","[1,1,1,1,1,1]",2,0,3,3,tie,away,0,79
54384,4,"{""single"":[""solutions/game_4/single/rest-110001/top"",""solutions/game_4/single/rest-111110/bot""],""total"":[""solutions/game_4/total/rest-110001/top"",""solutions/game_4/total/rest-111110/bot""]}","[1,1,0,0,0,1]","[1,1,1,1,1,0]",2,1,6,4,home_win,home,0,89
54384,5,"{""single"":[""solutions/game_5/single/rest-001111/top"",""solutions/game_5/single/rest-010111/bot""],""total"":[""solutions/game_5/single/rest-001111/top"",""solutions/game_5/single/rest-010111/bot""]}","[0,0,1,1,1,1]","[0,1,0,1,1,1]",3,1,8,0,home_win,home,1,13
54385,1,"{""single"":[""solutions/game_1/single/rest-111111/top"",""solutions/game_1/single/rest-111111/bot""],""total"":[""solutions/game_1/total/rest-111111/top"",""solutions/game_1/total/rest-111111/bot""]}","[1,1,1,1,1,1]","[1,1,1,1,1,1]",0,0,0,3,away_win,away,0,81
54385,2,"{""single"":[""solutions/game_2/single/rest-011001/top"",""solutions/game_2/single/rest-101011/bot""],""total"":[""solutions/game_2/total/rest-011001/top"",""solutions/game_2/total/rest-101011/bot""]}","[0,1,1,0,0,1]","[1,0,1,0,1,1]",0,1,5,5,tie,home,0,92
54385,3,"{""single"":[""solutions/game_3/single/rest-101110/top"",""solutions/game_3/single/rest-110110/bot""],""total"":[""solutions/game_3/total/rest-101110/top"",""solutions/game_3/total/rest-110110/bot""]}","[1,0,1,1,1,0]","[1,1,0,1,1,0]",1,1,2,6,away_win,away,0,82
54385,4,"{""single"":[""solutions/game_4/single/rest-010001/top"",""solutions/game_4/single/rest-001111/bot""],""total"":[""solutions/game_4/total/rest-010001/top"",""solutions/game_4/total/rest-001111/bot""]}","[0,1,0,0,0,1]","[0,0,1,1,1,1]",1,2,1,10,away_win,away,0,69
54385,5,"{""single"":[""solutions/game_5/single/rest-111110/top"",""solutions/game_5/single/rest-010111/bot""],""total"":[""solutions/game_5/single/rest-111110/top"",""solutions/game_5/single/rest-010111/bot""]}","[1,1,1,1,1,0]","[0,1,0,1,1,1]",1,3,0,1,away_win,away,1,74
54386,1,"{""single"":[""solutions/game_1/single/rest-111111/top"",""solutions/game_1/single/rest-111111/bot""],""total"":[""solutions/game_1/total/rest-111111/top"",""solutions/game_1/total/rest-111111/bot""]}","[1,1,1,1,1,1]","[1,1,1,1,1,1]",0,0,4,3,home_win,home,0,84
54386,2,"{""single"":[""solutions/game_2/single/rest-010011/top"",""solutions/game_2/single/rest-101110/bot""],""total"":[""solutions/game_2/total/rest-010011/top"",""solutions/game_2/total/rest-101110/bot""]}","[0,1,0,0,1,1]","[1,0,1,1,1,0]",1,0,4,5,away_win,away,0,84
54386,3,"{""single"":[""solutions/game_3/single/rest-101100/top"",""solutions/game_3/single/rest-010011/bot""],""total"":[""solutions/game_3/total/rest-101100/top"",""solutions/game_3/total/rest-010011/bot""]}","[1,0,1,1,0,0]","[0,1,0,0,1,1]",1,1,5,2,home_win,home,0,78
54386,4,"{""single"":[""solutions/game_4/single/rest-000111/top"",""solutions/game_4/single/rest-111001/bot""],""total"":[""solutions/game_4/total/rest-000111/top"",""solutions/game_4/total/rest-111001/bot""]}","[0,0,0,1,1,1]","[1,1,1,0,0,1]",2,1,8,1,home_win,home,0,81
54386,5,"{""single"":[""solutions/game_5/single/rest-111101/top"",""solutions/game_5/single/rest-111010/bot""],""total"":[""solutions/game_5/single/rest-111101/top"",""solutions/game_5/single/rest-111010/bot""]}","[1,1,1,1,0,1]","[1,1,1,0,1,0]",3,1,0,8,away_win,away,1,56
54387,1,"{""single"":[""solutions/game_1/single/rest-111111/top"",""solutions/game_1/single/rest-111111/bot""],""total"":[""solutions/game_1/total/rest-111111/top"",""solutions/game_1/total/rest-111111/bot""]}","[1,1,1,1,1,1]","[1,1,1,1,1,1]",0,0,1,6,away_win,away,0,79
54387,2,"{""single"":[""solutions/game_2/single/rest-111011/top"",""solutions/game_2/single/rest-001111/bot""],""total"":[""solutions/game_2/total/rest-111011/top"",""solutions/game_2/total/rest-001111/bot""]}","[1,1,1,0,1,1]","[0,0,1,1,1,1]",0,1,1,4,away_win,away,0,85
54387,3,"{""single"":[""solutions/game_3/single/rest-010100/top"",""solutions/game_3/single/rest-110010/bot""],""total"":[""solutions/game_3/total/rest-010100/top"",""solutions/game_3/total/rest-110010/bot""]}","[0,1,0,1,0,0]","[1,1,0,0,1,0]",0,2,3,1,home_win,home,0,76
54387,4,"{""single"":[""solutions/game_4/single/rest-101011/top"",""solutions/game_4/single/rest-011101/bot""],""total"":[""solutions/game_4/total/rest-101011/top"",""solutions/game_4/total/rest-011101/bot""]}","[1,0,1,0,1,1]","[0,1,1,1,0,1]",1,2,1,8,away_win,away,0,88
54387,5,"{""single"":[""solutions/game_5/single/rest-011101/top"",""solutions/game_5/single/rest-110111/bot""],""total"":[""solutions/game_5/single/rest-011101/top"",""solutions/game_5/single/rest-110111/bot""]}","[0,1,1,1,0,1]","[1,1,0,1,1,1]",1,3,5,4,home_win,home,1,78
54388,1,"{""single"":[""solutions/game_1/single/rest-111111/top"",""solutions/game_1/single/rest-111111/bot""],""total"":[""solutions/game_1/total/rest-111111/top"",""solutions/game_1/total/rest-111111/bot""]}","[1,1,1,1,1,1]","[1,1,1,1,1,1]",0,0,5,5,tie,home,0,89
54388,2,"{""single"":[""solutions/game_2/single/rest-010001/top"",""solutions/game_2/single/rest-101010/bot""],""total"":[""solutions/game_2/total/rest-010001/top"",""solutions/game_2/total/rest-101010/bot""]}","[0,1,0,0,0,1]","[1,0,1,0,1,0]",1,0,9,11,away_win,away,0,94
54388,3,"{""single"":[""solutions/game_3/single/rest-101110/top"",""solutions/game_3/single/rest-111111/bot""],""total"":[""solutions/game_3/total/rest-101110/top"",""solutions/game_3/total/rest-111111/bot""]}","[1,0,1,1,1,0]","[1,1,1,1,1,1]",1,1,2,4,away_win,away,0,75
54388,4,"{""single"":[""solutions/game_4/single/rest-010001/top"",""solutions/game_4/single/rest-101110/bot""],""total"":[""solutions/game_4/total/rest-010001/top"",""solutions/game_4/total/rest-101110/bot""]}","[0,1,0,0,0,1]","[1,0,1,1,1,0]",1,2,2,1,home_win,home,0,73
54388,5,"{""single"":[""solutions/game_5/single/rest-110110/top"",""solutions/game_5/single/rest-011111/bot""],""total"":[""solutions/game_5/single/rest-110110/top"",""solutions/game_5/single/rest-011111/bot""]}","[1,1,0,1,1,0]","[0,1,1,1,1,1]",2,2,8,9,away_win,away,0,93
54389,1,"{""single"":[""solutions/game_1/single/rest-111111/top"",""solutions/game_1/single/rest-111111/bot""],""total"":[""solutions/game_1/total/rest-111111/top"",""solutions/game_1/total/rest-111111/bot""]}","[1,1,1,1,1,1]","[1,1,1,1,1,1]",0,0,0,4,away_win,away,0,77
54389,2,"{""single"":[""solutions/game_2/single/rest-011001/top"",""solutions/game_2/single/rest-111101/bot""],""total"":[""solutions/game_2/total/rest-011001/top"",""solutions/game_2/total/rest-111101/bot""]}","[0,1,1,0,0,1]","[1,1,1,1,0,1]",0,1,2,10,away_win,away,0,66
54389,3,"{""single"":[""solutions/game_3/single/rest-101110/top"",""solutions/game_3/single/rest-111110/bot""],""total"":[""solutions/game_3/total/rest-101110/top"",""solutions/game_3/total/rest-111110/bot""]}","[1,0,1,1,1,0]","[1,1,1,1,1,0]",0,2,8,8,tie,away,0,100
54389,4,"{""single"":[""solutions/game_4/single/rest-010001/top"",""solutions/game_4/single/rest-000001/bot""],""total"":[""solutions/game_4/total/rest-010001/top"",""solutions/game_4/total/rest-000001/bot""]}","[0,1,0,0,0,1]","[0,0,0,0,0,1]",0,3,2,9,away_win,away,1,83
54389,5,"{""single"":[""solutions/game_5/single/rest-101110/top"",""solutions/game_5/single/rest-111111/bot""],""total"":[""solutions/game_5/single/rest-101110/top"",""solutions/game_5/single/rest-111111/bot""]}","[1,0,1,1,1,0]","[1,1,1,1,1,1]",0,4,10,2,home_win,home,1,27
54390,1,"{""single"":[""solutions/game_1/single/rest-111111/top"",""solutions/game_1/single/rest-111111/bot""],""total"":[""solutions/game_1/total/rest-111111/top"",""solutions/game_1/total/rest-111111/bot""]}","[1,1,1,1,1,1]","[1,1,1,1,1,1]",0,0,8,1,home_win,home,0,77
54390,2,"{""single"":[""solutions/game_2/single/rest-111101/top"",""solutions/game_2/single/rest-110111/bot""],""total"":[""solutions/game_2/total/rest-111101/top"",""solutions/game_2/total/rest-110111/bot""]}","[1,1,1,1,0,1]","[1,1,0,1,1,1]",1,0,2,4,away_win,away,0,77
54390,3,"{""single"":[""solutions/game_3/single/rest-011011/top"",""solutions/game_3/single/rest-011110/bot""],""total"":[""solutions/game_3/total/rest-011011/top"",""solutions/game_3/total/rest-011110/bot""]}","[0,1,1,0,1,1]","[0,1,1,1,1,0]",1,1,11,2,home_win,home,0,78
54390,4,"{""single"":[""solutions/game_4/single/rest-110101/top"",""solutions/game_4/single/rest-111110/bot""],""total"":[""solutions/game_4/total/rest-110101/top"",""solutions/game_4/total/rest-111110/bot""]}","[1,1,0,1,0,1]","[1,1,1,1,1,0]",2,1,6,9,away_win,away,0,95
54390,5,"{""single"":[""solutions/game_5/single/rest-001001/top"",""solutions/game_5/single/rest-100111/bot""],""total"":[""solutions/game_5/single/rest-001001/top"",""solutions/game_5/single/rest-100111/bot""]}","[0,0,1,0,0,1]","[1,0,0,1,1,1]",2,2,5,1,home_win,home,0,72
54391,1,"{""single"":[""solutions/game_1/single/rest-111111/top"",""solutions/game_1/single/rest-111111/bot""],""total"":[""solutions/game_1/total/rest-111111/top"",""solutions/game_1/total/rest-111111/bot""]}","[1,1,1,1,1,1]","[1,1,1,1,1,1]",0,0,6,8,away_win,away,0,79
54391,2,"{""single"":[""solutions/game_2/single/rest-011011/top"",""solutions/game_2/single/rest-111010/bot""],""total"":[""solutions/game_2/total/rest-011011/top"",""solutions/game_2/total/rest-111010/bot""]}","[0,1,1,0,1,1]","[1,1,1,0,1,0]",0,1,12,3,home_win,home,0,79
54391,3,"{""single"":[""solutions/game_3/single/rest-101110/top"",""solutions/game_3/single/rest-111101/bot""],""total"":[""solutions/game_3/total/rest-101110/top"",""solutions/game_3/total/rest-111101/bot""]}","[1,0,1,1,1,0]","[1,1,1,1,0,1]",1,1,1,4,away_win,away,0,76
54391,4,"{""single"":[""solutions/game_4/single/rest-000000/top"",""solutions/game_4/single/rest-111010/bot""],""total"":[""solutions/game_4/total/rest-000000/top"",""solutions/game_4/total/rest-111010/bot""]}","[0,0,0,0,0,0]","[1,1,1,0,1,0]",1,2,5,7,away_win,away,0,92
54391,5,"{""single"":[""solutions/game_5/single/rest-111111/top"",""solutions/game_5/single/rest-100111/bot""],""total"":[""solutions/game_5/single/rest-111111/top"",""solutions/game_5/single/rest-100111/bot""]}","[1,1,1,1,1,1]","[1,0,0,1,1,1]",1,3,5,0,home_win,home,1,72
54392,1,"{""single"":[""solutions/game_1/single/rest-111111/top"",""solutions/game_1/single/rest-111111/bot""],""total"":[""solutions/game_1/total/rest-111111/top"",""solutions/game_1/total/rest-111111/bot""]}","[1,1,1,1,1,1]","[1,1,1,1,1,1]",0,0,5,3,home_win,home,0,75
54392,2,"{""single"":[""solutions/game_2/single/rest-111001/top"",""solutions/game_2/single/rest-111100/bot""],""total"":[""solutions/game_2/total/rest-111001/top"",""solutions/game_2/total/rest-111100/bot""]}","[1,1,1,0,0,1]","[1,1,1,1,0,0]",1,0,7,5,home_win,home,0,91
54392,3,"{""single"":[""solutions/game_3/single/rest-101111/top"",""solutions/game_3/single/rest-010111/bot""],""total"":[""solutions/game_3/total/rest-101111/top"",""solutions/game_3/total/rest-010111/bot""]}","[1,0,1,1,1,1]","[0,1,0,1,1,1]",2,0,5,3,home_win,home,0,72
54392,4,"{""single"":[""solutions/game_4/single/rest-010111/top"",""solutions/game_4/single/rest-101101/bot""],""total"":[""solutions/game_4/total/rest-010111/top"",""solutions/game_4/total/rest-101101/bot""]}","[0,1,0,1,1,1]","[1,0,1,1,0,1]",3,0,1,2,away_win,away,1,77
54392,5,"{""single"":[""solutions/game_5/single/rest-111011/top"",""solutions/game_5/single/rest-111011/bot""],""total"":[""solutions/game_5/single/rest-111011/top"",""solutions/game_5/single/rest-111011/bot""]}","[1,1,1,0,1,1]","[1,1,1,0,1,1]",3,1,10,1,home_win,home,1,57
54393,1,"{""single"":[""solutions/game_1/single/rest-111111/top"",""solutions/game_1/single/rest-111111/bot""],""total"":[""solutions/game_1/total/rest-111111/top"",""solutions/game_1/total/rest-111111/bot""]}","[1,1,1,1,1,1]","[1,1,1,1,1,1]",0,0,4,5,away_win,away,0,93
54393,2,"{""single"":[""solutions/game_2/single/rest-110011/top"",""solutions/game_2/single/rest-001010/bot""],""total"":[""solutions/game_2/total/rest-110011/top"",""solutions/game_2/total/rest-001010/bot""]}","[1,1,0,0,1,1]","[0,0,1,0,1,0]",0,1,3,2,home_win,home,0,82
54393,3,"{""single"":[""solutions/game_3/single/rest-111100/top"",""solutions/game_3/single/rest-110001/bot""],""total"":[""solutions/game_3/total/rest-111100/top"",""solutions/game_3/total/rest-110001/bot""]}","[1,1,1,1,0,0]","[1,1,0,0,0,1]",1,1,4,3,home_win,home,0,78
54393,4,"{""single"":[""solutions/game_4/single/rest-110111/top"",""solutions/game_4/single/rest-000010/bot""],""total"":[""solutions/game_4/total/rest-110111/top"",""solutions/game_4/total/rest-000010/bot""]}","[1,1,0,1,1,1]","[0,0,0,0,1,0]",2,1,5,4,home_win,home,0,77
54393,5,"{""single"":[""solutions/game_5/single/rest-011011/top"",""solutions/game_5/single/rest-101111/bot""],""total"":[""solutions/game_5/single/rest-011011/top"",""solutions/game_5/single/rest-101111/bot""]}","[0,1,1,0,1,1]","[1,0,1,1,1,1]",3,1,7,6,home_win,home,1,81
54394,1,"{""single"":[""solutions/game_1/single/rest-111111/top"",""solutions/game_1/single/rest-111111/bot""],""total"":[""solutions/game_1/total/rest-111111/top"",""solutions/game_1/total/rest-111111/bot""]}","[1,1,1,1,1,1]","[1,1,1,1,1,1]",0,0,2,2,tie,home,0,86
54394,2,"{""single"":[""solutions/game_2/single/rest-111000/top"",""solutions/game_2/single/rest-011010/bot""],""total"":[""solutions/game_2/total/rest-111000/top"",""solutions/game_2/total/rest-011010/bot""]}","[1,1,1,0,0,0]","[0,1,1,0,1,0]",1,0,7,5,home_win,home,0,78
54394,3,"{""single"":[""solutions/game_3/single/rest-110111/top"",""solutions/game_3/single/rest-111110/bot""],""total"":[""solutions/game_3/total/rest-110111/top"",""solutions/game_3/total/rest-111110/bot""]}","[1,1,0,1,1,1]","[1,1,1,1,1,0]",2,0,2,4,away_win,away,0,80
54394,4,"{""single"":[""solutions/game_4/single/rest-011111/top"",""solutions/game_4/single/rest-100011/bot""],""total"":[""solutions/game_4/total/rest-011111/top"",""solutions/game_4/total/rest-100011/bot""]}","[0,1,1,1,1,1]","[1,0,0,0,1,1]",2,1,4,5,away_win,away,0,88
54394,5,"{""single"":[""solutions/game_5/single/rest-100001/top"",""solutions/game_5/single/rest-011000/bot""],""total"":[""solutions/game_5/single/rest-100001/top"",""solutions/game_5/single/rest-011000/bot""]}","[1,0,0,0,0,1]","[0,1,1,0,0,0]",2,2,2,11,away_win,away,0,81
54395,1,"{""single"":[""solutions/game_1/single/rest-111111/top"",""solutions/game_1/single/rest-111111/bot""],""total"":[""solutions/game_1/total/rest-111111/top"",""solutions/game_1/total/rest-111111/bot""]}","[1,1,1,1,1,1]","[1,1,1,1,1,1]",0,0,5,4,home_win,home,0,82
54395,2,"{""single"":[""solutions/game_2/single/rest-101011/top"",""solutions/game_2/single/rest-001011/bot""],""total"":[""solutions/game_2/total/rest-101011/top"",""solutions/game_2/total/rest-001011/bot""]}","[1,0,1,0,1,1]","[0,0,1,0,1,1]",1,0,5,6,away_win,away,0,78
54395,3,"{""single"":[""solutions/game_3/single/rest-110101/top"",""solutions/game_3/single/rest-001110/bot""],""total"":[""solutions/game_3/total/rest-110101/top"",""solutions/game_3/total/rest-001110/bot""]}","[1,1,0,1,0,1]","[0,0,1,1,1,0]",1,1,5,4,home_win,home,0,92
54395,4,"{""single"":[""solutions/game_4/single/rest-001010/top"",""solutions/game_4/single/rest-110000/bot""],""total"":[""solutions/game_4/total/rest-001010/top"",""solutions/game_4/total/rest-110000/bot""]}","[0,0,1,0,1,0]","[1,1,0,0,0,0]",2,1,7,2,home_win,home,0,84
54395,5,"{""single"":[""solutions/game_5/single/rest-110111/top"",""solutions/game_5/single/rest-111111/bot""],""total"":[""solutions/game_5/single/rest-110111/top"",""solutions/game_5/single/rest-111111/bot""]}","[1,1,0,1,1,1]","[1,1,1,1,1,1]",3,1,3,6,away_win,away,1,88
54396,1,"{""single"":[""solutions/game_1/single/rest-111111/top"",""solutions/game_1/single/rest-111111/bot""],""total"":[""solutions/game_1/total/rest-111111/top"",""solutions/game_1/total/rest-111111/bot""]}","[1,1,1,1,1,1]","[1,1,1,1,1,1]",0,0,0,4,away_win,away,0,78
54396,2,"{""single"":[""solutions/game_2/single/rest-110111/top"",""solutions/game_2/single/rest-011111/bot""],""total"":[""solutions/game_2/total/rest-110111/top"",""solutions/game_2/total/rest-011111/bot""]}","[1,1,0,1,1,1]","[0,1,1,1,1,1]",0,1,7,3,home_win,home,0,84
54396,3,"{""single"":[""solutions/game_3/single/rest-111010/top"",""solutions/game_3/single/rest-110101/bot""],""total"":[""solutions/game_3/total/rest-111010/top"",""solutions/game_3/total/rest-110101/bot""]}","[1,1,1,0,1,0]","[1,1,0,1,0,1]",1,1,7,8,away_win,away,0,98
54396,4,"{""single"":[""solutions/game_4/single/rest-000111/top"",""solutions/game_4/single/rest-111010/bot""],""total"":[""solutions/game_4/total/rest-000111/top"",""solutions/game_4/total/rest-111010/bot""]}","[0,0,0,1,1,1]","[1,1,1,0,1,0]",1,2,6,7,away_win,away,0,80
54396,5,"{""single"":[""solutions/game_5/single/rest-111010/top"",""solutions/game_5/single/rest-000111/bot""],""total"":[""solutions/game_5/single/rest-111010/top"",""solutions/game_5/single/rest-000111/bot""]}","[1,1,1,0,1,0]","[0,0,0,1,1,1]",1,3,6,4,home_win,home,1,78
54397,1,"{""single"":[""solutions/game_1/single/rest-111111/top"",""solutions/game_1/single/rest-111111/bot""],""total"":[""solutions/game_1/total/rest-111111/top"",""solutions/game_1/total/rest-111111/bot""]}","[1,1,1,1,1,1]","[1,1,1,1,1,1]",0,0,1,2,away_win,away,0,78
54397,2,"{""single"":[""solutions/game_2/single/rest-010101/top"",""solutions/game_2/single/rest-011011/bot""],""total"":[""solutions/game_2/total/rest-010101/top"",""solutions/game_2/total/rest-011011/bot""]}","[0,1,0,1,0,1]","[0,1,1,0,1,1]",0,1,8,2,home_win,home,0,79
54397,3,"{""single"":[""solutions/game_3/single/rest-111001/top"",""solutions/game_3/single/rest-111111/bot""],""total"":[""solutions/game_3/total/rest-111001/top"",""solutions/game_3/total/rest-111111/bot""]}","[1,1,1,0,0,1]","[1,1,1,1,1,1]",1,1,1,6,away_win,away,0,74
54397,4,"{""single"":[""solutions/game_4/single/rest-010111/top"",""solutions/game_4/single/rest-111110/bot""],""total"":[""solutions/game_4/total/rest-010111/top"",""solutions/game_4/total/rest-111110/bot""]}","[0,1,0,1,1,1]","[1,1,1,1,1,0]",1,2,6,6,tie,home,0,94
54397,5,"{""single"":[""solutions/game_5/single/rest-111101/top"",""solutions/game_5/single/rest-111001/bot""],""total"":[""solutions/game_5/single/rest-111101/top"",""solutions/game_5/single/rest-111001/bot""]}","[1,1,1,1,0,1]","[1,1,1,0,0,1]",2,2,8,4,home_win,home,0,82
54398,1,"{""single"":[""solutions/game_1/single/rest-111111/top"",""solutions/game_1/single/rest-111111/bot""],""total"":[""solutions/game_1/total/rest-111111/top"",""solutions/game_1/total/rest-111111/bot""]}","[1,1,1,1,1,1]","[1,1,1,1,1,1]",0,0,7,5,home_win,home,0,84
54398,2,"{""single"":[""solutions/game_2/single/rest-010011/top"",""solutions/game_2/single/rest-001010/bot""],""total"":[""solutions/game_2/total/rest-010011/top"",""solutions/game_2/total/rest-001010/bot""]}","[0,1,0,0,1,1]","[0,0,1,0,1,0]",1,0,7,1,home_win,home,0,78
54398,3,"{""single"":[""solutions/game_3/single/rest-111100/top"",""solutions/game_3/single/rest-111101/bot""],""total"":[""solutions/game_3/total/rest-111100/top"",""solutions/game_3/total/rest-111101/bot""]}","[1,1,1,1,0,0]","[1,1,1,1,0,1]",2,0,4,6,away_win,away,0,80
54398,4,"{""single"":[""solutions/game_4/single/rest-010011/top"",""solutions/game_4/single/rest-011110/bot""],""total"":[""solutions/game_4/total/rest-010011/top"",""solutions/game_4/total/rest-011110/bot""]}","[0,1,0,0,1,1]","[0,1,1,1,1,0]",2,1,6,10,away_win,away,0,95
54398,5,"{""single"":[""solutions/game_5/single/rest-111110/top"",""solutions/game_5/single/rest-111001/bot""],""total"":[""solutions/game_5/single/rest-111110/top"",""solutions/game_5/single/rest-111001/bot""]}","[1,1,1,1,1,0]","[1,1,1,0,0,1]",2,2,9,4,home_win,home,0,88
54399,1,"{""single"":[""solutions/game_1/single/rest-111111/top"",""solutions/game_1/single/rest-111111/bot""],""total"":[""solutions/game_1/total/rest-111111/top"",""solutions/game_1/total/rest-111111/bot""]}","[1,1,1,1,1,1]","[1,1,1,1,1,1]",0,0,2,3,away_win,away,0,80
54399,2,"{""single"":[""solutions/game_2/single/rest-010101/top"",""solutions/game_2/single/rest-001110/bot""],""total"":[""solutions/game_2/total/rest-010101/top"",""solutions/game_2/total/rest-001110/bot""]}","[0,1,0,1,0,1]","[0,0,1,1,1,0]",0,1,8,0,home_win,home,0,30
54399,3,"{""single"":[""solutions/game_3/single/rest-110111/top"",""solutions/game_3/single/rest-111111/bot""],""total"":[""solutions/game_3/total/rest-110111/top"",""solutions/game_3/total/rest-111111/bot""]}","[1,1,0,1,1,1]","[1,1,1,1,1,1]",1,1,12,5,home_win,home,0,86
54399,4,"{""single"":[""solutions/game_4/single/rest-111011/top"",""solutions/game_4/single/rest-111001/bot""],""total"":[""solutions/game_4/total/rest-111011/top"",""solutions/game_4/total/rest-111001/bot""]}","[1,1,1,0,1,1]","[1,1,1,0,0,1]",2,1,2,6,away_win,away,0,79
54399,5,"{""single"":[""solutions/game_5/single/rest-010101/top"",""solutions/game_5/single/rest-110111/bot""],""total"":[""solutions/game_5/single/rest-010101/top"",""solutions/game_5/single/rest-110111/bot""]}","[0,1,0,1,0,1]","[1,1,0,1,1,1]",2,2,4,7,away_win,away,0,81
54400,1,"{""single"":[""solutions/game_1/single/rest-111111/top"",""solutions/game_1/single/rest-111111/bot""],""total"":[""solutions/game_1/total/rest-111111/top"",""solutions/game_1/total/rest-111111/bot""]}","[1,1,1,1,1,1]","[1,1,1,1,1,1]",0,0,3,1,home_win,home,0,71
54400,2,"{""single"":[""solutions/game_2/single/rest-111001/top"",""solutions/game_2/single/rest-010111/bot""],""total"":[""solutions/game_2/total/rest-111001/top"",""solutions/game_2/total/rest-010111/bot""]}","[1,1,1,0,0,1]","[0,1,0,1,1,1]",1,0,7,9,away_win,away,0,87
54400,3,"{""single"":[""solutions/game_3/single/rest-000111/top"",""solutions/game_3/single/rest-101100/bot""],""total"":[""solutions/game_3/total/rest-000111/top"",""solutions/game_3/total/rest-101100/bot""]}","[0,0,0,1,1,1]","[1,0,1,1,0,0]",1,1,2,5,away_win,away,0,84
54400,4,"{""single"":[""solutions/game_4/single/rest-111010/top"",""solutions/game_4/single/rest-110011/bot""],""total"":[""solutions/game_4/total/rest-111010/top"",""solutions/game_4/total/rest-110011/bot""]}","[1,1,1,0,1,0]","[1,1,0,0,1,1]",1,2,3,5,away_win,away,0,75
54400,5,"{""single"":[""solutions/game_5/single/rest-110010/top"",""solutions/game_5/single/rest-111110/bot""],""total"":[""solutions/game_5/single/rest-110010/top"",""solutions/game_5/single/rest-111110/bot""]}","[1,1,0,0,1,0]","[1,1,1,1,1,0]",1,3,8,0,home_win,home,1,63
