sequence,after_game,team,player,starting_rest,used,next_rest
45825,1,home,547973,1,0,1
45825,1,home,641329,1,0,1
45825,1,home,671922,1,0,1
45825,1,home,656876,1,1,0
45825,1,home,656641,1,1,0
45825,1,home,686973,1,1,1
45825,1,away,695505,1,1,0
45825,1,away,666200,1,1,0
45825,1,away,661395,1,0,1
45825,1,away,695243,1,1,0
45825,1,away,628452,1,0,1
45825,1,away,808967,1,1,1
45825,2,home,547973,1,1,0
45825,2,home,641329,1,1,0
45825,2,home,671922,1,0,1
45825,2,home,656876,0,0,1
45825,2,home,656641,0,0,1
45825,2,home,686973,1,1,0
45825,2,away,695505,0,0,1
45825,2,away,666200,0,0,1
45825,2,away,661395,1,1,0
45825,2,away,695243,0,0,1
45825,2,away,628452,1,1,0
45825,2,away,808967,1,0,1
45825,3,home,547973,0,0,1
45825,3,home,641329,0,0,1
45825,3,home,671922,1,1,0
45825,3,home,656876,1,1,1
45825,3,home,656641,1,1,0
45825,3,home,686973,0,0,1
45825,3,away,695505,1,1,1
45825,3,away,666200,1,1,0
45825,3,away,661395,0,0,1
45825,3,away,695243,1,1,0
45825,3,away,628452,0,0,1
45825,3,away,808967,1,1,0
45825,4,home,547973,1,1,0
45825,4,home,641329,1,1,0
45825,4,home,671922,0,0,1
45825,4,home,656876,1,1,1
45825,4,home,656641,0,0,1
45825,4,home,686973,1,1,1
45825,4,away,695505,1,1,1
45825,4,away,666200,0,0,1
45825,4,away,661395,1,1,0
45825,4,away,695243,0,0,1
45825,4,away,628452,1,1,1
45825,4,away,808967,0,0,1
45826,1,home,547973,1,0,1
45826,1,home,641329,1,1,0
45826,1,home,671922,1,0,1
45826,1,home,656876,1,0,1
45826,1,home,656641,1,0,1
45826,1,home,686973,1,0,1
45826,1,away,695505,1,0,1
45826,1,away,666200,1,0,1
45826,1,away,661395,1,0,1
45826,1,away,695243,1,1,0
45826,1,away,628452,1,0,1
45826,1,away,808967,1,0,1
45826,2,home,547973,1,0,1
45826,2,home,641329,0,0,1
45826,2,home,671922,1,0,1
45826,2,home,656876,1,0,1
45826,2,home,656641,1,0,1
45826,2,home,686973,1,0,1
45826,2,away,695505,1,0,1
45826,2,away,666200,1,0,1
45826,2,away,661395,1,0,1
45826,2,away,695243,0,0,1
45826,2,away,628452,1,0,1
45826,2,away,808967,1,0,1
45826,3,home,547973,1,0,1
45826,3,home,641329,1,0,1
45826,3,home,671922,1,0,1
45826,3,home,656876,1,0,1
45826,3,home,656641,1,1,1
45826,3,home,686973,1,1,0
45826,3,away,695505,1,1,0
45826,3,away,666200,1,1,0
45826,3,away,661395,1,0,1
45826,3,away,695243,1,1,0
45826,3,away,628452,1,0,1
45826,3,away,808967,1,0,1
45826,4,home,547973,1,1,0
45826,4,home,641329,1,1,0
45826,4,home,671922,1,1,0
45826,4,home,656876,1,0,1
45826,4,home,656641,1,1,1
45826,4,home,686973,0,0,1
45826,4,away,695505,0,0,1
45826,4,away,666200,0,0,1
45826,4,away,661395,1,1,0
45826,4,away,695243,0,0,1
45826,4,away,628452,1,1,0
45826,4,away,808967,1,1,0
45827,1,home,547973,1,0,1
45827,1,home,641329,1,0,1
45827,1,home,671922,1,1,0
45827,1,home,656876,1,1,0
45827,1,home,656641,1,0,1
45827,1,home,686973,1,0,1
45827,1,away,695505,1,1,0
45827,1,away,666200,1,1,1
45827,1,away,661395,1,0,1
45827,1,away,695243,1,1,1
45827,1,away,628452,1,0,1
45827,1,away,808967,1,0,1
45827,2,home,547973,1,0,1
45827,2,home,641329,1,0,1
45827,2,home,671922,0,0,1
45827,2,home,656876,0,0,1
45827,2,home,656641,1,0,1
45827,2,home,686973,1,0,1
45827,2,away,695505,0,0,1
45827,2,away,666200,1,0,1
45827,2,away,661395,1,0,1
45827,2,away,695243,1,0,1
45827,2,away,628452,1,0,1
45827,2,away,808967,1,0,1
45827,3,home,547973,1,0,1
45827,3,home,641329,1,0,1
45827,3,home,671922,1,0,1
45827,3,home,656876,1,0,1
45827,3,home,656641,1,1,0
45827,3,home,686973,1,0,1
45827,3,away,695505,1,0,1
45827,3,away,666200,1,0,1
45827,3,away,661395,1,0,1
45827,3,away,695243,1,1,0
45827,3,away,628452,1,0,1
45827,3,away,808967,1,1,0
45827,4,home,547973,1,1,0
45827,4,home,641329,1,0,1
45827,4,home,671922,1,1,1
45827,4,home,656876,1,1,0
45827,4,home,656641,0,0,1
45827,4,home,686973,1,0,1
45827,4,away,695505,1,1,0
45827,4,away,666200,1,1,0
45827,4,away,661395,1,1,0
45827,4,away,695243,0,0,1
45827,4,away,628452,1,1,0
45827,4,away,808967,0,0,1
45828,1,home,547973,1,0,1
45828,1,home,641329,1,0,1
45828,1,home,671922,1,0,1
45828,1,home,656876,1,0,1
45828,1,home,656641,1,1,0
45828,1,home,686973,1,1,0
45828,1,away,695505,1,1,1
45828,1,away,666200,1,1,0
45828,1,away,661395,1,0,1
45828,1,away,695243,1,1,0
45828,1,away,628452,1,0,1
45828,1,away,808967,1,0,1
45828,2,home,547973,1,1,0
45828,2,home,641329,1,0,1
45828,2,home,671922,1,0,1
45828,2,home,656876,1,0,1
45828,2,home,656641,0,0,1
45828,2,home,686973,0,0,1
45828,2,away,695505,1,0,1
45828,2,away,666200,0,0,1
45828,2,away,661395,1,0,1
45828,2,away,695243,0,0,1
45828,2,away,628452,1,0,1
45828,2,away,808967,1,0,1
45828,3,home,547973,0,0,1
45828,3,home,641329,1,0,1
45828,3,home,671922,1,0,1
45828,3,home,656876,1,0,1
45828,3,home,656641,1,0,1
45828,3,home,686973,1,0,1
45828,3,away,695505,1,0,1
45828,3,away,666200,1,0,1
45828,3,away,661395,1,0,1
45828,3,away,695243,1,1,1
45828,3,away,628452,1,0,1
45828,3,away,808967,1,0,1
45828,4,home,547973,1,1,0
45828,4,home,641329,1,1,0
45828,4,home,671922,1,0,1
45828,4,home,656876,1,1,1
45828,4,home,656641,1,0,1
45828,4,home,686973,1,0,1
45828,4,away,695505,1,1,1
45828,4,away,666200,1,1,1
45828,4,away,661395,1,1,0
45828,4,away,695243,1,1,0
45828,4,away,628452,1,0,1
45828,4,away,808967,1,1,0
45829,1,home,547973,1,0,1
45829,1,home,641329,1,0,1
45829,1,home,671922,1,1,0
45829,1,home,656876,1,1,0
45829,1,home,656641,1,1,0
45829,1,home,686973,1,0,1
45829,1,away,695505,1,1,0
45829,1,away,666200,1,1,0
45829,1,away,661395,1,0,1
45829,1,away,695243,1,1,1
45829,1,away,628452,1,0,1
45829,1,away,808967,1,0,1
45829,2,home,547973,1,0,1
45829,2,home,641329,1,1,1
45829,2,home,671922,0,0,1
45829,2,home,656876,0,0,1
45829,2,home,656641,0,0,1
45829,2,home,686973,1,1,0
45829,2,away,695505,0,0,1
45829,2,away,666200,0,0,1
45829,2,away,661395,1,1,0
45829,2,away,695243,1,1,1
45829,2,away,628452,1,0,1
45829,2,away,808967,1,1,1
45829,3,home,547973,1,1,0
45829,3,home,641329,1,0,1
45829,3,home,671922,1,1,1
45829,3,home,656876,1,1,0
45829,3,home,656641,1,1,0
45829,3,home,686973,0,0,1
45829,3,away,695505,1,1,0
45829,3,away,666200,1,1,0
45829,3,away,661395,0,0,1
45829,3,away,695243,1,1,0
45829,3,away,628452,1,0,1
45829,3,away,808967,1,1,0
45829,4,home,547973,0,0,1
45829,4,home,641329,1,0,1
45829,4,home,671922,1,1,1
45829,4,home,656876,0,0,1
45829,4,home,656641,0,0,1
45829,4,home,686973,1,1,0
45829,4,away,695505,0,0,1
45829,4,away,666200,0,0,1
45829,4,away,661395,1,1,0
45829,4,away,695243,0,0,1
45829,4,away,628452,1,1,0
45829,4,away,808967,0,0,1
45830,1,home,547973,1,0,1
45830,1,home,641329,1,0,1
45830,1,home,671922,1,0,1
45830,1,home,656876,1,1,0
45830,1,home,656641,1,0,1
45830,1,home,686973,1,0,1
45830,1,away,695505,1,0,1
45830,1,away,666200,1,0,1
45830,1,away,661395,1,0,1
45830,1,away,695243,1,1,0
45830,1,away,628452,1,0,1
45830,1,away,808967,1,0,1
45830,2,home,547973,1,0,1
45830,2,home,641329,1,0,1
45830,2,home,671922,1,0,1
45830,2,home,656876,0,0,1
45830,2,home,656641,1,0,1
45830,2,home,686973,1,0,1
45830,2,away,695505,1,1,1
45830,2,away,666200,1,1,0
45830,2,away,661395,1,0,1
45830,2,away,695243,0,0,1
45830,2,away,628452,1,0,1
45830,2,away,808967,1,0,1
45830,3,home,547973,1,1,0
45830,3,home,641329,1,0,1
45830,3,home,671922,1,1,0
45830,3,home,656876,1,1,0
45830,3,home,656641,1,1,0
45830,3,home,686973,1,0,1
45830,3,away,695505,1,1,0
45830,3,away,666200,0,0,1
45830,3,away,661395,1,1,1
45830,3,away,695243,1,1,0
45830,3,away,628452,1,0,1
45830,3,away,808967,1,1,0
45830,4,home,547973,0,0,1
45830,4,home,641329,1,1,0
45830,4,home,671922,0,0,1
45830,4,home,656876,0,0,1
45830,4,home,656641,0,0,1
45830,4,home,686973,1,1,0
45830,4,away,695505,0,0,1
45830,4,away,666200,1,1,0
45830,4,away,661395,1,1,0
45830,4,away,695243,0,0,1
45830,4,away,628452,1,1,0
45830,4,away,808967,0,0,1
45831,1,home,547973,1,1,0
45831,1,home,641329,1,0,1
45831,1,home,671922,1,1,0
45831,1,home,656876,1,1,0
45831,1,home,656641,1,1,1
45831,1,home,686973,1,0,1
45831,1,away,695505,1,1,1
45831,1,away,666200,1,1,0
45831,1,away,661395,1,0,1
45831,1,away,695243,1,1,1
45831,1,away,628452,1,0,1
45831,1,away,808967,1,1,0
45831,2,home,547973,0,0,1
45831,2,home,641329,1,1,0
45831,2,home,671922,0,0,1
45831,2,home,656876,0,0,1
45831,2,home,656641,1,1,0
45831,2,home,686973,1,1,0
45831,2,away,695505,1,1,1
45831,2,away,666200,0,0,1
45831,2,away,661395,1,1,1
45831,2,away,695243,1,1,0
45831,2,away,628452,1,0,1
45831,2,away,808967,0,0,1
45831,3,home,547973,1,1,0
45831,3,home,641329,0,0,1
45831,3,home,671922,1,0,1
45831,3,home,656876,1,0,1
45831,3,home,656641,0,0,1
45831,3,home,686973,0,0,1
45831,3,away,695505,1,0,1
45831,3,away,666200,1,0,1
45831,3,away,661395,1,0,1
45831,3,away,695243,0,0,1
45831,3,away,628452,1,0,1
45831,3,away,808967,1,0,1
45831,4,home,547973,0,0,1
45831,4,home,641329,1,1,0
45831,4,home,671922,1,1,0
45831,4,home,656876,1,1,1
45831,4,home,656641,1,1,0
45831,4,home,686973,1,0,1
45831,4,away,695505,1,1,0
45831,4,away,666200,1,1,0
45831,4,away,661395,1,0,1
45831,4,away,695243,1,1,0
45831,4,away,628452,1,0,1
45831,4,away,808967,1,1,0
45832,1,home,547973,1,0,1
45832,1,home,641329,1,0,1
45832,1,home,671922,1,1,0
45832,1,home,656876,1,1,1
45832,1,home,656641,1,0,1
45832,1,home,686973,1,0,1
45832,1,away,695505,1,1,0
45832,1,away,666200,1,1,0
45832,1,away,661395,1,0,1
45832,1,away,695243,1,1,0
45832,1,away,628452,1,0,1
45832,1,away,808967,1,1,1
45832,2,home,547973,1,1,0
45832,2,home,641329,1,0,1
45832,2,home,671922,0,0,1
45832,2,home,656876,1,1,0
45832,2,home,656641,1,1,1
45832,2,home,686973,1,0,1
45832,2,away,695505,0,0,1
45832,2,away,666200,0,0,1
45832,2,away,661395,1,0,1
45832,2,away,695243,0,0,1
45832,2,away,628452,1,1,1
45832,2,away,808967,1,1,1
45832,3,home,547973,0,0,1
45832,3,home,641329,1,1,0
45832,3,home,671922,1,1,0
45832,3,home,656876,0,0,1
45832,3,home,656641,1,0,1
45832,3,home,686973,1,0,1
45832,3,away,695505,1,1,0
45832,3,away,666200,1,1,0
45832,3,away,661395,1,0,1
45832,3,away,695243,1,1,0
45832,3,away,628452,1,0,1
45832,3,away,808967,1,0,1
45832,4,home,547973,1,0,1
45832,4,home,641329,0,0,1
45832,4,home,671922,0,0,1
45832,4,home,656876,1,0,1
45832,4,home,656641,1,1,1
45832,4,home,686973,1,1,1
45832,4,away,695505,0,0,0
45832,4,away,666200,0,0,1
45832,4,away,661395,1,1,0
45832,4,away,695243,0,0,1
45832,4,away,628452,1,1,0
45832,4,away,808967,1,1,0
45833,1,home,547973,1,0,1
45833,1,home,641329,1,0,1
45833,1,home,671922,1,0,1
45833,1,home,656876,1,0,1
45833,1,home,656641,1,1,0
45833,1,home,686973,1,1,0
45833,1,away,695505,1,1,0
45833,1,away,666200,1,1,1
45833,1,away,661395,1,0,1
45833,1,away,695243,1,1,0
45833,1,away,628452,1,1,1
45833,1,away,808967,1,1,1
45833,2,home,547973,1,1,1
45833,2,home,641329,1,1,0
45833,2,home,671922,1,0,1
45833,2,home,656876,1,1,0
45833,2,home,656641,0,0,1
45833,2,home,686973,0,0,1
45833,2,away,695505,0,0,1
45833,2,away,666200,1,1,1
45833,2,away,661395,1,1,1
45833,2,away,695243,0,0,1
45833,2,away,628452,1,0,1
45833,2,away,808967,1,1,0
45833,3,home,547973,1,1,0
45833,3,home,641329,0,0,1
45833,3,home,671922,1,1,1
45833,3,home,656876,0,0,1
45833,3,home,656641,1,0,1
45833,3,home,686973,1,1,1
45833,3,away,695505,1,1,0
45833,3,away,666200,1,1,0
45833,3,away,661395,1,1,0
45833,3,away,695243,1,1,0
45833,3,away,628452,1,0,1
45833,3,away,808967,0,0,1
45833,4,home,547973,0,0,1
45833,4,home,641329,1,0,1
45833,4,home,671922,1,1,1
45833,4,home,656876,1,1,0
45833,4,home,656641,1,1,0
45833,4,home,686973,1,0,1
45833,4,away,695505,0,0,1
45833,4,away,666200,0,0,0
45833,4,away,661395,0,0,1
45833,4,away,695243,0,0,1
45833,4,away,628452,1,1,0
45833,4,away,808967,1,1,1
45834,1,home,547973,1,0,1
45834,1,home,641329,1,0,1
45834,1,home,671922,1,0,1
45834,1,home,656876,1,1,1
45834,1,home,656641,1,0,1
45834,1,home,686973,1,1,0
45834,1,away,695505,1,0,1
45834,1,away,666200,1,1,0
45834,1,away,661395,1,0,1
45834,1,away,695243,1,1,0
45834,1,away,628452,1,0,1
45834,1,away,808967,1,0,1
45834,2,home,547973,1,1,1
45834,2,home,641329,1,0,1
45834,2,home,671922,1,1,0
45834,2,home,656876,1,0,1
45834,2,home,656641,1,1,0
45834,2,home,686973,0,0,1
45834,2,away,695505,1,1,0
45834,2,away,666200,0,0,1
45834,2,away,661395,1,0,1
45834,2,away,695243,0,0,1
45834,2,away,628452,1,0,1
45834,2,away,808967,1,1,0
45834,3,home,547973,1,1,0
45834,3,home,641329,1,0,1
45834,3,home,671922,0,0,1
45834,3,home,656876,1,1,0
45834,3,home,656641,0,0,1
45834,3,home,686973,1,0,1
45834,3,away,695505,0,0,1
45834,3,away,666200,1,1,0
45834,3,away,661395,1,0,1
45834,3,away,695243,1,1,1
45834,3,away,628452,1,1,1
45834,3,away,808967,0,0,1
45834,4,home,547973,0,0,1
45834,4,home,641329,1,1,0
45834,4,home,671922,1,0,1
45834,4,home,656876,0,0,1
45834,4,home,656641,1,0,1
45834,4,home,686973,1,1,0
45834,4,away,695505,1,1,0
45834,4,away,666200,0,0,1
45834,4,away,661395,1,1,0
45834,4,away,695243,1,0,1
45834,4,away,628452,1,0,1
45834,4,away,808967,1,0,1
45835,1,home,547973,1,1,0
45835,1,home,641329,1,0,1
45835,1,home,671922,1,1,1
45835,1,home,656876,1,1,0
45835,1,home,656641,1,1,0
45835,1,home,686973,1,0,1
45835,1,away,695505,1,1,0
45835,1,away,666200,1,1,0
45835,1,away,661395,1,0,1
45835,1,away,695243,1,1,1
45835,1,away,628452,1,0,1
45835,1,away,808967,1,1,0
45835,2,home,547973,0,0,1
45835,2,home,641329,1,1,0
45835,2,home,671922,1,0,1
45835,2,home,656876,0,0,1
45835,2,home,656641,0,0,1
45835,2,home,686973,1,1,0
45835,2,away,695505,0,0,0
45835,2,away,666200,0,0,0
45835,2,away,661395,1,1,0
45835,2,away,695243,1,1,1
45835,2,away,628452,1,1,1
45835,2,away,808967,0,0,0
45835,3,home,547973,1,1,0
45835,3,home,641329,0,0,0
45835,3,home,671922,1,0,1
45835,3,home,656876,1,0,1
45835,3,home,656641,1,1,1
45835,3,home,686973,0,0,1
45835,3,away,695505,0,0,1
45835,3,away,666200,0,0,1
45835,3,away,661395,0,0,1
45835,3,away,695243,1,1,1
45835,3,away,628452,1,0,1
45835,3,away,808967,0,0,1
45835,4,home,547973,0,0,1
45835,4,home,641329,0,0,1
45835,4,home,671922,1,1,1
45835,4,home,656876,1,1,0
45835,4,home,656641,1,0,1
45835,4,home,686973,1,1,0
45835,4,away,695505,1,1,1
45835,4,away,666200,1,1,1
45835,4,away,661395,1,0,1
45835,4,away,695243,1,1,0
45835,4,away,628452,1,0,1
45835,4,away,808967,1,0,1
45836,1,home,547973,1,1,1
45836,1,home,641329,1,0,1
45836,1,home,671922,1,1,0
45836,1,home,656876,1,1,0
45836,1,home,656641,1,0,1
45836,1,home,686973,1,0,1
45836,1,away,695505,1,1,0
45836,1,away,666200,1,1,0
45836,1,away,661395,1,1,0
45836,1,away,695243,1,1,1
45836,1,away,628452,1,0,1
45836,1,away,808967,1,1,1
45836,2,home,547973,1,1,0
45836,2,home,641329,1,1,1
45836,2,home,671922,0,0,1
45836,2,home,656876,0,0,1
45836,2,home,656641,1,1,0
45836,2,home,686973,1,1,0
45836,2,away,695505,0,0,1
45836,2,away,666200,0,0,1
45836,2,away,661395,0,0,0
45836,2,away,695243,1,1,0
45836,2,away,628452,1,1,0
45836,2,away,808967,1,1,1
45836,3,home,547973,0,0,1
45836,3,home,641329,1,1,0
45836,3,home,671922,1,1,1
45836,3,home,656876,1,1,1
45836,3,home,656641,0,0,0
45836,3,home,686973,0,0,1
45836,3,away,695505,1,1,0
45836,3,away,666200,1,1,0
45836,3,away,661395,0,0,1
45836,3,away,695243,0,0,1
45836,3,away,628452,0,0,1
45836,3,away,808967,1,1,1
45836,4,home,547973,1,1,1
45836,4,home,641329,0,0,1
45836,4,home,671922,1,1,0
45836,4,home,656876,1,0,1
45836,4,home,656641,0,0,1
45836,4,home,686973,1,1,0
45836,4,away,695505,0,0,1
45836,4,away,666200,0,0,1
45836,4,away,661395,1,0,1
45836,4,away,695243,1,1,1
45836,4,away,628452,1,0,1
45836,4,away,808967,1,1,0
45837,1,home,547973,1,1,1
45837,1,home,641329,1,0,1
45837,1,home,671922,1,0,1
45837,1,home,656876,1,0,1
45837,1,home,656641,1,0,1
45837,1,home,686973,1,0,1
45837,1,away,695505,1,1,1
45837,1,away,666200,1,0,1
45837,1,away,661395,1,0,1
45837,1,away,695243,1,0,1
45837,1,away,628452,1,0,1
45837,1,away,808967,1,0,1
45837,2,home,547973,1,0,1
45837,2,home,641329,1,0,1
45837,2,home,671922,1,1,0
45837,2,home,656876,1,1,1
45837,2,home,656641,1,1,0
45837,2,home,686973,1,0,1
45837,2,away,695505,1,1,0
45837,2,away,666200,1,1,0
45837,2,away,661395,1,1,0
45837,2,away,695243,1,1,0
45837,2,away,628452,1,0,1
45837,2,away,808967,1,1,0
45837,3,home,547973,1,1,0
45837,3,home,641329,1,0,1
45837,3,home,671922,0,0,1
45837,3,home,656876,1,1,0
45837,3,home,656641,0,0,1
45837,3,home,686973,1,1,1
45837,3,away,695505,0,0,1
45837,3,away,666200,0,0,1
45837,3,away,661395,0,0,1
45837,3,away,695243,0,0,1
45837,3,away,628452,1,1,0
45837,3,away,808967,0,0,1
45837,4,home,547973,0,0,1
45837,4,home,641329,1,0,1
45837,4,home,671922,1,0,1
45837,4,home,656876,0,0,1
45837,4,home,656641,1,0,1
45837,4,home,686973,1,0,1
45837,4,away,695505,1,0,1
45837,4,away,666200,1,0,1
45837,4,away,661395,1,0,1
45837,4,away,695243,1,0,1
45837,4,away,628452,0,0,0
45837,4,away,808967,1,0,1
45838,1,home,547973,1,0,1
45838,1,home,641329,1,0,1
45838,1,home,671922,1,1,0
45838,1,home,656876,1,1,0
45838,1,home,656641,1,1,0
45838,1,home,686973,1,0,1
45838,1,away,695505,1,1,0
45838,1,away,666200,1,1,0
45838,1,away,661395,1,0,1
45838,1,away,695243,1,0,1
45838,1,away,628452,1,0,1
45838,1,away,808967,1,1,1
45838,2,home,547973,1,0,1
45838,2,home,641329,1,1,0
45838,2,home,671922,0,0,0
45838,2,home,656876,0,0,1
45838,2,home,656641,0,0,1
45838,2,home,686973,1,1,0
45838,2,away,695505,0,0,1
45838,2,away,666200,0,0,1
45838,2,away,661395,1,1,0
45838,2,away,695243,1,1,0
45838,2,away,628452,1,0,1
45838,2,away,808967,1,1,0
45838,3,home,547973,1,1,0
45838,3,home,641329,0,0,1
45838,3,home,671922,0,0,1
45838,3,home,656876,1,1,0
45838,3,home,656641,1,1,0
45838,3,home,686973,0,0,1
45838,3,away,695505,1,1,1
45838,3,away,666200,1,1,1
45838,3,away,661395,0,0,1
45838,3,away,695243,0,0,1
45838,3,away,628452,1,0,1
45838,3,away,808967,0,0,0
45838,4,home,547973,0,0,1
45838,4,home,641329,1,1,0
45838,4,home,671922,1,1,0
45838,4,home,656876,0,0,1
45838,4,home,656641,0,0,1
45838,4,home,686973,1,1,1
45838,4,away,695505,1,0,1
45838,4,away,666200,1,1,1
45838,4,away,661395,1,1,0
45838,4,away,695243,1,1,0
45838,4,away,628452,1,0,1
45838,4,away,808967,0,0,1
45839,1,home,547973,1,1,1
45839,1,home,641329,1,1,0
45839,1,home,671922,1,1,1
45839,1,home,656876,1,1,1
45839,1,home,656641,1,1,0
45839,1,home,686973,1,0,1
45839,1,away,695505,1,1,0
45839,1,away,666200,1,1,0
45839,1,away,661395,1,0,1
45839,1,away,695243,1,1,0
45839,1,away,628452,1,0,1
45839,1,away,808967,1,1,0
45839,2,home,547973,1,1,1
45839,2,home,641329,0,0,0
45839,2,home,671922,1,1,1
45839,2,home,656876,1,0,1
45839,2,home,656641,0,0,1
45839,2,home,686973,1,0,1
45839,2,away,695505,0,0,1
45839,2,away,666200,0,0,1
45839,2,away,661395,1,1,0
45839,2,away,695243,0,0,1
45839,2,away,628452,1,0,1
45839,2,away,808967,0,0,1
45839,3,home,547973,1,1,0
45839,3,home,641329,0,0,0
45839,3,home,671922,1,0,1
45839,3,home,656876,1,0,1
45839,3,home,656641,1,1,0
45839,3,home,686973,1,1,0
45839,3,away,695505,1,1,0
45839,3,away,666200,1,1,0
45839,3,away,661395,0,0,1
45839,3,away,695243,1,1,0
45839,3,away,628452,1,0,1
45839,3,away,808967,1,1,0
45839,4,home,547973,0,0,1
45839,4,home,641329,0,0,1
45839,4,home,671922,1,0,1
45839,4,home,656876,1,0,1
45839,4,home,656641,0,0,1
45839,4,home,686973,0,0,0
45839,4,away,695505,0,0,1
45839,4,away,666200,0,0,1
45839,4,away,661395,1,0,1
45839,4,away,695243,0,0,1
45839,4,away,628452,1,0,1
45839,4,away,808967,0,0,0
45840,1,home,547973,1,1,0
45840,1,home,641329,1,0,1
45840,1,home,671922,1,0,1
45840,1,home,656876,1,0,1
45840,1,home,656641,1,0,1
45840,1,home,686973,1,1,1
45840,1,away,695505,1,1,1
45840,1,away,666200,1,1,0
45840,1,away,661395,1,0,1
45840,1,away,695243,1,1,0
45840,1,away,628452,1,0,1
45840,1,away,808967,1,1,0
45840,2,home,547973,0,0,1
45840,2,home,641329,1,1,0
45840,2,home,671922,1,1,1
45840,2,home,656876,1,1,0
45840,2,home,656641,1,1,0
45840,2,home,686973,1,0,1
45840,2,away,695505,1,1,0
45840,2,away,666200,0,0,1
45840,2,away,661395,1,1,0
45840,2,away,695243,0,0,1
45840,2,away,628452,1,1,0
45840,2,away,808967,0,0,0
45840,3,home,547973,1,1,0
45840,3,home,641329,0,0,1
45840,3,home,671922,1,1,0
45840,3,home,656876,0,0,1
45840,3,home,656641,0,0,1
45840,3,home,686973,1,1,0
45840,3,away,695505,0,0,0
45840,3,away,666200,1,1,0
45840,3,away,661395,0,0,1
45840,3,away,695243,1,1,0
45840,3,away,628452,0,0,1
45840,3,away,808967,0,0,1
45840,4,home,547973,0,0,1
45840,4,home,641329,1,1,0
45840,4,home,671922,0,0,0
45840,4,home,656876,1,0,1
45840,4,home,656641,1,1,0
45840,4,home,686973,0,0,1
45840,4,away,695505,0,0,1
45840,4,away,666200,0,0,1
45840,4,away,661395,1,1,1
45840,4,away,695243,0,0,0
45840,4,away,628452,1,1,0
45840,4,away,808967,1,1,0
45841,1,home,547973,1,0,1
45841,1,home,641329,1,0,1
45841,1,home,671922,1,0,1
45841,1,home,656876,1,1,0
45841,1,home,656641,1,1,0
45841,1,home,686973,1,0,1
45841,1,away,695505,1,0,1
45841,1,away,666200,1,1,0
45841,1,away,661395,1,1,0
45841,1,away,695243,1,1,0
45841,1,away,628452,1,0,1
45841,1,away,808967,1,1,1
45841,2,home,547973,1,1,1
45841,2,home,641329,1,0,1
45841,2,home,671922,1,1,0
45841,2,home,656876,0,0,1
45841,2,home,656641,0,0,1
45841,2,home,686973,1,1,1
45841,2,away,695505,1,1,0
45841,2,away,666200,0,0,1
45841,2,away,661395,0,0,1
45841,2,away,695243,0,0,1
45841,2,away,628452,1,1,0
45841,2,away,808967,1,1,1
45841,3,home,547973,1,0,1
45841,3,home,641329,1,0,1
45841,3,home,671922,0,0,1
45841,3,home,656876,1,0,1
45841,3,home,656641,1,0,1
45841,3,home,686973,1,1,0
45841,3,away,695505,0,0,1
45841,3,away,666200,1,0,1
45841,3,away,661395,1,0,1
45841,3,away,695243,1,0,1
45841,3,away,628452,0,0,1
45841,3,away,808967,1,0,1
45841,4,home,547973,1,1,0
45841,4,home,641329,1,0,1
45841,4,home,671922,1,1,1
45841,4,home,656876,1,1,1
45841,4,home,656641,1,1,0
45841,4,home,686973,0,0,1
45841,4,away,695505,1,1,0
45841,4,away,666200,1,1,1
45841,4,away,661395,1,1,0
45841,4,away,695243,1,1,0
45841,4,away,628452,1,0,1
45841,4,away,808967,1,1,0
45842,1,home,547973,1,1,1
45842,1,home,641329,1,0,1
45842,1,home,671922,1,1,0
45842,1,home,656876,1,1,1
45842,1,home,656641,1,0,1
45842,1,home,686973,1,0,1
45842,1,away,695505,1,1,1
45842,1,away,666200,1,1,0
45842,1,away,661395,1,0,1
45842,1,away,695243,1,1,0
45842,1,away,628452,1,0,1
45842,1,away,808967,1,1,1
45842,2,home,547973,1,1,0
45842,2,home,641329,1,0,1
45842,2,home,671922,0,0,1
45842,2,home,656876,1,1,0
45842,2,home,656641,1,1,0
45842,2,home,686973,1,0,1
45842,2,away,695505,1,1,0
45842,2,away,666200,0,0,1
45842,2,away,661395,1,1,0
45842,2,away,695243,0,0,0
45842,2,away,628452,1,0,1
45842,2,away,808967,1,1,0
45842,3,home,547973,0,0,1
45842,3,home,641329,1,0,1
45842,3,home,671922,1,1,0
45842,3,home,656876,0,0,0
45842,3,home,656641,0,0,0
45842,3,home,686973,1,1,0
45842,3,away,695505,0,0,1
45842,3,away,666200,1,1,0
45842,3,away,661395,0,0,1
45842,3,away,695243,0,0,1
45842,3,away,628452,1,1,0
45842,3,away,808967,0,0,1
45842,4,home,547973,1,0,1
45842,4,home,641329,1,0,1
45842,4,home,671922,0,0,1
45842,4,home,656876,0,0,1
45842,4,home,656641,0,0,0
45842,4,home,686973,0,0,1
45842,4,away,695505,1,0,1
45842,4,away,666200,0,0,1
45842,4,away,661395,1,0,1
45842,4,away,695243,1,0,1
45842,4,away,628452,0,0,1
45842,4,away,808967,1,0,1
45843,1,home,547973,1,0,1
45843,1,home,641329,1,0,1
45843,1,home,671922,1,1,0
45843,1,home,656876,1,1,0
45843,1,home,656641,1,1,1
45843,1,home,686973,1,0,1
45843,1,away,695505,1,1,1
45843,1,away,666200,1,1,0
45843,1,away,661395,1,0,1
45843,1,away,695243,1,1,0
45843,1,away,628452,1,0,1
45843,1,away,808967,1,1,1
45843,2,home,547973,1,1,1
45843,2,home,641329,1,1,0
45843,2,home,671922,0,0,1
45843,2,home,656876,0,0,1
45843,2,home,656641,1,1,1
45843,2,home,686973,1,1,0
45843,2,away,695505,1,1,1
45843,2,away,666200,0,0,1
45843,2,away,661395,1,1,0
45843,2,away,695243,0,0,1
45843,2,away,628452,1,0,1
45843,2,away,808967,1,1,0
45843,3,home,547973,1,0,1
45843,3,home,641329,0,0,1
45843,3,home,671922,1,0,1
45843,3,home,656876,1,0,1
45843,3,home,656641,1,0,1
45843,3,home,686973,0,0,1
45843,3,away,695505,1,0,1
45843,3,away,666200,1,0,1
45843,3,away,661395,0,0,1
45843,3,away,695243,1,0,1
45843,3,away,628452,1,0,1
45843,3,away,808967,0,0,1
45843,4,home,547973,1,1,0
45843,4,home,641329,1,0,1
45843,4,home,671922,1,0,1
45843,4,home,656876,1,0,1
45843,4,home,656641,1,0,1
45843,4,home,686973,1,1,0
45843,4,away,695505,1,1,1
45843,4,away,666200,1,1,0
45843,4,away,661395,1,0,1
45843,4,away,695243,1,0,1
45843,4,away,628452,1,0,1
45843,4,away,808967,1,1,0
45844,1,home,547973,1,1,0
45844,1,home,641329,1,0,1
45844,1,home,671922,1,1,0
45844,1,home,656876,1,1,0
45844,1,home,656641,1,1,0
45844,1,home,686973,1,0,1
45844,1,away,695505,1,1,0
45844,1,away,666200,1,1,0
45844,1,away,661395,1,1,0
45844,1,away,695243,1,0,1
45844,1,away,628452,1,0,1
45844,1,away,808967,1,1,1
45844,2,home,547973,0,0,1
45844,2,home,641329,1,0,1
45844,2,home,671922,0,0,1
45844,2,home,656876,0,0,1
45844,2,home,656641,0,0,1
45844,2,home,686973,1,1,0
45844,2,away,695505,0,0,1
45844,2,away,666200,0,0,1
45844,2,away,661395,0,0,1
45844,2,away,695243,1,0,1
45844,2,away,628452,1,1,0
45844,2,away,808967,1,0,1
45844,3,home,547973,1,1,0
45844,3,home,641329,1,0,1
45844,3,home,671922,1,1,0
45844,3,home,656876,1,1,0
45844,3,home,656641,1,1,1
45844,3,home,686973,0,0,1
45844,3,away,695505,1,1,0
45844,3,away,666200,1,1,0
45844,3,away,661395,1,1,0
45844,3,away,695243,1,1,1
45844,3,away,628452,0,0,1
45844,3,away,808967,1,1,0
45844,4,home,547973,0,0,1
45844,4,home,641329,1,1,1
45844,4,home,671922,0,0,1
45844,4,home,656876,0,0,1
45844,4,home,656641,1,0,1
45844,4,home,686973,1,1,1
45844,4,away,695505,0,0,1
45844,4,away,666200,0,0,1
45844,4,away,661395,0,0,1
45844,4,away,695243,1,1,0
45844,4,away,628452,1,0,1
45844,4,away,808967,0,0,1
45845,1,home,547973,1,0,1
45845,1,home,641329,1,0,1
45845,1,home,671922,1,0,1
45845,1,home,656876,1,1,1
45845,1,home,656641,1,1,1
45845,1,home,686973,1,0,1
45845,1,away,695505,1,1,0
45845,1,away,666200,1,1,0
45845,1,away,661395,1,0,1
45845,1,away,695243,1,1,0
45845,1,away,628452,1,0,1
45845,1,away,808967,1,0,1
45845,2,home,547973,1,0,1
45845,2,home,641329,1,0,1
45845,2,home,671922,1,0,1
45845,2,home,656876,1,0,1
45845,2,home,656641,1,1,1
45845,2,home,686973,1,1,0
45845,2,away,695505,0,0,1
45845,2,away,666200,0,0,1
45845,2,away,661395,1,0,1
45845,2,away,695243,0,0,1
45845,2,away,628452,1,1,1
45845,2,away,808967,1,1,0
45845,3,home,547973,1,1,0
45845,3,home,641329,1,0,1
45845,3,home,671922,1,0,1
45845,3,home,656876,1,1,0
45845,3,home,656641,1,1,0
45845,3,home,686973,0,0,1
45845,3,away,695505,1,1,0
45845,3,away,666200,1,1,0
45845,3,away,661395,1,0,1
45845,3,away,695243,1,1,1
45845,3,away,628452,1,0,1
45845,3,away,808967,0,0,1
45845,4,home,547973,0,0,1
45845,4,home,641329,1,0,1
45845,4,home,671922,1,1,0
45845,4,home,656876,0,0,1
45845,4,home,656641,0,0,0
45845,4,home,686973,1,1,0
45845,4,away,695505,0,0,1
45845,4,away,666200,0,0,1
45845,4,away,661395,1,0,1
45845,4,away,695243,1,0,1
45845,4,away,628452,1,0,1
45845,4,away,808967,1,1,0
45846,1,home,547973,1,1,1
45846,1,home,641329,1,0,1
45846,1,home,671922,1,0,1
45846,1,home,656876,1,1,0
45846,1,home,656641,1,1,0
45846,1,home,686973,1,0,1
45846,1,away,695505,1,1,0
45846,1,away,666200,1,1,0
45846,1,away,661395,1,0,1
45846,1,away,695243,1,1,0
45846,1,away,628452,1,0,1
45846,1,away,808967,1,1,0
45846,2,home,547973,1,1,0
45846,2,home,641329,1,1,1
45846,2,home,671922,1,1,1
45846,2,home,656876,0,0,1
45846,2,home,656641,0,0,1
45846,2,home,686973,1,1,1
45846,2,away,695505,0,0,1
45846,2,away,666200,0,0,1
45846,2,away,661395,1,1,0
45846,2,away,695243,0,0,1
45846,2,away,628452,1,1,0
45846,2,away,808967,0,0,1
45846,3,home,547973,0,0,1
45846,3,home,641329,1,1,0
45846,3,home,671922,1,1,1
45846,3,home,656876,1,1,1
45846,3,home,656641,1,1,0
45846,3,home,686973,1,0,1
45846,3,away,695505,1,1,1
45846,3,away,666200,1,1,0
45846,3,away,661395,0,0,1
45846,3,away,695243,1,0,1
45846,3,away,628452,0,0,1
45846,3,away,808967,1,1,0
45846,4,home,547973,1,1,1
45846,4,home,641329,0,0,1
45846,4,home,671922,1,1,0
45846,4,home,656876,1,1,0
45846,4,home,656641,0,0,0
45846,4,home,686973,1,1,1
45846,4,away,695505,1,1,0
45846,4,away,666200,0,0,1
45846,4,away,661395,1,1,1
45846,4,away,695243,1,1,0
45846,4,away,628452,1,0,1
45846,4,away,808967,0,0,1
45847,1,home,547973,1,0,1
45847,1,home,641329,1,0,1
45847,1,home,671922,1,0,1
45847,1,home,656876,1,0,1
45847,1,home,656641,1,1,0
45847,1,home,686973,1,0,1
45847,1,away,695505,1,1,0
45847,1,away,666200,1,1,0
45847,1,away,661395,1,1,0
45847,1,away,695243,1,1,0
45847,1,away,628452,1,0,1
45847,1,away,808967,1,0,1
45847,2,home,547973,1,0,1
45847,2,home,641329,1,1,0
45847,2,home,671922,1,0,1
45847,2,home,656876,1,0,1
45847,2,home,656641,0,0,1
45847,2,home,686973,1,1,0
45847,2,away,695505,0,0,1
45847,2,away,666200,0,0,1
45847,2,away,661395,0,0,1
45847,2,away,695243,0,0,1
45847,2,away,628452,1,1,0
45847,2,away,808967,1,0,1
45847,3,home,547973,1,0,1
45847,3,home,641329,0,0,1
45847,3,home,671922,1,1,0
45847,3,home,656876,1,1,1
45847,3,home,656641,1,0,1
45847,3,home,686973,0,0,1
45847,3,away,695505,1,1,0
45847,3,away,666200,1,1,1
45847,3,away,661395,1,0,1
45847,3,away,695243,1,1,0
45847,3,away,628452,0,0,1
45847,3,away,808967,1,0,1
45847,4,home,547973,1,1,1
45847,4,home,641329,1,0,1
45847,4,home,671922,0,0,1
45847,4,home,656876,1,0,1
45847,4,home,656641,1,1,0
45847,4,home,686973,1,1,1
45847,4,away,695505,0,0,1
45847,4,away,666200,1,1,0
45847,4,away,661395,1,1,1
45847,4,away,695243,0,0,1
45847,4,away,628452,1,1,0
45847,4,away,808967,1,1,1
45848,1,home,547973,1,0,1
45848,1,home,641329,1,0,1
45848,1,home,671922,1,0,1
45848,1,home,656876,1,0,1
45848,1,home,656641,1,1,0
45848,1,home,686973,1,1,0
45848,1,away,695505,1,1,0
45848,1,away,666200,1,1,0
45848,1,away,661395,1,1,1
45848,1,away,695243,1,0,1
45848,1,away,628452,1,0,1
45848,1,away,808967,1,1,0
45848,2,home,547973,1,1,0
45848,2,home,641329,1,0,1
45848,2,home,671922,1,1,1
45848,2,home,656876,1,1,0
45848,2,home,656641,0,0,0
45848,2,home,686973,0,0,1
45848,2,away,695505,0,0,0
45848,2,away,666200,0,0,1
45848,2,away,661395,1,1,0
45848,2,away,695243,1,1,0
45848,2,away,628452,1,1,0
45848,2,away,808967,0,0,1
45848,3,home,547973,0,0,1
45848,3,home,641329,1,1,1
45848,3,home,671922,1,1,0
45848,3,home,656876,0,0,1
45848,3,home,656641,0,0,1
45848,3,home,686973,1,1,0
45848,3,away,695505,0,0,1
45848,3,away,666200,1,1,0
45848,3,away,661395,0,0,1
45848,3,away,695243,0,0,1
45848,3,away,628452,0,0,1
45848,3,away,808967,1,1,0
45848,4,home,547973,1,1,0
45848,4,home,641329,1,0,1
45848,4,home,671922,0,0,1
45848,4,home,656876,1,1,1
45848,4,home,656641,1,1,0
45848,4,home,686973,0,0,0
45848,4,away,695505,1,1,1
45848,4,away,666200,0,0,1
45848,4,away,661395,1,1,0
45848,4,away,695243,1,1,0
45848,4,away,628452,1,0,1
45848,4,away,808967,0,0,1
45849,1,home,547973,1,0,1
45849,1,home,641329,1,0,1
45849,1,home,671922,1,0,1
45849,1,home,656876,1,0,1
45849,1,home,656641,1,0,1
45849,1,home,686973,1,1,0
45849,1,away,695505,1,0,1
45849,1,away,666200,1,1,1
45849,1,away,661395,1,0,1
45849,1,away,695243,1,1,0
45849,1,away,628452,1,0,1
45849,1,away,808967,1,0,1
45849,2,home,547973,1,1,0
45849,2,home,641329,1,0,1
45849,2,home,671922,1,0,1
45849,2,home,656876,1,1,0
45849,2,home,656641,1,1,0
45849,2,home,686973,0,0,1
45849,2,away,695505,1,1,0
45849,2,away,666200,1,1,0
45849,2,away,661395,1,0,1
45849,2,away,695243,0,0,1
45849,2,away,628452,1,1,0
45849,2,away,808967,1,1,0
45849,3,home,547973,0,0,1
45849,3,home,641329,1,0,1
45849,3,home,671922,1,0,1
45849,3,home,656876,0,0,1
45849,3,home,656641,0,0,1
45849,3,home,686973,1,0,1
45849,3,away,695505,0,0,0
45849,3,away,666200,0,0,1
45849,3,away,661395,1,0,1
45849,3,away,695243,1,1,1
45849,3,away,628452,0,0,1
45849,3,away,808967,0,0,1
45849,4,home,547973,1,0,1
45849,4,home,641329,1,1,1
45849,4,home,671922,1,0,1
45849,4,home,656876,1,0,1
45849,4,home,656641,1,0,1
45849,4,home,686973,1,1,0
45849,4,away,695505,0,0,1
45849,4,away,666200,1,0,1
45849,4,away,661395,1,1,1
45849,4,away,695243,1,1,0
45849,4,away,628452,1,0,1
45849,4,away,808967,1,1,1
45850,1,home,547973,1,0,1
45850,1,home,641329,1,0,1
45850,1,home,671922,1,1,1
45850,1,home,656876,1,1,0
45850,1,home,656641,1,1,1
45850,1,home,686973,1,1,0
45850,1,away,695505,1,1,0
45850,1,away,666200,1,1,0
45850,1,away,661395,1,1,0
45850,1,away,695243,1,0,1
45850,1,away,628452,1,0,1
45850,1,away,808967,1,1,0
45850,2,home,547973,1,0,1
45850,2,home,641329,1,1,1
45850,2,home,671922,1,1,1
45850,2,home,656876,0,0,1
45850,2,home,656641,1,1,1
45850,2,home,686973,0,0,1
45850,2,away,695505,0,0,0
45850,2,away,666200,0,0,1
45850,2,away,661395,0,0,1
45850,2,away,695243,1,1,1
45850,2,away,628452,1,1,0
45850,2,away,808967,0,0,1
45850,3,home,547973,1,0,1
45850,3,home,641329,1,0,1
45850,3,home,671922,1,0,1
45850,3,home,656876,1,1,0
45850,3,home,656641,1,0,1
45850,3,home,686973,1,1,1
45850,3,away,695505,0,0,1
45850,3,away,666200,1,1,1
45850,3,away,661395,1,0,1
45850,3,away,695243,1,1,1
45850,3,away,628452,0,0,1
45850,3,away,808967,1,1,0
45850,4,home,547973,1,1,0
45850,4,home,641329,1,0,1
45850,4,home,671922,1,0,1
45850,4,home,656876,0,0,1
45850,4,home,656641,1,1,1
45850,4,home,686973,1,1,0
45850,4,away,695505,1,1,1
45850,4,away,666200,1,1,1
45850,4,away,661395,1,0,1
45850,4,away,695243,1,1,0
45850,4,away,628452,1,0,1
45850,4,away,808967,0,0,1
45851,1,home,547973,1,1,0
45851,1,home,641329,1,0,1
45851,1,home,671922,1,0,1
45851,1,home,656876,1,0,1
45851,1,home,656641,1,0,1
45851,1,home,686973,1,0,1
45851,1,away,695505,1,1,0
45851,1,away,666200,1,1,1
45851,1,away,661395,1,0,1
45851,1,away,695243,1,1,0
45851,1,away,628452,1,0,1
45851,1,away,808967,1,0,1
45851,2,home,547973,0,0,1
45851,2,home,641329,1,1,0
45851,2,home,671922,1,0,1
45851,2,home,656876,1,1,0
45851,2,home,656641,1,1,0
45851,2,home,686973,1,1,0
45851,2,away,695505,0,0,1
45851,2,away,666200,1,1,1
45851,2,away,661395,1,1,0
45851,2,away,695243,0,0,1
45851,2,away,628452,1,1,0
45851,2,away,808967,1,1,1
45851,3,home,547973,1,1,0
45851,3,home,641329,0,0,1
45851,3,home,671922,1,1,1
45851,3,home,656876,0,0,1
45851,3,home,656641,0,0,1
45851,3,home,686973,0,0,1
45851,3,away,695505,1,1,0
45851,3,away,666200,1,1,1
45851,3,away,661395,0,0,1
45851,3,away,695243,1,1,1
45851,3,away,628452,0,0,0
45851,3,away,808967,1,1,0
45851,4,home,547973,0,0,1
45851,4,home,641329,1,0,1
45851,4,home,671922,1,1,1
45851,4,home,656876,1,1,1
45851,4,home,656641,1,1,1
45851,4,home,686973,1,1,0
45851,4,away,695505,0,0,1
45851,4,away,666200,1,1,0
45851,4,away,661395,1,1,0
45851,4,away,695243,1,0,1
45851,4,away,628452,0,0,1
45851,4,away,808967,0,0,1
45852,1,home,547973,1,0,1
45852,1,home,641329,1,0,1
45852,1,home,671922,1,0,1
45852,1,home,656876,1,0,1
45852,1,home,656641,1,0,1
45852,1,home,686973,1,1,1
45852,1,away,695505,1,0,1
45852,1,away,666200,1,0,1
45852,1,away,661395,1,0,1
45852,1,away,695243,1,0,1
45852,1,away,628452,1,0,1
45852,1,away,808967,1,0,1
45852,2,home,547973,1,0,1
45852,2,home,641329,1,0,1
45852,2,home,671922,1,1,1
45852,2,home,656876,1,0,1
45852,2,home,656641,1,1,0
45852,2,home,686973,1,0,1
45852,2,away,695505,1,1,0
45852,2,away,666200,1,1,1
45852,2,away,661395,1,0,1
45852,2,away,695243,1,1,0
45852,2,away,628452,1,0,1
45852,2,away,808967,1,0,1
45852,3,home,547973,1,1,1
45852,3,home,641329,1,0,1
45852,3,home,671922,1,1,0
45852,3,home,656876,1,1,1
45852,3,home,656641,0,0,1
45852,3,home,686973,1,0,1
45852,3,away,695505,0,0,1
45852,3,away,666200,1,1,1
45852,3,away,661395,1,0,1
45852,3,away,695243,0,0,0
45852,3,away,628452,1,1,0
45852,3,away,808967,1,1,0
45852,4,home,547973,1,0,1
45852,4,home,641329,1,0,1
45852,4,home,671922,0,0,0
45852,4,home,656876,1,0,1
45852,4,home,656641,1,1,0
45852,4,home,686973,1,1,1
45852,4,away,695505,1,0,1
45852,4,away,666200,1,1,0
45852,4,away,661395,1,1,0
45852,4,away,695243,0,0,1
45852,4,away,628452,0,0,1
45852,4,away,808967,0,0,0
45853,1,home,547973,1,1,0
45853,1,home,641329,1,0,1
45853,1,home,671922,1,0,1
45853,1,home,656876,1,1,0
45853,1,home,656641,1,0,1
45853,1,home,686973,1,0,1
45853,1,away,695505,1,1,0
45853,1,away,666200,1,1,0
45853,1,away,661395,1,0,1
45853,1,away,695243,1,1,0
45853,1,away,628452,1,0,1
45853,1,away,808967,1,1,0
45853,2,home,547973,0,0,1
45853,2,home,641329,1,0,1
45853,2,home,671922,1,1,0
45853,2,home,656876,0,0,1
45853,2,home,656641,1,1,0
45853,2,home,686973,1,1,1
45853,2,away,695505,0,0,0
45853,2,away,666200,0,0,1
45853,2,away,661395,1,0,1
45853,2,away,695243,0,0,1
45853,2,away,628452,1,1,0
45853,2,away,808967,0,0,1
45853,3,home,547973,1,0,1
45853,3,home,641329,1,0,1
45853,3,home,671922,0,0,1
45853,3,home,656876,1,1,0
45853,3,home,656641,0,0,1
45853,3,home,686973,1,1,1
45853,3,away,695505,0,0,1
45853,3,away,666200,1,1,0
45853,3,away,661395,1,0,1
45853,3,away,695243,1,1,0
45853,3,away,628452,0,0,1
45853,3,away,808967,1,1,0
45853,4,home,547973,1,0,1
45853,4,home,641329,1,0,1
45853,4,home,671922,1,1,1
45853,4,home,656876,0,0,1
45853,4,home,656641,1,1,0
45853,4,home,686973,1,0,1
45853,4,away,695505,1,0,1
45853,4,away,666200,0,0,1
45853,4,away,661395,1,1,0
45853,4,away,695243,0,0,1
45853,4,away,628452,1,1,0
45853,4,away,808967,0,0,0
45854,1,home,547973,1,0,1
45854,1,home,641329,1,0,1
45854,1,home,671922,1,1,0
45854,1,home,656876,1,1,1
45854,1,home,656641,1,1,0
45854,1,home,686973,1,0,1
45854,1,away,695505,1,1,0
45854,1,away,666200,1,1,0
45854,1,away,661395,1,0,1
45854,1,away,695243,1,1,0
45854,1,away,628452,1,0,1
45854,1,away,808967,1,1,0
45854,2,home,547973,1,1,0
45854,2,home,641329,1,0,1
45854,2,home,671922,0,0,1
45854,2,home,656876,1,1,0
45854,2,home,656641,0,0,0
45854,2,home,686973,1,1,0
45854,2,away,695505,0,0,1
45854,2,away,666200,0,0,1
45854,2,away,661395,1,1,0
45854,2,away,695243,0,0,0
45854,2,away,628452,1,1,0
45854,2,away,808967,0,0,1
45854,3,home,547973,0,0,1
45854,3,home,641329,1,1,0
45854,3,home,671922,1,0,1
45854,3,home,656876,0,0,1
45854,3,home,656641,0,0,1
45854,3,home,686973,0,0,1
45854,3,away,695505,1,0,1
45854,3,away,666200,1,0,1
45854,3,away,661395,0,0,0
45854,3,away,695243,0,0,1
45854,3,away,628452,0,0,1
45854,3,away,808967,1,0,1
45854,4,home,547973,1,0,1
45854,4,home,641329,0,0,0
45854,4,home,671922,1,1,0
45854,4,home,656876,1,1,1
45854,4,home,656641,1,1,0
45854,4,home,686973,1,1,0
45854,4,away,695505,1,1,0
45854,4,away,666200,1,1,1
45854,4,away,661395,0,0,1
45854,4,away,695243,1,1,1
45854,4,away,628452,1,0,1
45854,4,away,808967,1,1,0
45855,1,home,547973,1,0,1
45855,1,home,641329,1,0,1
45855,1,home,671922,1,1,0
45855,1,home,656876,1,0,1
45855,1,home,656641,1,1,1
45855,1,home,686973,1,0,1
45855,1,away,695505,1,1,1
45855,1,away,666200,1,1,1
45855,1,away,661395,1,0,1
45855,1,away,695243,1,1,0
45855,1,away,628452,1,0,1
45855,1,away,808967,1,1,0
45855,2,home,547973,1,1,1
45855,2,home,641329,1,1,0
45855,2,home,671922,0,0,1
45855,2,home,656876,1,0,1
45855,2,home,656641,1,0,1
45855,2,home,686973,1,0,1
45855,2,away,695505,1,1,0
45855,2,away,666200,1,1,0
45855,2,away,661395,1,0,1
45855,2,away,695243,0,0,1
45855,2,away,628452,1,1,1
45855,2,away,808967,0,0,1
45855,3,home,547973,1,0,1
45855,3,home,641329,0,0,1
45855,3,home,671922,1,1,0
45855,3,home,656876,1,0,1
45855,3,home,656641,1,1,0
45855,3,home,686973,1,0,1
45855,3,away,695505,0,0,1
45855,3,away,666200,0,0,1
45855,3,away,661395,1,1,0
45855,3,away,695243,1,1,0
45855,3,away,628452,1,0,1
45855,3,away,808967,1,1,0
45855,4,home,547973,1,1,1
45855,4,home,641329,1,0,1
45855,4,home,671922,0,0,1
45855,4,home,656876,1,1,1
45855,4,home,656641,0,0,1
45855,4,home,686973,1,1,1
45855,4,away,695505,1,1,1
45855,4,away,666200,1,1,1
45855,4,away,661395,0,0,1
45855,4,away,695243,0,0,1
45855,4,away,628452,1,0,1
45855,4,away,808967,0,0,1
45856,1,home,547973,1,1,0
45856,1,home,641329,1,0,1
45856,1,home,671922,1,1,0
45856,1,home,656876,1,0,1
45856,1,home,656641,1,0,1
45856,1,home,686973,1,0,1
45856,1,away,695505,1,1,1
45856,1,away,666200,1,1,1
45856,1,away,661395,1,0,1
45856,1,away,695243,1,1,0
45856,1,away,628452,1,0,1
45856,1,away,808967,1,1,0
45856,2,home,547973,0,0,1
45856,2,home,641329,1,0,1
45856,2,home,671922,0,0,1
45856,2,home,656876,1,1,0
45856,2,home,656641,1,1,0
45856,2,home,686973,1,1,1
45856,2,away,695505,1,1,1
45856,2,away,666200,1,1,1
45856,2,away,661395,1,1,1
45856,2,away,695243,0,0,1
45856,2,away,628452,1,1,0
45856,2,away,808967,0,0,1
45856,3,home,547973,1,0,1
45856,3,home,641329,1,0,1
45856,3,home,671922,1,0,1
45856,3,home,656876,0,0,1
45856,3,home,656641,0,0,1
45856,3,home,686973,1,1,1
45856,3,away,695505,1,0,1
45856,3,away,666200,1,1,0
45856,3,away,661395,1,1,0
45856,3,away,695243,1,0,1
45856,3,away,628452,0,0,0
45856,3,away,808967,1,1,0
45856,4,home,547973,1,0,1
45856,4,home,641329,1,0,1
45856,4,home,671922,1,1,0
45856,4,home,656876,1,1,0
45856,4,home,656641,1,1,0
45856,4,home,686973,1,0,1
45856,4,away,695505,1,1,0
45856,4,away,666200,0,0,1
45856,4,away,661395,0,0,1
45856,4,away,695243,1,1,0
45856,4,away,628452,0,0,1
45856,4,away,808967,0,0,1
45857,1,home,547973,1,0,1
45857,1,home,641329,1,0,1
45857,1,home,671922,1,1,0
45857,1,home,656876,1,0,1
45857,1,home,656641,1,1,0
45857,1,home,686973,1,0,1
45857,1,away,695505,1,1,0
45857,1,away,666200,1,1,1
45857,1,away,661395,1,0,1
45857,1,away,695243,1,1,1
45857,1,away,628452,1,0,1
45857,1,away,808967,1,0,1
45857,2,home,547973,1,1,0
45857,2,home,641329,1,0,1
45857,2,home,671922,0,0,1
45857,2,home,656876,1,1,0
45857,2,home,656641,0,0,1
45857,2,home,686973,1,0,1
45857,2,away,695505,0,0,1
45857,2,away,666200,1,1,1
45857,2,away,661395,1,0,1
45857,2,away,695243,1,1,0
45857,2,away,628452,1,0,1
45857,2,away,808967,1,1,0
45857,3,home,547973,0,0,1
45857,3,home,641329,1,0,1
45857,3,home,671922,1,0,1
45857,3,home,656876,0,0,1
45857,3,home,656641,1,1,0
45857,3,home,686973,1,0,1
45857,3,away,695505,1,1,0
45857,3,away,666200,1,1,0
45857,3,away,661395,1,1,0
45857,3,away,695243,0,0,0
45857,3,away,628452,1,0,1
45857,3,away,808967,0,0,1
45857,4,home,547973,1,0,1
45857,4,home,641329,1,0,1
45857,4,home,671922,1,0,1
45857,4,home,656876,1,0,1
45857,4,home,656641,0,0,1
45857,4,home,686973,1,0,1
45857,4,away,695505,0,0,1
45857,4,away,666200,0,0,0
45857,4,away,661395,0,0,1
45857,4,away,695243,0,0,1
45857,4,away,628452,1,0,1
45857,4,away,808967,1,0,1
45858,1,home,547973,1,1,0
45858,1,home,641329,1,0,1
45858,1,home,671922,1,0,1
45858,1,home,656876,1,1,1
45858,1,home,656641,1,1,0
45858,1,home,686973,1,0,1
45858,1,away,695505,1,1,0
45858,1,away,666200,1,1,0
45858,1,away,661395,1,0,1
45858,1,away,695243,1,1,0
45858,1,away,628452,1,1,0
45858,1,away,808967,1,1,1
45858,2,home,547973,0,0,1
45858,2,home,641329,1,1,0
45858,2,home,671922,1,0,1
45858,2,home,656876,1,1,0
45858,2,home,656641,0,0,0
45858,2,home,686973,1,1,0
45858,2,away,695505,0,0,1
45858,2,away,666200,0,0,1
45858,2,away,661395,1,1,1
45858,2,away,695243,0,0,1
45858,2,away,628452,0,0,0
45858,2,away,808967,1,1,0
45858,3,home,547973,1,1,0
45858,3,home,641329,0,0,1
45858,3,home,671922,1,1,0
45858,3,home,656876,0,0,1
45858,3,home,656641,0,0,1
45858,3,home,686973,0,0,0
45858,3,away,695505,1,1,1
45858,3,away,666200,1,1,1
45858,3,away,661395,1,1,0
45858,3,away,695243,1,1,1
45858,3,away,628452,0,0,1
45858,3,away,808967,0,0,1
45858,4,home,547973,0,0,0
45858,4,home,641329,1,0,1
45858,4,home,671922,0,0,1
45858,4,home,656876,1,0,1
45858,4,home,656641,1,1,0
45858,4,home,686973,0,0,1
45858,4,away,695505,1,1,0
45858,4,away,666200,1,1,0
45858,4,away,661395,0,0,1
45858,4,away,695243,1,1,0
45858,4,away,628452,1,0,1
45858,4,away,808967,1,0,1
45859,1,home,547973,1,0,1
45859,1,home,641329,1,0,1
45859,1,home,671922,1,0,1
45859,1,home,656876,1,0,1
45859,1,home,656641,1,0,1
45859,1,home,686973,1,1,0
45859,1,away,695505,1,0,1
45859,1,away,666200,1,1,1
45859,1,away,661395,1,0,1
45859,1,away,695243,1,1,0
45859,1,away,628452,1,0,1
45859,1,away,808967,1,1,0
45859,2,home,547973,1,0,1
45859,2,home,641329,1,0,1
45859,2,home,671922,1,0,1
45859,2,home,656876,1,1,0
45859,2,home,656641,1,1,0
45859,2,home,686973,0,0,1
45859,2,away,695505,1,1,0
45859,2,away,666200,1,1,0
45859,2,away,661395,1,1,0
45859,2,away,695243,0,0,0
45859,2,away,628452,1,1,1
45859,2,away,808967,0,0,1
45859,3,home,547973,1,0,1
45859,3,home,641329,1,1,0
45859,3,home,671922,1,0,1
45859,3,home,656876,0,0,1
45859,3,home,656641,0,0,1
45859,3,home,686973,1,0,1
45859,3,away,695505,0,0,1
45859,3,away,666200,0,0,1
45859,3,away,661395,0,0,0
45859,3,away,695243,0,0,1
45859,3,away,628452,1,0,1
45859,3,away,808967,1,1,0
45859,4,home,547973,1,0,1
45859,4,home,641329,0,0,1
45859,4,home,671922,1,0,1
45859,4,home,656876,1,1,0
45859,4,home,656641,1,1,0
45859,4,home,686973,1,1,0
45859,4,away,695505,1,1,0
45859,4,away,666200,1,1,1
45859,4,away,661395,0,0,1
45859,4,away,695243,1,1,0
45859,4,away,628452,1,1,0
45859,4,away,808967,0,0,1
45860,1,home,547973,1,0,1
45860,1,home,641329,1,0,1
45860,1,home,671922,1,1,0
45860,1,home,656876,1,1,0
45860,1,home,656641,1,0,1
45860,1,home,686973,1,0,1
45860,1,away,695505,1,1,0
45860,1,away,666200,1,1,0
45860,1,away,661395,1,1,0
45860,1,away,695243,1,1,0
45860,1,away,628452,1,0,1
45860,1,away,808967,1,1,1
45860,2,home,547973,1,0,1
45860,2,home,641329,1,0,1
45860,2,home,671922,0,0,1
45860,2,home,656876,0,0,1
45860,2,home,656641,1,1,0
45860,2,home,686973,1,1,0
45860,2,away,695505,0,0,1
45860,2,away,666200,0,0,1
45860,2,away,661395,0,0,1
45860,2,away,695243,0,0,1
45860,2,away,628452,1,1,0
45860,2,away,808967,1,1,0
45860,3,home,547973,1,0,1
45860,3,home,641329,1,0,1
45860,3,home,671922,1,1,0
45860,3,home,656876,1,1,1
45860,3,home,656641,0,0,1
45860,3,home,686973,0,0,1
45860,3,away,695505,1,0,1
45860,3,away,666200,1,1,0
45860,3,away,661395,1,1,0
45860,3,away,695243,1,1,1
45860,3,away,628452,0,0,1
45860,3,away,808967,0,0,1
45860,4,home,547973,1,0,1
45860,4,home,641329,1,0,1
45860,4,home,671922,0,0,1
45860,4,home,656876,1,0,1
45860,4,home,656641,1,1,1
45860,4,home,686973,1,0,1
45860,4,away,695505,1,1,1
45860,4,away,666200,0,0,1
45860,4,away,661395,0,0,1
45860,4,away,695243,1,1,1
45860,4,away,628452,1,0,1
45860,4,away,808967,1,1,1
45861,1,home,547973,1,0,1
45861,1,home,641329,1,0,1
45861,1,home,671922,1,0,1
45861,1,home,656876,1,1,0
45861,1,home,656641,1,0,1
45861,1,home,686973,1,1,0
45861,1,away,695505,1,1,1
45861,1,away,666200,1,1,1
45861,1,away,661395,1,0,1
45861,1,away,695243,1,1,1
45861,1,away,628452,1,0,1
45861,1,away,808967,1,0,1
45861,2,home,547973,1,1,0
45861,2,home,641329,1,0,1
45861,2,home,671922,1,1,0
45861,2,home,656876,0,0,1
45861,2,home,656641,1,1,0
45861,2,home,686973,0,0,1
45861,2,away,695505,1,1,1
45861,2,away,666200,1,1,0
45861,2,away,661395,1,0,1
45861,2,away,695243,1,1,0
45861,2,away,628452,1,0,1
45861,2,away,808967,1,1,0
45861,3,home,547973,0,0,1
45861,3,home,641329,1,1,0
45861,3,home,671922,0,0,1
45861,3,home,656876,1,0,1
45861,3,home,656641,0,0,1
45861,3,home,686973,1,0,1
45861,3,away,695505,1,0,1
45861,3,away,666200,0,0,1
45861,3,away,661395,1,1,0
45861,3,away,695243,0,0,1
45861,3,away,628452,1,0,1
45861,3,away,808967,0,0,0
45861,4,home,547973,1,0,1
45861,4,home,641329,0,0,1
45861,4,home,671922,1,1,0
45861,4,home,656876,1,1,0
45861,4,home,656641,1,1,1
45861,4,home,686973,1,1,1
45861,4,away,695505,1,1,0
45861,4,away,666200,1,0,1
45861,4,away,661395,0,0,1
45861,4,away,695243,1,1,0
45861,4,away,628452,1,0,1
45861,4,away,808967,0,0,1
45862,1,home,547973,1,0,1
45862,1,home,641329,1,0,1
45862,1,home,671922,1,1,0
45862,1,home,656876,1,1,1
45862,1,home,656641,1,1,1
45862,1,home,686973,1,0,1
45862,1,away,695505,1,1,1
45862,1,away,666200,1,1,0
45862,1,away,661395,1,0,1
45862,1,away,695243,1,1,0
45862,1,away,628452,1,0,1
45862,1,away,808967,1,0,1
45862,2,home,547973,1,1,1
45862,2,home,641329,1,0,1
45862,2,home,671922,0,0,1
45862,2,home,656876,1,0,1
45862,2,home,656641,1,1,1
45862,2,home,686973,1,1,1
45862,2,away,695505,1,1,0
45862,2,away,666200,0,0,1
45862,2,away,661395,1,0,1
45862,2,away,695243,0,0,1
45862,2,away,628452,1,0,1
45862,2,away,808967,1,1,1
45862,3,home,547973,1,0,1
45862,3,home,641329,1,0,1
45862,3,home,671922,1,0,1
45862,3,home,656876,1,1,0
45862,3,home,656641,1,1,0
45862,3,home,686973,1,0,1
45862,3,away,695505,0,0,1
45862,3,away,666200,1,1,0
45862,3,away,661395,1,0,1
45862,3,away,695243,1,1,0
45862,3,away,628452,1,0,1
45862,3,away,808967,1,0,1
45862,4,home,547973,1,1,0
45862,4,home,641329,1,1,0
45862,4,home,671922,1,1,0
45862,4,home,656876,0,0,1
45862,4,home,656641,0,0,1
45862,4,home,686973,1,0,1
45862,4,away,695505,1,1,0
45862,4,away,666200,0,0,1
45862,4,away,661395,1,0,1
45862,4,away,695243,0,0,1
45862,4,away,628452,1,0,1
45862,4,away,808967,1,1,0
45863,1,home,547973,1,0,1
45863,1,home,641329,1,0,1
45863,1,home,671922,1,0,1
45863,1,home,656876,1,1,1
45863,1,home,656641,1,1,0
45863,1,home,686973,1,1,1
45863,1,away,695505,1,0,1
45863,1,away,666200,1,1,0
45863,1,away,661395,1,0,1
45863,1,away,695243,1,1,1
45863,1,away,628452,1,0,1
45863,1,away,808967,1,1,0
45863,2,home,547973,1,1,0
45863,2,home,641329,1,0,1
45863,2,home,671922,1,0,1
45863,2,home,656876,1,0,1
45863,2,home,656641,0,0,1
45863,2,home,686973,1,1,1
45863,2,away,695505,1,1,1
45863,2,away,666200,0,0,1
45863,2,away,661395,1,1,0
45863,2,away,695243,1,1,0
45863,2,away,628452,1,1,0
45863,2,away,808967,0,0,0
45863,3,home,547973,0,0,1
45863,3,home,641329,1,0,1
45863,3,home,671922,1,1,0
45863,3,home,656876,1,1,0
45863,3,home,656641,1,1,1
45863,3,home,686973,1,0,1
45863,3,away,695505,1,1,0
45863,3,away,666200,1,1,1
45863,3,away,661395,0,0,1
45863,3,away,695243,0,0,1
45863,3,away,628452,0,0,0
45863,3,away,808967,0,0,1
45863,4,home,547973,1,0,1
45863,4,home,641329,1,1,1
45863,4,home,671922,0,0,1
45863,4,home,656876,0,0,1
45863,4,home,656641,1,0,1
45863,4,home,686973,1,1,1
45863,4,away,695505,0,0,1
45863,4,away,666200,1,0,1
45863,4,away,661395,1,0,1
45863,4,away,695243,1,0,1
45863,4,away,628452,0,0,1
45863,4,away,808967,1,1,0
45864,1,home,547973,1,1,0
45864,1,home,641329,1,0,1
45864,1,home,671922,1,1,1
45864,1,home,656876,1,0,1
45864,1,home,656641,1,1,0
45864,1,home,686973,1,0,1
45864,1,away,695505,1,1,1
45864,1,away,666200,1,1,0
45864,1,away,661395,1,0,1
45864,1,away,695243,1,1,0
45864,1,away,628452,1,0,1
45864,1,away,808967,1,1,1
45864,2,home,547973,0,0,1
45864,2,home,641329,1,0,1
45864,2,home,671922,1,1,0
45864,2,home,656876,1,1,1
45864,2,home,656641,0,0,1
45864,2,home,686973,1,1,0
45864,2,away,695505,1,1,0
45864,2,away,666200,0,0,1
45864,2,away,661395,1,0,1
45864,2,away,695243,0,0,1
45864,2,away,628452,1,1,1
45864,2,away,808967,1,1,1
45864,3,home,547973,1,0,1
45864,3,home,641329,1,0,1
45864,3,home,671922,0,0,1
45864,3,home,656876,1,1,0
45864,3,home,656641,1,1,0
45864,3,home,686973,0,0,1
45864,3,away,695505,0,0,1
45864,3,away,666200,1,1,1
45864,3,away,661395,1,0,1
45864,3,away,695243,1,1,0
45864,3,away,628452,1,1,0
45864,3,away,808967,1,1,0
45864,4,home,547973,1,0,1
45864,4,home,641329,1,1,1
45864,4,home,671922,1,1,0
45864,4,home,656876,0,0,1
45864,4,home,656641,0,0,1
45864,4,home,686973,1,1,0
45864,4,away,695505,1,1,1
45864,4,away,666200,1,1,0
45864,4,away,661395,1,1,0
45864,4,away,695243,0,0,1
45864,4,away,628452,0,0,1
45864,4,away,808967,0,0,0
45865,1,home,547973,1,0,1
45865,1,home,641329,1,0,1
45865,1,home,671922,1,1,1
45865,1,home,656876,1,1,0
45865,1,home,656641,1,1,0
45865,1,home,686973,1,0,1
45865,1,away,695505,1,1,0
45865,1,away,666200,1,1,0
45865,1,away,661395,1,0,1
45865,1,away,695243,1,1,0
45865,1,away,628452,1,1,0
45865,1,away,808967,1,1,0
45865,2,home,547973,1,0,1
45865,2,home,641329,1,0,1
45865,2,home,671922,1,0,1
45865,2,home,656876,0,0,1
45865,2,home,656641,0,0,0
45865,2,home,686973,1,0,1
45865,2,away,695505,0,0,1
45865,2,away,666200,0,0,1
45865,2,away,661395,1,0,1
45865,2,away,695243,0,0,1
45865,2,away,628452,0,0,1
45865,2,away,808967,0,0,1
45865,3,home,547973,1,0,1
45865,3,home,641329,1,0,1
45865,3,home,671922,1,0,1
45865,3,home,656876,1,1,0
45865,3,home,656641,0,0,1
45865,3,home,686973,1,0,1
45865,3,away,695505,1,1,1
45865,3,away,666200,1,1,0
45865,3,away,661395,1,0,1
45865,3,away,695243,1,1,0
45865,3,away,628452,1,0,1
45865,3,away,808967,1,0,1
45865,4,home,547973,1,1,0
45865,4,home,641329,1,0,1
45865,4,home,671922,1,1,1
45865,4,home,656876,0,0,1
45865,4,home,656641,1,1,0
45865,4,home,686973,1,0,1
45865,4,away,695505,1,1,0
45865,4,away,666200,0,0,1
45865,4,away,661395,1,1,0
45865,4,away,695243,0,0,1
45865,4,away,628452,1,0,1
45865,4,away,808967,1,1,0
45866,1,home,547973,1,0,1
45866,1,home,641329,1,0,1
45866,1,home,671922,1,1,0
45866,1,home,656876,1,0,1
45866,1,home,656641,1,1,0
45866,1,home,686973,1,0,1
45866,1,away,695505,1,1,0
45866,1,away,666200,1,1,1
45866,1,away,661395,1,0,1
45866,1,away,695243,1,1,0
45866,1,away,628452,1,1,0
45866,1,away,808967,1,1,0
45866,2,home,547973,1,1,1
45866,2,home,641329,1,0,1
45866,2,home,671922,0,0,1
45866,2,home,656876,1,1,1
45866,2,home,656641,0,0,1
45866,2,home,686973,1,0,1
45866,2,away,695505,0,0,1
45866,2,away,666200,1,1,0
45866,2,away,661395,1,1,1
45866,2,away,695243,0,0,1
45866,2,away,628452,0,0,1
45866,2,away,808967,0,0,1
45866,3,home,547973,1,1,0
45866,3,home,641329,1,0,1
45866,3,home,671922,1,1,0
45866,3,home,656876,1,1,1
45866,3,home,656641,1,1,1
45866,3,home,686973,1,0,1
45866,3,away,695505,1,1,0
45866,3,away,666200,0,0,1
45866,3,away,661395,1,1,0
45866,3,away,695243,1,1,0
45866,3,away,628452,1,0,1
45866,3,away,808967,1,1,1
45866,4,home,547973,0,0,1
45866,4,home,641329,1,0,1
45866,4,home,671922,0,0,0
45866,4,home,656876,1,1,0
45866,4,home,656641,1,1,0
45866,4,home,686973,1,1,0
45866,4,away,695505,0,0,1
45866,4,away,666200,1,1,0
45866,4,away,661395,0,0,1
45866,4,away,695243,0,0,0
45866,4,away,628452,1,0,1
45866,4,away,808967,1,1,0
45867,1,home,547973,1,0,1
45867,1,home,641329,1,0,1
45867,1,home,671922,1,0,1
45867,1,home,656876,1,0,1
45867,1,home,656641,1,0,1
45867,1,home,686973,1,0,1
45867,1,away,695505,1,0,1
45867,1,away,666200,1,0,1
45867,1,away,661395,1,0,1
45867,1,away,695243,1,0,1
45867,1,away,628452,1,0,1
45867,1,away,808967,1,0,1
45867,2,home,547973,1,1,0
45867,2,home,641329,1,0,1
45867,2,home,671922,1,0,1
45867,2,home,656876,1,1,1
45867,2,home,656641,1,1,1
45867,2,home,686973,1,0,1
45867,2,away,695505,1,1,0
45867,2,away,666200,1,1,1
45867,2,away,661395,1,0,1
45867,2,away,695243,1,1,0
45867,2,away,628452,1,0,1
45867,2,away,808967,1,1,0
45867,3,home,547973,0,0,1
45867,3,home,641329,1,1,0
45867,3,home,671922,1,1,0
45867,3,home,656876,1,1,1
45867,3,home,656641,1,1,1
45867,3,home,686973,1,0,1
45867,3,away,695505,0,0,1
45867,3,away,666200,1,1,0
45867,3,away,661395,1,1,0
45867,3,away,695243,0,0,1
45867,3,away,628452,1,1,1
45867,3,away,808967,0,0,1
45867,4,home,547973,1,0,1
45867,4,home,641329,0,0,1
45867,4,home,671922,0,0,1
45867,4,home,656876,1,0,1
45867,4,home,656641,1,0,1
45867,4,home,686973,1,1,0
45867,4,away,695505,1,0,1
45867,4,away,666200,0,0,1
45867,4,away,661395,0,0,1
45867,4,away,695243,1,0,1
45867,4,away,628452,1,1,0
45867,4,away,808967,1,0,1
45868,1,home,547973,1,0,1
45868,1,home,641329,1,0,1
45868,1,home,671922,1,0,1
45868,1,home,656876,1,0,1
45868,1,home,656641,1,1,0
45868,1,home,686973,1,1,0
45868,1,away,695505,1,1,1
45868,1,away,666200,1,1,0
45868,1,away,661395,1,0,1
45868,1,away,695243,1,0,1
45868,1,away,628452,1,1,0
45868,1,away,808967,1,1,1
45868,2,home,547973,1,1,0
45868,2,home,641329,1,0,1
45868,2,home,671922,1,1,1
45868,2,home,656876,1,1,0
45868,2,home,656641,0,0,1
45868,2,home,686973,0,0,1
45868,2,away,695505,1,0,1
45868,2,away,666200,0,0,1
45868,2,away,661395,1,1,0
45868,2,away,695243,1,1,0
45868,2,away,628452,0,0,0
45868,2,away,808967,1,1,0
45868,3,home,547973,0,0,1
45868,3,home,641329,1,1,0
45868,3,home,671922,1,1,1
45868,3,home,656876,0,0,1
45868,3,home,656641,1,1,1
45868,3,home,686973,1,1,1
45868,3,away,695505,1,1,1
45868,3,away,666200,1,1,1
45868,3,away,661395,0,0,1
45868,3,away,695243,0,0,0
45868,3,away,628452,0,0,1
45868,3,away,808967,0,0,1
45868,4,home,547973,1,1,0
45868,4,home,641329,0,0,0
45868,4,home,671922,1,1,1
45868,4,home,656876,1,1,0
45868,4,home,656641,1,1,1
45868,4,home,686973,1,0,1
45868,4,away,695505,1,1,1
45868,4,away,666200,1,1,0
45868,4,away,661395,1,0,1
45868,4,away,695243,0,0,1
45868,4,away,628452,1,0,1
45868,4,away,808967,1,1,0
45869,1,home,547973,1,0,1
45869,1,home,641329,1,0,1
45869,1,home,671922,1,0,1
45869,1,home,656876,1,0,1
45869,1,home,656641,1,0,1
45869,1,home,686973,1,1,0
45869,1,away,695505,1,0,1
45869,1,away,666200,1,0,1
45869,1,away,661395,1,0,1
45869,1,away,695243,1,1,1
45869,1,away,628452,1,0,1
45869,1,away,808967,1,0,1
45869,2,home,547973,1,0,1
45869,2,home,641329,1,0,1
45869,2,home,671922,1,1,1
45869,2,home,656876,1,1,1
45869,2,home,656641,1,0,1
45869,2,home,686973,0,0,0
45869,2,away,695505,1,1,0
45869,2,away,666200,1,1,0
45869,2,away,661395,1,0,1
45869,2,away,695243,1,1,0
45869,2,away,628452,1,0,1
45869,2,away,808967,1,1,0
45869,3,home,547973,1,1,0
45869,3,home,641329,1,1,1
45869,3,home,671922,1,0,1
45869,3,home,656876,1,1,0
45869,3,home,656641,1,0,1
45869,3,home,686973,0,0,1
45869,3,away,695505,0,0,1
45869,3,away,666200,0,0,1
45869,3,away,661395,1,1,0
45869,3,away,695243,0,0,1
45869,3,away,628452,1,1,0
45869,3,away,808967,0,0,1
45869,4,home,547973,0,0,1
45869,4,home,641329,1,0,1
45869,4,home,671922,1,0,1
45869,4,home,656876,0,0,1
45869,4,home,656641,1,0,1
45869,4,home,686973,1,1,0
45869,4,away,695505,1,1,0
45869,4,away,666200,1,1,0
45869,4,away,661395,0,0,1
45869,4,away,695243,1,0,1
45869,4,away,628452,0,0,1
45869,4,away,808967,1,1,1
45870,1,home,547973,1,1,1
45870,1,home,641329,1,0,1
45870,1,home,671922,1,1,1
45870,1,home,656876,1,0,1
45870,1,home,656641,1,0,1
45870,1,home,686973,1,1,0
45870,1,away,695505,1,1,0
45870,1,away,666200,1,1,0
45870,1,away,661395,1,0,1
45870,1,away,695243,1,1,0
45870,1,away,628452,1,0,1
45870,1,away,808967,1,1,0
45870,2,home,547973,1,0,1
45870,2,home,641329,1,0,1
45870,2,home,671922,1,0,1
45870,2,home,656876,1,0,1
45870,2,home,656641,1,0,1
45870,2,home,686973,0,0,1
45870,2,away,695505,0,0,1
45870,2,away,666200,0,0,1
45870,2,away,661395,1,0,1
45870,2,away,695243,0,0,1
45870,2,away,628452,1,0,1
45870,2,away,808967,0,0,0
45870,3,home,547973,1,0,1
45870,3,home,641329,1,0,1
45870,3,home,671922,1,0,1
45870,3,home,656876,1,0,1
45870,3,home,656641,1,1,0
45870,3,home,686973,1,0,1
45870,3,away,695505,1,1,0
45870,3,away,666200,1,0,1
45870,3,away,661395,1,1,1
45870,3,away,695243,1,1,0
45870,3,away,628452,1,0,1
45870,3,away,808967,0,0,1
45870,4,home,547973,1,1,0
45870,4,home,641329,1,0,1
45870,4,home,671922,1,1,1
45870,4,home,656876,1,1,0
45870,4,home,656641,0,0,1
45870,4,home,686973,1,0,1
45870,4,away,695505,0,0,0
45870,4,away,666200,1,1,1
45870,4,away,661395,1,1,0
45870,4,away,695243,0,0,1
45870,4,away,628452,1,0,1
45870,4,away,808967,1,0,1
45871,1,home,547973,1,1,0
45871,1,home,641329,1,0,1
45871,1,home,671922,1,1,0
45871,1,home,656876,1,0,1
45871,1,home,656641,1,1,0
45871,1,home,686973,1,0,1
45871,1,away,695505,1,1,0
45871,1,away,666200,1,1,0
45871,1,away,661395,1,0,1
45871,1,away,695243,1,1,0
45871,1,away,628452,1,0,1
45871,1,away,808967,1,0,1
45871,2,home,547973,0,0,1
45871,2,home,641329,1,1,0
45871,2,home,671922,0,0,1
45871,2,home,656876,1,1,0
45871,2,home,656641,0,0,1
45871,2,home,686973,1,1,0
45871,2,away,695505,0,0,1
45871,2,away,666200,0,0,1
45871,2,away,661395,1,1,0
45871,2,away,695243,0,0,0
45871,2,away,628452,1,1,1
45871,2,away,808967,1,1,0
45871,3,home,547973,1,1,1
45871,3,home,641329,0,0,1
45871,3,home,671922,1,1,0
45871,3,home,656876,0,0,1
45871,3,home,656641,1,1,0
45871,3,home,686973,0,0,1
45871,3,away,695505,1,1,1
45871,3,away,666200,1,1,0
45871,3,away,661395,0,0,1
45871,3,away,695243,0,0,1
45871,3,away,628452,1,0,1
45871,3,away,808967,0,0,1
45871,4,home,547973,1,0,1
45871,4,home,641329,1,1,0
45871,4,home,671922,0,0,1
45871,4,home,656876,1,0,1
45871,4,home,656641,0,0,1
45871,4,home,686973,1,0,1
45871,4,away,695505,1,1,0
45871,4,away,666200,0,0,1
45871,4,away,661395,1,0,1
45871,4,away,695243,1,0,1
45871,4,away,628452,1,0,1
45871,4,away,808967,1,1,0
45872,1,home,547973,1,1,1
45872,1,home,641329,1,0,1
45872,1,home,671922,1,1,0
45872,1,home,656876,1,1,0
45872,1,home,656641,1,1,0
45872,1,home,686973,1,0,1
45872,1,away,695505,1,1,1
45872,1,away,666200,1,1,1
45872,1,away,661395,1,1,0
45872,1,away,695243,1,1,0
45872,1,away,628452,1,1,1
45872,1,away,808967,1,1,0
45872,2,home,547973,1,0,1
45872,2,home,641329,1,1,1
45872,2,home,671922,0,0,1
45872,2,home,656876,0,0,1
45872,2,home,656641,0,0,1
45872,2,home,686973,1,1,1
45872,2,away,695505,1,1,0
45872,2,away,666200,1,0,1
45872,2,away,661395,0,0,1
45872,2,away,695243,0,0,1
45872,2,away,628452,1,1,1
45872,2,away,808967,0,0,1
45872,3,home,547973,1,1,1
45872,3,home,641329,1,0,1
45872,3,home,671922,1,0,1
45872,3,home,656876,1,0,1
45872,3,home,656641,1,1,0
45872,3,home,686973,1,0,1
45872,3,away,695505,0,0,1
45872,3,away,666200,1,1,0
45872,3,away,661395,1,0,1
45872,3,away,695243,1,1,0
45872,3,away,628452,1,1,0
45872,3,away,808967,1,1,0
45872,4,home,547973,1,1,0
45872,4,home,641329,1,0,1
45872,4,home,671922,1,0,1
45872,4,home,656876,1,1,0
45872,4,home,656641,0,0,1
45872,4,home,686973,1,1,0
45872,4,away,695505,1,1,1
45872,4,away,666200,0,0,1
45872,4,away,661395,1,1,1
45872,4,away,695243,0,0,1
45872,4,away,628452,0,0,1
45872,4,away,808967,0,0,1
45873,1,home,547973,1,1,0
45873,1,home,641329,1,1,0
45873,1,home,671922,1,1,0
45873,1,home,656876,1,1,0
45873,1,home,656641,1,1,1
45873,1,home,686973,1,0,1
45873,1,away,695505,1,1,1
45873,1,away,666200,1,1,1
45873,1,away,661395,1,0,1
45873,1,away,695243,1,1,0
45873,1,away,628452,1,0,1
45873,1,away,808967,1,1,0
45873,2,home,547973,0,0,1
45873,2,home,641329,0,0,1
45873,2,home,671922,0,0,1
45873,2,home,656876,0,0,1
45873,2,home,656641,1,1,1
45873,2,home,686973,1,1,0
45873,2,away,695505,1,1,0
45873,2,away,666200,1,1,1
45873,2,away,661395,1,1,0
45873,2,away,695243,0,0,1
45873,2,away,628452,1,1,0
45873,2,away,808967,0,0,1
45873,3,home,547973,1,1,1
45873,3,home,641329,1,1,0
45873,3,home,671922,1,1,0
45873,3,home,656876,1,1,1
45873,3,home,656641,1,0,1
45873,3,home,686973,0,0,1
45873,3,away,695505,0,0,1
45873,3,away,666200,1,1,0
45873,3,away,661395,0,0,1
45873,3,away,695243,1,1,0
45873,3,away,628452,0,0,1
45873,3,away,808967,1,1,0
45873,4,home,547973,1,0,1
45873,4,home,641329,0,0,1
45873,4,home,671922,0,0,1
45873,4,home,656876,1,1,0
45873,4,home,656641,1,1,0
45873,4,home,686973,1,1,0
45873,4,away,695505,1,1,0
45873,4,away,666200,0,0,1
45873,4,away,661395,1,1,0
45873,4,away,695243,0,0,1
45873,4,away,628452,1,1,0
45873,4,away,808967,0,0,1
45874,1,home,547973,1,1,0
45874,1,home,641329,1,0,1
45874,1,home,671922,1,1,0
45874,1,home,656876,1,0,1
45874,1,home,656641,1,1,1
45874,1,home,686973,1,0,1
45874,1,away,695505,1,1,0
45874,1,away,666200,1,1,1
45874,1,away,661395,1,1,0
45874,1,away,695243,1,1,1
45874,1,away,628452,1,0,1
45874,1,away,808967,1,1,1
45874,2,home,547973,0,0,1
45874,2,home,641329,1,0,1
45874,2,home,671922,0,0,1
45874,2,home,656876,1,1,0
45874,2,home,656641,1,1,1
45874,2,home,686973,1,1,0
45874,2,away,695505,0,0,1
45874,2,away,666200,1,1,0
45874,2,away,661395,0,0,0
45874,2,away,695243,1,1,0
45874,2,away,628452,1,0,1
45874,2,away,808967,1,0,1
45874,3,home,547973,1,1,0
45874,3,home,641329,1,0,1
45874,3,home,671922,1,1,1
45874,3,home,656876,0,0,1
45874,3,home,656641,1,1,0
45874,3,home,686973,0,0,1
45874,3,away,695505,1,1,0
45874,3,away,666200,0,0,1
45874,3,away,661395,0,0,0
45874,3,away,695243,0,0,1
45874,3,away,628452,1,0,1
45874,3,away,808967,1,1,0
45874,4,home,547973,0,0,1
45874,4,home,641329,1,1,1
45874,4,home,671922,1,0,1
45874,4,home,656876,1,0,1
45874,4,home,656641,0,0,1
45874,4,home,686973,1,1,0
45874,4,away,695505,0,0,1
45874,4,away,666200,1,1,0
45874,4,away,661395,0,0,1
45874,4,away,695243,1,1,1
45874,4,away,628452,1,1,0
45874,4,away,808967,0,0,1
45875,1,home,547973,1,0,1
45875,1,home,641329,1,0,1
45875,1,home,671922,1,1,0
45875,1,home,656876,1,1,0
45875,1,home,656641,1,1,1
45875,1,home,686973,1,0,1
45875,1,away,695505,1,1,0
45875,1,away,666200,1,1,0
45875,1,away,661395,1,0,1
45875,1,away,695243,1,0,1
45875,1,away,628452,1,1,1
45875,1,away,808967,1,1,0
45875,2,home,547973,1,0,1
45875,2,home,641329,1,0,1
45875,2,home,671922,0,0,0
45875,2,home,656876,0,0,1
45875,2,home,656641,1,1,0
45875,2,home,686973,1,1,1
45875,2,away,695505,0,0,1
45875,2,away,666200,0,0,1
45875,2,away,661395,1,1,1
45875,2,away,695243,1,1,0
45875,2,away,628452,1,1,0
45875,2,away,808967,0,0,1
45875,3,home,547973,1,1,0
45875,3,home,641329,1,0,1
45875,3,home,671922,0,0,1
45875,3,home,656876,1,1,0
45875,3,home,656641,0,0,1
45875,3,home,686973,1,1,0
45875,3,away,695505,1,1,0
45875,3,away,666200,1,1,0
45875,3,away,661395,1,1,0
45875,3,away,695243,0,0,0
45875,3,away,628452,0,0,1
45875,3,away,808967,1,1,0
45875,4,home,547973,0,0,1
45875,4,home,641329,1,0,1
45875,4,home,671922,1,0,1
45875,4,home,656876,0,0,1
45875,4,home,656641,1,0,1
45875,4,home,686973,0,0,1
45875,4,away,695505,0,0,1
45875,4,away,666200,0,0,1
45875,4,away,661395,0,0,1
45875,4,away,695243,0,0,1
45875,4,away,628452,1,1,1
45875,4,away,808967,0,0,1
45876,1,home,547973,1,1,0
45876,1,home,641329,1,1,1
45876,1,home,671922,1,0,1
45876,1,home,656876,1,0,1
45876,1,home,656641,1,0,1
45876,1,home,686973,1,1,0
45876,1,away,695505,1,1,0
45876,1,away,666200,1,1,1
45876,1,away,661395,1,0,1
45876,1,away,695243,1,1,1
45876,1,away,628452,1,0,1
45876,1,away,808967,1,0,1
45876,2,home,547973,0,0,1
45876,2,home,641329,1,1,0
45876,2,home,671922,1,1,0
45876,2,home,656876,1,0,1
45876,2,home,656641,1,1,0
45876,2,home,686973,0,0,1
45876,2,away,695505,0,0,1
45876,2,away,666200,1,1,1
45876,2,away,661395,1,0,1
45876,2,away,695243,1,0,1
45876,2,away,628452,1,0,1
45876,2,away,808967,1,1,1
45876,3,home,547973,1,0,1
45876,3,home,641329,0,0,1
45876,3,home,671922,0,0,1
45876,3,home,656876,1,1,0
45876,3,home,656641,0,0,1
45876,3,home,686973,1,1,0
45876,3,away,695505,1,1,1
45876,3,away,666200,1,1,0
45876,3,away,661395,1,0,1
45876,3,away,695243,1,1,0
45876,3,away,628452,1,0,1
45876,3,away,808967,1,1,1
45876,4,home,547973,1,0,1
45876,4,home,641329,1,1,0
45876,4,home,671922,1,0,1
45876,4,home,656876,0,0,1
45876,4,home,656641,1,1,0
45876,4,home,686973,0,0,1
45876,4,away,695505,1,1,1
45876,4,away,666200,0,0,1
45876,4,away,661395,1,0,1
45876,4,away,695243,0,0,0
45876,4,away,628452,1,1,1
45876,4,away,808967,1,1,0
45877,1,home,547973,1,0,1
45877,1,home,641329,1,1,1
45877,1,home,671922,1,1,0
45877,1,home,656876,1,0,1
45877,1,home,656641,1,0,1
45877,1,home,686973,1,0,1
45877,1,away,695505,1,1,0
45877,1,away,666200,1,1,1
45877,1,away,661395,1,0,1
45877,1,away,695243,1,1,0
45877,1,away,628452,1,1,0
45877,1,away,808967,1,1,0
45877,2,home,547973,1,1,0
45877,2,home,641329,1,0,1
45877,2,home,671922,0,0,1
45877,2,home,656876,1,0,1
45877,2,home,656641,1,1,0
45877,2,home,686973,1,1,0
45877,2,away,695505,0,0,1
45877,2,away,666200,1,1,1
45877,2,away,661395,1,1,0
45877,2,away,695243,0,0,1
45877,2,away,628452,0,0,1
45877,2,away,808967,0,0,1
45877,3,home,547973,0,0,1
45877,3,home,641329,1,1,0
45877,3,home,671922,1,0,1
45877,3,home,656876,1,1,0
45877,3,home,656641,0,0,1
45877,3,home,686973,0,0,1
45877,3,away,695505,1,1,1
45877,3,away,666200,1,1,0
45877,3,away,661395,0,0,1
45877,3,away,695243,1,1,0
45877,3,away,628452,1,0,1
45877,3,away,808967,1,1,0
45877,4,home,547973,1,0,1
45877,4,home,641329,0,0,1
45877,4,home,671922,1,1,1
45877,4,home,656876,0,0,0
45877,4,home,656641,1,1,1
45877,4,home,686973,1,1,0
45877,4,away,695505,1,0,1
45877,4,away,666200,0,0,1
45877,4,away,661395,1,1,1
45877,4,away,695243,0,0,1
45877,4,away,628452,1,1,0
45877,4,away,808967,0,0,1
45878,1,home,547973,1,1,0
45878,1,home,641329,1,0,1
45878,1,home,671922,1,1,0
45878,1,home,656876,1,1,1
45878,1,home,656641,1,1,0
45878,1,home,686973,1,0,1
45878,1,away,695505,1,1,1
45878,1,away,666200,1,1,0
45878,1,away,661395,1,0,1
45878,1,away,695243,1,1,0
45878,1,away,628452,1,0,1
45878,1,away,808967,1,1,0
45878,2,home,547973,0,0,1
45878,2,home,641329,1,1,1
45878,2,home,671922,0,0,1
45878,2,home,656876,1,1,0
45878,2,home,656641,0,0,1
45878,2,home,686973,1,1,0
45878,2,away,695505,1,1,0
45878,2,away,666200,0,0,1
45878,2,away,661395,1,1,0
45878,2,away,695243,0,0,1
45878,2,away,628452,1,1,0
45878,2,away,808967,0,0,1
45878,3,home,547973,1,0,1
45878,3,home,641329,1,0,1
45878,3,home,671922,1,0,1
45878,3,home,656876,0,0,1
45878,3,home,656641,1,0,1
45878,3,home,686973,0,0,1
45878,3,away,695505,0,0,1
45878,3,away,666200,1,0,1
45878,3,away,661395,0,0,1
45878,3,away,695243,1,0,1
45878,3,away,628452,0,0,1
45878,3,away,808967,1,0,1
45878,4,home,547973,1,0,1
45878,4,home,641329,1,1,0
45878,4,home,671922,1,0,1
45878,4,home,656876,1,0,1
45878,4,home,656641,1,1,0
45878,4,home,686973,1,0,1
45878,4,away,695505,1,1,0
45878,4,away,666200,1,1,0
45878,4,away,661395,1,0,1
45878,4,away,695243,1,1,0
45878,4,away,628452,1,1,1
45878,4,away,808967,1,1,0
45879,1,home,547973,1,1,1
45879,1,home,641329,1,0,1
45879,1,home,671922,1,0,1
45879,1,home,656876,1,1,0
45879,1,home,656641,1,0,1
45879,1,home,686973,1,1,1
45879,1,away,695505,1,1,1
45879,1,away,666200,1,1,0
45879,1,away,661395,1,0,1
45879,1,away,695243,1,1,0
45879,1,away,628452,1,1,0
45879,1,away,808967,1,1,0
45879,2,home,547973,1,0,1
45879,2,home,641329,1,0,1
45879,2,home,671922,1,1,1
45879,2,home,656876,0,0,1
45879,2,home,656641,1,1,0
45879,2,home,686973,1,1,0
45879,2,away,695505,1,1,0
45879,2,away,666200,0,0,1
45879,2,away,661395,1,1,0
45879,2,away,695243,0,0,0
45879,2,away,628452,0,0,1
45879,2,away,808967,0,0,1
45879,3,home,547973,1,1,0
45879,3,home,641329,1,0,1
45879,3,home,671922,1,1,0
45879,3,home,656876,1,1,0
45879,3,home,656641,0,0,1
45879,3,home,686973,0,0,1
45879,3,away,695505,0,0,1
45879,3,away,666200,1,1,0
45879,3,away,661395,0,0,1
45879,3,away,695243,0,0,1
45879,3,away,628452,1,1,0
45879,3,away,808967,1,1,1
45879,4,home,547973,0,0,1
45879,4,home,641329,1,0,1
45879,4,home,671922,0,0,1
45879,4,home,656876,0,0,1
45879,4,home,656641,1,0,1
45879,4,home,686973,1,0,1
45879,4,away,695505,1,0,1
45879,4,away,666200,0,0,1
45879,4,away,661395,1,0,1
45879,4,away,695243,1,1,0
45879,4,away,628452,0,0,1
45879,4,away,808967,1,0,1
45880,1,home,547973,1,1,0
45880,1,home,641329,1,0,1
45880,1,home,671922,1,0,1
45880,1,home,656876,1,1,1
45880,1,home,656641,1,1,0
45880,1,home,686973,1,0,1
45880,1,away,695505,1,1,1
45880,1,away,666200,1,1,0
45880,1,away,661395,1,0,1
45880,1,away,695243,1,0,1
45880,1,away,628452,1,1,0
45880,1,away,808967,1,1,1
45880,2,home,547973,0,0,1
45880,2,home,641329,1,1,0
45880,2,home,671922,1,0,1
45880,2,home,656876,1,0,1
45880,2,home,656641,0,0,1
45880,2,home,686973,1,0,1
45880,2,away,695505,1,1,1
45880,2,away,666200,0,0,1
45880,2,away,661395,1,0,1
45880,2,away,695243,1,0,1
45880,2,away,628452,0,0,0
45880,2,away,808967,1,0,1
45880,3,home,547973,1,0,1
45880,3,home,641329,0,0,1
45880,3,home,671922,1,0,1
45880,3,home,656876,1,0,1
45880,3,home,656641,1,0,1
45880,3,home,686973,1,0,1
45880,3,away,695505,1,0,1
45880,3,away,666200,1,0,1
45880,3,away,661395,1,0,1
45880,3,away,695243,1,0,1
45880,3,away,628452,0,0,1
45880,3,away,808967,1,1,0
45880,4,home,547973,1,1,0
45880,4,home,641329,1,0,1
45880,4,home,671922,1,1,0
45880,4,home,656876,1,1,1
45880,4,home,656641,1,1,1
45880,4,home,686973,1,0,1
45880,4,away,695505,1,1,0
45880,4,away,666200,1,1,0
45880,4,away,661395,1,0,1
45880,4,away,695243,1,1,0
45880,4,away,628452,1,0,1
45880,4,away,808967,0,0,1
45881,1,home,547973,1,1,0
45881,1,home,641329,1,0,1
45881,1,home,671922,1,0,1
45881,1,home,656876,1,1,1
45881,1,home,656641,1,1,0
45881,1,home,686973,1,0,1
45881,1,away,695505,1,1,1
45881,1,away,666200,1,1,1
45881,1,away,661395,1,0,1
45881,1,away,695243,1,1,0
45881,1,away,628452,1,0,1
45881,1,away,808967,1,1,0
45881,2,home,547973,0,0,1
45881,2,home,641329,1,1,0
45881,2,home,671922,1,0,1
45881,2,home,656876,1,0,1
45881,2,home,656641,0,0,1
45881,2,home,686973,1,1,0
45881,2,away,695505,1,1,0
45881,2,away,666200,1,1,0
45881,2,away,661395,1,0,1
45881,2,away,695243,0,0,1
45881,2,away,628452,1,1,0
45881,2,away,808967,0,0,0
45881,3,home,547973,1,0,1
45881,3,home,641329,0,0,1
45881,3,home,671922,1,0,1
45881,3,home,656876,1,0,1
45881,3,home,656641,1,0,1
45881,3,home,686973,0,0,1
45881,3,away,695505,0,0,0
45881,3,away,666200,0,0,1
45881,3,away,661395,1,0,1
45881,3,away,695243,1,0,1
45881,3,away,628452,0,0,1
45881,3,away,808967,0,0,1
45881,4,home,547973,1,0,1
45881,4,home,641329,1,0,1
45881,4,home,671922,1,1,0
45881,4,home,656876,1,1,0
45881,4,home,656641,1,1,0
45881,4,home,686973,1,1,0
45881,4,away,695505,0,0,1
45881,4,away,666200,1,1,1
45881,4,away,661395,1,1,0
45881,4,away,695243,1,1,1
45881,4,away,628452,1,0,1
45881,4,away,808967,1,1,0
45882,1,home,547973,1,1,0
45882,1,home,641329,1,0,1
45882,1,home,671922,1,0,1
45882,1,home,656876,1,1,0
45882,1,home,656641,1,0,1
45882,1,home,686973,1,1,0
45882,1,away,695505,1,1,0
45882,1,away,666200,1,1,0
45882,1,away,661395,1,0,1
45882,1,away,695243,1,1,1
45882,1,away,628452,1,0,1
45882,1,away,808967,1,1,1
45882,2,home,547973,0,0,1
45882,2,home,641329,1,1,1
45882,2,home,671922,1,1,1
45882,2,home,656876,0,0,1
45882,2,home,656641,1,1,1
45882,2,home,686973,0,0,1
45882,2,away,695505,0,0,1
45882,2,away,666200,0,0,1
45882,2,away,661395,1,0,1
45882,2,away,695243,1,1,0
45882,2,away,628452,1,1,0
45882,2,away,808967,1,1,0
45882,3,home,547973,1,1,0
45882,3,home,641329,1,0,1
45882,3,home,671922,1,0,1
45882,3,home,656876,1,1,1
45882,3,home,656641,1,0,1
45882,3,home,686973,1,0,1
45882,3,away,695505,1,1,1
45882,3,away,666200,1,0,1
45882,3,away,661395,1,1,0
45882,3,away,695243,0,0,1
45882,3,away,628452,0,0,1
45882,3,away,808967,0,0,1
45882,4,home,547973,0,0,1
45882,4,home,641329,1,0,1
45882,4,home,671922,1,1,1
45882,4,home,656876,1,1,0
45882,4,home,656641,1,1,0
45882,4,home,686973,1,1,1
45882,4,away,695505,1,1,0
45882,4,away,666200,1,1,0
45882,4,away,661395,0,0,1
45882,4,away,695243,1,1,1
45882,4,away,628452,1,0,1
45882,4,away,808967,1,1,1
45883,1,home,547973,1,1,1
45883,1,home,641329,1,0,1
45883,1,home,671922,1,0,1
45883,1,home,656876,1,0,1
45883,1,home,656641,1,0,1
45883,1,home,686973,1,0,1
45883,1,away,695505,1,0,1
45883,1,away,666200,1,0,1
45883,1,away,661395,1,0,1
45883,1,away,695243,1,0,1
45883,1,away,628452,1,0,1
45883,1,away,808967,1,0,1
45883,2,home,547973,1,1,0
45883,2,home,641329,1,0,1
45883,2,home,671922,1,0,1
45883,2,home,656876,1,0,1
45883,2,home,656641,1,0,1
45883,2,home,686973,1,1,0
45883,2,away,695505,1,1,0
45883,2,away,666200,1,1,0
45883,2,away,661395,1,0,1
45883,2,away,695243,1,1,1
45883,2,away,628452,1,0,1
45883,2,away,808967,1,0,1
45883,3,home,547973,0,0,1
45883,3,home,641329,1,1,0
45883,3,home,671922,1,1,0
45883,3,home,656876,1,1,0
45883,3,home,656641,1,1,0
45883,3,home,686973,0,0,1
45883,3,away,695505,0,0,1
45883,3,away,666200,0,0,1
45883,3,away,661395,1,1,0
45883,3,away,695243,1,1,0
45883,3,away,628452,1,0,1
45883,3,away,808967,1,1,1
45883,4,home,547973,1,1,1
45883,4,home,641329,0,0,0
45883,4,home,671922,0,0,1
45883,4,home,656876,0,0,1
45883,4,home,656641,0,0,1
45883,4,home,686973,1,0,1
45883,4,away,695505,1,0,1
45883,4,away,666200,1,0,1
45883,4,away,661395,0,0,1
45883,4,away,695243,0,0,1
45883,4,away,628452,1,0,1
45883,4,away,808967,1,1,0
45884,1,home,547973,1,1,0
45884,1,home,641329,1,0,1
45884,1,home,671922,1,0,1
45884,1,home,656876,1,1,0
45884,1,home,656641,1,1,0
45884,1,home,686973,1,0,1
45884,1,away,695505,1,1,1
45884,1,away,666200,1,1,1
45884,1,away,661395,1,0,1
45884,1,away,695243,1,1,0
45884,1,away,628452,1,0,1
45884,1,away,808967,1,1,1
45884,2,home,547973,0,0,1
45884,2,home,641329,1,1,1
45884,2,home,671922,1,0,1
45884,2,home,656876,0,0,1
45884,2,home,656641,0,0,1
45884,2,home,686973,1,1,1
45884,2,away,695505,1,1,0
45884,2,away,666200,1,1,0
45884,2,away,661395,1,0,1
45884,2,away,695243,0,0,1
45884,2,away,628452,1,1,0
45884,2,away,808967,1,1,0
45884,3,home,547973,1,0,1
45884,3,home,641329,1,0,1
45884,3,home,671922,1,0,1
45884,3,home,656876,1,1,0
45884,3,home,656641,1,1,0
45884,3,home,686973,1,1,0
45884,3,away,695505,0,0,1
45884,3,away,666200,0,0,1
45884,3,away,661395,1,1,1
45884,3,away,695243,1,1,0
45884,3,away,628452,0,0,1
45884,3,away,808967,0,0,1
45884,4,home,547973,1,1,1
45884,4,home,641329,1,1,0
45884,4,home,671922,1,1,0
45884,4,home,656876,0,0,1
45884,4,home,656641,0,0,1
45884,4,home,686973,0,0,1
45884,4,away,695505,1,1,0
45884,4,away,666200,1,1,1
45884,4,away,661395,1,0,1
45884,4,away,695243,0,0,1
45884,4,away,628452,1,0,1
45884,4,away,808967,1,1,0
45885,1,home,547973,1,0,1
45885,1,home,641329,1,0,1
45885,1,home,671922,1,0,1
45885,1,home,656876,1,0,1
45885,1,home,656641,1,0,1
45885,1,home,686973,1,0,1
45885,1,away,695505,1,0,1
45885,1,away,666200,1,0,1
45885,1,away,661395,1,0,1
45885,1,away,695243,1,0,1
45885,1,away,628452,1,0,1
45885,1,away,808967,1,0,1
45885,2,home,547973,1,0,1
45885,2,home,641329,1,1,0
45885,2,home,671922,1,1,0
45885,2,home,656876,1,0,1
45885,2,home,656641,1,1,0
45885,2,home,686973,1,0,1
45885,2,away,695505,1,1,1
45885,2,away,666200,1,1,1
45885,2,away,661395,1,0,1
45885,2,away,695243,1,1,1
45885,2,away,628452,1,0,1
45885,2,away,808967,1,0,1
45885,3,home,547973,1,1,0
45885,3,home,641329,0,0,1
45885,3,home,671922,0,0,1
45885,3,home,656876,1,1,0
45885,3,home,656641,0,0,0
45885,3,home,686973,1,1,1
45885,3,away,695505,1,0,1
45885,3,away,666200,1,1,0
45885,3,away,661395,1,0,1
45885,3,away,695243,1,1,0
45885,3,away,628452,1,0,1
45885,3,away,808967,1,0,1
45885,4,home,547973,0,0,1
45885,4,home,641329,1,1,1
45885,4,home,671922,1,0,1
45885,4,home,656876,0,0,1
45885,4,home,656641,0,0,1
45885,4,home,686973,1,0,1
45885,4,away,695505,1,1,0
45885,4,away,666200,0,0,1
45885,4,away,661395,1,0,1
45885,4,away,695243,0,0,0
45885,4,away,628452,1,0,1
45885,4,away,808967,1,1,0
45886,1,home,547973,1,1,0
45886,1,home,641329,1,0,1
45886,1,home,671922,1,1,0
45886,1,home,656876,1,1,0
45886,1,home,656641,1,1,0
45886,1,home,686973,1,0,1
45886,1,away,695505,1,1,1
45886,1,away,666200,1,1,1
45886,1,away,661395,1,0,1
45886,1,away,695243,1,1,1
45886,1,away,628452,1,0,1
45886,1,away,808967,1,1,1
45886,2,home,547973,0,0,1
45886,2,home,641329,1,1,1
45886,2,home,671922,0,0,1
45886,2,home,656876,0,0,1
45886,2,home,656641,0,0,0
45886,2,home,686973,1,1,0
45886,2,away,695505,1,1,1
45886,2,away,666200,1,1,1
45886,2,away,661395,1,0,1
45886,2,away,695243,1,1,0
45886,2,away,628452,1,0,1
45886,2,away,808967,1,0,1
45886,3,home,547973,1,1,1
45886,3,home,641329,1,0,1
45886,3,home,671922,1,1,0
45886,3,home,656876,1,1,0
45886,3,home,656641,0,0,1
45886,3,home,686973,0,0,1
45886,3,away,695505,1,1,0
45886,3,away,666200,1,1,0
45886,3,away,661395,1,0,1
45886,3,away,695243,0,0,1
45886,3,away,628452,1,1,0
45886,3,away,808967,1,0,1
45886,4,home,547973,1,1,0
45886,4,home,641329,1,0,1
45886,4,home,671922,0,0,1
45886,4,home,656876,0,0,1
45886,4,home,656641,1,0,1
45886,4,home,686973,1,1,0
45886,4,away,695505,0,0,1
45886,4,away,666200,0,0,1
45886,4,away,661395,1,1,1
45886,4,away,695243,1,1,0
45886,4,away,628452,0,0,1
45886,4,away,808967,1,0,1
45887,1,home,547973,1,0,1
45887,1,home,641329,1,0,1
45887,1,home,671922,1,0,1
45887,1,home,656876,1,1,1
45887,1,home,656641,1,1,0
45887,1,home,686973,1,0,1
45887,1,away,695505,1,1,1
45887,1,away,666200,1,1,0
45887,1,away,661395,1,0,1
45887,1,away,695243,1,1,1
45887,1,away,628452,1,0,1
45887,1,away,808967,1,0,1
45887,2,home,547973,1,1,0
45887,2,home,641329,1,0,1
45887,2,home,671922,1,0,1
45887,2,home,656876,1,1,0
45887,2,home,656641,0,0,1
45887,2,home,686973,1,0,1
45887,2,away,695505,1,1,1
45887,2,away,666200,0,0,1
45887,2,away,661395,1,1,0
45887,2,away,695243,1,1,0
45887,2,away,628452,1,1,1
45887,2,away,808967,1,1,0
45887,3,home,547973,0,0,1
45887,3,home,641329,1,1,0
45887,3,home,671922,1,0,1
45887,3,home,656876,0,0,1
45887,3,home,656641,1,1,0
45887,3,home,686973,1,1,0
45887,3,away,695505,1,1,1
45887,3,away,666200,1,1,0
45887,3,away,661395,0,0,1
45887,3,away,695243,0,0,1
45887,3,away,628452,1,0,1
45887,3,away,808967,0,0,1
45887,4,home,547973,1,1,1
45887,4,home,641329,0,0,1
45887,4,home,671922,1,1,0
45887,4,home,656876,1,1,0
45887,4,home,656641,0,0,1
45887,4,home,686973,0,0,1
45887,4,away,695505,1,1,0
45887,4,away,666200,0,0,1
45887,4,away,661395,1,0,1
45887,4,away,695243,1,1,1
45887,4,away,628452,1,1,0
45887,4,away,808967,1,1,0
45888,1,home,547973,1,0,1
45888,1,home,641329,1,1,0
45888,1,home,671922,1,0,1
45888,1,home,656876,1,0,1
45888,1,home,656641,1,0,1
45888,1,home,686973,1,1,1
45888,1,away,695505,1,1,0
45888,1,away,666200,1,1,1
45888,1,away,661395,1,0,1
45888,1,away,695243,1,1,0
45888,1,away,628452,1,0,1
45888,1,away,808967,1,0,1
45888,2,home,547973,1,0,1
45888,2,home,641329,0,0,1
45888,2,home,671922,1,1,0
45888,2,home,656876,1,1,1
45888,2,home,656641,1,1,0
45888,2,home,686973,1,0,1
45888,2,away,695505,0,0,1
45888,2,away,666200,1,1,1
45888,2,away,661395,1,1,0
45888,2,away,695243,0,0,1
45888,2,away,628452,1,1,0
45888,2,away,808967,1,1,1
45888,3,home,547973,1,1,1
45888,3,home,641329,1,1,0
45888,3,home,671922,0,0,1
45888,3,home,656876,1,1,0
45888,3,home,656641,0,0,0
45888,3,home,686973,1,1,0
45888,3,away,695505,1,1,1
45888,3,away,666200,1,1,0
45888,3,away,661395,0,0,1
45888,3,away,695243,1,0,1
45888,3,away,628452,0,0,1
45888,3,away,808967,1,1,1
45888,4,home,547973,1,0,1
45888,4,home,641329,0,0,1
45888,4,home,671922,1,0,1
45888,4,home,656876,0,0,1
45888,4,home,656641,0,0,1
45888,4,home,686973,0,0,1
45888,4,away,695505,1,0,1
45888,4,away,666200,0,0,1
45888,4,away,661395,1,0,1
45888,4,away,695243,1,0,1
45888,4,away,628452,1,0,1
45888,4,away,808967,1,0,1
45889,1,home,547973,1,0,1
45889,1,home,641329,1,0,1
45889,1,home,671922,1,0,1
45889,1,home,656876,1,0,1
45889,1,home,656641,1,0,1
45889,1,home,686973,1,1,0
45889,1,away,695505,1,1,1
45889,1,away,666200,1,1,1
45889,1,away,661395,1,0,1
45889,1,away,695243,1,0,1
45889,1,away,628452,1,0,1
45889,1,away,808967,1,0,1
45889,2,home,547973,1,0,1
45889,2,home,641329,1,1,0
45889,2,home,671922,1,0,1
45889,2,home,656876,1,0,1
45889,2,home,656641,1,1,0
45889,2,home,686973,0,0,0
45889,2,away,695505,1,1,0
45889,2,away,666200,1,0,1
45889,2,away,661395,1,0,1
45889,2,away,695243,1,0,1
45889,2,away,628452,1,0,1
45889,2,away,808967,1,1,0
45889,3,home,547973,1,1,0
45889,3,home,641329,0,0,1
45889,3,home,671922,1,1,0
45889,3,home,656876,1,0,1
45889,3,home,656641,0,0,1
45889,3,home,686973,0,0,1
45889,3,away,695505,0,0,1
45889,3,away,666200,1,1,0
45889,3,away,661395,1,0,1
45889,3,away,695243,1,1,0
45889,3,away,628452,1,1,0
45889,3,away,808967,0,0,1
45889,4,home,547973,0,0,1
45889,4,home,641329,1,0,1
45889,4,home,671922,0,0,1
45889,4,home,656876,1,0,1
45889,4,home,656641,1,1,0
45889,4,home,686973,1,1,0
45889,4,away,695505,1,1,1
45889,4,away,666200,0,0,1
45889,4,away,661395,1,0,1
45889,4,away,695243,0,0,1
45889,4,away,628452,0,0,1
45889,4,away,808967,1,1,1
45890,1,home,547973,1,0,1
45890,1,home,641329,1,0,1
45890,1,home,671922,1,1,0
45890,1,home,656876,1,0,1
45890,1,home,656641,1,1,0
45890,1,home,686973,1,0,1
45890,1,away,695505,1,1,0
45890,1,away,666200,1,1,1
45890,1,away,661395,1,0,1
45890,1,away,695243,1,1,1
45890,1,away,628452,1,0,1
45890,1,away,808967,1,1,1
45890,2,home,547973,1,1,0
45890,2,home,641329,1,1,0
45890,2,home,671922,0,0,1
45890,2,home,656876,1,1,0
45890,2,home,656641,0,0,1
45890,2,home,686973,1,1,1
45890,2,away,695505,0,0,1
45890,2,away,666200,1,1,0
45890,2,away,661395,1,0,1
45890,2,away,695243,1,1,0
45890,2,away,628452,1,0,1
45890,2,away,808967,1,1,0
45890,3,home,547973,0,0,1
45890,3,home,641329,0,0,1
45890,3,home,671922,1,1,0
45890,3,home,656876,0,0,1
45890,3,home,656641,1,1,0
45890,3,home,686973,1,1,0
45890,3,away,695505,1,1,0
45890,3,away,666200,0,0,1
45890,3,away,661395,1,1,0
45890,3,away,695243,0,0,1
45890,3,away,628452,1,1,0
45890,3,away,808967,0,0,0
45890,4,home,547973,1,1,0
45890,4,home,641329,1,1,0
45890,4,home,671922,0,0,1
45890,4,home,656876,1,1,0
45890,4,home,656641,0,0,1
45890,4,home,686973,0,0,1
45890,4,away,695505,0,0,1
45890,4,away,666200,1,1,0
45890,4,away,661395,0,0,0
45890,4,away,695243,1,1,0
45890,4,away,628452,0,0,1
45890,4,away,808967,0,0,1
45891,1,home,547973,1,0,1
45891,1,home,641329,1,0,1
45891,1,home,671922,1,0,1
45891,1,home,656876,1,0,1
45891,1,home,656641,1,0,1
45891,1,home,686973,1,0,1
45891,1,away,695505,1,1,1
45891,1,away,666200,1,0,1
45891,1,away,661395,1,0,1
45891,1,away,695243,1,0,1
45891,1,away,628452,1,0,1
45891,1,away,808967,1,0,1
45891,2,home,547973,1,0,1
45891,2,home,641329,1,0,1
45891,2,home,671922,1,0,1
45891,2,home,656876,1,0,1
45891,2,home,656641,1,0,1
45891,2,home,686973,1,0,1
45891,2,away,695505,1,0,1
45891,2,away,666200,1,0,1
45891,2,away,661395,1,0,1
45891,2,away,695243,1,0,1
45891,2,away,628452,1,0,1
45891,2,away,808967,1,0,1
45891,3,home,547973,1,0,1
45891,3,home,641329,1,0,1
45891,3,home,671922,1,1,0
45891,3,home,656876,1,1,0
45891,3,home,656641,1,1,0
45891,3,home,686973,1,0,1
45891,3,away,695505,1,1,0
45891,3,away,666200,1,1,0
45891,3,away,661395,1,0,1
45891,3,away,695243,1,1,0
45891,3,away,628452,1,0,1
45891,3,away,808967,1,0,1
45891,4,home,547973,1,1,0
45891,4,home,641329,1,1,0
45891,4,home,671922,0,0,1
45891,4,home,656876,0,0,1
45891,4,home,656641,0,0,1
45891,4,home,686973,1,1,0
45891,4,away,695505,0,0,1
45891,4,away,666200,0,0,1
45891,4,away,661395,1,1,0
45891,4,away,695243,0,0,0
45891,4,away,628452,1,1,0
45891,4,away,808967,1,1,0
45892,1,home,547973,1,0,1
45892,1,home,641329,1,0,1
45892,1,home,671922,1,0,1
45892,1,home,656876,1,0,1
45892,1,home,656641,1,0,1
45892,1,home,686973,1,0,1
45892,1,away,695505,1,0,1
45892,1,away,666200,1,0,1
45892,1,away,661395,1,0,1
45892,1,away,695243,1,0,1
45892,1,away,628452,1,0,1
45892,1,away,808967,1,0,1
45892,2,home,547973,1,0,1
45892,2,home,641329,1,0,1
45892,2,home,671922,1,1,0
45892,2,home,656876,1,1,0
45892,2,home,656641,1,1,0
45892,2,home,686973,1,0,1
45892,2,away,695505,1,1,1
45892,2,away,666200,1,1,0
45892,2,away,661395,1,1,0
45892,2,away,695243,1,1,0
45892,2,away,628452,1,0,1
45892,2,away,808967,1,1,0
45892,3,home,547973,1,1,0
45892,3,home,641329,1,0,1
45892,3,home,671922,0,0,1
45892,3,home,656876,0,0,1
45892,3,home,656641,0,0,0
45892,3,home,686973,1,0,1
45892,3,away,695505,1,0,1
45892,3,away,666200,0,0,1
45892,3,away,661395,0,0,0
45892,3,away,695243,0,0,1
45892,3,away,628452,1,1,0
45892,3,away,808967,0,0,1
45892,4,home,547973,0,0,1
45892,4,home,641329,1,1,1
45892,4,home,671922,1,0,1
45892,4,home,656876,1,1,0
45892,4,home,656641,0,0,0
45892,4,home,686973,1,1,1
45892,4,away,695505,1,1,1
45892,4,away,666200,1,1,0
45892,4,away,661395,0,0,1
45892,4,away,695243,1,0,1
45892,4,away,628452,0,0,1
45892,4,away,808967,1,1,1
45893,1,home,547973,1,0,1
45893,1,home,641329,1,0,1
45893,1,home,671922,1,0,1
45893,1,home,656876,1,1,0
45893,1,home,656641,1,1,0
45893,1,home,686973,1,0,1
45893,1,away,695505,1,1,0
45893,1,away,666200,1,1,0
45893,1,away,661395,1,0,1
45893,1,away,695243,1,1,0
45893,1,away,628452,1,0,1
45893,1,away,808967,1,1,0
45893,2,home,547973,1,1,1
45893,2,home,641329,1,1,1
45893,2,home,671922,1,1,1
45893,2,home,656876,0,0,1
45893,2,home,656641,0,0,1
45893,2,home,686973,1,1,0
45893,2,away,695505,0,0,1
45893,2,away,666200,0,0,1
45893,2,away,661395,1,1,0
45893,2,away,695243,0,0,0
45893,2,away,628452,1,1,1
45893,2,away,808967,0,0,1
45893,3,home,547973,1,1,0
45893,3,home,641329,1,1,1
45893,3,home,671922,1,0,1
45893,3,home,656876,1,0,1
45893,3,home,656641,1,0,1
45893,3,home,686973,0,0,1
45893,3,away,695505,1,1,0
45893,3,away,666200,1,1,1
45893,3,away,661395,0,0,1
45893,3,away,695243,0,0,1
45893,3,away,628452,1,0,1
45893,3,away,808967,1,1,1
45893,4,home,547973,0,0,1
45893,4,home,641329,1,1,1
45893,4,home,671922,1,1,1
45893,4,home,656876,1,1,0
45893,4,home,656641,1,1,0
45893,4,home,686973,1,1,0
45893,4,away,695505,0,0,1
45893,4,away,666200,1,1,0
45893,4,away,661395,1,1,0
45893,4,away,695243,1,1,0
45893,4,away,628452,1,1,1
45893,4,away,808967,1,1,0
45894,1,home,547973,1,1,0
45894,1,home,641329,1,0,1
45894,1,home,671922,1,1,0
45894,1,home,656876,1,0,1
45894,1,home,656641,1,1,0
45894,1,home,686973,1,0,1
45894,1,away,695505,1,1,0
45894,1,away,666200,1,1,0
45894,1,away,661395,1,0,1
45894,1,away,695243,1,1,0
45894,1,away,628452,1,0,1
45894,1,away,808967,1,0,1
45894,2,home,547973,0,0,1
45894,2,home,641329,1,1,1
45894,2,home,671922,0,0,1
45894,2,home,656876,1,0,1
45894,2,home,656641,0,0,1
45894,2,home,686973,1,1,0
45894,2,away,695505,0,0,1
45894,2,away,666200,0,0,1
45894,2,away,661395,1,0,1
45894,2,away,695243,0,0,1
45894,2,away,628452,1,1,0
45894,2,away,808967,1,1,0
45894,3,home,547973,1,0,1
45894,3,home,641329,1,0,1
45894,3,home,671922,1,0,1
45894,3,home,656876,1,1,0
45894,3,home,656641,1,1,0
45894,3,home,686973,0,0,1
45894,3,away,695505,1,1,1
45894,3,away,666200,1,1,0
45894,3,away,661395,1,0,1
45894,3,away,695243,1,1,0
45894,3,away,628452,0,0,1
45894,3,away,808967,0,0,1
45894,4,home,547973,1,1,0
45894,4,home,641329,1,0,1
45894,4,home,671922,1,1,0
45894,4,home,656876,0,0,1
45894,4,home,656641,0,0,1
45894,4,home,686973,1,1,0
45894,4,away,695505,1,1,0
45894,4,away,666200,0,0,1
45894,4,away,661395,1,1,1
45894,4,away,695243,0,0,0
45894,4,away,628452,1,1,1
45894,4,away,808967,1,1,1
45895,1,home,547973,1,1,0
45895,1,home,641329,1,0,1
45895,1,home,671922,1,1,1
45895,1,home,656876,1,1,1
45895,1,home,656641,1,0,1
45895,1,home,686973,1,0,1
45895,1,away,695505,1,1,0
45895,1,away,666200,1,1,0
45895,1,away,661395,1,1,0
45895,1,away,695243,1,1,0
45895,1,away,628452,1,0,1
45895,1,away,808967,1,1,1
45895,2,home,547973,0,0,1
45895,2,home,641329,1,0,1
45895,2,home,671922,1,1,0
45895,2,home,656876,1,0,1
45895,2,home,656641,1,1,0
45895,2,home,686973,1,0,1
45895,2,away,695505,0,0,1
45895,2,away,666200,0,0,1
45895,2,away,661395,0,0,0
45895,2,away,695243,0,0,1
45895,2,away,628452,1,1,1
45895,2,away,808967,1,1,1
45895,3,home,547973,1,0,1
45895,3,home,641329,1,0,1
45895,3,home,671922,0,0,1
45895,3,home,656876,1,1,0
45895,3,home,656641,0,0,1
45895,3,home,686973,1,1,0
45895,3,away,695505,1,1,0
45895,3,away,666200,1,1,0
45895,3,away,661395,0,0,1
45895,3,away,695243,1,1,0
45895,3,away,628452,1,0,1
45895,3,away,808967,1,0,1
45895,4,home,547973,1,1,1
45895,4,home,641329,1,0,1
45895,4,home,671922,1,1,1
45895,4,home,656876,0,0,1
45895,4,home,656641,1,1,0
45895,4,home,686973,0,0,1
45895,4,away,695505,0,0,1
45895,4,away,666200,0,0,1
45895,4,away,661395,1,1,1
45895,4,away,695243,0,0,1
45895,4,away,628452,1,1,0
45895,4,away,808967,1,1,1
45896,1,home,547973,1,1,1
45896,1,home,641329,1,0,1
45896,1,home,671922,1,0,1
45896,1,home,656876,1,0,1
45896,1,home,656641,1,0,1
45896,1,home,686973,1,1,0
45896,1,away,695505,1,0,1
45896,1,away,666200,1,0,1
45896,1,away,661395,1,0,1
45896,1,away,695243,1,1,0
45896,1,away,628452,1,0,1
45896,1,away,808967,1,0,1
45896,2,home,547973,1,1,1
45896,2,home,641329,1,1,1
45896,2,home,671922,1,0,1
45896,2,home,656876,1,0,1
45896,2,home,656641,1,0,1
45896,2,home,686973,0,0,1
45896,2,away,695505,1,1,1
45896,2,away,666200,1,1,1
45896,2,away,661395,1,0,1
45896,2,away,695243,0,0,1
45896,2,away,628452,1,1,0
45896,2,away,808967,1,1,0
45896,3,home,547973,1,0,1
45896,3,home,641329,1,0,1
45896,3,home,671922,1,1,0
45896,3,home,656876,1,1,1
45896,3,home,656641,1,1,0
45896,3,home,686973,1,1,0
45896,3,away,695505,1,1,0
45896,3,away,666200,1,1,0
45896,3,away,661395,1,1,0
45896,3,away,695243,1,1,0
45896,3,away,628452,0,0,1
45896,3,away,808967,0,0,1
45896,4,home,547973,1,1,1
45896,4,home,641329,1,1,0
45896,4,home,671922,0,0,1
45896,4,home,656876,1,1,1
45896,4,home,656641,0,0,1
45896,4,home,686973,0,0,1
45896,4,away,695505,0,0,1
45896,4,away,666200,0,0,1
45896,4,away,661395,0,0,1
45896,4,away,695243,0,0,1
45896,4,away,628452,1,1,0
45896,4,away,808967,1,1,0
45897,1,home,547973,1,0,1
45897,1,home,641329,1,0,1
45897,1,home,671922,1,1,0
45897,1,home,656876,1,1,0
45897,1,home,656641,1,1,0
45897,1,home,686973,1,1,0
45897,1,away,695505,1,1,0
45897,1,away,666200,1,1,0
45897,1,away,661395,1,1,0
45897,1,away,695243,1,1,1
45897,1,away,628452,1,0,1
45897,1,away,808967,1,1,0
45897,2,home,547973,1,1,0
45897,2,home,641329,1,1,0
45897,2,home,671922,0,0,0
45897,2,home,656876,0,0,0
45897,2,home,656641,0,0,1
45897,2,home,686973,0,0,1
45897,2,away,695505,0,0,1
45897,2,away,666200,0,0,1
45897,2,away,661395,0,0,1
45897,2,away,695243,1,1,0
45897,2,away,628452,1,1,0
45897,2,away,808967,0,0,1
45897,3,home,547973,0,0,1
45897,3,home,641329,0,0,1
45897,3,home,671922,0,0,1
45897,3,home,656876,0,0,1
45897,3,home,656641,1,1,0
45897,3,home,686973,1,1,1
45897,3,away,695505,1,1,1
45897,3,away,666200,1,1,1
45897,3,away,661395,1,0,1
45897,3,away,695243,0,0,1
45897,3,away,628452,0,0,1
45897,3,away,808967,1,1,0
45897,4,home,547973,1,0,1
45897,4,home,641329,1,0,1
45897,4,home,671922,1,0,1
45897,4,home,656876,1,0,1
45897,4,home,656641,0,0,1
45897,4,home,686973,1,1,0
45897,4,away,695505,1,0,1
45897,4,away,666200,1,1,1
45897,4,away,661395,1,0,1
45897,4,away,695243,1,1,1
45897,4,away,628452,1,1,0
45897,4,away,808967,0,0,1
45898,1,home,547973,1,1,1
45898,1,home,641329,1,0,1
45898,1,home,671922,1,1,0
45898,1,home,656876,1,1,0
45898,1,home,656641,1,1,0
45898,1,home,686973,1,0,1
45898,1,away,695505,1,1,1
45898,1,away,666200,1,1,1
45898,1,away,661395,1,0,1
45898,1,away,695243,1,0,1
45898,1,away,628452,1,1,0
45898,1,away,808967,1,1,0
45898,2,home,547973,1,0,1
45898,2,home,641329,1,1,0
45898,2,home,671922,0,0,1
45898,2,home,656876,0,0,1
45898,2,home,656641,0,0,1
45898,2,home,686973,1,1,1
45898,2,away,695505,1,0,1
45898,2,away,666200,1,1,0
45898,2,away,661395,1,0,1
45898,2,away,695243,1,1,0
45898,2,away,628452,0,0,1
45898,2,away,808967,0,0,1
45898,3,home,547973,1,1,0
45898,3,home,641329,0,0,1
45898,3,home,671922,1,1,1
45898,3,home,656876,1,1,0
45898,3,home,656641,1,1,0
45898,3,home,686973,1,0,1
45898,3,away,695505,1,1,0
45898,3,away,666200,0,0,1
45898,3,away,661395,1,1,0
45898,3,away,695243,0,0,1
45898,3,away,628452,1,1,0
45898,3,away,808967,1,1,1
45898,4,home,547973,0,0,1
45898,4,home,641329,1,1,0
45898,4,home,671922,1,0,1
45898,4,home,656876,0,0,1
45898,4,home,656641,0,0,1
45898,4,home,686973,1,0,1
45898,4,away,695505,0,0,1
45898,4,away,666200,1,1,0
45898,4,away,661395,0,0,1
45898,4,away,695243,1,0,1
45898,4,away,628452,0,0,0
45898,4,away,808967,1,1,0
45899,1,home,547973,1,0,1
45899,1,home,641329,1,1,0
45899,1,home,671922,1,1,0
45899,1,home,656876,1,1,0
45899,1,home,656641,1,1,0
45899,1,home,686973,1,0,1
45899,1,away,695505,1,1,0
45899,1,away,666200,1,1,0
45899,1,away,661395,1,0,1
45899,1,away,695243,1,1,0
45899,1,away,628452,1,0,1
45899,1,away,808967,1,1,1
45899,2,home,547973,1,1,0
45899,2,home,641329,0,0,0
45899,2,home,671922,0,0,1
45899,2,home,656876,0,0,1
45899,2,home,656641,0,0,1
45899,2,home,686973,1,1,0
45899,2,away,695505,0,0,1
45899,2,away,666200,0,0,1
45899,2,away,661395,1,1,1
45899,2,away,695243,0,0,1
45899,2,away,628452,1,1,0
45899,2,away,808967,1,0,1
45899,3,home,547973,0,0,1
45899,3,home,641329,0,0,1
45899,3,home,671922,1,1,1
45899,3,home,656876,1,1,0
45899,3,home,656641,1,0,1
45899,3,home,686973,0,0,1
45899,3,away,695505,1,1,0
45899,3,away,666200,1,1,0
45899,3,away,661395,1,0,1
45899,3,away,695243,1,1,0
45899,3,away,628452,0,0,1
45899,3,away,808967,1,0,1
45899,4,home,547973,1,1,1
45899,4,home,641329,1,0,1
45899,4,home,671922,1,1,1
45899,4,home,656876,0,0,1
45899,4,home,656641,1,1,1
45899,4,home,686973,1,1,0
45899,4,away,695505,0,0,1
45899,4,away,666200,0,0,1
45899,4,away,661395,1,1,0
45899,4,away,695243,0,0,0
45899,4,away,628452,1,1,0
45899,4,away,808967,1,1,0
45900,1,home,547973,1,0,1
45900,1,home,641329,1,0,1
45900,1,home,671922,1,0,1
45900,1,home,656876,1,0,1
45900,1,home,656641,1,1,0
45900,1,home,686973,1,1,0
45900,1,away,695505,1,1,0
45900,1,away,666200,1,1,0
45900,1,away,661395,1,0,1
45900,1,away,695243,1,1,0
45900,1,away,628452,1,0,1
45900,1,away,808967,1,1,0
45900,2,home,547973,1,1,0
45900,2,home,641329,1,1,1
45900,2,home,671922,1,1,1
45900,2,home,656876,1,1,0
45900,2,home,656641,0,0,1
45900,2,home,686973,0,0,1
45900,2,away,695505,0,0,1
45900,2,away,666200,0,0,1
45900,2,away,661395,1,0,1
45900,2,away,695243,0,0,1
45900,2,away,628452,1,1,0
45900,2,away,808967,0,0,1
45900,3,home,547973,0,0,1
45900,3,home,641329,1,0,1
45900,3,home,671922,1,1,0
45900,3,home,656876,0,0,1
45900,3,home,656641,1,1,1
45900,3,home,686973,1,0,1
45900,3,away,695505,1,1,1
45900,3,away,666200,1,1,1
45900,3,away,661395,1,1,0
45900,3,away,695243,1,0,1
45900,3,away,628452,0,0,1
45900,3,away,808967,1,1,1
45900,4,home,547973,1,0,1
45900,4,home,641329,1,0,1
45900,4,home,671922,0,0,1
45900,4,home,656876,1,1,0
45900,4,home,656641,1,1,0
45900,4,home,686973,1,0,1
45900,4,away,695505,1,1,0
45900,4,away,666200,1,1,1
45900,4,away,661395,0,0,0
45900,4,away,695243,1,1,0
45900,4,away,628452,1,0,1
45900,4,away,808967,1,1,0
45901,1,home,547973,1,0,1
45901,1,home,641329,1,1,0
45901,1,home,671922,1,0,1
45901,1,home,656876,1,1,0
45901,1,home,656641,1,1,0
45901,1,home,686973,1,0,1
45901,1,away,695505,1,1,0
45901,1,away,666200,1,1,0
45901,1,away,661395,1,0,1
45901,1,away,695243,1,1,0
45901,1,away,628452,1,0,1
45901,1,away,808967,1,0,1
45901,2,home,547973,1,1,1
45901,2,home,641329,0,0,1
45901,2,home,671922,1,1,0
45901,2,home,656876,0,0,1
45901,2,home,656641,0,0,1
45901,2,home,686973,1,0,1
45901,2,away,695505,0,0,1
45901,2,away,666200,0,0,1
45901,2,away,661395,1,1,1
45901,2,away,695243,0,0,1
45901,2,away,628452,1,1,0
45901,2,away,808967,1,1,0
45901,3,home,547973,1,1,1
45901,3,home,641329,1,1,1
45901,3,home,671922,0,0,1
45901,3,home,656876,1,1,1
45901,3,home,656641,1,1,1
45901,3,home,686973,1,0,1
45901,3,away,695505,1,1,1
45901,3,away,666200,1,1,0
45901,3,away,661395,1,0,1
45901,3,away,695243,1,0,1
45901,3,away,628452,0,0,1
45901,3,away,808967,0,0,1
45901,4,home,547973,1,0,1
45901,4,home,641329,1,0,1
45901,4,home,671922,1,1,1
45901,4,home,656876,1,1,0
45901,4,home,656641,1,1,1
45901,4,home,686973,1,0,1
45901,4,away,695505,1,1,0
45901,4,away,666200,0,0,1
45901,4,away,661395,1,1,0
45901,4,away,695243,1,1,0
45901,4,away,628452,1,0,1
45901,4,away,808967,1,1,0
45902,1,home,547973,1,0,1
45902,1,home,641329,1,1,0
45902,1,home,671922,1,0,1
45902,1,home,656876,1,0,1
45902,1,home,656641,1,0,1
45902,1,home,686973,1,1,0
45902,1,away,695505,1,1,0
45902,1,away,666200,1,1,0
45902,1,away,661395,1,0,1
45902,1,away,695243,1,1,0
45902,1,away,628452,1,0,1
45902,1,away,808967,1,0,1
45902,2,home,547973,1,0,1
45902,2,home,641329,0,0,1
45902,2,home,671922,1,0,1
45902,2,home,656876,1,1,0
45902,2,home,656641,1,1,0
45902,2,home,686973,0,0,1
45902,2,away,695505,0,0,1
45902,2,away,666200,0,0,1
45902,2,away,661395,1,1,0
45902,2,away,695243,0,0,1
45902,2,away,628452,1,1,0
45902,2,away,808967,1,1,0
45902,3,home,547973,1,1,0
45902,3,home,641329,1,1,0
45902,3,home,671922,1,0,1
45902,3,home,656876,0,0,1
45902,3,home,656641,0,0,1
45902,3,home,686973,1,1,1
45902,3,away,695505,1,1,0
45902,3,away,666200,1,1,0
45902,3,away,661395,0,0,1
45902,3,away,695243,1,1,1
45902,3,away,628452,0,0,1
45902,3,away,808967,0,0,0
45902,4,home,547973,0,0,0
45902,4,home,641329,0,0,1
45902,4,home,671922,1,0,1
45902,4,home,656876,1,0,1
45902,4,home,656641,1,0,1
45902,4,home,686973,1,1,0
45902,4,away,695505,0,0,1
45902,4,away,666200,0,0,1
45902,4,away,661395,1,1,1
45902,4,away,695243,1,0,1
45902,4,away,628452,1,0,1
45902,4,away,808967,0,0,1
45903,1,home,547973,1,0,1
45903,1,home,641329,1,0,1
45903,1,home,671922,1,0,1
45903,1,home,656876,1,1,0
45903,1,home,656641,1,1,0
45903,1,home,686973,1,0,1
45903,1,away,695505,1,1,0
45903,1,away,666200,1,1,0
45903,1,away,661395,1,0,1
45903,1,away,695243,1,1,0
45903,1,away,628452,1,0,1
45903,1,away,808967,1,1,0
45903,2,home,547973,1,1,1
45903,2,home,641329,1,0,1
45903,2,home,671922,1,1,0
45903,2,home,656876,0,0,1
45903,2,home,656641,0,0,1
45903,2,home,686973,1,0,1
45903,2,away,695505,0,0,1
45903,2,away,666200,0,0,1
45903,2,away,661395,1,1,0
45903,2,away,695243,0,0,1
45903,2,away,628452,1,0,1
45903,2,away,808967,0,0,1
45903,3,home,547973,1,1,0
45903,3,home,641329,1,1,0
45903,3,home,671922,0,0,1
45903,3,home,656876,1,1,0
45903,3,home,656641,1,1,1
45903,3,home,686973,1,0,1
45903,3,away,695505,1,1,0
45903,3,away,666200,1,1,1
45903,3,away,661395,0,0,1
45903,3,away,695243,1,1,1
45903,3,away,628452,1,0,1
45903,3,away,808967,1,1,0
45903,4,home,547973,0,0,1
45903,4,home,641329,0,0,1
45903,4,home,671922,1,1,0
45903,4,home,656876,0,0,1
45903,4,home,656641,1,1,0
45903,4,home,686973,1,1,1
45903,4,away,695505,0,0,0
45903,4,away,666200,1,1,0
45903,4,away,661395,1,1,0
45903,4,away,695243,1,1,0
45903,4,away,628452,1,1,0
45903,4,away,808967,0,0,1
45904,1,home,547973,1,1,0
45904,1,home,641329,1,0,1
45904,1,home,671922,1,0,1
45904,1,home,656876,1,0,1
45904,1,home,656641,1,0,1
45904,1,home,686973,1,1,0
45904,1,away,695505,1,1,0
45904,1,away,666200,1,1,1
45904,1,away,661395,1,0,1
45904,1,away,695243,1,1,0
45904,1,away,628452,1,0,1
45904,1,away,808967,1,0,1
45904,2,home,547973,0,0,0
45904,2,home,641329,1,1,0
45904,2,home,671922,1,1,0
45904,2,home,656876,1,1,0
45904,2,home,656641,1,0,1
45904,2,home,686973,0,0,1
45904,2,away,695505,0,0,1
45904,2,away,666200,1,1,0
45904,2,away,661395,1,0,1
45904,2,away,695243,0,0,1
45904,2,away,628452,1,1,1
45904,2,away,808967,1,1,1
45904,3,home,547973,0,0,1
45904,3,home,641329,0,0,1
45904,3,home,671922,0,0,1
45904,3,home,656876,0,0,1
45904,3,home,656641,1,1,0
45904,3,home,686973,1,1,1
45904,3,away,695505,1,1,0
45904,3,away,666200,0,0,1
45904,3,away,661395,1,1,0
45904,3,away,695243,1,1,1
45904,3,away,628452,1,1,1
45904,3,away,808967,1,1,0
45904,4,home,547973,1,1,0
45904,4,home,641329,1,0,1
45904,4,home,671922,1,1,1
45904,4,home,656876,1,1,1
45904,4,home,656641,0,0,1
45904,4,home,686973,1,1,0
45904,4,away,695505,0,0,1
45904,4,away,666200,1,1,1
45904,4,away,661395,0,0,1
45904,4,away,695243,1,1,0
45904,4,away,628452,1,0,1
45904,4,away,808967,0,0,1
45905,1,home,547973,1,1,0
45905,1,home,641329,1,0,1
45905,1,home,671922,1,1,0
45905,1,home,656876,1,1,1
45905,1,home,656641,1,0,1
45905,1,home,686973,1,1,0
45905,1,away,695505,1,1,1
45905,1,away,666200,1,1,1
45905,1,away,661395,1,1,0
45905,1,away,695243,1,1,0
45905,1,away,628452,1,0,1
45905,1,away,808967,1,1,1
45905,2,home,547973,0,0,1
45905,2,home,641329,1,1,1
45905,2,home,671922,0,0,1
45905,2,home,656876,1,0,1
45905,2,home,656641,1,1,0
45905,2,home,686973,0,0,0
45905,2,away,695505,1,0,1
45905,2,away,666200,1,1,1
45905,2,away,661395,0,0,1
45905,2,away,695243,0,0,1
45905,2,away,628452,1,1,0
45905,2,away,808967,1,1,0
45905,3,home,547973,1,1,0
45905,3,home,641329,1,1,0
45905,3,home,671922,1,0,1
45905,3,home,656876,1,1,1
45905,3,home,656641,0,0,1
45905,3,home,686973,0,0,1
45905,3,away,695505,1,1,0
45905,3,away,666200,1,1,1
45905,3,away,661395,1,0,1
45905,3,away,695243,1,1,0
45905,3,away,628452,0,0,1
45905,3,away,808967,0,0,0
45905,4,home,547973,0,0,1
45905,4,home,641329,0,0,1
45905,4,home,671922,1,1,1
45905,4,home,656876,1,1,0
45905,4,home,656641,1,1,0
45905,4,home,686973,1,1,0
45905,4,away,695505,0,0,0
45905,4,away,666200,1,1,1
45905,4,away,661395,1,1,0
45905,4,away,695243,0,0,1
45905,4,away,628452,1,1,1
45905,4,away,808967,0,0,1
45906,1,home,547973,1,1,0
45906,1,home,641329,1,0,1
45906,1,home,671922,1,0,1
45906,1,home,656876,1,1,0
45906,1,home,656641,1,0,1
45906,1,home,686973,1,0,1
45906,1,away,695505,1,1,0
45906,1,away,666200,1,1,1
45906,1,away,661395,1,0,1
45906,1,away,695243,1,1,0
45906,1,away,628452,1,0,1
45906,1,away,808967,1,1,0
45906,2,home,547973,0,0,0
45906,2,home,641329,1,0,1
45906,2,home,671922,1,1,0
45906,2,home,656876,0,0,1
45906,2,home,656641,1,1,0
45906,2,home,686973,1,1,0
45906,2,away,695505,0,0,1
45906,2,away,666200,1,1,0
45906,2,away,661395,1,1,0
45906,2,away,695243,0,0,1
45906,2,away,628452,1,1,0
45906,2,away,808967,0,0,1
45906,3,home,547973,0,0,1
45906,3,home,641329,1,0,1
45906,3,home,671922,0,0,1
45906,3,home,656876,1,0,1
45906,3,home,656641,0,0,1
45906,3,home,686973,0,0,1
45906,3,away,695505,1,0,1
45906,3,away,666200,0,0,1
45906,3,away,661395,0,0,1
45906,3,away,695243,1,0,1
45906,3,away,628452,0,0,1
45906,3,away,808967,1,0,1
45906,4,home,547973,1,0,1
45906,4,home,641329,1,1,0
45906,4,home,671922,1,0,1
45906,4,home,656876,1,0,1
45906,4,home,656641,1,0,1
45906,4,home,686973,1,1,1
45906,4,away,695505,1,1,1
45906,4,away,666200,1,1,0
45906,4,away,661395,1,0,1
45906,4,away,695243,1,0,1
45906,4,away,628452,1,0,1
45906,4,away,808967,1,1,0
45907,1,home,547973,1,0,1
45907,1,home,641329,1,0,1
45907,1,home,671922,1,1,1
45907,1,home,656876,1,1,1
45907,1,home,656641,1,1,0
45907,1,home,686973,1,0,1
45907,1,away,695505,1,1,1
45907,1,away,666200,1,1,1
45907,1,away,661395,1,0,1
45907,1,away,695243,1,1,0
45907,1,away,628452,1,0,1
45907,1,away,808967,1,0,1
45907,2,home,547973,1,1,1
45907,2,home,641329,1,0,1
45907,2,home,671922,1,1,0
45907,2,home,656876,1,1,0
45907,2,home,656641,0,0,0
45907,2,home,686973,1,0,1
45907,2,away,695505,1,1,0
45907,2,away,666200,1,0,1
45907,2,away,661395,1,1,0
45907,2,away,695243,0,0,1
45907,2,away,628452,1,0,1
45907,2,away,808967,1,1,0
45907,3,home,547973,1,1,1
45907,3,home,641329,1,1,1
45907,3,home,671922,0,0,1
45907,3,home,656876,0,0,1
45907,3,home,656641,0,0,1
45907,3,home,686973,1,1,1
45907,3,away,695505,0,0,1
45907,3,away,666200,1,1,0
45907,3,away,661395,0,0,1
45907,3,away,695243,1,1,0
45907,3,away,628452,1,1,0
45907,3,away,808967,0,0,1
45907,4,home,547973,1,0,1
45907,4,home,641329,1,0,1
45907,4,home,671922,1,0,1
45907,4,home,656876,1,0,1
45907,4,home,656641,1,1,0
45907,4,home,686973,1,1,0
45907,4,away,695505,1,1,0
45907,4,away,666200,0,0,1
45907,4,away,661395,1,1,0
45907,4,away,695243,0,0,1
45907,4,away,628452,0,0,1
45907,4,away,808967,1,1,0
45908,1,home,547973,1,1,1
45908,1,home,641329,1,0,1
45908,1,home,671922,1,1,0
45908,1,home,656876,1,1,0
45908,1,home,656641,1,1,1
45908,1,home,686973,1,0,1
45908,1,away,695505,1,1,0
45908,1,away,666200,1,1,0
45908,1,away,661395,1,0,1
45908,1,away,695243,1,1,1
45908,1,away,628452,1,1,1
45908,1,away,808967,1,1,1
45908,2,home,547973,1,0,1
45908,2,home,641329,1,1,1
45908,2,home,671922,0,0,1
45908,2,home,656876,0,0,1
45908,2,home,656641,1,0,1
45908,2,home,686973,1,0,1
45908,2,away,695505,0,0,1
45908,2,away,666200,0,0,1
45908,2,away,661395,1,0,1
45908,2,away,695243,1,0,1
45908,2,away,628452,1,0,1
45908,2,away,808967,1,1,0
45908,3,home,547973,1,1,1
45908,3,home,641329,1,0,1
45908,3,home,671922,1,0,1
45908,3,home,656876,1,1,0
45908,3,home,656641,1,1,0
45908,3,home,686973,1,0,1
45908,3,away,695505,1,1,0
45908,3,away,666200,1,1,0
45908,3,away,661395,1,1,0
45908,3,away,695243,1,1,0
45908,3,away,628452,1,0,1
45908,3,away,808967,0,0,1
45908,4,home,547973,1,1,1
45908,4,home,641329,1,1,0
45908,4,home,671922,1,0,1
45908,4,home,656876,0,0,1
45908,4,home,656641,0,0,1
45908,4,home,686973,1,1,0
45908,4,away,695505,0,0,1
45908,4,away,666200,0,0,1
45908,4,away,661395,0,0,1
45908,4,away,695243,0,0,1
45908,4,away,628452,1,1,0
45908,4,away,808967,1,1,0
45909,1,home,547973,1,0,1
45909,1,home,641329,1,0,1
45909,1,home,671922,1,1,1
45909,1,home,656876,1,1,0
45909,1,home,656641,1,1,0
45909,1,home,686973,1,0,1
45909,1,away,695505,1,1,0
45909,1,away,666200,1,1,0
45909,1,away,661395,1,0,1
45909,1,away,695243,1,1,1
45909,1,away,628452,1,0,1
45909,1,away,808967,1,1,1
45909,2,home,547973,1,1,1
45909,2,home,641329,1,0,1
45909,2,home,671922,1,1,0
45909,2,home,656876,0,0,1
45909,2,home,656641,0,0,1
45909,2,home,686973,1,0,1
45909,2,away,695505,0,0,1
45909,2,away,666200,0,0,1
45909,2,away,661395,1,1,1
45909,2,away,695243,1,1,0
45909,2,away,628452,1,0,1
45909,2,away,808967,1,1,1
45909,3,home,547973,1,0,1
45909,3,home,641329,1,0,1
45909,3,home,671922,0,0,1
45909,3,home,656876,1,1,1
45909,3,home,656641,1,1,0
45909,3,home,686973,1,0,1
45909,3,away,695505,1,1,1
45909,3,away,666200,1,1,1
45909,3,away,661395,1,1,0
45909,3,away,695243,0,0,1
45909,3,away,628452,1,0,1
45909,3,away,808967,1,1,0
45909,4,home,547973,1,0,1
45909,4,home,641329,1,0,1
45909,4,home,671922,1,0,1
45909,4,home,656876,1,0,1
45909,4,home,656641,0,0,1
45909,4,home,686973,1,1,0
45909,4,away,695505,1,1,0
45909,4,away,666200,1,1,1
45909,4,away,661395,0,0,1
45909,4,away,695243,1,1,0
45909,4,away,628452,1,1,0
45909,4,away,808967,0,0,1
45910,1,home,547973,1,0,1
45910,1,home,641329,1,0,1
45910,1,home,671922,1,0,1
45910,1,home,656876,1,0,1
45910,1,home,656641,1,1,1
45910,1,home,686973,1,1,1
45910,1,away,695505,1,1,0
45910,1,away,666200,1,1,0
45910,1,away,661395,1,0,1
45910,1,away,695243,1,1,0
45910,1,away,628452,1,0,1
45910,1,away,808967,1,1,0
45910,2,home,547973,1,1,1
45910,2,home,641329,1,0,1
45910,2,home,671922,1,0,1
45910,2,home,656876,1,1,0
45910,2,home,656641,1,1,1
45910,2,home,686973,1,0,1
45910,2,away,695505,0,0,1
45910,2,away,666200,0,0,1
45910,2,away,661395,1,1,1
45910,2,away,695243,0,0,1
45910,2,away,628452,1,1,1
45910,2,away,808967,0,0,1
45910,3,home,547973,1,1,0
45910,3,home,641329,1,0,1
45910,3,home,671922,1,0,1
45910,3,home,656876,0,0,0
45910,3,home,656641,1,1,0
45910,3,home,686973,1,1,0
45910,3,away,695505,1,1,0
45910,3,away,666200,1,1,0
45910,3,away,661395,1,1,1
45910,3,away,695243,1,1,1
45910,3,away,628452,1,0,1
45910,3,away,808967,1,1,0
45910,4,home,547973,0,0,0
45910,4,home,641329,1,0,1
45910,4,home,671922,1,0,1
45910,4,home,656876,0,0,1
45910,4,home,656641,0,0,1
45910,4,home,686973,0,0,0
45910,4,away,695505,0,0,1
45910,4,away,666200,0,0,0
45910,4,away,661395,1,0,1
45910,4,away,695243,1,1,0
45910,4,away,628452,1,1,1
45910,4,away,808967,0,0,1
45911,1,home,547973,1,0,1
45911,1,home,641329,1,0,1
45911,1,home,671922,1,1,1
45911,1,home,656876,1,1,0
45911,1,home,656641,1,1,1
45911,1,home,686973,1,0,1
45911,1,away,695505,1,1,1
45911,1,away,666200,1,1,1
45911,1,away,661395,1,1,0
45911,1,away,695243,1,1,0
45911,1,away,628452,1,0,1
45911,1,away,808967,1,1,1
45911,2,home,547973,1,0,1
45911,2,home,641329,1,1,0
45911,2,home,671922,1,0,1
45911,2,home,656876,0,0,1
45911,2,home,656641,1,0,1
45911,2,home,686973,1,1,0
45911,2,away,695505,1,1,0
45911,2,away,666200,1,0,1
45911,2,away,661395,0,0,1
45911,2,away,695243,0,0,1
45911,2,away,628452,1,1,0
45911,2,away,808967,1,1,0
45911,3,home,547973,1,0,1
45911,3,home,641329,0,0,1
45911,3,home,671922,1,1,0
45911,3,home,656876,1,0,1
45911,3,home,656641,1,1,0
45911,3,home,686973,0,0,1
45911,3,away,695505,0,0,1
45911,3,away,666200,1,1,0
45911,3,away,661395,1,1,1
45911,3,away,695243,1,1,0
45911,3,away,628452,0,0,1
45911,3,away,808967,0,0,0
45911,4,home,547973,1,1,0
45911,4,home,641329,1,1,0
45911,4,home,671922,0,0,1
45911,4,home,656876,1,1,0
45911,4,home,656641,0,0,1
45911,4,home,686973,1,1,0
45911,4,away,695505,1,1,0
45911,4,away,666200,0,0,1
45911,4,away,661395,1,1,0
45911,4,away,695243,0,0,1
45911,4,away,628452,1,1,0
45911,4,away,808967,0,0,1
45912,1,home,547973,1,1,0
45912,1,home,641329,1,1,0
45912,1,home,671922,1,1,0
45912,1,home,656876,1,1,1
45912,1,home,656641,1,0,1
45912,1,home,686973,1,0,1
45912,1,away,695505,1,1,0
45912,1,away,666200,1,1,0
45912,1,away,661395,1,0,1
45912,1,away,695243,1,1,1
45912,1,away,628452,1,0,1
45912,1,away,808967,1,1,1
45912,2,home,547973,0,0,1
45912,2,home,641329,0,0,1
45912,2,home,671922,0,0,1
45912,2,home,656876,1,0,1
45912,2,home,656641,1,1,0
45912,2,home,686973,1,1,0
45912,2,away,695505,0,0,1
45912,2,away,666200,0,0,1
45912,2,away,661395,1,1,0
45912,2,away,695243,1,1,0
45912,2,away,628452,1,0,1
45912,2,away,808967,1,1,0
45912,3,home,547973,1,1,0
45912,3,home,641329,1,0,1
45912,3,home,671922,1,0,1
45912,3,home,656876,1,0,1
45912,3,home,656641,0,0,1
45912,3,home,686973,0,0,1
45912,3,away,695505,1,1,1
45912,3,away,666200,1,1,1
45912,3,away,661395,0,0,1
45912,3,away,695243,0,0,1
45912,3,away,628452,1,0,1
45912,3,away,808967,0,0,1
45912,4,home,547973,0,0,1
45912,4,home,641329,1,1,0
45912,4,home,671922,1,0,1
45912,4,home,656876,1,0,1
45912,4,home,656641,1,0,1
45912,4,home,686973,1,1,0
45912,4,away,695505,1,1,1
45912,4,away,666200,1,1,0
45912,4,away,661395,1,0,1
45912,4,away,695243,1,0,1
45912,4,away,628452,1,0,1
45912,4,away,808967,1,1,0
45913,1,home,547973,1,0,1
45913,1,home,641329,1,0,1
45913,1,home,671922,1,0,1
45913,1,home,656876,1,1,1
45913,1,home,656641,1,1,1
45913,1,home,686973,1,0,1
45913,1,away,695505,1,1,1
45913,1,away,666200,1,1,0
45913,1,away,661395,1,0,1
45913,1,away,695243,1,1,0
45913,1,away,628452,1,0,1
45913,1,away,808967,1,0,1
45913,2,home,547973,1,0,1
45913,2,home,641329,1,0,1
45913,2,home,671922,1,0,1
45913,2,home,656876,1,0,1
45913,2,home,656641,1,0,1
45913,2,home,686973,1,1,0
45913,2,away,695505,1,0,1
45913,2,away,666200,0,0,1
45913,2,away,661395,1,0,1
45913,2,away,695243,0,0,1
45913,2,away,628452,1,0,1
45913,2,away,808967,1,0,1
45913,3,home,547973,1,1,0
45913,3,home,641329,1,1,0
45913,3,home,671922,1,1,0
45913,3,home,656876,1,1,0
45913,3,home,656641,1,1,1
45913,3,home,686973,0,0,0
45913,3,away,695505,1,1,0
45913,3,away,666200,1,1,0
45913,3,away,661395,1,0,1
45913,3,away,695243,1,1,1
45913,3,away,628452,1,0,1
45913,3,away,808967,1,1,0
45913,4,home,547973,0,0,1
45913,4,home,641329,0,0,1
45913,4,home,671922,0,0,1
45913,4,home,656876,0,0,1
45913,4,home,656641,1,0,1
45913,4,home,686973,0,0,1
45913,4,away,695505,0,0,1
45913,4,away,666200,0,0,1
45913,4,away,661395,1,0,1
45913,4,away,695243,1,0,1
45913,4,away,628452,1,0,1
45913,4,away,808967,0,0,1
45914,1,home,547973,1,1,0
45914,1,home,641329,1,0,1
45914,1,home,671922,1,0,1
45914,1,home,656876,1,1,0
45914,1,home,656641,1,1,0
45914,1,home,686973,1,0,1
45914,1,away,695505,1,1,0
45914,1,away,666200,1,1,0
45914,1,away,661395,1,0,1
45914,1,away,695243,1,1,0
45914,1,away,628452,1,0,1
45914,1,away,808967,1,1,0
45914,2,home,547973,0,0,1
45914,2,home,641329,1,1,1
45914,2,home,671922,1,1,0
45914,2,home,656876,0,0,1
45914,2,home,656641,0,0,0
45914,2,home,686973,1,0,1
45914,2,away,695505,0,0,0
45914,2,away,666200,0,0,1
45914,2,away,661395,1,1,0
45914,2,away,695243,0,0,1
45914,2,away,628452,1,0,1
45914,2,away,808967,0,0,1
45914,3,home,547973,1,0,1
45914,3,home,641329,1,0,1
45914,3,home,671922,0,0,1
45914,3,home,656876,1,0,1
45914,3,home,656641,0,0,1
45914,3,home,686973,1,0,1
45914,3,away,695505,0,0,1
45914,3,away,666200,1,0,1
45914,3,away,661395,0,0,1
45914,3,away,695243,1,0,1
45914,3,away,628452,1,0,1
45914,3,away,808967,1,1,1
45914,4,home,547973,1,0,1
45914,4,home,641329,1,0,1
45914,4,home,671922,1,1,0
45914,4,home,656876,1,0,1
45914,4,home,656641,1,0,1
45914,4,home,686973,1,1,0
45914,4,away,695505,1,1,0
45914,4,away,666200,1,1,1
45914,4,away,661395,1,0,1
45914,4,away,695243,1,1,1
45914,4,away,628452,1,1,0
45914,4,away,808967,1,1,0
45915,1,home,547973,1,0,1
45915,1,home,641329,1,0,1
45915,1,home,671922,1,0,1
45915,1,home,656876,1,1,0
45915,1,home,656641,1,0,1
45915,1,home,686973,1,0,1
45915,1,away,695505,1,1,0
45915,1,away,666200,1,1,0
45915,1,away,661395,1,0,1
45915,1,away,695243,1,1,1
45915,1,away,628452,1,0,1
45915,1,away,808967,1,0,1
45915,2,home,547973,1,0,1
45915,2,home,641329,1,0,1
45915,2,home,671922,1,0,1
45915,2,home,656876,0,0,1
45915,2,home,656641,1,0,1
45915,2,home,686973,1,1,0
45915,2,away,695505,0,0,1
45915,2,away,666200,0,0,1
45915,2,away,661395,1,0,1
45915,2,away,695243,1,1,0
45915,2,away,628452,1,0,1
45915,2,away,808967,1,1,0
45915,3,home,547973,1,0,1
45915,3,home,641329,1,0,1
45915,3,home,671922,1,0,1
45915,3,home,656876,1,0,1
45915,3,home,656641,1,0,1
45915,3,home,686973,0,0,1
45915,3,away,695505,1,0,1
45915,3,away,666200,1,0,1
45915,3,away,661395,1,1,0
45915,3,away,695243,0,0,0
45915,3,away,628452,1,0,1
45915,3,away,808967,0,0,0
45915,4,home,547973,1,1,0
45915,4,home,641329,1,0,1
45915,4,home,671922,1,0,1
45915,4,home,656876,1,0,1
45915,4,home,656641,1,1,0
45915,4,home,686973,1,1,1
45915,4,away,695505,1,1,1
45915,4,away,666200,1,1,0
45915,4,away,661395,0,0,1
45915,4,away,695243,0,0,0
45915,4,away,628452,1,1,0
45915,4,away,808967,0,0,0
45916,1,home,547973,1,1,0
45916,1,home,641329,1,0,1
45916,1,home,671922,1,0,1
45916,1,home,656876,1,0,1
45916,1,home,656641,1,0,1
45916,1,home,686973,1,1,0
45916,1,away,695505,1,1,1
45916,1,away,666200,1,1,0
45916,1,away,661395,1,0,1
45916,1,away,695243,1,1,0
45916,1,away,628452,1,0,1
45916,1,away,808967,1,1,1
45916,2,home,547973,0,0,1
45916,2,home,641329,1,0,1
45916,2,home,671922,1,0,1
45916,2,home,656876,1,1,1
45916,2,home,656641,1,1,1
45916,2,home,686973,0,0,1
45916,2,away,695505,1,1,0
45916,2,away,666200,0,0,1
45916,2,away,661395,1,0,1
45916,2,away,695243,0,0,1
45916,2,away,628452,1,1,0
45916,2,away,808967,1,1,0
45916,3,home,547973,1,1,0
45916,3,home,641329,1,0,1
45916,3,home,671922,1,1,1
45916,3,home,656876,1,1,0
45916,3,home,656641,1,1,0
45916,3,home,686973,1,0,1
45916,3,away,695505,0,0,1
45916,3,away,666200,1,1,1
45916,3,away,661395,1,1,0
45916,3,away,695243,1,1,1
45916,3,away,628452,0,0,0
45916,3,away,808967,0,0,1
45916,4,home,547973,0,0,1
45916,4,home,641329,1,1,0
45916,4,home,671922,1,1,1
45916,4,home,656876,0,0,1
45916,4,home,656641,0,0,0
45916,4,home,686973,1,1,0
45916,4,away,695505,1,0,1
45916,4,away,666200,1,0,1
45916,4,away,661395,0,0,1
45916,4,away,695243,1,1,0
45916,4,away,628452,0,0,1
45916,4,away,808967,1,1,1
45917,1,home,547973,1,0,1
45917,1,home,641329,1,1,1
45917,1,home,671922,1,0,1
45917,1,home,656876,1,0,1
45917,1,home,656641,1,1,1
45917,1,home,686973,1,1,1
45917,1,away,695505,1,1,0
45917,1,away,666200,1,1,0
45917,1,away,661395,1,0,1
45917,1,away,695243,1,1,0
45917,1,away,628452,1,0,1
45917,1,away,808967,1,0,1
45917,2,home,547973,1,1,0
45917,2,home,641329,1,0,1
45917,2,home,671922,1,0,1
45917,2,home,656876,1,0,1
45917,2,home,656641,1,0,1
45917,2,home,686973,1,1,0
45917,2,away,695505,0,0,1
45917,2,away,666200,0,0,0
45917,2,away,661395,1,0,1
45917,2,away,695243,0,0,1
45917,2,away,628452,1,0,1
45917,2,away,808967,1,1,0
45917,3,home,547973,0,0,1
45917,3,home,641329,1,1,0
45917,3,home,671922,1,1,1
45917,3,home,656876,1,1,0
45917,3,home,656641,1,1,0
45917,3,home,686973,0,0,1
45917,3,away,695505,1,1,1
45917,3,away,666200,0,0,1
45917,3,away,661395,1,1,1
45917,3,away,695243,1,1,1
45917,3,away,628452,1,1,1
45917,3,away,808967,0,0,0
45917,4,home,547973,1,0,1
45917,4,home,641329,0,0,1
45917,4,home,671922,1,0,1
45917,4,home,656876,0,0,1
45917,4,home,656641,0,0,1
45917,4,home,686973,1,1,0
45917,4,away,695505,1,1,0
45917,4,away,666200,1,0,1
45917,4,away,661395,1,0,1
45917,4,away,695243,1,0,1
45917,4,away,628452,1,0,1
45917,4,away,808967,0,0,1
45918,1,home,547973,1,0,1
45918,1,home,641329,1,1,1
45918,1,home,671922,1,0,1
45918,1,home,656876,1,1,0
45918,1,home,656641,1,0,1
45918,1,home,686973,1,0,1
45918,1,away,695505,1,1,1
45918,1,away,666200,1,1,0
45918,1,away,661395,1,0,1
45918,1,away,695243,1,1,1
45918,1,away,628452,1,0,1
45918,1,away,808967,1,1,1
45918,2,home,547973,1,0,1
45918,2,home,641329,1,0,1
45918,2,home,671922,1,1,0
45918,2,home,656876,0,0,0
45918,2,home,656641,1,1,0
45918,2,home,686973,1,0,1
45918,2,away,695505,1,0,1
45918,2,away,666200,0,0,1
45918,2,away,661395,1,1,0
45918,2,away,695243,1,1,0
45918,2,away,628452,1,0,1
45918,2,away,808967,1,1,1
45918,3,home,547973,1,1,1
45918,3,home,641329,1,1,1
45918,3,home,671922,0,0,1
45918,3,home,656876,0,0,1
45918,3,home,656641,0,0,1
45918,3,home,686973,1,1,0
45918,3,away,695505,1,0,1
45918,3,away,666200,1,1,0
45918,3,away,661395,0,0,1
45918,3,away,695243,0,0,1
45918,3,away,628452,1,0,1
45918,3,away,808967,1,1,0
45918,4,home,547973,1,1,1
45918,4,home,641329,1,1,0
45918,4,home,671922,1,0,1
45918,4,home,656876,1,0,1
45918,4,home,656641,1,1,0
45918,4,home,686973,0,0,1
45918,4,away,695505,1,1,0
45918,4,away,666200,0,0,1
45918,4,away,661395,1,0,1
45918,4,away,695243,1,1,0
45918,4,away,628452,1,1,1
45918,4,away,808967,0,0,1
45919,1,home,547973,1,0,1
45919,1,home,641329,1,0,1
45919,1,home,671922,1,1,0
45919,1,home,656876,1,1,0
45919,1,home,656641,1,0,1
45919,1,home,686973,1,0,1
45919,1,away,695505,1,0,1
45919,1,away,666200,1,1,1
45919,1,away,661395,1,0,1
45919,1,away,695243,1,1,0
45919,1,away,628452,1,0,1
45919,1,away,808967,1,0,1
45919,2,home,547973,1,1,0
45919,2,home,641329,1,1,1
45919,2,home,671922,0,0,0
45919,2,home,656876,0,0,1
45919,2,home,656641,1,0,1
45919,2,home,686973,1,1,0
45919,2,away,695505,1,1,1
45919,2,away,666200,1,1,1
45919,2,away,661395,1,1,0
45919,2,away,695243,0,0,1
45919,2,away,628452,1,0,1
45919,2,away,808967,1,1,0
45919,3,home,547973,0,0,0
45919,3,home,641329,1,1,0
45919,3,home,671922,0,0,1
45919,3,home,656876,1,1,1
45919,3,home,656641,1,1,1
45919,3,home,686973,0,0,1
45919,3,away,695505,1,1,0
45919,3,away,666200,1,1,0
45919,3,away,661395,0,0,1
45919,3,away,695243,1,1,0
45919,3,away,628452,1,1,0
45919,3,away,808967,0,0,0
45919,4,home,547973,0,0,1
45919,4,home,641329,0,0,1
45919,4,home,671922,1,1,1
45919,4,home,656876,1,1,0
45919,4,home,656641,1,0,1
45919,4,home,686973,1,1,1
45919,4,away,695505,0,0,0
45919,4,away,666200,0,0,1
45919,4,away,661395,1,1,0
45919,4,away,695243,0,0,1
45919,4,away,628452,0,0,1
45919,4,away,808967,0,0,1
45920,1,home,547973,1,1,0
45920,1,home,641329,1,1,1
45920,1,home,671922,1,0,1
45920,1,home,656876,1,0,1
45920,1,home,656641,1,1,1
45920,1,home,686973,1,1,0
45920,1,away,695505,1,1,0
45920,1,away,666200,1,1,0
45920,1,away,661395,1,1,0
45920,1,away,695243,1,1,0
45920,1,away,628452,1,1,1
45920,1,away,808967,1,1,0
45920,2,home,547973,0,0,0
45920,2,home,641329,1,1,0
45920,2,home,671922,1,0,1
45920,2,home,656876,1,0,1
45920,2,home,656641,1,1,0
45920,2,home,686973,0,0,1
45920,2,away,695505,0,0,1
45920,2,away,666200,0,0,1
45920,2,away,661395,0,0,1
45920,2,away,695243,0,0,1
45920,2,away,628452,1,1,0
45920,2,away,808967,0,0,1
45920,3,home,547973,0,0,1
45920,3,home,641329,0,0,1
45920,3,home,671922,1,0,1
45920,3,home,656876,1,0,1
45920,3,home,656641,0,0,1
45920,3,home,686973,1,1,0
45920,3,away,695505,1,1,1
45920,3,away,666200,1,1,0
45920,3,away,661395,1,0,1
45920,3,away,695243,1,1,0
45920,3,away,628452,0,0,1
45920,3,away,808967,1,1,1
45920,4,home,547973,1,0,1
45920,4,home,641329,1,1,0
45920,4,home,671922,1,0,1
45920,4,home,656876,1,0,1
45920,4,home,656641,1,1,0
45920,4,home,686973,0,0,0
45920,4,away,695505,1,1,0
45920,4,away,666200,0,0,1
45920,4,away,661395,1,0,1
45920,4,away,695243,0,0,1
45920,4,away,628452,1,1,0
45920,4,away,808967,1,1,0
45921,1,home,547973,1,1,0
45921,1,home,641329,1,0,1
45921,1,home,671922,1,0,1
45921,1,home,656876,1,1,1
45921,1,home,656641,1,1,0
45921,1,home,686973,1,0,1
45921,1,away,695505,1,1,0
45921,1,away,666200,1,1,0
45921,1,away,661395,1,0,1
45921,1,away,695243,1,1,0
45921,1,away,628452,1,0,1
45921,1,away,808967,1,1,0
45921,2,home,547973,0,0,1
45921,2,home,641329,1,0,1
45921,2,home,671922,1,1,1
45921,2,home,656876,1,1,0
45921,2,home,656641,0,0,1
45921,2,home,686973,1,1,1
45921,2,away,695505,0,0,1
45921,2,away,666200,0,0,1
45921,2,away,661395,1,1,0
45921,2,away,695243,0,0,0
45921,2,away,628452,1,0,1
45921,2,away,808967,0,0,0
45921,3,home,547973,1,0,1
45921,3,home,641329,1,1,0
45921,3,home,671922,1,0,1
45921,3,home,656876,0,0,1
45921,3,home,656641,1,0,1
45921,3,home,686973,1,0,1
45921,3,away,695505,1,1,0
45921,3,away,666200,1,1,0
45921,3,away,661395,0,0,1
45921,3,away,695243,0,0,0
45921,3,away,628452,1,1,0
45921,3,away,808967,0,0,1
45921,4,home,547973,1,0,1
45921,4,home,641329,0,0,1
45921,4,home,671922,1,1,0
45921,4,home,656876,1,1,1
45921,4,home,656641,1,1,0
45921,4,home,686973,1,0,1
45921,4,away,695505,0,0,1
45921,4,away,666200,0,0,1
45921,4,away,661395,1,1,1
45921,4,away,695243,0,0,0
45921,4,away,628452,0,0,1
45921,4,away,808967,1,1,1
45922,1,home,547973,1,0,1
45922,1,home,641329,1,0,1
45922,1,home,671922,1,1,0
45922,1,home,656876,1,1,0
45922,1,home,656641,1,0,1
45922,1,home,686973,1,0,1
45922,1,away,695505,1,1,1
45922,1,away,666200,1,1,0
45922,1,away,661395,1,0,1
45922,1,away,695243,1,1,0
45922,1,away,628452,1,0,1
45922,1,away,808967,1,1,1
45922,2,home,547973,1,1,0
45922,2,home,641329,1,0,1
45922,2,home,671922,0,0,1
45922,2,home,656876,0,0,1
45922,2,home,656641,1,1,0
45922,2,home,686973,1,1,0
45922,2,away,695505,1,1,0
45922,2,away,666200,0,0,1
45922,2,away,661395,1,1,0
45922,2,away,695243,0,0,1
45922,2,away,628452,1,1,0
45922,2,away,808967,1,1,0
45922,3,home,547973,0,0,1
45922,3,home,641329,1,1,0
45922,3,home,671922,1,1,0
45922,3,home,656876,1,1,0
45922,3,home,656641,0,0,1
45922,3,home,686973,0,0,1
45922,3,away,695505,0,0,1
45922,3,away,666200,1,1,0
45922,3,away,661395,0,0,1
45922,3,away,695243,1,1,0
45922,3,away,628452,0,0,1
45922,3,away,808967,0,0,1
45922,4,home,547973,1,0,1
45922,4,home,641329,0,0,1
45922,4,home,671922,0,0,1
45922,4,home,656876,0,0,1
45922,4,home,656641,1,0,1
45922,4,home,686973,1,1,0
45922,4,away,695505,1,1,0
45922,4,away,666200,0,0,1
45922,4,away,661395,1,1,0
45922,4,away,695243,0,0,1
45922,4,away,628452,1,1,1
45922,4,away,808967,1,1,0
45923,1,home,547973,1,1,0
45923,1,home,641329,1,0,1
45923,1,home,671922,1,1,0
45923,1,home,656876,1,1,0
45923,1,home,656641,1,1,0
45923,1,home,686973,1,0,1
45923,1,away,695505,1,1,0
45923,1,away,666200,1,1,0
45923,1,away,661395,1,0,1
45923,1,away,695243,1,1,0
45923,1,away,628452,1,1,0
45923,1,away,808967,1,1,0
45923,2,home,547973,0,0,1
45923,2,home,641329,1,0,1
45923,2,home,671922,0,0,1
45923,2,home,656876,0,0,1
45923,2,home,656641,0,0,1
45923,2,home,686973,1,1,0
45923,2,away,695505,0,0,1
45923,2,away,666200,0,0,1
45923,2,away,661395,1,1,0
45923,2,away,695243,0,0,1
45923,2,away,628452,0,0,1
45923,2,away,808967,0,0,1
45923,3,home,547973,1,1,0
45923,3,home,641329,1,0,1
45923,3,home,671922,1,0,1
45923,3,home,656876,1,0,1
45923,3,home,656641,1,0,1
45923,3,home,686973,0,0,1
45923,3,away,695505,1,1,1
45923,3,away,666200,1,1,0
45923,3,away,661395,0,0,1
45923,3,away,695243,1,1,0
45923,3,away,628452,1,0,1
45923,3,away,808967,1,0,1
45923,4,home,547973,0,0,1
45923,4,home,641329,1,0,1
45923,4,home,671922,1,0,1
45923,4,home,656876,1,0,1
45923,4,home,656641,1,0,1
45923,4,home,686973,1,1,1
45923,4,away,695505,1,1,0
45923,4,away,666200,0,0,1
45923,4,away,661395,1,0,1
45923,4,away,695243,0,0,1
45923,4,away,628452,1,0,1
45923,4,away,808967,1,0,1
45924,1,home,547973,1,1,1
45924,1,home,641329,1,0,1
45924,1,home,671922,1,1,0
45924,1,home,656876,1,1,0
45924,1,home,656641,1,0,1
45924,1,home,686973,1,0,1
45924,1,away,695505,1,1,0
45924,1,away,666200,1,1,1
45924,1,away,661395,1,1,1
45924,1,away,695243,1,1,0
45924,1,away,628452,1,0,1
45924,1,away,808967,1,1,0
45924,2,home,547973,1,0,1
45924,2,home,641329,1,0,1
45924,2,home,671922,0,0,1
45924,2,home,656876,0,0,1
45924,2,home,656641,1,1,1
45924,2,home,686973,1,1,0
45924,2,away,695505,0,0,1
45924,2,away,666200,1,0,1
45924,2,away,661395,1,1,0
45924,2,away,695243,0,0,1
45924,2,away,628452,1,1,0
45924,2,away,808967,0,0,1
45924,3,home,547973,1,1,0
45924,3,home,641329,1,0,1
45924,3,home,671922,1,1,0
45924,3,home,656876,1,1,0
45924,3,home,656641,1,1,0
45924,3,home,686973,0,0,1
45924,3,away,695505,1,0,1
45924,3,away,666200,1,0,1
45924,3,away,661395,0,0,1
45924,3,away,695243,1,1,0
45924,3,away,628452,0,0,1
45924,3,away,808967,1,1,1
45924,4,home,547973,0,0,1
45924,4,home,641329,1,1,0
45924,4,home,671922,0,0,1
45924,4,home,656876,0,0,1
45924,4,home,656641,0,0,1
45924,4,home,686973,1,1,0
45924,4,away,695505,1,1,1
45924,4,away,666200,1,1,0
45924,4,away,661395,1,1,0
45924,4,away,695243,0,0,1
45924,4,away,628452,1,0,1
45924,4,away,808967,1,1,0
45925,1,home,547973,1,0,1
45925,1,home,641329,1,1,0
45925,1,home,671922,1,0,1
45925,1,home,656876,1,1,0
45925,1,home,656641,1,1,0
45925,1,home,686973,1,0,1
45925,1,away,695505,1,1,0
45925,1,away,666200,1,1,0
45925,1,away,661395,1,0,1
45925,1,away,695243,1,1,0
45925,1,away,628452,1,0,1
45925,1,away,808967,1,1,0
45925,2,home,547973,1,1,0
45925,2,home,641329,0,0,1
45925,2,home,671922,1,0,1
45925,2,home,656876,0,0,1
45925,2,home,656641,0,0,1
45925,2,home,686973,1,1,1
45925,2,away,695505,0,0,1
45925,2,away,666200,0,0,1
45925,2,away,661395,1,1,0
45925,2,away,695243,0,0,1
45925,2,away,628452,1,1,0
45925,2,away,808967,0,0,1
45925,3,home,547973,0,0,0
45925,3,home,641329,1,0,1
45925,3,home,671922,1,1,0
45925,3,home,656876,1,1,0
45925,3,home,656641,1,1,0
45925,3,home,686973,1,0,1
45925,3,away,695505,1,1,1
45925,3,away,666200,1,1,0
45925,3,away,661395,0,0,1
45925,3,away,695243,1,1,0
45925,3,away,628452,0,0,1
45925,3,away,808967,1,1,0
45925,4,home,547973,0,0,1
45925,4,home,641329,1,0,1
45925,4,home,671922,0,0,1
45925,4,home,656876,0,0,1
45925,4,home,656641,0,0,1
45925,4,home,686973,1,0,1
45925,4,away,695505,1,0,1
45925,4,away,666200,0,0,1
45925,4,away,661395,1,0,1
45925,4,away,695243,0,0,1
45925,4,away,628452,1,0,1
45925,4,away,808967,0,0,1
45926,1,home,547973,1,1,1
45926,1,home,641329,1,0,1
45926,1,home,671922,1,1,0
45926,1,home,656876,1,0,1
45926,1,home,656641,1,1,0
45926,1,home,686973,1,0,1
45926,1,away,695505,1,1,0
45926,1,away,666200,1,1,0
45926,1,away,661395,1,0,1
45926,1,away,695243,1,1,0
45926,1,away,628452,1,0,1
45926,1,away,808967,1,1,0
45926,2,home,547973,1,1,0
45926,2,home,641329,1,1,1
45926,2,home,671922,0,0,0
45926,2,home,656876,1,1,0
45926,2,home,656641,0,0,0
45926,2,home,686973,1,1,0
45926,2,away,695505,0,0,1
45926,2,away,666200,0,0,1
45926,2,away,661395,1,1,0
45926,2,away,695243,0,0,0
45926,2,away,628452,1,1,0
45926,2,away,808967,0,0,1
45926,3,home,547973,0,0,1
45926,3,home,641329,1,1,1
45926,3,home,671922,0,0,1
45926,3,home,656876,0,0,1
45926,3,home,656641,0,0,1
45926,3,home,686973,0,0,1
45926,3,away,695505,1,1,1
45926,3,away,666200,1,1,0
45926,3,away,661395,0,0,1
45926,3,away,695243,0,0,1
45926,3,away,628452,0,0,1
45926,3,away,808967,1,1,0
45926,4,home,547973,1,1,0
45926,4,home,641329,1,0,1
45926,4,home,671922,1,1,1
45926,4,home,656876,1,1,0
45926,4,home,656641,1,1,0
45926,4,home,686973,1,0,1
45926,4,away,695505,1,1,1
45926,4,away,666200,0,0,1
45926,4,away,661395,1,1,0
45926,4,away,695243,1,1,1
45926,4,away,628452,1,0,1
45926,4,away,808967,0,0,1
45927,1,home,547973,1,0,1
45927,1,home,641329,1,1,1
45927,1,home,671922,1,0,1
45927,1,home,656876,1,1,1
45927,1,home,656641,1,0,1
45927,1,home,686973,1,0,1
45927,1,away,695505,1,1,0
45927,1,away,666200,1,1,1
45927,1,away,661395,1,0,1
45927,1,away,695243,1,1,1
45927,1,away,628452,1,0,1
45927,1,away,808967,1,1,1
45927,2,home,547973,1,1,0
45927,2,home,641329,1,0,1
45927,2,home,671922,1,1,0
45927,2,home,656876,1,0,1
45927,2,home,656641,1,1,1
45927,2,home,686973,1,0,1
45927,2,away,695505,0,0,1
45927,2,away,666200,1,1,0
45927,2,away,661395,1,0,1
45927,2,away,695243,1,1,0
45927,2,away,628452,1,1,0
45927,2,away,808967,1,1,1
45927,3,home,547973,0,0,1
45927,3,home,641329,1,1,0
45927,3,home,671922,0,0,1
45927,3,home,656876,1,1,1
45927,3,home,656641,1,1,0
45927,3,home,686973,1,0,1
45927,3,away,695505,1,1,0
45927,3,away,666200,0,0,1
45927,3,away,661395,1,1,1
45927,3,away,695243,0,0,1
45927,3,away,628452,0,0,1
45927,3,away,808967,1,1,0
45927,4,home,547973,1,1,0
45927,4,home,641329,0,0,1
45927,4,home,671922,1,0,1
45927,4,home,656876,1,0,1
45927,4,home,656641,0,0,0
45927,4,home,686973,1,0,1
45927,4,away,695505,0,0,1
45927,4,away,666200,1,1,1
45927,4,away,661395,1,0,1
45927,4,away,695243,1,1,1
45927,4,away,628452,1,1,0
45927,4,away,808967,0,0,1
45928,1,home,547973,1,0,1
45928,1,home,641329,1,1,1
45928,1,home,671922,1,0,1
45928,1,home,656876,1,0,1
45928,1,home,656641,1,0,1
45928,1,home,686973,1,0,1
45928,1,away,695505,1,1,1
45928,1,away,666200,1,1,0
45928,1,away,661395,1,0,1
45928,1,away,695243,1,1,0
45928,1,away,628452,1,0,1
45928,1,away,808967,1,0,1
45928,2,home,547973,1,0,1
45928,2,home,641329,1,0,1
45928,2,home,671922,1,0,1
45928,2,home,656876,1,0,1
45928,2,home,656641,1,0,1
45928,2,home,686973,1,0,1
45928,2,away,695505,1,0,1
45928,2,away,666200,0,0,1
45928,2,away,661395,1,0,1
45928,2,away,695243,0,0,1
45928,2,away,628452,1,0,1
45928,2,away,808967,1,0,1
45928,3,home,547973,1,0,1
45928,3,home,641329,1,1,0
45928,3,home,671922,1,1,1
45928,3,home,656876,1,0,1
45928,3,home,656641,1,1,0
45928,3,home,686973,1,0,1
45928,3,away,695505,1,1,0
45928,3,away,666200,1,1,0
45928,3,away,661395,1,0,1
45928,3,away,695243,1,1,0
45928,3,away,628452,1,1,0
45928,3,away,808967,1,1,0
45928,4,home,547973,1,1,0
45928,4,home,641329,0,0,1
45928,4,home,671922,1,1,0
45928,4,home,656876,1,1,1
45928,4,home,656641,0,0,1
45928,4,home,686973,1,1,1
45928,4,away,695505,0,0,1
45928,4,away,666200,0,0,1
45928,4,away,661395,1,1,0
45928,4,away,695243,0,0,1
45928,4,away,628452,0,0,1
45928,4,away,808967,0,0,1
45929,1,home,547973,1,0,1
45929,1,home,641329,1,1,1
45929,1,home,671922,1,0,1
45929,1,home,656876,1,0,1
45929,1,home,656641,1,1,0
45929,1,home,686973,1,1,1
45929,1,away,695505,1,1,0
45929,1,away,666200,1,1,0
45929,1,away,661395,1,0,1
45929,1,away,695243,1,1,0
45929,1,away,628452,1,0,1
45929,1,away,808967,1,1,0
45929,2,home,547973,1,0,1
45929,2,home,641329,1,1,0
45929,2,home,671922,1,0,1
45929,2,home,656876,1,1,1
45929,2,home,656641,0,0,1
45929,2,home,686973,1,1,0
45929,2,away,695505,0,0,1
45929,2,away,666200,0,0,1
45929,2,away,661395,1,1,0
45929,2,away,695243,0,0,0
45929,2,away,628452,1,1,0
45929,2,away,808967,0,0,1
45929,3,home,547973,1,1,0
45929,3,home,641329,0,0,1
45929,3,home,671922,1,0,1
45929,3,home,656876,1,0,1
45929,3,home,656641,1,0,1
45929,3,home,686973,0,0,1
45929,3,away,695505,1,0,1
45929,3,away,666200,1,0,1
45929,3,away,661395,0,0,0
45929,3,away,695243,0,0,1
45929,3,away,628452,0,0,1
45929,3,away,808967,1,0,1
45929,4,home,547973,0,0,1
45929,4,home,641329,1,0,1
45929,4,home,671922,1,0,1
45929,4,home,656876,1,0,1
45929,4,home,656641,1,1,0
45929,4,home,686973,1,1,0
45929,4,away,695505,1,0,1
45929,4,away,666200,1,0,1
45929,4,away,661395,0,0,1
45929,4,away,695243,1,1,0
45929,4,away,628452,1,0,1
45929,4,away,808967,1,0,1
45930,1,home,547973,1,0,1
45930,1,home,641329,1,1,1
45930,1,home,671922,1,0,1
45930,1,home,656876,1,1,0
45930,1,home,656641,1,1,0
45930,1,home,686973,1,0,1
45930,1,away,695505,1,1,0
45930,1,away,666200,1,1,0
45930,1,away,661395,1,0,1
45930,1,away,695243,1,1,0
45930,1,away,628452,1,0,1
45930,1,away,808967,1,1,0
45930,2,home,547973,1,1,0
45930,2,home,641329,1,0,1
45930,2,home,671922,1,1,0
45930,2,home,656876,0,0,1
45930,2,home,656641,0,0,1
45930,2,home,686973,1,1,1
45930,2,away,695505,0,0,0
45930,2,away,666200,0,0,1
45930,2,away,661395,1,1,0
45930,2,away,695243,0,0,1
45930,2,away,628452,1,1,1
45930,2,away,808967,0,0,1
45930,3,home,547973,0,0,1
45930,3,home,641329,1,0,1
45930,3,home,671922,0,0,1
45930,3,home,656876,1,1,0
45930,3,home,656641,1,0,1
45930,3,home,686973,1,1,1
45930,3,away,695505,0,0,1
45930,3,away,666200,1,1,0
45930,3,away,661395,0,0,1
45930,3,away,695243,1,1,0
45930,3,away,628452,1,0,1
45930,3,away,808967,1,1,1
45930,4,home,547973,1,1,1
45930,4,home,641329,1,1,0
45930,4,home,671922,1,1,0
45930,4,home,656876,0,0,1
45930,4,home,656641,1,0,1
45930,4,home,686973,1,1,0
45930,4,away,695505,1,1,1
45930,4,away,666200,0,0,1
45930,4,away,661395,1,1,1
45930,4,away,695243,0,0,1
45930,4,away,628452,1,1,1
45930,4,away,808967,1,1,0
45931,1,home,547973,1,0,1
45931,1,home,641329,1,0,1
45931,1,home,671922,1,0,1
45931,1,home,656876,1,0,1
45931,1,home,656641,1,0,1
45931,1,home,686973,1,0,1
45931,1,away,695505,1,0,1
45931,1,away,666200,1,0,1
45931,1,away,661395,1,0,1
45931,1,away,695243,1,0,1
45931,1,away,628452,1,0,1
45931,1,away,808967,1,0,1
45931,2,home,547973,1,0,1
45931,2,home,641329,1,0,1
45931,2,home,671922,1,1,0
45931,2,home,656876,1,1,0
45931,2,home,656641,1,1,0
45931,2,home,686973,1,0,1
45931,2,away,695505,1,1,1
45931,2,away,666200,1,1,0
45931,2,away,661395,1,0,1
45931,2,away,695243,1,1,0
45931,2,away,628452,1,0,1
45931,2,away,808967,1,0,1
45931,3,home,547973,1,1,0
45931,3,home,641329,1,1,0
45931,3,home,671922,0,0,1
45931,3,home,656876,0,0,0
45931,3,home,656641,0,0,1
45931,3,home,686973,1,1,0
45931,3,away,695505,1,1,0
45931,3,away,666200,0,0,1
45931,3,away,661395,1,1,1
45931,3,away,695243,0,0,1
45931,3,away,628452,1,1,1
45931,3,away,808967,1,1,0
45931,4,home,547973,0,0,1
45931,4,home,641329,0,0,1
45931,4,home,671922,1,1,0
45931,4,home,656876,0,0,1
45931,4,home,656641,1,1,0
45931,4,home,686973,0,0,1
45931,4,away,695505,0,0,1
45931,4,away,666200,1,1,1
45931,4,away,661395,1,1,0
45931,4,away,695243,1,1,0
45931,4,away,628452,1,1,0
45931,4,away,808967,0,0,1
45932,1,home,547973,1,1,0
45932,1,home,641329,1,0,1
45932,1,home,671922,1,1,0
45932,1,home,656876,1,1,0
45932,1,home,656641,1,1,1
45932,1,home,686973,1,0,1
45932,1,away,695505,1,1,1
45932,1,away,666200,1,1,0
45932,1,away,661395,1,0,1
45932,1,away,695243,1,1,1
45932,1,away,628452,1,0,1
45932,1,away,808967,1,1,0
45932,2,home,547973,0,0,1
45932,2,home,641329,1,1,0
45932,2,home,671922,0,0,1
45932,2,home,656876,0,0,1
45932,2,home,656641,1,1,0
45932,2,home,686973,1,0,1
45932,2,away,695505,1,0,1
45932,2,away,666200,0,0,1
45932,2,away,661395,1,1,0
45932,2,away,695243,1,1,0
45932,2,away,628452,1,1,0
45932,2,away,808967,0,0,1
45932,3,home,547973,1,0,1
45932,3,home,641329,0,0,1
45932,3,home,671922,1,1,1
45932,3,home,656876,1,1,1
45932,3,home,656641,0,0,1
45932,3,home,686973,1,0,1
45932,3,away,695505,1,0,1
45932,3,away,666200,1,1,0
45932,3,away,661395,0,0,1
45932,3,away,695243,0,0,1
45932,3,away,628452,0,0,1
45932,3,away,808967,1,1,0
45932,4,home,547973,1,0,1
45932,4,home,641329,1,0,1
45932,4,home,671922,1,0,1
45932,4,home,656876,1,0,1
45932,4,home,656641,1,0,1
45932,4,home,686973,1,1,1
45932,4,away,695505,1,1,0
45932,4,away,666200,0,0,1
45932,4,away,661395,1,0,1
45932,4,away,695243,1,1,0
45932,4,away,628452,1,1,0
45932,4,away,808967,0,0,1
45933,1,home,547973,1,0,1
45933,1,home,641329,1,0,1
45933,1,home,671922,1,0,1
45933,1,home,656876,1,0,1
45933,1,home,656641,1,1,0
45933,1,home,686973,1,1,0
45933,1,away,695505,1,0,1
45933,1,away,666200,1,1,0
45933,1,away,661395,1,0,1
45933,1,away,695243,1,1,0
45933,1,away,628452,1,1,1
45933,1,away,808967,1,1,0
45933,2,home,547973,1,1,1
45933,2,home,641329,1,1,0
45933,2,home,671922,1,1,0
45933,2,home,656876,1,1,0
45933,2,home,656641,0,0,1
45933,2,home,686973,0,0,1
45933,2,away,695505,1,1,1
45933,2,away,666200,0,0,0
45933,2,away,661395,1,1,1
45933,2,away,695243,0,0,1
45933,2,away,628452,1,1,0
45933,2,away,808967,0,0,1
45933,3,home,547973,1,1,0
45933,3,home,641329,0,0,1
45933,3,home,671922,0,0,1
45933,3,home,656876,0,0,1
45933,3,home,656641,1,1,0
45933,3,home,686973,1,1,0
45933,3,away,695505,1,1,0
45933,3,away,666200,0,0,1
45933,3,away,661395,1,1,0
45933,3,away,695243,1,1,1
45933,3,away,628452,0,0,1
45933,3,away,808967,1,1,0
45933,4,home,547973,0,0,1
45933,4,home,641329,1,1,1
45933,4,home,671922,1,1,0
45933,4,home,656876,1,1,0
45933,4,home,656641,0,0,1
45933,4,home,686973,0,0,1
45933,4,away,695505,0,0,1
45933,4,away,666200,1,1,0
45933,4,away,661395,0,0,1
45933,4,away,695243,1,1,0
45933,4,away,628452,1,1,0
45933,4,away,808967,0,0,1
45934,1,home,547973,1,0,1
45934,1,home,641329,1,0,1
45934,1,home,671922,1,0,1
45934,1,home,656876,1,1,0
45934,1,home,656641,1,0,1
45934,1,home,686973,1,0,1
45934,1,away,695505,1,1,0
45934,1,away,666200,1,1,1
45934,1,away,661395,1,0,1
45934,1,away,695243,1,1,0
45934,1,away,628452,1,0,1
45934,1,away,808967,1,0,1
45934,2,home,547973,1,0,1
45934,2,home,641329,1,0,1
45934,2,home,671922,1,0,1
45934,2,home,656876,0,0,1
45934,2,home,656641,1,1,1
45934,2,home,686973,1,0,1
45934,2,away,695505,0,0,1
45934,2,away,666200,1,1,0
45934,2,away,661395,1,1,0
45934,2,away,695243,0,0,1
45934,2,away,628452,1,1,0
45934,2,away,808967,1,1,1
45934,3,home,547973,1,1,0
45934,3,home,641329,1,0,1
45934,3,home,671922,1,1,1
45934,3,home,656876,1,1,1
45934,3,home,656641,1,0,1
45934,3,home,686973,1,0,1
45934,3,away,695505,1,1,0
45934,3,away,666200,0,0,1
45934,3,away,661395,0,0,1
45934,3,away,695243,1,1,0
45934,3,away,628452,0,0,1
45934,3,away,808967,1,1,0
45934,4,home,547973,0,0,1
45934,4,home,641329,1,0,1
45934,4,home,671922,1,1,0
45934,4,home,656876,1,1,1
45934,4,home,656641,1,1,0
45934,4,home,686973,1,0,1
45934,4,away,695505,0,0,1
45934,4,away,666200,1,1,1
45934,4,away,661395,1,1,1
45934,4,away,695243,0,0,1
45934,4,away,628452,1,1,0
45934,4,away,808967,0,0,1
45935,1,home,547973,1,0,1
45935,1,home,641329,1,0,1
45935,1,home,671922,1,0,1
45935,1,home,656876,1,1,0
45935,1,home,656641,1,1,0
45935,1,home,686973,1,0,1
45935,1,away,695505,1,1,1
45935,1,away,666200,1,1,0
45935,1,away,661395,1,0,1
45935,1,away,695243,1,1,1
45935,1,away,628452,1,0,1
45935,1,away,808967,1,0,1
45935,2,home,547973,1,1,0
45935,2,home,641329,1,0,1
45935,2,home,671922,1,0,1
45935,2,home,656876,0,0,1
45935,2,home,656641,0,0,0
45935,2,home,686973,1,1,0
45935,2,away,695505,1,1,0
45935,2,away,666200,0,0,1
45935,2,away,661395,1,1,1
45935,2,away,695243,1,1,0
45935,2,away,628452,1,0,1
45935,2,away,808967,1,1,1
45935,3,home,547973,0,0,1
45935,3,home,641329,1,1,0
45935,3,home,671922,1,0,1
45935,3,home,656876,1,0,1
45935,3,home,656641,0,0,1
45935,3,home,686973,0,0,1
45935,3,away,695505,0,0,1
45935,3,away,666200,1,1,1
45935,3,away,661395,1,1,1
45935,3,away,695243,0,0,1
45935,3,away,628452,1,0,1
45935,3,away,808967,1,1,1
45935,4,home,547973,1,1,0
45935,4,home,641329,0,0,1
45935,4,home,671922,1,0,1
45935,4,home,656876,1,0,1
45935,4,home,656641,1,0,1
45935,4,home,686973,1,1,0
45935,4,away,695505,1,1,0
45935,4,away,666200,1,1,0
45935,4,away,661395,1,0,1
45935,4,away,695243,1,1,0
45935,4,away,628452,1,0,1
45935,4,away,808967,1,1,0
45936,1,home,547973,1,0,1
45936,1,home,641329,1,0,1
45936,1,home,671922,1,0,1
45936,1,home,656876,1,1,1
45936,1,home,656641,1,1,0
45936,1,home,686973,1,1,0
45936,1,away,695505,1,1,0
45936,1,away,666200,1,1,0
45936,1,away,661395,1,0,1
45936,1,away,695243,1,1,0
45936,1,away,628452,1,0,1
45936,1,away,808967,1,1,0
45936,2,home,547973,1,1,0
45936,2,home,641329,1,0,1
45936,2,home,671922,1,1,0
45936,2,home,656876,1,1,0
45936,2,home,656641,0,0,1
45936,2,home,686973,0,0,1
45936,2,away,695505,0,0,1
45936,2,away,666200,0,0,1
45936,2,away,661395,1,1,1
45936,2,away,695243,0,0,1
45936,2,away,628452,1,1,0
45936,2,away,808967,0,0,1
45936,3,home,547973,0,0,1
45936,3,home,641329,1,0,1
45936,3,home,671922,0,0,1
45936,3,home,656876,0,0,1
45936,3,home,656641,1,1,1
45936,3,home,686973,1,0,1
45936,3,away,695505,1,1,0
45936,3,away,666200,1,1,0
45936,3,away,661395,1,0,1
45936,3,away,695243,1,1,1
45936,3,away,628452,0,0,1
45936,3,away,808967,1,1,1
45936,4,home,547973,1,1,0
45936,4,home,641329,1,0,1
45936,4,home,671922,1,0,1
45936,4,home,656876,1,0,1
45936,4,home,656641,1,1,1
45936,4,home,686973,1,1,1
45936,4,away,695505,0,0,1
45936,4,away,666200,0,0,1
45936,4,away,661395,1,1,0
45936,4,away,695243,1,1,0
45936,4,away,628452,1,0,1
45936,4,away,808967,1,1,0
45937,1,home,547973,1,1,0
45937,1,home,641329,1,1,0
45937,1,home,671922,1,1,0
45937,1,home,656876,1,0,1
45937,1,home,656641,1,1,0
45937,1,home,686973,1,0,1
45937,1,away,695505,1,1,0
45937,1,away,666200,1,1,0
45937,1,away,661395,1,1,1
45937,1,away,695243,1,1,0
45937,1,away,628452,1,0,1
45937,1,away,808967,1,1,0
45937,2,home,547973,0,0,1
45937,2,home,641329,0,0,1
45937,2,home,671922,0,0,1
45937,2,home,656876,1,1,0
45937,2,home,656641,0,0,1
45937,2,home,686973,1,1,0
45937,2,away,695505,0,0,1
45937,2,away,666200,0,0,1
45937,2,away,661395,1,1,0
45937,2,away,695243,0,0,1
45937,2,away,628452,1,1,0
45937,2,away,808967,0,0,1
45937,3,home,547973,1,0,1
45937,3,home,641329,1,1,0
45937,3,home,671922,1,0,1
45937,3,home,656876,0,0,1
45937,3,home,656641,1,0,1
45937,3,home,686973,0,0,0
45937,3,away,695505,1,1,1
45937,3,away,666200,1,1,1
45937,3,away,661395,0,0,1
45937,3,away,695243,1,0,1
45937,3,away,628452,0,0,1
45937,3,away,808967,1,0,1
45937,4,home,547973,1,0,1
45937,4,home,641329,0,0,1
45937,4,home,671922,1,0,1
45937,4,home,656876,1,1,0
45937,4,home,656641,1,1,1
45937,4,home,686973,0,0,1
45937,4,away,695505,1,1,0
45937,4,away,666200,1,1,0
45937,4,away,661395,1,0,1
45937,4,away,695243,1,1,0
45937,4,away,628452,1,0,1
45937,4,away,808967,1,1,1
45938,1,home,547973,1,0,1
45938,1,home,641329,1,0,1
45938,1,home,671922,1,0,1
45938,1,home,656876,1,1,0
45938,1,home,656641,1,1,1
45938,1,home,686973,1,1,0
45938,1,away,695505,1,1,0
45938,1,away,666200,1,1,0
45938,1,away,661395,1,0,1
45938,1,away,695243,1,1,1
45938,1,away,628452,1,0,1
45938,1,away,808967,1,1,0
45938,2,home,547973,1,0,1
45938,2,home,641329,1,1,0
45938,2,home,671922,1,0,1
45938,2,home,656876,0,0,1
45938,2,home,656641,1,1,0
45938,2,home,686973,0,0,1
45938,2,away,695505,0,0,1
45938,2,away,666200,0,0,1
45938,2,away,661395,1,0,1
45938,2,away,695243,1,1,0
45938,2,away,628452,1,1,1
45938,2,away,808967,0,0,1
45938,3,home,547973,1,1,0
45938,3,home,641329,0,0,1
45938,3,home,671922,1,1,0
45938,3,home,656876,1,1,0
45938,3,home,656641,0,0,1
45938,3,home,686973,1,0,1
45938,3,away,695505,1,1,0
45938,3,away,666200,1,1,0
45938,3,away,661395,1,1,0
45938,3,away,695243,0,0,1
45938,3,away,628452,1,0,1
45938,3,away,808967,1,1,0
45938,4,home,547973,0,0,1
45938,4,home,641329,1,1,0
45938,4,home,671922,0,0,0
45938,4,home,656876,0,0,1
45938,4,home,656641,1,1,0
45938,4,home,686973,1,1,0
45938,4,away,695505,0,0,1
45938,4,away,666200,0,0,1
45938,4,away,661395,0,0,1
45938,4,away,695243,1,1,0
45938,4,away,628452,1,1,0
45938,4,away,808967,0,0,1
45939,1,home,547973,1,1,0
45939,1,home,641329,1,0,1
45939,1,home,671922,1,0,1
45939,1,home,656876,1,1,0
45939,1,home,656641,1,1,0
45939,1,home,686973,1,0,1
45939,1,away,695505,1,1,0
45939,1,away,666200,1,1,0
45939,1,away,661395,1,0,1
45939,1,away,695243,1,1,0
45939,1,away,628452,1,0,1
45939,1,away,808967,1,1,0
45939,2,home,547973,0,0,1
45939,2,home,641329,1,1,1
45939,2,home,671922,1,1,0
45939,2,home,656876,0,0,1
45939,2,home,656641,0,0,1
45939,2,home,686973,1,0,1
45939,2,away,695505,0,0,1
45939,2,away,666200,0,0,1
45939,2,away,661395,1,1,0
45939,2,away,695243,0,0,1
45939,2,away,628452,1,1,1
45939,2,away,808967,0,0,1
45939,3,home,547973,1,0,1
45939,3,home,641329,1,1,0
45939,3,home,671922,0,0,1
45939,3,home,656876,1,1,0
45939,3,home,656641,1,1,1
45939,3,home,686973,1,0,1
45939,3,away,695505,1,1,0
45939,3,away,666200,1,1,0
45939,3,away,661395,0,0,1
45939,3,away,695243,1,1,0
45939,3,away,628452,1,0,1
45939,3,away,808967,1,0,1
45939,4,home,547973,1,0,1
45939,4,home,641329,0,0,1
45939,4,home,671922,1,0,1
45939,4,home,656876,0,0,1
45939,4,home,656641,1,1,1
45939,4,home,686973,1,1,0
45939,4,away,695505,0,0,0
45939,4,away,666200,0,0,1
45939,4,away,661395,1,1,1
45939,4,away,695243,0,0,1
45939,4,away,628452,1,1,0
45939,4,away,808967,1,0,1
45940,1,home,547973,1,1,0
45940,1,home,641329,1,0,1
45940,1,home,671922,1,1,0
45940,1,home,656876,1,1,0
45940,1,home,656641,1,1,1
45940,1,home,686973,1,0,1
45940,1,away,695505,1,1,1
45940,1,away,666200,1,1,0
45940,1,away,661395,1,1,0
45940,1,away,695243,1,1,0
45940,1,away,628452,1,1,0
45940,1,away,808967,1,1,0
45940,2,home,547973,0,0,1
45940,2,home,641329,1,1,1
45940,2,home,671922,0,0,1
45940,2,home,656876,0,0,1
45940,2,home,656641,1,1,0
45940,2,home,686973,1,1,0
45940,2,away,695505,1,1,1
45940,2,away,666200,0,0,1
45940,2,away,661395,0,0,0
45940,2,away,695243,0,0,1
45940,2,away,628452,0,0,1
45940,2,away,808967,0,0,1
45940,3,home,547973,1,1,0
45940,3,home,641329,1,0,1
45940,3,home,671922,1,1,0
45940,3,home,656876,1,1,1
45940,3,home,656641,0,0,1
45940,3,home,686973,0,0,1
45940,3,away,695505,1,1,0
45940,3,away,666200,1,0,1
45940,3,away,661395,0,0,1
45940,3,away,695243,1,1,0
45940,3,away,628452,1,0,1
45940,3,away,808967,1,1,1
45940,4,home,547973,0,0,1
45940,4,home,641329,1,0,1
45940,4,home,671922,0,0,1
45940,4,home,656876,1,0,1
45940,4,home,656641,1,1,0
45940,4,home,686973,1,1,0
45940,4,away,695505,0,0,1
45940,4,away,666200,1,1,0
45940,4,away,661395,1,0,1
45940,4,away,695243,0,0,1
45940,4,away,628452,1,1,0
45940,4,away,808967,1,1,0
45941,1,home,547973,1,0,1
45941,1,home,641329,1,0,1
45941,1,home,671922,1,1,0
45941,1,home,656876,1,1,0
45941,1,home,656641,1,1,1
45941,1,home,686973,1,0,1
45941,1,away,695505,1,1,1
45941,1,away,666200,1,1,1
45941,1,away,661395,1,1,0
45941,1,away,695243,1,1,0
45941,1,away,628452,1,0,1
45941,1,away,808967,1,1,0
45941,2,home,547973,1,1,1
45941,2,home,641329,1,0,1
45941,2,home,671922,0,0,1
45941,2,home,656876,0,0,1
45941,2,home,656641,1,1,1
45941,2,home,686973,1,0,1
45941,2,away,695505,1,1,0
45941,2,away,666200,1,1,1
45941,2,away,661395,0,0,1
45941,2,away,695243,0,0,1
45941,2,away,628452,1,0,1
45941,2,away,808967,0,0,1
45941,3,home,547973,1,0,1
45941,3,home,641329,1,0,1
45941,3,home,671922,1,1,0
45941,3,home,656876,1,1,0
45941,3,home,656641,1,0,1
45941,3,home,686973,1,0,1
45941,3,away,695505,0,0,1
45941,3,away,666200,1,1,0
45941,3,away,661395,1,0,1
45941,3,away,695243,1,1,0
45941,3,away,628452,1,1,0
45941,3,away,808967,1,1,1
45941,4,home,547973,1,1,0
45941,4,home,641329,1,1,0
45941,4,home,671922,0,0,0
45941,4,home,656876,0,0,1
45941,4,home,656641,1,1,1
45941,4,home,686973,1,1,0
45941,4,away,695505,1,1,0
45941,4,away,666200,0,0,1
45941,4,away,661395,1,1,0
45941,4,away,695243,0,0,0
45941,4,away,628452,0,0,1
45941,4,away,808967,1,1,0
45942,1,home,547973,1,1,0
45942,1,home,641329,1,0,1
45942,1,home,671922,1,1,0
45942,1,home,656876,1,0,1
45942,1,home,656641,1,0,1
45942,1,home,686973,1,0,1
45942,1,away,695505,1,1,0
45942,1,away,666200,1,1,0
45942,1,away,661395,1,1,0
45942,1,away,695243,1,1,0
45942,1,away,628452,1,0,1
45942,1,away,808967,1,1,1
45942,2,home,547973,0,0,1
45942,2,home,641329,1,0,1
45942,2,home,671922,0,0,1
45942,2,home,656876,1,0,1
45942,2,home,656641,1,0,1
45942,2,home,686973,1,1,0
45942,2,away,695505,0,0,1
45942,2,away,666200,0,0,1
45942,2,away,661395,0,0,1
45942,2,away,695243,0,0,1
45942,2,away,628452,1,1,0
45942,2,away,808967,1,1,0
45942,3,home,547973,1,0,1
45942,3,home,641329,1,0,1
45942,3,home,671922,1,0,1
45942,3,home,656876,1,0,1
45942,3,home,656641,1,0,1
45942,3,home,686973,0,0,1
45942,3,away,695505,1,0,1
45942,3,away,666200,1,0,1
45942,3,away,661395,1,0,1
45942,3,away,695243,1,0,1
45942,3,away,628452,0,0,1
45942,3,away,808967,0,0,1
45942,4,home,547973,1,0,1
45942,4,home,641329,1,0,1
45942,4,home,671922,1,0,1
45942,4,home,656876,1,0,1
45942,4,home,656641,1,0,1
45942,4,home,686973,1,0,1
45942,4,away,695505,1,0,1
45942,4,away,666200,1,0,1
45942,4,away,661395,1,0,1
45942,4,away,695243,1,0,1
45942,4,away,628452,1,0,1
45942,4,away,808967,1,0,1
45943,1,home,547973,1,0,1
45943,1,home,641329,1,0,1
45943,1,home,671922,1,0,1
45943,1,home,656876,1,1,0
45943,1,home,656641,1,1,0
45943,1,home,686973,1,1,0
45943,1,away,695505,1,1,1
45943,1,away,666200,1,1,0
45943,1,away,661395,1,0,1
45943,1,away,695243,1,1,0
45943,1,away,628452,1,0,1
45943,1,away,808967,1,0,1
45943,2,home,547973,1,0,1
45943,2,home,641329,1,1,1
45943,2,home,671922,1,1,0
45943,2,home,656876,0,0,1
45943,2,home,656641,0,0,1
45943,2,home,686973,0,0,1
45943,2,away,695505,1,1,0
45943,2,away,666200,0,0,1
45943,2,away,661395,1,1,0
45943,2,away,695243,0,0,1
45943,2,away,628452,1,0,1
45943,2,away,808967,1,1,0
45943,3,home,547973,1,0,1
45943,3,home,641329,1,0,1
45943,3,home,671922,0,0,1
45943,3,home,656876,1,1,0
45943,3,home,656641,1,1,1
45943,3,home,686973,1,0,1
45943,3,away,695505,0,0,1
45943,3,away,666200,1,1,0
45943,3,away,661395,0,0,1
45943,3,away,695243,1,0,1
45943,3,away,628452,1,1,1
45943,3,away,808967,0,0,1
45943,4,home,547973,1,0,1
45943,4,home,641329,1,1,0
45943,4,home,671922,1,0,1
45943,4,home,656876,0,0,1
45943,4,home,656641,1,0,1
45943,4,home,686973,1,0,1
45943,4,away,695505,1,0,1
45943,4,away,666200,0,0,1
45943,4,away,661395,1,0,1
45943,4,away,695243,1,1,0
45943,4,away,628452,1,0,1
45943,4,away,808967,1,0,1
45944,1,home,547973,1,1,0
45944,1,home,641329,1,0,1
45944,1,home,671922,1,1,0
45944,1,home,656876,1,1,1
45944,1,home,656641,1,1,1
45944,1,home,686973,1,0,1
45944,1,away,695505,1,1,1
45944,1,away,666200,1,1,0
45944,1,away,661395,1,0,1
45944,1,away,695243,1,1,0
45944,1,away,628452,1,0,1
45944,1,away,808967,1,1,1
45944,2,home,547973,0,0,1
45944,2,home,641329,1,0,1
45944,2,home,671922,0,0,1
45944,2,home,656876,1,1,1
45944,2,home,656641,1,1,1
45944,2,home,686973,1,0,1
45944,2,away,695505,1,1,1
45944,2,away,666200,0,0,1
45944,2,away,661395,1,0,1
45944,2,away,695243,0,0,1
45944,2,away,628452,1,1,1
45944,2,away,808967,1,1,0
45944,3,home,547973,1,0,1
45944,3,home,641329,1,0,1
45944,3,home,671922,1,1,0
45944,3,home,656876,1,1,0
45944,3,home,656641,1,1,0
45944,3,home,686973,1,0,1
45944,3,away,695505,1,1,0
45944,3,away,666200,1,1,1
45944,3,away,661395,1,0,1
45944,3,away,695243,1,1,0
45944,3,away,628452,1,0,1
45944,3,away,808967,0,0,1
45944,4,home,547973,1,1,1
45944,4,home,641329,1,0,1
45944,4,home,671922,0,0,1
45944,4,home,656876,0,0,1
45944,4,home,656641,0,0,1
45944,4,home,686973,1,1,1
45944,4,away,695505,0,0,1
45944,4,away,666200,1,1,0
45944,4,away,661395,1,1,0
45944,4,away,695243,0,0,1
45944,4,away,628452,1,1,1
45944,4,away,808967,1,1,0
45945,1,home,547973,1,0,1
45945,1,home,641329,1,1,1
45945,1,home,671922,1,0,1
45945,1,home,656876,1,0,1
45945,1,home,656641,1,1,0
45945,1,home,686973,1,0,1
45945,1,away,695505,1,0,1
45945,1,away,666200,1,1,0
45945,1,away,661395,1,0,1
45945,1,away,695243,1,1,0
45945,1,away,628452,1,0,1
45945,1,away,808967,1,0,1
45945,2,home,547973,1,0,1
45945,2,home,641329,1,0,1
45945,2,home,671922,1,0,1
45945,2,home,656876,1,1,0
45945,2,home,656641,0,0,0
45945,2,home,686973,1,1,0
45945,2,away,695505,1,1,0
45945,2,away,666200,0,0,1
45945,2,away,661395,1,0,1
45945,2,away,695243,0,0,1
45945,2,away,628452,1,0,1
45945,2,away,808967,1,1,1
45945,3,home,547973,1,1,1
45945,3,home,641329,1,0,1
45945,3,home,671922,1,1,0
45945,3,home,656876,0,0,1
45945,3,home,656641,0,0,1
45945,3,home,686973,0,0,1
45945,3,away,695505,0,0,1
45945,3,away,666200,1,1,0
45945,3,away,661395,1,0,1
45945,3,away,695243,1,1,1
45945,3,away,628452,1,0,1
45945,3,away,808967,1,1,0
45945,4,home,547973,1,1,0
45945,4,home,641329,1,0,1
45945,4,home,671922,0,0,1
45945,4,home,656876,1,0,1
45945,4,home,656641,1,0,1
45945,4,home,686973,1,0,1
45945,4,away,695505,1,1,0
45945,4,away,666200,0,0,1
45945,4,away,661395,1,1,0
45945,4,away,695243,1,0,1
45945,4,away,628452,1,1,0
45945,4,away,808967,0,0,1
45946,1,home,547973,1,0,1
45946,1,home,641329,1,0,1
45946,1,home,671922,1,0,1
45946,1,home,656876,1,0,1
45946,1,home,656641,1,0,1
45946,1,home,686973,1,0,1
45946,1,away,695505,1,1,0
45946,1,away,666200,1,1,0
45946,1,away,661395,1,0,1
45946,1,away,695243,1,0,1
45946,1,away,628452,1,0,1
45946,1,away,808967,1,0,1
45946,2,home,547973,1,0,1
45946,2,home,641329,1,0,1
45946,2,home,671922,1,1,0
45946,2,home,656876,1,0,1
45946,2,home,656641,1,1,0
45946,2,home,686973,1,0,1
45946,2,away,695505,0,0,1
45946,2,away,666200,0,0,1
45946,2,away,661395,1,0,1
45946,2,away,695243,1,0,1
45946,2,away,628452,1,1,1
45946,2,away,808967,1,1,0
45946,3,home,547973,1,1,0
45946,3,home,641329,1,0,1
45946,3,home,671922,0,0,1
45946,3,home,656876,1,1,0
45946,3,home,656641,0,0,1
45946,3,home,686973,1,1,0
45946,3,away,695505,1,1,1
45946,3,away,666200,1,1,0
45946,3,away,661395,1,1,0
45946,3,away,695243,1,1,0
45946,3,away,628452,1,0,1
45946,3,away,808967,0,0,1
45946,4,home,547973,0,0,1
45946,4,home,641329,1,1,1
45946,4,home,671922,1,1,0
45946,4,home,656876,0,0,1
45946,4,home,656641,1,0,1
45946,4,home,686973,0,0,1
45946,4,away,695505,1,1,0
45946,4,away,666200,0,0,1
45946,4,away,661395,0,0,1
45946,4,away,695243,0,0,1
45946,4,away,628452,1,1,0
45946,4,away,808967,1,1,0
45947,1,home,547973,1,1,0
45947,1,home,641329,1,0,1
45947,1,home,671922,1,0,1
45947,1,home,656876,1,0,1
45947,1,home,656641,1,0,1
45947,1,home,686973,1,0,1
45947,1,away,695505,1,1,0
45947,1,away,666200,1,1,0
45947,1,away,661395,1,0,1
45947,1,away,695243,1,1,1
45947,1,away,628452,1,0,1
45947,1,away,808967,1,0,1
45947,2,home,547973,0,0,1
45947,2,home,641329,1,1,0
45947,2,home,671922,1,1,0
45947,2,home,656876,1,0,1
45947,2,home,656641,1,1,1
45947,2,home,686973,1,0,1
45947,2,away,695505,0,0,1
45947,2,away,666200,0,0,1
45947,2,away,661395,1,1,1
45947,2,away,695243,1,1,0
45947,2,away,628452,1,1,0
45947,2,away,808967,1,1,1
45947,3,home,547973,1,1,0
45947,3,home,641329,0,0,1
45947,3,home,671922,0,0,1
45947,3,home,656876,1,1,0
45947,3,home,656641,1,1,0
45947,3,home,686973,1,1,0
45947,3,away,695505,1,1,0
45947,3,away,666200,1,1,0
45947,3,away,661395,1,1,1
45947,3,away,695243,0,0,1
45947,3,away,628452,0,0,1
45947,3,away,808967,1,1,1
45947,4,home,547973,0,0,1
45947,4,home,641329,1,1,1
45947,4,home,671922,1,0,1
45947,4,home,656876,0,0,1
45947,4,home,656641,0,0,1
45947,4,home,686973,0,0,1
45947,4,away,695505,0,0,1
45947,4,away,666200,0,0,1
45947,4,away,661395,1,0,1
45947,4,away,695243,1,1,0
45947,4,away,628452,1,1,0
45947,4,away,808967,1,1,1
45948,1,home,547973,1,0,1
45948,1,home,641329,1,0,1
45948,1,home,671922,1,1,1
45948,1,home,656876,1,1,1
45948,1,home,656641,1,0,1
45948,1,home,686973,1,0,1
45948,1,away,695505,1,1,1
45948,1,away,666200,1,1,0
45948,1,away,661395,1,0,1
45948,1,away,695243,1,1,0
45948,1,away,628452,1,0,1
45948,1,away,808967,1,0,1
45948,2,home,547973,1,1,0
45948,2,home,641329,1,0,1
45948,2,home,671922,1,0,1
45948,2,home,656876,1,1,1
45948,2,home,656641,1,1,0
45948,2,home,686973,1,0,1
45948,2,away,695505,1,1,0
45948,2,away,666200,0,0,1
45948,2,away,661395,1,1,0
45948,2,away,695243,0,0,1
45948,2,away,628452,1,1,0
45948,2,away,808967,1,1,1
45948,3,home,547973,0,0,1
45948,3,home,641329,1,1,1
45948,3,home,671922,1,0,1
45948,3,home,656876,1,0,1
45948,3,home,656641,0,0,1
45948,3,home,686973,1,0,1
45948,3,away,695505,0,0,1
45948,3,away,666200,1,1,0
45948,3,away,661395,0,0,1
45948,3,away,695243,1,1,1
45948,3,away,628452,0,0,1
45948,3,away,808967,1,1,0
45948,4,home,547973,1,1,0
45948,4,home,641329,1,0,1
45948,4,home,671922,1,0,1
45948,4,home,656876,1,0,1
45948,4,home,656641,1,0,1
45948,4,home,686973,1,1,0
45948,4,away,695505,1,0,1
45948,4,away,666200,0,0,1
45948,4,away,661395,1,1,1
45948,4,away,695243,1,1,0
45948,4,away,628452,1,1,1
45948,4,away,808967,0,0,1
45949,1,home,547973,1,1,0
45949,1,home,641329,1,0,1
45949,1,home,671922,1,1,0
45949,1,home,656876,1,1,1
45949,1,home,656641,1,1,1
45949,1,home,686973,1,0,1
45949,1,away,695505,1,1,0
45949,1,away,666200,1,1,0
45949,1,away,661395,1,1,0
45949,1,away,695243,1,0,1
45949,1,away,628452,1,0,1
45949,1,away,808967,1,0,1
45949,2,home,547973,0,0,1
45949,2,home,641329,1,0,1
45949,2,home,671922,0,0,1
45949,2,home,656876,1,1,0
45949,2,home,656641,1,1,0
45949,2,home,686973,1,1,1
45949,2,away,695505,0,0,1
45949,2,away,666200,0,0,0
45949,2,away,661395,0,0,1
45949,2,away,695243,1,1,1
45949,2,away,628452,1,1,0
45949,2,away,808967,1,1,0
45949,3,home,547973,1,1,0
45949,3,home,641329,1,0,1
45949,3,home,671922,1,1,0
45949,3,home,656876,0,0,1
45949,3,home,656641,0,0,1
45949,3,home,686973,1,1,0
45949,3,away,695505,1,1,1
45949,3,away,666200,0,0,1
45949,3,away,661395,1,1,0
45949,3,away,695243,1,1,0
45949,3,away,628452,0,0,1
45949,3,away,808967,0,0,1
45949,4,home,547973,0,0,1
45949,4,home,641329,1,1,1
45949,4,home,671922,0,0,1
45949,4,home,656876,1,0,1
45949,4,home,656641,1,1,1
45949,4,home,686973,0,0,1
45949,4,away,695505,1,1,1
45949,4,away,666200,1,1,0
45949,4,away,661395,0,0,1
45949,4,away,695243,0,0,1
45949,4,away,628452,1,1,0
45949,4,away,808967,1,1,0
45950,1,home,547973,1,0,1
45950,1,home,641329,1,0,1
45950,1,home,671922,1,1,1
45950,1,home,656876,1,1,0
45950,1,home,656641,1,1,0
45950,1,home,686973,1,0,1
45950,1,away,695505,1,1,1
45950,1,away,666200,1,1,0
45950,1,away,661395,1,0,1
45950,1,away,695243,1,1,1
45950,1,away,628452,1,0,1
45950,1,away,808967,1,1,0
45950,2,home,547973,1,1,1
45950,2,home,641329,1,0,1
45950,2,home,671922,1,0,1
45950,2,home,656876,0,0,1
45950,2,home,656641,0,0,1
45950,2,home,686973,1,1,0
45950,2,away,695505,1,1,0
45950,2,away,666200,0,0,1
45950,2,away,661395,1,1,0
45950,2,away,695243,1,1,0
45950,2,away,628452,1,1,0
45950,2,away,808967,0,0,1
45950,3,home,547973,1,0,1
45950,3,home,641329,1,0,1
45950,3,home,671922,1,0,1
45950,3,home,656876,1,1,0
45950,3,home,656641,1,1,0
45950,3,home,686973,0,0,1
45950,3,away,695505,0,0,1
45950,3,away,666200,1,1,0
45950,3,away,661395,0,0,1
45950,3,away,695243,0,0,1
45950,3,away,628452,0,0,1
45950,3,away,808967,1,1,0
45950,4,home,547973,1,1,0
45950,4,home,641329,1,0,1
45950,4,home,671922,1,1,1
45950,4,home,656876,0,0,1
45950,4,home,656641,0,0,1
45950,4,home,686973,1,0,1
45950,4,away,695505,1,1,0
45950,4,away,666200,0,0,0
45950,4,away,661395,1,1,0
45950,4,away,695243,1,1,0
45950,4,away,628452,1,0,1
45950,4,away,808967,0,0,1
45951,1,home,547973,1,0,1
45951,1,home,641329,1,0,1
45951,1,home,671922,1,0,1
45951,1,home,656876,1,0,1
45951,1,home,656641,1,1,0
45951,1,home,686973,1,0,1
45951,1,away,695505,1,1,1
45951,1,away,666200,1,1,0
45951,1,away,661395,1,0,1
45951,1,away,695243,1,1,0
45951,1,away,628452,1,0,1
45951,1,away,808967,1,1,1
45951,2,home,547973,1,1,1
45951,2,home,641329,1,1,0
45951,2,home,671922,1,0,1
45951,2,home,656876,1,0,1
45951,2,home,656641,0,0,1
45951,2,home,686973,1,0,1
45951,2,away,695505,1,1,0
45951,2,away,666200,0,0,1
45951,2,away,661395,1,0,1
45951,2,away,695243,0,0,1
45951,2,away,628452,1,1,0
45951,2,away,808967,1,1,1
45951,3,home,547973,1,0,1
45951,3,home,641329,0,0,1
45951,3,home,671922,1,0,1
45951,3,home,656876,1,0,1
45951,3,home,656641,1,1,1
45951,3,home,686973,1,1,0
45951,3,away,695505,0,0,1
45951,3,away,666200,1,1,0
45951,3,away,661395,1,1,0
45951,3,away,695243,1,0,1
45951,3,away,628452,0,0,0
45951,3,away,808967,1,1,0
45951,4,home,547973,1,0,1
45951,4,home,641329,1,0,1
45951,4,home,671922,1,0,1
45951,4,home,656876,1,0,1
45951,4,home,656641,1,0,1
45951,4,home,686973,0,0,0
45951,4,away,695505,1,0,1
45951,4,away,666200,0,0,1
45951,4,away,661395,0,0,1
45951,4,away,695243,1,0,1
45951,4,away,628452,0,0,1
45951,4,away,808967,0,0,1
45952,1,home,547973,1,1,0
45952,1,home,641329,1,0,1
45952,1,home,671922,1,1,0
45952,1,home,656876,1,1,0
45952,1,home,656641,1,0,1
45952,1,home,686973,1,0,1
45952,1,away,695505,1,1,0
45952,1,away,666200,1,1,1
45952,1,away,661395,1,0,1
45952,1,away,695243,1,1,0
45952,1,away,628452,1,0,1
45952,1,away,808967,1,0,1
45952,2,home,547973,0,0,1
45952,2,home,641329,1,1,0
45952,2,home,671922,0,0,1
45952,2,home,656876,0,0,0
45952,2,home,656641,1,1,0
45952,2,home,686973,1,1,0
45952,2,away,695505,0,0,1
45952,2,away,666200,1,1,0
45952,2,away,661395,1,1,0
45952,2,away,695243,0,0,1
45952,2,away,628452,1,0,1
45952,2,away,808967,1,1,1
45952,3,home,547973,1,0,1
45952,3,home,641329,0,0,0
45952,3,home,671922,1,0,1
45952,3,home,656876,0,0,1
45952,3,home,656641,0,0,0
45952,3,home,686973,0,0,1
45952,3,away,695505,1,0,1
45952,3,away,666200,0,0,1
45952,3,away,661395,0,0,1
45952,3,away,695243,1,0,1
45952,3,away,628452,1,0,1
45952,3,away,808967,1,0,1
45952,4,home,547973,1,1,0
45952,4,home,641329,0,0,1
45952,4,home,671922,1,1,0
45952,4,home,656876,1,1,0
45952,4,home,656641,0,0,1
45952,4,home,686973,1,1,0
45952,4,away,695505,1,1,1
45952,4,away,666200,1,1,1
45952,4,away,661395,1,0,1
45952,4,away,695243,1,1,0
45952,4,away,628452,1,0,1
45952,4,away,808967,1,1,0
