sequence,after_game,team,player,starting_rest,used,next_rest
30081,1,home,547973,1,0,1
30081,1,home,641329,1,0,1
30081,1,home,671922,1,1,0
30081,1,home,656876,1,1,1
30081,1,home,656641,1,1,0
30081,1,home,686973,1,0,1
30081,1,away,695505,1,1,0
30081,1,away,666200,1,1,0
30081,1,away,661395,1,0,1
30081,1,away,695243,1,0,1
30081,1,away,628452,1,1,0
30081,1,away,808967,1,0,1
30081,2,home,547973,1,1,0
30081,2,home,641329,1,0,1
30081,2,home,671922,0,0,1
30081,2,home,656876,1,0,1
30081,2,home,656641,0,0,1
30081,2,home,686973,1,1,0
30081,2,away,695505,0,0,1
30081,2,away,666200,0,0,1
30081,2,away,661395,1,0,1
30081,2,away,695243,1,1,0
30081,2,away,628452,0,0,0
30081,2,away,808967,1,1,1
30081,3,home,547973,0,0,1
30081,3,home,641329,1,1,0
30081,3,home,671922,1,0,1
30081,3,home,656876,1,1,1
30081,3,home,656641,1,1,0
30081,3,home,686973,0,0,1
30081,3,away,695505,1,1,0
30081,3,away,666200,1,0,1
30081,3,away,661395,1,1,0
30081,3,away,695243,0,0,1
30081,3,away,628452,0,0,1
30081,3,away,808967,1,0,1
30081,4,home,547973,1,1,1
30081,4,home,641329,0,0,0
30081,4,home,671922,1,1,1
30081,4,home,656876,1,1,0
30081,4,home,656641,0,0,1
30081,4,home,686973,1,1,0
30081,4,away,695505,0,0,1
30081,4,away,666200,1,1,1
30081,4,away,661395,0,0,1
30081,4,away,695243,1,1,0
30081,4,away,628452,1,1,1
30081,4,away,808967,1,1,1
30082,1,home,547973,1,0,1
30082,1,home,641329,1,1,0
30082,1,home,671922,1,0,1
30082,1,home,656876,1,0,1
30082,1,home,656641,1,1,0
30082,1,home,686973,1,1,1
30082,1,away,695505,1,0,1
30082,1,away,666200,1,1,0
30082,1,away,661395,1,0,1
30082,1,away,695243,1,1,1
30082,1,away,628452,1,0,1
30082,1,away,808967,1,1,0
30082,2,home,547973,1,0,1
30082,2,home,641329,0,0,0
30082,2,home,671922,1,0,1
30082,2,home,656876,1,0,1
30082,2,home,656641,0,0,0
30082,2,home,686973,1,0,1
30082,2,away,695505,1,0,1
30082,2,away,666200,0,0,1
30082,2,away,661395,1,1,0
30082,2,away,695243,1,0,1
30082,2,away,628452,1,0,1
30082,2,away,808967,0,0,0
30082,3,home,547973,1,1,1
30082,3,home,641329,0,0,1
30082,3,home,671922,1,0,1
30082,3,home,656876,1,1,0
30082,3,home,656641,0,0,1
30082,3,home,686973,1,1,0
30082,3,away,695505,1,0,1
30082,3,away,666200,1,0,1
30082,3,away,661395,0,0,1
30082,3,away,695243,1,0,1
30082,3,away,628452,1,1,0
30082,3,away,808967,0,0,1
30082,4,home,547973,1,1,0
30082,4,home,641329,1,1,1
30082,4,home,671922,1,1,0
30082,4,home,656876,0,0,1
30082,4,home,656641,1,1,0
30082,4,home,686973,0,0,1
30082,4,away,695505,1,1,0
30082,4,away,666200,1,1,0
30082,4,away,661395,1,1,0
30082,4,away,695243,1,0,1
30082,4,away,628452,0,0,1
30082,4,away,808967,1,0,1
30083,1,home,547973,1,0,1
30083,1,home,641329,1,0,1
30083,1,home,671922,1,1,0
30083,1,home,656876,1,1,1
30083,1,home,656641,1,1,0
30083,1,home,686973,1,0,1
30083,1,away,695505,1,1,0
30083,1,away,666200,1,0,1
30083,1,away,661395,1,0,1
30083,1,away,695243,1,0,1
30083,1,away,628452,1,0,1
30083,1,away,808967,1,1,0
30083,2,home,547973,1,0,1
30083,2,home,641329,1,0,1
30083,2,home,671922,0,0,1
30083,2,home,656876,1,0,1
30083,2,home,656641,0,0,1
30083,2,home,686973,1,0,1
30083,2,away,695505,0,0,1
30083,2,away,666200,1,0,1
30083,2,away,661395,1,0,1
30083,2,away,695243,1,0,1
30083,2,away,628452,1,0,1
30083,2,away,808967,0,0,1
30083,3,home,547973,1,1,0
30083,3,home,641329,1,0,1
30083,3,home,671922,1,0,1
30083,3,home,656876,1,0,1
30083,3,home,656641,1,1,0
30083,3,home,686973,1,1,0
30083,3,away,695505,1,0,1
30083,3,away,666200,1,1,0
30083,3,away,661395,1,0,1
30083,3,away,695243,1,1,0
30083,3,away,628452,1,0,1
30083,3,away,808967,1,0,1
30083,4,home,547973,0,0,1
30083,4,home,641329,1,1,0
30083,4,home,671922,1,1,0
30083,4,home,656876,1,1,1
30083,4,home,656641,0,0,1
30083,4,home,686973,0,0,1
30083,4,away,695505,1,0,1
30083,4,away,666200,0,0,1
30083,4,away,661395,1,1,1
30083,4,away,695243,0,0,0
30083,4,away,628452,1,1,0
30083,4,away,808967,1,0,1
30084,1,home,547973,1,1,1
30084,1,home,641329,1,0,1
30084,1,home,671922,1,1,0
30084,1,home,656876,1,0,1
30084,1,home,656641,1,1,1
30084,1,home,686973,1,0,1
30084,1,away,695505,1,0,1
30084,1,away,666200,1,0,1
30084,1,away,661395,1,1,0
30084,1,away,695243,1,0,1
30084,1,away,628452,1,0,1
30084,1,away,808967,1,1,0
30084,2,home,547973,1,0,1
30084,2,home,641329,1,0,1
30084,2,home,671922,0,0,1
30084,2,home,656876,1,1,0
30084,2,home,656641,1,1,0
30084,2,home,686973,1,0,1
30084,2,away,695505,1,1,0
30084,2,away,666200,1,1,0
30084,2,away,661395,0,0,1
30084,2,away,695243,1,0,1
30084,2,away,628452,1,0,1
30084,2,away,808967,0,0,1
30084,3,home,547973,1,1,1
30084,3,home,641329,1,0,1
30084,3,home,671922,1,1,0
30084,3,home,656876,0,0,1
30084,3,home,656641,0,0,1
30084,3,home,686973,1,0,1
30084,3,away,695505,0,0,1
30084,3,away,666200,0,0,1
30084,3,away,661395,1,0,1
30084,3,away,695243,1,1,0
30084,3,away,628452,1,0,1
30084,3,away,808967,1,1,0
30084,4,home,547973,1,0,1
30084,4,home,641329,1,0,1
30084,4,home,671922,0,0,1
30084,4,home,656876,1,1,0
30084,4,home,656641,1,1,0
30084,4,home,686973,1,1,1
30084,4,away,695505,1,0,1
30084,4,away,666200,1,0,1
30084,4,away,661395,1,1,0
30084,4,away,695243,0,0,0
30084,4,away,628452,1,1,0
30084,4,away,808967,0,0,1
30085,1,home,547973,1,1,1
30085,1,home,641329,1,0,1
30085,1,home,671922,1,0,1
30085,1,home,656876,1,1,0
30085,1,home,656641,1,1,0
30085,1,home,686973,1,0,1
30085,1,away,695505,1,0,1
30085,1,away,666200,1,0,1
30085,1,away,661395,1,0,1
30085,1,away,695243,1,1,0
30085,1,away,628452,1,0,1
30085,1,away,808967,1,1,0
30085,2,home,547973,1,1,0
30085,2,home,641329,1,0,1
30085,2,home,671922,1,1,0
30085,2,home,656876,0,0,1
30085,2,home,656641,0,0,1
30085,2,home,686973,1,1,0
30085,2,away,695505,1,1,1
30085,2,away,666200,1,0,1
30085,2,away,661395,1,0,1
30085,2,away,695243,0,0,1
30085,2,away,628452,1,1,0
30085,2,away,808967,0,0,1
30085,3,home,547973,0,0,0
30085,3,home,641329,1,1,1
30085,3,home,671922,0,0,1
30085,3,home,656876,1,1,0
30085,3,home,656641,1,1,0
30085,3,home,686973,0,0,1
30085,3,away,695505,1,0,1
30085,3,away,666200,1,0,1
30085,3,away,661395,1,1,0
30085,3,away,695243,1,0,1
30085,3,away,628452,0,0,0
30085,3,away,808967,1,0,1
30085,4,home,547973,0,0,0
30085,4,home,641329,1,0,1
30085,4,home,671922,1,0,1
30085,4,home,656876,0,0,1
30085,4,home,656641,0,0,1
30085,4,home,686973,1,1,0
30085,4,away,695505,1,0,1
30085,4,away,666200,1,0,1
30085,4,away,661395,0,0,1
30085,4,away,695243,1,0,1
30085,4,away,628452,0,0,1
30085,4,away,808967,1,0,1
30086,1,home,547973,1,1,0
30086,1,home,641329,1,0,1
30086,1,home,671922,1,0,1
30086,1,home,656876,1,1,0
30086,1,home,656641,1,1,1
30086,1,home,686973,1,0,1
30086,1,away,695505,1,0,1
30086,1,away,666200,1,1,0
30086,1,away,661395,1,0,1
30086,1,away,695243,1,1,0
30086,1,away,628452,1,0,1
30086,1,away,808967,1,0,1
30086,2,home,547973,0,0,1
30086,2,home,641329,1,1,1
30086,2,home,671922,1,0,1
30086,2,home,656876,0,0,1
30086,2,home,656641,1,0,1
30086,2,home,686973,1,1,1
30086,2,away,695505,1,0,1
30086,2,away,666200,0,0,1
30086,2,away,661395,1,0,1
30086,2,away,695243,0,0,1
30086,2,away,628452,1,1,0
30086,2,away,808967,1,1,0
30086,3,home,547973,1,0,1
30086,3,home,641329,1,0,1
30086,3,home,671922,1,0,1
30086,3,home,656876,1,0,1
30086,3,home,656641,1,0,1
30086,3,home,686973,1,0,1
30086,3,away,695505,1,0,1
30086,3,away,666200,1,0,1
30086,3,away,661395,1,0,1
30086,3,away,695243,1,0,1
30086,3,away,628452,0,0,1
30086,3,away,808967,0,0,1
30086,4,home,547973,1,0,1
30086,4,home,641329,1,0,1
30086,4,home,671922,1,0,1
30086,4,home,656876,1,1,0
30086,4,home,656641,1,0,1
30086,4,home,686973,1,0,1
30086,4,away,695505,1,0,1
30086,4,away,666200,1,0,1
30086,4,away,661395,1,0,1
30086,4,away,695243,1,0,1
30086,4,away,628452,1,1,0
30086,4,away,808967,1,0,1
30087,1,home,547973,1,0,1
30087,1,home,641329,1,0,1
30087,1,home,671922,1,1,1
30087,1,home,656876,1,0,1
30087,1,home,656641,1,1,0
30087,1,home,686973,1,0,1
30087,1,away,695505,1,0,1
30087,1,away,666200,1,1,0
30087,1,away,661395,1,0,1
30087,1,away,695243,1,1,0
30087,1,away,628452,1,0,1
30087,1,away,808967,1,1,0
30087,2,home,547973,1,0,1
30087,2,home,641329,1,0,1
30087,2,home,671922,1,0,1
30087,2,home,656876,1,0,1
30087,2,home,656641,0,0,1
30087,2,home,686973,1,0,1
30087,2,away,695505,1,0,1
30087,2,away,666200,0,0,1
30087,2,away,661395,1,0,1
30087,2,away,695243,0,0,1
30087,2,away,628452,1,0,1
30087,2,away,808967,0,0,1
30087,3,home,547973,1,0,1
30087,3,home,641329,1,0,1
30087,3,home,671922,1,0,1
30087,3,home,656876,1,0,1
30087,3,home,656641,1,0,1
30087,3,home,686973,1,0,1
30087,3,away,695505,1,0,1
30087,3,away,666200,1,0,1
30087,3,away,661395,1,0,1
30087,3,away,695243,1,0,1
30087,3,away,628452,1,0,1
30087,3,away,808967,1,0,1
30087,4,home,547973,1,0,1
30087,4,home,641329,1,1,0
30087,4,home,671922,1,0,1
30087,4,home,656876,1,0,1
30087,4,home,656641,1,0,1
30087,4,home,686973,1,1,1
30087,4,away,695505,1,1,1
30087,4,away,666200,1,0,1
30087,4,away,661395,1,1,1
30087,4,away,695243,1,0,1
30087,4,away,628452,1,0,1
30087,4,away,808967,1,0,1
30088,1,home,547973,1,0,1
30088,1,home,641329,1,0,1
30088,1,home,671922,1,0,1
30088,1,home,656876,1,0,1
30088,1,home,656641,1,1,0
30088,1,home,686973,1,1,0
30088,1,away,695505,1,0,1
30088,1,away,666200,1,0,1
30088,1,away,661395,1,1,1
30088,1,away,695243,1,0,1
30088,1,away,628452,1,1,0
30088,1,away,808967,1,0,1
30088,2,home,547973,1,1,0
30088,2,home,641329,1,1,0
30088,2,home,671922,1,0,1
30088,2,home,656876,1,0,1
30088,2,home,656641,0,0,1
30088,2,home,686973,0,0,1
30088,2,away,695505,1,0,1
30088,2,away,666200,1,0,1
30088,2,away,661395,1,0,1
30088,2,away,695243,1,0,1
30088,2,away,628452,0,0,0
30088,2,away,808967,1,1,0
30088,3,home,547973,0,0,1
30088,3,home,641329,0,0,1
30088,3,home,671922,1,1,0
30088,3,home,656876,1,1,0
30088,3,home,656641,1,0,1
30088,3,home,686973,1,0,1
30088,3,away,695505,1,1,0
30088,3,away,666200,1,1,0
30088,3,away,661395,1,0,1
30088,3,away,695243,1,1,0
30088,3,away,628452,0,0,1
30088,3,away,808967,0,0,1
30088,4,home,547973,1,1,1
30088,4,home,641329,1,0,1
30088,4,home,671922,0,0,1
30088,4,home,656876,0,0,1
30088,4,home,656641,1,0,1
30088,4,home,686973,1,0,1
30088,4,away,695505,0,0,1
30088,4,away,666200,0,0,1
30088,4,away,661395,1,0,1
30088,4,away,695243,0,0,0
30088,4,away,628452,1,1,0
30088,4,away,808967,1,0,1
30089,1,home,547973,1,0,1
30089,1,home,641329,1,0,1
30089,1,home,671922,1,0,1
30089,1,home,656876,1,0,1
30089,1,home,656641,1,1,0
30089,1,home,686973,1,1,0
30089,1,away,695505,1,1,0
30089,1,away,666200,1,0,1
30089,1,away,661395,1,0,1
30089,1,away,695243,1,0,1
30089,1,away,628452,1,0,1
30089,1,away,808967,1,0,1
30089,2,home,547973,1,1,1
30089,2,home,641329,1,0,1
30089,2,home,671922,1,1,0
30089,2,home,656876,1,0,1
30089,2,home,656641,0,0,1
30089,2,home,686973,0,0,1
30089,2,away,695505,0,0,1
30089,2,away,666200,1,1,0
30089,2,away,661395,1,0,1
30089,2,away,695243,1,1,0
30089,2,away,628452,1,1,0
30089,2,away,808967,1,1,0
30089,3,home,547973,1,1,0
30089,3,home,641329,1,0,1
30089,3,home,671922,0,0,1
30089,3,home,656876,1,1,0
30089,3,home,656641,1,0,1
30089,3,home,686973,1,1,0
30089,3,away,695505,1,0,1
30089,3,away,666200,0,0,1
30089,3,away,661395,1,1,0
30089,3,away,695243,0,0,1
30089,3,away,628452,0,0,1
30089,3,away,808967,0,0,1
30089,4,home,547973,0,0,1
30089,4,home,641329,1,1,0
30089,4,home,671922,1,0,1
30089,4,home,656876,0,0,1
30089,4,home,656641,1,0,1
30089,4,home,686973,0,0,1
30089,4,away,695505,1,0,1
30089,4,away,666200,1,0,1
30089,4,away,661395,0,0,1
30089,4,away,695243,1,0,1
30089,4,away,628452,1,0,1
30089,4,away,808967,1,0,1
30090,1,home,547973,1,0,1
30090,1,home,641329,1,0,1
30090,1,home,671922,1,1,0
30090,1,home,656876,1,1,1
30090,1,home,656641,1,0,1
30090,1,home,686973,1,0,1
30090,1,away,695505,1,1,1
30090,1,away,666200,1,1,1
30090,1,away,661395,1,0,1
30090,1,away,695243,1,0,1
30090,1,away,628452,1,0,1
30090,1,away,808967,1,0,1
30090,2,home,547973,1,1,1
30090,2,home,641329,1,0,1
30090,2,home,671922,0,0,1
30090,2,home,656876,1,1,0
30090,2,home,656641,1,1,0
30090,2,home,686973,1,0,1
30090,2,away,695505,1,1,1
30090,2,away,666200,1,0,1
30090,2,away,661395,1,0,1
30090,2,away,695243,1,1,1
30090,2,away,628452,1,0,1
30090,2,away,808967,1,1,0
30090,3,home,547973,1,1,0
30090,3,home,641329,1,0,1
30090,3,home,671922,1,0,1
30090,3,home,656876,0,0,1
30090,3,home,656641,0,0,1
30090,3,home,686973,1,1,0
30090,3,away,695505,1,1,0
30090,3,away,666200,1,0,1
30090,3,away,661395,1,0,1
30090,3,away,695243,1,0,1
30090,3,away,628452,1,1,0
30090,3,away,808967,0,0,1
30090,4,home,547973,0,0,0
30090,4,home,641329,1,0,1
30090,4,home,671922,1,0,1
30090,4,home,656876,1,0,1
30090,4,home,656641,1,0,1
30090,4,home,686973,0,0,1
30090,4,away,695505,0,0,1
30090,4,away,666200,1,0,1
30090,4,away,661395,1,1,0
30090,4,away,695243,1,0,1
30090,4,away,628452,0,0,1
30090,4,away,808967,1,0,1
30091,1,home,547973,1,1,0
30091,1,home,641329,1,0,1
30091,1,home,671922,1,1,0
30091,1,home,656876,1,1,0
30091,1,home,656641,1,0,1
30091,1,home,686973,1,0,1
30091,1,away,695505,1,1,0
30091,1,away,666200,1,1,0
30091,1,away,661395,1,0,1
30091,1,away,695243,1,1,1
30091,1,away,628452,1,0,1
30091,1,away,808967,1,1,0
30091,2,home,547973,0,0,1
30091,2,home,641329,1,1,1
30091,2,home,671922,0,0,1
30091,2,home,656876,0,0,1
30091,2,home,656641,1,1,0
30091,2,home,686973,1,1,0
30091,2,away,695505,0,0,1
30091,2,away,666200,0,0,1
30091,2,away,661395,1,1,0
30091,2,away,695243,1,1,0
30091,2,away,628452,1,0,1
30091,2,away,808967,0,0,1
30091,3,home,547973,1,1,0
30091,3,home,641329,1,0,1
30091,3,home,671922,1,0,1
30091,3,home,656876,1,1,0
30091,3,home,656641,0,0,1
30091,3,home,686973,0,0,1
30091,3,away,695505,1,1,0
30091,3,away,666200,1,0,1
30091,3,away,661395,0,0,1
30091,3,away,695243,0,0,1
30091,3,away,628452,1,0,1
30091,3,away,808967,1,1,1
30091,4,home,547973,0,0,1
30091,4,home,641329,1,0,1
30091,4,home,671922,1,0,1
30091,4,home,656876,0,0,1
30091,4,home,656641,1,0,1
30091,4,home,686973,1,0,1
30091,4,away,695505,0,0,1
30091,4,away,666200,1,0,1
30091,4,away,661395,1,0,1
30091,4,away,695243,1,0,1
30091,4,away,628452,1,0,1
30091,4,away,808967,1,1,0
30092,1,home,547973,1,1,0
30092,1,home,641329,1,0,1
30092,1,home,671922,1,0,1
30092,1,home,656876,1,1,0
30092,1,home,656641,1,0,1
30092,1,home,686973,1,1,0
30092,1,away,695505,1,0,1
30092,1,away,666200,1,1,0
30092,1,away,661395,1,0,1
30092,1,away,695243,1,1,1
30092,1,away,628452,1,0,1
30092,1,away,808967,1,1,1
30092,2,home,547973,0,0,1
30092,2,home,641329,1,1,0
30092,2,home,671922,1,1,1
30092,2,home,656876,0,0,0
30092,2,home,656641,1,1,0
30092,2,home,686973,0,0,1
30092,2,away,695505,1,1,0
30092,2,away,666200,0,0,1
30092,2,away,661395,1,1,0
30092,2,away,695243,1,1,0
30092,2,away,628452,1,0,1
30092,2,away,808967,1,1,1
30092,3,home,547973,1,1,0
30092,3,home,641329,0,0,1
30092,3,home,671922,1,0,1
30092,3,home,656876,0,0,1
30092,3,home,656641,0,0,0
30092,3,home,686973,1,1,1
30092,3,away,695505,0,0,1
30092,3,away,666200,1,1,1
30092,3,away,661395,0,0,1
30092,3,away,695243,0,0,1
30092,3,away,628452,1,1,0
30092,3,away,808967,1,0,1
30092,4,home,547973,0,0,1
30092,4,home,641329,1,1,0
30092,4,home,671922,1,0,1
30092,4,home,656876,1,0,1
30092,4,home,656641,0,0,1
30092,4,home,686973,1,1,0
30092,4,away,695505,1,0,1
30092,4,away,666200,1,1,1
30092,4,away,661395,1,0,1
30092,4,away,695243,1,1,1
30092,4,away,628452,0,0,1
30092,4,away,808967,1,1,0
30093,1,home,547973,1,0,1
30093,1,home,641329,1,0,1
30093,1,home,671922,1,1,0
30093,1,home,656876,1,1,0
30093,1,home,656641,1,1,0
30093,1,home,686973,1,0,1
30093,1,away,695505,1,1,0
30093,1,away,666200,1,1,1
30093,1,away,661395,1,0,1
30093,1,away,695243,1,1,1
30093,1,away,628452,1,0,1
30093,1,away,808967,1,1,0
30093,2,home,547973,1,0,1
30093,2,home,641329,1,0,1
30093,2,home,671922,0,0,1
30093,2,home,656876,0,0,0
30093,2,home,656641,0,0,1
30093,2,home,686973,1,0,1
30093,2,away,695505,0,0,1
30093,2,away,666200,1,0,1
30093,2,away,661395,1,0,1
30093,2,away,695243,1,0,1
30093,2,away,628452,1,0,1
30093,2,away,808967,0,0,1
30093,3,home,547973,1,0,1
30093,3,home,641329,1,0,1
30093,3,home,671922,1,0,1
30093,3,home,656876,0,0,1
30093,3,home,656641,1,0,1
30093,3,home,686973,1,0,1
30093,3,away,695505,1,0,1
30093,3,away,666200,1,0,1
30093,3,away,661395,1,0,1
30093,3,away,695243,1,0,1
30093,3,away,628452,1,0,1
30093,3,away,808967,1,0,1
30093,4,home,547973,1,0,1
30093,4,home,641329,1,0,1
30093,4,home,671922,1,1,0
30093,4,home,656876,1,1,0
30093,4,home,656641,1,1,1
30093,4,home,686973,1,0,1
30093,4,away,695505,1,0,1
30093,4,away,666200,1,0,1
30093,4,away,661395,1,1,0
30093,4,away,695243,1,1,1
30093,4,away,628452,1,0,1
30093,4,away,808967,1,0,1
30094,1,home,547973,1,0,1
30094,1,home,641329,1,0,1
30094,1,home,671922,1,1,0
30094,1,home,656876,1,1,0
30094,1,home,656641,1,0,1
30094,1,home,686973,1,0,1
30094,1,away,695505,1,1,0
30094,1,away,666200,1,1,0
30094,1,away,661395,1,0,1
30094,1,away,695243,1,1,0
30094,1,away,628452,1,0,1
30094,1,away,808967,1,0,1
30094,2,home,547973,1,1,1
30094,2,home,641329,1,0,1
30094,2,home,671922,0,0,1
30094,2,home,656876,0,0,1
30094,2,home,656641,1,1,0
30094,2,home,686973,1,1,1
30094,2,away,695505,0,0,1
30094,2,away,666200,0,0,1
30094,2,away,661395,1,0,1
30094,2,away,695243,0,0,1
30094,2,away,628452,1,1,0
30094,2,away,808967,1,1,1
30094,3,home,547973,1,0,1
30094,3,home,641329,1,0,1
30094,3,home,671922,1,0,1
30094,3,home,656876,1,1,0
30094,3,home,656641,0,0,1
30094,3,home,686973,1,0,1
30094,3,away,695505,1,1,0
30094,3,away,666200,1,1,0
30094,3,away,661395,1,0,1
30094,3,away,695243,1,0,1
30094,3,away,628452,0,0,1
30094,3,away,808967,1,0,1
30094,4,home,547973,1,0,1
30094,4,home,641329,1,0,1
30094,4,home,671922,1,0,1
30094,4,home,656876,0,0,1
30094,4,home,656641,1,0,1
30094,4,home,686973,1,0,1
30094,4,away,695505,0,0,1
30094,4,away,666200,0,0,1
30094,4,away,661395,1,0,1
30094,4,away,695243,1,0,1
30094,4,away,628452,1,0,1
30094,4,away,808967,1,0,1
30095,1,home,547973,1,0,1
30095,1,home,641329,1,1,0
30095,1,home,671922,1,0,1
30095,1,home,656876,1,0,1
30095,1,home,656641,1,0,1
30095,1,home,686973,1,1,1
30095,1,away,695505,1,0,1
30095,1,away,666200,1,1,1
30095,1,away,661395,1,0,1
30095,1,away,695243,1,1,1
30095,1,away,628452,1,0,1
30095,1,away,808967,1,1,1
30095,2,home,547973,1,0,1
30095,2,home,641329,0,0,1
30095,2,home,671922,1,0,1
30095,2,home,656876,1,0,1
30095,2,home,656641,1,1,0
30095,2,home,686973,1,0,1
30095,2,away,695505,1,0,1
30095,2,away,666200,1,0,1
30095,2,away,661395,1,0,1
30095,2,away,695243,1,0,1
30095,2,away,628452,1,1,0
30095,2,away,808967,1,0,1
30095,3,home,547973,1,1,0
30095,3,home,641329,1,0,1
30095,3,home,671922,1,1,0
30095,3,home,656876,1,1,0
30095,3,home,656641,0,0,1
30095,3,home,686973,1,0,1
30095,3,away,695505,1,1,0
30095,3,away,666200,1,1,0
30095,3,away,661395,1,0,1
30095,3,away,695243,1,0,1
30095,3,away,628452,0,0,1
30095,3,away,808967,1,1,0
30095,4,home,547973,0,0,1
30095,4,home,641329,1,1,1
30095,4,home,671922,0,0,1
30095,4,home,656876,0,0,1
30095,4,home,656641,1,0,1
30095,4,home,686973,1,1,0
30095,4,away,695505,0,0,1
30095,4,away,666200,0,0,1
30095,4,away,661395,1,0,1
30095,4,away,695243,1,0,1
30095,4,away,628452,1,1,0
30095,4,away,808967,0,0,1
30096,1,home,547973,1,1,0
30096,1,home,641329,1,0,1
30096,1,home,671922,1,0,1
30096,1,home,656876,1,0,1
30096,1,home,656641,1,0,1
30096,1,home,686973,1,1,0
30096,1,away,695505,1,1,0
30096,1,away,666200,1,1,0
30096,1,away,661395,1,0,1
30096,1,away,695243,1,0,1
30096,1,away,628452,1,1,1
30096,1,away,808967,1,0,1
30096,2,home,547973,0,0,1
30096,2,home,641329,1,1,0
30096,2,home,671922,1,1,1
30096,2,home,656876,1,0,1
30096,2,home,656641,1,1,0
30096,2,home,686973,0,0,1
30096,2,away,695505,0,0,1
30096,2,away,666200,0,0,1
30096,2,away,661395,1,0,1
30096,2,away,695243,1,1,0
30096,2,away,628452,1,0,1
30096,2,away,808967,1,1,0
30096,3,home,547973,1,0,1
30096,3,home,641329,0,0,1
30096,3,home,671922,1,1,1
30096,3,home,656876,1,1,1
30096,3,home,656641,0,0,1
30096,3,home,686973,1,0,1
30096,3,away,695505,1,1,0
30096,3,away,666200,1,1,0
30096,3,away,661395,1,0,1
30096,3,away,695243,0,0,1
30096,3,away,628452,1,0,1
30096,3,away,808967,0,0,1
30096,4,home,547973,1,0,1
30096,4,home,641329,1,0,1
30096,4,home,671922,1,0,1
30096,4,home,656876,1,0,1
30096,4,home,656641,1,0,1
30096,4,home,686973,1,1,0
30096,4,away,695505,0,0,1
30096,4,away,666200,0,0,1
30096,4,away,661395,1,0,1
30096,4,away,695243,1,0,1
30096,4,away,628452,1,0,1
30096,4,away,808967,1,0,1
30097,1,home,547973,1,0,1
30097,1,home,641329,1,0,1
30097,1,home,671922,1,1,0
30097,1,home,656876,1,1,0
30097,1,home,656641,1,1,0
30097,1,home,686973,1,1,1
30097,1,away,695505,1,0,1
30097,1,away,666200,1,1,0
30097,1,away,661395,1,0,1
30097,1,away,695243,1,1,0
30097,1,away,628452,1,0,1
30097,1,away,808967,1,0,1
30097,2,home,547973,1,0,1
30097,2,home,641329,1,1,0
30097,2,home,671922,0,0,1
30097,2,home,656876,0,0,1
30097,2,home,656641,0,0,1
30097,2,home,686973,1,1,0
30097,2,away,695505,1,1,0
30097,2,away,666200,0,0,1
30097,2,away,661395,1,0,1
30097,2,away,695243,0,0,1
30097,2,away,628452,1,0,1
30097,2,away,808967,1,1,0
30097,3,home,547973,1,1,0
30097,3,home,641329,0,0,1
30097,3,home,671922,1,0,1
30097,3,home,656876,1,0,1
30097,3,home,656641,1,0,1
30097,3,home,686973,0,0,1
30097,3,away,695505,0,0,1
30097,3,away,666200,1,0,1
30097,3,away,661395,1,0,1
30097,3,away,695243,1,0,1
30097,3,away,628452,1,1,1
30097,3,away,808967,0,0,1
30097,4,home,547973,0,0,1
30097,4,home,641329,1,0,1
30097,4,home,671922,1,0,1
30097,4,home,656876,1,0,1
30097,4,home,656641,1,1,1
30097,4,home,686973,1,1,1
30097,4,away,695505,1,0,1
30097,4,away,666200,1,0,1
30097,4,away,661395,1,0,1
30097,4,away,695243,1,0,1
30097,4,away,628452,1,1,0
30097,4,away,808967,1,1,1
30098,1,home,547973,1,0,1
30098,1,home,641329,1,0,1
30098,1,home,671922,1,0,1
30098,1,home,656876,1,0,1
30098,1,home,656641,1,1,1
30098,1,home,686973,1,1,1
30098,1,away,695505,1,1,1
30098,1,away,666200,1,1,0
30098,1,away,661395,1,0,1
30098,1,away,695243,1,0,1
30098,1,away,628452,1,0,1
30098,1,away,808967,1,1,0
30098,2,home,547973,1,0,1
30098,2,home,641329,1,0,1
30098,2,home,671922,1,0,1
30098,2,home,656876,1,0,1
30098,2,home,656641,1,0,1
30098,2,home,686973,1,0,1
30098,2,away,695505,1,0,1
30098,2,away,666200,0,0,1
30098,2,away,661395,1,0,1
30098,2,away,695243,1,0,1
30098,2,away,628452,1,0,1
30098,2,away,808967,0,0,1
30098,3,home,547973,1,0,1
30098,3,home,641329,1,0,1
30098,3,home,671922,1,0,1
30098,3,home,656876,1,1,0
30098,3,home,656641,1,1,0
30098,3,home,686973,1,0,1
30098,3,away,695505,1,1,1
30098,3,away,666200,1,1,0
30098,3,away,661395,1,1,1
30098,3,away,695243,1,0,1
30098,3,away,628452,1,0,1
30098,3,away,808967,1,0,1
30098,4,home,547973,1,0,1
30098,4,home,641329,1,0,1
30098,4,home,671922,1,0,1
30098,4,home,656876,0,0,1
30098,4,home,656641,0,0,1
30098,4,home,686973,1,1,0
30098,4,away,695505,1,0,1
30098,4,away,666200,0,0,1
30098,4,away,661395,1,1,0
30098,4,away,695243,1,0,1
30098,4,away,628452,1,0,1
30098,4,away,808967,1,0,1
30099,1,home,547973,1,1,1
30099,1,home,641329,1,1,1
30099,1,home,671922,1,1,1
30099,1,home,656876,1,1,0
30099,1,home,656641,1,1,0
30099,1,home,686973,1,1,0
30099,1,away,695505,1,1,0
30099,1,away,666200,1,1,1
30099,1,away,661395,1,0,1
30099,1,away,695243,1,1,1
30099,1,away,628452,1,0,1
30099,1,away,808967,1,1,0
30099,2,home,547973,1,1,0
30099,2,home,641329,1,1,0
30099,2,home,671922,1,0,1
30099,2,home,656876,0,0,1
30099,2,home,656641,0,0,1
30099,2,home,686973,0,0,1
30099,2,away,695505,0,0,1
30099,2,away,666200,1,0,1
30099,2,away,661395,1,1,0
30099,2,away,695243,1,0,1
30099,2,away,628452,1,1,0
30099,2,away,808967,0,0,1
30099,3,home,547973,0,0,1
30099,3,home,641329,0,0,1
30099,3,home,671922,1,0,1
30099,3,home,656876,1,0,1
30099,3,home,656641,1,0,1
30099,3,home,686973,1,0,1
30099,3,away,695505,1,0,1
30099,3,away,666200,1,0,1
30099,3,away,661395,0,0,1
30099,3,away,695243,1,0,1
30099,3,away,628452,0,0,1
30099,3,away,808967,1,0,1
30099,4,home,547973,1,0,1
30099,4,home,641329,1,0,1
30099,4,home,671922,1,0,1
30099,4,home,656876,1,0,1
30099,4,home,656641,1,1,0
30099,4,home,686973,1,1,0
30099,4,away,695505,1,1,0
30099,4,away,666200,1,0,1
30099,4,away,661395,1,0,1
30099,4,away,695243,1,0,1
30099,4,away,628452,1,1,0
30099,4,away,808967,1,0,1
30100,1,home,547973,1,0,1
30100,1,home,641329,1,0,1
30100,1,home,671922,1,0,1
30100,1,home,656876,1,0,1
30100,1,home,656641,1,0,1
30100,1,home,686973,1,1,0
30100,1,away,695505,1,1,0
30100,1,away,666200,1,0,1
30100,1,away,661395,1,0,1
30100,1,away,695243,1,0,1
30100,1,away,628452,1,1,0
30100,1,away,808967,1,0,1
30100,2,home,547973,1,0,1
30100,2,home,641329,1,0,1
30100,2,home,671922,1,1,0
30100,2,home,656876,1,1,0
30100,2,home,656641,1,1,1
30100,2,home,686973,0,0,1
30100,2,away,695505,0,0,1
30100,2,away,666200,1,1,0
30100,2,away,661395,1,1,0
30100,2,away,695243,1,1,0
30100,2,away,628452,0,0,1
30100,2,away,808967,1,1,1
30100,3,home,547973,1,0,1
30100,3,home,641329,1,0,1
30100,3,home,671922,0,0,1
30100,3,home,656876,0,0,1
30100,3,home,656641,1,1,0
30100,3,home,686973,1,0,1
30100,3,away,695505,1,0,1
30100,3,away,666200,0,0,1
30100,3,away,661395,0,0,0
30100,3,away,695243,0,0,1
30100,3,away,628452,1,0,1
30100,3,away,808967,1,0,1
30100,4,home,547973,1,0,1
30100,4,home,641329,1,0,1
30100,4,home,671922,1,1,1
30100,4,home,656876,1,1,0
30100,4,home,656641,0,0,1
30100,4,home,686973,1,0,1
30100,4,away,695505,1,1,0
30100,4,away,666200,1,1,0
30100,4,away,661395,0,0,1
30100,4,away,695243,1,1,0
30100,4,away,628452,1,0,1
30100,4,away,808967,1,0,1
30101,1,home,547973,1,1,1
30101,1,home,641329,1,0,1
30101,1,home,671922,1,1,0
30101,1,home,656876,1,1,1
30101,1,home,656641,1,1,0
30101,1,home,686973,1,0,1
30101,1,away,695505,1,1,1
30101,1,away,666200,1,1,0
30101,1,away,661395,1,0,1
30101,1,away,695243,1,1,0
30101,1,away,628452,1,0,1
30101,1,away,808967,1,1,0
30101,2,home,547973,1,1,1
30101,2,home,641329,1,1,1
30101,2,home,671922,0,0,1
30101,2,home,656876,1,1,1
30101,2,home,656641,0,0,0
30101,2,home,686973,1,1,0
30101,2,away,695505,1,0,1
30101,2,away,666200,0,0,1
30101,2,away,661395,1,1,0
30101,2,away,695243,0,0,1
30101,2,away,628452,1,1,0
30101,2,away,808967,0,0,1
30101,3,home,547973,1,1,0
30101,3,home,641329,1,1,1
30101,3,home,671922,1,1,0
30101,3,home,656876,1,0,1
30101,3,home,656641,0,0,1
30101,3,home,686973,0,0,0
30101,3,away,695505,1,1,0
30101,3,away,666200,1,1,0
30101,3,away,661395,0,0,1
30101,3,away,695243,1,1,0
30101,3,away,628452,0,0,1
30101,3,away,808967,1,1,0
30101,4,home,547973,0,0,1
30101,4,home,641329,1,1,0
30101,4,home,671922,0,0,1
30101,4,home,656876,1,1,0
30101,4,home,656641,1,1,0
30101,4,home,686973,0,0,1
30101,4,away,695505,0,0,0
30101,4,away,666200,0,0,1
30101,4,away,661395,1,0,1
30101,4,away,695243,0,0,1
30101,4,away,628452,1,1,0
30101,4,away,808967,0,0,1
30102,1,home,547973,1,1,1
30102,1,home,641329,1,0,1
30102,1,home,671922,1,1,0
30102,1,home,656876,1,1,1
30102,1,home,656641,1,0,1
30102,1,home,686973,1,0,1
30102,1,away,695505,1,1,0
30102,1,away,666200,1,1,0
30102,1,away,661395,1,0,1
30102,1,away,695243,1,1,0
30102,1,away,628452,1,0,1
30102,1,away,808967,1,1,0
30102,2,home,547973,1,0,1
30102,2,home,641329,1,1,0
30102,2,home,671922,0,0,1
30102,2,home,656876,1,1,1
30102,2,home,656641,1,1,1
30102,2,home,686973,1,1,0
30102,2,away,695505,0,0,1
30102,2,away,666200,0,0,1
30102,2,away,661395,1,1,1
30102,2,away,695243,0,0,0
30102,2,away,628452,1,0,1
30102,2,away,808967,0,0,1
30102,3,home,547973,1,0,1
30102,3,home,641329,0,0,1
30102,3,home,671922,1,0,1
30102,3,home,656876,1,1,1
30102,3,home,656641,1,0,1
30102,3,home,686973,0,0,1
30102,3,away,695505,1,1,0
30102,3,away,666200,1,0,1
30102,3,away,661395,1,0,1
30102,3,away,695243,0,0,1
30102,3,away,628452,1,1,0
30102,3,away,808967,1,0,1
30102,4,home,547973,1,1,0
30102,4,home,641329,1,0,1
30102,4,home,671922,1,1,0
30102,4,home,656876,1,1,0
30102,4,home,656641,1,0,1
30102,4,home,686973,1,0,1
30102,4,away,695505,0,0,1
30102,4,away,666200,1,1,0
30102,4,away,661395,1,0,1
30102,4,away,695243,1,1,0
30102,4,away,628452,0,0,1
30102,4,away,808967,1,1,0
30103,1,home,547973,1,0,1
30103,1,home,641329,1,1,0
30103,1,home,671922,1,1,0
30103,1,home,656876,1,1,0
30103,1,home,656641,1,1,0
30103,1,home,686973,1,0,1
30103,1,away,695505,1,1,0
30103,1,away,666200,1,0,1
30103,1,away,661395,1,0,1
30103,1,away,695243,1,0,1
30103,1,away,628452,1,0,1
30103,1,away,808967,1,1,0
30103,2,home,547973,1,1,1
30103,2,home,641329,0,0,1
30103,2,home,671922,0,0,1
30103,2,home,656876,0,0,1
30103,2,home,656641,0,0,1
30103,2,home,686973,1,1,0
30103,2,away,695505,0,0,1
30103,2,away,666200,1,1,0
30103,2,away,661395,1,1,0
30103,2,away,695243,1,1,0
30103,2,away,628452,1,1,1
30103,2,away,808967,0,0,1
30103,3,home,547973,1,1,0
30103,3,home,641329,1,1,0
30103,3,home,671922,1,0,1
30103,3,home,656876,1,0,1
30103,3,home,656641,1,0,1
30103,3,home,686973,0,0,1
30103,3,away,695505,1,1,0
30103,3,away,666200,0,0,1
30103,3,away,661395,0,0,1
30103,3,away,695243,0,0,1
30103,3,away,628452,1,0,1
30103,3,away,808967,1,0,1
30103,4,home,547973,0,0,1
30103,4,home,641329,0,0,1
30103,4,home,671922,1,0,1
30103,4,home,656876,1,0,1
30103,4,home,656641,1,1,1
30103,4,home,686973,1,1,1
30103,4,away,695505,0,0,1
30103,4,away,666200,1,0,1
30103,4,away,661395,1,0,1
30103,4,away,695243,1,0,1
30103,4,away,628452,1,0,1
30103,4,away,808967,1,0,1
30104,1,home,547973,1,0,1
30104,1,home,641329,1,0,1
30104,1,home,671922,1,1,0
30104,1,home,656876,1,1,0
30104,1,home,656641,1,0,1
30104,1,home,686973,1,0,1
30104,1,away,695505,1,0,1
30104,1,away,666200,1,0,1
30104,1,away,661395,1,1,0
30104,1,away,695243,1,0,1
30104,1,away,628452,1,1,0
30104,1,away,808967,1,0,1
30104,2,home,547973,1,0,1
30104,2,home,641329,1,1,0
30104,2,home,671922,0,0,1
30104,2,home,656876,0,0,1
30104,2,home,656641,1,1,0
30104,2,home,686973,1,1,0
30104,2,away,695505,1,1,0
30104,2,away,666200,1,1,0
30104,2,away,661395,0,0,0
30104,2,away,695243,1,1,0
30104,2,away,628452,0,0,1
30104,2,away,808967,1,1,0
30104,3,home,547973,1,0,1
30104,3,home,641329,0,0,1
30104,3,home,671922,1,1,0
30104,3,home,656876,1,1,0
30104,3,home,656641,0,0,1
30104,3,home,686973,0,0,1
30104,3,away,695505,0,0,1
30104,3,away,666200,0,0,1
30104,3,away,661395,0,0,1
30104,3,away,695243,0,0,1
30104,3,away,628452,1,1,0
30104,3,away,808967,0,0,1
30104,4,home,547973,1,1,0
30104,4,home,641329,1,0,1
30104,4,home,671922,0,0,1
30104,4,home,656876,0,0,1
30104,4,home,656641,1,1,0
30104,4,home,686973,1,1,1
30104,4,away,695505,1,1,1
30104,4,away,666200,1,1,0
30104,4,away,661395,1,0,1
30104,4,away,695243,1,1,0
30104,4,away,628452,0,0,1
30104,4,away,808967,1,1,0
30105,1,home,547973,1,0,1
30105,1,home,641329,1,0,1
30105,1,home,671922,1,1,0
30105,1,home,656876,1,1,0
30105,1,home,656641,1,1,0
30105,1,home,686973,1,0,1
30105,1,away,695505,1,1,0
30105,1,away,666200,1,1,1
30105,1,away,661395,1,0,1
30105,1,away,695243,1,1,1
30105,1,away,628452,1,0,1
30105,1,away,808967,1,0,1
30105,2,home,547973,1,0,1
30105,2,home,641329,1,1,0
30105,2,home,671922,0,0,1
30105,2,home,656876,0,0,1
30105,2,home,656641,0,0,1
30105,2,home,686973,1,1,0
30105,2,away,695505,0,0,1
30105,2,away,666200,1,0,1
30105,2,away,661395,1,1,1
30105,2,away,695243,1,0,1
30105,2,away,628452,1,0,1
30105,2,away,808967,1,0,1
30105,3,home,547973,1,0,1
30105,3,home,641329,0,0,1
30105,3,home,671922,1,0,1
30105,3,home,656876,1,1,1
30105,3,home,656641,1,1,0
30105,3,home,686973,0,0,1
30105,3,away,695505,1,1,0
30105,3,away,666200,1,0,1
30105,3,away,661395,1,1,0
30105,3,away,695243,1,0,1
30105,3,away,628452,1,0,1
30105,3,away,808967,1,0,1
30105,4,home,547973,1,1,0
30105,4,home,641329,1,0,1
30105,4,home,671922,1,1,1
30105,4,home,656876,1,1,1
30105,4,home,656641,0,0,1
30105,4,home,686973,1,1,0
30105,4,away,695505,0,0,1
30105,4,away,666200,1,0,1
30105,4,away,661395,0,0,0
30105,4,away,695243,1,0,1
30105,4,away,628452,1,1,1
30105,4,away,808967,1,1,1
30106,1,home,547973,1,1,1
30106,1,home,641329,1,0,1
30106,1,home,671922,1,0,1
30106,1,home,656876,1,1,0
30106,1,home,656641,1,0,1
30106,1,home,686973,1,1,0
30106,1,away,695505,1,0,1
30106,1,away,666200,1,0,1
30106,1,away,661395,1,1,1
30106,1,away,695243,1,0,1
30106,1,away,628452,1,0,1
30106,1,away,808967,1,1,0
30106,2,home,547973,1,0,1
30106,2,home,641329,1,1,0
30106,2,home,671922,1,0,1
30106,2,home,656876,0,0,1
30106,2,home,656641,1,1,0
30106,2,home,686973,0,0,0
30106,2,away,695505,1,1,0
30106,2,away,666200,1,0,1
30106,2,away,661395,1,0,1
30106,2,away,695243,1,0,1
30106,2,away,628452,1,1,0
30106,2,away,808967,0,0,1
30106,3,home,547973,1,1,0
30106,3,home,641329,0,0,0
30106,3,home,671922,1,0,1
30106,3,home,656876,1,1,0
30106,3,home,656641,0,0,1
30106,3,home,686973,0,0,1
30106,3,away,695505,0,0,1
30106,3,away,666200,1,1,1
30106,3,away,661395,1,0,1
30106,3,away,695243,1,1,0
30106,3,away,628452,0,0,1
30106,3,away,808967,1,1,1
30106,4,home,547973,0,0,1
30106,4,home,641329,0,0,1
30106,4,home,671922,1,0,1
30106,4,home,656876,0,0,1
30106,4,home,656641,1,1,0
30106,4,home,686973,1,1,0
30106,4,away,695505,1,1,1
30106,4,away,666200,1,0,1
30106,4,away,661395,1,0,1
30106,4,away,695243,0,0,1
30106,4,away,628452,1,0,1
30106,4,away,808967,1,1,0
30107,1,home,547973,1,0,1
30107,1,home,641329,1,0,1
30107,1,home,671922,1,0,1
30107,1,home,656876,1,1,0
30107,1,home,656641,1,1,0
30107,1,home,686973,1,0,1
30107,1,away,695505,1,0,1
30107,1,away,666200,1,0,1
30107,1,away,661395,1,0,1
30107,1,away,695243,1,0,1
30107,1,away,628452,1,0,1
30107,1,away,808967,1,1,1
30107,2,home,547973,1,0,1
30107,2,home,641329,1,1,0
30107,2,home,671922,1,0,1
30107,2,home,656876,0,0,1
30107,2,home,656641,0,0,1
30107,2,home,686973,1,1,0
30107,2,away,695505,1,0,1
30107,2,away,666200,1,0,1
30107,2,away,661395,1,1,0
30107,2,away,695243,1,0,1
30107,2,away,628452,1,0,1
30107,2,away,808967,1,0,1
30107,3,home,547973,1,1,0
30107,3,home,641329,0,0,1
30107,3,home,671922,1,0,1
30107,3,home,656876,1,1,0
30107,3,home,656641,1,1,0
30107,3,home,686973,0,0,1
30107,3,away,695505,1,1,1
30107,3,away,666200,1,0,1
30107,3,away,661395,0,0,1
30107,3,away,695243,1,1,0
30107,3,away,628452,1,0,1
30107,3,away,808967,1,1,0
30107,4,home,547973,0,0,1
30107,4,home,641329,1,0,1
30107,4,home,671922,1,0,1
30107,4,home,656876,0,0,1
30107,4,home,656641,0,0,1
30107,4,home,686973,1,1,0
30107,4,away,695505,1,1,0
30107,4,away,666200,1,0,1
30107,4,away,661395,1,0,1
30107,4,away,695243,0,0,1
30107,4,away,628452,1,1,1
30107,4,away,808967,0,0,1
30108,1,home,547973,1,0,1
30108,1,home,641329,1,0,1
30108,1,home,671922,1,1,0
30108,1,home,656876,1,1,1
30108,1,home,656641,1,1,0
30108,1,home,686973,1,0,1
30108,1,away,695505,1,0,1
30108,1,away,666200,1,1,0
30108,1,away,661395,1,0,1
30108,1,away,695243,1,0,1
30108,1,away,628452,1,0,1
30108,1,away,808967,1,0,1
30108,2,home,547973,1,1,1
30108,2,home,641329,1,0,1
30108,2,home,671922,0,0,1
30108,2,home,656876,1,0,1
30108,2,home,656641,0,0,1
30108,2,home,686973,1,0,1
30108,2,away,695505,1,0,1
30108,2,away,666200,0,0,1
30108,2,away,661395,1,0,1
30108,2,away,695243,1,1,0
30108,2,away,628452,1,1,0
30108,2,away,808967,1,0,1
30108,3,home,547973,1,1,1
30108,3,home,641329,1,0,1
30108,3,home,671922,1,1,0
30108,3,home,656876,1,1,1
30108,3,home,656641,1,0,1
30108,3,home,686973,1,0,1
30108,3,away,695505,1,1,1
30108,3,away,666200,1,1,1
30108,3,away,661395,1,1,0
30108,3,away,695243,0,0,1
30108,3,away,628452,0,0,1
30108,3,away,808967,1,1,0
30108,4,home,547973,1,1,0
30108,4,home,641329,1,0,1
30108,4,home,671922,0,0,1
30108,4,home,656876,1,0,1
30108,4,home,656641,1,0,1
30108,4,home,686973,1,1,0
30108,4,away,695505,1,1,1
30108,4,away,666200,1,1,0
30108,4,away,661395,0,0,1
30108,4,away,695243,1,1,0
30108,4,away,628452,1,0,1
30108,4,away,808967,0,0,1
30109,1,home,547973,1,0,1
30109,1,home,641329,1,0,1
30109,1,home,671922,1,1,0
30109,1,home,656876,1,1,0
30109,1,home,656641,1,1,1
30109,1,home,686973,1,0,1
30109,1,away,695505,1,0,1
30109,1,away,666200,1,1,0
30109,1,away,661395,1,0,1
30109,1,away,695243,1,1,1
30109,1,away,628452,1,0,1
30109,1,away,808967,1,1,1
30109,2,home,547973,1,0,1
30109,2,home,641329,1,1,0
30109,2,home,671922,0,0,1
30109,2,home,656876,0,0,1
30109,2,home,656641,1,1,1
30109,2,home,686973,1,1,0
30109,2,away,695505,1,0,1
30109,2,away,666200,0,0,1
30109,2,away,661395,1,1,1
30109,2,away,695243,1,0,1
30109,2,away,628452,1,1,0
30109,2,away,808967,1,0,1
30109,3,home,547973,1,0,1
30109,3,home,641329,0,0,1
30109,3,home,671922,1,1,0
30109,3,home,656876,1,0,1
30109,3,home,656641,1,1,0
30109,3,home,686973,0,0,1
30109,3,away,695505,1,1,0
30109,3,away,666200,1,1,0
30109,3,away,661395,1,0,1
30109,3,away,695243,1,1,0
30109,3,away,628452,0,0,1
30109,3,away,808967,1,1,0
30109,4,home,547973,1,1,0
30109,4,home,641329,1,0,1
30109,4,home,671922,0,0,1
30109,4,home,656876,1,0,1
30109,4,home,656641,0,0,1
30109,4,home,686973,1,1,0
30109,4,away,695505,0,0,1
30109,4,away,666200,0,0,1
30109,4,away,661395,1,1,0
30109,4,away,695243,0,0,1
30109,4,away,628452,1,0,1
30109,4,away,808967,0,0,1
30110,1,home,547973,1,0,1
30110,1,home,641329,1,0,1
30110,1,home,671922,1,1,1
30110,1,home,656876,1,0,1
30110,1,home,656641,1,1,0
30110,1,home,686973,1,0,1
30110,1,away,695505,1,1,0
30110,1,away,666200,1,1,0
30110,1,away,661395,1,0,1
30110,1,away,695243,1,0,1
30110,1,away,628452,1,0,1
30110,1,away,808967,1,1,1
30110,2,home,547973,1,0,1
30110,2,home,641329,1,0,1
30110,2,home,671922,1,0,1
30110,2,home,656876,1,0,1
30110,2,home,656641,0,0,1
30110,2,home,686973,1,0,1
30110,2,away,695505,0,0,1
30110,2,away,666200,0,0,0
30110,2,away,661395,1,0,1
30110,2,away,695243,1,0,1
30110,2,away,628452,1,0,1
30110,2,away,808967,1,0,1
30110,3,home,547973,1,0,1
30110,3,home,641329,1,0,1
30110,3,home,671922,1,0,1
30110,3,home,656876,1,1,0
30110,3,home,656641,1,1,1
30110,3,home,686973,1,0,1
30110,3,away,695505,1,0,1
30110,3,away,666200,0,0,1
30110,3,away,661395,1,1,0
30110,3,away,695243,1,0,1
30110,3,away,628452,1,0,1
30110,3,away,808967,1,1,0
30110,4,home,547973,1,0,1
30110,4,home,641329,1,1,1
30110,4,home,671922,1,0,1
30110,4,home,656876,0,0,1
30110,4,home,656641,1,0,1
30110,4,home,686973,1,1,1
30110,4,away,695505,1,0,1
30110,4,away,666200,1,1,0
30110,4,away,661395,0,0,0
30110,4,away,695243,1,1,0
30110,4,away,628452,1,0,1
30110,4,away,808967,0,0,1
30111,1,home,547973,1,0,1
30111,1,home,641329,1,0,1
30111,1,home,671922,1,0,1
30111,1,home,656876,1,1,0
30111,1,home,656641,1,1,0
30111,1,home,686973,1,0,1
30111,1,away,695505,1,1,0
30111,1,away,666200,1,0,1
30111,1,away,661395,1,0,1
30111,1,away,695243,1,0,1
30111,1,away,628452,1,0,1
30111,1,away,808967,1,1,1
30111,2,home,547973,1,0,1
30111,2,home,641329,1,1,1
30111,2,home,671922,1,0,1
30111,2,home,656876,0,0,1
30111,2,home,656641,0,0,1
30111,2,home,686973,1,1,0
30111,2,away,695505,0,0,1
30111,2,away,666200,1,1,0
30111,2,away,661395,1,0,1
30111,2,away,695243,1,1,0
30111,2,away,628452,1,0,1
30111,2,away,808967,1,1,0
30111,3,home,547973,1,1,0
30111,3,home,641329,1,1,0
30111,3,home,671922,1,0,1
30111,3,home,656876,1,0,1
30111,3,home,656641,1,0,1
30111,3,home,686973,0,0,1
30111,3,away,695505,1,0,1
30111,3,away,666200,0,0,1
30111,3,away,661395,1,1,1
30111,3,away,695243,0,0,1
30111,3,away,628452,1,0,1
30111,3,away,808967,0,0,1
30111,4,home,547973,0,0,1
30111,4,home,641329,0,0,0
30111,4,home,671922,1,0,1
30111,4,home,656876,1,0,1
30111,4,home,656641,1,0,1
30111,4,home,686973,1,0,1
30111,4,away,695505,1,0,1
30111,4,away,666200,1,0,1
30111,4,away,661395,1,0,1
30111,4,away,695243,1,0,1
30111,4,away,628452,1,0,1
30111,4,away,808967,1,0,1
30112,1,home,547973,1,1,0
30112,1,home,641329,1,0,1
30112,1,home,671922,1,1,0
30112,1,home,656876,1,1,1
30112,1,home,656641,1,1,0
30112,1,home,686973,1,0,1
30112,1,away,695505,1,1,0
30112,1,away,666200,1,1,0
30112,1,away,661395,1,0,1
30112,1,away,695243,1,1,0
30112,1,away,628452,1,0,1
30112,1,away,808967,1,0,1
30112,2,home,547973,0,0,1
30112,2,home,641329,1,1,1
30112,2,home,671922,0,0,1
30112,2,home,656876,1,1,1
30112,2,home,656641,0,0,1
30112,2,home,686973,1,1,0
30112,2,away,695505,0,0,1
30112,2,away,666200,0,0,1
30112,2,away,661395,1,1,1
30112,2,away,695243,0,0,1
30112,2,away,628452,1,1,1
30112,2,away,808967,1,1,1
30112,3,home,547973,1,0,1
30112,3,home,641329,1,0,1
30112,3,home,671922,1,0,1
30112,3,home,656876,1,1,0
30112,3,home,656641,1,1,0
30112,3,home,686973,0,0,1
30112,3,away,695505,1,0,1
30112,3,away,666200,1,0,1
30112,3,away,661395,1,1,1
30112,3,away,695243,1,0,1
30112,3,away,628452,1,1,1
30112,3,away,808967,1,0,1
30112,4,home,547973,1,0,1
30112,4,home,641329,1,1,1
30112,4,home,671922,1,0,1
30112,4,home,656876,0,0,1
30112,4,home,656641,0,0,1
30112,4,home,686973,1,1,0
30112,4,away,695505,1,1,0
30112,4,away,666200,1,1,0
30112,4,away,661395,1,0,1
30112,4,away,695243,1,1,1
30112,4,away,628452,1,0,1
30112,4,away,808967,1,1,0
30113,1,home,547973,1,0,1
30113,1,home,641329,1,0,1
30113,1,home,671922,1,1,0
30113,1,home,656876,1,1,0
30113,1,home,656641,1,1,1
30113,1,home,686973,1,0,1
30113,1,away,695505,1,0,1
30113,1,away,666200,1,0,1
30113,1,away,661395,1,0,1
30113,1,away,695243,1,0,1
30113,1,away,628452,1,1,1
30113,1,away,808967,1,1,1
30113,2,home,547973,1,0,1
30113,2,home,641329,1,0,1
30113,2,home,671922,0,0,1
30113,2,home,656876,0,0,1
30113,2,home,656641,1,0,1
30113,2,home,686973,1,0,1
30113,2,away,695505,1,0,1
30113,2,away,666200,1,0,1
30113,2,away,661395,1,0,1
30113,2,away,695243,1,0,1
30113,2,away,628452,1,1,0
30113,2,away,808967,1,0,1
30113,3,home,547973,1,0,1
30113,3,home,641329,1,0,1
30113,3,home,671922,1,1,1
30113,3,home,656876,1,1,1
30113,3,home,656641,1,1,0
30113,3,home,686973,1,0,1
30113,3,away,695505,1,0,1
30113,3,away,666200,1,0,1
30113,3,away,661395,1,0,1
30113,3,away,695243,1,1,1
30113,3,away,628452,0,0,1
30113,3,away,808967,1,1,1
30113,4,home,547973,1,1,1
30113,4,home,641329,1,0,1
30113,4,home,671922,1,1,1
30113,4,home,656876,1,0,1
30113,4,home,656641,0,0,1
30113,4,home,686973,1,0,1
30113,4,away,695505,1,0,1
30113,4,away,666200,1,0,1
30113,4,away,661395,1,0,1
30113,4,away,695243,1,1,0
30113,4,away,628452,1,1,0
30113,4,away,808967,1,1,0
30114,1,home,547973,1,0,1
30114,1,home,641329,1,0,1
30114,1,home,671922,1,0,1
30114,1,home,656876,1,0,1
30114,1,home,656641,1,1,1
30114,1,home,686973,1,0,1
30114,1,away,695505,1,0,1
30114,1,away,666200,1,0,1
30114,1,away,661395,1,1,0
30114,1,away,695243,1,0,1
30114,1,away,628452,1,0,1
30114,1,away,808967,1,0,1
30114,2,home,547973,1,0,1
30114,2,home,641329,1,1,0
30114,2,home,671922,1,0,1
30114,2,home,656876,1,0,1
30114,2,home,656641,1,0,1
30114,2,home,686973,1,0,1
30114,2,away,695505,1,0,1
30114,2,away,666200,1,0,1
30114,2,away,661395,0,0,1
30114,2,away,695243,1,0,1
30114,2,away,628452,1,1,0
30114,2,away,808967,1,0,1
30114,3,home,547973,1,0,1
30114,3,home,641329,0,0,1
30114,3,home,671922,1,0,1
30114,3,home,656876,1,0,1
30114,3,home,656641,1,0,1
30114,3,home,686973,1,0,1
30114,3,away,695505,1,0,1
30114,3,away,666200,1,0,1
30114,3,away,661395,1,0,1
30114,3,away,695243,1,0,1
30114,3,away,628452,0,0,1
30114,3,away,808967,1,0,1
30114,4,home,547973,1,0,1
30114,4,home,641329,1,0,1
30114,4,home,671922,1,1,0
30114,4,home,656876,1,1,0
30114,4,home,656641,1,1,0
30114,4,home,686973,1,0,1
30114,4,away,695505,1,1,0
30114,4,away,666200,1,1,0
30114,4,away,661395,1,0,1
30114,4,away,695243,1,0,1
30114,4,away,628452,1,0,1
30114,4,away,808967,1,1,0
30115,1,home,547973,1,0,1
30115,1,home,641329,1,0,1
30115,1,home,671922,1,0,1
30115,1,home,656876,1,0,1
30115,1,home,656641,1,1,0
30115,1,home,686973,1,1,1
30115,1,away,695505,1,0,1
30115,1,away,666200,1,0,1
30115,1,away,661395,1,0,1
30115,1,away,695243,1,0,1
30115,1,away,628452,1,1,1
30115,1,away,808967,1,1,0
30115,2,home,547973,1,1,0
30115,2,home,641329,1,1,0
30115,2,home,671922,1,1,0
30115,2,home,656876,1,0,1
30115,2,home,656641,0,0,1
30115,2,home,686973,1,0,1
30115,2,away,695505,1,1,0
30115,2,away,666200,1,1,0
30115,2,away,661395,1,0,1
30115,2,away,695243,1,0,1
30115,2,away,628452,1,1,0
30115,2,away,808967,0,0,0
30115,3,home,547973,0,0,1
30115,3,home,641329,0,0,1
30115,3,home,671922,0,0,1
30115,3,home,656876,1,0,1
30115,3,home,656641,1,1,0
30115,3,home,686973,1,1,0
30115,3,away,695505,0,0,1
30115,3,away,666200,0,0,0
30115,3,away,661395,1,1,1
30115,3,away,695243,1,0,1
30115,3,away,628452,0,0,1
30115,3,away,808967,0,0,1
30115,4,home,547973,1,1,0
30115,4,home,641329,1,1,0
30115,4,home,671922,1,1,1
30115,4,home,656876,1,1,0
30115,4,home,656641,0,0,1
30115,4,home,686973,0,0,1
30115,4,away,695505,1,1,0
30115,4,away,666200,0,0,1
30115,4,away,661395,1,1,0
30115,4,away,695243,1,1,0
30115,4,away,628452,1,1,0
30115,4,away,808967,1,1,1
30116,1,home,547973,1,0,1
30116,1,home,641329,1,0,1
30116,1,home,671922,1,0,1
30116,1,home,656876,1,0,1
30116,1,home,656641,1,1,0
30116,1,home,686973,1,1,1
30116,1,away,695505,1,0,1
30116,1,away,666200,1,0,1
30116,1,away,661395,1,0,1
30116,1,away,695243,1,1,0
30116,1,away,628452,1,0,1
30116,1,away,808967,1,1,1
30116,2,home,547973,1,0,1
30116,2,home,641329,1,1,0
30116,2,home,671922,1,0,1
30116,2,home,656876,1,1,0
30116,2,home,656641,0,0,1
30116,2,home,686973,1,1,1
30116,2,away,695505,1,0,1
30116,2,away,666200,1,0,1
30116,2,away,661395,1,1,0
30116,2,away,695243,0,0,1
30116,2,away,628452,1,0,1
30116,2,away,808967,1,0,1
30116,3,home,547973,1,1,0
30116,3,home,641329,0,0,0
30116,3,home,671922,1,1,1
30116,3,home,656876,0,0,1
30116,3,home,656641,1,1,0
30116,3,home,686973,1,0,1
30116,3,away,695505,1,1,1
30116,3,away,666200,1,0,1
30116,3,away,661395,0,0,1
30116,3,away,695243,1,0,1
30116,3,away,628452,1,1,0
30116,3,away,808967,1,1,1
30116,4,home,547973,0,0,1
30116,4,home,641329,0,0,1
30116,4,home,671922,1,1,0
30116,4,home,656876,1,1,0
30116,4,home,656641,0,0,1
30116,4,home,686973,1,1,0
30116,4,away,695505,1,0,1
30116,4,away,666200,1,0,1
30116,4,away,661395,1,1,0
30116,4,away,695243,1,1,1
30116,4,away,628452,0,0,1
30116,4,away,808967,1,0,1
30117,1,home,547973,1,1,0
30117,1,home,641329,1,0,1
30117,1,home,671922,1,1,0
30117,1,home,656876,1,1,0
30117,1,home,656641,1,1,0
30117,1,home,686973,1,0,1
30117,1,away,695505,1,1,0
30117,1,away,666200,1,1,1
30117,1,away,661395,1,0,1
30117,1,away,695243,1,1,1
30117,1,away,628452,1,1,0
30117,1,away,808967,1,1,0
30117,2,home,547973,0,0,1
30117,2,home,641329,1,1,1
30117,2,home,671922,0,0,1
30117,2,home,656876,0,0,1
30117,2,home,656641,0,0,1
30117,2,home,686973,1,1,0
30117,2,away,695505,0,0,1
30117,2,away,666200,1,0,1
30117,2,away,661395,1,1,0
30117,2,away,695243,1,1,0
30117,2,away,628452,0,0,1
30117,2,away,808967,0,0,1
30117,3,home,547973,1,0,1
30117,3,home,641329,1,1,0
30117,3,home,671922,1,0,1
30117,3,home,656876,1,0,1
30117,3,home,656641,1,1,1
30117,3,home,686973,0,0,1
30117,3,away,695505,1,0,1
30117,3,away,666200,1,0,1
30117,3,away,661395,0,0,1
30117,3,away,695243,0,0,1
30117,3,away,628452,1,0,1
30117,3,away,808967,1,1,1
30117,4,home,547973,1,1,0
30117,4,home,641329,0,0,1
30117,4,home,671922,1,1,0
30117,4,home,656876,1,1,0
30117,4,home,656641,1,1,1
30117,4,home,686973,1,0,1
30117,4,away,695505,1,0,1
30117,4,away,666200,1,0,1
30117,4,away,661395,1,1,0
30117,4,away,695243,1,0,1
30117,4,away,628452,1,0,1
30117,4,away,808967,1,0,1
30118,1,home,547973,1,1,0
30118,1,home,641329,1,0,1
30118,1,home,671922,1,1,1
30118,1,home,656876,1,1,1
30118,1,home,656641,1,1,1
30118,1,home,686973,1,1,0
30118,1,away,695505,1,0,1
30118,1,away,666200,1,1,0
30118,1,away,661395,1,0,1
30118,1,away,695243,1,1,0
30118,1,away,628452,1,1,0
30118,1,away,808967,1,1,1
30118,2,home,547973,0,0,1
30118,2,home,641329,1,1,0
30118,2,home,671922,1,0,1
30118,2,home,656876,1,1,0
30118,2,home,656641,1,1,1
30118,2,home,686973,0,0,1
30118,2,away,695505,1,1,0
30118,2,away,666200,0,0,1
30118,2,away,661395,1,0,1
30118,2,away,695243,0,0,0
30118,2,away,628452,0,0,1
30118,2,away,808967,1,1,0
30118,3,home,547973,1,1,1
30118,3,home,641329,0,0,1
30118,3,home,671922,1,1,1
30118,3,home,656876,0,0,1
30118,3,home,656641,1,1,0
30118,3,home,686973,1,1,1
30118,3,away,695505,0,0,1
30118,3,away,666200,1,0,1
30118,3,away,661395,1,0,1
30118,3,away,695243,0,0,1
30118,3,away,628452,1,1,0
30118,3,away,808967,0,0,0
30118,4,home,547973,1,1,0
30118,4,home,641329,1,1,0
30118,4,home,671922,1,1,1
30118,4,home,656876,1,0,1
30118,4,home,656641,0,0,1
30118,4,home,686973,1,0,1
30118,4,away,695505,1,0,1
30118,4,away,666200,1,1,1
30118,4,away,661395,1,1,0
30118,4,away,695243,1,1,1
30118,4,away,628452,0,0,1
30118,4,away,808967,0,0,1
30119,1,home,547973,1,1,0
30119,1,home,641329,1,0,1
30119,1,home,671922,1,0,1
30119,1,home,656876,1,1,0
30119,1,home,656641,1,1,1
30119,1,home,686973,1,0,1
30119,1,away,695505,1,1,1
30119,1,away,666200,1,1,0
30119,1,away,661395,1,0,1
30119,1,away,695243,1,1,0
30119,1,away,628452,1,0,1
30119,1,away,808967,1,1,1
30119,2,home,547973,0,0,1
30119,2,home,641329,1,1,0
30119,2,home,671922,1,0,1
30119,2,home,656876,0,0,1
30119,2,home,656641,1,0,1
30119,2,home,686973,1,1,1
30119,2,away,695505,1,1,0
30119,2,away,666200,0,0,1
30119,2,away,661395,1,1,0
30119,2,away,695243,0,0,1
30119,2,away,628452,1,1,1
30119,2,away,808967,1,0,1
30119,3,home,547973,1,0,1
30119,3,home,641329,0,0,1
30119,3,home,671922,1,1,0
30119,3,home,656876,1,1,0
30119,3,home,656641,1,0,1
30119,3,home,686973,1,0,1
30119,3,away,695505,0,0,1
30119,3,away,666200,1,1,0
30119,3,away,661395,0,0,0
30119,3,away,695243,1,1,0
30119,3,away,628452,1,0,1
30119,3,away,808967,1,0,1
30119,4,home,547973,1,0,1
30119,4,home,641329,1,0,1
30119,4,home,671922,0,0,1
30119,4,home,656876,0,0,1
30119,4,home,656641,1,1,1
30119,4,home,686973,1,1,0
30119,4,away,695505,1,1,1
30119,4,away,666200,0,0,0
30119,4,away,661395,0,0,1
30119,4,away,695243,0,0,1
30119,4,away,628452,1,1,0
30119,4,away,808967,1,0,1
30120,1,home,547973,1,1,1
30120,1,home,641329,1,0,1
30120,1,home,671922,1,1,0
30120,1,home,656876,1,1,0
30120,1,home,656641,1,0,1
30120,1,home,686973,1,0,1
30120,1,away,695505,1,0,1
30120,1,away,666200,1,0,1
30120,1,away,661395,1,0,1
30120,1,away,695243,1,1,0
30120,1,away,628452,1,0,1
30120,1,away,808967,1,1,0
30120,2,home,547973,1,0,1
30120,2,home,641329,1,0,1
30120,2,home,671922,0,0,1
30120,2,home,656876,0,0,1
30120,2,home,656641,1,0,1
30120,2,home,686973,1,0,1
30120,2,away,695505,1,0,1
30120,2,away,666200,1,0,1
30120,2,away,661395,1,0,1
30120,2,away,695243,0,0,1
30120,2,away,628452,1,0,1
30120,2,away,808967,0,0,0
30120,3,home,547973,1,1,1
30120,3,home,641329,1,0,1
30120,3,home,671922,1,0,1
30120,3,home,656876,1,0,1
30120,3,home,656641,1,0,1
30120,3,home,686973,1,1,1
30120,3,away,695505,1,1,1
30120,3,away,666200,1,0,1
30120,3,away,661395,1,0,1
30120,3,away,695243,1,0,1
30120,3,away,628452,1,1,0
30120,3,away,808967,0,0,1
30120,4,home,547973,1,1,0
30120,4,home,641329,1,1,1
30120,4,home,671922,1,0,1
30120,4,home,656876,1,0,1
30120,4,home,656641,1,0,1
30120,4,home,686973,1,1,0
30120,4,away,695505,1,1,0
30120,4,away,666200,1,1,0
30120,4,away,661395,1,0,1
30120,4,away,695243,1,1,0
30120,4,away,628452,0,0,1
30120,4,away,808967,1,1,1
30121,1,home,547973,1,0,1
30121,1,home,641329,1,1,1
30121,1,home,671922,1,0,1
30121,1,home,656876,1,0,1
30121,1,home,656641,1,0,1
30121,1,home,686973,1,1,1
30121,1,away,695505,1,0,1
30121,1,away,666200,1,0,1
30121,1,away,661395,1,1,0
30121,1,away,695243,1,0,1
30121,1,away,628452,1,0,1
30121,1,away,808967,1,0,1
30121,2,home,547973,1,0,1
30121,2,home,641329,1,0,1
30121,2,home,671922,1,0,1
30121,2,home,656876,1,1,1
30121,2,home,656641,1,0,1
30121,2,home,686973,1,1,1
30121,2,away,695505,1,1,0
30121,2,away,666200,1,0,1
30121,2,away,661395,0,0,1
30121,2,away,695243,1,0,1
30121,2,away,628452,1,0,1
30121,2,away,808967,1,1,0
30121,3,home,547973,1,1,0
30121,3,home,641329,1,1,0
30121,3,home,671922,1,1,1
30121,3,home,656876,1,1,1
30121,3,home,656641,1,1,0
30121,3,home,686973,1,0,1
30121,3,away,695505,0,0,1
30121,3,away,666200,1,1,1
30121,3,away,661395,1,1,0
30121,3,away,695243,1,0,1
30121,3,away,628452,1,1,0
30121,3,away,808967,0,0,1
30121,4,home,547973,0,0,1
30121,4,home,641329,0,0,0
30121,4,home,671922,1,1,0
30121,4,home,656876,1,1,0
30121,4,home,656641,0,0,0
30121,4,home,686973,1,1,1
30121,4,away,695505,1,0,1
30121,4,away,666200,1,0,1
30121,4,away,661395,0,0,1
30121,4,away,695243,1,0,1
30121,4,away,628452,0,0,1
30121,4,away,808967,1,1,0
30122,1,home,547973,1,0,1
30122,1,home,641329,1,0,1
30122,1,home,671922,1,0,1
30122,1,home,656876,1,1,0
30122,1,home,656641,1,1,0
30122,1,home,686973,1,0,1
30122,1,away,695505,1,0,1
30122,1,away,666200,1,0,1
30122,1,away,661395,1,0,1
30122,1,away,695243,1,0,1
30122,1,away,628452,1,1,0
30122,1,away,808967,1,1,0
30122,2,home,547973,1,0,1
30122,2,home,641329,1,1,0
30122,2,home,671922,1,0,1
30122,2,home,656876,0,0,1
30122,2,home,656641,0,0,1
30122,2,home,686973,1,1,0
30122,2,away,695505,1,1,1
30122,2,away,666200,1,0,1
30122,2,away,661395,1,1,0
30122,2,away,695243,1,0,1
30122,2,away,628452,0,0,1
30122,2,away,808967,0,0,1
30122,3,home,547973,1,1,0
30122,3,home,641329,0,0,1
30122,3,home,671922,1,1,1
30122,3,home,656876,1,1,0
30122,3,home,656641,1,1,0
30122,3,home,686973,0,0,1
30122,3,away,695505,1,1,0
30122,3,away,666200,1,1,0
30122,3,away,661395,0,0,1
30122,3,away,695243,1,0,1
30122,3,away,628452,1,0,1
30122,3,away,808967,1,0,1
30122,4,home,547973,0,0,1
30122,4,home,641329,1,1,0
30122,4,home,671922,1,1,1
30122,4,home,656876,0,0,1
30122,4,home,656641,0,0,1
30122,4,home,686973,1,1,0
30122,4,away,695505,0,0,1
30122,4,away,666200,0,0,1
30122,4,away,661395,1,0,1
30122,4,away,695243,1,1,0
30122,4,away,628452,1,0,1
30122,4,away,808967,1,1,0
30123,1,home,547973,1,1,0
30123,1,home,641329,1,0,1
30123,1,home,671922,1,1,1
30123,1,home,656876,1,0,1
30123,1,home,656641,1,1,0
30123,1,home,686973,1,0,1
30123,1,away,695505,1,1,0
30123,1,away,666200,1,1,1
30123,1,away,661395,1,0,1
30123,1,away,695243,1,0,1
30123,1,away,628452,1,0,1
30123,1,away,808967,1,0,1
30123,2,home,547973,0,0,1
30123,2,home,641329,1,1,0
30123,2,home,671922,1,0,1
30123,2,home,656876,1,0,1
30123,2,home,656641,0,0,1
30123,2,home,686973,1,1,0
30123,2,away,695505,0,0,1
30123,2,away,666200,1,1,1
30123,2,away,661395,1,1,0
30123,2,away,695243,1,0,1
30123,2,away,628452,1,1,1
30123,2,away,808967,1,1,1
30123,3,home,547973,1,0,1
30123,3,home,641329,0,0,1
30123,3,home,671922,1,0,1
30123,3,home,656876,1,1,0
30123,3,home,656641,1,1,0
30123,3,home,686973,0,0,1
30123,3,away,695505,1,1,0
30123,3,away,666200,1,0,1
30123,3,away,661395,0,0,1
30123,3,away,695243,1,1,0
30123,3,away,628452,1,1,0
30123,3,away,808967,1,0,1
30123,4,home,547973,1,1,0
30123,4,home,641329,1,0,1
30123,4,home,671922,1,1,0
30123,4,home,656876,0,0,1
30123,4,home,656641,0,0,1
30123,4,home,686973,1,1,1
30123,4,away,695505,0,0,1
30123,4,away,666200,1,1,0
30123,4,away,661395,1,0,1
30123,4,away,695243,0,0,1
30123,4,away,628452,0,0,1
30123,4,away,808967,1,0,1
30124,1,home,547973,1,1,1
30124,1,home,641329,1,0,1
30124,1,home,671922,1,1,0
30124,1,home,656876,1,1,0
30124,1,home,656641,1,1,1
30124,1,home,686973,1,0,1
30124,1,away,695505,1,1,0
30124,1,away,666200,1,1,1
30124,1,away,661395,1,1,0
30124,1,away,695243,1,1,0
30124,1,away,628452,1,0,1
30124,1,away,808967,1,0,1
30124,2,home,547973,1,1,1
30124,2,home,641329,1,0,1
30124,2,home,671922,0,0,1
30124,2,home,656876,0,0,1
30124,2,home,656641,1,1,0
30124,2,home,686973,1,1,0
30124,2,away,695505,0,0,1
30124,2,away,666200,1,1,0
30124,2,away,661395,0,0,1
30124,2,away,695243,0,0,1
30124,2,away,628452,1,1,0
30124,2,away,808967,1,1,0
30124,3,home,547973,1,0,1
30124,3,home,641329,1,0,1
30124,3,home,671922,1,0,1
30124,3,home,656876,1,0,1
30124,3,home,656641,0,0,1
30124,3,home,686973,0,0,1
30124,3,away,695505,1,0,1
30124,3,away,666200,0,0,1
30124,3,away,661395,1,0,1
30124,3,away,695243,1,0,1
30124,3,away,628452,0,0,1
30124,3,away,808967,0,0,1
30124,4,home,547973,1,1,1
30124,4,home,641329,1,1,1
30124,4,home,671922,1,0,1
30124,4,home,656876,1,1,1
30124,4,home,656641,1,1,1
30124,4,home,686973,1,0,1
30124,4,away,695505,1,1,0
30124,4,away,666200,1,1,0
30124,4,away,661395,1,0,1
30124,4,away,695243,1,1,1
30124,4,away,628452,1,0,1
30124,4,away,808967,1,1,0
30125,1,home,547973,1,1,0
30125,1,home,641329,1,0,1
30125,1,home,671922,1,0,1
30125,1,home,656876,1,1,0
30125,1,home,656641,1,1,0
30125,1,home,686973,1,0,1
30125,1,away,695505,1,1,1
30125,1,away,666200,1,1,0
30125,1,away,661395,1,0,1
30125,1,away,695243,1,1,1
30125,1,away,628452,1,0,1
30125,1,away,808967,1,0,1
30125,2,home,547973,0,0,1
30125,2,home,641329,1,1,0
30125,2,home,671922,1,1,0
30125,2,home,656876,0,0,0
30125,2,home,656641,0,0,1
30125,2,home,686973,1,1,0
30125,2,away,695505,1,1,0
30125,2,away,666200,0,0,1
30125,2,away,661395,1,1,1
30125,2,away,695243,1,1,0
30125,2,away,628452,1,0,1
30125,2,away,808967,1,1,0
30125,3,home,547973,1,0,1
30125,3,home,641329,0,0,1
30125,3,home,671922,0,0,1
30125,3,home,656876,0,0,1
30125,3,home,656641,1,1,0
30125,3,home,686973,0,0,1
30125,3,away,695505,0,0,1
30125,3,away,666200,1,1,1
30125,3,away,661395,1,1,0
30125,3,away,695243,0,0,1
30125,3,away,628452,1,1,1
30125,3,away,808967,0,0,1
30125,4,home,547973,1,0,1
30125,4,home,641329,1,0,1
30125,4,home,671922,1,1,1
30125,4,home,656876,1,0,1
30125,4,home,656641,0,0,1
30125,4,home,686973,1,1,0
30125,4,away,695505,1,0,1
30125,4,away,666200,1,0,1
30125,4,away,661395,0,0,1
30125,4,away,695243,1,0,1
30125,4,away,628452,1,1,1
30125,4,away,808967,1,0,1
30126,1,home,547973,1,0,1
30126,1,home,641329,1,0,1
30126,1,home,671922,1,1,0
30126,1,home,656876,1,1,1
30126,1,home,656641,1,0,1
30126,1,home,686973,1,0,1
30126,1,away,695505,1,1,1
30126,1,away,666200,1,1,0
30126,1,away,661395,1,0,1
30126,1,away,695243,1,1,0
30126,1,away,628452,1,0,1
30126,1,away,808967,1,0,1
30126,2,home,547973,1,0,1
30126,2,home,641329,1,0,1
30126,2,home,671922,0,0,1
30126,2,home,656876,1,1,0
30126,2,home,656641,1,1,0
30126,2,home,686973,1,0,1
30126,2,away,695505,1,1,0
30126,2,away,666200,0,0,0
30126,2,away,661395,1,0,1
30126,2,away,695243,0,0,1
30126,2,away,628452,1,1,0
30126,2,away,808967,1,1,1
30126,3,home,547973,1,0,1
30126,3,home,641329,1,0,1
30126,3,home,671922,1,1,0
30126,3,home,656876,0,0,0
30126,3,home,656641,0,0,1
30126,3,home,686973,1,1,1
30126,3,away,695505,0,0,1
30126,3,away,666200,0,0,1
30126,3,away,661395,1,1,0
30126,3,away,695243,1,1,0
30126,3,away,628452,0,0,1
30126,3,away,808967,1,0,1
30126,4,home,547973,1,1,1
30126,4,home,641329,1,1,0
30126,4,home,671922,0,0,1
30126,4,home,656876,0,0,1
30126,4,home,656641,1,1,0
30126,4,home,686973,1,1,0
30126,4,away,695505,1,1,0
30126,4,away,666200,1,0,1
30126,4,away,661395,0,0,0
30126,4,away,695243,0,0,1
30126,4,away,628452,1,1,1
30126,4,away,808967,1,0,1
30127,1,home,547973,1,0,1
30127,1,home,641329,1,0,1
30127,1,home,671922,1,0,1
30127,1,home,656876,1,1,1
30127,1,home,656641,1,0,1
30127,1,home,686973,1,1,0
30127,1,away,695505,1,1,0
30127,1,away,666200,1,1,1
30127,1,away,661395,1,0,1
30127,1,away,695243,1,0,1
30127,1,away,628452,1,0,1
30127,1,away,808967,1,0,1
30127,2,home,547973,1,0,1
30127,2,home,641329,1,1,0
30127,2,home,671922,1,0,1
30127,2,home,656876,1,0,1
30127,2,home,656641,1,1,0
30127,2,home,686973,0,0,1
30127,2,away,695505,0,0,1
30127,2,away,666200,1,1,0
30127,2,away,661395,1,0,1
30127,2,away,695243,1,1,0
30127,2,away,628452,1,0,1
30127,2,away,808967,1,0,1
30127,3,home,547973,1,1,1
30127,3,home,641329,0,0,1
30127,3,home,671922,1,1,0
30127,3,home,656876,1,1,0
30127,3,home,656641,0,0,1
30127,3,home,686973,1,0,1
30127,3,away,695505,1,0,1
30127,3,away,666200,0,0,1
30127,3,away,661395,1,0,1
30127,3,away,695243,0,0,1
30127,3,away,628452,1,1,0
30127,3,away,808967,1,1,0
30127,4,home,547973,1,1,0
30127,4,home,641329,1,0,1
30127,4,home,671922,0,0,1
30127,4,home,656876,0,0,1
30127,4,home,656641,1,1,0
30127,4,home,686973,1,1,0
30127,4,away,695505,1,1,0
30127,4,away,666200,1,0,1
30127,4,away,661395,1,1,1
30127,4,away,695243,1,0,1
30127,4,away,628452,0,0,1
30127,4,away,808967,0,0,1
30128,1,home,547973,1,0,1
30128,1,home,641329,1,0,1
30128,1,home,671922,1,1,0
30128,1,home,656876,1,1,0
30128,1,home,656641,1,1,1
30128,1,home,686973,1,0,1
30128,1,away,695505,1,0,1
30128,1,away,666200,1,1,0
30128,1,away,661395,1,0,1
30128,1,away,695243,1,0,1
30128,1,away,628452,1,0,1
30128,1,away,808967,1,1,0
30128,2,home,547973,1,0,1
30128,2,home,641329,1,0,1
30128,2,home,671922,0,0,1
30128,2,home,656876,0,0,1
30128,2,home,656641,1,1,0
30128,2,home,686973,1,0,1
30128,2,away,695505,1,0,1
30128,2,away,666200,0,0,1
30128,2,away,661395,1,0,1
30128,2,away,695243,1,0,1
30128,2,away,628452,1,0,1
30128,2,away,808967,0,0,1
30128,3,home,547973,1,0,1
30128,3,home,641329,1,0,1
30128,3,home,671922,1,0,1
30128,3,home,656876,1,0,1
30128,3,home,656641,0,0,0
30128,3,home,686973,1,1,1
30128,3,away,695505,1,0,1
30128,3,away,666200,1,0,1
30128,3,away,661395,1,0,1
30128,3,away,695243,1,0,1
30128,3,away,628452,1,0,1
30128,3,away,808967,1,1,0
30128,4,home,547973,1,1,0
30128,4,home,641329,1,0,1
30128,4,home,671922,1,1,0
30128,4,home,656876,1,1,1
30128,4,home,656641,0,0,1
30128,4,home,686973,1,1,0
30128,4,away,695505,1,1,1
30128,4,away,666200,1,1,1
30128,4,away,661395,1,1,0
30128,4,away,695243,1,1,0
30128,4,away,628452,1,1,0
30128,4,away,808967,0,0,1
30129,1,home,547973,1,0,1
30129,1,home,641329,1,0,1
30129,1,home,671922,1,0,1
30129,1,home,656876,1,0,1
30129,1,home,656641,1,0,1
30129,1,home,686973,1,0,1
30129,1,away,695505,1,0,1
30129,1,away,666200,1,0,1
30129,1,away,661395,1,0,1
30129,1,away,695243,1,0,1
30129,1,away,628452,1,0,1
30129,1,away,808967,1,0,1
30129,2,home,547973,1,0,1
30129,2,home,641329,1,0,1
30129,2,home,671922,1,0,1
30129,2,home,656876,1,0,1
30129,2,home,656641,1,1,0
30129,2,home,686973,1,0,1
30129,2,away,695505,1,1,0
30129,2,away,666200,1,0,1
30129,2,away,661395,1,1,0
30129,2,away,695243,1,0,1
30129,2,away,628452,1,0,1
30129,2,away,808967,1,0,1
30129,3,home,547973,1,0,1
30129,3,home,641329,1,0,1
30129,3,home,671922,1,0,1
30129,3,home,656876,1,1,0
30129,3,home,656641,0,0,1
30129,3,home,686973,1,0,1
30129,3,away,695505,0,0,1
30129,3,away,666200,1,0,1
30129,3,away,661395,0,0,1
30129,3,away,695243,1,0,1
30129,3,away,628452,1,1,0
30129,3,away,808967,1,0,1
30129,4,home,547973,1,1,0
30129,4,home,641329,1,0,1
30129,4,home,671922,1,1,1
30129,4,home,656876,0,0,0
30129,4,home,656641,1,1,1
30129,4,home,686973,1,0,1
30129,4,away,695505,1,1,0
30129,4,away,666200,1,1,0
30129,4,away,661395,1,0,1
30129,4,away,695243,1,1,0
30129,4,away,628452,0,0,1
30129,4,away,808967,1,1,0
30130,1,home,547973,1,1,1
30130,1,home,641329,1,0,1
30130,1,home,671922,1,0,1
30130,1,home,656876,1,1,0
30130,1,home,656641,1,0,1
30130,1,home,686973,1,0,1
30130,1,away,695505,1,1,1
30130,1,away,666200,1,0,1
30130,1,away,661395,1,1,0
30130,1,away,695243,1,0,1
30130,1,away,628452,1,0,1
30130,1,away,808967,1,1,0
30130,2,home,547973,1,0,1
30130,2,home,641329,1,1,0
30130,2,home,671922,1,0,1
30130,2,home,656876,0,0,1
30130,2,home,656641,1,1,0
30130,2,home,686973,1,1,0
30130,2,away,695505,1,1,0
30130,2,away,666200,1,0,1
30130,2,away,661395,0,0,1
30130,2,away,695243,1,0,1
30130,2,away,628452,1,1,1
30130,2,away,808967,0,0,1
30130,3,home,547973,1,0,1
30130,3,home,641329,0,0,1
30130,3,home,671922,1,0,1
30130,3,home,656876,1,1,0
30130,3,home,656641,0,0,1
30130,3,home,686973,0,0,1
30130,3,away,695505,0,0,1
30130,3,away,666200,1,0,1
30130,3,away,661395,1,1,0
30130,3,away,695243,1,0,1
30130,3,away,628452,1,1,0
30130,3,away,808967,1,0,1
30130,4,home,547973,1,0,1
30130,4,home,641329,1,1,0
30130,4,home,671922,1,0,1
30130,4,home,656876,0,0,1
30130,4,home,656641,1,1,0
30130,4,home,686973,1,0,1
30130,4,away,695505,1,0,1
30130,4,away,666200,1,0,1
30130,4,away,661395,0,0,1
30130,4,away,695243,1,0,1
30130,4,away,628452,0,0,1
30130,4,away,808967,1,1,1
30131,1,home,547973,1,0,1
30131,1,home,641329,1,1,0
30131,1,home,671922,1,0,1
30131,1,home,656876,1,1,0
30131,1,home,656641,1,1,1
30131,1,home,686973,1,0,1
30131,1,away,695505,1,0,1
30131,1,away,666200,1,0,1
30131,1,away,661395,1,1,0
30131,1,away,695243,1,0,1
30131,1,away,628452,1,1,0
30131,1,away,808967,1,0,1
30131,2,home,547973,1,1,0
30131,2,home,641329,0,0,1
30131,2,home,671922,1,0,1
30131,2,home,656876,0,0,1
30131,2,home,656641,1,1,0
30131,2,home,686973,1,1,0
30131,2,away,695505,1,1,1
30131,2,away,666200,1,1,1
30131,2,away,661395,0,0,1
30131,2,away,695243,1,1,0
30131,2,away,628452,0,0,1
30131,2,away,808967,1,0,1
30131,3,home,547973,0,0,1
30131,3,home,641329,1,0,1
30131,3,home,671922,1,0,1
30131,3,home,656876,1,0,1
30131,3,home,656641,0,0,0
30131,3,home,686973,0,0,1
30131,3,away,695505,1,0,1
30131,3,away,666200,1,0,1
30131,3,away,661395,1,0,1
30131,3,away,695243,0,0,1
30131,3,away,628452,1,0,1
30131,3,away,808967,1,0,1
30131,4,home,547973,1,1,0
30131,4,home,641329,1,0,1
30131,4,home,671922,1,0,1
30131,4,home,656876,1,0,1
30131,4,home,656641,0,0,1
30131,4,home,686973,1,0,1
30131,4,away,695505,1,0,1
30131,4,away,666200,1,0,1
30131,4,away,661395,1,1,1
30131,4,away,695243,1,0,1
30131,4,away,628452,1,0,1
30131,4,away,808967,1,0,1
30132,1,home,547973,1,0,1
30132,1,home,641329,1,1,0
30132,1,home,671922,1,0,1
30132,1,home,656876,1,0,1
30132,1,home,656641,1,0,1
30132,1,home,686973,1,1,0
30132,1,away,695505,1,1,0
30132,1,away,666200,1,0,1
30132,1,away,661395,1,0,1
30132,1,away,695243,1,0,1
30132,1,away,628452,1,0,1
30132,1,away,808967,1,0,1
30132,2,home,547973,1,1,0
30132,2,home,641329,0,0,1
30132,2,home,671922,1,1,0
30132,2,home,656876,1,1,0
30132,2,home,656641,1,0,1
30132,2,home,686973,0,0,1
30132,2,away,695505,0,0,1
30132,2,away,666200,1,1,0
30132,2,away,661395,1,0,1
30132,2,away,695243,1,1,0
30132,2,away,628452,1,1,1
30132,2,away,808967,1,0,1
30132,3,home,547973,0,0,1
30132,3,home,641329,1,1,1
30132,3,home,671922,0,0,1
30132,3,home,656876,0,0,1
30132,3,home,656641,1,1,0
30132,3,home,686973,1,1,1
30132,3,away,695505,1,0,1
30132,3,away,666200,0,0,1
30132,3,away,661395,1,1,1
30132,3,away,695243,0,0,1
30132,3,away,628452,1,1,0
30132,3,away,808967,1,0,1
30132,4,home,547973,1,0,1
30132,4,home,641329,1,0,1
30132,4,home,671922,1,0,1
30132,4,home,656876,1,0,1
30132,4,home,656641,0,0,1
30132,4,home,686973,1,0,1
30132,4,away,695505,1,0,1
30132,4,away,666200,1,0,1
30132,4,away,661395,1,0,1
30132,4,away,695243,1,0,1
30132,4,away,628452,0,0,1
30132,4,away,808967,1,0,1
30133,1,home,547973,1,1,1
30133,1,home,641329,1,1,0
30133,1,home,671922,1,0,1
30133,1,home,656876,1,0,1
30133,1,home,656641,1,0,1
30133,1,home,686973,1,1,0
30133,1,away,695505,1,1,0
30133,1,away,666200,1,0,1
30133,1,away,661395,1,0,1
30133,1,away,695243,1,0,1
30133,1,away,628452,1,1,0
30133,1,away,808967,1,1,0
30133,2,home,547973,1,1,0
30133,2,home,641329,0,0,1
30133,2,home,671922,1,1,0
30133,2,home,656876,1,1,0
30133,2,home,656641,1,1,0
30133,2,home,686973,0,0,1
30133,2,away,695505,0,0,1
30133,2,away,666200,1,1,0
30133,2,away,661395,1,1,1
30133,2,away,695243,1,1,0
30133,2,away,628452,0,0,1
30133,2,away,808967,0,0,0
30133,3,home,547973,0,0,1
30133,3,home,641329,1,1,0
30133,3,home,671922,0,0,0
30133,3,home,656876,0,0,1
30133,3,home,656641,0,0,0
30133,3,home,686973,1,1,0
30133,3,away,695505,1,1,0
30133,3,away,666200,0,0,1
30133,3,away,661395,1,1,1
30133,3,away,695243,0,0,0
30133,3,away,628452,1,1,0
30133,3,away,808967,0,0,1
30133,4,home,547973,1,1,0
30133,4,home,641329,0,0,1
30133,4,home,671922,0,0,1
30133,4,home,656876,1,0,1
30133,4,home,656641,0,0,1
30133,4,home,686973,0,0,1
30133,4,away,695505,0,0,1
30133,4,away,666200,1,1,1
30133,4,away,661395,1,1,0
30133,4,away,695243,0,0,1
30133,4,away,628452,0,0,1
30133,4,away,808967,1,0,1
30134,1,home,547973,1,1,1
30134,1,home,641329,1,0,1
30134,1,home,671922,1,0,1
30134,1,home,656876,1,0,1
30134,1,home,656641,1,0,1
30134,1,home,686973,1,0,1
30134,1,away,695505,1,0,1
30134,1,away,666200,1,0,1
30134,1,away,661395,1,0,1
30134,1,away,695243,1,0,1
30134,1,away,628452,1,1,1
30134,1,away,808967,1,0,1
30134,2,home,547973,1,0,1
30134,2,home,641329,1,0,1
30134,2,home,671922,1,1,0
30134,2,home,656876,1,1,0
30134,2,home,656641,1,1,0
30134,2,home,686973,1,0,1
30134,2,away,695505,1,1,0
30134,2,away,666200,1,0,1
30134,2,away,661395,1,0,1
30134,2,away,695243,1,0,1
30134,2,away,628452,1,0,1
30134,2,away,808967,1,0,1
30134,3,home,547973,1,1,1
30134,3,home,641329,1,0,1
30134,3,home,671922,0,0,1
30134,3,home,656876,0,0,1
30134,3,home,656641,0,0,1
30134,3,home,686973,1,1,0
30134,3,away,695505,0,0,1
30134,3,away,666200,1,0,1
30134,3,away,661395,1,1,0
30134,3,away,695243,1,0,1
30134,3,away,628452,1,1,0
30134,3,away,808967,1,0,1
30134,4,home,547973,1,0,1
30134,4,home,641329,1,1,0
30134,4,home,671922,1,0,1
30134,4,home,656876,1,0,1
30134,4,home,656641,1,1,0
30134,4,home,686973,0,0,1
30134,4,away,695505,1,1,0
30134,4,away,666200,1,1,0
30134,4,away,661395,0,0,0
30134,4,away,695243,1,0,1
30134,4,away,628452,0,0,1
30134,4,away,808967,1,1,1
30135,1,home,547973,1,0,1
30135,1,home,641329,1,0,1
30135,1,home,671922,1,0,1
30135,1,home,656876,1,0,1
30135,1,home,656641,1,0,1
30135,1,home,686973,1,0,1
30135,1,away,695505,1,0,1
30135,1,away,666200,1,0,1
30135,1,away,661395,1,0,1
30135,1,away,695243,1,0,1
30135,1,away,628452,1,0,1
30135,1,away,808967,1,0,1
30135,2,home,547973,1,0,1
30135,2,home,641329,1,0,1
30135,2,home,671922,1,0,1
30135,2,home,656876,1,0,1
30135,2,home,656641,1,1,0
30135,2,home,686973,1,1,0
30135,2,away,695505,1,0,1
30135,2,away,666200,1,0,1
30135,2,away,661395,1,1,0
30135,2,away,695243,1,0,1
30135,2,away,628452,1,0,1
30135,2,away,808967,1,0,1
30135,3,home,547973,1,0,1
30135,3,home,641329,1,1,0
30135,3,home,671922,1,0,1
30135,3,home,656876,1,1,0
30135,3,home,656641,0,0,1
30135,3,home,686973,0,0,0
30135,3,away,695505,1,0,1
30135,3,away,666200,1,0,1
30135,3,away,661395,0,0,1
30135,3,away,695243,1,0,1
30135,3,away,628452,1,1,1
30135,3,away,808967,1,1,1
30135,4,home,547973,1,1,0
30135,4,home,641329,0,0,1
30135,4,home,671922,1,1,0
30135,4,home,656876,0,0,1
30135,4,home,656641,1,1,0
30135,4,home,686973,0,0,1
30135,4,away,695505,1,0,1
30135,4,away,666200,1,1,0
30135,4,away,661395,1,0,1
30135,4,away,695243,1,1,0
30135,4,away,628452,1,0,1
30135,4,away,808967,1,1,0
30136,1,home,547973,1,1,0
30136,1,home,641329,1,0,1
30136,1,home,671922,1,0,1
30136,1,home,656876,1,1,1
30136,1,home,656641,1,1,1
30136,1,home,686973,1,0,1
30136,1,away,695505,1,0,1
30136,1,away,666200,1,0,1
30136,1,away,661395,1,1,0
30136,1,away,695243,1,0,1
30136,1,away,628452,1,1,0
30136,1,away,808967,1,0,1
30136,2,home,547973,0,0,1
30136,2,home,641329,1,0,1
30136,2,home,671922,1,0,1
30136,2,home,656876,1,1,1
30136,2,home,656641,1,0,1
30136,2,home,686973,1,1,0
30136,2,away,695505,1,1,0
30136,2,away,666200,1,0,1
30136,2,away,661395,0,0,1
30136,2,away,695243,1,0,1
30136,2,away,628452,0,0,1
30136,2,away,808967,1,0,1
30136,3,home,547973,1,1,1
30136,3,home,641329,1,0,1
30136,3,home,671922,1,1,0
30136,3,home,656876,1,1,0
30136,3,home,656641,1,1,0
30136,3,home,686973,0,0,1
30136,3,away,695505,0,0,1
30136,3,away,666200,1,0,1
30136,3,away,661395,1,0,1
30136,3,away,695243,1,0,1
30136,3,away,628452,1,0,1
30136,3,away,808967,1,1,0
30136,4,home,547973,1,1,1
30136,4,home,641329,1,1,0
30136,4,home,671922,0,0,1
30136,4,home,656876,0,0,1
30136,4,home,656641,0,0,1
30136,4,home,686973,1,1,0
30136,4,away,695505,1,1,0
30136,4,away,666200,1,0,1
30136,4,away,661395,1,0,1
30136,4,away,695243,1,1,0
30136,4,away,628452,1,0,1
30136,4,away,808967,0,0,0
30137,1,home,547973,1,1,1
30137,1,home,641329,1,0,1
30137,1,home,671922,1,0,1
30137,1,home,656876,1,1,0
30137,1,home,656641,1,1,0
30137,1,home,686973,1,0,1
30137,1,away,695505,1,0,1
30137,1,away,666200,1,0,1
30137,1,away,661395,1,0,1
30137,1,away,695243,1,1,0
30137,1,away,628452,1,0,1
30137,1,away,808967,1,1,1
30137,2,home,547973,1,1,0
30137,2,home,641329,1,0,1
30137,2,home,671922,1,1,0
30137,2,home,656876,0,0,1
30137,2,home,656641,0,0,1
30137,2,home,686973,1,1,0
30137,2,away,695505,1,1,0
30137,2,away,666200,1,1,0
30137,2,away,661395,1,0,1
30137,2,away,695243,0,0,1
30137,2,away,628452,1,1,1
30137,2,away,808967,1,1,0
30137,3,home,547973,0,0,1
30137,3,home,641329,1,0,1
30137,3,home,671922,0,0,1
30137,3,home,656876,1,0,1
30137,3,home,656641,1,1,1
30137,3,home,686973,0,0,1
30137,3,away,695505,0,0,1
30137,3,away,666200,0,0,1
30137,3,away,661395,1,1,0
30137,3,away,695243,1,0,1
30137,3,away,628452,1,0,1
30137,3,away,808967,0,0,1
30137,4,home,547973,1,0,1
30137,4,home,641329,1,0,1
30137,4,home,671922,1,1,0
30137,4,home,656876,1,1,1
30137,4,home,656641,1,1,0
30137,4,home,686973,1,0,1
30137,4,away,695505,1,1,0
30137,4,away,666200,1,1,0
30137,4,away,661395,0,0,1
30137,4,away,695243,1,1,0
30137,4,away,628452,1,0,1
30137,4,away,808967,1,1,0
30138,1,home,547973,1,0,1
30138,1,home,641329,1,0,1
30138,1,home,671922,1,1,0
30138,1,home,656876,1,1,1
30138,1,home,656641,1,1,0
30138,1,home,686973,1,0,1
30138,1,away,695505,1,0,1
30138,1,away,666200,1,0,1
30138,1,away,661395,1,0,1
30138,1,away,695243,1,0,1
30138,1,away,628452,1,1,1
30138,1,away,808967,1,1,0
30138,2,home,547973,1,0,1
30138,2,home,641329,1,0,1
30138,2,home,671922,0,0,1
30138,2,home,656876,1,0,1
30138,2,home,656641,0,0,1
30138,2,home,686973,1,0,1
30138,2,away,695505,1,0,1
30138,2,away,666200,1,0,1
30138,2,away,661395,1,0,1
30138,2,away,695243,1,0,1
30138,2,away,628452,1,1,1
30138,2,away,808967,0,0,1
30138,3,home,547973,1,0,1
30138,3,home,641329,1,0,1
30138,3,home,671922,1,1,0
30138,3,home,656876,1,1,0
30138,3,home,656641,1,1,0
30138,3,home,686973,1,1,1
30138,3,away,695505,1,0,1
30138,3,away,666200,1,0,1
30138,3,away,661395,1,0,1
30138,3,away,695243,1,0,1
30138,3,away,628452,1,1,1
30138,3,away,808967,1,1,0
30138,4,home,547973,1,1,0
30138,4,home,641329,1,0,1
30138,4,home,671922,0,0,1
30138,4,home,656876,0,0,1
30138,4,home,656641,0,0,1
30138,4,home,686973,1,1,1
30138,4,away,695505,1,1,1
30138,4,away,666200,1,1,1
30138,4,away,661395,1,0,1
30138,4,away,695243,1,1,0
30138,4,away,628452,1,0,1
30138,4,away,808967,0,0,0
30139,1,home,547973,1,0,1
30139,1,home,641329,1,0,1
30139,1,home,671922,1,1,1
30139,1,home,656876,1,1,0
30139,1,home,656641,1,1,0
30139,1,home,686973,1,0,1
30139,1,away,695505,1,0,1
30139,1,away,666200,1,0,1
30139,1,away,661395,1,1,1
30139,1,away,695243,1,0,1
30139,1,away,628452,1,1,0
30139,1,away,808967,1,1,0
30139,2,home,547973,1,1,0
30139,2,home,641329,1,0,1
30139,2,home,671922,1,1,1
30139,2,home,656876,0,0,1
30139,2,home,656641,0,0,1
30139,2,home,686973,1,1,1
30139,2,away,695505,1,1,0
30139,2,away,666200,1,0,1
30139,2,away,661395,1,1,0
30139,2,away,695243,1,0,1
30139,2,away,628452,0,0,0
30139,2,away,808967,0,0,1
30139,3,home,547973,0,0,1
30139,3,home,641329,1,0,1
30139,3,home,671922,1,1,1
30139,3,home,656876,1,1,0
30139,3,home,656641,1,1,0
30139,3,home,686973,1,0,1
30139,3,away,695505,0,0,1
30139,3,away,666200,1,0,1
30139,3,away,661395,0,0,1
30139,3,away,695243,1,0,1
30139,3,away,628452,0,0,1
30139,3,away,808967,1,1,1
30139,4,home,547973,1,0,1
30139,4,home,641329,1,0,1
30139,4,home,671922,1,0,1
30139,4,home,656876,0,0,1
30139,4,home,656641,0,0,1
30139,4,home,686973,1,1,1
30139,4,away,695505,1,0,1
30139,4,away,666200,1,0,1
30139,4,away,661395,1,0,1
30139,4,away,695243,1,0,1
30139,4,away,628452,1,0,1
30139,4,away,808967,1,0,1
30140,1,home,547973,1,0,1
30140,1,home,641329,1,0,1
30140,1,home,671922,1,1,0
30140,1,home,656876,1,1,0
30140,1,home,656641,1,1,1
30140,1,home,686973,1,0,1
30140,1,away,695505,1,0,1
30140,1,away,666200,1,1,1
30140,1,away,661395,1,1,1
30140,1,away,695243,1,0,1
30140,1,away,628452,1,0,1
30140,1,away,808967,1,1,0
30140,2,home,547973,1,1,0
30140,2,home,641329,1,1,0
30140,2,home,671922,0,0,1
30140,2,home,656876,0,0,1
30140,2,home,656641,1,0,1
30140,2,home,686973,1,1,0
30140,2,away,695505,1,1,1
30140,2,away,666200,1,1,0
30140,2,away,661395,1,1,0
30140,2,away,695243,1,0,1
30140,2,away,628452,1,0,1
30140,2,away,808967,0,0,1
30140,3,home,547973,0,0,1
30140,3,home,641329,0,0,1
30140,3,home,671922,1,0,1
30140,3,home,656876,1,0,1
30140,3,home,656641,1,1,0
30140,3,home,686973,0,0,1
30140,3,away,695505,1,0,1
30140,3,away,666200,0,0,1
30140,3,away,661395,0,0,1
30140,3,away,695243,1,0,1
30140,3,away,628452,1,0,1
30140,3,away,808967,1,0,1
30140,4,home,547973,1,1,0
30140,4,home,641329,1,0,1
30140,4,home,671922,1,1,1
30140,4,home,656876,1,1,0
30140,4,home,656641,0,0,1
30140,4,home,686973,1,0,1
30140,4,away,695505,1,0,1
30140,4,away,666200,1,0,1
30140,4,away,661395,1,0,1
30140,4,away,695243,1,0,1
30140,4,away,628452,1,1,0
30140,4,away,808967,1,1,0
30141,1,home,547973,1,0,1
30141,1,home,641329,1,0,1
30141,1,home,671922,1,1,0
30141,1,home,656876,1,0,1
30141,1,home,656641,1,1,0
30141,1,home,686973,1,0,1
30141,1,away,695505,1,1,1
30141,1,away,666200,1,0,1
30141,1,away,661395,1,0,1
30141,1,away,695243,1,0,1
30141,1,away,628452,1,0,1
30141,1,away,808967,1,1,0
30141,2,home,547973,1,1,0
30141,2,home,641329,1,0,1
30141,2,home,671922,0,0,1
30141,2,home,656876,1,0,1
30141,2,home,656641,0,0,0
30141,2,home,686973,1,1,0
30141,2,away,695505,1,1,1
30141,2,away,666200,1,1,1
30141,2,away,661395,1,0,1
30141,2,away,695243,1,1,0
30141,2,away,628452,1,0,1
30141,2,away,808967,0,0,1
30141,3,home,547973,0,0,1
30141,3,home,641329,1,1,0
30141,3,home,671922,1,0,1
30141,3,home,656876,1,1,0
30141,3,home,656641,0,0,1
30141,3,home,686973,0,0,1
30141,3,away,695505,1,1,1
30141,3,away,666200,1,1,1
30141,3,away,661395,1,0,1
30141,3,away,695243,0,0,1
30141,3,away,628452,1,0,1
30141,3,away,808967,1,1,0
30141,4,home,547973,1,0,1
30141,4,home,641329,0,0,1
30141,4,home,671922,1,0,1
30141,4,home,656876,0,0,1
30141,4,home,656641,1,1,0
30141,4,home,686973,1,1,0
30141,4,away,695505,1,1,0
30141,4,away,666200,1,0,1
30141,4,away,661395,1,0,1
30141,4,away,695243,1,1,0
30141,4,away,628452,1,0,1
30141,4,away,808967,0,0,0
30142,1,home,547973,1,1,0
30142,1,home,641329,1,0,1
30142,1,home,671922,1,1,1
30142,1,home,656876,1,0,1
30142,1,home,656641,1,1,0
30142,1,home,686973,1,0,1
30142,1,away,695505,1,0,1
30142,1,away,666200,1,1,0
30142,1,away,661395,1,0,1
30142,1,away,695243,1,1,0
30142,1,away,628452,1,0,1
30142,1,away,808967,1,1,0
30142,2,home,547973,0,0,1
30142,2,home,641329,1,0,1
30142,2,home,671922,1,1,0
30142,2,home,656876,1,1,0
30142,2,home,656641,0,0,1
30142,2,home,686973,1,1,0
30142,2,away,695505,1,1,1
30142,2,away,666200,0,0,1
30142,2,away,661395,1,1,0
30142,2,away,695243,0,0,1
30142,2,away,628452,1,1,0
30142,2,away,808967,0,0,1
30142,3,home,547973,1,1,0
30142,3,home,641329,1,1,0
30142,3,home,671922,0,0,0
30142,3,home,656876,0,0,1
30142,3,home,656641,1,1,0
30142,3,home,686973,0,0,1
30142,3,away,695505,1,0,1
30142,3,away,666200,1,1,0
30142,3,away,661395,0,0,1
30142,3,away,695243,1,1,0
30142,3,away,628452,0,0,1
30142,3,away,808967,1,0,1
30142,4,home,547973,0,0,1
30142,4,home,641329,0,0,1
30142,4,home,671922,0,0,1
30142,4,home,656876,1,1,0
30142,4,home,656641,0,0,1
30142,4,home,686973,1,1,0
30142,4,away,695505,1,0,1
30142,4,away,666200,0,0,1
30142,4,away,661395,1,0,1
30142,4,away,695243,0,0,0
30142,4,away,628452,1,0,1
30142,4,away,808967,1,1,1
30143,1,home,547973,1,0,1
30143,1,home,641329,1,0,1
30143,1,home,671922,1,0,1
30143,1,home,656876,1,0,1
30143,1,home,656641,1,1,0
30143,1,home,686973,1,1,0
30143,1,away,695505,1,1,0
30143,1,away,666200,1,0,1
30143,1,away,661395,1,0,1
30143,1,away,695243,1,0,1
30143,1,away,628452,1,1,0
30143,1,away,808967,1,0,1
30143,2,home,547973,1,0,1
30143,2,home,641329,1,0,1
30143,2,home,671922,1,0,1
30143,2,home,656876,1,0,1
30143,2,home,656641,0,0,1
30143,2,home,686973,0,0,1
30143,2,away,695505,0,0,1
30143,2,away,666200,1,0,1
30143,2,away,661395,1,0,1
30143,2,away,695243,1,0,1
30143,2,away,628452,0,0,1
30143,2,away,808967,1,0,1
30143,3,home,547973,1,1,0
30143,3,home,641329,1,0,1
30143,3,home,671922,1,1,0
30143,3,home,656876,1,1,1
30143,3,home,656641,1,0,1
30143,3,home,686973,1,0,1
30143,3,away,695505,1,0,1
30143,3,away,666200,1,0,1
30143,3,away,661395,1,1,1
30143,3,away,695243,1,0,1
30143,3,away,628452,1,0,1
30143,3,away,808967,1,1,1
30143,4,home,547973,0,0,1
30143,4,home,641329,1,0,1
30143,4,home,671922,0,0,1
30143,4,home,656876,1,0,1
30143,4,home,656641,1,1,1
30143,4,home,686973,1,1,0
30143,4,away,695505,1,0,1
30143,4,away,666200,1,0,1
30143,4,away,661395,1,0,1
30143,4,away,695243,1,0,1
30143,4,away,628452,1,1,1
30143,4,away,808967,1,0,1
30144,1,home,547973,1,1,0
30144,1,home,641329,1,0,1
30144,1,home,671922,1,1,1
30144,1,home,656876,1,1,1
30144,1,home,656641,1,1,0
30144,1,home,686973,1,0,1
30144,1,away,695505,1,0,1
30144,1,away,666200,1,0,1
30144,1,away,661395,1,0,1
30144,1,away,695243,1,0,1
30144,1,away,628452,1,1,0
30144,1,away,808967,1,1,0
30144,2,home,547973,0,0,1
30144,2,home,641329,1,1,0
30144,2,home,671922,1,1,0
30144,2,home,656876,1,1,0
30144,2,home,656641,0,0,1
30144,2,home,686973,1,1,0
30144,2,away,695505,1,0,1
30144,2,away,666200,1,0,1
30144,2,away,661395,1,1,0
30144,2,away,695243,1,1,0
30144,2,away,628452,0,0,1
30144,2,away,808967,0,0,1
30144,3,home,547973,1,1,0
30144,3,home,641329,0,0,1
30144,3,home,671922,0,0,1
30144,3,home,656876,0,0,1
30144,3,home,656641,1,1,1
30144,3,home,686973,0,0,1
30144,3,away,695505,1,1,0
30144,3,away,666200,1,1,0
30144,3,away,661395,0,0,1
30144,3,away,695243,0,0,1
30144,3,away,628452,1,0,1
30144,3,away,808967,1,1,1
30144,4,home,547973,0,0,1
30144,4,home,641329,1,1,1
30144,4,home,671922,1,0,1
30144,4,home,656876,1,1,0
30144,4,home,656641,1,1,1
30144,4,home,686973,1,0,1
30144,4,away,695505,0,0,1
30144,4,away,666200,0,0,1
30144,4,away,661395,1,1,0
30144,4,away,695243,1,1,0
30144,4,away,628452,1,1,1
30144,4,away,808967,1,0,1
30145,1,home,547973,1,0,1
30145,1,home,641329,1,0,1
30145,1,home,671922,1,0,1
30145,1,home,656876,1,0,1
30145,1,home,656641,1,0,1
30145,1,home,686973,1,0,1
30145,1,away,695505,1,0,1
30145,1,away,666200,1,0,1
30145,1,away,661395,1,1,1
30145,1,away,695243,1,0,1
30145,1,away,628452,1,0,1
30145,1,away,808967,1,0,1
30145,2,home,547973,1,0,1
30145,2,home,641329,1,0,1
30145,2,home,671922,1,1,0
30145,2,home,656876,1,1,0
30145,2,home,656641,1,1,0
30145,2,home,686973,1,0,1
30145,2,away,695505,1,0,1
30145,2,away,666200,1,0,1
30145,2,away,661395,1,1,0
30145,2,away,695243,1,0,1
30145,2,away,628452,1,1,1
30145,2,away,808967,1,0,1
30145,3,home,547973,1,1,0
30145,3,home,641329,1,1,0
30145,3,home,671922,0,0,1
30145,3,home,656876,0,0,1
30145,3,home,656641,0,0,1
30145,3,home,686973,1,1,0
30145,3,away,695505,1,0,1
30145,3,away,666200,1,0,1
30145,3,away,661395,0,0,1
30145,3,away,695243,1,0,1
30145,3,away,628452,1,0,1
30145,3,away,808967,1,1,0
30145,4,home,547973,0,0,1
30145,4,home,641329,0,0,1
30145,4,home,671922,1,0,1
30145,4,home,656876,1,0,1
30145,4,home,656641,1,0,1
30145,4,home,686973,0,0,1
30145,4,away,695505,1,0,1
30145,4,away,666200,1,0,1
30145,4,away,661395,1,0,1
30145,4,away,695243,1,0,1
30145,4,away,628452,1,0,1
30145,4,away,808967,0,0,1
30146,1,home,547973,1,0,1
30146,1,home,641329,1,0,1
30146,1,home,671922,1,1,0
30146,1,home,656876,1,1,1
30146,1,home,656641,1,0,1
30146,1,home,686973,1,0,1
30146,1,away,695505,1,0,1
30146,1,away,666200,1,0,1
30146,1,away,661395,1,0,1
30146,1,away,695243,1,0,1
30146,1,away,628452,1,0,1
30146,1,away,808967,1,1,1
30146,2,home,547973,1,0,1
30146,2,home,641329,1,1,0
30146,2,home,671922,0,0,0
30146,2,home,656876,1,0,1
30146,2,home,656641,1,1,0
30146,2,home,686973,1,1,0
30146,2,away,695505,1,0,1
30146,2,away,666200,1,1,0
30146,2,away,661395,1,0,1
30146,2,away,695243,1,1,1
30146,2,away,628452,1,0,1
30146,2,away,808967,1,1,0
30146,3,home,547973,1,0,1
30146,3,home,641329,0,0,1
30146,3,home,671922,0,0,0
30146,3,home,656876,1,1,0
30146,3,home,656641,0,0,1
30146,3,home,686973,0,0,1
30146,3,away,695505,1,0,1
30146,3,away,666200,0,0,1
30146,3,away,661395,1,1,0
30146,3,away,695243,1,0,1
30146,3,away,628452,1,0,1
30146,3,away,808967,0,0,1
30146,4,home,547973,1,1,0
30146,4,home,641329,1,0,1
30146,4,home,671922,0,0,1
30146,4,home,656876,0,0,1
30146,4,home,656641,1,1,0
30146,4,home,686973,1,1,0
30146,4,away,695505,1,0,1
30146,4,away,666200,1,0,1
30146,4,away,661395,0,0,1
30146,4,away,695243,1,0,1
30146,4,away,628452,1,1,1
30146,4,away,808967,1,1,0
30147,1,home,547973,1,1,1
30147,1,home,641329,1,0,1
30147,1,home,671922,1,1,0
30147,1,home,656876,1,0,1
30147,1,home,656641,1,0,1
30147,1,home,686973,1,0,1
30147,1,away,695505,1,1,0
30147,1,away,666200,1,0,1
30147,1,away,661395,1,0,1
30147,1,away,695243,1,0,1
30147,1,away,628452,1,0,1
30147,1,away,808967,1,1,1
30147,2,home,547973,1,0,1
30147,2,home,641329,1,1,0
30147,2,home,671922,0,0,1
30147,2,home,656876,1,0,1
30147,2,home,656641,1,0,1
30147,2,home,686973,1,0,1
30147,2,away,695505,0,0,1
30147,2,away,666200,1,0,1
30147,2,away,661395,1,0,1
30147,2,away,695243,1,0,1
30147,2,away,628452,1,1,0
30147,2,away,808967,1,0,1
30147,3,home,547973,1,0,1
30147,3,home,641329,0,0,1
30147,3,home,671922,1,0,1
30147,3,home,656876,1,0,1
30147,3,home,656641,1,1,1
30147,3,home,686973,1,0,1
30147,3,away,695505,1,0,1
30147,3,away,666200,1,0,1
30147,3,away,661395,1,1,0
30147,3,away,695243,1,0,1
30147,3,away,628452,0,0,1
30147,3,away,808967,1,0,1
30147,4,home,547973,1,1,0
30147,4,home,641329,1,0,1
30147,4,home,671922,1,0,1
30147,4,home,656876,1,0,1
30147,4,home,656641,1,0,1
30147,4,home,686973,1,1,1
30147,4,away,695505,1,1,1
30147,4,away,666200,1,0,1
30147,4,away,661395,0,0,1
30147,4,away,695243,1,0,1
30147,4,away,628452,1,1,0
30147,4,away,808967,1,1,1
30148,1,home,547973,1,0,1
30148,1,home,641329,1,0,1
30148,1,home,671922,1,1,1
30148,1,home,656876,1,1,0
30148,1,home,656641,1,1,0
30148,1,home,686973,1,0,1
30148,1,away,695505,1,0,1
30148,1,away,666200,1,0,1
30148,1,away,661395,1,1,0
30148,1,away,695243,1,1,0
30148,1,away,628452,1,1,0
30148,1,away,808967,1,0,1
30148,2,home,547973,1,1,0
30148,2,home,641329,1,0,1
30148,2,home,671922,1,1,0
30148,2,home,656876,0,0,1
30148,2,home,656641,0,0,1
30148,2,home,686973,1,1,0
30148,2,away,695505,1,0,1
30148,2,away,666200,1,1,0
30148,2,away,661395,0,0,1
30148,2,away,695243,0,0,1
30148,2,away,628452,0,0,1
30148,2,away,808967,1,0,1
30148,3,home,547973,0,0,1
30148,3,home,641329,1,1,0
30148,3,home,671922,0,0,1
30148,3,home,656876,1,0,1
30148,3,home,656641,1,1,0
30148,3,home,686973,0,0,1
30148,3,away,695505,1,0,1
30148,3,away,666200,0,0,1
30148,3,away,661395,1,0,1
30148,3,away,695243,1,0,1
30148,3,away,628452,1,0,1
30148,3,away,808967,1,0,1
30148,4,home,547973,1,1,0
30148,4,home,641329,0,0,1
30148,4,home,671922,1,1,0
30148,4,home,656876,1,1,1
30148,4,home,656641,0,0,1
30148,4,home,686973,1,0,1
30148,4,away,695505,1,1,1
30148,4,away,666200,1,0,1
30148,4,away,661395,1,1,0
30148,4,away,695243,1,0,1
30148,4,away,628452,1,0,1
30148,4,away,808967,1,0,1
30149,1,home,547973,1,0,1
30149,1,home,641329,1,1,0
30149,1,home,671922,1,1,0
30149,1,home,656876,1,0,1
30149,1,home,656641,1,1,1
30149,1,home,686973,1,0,1
30149,1,away,695505,1,0,1
30149,1,away,666200,1,1,1
30149,1,away,661395,1,0,1
30149,1,away,695243,1,1,1
30149,1,away,628452,1,0,1
30149,1,away,808967,1,0,1
30149,2,home,547973,1,1,0
30149,2,home,641329,0,0,1
30149,2,home,671922,0,0,1
30149,2,home,656876,1,1,0
30149,2,home,656641,1,1,0
30149,2,home,686973,1,1,1
30149,2,away,695505,1,1,0
30149,2,away,666200,1,1,1
30149,2,away,661395,1,0,1
30149,2,away,695243,1,1,1
30149,2,away,628452,1,1,0
30149,2,away,808967,1,1,0
30149,3,home,547973,0,0,1
30149,3,home,641329,1,1,0
30149,3,home,671922,1,1,1
30149,3,home,656876,0,0,1
30149,3,home,656641,0,0,0
30149,3,home,686973,1,1,0
30149,3,away,695505,0,0,0
30149,3,away,666200,1,1,0
30149,3,away,661395,1,0,1
30149,3,away,695243,1,1,0
30149,3,away,628452,0,0,0
30149,3,away,808967,0,0,1
30149,4,home,547973,1,1,0
30149,4,home,641329,0,0,1
30149,4,home,671922,1,1,0
30149,4,home,656876,1,1,0
30149,4,home,656641,0,0,1
30149,4,home,686973,0,0,1
30149,4,away,695505,0,0,0
30149,4,away,666200,0,0,1
30149,4,away,661395,1,1,0
30149,4,away,695243,0,0,1
30149,4,away,628452,0,0,1
30149,4,away,808967,1,1,0
30150,1,home,547973,1,0,1
30150,1,home,641329,1,1,0
30150,1,home,671922,1,0,1
30150,1,home,656876,1,0,1
30150,1,home,656641,1,1,0
30150,1,home,686973,1,0,1
30150,1,away,695505,1,0,1
30150,1,away,666200,1,0,1
30150,1,away,661395,1,0,1
30150,1,away,695243,1,1,0
30150,1,away,628452,1,0,1
30150,1,away,808967,1,1,0
30150,2,home,547973,1,0,1
30150,2,home,641329,0,0,0
30150,2,home,671922,1,1,0
30150,2,home,656876,1,1,0
30150,2,home,656641,0,0,1
30150,2,home,686973,1,1,0
30150,2,away,695505,1,0,1
30150,2,away,666200,1,0,1
30150,2,away,661395,1,0,1
30150,2,away,695243,0,0,0
30150,2,away,628452,1,1,0
30150,2,away,808967,0,0,1
30150,3,home,547973,1,0,1
30150,3,home,641329,0,0,0
30150,3,home,671922,0,0,1
30150,3,home,656876,0,0,1
30150,3,home,656641,1,1,0
30150,3,home,686973,0,0,1
30150,3,away,695505,1,0,1
30150,3,away,666200,1,0,1
30150,3,away,661395,1,0,1
30150,3,away,695243,0,0,0
30150,3,away,628452,0,0,0
30150,3,away,808967,1,1,1
30150,4,home,547973,1,1,1
30150,4,home,641329,0,0,1
30150,4,home,671922,1,1,0
30150,4,home,656876,1,1,0
30150,4,home,656641,0,0,1
30150,4,home,686973,1,1,0
30150,4,away,695505,1,1,0
30150,4,away,666200,1,1,1
30150,4,away,661395,1,1,0
30150,4,away,695243,0,0,1
30150,4,away,628452,0,0,0
30150,4,away,808967,1,1,0
30151,1,home,547973,1,0,1
30151,1,home,641329,1,0,1
30151,1,home,671922,1,1,0
30151,1,home,656876,1,1,0
30151,1,home,656641,1,0,1
30151,1,home,686973,1,0,1
30151,1,away,695505,1,1,0
30151,1,away,666200,1,1,0
30151,1,away,661395,1,0,1
30151,1,away,695243,1,1,0
30151,1,away,628452,1,0,1
30151,1,away,808967,1,0,1
30151,2,home,547973,1,1,1
30151,2,home,641329,1,0,1
30151,2,home,671922,0,0,1
30151,2,home,656876,0,0,1
30151,2,home,656641,1,0,1
30151,2,home,686973,1,1,0
30151,2,away,695505,0,0,1
30151,2,away,666200,0,0,1
30151,2,away,661395,1,1,0
30151,2,away,695243,0,0,1
30151,2,away,628452,1,0,1
30151,2,away,808967,1,0,1
30151,3,home,547973,1,1,1
30151,3,home,641329,1,1,0
30151,3,home,671922,1,0,1
30151,3,home,656876,1,1,0
30151,3,home,656641,1,0,1
30151,3,home,686973,0,0,0
30151,3,away,695505,1,1,0
30151,3,away,666200,1,0,1
30151,3,away,661395,0,0,1
30151,3,away,695243,1,0,1
30151,3,away,628452,1,0,1
30151,3,away,808967,1,1,0
30151,4,home,547973,1,0,1
30151,4,home,641329,0,0,0
30151,4,home,671922,1,1,0
30151,4,home,656876,0,0,1
30151,4,home,656641,1,1,1
30151,4,home,686973,0,0,1
30151,4,away,695505,0,0,1
30151,4,away,666200,1,0,1
30151,4,away,661395,1,1,0
30151,4,away,695243,1,0,1
30151,4,away,628452,1,1,0
30151,4,away,808967,0,0,1
30152,1,home,547973,1,1,1
30152,1,home,641329,1,1,0
30152,1,home,671922,1,1,1
30152,1,home,656876,1,1,0
30152,1,home,656641,1,0,1
30152,1,home,686973,1,0,1
30152,1,away,695505,1,0,1
30152,1,away,666200,1,0,1
30152,1,away,661395,1,1,0
30152,1,away,695243,1,1,0
30152,1,away,628452,1,1,0
30152,1,away,808967,1,1,1
30152,2,home,547973,1,0,1
30152,2,home,641329,0,0,1
30152,2,home,671922,1,1,0
30152,2,home,656876,0,0,1
30152,2,home,656641,1,1,0
30152,2,home,686973,1,1,0
30152,2,away,695505,1,1,0
30152,2,away,666200,1,0,1
30152,2,away,661395,0,0,1
30152,2,away,695243,0,0,1
30152,2,away,628452,0,0,1
30152,2,away,808967,1,0,1
30152,3,home,547973,1,0,1
30152,3,home,641329,1,0,1
30152,3,home,671922,0,0,1
30152,3,home,656876,1,0,1
30152,3,home,656641,0,0,1
30152,3,home,686973,0,0,1
30152,3,away,695505,0,0,0
30152,3,away,666200,1,0,1
30152,3,away,661395,1,0,1
30152,3,away,695243,1,0,1
30152,3,away,628452,1,0,1
30152,3,away,808967,1,0,1
30152,4,home,547973,1,1,0
30152,4,home,641329,1,0,1
30152,4,home,671922,1,1,0
30152,4,home,656876,1,1,1
30152,4,home,656641,1,1,0
30152,4,home,686973,1,0,1
30152,4,away,695505,0,0,1
30152,4,away,666200,1,0,1
30152,4,away,661395,1,0,1
30152,4,away,695243,1,1,1
30152,4,away,628452,1,1,0
30152,4,away,808967,1,1,1
30153,1,home,547973,1,1,0
30153,1,home,641329,1,0,1
30153,1,home,671922,1,1,0
30153,1,home,656876,1,0,1
30153,1,home,656641,1,1,0
30153,1,home,686973,1,0,1
30153,1,away,695505,1,1,0
30153,1,away,666200,1,1,1
30153,1,away,661395,1,0,1
30153,1,away,695243,1,1,1
30153,1,away,628452,1,1,0
30153,1,away,808967,1,1,1
30153,2,home,547973,0,0,1
30153,2,home,641329,1,1,0
30153,2,home,671922,0,0,1
30153,2,home,656876,1,0,1
30153,2,home,656641,0,0,1
30153,2,home,686973,1,0,1
30153,2,away,695505,0,0,1
30153,2,away,666200,1,0,1
30153,2,away,661395,1,0,1
30153,2,away,695243,1,0,1
30153,2,away,628452,0,0,0
30153,2,away,808967,1,0,1
30153,3,home,547973,1,1,0
30153,3,home,641329,0,0,1
30153,3,home,671922,1,1,0
30153,3,home,656876,1,1,0
30153,3,home,656641,1,0,1
30153,3,home,686973,1,1,0
30153,3,away,695505,1,0,1
30153,3,away,666200,1,1,0
30153,3,away,661395,1,0,1
30153,3,away,695243,1,1,0
30153,3,away,628452,0,0,1
30153,3,away,808967,1,0,1
30153,4,home,547973,0,0,1
30153,4,home,641329,1,0,1
30153,4,home,671922,0,0,1
30153,4,home,656876,0,0,1
30153,4,home,656641,1,0,1
30153,4,home,686973,0,0,1
30153,4,away,695505,1,0,1
30153,4,away,666200,0,0,1
30153,4,away,661395,1,1,0
30153,4,away,695243,0,0,1
30153,4,away,628452,1,0,1
30153,4,away,808967,1,0,1
30154,1,home,547973,1,0,1
30154,1,home,641329,1,0,1
30154,1,home,671922,1,0,1
30154,1,home,656876,1,1,0
30154,1,home,656641,1,1,1
30154,1,home,686973,1,0,1
30154,1,away,695505,1,0,1
30154,1,away,666200,1,0,1
30154,1,away,661395,1,0,1
30154,1,away,695243,1,1,0
30154,1,away,628452,1,0,1
30154,1,away,808967,1,1,1
30154,2,home,547973,1,0,1
30154,2,home,641329,1,1,1
30154,2,home,671922,1,0,1
30154,2,home,656876,0,0,1
30154,2,home,656641,1,1,0
30154,2,home,686973,1,1,1
30154,2,away,695505,1,0,1
30154,2,away,666200,1,0,1
30154,2,away,661395,1,1,1
30154,2,away,695243,0,0,1
30154,2,away,628452,1,0,1
30154,2,away,808967,1,0,1
30154,3,home,547973,1,0,1
30154,3,home,641329,1,0,1
30154,3,home,671922,1,0,1
30154,3,home,656876,1,1,1
30154,3,home,656641,0,0,0
30154,3,home,686973,1,1,0
30154,3,away,695505,1,1,1
30154,3,away,666200,1,1,1
30154,3,away,661395,1,0,1
30154,3,away,695243,1,0,1
30154,3,away,628452,1,0,1
30154,3,away,808967,1,1,1
30154,4,home,547973,1,0,1
30154,4,home,641329,1,1,0
30154,4,home,671922,1,0,1
30154,4,home,656876,1,0,1
30154,4,home,656641,0,0,1
30154,4,home,686973,0,0,1
30154,4,away,695505,1,0,1
30154,4,away,666200,1,0,1
30154,4,away,661395,1,0,1
30154,4,away,695243,1,0,1
30154,4,away,628452,1,0,1
30154,4,away,808967,1,1,0
30155,1,home,547973,1,0,1
30155,1,home,641329,1,0,1
30155,1,home,671922,1,0,1
30155,1,home,656876,1,0,1
30155,1,home,656641,1,1,0
30155,1,home,686973,1,1,1
30155,1,away,695505,1,0,1
30155,1,away,666200,1,1,1
30155,1,away,661395,1,0,1
30155,1,away,695243,1,1,0
30155,1,away,628452,1,0,1
30155,1,away,808967,1,1,0
30155,2,home,547973,1,0,1
30155,2,home,641329,1,0,1
30155,2,home,671922,1,1,1
30155,2,home,656876,1,1,1
30155,2,home,656641,0,0,1
30155,2,home,686973,1,0,1
30155,2,away,695505,1,1,0
30155,2,away,666200,1,1,0
30155,2,away,661395,1,1,0
30155,2,away,695243,0,0,1
30155,2,away,628452,1,0,1
30155,2,away,808967,0,0,1
30155,3,home,547973,1,1,0
30155,3,home,641329,1,0,1
30155,3,home,671922,1,1,0
30155,3,home,656876,1,1,0
30155,3,home,656641,1,0,1
30155,3,home,686973,1,0,1
30155,3,away,695505,0,0,1
30155,3,away,666200,0,0,1
30155,3,away,661395,0,0,0
30155,3,away,695243,1,1,1
30155,3,away,628452,1,1,0
30155,3,away,808967,1,1,0
30155,4,home,547973,0,0,0
30155,4,home,641329,1,0,1
30155,4,home,671922,0,0,1
30155,4,home,656876,0,0,1
30155,4,home,656641,1,1,0
30155,4,home,686973,1,1,1
30155,4,away,695505,1,1,0
30155,4,away,666200,1,1,0
30155,4,away,661395,0,0,1
30155,4,away,695243,1,1,0
30155,4,away,628452,0,0,1
30155,4,away,808967,0,0,1
30156,1,home,547973,1,0,1
30156,1,home,641329,1,0,1
30156,1,home,671922,1,1,0
30156,1,home,656876,1,1,1
30156,1,home,656641,1,1,0
30156,1,home,686973,1,0,1
30156,1,away,695505,1,0,1
30156,1,away,666200,1,0,1
30156,1,away,661395,1,0,1
30156,1,away,695243,1,1,0
30156,1,away,628452,1,1,0
30156,1,away,808967,1,0,1
30156,2,home,547973,1,1,0
30156,2,home,641329,1,1,1
30156,2,home,671922,0,0,1
30156,2,home,656876,1,0,1
30156,2,home,656641,0,0,1
30156,2,home,686973,1,1,0
30156,2,away,695505,1,1,1
30156,2,away,666200,1,1,0
30156,2,away,661395,1,0,1
30156,2,away,695243,0,0,1
30156,2,away,628452,0,0,1
30156,2,away,808967,1,1,0
30156,3,home,547973,0,0,1
30156,3,home,641329,1,1,1
30156,3,home,671922,1,1,1
30156,3,home,656876,1,1,0
30156,3,home,656641,1,0,1
30156,3,home,686973,0,0,1
30156,3,away,695505,1,0,1
30156,3,away,666200,0,0,0
30156,3,away,661395,1,0,1
30156,3,away,695243,1,0,1
30156,3,away,628452,1,1,1
30156,3,away,808967,0,0,1
30156,4,home,547973,1,1,0
30156,4,home,641329,1,1,1
30156,4,home,671922,1,0,1
30156,4,home,656876,0,0,1
30156,4,home,656641,1,0,1
30156,4,home,686973,1,1,1
30156,4,away,695505,1,1,0
30156,4,away,666200,0,0,1
30156,4,away,661395,1,1,1
30156,4,away,695243,1,1,1
30156,4,away,628452,1,0,1
30156,4,away,808967,1,1,1
30157,1,home,547973,1,0,1
30157,1,home,641329,1,0,1
30157,1,home,671922,1,0,1
30157,1,home,656876,1,0,1
30157,1,home,656641,1,1,0
30157,1,home,686973,1,1,1
30157,1,away,695505,1,0,1
30157,1,away,666200,1,0,1
30157,1,away,661395,1,0,1
30157,1,away,695243,1,0,1
30157,1,away,628452,1,1,1
30157,1,away,808967,1,0,1
30157,2,home,547973,1,1,0
30157,2,home,641329,1,1,1
30157,2,home,671922,1,1,1
30157,2,home,656876,1,1,1
30157,2,home,656641,0,0,1
30157,2,home,686973,1,1,0
30157,2,away,695505,1,1,0
30157,2,away,666200,1,1,0
30157,2,away,661395,1,0,1
30157,2,away,695243,1,1,0
30157,2,away,628452,1,0,1
30157,2,away,808967,1,1,1
30157,3,home,547973,0,0,1
30157,3,home,641329,1,0,1
30157,3,home,671922,1,1,0
30157,3,home,656876,1,1,1
30157,3,home,656641,1,1,0
30157,3,home,686973,0,0,1
30157,3,away,695505,0,0,0
30157,3,away,666200,0,0,1
30157,3,away,661395,1,1,0
30157,3,away,695243,0,0,0
30157,3,away,628452,1,0,1
30157,3,away,808967,1,0,1
30157,4,home,547973,1,0,1
30157,4,home,641329,1,0,1
30157,4,home,671922,0,0,0
30157,4,home,656876,1,0,1
30157,4,home,656641,0,0,1
30157,4,home,686973,1,1,0
30157,4,away,695505,0,0,0
30157,4,away,666200,1,0,1
30157,4,away,661395,0,0,1
30157,4,away,695243,0,0,1
30157,4,away,628452,1,1,0
30157,4,away,808967,1,1,0
30158,1,home,547973,1,1,0
30158,1,home,641329,1,1,0
30158,1,home,671922,1,1,0
30158,1,home,656876,1,1,0
30158,1,home,656641,1,1,1
30158,1,home,686973,1,0,1
30158,1,away,695505,1,1,1
30158,1,away,666200,1,1,0
30158,1,away,661395,1,1,0
30158,1,away,695243,1,1,0
30158,1,away,628452,1,0,1
30158,1,away,808967,1,0,1
30158,2,home,547973,0,0,1
30158,2,home,641329,0,0,1
30158,2,home,671922,0,0,1
30158,2,home,656876,0,0,1
30158,2,home,656641,1,1,1
30158,2,home,686973,1,1,0
30158,2,away,695505,1,1,0
30158,2,away,666200,0,0,1
30158,2,away,661395,0,0,0
30158,2,away,695243,0,0,1
30158,2,away,628452,1,1,0
30158,2,away,808967,1,1,0
30158,3,home,547973,1,0,1
30158,3,home,641329,1,0,1
30158,3,home,671922,1,0,1
30158,3,home,656876,1,0,1
30158,3,home,656641,1,1,1
30158,3,home,686973,0,0,1
30158,3,away,695505,0,0,1
30158,3,away,666200,1,0,1
30158,3,away,661395,0,0,1
30158,3,away,695243,1,0,1
30158,3,away,628452,0,0,1
30158,3,away,808967,0,0,1
30158,4,home,547973,1,1,0
30158,4,home,641329,1,0,1
30158,4,home,671922,1,0,1
30158,4,home,656876,1,1,1
30158,4,home,656641,1,0,1
30158,4,home,686973,1,1,0
30158,4,away,695505,1,1,0
30158,4,away,666200,1,1,0
30158,4,away,661395,1,0,1
30158,4,away,695243,1,1,1
30158,4,away,628452,1,1,0
30158,4,away,808967,1,0,1
30159,1,home,547973,1,0,1
30159,1,home,641329,1,0,1
30159,1,home,671922,1,0,1
30159,1,home,656876,1,0,1
30159,1,home,656641,1,0,1
30159,1,home,686973,1,0,1
30159,1,away,695505,1,0,1
30159,1,away,666200,1,0,1
30159,1,away,661395,1,0,1
30159,1,away,695243,1,0,1
30159,1,away,628452,1,1,0
30159,1,away,808967,1,0,1
30159,2,home,547973,1,0,1
30159,2,home,641329,1,0,1
30159,2,home,671922,1,1,1
30159,2,home,656876,1,1,0
30159,2,home,656641,1,0,1
30159,2,home,686973,1,0,1
30159,2,away,695505,1,1,1
30159,2,away,666200,1,1,1
30159,2,away,661395,1,0,1
30159,2,away,695243,1,1,0
30159,2,away,628452,0,0,1
30159,2,away,808967,1,0,1
30159,3,home,547973,1,1,0
30159,3,home,641329,1,0,1
30159,3,home,671922,1,1,1
30159,3,home,656876,0,0,1
30159,3,home,656641,1,1,0
30159,3,home,686973,1,0,1
30159,3,away,695505,1,1,0
30159,3,away,666200,1,1,0
30159,3,away,661395,1,1,1
30159,3,away,695243,0,0,1
30159,3,away,628452,1,1,1
30159,3,away,808967,1,0,1
30159,4,home,547973,0,0,1
30159,4,home,641329,1,0,1
30159,4,home,671922,1,1,1
30159,4,home,656876,1,1,0
30159,4,home,656641,0,0,1
30159,4,home,686973,1,1,1
30159,4,away,695505,0,0,1
30159,4,away,666200,0,0,1
30159,4,away,661395,1,1,0
30159,4,away,695243,1,1,0
30159,4,away,628452,1,1,1
30159,4,away,808967,1,1,1
30160,1,home,547973,1,1,0
30160,1,home,641329,1,0,1
30160,1,home,671922,1,1,0
30160,1,home,656876,1,1,0
30160,1,home,656641,1,0,1
30160,1,home,686973,1,0,1
30160,1,away,695505,1,0,1
30160,1,away,666200,1,0,1
30160,1,away,661395,1,0,1
30160,1,away,695243,1,1,1
30160,1,away,628452,1,0,1
30160,1,away,808967,1,1,0
30160,2,home,547973,0,0,1
30160,2,home,641329,1,1,0
30160,2,home,671922,0,0,1
30160,2,home,656876,0,0,1
30160,2,home,656641,1,1,0
30160,2,home,686973,1,1,1
30160,2,away,695505,1,1,0
30160,2,away,666200,1,1,0
30160,2,away,661395,1,0,1
30160,2,away,695243,1,1,0
30160,2,away,628452,1,0,1
30160,2,away,808967,0,0,1
30160,3,home,547973,1,1,0
30160,3,home,641329,0,0,1
30160,3,home,671922,1,1,0
30160,3,home,656876,1,1,0
30160,3,home,656641,0,0,1
30160,3,home,686973,1,1,0
30160,3,away,695505,0,0,1
30160,3,away,666200,0,0,1
30160,3,away,661395,1,1,0
30160,3,away,695243,0,0,0
30160,3,away,628452,1,1,0
30160,3,away,808967,1,1,0
30160,4,home,547973,0,0,1
30160,4,home,641329,1,1,0
30160,4,home,671922,0,0,1
30160,4,home,656876,0,0,1
30160,4,home,656641,1,1,0
30160,4,home,686973,0,0,1
30160,4,away,695505,1,0,1
30160,4,away,666200,1,0,1
30160,4,away,661395,0,0,1
30160,4,away,695243,0,0,1
30160,4,away,628452,0,0,1
30160,4,away,808967,0,0,1
30161,1,home,547973,1,1,0
30161,1,home,641329,1,0,1
30161,1,home,671922,1,1,0
30161,1,home,656876,1,1,0
30161,1,home,656641,1,1,0
30161,1,home,686973,1,0,1
30161,1,away,695505,1,1,0
30161,1,away,666200,1,1,1
30161,1,away,661395,1,0,1
30161,1,away,695243,1,1,0
30161,1,away,628452,1,0,1
30161,1,away,808967,1,1,1
30161,2,home,547973,0,0,1
30161,2,home,641329,1,1,0
30161,2,home,671922,0,0,1
30161,2,home,656876,0,0,1
30161,2,home,656641,0,0,1
30161,2,home,686973,1,1,0
30161,2,away,695505,0,0,1
30161,2,away,666200,1,0,1
30161,2,away,661395,1,0,1
30161,2,away,695243,0,0,0
30161,2,away,628452,1,1,0
30161,2,away,808967,1,1,0
30161,3,home,547973,1,0,1
30161,3,home,641329,0,0,0
30161,3,home,671922,1,0,1
30161,3,home,656876,1,0,1
30161,3,home,656641,1,1,0
30161,3,home,686973,0,0,0
30161,3,away,695505,1,0,1
30161,3,away,666200,1,0,1
30161,3,away,661395,1,1,1
30161,3,away,695243,0,0,1
30161,3,away,628452,0,0,0
30161,3,away,808967,0,0,1
30161,4,home,547973,1,1,0
30161,4,home,641329,0,0,1
30161,4,home,671922,1,0,1
30161,4,home,656876,1,0,1
30161,4,home,656641,0,0,1
30161,4,home,686973,0,0,1
30161,4,away,695505,1,0,1
30161,4,away,666200,1,0,1
30161,4,away,661395,1,0,1
30161,4,away,695243,1,0,1
30161,4,away,628452,0,0,0
30161,4,away,808967,1,0,1
30162,1,home,547973,1,0,1
30162,1,home,641329,1,0,1
30162,1,home,671922,1,1,1
30162,1,home,656876,1,1,0
30162,1,home,656641,1,1,0
30162,1,home,686973,1,0,1
30162,1,away,695505,1,1,0
30162,1,away,666200,1,1,0
30162,1,away,661395,1,0,1
30162,1,away,695243,1,1,0
30162,1,away,628452,1,0,1
30162,1,away,808967,1,1,1
30162,2,home,547973,1,0,1
30162,2,home,641329,1,1,0
30162,2,home,671922,1,0,1
30162,2,home,656876,0,0,1
30162,2,home,656641,0,0,1
30162,2,home,686973,1,1,0
30162,2,away,695505,0,0,0
30162,2,away,666200,0,0,1
30162,2,away,661395,1,1,1
30162,2,away,695243,0,0,1
30162,2,away,628452,1,1,0
30162,2,away,808967,1,0,1
30162,3,home,547973,1,1,1
30162,3,home,641329,0,0,1
30162,3,home,671922,1,1,0
30162,3,home,656876,1,0,1
30162,3,home,656641,1,0,1
30162,3,home,686973,0,0,1
30162,3,away,695505,0,0,1
30162,3,away,666200,1,0,1
30162,3,away,661395,1,0,1
30162,3,away,695243,1,1,1
30162,3,away,628452,0,0,1
30162,3,away,808967,1,1,0
30162,4,home,547973,1,0,1
30162,4,home,641329,1,0,1
30162,4,home,671922,0,0,1
30162,4,home,656876,1,0,1
30162,4,home,656641,1,1,0
30162,4,home,686973,1,1,0
30162,4,away,695505,1,1,1
30162,4,away,666200,1,1,0
30162,4,away,661395,1,1,1
30162,4,away,695243,1,0,1
30162,4,away,628452,1,1,1
30162,4,away,808967,0,0,1
30163,1,home,547973,1,0,1
30163,1,home,641329,1,0,1
30163,1,home,671922,1,0,1
30163,1,home,656876,1,0,1
30163,1,home,656641,1,0,1
30163,1,home,686973,1,0,1
30163,1,away,695505,1,0,1
30163,1,away,666200,1,0,1
30163,1,away,661395,1,0,1
30163,1,away,695243,1,0,1
30163,1,away,628452,1,1,1
30163,1,away,808967,1,0,1
30163,2,home,547973,1,1,0
30163,2,home,641329,1,0,1
30163,2,home,671922,1,0,1
30163,2,home,656876,1,1,0
30163,2,home,656641,1,1,0
30163,2,home,686973,1,0,1
30163,2,away,695505,1,0,1
30163,2,away,666200,1,0,1
30163,2,away,661395,1,1,0
30163,2,away,695243,1,0,1
30163,2,away,628452,1,1,0
30163,2,away,808967,1,0,1
30163,3,home,547973,0,0,1
30163,3,home,641329,1,0,1
30163,3,home,671922,1,0,1
30163,3,home,656876,0,0,1
30163,3,home,656641,0,0,1
30163,3,home,686973,1,1,0
30163,3,away,695505,1,1,1
30163,3,away,666200,1,1,1
30163,3,away,661395,0,0,1
30163,3,away,695243,1,0,1
30163,3,away,628452,0,0,1
30163,3,away,808967,1,1,0
30163,4,home,547973,1,0,1
30163,4,home,641329,1,0,1
30163,4,home,671922,1,1,0
30163,4,home,656876,1,1,0
30163,4,home,656641,1,1,0
30163,4,home,686973,0,0,1
30163,4,away,695505,1,0,1
30163,4,away,666200,1,0,1
30163,4,away,661395,1,1,1
30163,4,away,695243,1,0,1
30163,4,away,628452,1,1,0
30163,4,away,808967,0,0,1
30164,1,home,547973,1,0,1
30164,1,home,641329,1,0,1
30164,1,home,671922,1,1,0
30164,1,home,656876,1,1,0
30164,1,home,656641,1,0,1
30164,1,home,686973,1,0,1
30164,1,away,695505,1,0,1
30164,1,away,666200,1,0,1
30164,1,away,661395,1,0,1
30164,1,away,695243,1,0,1
30164,1,away,628452,1,1,0
30164,1,away,808967,1,1,0
30164,2,home,547973,1,1,0
30164,2,home,641329,1,1,1
30164,2,home,671922,0,0,1
30164,2,home,656876,0,0,1
30164,2,home,656641,1,1,1
30164,2,home,686973,1,1,1
30164,2,away,695505,1,1,1
30164,2,away,666200,1,1,1
30164,2,away,661395,1,1,0
30164,2,away,695243,1,1,0
30164,2,away,628452,0,0,1
30164,2,away,808967,0,0,1
30164,3,home,547973,0,0,1
30164,3,home,641329,1,0,1
30164,3,home,671922,1,1,0
30164,3,home,656876,1,1,0
30164,3,home,656641,1,1,0
30164,3,home,686973,1,0,1
30164,3,away,695505,1,1,0
30164,3,away,666200,1,1,0
30164,3,away,661395,0,0,1
30164,3,away,695243,0,0,1
30164,3,away,628452,1,0,1
30164,3,away,808967,1,1,0
30164,4,home,547973,1,1,0
30164,4,home,641329,1,1,0
30164,4,home,671922,0,0,0
30164,4,home,656876,0,0,1
30164,4,home,656641,0,0,1
30164,4,home,686973,1,1,0
30164,4,away,695505,0,0,1
30164,4,away,666200,0,0,0
30164,4,away,661395,1,1,0
30164,4,away,695243,1,1,0
30164,4,away,628452,1,1,1
30164,4,away,808967,0,0,1
30165,1,home,547973,1,0,1
30165,1,home,641329,1,0,1
30165,1,home,671922,1,0,1
30165,1,home,656876,1,0,1
30165,1,home,656641,1,1,0
30165,1,home,686973,1,0,1
30165,1,away,695505,1,0,1
30165,1,away,666200,1,0,1
30165,1,away,661395,1,1,1
30165,1,away,695243,1,0,1
30165,1,away,628452,1,0,1
30165,1,away,808967,1,0,1
30165,2,home,547973,1,0,1
30165,2,home,641329,1,0,1
30165,2,home,671922,1,1,1
30165,2,home,656876,1,1,1
30165,2,home,656641,0,0,1
30165,2,home,686973,1,0,1
30165,2,away,695505,1,0,1
30165,2,away,666200,1,0,1
30165,2,away,661395,1,0,1
30165,2,away,695243,1,0,1
30165,2,away,628452,1,1,0
30165,2,away,808967,1,1,0
30165,3,home,547973,1,1,0
30165,3,home,641329,1,0,1
30165,3,home,671922,1,1,0
30165,3,home,656876,1,1,1
30165,3,home,656641,1,0,1
30165,3,home,686973,1,0,1
30165,3,away,695505,1,1,0
30165,3,away,666200,1,1,0
30165,3,away,661395,1,1,0
30165,3,away,695243,1,1,0
30165,3,away,628452,0,0,1
30165,3,away,808967,0,0,1
30165,4,home,547973,0,0,1
30165,4,home,641329,1,0,1
30165,4,home,671922,0,0,1
30165,4,home,656876,1,0,1
30165,4,home,656641,1,0,1
30165,4,home,686973,1,0,1
30165,4,away,695505,0,0,1
30165,4,away,666200,0,0,1
30165,4,away,661395,0,0,1
30165,4,away,695243,0,0,1
30165,4,away,628452,1,0,1
30165,4,away,808967,1,0,1
30166,1,home,547973,1,0,1
30166,1,home,641329,1,0,1
30166,1,home,671922,1,1,0
30166,1,home,656876,1,1,0
30166,1,home,656641,1,1,0
30166,1,home,686973,1,0,1
30166,1,away,695505,1,0,1
30166,1,away,666200,1,0,1
30166,1,away,661395,1,1,0
30166,1,away,695243,1,0,1
30166,1,away,628452,1,1,0
30166,1,away,808967,1,0,1
30166,2,home,547973,1,1,0
30166,2,home,641329,1,1,1
30166,2,home,671922,0,0,1
30166,2,home,656876,0,0,1
30166,2,home,656641,0,0,1
30166,2,home,686973,1,0,1
30166,2,away,695505,1,1,1
30166,2,away,666200,1,1,1
30166,2,away,661395,0,0,1
30166,2,away,695243,1,1,1
30166,2,away,628452,0,0,1
30166,2,away,808967,1,1,0
30166,3,home,547973,0,0,1
30166,3,home,641329,1,0,1
30166,3,home,671922,1,1,0
30166,3,home,656876,1,1,0
30166,3,home,656641,1,1,0
30166,3,home,686973,1,0,1
30166,3,away,695505,1,0,1
30166,3,away,666200,1,0,1
30166,3,away,661395,1,1,1
30166,3,away,695243,1,1,0
30166,3,away,628452,1,1,1
30166,3,away,808967,0,0,1
30166,4,home,547973,1,1,0
30166,4,home,641329,1,1,0
30166,4,home,671922,0,0,1
30166,4,home,656876,0,0,1
30166,4,home,656641,0,0,1
30166,4,home,686973,1,1,1
30166,4,away,695505,1,1,1
30166,4,away,666200,1,1,0
30166,4,away,661395,1,1,1
30166,4,away,695243,0,0,1
30166,4,away,628452,1,1,0
30166,4,away,808967,1,0,1
30167,1,home,547973,1,0,1
30167,1,home,641329,1,0,1
30167,1,home,671922,1,1,1
30167,1,home,656876,1,1,0
30167,1,home,656641,1,1,0
30167,1,home,686973,1,1,0
30167,1,away,695505,1,1,0
30167,1,away,666200,1,1,0
30167,1,away,661395,1,0,1
30167,1,away,695243,1,0,1
30167,1,away,628452,1,0,1
30167,1,away,808967,1,0,1
30167,2,home,547973,1,1,1
30167,2,home,641329,1,1,0
30167,2,home,671922,1,1,1
30167,2,home,656876,0,0,1
30167,2,home,656641,0,0,1
30167,2,home,686973,0,0,1
30167,2,away,695505,0,0,1
30167,2,away,666200,0,0,1
30167,2,away,661395,1,0,1
30167,2,away,695243,1,1,0
30167,2,away,628452,1,1,1
30167,2,away,808967,1,1,1
30167,3,home,547973,1,0,1
30167,3,home,641329,0,0,1
30167,3,home,671922,1,0,1
30167,3,home,656876,1,1,0
30167,3,home,656641,1,1,0
30167,3,home,686973,1,0,1
30167,3,away,695505,1,0,1
30167,3,away,666200,1,0,1
30167,3,away,661395,1,1,0
30167,3,away,695243,0,0,1
30167,3,away,628452,1,1,0
30167,3,away,808967,1,0,1
30167,4,home,547973,1,1,0
30167,4,home,641329,1,1,0
30167,4,home,671922,1,1,1
30167,4,home,656876,0,0,1
30167,4,home,656641,0,0,1
30167,4,home,686973,1,0,1
30167,4,away,695505,1,0,1
30167,4,away,666200,1,1,1
30167,4,away,661395,0,0,0
30167,4,away,695243,1,1,1
30167,4,away,628452,0,0,0
30167,4,away,808967,1,1,1
30168,1,home,547973,1,0,1
30168,1,home,641329,1,0,1
30168,1,home,671922,1,1,1
30168,1,home,656876,1,0,1
30168,1,home,656641,1,1,0
30168,1,home,686973,1,0,1
30168,1,away,695505,1,1,0
30168,1,away,666200,1,1,0
30168,1,away,661395,1,0,1
30168,1,away,695243,1,1,0
30168,1,away,628452,1,0,1
30168,1,away,808967,1,1,1
30168,2,home,547973,1,1,0
30168,2,home,641329,1,1,0
30168,2,home,671922,1,0,1
30168,2,home,656876,1,0,1
30168,2,home,656641,0,0,1
30168,2,home,686973,1,1,1
30168,2,away,695505,0,0,1
30168,2,away,666200,0,0,1
30168,2,away,661395,1,1,1
30168,2,away,695243,0,0,1
30168,2,away,628452,1,1,0
30168,2,away,808967,1,1,0
30168,3,home,547973,0,0,1
30168,3,home,641329,0,0,1
30168,3,home,671922,1,1,0
30168,3,home,656876,1,1,0
30168,3,home,656641,1,0,1
30168,3,home,686973,1,0,1
30168,3,away,695505,1,0,1
30168,3,away,666200,1,1,0
30168,3,away,661395,1,1,1
30168,3,away,695243,1,1,0
30168,3,away,628452,0,0,0
30168,3,away,808967,0,0,1
30168,4,home,547973,1,1,0
30168,4,home,641329,1,0,1
30168,4,home,671922,0,0,0
30168,4,home,656876,0,0,1
30168,4,home,656641,1,0,1
30168,4,home,686973,1,1,0
30168,4,away,695505,1,1,0
30168,4,away,666200,0,0,1
30168,4,away,661395,1,0,1
30168,4,away,695243,0,0,1
30168,4,away,628452,0,0,1
30168,4,away,808967,1,1,1
30169,1,home,547973,1,1,1
30169,1,home,641329,1,1,0
30169,1,home,671922,1,1,1
30169,1,home,656876,1,0,1
30169,1,home,656641,1,0,1
30169,1,home,686973,1,0,1
30169,1,away,695505,1,0,1
30169,1,away,666200,1,1,0
30169,1,away,661395,1,0,1
30169,1,away,695243,1,1,0
30169,1,away,628452,1,0,1
30169,1,away,808967,1,1,1
30169,2,home,547973,1,1,0
30169,2,home,641329,0,0,1
30169,2,home,671922,1,0,1
30169,2,home,656876,1,1,0
30169,2,home,656641,1,0,1
30169,2,home,686973,1,1,0
30169,2,away,695505,1,1,0
30169,2,away,666200,0,0,0
30169,2,away,661395,1,0,1
30169,2,away,695243,0,0,1
30169,2,away,628452,1,1,0
30169,2,away,808967,1,1,0
30169,3,home,547973,0,0,1
30169,3,home,641329,1,0,1
30169,3,home,671922,1,1,0
30169,3,home,656876,0,0,1
30169,3,home,656641,1,1,0
30169,3,home,686973,0,0,1
30169,3,away,695505,0,0,1
30169,3,away,666200,0,0,1
30169,3,away,661395,1,1,0
30169,3,away,695243,1,0,1
30169,3,away,628452,0,0,1
30169,3,away,808967,0,0,1
30169,4,home,547973,1,1,0
30169,4,home,641329,1,0,1
30169,4,home,671922,0,0,1
30169,4,home,656876,1,1,1
30169,4,home,656641,0,0,1
30169,4,home,686973,1,1,1
30169,4,away,695505,1,1,0
30169,4,away,666200,1,1,1
30169,4,away,661395,0,0,0
30169,4,away,695243,1,1,0
30169,4,away,628452,1,0,1
30169,4,away,808967,1,1,0
30170,1,home,547973,1,1,1
30170,1,home,641329,1,0,1
30170,1,home,671922,1,1,0
30170,1,home,656876,1,0,1
30170,1,home,656641,1,0,1
30170,1,home,686973,1,0,1
30170,1,away,695505,1,1,0
30170,1,away,666200,1,1,0
30170,1,away,661395,1,0,1
30170,1,away,695243,1,1,1
30170,1,away,628452,1,0,1
30170,1,away,808967,1,0,1
30170,2,home,547973,1,1,0
30170,2,home,641329,1,0,1
30170,2,home,671922,0,0,1
30170,2,home,656876,1,1,1
30170,2,home,656641,1,1,0
30170,2,home,686973,1,1,0
30170,2,away,695505,0,0,1
30170,2,away,666200,0,0,1
30170,2,away,661395,1,0,1
30170,2,away,695243,1,1,1
30170,2,away,628452,1,1,0
30170,2,away,808967,1,0,1
30170,3,home,547973,0,0,0
30170,3,home,641329,1,1,0
30170,3,home,671922,1,1,1
30170,3,home,656876,1,1,0
30170,3,home,656641,0,0,1
30170,3,home,686973,0,0,1
30170,3,away,695505,1,1,1
30170,3,away,666200,1,1,0
30170,3,away,661395,1,1,1
30170,3,away,695243,1,0,1
30170,3,away,628452,0,0,1
30170,3,away,808967,1,1,0
30170,4,home,547973,0,0,1
30170,4,home,641329,0,0,1
30170,4,home,671922,1,1,0
30170,4,home,656876,0,0,1
30170,4,home,656641,1,0,1
30170,4,home,686973,1,1,0
30170,4,away,695505,1,0,1
30170,4,away,666200,0,0,1
30170,4,away,661395,1,0,1
30170,4,away,695243,1,0,1
30170,4,away,628452,1,1,0
30170,4,away,808967,0,0,1
30171,1,home,547973,1,0,1
30171,1,home,641329,1,0,1
30171,1,home,671922,1,0,1
30171,1,home,656876,1,1,0
30171,1,home,656641,1,1,0
30171,1,home,686973,1,0,1
30171,1,away,695505,1,1,1
30171,1,away,666200,1,0,1
30171,1,away,661395,1,0,1
30171,1,away,695243,1,0,1
30171,1,away,628452,1,0,1
30171,1,away,808967,1,1,0
30171,2,home,547973,1,0,1
30171,2,home,641329,1,0,1
30171,2,home,671922,1,0,1
30171,2,home,656876,0,0,1
30171,2,home,656641,0,0,0
30171,2,home,686973,1,1,0
30171,2,away,695505,1,0,1
30171,2,away,666200,1,0,1
30171,2,away,661395,1,0,1
30171,2,away,695243,1,0,1
30171,2,away,628452,1,0,1
30171,2,away,808967,0,0,1
30171,3,home,547973,1,0,1
30171,3,home,641329,1,1,0
30171,3,home,671922,1,0,1
30171,3,home,656876,1,0,1
30171,3,home,656641,0,0,1
30171,3,home,686973,0,0,0
30171,3,away,695505,1,0,1
30171,3,away,666200,1,0,1
30171,3,away,661395,1,1,1
30171,3,away,695243,1,0,1
30171,3,away,628452,1,0,1
30171,3,away,808967,1,0,1
30171,4,home,547973,1,0,1
30171,4,home,641329,0,0,1
30171,4,home,671922,1,0,1
30171,4,home,656876,1,0,1
30171,4,home,656641,1,0,1
30171,4,home,686973,0,0,1
30171,4,away,695505,1,0,1
30171,4,away,666200,1,0,1
30171,4,away,661395,1,0,1
30171,4,away,695243,1,0,1
30171,4,away,628452,1,0,1
30171,4,away,808967,1,0,1
30172,1,home,547973,1,0,1
30172,1,home,641329,1,1,0
30172,1,home,671922,1,0,1
30172,1,home,656876,1,0,1
30172,1,home,656641,1,0,1
30172,1,home,686973,1,1,0
30172,1,away,695505,1,0,1
30172,1,away,666200,1,0,1
30172,1,away,661395,1,0,1
30172,1,away,695243,1,0,1
30172,1,away,628452,1,0,1
30172,1,away,808967,1,0,1
30172,2,home,547973,1,0,1
30172,2,home,641329,0,0,1
30172,2,home,671922,1,1,0
30172,2,home,656876,1,0,1
30172,2,home,656641,1,1,0
30172,2,home,686973,0,0,1
30172,2,away,695505,1,1,0
30172,2,away,666200,1,1,0
30172,2,away,661395,1,0,1
30172,2,away,695243,1,0,1
30172,2,away,628452,1,0,1
30172,2,away,808967,1,1,0
30172,3,home,547973,1,1,0
30172,3,home,641329,1,0,1
30172,3,home,671922,0,0,1
30172,3,home,656876,1,1,0
30172,3,home,656641,0,0,1
30172,3,home,686973,1,0,1
30172,3,away,695505,0,0,1
30172,3,away,666200,0,0,1
30172,3,away,661395,1,1,1
30172,3,away,695243,1,1,0
30172,3,away,628452,1,1,0
30172,3,away,808967,0,0,1
30172,4,home,547973,0,0,1
30172,4,home,641329,1,0,1
30172,4,home,671922,1,1,0
30172,4,home,656876,0,0,1
30172,4,home,656641,1,1,0
30172,4,home,686973,1,1,0
30172,4,away,695505,1,1,0
30172,4,away,666200,1,0,1
30172,4,away,661395,1,1,0
30172,4,away,695243,0,0,0
30172,4,away,628452,0,0,1
30172,4,away,808967,1,0,1
30173,1,home,547973,1,0,1
30173,1,home,641329,1,0,1
30173,1,home,671922,1,1,0
30173,1,home,656876,1,0,1
30173,1,home,656641,1,1,0
30173,1,home,686973,1,0,1
30173,1,away,695505,1,1,1
30173,1,away,666200,1,0,1
30173,1,away,661395,1,0,1
30173,1,away,695243,1,0,1
30173,1,away,628452,1,0,1
30173,1,away,808967,1,1,1
30173,2,home,547973,1,1,0
30173,2,home,641329,1,1,0
30173,2,home,671922,0,0,1
30173,2,home,656876,1,1,0
30173,2,home,656641,0,0,1
30173,2,home,686973,1,1,0
30173,2,away,695505,1,1,0
30173,2,away,666200,1,0,1
30173,2,away,661395,1,1,1
30173,2,away,695243,1,0,1
30173,2,away,628452,1,0,1
30173,2,away,808967,1,0,1
30173,3,home,547973,0,0,1
30173,3,home,641329,0,0,1
30173,3,home,671922,1,1,0
30173,3,home,656876,0,0,1
30173,3,home,656641,1,1,0
30173,3,home,686973,0,0,1
30173,3,away,695505,0,0,1
30173,3,away,666200,1,1,0
30173,3,away,661395,1,0,1
30173,3,away,695243,1,1,0
30173,3,away,628452,1,0,1
30173,3,away,808967,1,1,0
30173,4,home,547973,1,1,0
30173,4,home,641329,1,0,1
30173,4,home,671922,0,0,1
30173,4,home,656876,1,0,1
30173,4,home,656641,0,0,1
30173,4,home,686973,1,0,1
30173,4,away,695505,1,0,1
30173,4,away,666200,0,0,1
30173,4,away,661395,1,1,0
30173,4,away,695243,0,0,1
30173,4,away,628452,1,0,1
30173,4,away,808967,0,0,1
30174,1,home,547973,1,1,0
30174,1,home,641329,1,0,1
30174,1,home,671922,1,0,1
30174,1,home,656876,1,1,0
30174,1,home,656641,1,1,0
30174,1,home,686973,1,0,1
30174,1,away,695505,1,1,0
30174,1,away,666200,1,1,0
30174,1,away,661395,1,0,1
30174,1,away,695243,1,1,1
30174,1,away,628452,1,0,1
30174,1,away,808967,1,0,1
30174,2,home,547973,0,0,1
30174,2,home,641329,1,1,1
30174,2,home,671922,1,0,1
30174,2,home,656876,0,0,1
30174,2,home,656641,0,0,1
30174,2,home,686973,1,1,0
30174,2,away,695505,0,0,1
30174,2,away,666200,0,0,1
30174,2,away,661395,1,1,1
30174,2,away,695243,1,1,1
30174,2,away,628452,1,0,1
30174,2,away,808967,1,1,1
30174,3,home,547973,1,0,1
30174,3,home,641329,1,0,1
30174,3,home,671922,1,0,1
30174,3,home,656876,1,0,1
30174,3,home,656641,1,0,1
30174,3,home,686973,0,0,1
30174,3,away,695505,1,1,1
30174,3,away,666200,1,0,1
30174,3,away,661395,1,0,1
30174,3,away,695243,1,0,1
30174,3,away,628452,1,0,1
30174,3,away,808967,1,0,1
30174,4,home,547973,1,1,0
30174,4,home,641329,1,0,1
30174,4,home,671922,1,1,1
30174,4,home,656876,1,1,0
30174,4,home,656641,1,0,1
30174,4,home,686973,1,0,1
30174,4,away,695505,1,0,1
30174,4,away,666200,1,1,0
30174,4,away,661395,1,1,0
30174,4,away,695243,1,1,0
30174,4,away,628452,1,0,1
30174,4,away,808967,1,1,0
30175,1,home,547973,1,0,1
30175,1,home,641329,1,0,1
30175,1,home,671922,1,0,1
30175,1,home,656876,1,0,1
30175,1,home,656641,1,0,1
30175,1,home,686973,1,0,1
30175,1,away,695505,1,0,1
30175,1,away,666200,1,0,1
30175,1,away,661395,1,0,1
30175,1,away,695243,1,0,1
30175,1,away,628452,1,0,1
30175,1,away,808967,1,0,1
30175,2,home,547973,1,1,0
30175,2,home,641329,1,0,1
30175,2,home,671922,1,1,0
30175,2,home,656876,1,1,0
30175,2,home,656641,1,1,0
30175,2,home,686973,1,1,0
30175,2,away,695505,1,1,1
30175,2,away,666200,1,1,0
30175,2,away,661395,1,0,1
30175,2,away,695243,1,1,0
30175,2,away,628452,1,1,0
30175,2,away,808967,1,1,0
30175,3,home,547973,0,0,0
30175,3,home,641329,1,1,1
30175,3,home,671922,0,0,1
30175,3,home,656876,0,0,1
30175,3,home,656641,0,0,1
30175,3,home,686973,0,0,1
30175,3,away,695505,1,1,0
30175,3,away,666200,0,0,1
30175,3,away,661395,1,1,1
30175,3,away,695243,0,0,1
30175,3,away,628452,0,0,1
30175,3,away,808967,0,0,1
30175,4,home,547973,0,0,1
30175,4,home,641329,1,0,1
30175,4,home,671922,1,0,1
30175,4,home,656876,1,1,0
30175,4,home,656641,1,1,0
30175,4,home,686973,1,0,1
30175,4,away,695505,0,0,1
30175,4,away,666200,1,0,1
30175,4,away,661395,1,0,1
30175,4,away,695243,1,0,1
30175,4,away,628452,1,1,0
30175,4,away,808967,1,1,1
30176,1,home,547973,1,0,1
30176,1,home,641329,1,0,1
30176,1,home,671922,1,1,0
30176,1,home,656876,1,1,1
30176,1,home,656641,1,0,1
30176,1,home,686973,1,0,1
30176,1,away,695505,1,1,0
30176,1,away,666200,1,1,1
30176,1,away,661395,1,0,1
30176,1,away,695243,1,1,0
30176,1,away,628452,1,0,1
30176,1,away,808967,1,1,0
30176,2,home,547973,1,1,1
30176,2,home,641329,1,0,1
30176,2,home,671922,0,0,0
30176,2,home,656876,1,1,0
30176,2,home,656641,1,0,1
30176,2,home,686973,1,0,1
30176,2,away,695505,0,0,1
30176,2,away,666200,1,0,1
30176,2,away,661395,1,1,0
30176,2,away,695243,0,0,1
30176,2,away,628452,1,0,1
30176,2,away,808967,0,0,1
30176,3,home,547973,1,0,1
30176,3,home,641329,1,1,1
30176,3,home,671922,0,0,1
30176,3,home,656876,0,0,1
30176,3,home,656641,1,1,0
30176,3,home,686973,1,1,0
30176,3,away,695505,1,1,0
30176,3,away,666200,1,0,1
30176,3,away,661395,0,0,1
30176,3,away,695243,1,0,1
30176,3,away,628452,1,0,1
30176,3,away,808967,1,1,1
30176,4,home,547973,1,0,1
30176,4,home,641329,1,0,1
30176,4,home,671922,1,1,0
30176,4,home,656876,1,1,1
30176,4,home,656641,0,0,1
30176,4,home,686973,0,0,1
30176,4,away,695505,0,0,1
30176,4,away,666200,1,0,1
30176,4,away,661395,1,1,0
30176,4,away,695243,1,0,1
30176,4,away,628452,1,1,0
30176,4,away,808967,1,0,1
30177,1,home,547973,1,1,0
30177,1,home,641329,1,0,1
30177,1,home,671922,1,1,0
30177,1,home,656876,1,1,0
30177,1,home,656641,1,1,0
30177,1,home,686973,1,0,1
30177,1,away,695505,1,1,1
30177,1,away,666200,1,1,0
30177,1,away,661395,1,0,1
30177,1,away,695243,1,1,1
30177,1,away,628452,1,0,1
30177,1,away,808967,1,1,0
30177,2,home,547973,0,0,1
30177,2,home,641329,1,1,0
30177,2,home,671922,0,0,1
30177,2,home,656876,0,0,1
30177,2,home,656641,0,0,1
30177,2,home,686973,1,0,1
30177,2,away,695505,1,1,0
30177,2,away,666200,0,0,1
30177,2,away,661395,1,1,1
30177,2,away,695243,1,0,1
30177,2,away,628452,1,0,1
30177,2,away,808967,0,0,1
30177,3,home,547973,1,0,1
30177,3,home,641329,0,0,1
30177,3,home,671922,1,0,1
30177,3,home,656876,1,0,1
30177,3,home,656641,1,0,1
30177,3,home,686973,1,0,1
30177,3,away,695505,0,0,1
30177,3,away,666200,1,0,1
30177,3,away,661395,1,0,1
30177,3,away,695243,1,0,1
30177,3,away,628452,1,0,1
30177,3,away,808967,1,0,1
30177,4,home,547973,1,0,1
30177,4,home,641329,1,0,1
30177,4,home,671922,1,1,0
30177,4,home,656876,1,1,1
30177,4,home,656641,1,1,1
30177,4,home,686973,1,0,1
30177,4,away,695505,1,0,1
30177,4,away,666200,1,0,1
30177,4,away,661395,1,1,0
30177,4,away,695243,1,0,1
30177,4,away,628452,1,1,0
30177,4,away,808967,1,0,1
30178,1,home,547973,1,1,0
30178,1,home,641329,1,0,1
30178,1,home,671922,1,1,0
30178,1,home,656876,1,1,0
30178,1,home,656641,1,1,0
30178,1,home,686973,1,0,1
30178,1,away,695505,1,0,1
30178,1,away,666200,1,0,1
30178,1,away,661395,1,0,1
30178,1,away,695243,1,1,0
30178,1,away,628452,1,0,1
30178,1,away,808967,1,1,1
30178,2,home,547973,0,0,1
30178,2,home,641329,1,1,0
30178,2,home,671922,0,0,1
30178,2,home,656876,0,0,0
30178,2,home,656641,0,0,1
30178,2,home,686973,1,1,0
30178,2,away,695505,1,1,0
30178,2,away,666200,1,0,1
30178,2,away,661395,1,1,0
30178,2,away,695243,0,0,1
30178,2,away,628452,1,0,1
30178,2,away,808967,1,0,1
30178,3,home,547973,1,0,1
30178,3,home,641329,0,0,1
30178,3,home,671922,1,1,0
30178,3,home,656876,0,0,1
30178,3,home,656641,1,1,0
30178,3,home,686973,0,0,0
30178,3,away,695505,0,0,1
30178,3,away,666200,1,0,1
30178,3,away,661395,0,0,1
30178,3,away,695243,1,0,1
30178,3,away,628452,1,1,1
30178,3,away,808967,1,1,1
30178,4,home,547973,1,1,0
30178,4,home,641329,1,1,0
30178,4,home,671922,0,0,1
30178,4,home,656876,1,1,0
30178,4,home,656641,0,0,1
30178,4,home,686973,0,0,1
30178,4,away,695505,1,1,1
30178,4,away,666200,1,1,0
30178,4,away,661395,1,0,1
30178,4,away,695243,1,1,0
30178,4,away,628452,1,1,0
30178,4,away,808967,1,0,1
30179,1,home,547973,1,1,1
30179,1,home,641329,1,0,1
30179,1,home,671922,1,1,0
30179,1,home,656876,1,1,0
30179,1,home,656641,1,1,0
30179,1,home,686973,1,0,1
30179,1,away,695505,1,1,1
30179,1,away,666200,1,1,0
30179,1,away,661395,1,0,1
30179,1,away,695243,1,1,0
30179,1,away,628452,1,0,1
30179,1,away,808967,1,1,0
30179,2,home,547973,1,1,1
30179,2,home,641329,1,1,0
30179,2,home,671922,0,0,1
30179,2,home,656876,0,0,1
30179,2,home,656641,0,0,1
30179,2,home,686973,1,1,0
30179,2,away,695505,1,1,0
30179,2,away,666200,0,0,1
30179,2,away,661395,1,1,1
30179,2,away,695243,0,0,1
30179,2,away,628452,1,1,1
30179,2,away,808967,0,0,1
30179,3,home,547973,1,1,0
30179,3,home,641329,0,0,1
30179,3,home,671922,1,1,0
30179,3,home,656876,1,1,0
30179,3,home,656641,1,1,0
30179,3,home,686973,0,0,1
30179,3,away,695505,0,0,1
30179,3,away,666200,1,0,1
30179,3,away,661395,1,0,1
30179,3,away,695243,1,0,1
30179,3,away,628452,1,0,1
30179,3,away,808967,1,0,1
30179,4,home,547973,0,0,1
30179,4,home,641329,1,0,1
30179,4,home,671922,0,0,1
30179,4,home,656876,0,0,1
30179,4,home,656641,0,0,1
30179,4,home,686973,1,1,0
30179,4,away,695505,1,0,1
30179,4,away,666200,1,0,1
30179,4,away,661395,1,0,1
30179,4,away,695243,1,0,1
30179,4,away,628452,1,0,1
30179,4,away,808967,1,1,0
30180,1,home,547973,1,1,1
30180,1,home,641329,1,0,1
30180,1,home,671922,1,0,1
30180,1,home,656876,1,1,0
30180,1,home,656641,1,1,0
30180,1,home,686973,1,0,1
30180,1,away,695505,1,1,0
30180,1,away,666200,1,1,1
30180,1,away,661395,1,0,1
30180,1,away,695243,1,1,0
30180,1,away,628452,1,0,1
30180,1,away,808967,1,0,1
30180,2,home,547973,1,1,0
30180,2,home,641329,1,0,1
30180,2,home,671922,1,1,0
30180,2,home,656876,0,0,1
30180,2,home,656641,0,0,1
30180,2,home,686973,1,1,0
30180,2,away,695505,0,0,0
30180,2,away,666200,1,1,1
30180,2,away,661395,1,1,0
30180,2,away,695243,0,0,1
30180,2,away,628452,1,0,1
30180,2,away,808967,1,1,0
30180,3,home,547973,0,0,1
30180,3,home,641329,1,1,0
30180,3,home,671922,0,0,1
30180,3,home,656876,1,1,0
30180,3,home,656641,1,1,1
30180,3,home,686973,0,0,1
30180,3,away,695505,0,0,1
30180,3,away,666200,1,0,1
30180,3,away,661395,0,0,1
30180,3,away,695243,1,1,0
30180,3,away,628452,1,1,0
30180,3,away,808967,0,0,1
30180,4,home,547973,1,1,1
30180,4,home,641329,0,0,1
30180,4,home,671922,1,0,1
30180,4,home,656876,0,0,1
30180,4,home,656641,1,0,1
30180,4,home,686973,1,0,1
30180,4,away,695505,1,0,1
30180,4,away,666200,1,0,1
30180,4,away,661395,1,0,1
30180,4,away,695243,0,0,1
30180,4,away,628452,0,0,1
30180,4,away,808967,1,0,1
30181,1,home,547973,1,0,1
30181,1,home,641329,1,0,1
30181,1,home,671922,1,0,1
30181,1,home,656876,1,0,1
30181,1,home,656641,1,1,0
30181,1,home,686973,1,1,1
30181,1,away,695505,1,0,1
30181,1,away,666200,1,1,1
30181,1,away,661395,1,0,1
30181,1,away,695243,1,0,1
30181,1,away,628452,1,0,1
30181,1,away,808967,1,1,1
30181,2,home,547973,1,1,0
30181,2,home,641329,1,0,1
30181,2,home,671922,1,0,1
30181,2,home,656876,1,1,0
30181,2,home,656641,0,0,1
30181,2,home,686973,1,1,0
30181,2,away,695505,1,1,0
30181,2,away,666200,1,1,1
30181,2,away,661395,1,0,1
30181,2,away,695243,1,1,0
30181,2,away,628452,1,0,1
30181,2,away,808967,1,0,1
30181,3,home,547973,0,0,0
30181,3,home,641329,1,1,0
30181,3,home,671922,1,1,0
30181,3,home,656876,0,0,1
30181,3,home,656641,1,1,1
30181,3,home,686973,0,0,1
30181,3,away,695505,0,0,1
30181,3,away,666200,1,1,0
30181,3,away,661395,1,1,0
30181,3,away,695243,0,0,1
30181,3,away,628452,1,1,0
30181,3,away,808967,1,1,1
30181,4,home,547973,0,0,1
30181,4,home,641329,0,0,1
30181,4,home,671922,0,0,1
30181,4,home,656876,1,1,0
30181,4,home,656641,1,0,1
30181,4,home,686973,1,1,0
30181,4,away,695505,1,1,0
30181,4,away,666200,0,0,1
30181,4,away,661395,0,0,1
30181,4,away,695243,1,0,1
30181,4,away,628452,0,0,1
30181,4,away,808967,1,1,1
30182,1,home,547973,1,0,1
30182,1,home,641329,1,0,1
30182,1,home,671922,1,0,1
30182,1,home,656876,1,0,1
30182,1,home,656641,1,0,1
30182,1,home,686973,1,1,0
30182,1,away,695505,1,0,1
30182,1,away,666200,1,0,1
30182,1,away,661395,1,1,0
30182,1,away,695243,1,0,1
30182,1,away,628452,1,0,1
30182,1,away,808967,1,1,1
30182,2,home,547973,1,1,0
30182,2,home,641329,1,0,1
30182,2,home,671922,1,0,1
30182,2,home,656876,1,1,0
30182,2,home,656641,1,1,0
30182,2,home,686973,0,0,1
30182,2,away,695505,1,1,1
30182,2,away,666200,1,1,0
30182,2,away,661395,0,0,1
30182,2,away,695243,1,1,0
30182,2,away,628452,1,0,1
30182,2,away,808967,1,0,1
30182,3,home,547973,0,0,1
30182,3,home,641329,1,1,0
30182,3,home,671922,1,1,0
30182,3,home,656876,0,0,0
30182,3,home,656641,0,0,1
30182,3,home,686973,1,1,0
30182,3,away,695505,1,1,0
30182,3,away,666200,0,0,1
30182,3,away,661395,1,1,0
30182,3,away,695243,0,0,1
30182,3,away,628452,1,1,0
30182,3,away,808967,1,0,1
30182,4,home,547973,1,0,1
30182,4,home,641329,0,0,1
30182,4,home,671922,0,0,1
30182,4,home,656876,0,0,1
30182,4,home,656641,1,0,1
30182,4,home,686973,0,0,1
30182,4,away,695505,0,0,1
30182,4,away,666200,1,0,1
30182,4,away,661395,0,0,1
30182,4,away,695243,1,0,1
30182,4,away,628452,0,0,1
30182,4,away,808967,1,0,1
30183,1,home,547973,1,1,0
30183,1,home,641329,1,0,1
30183,1,home,671922,1,1,0
30183,1,home,656876,1,0,1
30183,1,home,656641,1,1,1
30183,1,home,686973,1,0,1
30183,1,away,695505,1,1,1
30183,1,away,666200,1,1,0
30183,1,away,661395,1,0,1
30183,1,away,695243,1,1,1
30183,1,away,628452,1,0,1
30183,1,away,808967,1,1,0
30183,2,home,547973,0,0,1
30183,2,home,641329,1,0,1
30183,2,home,671922,0,0,1
30183,2,home,656876,1,1,0
30183,2,home,656641,1,1,0
30183,2,home,686973,1,1,0
30183,2,away,695505,1,1,0
30183,2,away,666200,0,0,1
30183,2,away,661395,1,0,1
30183,2,away,695243,1,1,0
30183,2,away,628452,1,0,1
30183,2,away,808967,0,0,1
30183,3,home,547973,1,1,0
30183,3,home,641329,1,0,1
30183,3,home,671922,1,0,1
30183,3,home,656876,0,0,1
30183,3,home,656641,0,0,1
30183,3,home,686973,0,0,1
30183,3,away,695505,0,0,1
30183,3,away,666200,1,0,1
30183,3,away,661395,1,0,1
30183,3,away,695243,0,0,1
30183,3,away,628452,1,1,1
30183,3,away,808967,1,1,0
30183,4,home,547973,0,0,1
30183,4,home,641329,1,0,1
30183,4,home,671922,1,0,1
30183,4,home,656876,1,1,1
30183,4,home,656641,1,0,1
30183,4,home,686973,1,0,1
30183,4,away,695505,1,0,1
30183,4,away,666200,1,0,1
30183,4,away,661395,1,1,0
30183,4,away,695243,1,0,1
30183,4,away,628452,1,0,1
30183,4,away,808967,0,0,1
30184,1,home,547973,1,0,1
30184,1,home,641329,1,1,0
30184,1,home,671922,1,0,1
30184,1,home,656876,1,0,1
30184,1,home,656641,1,1,0
30184,1,home,686973,1,1,1
30184,1,away,695505,1,0,1
30184,1,away,666200,1,1,0
30184,1,away,661395,1,0,1
30184,1,away,695243,1,1,1
30184,1,away,628452,1,0,1
30184,1,away,808967,1,1,0
30184,2,home,547973,1,1,0
30184,2,home,641329,0,0,1
30184,2,home,671922,1,1,0
30184,2,home,656876,1,0,1
30184,2,home,656641,0,0,1
30184,2,home,686973,1,0,1
30184,2,away,695505,1,0,1
30184,2,away,666200,0,0,0
30184,2,away,661395,1,1,1
30184,2,away,695243,1,1,0
30184,2,away,628452,1,1,0
30184,2,away,808967,0,0,1
30184,3,home,547973,0,0,1
30184,3,home,641329,1,1,0
30184,3,home,671922,0,0,1
30184,3,home,656876,1,1,0
30184,3,home,656641,1,0,1
30184,3,home,686973,1,0,1
30184,3,away,695505,1,1,0
30184,3,away,666200,0,0,1
30184,3,away,661395,1,1,0
30184,3,away,695243,0,0,1
30184,3,away,628452,0,0,1
30184,3,away,808967,1,0,1
30184,4,home,547973,1,1,0
30184,4,home,641329,0,0,1
30184,4,home,671922,1,1,0
30184,4,home,656876,0,0,1
30184,4,home,656641,1,1,0
30184,4,home,686973,1,0,1
30184,4,away,695505,0,0,1
30184,4,away,666200,1,1,0
30184,4,away,661395,0,0,1
30184,4,away,695243,1,1,0
30184,4,away,628452,1,1,1
30184,4,away,808967,1,1,1
30185,1,home,547973,1,0,1
30185,1,home,641329,1,0,1
30185,1,home,671922,1,0,1
30185,1,home,656876,1,1,0
30185,1,home,656641,1,0,1
30185,1,home,686973,1,0,1
30185,1,away,695505,1,1,0
30185,1,away,666200,1,0,1
30185,1,away,661395,1,1,0
30185,1,away,695243,1,0,1
30185,1,away,628452,1,0,1
30185,1,away,808967,1,0,1
30185,2,home,547973,1,0,1
30185,2,home,641329,1,0,1
30185,2,home,671922,1,1,1
30185,2,home,656876,0,0,1
30185,2,home,656641,1,1,0
30185,2,home,686973,1,0,1
30185,2,away,695505,0,0,0
30185,2,away,666200,1,0,1
30185,2,away,661395,0,0,1
30185,2,away,695243,1,1,1
30185,2,away,628452,1,1,0
30185,2,away,808967,1,0,1
30185,3,home,547973,1,0,1
30185,3,home,641329,1,0,1
30185,3,home,671922,1,0,1
30185,3,home,656876,1,1,0
30185,3,home,656641,0,0,1
30185,3,home,686973,1,0,1
30185,3,away,695505,0,0,0
30185,3,away,666200,1,0,1
30185,3,away,661395,1,1,1
30185,3,away,695243,1,0,1
30185,3,away,628452,0,0,1
30185,3,away,808967,1,1,0
30185,4,home,547973,1,0,1
30185,4,home,641329,1,0,1
30185,4,home,671922,1,0,1
30185,4,home,656876,0,0,1
30185,4,home,656641,1,1,0
30185,4,home,686973,1,0,1
30185,4,away,695505,0,0,1
30185,4,away,666200,1,0,1
30185,4,away,661395,1,1,1
30185,4,away,695243,1,0,1
30185,4,away,628452,1,0,1
30185,4,away,808967,0,0,1
30186,1,home,547973,1,1,1
30186,1,home,641329,1,0,1
30186,1,home,671922,1,1,1
30186,1,home,656876,1,1,0
30186,1,home,656641,1,0,1
30186,1,home,686973,1,0,1
30186,1,away,695505,1,0,1
30186,1,away,666200,1,1,0
30186,1,away,661395,1,0,1
30186,1,away,695243,1,1,0
30186,1,away,628452,1,0,1
30186,1,away,808967,1,1,0
30186,2,home,547973,1,0,1
30186,2,home,641329,1,1,0
30186,2,home,671922,1,1,0
30186,2,home,656876,0,0,1
30186,2,home,656641,1,1,0
30186,2,home,686973,1,1,0
30186,2,away,695505,1,1,0
30186,2,away,666200,0,0,1
30186,2,away,661395,1,1,1
30186,2,away,695243,0,0,1
30186,2,away,628452,1,1,1
30186,2,away,808967,0,0,1
30186,3,home,547973,1,1,1
30186,3,home,641329,0,0,1
30186,3,home,671922,0,0,1
30186,3,home,656876,1,1,1
30186,3,home,656641,0,0,0
30186,3,home,686973,0,0,1
30186,3,away,695505,0,0,1
30186,3,away,666200,1,1,0
30186,3,away,661395,1,0,1
30186,3,away,695243,1,1,0
30186,3,away,628452,1,0,1
30186,3,away,808967,1,1,1
30186,4,home,547973,1,0,1
30186,4,home,641329,1,0,1
30186,4,home,671922,1,1,0
30186,4,home,656876,1,1,0
30186,4,home,656641,0,0,1
30186,4,home,686973,1,0,1
30186,4,away,695505,1,0,1
30186,4,away,666200,0,0,1
30186,4,away,661395,1,1,0
30186,4,away,695243,0,0,1
30186,4,away,628452,1,1,0
30186,4,away,808967,1,0,1
30187,1,home,547973,1,0,1
30187,1,home,641329,1,0,1
30187,1,home,671922,1,1,0
30187,1,home,656876,1,1,0
30187,1,home,656641,1,1,0
30187,1,home,686973,1,0,1
30187,1,away,695505,1,0,1
30187,1,away,666200,1,1,0
30187,1,away,661395,1,0,1
30187,1,away,695243,1,1,0
30187,1,away,628452,1,1,1
30187,1,away,808967,1,1,0
30187,2,home,547973,1,1,1
30187,2,home,641329,1,1,1
30187,2,home,671922,0,0,1
30187,2,home,656876,0,0,0
30187,2,home,656641,0,0,0
30187,2,home,686973,1,1,1
30187,2,away,695505,1,1,0
30187,2,away,666200,0,0,1
30187,2,away,661395,1,1,1
30187,2,away,695243,0,0,0
30187,2,away,628452,1,1,1
30187,2,away,808967,0,0,1
30187,3,home,547973,1,1,0
30187,3,home,641329,1,0,1
30187,3,home,671922,1,1,0
30187,3,home,656876,0,0,1
30187,3,home,656641,0,0,1
30187,3,home,686973,1,1,0
30187,3,away,695505,0,0,1
30187,3,away,666200,1,1,0
30187,3,away,661395,1,1,1
30187,3,away,695243,0,0,1
30187,3,away,628452,1,1,0
30187,3,away,808967,1,0,1
30187,4,home,547973,0,0,1
30187,4,home,641329,1,0,1
30187,4,home,671922,0,0,1
30187,4,home,656876,1,0,1
30187,4,home,656641,1,0,1
30187,4,home,686973,0,0,1
30187,4,away,695505,1,0,1
30187,4,away,666200,0,0,0
30187,4,away,661395,1,0,1
30187,4,away,695243,1,0,1
30187,4,away,628452,0,0,1
30187,4,away,808967,1,0,1
30188,1,home,547973,1,1,1
30188,1,home,641329,1,0,1
30188,1,home,671922,1,1,1
30188,1,home,656876,1,0,1
30188,1,home,656641,1,1,1
30188,1,home,686973,1,0,1
30188,1,away,695505,1,1,0
30188,1,away,666200,1,1,1
30188,1,away,661395,1,0,1
30188,1,away,695243,1,1,0
30188,1,away,628452,1,0,1
30188,1,away,808967,1,1,0
30188,2,home,547973,1,0,1
30188,2,home,641329,1,0,1
30188,2,home,671922,1,1,1
30188,2,home,656876,1,1,1
30188,2,home,656641,1,1,0
30188,2,home,686973,1,0,1
30188,2,away,695505,0,0,0
30188,2,away,666200,1,0,1
30188,2,away,661395,1,1,0
30188,2,away,695243,0,0,1
30188,2,away,628452,1,1,0
30188,2,away,808967,0,0,1
30188,3,home,547973,1,0,1
30188,3,home,641329,1,0,1
30188,3,home,671922,1,0,1
30188,3,home,656876,1,0,1
30188,3,home,656641,0,0,1
30188,3,home,686973,1,0,1
30188,3,away,695505,0,0,1
30188,3,away,666200,1,0,1
30188,3,away,661395,0,0,1
30188,3,away,695243,1,0,1
30188,3,away,628452,0,0,1
30188,3,away,808967,1,0,1
30188,4,home,547973,1,0,1
30188,4,home,641329,1,0,1
30188,4,home,671922,1,0,1
30188,4,home,656876,1,1,1
30188,4,home,656641,1,1,0
30188,4,home,686973,1,1,1
30188,4,away,695505,1,0,1
30188,4,away,666200,1,0,1
30188,4,away,661395,1,1,0
30188,4,away,695243,1,1,0
30188,4,away,628452,1,0,1
30188,4,away,808967,1,1,1
30189,1,home,547973,1,1,0
30189,1,home,641329,1,0,1
30189,1,home,671922,1,1,0
30189,1,home,656876,1,1,0
30189,1,home,656641,1,0,1
30189,1,home,686973,1,0,1
30189,1,away,695505,1,0,1
30189,1,away,666200,1,0,1
30189,1,away,661395,1,0,1
30189,1,away,695243,1,1,0
30189,1,away,628452,1,0,1
30189,1,away,808967,1,1,0
30189,2,home,547973,0,0,1
30189,2,home,641329,1,1,0
30189,2,home,671922,0,0,1
30189,2,home,656876,0,0,1
30189,2,home,656641,1,1,0
30189,2,home,686973,1,1,0
30189,2,away,695505,1,1,1
30189,2,away,666200,1,1,0
30189,2,away,661395,1,1,0
30189,2,away,695243,0,0,1
30189,2,away,628452,1,1,1
30189,2,away,808967,0,0,1
30189,3,home,547973,1,1,0
30189,3,home,641329,0,0,1
30189,3,home,671922,1,0,1
30189,3,home,656876,1,0,1
30189,3,home,656641,0,0,1
30189,3,home,686973,0,0,1
30189,3,away,695505,1,0,1
30189,3,away,666200,0,0,1
30189,3,away,661395,0,0,1
30189,3,away,695243,1,0,1
30189,3,away,628452,1,0,1
30189,3,away,808967,1,0,1
30189,4,home,547973,0,0,1
30189,4,home,641329,1,0,1
30189,4,home,671922,1,0,1
30189,4,home,656876,1,0,1
30189,4,home,656641,1,0,1
30189,4,home,686973,1,0,1
30189,4,away,695505,1,0,1
30189,4,away,666200,1,0,1
30189,4,away,661395,1,0,1
30189,4,away,695243,1,0,1
30189,4,away,628452,1,0,1
30189,4,away,808967,1,0,1
30190,1,home,547973,1,1,0
30190,1,home,641329,1,1,0
30190,1,home,671922,1,1,0
30190,1,home,656876,1,1,0
30190,1,home,656641,1,0,1
30190,1,home,686973,1,0,1
30190,1,away,695505,1,1,0
30190,1,away,666200,1,1,0
30190,1,away,661395,1,0,1
30190,1,away,695243,1,1,0
30190,1,away,628452,1,0,1
30190,1,away,808967,1,1,1
30190,2,home,547973,0,0,1
30190,2,home,641329,0,0,1
30190,2,home,671922,0,0,0
30190,2,home,656876,0,0,1
30190,2,home,656641,1,1,1
30190,2,home,686973,1,1,0
30190,2,away,695505,0,0,1
30190,2,away,666200,0,0,1
30190,2,away,661395,1,1,0
30190,2,away,695243,0,0,1
30190,2,away,628452,1,1,0
30190,2,away,808967,1,0,1
30190,3,home,547973,1,1,1
30190,3,home,641329,1,0,1
30190,3,home,671922,0,0,1
30190,3,home,656876,1,1,1
30190,3,home,656641,1,1,0
30190,3,home,686973,0,0,0
30190,3,away,695505,1,1,1
30190,3,away,666200,1,1,1
30190,3,away,661395,0,0,1
30190,3,away,695243,1,1,0
30190,3,away,628452,0,0,1
30190,3,away,808967,1,1,0
30190,4,home,547973,1,0,1
30190,4,home,641329,1,1,1
30190,4,home,671922,1,1,1
30190,4,home,656876,1,1,0
30190,4,home,656641,0,0,1
30190,4,home,686973,0,0,1
30190,4,away,695505,1,0,1
30190,4,away,666200,1,0,1
30190,4,away,661395,1,1,0
30190,4,away,695243,0,0,1
30190,4,away,628452,1,1,0
30190,4,away,808967,0,0,1
30191,1,home,547973,1,0,1
30191,1,home,641329,1,0,1
30191,1,home,671922,1,1,1
30191,1,home,656876,1,1,0
30191,1,home,656641,1,1,1
30191,1,home,686973,1,0,1
30191,1,away,695505,1,1,0
30191,1,away,666200,1,0,1
30191,1,away,661395,1,0,1
30191,1,away,695243,1,0,1
30191,1,away,628452,1,0,1
30191,1,away,808967,1,1,0
30191,2,home,547973,1,0,1
30191,2,home,641329,1,1,1
30191,2,home,671922,1,1,0
30191,2,home,656876,0,0,0
30191,2,home,656641,1,1,0
30191,2,home,686973,1,0,1
30191,2,away,695505,0,0,1
30191,2,away,666200,1,0,1
30191,2,away,661395,1,0,1
30191,2,away,695243,1,1,0
30191,2,away,628452,1,1,1
30191,2,away,808967,0,0,1
30191,3,home,547973,1,1,0
30191,3,home,641329,1,0,1
30191,3,home,671922,0,0,1
30191,3,home,656876,0,0,1
30191,3,home,656641,0,0,1
30191,3,home,686973,1,1,0
30191,3,away,695505,1,0,1
30191,3,away,666200,1,1,0
30191,3,away,661395,1,0,1
30191,3,away,695243,0,0,1
30191,3,away,628452,1,0,1
30191,3,away,808967,1,0,1
30191,4,home,547973,0,0,1
30191,4,home,641329,1,0,1
30191,4,home,671922,1,0,1
30191,4,home,656876,1,0,1
30191,4,home,656641,1,0,1
30191,4,home,686973,0,0,1
30191,4,away,695505,1,0,1
30191,4,away,666200,0,0,1
30191,4,away,661395,1,0,1
30191,4,away,695243,1,0,1
30191,4,away,628452,1,0,1
30191,4,away,808967,1,0,1
30192,1,home,547973,1,0,1
30192,1,home,641329,1,0,1
30192,1,home,671922,1,0,1
30192,1,home,656876,1,1,0
30192,1,home,656641,1,0,1
30192,1,home,686973,1,0,1
30192,1,away,695505,1,0,1
30192,1,away,666200,1,0,1
30192,1,away,661395,1,1,1
30192,1,away,695243,1,0,1
30192,1,away,628452,1,1,0
30192,1,away,808967,1,0,1
30192,2,home,547973,1,1,0
30192,2,home,641329,1,0,1
30192,2,home,671922,1,0,1
30192,2,home,656876,0,0,1
30192,2,home,656641,1,0,1
30192,2,home,686973,1,0,1
30192,2,away,695505,1,0,1
30192,2,away,666200,1,0,1
30192,2,away,661395,1,1,0
30192,2,away,695243,1,0,1
30192,2,away,628452,0,0,1
30192,2,away,808967,1,0,1
30192,3,home,547973,0,0,1
30192,3,home,641329,1,1,0
30192,3,home,671922,1,0,1
30192,3,home,656876,1,0,1
30192,3,home,656641,1,0,1
30192,3,home,686973,1,0,1
30192,3,away,695505,1,0,1
30192,3,away,666200,1,0,1
30192,3,away,661395,0,0,0
30192,3,away,695243,1,0,1
30192,3,away,628452,1,0,1
30192,3,away,808967,1,0,1
30192,4,home,547973,1,0,1
30192,4,home,641329,0,0,1
30192,4,home,671922,1,0,1
30192,4,home,656876,1,0,1
30192,4,home,656641,1,1,0
30192,4,home,686973,1,1,0
30192,4,away,695505,1,0,1
30192,4,away,666200,1,0,1
30192,4,away,661395,0,0,1
30192,4,away,695243,1,0,1
30192,4,away,628452,1,0,1
30192,4,away,808967,1,1,1
30193,1,home,547973,1,0,1
30193,1,home,641329,1,0,1
30193,1,home,671922,1,0,1
30193,1,home,656876,1,1,0
30193,1,home,656641,1,0,1
30193,1,home,686973,1,0,1
30193,1,away,695505,1,1,0
30193,1,away,666200,1,0,1
30193,1,away,661395,1,0,1
30193,1,away,695243,1,0,1
30193,1,away,628452,1,0,1
30193,1,away,808967,1,0,1
30193,2,home,547973,1,1,0
30193,2,home,641329,1,0,1
30193,2,home,671922,1,1,1
30193,2,home,656876,0,0,1
30193,2,home,656641,1,1,0
30193,2,home,686973,1,0,1
30193,2,away,695505,0,0,1
30193,2,away,666200,1,1,0
30193,2,away,661395,1,0,1
30193,2,away,695243,1,0,1
30193,2,away,628452,1,1,0
30193,2,away,808967,1,1,0
30193,3,home,547973,0,0,1
30193,3,home,641329,1,1,0
30193,3,home,671922,1,0,1
30193,3,home,656876,1,1,1
30193,3,home,656641,0,0,1
30193,3,home,686973,1,0,1
30193,3,away,695505,1,1,1
30193,3,away,666200,0,0,1
30193,3,away,661395,1,1,0
30193,3,away,695243,1,1,0
30193,3,away,628452,0,0,1
30193,3,away,808967,0,0,1
30193,4,home,547973,1,0,1
30193,4,home,641329,0,0,1
30193,4,home,671922,1,0,1
30193,4,home,656876,1,0,1
30193,4,home,656641,1,0,1
30193,4,home,686973,1,1,0
30193,4,away,695505,1,0,1
30193,4,away,666200,1,0,1
30193,4,away,661395,0,0,1
30193,4,away,695243,0,0,1
30193,4,away,628452,1,1,0
30193,4,away,808967,1,0,1
30194,1,home,547973,1,0,1
30194,1,home,641329,1,1,0
30194,1,home,671922,1,1,1
30194,1,home,656876,1,1,0
30194,1,home,656641,1,1,0
30194,1,home,686973,1,0,1
30194,1,away,695505,1,0,1
30194,1,away,666200,1,0,1
30194,1,away,661395,1,0,1
30194,1,away,695243,1,1,1
30194,1,away,628452,1,0,1
30194,1,away,808967,1,1,0
30194,2,home,547973,1,1,1
30194,2,home,641329,0,0,1
30194,2,home,671922,1,0,1
30194,2,home,656876,0,0,1
30194,2,home,656641,0,0,1
30194,2,home,686973,1,1,0
30194,2,away,695505,1,0,1
30194,2,away,666200,1,1,0
30194,2,away,661395,1,0,1
30194,2,away,695243,1,1,0
30194,2,away,628452,1,1,0
30194,2,away,808967,0,0,1
30194,3,home,547973,1,0,1
30194,3,home,641329,1,0,1
30194,3,home,671922,1,0,1
30194,3,home,656876,1,0,1
30194,3,home,656641,1,0,1
30194,3,home,686973,0,0,1
30194,3,away,695505,1,0,1
30194,3,away,666200,0,0,1
30194,3,away,661395,1,0,1
30194,3,away,695243,0,0,1
30194,3,away,628452,0,0,0
30194,3,away,808967,1,0,1
30194,4,home,547973,1,0,1
30194,4,home,641329,1,0,1
30194,4,home,671922,1,1,1
30194,4,home,656876,1,1,1
30194,4,home,656641,1,0,1
30194,4,home,686973,1,0,1
30194,4,away,695505,1,1,1
30194,4,away,666200,1,0,1
30194,4,away,661395,1,0,1
30194,4,away,695243,1,0,1
30194,4,away,628452,0,0,1
30194,4,away,808967,1,1,1
30195,1,home,547973,1,1,1
30195,1,home,641329,1,0,1
30195,1,home,671922,1,0,1
30195,1,home,656876,1,1,1
30195,1,home,656641,1,1,1
30195,1,home,686973,1,0,1
30195,1,away,695505,1,0,1
30195,1,away,666200,1,0,1
30195,1,away,661395,1,1,0
30195,1,away,695243,1,0,1
30195,1,away,628452,1,1,0
30195,1,away,808967,1,1,0
30195,2,home,547973,1,0,1
30195,2,home,641329,1,0,1
30195,2,home,671922,1,1,1
30195,2,home,656876,1,0,1
30195,2,home,656641,1,1,0
30195,2,home,686973,1,0,1
30195,2,away,695505,1,1,0
30195,2,away,666200,1,0,1
30195,2,away,661395,0,0,1
30195,2,away,695243,1,1,1
30195,2,away,628452,0,0,1
30195,2,away,808967,0,0,1
30195,3,home,547973,1,0,1
30195,3,home,641329,1,1,0
30195,3,home,671922,1,0,1
30195,3,home,656876,1,1,1
30195,3,home,656641,0,0,1
30195,3,home,686973,1,0,1
30195,3,away,695505,0,0,1
30195,3,away,666200,1,0,1
30195,3,away,661395,1,0,1
30195,3,away,695243,1,1,0
30195,3,away,628452,1,0,1
30195,3,away,808967,1,0,1
30195,4,home,547973,1,0,1
30195,4,home,641329,0,0,1
30195,4,home,671922,1,0,1
30195,4,home,656876,1,0,1
30195,4,home,656641,1,0,1
30195,4,home,686973,1,1,0
30195,4,away,695505,1,0,1
30195,4,away,666200,1,0,1
30195,4,away,661395,1,0,1
30195,4,away,695243,0,0,1
30195,4,away,628452,1,0,1
30195,4,away,808967,1,1,0
30196,1,home,547973,1,1,0
30196,1,home,641329,1,0,1
30196,1,home,671922,1,0,1
30196,1,home,656876,1,0,1
30196,1,home,656641,1,1,1
30196,1,home,686973,1,1,1
30196,1,away,695505,1,1,1
30196,1,away,666200,1,1,0
30196,1,away,661395,1,0,1
30196,1,away,695243,1,0,1
30196,1,away,628452,1,0,1
30196,1,away,808967,1,0,1
30196,2,home,547973,0,0,1
30196,2,home,641329,1,0,1
30196,2,home,671922,1,0,1
30196,2,home,656876,1,0,1
30196,2,home,656641,1,1,0
30196,2,home,686973,1,0,1
30196,2,away,695505,1,1,0
30196,2,away,666200,0,0,1
30196,2,away,661395,1,0,1
30196,2,away,695243,1,0,1
30196,2,away,628452,1,1,0
30196,2,away,808967,1,0,1
30196,3,home,547973,1,1,0
30196,3,home,641329,1,0,1
30196,3,home,671922,1,1,0
30196,3,home,656876,1,0,1
30196,3,home,656641,0,0,0
30196,3,home,686973,1,0,1
30196,3,away,695505,0,0,1
30196,3,away,666200,1,1,1
30196,3,away,661395,1,0,1
30196,3,away,695243,1,1,0
30196,3,away,628452,0,0,1
30196,3,away,808967,1,0,1
30196,4,home,547973,0,0,1
30196,4,home,641329,1,1,0
30196,4,home,671922,0,0,1
30196,4,home,656876,1,1,0
30196,4,home,656641,0,0,1
30196,4,home,686973,1,1,1
30196,4,away,695505,1,0,1
30196,4,away,666200,1,0,1
30196,4,away,661395,1,1,0
30196,4,away,695243,0,0,1
30196,4,away,628452,1,1,1
30196,4,away,808967,1,0,1
30197,1,home,547973,1,0,1
30197,1,home,641329,1,0,1
30197,1,home,671922,1,0,1
30197,1,home,656876,1,0,1
30197,1,home,656641,1,1,0
30197,1,home,686973,1,1,0
30197,1,away,695505,1,1,1
30197,1,away,666200,1,0,1
30197,1,away,661395,1,0,1
30197,1,away,695243,1,0,1
30197,1,away,628452,1,1,1
30197,1,away,808967,1,0,1
30197,2,home,547973,1,1,0
30197,2,home,641329,1,1,0
30197,2,home,671922,1,1,0
30197,2,home,656876,1,0,1
30197,2,home,656641,0,0,1
30197,2,home,686973,0,0,1
30197,2,away,695505,1,1,0
30197,2,away,666200,1,1,0
30197,2,away,661395,1,0,1
30197,2,away,695243,1,1,0
30197,2,away,628452,1,0,1
30197,2,away,808967,1,1,1
30197,3,home,547973,0,0,1
30197,3,home,641329,0,0,1
30197,3,home,671922,0,0,1
30197,3,home,656876,1,0,1
30197,3,home,656641,1,0,1
30197,3,home,686973,1,1,1
30197,3,away,695505,0,0,1
30197,3,away,666200,0,0,1
30197,3,away,661395,1,0,1
30197,3,away,695243,0,0,1
30197,3,away,628452,1,0,1
30197,3,away,808967,1,0,1
30197,4,home,547973,1,0,1
30197,4,home,641329,1,0,1
30197,4,home,671922,1,1,0
30197,4,home,656876,1,1,1
30197,4,home,656641,1,1,0
30197,4,home,686973,1,1,0
30197,4,away,695505,1,0,1
30197,4,away,666200,1,0,1
30197,4,away,661395,1,1,0
30197,4,away,695243,1,0,1
30197,4,away,628452,1,0,1
30197,4,away,808967,1,1,0
30198,1,home,547973,1,1,0
30198,1,home,641329,1,0,1
30198,1,home,671922,1,1,0
30198,1,home,656876,1,1,1
30198,1,home,656641,1,1,0
30198,1,home,686973,1,0,1
30198,1,away,695505,1,0,1
30198,1,away,666200,1,1,0
30198,1,away,661395,1,1,0
30198,1,away,695243,1,0,1
30198,1,away,628452,1,1,0
30198,1,away,808967,1,0,1
30198,2,home,547973,0,0,1
30198,2,home,641329,1,1,1
30198,2,home,671922,0,0,1
30198,2,home,656876,1,1,1
30198,2,home,656641,0,0,1
30198,2,home,686973,1,1,1
30198,2,away,695505,1,1,0
30198,2,away,666200,0,0,1
30198,2,away,661395,0,0,1
30198,2,away,695243,1,1,0
30198,2,away,628452,0,0,1
30198,2,away,808967,1,1,1
30198,3,home,547973,1,1,0
30198,3,home,641329,1,0,1
30198,3,home,671922,1,0,1
30198,3,home,656876,1,1,0
30198,3,home,656641,1,1,0
30198,3,home,686973,1,0,1
30198,3,away,695505,0,0,1
30198,3,away,666200,1,1,0
30198,3,away,661395,1,1,0
30198,3,away,695243,0,0,1
30198,3,away,628452,1,1,0
30198,3,away,808967,1,1,0
30198,4,home,547973,0,0,1
30198,4,home,641329,1,1,0
30198,4,home,671922,1,0,1
30198,4,home,656876,0,0,1
30198,4,home,656641,0,0,1
30198,4,home,686973,1,0,1
30198,4,away,695505,1,1,0
30198,4,away,666200,0,0,1
30198,4,away,661395,0,0,0
30198,4,away,695243,1,0,1
30198,4,away,628452,0,0,1
30198,4,away,808967,0,0,1
30199,1,home,547973,1,0,1
30199,1,home,641329,1,0,1
30199,1,home,671922,1,0,1
30199,1,home,656876,1,1,0
30199,1,home,656641,1,1,1
30199,1,home,686973,1,0,1
30199,1,away,695505,1,0,1
30199,1,away,666200,1,0,1
30199,1,away,661395,1,0,1
30199,1,away,695243,1,0,1
30199,1,away,628452,1,1,1
30199,1,away,808967,1,1,1
30199,2,home,547973,1,0,1
30199,2,home,641329,1,1,0
30199,2,home,671922,1,0,1
30199,2,home,656876,0,0,1
30199,2,home,656641,1,1,0
30199,2,home,686973,1,1,0
30199,2,away,695505,1,0,1
30199,2,away,666200,1,0,1
30199,2,away,661395,1,1,0
30199,2,away,695243,1,0,1
30199,2,away,628452,1,1,0
30199,2,away,808967,1,0,1
30199,3,home,547973,1,1,1
30199,3,home,641329,0,0,1
30199,3,home,671922,1,1,0
30199,3,home,656876,1,0,1
30199,3,home,656641,0,0,1
30199,3,home,686973,0,0,1
30199,3,away,695505,1,0,1
30199,3,away,666200,1,0,1
30199,3,away,661395,0,0,1
30199,3,away,695243,1,1,0
30199,3,away,628452,0,0,1
30199,3,away,808967,1,1,1
30199,4,home,547973,1,0,1
30199,4,home,641329,1,0,1
30199,4,home,671922,0,0,1
30199,4,home,656876,1,0,1
30199,4,home,656641,1,0,1
30199,4,home,686973,1,0,1
30199,4,away,695505,1,0,1
30199,4,away,666200,1,0,1
30199,4,away,661395,1,0,1
30199,4,away,695243,0,0,1
30199,4,away,628452,1,0,1
30199,4,away,808967,1,0,1
30200,1,home,547973,1,0,1
30200,1,home,641329,1,1,1
30200,1,home,671922,1,0,1
30200,1,home,656876,1,1,0
30200,1,home,656641,1,1,0
30200,1,home,686973,1,0,1
30200,1,away,695505,1,1,0
30200,1,away,666200,1,1,0
30200,1,away,661395,1,0,1
30200,1,away,695243,1,1,0
30200,1,away,628452,1,0,1
30200,1,away,808967,1,1,0
30200,2,home,547973,1,1,1
30200,2,home,641329,1,0,1
30200,2,home,671922,1,1,0
30200,2,home,656876,0,0,1
30200,2,home,656641,0,0,1
30200,2,home,686973,1,1,0
30200,2,away,695505,0,0,1
30200,2,away,666200,0,0,1
30200,2,away,661395,1,0,1
30200,2,away,695243,0,0,1
30200,2,away,628452,1,1,1
30200,2,away,808967,0,0,1
30200,3,home,547973,1,0,1
30200,3,home,641329,1,1,0
30200,3,home,671922,0,0,1
30200,3,home,656876,1,0,1
30200,3,home,656641,1,0,1
30200,3,home,686973,0,0,1
30200,3,away,695505,1,0,1
30200,3,away,666200,1,0,1
30200,3,away,661395,1,0,1
30200,3,away,695243,1,0,1
30200,3,away,628452,1,0,1
30200,3,away,808967,1,0,1
30200,4,home,547973,1,0,1
30200,4,home,641329,0,0,1
30200,4,home,671922,1,0,1
30200,4,home,656876,1,0,1
30200,4,home,656641,1,1,1
30200,4,home,686973,1,1,0
30200,4,away,695505,1,0,1
30200,4,away,666200,1,0,1
30200,4,away,661395,1,0,1
30200,4,away,695243,1,0,1
30200,4,away,628452,1,1,0
30200,4,away,808967,1,1,0
30201,1,home,547973,1,0,1
30201,1,home,641329,1,0,1
30201,1,home,671922,1,0,1
30201,1,home,656876,1,1,0
30201,1,home,656641,1,1,0
30201,1,home,686973,1,1,1
30201,1,away,695505,1,0,1
30201,1,away,666200,1,1,0
30201,1,away,661395,1,0,1
30201,1,away,695243,1,1,1
30201,1,away,628452,1,0,1
30201,1,away,808967,1,0,1
30201,2,home,547973,1,1,1
30201,2,home,641329,1,0,1
30201,2,home,671922,1,1,0
30201,2,home,656876,0,0,1
30201,2,home,656641,0,0,1
30201,2,home,686973,1,1,1
30201,2,away,695505,1,0,1
30201,2,away,666200,0,0,1
30201,2,away,661395,1,0,1
30201,2,away,695243,1,0,1
30201,2,away,628452,1,0,1
30201,2,away,808967,1,1,0
30201,3,home,547973,1,0,1
30201,3,home,641329,1,0,1
30201,3,home,671922,0,0,1
30201,3,home,656876,1,1,0
30201,3,home,656641,1,1,0
30201,3,home,686973,1,0,1
30201,3,away,695505,1,1,0
30201,3,away,666200,1,0,1
30201,3,away,661395,1,1,0
30201,3,away,695243,1,0,1
30201,3,away,628452,1,0,1
30201,3,away,808967,0,0,1
30201,4,home,547973,1,1,1
30201,4,home,641329,1,1,0
30201,4,home,671922,1,0,1
30201,4,home,656876,0,0,1
30201,4,home,656641,0,0,1
30201,4,home,686973,1,1,0
30201,4,away,695505,0,0,1
30201,4,away,666200,1,1,0
30201,4,away,661395,0,0,1
30201,4,away,695243,1,1,0
30201,4,away,628452,1,1,0
30201,4,away,808967,1,0,1
30202,1,home,547973,1,0,1
30202,1,home,641329,1,0,1
30202,1,home,671922,1,0,1
30202,1,home,656876,1,1,0
30202,1,home,656641,1,1,1
30202,1,home,686973,1,0,1
30202,1,away,695505,1,0,1
30202,1,away,666200,1,0,1
30202,1,away,661395,1,1,1
30202,1,away,695243,1,0,1
30202,1,away,628452,1,1,0
30202,1,away,808967,1,0,1
30202,2,home,547973,1,1,0
30202,2,home,641329,1,1,0
30202,2,home,671922,1,1,0
30202,2,home,656876,0,0,1
30202,2,home,656641,1,1,1
30202,2,home,686973,1,0,1
30202,2,away,695505,1,1,0
30202,2,away,666200,1,1,0
30202,2,away,661395,1,0,1
30202,2,away,695243,1,1,0
30202,2,away,628452,0,0,1
30202,2,away,808967,1,1,0
30202,3,home,547973,0,0,1
30202,3,home,641329,0,0,1
30202,3,home,671922,0,0,1
30202,3,home,656876,1,0,1
30202,3,home,656641,1,1,0
30202,3,home,686973,1,1,1
30202,3,away,695505,0,0,1
30202,3,away,666200,0,0,1
30202,3,away,661395,1,1,0
30202,3,away,695243,0,0,1
30202,3,away,628452,1,1,1
30202,3,away,808967,0,0,1
30202,4,home,547973,1,0,1
30202,4,home,641329,1,0,1
30202,4,home,671922,1,1,0
30202,4,home,656876,1,1,1
30202,4,home,656641,0,0,1
30202,4,home,686973,1,0,1
30202,4,away,695505,1,0,1
30202,4,away,666200,1,0,1
30202,4,away,661395,0,0,1
30202,4,away,695243,1,0,1
30202,4,away,628452,1,1,0
30202,4,away,808967,1,1,0
30203,1,home,547973,1,1,0
30203,1,home,641329,1,0,1
30203,1,home,671922,1,1,0
30203,1,home,656876,1,0,1
30203,1,home,656641,1,0,1
30203,1,home,686973,1,0,1
30203,1,away,695505,1,0,1
30203,1,away,666200,1,0,1
30203,1,away,661395,1,0,1
30203,1,away,695243,1,1,1
30203,1,away,628452,1,0,1
30203,1,away,808967,1,1,0
30203,2,home,547973,0,0,1
30203,2,home,641329,1,0,1
30203,2,home,671922,0,0,1
30203,2,home,656876,1,1,1
30203,2,home,656641,1,1,0
30203,2,home,686973,1,1,1
30203,2,away,695505,1,1,1
30203,2,away,666200,1,0,1
30203,2,away,661395,1,1,0
30203,2,away,695243,1,0,1
30203,2,away,628452,1,0,1
30203,2,away,808967,0,0,1
30203,3,home,547973,1,1,0
30203,3,home,641329,1,1,0
30203,3,home,671922,1,1,1
30203,3,home,656876,1,1,0
30203,3,home,656641,0,0,1
30203,3,home,686973,1,1,1
30203,3,away,695505,1,0,1
30203,3,away,666200,1,0,1
30203,3,away,661395,0,0,1
30203,3,away,695243,1,1,0
30203,3,away,628452,1,0,1
30203,3,away,808967,1,1,0
30203,4,home,547973,0,0,1
30203,4,home,641329,0,0,1
30203,4,home,671922,1,0,1
30203,4,home,656876,0,0,1
30203,4,home,656641,1,0,1
30203,4,home,686973,1,1,0
30203,4,away,695505,1,1,1
30203,4,away,666200,1,0,1
30203,4,away,661395,1,1,0
30203,4,away,695243,0,0,1
30203,4,away,628452,1,1,1
30203,4,away,808967,0,0,1
30204,1,home,547973,1,1,0
30204,1,home,641329,1,0,1
30204,1,home,671922,1,1,0
30204,1,home,656876,1,1,0
30204,1,home,656641,1,0,1
30204,1,home,686973,1,0,1
30204,1,away,695505,1,1,0
30204,1,away,666200,1,1,0
30204,1,away,661395,1,0,1
30204,1,away,695243,1,1,1
30204,1,away,628452,1,0,1
30204,1,away,808967,1,1,0
30204,2,home,547973,0,0,1
30204,2,home,641329,1,0,1
30204,2,home,671922,0,0,1
30204,2,home,656876,0,0,1
30204,2,home,656641,1,0,1
30204,2,home,686973,1,0,1
30204,2,away,695505,0,0,1
30204,2,away,666200,0,0,1
30204,2,away,661395,1,0,1
30204,2,away,695243,1,0,1
30204,2,away,628452,1,0,1
30204,2,away,808967,0,0,1
30204,3,home,547973,1,0,1
30204,3,home,641329,1,1,0
30204,3,home,671922,1,1,0
30204,3,home,656876,1,0,1
30204,3,home,656641,1,0,1
30204,3,home,686973,1,0,1
30204,3,away,695505,1,0,1
30204,3,away,666200,1,0,1
30204,3,away,661395,1,0,1
30204,3,away,695243,1,0,1
30204,3,away,628452,1,0,1
30204,3,away,808967,1,1,0
30204,4,home,547973,1,0,1
30204,4,home,641329,0,0,1
30204,4,home,671922,0,0,0
30204,4,home,656876,1,0,1
30204,4,home,656641,1,1,1
30204,4,home,686973,1,1,0
30204,4,away,695505,1,0,1
30204,4,away,666200,1,0,1
30204,4,away,661395,1,1,1
30204,4,away,695243,1,0,1
30204,4,away,628452,1,0,1
30204,4,away,808967,0,0,1
30205,1,home,547973,1,0,1
30205,1,home,641329,1,0,1
30205,1,home,671922,1,1,0
30205,1,home,656876,1,1,0
30205,1,home,656641,1,1,0
30205,1,home,686973,1,0,1
30205,1,away,695505,1,1,0
30205,1,away,666200,1,1,1
30205,1,away,661395,1,0,1
30205,1,away,695243,1,0,1
30205,1,away,628452,1,0,1
30205,1,away,808967,1,0,1
30205,2,home,547973,1,1,0
30205,2,home,641329,1,1,0
30205,2,home,671922,0,0,1
30205,2,home,656876,0,0,1
30205,2,home,656641,0,0,0
30205,2,home,686973,1,1,1
30205,2,away,695505,0,0,1
30205,2,away,666200,1,1,0
30205,2,away,661395,1,0,1
30205,2,away,695243,1,1,0
30205,2,away,628452,1,1,0
30205,2,away,808967,1,1,0
30205,3,home,547973,0,0,1
30205,3,home,641329,0,0,1
30205,3,home,671922,1,0,1
30205,3,home,656876,1,0,1
30205,3,home,656641,0,0,1
30205,3,home,686973,1,0,1
30205,3,away,695505,1,0,1
30205,3,away,666200,0,0,1
30205,3,away,661395,1,0,1
30205,3,away,695243,0,0,0
30205,3,away,628452,0,0,1
30205,3,away,808967,0,0,1
30205,4,home,547973,1,0,1
30205,4,home,641329,1,0,1
30205,4,home,671922,1,0,1
30205,4,home,656876,1,0,1
30205,4,home,656641,1,0,1
30205,4,home,686973,1,1,1
30205,4,away,695505,1,0,1
30205,4,away,666200,1,0,1
30205,4,away,661395,1,1,1
30205,4,away,695243,0,0,1
30205,4,away,628452,1,0,1
30205,4,away,808967,1,0,1
30206,1,home,547973,1,0,1
30206,1,home,641329,1,0,1
30206,1,home,671922,1,0,1
30206,1,home,656876,1,1,0
30206,1,home,656641,1,1,0
30206,1,home,686973,1,0,1
30206,1,away,695505,1,0,1
30206,1,away,666200,1,0,1
30206,1,away,661395,1,1,0
30206,1,away,695243,1,0,1
30206,1,away,628452,1,1,1
30206,1,away,808967,1,0,1
30206,2,home,547973,1,0,1
30206,2,home,641329,1,0,1
30206,2,home,671922,1,0,1
30206,2,home,656876,0,0,1
30206,2,home,656641,0,0,1
30206,2,home,686973,1,0,1
30206,2,away,695505,1,0,1
30206,2,away,666200,1,0,1
30206,2,away,661395,0,0,1
30206,2,away,695243,1,0,1
30206,2,away,628452,1,0,1
30206,2,away,808967,1,0,1
30206,3,home,547973,1,1,0
30206,3,home,641329,1,1,0
30206,3,home,671922,1,1,0
30206,3,home,656876,1,0,1
30206,3,home,656641,1,0,1
30206,3,home,686973,1,0,1
30206,3,away,695505,1,0,1
30206,3,away,666200,1,1,1
30206,3,away,661395,1,0,1
30206,3,away,695243,1,0,1
30206,3,away,628452,1,0,1
30206,3,away,808967,1,1,0
30206,4,home,547973,0,0,1
30206,4,home,641329,0,0,1
30206,4,home,671922,0,0,0
30206,4,home,656876,1,1,0
30206,4,home,656641,1,1,1
30206,4,home,686973,1,1,0
30206,4,away,695505,1,1,0
30206,4,away,666200,1,0,1
30206,4,away,661395,1,1,0
30206,4,away,695243,1,0,1
30206,4,away,628452,1,0,1
30206,4,away,808967,0,0,1
30207,1,home,547973,1,1,0
30207,1,home,641329,1,1,1
30207,1,home,671922,1,1,0
30207,1,home,656876,1,1,0
30207,1,home,656641,1,0,1
30207,1,home,686973,1,0,1
30207,1,away,695505,1,1,0
30207,1,away,666200,1,0,1
30207,1,away,661395,1,0,1
30207,1,away,695243,1,0,1
30207,1,away,628452,1,0,1
30207,1,away,808967,1,1,0
30207,2,home,547973,0,0,1
30207,2,home,641329,1,0,1
30207,2,home,671922,0,0,1
30207,2,home,656876,0,0,1
30207,2,home,656641,1,1,0
30207,2,home,686973,1,1,0
30207,2,away,695505,0,0,1
30207,2,away,666200,1,1,0
30207,2,away,661395,1,0,1
30207,2,away,695243,1,1,0
30207,2,away,628452,1,0,1
30207,2,away,808967,0,0,1
30207,3,home,547973,1,1,0
30207,3,home,641329,1,0,1
30207,3,home,671922,1,1,0
30207,3,home,656876,1,1,1
30207,3,home,656641,0,0,0
30207,3,home,686973,0,0,1
30207,3,away,695505,1,0,1
30207,3,away,666200,0,0,1
30207,3,away,661395,1,1,0
30207,3,away,695243,0,0,1
30207,3,away,628452,1,1,1
30207,3,away,808967,1,0,1
30207,4,home,547973,0,0,1
30207,4,home,641329,1,1,0
30207,4,home,671922,0,0,1
30207,4,home,656876,1,1,0
30207,4,home,656641,0,0,1
30207,4,home,686973,1,1,0
30207,4,away,695505,1,1,0
30207,4,away,666200,1,1,1
30207,4,away,661395,0,0,1
30207,4,away,695243,1,1,0
30207,4,away,628452,1,1,0
30207,4,away,808967,1,1,0
30208,1,home,547973,1,1,0
30208,1,home,641329,1,0,1
30208,1,home,671922,1,1,0
30208,1,home,656876,1,1,0
30208,1,home,656641,1,0,1
30208,1,home,686973,1,0,1
30208,1,away,695505,1,1,0
30208,1,away,666200,1,1,1
30208,1,away,661395,1,0,1
30208,1,away,695243,1,1,0
30208,1,away,628452,1,0,1
30208,1,away,808967,1,1,0
30208,2,home,547973,0,0,1
30208,2,home,641329,1,1,0
30208,2,home,671922,0,0,0
30208,2,home,656876,0,0,1
30208,2,home,656641,1,1,0
30208,2,home,686973,1,1,0
30208,2,away,695505,0,0,1
30208,2,away,666200,1,0,1
30208,2,away,661395,1,1,1
30208,2,away,695243,0,0,1
30208,2,away,628452,1,1,1
30208,2,away,808967,0,0,1
30208,3,home,547973,1,1,1
30208,3,home,641329,0,0,1
30208,3,home,671922,0,0,1
30208,3,home,656876,1,1,0
30208,3,home,656641,0,0,1
30208,3,home,686973,0,0,1
30208,3,away,695505,1,0,1
30208,3,away,666200,1,0,1
30208,3,away,661395,1,1,1
30208,3,away,695243,1,0,1
30208,3,away,628452,1,1,0
30208,3,away,808967,1,0,1
30208,4,home,547973,1,0,1
30208,4,home,641329,1,1,0
30208,4,home,671922,1,0,1
30208,4,home,656876,0,0,1
30208,4,home,656641,1,0,1
30208,4,home,686973,1,1,0
30208,4,away,695505,1,1,0
30208,4,away,666200,1,1,0
30208,4,away,661395,1,1,1
30208,4,away,695243,1,0,1
30208,4,away,628452,0,0,1
30208,4,away,808967,1,1,0
