sequence,after_game,team,player,starting_rest,used,next_rest
23169,1,home,547973,1,0,1
23169,1,home,641329,1,0,1
23169,1,home,671922,1,1,0
23169,1,home,656876,1,1,0
23169,1,home,656641,1,1,1
23169,1,home,686973,1,0,1
23169,1,away,695505,1,1,1
23169,1,away,666200,1,1,1
23169,1,away,661395,1,1,0
23169,1,away,695243,1,1,1
23169,1,away,628452,1,0,1
23169,1,away,808967,1,1,0
23169,2,home,547973,1,0,1
23169,2,home,641329,1,1,0
23169,2,home,671922,0,0,1
23169,2,home,656876,0,0,1
23169,2,home,656641,1,0,1
23169,2,home,686973,1,1,0
23169,2,away,695505,1,1,1
23169,2,away,666200,1,1,0
23169,2,away,661395,0,0,1
23169,2,away,695243,1,1,0
23169,2,away,628452,1,0,1
23169,2,away,808967,0,0,1
23169,3,home,547973,1,0,1
23169,3,home,641329,0,0,1
23169,3,home,671922,1,0,1
23169,3,home,656876,1,0,1
23169,3,home,656641,1,0,1
23169,3,home,686973,0,0,1
23169,3,away,695505,1,0,1
23169,3,away,666200,0,0,1
23169,3,away,661395,1,0,1
23169,3,away,695243,0,0,1
23169,3,away,628452,1,0,1
23169,3,away,808967,1,1,0
23169,4,home,547973,1,1,0
23169,4,home,641329,1,0,1
23169,4,home,671922,1,1,0
23169,4,home,656876,1,0,1
23169,4,home,656641,1,1,0
23169,4,home,686973,1,0,1
23169,4,away,695505,1,1,0
23169,4,away,666200,1,1,1
23169,4,away,661395,1,1,0
23169,4,away,695243,1,1,1
23169,4,away,628452,1,0,1
23169,4,away,808967,0,0,1
23170,1,home,547973,1,1,0
23170,1,home,641329,1,0,1
23170,1,home,671922,1,1,0
23170,1,home,656876,1,1,0
23170,1,home,656641,1,1,1
23170,1,home,686973,1,0,1
23170,1,away,695505,1,1,0
23170,1,away,666200,1,1,1
23170,1,away,661395,1,0,1
23170,1,away,695243,1,1,0
23170,1,away,628452,1,0,1
23170,1,away,808967,1,0,1
23170,2,home,547973,0,0,1
23170,2,home,641329,1,1,0
23170,2,home,671922,0,0,1
23170,2,home,656876,0,0,1
23170,2,home,656641,1,1,1
23170,2,home,686973,1,1,1
23170,2,away,695505,0,0,1
23170,2,away,666200,1,1,0
23170,2,away,661395,1,1,1
23170,2,away,695243,0,0,1
23170,2,away,628452,1,1,0
23170,2,away,808967,1,1,1
23170,3,home,547973,1,1,0
23170,3,home,641329,0,0,1
23170,3,home,671922,1,0,1
23170,3,home,656876,1,1,0
23170,3,home,656641,1,0,1
23170,3,home,686973,1,1,0
23170,3,away,695505,1,1,0
23170,3,away,666200,0,0,1
23170,3,away,661395,1,0,1
23170,3,away,695243,1,1,0
23170,3,away,628452,0,0,1
23170,3,away,808967,1,1,1
23170,4,home,547973,0,0,1
23170,4,home,641329,1,1,0
23170,4,home,671922,1,1,1
23170,4,home,656876,0,0,1
23170,4,home,656641,1,1,0
23170,4,home,686973,0,0,1
23170,4,away,695505,0,0,1
23170,4,away,666200,1,1,0
23170,4,away,661395,1,1,1
23170,4,away,695243,0,0,1
23170,4,away,628452,1,1,0
23170,4,away,808967,1,1,0
23171,1,home,547973,1,1,0
23171,1,home,641329,1,0,1
23171,1,home,671922,1,0,1
23171,1,home,656876,1,1,0
23171,1,home,656641,1,1,1
23171,1,home,686973,1,0,1
23171,1,away,695505,1,1,0
23171,1,away,666200,1,1,0
23171,1,away,661395,1,0,1
23171,1,away,695243,1,1,1
23171,1,away,628452,1,1,1
23171,1,away,808967,1,1,0
23171,2,home,547973,0,0,1
23171,2,home,641329,1,0,1
23171,2,home,671922,1,1,1
23171,2,home,656876,0,0,1
23171,2,home,656641,1,1,1
23171,2,home,686973,1,1,0
23171,2,away,695505,0,0,1
23171,2,away,666200,0,0,1
23171,2,away,661395,1,0,1
23171,2,away,695243,1,1,0
23171,2,away,628452,1,1,0
23171,2,away,808967,0,0,1
23171,3,home,547973,1,0,1
23171,3,home,641329,1,0,1
23171,3,home,671922,1,1,1
23171,3,home,656876,1,1,0
23171,3,home,656641,1,1,0
23171,3,home,686973,0,0,1
23171,3,away,695505,1,1,1
23171,3,away,666200,1,1,0
23171,3,away,661395,1,0,1
23171,3,away,695243,0,0,1
23171,3,away,628452,0,0,1
23171,3,away,808967,1,1,0
23171,4,home,547973,1,1,1
23171,4,home,641329,1,0,1
23171,4,home,671922,1,1,1
23171,4,home,656876,0,0,1
23171,4,home,656641,0,0,1
23171,4,home,686973,1,1,1
23171,4,away,695505,1,1,0
23171,4,away,666200,0,0,1
23171,4,away,661395,1,1,0
23171,4,away,695243,1,1,0
23171,4,away,628452,1,1,0
23171,4,away,808967,0,0,1
23172,1,home,547973,1,0,1
23172,1,home,641329,1,0,1
23172,1,home,671922,1,0,1
23172,1,home,656876,1,0,1
23172,1,home,656641,1,0,1
23172,1,home,686973,1,0,1
23172,1,away,695505,1,0,1
23172,1,away,666200,1,0,1
23172,1,away,661395,1,0,1
23172,1,away,695243,1,0,1
23172,1,away,628452,1,0,1
23172,1,away,808967,1,0,1
23172,2,home,547973,1,1,0
23172,2,home,641329,1,0,1
23172,2,home,671922,1,0,1
23172,2,home,656876,1,1,0
23172,2,home,656641,1,1,0
23172,2,home,686973,1,0,1
23172,2,away,695505,1,1,0
23172,2,away,666200,1,1,0
23172,2,away,661395,1,0,1
23172,2,away,695243,1,1,1
23172,2,away,628452,1,0,1
23172,2,away,808967,1,1,0
23172,3,home,547973,0,0,1
23172,3,home,641329,1,0,1
23172,3,home,671922,1,0,1
23172,3,home,656876,0,0,1
23172,3,home,656641,0,0,1
23172,3,home,686973,1,1,0
23172,3,away,695505,0,0,1
23172,3,away,666200,0,0,1
23172,3,away,661395,1,1,0
23172,3,away,695243,1,1,0
23172,3,away,628452,1,1,1
23172,3,away,808967,0,0,0
23172,4,home,547973,1,0,1
23172,4,home,641329,1,0,1
23172,4,home,671922,1,0,1
23172,4,home,656876,1,1,1
23172,4,home,656641,1,1,0
23172,4,home,686973,0,0,1
23172,4,away,695505,1,1,0
23172,4,away,666200,1,1,1
23172,4,away,661395,0,0,1
23172,4,away,695243,0,0,1
23172,4,away,628452,1,1,0
23172,4,away,808967,0,0,1
23173,1,home,547973,1,0,1
23173,1,home,641329,1,0,1
23173,1,home,671922,1,0,1
23173,1,home,656876,1,1,0
23173,1,home,656641,1,0,1
23173,1,home,686973,1,1,0
23173,1,away,695505,1,1,0
23173,1,away,666200,1,1,0
23173,1,away,661395,1,0,1
23173,1,away,695243,1,1,0
23173,1,away,628452,1,0,1
23173,1,away,808967,1,1,0
23173,2,home,547973,1,1,0
23173,2,home,641329,1,1,0
23173,2,home,671922,1,0,1
23173,2,home,656876,0,0,1
23173,2,home,656641,1,1,0
23173,2,home,686973,0,0,1
23173,2,away,695505,0,0,1
23173,2,away,666200,0,0,1
23173,2,away,661395,1,1,1
23173,2,away,695243,0,0,0
23173,2,away,628452,1,1,0
23173,2,away,808967,0,0,1
23173,3,home,547973,0,0,1
23173,3,home,641329,0,0,1
23173,3,home,671922,1,0,1
23173,3,home,656876,1,1,1
23173,3,home,656641,0,0,1
23173,3,home,686973,1,1,0
23173,3,away,695505,1,1,1
23173,3,away,666200,1,1,1
23173,3,away,661395,1,1,1
23173,3,away,695243,0,0,1
23173,3,away,628452,0,0,1
23173,3,away,808967,1,1,0
23173,4,home,547973,1,1,1
23173,4,home,641329,1,0,1
23173,4,home,671922,1,1,0
23173,4,home,656876,1,1,1
23173,4,home,656641,1,1,0
23173,4,home,686973,0,0,1
23173,4,away,695505,1,1,0
23173,4,away,666200,1,1,0
23173,4,away,661395,1,1,1
23173,4,away,695243,1,0,1
23173,4,away,628452,1,1,0
23173,4,away,808967,0,0,0
23174,1,home,547973,1,0,1
23174,1,home,641329,1,0,1
23174,1,home,671922,1,0,1
23174,1,home,656876,1,1,0
23174,1,home,656641,1,0,1
23174,1,home,686973,1,1,0
23174,1,away,695505,1,1,0
23174,1,away,666200,1,1,0
23174,1,away,661395,1,0,1
23174,1,away,695243,1,1,0
23174,1,away,628452,1,0,1
23174,1,away,808967,1,0,1
23174,2,home,547973,1,1,1
23174,2,home,641329,1,1,1
23174,2,home,671922,1,0,1
23174,2,home,656876,0,0,1
23174,2,home,656641,1,0,1
23174,2,home,686973,0,0,1
23174,2,away,695505,0,0,1
23174,2,away,666200,0,0,1
23174,2,away,661395,1,1,1
23174,2,away,695243,0,0,1
23174,2,away,628452,1,0,1
23174,2,away,808967,1,0,1
23174,3,home,547973,1,1,0
23174,3,home,641329,1,0,1
23174,3,home,671922,1,1,0
23174,3,home,656876,1,1,0
23174,3,home,656641,1,1,1
23174,3,home,686973,1,0,1
23174,3,away,695505,1,1,0
23174,3,away,666200,1,1,0
23174,3,away,661395,1,0,1
23174,3,away,695243,1,1,0
23174,3,away,628452,1,0,1
23174,3,away,808967,1,1,0
23174,4,home,547973,0,0,1
23174,4,home,641329,1,0,1
23174,4,home,671922,0,0,1
23174,4,home,656876,0,0,1
23174,4,home,656641,1,0,1
23174,4,home,686973,1,0,1
23174,4,away,695505,0,0,1
23174,4,away,666200,0,0,1
23174,4,away,661395,1,0,1
23174,4,away,695243,0,0,1
23174,4,away,628452,1,0,1
23174,4,away,808967,0,0,1
23175,1,home,547973,1,1,0
23175,1,home,641329,1,0,1
23175,1,home,671922,1,0,1
23175,1,home,656876,1,0,1
23175,1,home,656641,1,0,1
23175,1,home,686973,1,1,1
23175,1,away,695505,1,1,0
23175,1,away,666200,1,1,0
23175,1,away,661395,1,0,1
23175,1,away,695243,1,1,0
23175,1,away,628452,1,0,1
23175,1,away,808967,1,1,0
23175,2,home,547973,0,0,1
23175,2,home,641329,1,1,1
23175,2,home,671922,1,0,1
23175,2,home,656876,1,0,1
23175,2,home,656641,1,1,0
23175,2,home,686973,1,1,1
23175,2,away,695505,0,0,1
23175,2,away,666200,0,0,0
23175,2,away,661395,1,1,1
23175,2,away,695243,0,0,1
23175,2,away,628452,1,0,1
23175,2,away,808967,0,0,1
23175,3,home,547973,1,1,0
23175,3,home,641329,1,0,1
23175,3,home,671922,1,1,0
23175,3,home,656876,1,0,1
23175,3,home,656641,0,0,1
23175,3,home,686973,1,0,1
23175,3,away,695505,1,1,0
23175,3,away,666200,0,0,1
23175,3,away,661395,1,0,1
23175,3,away,695243,1,1,0
23175,3,away,628452,1,0,1
23175,3,away,808967,1,1,0
23175,4,home,547973,0,0,1
23175,4,home,641329,1,0,1
23175,4,home,671922,0,0,1
23175,4,home,656876,1,0,1
23175,4,home,656641,1,0,1
23175,4,home,686973,1,0,1
23175,4,away,695505,0,0,1
23175,4,away,666200,1,1,0
23175,4,away,661395,1,0,1
23175,4,away,695243,0,0,1
23175,4,away,628452,1,0,1
23175,4,away,808967,0,0,0
23176,1,home,547973,1,1,0
23176,1,home,641329,1,0,1
23176,1,home,671922,1,1,0
23176,1,home,656876,1,0,1
23176,1,home,656641,1,0,1
23176,1,home,686973,1,0,1
23176,1,away,695505,1,1,0
23176,1,away,666200,1,1,1
23176,1,away,661395,1,0,1
23176,1,away,695243,1,1,0
23176,1,away,628452,1,0,1
23176,1,away,808967,1,0,1
23176,2,home,547973,0,0,1
23176,2,home,641329,1,1,1
23176,2,home,671922,0,0,1
23176,2,home,656876,1,1,0
23176,2,home,656641,1,0,1
23176,2,home,686973,1,1,0
23176,2,away,695505,0,0,1
23176,2,away,666200,1,1,1
23176,2,away,661395,1,0,1
23176,2,away,695243,0,0,0
23176,2,away,628452,1,1,0
23176,2,away,808967,1,1,0
23176,3,home,547973,1,1,0
23176,3,home,641329,1,0,1
23176,3,home,671922,1,1,0
23176,3,home,656876,0,0,1
23176,3,home,656641,1,1,1
23176,3,home,686973,0,0,1
23176,3,away,695505,1,1,1
23176,3,away,666200,1,0,1
23176,3,away,661395,1,1,0
23176,3,away,695243,0,0,1
23176,3,away,628452,0,0,1
23176,3,away,808967,0,0,1
23176,4,home,547973,0,0,1
23176,4,home,641329,1,0,1
23176,4,home,671922,0,0,1
23176,4,home,656876,1,0,1
23176,4,home,656641,1,1,0
23176,4,home,686973,1,1,1
23176,4,away,695505,1,1,1
23176,4,away,666200,1,1,0
23176,4,away,661395,0,0,1
23176,4,away,695243,1,1,0
23176,4,away,628452,1,0,1
23176,4,away,808967,1,1,0
23177,1,home,547973,1,0,1
23177,1,home,641329,1,0,1
23177,1,home,671922,1,0,1
23177,1,home,656876,1,1,1
23177,1,home,656641,1,1,0
23177,1,home,686973,1,0,1
23177,1,away,695505,1,1,0
23177,1,away,666200,1,1,0
23177,1,away,661395,1,0,1
23177,1,away,695243,1,1,0
23177,1,away,628452,1,0,1
23177,1,away,808967,1,1,0
23177,2,home,547973,1,0,1
23177,2,home,641329,1,0,1
23177,2,home,671922,1,0,1
23177,2,home,656876,1,0,1
23177,2,home,656641,0,0,1
23177,2,home,686973,1,1,0
23177,2,away,695505,0,0,1
23177,2,away,666200,0,0,1
23177,2,away,661395,1,0,1
23177,2,away,695243,0,0,1
23177,2,away,628452,1,0,1
23177,2,away,808967,0,0,1
23177,3,home,547973,1,0,1
23177,3,home,641329,1,0,1
23177,3,home,671922,1,1,1
23177,3,home,656876,1,1,0
23177,3,home,656641,1,1,0
23177,3,home,686973,0,0,1
23177,3,away,695505,1,1,0
23177,3,away,666200,1,1,0
23177,3,away,661395,1,1,0
23177,3,away,695243,1,1,0
23177,3,away,628452,1,0,1
23177,3,away,808967,1,1,1
23177,4,home,547973,1,1,1
23177,4,home,641329,1,1,0
23177,4,home,671922,1,1,0
23177,4,home,656876,0,0,1
23177,4,home,656641,0,0,1
23177,4,home,686973,1,0,1
23177,4,away,695505,0,0,1
23177,4,away,666200,0,0,1
23177,4,away,661395,0,0,1
23177,4,away,695243,0,0,1
23177,4,away,628452,1,1,1
23177,4,away,808967,1,1,0
23178,1,home,547973,1,0,1
23178,1,home,641329,1,1,1
23178,1,home,671922,1,0,1
23178,1,home,656876,1,0,1
23178,1,home,656641,1,0,1
23178,1,home,686973,1,1,0
23178,1,away,695505,1,1,1
23178,1,away,666200,1,1,0
23178,1,away,661395,1,0,1
23178,1,away,695243,1,1,0
23178,1,away,628452,1,1,0
23178,1,away,808967,1,1,1
23178,2,home,547973,1,0,1
23178,2,home,641329,1,1,0
23178,2,home,671922,1,0,1
23178,2,home,656876,1,0,1
23178,2,home,656641,1,1,1
23178,2,home,686973,0,0,0
23178,2,away,695505,1,1,1
23178,2,away,666200,0,0,1
23178,2,away,661395,1,1,0
23178,2,away,695243,0,0,1
23178,2,away,628452,0,0,1
23178,2,away,808967,1,1,0
23178,3,home,547973,1,1,1
23178,3,home,641329,0,0,1
23178,3,home,671922,1,0,1
23178,3,home,656876,1,1,1
23178,3,home,656641,1,1,0
23178,3,home,686973,0,0,1
23178,3,away,695505,1,1,1
23178,3,away,666200,1,1,0
23178,3,away,661395,0,0,1
23178,3,away,695243,1,1,0
23178,3,away,628452,1,1,0
23178,3,away,808967,0,0,1
23178,4,home,547973,1,1,0
23178,4,home,641329,1,0,1
23178,4,home,671922,1,1,0
23178,4,home,656876,1,1,1
23178,4,home,656641,0,0,1
23178,4,home,686973,1,0,1
23178,4,away,695505,1,1,0
23178,4,away,666200,0,0,1
23178,4,away,661395,1,0,1
23178,4,away,695243,0,0,1
23178,4,away,628452,0,0,1
23178,4,away,808967,1,1,1
23179,1,home,547973,1,0,1
23179,1,home,641329,1,0,1
23179,1,home,671922,1,0,1
23179,1,home,656876,1,0,1
23179,1,home,656641,1,0,1
23179,1,home,686973,1,1,0
23179,1,away,695505,1,1,0
23179,1,away,666200,1,0,1
23179,1,away,661395,1,0,1
23179,1,away,695243,1,0,1
23179,1,away,628452,1,0,1
23179,1,away,808967,1,1,1
23179,2,home,547973,1,1,1
23179,2,home,641329,1,0,1
23179,2,home,671922,1,0,1
23179,2,home,656876,1,1,1
23179,2,home,656641,1,0,1
23179,2,home,686973,0,0,1
23179,2,away,695505,0,0,1
23179,2,away,666200,1,1,0
23179,2,away,661395,1,1,0
23179,2,away,695243,1,0,1
23179,2,away,628452,1,0,1
23179,2,away,808967,1,1,1
23179,3,home,547973,1,1,0
23179,3,home,641329,1,0,1
23179,3,home,671922,1,0,1
23179,3,home,656876,1,0,1
23179,3,home,656641,1,0,1
23179,3,home,686973,1,0,1
23179,3,away,695505,1,1,0
23179,3,away,666200,0,0,1
23179,3,away,661395,0,0,1
23179,3,away,695243,1,1,0
23179,3,away,628452,1,1,0
23179,3,away,808967,1,1,0
23179,4,home,547973,0,0,1
23179,4,home,641329,1,0,1
23179,4,home,671922,1,1,1
23179,4,home,656876,1,1,1
23179,4,home,656641,1,1,0
23179,4,home,686973,1,1,0
23179,4,away,695505,0,0,1
23179,4,away,666200,1,1,1
23179,4,away,661395,1,1,0
23179,4,away,695243,0,0,1
23179,4,away,628452,0,0,1
23179,4,away,808967,0,0,1
23180,1,home,547973,1,0,1
23180,1,home,641329,1,0,1
23180,1,home,671922,1,1,0
23180,1,home,656876,1,1,0
23180,1,home,656641,1,1,1
23180,1,home,686973,1,0,1
23180,1,away,695505,1,1,0
23180,1,away,666200,1,1,0
23180,1,away,661395,1,0,1
23180,1,away,695243,1,1,0
23180,1,away,628452,1,0,1
23180,1,away,808967,1,1,0
23180,2,home,547973,1,0,1
23180,2,home,641329,1,1,1
23180,2,home,671922,0,0,1
23180,2,home,656876,0,0,1
23180,2,home,656641,1,1,0
23180,2,home,686973,1,1,1
23180,2,away,695505,0,0,1
23180,2,away,666200,0,0,1
23180,2,away,661395,1,1,0
23180,2,away,695243,0,0,1
23180,2,away,628452,1,1,0
23180,2,away,808967,0,0,1
23180,3,home,547973,1,1,0
23180,3,home,641329,1,0,1
23180,3,home,671922,1,1,0
23180,3,home,656876,1,1,0
23180,3,home,656641,0,0,1
23180,3,home,686973,1,0,1
23180,3,away,695505,1,1,0
23180,3,away,666200,1,1,0
23180,3,away,661395,0,0,1
23180,3,away,695243,1,0,1
23180,3,away,628452,0,0,1
23180,3,away,808967,1,1,0
23180,4,home,547973,0,0,1
23180,4,home,641329,1,0,1
23180,4,home,671922,0,0,1
23180,4,home,656876,0,0,1
23180,4,home,656641,1,0,1
23180,4,home,686973,1,0,1
23180,4,away,695505,0,0,1
23180,4,away,666200,0,0,1
23180,4,away,661395,1,0,1
23180,4,away,695243,1,0,1
23180,4,away,628452,1,0,1
23180,4,away,808967,0,0,1
23181,1,home,547973,1,1,0
23181,1,home,641329,1,0,1
23181,1,home,671922,1,1,0
23181,1,home,656876,1,1,1
23181,1,home,656641,1,1,1
23181,1,home,686973,1,0,1
23181,1,away,695505,1,0,1
23181,1,away,666200,1,0,1
23181,1,away,661395,1,1,0
23181,1,away,695243,1,1,0
23181,1,away,628452,1,0,1
23181,1,away,808967,1,1,1
23181,2,home,547973,0,0,1
23181,2,home,641329,1,0,1
23181,2,home,671922,0,0,0
23181,2,home,656876,1,1,0
23181,2,home,656641,1,0,1
23181,2,home,686973,1,1,0
23181,2,away,695505,1,1,0
23181,2,away,666200,1,1,0
23181,2,away,661395,0,0,1
23181,2,away,695243,0,0,0
23181,2,away,628452,1,0,1
23181,2,away,808967,1,1,0
23181,3,home,547973,1,1,0
23181,3,home,641329,1,1,1
23181,3,home,671922,0,0,1
23181,3,home,656876,0,0,1
23181,3,home,656641,1,1,0
23181,3,home,686973,0,0,1
23181,3,away,695505,0,0,1
23181,3,away,666200,0,0,1
23181,3,away,661395,1,1,0
23181,3,away,695243,0,0,0
23181,3,away,628452,1,1,0
23181,3,away,808967,0,0,1
23181,4,home,547973,0,0,1
23181,4,home,641329,1,1,0
23181,4,home,671922,1,1,0
23181,4,home,656876,1,1,0
23181,4,home,656641,0,0,1
23181,4,home,686973,1,1,0
23181,4,away,695505,1,1,0
23181,4,away,666200,1,1,1
23181,4,away,661395,0,0,1
23181,4,away,695243,0,0,1
23181,4,away,628452,0,0,1
23181,4,away,808967,1,1,0
23182,1,home,547973,1,1,0
23182,1,home,641329,1,1,0
23182,1,home,671922,1,1,1
23182,1,home,656876,1,1,1
23182,1,home,656641,1,1,0
23182,1,home,686973,1,1,0
23182,1,away,695505,1,1,1
23182,1,away,666200,1,1,0
23182,1,away,661395,1,1,0
23182,1,away,695243,1,1,0
23182,1,away,628452,1,1,1
23182,1,away,808967,1,1,0
23182,2,home,547973,0,0,1
23182,2,home,641329,0,0,1
23182,2,home,671922,1,0,1
23182,2,home,656876,1,0,1
23182,2,home,656641,0,0,1
23182,2,home,686973,0,0,1
23182,2,away,695505,1,0,1
23182,2,away,666200,0,0,1
23182,2,away,661395,0,0,1
23182,2,away,695243,0,0,1
23182,2,away,628452,1,1,1
23182,2,away,808967,0,0,1
23182,3,home,547973,1,1,0
23182,3,home,641329,1,0,1
23182,3,home,671922,1,1,1
23182,3,home,656876,1,1,1
23182,3,home,656641,1,1,0
23182,3,home,686973,1,0,1
23182,3,away,695505,1,1,1
23182,3,away,666200,1,1,0
23182,3,away,661395,1,0,1
23182,3,away,695243,1,1,0
23182,3,away,628452,1,0,1
23182,3,away,808967,1,1,0
23182,4,home,547973,0,0,1
23182,4,home,641329,1,0,1
23182,4,home,671922,1,1,1
23182,4,home,656876,1,1,0
23182,4,home,656641,0,0,1
23182,4,home,686973,1,1,0
23182,4,away,695505,1,1,0
23182,4,away,666200,0,0,1
23182,4,away,661395,1,1,1
23182,4,away,695243,0,0,1
23182,4,away,628452,1,0,1
23182,4,away,808967,0,0,1
23183,1,home,547973,1,1,0
23183,1,home,641329,1,0,1
23183,1,home,671922,1,1,1
23183,1,home,656876,1,1,1
23183,1,home,656641,1,0,1
23183,1,home,686973,1,0,1
23183,1,away,695505,1,1,1
23183,1,away,666200,1,1,0
23183,1,away,661395,1,0,1
23183,1,away,695243,1,1,0
23183,1,away,628452,1,0,1
23183,1,away,808967,1,1,0
23183,2,home,547973,0,0,1
23183,2,home,641329,1,0,1
23183,2,home,671922,1,0,1
23183,2,home,656876,1,1,0
23183,2,home,656641,1,1,0
23183,2,home,686973,1,0,1
23183,2,away,695505,1,1,0
23183,2,away,666200,0,0,1
23183,2,away,661395,1,0,1
23183,2,away,695243,0,0,1
23183,2,away,628452,1,1,0
23183,2,away,808967,0,0,1
23183,3,home,547973,1,0,1
23183,3,home,641329,1,1,0
23183,3,home,671922,1,0,1
23183,3,home,656876,0,0,1
23183,3,home,656641,0,0,1
23183,3,home,686973,1,0,1
23183,3,away,695505,0,0,1
23183,3,away,666200,1,1,0
23183,3,away,661395,1,0,1
23183,3,away,695243,1,1,1
23183,3,away,628452,0,0,1
23183,3,away,808967,1,1,0
23183,4,home,547973,1,1,0
23183,4,home,641329,0,0,0
23183,4,home,671922,1,0,1
23183,4,home,656876,1,0,1
23183,4,home,656641,1,1,0
23183,4,home,686973,1,1,0
23183,4,away,695505,1,1,1
23183,4,away,666200,0,0,0
23183,4,away,661395,1,1,0
23183,4,away,695243,1,1,0
23183,4,away,628452,1,1,0
23183,4,away,808967,0,0,1
23184,1,home,547973,1,0,1
23184,1,home,641329,1,0,1
23184,1,home,671922,1,1,0
23184,1,home,656876,1,1,0
23184,1,home,656641,1,1,1
23184,1,home,686973,1,1,0
23184,1,away,695505,1,1,0
23184,1,away,666200,1,1,0
23184,1,away,661395,1,0,1
23184,1,away,695243,1,0,1
23184,1,away,628452,1,1,0
23184,1,away,808967,1,1,0
23184,2,home,547973,1,1,1
23184,2,home,641329,1,1,0
23184,2,home,671922,0,0,1
23184,2,home,656876,0,0,1
23184,2,home,656641,1,1,0
23184,2,home,686973,0,0,1
23184,2,away,695505,0,0,0
23184,2,away,666200,0,0,1
23184,2,away,661395,1,1,0
23184,2,away,695243,1,1,1
23184,2,away,628452,0,0,1
23184,2,away,808967,0,0,0
23184,3,home,547973,1,1,0
23184,3,home,641329,0,0,1
23184,3,home,671922,1,0,1
23184,3,home,656876,1,1,0
23184,3,home,656641,0,0,1
23184,3,home,686973,1,0,1
23184,3,away,695505,0,0,1
23184,3,away,666200,1,1,1
23184,3,away,661395,0,0,0
23184,3,away,695243,1,1,0
23184,3,away,628452,1,1,0
23184,3,away,808967,0,0,1
23184,4,home,547973,0,0,1
23184,4,home,641329,1,0,1
23184,4,home,671922,1,1,0
23184,4,home,656876,0,0,1
23184,4,home,656641,1,1,0
23184,4,home,686973,1,0,1
23184,4,away,695505,1,1,0
23184,4,away,666200,1,1,0
23184,4,away,661395,0,0,1
23184,4,away,695243,0,0,1
23184,4,away,628452,0,0,1
23184,4,away,808967,1,1,0
23185,1,home,547973,1,1,1
23185,1,home,641329,1,0,1
23185,1,home,671922,1,1,1
23185,1,home,656876,1,1,1
23185,1,home,656641,1,0,1
23185,1,home,686973,1,0,1
23185,1,away,695505,1,1,0
23185,1,away,666200,1,1,0
23185,1,away,661395,1,1,0
23185,1,away,695243,1,1,1
23185,1,away,628452,1,0,1
23185,1,away,808967,1,1,0
23185,2,home,547973,1,1,1
23185,2,home,641329,1,0,1
23185,2,home,671922,1,1,0
23185,2,home,656876,1,0,1
23185,2,home,656641,1,1,0
23185,2,home,686973,1,0,1
23185,2,away,695505,0,0,1
23185,2,away,666200,0,0,1
23185,2,away,661395,0,0,1
23185,2,away,695243,1,1,0
23185,2,away,628452,1,1,0
23185,2,away,808967,0,0,1
23185,3,home,547973,1,0,1
23185,3,home,641329,1,1,0
23185,3,home,671922,0,0,1
23185,3,home,656876,1,1,0
23185,3,home,656641,0,0,1
23185,3,home,686973,1,0,1
23185,3,away,695505,1,1,1
23185,3,away,666200,1,1,1
23185,3,away,661395,1,0,1
23185,3,away,695243,0,0,1
23185,3,away,628452,0,0,1
23185,3,away,808967,1,1,0
23185,4,home,547973,1,0,1
23185,4,home,641329,0,0,1
23185,4,home,671922,1,0,1
23185,4,home,656876,0,0,1
23185,4,home,656641,1,0,1
23185,4,home,686973,1,1,1
23185,4,away,695505,1,1,1
23185,4,away,666200,1,1,1
23185,4,away,661395,1,0,1
23185,4,away,695243,1,1,0
23185,4,away,628452,1,1,1
23185,4,away,808967,0,0,1
23186,1,home,547973,1,0,1
23186,1,home,641329,1,0,1
23186,1,home,671922,1,1,0
23186,1,home,656876,1,1,0
23186,1,home,656641,1,0,1
23186,1,home,686973,1,0,1
23186,1,away,695505,1,1,0
23186,1,away,666200,1,1,1
23186,1,away,661395,1,0,1
23186,1,away,695243,1,1,0
23186,1,away,628452,1,0,1
23186,1,away,808967,1,1,0
23186,2,home,547973,1,1,0
23186,2,home,641329,1,1,0
23186,2,home,671922,0,0,0
23186,2,home,656876,0,0,1
23186,2,home,656641,1,1,0
23186,2,home,686973,1,1,0
23186,2,away,695505,0,0,1
23186,2,away,666200,1,1,1
23186,2,away,661395,1,1,0
23186,2,away,695243,0,0,1
23186,2,away,628452,1,1,1
23186,2,away,808967,0,0,1
23186,3,home,547973,0,0,1
23186,3,home,641329,0,0,1
23186,3,home,671922,0,0,1
23186,3,home,656876,1,0,1
23186,3,home,656641,0,0,0
23186,3,home,686973,0,0,0
23186,3,away,695505,1,1,0
23186,3,away,666200,1,1,0
23186,3,away,661395,0,0,1
23186,3,away,695243,1,1,1
23186,3,away,628452,1,0,1
23186,3,away,808967,1,1,0
23186,4,home,547973,1,1,0
23186,4,home,641329,1,1,0
23186,4,home,671922,1,1,0
23186,4,home,656876,1,1,1
23186,4,home,656641,0,0,1
23186,4,home,686973,0,0,1
23186,4,away,695505,0,0,1
23186,4,away,666200,0,0,1
23186,4,away,661395,1,1,1
23186,4,away,695243,1,1,0
23186,4,away,628452,1,1,0
23186,4,away,808967,0,0,0
23187,1,home,547973,1,1,0
23187,1,home,641329,1,0,1
23187,1,home,671922,1,1,1
23187,1,home,656876,1,1,1
23187,1,home,656641,1,1,0
23187,1,home,686973,1,0,1
23187,1,away,695505,1,1,0
23187,1,away,666200,1,1,0
23187,1,away,661395,1,1,0
23187,1,away,695243,1,1,0
23187,1,away,628452,1,0,1
23187,1,away,808967,1,1,0
23187,2,home,547973,0,0,1
23187,2,home,641329,1,0,1
23187,2,home,671922,1,0,1
23187,2,home,656876,1,1,1
23187,2,home,656641,0,0,1
23187,2,home,686973,1,1,0
23187,2,away,695505,0,0,1
23187,2,away,666200,0,0,1
23187,2,away,661395,0,0,1
23187,2,away,695243,0,0,1
23187,2,away,628452,1,0,1
23187,2,away,808967,0,0,1
23187,3,home,547973,1,0,1
23187,3,home,641329,1,1,0
23187,3,home,671922,1,0,1
23187,3,home,656876,1,1,0
23187,3,home,656641,1,0,1
23187,3,home,686973,0,0,1
23187,3,away,695505,1,1,0
23187,3,away,666200,1,1,1
23187,3,away,661395,1,0,1
23187,3,away,695243,1,1,0
23187,3,away,628452,1,0,1
23187,3,away,808967,1,1,1
23187,4,home,547973,1,0,1
23187,4,home,641329,0,0,1
23187,4,home,671922,1,0,1
23187,4,home,656876,0,0,1
23187,4,home,656641,1,1,0
23187,4,home,686973,1,0,1
23187,4,away,695505,0,0,1
23187,4,away,666200,1,1,0
23187,4,away,661395,1,1,0
23187,4,away,695243,0,0,1
23187,4,away,628452,1,0,1
23187,4,away,808967,1,1,0
23188,1,home,547973,1,1,1
23188,1,home,641329,1,0,1
23188,1,home,671922,1,0,1
23188,1,home,656876,1,0,1
23188,1,home,656641,1,0,1
23188,1,home,686973,1,0,1
23188,1,away,695505,1,0,1
23188,1,away,666200,1,0,1
23188,1,away,661395,1,0,1
23188,1,away,695243,1,0,1
23188,1,away,628452,1,0,1
23188,1,away,808967,1,0,1
23188,2,home,547973,1,0,1
23188,2,home,641329,1,0,1
23188,2,home,671922,1,0,1
23188,2,home,656876,1,1,0
23188,2,home,656641,1,1,0
23188,2,home,686973,1,0,1
23188,2,away,695505,1,1,0
23188,2,away,666200,1,0,1
23188,2,away,661395,1,0,1
23188,2,away,695243,1,1,0
23188,2,away,628452,1,0,1
23188,2,away,808967,1,1,0
23188,3,home,547973,1,0,1
23188,3,home,641329,1,1,0
23188,3,home,671922,1,1,0
23188,3,home,656876,0,0,1
23188,3,home,656641,0,0,1
23188,3,home,686973,1,0,1
23188,3,away,695505,0,0,1
23188,3,away,666200,1,1,1
23188,3,away,661395,1,1,0
23188,3,away,695243,0,0,1
23188,3,away,628452,1,1,0
23188,3,away,808967,0,0,1
23188,4,home,547973,1,0,1
23188,4,home,641329,0,0,1
23188,4,home,671922,0,0,1
23188,4,home,656876,1,1,1
23188,4,home,656641,1,1,1
23188,4,home,686973,1,0,1
23188,4,away,695505,1,1,0
23188,4,away,666200,1,1,1
23188,4,away,661395,0,0,1
23188,4,away,695243,1,0,1
23188,4,away,628452,0,0,1
23188,4,away,808967,1,1,0
23189,1,home,547973,1,0,1
23189,1,home,641329,1,0,1
23189,1,home,671922,1,1,0
23189,1,home,656876,1,1,0
23189,1,home,656641,1,1,0
23189,1,home,686973,1,0,1
23189,1,away,695505,1,1,0
23189,1,away,666200,1,1,0
23189,1,away,661395,1,0,1
23189,1,away,695243,1,0,1
23189,1,away,628452,1,0,1
23189,1,away,808967,1,1,1
23189,2,home,547973,1,1,0
23189,2,home,641329,1,1,0
23189,2,home,671922,0,0,1
23189,2,home,656876,0,0,1
23189,2,home,656641,0,0,1
23189,2,home,686973,1,1,1
23189,2,away,695505,0,0,1
23189,2,away,666200,0,0,0
23189,2,away,661395,1,1,0
23189,2,away,695243,1,1,1
23189,2,away,628452,1,0,1
23189,2,away,808967,1,1,0
23189,3,home,547973,0,0,1
23189,3,home,641329,0,0,0
23189,3,home,671922,1,1,1
23189,3,home,656876,1,1,0
23189,3,home,656641,1,1,0
23189,3,home,686973,1,1,1
23189,3,away,695505,1,1,0
23189,3,away,666200,0,0,1
23189,3,away,661395,0,0,1
23189,3,away,695243,1,1,0
23189,3,away,628452,1,1,0
23189,3,away,808967,0,0,1
23189,4,home,547973,1,1,0
23189,4,home,641329,0,0,1
23189,4,home,671922,1,1,1
23189,4,home,656876,0,0,1
23189,4,home,656641,0,0,1
23189,4,home,686973,1,0,1
23189,4,away,695505,0,0,1
23189,4,away,666200,1,1,1
23189,4,away,661395,1,1,0
23189,4,away,695243,0,0,1
23189,4,away,628452,0,0,1
23189,4,away,808967,1,1,0
23190,1,home,547973,1,0,1
23190,1,home,641329,1,0,1
23190,1,home,671922,1,0,1
23190,1,home,656876,1,1,0
23190,1,home,656641,1,1,0
23190,1,home,686973,1,1,1
23190,1,away,695505,1,1,0
23190,1,away,666200,1,1,0
23190,1,away,661395,1,0,1
23190,1,away,695243,1,1,1
23190,1,away,628452,1,0,1
23190,1,away,808967,1,1,0
23190,2,home,547973,1,1,1
23190,2,home,641329,1,0,1
23190,2,home,671922,1,1,0
23190,2,home,656876,0,0,1
23190,2,home,656641,0,0,1
23190,2,home,686973,1,1,0
23190,2,away,695505,0,0,1
23190,2,away,666200,0,0,1
23190,2,away,661395,1,1,1
23190,2,away,695243,1,0,1
23190,2,away,628452,1,1,1
23190,2,away,808967,0,0,1
23190,3,home,547973,1,1,0
23190,3,home,641329,1,0,1
23190,3,home,671922,0,0,1
23190,3,home,656876,1,0,1
23190,3,home,656641,1,0,1
23190,3,home,686973,0,0,1
23190,3,away,695505,1,1,0
23190,3,away,666200,1,1,1
23190,3,away,661395,1,0,1
23190,3,away,695243,1,1,0
23190,3,away,628452,1,0,1
23190,3,away,808967,1,0,1
23190,4,home,547973,0,0,1
23190,4,home,641329,1,0,1
23190,4,home,671922,1,1,0
23190,4,home,656876,1,1,0
23190,4,home,656641,1,1,1
23190,4,home,686973,1,0,1
23190,4,away,695505,0,0,1
23190,4,away,666200,1,1,1
23190,4,away,661395,1,1,0
23190,4,away,695243,0,0,0
23190,4,away,628452,1,0,1
23190,4,away,808967,1,1,1
23191,1,home,547973,1,1,0
23191,1,home,641329,1,0,1
23191,1,home,671922,1,0,1
23191,1,home,656876,1,0,1
23191,1,home,656641,1,0,1
23191,1,home,686973,1,0,1
23191,1,away,695505,1,1,0
23191,1,away,666200,1,1,0
23191,1,away,661395,1,0,1
23191,1,away,695243,1,0,1
23191,1,away,628452,1,1,0
23191,1,away,808967,1,1,0
23191,2,home,547973,0,0,1
23191,2,home,641329,1,0,1
23191,2,home,671922,1,1,0
23191,2,home,656876,1,1,1
23191,2,home,656641,1,0,1
23191,2,home,686973,1,0,1
23191,2,away,695505,0,0,1
23191,2,away,666200,0,0,1
23191,2,away,661395,1,1,0
23191,2,away,695243,1,1,1
23191,2,away,628452,0,0,1
23191,2,away,808967,0,0,1
23191,3,home,547973,1,1,1
23191,3,home,641329,1,1,0
23191,3,home,671922,0,0,1
23191,3,home,656876,1,1,1
23191,3,home,656641,1,1,1
23191,3,home,686973,1,0,1
23191,3,away,695505,1,1,0
23191,3,away,666200,1,1,0
23191,3,away,661395,0,0,0
23191,3,away,695243,1,1,0
23191,3,away,628452,1,0,1
23191,3,away,808967,1,1,0
23191,4,home,547973,1,0,1
23191,4,home,641329,0,0,1
23191,4,home,671922,1,0,1
23191,4,home,656876,1,1,0
23191,4,home,656641,1,1,1
23191,4,home,686973,1,0,1
23191,4,away,695505,0,0,1
23191,4,away,666200,0,0,1
23191,4,away,661395,0,0,1
23191,4,away,695243,0,0,1
23191,4,away,628452,1,1,0
23191,4,away,808967,0,0,1
23192,1,home,547973,1,0,1
23192,1,home,641329,1,0,1
23192,1,home,671922,1,0,1
23192,1,home,656876,1,0,1
23192,1,home,656641,1,1,0
23192,1,home,686973,1,1,1
23192,1,away,695505,1,1,0
23192,1,away,666200,1,1,0
23192,1,away,661395,1,0,1
23192,1,away,695243,1,1,0
23192,1,away,628452,1,0,1
23192,1,away,808967,1,1,1
23192,2,home,547973,1,1,1
23192,2,home,641329,1,1,0
23192,2,home,671922,1,1,0
23192,2,home,656876,1,1,1
23192,2,home,656641,0,0,1
23192,2,home,686973,1,0,1
23192,2,away,695505,0,0,1
23192,2,away,666200,0,0,1
23192,2,away,661395,1,1,1
23192,2,away,695243,0,0,1
23192,2,away,628452,1,1,0
23192,2,away,808967,1,1,0
23192,3,home,547973,1,0,1
23192,3,home,641329,0,0,1
23192,3,home,671922,0,0,1
23192,3,home,656876,1,1,0
23192,3,home,656641,1,0,1
23192,3,home,686973,1,1,1
23192,3,away,695505,1,1,0
23192,3,away,666200,1,1,0
23192,3,away,661395,1,0,1
23192,3,away,695243,1,1,1
23192,3,away,628452,0,0,1
23192,3,away,808967,0,0,1
23192,4,home,547973,1,0,1
23192,4,home,641329,1,1,0
23192,4,home,671922,1,1,1
23192,4,home,656876,0,0,1
23192,4,home,656641,1,1,0
23192,4,home,686973,1,0,1
23192,4,away,695505,0,0,1
23192,4,away,666200,0,0,1
23192,4,away,661395,1,0,1
23192,4,away,695243,1,1,0
23192,4,away,628452,1,0,1
23192,4,away,808967,1,1,0
23193,1,home,547973,1,0,1
23193,1,home,641329,1,0,1
23193,1,home,671922,1,1,0
23193,1,home,656876,1,0,1
23193,1,home,656641,1,1,0
23193,1,home,686973,1,0,1
23193,1,away,695505,1,1,0
23193,1,away,666200,1,1,0
23193,1,away,661395,1,0,1
23193,1,away,695243,1,1,0
23193,1,away,628452,1,0,1
23193,1,away,808967,1,0,1
23193,2,home,547973,1,1,0
23193,2,home,641329,1,1,1
23193,2,home,671922,0,0,1
23193,2,home,656876,1,1,1
23193,2,home,656641,0,0,1
23193,2,home,686973,1,1,0
23193,2,away,695505,0,0,1
23193,2,away,666200,0,0,1
23193,2,away,661395,1,1,0
23193,2,away,695243,0,0,1
23193,2,away,628452,1,1,0
23193,2,away,808967,1,1,0
23193,3,home,547973,0,0,1
23193,3,home,641329,1,0,1
23193,3,home,671922,1,1,0
23193,3,home,656876,1,1,0
23193,3,home,656641,1,1,0
23193,3,home,686973,0,0,1
23193,3,away,695505,1,1,0
23193,3,away,666200,1,1,0
23193,3,away,661395,0,0,0
23193,3,away,695243,1,1,0
23193,3,away,628452,0,0,1
23193,3,away,808967,0,0,1
23193,4,home,547973,1,1,1
23193,4,home,641329,1,1,1
23193,4,home,671922,0,0,1
23193,4,home,656876,0,0,1
23193,4,home,656641,0,0,1
23193,4,home,686973,1,1,0
23193,4,away,695505,0,0,1
23193,4,away,666200,0,0,1
23193,4,away,661395,0,0,1
23193,4,away,695243,0,0,1
23193,4,away,628452,1,1,0
23193,4,away,808967,1,1,0
23194,1,home,547973,1,0,1
23194,1,home,641329,1,0,1
23194,1,home,671922,1,1,0
23194,1,home,656876,1,1,0
23194,1,home,656641,1,1,0
23194,1,home,686973,1,0,1
23194,1,away,695505,1,1,0
23194,1,away,666200,1,1,1
23194,1,away,661395,1,0,1
23194,1,away,695243,1,1,1
23194,1,away,628452,1,0,1
23194,1,away,808967,1,1,0
23194,2,home,547973,1,0,1
23194,2,home,641329,1,1,0
23194,2,home,671922,0,0,1
23194,2,home,656876,0,0,0
23194,2,home,656641,0,0,1
23194,2,home,686973,1,1,0
23194,2,away,695505,0,0,1
23194,2,away,666200,1,1,0
23194,2,away,661395,1,1,0
23194,2,away,695243,1,0,1
23194,2,away,628452,1,1,0
23194,2,away,808967,0,0,1
23194,3,home,547973,1,0,1
23194,3,home,641329,0,0,1
23194,3,home,671922,1,0,1
23194,3,home,656876,0,0,1
23194,3,home,656641,1,1,0
23194,3,home,686973,0,0,0
23194,3,away,695505,1,0,1
23194,3,away,666200,0,0,1
23194,3,away,661395,0,0,0
23194,3,away,695243,1,1,0
23194,3,away,628452,0,0,1
23194,3,away,808967,1,1,0
23194,4,home,547973,1,1,1
23194,4,home,641329,1,0,1
23194,4,home,671922,1,1,1
23194,4,home,656876,1,1,1
23194,4,home,656641,0,0,1
23194,4,home,686973,0,0,1
23194,4,away,695505,1,1,1
23194,4,away,666200,1,1,1
23194,4,away,661395,0,0,1
23194,4,away,695243,0,0,1
23194,4,away,628452,1,1,0
23194,4,away,808967,0,0,0
23195,1,home,547973,1,0,1
23195,1,home,641329,1,0,1
23195,1,home,671922,1,0,1
23195,1,home,656876,1,0,1
23195,1,home,656641,1,1,0
23195,1,home,686973,1,0,1
23195,1,away,695505,1,1,0
23195,1,away,666200,1,1,0
23195,1,away,661395,1,0,1
23195,1,away,695243,1,1,1
23195,1,away,628452,1,0,1
23195,1,away,808967,1,1,0
23195,2,home,547973,1,0,1
23195,2,home,641329,1,0,1
23195,2,home,671922,1,0,1
23195,2,home,656876,1,0,1
23195,2,home,656641,0,0,1
23195,2,home,686973,1,0,1
23195,2,away,695505,0,0,1
23195,2,away,666200,0,0,1
23195,2,away,661395,1,0,1
23195,2,away,695243,1,0,1
23195,2,away,628452,1,0,1
23195,2,away,808967,0,0,1
23195,3,home,547973,1,1,0
23195,3,home,641329,1,0,1
23195,3,home,671922,1,0,1
23195,3,home,656876,1,0,1
23195,3,home,656641,1,0,1
23195,3,home,686973,1,0,1
23195,3,away,695505,1,0,1
23195,3,away,666200,1,0,1
23195,3,away,661395,1,0,1
23195,3,away,695243,1,1,0
23195,3,away,628452,1,0,1
23195,3,away,808967,1,0,1
23195,4,home,547973,0,0,1
23195,4,home,641329,1,1,1
23195,4,home,671922,1,1,1
23195,4,home,656876,1,1,0
23195,4,home,656641,1,1,0
23195,4,home,686973,1,1,0
23195,4,away,695505,1,1,0
23195,4,away,666200,1,1,0
23195,4,away,661395,1,1,0
23195,4,away,695243,0,0,1
23195,4,away,628452,1,1,0
23195,4,away,808967,1,1,0
23196,1,home,547973,1,0,1
23196,1,home,641329,1,0,1
23196,1,home,671922,1,0,1
23196,1,home,656876,1,1,0
23196,1,home,656641,1,1,1
23196,1,home,686973,1,0,1
23196,1,away,695505,1,1,1
23196,1,away,666200,1,1,0
23196,1,away,661395,1,0,1
23196,1,away,695243,1,1,1
23196,1,away,628452,1,0,1
23196,1,away,808967,1,1,0
23196,2,home,547973,1,0,1
23196,2,home,641329,1,1,0
23196,2,home,671922,1,0,1
23196,2,home,656876,0,0,1
23196,2,home,656641,1,0,1
23196,2,home,686973,1,0,1
23196,2,away,695505,1,0,1
23196,2,away,666200,0,0,1
23196,2,away,661395,1,1,0
23196,2,away,695243,1,1,0
23196,2,away,628452,1,0,1
23196,2,away,808967,0,0,1
23196,3,home,547973,1,0,1
23196,3,home,641329,0,0,1
23196,3,home,671922,1,1,0
23196,3,home,656876,1,1,1
23196,3,home,656641,1,1,0
23196,3,home,686973,1,0,1
23196,3,away,695505,1,1,1
23196,3,away,666200,1,1,1
23196,3,away,661395,0,0,1
23196,3,away,695243,0,0,1
23196,3,away,628452,1,1,0
23196,3,away,808967,1,1,0
23196,4,home,547973,1,1,1
23196,4,home,641329,1,1,0
23196,4,home,671922,0,0,1
23196,4,home,656876,1,0,1
23196,4,home,656641,0,0,1
23196,4,home,686973,1,0,1
23196,4,away,695505,1,1,0
23196,4,away,666200,1,1,1
23196,4,away,661395,1,0,1
23196,4,away,695243,1,1,0
23196,4,away,628452,0,0,1
23196,4,away,808967,0,0,1
23197,1,home,547973,1,0,1
23197,1,home,641329,1,0,1
23197,1,home,671922,1,1,1
23197,1,home,656876,1,1,1
23197,1,home,656641,1,0,1
23197,1,home,686973,1,0,1
23197,1,away,695505,1,1,1
23197,1,away,666200,1,1,0
23197,1,away,661395,1,0,1
23197,1,away,695243,1,0,1
23197,1,away,628452,1,1,0
23197,1,away,808967,1,1,1
23197,2,home,547973,1,0,1
23197,2,home,641329,1,0,1
23197,2,home,671922,1,1,0
23197,2,home,656876,1,1,0
23197,2,home,656641,1,1,1
23197,2,home,686973,1,0,1
23197,2,away,695505,1,1,1
23197,2,away,666200,0,0,1
23197,2,away,661395,1,1,0
23197,2,away,695243,1,0,1
23197,2,away,628452,0,0,1
23197,2,away,808967,1,1,0
23197,3,home,547973,1,0,1
23197,3,home,641329,1,0,1
23197,3,home,671922,0,0,1
23197,3,home,656876,0,0,1
23197,3,home,656641,1,0,1
23197,3,home,686973,1,0,1
23197,3,away,695505,1,0,1
23197,3,away,666200,1,1,1
23197,3,away,661395,0,0,1
23197,3,away,695243,1,0,1
23197,3,away,628452,1,0,1
23197,3,away,808967,0,0,0
23197,4,home,547973,1,1,0
23197,4,home,641329,1,0,1
23197,4,home,671922,1,1,1
23197,4,home,656876,1,1,1
23197,4,home,656641,1,1,1
23197,4,home,686973,1,1,0
23197,4,away,695505,1,1,1
23197,4,away,666200,1,1,0
23197,4,away,661395,1,1,0
23197,4,away,695243,1,1,0
23197,4,away,628452,1,1,0
23197,4,away,808967,0,0,1
23198,1,home,547973,1,1,0
23198,1,home,641329,1,0,1
23198,1,home,671922,1,1,0
23198,1,home,656876,1,0,1
23198,1,home,656641,1,1,0
23198,1,home,686973,1,1,0
23198,1,away,695505,1,1,1
23198,1,away,666200,1,1,1
23198,1,away,661395,1,0,1
23198,1,away,695243,1,1,1
23198,1,away,628452,1,1,1
23198,1,away,808967,1,1,1
23198,2,home,547973,0,0,1
23198,2,home,641329,1,1,0
23198,2,home,671922,0,0,1
23198,2,home,656876,1,1,0
23198,2,home,656641,0,0,1
23198,2,home,686973,0,0,1
23198,2,away,695505,1,1,0
23198,2,away,666200,1,1,0
23198,2,away,661395,1,0,1
23198,2,away,695243,1,1,1
23198,2,away,628452,1,1,1
23198,2,away,808967,1,1,0
23198,3,home,547973,1,1,0
23198,3,home,641329,0,0,1
23198,3,home,671922,1,0,1
23198,3,home,656876,0,0,1
23198,3,home,656641,1,1,0
23198,3,home,686973,1,0,1
23198,3,away,695505,0,0,1
23198,3,away,666200,0,0,1
23198,3,away,661395,1,1,1
23198,3,away,695243,1,0,1
23198,3,away,628452,1,1,1
23198,3,away,808967,0,0,1
23198,4,home,547973,0,0,0
23198,4,home,641329,1,0,1
23198,4,home,671922,1,0,1
23198,4,home,656876,1,0,1
23198,4,home,656641,0,0,1
23198,4,home,686973,1,0,1
23198,4,away,695505,1,0,1
23198,4,away,666200,1,0,1
23198,4,away,661395,1,0,1
23198,4,away,695243,1,0,1
23198,4,away,628452,1,0,1
23198,4,away,808967,1,1,0
23199,1,home,547973,1,1,0
23199,1,home,641329,1,0,1
23199,1,home,671922,1,0,1
23199,1,home,656876,1,1,0
23199,1,home,656641,1,1,1
23199,1,home,686973,1,0,1
23199,1,away,695505,1,1,0
23199,1,away,666200,1,1,0
23199,1,away,661395,1,0,1
23199,1,away,695243,1,1,1
23199,1,away,628452,1,0,1
23199,1,away,808967,1,1,0
23199,2,home,547973,0,0,1
23199,2,home,641329,1,0,1
23199,2,home,671922,1,1,0
23199,2,home,656876,0,0,1
23199,2,home,656641,1,1,1
23199,2,home,686973,1,0,1
23199,2,away,695505,0,0,1
23199,2,away,666200,0,0,1
23199,2,away,661395,1,1,1
23199,2,away,695243,1,1,0
23199,2,away,628452,1,0,1
23199,2,away,808967,0,0,1
23199,3,home,547973,1,0,1
23199,3,home,641329,1,0,1
23199,3,home,671922,0,0,1
23199,3,home,656876,1,0,1
23199,3,home,656641,1,0,1
23199,3,home,686973,1,0,1
23199,3,away,695505,1,0,1
23199,3,away,666200,1,0,1
23199,3,away,661395,1,0,1
23199,3,away,695243,0,0,1
23199,3,away,628452,1,0,1
23199,3,away,808967,1,0,1
23199,4,home,547973,1,0,1
23199,4,home,641329,1,0,1
23199,4,home,671922,1,1,0
23199,4,home,656876,1,0,1
23199,4,home,656641,1,1,1
23199,4,home,686973,1,0,1
23199,4,away,695505,1,1,0
23199,4,away,666200,1,1,0
23199,4,away,661395,1,1,0
23199,4,away,695243,1,1,0
23199,4,away,628452,1,0,1
23199,4,away,808967,1,1,0
23200,1,home,547973,1,0,1
23200,1,home,641329,1,0,1
23200,1,home,671922,1,0,1
23200,1,home,656876,1,0,1
23200,1,home,656641,1,0,1
23200,1,home,686973,1,1,0
23200,1,away,695505,1,0,1
23200,1,away,666200,1,0,1
23200,1,away,661395,1,0,1
23200,1,away,695243,1,0,1
23200,1,away,628452,1,0,1
23200,1,away,808967,1,0,1
23200,2,home,547973,1,0,1
23200,2,home,641329,1,0,1
23200,2,home,671922,1,1,0
23200,2,home,656876,1,1,0
23200,2,home,656641,1,1,0
23200,2,home,686973,0,0,1
23200,2,away,695505,1,1,1
23200,2,away,666200,1,1,0
23200,2,away,661395,1,1,0
23200,2,away,695243,1,1,0
23200,2,away,628452,1,0,1
23200,2,away,808967,1,1,0
23200,3,home,547973,1,1,1
23200,3,home,641329,1,0,1
23200,3,home,671922,0,0,1
23200,3,home,656876,0,0,1
23200,3,home,656641,0,0,1
23200,3,home,686973,1,1,1
23200,3,away,695505,1,1,1
23200,3,away,666200,0,0,0
23200,3,away,661395,0,0,1
23200,3,away,695243,0,0,1
23200,3,away,628452,1,1,1
23200,3,away,808967,0,0,1
23200,4,home,547973,1,0,1
23200,4,home,641329,1,1,1
23200,4,home,671922,1,0,1
23200,4,home,656876,1,0,1
23200,4,home,656641,1,0,1
23200,4,home,686973,1,0,1
23200,4,away,695505,1,1,0
23200,4,away,666200,0,0,1
23200,4,away,661395,1,0,1
23200,4,away,695243,1,0,1
23200,4,away,628452,1,0,1
23200,4,away,808967,1,1,0
23201,1,home,547973,1,0,1
23201,1,home,641329,1,0,1
23201,1,home,671922,1,0,1
23201,1,home,656876,1,1,0
23201,1,home,656641,1,1,1
23201,1,home,686973,1,1,0
23201,1,away,695505,1,1,0
23201,1,away,666200,1,1,0
23201,1,away,661395,1,0,1
23201,1,away,695243,1,1,0
23201,1,away,628452,1,0,1
23201,1,away,808967,1,0,1
23201,2,home,547973,1,1,1
23201,2,home,641329,1,1,0
23201,2,home,671922,1,0,1
23201,2,home,656876,0,0,1
23201,2,home,656641,1,0,1
23201,2,home,686973,0,0,1
23201,2,away,695505,0,0,1
23201,2,away,666200,0,0,1
23201,2,away,661395,1,1,0
23201,2,away,695243,0,0,1
23201,2,away,628452,1,1,0
23201,2,away,808967,1,1,0
23201,3,home,547973,1,0,1
23201,3,home,641329,0,0,1
23201,3,home,671922,1,1,1
23201,3,home,656876,1,1,0
23201,3,home,656641,1,1,1
23201,3,home,686973,1,0,1
23201,3,away,695505,1,0,1
23201,3,away,666200,1,1,0
23201,3,away,661395,0,0,1
23201,3,away,695243,1,1,0
23201,3,away,628452,0,0,1
23201,3,away,808967,0,0,1
23201,4,home,547973,1,1,1
23201,4,home,641329,1,0,1
23201,4,home,671922,1,1,1
23201,4,home,656876,0,0,1
23201,4,home,656641,1,1,1
23201,4,home,686973,1,0,1
23201,4,away,695505,1,1,1
23201,4,away,666200,0,0,0
23201,4,away,661395,1,1,0
23201,4,away,695243,0,0,1
23201,4,away,628452,1,0,1
23201,4,away,808967,1,1,1
23202,1,home,547973,1,1,0
23202,1,home,641329,1,1,0
23202,1,home,671922,1,1,1
23202,1,home,656876,1,1,1
23202,1,home,656641,1,1,1
23202,1,home,686973,1,0,1
23202,1,away,695505,1,1,0
23202,1,away,666200,1,1,0
23202,1,away,661395,1,1,0
23202,1,away,695243,1,1,0
23202,1,away,628452,1,0,1
23202,1,away,808967,1,1,1
23202,2,home,547973,0,0,1
23202,2,home,641329,0,0,1
23202,2,home,671922,1,0,1
23202,2,home,656876,1,1,0
23202,2,home,656641,1,0,1
23202,2,home,686973,1,1,0
23202,2,away,695505,0,0,1
23202,2,away,666200,0,0,1
23202,2,away,661395,0,0,1
23202,2,away,695243,0,0,1
23202,2,away,628452,1,1,1
23202,2,away,808967,1,1,0
23202,3,home,547973,1,1,0
23202,3,home,641329,1,0,1
23202,3,home,671922,1,1,0
23202,3,home,656876,0,0,1
23202,3,home,656641,1,0,1
23202,3,home,686973,0,0,1
23202,3,away,695505,1,1,0
23202,3,away,666200,1,1,0
23202,3,away,661395,1,1,1
23202,3,away,695243,1,1,1
23202,3,away,628452,1,0,1
23202,3,away,808967,0,0,1
23202,4,home,547973,0,0,1
23202,4,home,641329,1,0,1
23202,4,home,671922,0,0,1
23202,4,home,656876,1,0,1
23202,4,home,656641,1,0,1
23202,4,home,686973,1,0,1
23202,4,away,695505,0,0,1
23202,4,away,666200,0,0,1
23202,4,away,661395,1,0,1
23202,4,away,695243,1,0,1
23202,4,away,628452,1,0,1
23202,4,away,808967,1,0,1
23203,1,home,547973,1,0,1
23203,1,home,641329,1,0,1
23203,1,home,671922,1,0,1
23203,1,home,656876,1,0,1
23203,1,home,656641,1,1,0
23203,1,home,686973,1,1,1
23203,1,away,695505,1,1,1
23203,1,away,666200,1,1,0
23203,1,away,661395,1,0,1
23203,1,away,695243,1,1,0
23203,1,away,628452,1,0,1
23203,1,away,808967,1,0,1
23203,2,home,547973,1,1,0
23203,2,home,641329,1,0,1
23203,2,home,671922,1,0,1
23203,2,home,656876,1,0,1
23203,2,home,656641,0,0,1
23203,2,home,686973,1,1,0
23203,2,away,695505,1,1,0
23203,2,away,666200,0,0,1
23203,2,away,661395,1,0,1
23203,2,away,695243,0,0,1
23203,2,away,628452,1,1,1
23203,2,away,808967,1,1,0
23203,3,home,547973,0,0,1
23203,3,home,641329,1,1,0
23203,3,home,671922,1,1,0
23203,3,home,656876,1,1,0
23203,3,home,656641,1,1,0
23203,3,home,686973,0,0,1
23203,3,away,695505,0,0,0
23203,3,away,666200,1,1,1
23203,3,away,661395,1,1,0
23203,3,away,695243,1,1,0
23203,3,away,628452,1,1,1
23203,3,away,808967,0,0,1
23203,4,home,547973,1,1,0
23203,4,home,641329,0,0,1
23203,4,home,671922,0,0,1
23203,4,home,656876,0,0,1
23203,4,home,656641,0,0,1
23203,4,home,686973,1,1,0
23203,4,away,695505,0,0,1
23203,4,away,666200,1,0,1
23203,4,away,661395,0,0,1
23203,4,away,695243,0,0,1
23203,4,away,628452,1,1,0
23203,4,away,808967,1,1,0
23204,1,home,547973,1,0,1
23204,1,home,641329,1,0,1
23204,1,home,671922,1,1,0
23204,1,home,656876,1,1,0
23204,1,home,656641,1,0,1
23204,1,home,686973,1,0,1
23204,1,away,695505,1,1,1
23204,1,away,666200,1,1,0
23204,1,away,661395,1,1,0
23204,1,away,695243,1,1,1
23204,1,away,628452,1,0,1
23204,1,away,808967,1,1,1
23204,2,home,547973,1,0,1
23204,2,home,641329,1,0,1
23204,2,home,671922,0,0,0
23204,2,home,656876,0,0,0
23204,2,home,656641,1,1,0
23204,2,home,686973,1,1,1
23204,2,away,695505,1,1,0
23204,2,away,666200,0,0,0
23204,2,away,661395,0,0,1
23204,2,away,695243,1,1,0
23204,2,away,628452,1,1,0
23204,2,away,808967,1,1,0
23204,3,home,547973,1,0,1
23204,3,home,641329,1,1,1
23204,3,home,671922,0,0,1
23204,3,home,656876,0,0,1
23204,3,home,656641,0,0,1
23204,3,home,686973,1,1,0
23204,3,away,695505,0,0,1
23204,3,away,666200,0,0,1
23204,3,away,661395,1,1,0
23204,3,away,695243,0,0,1
23204,3,away,628452,0,0,1
23204,3,away,808967,0,0,1
23204,4,home,547973,1,0,1
23204,4,home,641329,1,0,1
23204,4,home,671922,1,0,1
23204,4,home,656876,1,0,1
23204,4,home,656641,1,0,1
23204,4,home,686973,0,0,1
23204,4,away,695505,1,0,1
23204,4,away,666200,1,0,1
23204,4,away,661395,0,0,0
23204,4,away,695243,1,1,0
23204,4,away,628452,1,0,1
23204,4,away,808967,1,0,1
23205,1,home,547973,1,1,0
23205,1,home,641329,1,0,1
23205,1,home,671922,1,0,1
23205,1,home,656876,1,0,1
23205,1,home,656641,1,0,1
23205,1,home,686973,1,0,1
23205,1,away,695505,1,1,0
23205,1,away,666200,1,1,0
23205,1,away,661395,1,0,1
23205,1,away,695243,1,1,1
23205,1,away,628452,1,0,1
23205,1,away,808967,1,1,0
23205,2,home,547973,0,0,1
23205,2,home,641329,1,0,1
23205,2,home,671922,1,0,1
23205,2,home,656876,1,1,0
23205,2,home,656641,1,1,0
23205,2,home,686973,1,0,1
23205,2,away,695505,0,0,1
23205,2,away,666200,0,0,1
23205,2,away,661395,1,1,1
23205,2,away,695243,1,1,0
23205,2,away,628452,1,1,0
23205,2,away,808967,0,0,1
23205,3,home,547973,1,1,1
23205,3,home,641329,1,0,1
23205,3,home,671922,1,1,0
23205,3,home,656876,0,0,1
23205,3,home,656641,0,0,1
23205,3,home,686973,1,1,0
23205,3,away,695505,1,1,0
23205,3,away,666200,1,1,0
23205,3,away,661395,1,0,1
23205,3,away,695243,0,0,1
23205,3,away,628452,0,0,0
23205,3,away,808967,1,1,0
23205,4,home,547973,1,1,1
23205,4,home,641329,1,0,1
23205,4,home,671922,0,0,1
23205,4,home,656876,1,1,0
23205,4,home,656641,1,1,0
23205,4,home,686973,0,0,1
23205,4,away,695505,0,0,1
23205,4,away,666200,0,0,1
23205,4,away,661395,1,1,0
23205,4,away,695243,1,1,0
23205,4,away,628452,0,0,1
23205,4,away,808967,0,0,1
23206,1,home,547973,1,0,1
23206,1,home,641329,1,0,1
23206,1,home,671922,1,0,1
23206,1,home,656876,1,1,1
23206,1,home,656641,1,0,1
23206,1,home,686973,1,1,0
23206,1,away,695505,1,1,1
23206,1,away,666200,1,1,1
23206,1,away,661395,1,0,1
23206,1,away,695243,1,1,0
23206,1,away,628452,1,0,1
23206,1,away,808967,1,1,0
23206,2,home,547973,1,1,0
23206,2,home,641329,1,0,1
23206,2,home,671922,1,1,0
23206,2,home,656876,1,0,1
23206,2,home,656641,1,1,1
23206,2,home,686973,0,0,1
23206,2,away,695505,1,1,0
23206,2,away,666200,1,1,0
23206,2,away,661395,1,1,1
23206,2,away,695243,0,0,1
23206,2,away,628452,1,1,0
23206,2,away,808967,0,0,1
23206,3,home,547973,0,0,1
23206,3,home,641329,1,0,1
23206,3,home,671922,0,0,1
23206,3,home,656876,1,1,0
23206,3,home,656641,1,1,1
23206,3,home,686973,1,1,0
23206,3,away,695505,0,0,1
23206,3,away,666200,0,0,1
23206,3,away,661395,1,1,0
23206,3,away,695243,1,0,1
23206,3,away,628452,0,0,1
23206,3,away,808967,1,1,0
23206,4,home,547973,1,1,0
23206,4,home,641329,1,0,1
23206,4,home,671922,1,1,0
23206,4,home,656876,0,0,1
23206,4,home,656641,1,1,0
23206,4,home,686973,0,0,1
23206,4,away,695505,1,1,0
23206,4,away,666200,1,1,0
23206,4,away,661395,0,0,1
23206,4,away,695243,1,1,0
23206,4,away,628452,1,1,0
23206,4,away,808967,0,0,1
23207,1,home,547973,1,1,0
23207,1,home,641329,1,0,1
23207,1,home,671922,1,0,1
23207,1,home,656876,1,1,0
23207,1,home,656641,1,0,1
23207,1,home,686973,1,1,0
23207,1,away,695505,1,1,0
23207,1,away,666200,1,1,1
23207,1,away,661395,1,1,1
23207,1,away,695243,1,1,0
23207,1,away,628452,1,1,0
23207,1,away,808967,1,1,0
23207,2,home,547973,0,0,1
23207,2,home,641329,1,1,0
23207,2,home,671922,1,0,1
23207,2,home,656876,0,0,1
23207,2,home,656641,1,1,0
23207,2,home,686973,0,0,1
23207,2,away,695505,0,0,1
23207,2,away,666200,1,1,0
23207,2,away,661395,1,1,0
23207,2,away,695243,0,0,1
23207,2,away,628452,0,0,1
23207,2,away,808967,0,0,1
23207,3,home,547973,1,1,1
23207,3,home,641329,0,0,1
23207,3,home,671922,1,0,1
23207,3,home,656876,1,0,1
23207,3,home,656641,0,0,1
23207,3,home,686973,1,1,1
23207,3,away,695505,1,1,0
23207,3,away,666200,0,0,1
23207,3,away,661395,0,0,1
23207,3,away,695243,1,0,1
23207,3,away,628452,1,1,0
23207,3,away,808967,1,1,0
23207,4,home,547973,1,1,0
23207,4,home,641329,1,0,1
23207,4,home,671922,1,1,0
23207,4,home,656876,1,1,0
23207,4,home,656641,1,0,1
23207,4,home,686973,1,0,1
23207,4,away,695505,0,0,1
23207,4,away,666200,1,1,1
23207,4,away,661395,1,1,0
23207,4,away,695243,1,1,0
23207,4,away,628452,0,0,1
23207,4,away,808967,0,0,1
23208,1,home,547973,1,0,1
23208,1,home,641329,1,0,1
23208,1,home,671922,1,1,0
23208,1,home,656876,1,1,1
23208,1,home,656641,1,0,1
23208,1,home,686973,1,0,1
23208,1,away,695505,1,1,0
23208,1,away,666200,1,1,1
23208,1,away,661395,1,0,1
23208,1,away,695243,1,0,1
23208,1,away,628452,1,0,1
23208,1,away,808967,1,1,0
23208,2,home,547973,1,1,0
23208,2,home,641329,1,0,1
23208,2,home,671922,0,0,1
23208,2,home,656876,1,0,1
23208,2,home,656641,1,0,1
23208,2,home,686973,1,1,0
23208,2,away,695505,0,0,1
23208,2,away,666200,1,1,1
23208,2,away,661395,1,1,0
23208,2,away,695243,1,1,0
23208,2,away,628452,1,1,0
23208,2,away,808967,0,0,0
23208,3,home,547973,0,0,1
23208,3,home,641329,1,0,1
23208,3,home,671922,1,1,1
23208,3,home,656876,1,1,0
23208,3,home,656641,1,0,1
23208,3,home,686973,0,0,1
23208,3,away,695505,1,0,1
23208,3,away,666200,1,1,1
23208,3,away,661395,0,0,1
23208,3,away,695243,0,0,1
23208,3,away,628452,0,0,0
23208,3,away,808967,0,0,1
23208,4,home,547973,1,1,0
23208,4,home,641329,1,0,1
23208,4,home,671922,1,1,1
23208,4,home,656876,0,0,0
23208,4,home,656641,1,1,0
23208,4,home,686973,1,1,1
23208,4,away,695505,1,1,1
23208,4,away,666200,1,1,0
23208,4,away,661395,1,0,1
23208,4,away,695243,1,1,0
23208,4,away,628452,0,0,1
23208,4,away,808967,1,1,0
23209,1,home,547973,1,0,1
23209,1,home,641329,1,0,1
23209,1,home,671922,1,1,0
23209,1,home,656876,1,1,0
23209,1,home,656641,1,0,1
23209,1,home,686973,1,0,1
23209,1,away,695505,1,1,1
23209,1,away,666200,1,1,1
23209,1,away,661395,1,0,1
23209,1,away,695243,1,1,0
23209,1,away,628452,1,0,1
23209,1,away,808967,1,1,1
23209,2,home,547973,1,1,0
23209,2,home,641329,1,0,1
23209,2,home,671922,0,0,1
23209,2,home,656876,0,0,1
23209,2,home,656641,1,1,1
23209,2,home,686973,1,1,0
23209,2,away,695505,1,1,0
23209,2,away,666200,1,1,0
23209,2,away,661395,1,0,1
23209,2,away,695243,0,0,1
23209,2,away,628452,1,0,1
23209,2,away,808967,1,1,0
23209,3,home,547973,0,0,1
23209,3,home,641329,1,0,1
23209,3,home,671922,1,1,1
23209,3,home,656876,1,1,0
23209,3,home,656641,1,1,0
23209,3,home,686973,0,0,1
23209,3,away,695505,0,0,1
23209,3,away,666200,0,0,1
23209,3,away,661395,1,1,1
23209,3,away,695243,1,1,1
23209,3,away,628452,1,0,1
23209,3,away,808967,0,0,1
23209,4,home,547973,1,1,0
23209,4,home,641329,1,1,0
23209,4,home,671922,1,1,0
23209,4,home,656876,0,0,1
23209,4,home,656641,0,0,1
23209,4,home,686973,1,1,1
23209,4,away,695505,1,1,0
23209,4,away,666200,1,1,1
23209,4,away,661395,1,0,1
23209,4,away,695243,1,1,0
23209,4,away,628452,1,0,1
23209,4,away,808967,1,1,0
23210,1,home,547973,1,1,0
23210,1,home,641329,1,0,1
23210,1,home,671922,1,1,0
23210,1,home,656876,1,1,0
23210,1,home,656641,1,0,1
23210,1,home,686973,1,0,1
23210,1,away,695505,1,1,0
23210,1,away,666200,1,1,1
23210,1,away,661395,1,1,1
23210,1,away,695243,1,1,0
23210,1,away,628452,1,0,1
23210,1,away,808967,1,1,1
23210,2,home,547973,0,0,1
23210,2,home,641329,1,1,1
23210,2,home,671922,0,0,1
23210,2,home,656876,0,0,1
23210,2,home,656641,1,1,1
23210,2,home,686973,1,1,0
23210,2,away,695505,0,0,1
23210,2,away,666200,1,1,0
23210,2,away,661395,1,1,1
23210,2,away,695243,0,0,1
23210,2,away,628452,1,0,1
23210,2,away,808967,1,1,0
23210,3,home,547973,1,1,0
23210,3,home,641329,1,0,1
23210,3,home,671922,1,1,0
23210,3,home,656876,1,1,1
23210,3,home,656641,1,1,1
23210,3,home,686973,0,0,1
23210,3,away,695505,1,1,0
23210,3,away,666200,0,0,0
23210,3,away,661395,1,1,1
23210,3,away,695243,1,1,1
23210,3,away,628452,1,1,0
23210,3,away,808967,0,0,1
23210,4,home,547973,0,0,1
23210,4,home,641329,1,1,0
23210,4,home,671922,0,0,0
23210,4,home,656876,1,1,0
23210,4,home,656641,1,1,0
23210,4,home,686973,1,0,1
23210,4,away,695505,0,0,1
23210,4,away,666200,0,0,1
23210,4,away,661395,1,1,0
23210,4,away,695243,1,1,1
23210,4,away,628452,0,0,1
23210,4,away,808967,1,1,1
23211,1,home,547973,1,0,1
23211,1,home,641329,1,1,1
23211,1,home,671922,1,0,1
23211,1,home,656876,1,0,1
23211,1,home,656641,1,0,1
23211,1,home,686973,1,0,1
23211,1,away,695505,1,0,1
23211,1,away,666200,1,0,1
23211,1,away,661395,1,0,1
23211,1,away,695243,1,0,1
23211,1,away,628452,1,0,1
23211,1,away,808967,1,0,1
23211,2,home,547973,1,0,1
23211,2,home,641329,1,0,1
23211,2,home,671922,1,1,0
23211,2,home,656876,1,1,0
23211,2,home,656641,1,1,1
23211,2,home,686973,1,0,1
23211,2,away,695505,1,1,0
23211,2,away,666200,1,1,1
23211,2,away,661395,1,1,1
23211,2,away,695243,1,1,0
23211,2,away,628452,1,0,1
23211,2,away,808967,1,0,1
23211,3,home,547973,1,0,1
23211,3,home,641329,1,0,1
23211,3,home,671922,0,0,1
23211,3,home,656876,0,0,1
23211,3,home,656641,1,1,0
23211,3,home,686973,1,0,1
23211,3,away,695505,0,0,0
23211,3,away,666200,1,0,1
23211,3,away,661395,1,1,1
23211,3,away,695243,0,0,1
23211,3,away,628452,1,1,1
23211,3,away,808967,1,0,1
23211,4,home,547973,1,0,1
23211,4,home,641329,1,0,1
23211,4,home,671922,1,0,1
23211,4,home,656876,1,0,1
23211,4,home,656641,0,0,1
23211,4,home,686973,1,0,1
23211,4,away,695505,0,0,1
23211,4,away,666200,1,0,1
23211,4,away,661395,1,0,1
23211,4,away,695243,1,0,1
23211,4,away,628452,1,0,1
23211,4,away,808967,1,0,1
23212,1,home,547973,1,0,1
23212,1,home,641329,1,1,0
23212,1,home,671922,1,0,1
23212,1,home,656876,1,1,0
23212,1,home,656641,1,1,0
23212,1,home,686973,1,0,1
23212,1,away,695505,1,1,0
23212,1,away,666200,1,1,0
23212,1,away,661395,1,0,1
23212,1,away,695243,1,1,0
23212,1,away,628452,1,0,1
23212,1,away,808967,1,1,0
23212,2,home,547973,1,1,0
23212,2,home,641329,0,0,1
23212,2,home,671922,1,0,1
23212,2,home,656876,0,0,1
23212,2,home,656641,0,0,1
23212,2,home,686973,1,1,0
23212,2,away,695505,0,0,1
23212,2,away,666200,0,0,1
23212,2,away,661395,1,0,1
23212,2,away,695243,0,0,1
23212,2,away,628452,1,1,0
23212,2,away,808967,0,0,1
23212,3,home,547973,0,0,1
23212,3,home,641329,1,0,1
23212,3,home,671922,1,1,0
23212,3,home,656876,1,1,0
23212,3,home,656641,1,1,0
23212,3,home,686973,0,0,1
23212,3,away,695505,1,1,0
23212,3,away,666200,1,1,0
23212,3,away,661395,1,0,1
23212,3,away,695243,1,1,0
23212,3,away,628452,0,0,1
23212,3,away,808967,1,1,0
23212,4,home,547973,1,1,0
23212,4,home,641329,1,1,0
23212,4,home,671922,0,0,1
23212,4,home,656876,0,0,1
23212,4,home,656641,0,0,1
23212,4,home,686973,1,1,0
23212,4,away,695505,0,0,1
23212,4,away,666200,0,0,1
23212,4,away,661395,1,1,0
23212,4,away,695243,0,0,1
23212,4,away,628452,1,1,0
23212,4,away,808967,0,0,1
23213,1,home,547973,1,0,1
23213,1,home,641329,1,1,0
23213,1,home,671922,1,0,1
23213,1,home,656876,1,0,1
23213,1,home,656641,1,0,1
23213,1,home,686973,1,1,0
23213,1,away,695505,1,1,0
23213,1,away,666200,1,1,0
23213,1,away,661395,1,0,1
23213,1,away,695243,1,1,1
23213,1,away,628452,1,0,1
23213,1,away,808967,1,1,1
23213,2,home,547973,1,1,1
23213,2,home,641329,0,0,1
23213,2,home,671922,1,0,1
23213,2,home,656876,1,1,0
23213,2,home,656641,1,1,1
23213,2,home,686973,0,0,0
23213,2,away,695505,0,0,0
23213,2,away,666200,0,0,0
23213,2,away,661395,1,0,1
23213,2,away,695243,1,1,0
23213,2,away,628452,1,1,0
23213,2,away,808967,1,1,0
23213,3,home,547973,1,0,1
23213,3,home,641329,1,1,0
23213,3,home,671922,1,0,1
23213,3,home,656876,0,0,1
23213,3,home,656641,1,1,1
23213,3,home,686973,0,0,1
23213,3,away,695505,0,0,1
23213,3,away,666200,0,0,1
23213,3,away,661395,1,1,0
23213,3,away,695243,0,0,1
23213,3,away,628452,0,0,1
23213,3,away,808967,0,0,1
23213,4,home,547973,1,0,1
23213,4,home,641329,0,0,1
23213,4,home,671922,1,1,0
23213,4,home,656876,1,1,0
23213,4,home,656641,1,1,0
23213,4,home,686973,1,0,1
23213,4,away,695505,1,1,1
23213,4,away,666200,1,1,1
23213,4,away,661395,0,0,1
23213,4,away,695243,1,1,0
23213,4,away,628452,1,0,1
23213,4,away,808967,1,1,1
23214,1,home,547973,1,0,1
23214,1,home,641329,1,0,1
23214,1,home,671922,1,1,0
23214,1,home,656876,1,1,0
23214,1,home,656641,1,0,1
23214,1,home,686973,1,0,1
23214,1,away,695505,1,1,0
23214,1,away,666200,1,1,0
23214,1,away,661395,1,0,1
23214,1,away,695243,1,1,1
23214,1,away,628452,1,0,1
23214,1,away,808967,1,1,1
23214,2,home,547973,1,1,1
23214,2,home,641329,1,0,1
23214,2,home,671922,0,0,1
23214,2,home,656876,0,0,1
23214,2,home,656641,1,0,1
23214,2,home,686973,1,1,0
23214,2,away,695505,0,0,1
23214,2,away,666200,0,0,1
23214,2,away,661395,1,1,0
23214,2,away,695243,1,1,0
23214,2,away,628452,1,1,0
23214,2,away,808967,1,0,1
23214,3,home,547973,1,1,0
23214,3,home,641329,1,0,1
23214,3,home,671922,1,1,1
23214,3,home,656876,1,0,1
23214,3,home,656641,1,0,1
23214,3,home,686973,0,0,1
23214,3,away,695505,1,0,1
23214,3,away,666200,1,0,1
23214,3,away,661395,0,0,1
23214,3,away,695243,0,0,0
23214,3,away,628452,0,0,1
23214,3,away,808967,1,0,1
23214,4,home,547973,0,0,1
23214,4,home,641329,1,0,1
23214,4,home,671922,1,1,0
23214,4,home,656876,1,1,1
23214,4,home,656641,1,1,1
23214,4,home,686973,1,1,0
23214,4,away,695505,1,1,0
23214,4,away,666200,1,0,1
23214,4,away,661395,1,0,1
23214,4,away,695243,0,0,1
23214,4,away,628452,1,1,0
23214,4,away,808967,1,1,1
23215,1,home,547973,1,0,1
23215,1,home,641329,1,0,1
23215,1,home,671922,1,1,1
23215,1,home,656876,1,1,0
23215,1,home,656641,1,1,0
23215,1,home,686973,1,0,1
23215,1,away,695505,1,1,0
23215,1,away,666200,1,1,0
23215,1,away,661395,1,0,1
23215,1,away,695243,1,1,1
23215,1,away,628452,1,0,1
23215,1,away,808967,1,0,1
23215,2,home,547973,1,1,0
23215,2,home,641329,1,0,1
23215,2,home,671922,1,0,1
23215,2,home,656876,0,0,1
23215,2,home,656641,0,0,1
23215,2,home,686973,1,1,0
23215,2,away,695505,0,0,1
23215,2,away,666200,0,0,1
23215,2,away,661395,1,1,0
23215,2,away,695243,1,1,1
23215,2,away,628452,1,0,1
23215,2,away,808967,1,0,1
23215,3,home,547973,0,0,1
23215,3,home,641329,1,1,0
23215,3,home,671922,1,1,0
23215,3,home,656876,1,1,0
23215,3,home,656641,1,1,0
23215,3,home,686973,0,0,1
23215,3,away,695505,1,1,0
23215,3,away,666200,1,1,0
23215,3,away,661395,0,0,1
23215,3,away,695243,1,1,1
23215,3,away,628452,1,0,1
23215,3,away,808967,1,1,0
23215,4,home,547973,1,1,0
23215,4,home,641329,0,0,1
23215,4,home,671922,0,0,1
23215,4,home,656876,0,0,1
23215,4,home,656641,0,0,1
23215,4,home,686973,1,1,0
23215,4,away,695505,0,0,1
23215,4,away,666200,0,0,1
23215,4,away,661395,1,0,1
23215,4,away,695243,1,1,0
23215,4,away,628452,1,1,0
23215,4,away,808967,0,0,1
23216,1,home,547973,1,1,0
23216,1,home,641329,1,0,1
23216,1,home,671922,1,1,0
23216,1,home,656876,1,1,0
23216,1,home,656641,1,1,0
23216,1,home,686973,1,0,1
23216,1,away,695505,1,1,1
23216,1,away,666200,1,1,0
23216,1,away,661395,1,1,0
23216,1,away,695243,1,1,0
23216,1,away,628452,1,0,1
23216,1,away,808967,1,1,0
23216,2,home,547973,0,0,1
23216,2,home,641329,1,1,0
23216,2,home,671922,0,0,1
23216,2,home,656876,0,0,1
23216,2,home,656641,0,0,1
23216,2,home,686973,1,1,0
23216,2,away,695505,1,1,0
23216,2,away,666200,0,0,1
23216,2,away,661395,0,0,1
23216,2,away,695243,0,0,1
23216,2,away,628452,1,1,1
23216,2,away,808967,0,0,1
23216,3,home,547973,1,0,1
23216,3,home,641329,0,0,1
23216,3,home,671922,1,1,1
23216,3,home,656876,1,1,0
23216,3,home,656641,1,0,1
23216,3,home,686973,0,0,1
23216,3,away,695505,0,0,1
23216,3,away,666200,1,1,0
23216,3,away,661395,1,1,0
23216,3,away,695243,1,1,0
23216,3,away,628452,1,0,1
23216,3,away,808967,1,1,1
23216,4,home,547973,1,1,1
23216,4,home,641329,1,0,1
23216,4,home,671922,1,1,0
23216,4,home,656876,0,0,1
23216,4,home,656641,1,1,1
23216,4,home,686973,1,1,1
23216,4,away,695505,1,1,0
23216,4,away,666200,0,0,1
23216,4,away,661395,0,0,1
23216,4,away,695243,0,0,1
23216,4,away,628452,1,0,1
23216,4,away,808967,1,1,0
23217,1,home,547973,1,0,1
23217,1,home,641329,1,0,1
23217,1,home,671922,1,0,1
23217,1,home,656876,1,0,1
23217,1,home,656641,1,0,1
23217,1,home,686973,1,0,1
23217,1,away,695505,1,0,1
23217,1,away,666200,1,0,1
23217,1,away,661395,1,0,1
23217,1,away,695243,1,0,1
23217,1,away,628452,1,0,1
23217,1,away,808967,1,0,1
23217,2,home,547973,1,0,1
23217,2,home,641329,1,1,0
23217,2,home,671922,1,0,1
23217,2,home,656876,1,0,1
23217,2,home,656641,1,1,0
23217,2,home,686973,1,0,1
23217,2,away,695505,1,1,0
23217,2,away,666200,1,1,1
23217,2,away,661395,1,0,1
23217,2,away,695243,1,1,1
23217,2,away,628452,1,0,1
23217,2,away,808967,1,1,0
23217,3,home,547973,1,1,0
23217,3,home,641329,0,0,1
23217,3,home,671922,1,1,0
23217,3,home,656876,1,1,1
23217,3,home,656641,0,0,1
23217,3,home,686973,1,1,1
23217,3,away,695505,0,0,1
23217,3,away,666200,1,1,0
23217,3,away,661395,1,0,1
23217,3,away,695243,1,1,0
23217,3,away,628452,1,1,0
23217,3,away,808967,0,0,1
23217,4,home,547973,0,0,1
23217,4,home,641329,1,1,0
23217,4,home,671922,0,0,1
23217,4,home,656876,1,1,0
23217,4,home,656641,1,1,1
23217,4,home,686973,1,1,1
23217,4,away,695505,1,1,0
23217,4,away,666200,0,0,1
23217,4,away,661395,1,1,0
23217,4,away,695243,0,0,0
23217,4,away,628452,0,0,1
23217,4,away,808967,1,1,1
23218,1,home,547973,1,1,1
23218,1,home,641329,1,0,1
23218,1,home,671922,1,1,1
23218,1,home,656876,1,0,1
23218,1,home,656641,1,0,1
23218,1,home,686973,1,1,1
23218,1,away,695505,1,1,0
23218,1,away,666200,1,1,1
23218,1,away,661395,1,0,1
23218,1,away,695243,1,1,0
23218,1,away,628452,1,0,1
23218,1,away,808967,1,1,0
23218,2,home,547973,1,1,0
23218,2,home,641329,1,0,1
23218,2,home,671922,1,1,0
23218,2,home,656876,1,0,1
23218,2,home,656641,1,1,0
23218,2,home,686973,1,0,1
23218,2,away,695505,0,0,1
23218,2,away,666200,1,1,0
23218,2,away,661395,1,1,1
23218,2,away,695243,0,0,1
23218,2,away,628452,1,1,1
23218,2,away,808967,0,0,1
23218,3,home,547973,0,0,0
23218,3,home,641329,1,0,1
23218,3,home,671922,0,0,1
23218,3,home,656876,1,0,1
23218,3,home,656641,0,0,1
23218,3,home,686973,1,0,1
23218,3,away,695505,1,0,1
23218,3,away,666200,0,0,0
23218,3,away,661395,1,0,1
23218,3,away,695243,1,0,1
23218,3,away,628452,1,0,1
23218,3,away,808967,1,0,1
23218,4,home,547973,0,0,0
23218,4,home,641329,1,0,1
23218,4,home,671922,1,1,1
23218,4,home,656876,1,1,0
23218,4,home,656641,1,1,0
23218,4,home,686973,1,0,1
23218,4,away,695505,1,1,0
23218,4,away,666200,0,0,1
23218,4,away,661395,1,1,1
23218,4,away,695243,1,1,0
23218,4,away,628452,1,0,1
23218,4,away,808967,1,1,0
23219,1,home,547973,1,1,0
23219,1,home,641329,1,0,1
23219,1,home,671922,1,0,1
23219,1,home,656876,1,1,1
23219,1,home,656641,1,1,0
23219,1,home,686973,1,0,1
23219,1,away,695505,1,1,0
23219,1,away,666200,1,1,0
23219,1,away,661395,1,1,0
23219,1,away,695243,1,1,0
23219,1,away,628452,1,0,1
23219,1,away,808967,1,0,1
23219,2,home,547973,0,0,1
23219,2,home,641329,1,0,1
23219,2,home,671922,1,1,0
23219,2,home,656876,1,1,0
23219,2,home,656641,0,0,1
23219,2,home,686973,1,0,1
23219,2,away,695505,0,0,1
23219,2,away,666200,0,0,1
23219,2,away,661395,0,0,1
23219,2,away,695243,0,0,1
23219,2,away,628452,1,0,1
23219,2,away,808967,1,1,0
23219,3,home,547973,1,0,1
23219,3,home,641329,1,0,1
23219,3,home,671922,0,0,1
23219,3,home,656876,0,0,1
23219,3,home,656641,1,0,1
23219,3,home,686973,1,1,0
23219,3,away,695505,1,1,0
23219,3,away,666200,1,1,0
23219,3,away,661395,1,0,1
23219,3,away,695243,1,1,1
23219,3,away,628452,1,0,1
23219,3,away,808967,0,0,1
23219,4,home,547973,1,0,1
23219,4,home,641329,1,0,1
23219,4,home,671922,1,1,0
23219,4,home,656876,1,1,1
23219,4,home,656641,1,1,0
23219,4,home,686973,0,0,1
23219,4,away,695505,0,0,1
23219,4,away,666200,0,0,1
23219,4,away,661395,1,0,1
23219,4,away,695243,1,1,0
23219,4,away,628452,1,1,0
23219,4,away,808967,1,1,1
23220,1,home,547973,1,1,1
23220,1,home,641329,1,0,1
23220,1,home,671922,1,1,1
23220,1,home,656876,1,1,1
23220,1,home,656641,1,1,0
23220,1,home,686973,1,1,1
23220,1,away,695505,1,1,0
23220,1,away,666200,1,1,1
23220,1,away,661395,1,0,1
23220,1,away,695243,1,1,0
23220,1,away,628452,1,1,1
23220,1,away,808967,1,1,0
23220,2,home,547973,1,1,0
23220,2,home,641329,1,0,1
23220,2,home,671922,1,1,1
23220,2,home,656876,1,1,1
23220,2,home,656641,0,0,1
23220,2,home,686973,1,0,1
23220,2,away,695505,0,0,1
23220,2,away,666200,1,1,0
23220,2,away,661395,1,1,0
23220,2,away,695243,0,0,1
23220,2,away,628452,1,1,1
23220,2,away,808967,0,0,1
23220,3,home,547973,0,0,1
23220,3,home,641329,1,0,1
23220,3,home,671922,1,0,1
23220,3,home,656876,1,1,1
23220,3,home,656641,1,0,1
23220,3,home,686973,1,0,1
23220,3,away,695505,1,1,0
23220,3,away,666200,0,0,1
23220,3,away,661395,0,0,1
23220,3,away,695243,1,0,1
23220,3,away,628452,1,1,0
23220,3,away,808967,1,1,0
23220,4,home,547973,1,1,0
23220,4,home,641329,1,1,0
23220,4,home,671922,1,1,0
23220,4,home,656876,1,1,0
23220,4,home,656641,1,1,0
23220,4,home,686973,1,0,1
23220,4,away,695505,0,0,1
23220,4,away,666200,1,1,0
23220,4,away,661395,1,1,0
23220,4,away,695243,1,1,0
23220,4,away,628452,0,0,1
23220,4,away,808967,0,0,1
23221,1,home,547973,1,0,1
23221,1,home,641329,1,0,1
23221,1,home,671922,1,0,1
23221,1,home,656876,1,1,1
23221,1,home,656641,1,1,1
23221,1,home,686973,1,0,1
23221,1,away,695505,1,1,0
23221,1,away,666200,1,1,1
23221,1,away,661395,1,1,1
23221,1,away,695243,1,1,0
23221,1,away,628452,1,0,1
23221,1,away,808967,1,1,1
23221,2,home,547973,1,0,1
23221,2,home,641329,1,0,1
23221,2,home,671922,1,1,0
23221,2,home,656876,1,0,1
23221,2,home,656641,1,1,1
23221,2,home,686973,1,0,1
23221,2,away,695505,0,0,1
23221,2,away,666200,1,1,0
23221,2,away,661395,1,0,1
23221,2,away,695243,0,0,1
23221,2,away,628452,1,1,0
23221,2,away,808967,1,1,0
23221,3,home,547973,1,1,0
23221,3,home,641329,1,0,1
23221,3,home,671922,0,0,1
23221,3,home,656876,1,1,0
23221,3,home,656641,1,1,0
23221,3,home,686973,1,0,1
23221,3,away,695505,1,1,0
23221,3,away,666200,0,0,1
23221,3,away,661395,1,1,0
23221,3,away,695243,1,1,0
23221,3,away,628452,0,0,1
23221,3,away,808967,0,0,1
23221,4,home,547973,0,0,1
23221,4,home,641329,1,1,0
23221,4,home,671922,1,1,0
23221,4,home,656876,0,0,1
23221,4,home,656641,0,0,1
23221,4,home,686973,1,1,1
23221,4,away,695505,0,0,1
23221,4,away,666200,1,1,0
23221,4,away,661395,0,0,1
23221,4,away,695243,0,0,1
23221,4,away,628452,1,1,1
23221,4,away,808967,1,0,1
23222,1,home,547973,1,0,1
23222,1,home,641329,1,0,1
23222,1,home,671922,1,0,1
23222,1,home,656876,1,1,0
23222,1,home,656641,1,1,0
23222,1,home,686973,1,0,1
23222,1,away,695505,1,1,0
23222,1,away,666200,1,1,1
23222,1,away,661395,1,0,1
23222,1,away,695243,1,1,1
23222,1,away,628452,1,0,1
23222,1,away,808967,1,1,1
23222,2,home,547973,1,1,0
23222,2,home,641329,1,1,0
23222,2,home,671922,1,1,0
23222,2,home,656876,0,0,1
23222,2,home,656641,0,0,1
23222,2,home,686973,1,1,0
23222,2,away,695505,0,0,1
23222,2,away,666200,1,1,1
23222,2,away,661395,1,1,0
23222,2,away,695243,1,1,0
23222,2,away,628452,1,1,1
23222,2,away,808967,1,1,0
23222,3,home,547973,0,0,1
23222,3,home,641329,0,0,1
23222,3,home,671922,0,0,1
23222,3,home,656876,1,1,0
23222,3,home,656641,1,1,0
23222,3,home,686973,0,0,1
23222,3,away,695505,1,1,0
23222,3,away,666200,1,1,1
23222,3,away,661395,0,0,1
23222,3,away,695243,0,0,1
23222,3,away,628452,1,1,1
23222,3,away,808967,0,0,1
23222,4,home,547973,1,1,0
23222,4,home,641329,1,0,1
23222,4,home,671922,1,1,1
23222,4,home,656876,0,0,1
23222,4,home,656641,0,0,1
23222,4,home,686973,1,1,0
23222,4,away,695505,0,0,1
23222,4,away,666200,1,1,0
23222,4,away,661395,1,0,1
23222,4,away,695243,1,1,1
23222,4,away,628452,1,1,0
23222,4,away,808967,1,1,1
23223,1,home,547973,1,0,1
23223,1,home,641329,1,0,1
23223,1,home,671922,1,1,0
23223,1,home,656876,1,1,1
23223,1,home,656641,1,1,0
23223,1,home,686973,1,0,1
23223,1,away,695505,1,1,0
23223,1,away,666200,1,1,0
23223,1,away,661395,1,0,1
23223,1,away,695243,1,1,1
23223,1,away,628452,1,0,1
23223,1,away,808967,1,1,0
23223,2,home,547973,1,0,1
23223,2,home,641329,1,0,1
23223,2,home,671922,0,0,1
23223,2,home,656876,1,1,1
23223,2,home,656641,0,0,1
23223,2,home,686973,1,1,0
23223,2,away,695505,0,0,1
23223,2,away,666200,0,0,1
23223,2,away,661395,1,1,1
23223,2,away,695243,1,1,0
23223,2,away,628452,1,1,0
23223,2,away,808967,0,0,1
23223,3,home,547973,1,1,0
23223,3,home,641329,1,1,0
23223,3,home,671922,1,1,1
23223,3,home,656876,1,0,1
23223,3,home,656641,1,0,1
23223,3,home,686973,0,0,1
23223,3,away,695505,1,1,1
23223,3,away,666200,1,1,0
23223,3,away,661395,1,0,1
23223,3,away,695243,0,0,1
23223,3,away,628452,0,0,1
23223,3,away,808967,1,1,0
23223,4,home,547973,0,0,1
23223,4,home,641329,0,0,1
23223,4,home,671922,1,1,0
23223,4,home,656876,1,1,0
23223,4,home,656641,1,1,1
23223,4,home,686973,1,0,1
23223,4,away,695505,1,1,1
23223,4,away,666200,0,0,1
23223,4,away,661395,1,1,1
23223,4,away,695243,1,1,0
23223,4,away,628452,1,0,1
23223,4,away,808967,0,0,1
23224,1,home,547973,1,0,1
23224,1,home,641329,1,0,1
23224,1,home,671922,1,0,1
23224,1,home,656876,1,0,1
23224,1,home,656641,1,0,1
23224,1,home,686973,1,1,1
23224,1,away,695505,1,1,0
23224,1,away,666200,1,1,0
23224,1,away,661395,1,0,1
23224,1,away,695243,1,1,0
23224,1,away,628452,1,0,1
23224,1,away,808967,1,0,1
23224,2,home,547973,1,1,0
23224,2,home,641329,1,0,1
23224,2,home,671922,1,0,1
23224,2,home,656876,1,1,1
23224,2,home,656641,1,0,1
23224,2,home,686973,1,0,1
23224,2,away,695505,0,0,0
23224,2,away,666200,0,0,1
23224,2,away,661395,1,0,1
23224,2,away,695243,0,0,1
23224,2,away,628452,1,1,0
23224,2,away,808967,1,1,1
23224,3,home,547973,0,0,1
23224,3,home,641329,1,0,1
23224,3,home,671922,1,1,1
23224,3,home,656876,1,1,0
23224,3,home,656641,1,1,0
23224,3,home,686973,1,0,1
23224,3,away,695505,0,0,1
23224,3,away,666200,1,1,1
23224,3,away,661395,1,0,1
23224,3,away,695243,1,1,0
23224,3,away,628452,0,0,1
23224,3,away,808967,1,1,1
23224,4,home,547973,1,1,0
23224,4,home,641329,1,1,0
23224,4,home,671922,1,1,0
23224,4,home,656876,0,0,1
23224,4,home,656641,0,0,1
23224,4,home,686973,1,0,1
23224,4,away,695505,1,1,0
23224,4,away,666200,1,0,1
23224,4,away,661395,1,0,1
23224,4,away,695243,0,0,0
23224,4,away,628452,1,1,0
23224,4,away,808967,1,1,0
23225,1,home,547973,1,1,1
23225,1,home,641329,1,0,1
23225,1,home,671922,1,1,1
23225,1,home,656876,1,1,0
23225,1,home,656641,1,0,1
23225,1,home,686973,1,0,1
23225,1,away,695505,1,1,0
23225,1,away,666200,1,1,0
23225,1,away,661395,1,1,0
23225,1,away,695243,1,1,0
23225,1,away,628452,1,1,0
23225,1,away,808967,1,1,1
23225,2,home,547973,1,0,1
23225,2,home,641329,1,0,1
23225,2,home,671922,1,0,1
23225,2,home,656876,0,0,1
23225,2,home,656641,1,0,1
23225,2,home,686973,1,0,1
23225,2,away,695505,0,0,1
23225,2,away,666200,0,0,1
23225,2,away,661395,0,0,1
23225,2,away,695243,0,0,1
23225,2,away,628452,0,0,1
23225,2,away,808967,1,1,0
23225,3,home,547973,1,0,1
23225,3,home,641329,1,0,1
23225,3,home,671922,1,0,1
23225,3,home,656876,1,0,1
23225,3,home,656641,1,1,0
23225,3,home,686973,1,1,0
23225,3,away,695505,1,1,0
23225,3,away,666200,1,1,0
23225,3,away,661395,1,0,1
23225,3,away,695243,1,0,1
23225,3,away,628452,1,1,1
23225,3,away,808967,0,0,1
23225,4,home,547973,1,1,0
23225,4,home,641329,1,1,1
23225,4,home,671922,1,0,1
23225,4,home,656876,1,0,1
23225,4,home,656641,0,0,1
23225,4,home,686973,0,0,1
23225,4,away,695505,0,0,1
23225,4,away,666200,0,0,1
23225,4,away,661395,1,1,0
23225,4,away,695243,1,1,0
23225,4,away,628452,1,1,1
23225,4,away,808967,1,1,0
23226,1,home,547973,1,1,0
23226,1,home,641329,1,0,1
23226,1,home,671922,1,0,1
23226,1,home,656876,1,0,1
23226,1,home,656641,1,1,0
23226,1,home,686973,1,1,0
23226,1,away,695505,1,1,0
23226,1,away,666200,1,1,1
23226,1,away,661395,1,0,1
23226,1,away,695243,1,1,0
23226,1,away,628452,1,0,1
23226,1,away,808967,1,1,0
23226,2,home,547973,0,0,1
23226,2,home,641329,1,1,1
23226,2,home,671922,1,1,1
23226,2,home,656876,1,1,0
23226,2,home,656641,0,0,1
23226,2,home,686973,0,0,1
23226,2,away,695505,0,0,1
23226,2,away,666200,1,1,0
23226,2,away,661395,1,1,1
23226,2,away,695243,0,0,1
23226,2,away,628452,1,1,1
23226,2,away,808967,0,0,1
23226,3,home,547973,1,1,0
23226,3,home,641329,1,0,1
23226,3,home,671922,1,1,1
23226,3,home,656876,0,0,1
23226,3,home,656641,1,1,0
23226,3,home,686973,1,1,0
23226,3,away,695505,1,1,1
23226,3,away,666200,0,0,1
23226,3,away,661395,1,1,1
23226,3,away,695243,1,0,1
23226,3,away,628452,1,0,1
23226,3,away,808967,1,1,0
23226,4,home,547973,0,0,1
23226,4,home,641329,1,0,1
23226,4,home,671922,1,0,1
23226,4,home,656876,1,0,1
23226,4,home,656641,0,0,1
23226,4,home,686973,0,0,1
23226,4,away,695505,1,0,1
23226,4,away,666200,1,0,1
23226,4,away,661395,1,0,1
23226,4,away,695243,1,0,1
23226,4,away,628452,1,0,1
23226,4,away,808967,0,0,1
23227,1,home,547973,1,0,1
23227,1,home,641329,1,0,1
23227,1,home,671922,1,0,1
23227,1,home,656876,1,0,1
23227,1,home,656641,1,0,1
23227,1,home,686973,1,0,1
23227,1,away,695505,1,0,1
23227,1,away,666200,1,0,1
23227,1,away,661395,1,0,1
23227,1,away,695243,1,0,1
23227,1,away,628452,1,0,1
23227,1,away,808967,1,0,1
23227,2,home,547973,1,0,1
23227,2,home,641329,1,0,1
23227,2,home,671922,1,0,1
23227,2,home,656876,1,1,0
23227,2,home,656641,1,1,0
23227,2,home,686973,1,1,0
23227,2,away,695505,1,1,0
23227,2,away,666200,1,1,0
23227,2,away,661395,1,1,0
23227,2,away,695243,1,1,0
23227,2,away,628452,1,0,1
23227,2,away,808967,1,0,1
23227,3,home,547973,1,1,0
23227,3,home,641329,1,1,0
23227,3,home,671922,1,1,0
23227,3,home,656876,0,0,1
23227,3,home,656641,0,0,1
23227,3,home,686973,0,0,1
23227,3,away,695505,0,0,1
23227,3,away,666200,0,0,1
23227,3,away,661395,0,0,1
23227,3,away,695243,0,0,0
23227,3,away,628452,1,1,0
23227,3,away,808967,1,1,0
23227,4,home,547973,0,0,1
23227,4,home,641329,0,0,0
23227,4,home,671922,0,0,1
23227,4,home,656876,1,1,0
23227,4,home,656641,1,1,0
23227,4,home,686973,1,1,0
23227,4,away,695505,1,1,0
23227,4,away,666200,1,1,0
23227,4,away,661395,1,1,0
23227,4,away,695243,0,0,0
23227,4,away,628452,0,0,1
23227,4,away,808967,0,0,1
23228,1,home,547973,1,1,1
23228,1,home,641329,1,0,1
23228,1,home,671922,1,0,1
23228,1,home,656876,1,1,0
23228,1,home,656641,1,1,0
23228,1,home,686973,1,0,1
23228,1,away,695505,1,1,1
23228,1,away,666200,1,1,1
23228,1,away,661395,1,0,1
23228,1,away,695243,1,1,0
23228,1,away,628452,1,0,1
23228,1,away,808967,1,1,0
23228,2,home,547973,1,1,0
23228,2,home,641329,1,0,1
23228,2,home,671922,1,1,0
23228,2,home,656876,0,0,1
23228,2,home,656641,0,0,1
23228,2,home,686973,1,1,0
23228,2,away,695505,1,1,1
23228,2,away,666200,1,1,0
23228,2,away,661395,1,1,1
23228,2,away,695243,0,0,1
23228,2,away,628452,1,1,0
23228,2,away,808967,0,0,1
23228,3,home,547973,0,0,1
23228,3,home,641329,1,1,0
23228,3,home,671922,0,0,0
23228,3,home,656876,1,1,1
23228,3,home,656641,1,1,0
23228,3,home,686973,0,0,1
23228,3,away,695505,1,1,1
23228,3,away,666200,0,0,0
23228,3,away,661395,1,0,1
23228,3,away,695243,1,1,0
23228,3,away,628452,0,0,1
23228,3,away,808967,1,1,0
23228,4,home,547973,1,1,0
23228,4,home,641329,0,0,0
23228,4,home,671922,0,0,1
23228,4,home,656876,1,1,1
23228,4,home,656641,0,0,1
23228,4,home,686973,1,1,0
23228,4,away,695505,1,0,1
23228,4,away,666200,0,0,1
23228,4,away,661395,1,1,0
23228,4,away,695243,0,0,1
23228,4,away,628452,1,1,0
23228,4,away,808967,0,0,1
23229,1,home,547973,1,1,1
23229,1,home,641329,1,0,1
23229,1,home,671922,1,1,0
23229,1,home,656876,1,1,1
23229,1,home,656641,1,1,0
23229,1,home,686973,1,0,1
23229,1,away,695505,1,1,0
23229,1,away,666200,1,1,1
23229,1,away,661395,1,1,0
23229,1,away,695243,1,1,1
23229,1,away,628452,1,1,0
23229,1,away,808967,1,1,0
23229,2,home,547973,1,0,1
23229,2,home,641329,1,0,1
23229,2,home,671922,0,0,1
23229,2,home,656876,1,0,1
23229,2,home,656641,0,0,1
23229,2,home,686973,1,0,1
23229,2,away,695505,0,0,1
23229,2,away,666200,1,0,1
23229,2,away,661395,0,0,1
23229,2,away,695243,1,0,1
23229,2,away,628452,0,0,1
23229,2,away,808967,0,0,1
23229,3,home,547973,1,0,1
23229,3,home,641329,1,1,0
23229,3,home,671922,1,0,1
23229,3,home,656876,1,0,1
23229,3,home,656641,1,1,1
23229,3,home,686973,1,0,1
23229,3,away,695505,1,1,1
23229,3,away,666200,1,1,0
23229,3,away,661395,1,0,1
23229,3,away,695243,1,1,0
23229,3,away,628452,1,0,1
23229,3,away,808967,1,1,1
23229,4,home,547973,1,0,1
23229,4,home,641329,0,0,1
23229,4,home,671922,1,0,1
23229,4,home,656876,1,0,1
23229,4,home,656641,1,0,1
23229,4,home,686973,1,1,1
23229,4,away,695505,1,1,1
23229,4,away,666200,0,0,1
23229,4,away,661395,1,0,1
23229,4,away,695243,0,0,1
23229,4,away,628452,1,1,0
23229,4,away,808967,1,1,1
23230,1,home,547973,1,0,1
23230,1,home,641329,1,0,1
23230,1,home,671922,1,0,1
23230,1,home,656876,1,0,1
23230,1,home,656641,1,0,1
23230,1,home,686973,1,0,1
23230,1,away,695505,1,0,1
23230,1,away,666200,1,0,1
23230,1,away,661395,1,0,1
23230,1,away,695243,1,0,1
23230,1,away,628452,1,0,1
23230,1,away,808967,1,0,1
23230,2,home,547973,1,0,1
23230,2,home,641329,1,0,1
23230,2,home,671922,1,1,0
23230,2,home,656876,1,1,0
23230,2,home,656641,1,1,1
23230,2,home,686973,1,0,1
23230,2,away,695505,1,1,0
23230,2,away,666200,1,1,0
23230,2,away,661395,1,0,1
23230,2,away,695243,1,1,0
23230,2,away,628452,1,0,1
23230,2,away,808967,1,0,1
23230,3,home,547973,1,1,0
23230,3,home,641329,1,1,0
23230,3,home,671922,0,0,1
23230,3,home,656876,0,0,1
23230,3,home,656641,1,1,1
23230,3,home,686973,1,1,0
23230,3,away,695505,0,0,1
23230,3,away,666200,0,0,1
23230,3,away,661395,1,1,1
23230,3,away,695243,0,0,1
23230,3,away,628452,1,1,0
23230,3,away,808967,1,1,0
23230,4,home,547973,0,0,1
23230,4,home,641329,0,0,1
23230,4,home,671922,1,1,1
23230,4,home,656876,1,1,1
23230,4,home,656641,1,1,0
23230,4,home,686973,0,0,1
23230,4,away,695505,1,1,0
23230,4,away,666200,1,1,0
23230,4,away,661395,1,1,0
23230,4,away,695243,1,0,1
23230,4,away,628452,0,0,1
23230,4,away,808967,0,0,1
23231,1,home,547973,1,0,1
23231,1,home,641329,1,0,1
23231,1,home,671922,1,1,0
23231,1,home,656876,1,1,0
23231,1,home,656641,1,0,1
23231,1,home,686973,1,0,1
23231,1,away,695505,1,1,1
23231,1,away,666200,1,1,0
23231,1,away,661395,1,0,1
23231,1,away,695243,1,1,0
23231,1,away,628452,1,0,1
23231,1,away,808967,1,0,1
23231,2,home,547973,1,1,0
23231,2,home,641329,1,1,0
23231,2,home,671922,0,0,1
23231,2,home,656876,0,0,0
23231,2,home,656641,1,1,0
23231,2,home,686973,1,1,0
23231,2,away,695505,1,1,1
23231,2,away,666200,0,0,1
23231,2,away,661395,1,1,0
23231,2,away,695243,0,0,1
23231,2,away,628452,1,0,1
23231,2,away,808967,1,1,1
23231,3,home,547973,0,0,1
23231,3,home,641329,0,0,1
23231,3,home,671922,1,1,1
23231,3,home,656876,0,0,1
23231,3,home,656641,0,0,1
23231,3,home,686973,0,0,1
23231,3,away,695505,1,1,0
23231,3,away,666200,1,1,1
23231,3,away,661395,0,0,1
23231,3,away,695243,1,0,1
23231,3,away,628452,1,0,1
23231,3,away,808967,1,0,1
23231,4,home,547973,1,0,1
23231,4,home,641329,1,1,0
23231,4,home,671922,1,1,0
23231,4,home,656876,1,1,1
23231,4,home,656641,1,0,1
23231,4,home,686973,1,1,0
23231,4,away,695505,0,0,1
23231,4,away,666200,1,1,0
23231,4,away,661395,1,1,0
23231,4,away,695243,1,1,1
23231,4,away,628452,1,0,1
23231,4,away,808967,1,1,1
23232,1,home,547973,1,1,0
23232,1,home,641329,1,0,1
23232,1,home,671922,1,1,1
23232,1,home,656876,1,1,0
23232,1,home,656641,1,0,1
23232,1,home,686973,1,0,1
23232,1,away,695505,1,1,1
23232,1,away,666200,1,1,0
23232,1,away,661395,1,0,1
23232,1,away,695243,1,1,1
23232,1,away,628452,1,0,1
23232,1,away,808967,1,1,1
23232,2,home,547973,0,0,1
23232,2,home,641329,1,1,1
23232,2,home,671922,1,0,1
23232,2,home,656876,0,0,1
23232,2,home,656641,1,0,1
23232,2,home,686973,1,1,0
23232,2,away,695505,1,1,1
23232,2,away,666200,0,0,1
23232,2,away,661395,1,0,1
23232,2,away,695243,1,0,1
23232,2,away,628452,1,0,1
23232,2,away,808967,1,0,1
23232,3,home,547973,1,1,0
23232,3,home,641329,1,1,0
23232,3,home,671922,1,1,1
23232,3,home,656876,1,1,0
23232,3,home,656641,1,1,0
23232,3,home,686973,0,0,1
23232,3,away,695505,1,1,1
23232,3,away,666200,1,1,1
23232,3,away,661395,1,0,1
23232,3,away,695243,1,1,0
23232,3,away,628452,1,0,1
23232,3,away,808967,1,1,0
23232,4,home,547973,0,0,0
23232,4,home,641329,0,0,1
23232,4,home,671922,1,1,0
23232,4,home,656876,0,0,1
23232,4,home,656641,0,0,0
23232,4,home,686973,1,1,0
23232,4,away,695505,1,1,0
23232,4,away,666200,1,1,1
23232,4,away,661395,1,0,1
23232,4,away,695243,0,0,1
23232,4,away,628452,1,0,1
23232,4,away,808967,0,0,1
23233,1,home,547973,1,0,1
23233,1,home,641329,1,1,1
23233,1,home,671922,1,0,1
23233,1,home,656876,1,0,1
23233,1,home,656641,1,0,1
23233,1,home,686973,1,0,1
23233,1,away,695505,1,1,0
23233,1,away,666200,1,1,0
23233,1,away,661395,1,0,1
23233,1,away,695243,1,1,0
23233,1,away,628452,1,0,1
23233,1,away,808967,1,1,1
23233,2,home,547973,1,0,1
23233,2,home,641329,1,0,1
23233,2,home,671922,1,1,0
23233,2,home,656876,1,1,1
23233,2,home,656641,1,1,1
23233,2,home,686973,1,0,1
23233,2,away,695505,0,0,1
23233,2,away,666200,0,0,1
23233,2,away,661395,1,1,0
23233,2,away,695243,0,0,1
23233,2,away,628452,1,1,0
23233,2,away,808967,1,1,0
23233,3,home,547973,1,1,0
23233,3,home,641329,1,1,0
23233,3,home,671922,0,0,0
23233,3,home,656876,1,1,1
23233,3,home,656641,1,1,1
23233,3,home,686973,1,1,1
23233,3,away,695505,1,1,0
23233,3,away,666200,1,1,0
23233,3,away,661395,0,0,1
23233,3,away,695243,1,1,0
23233,3,away,628452,0,0,1
23233,3,away,808967,0,0,1
23233,4,home,547973,0,0,1
23233,4,home,641329,0,0,0
23233,4,home,671922,0,0,1
23233,4,home,656876,1,0,1
23233,4,home,656641,1,0,1
23233,4,home,686973,1,0,1
23233,4,away,695505,0,0,1
23233,4,away,666200,0,0,1
23233,4,away,661395,1,1,0
23233,4,away,695243,0,0,1
23233,4,away,628452,1,0,1
23233,4,away,808967,1,1,1
23234,1,home,547973,1,0,1
23234,1,home,641329,1,0,1
23234,1,home,671922,1,0,1
23234,1,home,656876,1,0,1
23234,1,home,656641,1,1,1
23234,1,home,686973,1,0,1
23234,1,away,695505,1,1,1
23234,1,away,666200,1,1,0
23234,1,away,661395,1,0,1
23234,1,away,695243,1,1,0
23234,1,away,628452,1,0,1
23234,1,away,808967,1,1,0
23234,2,home,547973,1,1,0
23234,2,home,641329,1,1,1
23234,2,home,671922,1,0,1
23234,2,home,656876,1,1,0
23234,2,home,656641,1,0,1
23234,2,home,686973,1,0,1
23234,2,away,695505,1,1,0
23234,2,away,666200,0,0,1
23234,2,away,661395,1,1,0
23234,2,away,695243,0,0,1
23234,2,away,628452,1,1,0
23234,2,away,808967,0,0,1
23234,3,home,547973,0,0,1
23234,3,home,641329,1,0,1
23234,3,home,671922,1,0,1
23234,3,home,656876,0,0,1
23234,3,home,656641,1,1,1
23234,3,home,686973,1,0,1
23234,3,away,695505,0,0,1
23234,3,away,666200,1,0,1
23234,3,away,661395,0,0,1
23234,3,away,695243,1,1,0
23234,3,away,628452,0,0,0
23234,3,away,808967,1,1,0
23234,4,home,547973,1,0,1
23234,4,home,641329,1,0,1
23234,4,home,671922,1,0,1
23234,4,home,656876,1,0,1
23234,4,home,656641,1,0,1
23234,4,home,686973,1,1,0
23234,4,away,695505,1,1,0
23234,4,away,666200,1,1,0
23234,4,away,661395,1,0,1
23234,4,away,695243,0,0,1
23234,4,away,628452,0,0,1
23234,4,away,808967,0,0,1
23235,1,home,547973,1,0,1
23235,1,home,641329,1,1,0
23235,1,home,671922,1,0,1
23235,1,home,656876,1,1,1
23235,1,home,656641,1,1,0
23235,1,home,686973,1,0,1
23235,1,away,695505,1,1,0
23235,1,away,666200,1,1,0
23235,1,away,661395,1,0,1
23235,1,away,695243,1,1,0
23235,1,away,628452,1,0,1
23235,1,away,808967,1,1,0
23235,2,home,547973,1,1,0
23235,2,home,641329,0,0,1
23235,2,home,671922,1,1,0
23235,2,home,656876,1,1,0
23235,2,home,656641,0,0,1
23235,2,home,686973,1,0,1
23235,2,away,695505,0,0,1
23235,2,away,666200,0,0,1
23235,2,away,661395,1,1,0
23235,2,away,695243,0,0,1
23235,2,away,628452,1,1,1
23235,2,away,808967,0,0,1
23235,3,home,547973,0,0,1
23235,3,home,641329,1,1,0
23235,3,home,671922,0,0,1
23235,3,home,656876,0,0,1
23235,3,home,656641,1,1,0
23235,3,home,686973,1,1,0
23235,3,away,695505,1,1,0
23235,3,away,666200,1,1,1
23235,3,away,661395,0,0,0
23235,3,away,695243,1,1,1
23235,3,away,628452,1,0,1
23235,3,away,808967,1,1,0
23235,4,home,547973,1,1,0
23235,4,home,641329,0,0,1
23235,4,home,671922,1,1,0
23235,4,home,656876,1,1,1
23235,4,home,656641,0,0,1
23235,4,home,686973,0,0,1
23235,4,away,695505,0,0,1
23235,4,away,666200,1,1,0
23235,4,away,661395,0,0,1
23235,4,away,695243,1,1,0
23235,4,away,628452,1,1,1
23235,4,away,808967,0,0,1
23236,1,home,547973,1,0,1
23236,1,home,641329,1,1,0
23236,1,home,671922,1,0,1
23236,1,home,656876,1,1,0
23236,1,home,656641,1,0,1
23236,1,home,686973,1,1,0
23236,1,away,695505,1,1,0
23236,1,away,666200,1,1,0
23236,1,away,661395,1,0,1
23236,1,away,695243,1,1,0
23236,1,away,628452,1,0,1
23236,1,away,808967,1,1,1
23236,2,home,547973,1,0,1
23236,2,home,641329,0,0,0
23236,2,home,671922,1,1,0
23236,2,home,656876,0,0,1
23236,2,home,656641,1,1,0
23236,2,home,686973,0,0,1
23236,2,away,695505,0,0,1
23236,2,away,666200,0,0,1
23236,2,away,661395,1,1,0
23236,2,away,695243,0,0,1
23236,2,away,628452,1,1,0
23236,2,away,808967,1,0,1
23236,3,home,547973,1,0,1
23236,3,home,641329,0,0,1
23236,3,home,671922,0,0,0
23236,3,home,656876,1,1,1
23236,3,home,656641,0,0,1
23236,3,home,686973,1,1,0
23236,3,away,695505,1,1,1
23236,3,away,666200,1,1,0
23236,3,away,661395,0,0,1
23236,3,away,695243,1,1,0
23236,3,away,628452,0,0,1
23236,3,away,808967,1,0,1
23236,4,home,547973,1,0,1
23236,4,home,641329,1,1,1
23236,4,home,671922,0,0,1
23236,4,home,656876,1,0,1
23236,4,home,656641,1,1,0
23236,4,home,686973,0,0,1
23236,4,away,695505,1,1,0
23236,4,away,666200,0,0,1
23236,4,away,661395,1,1,0
23236,4,away,695243,0,0,0
23236,4,away,628452,1,0,1
23236,4,away,808967,1,1,1
23237,1,home,547973,1,0,1
23237,1,home,641329,1,0,1
23237,1,home,671922,1,0,1
23237,1,home,656876,1,1,0
23237,1,home,656641,1,1,1
23237,1,home,686973,1,0,1
23237,1,away,695505,1,1,0
23237,1,away,666200,1,1,0
23237,1,away,661395,1,0,1
23237,1,away,695243,1,1,0
23237,1,away,628452,1,0,1
23237,1,away,808967,1,1,1
23237,2,home,547973,1,0,1
23237,2,home,641329,1,0,1
23237,2,home,671922,1,0,1
23237,2,home,656876,0,0,1
23237,2,home,656641,1,0,1
23237,2,home,686973,1,0,1
23237,2,away,695505,0,0,1
23237,2,away,666200,0,0,1
23237,2,away,661395,1,0,1
23237,2,away,695243,0,0,1
23237,2,away,628452,1,0,1
23237,2,away,808967,1,0,1
23237,3,home,547973,1,0,1
23237,3,home,641329,1,0,1
23237,3,home,671922,1,1,0
23237,3,home,656876,1,1,0
23237,3,home,656641,1,0,1
23237,3,home,686973,1,0,1
23237,3,away,695505,1,1,0
23237,3,away,666200,1,1,0
23237,3,away,661395,1,1,1
23237,3,away,695243,1,0,1
23237,3,away,628452,1,0,1
23237,3,away,808967,1,1,0
23237,4,home,547973,1,0,1
23237,4,home,641329,1,0,1
23237,4,home,671922,0,0,1
23237,4,home,656876,0,0,1
23237,4,home,656641,1,0,1
23237,4,home,686973,1,0,1
23237,4,away,695505,0,0,1
23237,4,away,666200,0,0,1
23237,4,away,661395,1,0,1
23237,4,away,695243,1,0,1
23237,4,away,628452,1,0,1
23237,4,away,808967,0,0,1
23238,1,home,547973,1,0,1
23238,1,home,641329,1,0,1
23238,1,home,671922,1,0,1
23238,1,home,656876,1,1,1
23238,1,home,656641,1,1,1
23238,1,home,686973,1,0,1
23238,1,away,695505,1,0,1
23238,1,away,666200,1,0,1
23238,1,away,661395,1,0,1
23238,1,away,695243,1,1,1
23238,1,away,628452,1,0,1
23238,1,away,808967,1,0,1
23238,2,home,547973,1,1,0
23238,2,home,641329,1,0,1
23238,2,home,671922,1,1,1
23238,2,home,656876,1,1,1
23238,2,home,656641,1,0,1
23238,2,home,686973,1,0,1
23238,2,away,695505,1,1,0
23238,2,away,666200,1,1,1
23238,2,away,661395,1,0,1
23238,2,away,695243,1,1,0
23238,2,away,628452,1,0,1
23238,2,away,808967,1,1,0
23238,3,home,547973,0,0,1
23238,3,home,641329,1,1,0
23238,3,home,671922,1,1,0
23238,3,home,656876,1,1,0
23238,3,home,656641,1,1,0
23238,3,home,686973,1,1,0
23238,3,away,695505,0,0,1
23238,3,away,666200,1,1,0
23238,3,away,661395,1,1,0
23238,3,away,695243,0,0,1
23238,3,away,628452,1,1,1
23238,3,away,808967,0,0,1
23238,4,home,547973,1,1,1
23238,4,home,641329,0,0,1
23238,4,home,671922,0,0,1
23238,4,home,656876,0,0,1
23238,4,home,656641,0,0,1
23238,4,home,686973,0,0,1
23238,4,away,695505,1,1,0
23238,4,away,666200,0,0,1
23238,4,away,661395,0,0,1
23238,4,away,695243,1,1,1
23238,4,away,628452,1,0,1
23238,4,away,808967,1,1,0
23239,1,home,547973,1,0,1
23239,1,home,641329,1,0,1
23239,1,home,671922,1,0,1
23239,1,home,656876,1,1,0
23239,1,home,656641,1,1,0
23239,1,home,686973,1,1,0
23239,1,away,695505,1,1,0
23239,1,away,666200,1,1,0
23239,1,away,661395,1,0,1
23239,1,away,695243,1,1,0
23239,1,away,628452,1,0,1
23239,1,away,808967,1,1,0
23239,2,home,547973,1,0,1
23239,2,home,641329,1,1,1
23239,2,home,671922,1,1,0
23239,2,home,656876,0,0,1
23239,2,home,656641,0,0,1
23239,2,home,686973,0,0,0
23239,2,away,695505,0,0,1
23239,2,away,666200,0,0,1
23239,2,away,661395,1,1,0
23239,2,away,695243,0,0,1
23239,2,away,628452,1,1,1
23239,2,away,808967,0,0,1
23239,3,home,547973,1,0,1
23239,3,home,641329,1,0,1
23239,3,home,671922,0,0,1
23239,3,home,656876,1,1,0
23239,3,home,656641,1,1,0
23239,3,home,686973,0,0,1
23239,3,away,695505,1,0,1
23239,3,away,666200,1,1,0
23239,3,away,661395,0,0,1
23239,3,away,695243,1,1,0
23239,3,away,628452,1,1,1
23239,3,away,808967,1,0,1
23239,4,home,547973,1,1,0
23239,4,home,641329,1,0,1
23239,4,home,671922,1,0,1
23239,4,home,656876,0,0,1
23239,4,home,656641,0,0,1
23239,4,home,686973,1,1,0
23239,4,away,695505,1,1,0
23239,4,away,666200,0,0,1
23239,4,away,661395,1,1,0
23239,4,away,695243,0,0,1
23239,4,away,628452,1,1,0
23239,4,away,808967,1,1,0
23240,1,home,547973,1,1,0
23240,1,home,641329,1,0,1
23240,1,home,671922,1,1,1
23240,1,home,656876,1,1,1
23240,1,home,656641,1,0,1
23240,1,home,686973,1,0,1
23240,1,away,695505,1,1,0
23240,1,away,666200,1,1,0
23240,1,away,661395,1,0,1
23240,1,away,695243,1,1,0
23240,1,away,628452,1,0,1
23240,1,away,808967,1,1,0
23240,2,home,547973,0,0,1
23240,2,home,641329,1,0,1
23240,2,home,671922,1,1,0
23240,2,home,656876,1,0,1
23240,2,home,656641,1,1,0
23240,2,home,686973,1,1,0
23240,2,away,695505,0,0,1
23240,2,away,666200,0,0,1
23240,2,away,661395,1,1,0
23240,2,away,695243,0,0,1
23240,2,away,628452,1,1,1
23240,2,away,808967,0,0,1
23240,3,home,547973,1,1,0
23240,3,home,641329,1,0,1
23240,3,home,671922,0,0,1
23240,3,home,656876,1,1,0
23240,3,home,656641,0,0,1
23240,3,home,686973,0,0,1
23240,3,away,695505,1,1,0
23240,3,away,666200,1,1,0
23240,3,away,661395,0,0,1
23240,3,away,695243,1,1,0
23240,3,away,628452,1,0,1
23240,3,away,808967,1,0,1
23240,4,home,547973,0,0,1
23240,4,home,641329,1,0,1
23240,4,home,671922,1,1,0
23240,4,home,656876,0,0,1
23240,4,home,656641,1,1,0
23240,4,home,686973,1,0,1
23240,4,away,695505,0,0,1
23240,4,away,666200,0,0,1
23240,4,away,661395,1,0,1
23240,4,away,695243,0,0,1
23240,4,away,628452,1,1,0
23240,4,away,808967,1,1,0
23241,1,home,547973,1,0,1
23241,1,home,641329,1,0,1
23241,1,home,671922,1,0,1
23241,1,home,656876,1,1,0
23241,1,home,656641,1,1,0
23241,1,home,686973,1,1,1
23241,1,away,695505,1,1,0
23241,1,away,666200,1,1,1
23241,1,away,661395,1,0,1
23241,1,away,695243,1,1,1
23241,1,away,628452,1,0,1
23241,1,away,808967,1,1,0
23241,2,home,547973,1,0,1
23241,2,home,641329,1,1,1
23241,2,home,671922,1,0,1
23241,2,home,656876,0,0,1
23241,2,home,656641,0,0,1
23241,2,home,686973,1,1,0
23241,2,away,695505,0,0,1
23241,2,away,666200,1,1,0
23241,2,away,661395,1,1,1
23241,2,away,695243,1,1,0
23241,2,away,628452,1,1,0
23241,2,away,808967,0,0,1
23241,3,home,547973,1,0,1
23241,3,home,641329,1,1,1
23241,3,home,671922,1,0,1
23241,3,home,656876,1,0,1
23241,3,home,656641,1,1,0
23241,3,home,686973,0,0,1
23241,3,away,695505,1,0,1
23241,3,away,666200,0,0,1
23241,3,away,661395,1,1,0
23241,3,away,695243,0,0,1
23241,3,away,628452,0,0,1
23241,3,away,808967,1,1,0
23241,4,home,547973,1,0,1
23241,4,home,641329,1,0,1
23241,4,home,671922,1,1,1
23241,4,home,656876,1,0,1
23241,4,home,656641,0,0,1
23241,4,home,686973,1,1,1
23241,4,away,695505,1,1,0
23241,4,away,666200,1,0,1
23241,4,away,661395,0,0,1
23241,4,away,695243,1,0,1
23241,4,away,628452,1,0,1
23241,4,away,808967,0,0,1
23242,1,home,547973,1,0,1
23242,1,home,641329,1,0,1
23242,1,home,671922,1,0,1
23242,1,home,656876,1,1,0
23242,1,home,656641,1,1,0
23242,1,home,686973,1,0,1
23242,1,away,695505,1,1,1
23242,1,away,666200,1,1,0
23242,1,away,661395,1,0,1
23242,1,away,695243,1,1,0
23242,1,away,628452,1,0,1
23242,1,away,808967,1,0,1
23242,2,home,547973,1,0,1
23242,2,home,641329,1,0,1
23242,2,home,671922,1,0,1
23242,2,home,656876,0,0,1
23242,2,home,656641,0,0,1
23242,2,home,686973,1,1,0
23242,2,away,695505,1,1,0
23242,2,away,666200,0,0,1
23242,2,away,661395,1,1,0
23242,2,away,695243,0,0,1
23242,2,away,628452,1,1,0
23242,2,away,808967,1,0,1
23242,3,home,547973,1,1,0
23242,3,home,641329,1,1,1
23242,3,home,671922,1,1,1
23242,3,home,656876,1,1,0
23242,3,home,656641,1,1,1
23242,3,home,686973,0,0,1
23242,3,away,695505,0,0,1
23242,3,away,666200,1,1,0
23242,3,away,661395,0,0,1
23242,3,away,695243,1,1,1
23242,3,away,628452,0,0,1
23242,3,away,808967,1,1,0
23242,4,home,547973,0,0,1
23242,4,home,641329,1,1,0
23242,4,home,671922,1,0,1
23242,4,home,656876,0,0,1
23242,4,home,656641,1,0,1
23242,4,home,686973,1,1,1
23242,4,away,695505,1,1,0
23242,4,away,666200,0,0,1
23242,4,away,661395,1,1,0
23242,4,away,695243,1,1,0
23242,4,away,628452,1,1,0
23242,4,away,808967,0,0,0
23243,1,home,547973,1,0,1
23243,1,home,641329,1,0,1
23243,1,home,671922,1,0,1
23243,1,home,656876,1,0,1
23243,1,home,656641,1,1,0
23243,1,home,686973,1,1,1
23243,1,away,695505,1,1,0
23243,1,away,666200,1,1,0
23243,1,away,661395,1,0,1
23243,1,away,695243,1,0,1
23243,1,away,628452,1,1,1
23243,1,away,808967,1,1,0
23243,2,home,547973,1,0,1
23243,2,home,641329,1,1,0
23243,2,home,671922,1,0,1
23243,2,home,656876,1,0,1
23243,2,home,656641,0,0,1
23243,2,home,686973,1,1,0
23243,2,away,695505,0,0,1
23243,2,away,666200,0,0,1
23243,2,away,661395,1,1,1
23243,2,away,695243,1,0,1
23243,2,away,628452,1,1,1
23243,2,away,808967,0,0,0
23243,3,home,547973,1,1,1
23243,3,home,641329,0,0,1
23243,3,home,671922,1,1,1
23243,3,home,656876,1,1,0
23243,3,home,656641,1,1,0
23243,3,home,686973,0,0,1
23243,3,away,695505,1,1,0
23243,3,away,666200,1,1,1
23243,3,away,661395,1,0,1
23243,3,away,695243,1,1,1
23243,3,away,628452,1,0,1
23243,3,away,808967,0,0,1
23243,4,home,547973,1,0,1
23243,4,home,641329,1,0,1
23243,4,home,671922,1,0,1
23243,4,home,656876,0,0,1
23243,4,home,656641,0,0,1
23243,4,home,686973,1,1,1
23243,4,away,695505,0,0,1
23243,4,away,666200,1,1,1
23243,4,away,661395,1,0,1
23243,4,away,695243,1,0,1
23243,4,away,628452,1,1,1
23243,4,away,808967,1,0,1
23244,1,home,547973,1,0,1
23244,1,home,641329,1,0,1
23244,1,home,671922,1,0,1
23244,1,home,656876,1,0,1
23244,1,home,656641,1,0,1
23244,1,home,686973,1,0,1
23244,1,away,695505,1,0,1
23244,1,away,666200,1,0,1
23244,1,away,661395,1,0,1
23244,1,away,695243,1,0,1
23244,1,away,628452,1,0,1
23244,1,away,808967,1,1,0
23244,2,home,547973,1,1,0
23244,2,home,641329,1,1,1
23244,2,home,671922,1,1,1
23244,2,home,656876,1,0,1
23244,2,home,656641,1,0,1
23244,2,home,686973,1,0,1
23244,2,away,695505,1,1,1
23244,2,away,666200,1,1,0
23244,2,away,661395,1,1,0
23244,2,away,695243,1,1,0
23244,2,away,628452,1,1,0
23244,2,away,808967,0,0,1
23244,3,home,547973,0,0,1
23244,3,home,641329,1,0,1
23244,3,home,671922,1,0,1
23244,3,home,656876,1,1,0
23244,3,home,656641,1,1,0
23244,3,home,686973,1,0,1
23244,3,away,695505,1,1,1
23244,3,away,666200,0,0,0
23244,3,away,661395,0,0,1
23244,3,away,695243,0,0,1
23244,3,away,628452,0,0,1
23244,3,away,808967,1,1,0
23244,4,home,547973,1,1,0
23244,4,home,641329,1,0,1
23244,4,home,671922,1,1,1
23244,4,home,656876,0,0,1
23244,4,home,656641,0,0,0
23244,4,home,686973,1,1,1
23244,4,away,695505,1,1,0
23244,4,away,666200,0,0,1
23244,4,away,661395,1,1,1
23244,4,away,695243,1,1,0
23244,4,away,628452,1,0,1
23244,4,away,808967,0,0,1
23245,1,home,547973,1,1,1
23245,1,home,641329,1,0,1
23245,1,home,671922,1,0,1
23245,1,home,656876,1,0,1
23245,1,home,656641,1,0,1
23245,1,home,686973,1,1,0
23245,1,away,695505,1,1,0
23245,1,away,666200,1,1,0
23245,1,away,661395,1,1,0
23245,1,away,695243,1,1,0
23245,1,away,628452,1,0,1
23245,1,away,808967,1,1,1
23245,2,home,547973,1,0,1
23245,2,home,641329,1,1,0
23245,2,home,671922,1,0,1
23245,2,home,656876,1,0,1
23245,2,home,656641,1,0,1
23245,2,home,686973,0,0,1
23245,2,away,695505,0,0,1
23245,2,away,666200,0,0,1
23245,2,away,661395,0,0,1
23245,2,away,695243,0,0,1
23245,2,away,628452,1,1,0
23245,2,away,808967,1,1,0
23245,3,home,547973,1,1,0
23245,3,home,641329,0,0,1
23245,3,home,671922,1,0,1
23245,3,home,656876,1,1,1
23245,3,home,656641,1,1,0
23245,3,home,686973,1,0,1
23245,3,away,695505,1,0,1
23245,3,away,666200,1,1,1
23245,3,away,661395,1,1,1
23245,3,away,695243,1,1,0
23245,3,away,628452,0,0,1
23245,3,away,808967,0,0,1
23245,4,home,547973,0,0,1
23245,4,home,641329,1,0,1
23245,4,home,671922,1,1,0
23245,4,home,656876,1,1,0
23245,4,home,656641,0,0,1
23245,4,home,686973,1,0,1
23245,4,away,695505,1,1,0
23245,4,away,666200,1,1,0
23245,4,away,661395,1,0,1
23245,4,away,695243,0,0,1
23245,4,away,628452,1,1,0
23245,4,away,808967,1,1,0
23246,1,home,547973,1,0,1
23246,1,home,641329,1,1,0
23246,1,home,671922,1,0,1
23246,1,home,656876,1,0,1
23246,1,home,656641,1,1,0
23246,1,home,686973,1,0,1
23246,1,away,695505,1,1,0
23246,1,away,666200,1,1,0
23246,1,away,661395,1,0,1
23246,1,away,695243,1,0,1
23246,1,away,628452,1,0,1
23246,1,away,808967,1,1,1
23246,2,home,547973,1,0,1
23246,2,home,641329,0,0,1
23246,2,home,671922,1,1,0
23246,2,home,656876,1,1,0
23246,2,home,656641,0,0,1
23246,2,home,686973,1,1,0
23246,2,away,695505,0,0,1
23246,2,away,666200,0,0,1
23246,2,away,661395,1,1,1
23246,2,away,695243,1,1,0
23246,2,away,628452,1,1,0
23246,2,away,808967,1,1,1
23246,3,home,547973,1,0,1
23246,3,home,641329,1,0,1
23246,3,home,671922,0,0,1
23246,3,home,656876,0,0,1
23246,3,home,656641,1,1,1
23246,3,home,686973,0,0,1
23246,3,away,695505,1,1,1
23246,3,away,666200,1,1,0
23246,3,away,661395,1,0,1
23246,3,away,695243,0,0,1
23246,3,away,628452,0,0,1
23246,3,away,808967,1,1,0
23246,4,home,547973,1,1,0
23246,4,home,641329,1,0,1
23246,4,home,671922,1,0,1
23246,4,home,656876,1,0,1
23246,4,home,656641,1,0,1
23246,4,home,686973,1,0,1
23246,4,away,695505,1,1,0
23246,4,away,666200,0,0,1
23246,4,away,661395,1,0,1
23246,4,away,695243,1,1,0
23246,4,away,628452,1,0,1
23246,4,away,808967,0,0,0
23247,1,home,547973,1,1,0
23247,1,home,641329,1,1,1
23247,1,home,671922,1,1,1
23247,1,home,656876,1,0,1
23247,1,home,656641,1,1,0
23247,1,home,686973,1,0,1
23247,1,away,695505,1,1,0
23247,1,away,666200,1,1,0
23247,1,away,661395,1,0,1
23247,1,away,695243,1,1,0
23247,1,away,628452,1,1,0
23247,1,away,808967,1,1,1
23247,2,home,547973,0,0,1
23247,2,home,641329,1,1,1
23247,2,home,671922,1,1,0
23247,2,home,656876,1,1,0
23247,2,home,656641,0,0,1
23247,2,home,686973,1,1,1
23247,2,away,695505,0,0,0
23247,2,away,666200,0,0,1
23247,2,away,661395,1,1,0
23247,2,away,695243,0,0,1
23247,2,away,628452,0,0,1
23247,2,away,808967,1,1,0
23247,3,home,547973,1,1,0
23247,3,home,641329,1,1,0
23247,3,home,671922,0,0,0
23247,3,home,656876,0,0,1
23247,3,home,656641,1,1,1
23247,3,home,686973,1,1,1
23247,3,away,695505,0,0,1
23247,3,away,666200,1,1,1
23247,3,away,661395,0,0,1
23247,3,away,695243,1,1,0
23247,3,away,628452,1,1,0
23247,3,away,808967,0,0,1
23247,4,home,547973,0,0,1
23247,4,home,641329,0,0,1
23247,4,home,671922,0,0,1
23247,4,home,656876,1,1,0
23247,4,home,656641,1,1,1
23247,4,home,686973,1,1,0
23247,4,away,695505,1,1,1
23247,4,away,666200,1,1,0
23247,4,away,661395,1,0,1
23247,4,away,695243,0,0,1
23247,4,away,628452,0,0,1
23247,4,away,808967,1,1,0
23248,1,home,547973,1,1,0
23248,1,home,641329,1,1,1
23248,1,home,671922,1,0,1
23248,1,home,656876,1,1,1
23248,1,home,656641,1,0,1
23248,1,home,686973,1,0,1
23248,1,away,695505,1,1,0
23248,1,away,666200,1,1,1
23248,1,away,661395,1,1,1
23248,1,away,695243,1,0,1
23248,1,away,628452,1,1,0
23248,1,away,808967,1,1,1
23248,2,home,547973,0,0,1
23248,2,home,641329,1,0,1
23248,2,home,671922,1,0,1
23248,2,home,656876,1,0,1
23248,2,home,656641,1,0,1
23248,2,home,686973,1,0,1
23248,2,away,695505,0,0,1
23248,2,away,666200,1,0,1
23248,2,away,661395,1,0,1
23248,2,away,695243,1,0,1
23248,2,away,628452,0,0,1
23248,2,away,808967,1,0,1
23248,3,home,547973,1,0,1
23248,3,home,641329,1,1,0
23248,3,home,671922,1,0,1
23248,3,home,656876,1,1,0
23248,3,home,656641,1,1,1
23248,3,home,686973,1,0,1
23248,3,away,695505,1,1,0
23248,3,away,666200,1,1,1
23248,3,away,661395,1,0,1
23248,3,away,695243,1,1,1
23248,3,away,628452,1,0,1
23248,3,away,808967,1,1,0
23248,4,home,547973,1,0,1
23248,4,home,641329,0,0,0
23248,4,home,671922,1,1,0
23248,4,home,656876,0,0,1
23248,4,home,656641,1,1,1
23248,4,home,686973,1,0,1
23248,4,away,695505,0,0,1
23248,4,away,666200,1,1,1
23248,4,away,661395,1,1,1
23248,4,away,695243,1,1,0
23248,4,away,628452,1,1,0
23248,4,away,808967,0,0,1
23249,1,home,547973,1,0,1
23249,1,home,641329,1,0,1
23249,1,home,671922,1,1,0
23249,1,home,656876,1,1,0
23249,1,home,656641,1,0,1
23249,1,home,686973,1,0,1
23249,1,away,695505,1,1,0
23249,1,away,666200,1,1,0
23249,1,away,661395,1,0,1
23249,1,away,695243,1,0,1
23249,1,away,628452,1,1,0
23249,1,away,808967,1,1,1
23249,2,home,547973,1,1,1
23249,2,home,641329,1,0,1
23249,2,home,671922,0,0,1
23249,2,home,656876,0,0,0
23249,2,home,656641,1,0,1
23249,2,home,686973,1,1,0
23249,2,away,695505,0,0,1
23249,2,away,666200,0,0,1
23249,2,away,661395,1,1,0
23249,2,away,695243,1,1,0
23249,2,away,628452,0,0,1
23249,2,away,808967,1,1,0
23249,3,home,547973,1,1,0
23249,3,home,641329,1,0,1
23249,3,home,671922,1,1,0
23249,3,home,656876,0,0,1
23249,3,home,656641,1,1,1
23249,3,home,686973,0,0,1
23249,3,away,695505,1,1,0
23249,3,away,666200,1,1,0
23249,3,away,661395,0,0,1
23249,3,away,695243,0,0,1
23249,3,away,628452,1,1,0
23249,3,away,808967,0,0,1
23249,4,home,547973,0,0,1
23249,4,home,641329,1,0,1
23249,4,home,671922,0,0,1
23249,4,home,656876,1,0,1
23249,4,home,656641,1,1,0
23249,4,home,686973,1,1,0
23249,4,away,695505,0,0,1
23249,4,away,666200,0,0,1
23249,4,away,661395,1,1,0
23249,4,away,695243,1,1,0
23249,4,away,628452,0,0,1
23249,4,away,808967,1,1,0
23250,1,home,547973,1,1,0
23250,1,home,641329,1,0,1
23250,1,home,671922,1,1,0
23250,1,home,656876,1,0,1
23250,1,home,656641,1,0,1
23250,1,home,686973,1,0,1
23250,1,away,695505,1,1,1
23250,1,away,666200,1,1,0
23250,1,away,661395,1,1,0
23250,1,away,695243,1,1,1
23250,1,away,628452,1,0,1
23250,1,away,808967,1,0,1
23250,2,home,547973,0,0,1
23250,2,home,641329,1,1,0
23250,2,home,671922,0,0,1
23250,2,home,656876,1,1,0
23250,2,home,656641,1,1,0
23250,2,home,686973,1,1,1
23250,2,away,695505,1,1,1
23250,2,away,666200,0,0,1
23250,2,away,661395,0,0,1
23250,2,away,695243,1,1,0
23250,2,away,628452,1,1,0
23250,2,away,808967,1,1,0
23250,3,home,547973,1,1,0
23250,3,home,641329,0,0,0
23250,3,home,671922,1,1,0
23250,3,home,656876,0,0,1
23250,3,home,656641,0,0,0
23250,3,home,686973,1,1,0
23250,3,away,695505,1,1,0
23250,3,away,666200,1,1,0
23250,3,away,661395,1,1,0
23250,3,away,695243,0,0,1
23250,3,away,628452,0,0,1
23250,3,away,808967,0,0,1
23250,4,home,547973,0,0,1
23250,4,home,641329,0,0,1
23250,4,home,671922,0,0,1
23250,4,home,656876,1,0,1
23250,4,home,656641,0,0,1
23250,4,home,686973,0,0,1
23250,4,away,695505,0,0,1
23250,4,away,666200,0,0,0
23250,4,away,661395,0,0,1
23250,4,away,695243,1,0,1
23250,4,away,628452,1,1,0
23250,4,away,808967,1,0,1
23251,1,home,547973,1,1,0
23251,1,home,641329,1,0,1
23251,1,home,671922,1,1,1
23251,1,home,656876,1,1,0
23251,1,home,656641,1,1,1
23251,1,home,686973,1,0,1
23251,1,away,695505,1,1,1
23251,1,away,666200,1,1,0
23251,1,away,661395,1,0,1
23251,1,away,695243,1,1,0
23251,1,away,628452,1,0,1
23251,1,away,808967,1,1,0
23251,2,home,547973,0,0,1
23251,2,home,641329,1,0,1
23251,2,home,671922,1,0,1
23251,2,home,656876,0,0,1
23251,2,home,656641,1,0,1
23251,2,home,686973,1,0,1
23251,2,away,695505,1,0,1
23251,2,away,666200,0,0,1
23251,2,away,661395,1,0,1
23251,2,away,695243,0,0,1
23251,2,away,628452,1,0,1
23251,2,away,808967,0,0,0
23251,3,home,547973,1,0,1
23251,3,home,641329,1,0,1
23251,3,home,671922,1,1,1
23251,3,home,656876,1,0,1
23251,3,home,656641,1,0,1
23251,3,home,686973,1,0,1
23251,3,away,695505,1,1,0
23251,3,away,666200,1,1,0
23251,3,away,661395,1,0,1
23251,3,away,695243,1,1,0
23251,3,away,628452,1,0,1
23251,3,away,808967,0,0,1
23251,4,home,547973,1,0,1
23251,4,home,641329,1,0,1
23251,4,home,671922,1,1,0
23251,4,home,656876,1,1,0
23251,4,home,656641,1,1,1
23251,4,home,686973,1,0,1
23251,4,away,695505,0,0,1
23251,4,away,666200,0,0,1
23251,4,away,661395,1,1,0
23251,4,away,695243,0,0,1
23251,4,away,628452,1,1,0
23251,4,away,808967,1,1,0
23252,1,home,547973,1,1,0
23252,1,home,641329,1,0,1
23252,1,home,671922,1,1,1
23252,1,home,656876,1,0,1
23252,1,home,656641,1,1,0
23252,1,home,686973,1,0,1
23252,1,away,695505,1,1,1
23252,1,away,666200,1,1,0
23252,1,away,661395,1,0,1
23252,1,away,695243,1,1,0
23252,1,away,628452,1,0,1
23252,1,away,808967,1,0,1
23252,2,home,547973,0,0,1
23252,2,home,641329,1,1,0
23252,2,home,671922,1,0,1
23252,2,home,656876,1,0,1
23252,2,home,656641,0,0,1
23252,2,home,686973,1,1,0
23252,2,away,695505,1,1,0
23252,2,away,666200,0,0,1
23252,2,away,661395,1,1,1
23252,2,away,695243,0,0,0
23252,2,away,628452,1,1,0
23252,2,away,808967,1,1,1
23252,3,home,547973,1,0,1
23252,3,home,641329,0,0,1
23252,3,home,671922,1,0,1
23252,3,home,656876,1,1,1
23252,3,home,656641,1,1,0
23252,3,home,686973,0,0,0
23252,3,away,695505,0,0,1
23252,3,away,666200,1,1,0
23252,3,away,661395,1,1,1
23252,3,away,695243,0,0,1
23252,3,away,628452,0,0,1
23252,3,away,808967,1,1,0
23252,4,home,547973,1,1,1
23252,4,home,641329,1,0,1
23252,4,home,671922,1,0,1
23252,4,home,656876,1,0,1
23252,4,home,656641,0,0,1
23252,4,home,686973,0,0,1
23252,4,away,695505,1,0,1
23252,4,away,666200,0,0,1
23252,4,away,661395,1,0,1
23252,4,away,695243,1,0,1
23252,4,away,628452,1,0,1
23252,4,away,808967,0,0,1
23253,1,home,547973,1,1,0
23253,1,home,641329,1,0,1
23253,1,home,671922,1,1,0
23253,1,home,656876,1,1,0
23253,1,home,656641,1,0,1
23253,1,home,686973,1,0,1
23253,1,away,695505,1,1,0
23253,1,away,666200,1,1,0
23253,1,away,661395,1,0,1
23253,1,away,695243,1,1,0
23253,1,away,628452,1,0,1
23253,1,away,808967,1,1,1
23253,2,home,547973,0,0,0
23253,2,home,641329,1,1,0
23253,2,home,671922,0,0,1
23253,2,home,656876,0,0,1
23253,2,home,656641,1,1,0
23253,2,home,686973,1,1,0
23253,2,away,695505,0,0,1
23253,2,away,666200,0,0,1
23253,2,away,661395,1,1,0
23253,2,away,695243,0,0,1
23253,2,away,628452,1,1,0
23253,2,away,808967,1,1,1
23253,3,home,547973,0,0,1
23253,3,home,641329,0,0,1
23253,3,home,671922,1,1,1
23253,3,home,656876,1,1,1
23253,3,home,656641,0,0,1
23253,3,home,686973,0,0,1
23253,3,away,695505,1,1,0
23253,3,away,666200,1,1,0
23253,3,away,661395,0,0,1
23253,3,away,695243,1,1,0
23253,3,away,628452,0,0,1
23253,3,away,808967,1,1,0
23253,4,home,547973,1,0,1
23253,4,home,641329,1,0,1
23253,4,home,671922,1,1,0
23253,4,home,656876,1,1,0
23253,4,home,656641,1,1,0
23253,4,home,686973,1,0,1
23253,4,away,695505,0,0,1
23253,4,away,666200,0,0,1
23253,4,away,661395,1,1,1
23253,4,away,695243,0,0,1
23253,4,away,628452,1,1,0
23253,4,away,808967,0,0,1
23254,1,home,547973,1,0,1
23254,1,home,641329,1,0,1
23254,1,home,671922,1,0,1
23254,1,home,656876,1,0,1
23254,1,home,656641,1,1,0
23254,1,home,686973,1,0,1
23254,1,away,695505,1,0,1
23254,1,away,666200,1,0,1
23254,1,away,661395,1,0,1
23254,1,away,695243,1,0,1
23254,1,away,628452,1,0,1
23254,1,away,808967,1,0,1
23254,2,home,547973,1,0,1
23254,2,home,641329,1,0,1
23254,2,home,671922,1,1,1
23254,2,home,656876,1,1,0
23254,2,home,656641,0,0,1
23254,2,home,686973,1,1,1
23254,2,away,695505,1,1,0
23254,2,away,666200,1,1,0
23254,2,away,661395,1,0,1
23254,2,away,695243,1,1,0
23254,2,away,628452,1,0,1
23254,2,away,808967,1,1,0
23254,3,home,547973,1,0,1
23254,3,home,641329,1,1,0
23254,3,home,671922,1,1,0
23254,3,home,656876,0,0,0
23254,3,home,656641,1,1,0
23254,3,home,686973,1,1,1
23254,3,away,695505,0,0,1
23254,3,away,666200,0,0,1
23254,3,away,661395,1,1,1
23254,3,away,695243,0,0,1
23254,3,away,628452,1,1,0
23254,3,away,808967,0,0,1
23254,4,home,547973,1,1,0
23254,4,home,641329,0,0,1
23254,4,home,671922,0,0,1
23254,4,home,656876,0,0,1
23254,4,home,656641,0,0,1
23254,4,home,686973,1,1,0
23254,4,away,695505,1,1,0
23254,4,away,666200,1,1,0
23254,4,away,661395,1,1,1
23254,4,away,695243,1,1,0
23254,4,away,628452,0,0,1
23254,4,away,808967,1,1,0
23255,1,home,547973,1,1,1
23255,1,home,641329,1,0,1
23255,1,home,671922,1,0,1
23255,1,home,656876,1,1,1
23255,1,home,656641,1,1,0
23255,1,home,686973,1,0,1
23255,1,away,695505,1,1,0
23255,1,away,666200,1,1,1
23255,1,away,661395,1,0,1
23255,1,away,695243,1,1,0
23255,1,away,628452,1,0,1
23255,1,away,808967,1,1,0
23255,2,home,547973,1,1,0
23255,2,home,641329,1,1,1
23255,2,home,671922,1,1,0
23255,2,home,656876,1,1,1
23255,2,home,656641,0,0,0
23255,2,home,686973,1,0,1
23255,2,away,695505,0,0,1
23255,2,away,666200,1,1,0
23255,2,away,661395,1,1,0
23255,2,away,695243,0,0,1
23255,2,away,628452,1,1,0
23255,2,away,808967,0,0,1
23255,3,home,547973,0,0,1
23255,3,home,641329,1,1,0
23255,3,home,671922,0,0,1
23255,3,home,656876,1,1,0
23255,3,home,656641,0,0,1
23255,3,home,686973,1,1,0
23255,3,away,695505,1,1,0
23255,3,away,666200,0,0,1
23255,3,away,661395,0,0,1
23255,3,away,695243,1,1,1
23255,3,away,628452,0,0,1
23255,3,away,808967,1,1,0
23255,4,home,547973,1,1,0
23255,4,home,641329,0,0,1
23255,4,home,671922,1,1,0
23255,4,home,656876,0,0,1
23255,4,home,656641,1,1,1
23255,4,home,686973,0,0,1
23255,4,away,695505,0,0,0
23255,4,away,666200,1,1,1
23255,4,away,661395,1,1,0
23255,4,away,695243,1,0,1
23255,4,away,628452,1,1,1
23255,4,away,808967,0,0,0
23256,1,home,547973,1,0,1
23256,1,home,641329,1,1,0
23256,1,home,671922,1,0,1
23256,1,home,656876,1,1,1
23256,1,home,656641,1,1,0
23256,1,home,686973,1,0,1
23256,1,away,695505,1,1,0
23256,1,away,666200,1,1,0
23256,1,away,661395,1,0,1
23256,1,away,695243,1,1,0
23256,1,away,628452,1,0,1
23256,1,away,808967,1,1,0
23256,2,home,547973,1,0,1
23256,2,home,641329,0,0,1
23256,2,home,671922,1,0,1
23256,2,home,656876,1,0,1
23256,2,home,656641,0,0,1
23256,2,home,686973,1,0,1
23256,2,away,695505,0,0,1
23256,2,away,666200,0,0,1
23256,2,away,661395,1,0,1
23256,2,away,695243,0,0,1
23256,2,away,628452,1,0,1
23256,2,away,808967,0,0,1
23256,3,home,547973,1,1,0
23256,3,home,641329,1,0,1
23256,3,home,671922,1,0,1
23256,3,home,656876,1,1,0
23256,3,home,656641,1,1,1
23256,3,home,686973,1,0,1
23256,3,away,695505,1,1,1
23256,3,away,666200,1,0,1
23256,3,away,661395,1,0,1
23256,3,away,695243,1,1,0
23256,3,away,628452,1,0,1
23256,3,away,808967,1,1,0
23256,4,home,547973,0,0,1
23256,4,home,641329,1,0,1
23256,4,home,671922,1,1,0
23256,4,home,656876,0,0,1
23256,4,home,656641,1,1,0
23256,4,home,686973,1,1,0
23256,4,away,695505,1,1,0
23256,4,away,666200,1,1,0
23256,4,away,661395,1,0,1
23256,4,away,695243,0,0,1
23256,4,away,628452,1,0,1
23256,4,away,808967,0,0,1
23257,1,home,547973,1,1,0
23257,1,home,641329,1,0,1
23257,1,home,671922,1,0,1
23257,1,home,656876,1,1,0
23257,1,home,656641,1,1,1
23257,1,home,686973,1,0,1
23257,1,away,695505,1,1,1
23257,1,away,666200,1,1,0
23257,1,away,661395,1,0,1
23257,1,away,695243,1,1,1
23257,1,away,628452,1,0,1
23257,1,away,808967,1,1,1
23257,2,home,547973,0,0,1
23257,2,home,641329,1,0,1
23257,2,home,671922,1,0,1
23257,2,home,656876,0,0,1
23257,2,home,656641,1,1,0
23257,2,home,686973,1,0,1
23257,2,away,695505,1,1,1
23257,2,away,666200,0,0,1
23257,2,away,661395,1,0,1
23257,2,away,695243,1,0,1
23257,2,away,628452,1,0,1
23257,2,away,808967,1,1,1
23257,3,home,547973,1,0,1
23257,3,home,641329,1,0,1
23257,3,home,671922,1,1,1
23257,3,home,656876,1,1,0
23257,3,home,656641,0,0,1
23257,3,home,686973,1,0,1
23257,3,away,695505,1,1,0
23257,3,away,666200,1,1,0
23257,3,away,661395,1,0,1
23257,3,away,695243,1,1,0
23257,3,away,628452,1,0,1
23257,3,away,808967,1,1,1
23257,4,home,547973,1,1,1
23257,4,home,641329,1,0,1
23257,4,home,671922,1,1,0
23257,4,home,656876,0,0,1
23257,4,home,656641,1,1,0
23257,4,home,686973,1,1,0
23257,4,away,695505,0,0,1
23257,4,away,666200,0,0,1
23257,4,away,661395,1,1,1
23257,4,away,695243,0,0,1
23257,4,away,628452,1,1,1
23257,4,away,808967,1,1,0
23258,1,home,547973,1,1,0
23258,1,home,641329,1,0,1
23258,1,home,671922,1,0,1
23258,1,home,656876,1,1,1
23258,1,home,656641,1,1,0
23258,1,home,686973,1,0,1
23258,1,away,695505,1,1,0
23258,1,away,666200,1,1,0
23258,1,away,661395,1,0,1
23258,1,away,695243,1,1,0
23258,1,away,628452,1,0,1
23258,1,away,808967,1,1,0
23258,2,home,547973,0,0,1
23258,2,home,641329,1,0,1
23258,2,home,671922,1,0,1
23258,2,home,656876,1,1,0
23258,2,home,656641,0,0,0
23258,2,home,686973,1,0,1
23258,2,away,695505,0,0,1
23258,2,away,666200,0,0,1
23258,2,away,661395,1,1,0
23258,2,away,695243,0,0,1
23258,2,away,628452,1,0,1
23258,2,away,808967,0,0,1
23258,3,home,547973,1,1,0
23258,3,home,641329,1,0,1
23258,3,home,671922,1,0,1
23258,3,home,656876,0,0,1
23258,3,home,656641,0,0,0
23258,3,home,686973,1,1,1
23258,3,away,695505,1,1,0
23258,3,away,666200,1,1,1
23258,3,away,661395,0,0,1
23258,3,away,695243,1,1,0
23258,3,away,628452,1,0,1
23258,3,away,808967,1,1,0
23258,4,home,547973,0,0,1
23258,4,home,641329,1,0,1
23258,4,home,671922,1,1,1
23258,4,home,656876,1,0,1
23258,4,home,656641,0,0,1
23258,4,home,686973,1,0,1
23258,4,away,695505,0,0,1
23258,4,away,666200,1,0,1
23258,4,away,661395,1,1,1
23258,4,away,695243,0,0,1
23258,4,away,628452,1,1,0
23258,4,away,808967,0,0,1
23259,1,home,547973,1,0,1
23259,1,home,641329,1,0,1
23259,1,home,671922,1,0,1
23259,1,home,656876,1,1,1
23259,1,home,656641,1,0,1
23259,1,home,686973,1,0,1
23259,1,away,695505,1,1,0
23259,1,away,666200,1,1,1
23259,1,away,661395,1,0,1
23259,1,away,695243,1,1,0
23259,1,away,628452,1,0,1
23259,1,away,808967,1,0,1
23259,2,home,547973,1,0,1
23259,2,home,641329,1,0,1
23259,2,home,671922,1,0,1
23259,2,home,656876,1,1,0
23259,2,home,656641,1,1,0
23259,2,home,686973,1,0,1
23259,2,away,695505,0,0,1
23259,2,away,666200,1,1,0
23259,2,away,661395,1,0,1
23259,2,away,695243,0,0,1
23259,2,away,628452,1,1,1
23259,2,away,808967,1,0,1
23259,3,home,547973,1,1,0
23259,3,home,641329,1,0,1
23259,3,home,671922,1,1,1
23259,3,home,656876,0,0,0
23259,3,home,656641,0,0,1
23259,3,home,686973,1,1,0
23259,3,away,695505,1,1,0
23259,3,away,666200,0,0,1
23259,3,away,661395,1,1,0
23259,3,away,695243,1,1,1
23259,3,away,628452,1,0,1
23259,3,away,808967,1,1,0
23259,4,home,547973,0,0,1
23259,4,home,641329,1,0,1
23259,4,home,671922,1,1,0
23259,4,home,656876,0,0,1
23259,4,home,656641,1,1,1
23259,4,home,686973,0,0,1
23259,4,away,695505,0,0,1
23259,4,away,666200,1,1,0
23259,4,away,661395,0,0,1
23259,4,away,695243,1,1,1
23259,4,away,628452,1,0,1
23259,4,away,808967,0,0,1
23260,1,home,547973,1,0,1
23260,1,home,641329,1,0,1
23260,1,home,671922,1,1,1
23260,1,home,656876,1,1,0
23260,1,home,656641,1,1,0
23260,1,home,686973,1,0,1
23260,1,away,695505,1,1,0
23260,1,away,666200,1,1,0
23260,1,away,661395,1,1,0
23260,1,away,695243,1,1,1
23260,1,away,628452,1,1,1
23260,1,away,808967,1,1,0
23260,2,home,547973,1,1,1
23260,2,home,641329,1,1,0
23260,2,home,671922,1,0,1
23260,2,home,656876,0,0,1
23260,2,home,656641,0,0,1
23260,2,home,686973,1,0,1
23260,2,away,695505,0,0,1
23260,2,away,666200,0,0,1
23260,2,away,661395,0,0,1
23260,2,away,695243,1,1,1
23260,2,away,628452,1,1,1
23260,2,away,808967,0,0,1
23260,3,home,547973,1,0,1
23260,3,home,641329,0,0,1
23260,3,home,671922,1,0,1
23260,3,home,656876,1,1,0
23260,3,home,656641,1,0,1
23260,3,home,686973,1,1,0
23260,3,away,695505,1,1,1
23260,3,away,666200,1,1,0
23260,3,away,661395,1,0,1
23260,3,away,695243,1,1,0
23260,3,away,628452,1,0,1
23260,3,away,808967,1,0,1
23260,4,home,547973,1,0,1
23260,4,home,641329,1,1,1
23260,4,home,671922,1,0,1
23260,4,home,656876,0,0,1
23260,4,home,656641,1,0,1
23260,4,home,686973,0,0,1
23260,4,away,695505,1,1,0
23260,4,away,666200,0,0,1
23260,4,away,661395,1,1,0
23260,4,away,695243,0,0,1
23260,4,away,628452,1,0,1
23260,4,away,808967,1,1,1
23261,1,home,547973,1,1,1
23261,1,home,641329,1,0,1
23261,1,home,671922,1,0,1
23261,1,home,656876,1,1,0
23261,1,home,656641,1,0,1
23261,1,home,686973,1,1,0
23261,1,away,695505,1,1,1
23261,1,away,666200,1,1,0
23261,1,away,661395,1,0,1
23261,1,away,695243,1,1,0
23261,1,away,628452,1,0,1
23261,1,away,808967,1,1,0
23261,2,home,547973,1,1,0
23261,2,home,641329,1,1,0
23261,2,home,671922,1,1,0
23261,2,home,656876,0,0,1
23261,2,home,656641,1,1,1
23261,2,home,686973,0,0,1
23261,2,away,695505,1,1,0
23261,2,away,666200,0,0,0
23261,2,away,661395,1,1,1
23261,2,away,695243,0,0,1
23261,2,away,628452,1,1,0
23261,2,away,808967,0,0,1
23261,3,home,547973,0,0,1
23261,3,home,641329,0,0,0
23261,3,home,671922,0,0,1
23261,3,home,656876,1,0,1
23261,3,home,656641,1,1,1
23261,3,home,686973,1,1,1
23261,3,away,695505,0,0,1
23261,3,away,666200,0,0,0
23261,3,away,661395,1,1,1
23261,3,away,695243,1,1,0
23261,3,away,628452,0,0,1
23261,3,away,808967,1,1,1
23261,4,home,547973,1,1,0
23261,4,home,641329,0,0,1
23261,4,home,671922,1,1,0
23261,4,home,656876,1,1,1
23261,4,home,656641,1,0,1
23261,4,home,686973,1,0,1
23261,4,away,695505,1,1,0
23261,4,away,666200,0,0,1
23261,4,away,661395,1,0,1
23261,4,away,695243,0,0,1
23261,4,away,628452,1,1,0
23261,4,away,808967,1,1,1
23262,1,home,547973,1,0,1
23262,1,home,641329,1,0,1
23262,1,home,671922,1,0,1
23262,1,home,656876,1,0,1
23262,1,home,656641,1,0,1
23262,1,home,686973,1,0,1
23262,1,away,695505,1,0,1
23262,1,away,666200,1,0,1
23262,1,away,661395,1,0,1
23262,1,away,695243,1,0,1
23262,1,away,628452,1,0,1
23262,1,away,808967,1,0,1
23262,2,home,547973,1,0,1
23262,2,home,641329,1,0,1
23262,2,home,671922,1,0,1
23262,2,home,656876,1,0,1
23262,2,home,656641,1,1,0
23262,2,home,686973,1,1,1
23262,2,away,695505,1,1,0
23262,2,away,666200,1,1,1
23262,2,away,661395,1,0,1
23262,2,away,695243,1,1,1
23262,2,away,628452,1,0,1
23262,2,away,808967,1,1,0
23262,3,home,547973,1,1,0
23262,3,home,641329,1,1,1
23262,3,home,671922,1,1,0
23262,3,home,656876,1,0,1
23262,3,home,656641,0,0,0
23262,3,home,686973,1,0,1
23262,3,away,695505,0,0,1
23262,3,away,666200,1,1,1
23262,3,away,661395,1,0,1
23262,3,away,695243,1,1,0
23262,3,away,628452,1,1,0
23262,3,away,808967,0,0,1
23262,4,home,547973,0,0,1
23262,4,home,641329,1,1,0
23262,4,home,671922,0,0,1
23262,4,home,656876,1,0,1
23262,4,home,656641,0,0,1
23262,4,home,686973,1,0,1
23262,4,away,695505,1,0,1
23262,4,away,666200,1,1,0
23262,4,away,661395,1,1,1
23262,4,away,695243,0,0,1
23262,4,away,628452,0,0,1
23262,4,away,808967,1,1,0
23263,1,home,547973,1,0,1
23263,1,home,641329,1,1,1
23263,1,home,671922,1,0,1
23263,1,home,656876,1,0,1
23263,1,home,656641,1,1,0
23263,1,home,686973,1,1,0
23263,1,away,695505,1,1,0
23263,1,away,666200,1,1,0
23263,1,away,661395,1,0,1
23263,1,away,695243,1,1,0
23263,1,away,628452,1,0,1
23263,1,away,808967,1,1,0
23263,2,home,547973,1,1,0
23263,2,home,641329,1,0,1
23263,2,home,671922,1,1,1
23263,2,home,656876,1,1,0
23263,2,home,656641,0,0,1
23263,2,home,686973,0,0,0
23263,2,away,695505,0,0,0
23263,2,away,666200,0,0,1
23263,2,away,661395,1,1,0
23263,2,away,695243,0,0,1
23263,2,away,628452,1,0,1
23263,2,away,808967,0,0,1
23263,3,home,547973,0,0,0
23263,3,home,641329,1,1,0
23263,3,home,671922,1,1,0
23263,3,home,656876,0,0,1
23263,3,home,656641,1,0,1
23263,3,home,686973,0,0,1
23263,3,away,695505,0,0,1
23263,3,away,666200,1,1,0
23263,3,away,661395,0,0,0
23263,3,away,695243,1,0,1
23263,3,away,628452,1,1,0
23263,3,away,808967,1,1,0
23263,4,home,547973,0,0,1
23263,4,home,641329,0,0,1
23263,4,home,671922,0,0,1
23263,4,home,656876,1,1,0
23263,4,home,656641,1,1,0
23263,4,home,686973,1,1,1
23263,4,away,695505,1,1,0
23263,4,away,666200,0,0,1
23263,4,away,661395,0,0,1
23263,4,away,695243,1,1,0
23263,4,away,628452,0,0,1
23263,4,away,808967,0,0,1
23264,1,home,547973,1,0,1
23264,1,home,641329,1,0,1
23264,1,home,671922,1,1,0
23264,1,home,656876,1,1,0
23264,1,home,656641,1,1,0
23264,1,home,686973,1,0,1
23264,1,away,695505,1,1,0
23264,1,away,666200,1,1,1
23264,1,away,661395,1,0,1
23264,1,away,695243,1,1,0
23264,1,away,628452,1,0,1
23264,1,away,808967,1,1,1
23264,2,home,547973,1,0,1
23264,2,home,641329,1,0,1
23264,2,home,671922,0,0,1
23264,2,home,656876,0,0,1
23264,2,home,656641,0,0,1
23264,2,home,686973,1,0,1
23264,2,away,695505,0,0,1
23264,2,away,666200,1,0,1
23264,2,away,661395,1,0,1
23264,2,away,695243,0,0,1
23264,2,away,628452,1,0,1
23264,2,away,808967,1,1,1
23264,3,home,547973,1,0,1
23264,3,home,641329,1,0,1
23264,3,home,671922,1,0,1
23264,3,home,656876,1,0,1
23264,3,home,656641,1,0,1
23264,3,home,686973,1,1,1
23264,3,away,695505,1,1,0
23264,3,away,666200,1,1,0
23264,3,away,661395,1,0,1
23264,3,away,695243,1,1,1
23264,3,away,628452,1,0,1
23264,3,away,808967,1,1,0
23264,4,home,547973,1,0,1
23264,4,home,641329,1,0,1
23264,4,home,671922,1,0,1
23264,4,home,656876,1,0,1
23264,4,home,656641,1,0,1
23264,4,home,686973,1,0,1
23264,4,away,695505,0,0,1
23264,4,away,666200,0,0,1
23264,4,away,661395,1,0,1
23264,4,away,695243,1,0,1
23264,4,away,628452,1,0,1
23264,4,away,808967,0,0,1
23265,1,home,547973,1,0,1
23265,1,home,641329,1,0,1
23265,1,home,671922,1,0,1
23265,1,home,656876,1,0,1
23265,1,home,656641,1,1,0
23265,1,home,686973,1,1,0
23265,1,away,695505,1,1,0
23265,1,away,666200,1,1,0
23265,1,away,661395,1,1,1
23265,1,away,695243,1,1,0
23265,1,away,628452,1,0,1
23265,1,away,808967,1,1,1
23265,2,home,547973,1,0,1
23265,2,home,641329,1,0,1
23265,2,home,671922,1,0,1
23265,2,home,656876,1,0,1
23265,2,home,656641,0,0,1
23265,2,home,686973,0,0,1
23265,2,away,695505,0,0,1
23265,2,away,666200,0,0,0
23265,2,away,661395,1,0,1
23265,2,away,695243,0,0,1
23265,2,away,628452,1,0,1
23265,2,away,808967,1,0,1
23265,3,home,547973,1,1,0
23265,3,home,641329,1,0,1
23265,3,home,671922,1,1,0
23265,3,home,656876,1,1,1
23265,3,home,656641,1,1,0
23265,3,home,686973,1,0,1
23265,3,away,695505,1,0,1
23265,3,away,666200,0,0,0
23265,3,away,661395,1,1,0
23265,3,away,695243,1,1,0
23265,3,away,628452,1,0,1
23265,3,away,808967,1,1,0
23265,4,home,547973,0,0,0
23265,4,home,641329,1,0,1
23265,4,home,671922,0,0,1
23265,4,home,656876,1,0,1
23265,4,home,656641,0,0,1
23265,4,home,686973,1,1,1
23265,4,away,695505,1,0,1
23265,4,away,666200,0,0,1
23265,4,away,661395,0,0,1
23265,4,away,695243,0,0,1
23265,4,away,628452,1,1,1
23265,4,away,808967,0,0,1
23266,1,home,547973,1,0,1
23266,1,home,641329,1,0,1
23266,1,home,671922,1,0,1
23266,1,home,656876,1,1,0
23266,1,home,656641,1,1,1
23266,1,home,686973,1,0,1
23266,1,away,695505,1,1,1
23266,1,away,666200,1,1,1
23266,1,away,661395,1,0,1
23266,1,away,695243,1,1,0
23266,1,away,628452,1,0,1
23266,1,away,808967,1,0,1
23266,2,home,547973,1,0,1
23266,2,home,641329,1,0,1
23266,2,home,671922,1,0,1
23266,2,home,656876,0,0,0
23266,2,home,656641,1,0,1
23266,2,home,686973,1,1,0
23266,2,away,695505,1,1,1
23266,2,away,666200,1,1,1
23266,2,away,661395,1,0,1
23266,2,away,695243,0,0,1
23266,2,away,628452,1,0,1
23266,2,away,808967,1,1,0
23266,3,home,547973,1,1,1
23266,3,home,641329,1,1,1
23266,3,home,671922,1,1,0
23266,3,home,656876,0,0,1
23266,3,home,656641,1,1,0
23266,3,home,686973,0,0,1
23266,3,away,695505,1,1,1
23266,3,away,666200,1,1,1
23266,3,away,661395,1,1,0
23266,3,away,695243,1,1,0
23266,3,away,628452,1,1,0
23266,3,away,808967,0,0,1
23266,4,home,547973,1,1,0
23266,4,home,641329,1,1,1
23266,4,home,671922,0,0,1
23266,4,home,656876,1,1,1
23266,4,home,656641,0,0,1
23266,4,home,686973,1,1,1
23266,4,away,695505,1,1,1
23266,4,away,666200,1,0,1
23266,4,away,661395,0,0,1
23266,4,away,695243,0,0,1
23266,4,away,628452,0,0,1
23266,4,away,808967,1,1,0
23267,1,home,547973,1,0,1
23267,1,home,641329,1,0,1
23267,1,home,671922,1,1,0
23267,1,home,656876,1,1,0
23267,1,home,656641,1,1,1
23267,1,home,686973,1,0,1
23267,1,away,695505,1,1,0
23267,1,away,666200,1,1,0
23267,1,away,661395,1,1,0
23267,1,away,695243,1,0,1
23267,1,away,628452,1,0,1
23267,1,away,808967,1,1,1
23267,2,home,547973,1,1,0
23267,2,home,641329,1,0,1
23267,2,home,671922,0,0,1
23267,2,home,656876,0,0,1
23267,2,home,656641,1,0,1
23267,2,home,686973,1,1,0
23267,2,away,695505,0,0,1
23267,2,away,666200,0,0,1
23267,2,away,661395,0,0,1
23267,2,away,695243,1,1,0
23267,2,away,628452,1,0,1
23267,2,away,808967,1,1,1
23267,3,home,547973,0,0,0
23267,3,home,641329,1,1,0
23267,3,home,671922,1,0,1
23267,3,home,656876,1,1,0
23267,3,home,656641,1,0,1
23267,3,home,686973,0,0,0
23267,3,away,695505,1,0,1
23267,3,away,666200,1,1,0
23267,3,away,661395,1,0,1
23267,3,away,695243,0,0,1
23267,3,away,628452,1,1,1
23267,3,away,808967,1,0,1
23267,4,home,547973,0,0,0
23267,4,home,641329,0,0,1
23267,4,home,671922,1,1,0
23267,4,home,656876,0,0,1
23267,4,home,656641,1,1,0
23267,4,home,686973,0,0,1
23267,4,away,695505,1,1,1
23267,4,away,666200,0,0,1
23267,4,away,661395,1,1,0
23267,4,away,695243,1,1,1
23267,4,away,628452,1,0,1
23267,4,away,808967,1,1,0
23268,1,home,547973,1,1,0
23268,1,home,641329,1,1,0
23268,1,home,671922,1,1,0
23268,1,home,656876,1,1,1
23268,1,home,656641,1,1,0
23268,1,home,686973,1,0,1
23268,1,away,695505,1,1,1
23268,1,away,666200,1,1,1
23268,1,away,661395,1,0,1
23268,1,away,695243,1,1,0
23268,1,away,628452,1,1,0
23268,1,away,808967,1,1,0
23268,2,home,547973,0,0,1
23268,2,home,641329,0,0,1
23268,2,home,671922,0,0,1
23268,2,home,656876,1,1,0
23268,2,home,656641,0,0,1
23268,2,home,686973,1,1,1
23268,2,away,695505,1,1,1
23268,2,away,666200,1,1,0
23268,2,away,661395,1,0,1
23268,2,away,695243,0,0,1
23268,2,away,628452,0,0,1
23268,2,away,808967,0,0,1
23268,3,home,547973,1,0,1
23268,3,home,641329,1,0,1
23268,3,home,671922,1,0,1
23268,3,home,656876,0,0,1
23268,3,home,656641,1,0,1
23268,3,home,686973,1,0,1
23268,3,away,695505,1,1,1
23268,3,away,666200,0,0,0
23268,3,away,661395,1,1,0
23268,3,away,695243,1,1,1
23268,3,away,628452,1,0,1
23268,3,away,808967,1,0,1
23268,4,home,547973,1,0,1
23268,4,home,641329,1,0,1
23268,4,home,671922,1,1,0
23268,4,home,656876,1,0,1
23268,4,home,656641,1,1,0
23268,4,home,686973,1,1,0
23268,4,away,695505,1,1,1
23268,4,away,666200,0,0,0
23268,4,away,661395,0,0,1
23268,4,away,695243,1,1,0
23268,4,away,628452,1,1,1
23268,4,away,808967,1,1,0
23269,1,home,547973,1,0,1
23269,1,home,641329,1,1,1
23269,1,home,671922,1,0,1
23269,1,home,656876,1,1,0
23269,1,home,656641,1,1,1
23269,1,home,686973,1,0,1
23269,1,away,695505,1,1,0
23269,1,away,666200,1,1,0
23269,1,away,661395,1,0,1
23269,1,away,695243,1,1,0
23269,1,away,628452,1,0,1
23269,1,away,808967,1,0,1
23269,2,home,547973,1,0,1
23269,2,home,641329,1,0,1
23269,2,home,671922,1,0,1
23269,2,home,656876,0,0,1
23269,2,home,656641,1,0,1
23269,2,home,686973,1,0,1
23269,2,away,695505,0,0,1
23269,2,away,666200,0,0,1
23269,2,away,661395,1,0,1
23269,2,away,695243,0,0,1
23269,2,away,628452,1,0,1
23269,2,away,808967,1,0,1
23269,3,home,547973,1,0,1
23269,3,home,641329,1,0,1
23269,3,home,671922,1,1,0
23269,3,home,656876,1,1,0
23269,3,home,656641,1,0,1
23269,3,home,686973,1,0,1
23269,3,away,695505,1,1,0
23269,3,away,666200,1,1,0
23269,3,away,661395,1,0,1
23269,3,away,695243,1,1,1
23269,3,away,628452,1,0,1
23269,3,away,808967,1,1,0
23269,4,home,547973,1,0,1
23269,4,home,641329,1,1,0
23269,4,home,671922,0,0,1
23269,4,home,656876,0,0,1
23269,4,home,656641,1,0,1
23269,4,home,686973,1,0,1
23269,4,away,695505,0,0,1
23269,4,away,666200,0,0,1
23269,4,away,661395,1,1,0
23269,4,away,695243,1,0,1
23269,4,away,628452,1,1,0
23269,4,away,808967,0,0,1
23270,1,home,547973,1,0,1
23270,1,home,641329,1,0,1
23270,1,home,671922,1,0,1
23270,1,home,656876,1,0,1
23270,1,home,656641,1,0,1
23270,1,home,686973,1,0,1
23270,1,away,695505,1,0,1
23270,1,away,666200,1,0,1
23270,1,away,661395,1,0,1
23270,1,away,695243,1,0,1
23270,1,away,628452,1,0,1
23270,1,away,808967,1,0,1
23270,2,home,547973,1,0,1
23270,2,home,641329,1,0,1
23270,2,home,671922,1,0,1
23270,2,home,656876,1,1,1
23270,2,home,656641,1,0,1
23270,2,home,686973,1,0,1
23270,2,away,695505,1,0,1
23270,2,away,666200,1,0,1
23270,2,away,661395,1,0,1
23270,2,away,695243,1,1,0
23270,2,away,628452,1,0,1
23270,2,away,808967,1,1,1
23270,3,home,547973,1,1,0
23270,3,home,641329,1,0,1
23270,3,home,671922,1,0,1
23270,3,home,656876,1,1,0
23270,3,home,656641,1,1,1
23270,3,home,686973,1,0,1
23270,3,away,695505,1,1,0
23270,3,away,666200,1,1,0
23270,3,away,661395,1,0,1
23270,3,away,695243,0,0,1
23270,3,away,628452,1,1,1
23270,3,away,808967,1,1,0
23270,4,home,547973,0,0,1
23270,4,home,641329,1,1,0
23270,4,home,671922,1,1,0
23270,4,home,656876,0,0,1
23270,4,home,656641,1,1,0
23270,4,home,686973,1,1,1
23270,4,away,695505,0,0,1
23270,4,away,666200,0,0,1
23270,4,away,661395,1,1,0
23270,4,away,695243,1,1,0
23270,4,away,628452,1,1,1
23270,4,away,808967,0,0,1
23271,1,home,547973,1,0,1
23271,1,home,641329,1,0,1
23271,1,home,671922,1,0,1
23271,1,home,656876,1,0,1
23271,1,home,656641,1,0,1
23271,1,home,686973,1,1,0
23271,1,away,695505,1,0,1
23271,1,away,666200,1,0,1
23271,1,away,661395,1,0,1
23271,1,away,695243,1,0,1
23271,1,away,628452,1,0,1
23271,1,away,808967,1,0,1
23271,2,home,547973,1,1,0
23271,2,home,641329,1,0,1
23271,2,home,671922,1,0,1
23271,2,home,656876,1,0,1
23271,2,home,656641,1,1,0
23271,2,home,686973,0,0,1
23271,2,away,695505,1,1,0
23271,2,away,666200,1,1,1
23271,2,away,661395,1,0,1
23271,2,away,695243,1,1,0
23271,2,away,628452,1,0,1
23271,2,away,808967,1,1,1
23271,3,home,547973,0,0,1
23271,3,home,641329,1,1,1
23271,3,home,671922,1,1,1
23271,3,home,656876,1,0,1
23271,3,home,656641,0,0,1
23271,3,home,686973,1,1,0
23271,3,away,695505,0,0,1
23271,3,away,666200,1,0,1
23271,3,away,661395,1,1,1
23271,3,away,695243,0,0,1
23271,3,away,628452,1,0,1
23271,3,away,808967,1,1,0
23271,4,home,547973,1,0,1
23271,4,home,641329,1,1,0
23271,4,home,671922,1,1,1
23271,4,home,656876,1,1,0
23271,4,home,656641,1,1,0
23271,4,home,686973,0,0,0
23271,4,away,695505,1,1,0
23271,4,away,666200,1,1,1
23271,4,away,661395,1,1,0
23271,4,away,695243,1,1,1
23271,4,away,628452,1,0,1
23271,4,away,808967,0,0,1
23272,1,home,547973,1,1,0
23272,1,home,641329,1,0,1
23272,1,home,671922,1,1,0
23272,1,home,656876,1,1,0
23272,1,home,656641,1,0,1
23272,1,home,686973,1,0,1
23272,1,away,695505,1,1,0
23272,1,away,666200,1,1,1
23272,1,away,661395,1,0,1
23272,1,away,695243,1,1,0
23272,1,away,628452,1,0,1
23272,1,away,808967,1,1,1
23272,2,home,547973,0,0,0
23272,2,home,641329,1,1,0
23272,2,home,671922,0,0,0
23272,2,home,656876,0,0,0
23272,2,home,656641,1,0,1
23272,2,home,686973,1,1,0
23272,2,away,695505,0,0,1
23272,2,away,666200,1,1,1
23272,2,away,661395,1,1,1
23272,2,away,695243,0,0,0
23272,2,away,628452,1,0,1
23272,2,away,808967,1,1,1
23272,3,home,547973,0,0,1
23272,3,home,641329,0,0,1
23272,3,home,671922,0,0,1
23272,3,home,656876,0,0,1
23272,3,home,656641,1,1,0
23272,3,home,686973,0,0,1
23272,3,away,695505,1,1,0
23272,3,away,666200,1,1,1
23272,3,away,661395,1,1,1
23272,3,away,695243,0,0,1
23272,3,away,628452,1,0,1
23272,3,away,808967,1,1,1
23272,4,home,547973,1,1,0
23272,4,home,641329,1,0,1
23272,4,home,671922,1,1,0
23272,4,home,656876,1,0,1
23272,4,home,656641,0,0,1
23272,4,home,686973,1,0,1
23272,4,away,695505,0,0,1
23272,4,away,666200,1,1,0
23272,4,away,661395,1,1,0
23272,4,away,695243,1,1,0
23272,4,away,628452,1,0,1
23272,4,away,808967,1,0,1
23273,1,home,547973,1,0,1
23273,1,home,641329,1,1,0
23273,1,home,671922,1,1,1
23273,1,home,656876,1,1,1
23273,1,home,656641,1,1,1
23273,1,home,686973,1,0,1
23273,1,away,695505,1,1,0
23273,1,away,666200,1,1,1
23273,1,away,661395,1,0,1
23273,1,away,695243,1,1,1
23273,1,away,628452,1,1,0
23273,1,away,808967,1,1,0
23273,2,home,547973,1,0,1
23273,2,home,641329,0,0,0
23273,2,home,671922,1,0,1
23273,2,home,656876,1,0,1
23273,2,home,656641,1,1,0
23273,2,home,686973,1,1,0
23273,2,away,695505,0,0,1
23273,2,away,666200,1,1,0
23273,2,away,661395,1,1,1
23273,2,away,695243,1,0,1
23273,2,away,628452,0,0,1
23273,2,away,808967,0,0,1
23273,3,home,547973,1,1,0
23273,3,home,641329,0,0,1
23273,3,home,671922,1,0,1
23273,3,home,656876,1,0,1
23273,3,home,656641,0,0,1
23273,3,home,686973,0,0,1
23273,3,away,695505,1,1,1
23273,3,away,666200,0,0,1
23273,3,away,661395,1,1,0
23273,3,away,695243,1,1,0
23273,3,away,628452,1,0,1
23273,3,away,808967,1,0,1
23273,4,home,547973,0,0,1
23273,4,home,641329,1,0,1
23273,4,home,671922,1,1,1
23273,4,home,656876,1,0,1
23273,4,home,656641,1,1,0
23273,4,home,686973,1,0,1
23273,4,away,695505,1,1,0
23273,4,away,666200,1,1,1
23273,4,away,661395,0,0,1
23273,4,away,695243,0,0,1
23273,4,away,628452,1,1,0
23273,4,away,808967,1,0,1
23274,1,home,547973,1,0,1
23274,1,home,641329,1,0,1
23274,1,home,671922,1,0,1
23274,1,home,656876,1,0,1
23274,1,home,656641,1,1,0
23274,1,home,686973,1,0,1
23274,1,away,695505,1,1,0
23274,1,away,666200,1,1,0
23274,1,away,661395,1,0,1
23274,1,away,695243,1,1,0
23274,1,away,628452,1,0,1
23274,1,away,808967,1,0,1
23274,2,home,547973,1,1,0
23274,2,home,641329,1,0,1
23274,2,home,671922,1,1,0
23274,2,home,656876,1,1,0
23274,2,home,656641,0,0,1
23274,2,home,686973,1,0,1
23274,2,away,695505,0,0,1
23274,2,away,666200,0,0,1
23274,2,away,661395,1,0,1
23274,2,away,695243,0,0,1
23274,2,away,628452,1,1,1
23274,2,away,808967,1,1,0
23274,3,home,547973,0,0,1
23274,3,home,641329,1,1,1
23274,3,home,671922,0,0,1
23274,3,home,656876,0,0,1
23274,3,home,656641,1,1,0
23274,3,home,686973,1,1,0
23274,3,away,695505,1,1,0
23274,3,away,666200,1,1,0
23274,3,away,661395,1,1,0
23274,3,away,695243,1,0,1
23274,3,away,628452,1,0,1
23274,3,away,808967,0,0,1
23274,4,home,547973,1,1,0
23274,4,home,641329,1,0,1
23274,4,home,671922,1,1,0
23274,4,home,656876,1,1,0
23274,4,home,656641,0,0,1
23274,4,home,686973,0,0,1
23274,4,away,695505,0,0,1
23274,4,away,666200,0,0,0
23274,4,away,661395,0,0,1
23274,4,away,695243,1,1,0
23274,4,away,628452,1,1,1
23274,4,away,808967,1,1,0
23275,1,home,547973,1,1,0
23275,1,home,641329,1,0,1
23275,1,home,671922,1,1,0
23275,1,home,656876,1,1,1
23275,1,home,656641,1,1,0
23275,1,home,686973,1,0,1
23275,1,away,695505,1,1,0
23275,1,away,666200,1,1,1
23275,1,away,661395,1,0,1
23275,1,away,695243,1,1,1
23275,1,away,628452,1,0,1
23275,1,away,808967,1,1,0
23275,2,home,547973,0,0,1
23275,2,home,641329,1,0,1
23275,2,home,671922,0,0,1
23275,2,home,656876,1,1,0
23275,2,home,656641,0,0,1
23275,2,home,686973,1,1,0
23275,2,away,695505,0,0,1
23275,2,away,666200,1,1,0
23275,2,away,661395,1,1,0
23275,2,away,695243,1,1,1
23275,2,away,628452,1,0,1
23275,2,away,808967,0,0,0
23275,3,home,547973,1,1,0
23275,3,home,641329,1,1,0
23275,3,home,671922,1,0,1
23275,3,home,656876,0,0,1
23275,3,home,656641,1,1,0
23275,3,home,686973,0,0,1
23275,3,away,695505,1,1,1
23275,3,away,666200,0,0,1
23275,3,away,661395,0,0,1
23275,3,away,695243,1,1,0
23275,3,away,628452,1,0,1
23275,3,away,808967,0,0,1
23275,4,home,547973,0,0,1
23275,4,home,641329,0,0,1
23275,4,home,671922,1,1,1
23275,4,home,656876,1,1,1
23275,4,home,656641,0,0,1
23275,4,home,686973,1,1,0
23275,4,away,695505,1,1,1
23275,4,away,666200,1,1,0
23275,4,away,661395,1,1,0
23275,4,away,695243,0,0,1
23275,4,away,628452,1,0,1
23275,4,away,808967,1,0,1
23276,1,home,547973,1,1,1
23276,1,home,641329,1,0,1
23276,1,home,671922,1,1,1
23276,1,home,656876,1,1,1
23276,1,home,656641,1,1,0
23276,1,home,686973,1,0,1
23276,1,away,695505,1,1,0
23276,1,away,666200,1,1,0
23276,1,away,661395,1,0,1
23276,1,away,695243,1,1,0
23276,1,away,628452,1,0,1
23276,1,away,808967,1,0,1
23276,2,home,547973,1,1,0
23276,2,home,641329,1,1,0
23276,2,home,671922,1,0,1
23276,2,home,656876,1,0,1
23276,2,home,656641,0,0,0
23276,2,home,686973,1,1,1
23276,2,away,695505,0,0,1
23276,2,away,666200,0,0,1
23276,2,away,661395,1,1,0
23276,2,away,695243,0,0,1
23276,2,away,628452,1,1,0
23276,2,away,808967,1,1,0
23276,3,home,547973,0,0,1
23276,3,home,641329,0,0,1
23276,3,home,671922,1,0,1
23276,3,home,656876,1,0,1
23276,3,home,656641,0,0,1
23276,3,home,686973,1,1,0
23276,3,away,695505,1,0,1
23276,3,away,666200,1,1,0
23276,3,away,661395,0,0,1
23276,3,away,695243,1,1,0
23276,3,away,628452,0,0,1
23276,3,away,808967,0,0,1
23276,4,home,547973,1,1,1
23276,4,home,641329,1,0,1
23276,4,home,671922,1,1,0
23276,4,home,656876,1,1,1
23276,4,home,656641,1,1,0
23276,4,home,686973,0,0,1
23276,4,away,695505,1,1,0
23276,4,away,666200,0,0,1
23276,4,away,661395,1,1,0
23276,4,away,695243,0,0,1
23276,4,away,628452,1,0,1
23276,4,away,808967,1,1,0
23277,1,home,547973,1,1,0
23277,1,home,641329,1,1,0
23277,1,home,671922,1,1,0
23277,1,home,656876,1,1,0
23277,1,home,656641,1,1,0
23277,1,home,686973,1,0,1
23277,1,away,695505,1,1,1
23277,1,away,666200,1,1,0
23277,1,away,661395,1,1,0
23277,1,away,695243,1,1,0
23277,1,away,628452,1,1,0
23277,1,away,808967,1,1,0
23277,2,home,547973,0,0,1
23277,2,home,641329,0,0,1
23277,2,home,671922,0,0,1
23277,2,home,656876,0,0,1
23277,2,home,656641,0,0,1
23277,2,home,686973,1,1,0
23277,2,away,695505,1,1,0
23277,2,away,666200,0,0,0
23277,2,away,661395,0,0,1
23277,2,away,695243,0,0,1
23277,2,away,628452,0,0,1
23277,2,away,808967,0,0,1
23277,3,home,547973,1,1,1
23277,3,home,641329,1,0,1
23277,3,home,671922,1,1,0
23277,3,home,656876,1,1,1
23277,3,home,656641,1,1,0
23277,3,home,686973,0,0,1
23277,3,away,695505,0,0,1
23277,3,away,666200,0,0,1
23277,3,away,661395,1,1,1
23277,3,away,695243,1,1,0
23277,3,away,628452,1,1,1
23277,3,away,808967,1,1,0
23277,4,home,547973,1,1,0
23277,4,home,641329,1,0,1
23277,4,home,671922,0,0,1
23277,4,home,656876,1,1,0
23277,4,home,656641,0,0,1
23277,4,home,686973,1,1,1
23277,4,away,695505,1,1,1
23277,4,away,666200,1,1,0
23277,4,away,661395,1,0,1
23277,4,away,695243,0,0,1
23277,4,away,628452,1,1,1
23277,4,away,808967,0,0,1
23278,1,home,547973,1,1,0
23278,1,home,641329,1,0,1
23278,1,home,671922,1,1,1
23278,1,home,656876,1,1,1
23278,1,home,656641,1,0,1
23278,1,home,686973,1,0,1
23278,1,away,695505,1,1,1
23278,1,away,666200,1,1,0
23278,1,away,661395,1,0,1
23278,1,away,695243,1,1,0
23278,1,away,628452,1,0,1
23278,1,away,808967,1,1,0
23278,2,home,547973,0,0,1
23278,2,home,641329,1,0,1
23278,2,home,671922,1,0,1
23278,2,home,656876,1,1,0
23278,2,home,656641,1,1,1
23278,2,home,686973,1,1,0
23278,2,away,695505,1,1,1
23278,2,away,666200,0,0,1
23278,2,away,661395,1,1,0
23278,2,away,695243,0,0,1
23278,2,away,628452,1,0,1
23278,2,away,808967,0,0,0
23278,3,home,547973,1,1,0
23278,3,home,641329,1,0,1
23278,3,home,671922,1,1,0
23278,3,home,656876,0,0,1
23278,3,home,656641,1,1,0
23278,3,home,686973,0,0,1
23278,3,away,695505,1,1,1
23278,3,away,666200,1,1,0
23278,3,away,661395,0,0,1
23278,3,away,695243,1,1,1
23278,3,away,628452,1,1,0
23278,3,away,808967,0,0,1
23278,4,home,547973,0,0,1
23278,4,home,641329,1,1,0
23278,4,home,671922,0,0,1
23278,4,home,656876,1,0,1
23278,4,home,656641,0,0,1
23278,4,home,686973,1,1,0
23278,4,away,695505,1,1,1
23278,4,away,666200,0,0,0
23278,4,away,661395,1,1,1
23278,4,away,695243,1,0,1
23278,4,away,628452,0,0,1
23278,4,away,808967,1,1,0
23279,1,home,547973,1,1,0
23279,1,home,641329,1,1,0
23279,1,home,671922,1,0,1
23279,1,home,656876,1,0,1
23279,1,home,656641,1,1,0
23279,1,home,686973,1,0,1
23279,1,away,695505,1,1,0
23279,1,away,666200,1,1,0
23279,1,away,661395,1,0,1
23279,1,away,695243,1,1,0
23279,1,away,628452,1,0,1
23279,1,away,808967,1,1,0
23279,2,home,547973,0,0,1
23279,2,home,641329,0,0,1
23279,2,home,671922,1,0,1
23279,2,home,656876,1,1,1
23279,2,home,656641,0,0,1
23279,2,home,686973,1,1,1
23279,2,away,695505,0,0,1
23279,2,away,666200,0,0,1
23279,2,away,661395,1,1,0
23279,2,away,695243,0,0,1
23279,2,away,628452,1,1,0
23279,2,away,808967,0,0,1
23279,3,home,547973,1,0,1
23279,3,home,641329,1,0,1
23279,3,home,671922,1,1,0
23279,3,home,656876,1,1,1
23279,3,home,656641,1,1,1
23279,3,home,686973,1,0,1
23279,3,away,695505,1,1,1
23279,3,away,666200,1,1,1
23279,3,away,661395,0,0,1
23279,3,away,695243,1,1,0
23279,3,away,628452,0,0,1
23279,3,away,808967,1,0,1
23279,4,home,547973,1,1,0
23279,4,home,641329,1,1,1
23279,4,home,671922,0,0,1
23279,4,home,656876,1,1,0
23279,4,home,656641,1,1,1
23279,4,home,686973,1,1,0
23279,4,away,695505,1,1,0
23279,4,away,666200,1,1,0
23279,4,away,661395,1,1,0
23279,4,away,695243,0,0,1
23279,4,away,628452,1,1,1
23279,4,away,808967,1,1,0
23280,1,home,547973,1,1,0
23280,1,home,641329,1,0,1
23280,1,home,671922,1,1,0
23280,1,home,656876,1,0,1
23280,1,home,656641,1,1,1
23280,1,home,686973,1,0,1
23280,1,away,695505,1,1,0
23280,1,away,666200,1,1,0
23280,1,away,661395,1,0,1
23280,1,away,695243,1,1,0
23280,1,away,628452,1,1,0
23280,1,away,808967,1,1,0
23280,2,home,547973,0,0,1
23280,2,home,641329,1,0,1
23280,2,home,671922,0,0,1
23280,2,home,656876,1,0,1
23280,2,home,656641,1,0,1
23280,2,home,686973,1,0,1
23280,2,away,695505,0,0,1
23280,2,away,666200,0,0,1
23280,2,away,661395,1,0,1
23280,2,away,695243,0,0,1
23280,2,away,628452,0,0,1
23280,2,away,808967,0,0,1
23280,3,home,547973,1,1,0
23280,3,home,641329,1,0,1
23280,3,home,671922,1,1,1
23280,3,home,656876,1,1,1
23280,3,home,656641,1,1,0
23280,3,home,686973,1,0,1
23280,3,away,695505,1,1,0
23280,3,away,666200,1,1,0
23280,3,away,661395,1,1,1
23280,3,away,695243,1,1,0
23280,3,away,628452,1,1,1
23280,3,away,808967,1,1,0
23280,4,home,547973,0,0,1
23280,4,home,641329,1,1,1
23280,4,home,671922,1,1,1
23280,4,home,656876,1,1,0
23280,4,home,656641,0,0,0
23280,4,home,686973,1,0,1
23280,4,away,695505,0,0,1
23280,4,away,666200,0,0,1
23280,4,away,661395,1,1,0
23280,4,away,695243,0,0,0
23280,4,away,628452,1,1,0
23280,4,away,808967,0,0,1
23281,1,home,547973,1,0,1
23281,1,home,641329,1,0,1
23281,1,home,671922,1,1,0
23281,1,home,656876,1,1,0
23281,1,home,656641,1,1,0
23281,1,home,686973,1,1,1
23281,1,away,695505,1,1,0
23281,1,away,666200,1,1,0
23281,1,away,661395,1,1,1
23281,1,away,695243,1,1,0
23281,1,away,628452,1,0,1
23281,1,away,808967,1,1,0
23281,2,home,547973,1,0,1
23281,2,home,641329,1,0,1
23281,2,home,671922,0,0,1
23281,2,home,656876,0,0,1
23281,2,home,656641,0,0,1
23281,2,home,686973,1,0,1
23281,2,away,695505,0,0,1
23281,2,away,666200,0,0,1
23281,2,away,661395,1,0,1
23281,2,away,695243,0,0,1
23281,2,away,628452,1,0,1
23281,2,away,808967,0,0,1
23281,3,home,547973,1,0,1
23281,3,home,641329,1,0,1
23281,3,home,671922,1,1,0
23281,3,home,656876,1,1,0
23281,3,home,656641,1,0,1
23281,3,home,686973,1,0,1
23281,3,away,695505,1,1,0
23281,3,away,666200,1,1,0
23281,3,away,661395,1,0,1
23281,3,away,695243,1,1,0
23281,3,away,628452,1,0,1
23281,3,away,808967,1,1,0
23281,4,home,547973,1,1,0
23281,4,home,641329,1,0,1
23281,4,home,671922,0,0,1
23281,4,home,656876,0,0,0
23281,4,home,656641,1,1,1
23281,4,home,686973,1,1,0
23281,4,away,695505,0,0,1
23281,4,away,666200,0,0,1
23281,4,away,661395,1,1,0
23281,4,away,695243,0,0,1
23281,4,away,628452,1,1,0
23281,4,away,808967,0,0,1
23282,1,home,547973,1,0,1
23282,1,home,641329,1,0,1
23282,1,home,671922,1,1,0
23282,1,home,656876,1,1,0
23282,1,home,656641,1,0,1
23282,1,home,686973,1,0,1
23282,1,away,695505,1,1,0
23282,1,away,666200,1,1,0
23282,1,away,661395,1,0,1
23282,1,away,695243,1,1,1
23282,1,away,628452,1,0,1
23282,1,away,808967,1,1,0
23282,2,home,547973,1,1,0
23282,2,home,641329,1,0,1
23282,2,home,671922,0,0,0
23282,2,home,656876,0,0,1
23282,2,home,656641,1,1,1
23282,2,home,686973,1,1,0
23282,2,away,695505,0,0,1
23282,2,away,666200,0,0,1
23282,2,away,661395,1,0,1
23282,2,away,695243,1,1,1
23282,2,away,628452,1,1,0
23282,2,away,808967,0,0,1
23282,3,home,547973,0,0,1
23282,3,home,641329,1,1,0
23282,3,home,671922,0,0,1
23282,3,home,656876,1,0,1
23282,3,home,656641,1,0,1
23282,3,home,686973,0,0,0
23282,3,away,695505,1,1,0
23282,3,away,666200,1,1,1
23282,3,away,661395,1,0,1
23282,3,away,695243,1,1,0
23282,3,away,628452,0,0,1
23282,3,away,808967,1,1,0
23282,4,home,547973,1,1,1
23282,4,home,641329,0,0,1
23282,4,home,671922,1,0,1
23282,4,home,656876,1,0,1
23282,4,home,656641,1,0,1
23282,4,home,686973,0,0,1
23282,4,away,695505,0,0,1
23282,4,away,666200,1,1,0
23282,4,away,661395,1,0,1
23282,4,away,695243,0,0,0
23282,4,away,628452,1,1,0
23282,4,away,808967,0,0,0
23283,1,home,547973,1,0,1
23283,1,home,641329,1,0,1
23283,1,home,671922,1,1,0
23283,1,home,656876,1,1,1
23283,1,home,656641,1,0,1
23283,1,home,686973,1,0,1
23283,1,away,695505,1,1,0
23283,1,away,666200,1,1,0
23283,1,away,661395,1,0,1
23283,1,away,695243,1,1,1
23283,1,away,628452,1,0,1
23283,1,away,808967,1,0,1
23283,2,home,547973,1,1,0
23283,2,home,641329,1,0,1
23283,2,home,671922,0,0,1
23283,2,home,656876,1,1,0
23283,2,home,656641,1,1,0
23283,2,home,686973,1,0,1
23283,2,away,695505,0,0,1
23283,2,away,666200,0,0,1
23283,2,away,661395,1,1,0
23283,2,away,695243,1,1,0
23283,2,away,628452,1,0,1
23283,2,away,808967,1,1,0
23283,3,home,547973,0,0,0
23283,3,home,641329,1,0,1
23283,3,home,671922,1,0,1
23283,3,home,656876,0,0,0
23283,3,home,656641,0,0,1
23283,3,home,686973,1,1,0
23283,3,away,695505,1,1,0
23283,3,away,666200,1,1,0
23283,3,away,661395,0,0,1
23283,3,away,695243,0,0,0
23283,3,away,628452,1,1,0
23283,3,away,808967,0,0,1
23283,4,home,547973,0,0,1
23283,4,home,641329,1,1,0
23283,4,home,671922,1,1,0
23283,4,home,656876,0,0,1
23283,4,home,656641,1,1,0
23283,4,home,686973,0,0,1
23283,4,away,695505,0,0,1
23283,4,away,666200,0,0,1
23283,4,away,661395,1,0,1
23283,4,away,695243,0,0,1
23283,4,away,628452,0,0,1
23283,4,away,808967,1,1,0
23284,1,home,547973,1,1,0
23284,1,home,641329,1,0,1
23284,1,home,671922,1,0,1
23284,1,home,656876,1,1,1
23284,1,home,656641,1,1,0
23284,1,home,686973,1,1,0
23284,1,away,695505,1,1,1
23284,1,away,666200,1,1,1
23284,1,away,661395,1,0,1
23284,1,away,695243,1,1,1
23284,1,away,628452,1,0,1
23284,1,away,808967,1,1,0
23284,2,home,547973,0,0,1
23284,2,home,641329,1,0,1
23284,2,home,671922,1,1,0
23284,2,home,656876,1,1,1
23284,2,home,656641,0,0,1
23284,2,home,686973,0,0,1
23284,2,away,695505,1,1,1
23284,2,away,666200,1,0,1
23284,2,away,661395,1,1,0
23284,2,away,695243,1,1,1
23284,2,away,628452,1,1,0
23284,2,away,808967,0,0,1
23284,3,home,547973,1,1,0
23284,3,home,641329,1,0,1
23284,3,home,671922,0,0,1
23284,3,home,656876,1,0,1
23284,3,home,656641,1,0,1
23284,3,home,686973,1,1,1
23284,3,away,695505,1,1,0
23284,3,away,666200,1,0,1
23284,3,away,661395,0,0,1
23284,3,away,695243,1,1,1
23284,3,away,628452,0,0,1
23284,3,away,808967,1,1,0
23284,4,home,547973,0,0,1
23284,4,home,641329,1,0,1
23284,4,home,671922,1,1,0
23284,4,home,656876,1,1,1
23284,4,home,656641,1,1,0
23284,4,home,686973,1,0,1
23284,4,away,695505,0,0,1
23284,4,away,666200,1,1,0
23284,4,away,661395,1,1,1
23284,4,away,695243,1,1,1
23284,4,away,628452,1,0,1
23284,4,away,808967,0,0,1
23285,1,home,547973,1,0,1
23285,1,home,641329,1,0,1
23285,1,home,671922,1,0,1
23285,1,home,656876,1,0,1
23285,1,home,656641,1,0,1
23285,1,home,686973,1,1,1
23285,1,away,695505,1,0,1
23285,1,away,666200,1,1,0
23285,1,away,661395,1,0,1
23285,1,away,695243,1,1,1
23285,1,away,628452,1,0,1
23285,1,away,808967,1,0,1
23285,2,home,547973,1,0,1
23285,2,home,641329,1,0,1
23285,2,home,671922,1,0,1
23285,2,home,656876,1,1,0
23285,2,home,656641,1,1,1
23285,2,home,686973,1,1,1
23285,2,away,695505,1,1,1
23285,2,away,666200,0,0,1
23285,2,away,661395,1,0,1
23285,2,away,695243,1,1,0
23285,2,away,628452,1,1,0
23285,2,away,808967,1,1,0
23285,3,home,547973,1,0,1
23285,3,home,641329,1,0,1
23285,3,home,671922,1,0,1
23285,3,home,656876,0,0,1
23285,3,home,656641,1,1,1
23285,3,home,686973,1,0,1
23285,3,away,695505,1,1,1
23285,3,away,666200,1,0,1
23285,3,away,661395,1,1,0
23285,3,away,695243,0,0,1
23285,3,away,628452,0,0,1
23285,3,away,808967,0,0,1
23285,4,home,547973,1,1,1
23285,4,home,641329,1,0,1
23285,4,home,671922,1,0,1
23285,4,home,656876,1,1,1
23285,4,home,656641,1,0,1
23285,4,home,686973,1,1,0
23285,4,away,695505,1,1,0
23285,4,away,666200,1,1,1
23285,4,away,661395,0,0,1
23285,4,away,695243,1,1,0
23285,4,away,628452,1,0,1
23285,4,away,808967,1,1,1
23286,1,home,547973,1,0,1
23286,1,home,641329,1,1,0
23286,1,home,671922,1,0,1
23286,1,home,656876,1,0,1
23286,1,home,656641,1,1,0
23286,1,home,686973,1,1,0
23286,1,away,695505,1,1,0
23286,1,away,666200,1,1,0
23286,1,away,661395,1,0,1
23286,1,away,695243,1,1,1
23286,1,away,628452,1,0,1
23286,1,away,808967,1,0,1
23286,2,home,547973,1,1,0
23286,2,home,641329,0,0,1
23286,2,home,671922,1,1,0
23286,2,home,656876,1,0,1
23286,2,home,656641,0,0,1
23286,2,home,686973,0,0,1
23286,2,away,695505,0,0,1
23286,2,away,666200,0,0,1
23286,2,away,661395,1,1,0
23286,2,away,695243,1,1,0
23286,2,away,628452,1,0,1
23286,2,away,808967,1,1,1
23286,3,home,547973,0,0,1
23286,3,home,641329,1,1,1
23286,3,home,671922,0,0,1
23286,3,home,656876,1,0,1
23286,3,home,656641,1,0,1
23286,3,home,686973,1,0,1
23286,3,away,695505,1,0,1
23286,3,away,666200,1,0,1
23286,3,away,661395,0,0,1
23286,3,away,695243,0,0,1
23286,3,away,628452,1,0,1
23286,3,away,808967,1,0,1
23286,4,home,547973,1,0,1
23286,4,home,641329,1,0,1
23286,4,home,671922,1,1,0
23286,4,home,656876,1,1,1
23286,4,home,656641,1,1,1
23286,4,home,686973,1,0,1
23286,4,away,695505,1,1,1
23286,4,away,666200,1,1,0
23286,4,away,661395,1,0,1
23286,4,away,695243,1,1,0
23286,4,away,628452,1,0,1
23286,4,away,808967,1,0,1
23287,1,home,547973,1,0,1
23287,1,home,641329,1,0,1
23287,1,home,671922,1,1,0
23287,1,home,656876,1,1,0
23287,1,home,656641,1,0,1
23287,1,home,686973,1,0,1
23287,1,away,695505,1,1,0
23287,1,away,666200,1,1,0
23287,1,away,661395,1,1,0
23287,1,away,695243,1,1,0
23287,1,away,628452,1,0,1
23287,1,away,808967,1,0,1
23287,2,home,547973,1,0,1
23287,2,home,641329,1,0,1
23287,2,home,671922,0,0,1
23287,2,home,656876,0,0,0
23287,2,home,656641,1,1,0
23287,2,home,686973,1,0,1
23287,2,away,695505,0,0,1
23287,2,away,666200,0,0,0
23287,2,away,661395,0,0,1
23287,2,away,695243,0,0,1
23287,2,away,628452,1,0,1
23287,2,away,808967,1,1,1
23287,3,home,547973,1,0,1
23287,3,home,641329,1,0,1
23287,3,home,671922,1,0,1
23287,3,home,656876,0,0,1
23287,3,home,656641,0,0,1
23287,3,home,686973,1,0,1
23287,3,away,695505,1,0,1
23287,3,away,666200,0,0,1
23287,3,away,661395,1,0,1
23287,3,away,695243,1,0,1
23287,3,away,628452,1,0,1
23287,3,away,808967,1,0,1
23287,4,home,547973,1,1,0
23287,4,home,641329,1,0,1
23287,4,home,671922,1,1,0
23287,4,home,656876,1,1,0
23287,4,home,656641,1,1,0
23287,4,home,686973,1,1,0
23287,4,away,695505,1,1,0
23287,4,away,666200,1,1,0
23287,4,away,661395,1,0,1
23287,4,away,695243,1,1,1
23287,4,away,628452,1,0,1
23287,4,away,808967,1,1,0
23288,1,home,547973,1,1,0
23288,1,home,641329,1,0,1
23288,1,home,671922,1,0,1
23288,1,home,656876,1,1,1
23288,1,home,656641,1,1,1
23288,1,home,686973,1,0,1
23288,1,away,695505,1,1,1
23288,1,away,666200,1,1,0
23288,1,away,661395,1,0,1
23288,1,away,695243,1,1,0
23288,1,away,628452,1,0,1
23288,1,away,808967,1,0,1
23288,2,home,547973,0,0,1
23288,2,home,641329,1,0,1
23288,2,home,671922,1,1,0
23288,2,home,656876,1,1,1
23288,2,home,656641,1,1,0
23288,2,home,686973,1,0,1
23288,2,away,695505,1,1,1
23288,2,away,666200,0,0,1
23288,2,away,661395,1,0,1
23288,2,away,695243,0,0,1
23288,2,away,628452,1,1,0
23288,2,away,808967,1,1,0
23288,3,home,547973,1,1,1
23288,3,home,641329,1,1,1
23288,3,home,671922,0,0,1
23288,3,home,656876,1,1,0
23288,3,home,656641,0,0,1
23288,3,home,686973,1,1,1
23288,3,away,695505,1,1,0
23288,3,away,666200,1,1,0
23288,3,away,661395,1,0,1
23288,3,away,695243,1,1,0
23288,3,away,628452,0,0,1
23288,3,away,808967,0,0,1
23288,4,home,547973,1,1,0
23288,4,home,641329,1,1,1
23288,4,home,671922,1,1,1
23288,4,home,656876,0,0,1
23288,4,home,656641,1,1,1
23288,4,home,686973,1,1,1
23288,4,away,695505,0,0,1
23288,4,away,666200,0,0,1
23288,4,away,661395,1,1,0
23288,4,away,695243,0,0,1
23288,4,away,628452,1,1,0
23288,4,away,808967,1,1,0
23289,1,home,547973,1,1,1
23289,1,home,641329,1,0,1
23289,1,home,671922,1,1,0
23289,1,home,656876,1,1,1
23289,1,home,656641,1,1,0
23289,1,home,686973,1,0,1
23289,1,away,695505,1,1,0
23289,1,away,666200,1,1,0
23289,1,away,661395,1,0,1
23289,1,away,695243,1,1,0
23289,1,away,628452,1,1,1
23289,1,away,808967,1,1,0
23289,2,home,547973,1,1,0
23289,2,home,641329,1,0,1
23289,2,home,671922,0,0,1
23289,2,home,656876,1,0,1
23289,2,home,656641,0,0,1
23289,2,home,686973,1,1,0
23289,2,away,695505,0,0,1
23289,2,away,666200,0,0,1
23289,2,away,661395,1,1,1
23289,2,away,695243,0,0,1
23289,2,away,628452,1,1,1
23289,2,away,808967,0,0,1
23289,3,home,547973,0,0,1
23289,3,home,641329,1,0,1
23289,3,home,671922,1,1,1
23289,3,home,656876,1,1,1
23289,3,home,656641,1,0,1
23289,3,home,686973,0,0,1
23289,3,away,695505,1,1,0
23289,3,away,666200,1,1,0
23289,3,away,661395,1,0,1
23289,3,away,695243,1,1,0
23289,3,away,628452,1,0,1
23289,3,away,808967,1,1,1
23289,4,home,547973,1,1,1
23289,4,home,641329,1,1,1
23289,4,home,671922,1,1,0
23289,4,home,656876,1,1,0
23289,4,home,656641,1,1,0
23289,4,home,686973,1,0,1
23289,4,away,695505,0,0,1
23289,4,away,666200,0,0,1
23289,4,away,661395,1,1,1
23289,4,away,695243,0,0,1
23289,4,away,628452,1,0,1
23289,4,away,808967,1,0,1
23290,1,home,547973,1,1,0
23290,1,home,641329,1,0,1
23290,1,home,671922,1,0,1
23290,1,home,656876,1,1,1
23290,1,home,656641,1,1,0
23290,1,home,686973,1,0,1
23290,1,away,695505,1,1,0
23290,1,away,666200,1,1,0
23290,1,away,661395,1,0,1
23290,1,away,695243,1,1,0
23290,1,away,628452,1,0,1
23290,1,away,808967,1,1,1
23290,2,home,547973,0,0,1
23290,2,home,641329,1,1,0
23290,2,home,671922,1,0,1
23290,2,home,656876,1,0,1
23290,2,home,656641,0,0,1
23290,2,home,686973,1,1,1
23290,2,away,695505,0,0,1
23290,2,away,666200,0,0,1
23290,2,away,661395,1,0,1
23290,2,away,695243,0,0,1
23290,2,away,628452,1,1,0
23290,2,away,808967,1,1,0
23290,3,home,547973,1,1,0
23290,3,home,641329,0,0,1
23290,3,home,671922,1,1,0
23290,3,home,656876,1,1,0
23290,3,home,656641,1,1,0
23290,3,home,686973,1,0,1
23290,3,away,695505,1,1,0
23290,3,away,666200,1,1,0
23290,3,away,661395,1,1,0
23290,3,away,695243,1,0,1
23290,3,away,628452,0,0,1
23290,3,away,808967,0,0,1
23290,4,home,547973,0,0,1
23290,4,home,641329,1,1,0
23290,4,home,671922,0,0,1
23290,4,home,656876,0,0,1
23290,4,home,656641,0,0,1
23290,4,home,686973,1,1,1
23290,4,away,695505,0,0,1
23290,4,away,666200,0,0,1
23290,4,away,661395,0,0,1
23290,4,away,695243,1,1,0
23290,4,away,628452,1,0,1
23290,4,away,808967,1,1,1
23291,1,home,547973,1,1,0
23291,1,home,641329,1,1,0
23291,1,home,671922,1,1,1
23291,1,home,656876,1,1,0
23291,1,home,656641,1,0,1
23291,1,home,686973,1,0,1
23291,1,away,695505,1,1,1
23291,1,away,666200,1,1,0
23291,1,away,661395,1,1,0
23291,1,away,695243,1,1,0
23291,1,away,628452,1,1,0
23291,1,away,808967,1,1,1
23291,2,home,547973,0,0,0
23291,2,home,641329,0,0,1
23291,2,home,671922,1,0,1
23291,2,home,656876,0,0,1
23291,2,home,656641,1,1,0
23291,2,home,686973,1,1,0
23291,2,away,695505,1,1,1
23291,2,away,666200,0,0,1
23291,2,away,661395,0,0,1
23291,2,away,695243,0,0,1
23291,2,away,628452,0,0,1
23291,2,away,808967,1,1,0
23291,3,home,547973,0,0,1
23291,3,home,641329,1,0,1
23291,3,home,671922,1,1,0
23291,3,home,656876,1,1,0
23291,3,home,656641,0,0,1
23291,3,home,686973,0,0,1
23291,3,away,695505,1,0,1
23291,3,away,666200,1,1,0
23291,3,away,661395,1,1,1
23291,3,away,695243,1,1,0
23291,3,away,628452,1,1,1
23291,3,away,808967,0,0,1
23291,4,home,547973,1,1,0
23291,4,home,641329,1,0,1
23291,4,home,671922,0,0,1
23291,4,home,656876,0,0,1
23291,4,home,656641,1,1,1
23291,4,home,686973,1,1,1
23291,4,away,695505,1,1,0
23291,4,away,666200,0,0,1
23291,4,away,661395,1,1,0
23291,4,away,695243,0,0,1
23291,4,away,628452,1,0,1
23291,4,away,808967,1,1,0
23292,1,home,547973,1,1,1
23292,1,home,641329,1,0,1
23292,1,home,671922,1,1,0
23292,1,home,656876,1,1,0
23292,1,home,656641,1,0,1
23292,1,home,686973,1,0,1
23292,1,away,695505,1,1,1
23292,1,away,666200,1,1,0
23292,1,away,661395,1,1,1
23292,1,away,695243,1,1,0
23292,1,away,628452,1,0,1
23292,1,away,808967,1,1,1
23292,2,home,547973,1,0,1
23292,2,home,641329,1,0,1
23292,2,home,671922,0,0,1
23292,2,home,656876,0,0,1
23292,2,home,656641,1,1,0
23292,2,home,686973,1,1,1
23292,2,away,695505,1,1,0
23292,2,away,666200,0,0,1
23292,2,away,661395,1,0,1
23292,2,away,695243,0,0,1
23292,2,away,628452,1,0,1
23292,2,away,808967,1,1,0
23292,3,home,547973,1,1,0
23292,3,home,641329,1,0,1
23292,3,home,671922,1,1,1
23292,3,home,656876,1,1,1
23292,3,home,656641,0,0,1
23292,3,home,686973,1,0,1
23292,3,away,695505,0,0,0
23292,3,away,666200,1,1,0
23292,3,away,661395,1,0,1
23292,3,away,695243,1,1,0
23292,3,away,628452,1,1,1
23292,3,away,808967,0,0,1
23292,4,home,547973,0,0,1
23292,4,home,641329,1,1,0
23292,4,home,671922,1,1,1
23292,4,home,656876,1,1,0
23292,4,home,656641,1,1,0
23292,4,home,686973,1,1,0
23292,4,away,695505,0,0,1
23292,4,away,666200,0,0,1
23292,4,away,661395,1,1,0
23292,4,away,695243,0,0,1
23292,4,away,628452,1,1,0
23292,4,away,808967,1,1,1
23293,1,home,547973,1,1,0
23293,1,home,641329,1,0,1
23293,1,home,671922,1,0,1
23293,1,home,656876,1,0,1
23293,1,home,656641,1,0,1
23293,1,home,686973,1,0,1
23293,1,away,695505,1,0,1
23293,1,away,666200,1,0,1
23293,1,away,661395,1,0,1
23293,1,away,695243,1,1,0
23293,1,away,628452,1,0,1
23293,1,away,808967,1,0,1
23293,2,home,547973,0,0,1
23293,2,home,641329,1,1,0
23293,2,home,671922,1,0,1
23293,2,home,656876,1,0,1
23293,2,home,656641,1,1,1
23293,2,home,686973,1,1,1
23293,2,away,695505,1,1,1
23293,2,away,666200,1,1,0
23293,2,away,661395,1,0,1
23293,2,away,695243,0,0,1
23293,2,away,628452,1,1,0
23293,2,away,808967,1,1,0
23293,3,home,547973,1,1,0
23293,3,home,641329,0,0,1
23293,3,home,671922,1,1,0
23293,3,home,656876,1,1,0
23293,3,home,656641,1,1,0
23293,3,home,686973,1,1,1
23293,3,away,695505,1,1,1
23293,3,away,666200,0,0,1
23293,3,away,661395,1,1,0
23293,3,away,695243,1,1,0
23293,3,away,628452,0,0,1
23293,3,away,808967,0,0,0
23293,4,home,547973,0,0,1
23293,4,home,641329,1,1,0
23293,4,home,671922,0,0,1
23293,4,home,656876,0,0,1
23293,4,home,656641,0,0,1
23293,4,home,686973,1,0,1
23293,4,away,695505,1,0,1
23293,4,away,666200,1,0,1
23293,4,away,661395,0,0,1
23293,4,away,695243,0,0,1
23293,4,away,628452,1,0,1
23293,4,away,808967,0,0,1
23294,1,home,547973,1,0,1
23294,1,home,641329,1,0,1
23294,1,home,671922,1,1,0
23294,1,home,656876,1,1,0
23294,1,home,656641,1,1,1
23294,1,home,686973,1,1,0
23294,1,away,695505,1,1,1
23294,1,away,666200,1,1,0
23294,1,away,661395,1,0,1
23294,1,away,695243,1,1,1
23294,1,away,628452,1,1,0
23294,1,away,808967,1,1,1
23294,2,home,547973,1,1,0
23294,2,home,641329,1,0,1
23294,2,home,671922,0,0,1
23294,2,home,656876,0,0,1
23294,2,home,656641,1,1,0
23294,2,home,686973,0,0,1
23294,2,away,695505,1,1,0
23294,2,away,666200,0,0,1
23294,2,away,661395,1,1,1
23294,2,away,695243,1,1,0
23294,2,away,628452,0,0,1
23294,2,away,808967,1,1,0
23294,3,home,547973,0,0,1
23294,3,home,641329,1,1,0
23294,3,home,671922,1,1,0
23294,3,home,656876,1,1,0
23294,3,home,656641,0,0,1
23294,3,home,686973,1,1,0
23294,3,away,695505,0,0,1
23294,3,away,666200,1,1,1
23294,3,away,661395,1,1,1
23294,3,away,695243,0,0,1
23294,3,away,628452,1,1,0
23294,3,away,808967,0,0,1
23294,4,home,547973,1,1,0
23294,4,home,641329,0,0,1
23294,4,home,671922,0,0,1
23294,4,home,656876,0,0,0
23294,4,home,656641,1,1,1
23294,4,home,686973,0,0,1
23294,4,away,695505,1,1,0
23294,4,away,666200,1,1,1
23294,4,away,661395,1,0,1
23294,4,away,695243,1,1,0
23294,4,away,628452,0,0,0
23294,4,away,808967,1,0,1
23295,1,home,547973,1,0,1
23295,1,home,641329,1,0,1
23295,1,home,671922,1,1,0
23295,1,home,656876,1,1,1
23295,1,home,656641,1,0,1
23295,1,home,686973,1,0,1
23295,1,away,695505,1,1,0
23295,1,away,666200,1,1,0
23295,1,away,661395,1,0,1
23295,1,away,695243,1,1,0
23295,1,away,628452,1,0,1
23295,1,away,808967,1,1,0
23295,2,home,547973,1,1,1
23295,2,home,641329,1,0,1
23295,2,home,671922,0,0,1
23295,2,home,656876,1,1,0
23295,2,home,656641,1,1,1
23295,2,home,686973,1,1,1
23295,2,away,695505,0,0,1
23295,2,away,666200,0,0,1
23295,2,away,661395,1,1,0
23295,2,away,695243,0,0,1
23295,2,away,628452,1,1,0
23295,2,away,808967,0,0,1
23295,3,home,547973,1,0,1
23295,3,home,641329,1,0,1
23295,3,home,671922,1,1,0
23295,3,home,656876,0,0,1
23295,3,home,656641,1,1,0
23295,3,home,686973,1,0,1
23295,3,away,695505,1,1,1
23295,3,away,666200,1,1,0
23295,3,away,661395,0,0,1
23295,3,away,695243,1,1,0
23295,3,away,628452,0,0,1
23295,3,away,808967,1,0,1
23295,4,home,547973,1,1,0
23295,4,home,641329,1,1,0
23295,4,home,671922,0,0,1
23295,4,home,656876,1,0,1
23295,4,home,656641,0,0,0
23295,4,home,686973,1,1,0
23295,4,away,695505,1,1,0
23295,4,away,666200,0,0,1
23295,4,away,661395,1,1,0
23295,4,away,695243,0,0,0
23295,4,away,628452,1,0,1
23295,4,away,808967,1,1,0
23296,1,home,547973,1,1,0
23296,1,home,641329,1,0,1
23296,1,home,671922,1,1,0
23296,1,home,656876,1,1,0
23296,1,home,656641,1,0,1
23296,1,home,686973,1,0,1
23296,1,away,695505,1,1,0
23296,1,away,666200,1,1,0
23296,1,away,661395,1,0,1
23296,1,away,695243,1,0,1
23296,1,away,628452,1,0,1
23296,1,away,808967,1,1,1
23296,2,home,547973,0,0,1
23296,2,home,641329,1,1,0
23296,2,home,671922,0,0,1
23296,2,home,656876,0,0,1
23296,2,home,656641,1,1,0
23296,2,home,686973,1,1,0
23296,2,away,695505,0,0,1
23296,2,away,666200,0,0,1
23296,2,away,661395,1,1,0
23296,2,away,695243,1,1,0
23296,2,away,628452,1,0,1
23296,2,away,808967,1,1,0
23296,3,home,547973,1,1,0
23296,3,home,641329,0,0,1
23296,3,home,671922,1,0,1
23296,3,home,656876,1,0,1
23296,3,home,656641,0,0,1
23296,3,home,686973,0,0,1
23296,3,away,695505,1,1,0
23296,3,away,666200,1,1,0
23296,3,away,661395,0,0,1
23296,3,away,695243,0,0,1
23296,3,away,628452,1,1,0
23296,3,away,808967,0,0,0
23296,4,home,547973,0,0,0
23296,4,home,641329,1,1,0
23296,4,home,671922,1,0,1
23296,4,home,656876,1,0,1
23296,4,home,656641,1,0,1
23296,4,home,686973,1,0,1
23296,4,away,695505,0,0,1
23296,4,away,666200,0,0,1
23296,4,away,661395,1,0,1
23296,4,away,695243,1,0,1
23296,4,away,628452,0,0,0
23296,4,away,808967,0,0,1
