sequence,game,policies,home_initial_rest,away_initial_rest,home_wins_before,away_wins_before,home_score,away_score,terminal_result,winner,post_clinch,decisions
8449,1,"{""single"":[""solutions/game_1/single/rest-111111/top"",""solutions/game_1/single/rest-111111/bot""],""total"":[""solutions/game_1/total/rest-111111/top"",""solutions/game_1/total/rest-111111/bot""]}","[1,1,1,1,1,1]","[1,1,1,1,1,1]",0,0,0,8,away_win,away,0,36
8449,2,"{""single"":[""solutions/game_2/single/rest-111111/top"",""solutions/game_2/single/rest-111111/bot""],""total"":[""solutions/game_2/total/rest-111111/top"",""solutions/game_2/total/rest-111111/bot""]}","[1,1,1,1,1,1]","[1,1,1,1,1,1]",0,1,3,4,away_win,away,0,80
8449,3,"{""single"":[""solutions/game_3/single/rest-011001/top"",""solutions/game_3/single/rest-001011/bot""],""total"":[""solutions/game_3/total/rest-011001/top"",""solutions/game_3/total/rest-001011/bot""]}","[0,1,1,0,0,1]","[0,0,1,0,1,1]",0,2,2,1,home_win,home,0,72
8449,4,"{""single"":[""solutions/game_4/single/rest-000110/top"",""solutions/game_4/single/rest-011100/bot""],""total"":[""solutions/game_4/total/rest-000110/top"",""solutions/game_4/total/rest-011100/bot""]}","[0,0,0,1,1,0]","[0,1,1,1,0,0]",1,2,9,1,home_win,home,0,37
8449,5,"{""single"":[""solutions/game_5/single/rest-111111/top"",""solutions/game_5/single/rest-111111/bot""],""total"":[""solutions/game_5/single/rest-111111/top"",""solutions/game_5/single/rest-111111/bot""]}","[1,1,1,1,1,1]","[1,1,1,1,1,1]",2,2,0,6,away_win,away,0,85
8450,1,"{""single"":[""solutions/game_1/single/rest-111111/top"",""solutions/game_1/single/rest-111111/bot""],""total"":[""solutions/game_1/total/rest-111111/top"",""solutions/game_1/total/rest-111111/bot""]}","[1,1,1,1,1,1]","[1,1,1,1,1,1]",0,0,10,6,home_win,home,0,93
8450,2,"{""single"":[""solutions/game_2/single/rest-111111/top"",""solutions/game_2/single/rest-111011/bot""],""total"":[""solutions/game_2/total/rest-111111/top"",""solutions/game_2/total/rest-111011/bot""]}","[1,1,1,1,1,1]","[1,1,1,0,1,1]",1,0,8,11,away_win,away,0,90
8450,3,"{""single"":[""solutions/game_3/single/rest-010001/top"",""solutions/game_3/single/rest-101101/bot""],""total"":[""solutions/game_3/total/rest-010001/top"",""solutions/game_3/total/rest-101101/bot""]}","[0,1,0,0,0,1]","[1,0,1,1,0,1]",1,1,4,3,home_win,home,0,80
8450,4,"{""single"":[""solutions/game_4/single/rest-100110/top"",""solutions/game_4/single/rest-010110/bot""],""total"":[""solutions/game_4/total/rest-100110/top"",""solutions/game_4/total/rest-010110/bot""]}","[1,0,0,1,1,0]","[0,1,0,1,1,0]",2,1,7,8,away_win,away,0,95
8450,5,"{""single"":[""solutions/game_5/single/rest-011011/top"",""solutions/game_5/single/rest-100001/bot""],""total"":[""solutions/game_5/single/rest-011011/top"",""solutions/game_5/single/rest-100001/bot""]}","[0,1,1,0,1,1]","[1,0,0,0,0,1]",2,2,7,2,home_win,home,0,80
8451,1,"{""single"":[""solutions/game_1/single/rest-111111/top"",""solutions/game_1/single/rest-111111/bot""],""total"":[""solutions/game_1/total/rest-111111/top"",""solutions/game_1/total/rest-111111/bot""]}","[1,1,1,1,1,1]","[1,1,1,1,1,1]",0,0,6,6,tie,away,0,94
8451,2,"{""single"":[""solutions/game_2/single/rest-010001/top"",""solutions/game_2/single/rest-001111/bot""],""total"":[""solutions/game_2/total/rest-010001/top"",""solutions/game_2/total/rest-001111/bot""]}","[0,1,0,0,0,1]","[0,0,1,1,1,1]",0,1,4,3,home_win,home,0,84
8451,3,"{""single"":[""solutions/game_3/single/rest-101100/top"",""solutions/game_3/single/rest-110010/bot""],""total"":[""solutions/game_3/total/rest-101100/top"",""solutions/game_3/total/rest-110010/bot""]}","[1,0,1,1,0,0]","[1,1,0,0,1,0]",1,1,5,4,home_win,home,0,76
8451,4,"{""single"":[""solutions/game_4/single/rest-010111/top"",""solutions/game_4/single/rest-011100/bot""],""total"":[""solutions/game_4/total/rest-010111/top"",""solutions/game_4/total/rest-011100/bot""]}","[0,1,0,1,1,1]","[0,1,1,1,0,0]",2,1,2,7,away_win,away,0,87
8451,5,"{""single"":[""solutions/game_5/single/rest-111110/top"",""solutions/game_5/single/rest-110011/bot""],""total"":[""solutions/game_5/single/rest-111110/top"",""solutions/game_5/single/rest-110011/bot""]}","[1,1,1,1,1,0]","[1,1,0,0,1,1]",2,2,2,1,home_win,home,0,73
8452,1,"{""single"":[""solutions/game_1/single/rest-111111/top"",""solutions/game_1/single/rest-111111/bot""],""total"":[""solutions/game_1/total/rest-111111/top"",""solutions/game_1/total/rest-111111/bot""]}","[1,1,1,1,1,1]","[1,1,1,1,1,1]",0,0,5,4,home_win,home,0,85
8452,2,"{""single"":[""solutions/game_2/single/rest-111111/top"",""solutions/game_2/single/rest-101111/bot""],""total"":[""solutions/game_2/total/rest-111111/top"",""solutions/game_2/total/rest-101111/bot""]}","[1,1,1,1,1,1]","[1,0,1,1,1,1]",1,0,3,5,away_win,away,0,87
8452,3,"{""single"":[""solutions/game_3/single/rest-110101/top"",""solutions/game_3/single/rest-010010/bot""],""total"":[""solutions/game_3/total/rest-110101/top"",""solutions/game_3/total/rest-010010/bot""]}","[1,1,0,1,0,1]","[0,1,0,0,1,0]",1,1,3,8,away_win,away,0,96
8452,4,"{""single"":[""solutions/game_4/single/rest-001011/top"",""solutions/game_4/single/rest-101111/bot""],""total"":[""solutions/game_4/total/rest-001011/top"",""solutions/game_4/total/rest-101111/bot""]}","[0,0,1,0,1,1]","[1,0,1,1,1,1]",1,2,4,2,home_win,home,0,79
8452,5,"{""single"":[""solutions/game_5/single/rest-111100/top"",""solutions/game_5/single/rest-110101/bot""],""total"":[""solutions/game_5/single/rest-111100/top"",""solutions/game_5/single/rest-110101/bot""]}","[1,1,1,1,0,0]","[1,1,0,1,0,1]",2,2,6,14,away_win,away,0,93
8453,1,"{""single"":[""solutions/game_1/single/rest-111111/top"",""solutions/game_1/single/rest-111111/bot""],""total"":[""solutions/game_1/total/rest-111111/top"",""solutions/game_1/total/rest-111111/bot""]}","[1,1,1,1,1,1]","[1,1,1,1,1,1]",0,0,0,8,away_win,away,0,71
8453,2,"{""single"":[""solutions/game_2/single/rest-010011/top"",""solutions/game_2/single/rest-111110/bot""],""total"":[""solutions/game_2/total/rest-010011/top"",""solutions/game_2/total/rest-111110/bot""]}","[0,1,0,0,1,1]","[1,1,1,1,1,0]",0,1,5,1,home_win,home,0,77
8453,3,"{""single"":[""solutions/game_3/single/rest-101110/top"",""solutions/game_3/single/rest-110101/bot""],""total"":[""solutions/game_3/total/rest-101110/top"",""solutions/game_3/total/rest-110101/bot""]}","[1,0,1,1,1,0]","[1,1,0,1,0,1]",1,1,1,9,away_win,away,0,76
8453,4,"{""single"":[""solutions/game_4/single/rest-110011/top"",""solutions/game_4/single/rest-001111/bot""],""total"":[""solutions/game_4/total/rest-110011/top"",""solutions/game_4/total/rest-001111/bot""]}","[1,1,0,0,1,1]","[0,0,1,1,1,1]",1,2,8,6,home_win,home,0,93
8453,5,"{""single"":[""solutions/game_5/single/rest-001111/top"",""solutions/game_5/single/rest-110111/bot""],""total"":[""solutions/game_5/single/rest-001111/top"",""solutions/game_5/single/rest-110111/bot""]}","[0,0,1,1,1,1]","[1,1,0,1,1,1]",2,2,5,4,home_win,home,0,77
8454,1,"{""single"":[""solutions/game_1/single/rest-111111/top"",""solutions/game_1/single/rest-111111/bot""],""total"":[""solutions/game_1/total/rest-111111/top"",""solutions/game_1/total/rest-111111/bot""]}","[1,1,1,1,1,1]","[1,1,1,1,1,1]",0,0,2,3,away_win,away,0,80
8454,2,"{""single"":[""solutions/game_2/single/rest-011001/top"",""solutions/game_2/single/rest-001111/bot""],""total"":[""solutions/game_2/total/rest-011001/top"",""solutions/game_2/total/rest-001111/bot""]}","[0,1,1,0,0,1]","[0,0,1,1,1,1]",0,1,2,1,home_win,home,0,71
8454,3,"{""single"":[""solutions/game_3/single/rest-111111/top"",""solutions/game_3/single/rest-111100/bot""],""total"":[""solutions/game_3/total/rest-111111/top"",""solutions/game_3/total/rest-111100/bot""]}","[1,1,1,1,1,1]","[1,1,1,1,0,0]",1,1,1,9,away_win,away,0,50
8454,4,"{""single"":[""solutions/game_4/single/rest-011011/top"",""solutions/game_4/single/rest-111111/bot""],""total"":[""solutions/game_4/total/rest-011011/top"",""solutions/game_4/total/rest-111111/bot""]}","[0,1,1,0,1,1]","[1,1,1,1,1,1]",1,2,8,0,home_win,home,0,68
8454,5,"{""single"":[""solutions/game_5/single/rest-111100/top"",""solutions/game_5/single/rest-111111/bot""],""total"":[""solutions/game_5/single/rest-111100/top"",""solutions/game_5/single/rest-111111/bot""]}","[1,1,1,1,0,0]","[1,1,1,1,1,1]",2,2,4,1,home_win,home,0,80
8455,1,"{""single"":[""solutions/game_1/single/rest-111111/top"",""solutions/game_1/single/rest-111111/bot""],""total"":[""solutions/game_1/total/rest-111111/top"",""solutions/game_1/total/rest-111111/bot""]}","[1,1,1,1,1,1]","[1,1,1,1,1,1]",0,0,12,3,home_win,home,0,79
8455,2,"{""single"":[""solutions/game_2/single/rest-111011/top"",""solutions/game_2/single/rest-111101/bot""],""total"":[""solutions/game_2/total/rest-111011/top"",""solutions/game_2/total/rest-111101/bot""]}","[1,1,1,0,1,1]","[1,1,1,1,0,1]",1,0,8,0,home_win,home,0,20
8455,3,"{""single"":[""solutions/game_3/single/rest-111111/top"",""solutions/game_3/single/rest-111111/bot""],""total"":[""solutions/game_3/total/rest-111111/top"",""solutions/game_3/total/rest-111111/bot""]}","[1,1,1,1,1,1]","[1,1,1,1,1,1]",2,0,11,2,home_win,home,0,61
8455,4,"{""single"":[""solutions/game_4/single/rest-111101/top"",""solutions/game_4/single/rest-111111/bot""],""total"":[""solutions/game_4/total/rest-111101/top"",""solutions/game_4/total/rest-111111/bot""]}","[1,1,1,1,0,1]","[1,1,1,1,1,1]",3,0,2,10,away_win,away,1,67
8455,5,"{""single"":[""solutions/game_5/single/rest-010011/top"",""solutions/game_5/single/rest-001111/bot""],""total"":[""solutions/game_5/single/rest-010011/top"",""solutions/game_5/single/rest-001111/bot""]}","[0,1,0,0,1,1]","[0,0,1,1,1,1]",3,1,9,0,home_win,home,1,22
8456,1,"{""single"":[""solutions/game_1/single/rest-111111/top"",""solutions/game_1/single/rest-111111/bot""],""total"":[""solutions/game_1/total/rest-111111/top"",""solutions/game_1/total/rest-111111/bot""]}","[1,1,1,1,1,1]","[1,1,1,1,1,1]",0,0,8,10,away_win,away,0,89
8456,2,"{""single"":[""solutions/game_2/single/rest-010011/top"",""solutions/game_2/single/rest-101011/bot""],""total"":[""solutions/game_2/total/rest-010011/top"",""solutions/game_2/total/rest-101011/bot""]}","[0,1,0,0,1,1]","[1,0,1,0,1,1]",0,1,8,7,home_win,home,0,82
8456,3,"{""single"":[""solutions/game_3/single/rest-111101/top"",""solutions/game_3/single/rest-110111/bot""],""total"":[""solutions/game_3/total/rest-111101/top"",""solutions/game_3/total/rest-110111/bot""]}","[1,1,1,1,0,1]","[1,1,0,1,1,1]",1,1,3,2,home_win,home,0,77
8456,4,"{""single"":[""solutions/game_4/single/rest-110111/top"",""solutions/game_4/single/rest-010111/bot""],""total"":[""solutions/game_4/total/rest-110111/top"",""solutions/game_4/total/rest-010111/bot""]}","[1,1,0,1,1,1]","[0,1,0,1,1,1]",2,1,1,5,away_win,away,0,77
8456,5,"{""single"":[""solutions/game_5/single/rest-111000/top"",""solutions/game_5/single/rest-111110/bot""],""total"":[""solutions/game_5/single/rest-111000/top"",""solutions/game_5/single/rest-111110/bot""]}","[1,1,1,0,0,0]","[1,1,1,1,1,0]",2,2,2,4,away_win,away,0,80
8457,1,"{""single"":[""solutions/game_1/single/rest-111111/top"",""solutions/game_1/single/rest-111111/bot""],""total"":[""solutions/game_1/total/rest-111111/top"",""solutions/game_1/total/rest-111111/bot""]}","[1,1,1,1,1,1]","[1,1,1,1,1,1]",0,0,3,2,home_win,home,0,77
8457,2,"{""single"":[""solutions/game_2/single/rest-010011/top"",""solutions/game_2/single/rest-011010/bot""],""total"":[""solutions/game_2/total/rest-010011/top"",""solutions/game_2/total/rest-011010/bot""]}","[0,1,0,0,1,1]","[0,1,1,0,1,0]",1,0,4,3,home_win,home,0,75
8457,3,"{""single"":[""solutions/game_3/single/rest-101100/top"",""solutions/game_3/single/rest-010111/bot""],""total"":[""solutions/game_3/total/rest-101100/top"",""solutions/game_3/total/rest-010111/bot""]}","[1,0,1,1,0,0]","[0,1,0,1,1,1]",2,0,7,4,home_win,home,0,81
8457,4,"{""single"":[""solutions/game_4/single/rest-111111/top"",""solutions/game_4/single/rest-111101/bot""],""total"":[""solutions/game_4/total/rest-111111/top"",""solutions/game_4/total/rest-111101/bot""]}","[1,1,1,1,1,1]","[1,1,1,1,0,1]",3,0,3,8,away_win,away,1,88
8457,5,"{""single"":[""solutions/game_5/single/rest-100000/top"",""solutions/game_5/single/rest-110110/bot""],""total"":[""solutions/game_5/single/rest-100000/top"",""solutions/game_5/single/rest-110110/bot""]}","[1,0,0,0,0,0]","[1,1,0,1,1,0]",3,1,2,6,away_win,away,1,76
8458,1,"{""single"":[""solutions/game_1/single/rest-111111/top"",""solutions/game_1/single/rest-111111/bot""],""total"":[""solutions/game_1/total/rest-111111/top"",""solutions/game_1/total/rest-111111/bot""]}","[1,1,1,1,1,1]","[1,1,1,1,1,1]",0,0,8,0,home_win,home,0,51
8458,2,"{""single"":[""solutions/game_2/single/rest-111111/top"",""solutions/game_2/single/rest-111111/bot""],""total"":[""solutions/game_2/total/rest-111111/top"",""solutions/game_2/total/rest-111111/bot""]}","[1,1,1,1,1,1]","[1,1,1,1,1,1]",1,0,1,5,away_win,away,0,88
8458,3,"{""single"":[""solutions/game_3/single/rest-000111/top"",""solutions/game_3/single/rest-001011/bot""],""total"":[""solutions/game_3/total/rest-000111/top"",""solutions/game_3/total/rest-001011/bot""]}","[0,0,0,1,1,1]","[0,0,1,0,1,1]",1,1,2,5,away_win,away,0,73
8458,4,"{""single"":[""solutions/game_4/single/rest-111100/top"",""solutions/game_4/single/rest-011110/bot""],""total"":[""solutions/game_4/total/rest-111100/top"",""solutions/game_4/total/rest-011110/bot""]}","[1,1,1,1,0,0]","[0,1,1,1,1,0]",1,2,7,6,home_win,home,0,81
8458,5,"{""single"":[""solutions/game_5/single/rest-010011/top"",""solutions/game_5/single/rest-101101/bot""],""total"":[""solutions/game_5/single/rest-010011/top"",""solutions/game_5/single/rest-101101/bot""]}","[0,1,0,0,1,1]","[1,0,1,1,0,1]",2,2,3,1,home_win,home,0,78
8459,1,"{""single"":[""solutions/game_1/single/rest-111111/top"",""solutions/game_1/single/rest-111111/bot""],""total"":[""solutions/game_1/total/rest-111111/top"",""solutions/game_1/total/rest-111111/bot""]}","[1,1,1,1,1,1]","[1,1,1,1,1,1]",0,0,8,9,away_win,away,0,89
8459,2,"{""single"":[""solutions/game_2/single/rest-110100/top"",""solutions/game_2/single/rest-111111/bot""],""total"":[""solutions/game_2/total/rest-110100/top"",""solutions/game_2/total/rest-111111/bot""]}","[1,1,0,1,0,0]","[1,1,1,1,1,1]",0,1,9,6,home_win,home,0,88
8459,3,"{""single"":[""solutions/game_3/single/rest-001111/top"",""solutions/game_3/single/rest-111000/bot""],""total"":[""solutions/game_3/total/rest-001111/top"",""solutions/game_3/total/rest-111000/bot""]}","[0,0,1,1,1,1]","[1,1,1,0,0,0]",1,1,8,6,home_win,home,0,84
8459,4,"{""single"":[""solutions/game_4/single/rest-110010/top"",""solutions/game_4/single/rest-111011/bot""],""total"":[""solutions/game_4/total/rest-110010/top"",""solutions/game_4/total/rest-111011/bot""]}","[1,1,0,0,1,0]","[1,1,1,0,1,1]",2,1,11,3,home_win,home,0,78
8459,5,"{""single"":[""solutions/game_5/single/rest-011001/top"",""solutions/game_5/single/rest-110111/bot""],""total"":[""solutions/game_5/single/rest-011001/top"",""solutions/game_5/single/rest-110111/bot""]}","[0,1,1,0,0,1]","[1,1,0,1,1,1]",3,1,6,6,tie,away,1,96
8460,1,"{""single"":[""solutions/game_1/single/rest-111111/top"",""solutions/game_1/single/rest-111111/bot""],""total"":[""solutions/game_1/total/rest-111111/top"",""solutions/game_1/total/rest-111111/bot""]}","[1,1,1,1,1,1]","[1,1,1,1,1,1]",0,0,4,1,home_win,home,0,74
8460,2,"{""single"":[""solutions/game_2/single/rest-111001/top"",""solutions/game_2/single/rest-111111/bot""],""total"":[""solutions/game_2/total/rest-111001/top"",""solutions/game_2/total/rest-111111/bot""]}","[1,1,1,0,0,1]","[1,1,1,1,1,1]",1,0,8,7,home_win,home,0,84
8460,3,"{""single"":[""solutions/game_3/single/rest-000011/top"",""solutions/game_3/single/rest-111010/bot""],""total"":[""solutions/game_3/total/rest-000011/top"",""solutions/game_3/total/rest-111010/bot""]}","[0,0,0,0,1,1]","[1,1,1,0,1,0]",2,0,2,10,away_win,away,0,84
8460,4,"{""single"":[""solutions/game_4/single/rest-111101/top"",""solutions/game_4/single/rest-110110/bot""],""total"":[""solutions/game_4/total/rest-111101/top"",""solutions/game_4/total/rest-110110/bot""]}","[1,1,1,1,0,1]","[1,1,0,1,1,0]",2,1,5,11,away_win,away,0,88
8460,5,"{""single"":[""solutions/game_5/single/rest-010010/top"",""solutions/game_5/single/rest-011101/bot""],""total"":[""solutions/game_5/single/rest-010010/top"",""solutions/game_5/single/rest-011101/bot""]}","[0,1,0,0,1,0]","[0,1,1,1,0,1]",2,2,2,3,away_win,away,0,77
8461,1,"{""single"":[""solutions/game_1/single/rest-111111/top"",""solutions/game_1/single/rest-111111/bot""],""total"":[""solutions/game_1/total/rest-111111/top"",""solutions/game_1/total/rest-111111/bot""]}","[1,1,1,1,1,1]","[1,1,1,1,1,1]",0,0,11,5,home_win,home,0,88
8461,2,"{""single"":[""solutions/game_2/single/rest-010111/top"",""solutions/game_2/single/rest-111100/bot""],""total"":[""solutions/game_2/total/rest-010111/top"",""solutions/game_2/total/rest-111100/bot""]}","[0,1,0,1,1,1]","[1,1,1,1,0,0]",1,0,2,10,away_win,away,0,48
8461,3,"{""single"":[""solutions/game_3/single/rest-111111/top"",""solutions/game_3/single/rest-111111/bot""],""total"":[""solutions/game_3/total/rest-111111/top"",""solutions/game_3/total/rest-111111/bot""]}","[1,1,1,1,1,1]","[1,1,1,1,1,1]",1,1,5,0,home_win,home,0,71
8461,4,"{""single"":[""solutions/game_4/single/rest-110011/top"",""solutions/game_4/single/rest-111101/bot""],""total"":[""solutions/game_4/total/rest-110011/top"",""solutions/game_4/total/rest-111101/bot""]}","[1,1,0,0,1,1]","[1,1,1,1,0,1]",2,1,6,4,home_win,home,0,82
8461,5,"{""single"":[""solutions/game_5/single/rest-011101/top"",""solutions/game_5/single/rest-010111/bot""],""total"":[""solutions/game_5/single/rest-011101/top"",""solutions/game_5/single/rest-010111/bot""]}","[0,1,1,1,0,1]","[0,1,0,1,1,1]",3,1,2,10,away_win,away,1,72
8462,1,"{""single"":[""solutions/game_1/single/rest-111111/top"",""solutions/game_1/single/rest-111111/bot""],""total"":[""solutions/game_1/total/rest-111111/top"",""solutions/game_1/total/rest-111111/bot""]}","[1,1,1,1,1,1]","[1,1,1,1,1,1]",0,0,3,2,home_win,home,0,79
8462,2,"{""single"":[""solutions/game_2/single/rest-111001/top"",""solutions/game_2/single/rest-111011/bot""],""total"":[""solutions/game_2/total/rest-111001/top"",""solutions/game_2/total/rest-111011/bot""]}","[1,1,1,0,0,1]","[1,1,1,0,1,1]",1,0,2,4,away_win,away,0,83
8462,3,"{""single"":[""solutions/game_3/single/rest-111110/top"",""solutions/game_3/single/rest-000011/bot""],""total"":[""solutions/game_3/total/rest-111110/top"",""solutions/game_3/total/rest-000011/bot""]}","[1,1,1,1,1,0]","[0,0,0,0,1,1]",1,1,4,6,away_win,away,0,81
8462,4,"{""single"":[""solutions/game_4/single/rest-110111/top"",""solutions/game_4/single/rest-111110/bot""],""total"":[""solutions/game_4/total/rest-110111/top"",""solutions/game_4/total/rest-111110/bot""]}","[1,1,0,1,1,1]","[1,1,1,1,1,0]",1,2,1,11,away_win,away,0,64
8462,5,"{""single"":[""solutions/game_5/single/rest-011101/top"",""solutions/game_5/single/rest-111111/bot""],""total"":[""solutions/game_5/single/rest-011101/top"",""solutions/game_5/single/rest-111111/bot""]}","[0,1,1,1,0,1]","[1,1,1,1,1,1]",1,3,3,11,away_win,away,1,24
8463,1,"{""single"":[""solutions/game_1/single/rest-111111/top"",""solutions/game_1/single/rest-111111/bot""],""total"":[""solutions/game_1/total/rest-111111/top"",""solutions/game_1/total/rest-111111/bot""]}","[1,1,1,1,1,1]","[1,1,1,1,1,1]",0,0,0,9,away_win,away,0,18
8463,2,"{""single"":[""solutions/game_2/single/rest-111111/top"",""solutions/game_2/single/rest-111111/bot""],""total"":[""solutions/game_2/total/rest-111111/top"",""solutions/game_2/total/rest-111111/bot""]}","[1,1,1,1,1,1]","[1,1,1,1,1,1]",0,1,3,2,home_win,home,0,71
8463,3,"{""single"":[""solutions/game_3/single/rest-111011/top"",""solutions/game_3/single/rest-110111/bot""],""total"":[""solutions/game_3/total/rest-111011/top"",""solutions/game_3/total/rest-110111/bot""]}","[1,1,1,0,1,1]","[1,1,0,1,1,1]",1,1,11,2,home_win,home,0,66
8463,4,"{""single"":[""solutions/game_4/single/rest-011110/top"",""solutions/game_4/single/rest-111110/bot""],""total"":[""solutions/game_4/total/rest-011110/top"",""solutions/game_4/total/rest-111110/bot""]}","[0,1,1,1,1,0]","[1,1,1,1,1,0]",2,1,5,6,away_win,away,0,81
8463,5,"{""single"":[""solutions/game_5/single/rest-110001/top"",""solutions/game_5/single/rest-010011/bot""],""total"":[""solutions/game_5/single/rest-110001/top"",""solutions/game_5/single/rest-010011/bot""]}","[1,1,0,0,0,1]","[0,1,0,0,1,1]",2,2,4,12,away_win,away,0,62
8464,1,"{""single"":[""solutions/game_1/single/rest-111111/top"",""solutions/game_1/single/rest-111111/bot""],""total"":[""solutions/game_1/total/rest-111111/top"",""solutions/game_1/total/rest-111111/bot""]}","[1,1,1,1,1,1]","[1,1,1,1,1,1]",0,0,3,11,away_win,away,0,84
8464,2,"{""single"":[""solutions/game_2/single/rest-110010/top"",""solutions/game_2/single/rest-001101/bot""],""total"":[""solutions/game_2/total/rest-110010/top"",""solutions/game_2/total/rest-001101/bot""]}","[1,1,0,0,1,0]","[0,0,1,1,0,1]",0,1,4,1,home_win,home,0,74
8464,3,"{""single"":[""solutions/game_3/single/rest-101100/top"",""solutions/game_3/single/rest-111111/bot""],""total"":[""solutions/game_3/total/rest-101100/top"",""solutions/game_3/total/rest-111111/bot""]}","[1,0,1,1,0,0]","[1,1,1,1,1,1]",1,1,3,11,away_win,away,0,72
8464,4,"{""single"":[""solutions/game_4/single/rest-010111/top"",""solutions/game_4/single/rest-011111/bot""],""total"":[""solutions/game_4/total/rest-010111/top"",""solutions/game_4/total/rest-011111/bot""]}","[0,1,0,1,1,1]","[0,1,1,1,1,1]",1,2,10,9,home_win,home,0,96
8464,5,"{""single"":[""solutions/game_5/single/rest-101111/top"",""solutions/game_5/single/rest-110110/bot""],""total"":[""solutions/game_5/single/rest-101111/top"",""solutions/game_5/single/rest-110110/bot""]}","[1,0,1,1,1,1]","[1,1,0,1,1,0]",2,2,7,4,home_win,home,0,86
8465,1,"{""single"":[""solutions/game_1/single/rest-111111/top"",""solutions/game_1/single/rest-111111/bot""],""total"":[""solutions/game_1/total/rest-111111/top"",""solutions/game_1/total/rest-111111/bot""]}","[1,1,1,1,1,1]","[1,1,1,1,1,1]",0,0,5,1,home_win,home,0,81
8465,2,"{""single"":[""solutions/game_2/single/rest-110010/top"",""solutions/game_2/single/rest-110111/bot""],""total"":[""solutions/game_2/total/rest-110010/top"",""solutions/game_2/total/rest-110111/bot""]}","[1,1,0,0,1,0]","[1,1,0,1,1,1]",1,0,6,4,home_win,home,0,79
8465,3,"{""single"":[""solutions/game_3/single/rest-001100/top"",""solutions/game_3/single/rest-111100/bot""],""total"":[""solutions/game_3/total/rest-001100/top"",""solutions/game_3/total/rest-111100/bot""]}","[0,0,1,1,0,0]","[1,1,1,1,0,0]",2,0,2,8,away_win,away,0,89
8465,4,"{""single"":[""solutions/game_4/single/rest-110110/top"",""solutions/game_4/single/rest-011110/bot""],""total"":[""solutions/game_4/total/rest-110110/top"",""solutions/game_4/total/rest-011110/bot""]}","[1,1,0,1,1,0]","[0,1,1,1,1,0]",2,1,3,8,away_win,away,0,91
8465,5,"{""single"":[""solutions/game_5/single/rest-101001/top"",""solutions/game_5/single/rest-110011/bot""],""total"":[""solutions/game_5/single/rest-101001/top"",""solutions/game_5/single/rest-110011/bot""]}","[1,0,1,0,0,1]","[1,1,0,0,1,1]",2,2,4,5,away_win,away,0,81
8466,1,"{""single"":[""solutions/game_1/single/rest-111111/top"",""solutions/game_1/single/rest-111111/bot""],""total"":[""solutions/game_1/total/rest-111111/top"",""solutions/game_1/total/rest-111111/bot""]}","[1,1,1,1,1,1]","[1,1,1,1,1,1]",0,0,9,1,home_win,home,0,75
8466,2,"{""single"":[""solutions/game_2/single/rest-110011/top"",""solutions/game_2/single/rest-110101/bot""],""total"":[""solutions/game_2/total/rest-110011/top"",""solutions/game_2/total/rest-110101/bot""]}","[1,1,0,0,1,1]","[1,1,0,1,0,1]",1,0,10,2,home_win,home,0,62
8466,3,"{""single"":[""solutions/game_3/single/rest-011111/top"",""solutions/game_3/single/rest-111100/bot""],""total"":[""solutions/game_3/total/rest-011111/top"",""solutions/game_3/total/rest-111100/bot""]}","[0,1,1,1,1,1]","[1,1,1,1,0,0]",2,0,11,5,home_win,home,0,86
8466,4,"{""single"":[""solutions/game_4/single/rest-100001/top"",""solutions/game_4/single/rest-001110/bot""],""total"":[""solutions/game_4/total/rest-100001/top"",""solutions/game_4/total/rest-001110/bot""]}","[1,0,0,0,0,1]","[0,0,1,1,1,0]",3,0,0,8,away_win,away,1,72
8466,5,"{""single"":[""solutions/game_5/single/rest-101110/top"",""solutions/game_5/single/rest-110110/bot""],""total"":[""solutions/game_5/single/rest-101110/top"",""solutions/game_5/single/rest-110110/bot""]}","[1,0,1,1,1,0]","[1,1,0,1,1,0]",3,1,1,2,away_win,away,1,76
8467,1,"{""single"":[""solutions/game_1/single/rest-111111/top"",""solutions/game_1/single/rest-111111/bot""],""total"":[""solutions/game_1/total/rest-111111/top"",""solutions/game_1/total/rest-111111/bot""]}","[1,1,1,1,1,1]","[1,1,1,1,1,1]",0,0,5,4,home_win,home,0,81
8467,2,"{""single"":[""solutions/game_2/single/rest-011101/top"",""solutions/game_2/single/rest-110110/bot""],""total"":[""solutions/game_2/total/rest-011101/top"",""solutions/game_2/total/rest-110110/bot""]}","[0,1,1,1,0,1]","[1,1,0,1,1,0]",1,0,9,0,home_win,home,0,70
8467,3,"{""single"":[""solutions/game_3/single/rest-101111/top"",""solutions/game_3/single/rest-111101/bot""],""total"":[""solutions/game_3/total/rest-101111/top"",""solutions/game_3/total/rest-111101/bot""]}","[1,0,1,1,1,1]","[1,1,1,1,0,1]",2,0,9,1,home_win,home,0,51
8467,4,"{""single"":[""solutions/game_4/single/rest-111111/top"",""solutions/game_4/single/rest-111111/bot""],""total"":[""solutions/game_4/total/rest-111111/top"",""solutions/game_4/total/rest-111111/bot""]}","[1,1,1,1,1,1]","[1,1,1,1,1,1]",3,0,9,1,home_win,home,1,65
8467,5,"{""single"":[""solutions/game_5/single/rest-111101/top"",""solutions/game_5/single/rest-110111/bot""],""total"":[""solutions/game_5/single/rest-111101/top"",""solutions/game_5/single/rest-110111/bot""]}","[1,1,1,1,0,1]","[1,1,0,1,1,1]",4,0,8,0,home_win,home,1,37
8468,1,"{""single"":[""solutions/game_1/single/rest-111111/top"",""solutions/game_1/single/rest-111111/bot""],""total"":[""solutions/game_1/total/rest-111111/top"",""solutions/game_1/total/rest-111111/bot""]}","[1,1,1,1,1,1]","[1,1,1,1,1,1]",0,0,1,3,away_win,away,0,81
8468,2,"{""single"":[""solutions/game_2/single/rest-110001/top"",""solutions/game_2/single/rest-001011/bot""],""total"":[""solutions/game_2/total/rest-110001/top"",""solutions/game_2/total/rest-001011/bot""]}","[1,1,0,0,0,1]","[0,0,1,0,1,1]",0,1,10,12,away_win,away,0,102
8468,3,"{""single"":[""solutions/game_3/single/rest-001111/top"",""solutions/game_3/single/rest-100110/bot""],""total"":[""solutions/game_3/total/rest-001111/top"",""solutions/game_3/total/rest-100110/bot""]}","[0,0,1,1,1,1]","[1,0,0,1,1,0]",0,2,10,0,home_win,home,0,40
8468,4,"{""single"":[""solutions/game_4/single/rest-111111/top"",""solutions/game_4/single/rest-111111/bot""],""total"":[""solutions/game_4/total/rest-111111/top"",""solutions/game_4/total/rest-111111/bot""]}","[1,1,1,1,1,1]","[1,1,1,1,1,1]",1,2,6,3,home_win,home,0,86
8468,5,"{""single"":[""solutions/game_5/single/rest-111001/top"",""solutions/game_5/single/rest-111111/bot""],""total"":[""solutions/game_5/single/rest-111001/top"",""solutions/game_5/single/rest-111111/bot""]}","[1,1,1,0,0,1]","[1,1,1,1,1,1]",2,2,2,5,away_win,away,0,81
8469,1,"{""single"":[""solutions/game_1/single/rest-111111/top"",""solutions/game_1/single/rest-111111/bot""],""total"":[""solutions/game_1/total/rest-111111/top"",""solutions/game_1/total/rest-111111/bot""]}","[1,1,1,1,1,1]","[1,1,1,1,1,1]",0,0,1,4,away_win,away,0,80
8469,2,"{""single"":[""solutions/game_2/single/rest-110101/top"",""solutions/game_2/single/rest-001111/bot""],""total"":[""solutions/game_2/total/rest-110101/top"",""solutions/game_2/total/rest-001111/bot""]}","[1,1,0,1,0,1]","[0,0,1,1,1,1]",0,1,0,8,away_win,away,0,39
8469,3,"{""single"":[""solutions/game_3/single/rest-111111/top"",""solutions/game_3/single/rest-111111/bot""],""total"":[""solutions/game_3/total/rest-111111/top"",""solutions/game_3/total/rest-111111/bot""]}","[1,1,1,1,1,1]","[1,1,1,1,1,1]",0,2,3,3,tie,away,0,80
8469,4,"{""single"":[""solutions/game_4/single/rest-010001/top"",""solutions/game_4/single/rest-101111/bot""],""total"":[""solutions/game_4/total/rest-010001/top"",""solutions/game_4/total/rest-101111/bot""]}","[0,1,0,0,0,1]","[1,0,1,1,1,1]",0,3,2,1,home_win,home,1,74
8469,5,"{""single"":[""solutions/game_5/single/rest-101110/top"",""solutions/game_5/single/rest-110101/bot""],""total"":[""solutions/game_5/single/rest-101110/top"",""solutions/game_5/single/rest-110101/bot""]}","[1,0,1,1,1,0]","[1,1,0,1,0,1]",1,3,6,2,home_win,home,1,84
8470,1,"{""single"":[""solutions/game_1/single/rest-111111/top"",""solutions/game_1/single/rest-111111/bot""],""total"":[""solutions/game_1/total/rest-111111/top"",""solutions/game_1/total/rest-111111/bot""]}","[1,1,1,1,1,1]","[1,1,1,1,1,1]",0,0,3,1,home_win,home,0,70
8470,2,"{""single"":[""solutions/game_2/single/rest-110001/top"",""solutions/game_2/single/rest-011111/bot""],""total"":[""solutions/game_2/total/rest-110001/top"",""solutions/game_2/total/rest-011111/bot""]}","[1,1,0,0,0,1]","[0,1,1,1,1,1]",1,0,9,0,home_win,home,0,46
8470,3,"{""single"":[""solutions/game_3/single/rest-111111/top"",""solutions/game_3/single/rest-111111/bot""],""total"":[""solutions/game_3/total/rest-111111/top"",""solutions/game_3/total/rest-111111/bot""]}","[1,1,1,1,1,1]","[1,1,1,1,1,1]",2,0,0,3,away_win,away,0,82
8470,4,"{""single"":[""solutions/game_4/single/rest-110011/top"",""solutions/game_4/single/rest-101110/bot""],""total"":[""solutions/game_4/total/rest-110011/top"",""solutions/game_4/total/rest-101110/bot""]}","[1,1,0,0,1,1]","[1,0,1,1,1,0]",2,1,5,0,home_win,home,0,75
8470,5,"{""single"":[""solutions/game_5/single/rest-111101/top"",""solutions/game_5/single/rest-111101/bot""],""total"":[""solutions/game_5/single/rest-111101/top"",""solutions/game_5/single/rest-111101/bot""]}","[1,1,1,1,0,1]","[1,1,1,1,0,1]",3,1,6,4,home_win,home,1,81
8471,1,"{""single"":[""solutions/game_1/single/rest-111111/top"",""solutions/game_1/single/rest-111111/bot""],""total"":[""solutions/game_1/total/rest-111111/top"",""solutions/game_1/total/rest-111111/bot""]}","[1,1,1,1,1,1]","[1,1,1,1,1,1]",0,0,9,6,home_win,home,0,90
8471,2,"{""single"":[""solutions/game_2/single/rest-010011/top"",""solutions/game_2/single/rest-100101/bot""],""total"":[""solutions/game_2/total/rest-010011/top"",""solutions/game_2/total/rest-100101/bot""]}","[0,1,0,0,1,1]","[1,0,0,1,0,1]",1,0,4,6,away_win,away,0,84
8471,3,"{""single"":[""solutions/game_3/single/rest-101100/top"",""solutions/game_3/single/rest-111011/bot""],""total"":[""solutions/game_3/total/rest-101100/top"",""solutions/game_3/total/rest-111011/bot""]}","[1,0,1,1,0,0]","[1,1,1,0,1,1]",1,1,8,0,home_win,home,0,54
8471,4,"{""single"":[""solutions/game_4/single/rest-111011/top"",""solutions/game_4/single/rest-111111/bot""],""total"":[""solutions/game_4/total/rest-111011/top"",""solutions/game_4/total/rest-111111/bot""]}","[1,1,1,0,1,1]","[1,1,1,1,1,1]",2,1,0,8,away_win,away,0,11
8471,5,"{""single"":[""solutions/game_5/single/rest-111111/top"",""solutions/game_5/single/rest-111111/bot""],""total"":[""solutions/game_5/single/rest-111111/top"",""solutions/game_5/single/rest-111111/bot""]}","[1,1,1,1,1,1]","[1,1,1,1,1,1]",2,2,9,0,home_win,home,0,22
8472,1,"{""single"":[""solutions/game_1/single/rest-111111/top"",""solutions/game_1/single/rest-111111/bot""],""total"":[""solutions/game_1/total/rest-111111/top"",""solutions/game_1/total/rest-111111/bot""]}","[1,1,1,1,1,1]","[1,1,1,1,1,1]",0,0,1,3,away_win,away,0,78
8472,2,"{""single"":[""solutions/game_2/single/rest-111001/top"",""solutions/game_2/single/rest-001011/bot""],""total"":[""solutions/game_2/total/rest-111001/top"",""solutions/game_2/total/rest-001011/bot""]}","[1,1,1,0,0,1]","[0,0,1,0,1,1]",0,1,7,11,away_win,away,0,95
8472,3,"{""single"":[""solutions/game_3/single/rest-111100/top"",""solutions/game_3/single/rest-111100/bot""],""total"":[""solutions/game_3/total/rest-111100/top"",""solutions/game_3/total/rest-111100/bot""]}","[1,1,1,1,0,0]","[1,1,1,1,0,0]",0,2,3,2,home_win,home,0,74
8472,4,"{""single"":[""solutions/game_4/single/rest-110011/top"",""solutions/game_4/single/rest-101010/bot""],""total"":[""solutions/game_4/total/rest-110011/top"",""solutions/game_4/total/rest-101010/bot""]}","[1,1,0,0,1,1]","[1,0,1,0,1,0]",1,2,2,7,away_win,away,0,78
8472,5,"{""single"":[""solutions/game_5/single/rest-101101/top"",""solutions/game_5/single/rest-101101/bot""],""total"":[""solutions/game_5/single/rest-101101/top"",""solutions/game_5/single/rest-101101/bot""]}","[1,0,1,1,0,1]","[1,0,1,1,0,1]",1,3,6,5,home_win,home,1,85
8473,1,"{""single"":[""solutions/game_1/single/rest-111111/top"",""solutions/game_1/single/rest-111111/bot""],""total"":[""solutions/game_1/total/rest-111111/top"",""solutions/game_1/total/rest-111111/bot""]}","[1,1,1,1,1,1]","[1,1,1,1,1,1]",0,0,4,2,home_win,home,0,82
8473,2,"{""single"":[""solutions/game_2/single/rest-011001/top"",""solutions/game_2/single/rest-001011/bot""],""total"":[""solutions/game_2/total/rest-011001/top"",""solutions/game_2/total/rest-001011/bot""]}","[0,1,1,0,0,1]","[0,0,1,0,1,1]",1,0,3,2,home_win,home,0,71
8473,3,"{""single"":[""solutions/game_3/single/rest-100110/top"",""solutions/game_3/single/rest-110010/bot""],""total"":[""solutions/game_3/total/rest-100110/top"",""solutions/game_3/total/rest-110010/bot""]}","[1,0,0,1,1,0]","[1,1,0,0,1,0]",2,0,5,13,away_win,away,0,99
8473,4,"{""single"":[""solutions/game_4/single/rest-011011/top"",""solutions/game_4/single/rest-101101/bot""],""total"":[""solutions/game_4/total/rest-011011/top"",""solutions/game_4/total/rest-101101/bot""]}","[0,1,1,0,1,1]","[1,0,1,1,0,1]",2,1,2,4,away_win,away,0,78
8473,5,"{""single"":[""solutions/game_5/single/rest-100101/top"",""solutions/game_5/single/rest-111110/bot""],""total"":[""solutions/game_5/single/rest-100101/top"",""solutions/game_5/single/rest-111110/bot""]}","[1,0,0,1,0,1]","[1,1,1,1,1,0]",2,2,12,8,home_win,home,0,90
8474,1,"{""single"":[""solutions/game_1/single/rest-111111/top"",""solutions/game_1/single/rest-111111/bot""],""total"":[""solutions/game_1/total/rest-111111/top"",""solutions/game_1/total/rest-111111/bot""]}","[1,1,1,1,1,1]","[1,1,1,1,1,1]",0,0,9,1,home_win,home,0,59
8474,2,"{""single"":[""solutions/game_2/single/rest-111111/top"",""solutions/game_2/single/rest-111111/bot""],""total"":[""solutions/game_2/total/rest-111111/top"",""solutions/game_2/total/rest-111111/bot""]}","[1,1,1,1,1,1]","[1,1,1,1,1,1]",1,0,3,7,away_win,away,0,88
8474,3,"{""single"":[""solutions/game_3/single/rest-110000/top"",""solutions/game_3/single/rest-010101/bot""],""total"":[""solutions/game_3/total/rest-110000/top"",""solutions/game_3/total/rest-010101/bot""]}","[1,1,0,0,0,0]","[0,1,0,1,0,1]",1,1,0,4,away_win,away,0,78
8474,4,"{""single"":[""solutions/game_4/single/rest-101111/top"",""solutions/game_4/single/rest-111100/bot""],""total"":[""solutions/game_4/total/rest-101111/top"",""solutions/game_4/total/rest-111100/bot""]}","[1,0,1,1,1,1]","[1,1,1,1,0,0]",1,2,3,2,home_win,home,0,74
8474,5,"{""single"":[""solutions/game_5/single/rest-111101/top"",""solutions/game_5/single/rest-110011/bot""],""total"":[""solutions/game_5/single/rest-111101/top"",""solutions/game_5/single/rest-110011/bot""]}","[1,1,1,1,0,1]","[1,1,0,0,1,1]",2,2,7,7,tie,away,0,103
8475,1,"{""single"":[""solutions/game_1/single/rest-111111/top"",""solutions/game_1/single/rest-111111/bot""],""total"":[""solutions/game_1/total/rest-111111/top"",""solutions/game_1/total/rest-111111/bot""]}","[1,1,1,1,1,1]","[1,1,1,1,1,1]",0,0,5,10,away_win,away,0,93
8475,2,"{""single"":[""solutions/game_2/single/rest-110001/top"",""solutions/game_2/single/rest-111010/bot""],""total"":[""solutions/game_2/total/rest-110001/top"",""solutions/game_2/total/rest-111010/bot""]}","[1,1,0,0,0,1]","[1,1,1,0,1,0]",0,1,8,7,home_win,home,0,96
8475,3,"{""single"":[""solutions/game_3/single/rest-101100/top"",""solutions/game_3/single/rest-110101/bot""],""total"":[""solutions/game_3/total/rest-101100/top"",""solutions/game_3/total/rest-110101/bot""]}","[1,0,1,1,0,0]","[1,1,0,1,0,1]",1,1,10,1,home_win,home,0,59
8475,4,"{""single"":[""solutions/game_4/single/rest-111111/top"",""solutions/game_4/single/rest-111111/bot""],""total"":[""solutions/game_4/total/rest-111111/top"",""solutions/game_4/total/rest-111111/bot""]}","[1,1,1,1,1,1]","[1,1,1,1,1,1]",2,1,2,1,home_win,home,0,71
8475,5,"{""single"":[""solutions/game_5/single/rest-010111/top"",""solutions/game_5/single/rest-011111/bot""],""total"":[""solutions/game_5/single/rest-010111/top"",""solutions/game_5/single/rest-011111/bot""]}","[0,1,0,1,1,1]","[0,1,1,1,1,1]",3,1,4,5,away_win,away,1,93
8476,1,"{""single"":[""solutions/game_1/single/rest-111111/top"",""solutions/game_1/single/rest-111111/bot""],""total"":[""solutions/game_1/total/rest-111111/top"",""solutions/game_1/total/rest-111111/bot""]}","[1,1,1,1,1,1]","[1,1,1,1,1,1]",0,0,3,1,home_win,home,0,76
8476,2,"{""single"":[""solutions/game_2/single/rest-111001/top"",""solutions/game_2/single/rest-111101/bot""],""total"":[""solutions/game_2/total/rest-111001/top"",""solutions/game_2/total/rest-111101/bot""]}","[1,1,1,0,0,1]","[1,1,1,1,0,1]",1,0,3,11,away_win,away,0,88
8476,3,"{""single"":[""solutions/game_3/single/rest-100110/top"",""solutions/game_3/single/rest-011110/bot""],""total"":[""solutions/game_3/total/rest-100110/top"",""solutions/game_3/total/rest-011110/bot""]}","[1,0,0,1,1,0]","[0,1,1,1,1,0]",1,1,5,7,away_win,away,0,86
8476,4,"{""single"":[""solutions/game_4/single/rest-011011/top"",""solutions/game_4/single/rest-100001/bot""],""total"":[""solutions/game_4/total/rest-011011/top"",""solutions/game_4/total/rest-100001/bot""]}","[0,1,1,0,1,1]","[1,0,0,0,0,1]",1,2,6,5,home_win,home,0,81
8476,5,"{""single"":[""solutions/game_5/single/rest-110100/top"",""solutions/game_5/single/rest-011111/bot""],""total"":[""solutions/game_5/single/rest-110100/top"",""solutions/game_5/single/rest-011111/bot""]}","[1,1,0,1,0,0]","[0,1,1,1,1,1]",2,2,1,3,away_win,away,0,79
8477,1,"{""single"":[""solutions/game_1/single/rest-111111/top"",""solutions/game_1/single/rest-111111/bot""],""total"":[""solutions/game_1/total/rest-111111/top"",""solutions/game_1/total/rest-111111/bot""]}","[1,1,1,1,1,1]","[1,1,1,1,1,1]",0,0,2,3,away_win,away,0,76
8477,2,"{""single"":[""solutions/game_2/single/rest-011101/top"",""solutions/game_2/single/rest-101011/bot""],""total"":[""solutions/game_2/total/rest-011101/top"",""solutions/game_2/total/rest-101011/bot""]}","[0,1,1,1,0,1]","[1,0,1,0,1,1]",0,1,10,8,home_win,home,0,90
8477,3,"{""single"":[""solutions/game_3/single/rest-000110/top"",""solutions/game_3/single/rest-011110/bot""],""total"":[""solutions/game_3/total/rest-000110/top"",""solutions/game_3/total/rest-011110/bot""]}","[0,0,0,1,1,0]","[0,1,1,1,1,0]",1,1,8,0,home_win,home,0,49
8477,4,"{""single"":[""solutions/game_4/single/rest-111111/top"",""solutions/game_4/single/rest-111111/bot""],""total"":[""solutions/game_4/total/rest-111111/top"",""solutions/game_4/total/rest-111111/bot""]}","[1,1,1,1,1,1]","[1,1,1,1,1,1]",2,1,5,6,away_win,away,0,78
8477,5,"{""single"":[""solutions/game_5/single/rest-011001/top"",""solutions/game_5/single/rest-111110/bot""],""total"":[""solutions/game_5/single/rest-011001/top"",""solutions/game_5/single/rest-111110/bot""]}","[0,1,1,0,0,1]","[1,1,1,1,1,0]",2,2,10,8,home_win,home,0,95
8478,1,"{""single"":[""solutions/game_1/single/rest-111111/top"",""solutions/game_1/single/rest-111111/bot""],""total"":[""solutions/game_1/total/rest-111111/top"",""solutions/game_1/total/rest-111111/bot""]}","[1,1,1,1,1,1]","[1,1,1,1,1,1]",0,0,5,10,away_win,away,0,91
8478,2,"{""single"":[""solutions/game_2/single/rest-010011/top"",""solutions/game_2/single/rest-101110/bot""],""total"":[""solutions/game_2/total/rest-010011/top"",""solutions/game_2/total/rest-101110/bot""]}","[0,1,0,0,1,1]","[1,0,1,1,1,0]",0,1,13,5,home_win,home,0,49
8478,3,"{""single"":[""solutions/game_3/single/rest-111111/top"",""solutions/game_3/single/rest-111111/bot""],""total"":[""solutions/game_3/total/rest-111111/top"",""solutions/game_3/total/rest-111111/bot""]}","[1,1,1,1,1,1]","[1,1,1,1,1,1]",1,1,7,5,home_win,home,0,81
8478,4,"{""single"":[""solutions/game_4/single/rest-010011/top"",""solutions/game_4/single/rest-111010/bot""],""total"":[""solutions/game_4/total/rest-010011/top"",""solutions/game_4/total/rest-111010/bot""]}","[0,1,0,0,1,1]","[1,1,1,0,1,0]",2,1,9,8,home_win,home,0,96
8478,5,"{""single"":[""solutions/game_5/single/rest-001111/top"",""solutions/game_5/single/rest-010111/bot""],""total"":[""solutions/game_5/single/rest-001111/top"",""solutions/game_5/single/rest-010111/bot""]}","[0,0,1,1,1,1]","[0,1,0,1,1,1]",3,1,5,2,home_win,home,1,76
8479,1,"{""single"":[""solutions/game_1/single/rest-111111/top"",""solutions/game_1/single/rest-111111/bot""],""total"":[""solutions/game_1/total/rest-111111/top"",""solutions/game_1/total/rest-111111/bot""]}","[1,1,1,1,1,1]","[1,1,1,1,1,1]",0,0,5,1,home_win,home,0,80
8479,2,"{""single"":[""solutions/game_2/single/rest-010001/top"",""solutions/game_2/single/rest-111100/bot""],""total"":[""solutions/game_2/total/rest-010001/top"",""solutions/game_2/total/rest-111100/bot""]}","[0,1,0,0,0,1]","[1,1,1,1,0,0]",1,0,0,1,away_win,away,0,74
8479,3,"{""single"":[""solutions/game_3/single/rest-111110/top"",""solutions/game_3/single/rest-011001/bot""],""total"":[""solutions/game_3/total/rest-111110/top"",""solutions/game_3/total/rest-011001/bot""]}","[1,1,1,1,1,0]","[0,1,1,0,0,1]",1,1,6,3,home_win,home,0,85
8479,4,"{""single"":[""solutions/game_4/single/rest-110001/top"",""solutions/game_4/single/rest-110110/bot""],""total"":[""solutions/game_4/total/rest-110001/top"",""solutions/game_4/total/rest-110110/bot""]}","[1,1,0,0,0,1]","[1,1,0,1,1,0]",2,1,12,4,home_win,home,0,82
8479,5,"{""single"":[""solutions/game_5/single/rest-011110/top"",""solutions/game_5/single/rest-111101/bot""],""total"":[""solutions/game_5/single/rest-011110/top"",""solutions/game_5/single/rest-111101/bot""]}","[0,1,1,1,1,0]","[1,1,1,1,0,1]",3,1,6,9,away_win,away,1,100
8480,1,"{""single"":[""solutions/game_1/single/rest-111111/top"",""solutions/game_1/single/rest-111111/bot""],""total"":[""solutions/game_1/total/rest-111111/top"",""solutions/game_1/total/rest-111111/bot""]}","[1,1,1,1,1,1]","[1,1,1,1,1,1]",0,0,5,3,home_win,home,0,85
8480,2,"{""single"":[""solutions/game_2/single/rest-110011/top"",""solutions/game_2/single/rest-101111/bot""],""total"":[""solutions/game_2/total/rest-110011/top"",""solutions/game_2/total/rest-101111/bot""]}","[1,1,0,0,1,1]","[1,0,1,1,1,1]",1,0,2,10,away_win,away,0,77
8480,3,"{""single"":[""solutions/game_3/single/rest-111100/top"",""solutions/game_3/single/rest-001101/bot""],""total"":[""solutions/game_3/total/rest-111100/top"",""solutions/game_3/total/rest-001101/bot""]}","[1,1,1,1,0,0]","[0,0,1,1,0,1]",1,1,3,4,away_win,away,0,81
8480,4,"{""single"":[""solutions/game_4/single/rest-110111/top"",""solutions/game_4/single/rest-110011/bot""],""total"":[""solutions/game_4/total/rest-110111/top"",""solutions/game_4/total/rest-110011/bot""]}","[1,1,0,1,1,1]","[1,1,0,0,1,1]",1,2,10,2,home_win,home,0,26
8480,5,"{""single"":[""solutions/game_5/single/rest-111111/top"",""solutions/game_5/single/rest-111111/bot""],""total"":[""solutions/game_5/single/rest-111111/top"",""solutions/game_5/single/rest-111111/bot""]}","[1,1,1,1,1,1]","[1,1,1,1,1,1]",2,2,6,10,away_win,away,0,101
8481,1,"{""single"":[""solutions/game_1/single/rest-111111/top"",""solutions/game_1/single/rest-111111/bot""],""total"":[""solutions/game_1/total/rest-111111/top"",""solutions/game_1/total/rest-111111/bot""]}","[1,1,1,1,1,1]","[1,1,1,1,1,1]",0,0,6,4,home_win,home,0,79
8481,2,"{""single"":[""solutions/game_2/single/rest-010011/top"",""solutions/game_2/single/rest-111111/bot""],""total"":[""solutions/game_2/total/rest-010011/top"",""solutions/game_2/total/rest-111111/bot""]}","[0,1,0,0,1,1]","[1,1,1,1,1,1]",1,0,7,7,tie,home,0,101
8481,3,"{""single"":[""solutions/game_3/single/rest-111110/top"",""solutions/game_3/single/rest-001000/bot""],""total"":[""solutions/game_3/total/rest-111110/top"",""solutions/game_3/total/rest-001000/bot""]}","[1,1,1,1,1,0]","[0,0,1,0,0,0]",2,0,3,11,away_win,away,0,44
8481,4,"{""single"":[""solutions/game_4/single/rest-111111/top"",""solutions/game_4/single/rest-111111/bot""],""total"":[""solutions/game_4/total/rest-111111/top"",""solutions/game_4/total/rest-111111/bot""]}","[1,1,1,1,1,1]","[1,1,1,1,1,1]",2,1,8,0,home_win,home,0,28
8481,5,"{""single"":[""solutions/game_5/single/rest-111111/top"",""solutions/game_5/single/rest-111111/bot""],""total"":[""solutions/game_5/single/rest-111111/top"",""solutions/game_5/single/rest-111111/bot""]}","[1,1,1,1,1,1]","[1,1,1,1,1,1]",3,1,12,3,home_win,home,1,60
8482,1,"{""single"":[""solutions/game_1/single/rest-111111/top"",""solutions/game_1/single/rest-111111/bot""],""total"":[""solutions/game_1/total/rest-111111/top"",""solutions/game_1/total/rest-111111/bot""]}","[1,1,1,1,1,1]","[1,1,1,1,1,1]",0,0,3,5,away_win,away,0,85
8482,2,"{""single"":[""solutions/game_2/single/rest-010001/top"",""solutions/game_2/single/rest-011010/bot""],""total"":[""solutions/game_2/total/rest-010001/top"",""solutions/game_2/total/rest-011010/bot""]}","[0,1,0,0,0,1]","[0,1,1,0,1,0]",0,1,4,2,home_win,home,0,80
8482,3,"{""single"":[""solutions/game_3/single/rest-101110/top"",""solutions/game_3/single/rest-110101/bot""],""total"":[""solutions/game_3/total/rest-101110/top"",""solutions/game_3/total/rest-110101/bot""]}","[1,0,1,1,1,0]","[1,1,0,1,0,1]",1,1,9,8,home_win,home,0,96
8482,4,"{""single"":[""solutions/game_4/single/rest-111011/top"",""solutions/game_4/single/rest-111011/bot""],""total"":[""solutions/game_4/total/rest-111011/top"",""solutions/game_4/total/rest-111011/bot""]}","[1,1,1,0,1,1]","[1,1,1,0,1,1]",2,1,10,2,home_win,home,0,61
8482,5,"{""single"":[""solutions/game_5/single/rest-111101/top"",""solutions/game_5/single/rest-111101/bot""],""total"":[""solutions/game_5/single/rest-111101/top"",""solutions/game_5/single/rest-111101/bot""]}","[1,1,1,1,0,1]","[1,1,1,1,0,1]",3,1,12,7,home_win,home,1,91
8483,1,"{""single"":[""solutions/game_1/single/rest-111111/top"",""solutions/game_1/single/rest-111111/bot""],""total"":[""solutions/game_1/total/rest-111111/top"",""solutions/game_1/total/rest-111111/bot""]}","[1,1,1,1,1,1]","[1,1,1,1,1,1]",0,0,4,0,home_win,home,0,75
8483,2,"{""single"":[""solutions/game_2/single/rest-110001/top"",""solutions/game_2/single/rest-011101/bot""],""total"":[""solutions/game_2/total/rest-110001/top"",""solutions/game_2/total/rest-011101/bot""]}","[1,1,0,0,0,1]","[0,1,1,1,0,1]",1,0,1,7,away_win,away,0,93
8483,3,"{""single"":[""solutions/game_3/single/rest-001110/top"",""solutions/game_3/single/rest-110111/bot""],""total"":[""solutions/game_3/total/rest-001110/top"",""solutions/game_3/total/rest-110111/bot""]}","[0,0,1,1,1,0]","[1,1,0,1,1,1]",1,1,2,10,away_win,away,0,66
8483,4,"{""single"":[""solutions/game_4/single/rest-110101/top"",""solutions/game_4/single/rest-111111/bot""],""total"":[""solutions/game_4/total/rest-110101/top"",""solutions/game_4/total/rest-111111/bot""]}","[1,1,0,1,0,1]","[1,1,1,1,1,1]",1,2,8,7,home_win,home,0,85
8483,5,"{""single"":[""solutions/game_5/single/rest-001010/top"",""solutions/game_5/single/rest-010110/bot""],""total"":[""solutions/game_5/single/rest-001010/top"",""solutions/game_5/single/rest-010110/bot""]}","[0,0,1,0,1,0]","[0,1,0,1,1,0]",2,2,8,0,home_win,home,0,21
8484,1,"{""single"":[""solutions/game_1/single/rest-111111/top"",""solutions/game_1/single/rest-111111/bot""],""total"":[""solutions/game_1/total/rest-111111/top"",""solutions/game_1/total/rest-111111/bot""]}","[1,1,1,1,1,1]","[1,1,1,1,1,1]",0,0,5,7,away_win,away,0,101
8484,2,"{""single"":[""solutions/game_2/single/rest-010000/top"",""solutions/game_2/single/rest-101010/bot""],""total"":[""solutions/game_2/total/rest-010000/top"",""solutions/game_2/total/rest-101010/bot""]}","[0,1,0,0,0,0]","[1,0,1,0,1,0]",0,1,6,4,home_win,home,0,82
8484,3,"{""single"":[""solutions/game_3/single/rest-001111/top"",""solutions/game_3/single/rest-110101/bot""],""total"":[""solutions/game_3/total/rest-001111/top"",""solutions/game_3/total/rest-110101/bot""]}","[0,0,1,1,1,1]","[1,1,0,1,0,1]",1,1,8,6,home_win,home,0,84
8484,4,"{""single"":[""solutions/game_4/single/rest-110011/top"",""solutions/game_4/single/rest-111111/bot""],""total"":[""solutions/game_4/total/rest-110011/top"",""solutions/game_4/total/rest-111111/bot""]}","[1,1,0,0,1,1]","[1,1,1,1,1,1]",2,1,5,7,away_win,away,0,91
8484,5,"{""single"":[""solutions/game_5/single/rest-001101/top"",""solutions/game_5/single/rest-001111/bot""],""total"":[""solutions/game_5/single/rest-001101/top"",""solutions/game_5/single/rest-001111/bot""]}","[0,0,1,1,0,1]","[0,0,1,1,1,1]",2,2,0,9,away_win,away,0,44
8485,1,"{""single"":[""solutions/game_1/single/rest-111111/top"",""solutions/game_1/single/rest-111111/bot""],""total"":[""solutions/game_1/total/rest-111111/top"",""solutions/game_1/total/rest-111111/bot""]}","[1,1,1,1,1,1]","[1,1,1,1,1,1]",0,0,3,0,home_win,home,0,70
8485,2,"{""single"":[""solutions/game_2/single/rest-110011/top"",""solutions/game_2/single/rest-111111/bot""],""total"":[""solutions/game_2/total/rest-110011/top"",""solutions/game_2/total/rest-111111/bot""]}","[1,1,0,0,1,1]","[1,1,1,1,1,1]",1,0,2,8,away_win,away,0,83
8485,3,"{""single"":[""solutions/game_3/single/rest-010101/top"",""solutions/game_3/single/rest-111111/bot""],""total"":[""solutions/game_3/total/rest-010101/top"",""solutions/game_3/total/rest-111111/bot""]}","[0,1,0,1,0,1]","[1,1,1,1,1,1]",1,1,3,5,away_win,away,0,83
8485,4,"{""single"":[""solutions/game_4/single/rest-101111/top"",""solutions/game_4/single/rest-111010/bot""],""total"":[""solutions/game_4/total/rest-101111/top"",""solutions/game_4/total/rest-111010/bot""]}","[1,0,1,1,1,1]","[1,1,1,0,1,0]",1,2,5,4,home_win,home,0,80
8485,5,"{""single"":[""solutions/game_5/single/rest-010010/top"",""solutions/game_5/single/rest-010111/bot""],""total"":[""solutions/game_5/single/rest-010010/top"",""solutions/game_5/single/rest-010111/bot""]}","[0,1,0,0,1,0]","[0,1,0,1,1,1]",2,2,6,6,tie,home,0,101
8486,1,"{""single"":[""solutions/game_1/single/rest-111111/top"",""solutions/game_1/single/rest-111111/bot""],""total"":[""solutions/game_1/total/rest-111111/top"",""solutions/game_1/total/rest-111111/bot""]}","[1,1,1,1,1,1]","[1,1,1,1,1,1]",0,0,3,6,away_win,away,0,88
8486,2,"{""single"":[""solutions/game_2/single/rest-000011/top"",""solutions/game_2/single/rest-011011/bot""],""total"":[""solutions/game_2/total/rest-000011/top"",""solutions/game_2/total/rest-011011/bot""]}","[0,0,0,0,1,1]","[0,1,1,0,1,1]",0,1,3,6,away_win,away,0,79
8486,3,"{""single"":[""solutions/game_3/single/rest-111101/top"",""solutions/game_3/single/rest-111100/bot""],""total"":[""solutions/game_3/total/rest-111101/top"",""solutions/game_3/total/rest-111100/bot""]}","[1,1,1,1,0,1]","[1,1,1,1,0,0]",0,2,10,6,home_win,home,0,87
8486,4,"{""single"":[""solutions/game_4/single/rest-111111/top"",""solutions/game_4/single/rest-010111/bot""],""total"":[""solutions/game_4/total/rest-111111/top"",""solutions/game_4/total/rest-010111/bot""]}","[1,1,1,1,1,1]","[0,1,0,1,1,1]",1,2,1,10,away_win,away,0,56
8486,5,"{""single"":[""solutions/game_5/single/rest-011011/top"",""solutions/game_5/single/rest-111111/bot""],""total"":[""solutions/game_5/single/rest-011011/top"",""solutions/game_5/single/rest-111111/bot""]}","[0,1,1,0,1,1]","[1,1,1,1,1,1]",1,3,3,1,home_win,home,1,77
8487,1,"{""single"":[""solutions/game_1/single/rest-111111/top"",""solutions/game_1/single/rest-111111/bot""],""total"":[""solutions/game_1/total/rest-111111/top"",""solutions/game_1/total/rest-111111/bot""]}","[1,1,1,1,1,1]","[1,1,1,1,1,1]",0,0,3,8,away_win,away,0,78
8487,2,"{""single"":[""solutions/game_2/single/rest-010101/top"",""solutions/game_2/single/rest-111100/bot""],""total"":[""solutions/game_2/total/rest-010101/top"",""solutions/game_2/total/rest-111100/bot""]}","[0,1,0,1,0,1]","[1,1,1,1,0,0]",0,1,2,2,tie,away,0,86
8487,3,"{""single"":[""solutions/game_3/single/rest-111010/top"",""solutions/game_3/single/rest-000011/bot""],""total"":[""solutions/game_3/total/rest-111010/top"",""solutions/game_3/total/rest-000011/bot""]}","[1,1,1,0,1,0]","[0,0,0,0,1,1]",0,2,6,14,away_win,away,0,85
8487,4,"{""single"":[""solutions/game_4/single/rest-110101/top"",""solutions/game_4/single/rest-111101/bot""],""total"":[""solutions/game_4/total/rest-110101/top"",""solutions/game_4/total/rest-111101/bot""]}","[1,1,0,1,0,1]","[1,1,1,1,0,1]",0,3,5,1,home_win,home,1,80
8487,5,"{""single"":[""solutions/game_5/single/rest-101011/top"",""solutions/game_5/single/rest-010111/bot""],""total"":[""solutions/game_5/single/rest-101011/top"",""solutions/game_5/single/rest-010111/bot""]}","[1,0,1,0,1,1]","[0,1,0,1,1,1]",1,3,2,6,away_win,away,1,79
8488,1,"{""single"":[""solutions/game_1/single/rest-111111/top"",""solutions/game_1/single/rest-111111/bot""],""total"":[""solutions/game_1/total/rest-111111/top"",""solutions/game_1/total/rest-111111/bot""]}","[1,1,1,1,1,1]","[1,1,1,1,1,1]",0,0,3,10,away_win,away,0,89
8488,2,"{""single"":[""solutions/game_2/single/rest-010101/top"",""solutions/game_2/single/rest-001011/bot""],""total"":[""solutions/game_2/total/rest-010101/top"",""solutions/game_2/total/rest-001011/bot""]}","[0,1,0,1,0,1]","[0,0,1,0,1,1]",0,1,1,9,away_win,away,0,75
8488,3,"{""single"":[""solutions/game_3/single/rest-101011/top"",""solutions/game_3/single/rest-111101/bot""],""total"":[""solutions/game_3/total/rest-101011/top"",""solutions/game_3/total/rest-111101/bot""]}","[1,0,1,0,1,1]","[1,1,1,1,0,1]",0,2,3,2,home_win,home,0,88
8488,4,"{""single"":[""solutions/game_4/single/rest-010100/top"",""solutions/game_4/single/rest-000110/bot""],""total"":[""solutions/game_4/total/rest-010100/top"",""solutions/game_4/total/rest-000110/bot""]}","[0,1,0,1,0,0]","[0,0,0,1,1,0]",1,2,7,5,home_win,home,0,86
8488,5,"{""single"":[""solutions/game_5/single/rest-101011/top"",""solutions/game_5/single/rest-110101/bot""],""total"":[""solutions/game_5/single/rest-101011/top"",""solutions/game_5/single/rest-110101/bot""]}","[1,0,1,0,1,1]","[1,1,0,1,0,1]",2,2,2,4,away_win,away,0,83
8489,1,"{""single"":[""solutions/game_1/single/rest-111111/top"",""solutions/game_1/single/rest-111111/bot""],""total"":[""solutions/game_1/total/rest-111111/top"",""solutions/game_1/total/rest-111111/bot""]}","[1,1,1,1,1,1]","[1,1,1,1,1,1]",0,0,4,1,home_win,home,0,74
8489,2,"{""single"":[""solutions/game_2/single/rest-110001/top"",""solutions/game_2/single/rest-111110/bot""],""total"":[""solutions/game_2/total/rest-110001/top"",""solutions/game_2/total/rest-111110/bot""]}","[1,1,0,0,0,1]","[1,1,1,1,1,0]",1,0,4,4,tie,home,0,96
8489,3,"{""single"":[""solutions/game_3/single/rest-101110/top"",""solutions/game_3/single/rest-100110/bot""],""total"":[""solutions/game_3/total/rest-101110/top"",""solutions/game_3/total/rest-100110/bot""]}","[1,0,1,1,1,0]","[1,0,0,1,1,0]",2,0,1,6,away_win,away,0,88
8489,4,"{""single"":[""solutions/game_4/single/rest-010001/top"",""solutions/game_4/single/rest-011011/bot""],""total"":[""solutions/game_4/total/rest-010001/top"",""solutions/game_4/total/rest-011011/bot""]}","[0,1,0,0,0,1]","[0,1,1,0,1,1]",2,1,3,7,away_win,away,0,82
8489,5,"{""single"":[""solutions/game_5/single/rest-110110/top"",""solutions/game_5/single/rest-011111/bot""],""total"":[""solutions/game_5/single/rest-110110/top"",""solutions/game_5/single/rest-011111/bot""]}","[1,1,0,1,1,0]","[0,1,1,1,1,1]",2,2,5,4,home_win,home,0,82
8490,1,"{""single"":[""solutions/game_1/single/rest-111111/top"",""solutions/game_1/single/rest-111111/bot""],""total"":[""solutions/game_1/total/rest-111111/top"",""solutions/game_1/total/rest-111111/bot""]}","[1,1,1,1,1,1]","[1,1,1,1,1,1]",0,0,10,2,home_win,home,0,76
8490,2,"{""single"":[""solutions/game_2/single/rest-111001/top"",""solutions/game_2/single/rest-110101/bot""],""total"":[""solutions/game_2/total/rest-111001/top"",""solutions/game_2/total/rest-110101/bot""]}","[1,1,1,0,0,1]","[1,1,0,1,0,1]",1,0,7,9,away_win,away,0,87
8490,3,"{""single"":[""solutions/game_3/single/rest-011110/top"",""solutions/game_3/single/rest-001101/bot""],""total"":[""solutions/game_3/total/rest-011110/top"",""solutions/game_3/total/rest-001101/bot""]}","[0,1,1,1,1,0]","[0,0,1,1,0,1]",1,1,2,0,home_win,home,0,66
8490,4,"{""single"":[""solutions/game_4/single/rest-111001/top"",""solutions/game_4/single/rest-110111/bot""],""total"":[""solutions/game_4/total/rest-111001/top"",""solutions/game_4/total/rest-110111/bot""]}","[1,1,1,0,0,1]","[1,1,0,1,1,1]",2,1,4,8,away_win,away,0,88
8490,5,"{""single"":[""solutions/game_5/single/rest-001100/top"",""solutions/game_5/single/rest-011111/bot""],""total"":[""solutions/game_5/single/rest-001100/top"",""solutions/game_5/single/rest-011111/bot""]}","[0,0,1,1,0,0]","[0,1,1,1,1,1]",2,2,15,5,home_win,home,0,51
8491,1,"{""single"":[""solutions/game_1/single/rest-111111/top"",""solutions/game_1/single/rest-111111/bot""],""total"":[""solutions/game_1/total/rest-111111/top"",""solutions/game_1/total/rest-111111/bot""]}","[1,1,1,1,1,1]","[1,1,1,1,1,1]",0,0,1,5,away_win,away,0,74
8491,2,"{""single"":[""solutions/game_2/single/rest-110101/top"",""solutions/game_2/single/rest-111110/bot""],""total"":[""solutions/game_2/total/rest-110101/top"",""solutions/game_2/total/rest-111110/bot""]}","[1,1,0,1,0,1]","[1,1,1,1,1,0]",0,1,8,2,home_win,home,0,86
8491,3,"{""single"":[""solutions/game_3/single/rest-111010/top"",""solutions/game_3/single/rest-111101/bot""],""total"":[""solutions/game_3/total/rest-111010/top"",""solutions/game_3/total/rest-111101/bot""]}","[1,1,1,0,1,0]","[1,1,1,1,0,1]",1,1,5,3,home_win,home,0,76
8491,4,"{""single"":[""solutions/game_4/single/rest-111111/top"",""solutions/game_4/single/rest-111010/bot""],""total"":[""solutions/game_4/total/rest-111111/top"",""solutions/game_4/total/rest-111010/bot""]}","[1,1,1,1,1,1]","[1,1,1,0,1,0]",2,1,4,1,home_win,home,0,85
8491,5,"{""single"":[""solutions/game_5/single/rest-110001/top"",""solutions/game_5/single/rest-001111/bot""],""total"":[""solutions/game_5/single/rest-110001/top"",""solutions/game_5/single/rest-001111/bot""]}","[1,1,0,0,0,1]","[0,0,1,1,1,1]",3,1,3,1,home_win,home,1,68
8492,1,"{""single"":[""solutions/game_1/single/rest-111111/top"",""solutions/game_1/single/rest-111111/bot""],""total"":[""solutions/game_1/total/rest-111111/top"",""solutions/game_1/total/rest-111111/bot""]}","[1,1,1,1,1,1]","[1,1,1,1,1,1]",0,0,7,5,home_win,home,0,87
8492,2,"{""single"":[""solutions/game_2/single/rest-000101/top"",""solutions/game_2/single/rest-101010/bot""],""total"":[""solutions/game_2/total/rest-000101/top"",""solutions/game_2/total/rest-101010/bot""]}","[0,0,0,1,0,1]","[1,0,1,0,1,0]",1,0,10,4,home_win,home,0,89
8492,3,"{""single"":[""solutions/game_3/single/rest-111000/top"",""solutions/game_3/single/rest-110111/bot""],""total"":[""solutions/game_3/total/rest-111000/top"",""solutions/game_3/total/rest-110111/bot""]}","[1,1,1,0,0,0]","[1,1,0,1,1,1]",2,0,4,8,away_win,away,0,88
8492,4,"{""single"":[""solutions/game_4/single/rest-001011/top"",""solutions/game_4/single/rest-101011/bot""],""total"":[""solutions/game_4/total/rest-001011/top"",""solutions/game_4/total/rest-101011/bot""]}","[0,0,1,0,1,1]","[1,0,1,0,1,1]",2,1,9,1,home_win,home,0,74
8492,5,"{""single"":[""solutions/game_5/single/rest-011101/top"",""solutions/game_5/single/rest-110111/bot""],""total"":[""solutions/game_5/single/rest-011101/top"",""solutions/game_5/single/rest-110111/bot""]}","[0,1,1,1,0,1]","[1,1,0,1,1,1]",3,1,11,0,home_win,home,1,27
8493,1,"{""single"":[""solutions/game_1/single/rest-111111/top"",""solutions/game_1/single/rest-111111/bot""],""total"":[""solutions/game_1/total/rest-111111/top"",""solutions/game_1/total/rest-111111/bot""]}","[1,1,1,1,1,1]","[1,1,1,1,1,1]",0,0,1,4,away_win,away,0,78
8493,2,"{""single"":[""solutions/game_2/single/rest-111001/top"",""solutions/game_2/single/rest-001110/bot""],""total"":[""solutions/game_2/total/rest-111001/top"",""solutions/game_2/total/rest-001110/bot""]}","[1,1,1,0,0,1]","[0,0,1,1,1,0]",0,1,7,8,away_win,away,0,94
8493,3,"{""single"":[""solutions/game_3/single/rest-001110/top"",""solutions/game_3/single/rest-110101/bot""],""total"":[""solutions/game_3/total/rest-001110/top"",""solutions/game_3/total/rest-110101/bot""]}","[0,0,1,1,1,0]","[1,1,0,1,0,1]",0,2,2,6,away_win,away,0,74
8493,4,"{""single"":[""solutions/game_4/single/rest-100001/top"",""solutions/game_4/single/rest-101111/bot""],""total"":[""solutions/game_4/total/rest-100001/top"",""solutions/game_4/total/rest-101111/bot""]}","[1,0,0,0,0,1]","[1,0,1,1,1,1]",0,3,10,14,away_win,away,1,123
8493,5,"{""single"":[""solutions/game_5/single/rest-011111/top"",""solutions/game_5/single/rest-110000/bot""],""total"":[""solutions/game_5/single/rest-011111/top"",""solutions/game_5/single/rest-110000/bot""]}","[0,1,1,1,1,1]","[1,1,0,0,0,0]",0,4,3,5,away_win,away,1,104
8494,1,"{""single"":[""solutions/game_1/single/rest-111111/top"",""solutions/game_1/single/rest-111111/bot""],""total"":[""solutions/game_1/total/rest-111111/top"",""solutions/game_1/total/rest-111111/bot""]}","[1,1,1,1,1,1]","[1,1,1,1,1,1]",0,0,5,2,home_win,home,0,77
8494,2,"{""single"":[""solutions/game_2/single/rest-010011/top"",""solutions/game_2/single/rest-111111/bot""],""total"":[""solutions/game_2/total/rest-010011/top"",""solutions/game_2/total/rest-111111/bot""]}","[0,1,0,0,1,1]","[1,1,1,1,1,1]",1,0,6,3,home_win,home,0,81
8494,3,"{""single"":[""solutions/game_3/single/rest-101110/top"",""solutions/game_3/single/rest-001111/bot""],""total"":[""solutions/game_3/total/rest-101110/top"",""solutions/game_3/total/rest-001111/bot""]}","[1,0,1,1,1,0]","[0,0,1,1,1,1]",2,0,4,2,home_win,home,0,89
8494,4,"{""single"":[""solutions/game_4/single/rest-000001/top"",""solutions/game_4/single/rest-111001/bot""],""total"":[""solutions/game_4/total/rest-000001/top"",""solutions/game_4/total/rest-111001/bot""]}","[0,0,0,0,0,1]","[1,1,1,0,0,1]",3,0,4,6,away_win,away,1,82
8494,5,"{""single"":[""solutions/game_5/single/rest-111111/top"",""solutions/game_5/single/rest-011110/bot""],""total"":[""solutions/game_5/single/rest-111111/top"",""solutions/game_5/single/rest-011110/bot""]}","[1,1,1,1,1,1]","[0,1,1,1,1,0]",3,1,2,4,away_win,away,1,96
8495,1,"{""single"":[""solutions/game_1/single/rest-111111/top"",""solutions/game_1/single/rest-111111/bot""],""total"":[""solutions/game_1/total/rest-111111/top"",""solutions/game_1/total/rest-111111/bot""]}","[1,1,1,1,1,1]","[1,1,1,1,1,1]",0,0,3,4,away_win,away,0,83
8495,2,"{""single"":[""solutions/game_2/single/rest-010101/top"",""solutions/game_2/single/rest-011110/bot""],""total"":[""solutions/game_2/total/rest-010101/top"",""solutions/game_2/total/rest-011110/bot""]}","[0,1,0,1,0,1]","[0,1,1,1,1,0]",0,1,4,2,home_win,home,0,83
8495,3,"{""single"":[""solutions/game_3/single/rest-101010/top"",""solutions/game_3/single/rest-101101/bot""],""total"":[""solutions/game_3/total/rest-101010/top"",""solutions/game_3/total/rest-101101/bot""]}","[1,0,1,0,1,0]","[1,0,1,1,0,1]",1,1,10,2,home_win,home,0,68
8495,4,"{""single"":[""solutions/game_4/single/rest-111111/top"",""solutions/game_4/single/rest-110111/bot""],""total"":[""solutions/game_4/total/rest-111111/top"",""solutions/game_4/total/rest-110111/bot""]}","[1,1,1,1,1,1]","[1,1,0,1,1,1]",2,1,3,2,home_win,home,0,71
8495,5,"{""single"":[""solutions/game_5/single/rest-010001/top"",""solutions/game_5/single/rest-111111/bot""],""total"":[""solutions/game_5/single/rest-010001/top"",""solutions/game_5/single/rest-111111/bot""]}","[0,1,0,0,0,1]","[1,1,1,1,1,1]",3,1,4,5,away_win,away,1,80
8496,1,"{""single"":[""solutions/game_1/single/rest-111111/top"",""solutions/game_1/single/rest-111111/bot""],""total"":[""solutions/game_1/total/rest-111111/top"",""solutions/game_1/total/rest-111111/bot""]}","[1,1,1,1,1,1]","[1,1,1,1,1,1]",0,0,4,5,away_win,away,0,78
8496,2,"{""single"":[""solutions/game_2/single/rest-110001/top"",""solutions/game_2/single/rest-101111/bot""],""total"":[""solutions/game_2/total/rest-110001/top"",""solutions/game_2/total/rest-101111/bot""]}","[1,1,0,0,0,1]","[1,0,1,1,1,1]",0,1,3,6,away_win,away,0,79
8496,3,"{""single"":[""solutions/game_3/single/rest-111110/top"",""solutions/game_3/single/rest-011110/bot""],""total"":[""solutions/game_3/total/rest-111110/top"",""solutions/game_3/total/rest-011110/bot""]}","[1,1,1,1,1,0]","[0,1,1,1,1,0]",0,2,0,1,away_win,away,0,73
8496,4,"{""single"":[""solutions/game_4/single/rest-011010/top"",""solutions/game_4/single/rest-101011/bot""],""total"":[""solutions/game_4/total/rest-011010/top"",""solutions/game_4/total/rest-101011/bot""]}","[0,1,1,0,1,0]","[1,0,1,0,1,1]",0,3,3,9,away_win,away,1,83
8496,5,"{""single"":[""solutions/game_5/single/rest-101001/top"",""solutions/game_5/single/rest-011100/bot""],""total"":[""solutions/game_5/single/rest-101001/top"",""solutions/game_5/single/rest-011100/bot""]}","[1,0,1,0,0,1]","[0,1,1,1,0,0]",0,4,11,5,home_win,home,1,96
8497,1,"{""single"":[""solutions/game_1/single/rest-111111/top"",""solutions/game_1/single/rest-111111/bot""],""total"":[""solutions/game_1/total/rest-111111/top"",""solutions/game_1/total/rest-111111/bot""]}","[1,1,1,1,1,1]","[1,1,1,1,1,1]",0,0,2,5,away_win,away,0,80
8497,2,"{""single"":[""solutions/game_2/single/rest-110111/top"",""solutions/game_2/single/rest-111011/bot""],""total"":[""solutions/game_2/total/rest-110111/top"",""solutions/game_2/total/rest-111011/bot""]}","[1,1,0,1,1,1]","[1,1,1,0,1,1]",0,1,7,11,away_win,away,0,101
8497,3,"{""single"":[""solutions/game_3/single/rest-011100/top"",""solutions/game_3/single/rest-000101/bot""],""total"":[""solutions/game_3/total/rest-011100/top"",""solutions/game_3/total/rest-000101/bot""]}","[0,1,1,1,0,0]","[0,0,0,1,0,1]",0,2,6,13,away_win,away,0,107
8497,4,"{""single"":[""solutions/game_4/single/rest-111010/top"",""solutions/game_4/single/rest-111010/bot""],""total"":[""solutions/game_4/total/rest-111010/top"",""solutions/game_4/total/rest-111010/bot""]}","[1,1,1,0,1,0]","[1,1,1,0,1,0]",0,3,4,3,home_win,home,1,83
8497,5,"{""single"":[""solutions/game_5/single/rest-010101/top"",""solutions/game_5/single/rest-011111/bot""],""total"":[""solutions/game_5/single/rest-010101/top"",""solutions/game_5/single/rest-011111/bot""]}","[0,1,0,1,0,1]","[0,1,1,1,1,1]",1,3,5,8,away_win,away,1,87
8498,1,"{""single"":[""solutions/game_1/single/rest-111111/top"",""solutions/game_1/single/rest-111111/bot""],""total"":[""solutions/game_1/total/rest-111111/top"",""solutions/game_1/total/rest-111111/bot""]}","[1,1,1,1,1,1]","[1,1,1,1,1,1]",0,0,8,0,home_win,home,0,43
8498,2,"{""single"":[""solutions/game_2/single/rest-111111/top"",""solutions/game_2/single/rest-111111/bot""],""total"":[""solutions/game_2/total/rest-111111/top"",""solutions/game_2/total/rest-111111/bot""]}","[1,1,1,1,1,1]","[1,1,1,1,1,1]",1,0,4,3,home_win,home,0,80
8498,3,"{""single"":[""solutions/game_3/single/rest-111011/top"",""solutions/game_3/single/rest-010110/bot""],""total"":[""solutions/game_3/total/rest-111011/top"",""solutions/game_3/total/rest-010110/bot""]}","[1,1,1,0,1,1]","[0,1,0,1,1,0]",2,0,3,4,away_win,away,0,79
8498,4,"{""single"":[""solutions/game_4/single/rest-010101/top"",""solutions/game_4/single/rest-101011/bot""],""total"":[""solutions/game_4/total/rest-010101/top"",""solutions/game_4/total/rest-101011/bot""]}","[0,1,0,1,0,1]","[1,0,1,0,1,1]",2,1,5,10,away_win,away,0,94
8498,5,"{""single"":[""solutions/game_5/single/rest-101011/top"",""solutions/game_5/single/rest-011101/bot""],""total"":[""solutions/game_5/single/rest-101011/top"",""solutions/game_5/single/rest-011101/bot""]}","[1,0,1,0,1,1]","[0,1,1,1,0,1]",2,2,10,0,home_win,home,0,40
8499,1,"{""single"":[""solutions/game_1/single/rest-111111/top"",""solutions/game_1/single/rest-111111/bot""],""total"":[""solutions/game_1/total/rest-111111/top"",""solutions/game_1/total/rest-111111/bot""]}","[1,1,1,1,1,1]","[1,1,1,1,1,1]",0,0,4,2,home_win,home,0,74
8499,2,"{""single"":[""solutions/game_2/single/rest-110001/top"",""solutions/game_2/single/rest-011011/bot""],""total"":[""solutions/game_2/total/rest-110001/top"",""solutions/game_2/total/rest-011011/bot""]}","[1,1,0,0,0,1]","[0,1,1,0,1,1]",1,0,1,7,away_win,away,0,82
8499,3,"{""single"":[""solutions/game_3/single/rest-011010/top"",""solutions/game_3/single/rest-111111/bot""],""total"":[""solutions/game_3/total/rest-011010/top"",""solutions/game_3/total/rest-111111/bot""]}","[0,1,1,0,1,0]","[1,1,1,1,1,1]",1,1,2,3,away_win,away,0,88
8499,4,"{""single"":[""solutions/game_4/single/rest-100100/top"",""solutions/game_4/single/rest-011001/bot""],""total"":[""solutions/game_4/total/rest-100100/top"",""solutions/game_4/total/rest-011001/bot""]}","[1,0,0,1,0,0]","[0,1,1,0,0,1]",1,2,2,4,away_win,away,0,79
8499,5,"{""single"":[""solutions/game_5/single/rest-111011/top"",""solutions/game_5/single/rest-101111/bot""],""total"":[""solutions/game_5/single/rest-111011/top"",""solutions/game_5/single/rest-101111/bot""]}","[1,1,1,0,1,1]","[1,0,1,1,1,1]",1,3,4,7,away_win,away,1,88
8500,1,"{""single"":[""solutions/game_1/single/rest-111111/top"",""solutions/game_1/single/rest-111111/bot""],""total"":[""solutions/game_1/total/rest-111111/top"",""solutions/game_1/total/rest-111111/bot""]}","[1,1,1,1,1,1]","[1,1,1,1,1,1]",0,0,4,5,away_win,away,0,88
8500,2,"{""single"":[""solutions/game_2/single/rest-110001/top"",""solutions/game_2/single/rest-111110/bot""],""total"":[""solutions/game_2/total/rest-110001/top"",""solutions/game_2/total/rest-111110/bot""]}","[1,1,0,0,0,1]","[1,1,1,1,1,0]",0,1,3,4,away_win,away,0,85
8500,3,"{""single"":[""solutions/game_3/single/rest-001110/top"",""solutions/game_3/single/rest-010011/bot""],""total"":[""solutions/game_3/total/rest-001110/top"",""solutions/game_3/total/rest-010011/bot""]}","[0,0,1,1,1,0]","[0,1,0,0,1,1]",0,2,5,13,away_win,away,0,87
8500,4,"{""single"":[""solutions/game_4/single/rest-110111/top"",""solutions/game_4/single/rest-111100/bot""],""total"":[""solutions/game_4/total/rest-110111/top"",""solutions/game_4/total/rest-111100/bot""]}","[1,1,0,1,1,1]","[1,1,1,1,0,0]",0,3,6,8,away_win,away,1,89
8500,5,"{""single"":[""solutions/game_5/single/rest-111111/top"",""solutions/game_5/single/rest-100111/bot""],""total"":[""solutions/game_5/single/rest-111111/top"",""solutions/game_5/single/rest-100111/bot""]}","[1,1,1,1,1,1]","[1,0,0,1,1,1]",0,4,3,2,home_win,home,1,73
8501,1,"{""single"":[""solutions/game_1/single/rest-111111/top"",""solutions/game_1/single/rest-111111/bot""],""total"":[""solutions/game_1/total/rest-111111/top"",""solutions/game_1/total/rest-111111/bot""]}","[1,1,1,1,1,1]","[1,1,1,1,1,1]",0,0,5,2,home_win,home,0,80
8501,2,"{""single"":[""solutions/game_2/single/rest-110101/top"",""solutions/game_2/single/rest-001011/bot""],""total"":[""solutions/game_2/total/rest-110101/top"",""solutions/game_2/total/rest-001011/bot""]}","[1,1,0,1,0,1]","[0,0,1,0,1,1]",1,0,8,9,away_win,away,0,104
8501,3,"{""single"":[""solutions/game_3/single/rest-011010/top"",""solutions/game_3/single/rest-111101/bot""],""total"":[""solutions/game_3/total/rest-011010/top"",""solutions/game_3/total/rest-111101/bot""]}","[0,1,1,0,1,0]","[1,1,1,1,0,1]",1,1,0,8,away_win,away,0,73
8501,4,"{""single"":[""solutions/game_4/single/rest-101101/top"",""solutions/game_4/single/rest-110111/bot""],""total"":[""solutions/game_4/total/rest-101101/top"",""solutions/game_4/total/rest-110111/bot""]}","[1,0,1,1,0,1]","[1,1,0,1,1,1]",1,2,8,2,home_win,home,0,81
8501,5,"{""single"":[""solutions/game_5/single/rest-010001/top"",""solutions/game_5/single/rest-111101/bot""],""total"":[""solutions/game_5/single/rest-010001/top"",""solutions/game_5/single/rest-111101/bot""]}","[0,1,0,0,0,1]","[1,1,1,1,0,1]",2,2,5,0,home_win,home,0,76
8502,1,"{""single"":[""solutions/game_1/single/rest-111111/top"",""solutions/game_1/single/rest-111111/bot""],""total"":[""solutions/game_1/total/rest-111111/top"",""solutions/game_1/total/rest-111111/bot""]}","[1,1,1,1,1,1]","[1,1,1,1,1,1]",0,0,4,6,away_win,away,0,87
8502,2,"{""single"":[""solutions/game_2/single/rest-011111/top"",""solutions/game_2/single/rest-101010/bot""],""total"":[""solutions/game_2/total/rest-011111/top"",""solutions/game_2/total/rest-101010/bot""]}","[0,1,1,1,1,1]","[1,0,1,0,1,0]",0,1,0,8,away_win,away,0,28
8502,3,"{""single"":[""solutions/game_3/single/rest-111111/top"",""solutions/game_3/single/rest-111111/bot""],""total"":[""solutions/game_3/total/rest-111111/top"",""solutions/game_3/total/rest-111111/bot""]}","[1,1,1,1,1,1]","[1,1,1,1,1,1]",0,2,8,0,home_win,home,0,73
8502,4,"{""single"":[""solutions/game_4/single/rest-110001/top"",""solutions/game_4/single/rest-001111/bot""],""total"":[""solutions/game_4/total/rest-110001/top"",""solutions/game_4/total/rest-001111/bot""]}","[1,1,0,0,0,1]","[0,0,1,1,1,1]",1,2,9,6,home_win,home,0,85
8502,5,"{""single"":[""solutions/game_5/single/rest-101110/top"",""solutions/game_5/single/rest-111100/bot""],""total"":[""solutions/game_5/single/rest-101110/top"",""solutions/game_5/single/rest-111100/bot""]}","[1,0,1,1,1,0]","[1,1,1,1,0,0]",2,2,0,4,away_win,away,0,77
8503,1,"{""single"":[""solutions/game_1/single/rest-111111/top"",""solutions/game_1/single/rest-111111/bot""],""total"":[""solutions/game_1/total/rest-111111/top"",""solutions/game_1/total/rest-111111/bot""]}","[1,1,1,1,1,1]","[1,1,1,1,1,1]",0,0,5,4,home_win,home,0,84
8503,2,"{""single"":[""solutions/game_2/single/rest-010001/top"",""solutions/game_2/single/rest-111101/bot""],""total"":[""solutions/game_2/total/rest-010001/top"",""solutions/game_2/total/rest-111101/bot""]}","[0,1,0,0,0,1]","[1,1,1,1,0,1]",1,0,12,2,home_win,home,0,65
8503,3,"{""single"":[""solutions/game_3/single/rest-111111/top"",""solutions/game_3/single/rest-111111/bot""],""total"":[""solutions/game_3/total/rest-111111/top"",""solutions/game_3/total/rest-111111/bot""]}","[1,1,1,1,1,1]","[1,1,1,1,1,1]",2,0,4,7,away_win,away,0,85
8503,4,"{""single"":[""solutions/game_4/single/rest-111100/top"",""solutions/game_4/single/rest-111110/bot""],""total"":[""solutions/game_4/total/rest-111100/top"",""solutions/game_4/total/rest-111110/bot""]}","[1,1,1,1,0,0]","[1,1,1,1,1,0]",2,1,7,4,home_win,home,0,85
8503,5,"{""single"":[""solutions/game_5/single/rest-110111/top"",""solutions/game_5/single/rest-100111/bot""],""total"":[""solutions/game_5/single/rest-110111/top"",""solutions/game_5/single/rest-100111/bot""]}","[1,1,0,1,1,1]","[1,0,0,1,1,1]",3,1,13,12,home_win,home,1,95
8504,1,"{""single"":[""solutions/game_1/single/rest-111111/top"",""solutions/game_1/single/rest-111111/bot""],""total"":[""solutions/game_1/total/rest-111111/top"",""solutions/game_1/total/rest-111111/bot""]}","[1,1,1,1,1,1]","[1,1,1,1,1,1]",0,0,7,8,away_win,away,0,92
8504,2,"{""single"":[""solutions/game_2/single/rest-110011/top"",""solutions/game_2/single/rest-000010/bot""],""total"":[""solutions/game_2/total/rest-110011/top"",""solutions/game_2/total/rest-000010/bot""]}","[1,1,0,0,1,1]","[0,0,0,0,1,0]",0,1,1,7,away_win,away,0,75
8504,3,"{""single"":[""solutions/game_3/single/rest-011111/top"",""solutions/game_3/single/rest-111111/bot""],""total"":[""solutions/game_3/total/rest-011111/top"",""solutions/game_3/total/rest-111111/bot""]}","[0,1,1,1,1,1]","[1,1,1,1,1,1]",0,2,4,6,away_win,away,0,84
8504,4,"{""single"":[""solutions/game_4/single/rest-110011/top"",""solutions/game_4/single/rest-101010/bot""],""total"":[""solutions/game_4/total/rest-110011/top"",""solutions/game_4/total/rest-101010/bot""]}","[1,1,0,0,1,1]","[1,0,1,0,1,0]",0,3,10,4,home_win,home,1,85
8504,5,"{""single"":[""solutions/game_5/single/rest-101110/top"",""solutions/game_5/single/rest-110111/bot""],""total"":[""solutions/game_5/single/rest-101110/top"",""solutions/game_5/single/rest-110111/bot""]}","[1,0,1,1,1,0]","[1,1,0,1,1,1]",1,3,2,3,away_win,away,1,81
8505,1,"{""single"":[""solutions/game_1/single/rest-111111/top"",""solutions/game_1/single/rest-111111/bot""],""total"":[""solutions/game_1/total/rest-111111/top"",""solutions/game_1/total/rest-111111/bot""]}","[1,1,1,1,1,1]","[1,1,1,1,1,1]",0,0,1,2,away_win,away,0,74
8505,2,"{""single"":[""solutions/game_2/single/rest-010001/top"",""solutions/game_2/single/rest-101010/bot""],""total"":[""solutions/game_2/total/rest-010001/top"",""solutions/game_2/total/rest-101010/bot""]}","[0,1,0,0,0,1]","[1,0,1,0,1,0]",0,1,2,3,away_win,away,0,78
8505,3,"{""single"":[""solutions/game_3/single/rest-101101/top"",""solutions/game_3/single/rest-011111/bot""],""total"":[""solutions/game_3/total/rest-101101/top"",""solutions/game_3/total/rest-011111/bot""]}","[1,0,1,1,0,1]","[0,1,1,1,1,1]",0,2,11,1,home_win,home,0,68
8505,4,"{""single"":[""solutions/game_4/single/rest-111111/top"",""solutions/game_4/single/rest-111110/bot""],""total"":[""solutions/game_4/total/rest-111111/top"",""solutions/game_4/total/rest-111110/bot""]}","[1,1,1,1,1,1]","[1,1,1,1,1,0]",1,2,3,2,home_win,home,0,71
8505,5,"{""single"":[""solutions/game_5/single/rest-010101/top"",""solutions/game_5/single/rest-110101/bot""],""total"":[""solutions/game_5/single/rest-010101/top"",""solutions/game_5/single/rest-110101/bot""]}","[0,1,0,1,0,1]","[1,1,0,1,0,1]",2,2,5,7,away_win,away,0,90
8506,1,"{""single"":[""solutions/game_1/single/rest-111111/top"",""solutions/game_1/single/rest-111111/bot""],""total"":[""solutions/game_1/total/rest-111111/top"",""solutions/game_1/total/rest-111111/bot""]}","[1,1,1,1,1,1]","[1,1,1,1,1,1]",0,0,3,8,away_win,away,0,91
8506,2,"{""single"":[""solutions/game_2/single/rest-101101/top"",""solutions/game_2/single/rest-111000/bot""],""total"":[""solutions/game_2/total/rest-101101/top"",""solutions/game_2/total/rest-111000/bot""]}","[1,0,1,1,0,1]","[1,1,1,0,0,0]",0,1,13,6,home_win,home,0,93
8506,3,"{""single"":[""solutions/game_3/single/rest-010011/top"",""solutions/game_3/single/rest-101111/bot""],""total"":[""solutions/game_3/total/rest-010011/top"",""solutions/game_3/total/rest-101111/bot""]}","[0,1,0,0,1,1]","[1,0,1,1,1,1]",1,1,5,7,away_win,away,0,87
8506,4,"{""single"":[""solutions/game_4/single/rest-100101/top"",""solutions/game_4/single/rest-011011/bot""],""total"":[""solutions/game_4/total/rest-100101/top"",""solutions/game_4/total/rest-011011/bot""]}","[1,0,0,1,0,1]","[0,1,1,0,1,1]",1,2,1,9,away_win,away,0,52
8506,5,"{""single"":[""solutions/game_5/single/rest-101111/top"",""solutions/game_5/single/rest-111111/bot""],""total"":[""solutions/game_5/single/rest-101111/top"",""solutions/game_5/single/rest-111111/bot""]}","[1,0,1,1,1,1]","[1,1,1,1,1,1]",1,3,4,2,home_win,home,1,75
8507,1,"{""single"":[""solutions/game_1/single/rest-111111/top"",""solutions/game_1/single/rest-111111/bot""],""total"":[""solutions/game_1/total/rest-111111/top"",""solutions/game_1/total/rest-111111/bot""]}","[1,1,1,1,1,1]","[1,1,1,1,1,1]",0,0,5,6,away_win,away,0,80
8507,2,"{""single"":[""solutions/game_2/single/rest-011001/top"",""solutions/game_2/single/rest-111010/bot""],""total"":[""solutions/game_2/total/rest-011001/top"",""solutions/game_2/total/rest-111010/bot""]}","[0,1,1,0,0,1]","[1,1,1,0,1,0]",0,1,5,1,home_win,home,0,69
8507,3,"{""single"":[""solutions/game_3/single/rest-110110/top"",""solutions/game_3/single/rest-111110/bot""],""total"":[""solutions/game_3/total/rest-110110/top"",""solutions/game_3/total/rest-111110/bot""]}","[1,1,0,1,1,0]","[1,1,1,1,1,0]",1,1,8,7,home_win,home,0,83
8507,4,"{""single"":[""solutions/game_4/single/rest-011011/top"",""solutions/game_4/single/rest-110111/bot""],""total"":[""solutions/game_4/total/rest-011011/top"",""solutions/game_4/total/rest-110111/bot""]}","[0,1,1,0,1,1]","[1,1,0,1,1,1]",2,1,12,2,home_win,home,0,61
8507,5,"{""single"":[""solutions/game_5/single/rest-111110/top"",""solutions/game_5/single/rest-111111/bot""],""total"":[""solutions/game_5/single/rest-111110/top"",""solutions/game_5/single/rest-111111/bot""]}","[1,1,1,1,1,0]","[1,1,1,1,1,1]",3,1,0,3,away_win,away,1,74
8508,1,"{""single"":[""solutions/game_1/single/rest-111111/top"",""solutions/game_1/single/rest-111111/bot""],""total"":[""solutions/game_1/total/rest-111111/top"",""solutions/game_1/total/rest-111111/bot""]}","[1,1,1,1,1,1]","[1,1,1,1,1,1]",0,0,6,12,away_win,away,0,98
8508,2,"{""single"":[""solutions/game_2/single/rest-001001/top"",""solutions/game_2/single/rest-001110/bot""],""total"":[""solutions/game_2/total/rest-001001/top"",""solutions/game_2/total/rest-001110/bot""]}","[0,0,1,0,0,1]","[0,0,1,1,1,0]",0,1,0,6,away_win,away,0,84
8508,3,"{""single"":[""solutions/game_3/single/rest-010110/top"",""solutions/game_3/single/rest-111101/bot""],""total"":[""solutions/game_3/total/rest-010110/top"",""solutions/game_3/total/rest-111101/bot""]}","[0,1,0,1,1,0]","[1,1,1,1,0,1]",0,2,5,3,home_win,home,0,79
8508,4,"{""single"":[""solutions/game_4/single/rest-111001/top"",""solutions/game_4/single/rest-111110/bot""],""total"":[""solutions/game_4/total/rest-111001/top"",""solutions/game_4/total/rest-111110/bot""]}","[1,1,1,0,0,1]","[1,1,1,1,1,0]",1,2,6,9,away_win,away,0,90
8508,5,"{""single"":[""solutions/game_5/single/rest-100100/top"",""solutions/game_5/single/rest-000111/bot""],""total"":[""solutions/game_5/single/rest-100100/top"",""solutions/game_5/single/rest-000111/bot""]}","[1,0,0,1,0,0]","[0,0,0,1,1,1]",1,3,7,3,home_win,home,1,80
8509,1,"{""single"":[""solutions/game_1/single/rest-111111/top"",""solutions/game_1/single/rest-111111/bot""],""total"":[""solutions/game_1/total/rest-111111/top"",""solutions/game_1/total/rest-111111/bot""]}","[1,1,1,1,1,1]","[1,1,1,1,1,1]",0,0,4,0,home_win,home,0,73
8509,2,"{""single"":[""solutions/game_2/single/rest-111101/top"",""solutions/game_2/single/rest-111100/bot""],""total"":[""solutions/game_2/total/rest-111101/top"",""solutions/game_2/total/rest-111100/bot""]}","[1,1,1,1,0,1]","[1,1,1,1,0,0]",1,0,9,4,home_win,home,0,74
8509,3,"{""single"":[""solutions/game_3/single/rest-110111/top"",""solutions/game_3/single/rest-110110/bot""],""total"":[""solutions/game_3/total/rest-110111/top"",""solutions/game_3/total/rest-110110/bot""]}","[1,1,0,1,1,1]","[1,1,0,1,1,0]",2,0,2,3,away_win,away,0,83
8509,4,"{""single"":[""solutions/game_4/single/rest-111000/top"",""solutions/game_4/single/rest-001111/bot""],""total"":[""solutions/game_4/total/rest-111000/top"",""solutions/game_4/total/rest-001111/bot""]}","[1,1,1,0,0,0]","[0,0,1,1,1,1]",2,1,5,3,home_win,home,0,77
8509,5,"{""single"":[""solutions/game_5/single/rest-110111/top"",""solutions/game_5/single/rest-110111/bot""],""total"":[""solutions/game_5/single/rest-110111/top"",""solutions/game_5/single/rest-110111/bot""]}","[1,1,0,1,1,1]","[1,1,0,1,1,1]",3,1,9,7,home_win,home,1,88
8510,1,"{""single"":[""solutions/game_1/single/rest-111111/top"",""solutions/game_1/single/rest-111111/bot""],""total"":[""solutions/game_1/total/rest-111111/top"",""solutions/game_1/total/rest-111111/bot""]}","[1,1,1,1,1,1]","[1,1,1,1,1,1]",0,0,4,3,home_win,home,0,78
8510,2,"{""single"":[""solutions/game_2/single/rest-011001/top"",""solutions/game_2/single/rest-110111/bot""],""total"":[""solutions/game_2/total/rest-011001/top"",""solutions/game_2/total/rest-110111/bot""]}","[0,1,1,0,0,1]","[1,1,0,1,1,1]",1,0,1,3,away_win,away,0,80
8510,3,"{""single"":[""solutions/game_3/single/rest-101110/top"",""solutions/game_3/single/rest-011011/bot""],""total"":[""solutions/game_3/total/rest-101110/top"",""solutions/game_3/total/rest-011011/bot""]}","[1,0,1,1,1,0]","[0,1,1,0,1,1]",1,1,6,5,home_win,home,0,85
8510,4,"{""single"":[""solutions/game_4/single/rest-010001/top"",""solutions/game_4/single/rest-101110/bot""],""total"":[""solutions/game_4/total/rest-010001/top"",""solutions/game_4/total/rest-101110/bot""]}","[0,1,0,0,0,1]","[1,0,1,1,1,0]",2,1,0,8,away_win,away,0,32
8510,5,"{""single"":[""solutions/game_5/single/rest-111101/top"",""solutions/game_5/single/rest-111111/bot""],""total"":[""solutions/game_5/single/rest-111101/top"",""solutions/game_5/single/rest-111111/bot""]}","[1,1,1,1,0,1]","[1,1,1,1,1,1]",2,2,5,4,home_win,home,0,82
8511,1,"{""single"":[""solutions/game_1/single/rest-111111/top"",""solutions/game_1/single/rest-111111/bot""],""total"":[""solutions/game_1/total/rest-111111/top"",""solutions/game_1/total/rest-111111/bot""]}","[1,1,1,1,1,1]","[1,1,1,1,1,1]",0,0,2,5,away_win,away,0,87
8511,2,"{""single"":[""solutions/game_2/single/rest-011110/top"",""solutions/game_2/single/rest-101110/bot""],""total"":[""solutions/game_2/total/rest-011110/top"",""solutions/game_2/total/rest-101110/bot""]}","[0,1,1,1,1,0]","[1,0,1,1,1,0]",0,1,7,5,home_win,home,0,86
8511,3,"{""single"":[""solutions/game_3/single/rest-110001/top"",""solutions/game_3/single/rest-010100/bot""],""total"":[""solutions/game_3/total/rest-110001/top"",""solutions/game_3/total/rest-010100/bot""]}","[1,1,0,0,0,1]","[0,1,0,1,0,0]",1,1,10,0,home_win,home,0,22
8511,4,"{""single"":[""solutions/game_4/single/rest-111111/top"",""solutions/game_4/single/rest-111111/bot""],""total"":[""solutions/game_4/total/rest-111111/top"",""solutions/game_4/total/rest-111111/bot""]}","[1,1,1,1,1,1]","[1,1,1,1,1,1]",2,1,2,3,away_win,away,0,78
8511,5,"{""single"":[""solutions/game_5/single/rest-010001/top"",""solutions/game_5/single/rest-111010/bot""],""total"":[""solutions/game_5/single/rest-010001/top"",""solutions/game_5/single/rest-111010/bot""]}","[0,1,0,0,0,1]","[1,1,1,0,1,0]",2,2,2,9,away_win,away,0,86
8512,1,"{""single"":[""solutions/game_1/single/rest-111111/top"",""solutions/game_1/single/rest-111111/bot""],""total"":[""solutions/game_1/total/rest-111111/top"",""solutions/game_1/total/rest-111111/bot""]}","[1,1,1,1,1,1]","[1,1,1,1,1,1]",0,0,1,9,away_win,away,0,74
8512,2,"{""single"":[""solutions/game_2/single/rest-110011/top"",""solutions/game_2/single/rest-110111/bot""],""total"":[""solutions/game_2/total/rest-110011/top"",""solutions/game_2/total/rest-110111/bot""]}","[1,1,0,0,1,1]","[1,1,0,1,1,1]",0,1,2,4,away_win,away,0,77
8512,3,"{""single"":[""solutions/game_3/single/rest-011101/top"",""solutions/game_3/single/rest-001110/bot""],""total"":[""solutions/game_3/total/rest-011101/top"",""solutions/game_3/total/rest-001110/bot""]}","[0,1,1,1,0,1]","[0,0,1,1,1,0]",0,2,0,3,away_win,away,0,69
8512,4,"{""single"":[""solutions/game_4/single/rest-111011/top"",""solutions/game_4/single/rest-110111/bot""],""total"":[""solutions/game_4/total/rest-111011/top"",""solutions/game_4/total/rest-110111/bot""]}","[1,1,1,0,1,1]","[1,1,0,1,1,1]",0,3,3,5,away_win,away,1,86
8512,5,"{""single"":[""solutions/game_5/single/rest-001100/top"",""solutions/game_5/single/rest-001111/bot""],""total"":[""solutions/game_5/single/rest-001100/top"",""solutions/game_5/single/rest-001111/bot""]}","[0,0,1,1,0,0]","[0,0,1,1,1,1]",0,4,5,3,home_win,home,1,82
8513,1,"{""single"":[""solutions/game_1/single/rest-111111/top"",""solutions/game_1/single/rest-111111/bot""],""total"":[""solutions/game_1/total/rest-111111/top"",""solutions/game_1/total/rest-111111/bot""]}","[1,1,1,1,1,1]","[1,1,1,1,1,1]",0,0,1,6,away_win,away,0,80
8513,2,"{""single"":[""solutions/game_2/single/rest-010001/top"",""solutions/game_2/single/rest-111101/bot""],""total"":[""solutions/game_2/total/rest-010001/top"",""solutions/game_2/total/rest-111101/bot""]}","[0,1,0,0,0,1]","[1,1,1,1,0,1]",0,1,1,4,away_win,away,0,82
8513,3,"{""single"":[""solutions/game_3/single/rest-111110/top"",""solutions/game_3/single/rest-001011/bot""],""total"":[""solutions/game_3/total/rest-111110/top"",""solutions/game_3/total/rest-001011/bot""]}","[1,1,1,1,1,0]","[0,0,1,0,1,1]",0,2,5,2,home_win,home,0,76
8513,4,"{""single"":[""solutions/game_4/single/rest-110011/top"",""solutions/game_4/single/rest-111111/bot""],""total"":[""solutions/game_4/total/rest-110011/top"",""solutions/game_4/total/rest-111111/bot""]}","[1,1,0,0,1,1]","[1,1,1,1,1,1]",1,2,5,1,home_win,home,0,82
8513,5,"{""single"":[""solutions/game_5/single/rest-111110/top"",""solutions/game_5/single/rest-111111/bot""],""total"":[""solutions/game_5/single/rest-111110/top"",""solutions/game_5/single/rest-111111/bot""]}","[1,1,1,1,1,0]","[1,1,1,1,1,1]",2,2,0,8,away_win,away,0,37
8514,1,"{""single"":[""solutions/game_1/single/rest-111111/top"",""solutions/game_1/single/rest-111111/bot""],""total"":[""solutions/game_1/total/rest-111111/top"",""solutions/game_1/total/rest-111111/bot""]}","[1,1,1,1,1,1]","[1,1,1,1,1,1]",0,0,1,4,away_win,away,0,73
8514,2,"{""single"":[""solutions/game_2/single/rest-010001/top"",""solutions/game_2/single/rest-111110/bot""],""total"":[""solutions/game_2/total/rest-010001/top"",""solutions/game_2/total/rest-111110/bot""]}","[0,1,0,0,0,1]","[1,1,1,1,1,0]",0,1,4,12,away_win,away,0,86
8514,3,"{""single"":[""solutions/game_3/single/rest-101110/top"",""solutions/game_3/single/rest-111011/bot""],""total"":[""solutions/game_3/total/rest-101110/top"",""solutions/game_3/total/rest-111011/bot""]}","[1,0,1,1,1,0]","[1,1,1,0,1,1]",0,2,3,1,home_win,home,0,70
8514,4,"{""single"":[""solutions/game_4/single/rest-111001/top"",""solutions/game_4/single/rest-111100/bot""],""total"":[""solutions/game_4/total/rest-111001/top"",""solutions/game_4/total/rest-111100/bot""]}","[1,1,1,0,0,1]","[1,1,1,1,0,0]",1,2,6,4,home_win,home,0,87
8514,5,"{""single"":[""solutions/game_5/single/rest-000110/top"",""solutions/game_5/single/rest-100011/bot""],""total"":[""solutions/game_5/single/rest-000110/top"",""solutions/game_5/single/rest-100011/bot""]}","[0,0,0,1,1,0]","[1,0,0,0,1,1]",2,2,4,2,home_win,home,0,79
8515,1,"{""single"":[""solutions/game_1/single/rest-111111/top"",""solutions/game_1/single/rest-111111/bot""],""total"":[""solutions/game_1/total/rest-111111/top"",""solutions/game_1/total/rest-111111/bot""]}","[1,1,1,1,1,1]","[1,1,1,1,1,1]",0,0,4,3,home_win,home,0,79
8515,2,"{""single"":[""solutions/game_2/single/rest-110101/top"",""solutions/game_2/single/rest-111111/bot""],""total"":[""solutions/game_2/total/rest-110101/top"",""solutions/game_2/total/rest-111111/bot""]}","[1,1,0,1,0,1]","[1,1,1,1,1,1]",1,0,2,5,away_win,away,0,78
8515,3,"{""single"":[""solutions/game_3/single/rest-010010/top"",""solutions/game_3/single/rest-001011/bot""],""total"":[""solutions/game_3/total/rest-010010/top"",""solutions/game_3/total/rest-001011/bot""]}","[0,1,0,0,1,0]","[0,0,1,0,1,1]",1,1,9,6,home_win,home,0,82
8515,4,"{""single"":[""solutions/game_4/single/rest-101101/top"",""solutions/game_4/single/rest-111010/bot""],""total"":[""solutions/game_4/total/rest-101101/top"",""solutions/game_4/total/rest-111010/bot""]}","[1,0,1,1,0,1]","[1,1,1,0,1,0]",2,1,3,4,away_win,away,0,93
8515,5,"{""single"":[""solutions/game_5/single/rest-010011/top"",""solutions/game_5/single/rest-001101/bot""],""total"":[""solutions/game_5/single/rest-010011/top"",""solutions/game_5/single/rest-001101/bot""]}","[0,1,0,0,1,1]","[0,0,1,1,0,1]",2,2,3,2,home_win,home,0,81
8516,1,"{""single"":[""solutions/game_1/single/rest-111111/top"",""solutions/game_1/single/rest-111111/bot""],""total"":[""solutions/game_1/total/rest-111111/top"",""solutions/game_1/total/rest-111111/bot""]}","[1,1,1,1,1,1]","[1,1,1,1,1,1]",0,0,11,4,home_win,home,0,83
8516,2,"{""single"":[""solutions/game_2/single/rest-111001/top"",""solutions/game_2/single/rest-111100/bot""],""total"":[""solutions/game_2/total/rest-111001/top"",""solutions/game_2/total/rest-111100/bot""]}","[1,1,1,0,0,1]","[1,1,1,1,0,0]",1,0,2,1,home_win,home,0,70
8516,3,"{""single"":[""solutions/game_3/single/rest-110111/top"",""solutions/game_3/single/rest-110111/bot""],""total"":[""solutions/game_3/total/rest-110111/top"",""solutions/game_3/total/rest-110111/bot""]}","[1,1,0,1,1,1]","[1,1,0,1,1,1]",2,0,4,7,away_win,away,0,85
8516,4,"{""single"":[""solutions/game_4/single/rest-001011/top"",""solutions/game_4/single/rest-001110/bot""],""total"":[""solutions/game_4/total/rest-001011/top"",""solutions/game_4/total/rest-001110/bot""]}","[0,0,1,0,1,1]","[0,0,1,1,1,0]",2,1,2,6,away_win,away,0,80
8516,5,"{""single"":[""solutions/game_5/single/rest-111101/top"",""solutions/game_5/single/rest-110101/bot""],""total"":[""solutions/game_5/single/rest-111101/top"",""solutions/game_5/single/rest-110101/bot""]}","[1,1,1,1,0,1]","[1,1,0,1,0,1]",2,2,3,2,home_win,home,0,77
8517,1,"{""single"":[""solutions/game_1/single/rest-111111/top"",""solutions/game_1/single/rest-111111/bot""],""total"":[""solutions/game_1/total/rest-111111/top"",""solutions/game_1/total/rest-111111/bot""]}","[1,1,1,1,1,1]","[1,1,1,1,1,1]",0,0,5,4,home_win,home,0,80
8517,2,"{""single"":[""solutions/game_2/single/rest-011011/top"",""solutions/game_2/single/rest-010110/bot""],""total"":[""solutions/game_2/total/rest-011011/top"",""solutions/game_2/total/rest-010110/bot""]}","[0,1,1,0,1,1]","[0,1,0,1,1,0]",1,0,1,9,away_win,away,0,79
8517,3,"{""single"":[""solutions/game_3/single/rest-101101/top"",""solutions/game_3/single/rest-100111/bot""],""total"":[""solutions/game_3/total/rest-101101/top"",""solutions/game_3/total/rest-100111/bot""]}","[1,0,1,1,0,1]","[1,0,0,1,1,1]",1,1,4,5,away_win,away,0,75
8517,4,"{""single"":[""solutions/game_4/single/rest-010011/top"",""solutions/game_4/single/rest-010111/bot""],""total"":[""solutions/game_4/total/rest-010011/top"",""solutions/game_4/total/rest-010111/bot""]}","[0,1,0,0,1,1]","[0,1,0,1,1,1]",1,2,5,3,home_win,home,0,77
8517,5,"{""single"":[""solutions/game_5/single/rest-100111/top"",""solutions/game_5/single/rest-111111/bot""],""total"":[""solutions/game_5/single/rest-100111/top"",""solutions/game_5/single/rest-111111/bot""]}","[1,0,0,1,1,1]","[1,1,1,1,1,1]",2,2,2,3,away_win,away,0,81
8518,1,"{""single"":[""solutions/game_1/single/rest-111111/top"",""solutions/game_1/single/rest-111111/bot""],""total"":[""solutions/game_1/total/rest-111111/top"",""solutions/game_1/total/rest-111111/bot""]}","[1,1,1,1,1,1]","[1,1,1,1,1,1]",0,0,11,5,home_win,home,0,90
8518,2,"{""single"":[""solutions/game_2/single/rest-011001/top"",""solutions/game_2/single/rest-110011/bot""],""total"":[""solutions/game_2/total/rest-011001/top"",""solutions/game_2/total/rest-110011/bot""]}","[0,1,1,0,0,1]","[1,1,0,0,1,1]",1,0,3,6,away_win,away,0,87
8518,3,"{""single"":[""solutions/game_3/single/rest-110110/top"",""solutions/game_3/single/rest-001110/bot""],""total"":[""solutions/game_3/total/rest-110110/top"",""solutions/game_3/total/rest-001110/bot""]}","[1,1,0,1,1,0]","[0,0,1,1,1,0]",1,1,13,4,home_win,home,0,75
8518,4,"{""single"":[""solutions/game_4/single/rest-111001/top"",""solutions/game_4/single/rest-111111/bot""],""total"":[""solutions/game_4/total/rest-111001/top"",""solutions/game_4/total/rest-111111/bot""]}","[1,1,1,0,0,1]","[1,1,1,1,1,1]",2,1,6,7,away_win,away,0,92
8518,5,"{""single"":[""solutions/game_5/single/rest-001111/top"",""solutions/game_5/single/rest-001010/bot""],""total"":[""solutions/game_5/single/rest-001111/top"",""solutions/game_5/single/rest-001010/bot""]}","[0,0,1,1,1,1]","[0,0,1,0,1,0]",2,2,8,6,home_win,home,0,89
8519,1,"{""single"":[""solutions/game_1/single/rest-111111/top"",""solutions/game_1/single/rest-111111/bot""],""total"":[""solutions/game_1/total/rest-111111/top"",""solutions/game_1/total/rest-111111/bot""]}","[1,1,1,1,1,1]","[1,1,1,1,1,1]",0,0,1,2,away_win,away,0,85
8519,2,"{""single"":[""solutions/game_2/single/rest-011001/top"",""solutions/game_2/single/rest-001010/bot""],""total"":[""solutions/game_2/total/rest-011001/top"",""solutions/game_2/total/rest-001010/bot""]}","[0,1,1,0,0,1]","[0,0,1,0,1,0]",0,1,8,6,home_win,home,0,94
8519,3,"{""single"":[""solutions/game_3/single/rest-110110/top"",""solutions/game_3/single/rest-111101/bot""],""total"":[""solutions/game_3/total/rest-110110/top"",""solutions/game_3/total/rest-111101/bot""]}","[1,1,0,1,1,0]","[1,1,1,1,0,1]",1,1,0,10,away_win,away,0,12
8519,4,"{""single"":[""solutions/game_4/single/rest-111111/top"",""solutions/game_4/single/rest-111111/bot""],""total"":[""solutions/game_4/total/rest-111111/top"",""solutions/game_4/total/rest-111111/bot""]}","[1,1,1,1,1,1]","[1,1,1,1,1,1]",1,2,8,5,home_win,home,0,85
8519,5,"{""single"":[""solutions/game_5/single/rest-110000/top"",""solutions/game_5/single/rest-110111/bot""],""total"":[""solutions/game_5/single/rest-110000/top"",""solutions/game_5/single/rest-110111/bot""]}","[1,1,0,0,0,0]","[1,1,0,1,1,1]",2,2,4,7,away_win,away,0,93
8520,1,"{""single"":[""solutions/game_1/single/rest-111111/top"",""solutions/game_1/single/rest-111111/bot""],""total"":[""solutions/game_1/total/rest-111111/top"",""solutions/game_1/total/rest-111111/bot""]}","[1,1,1,1,1,1]","[1,1,1,1,1,1]",0,0,4,2,home_win,home,0,72
8520,2,"{""single"":[""solutions/game_2/single/rest-110101/top"",""solutions/game_2/single/rest-101110/bot""],""total"":[""solutions/game_2/total/rest-110101/top"",""solutions/game_2/total/rest-101110/bot""]}","[1,1,0,1,0,1]","[1,0,1,1,1,0]",1,0,9,1,home_win,home,0,79
8520,3,"{""single"":[""solutions/game_3/single/rest-111011/top"",""solutions/game_3/single/rest-111010/bot""],""total"":[""solutions/game_3/total/rest-111011/top"",""solutions/game_3/total/rest-111010/bot""]}","[1,1,1,0,1,1]","[1,1,1,0,1,0]",2,0,10,7,home_win,home,0,90
8520,4,"{""single"":[""solutions/game_4/single/rest-010000/top"",""solutions/game_4/single/rest-111101/bot""],""total"":[""solutions/game_4/total/rest-010000/top"",""solutions/game_4/total/rest-111101/bot""]}","[0,1,0,0,0,0]","[1,1,1,1,0,1]",3,0,1,10,away_win,away,1,56
8520,5,"{""single"":[""solutions/game_5/single/rest-101101/top"",""solutions/game_5/single/rest-111111/bot""],""total"":[""solutions/game_5/single/rest-101101/top"",""solutions/game_5/single/rest-111111/bot""]}","[1,0,1,1,0,1]","[1,1,1,1,1,1]",3,1,8,0,home_win,home,1,31
8521,1,"{""single"":[""solutions/game_1/single/rest-111111/top"",""solutions/game_1/single/rest-111111/bot""],""total"":[""solutions/game_1/total/rest-111111/top"",""solutions/game_1/total/rest-111111/bot""]}","[1,1,1,1,1,1]","[1,1,1,1,1,1]",0,0,1,4,away_win,away,0,84
8521,2,"{""single"":[""solutions/game_2/single/rest-011011/top"",""solutions/game_2/single/rest-111010/bot""],""total"":[""solutions/game_2/total/rest-011011/top"",""solutions/game_2/total/rest-111010/bot""]}","[0,1,1,0,1,1]","[1,1,1,0,1,0]",0,1,2,4,away_win,away,0,86
8521,3,"{""single"":[""solutions/game_3/single/rest-101100/top"",""solutions/game_3/single/rest-101111/bot""],""total"":[""solutions/game_3/total/rest-101100/top"",""solutions/game_3/total/rest-101111/bot""]}","[1,0,1,1,0,0]","[1,0,1,1,1,1]",0,2,3,8,away_win,away,0,89
8521,4,"{""single"":[""solutions/game_4/single/rest-110001/top"",""solutions/game_4/single/rest-110101/bot""],""total"":[""solutions/game_4/total/rest-110001/top"",""solutions/game_4/total/rest-110101/bot""]}","[1,1,0,0,0,1]","[1,1,0,1,0,1]",0,3,7,6,home_win,home,1,85
8521,5,"{""single"":[""solutions/game_5/single/rest-001110/top"",""solutions/game_5/single/rest-001010/bot""],""total"":[""solutions/game_5/single/rest-001110/top"",""solutions/game_5/single/rest-001010/bot""]}","[0,0,1,1,1,0]","[0,0,1,0,1,0]",1,3,5,1,home_win,home,1,72
8522,1,"{""single"":[""solutions/game_1/single/rest-111111/top"",""solutions/game_1/single/rest-111111/bot""],""total"":[""solutions/game_1/total/rest-111111/top"",""solutions/game_1/total/rest-111111/bot""]}","[1,1,1,1,1,1]","[1,1,1,1,1,1]",0,0,10,3,home_win,home,0,82
8522,2,"{""single"":[""solutions/game_2/single/rest-110101/top"",""solutions/game_2/single/rest-110101/bot""],""total"":[""solutions/game_2/total/rest-110101/top"",""solutions/game_2/total/rest-110101/bot""]}","[1,1,0,1,0,1]","[1,1,0,1,0,1]",1,0,6,7,away_win,away,0,96
8522,3,"{""single"":[""solutions/game_3/single/rest-001010/top"",""solutions/game_3/single/rest-101010/bot""],""total"":[""solutions/game_3/total/rest-001010/top"",""solutions/game_3/total/rest-101010/bot""]}","[0,0,1,0,1,0]","[1,0,1,0,1,0]",1,1,10,1,home_win,home,0,52
8522,4,"{""single"":[""solutions/game_4/single/rest-101011/top"",""solutions/game_4/single/rest-110111/bot""],""total"":[""solutions/game_4/total/rest-101011/top"",""solutions/game_4/total/rest-110111/bot""]}","[1,0,1,0,1,1]","[1,1,0,1,1,1]",2,1,3,11,away_win,away,0,70
8522,5,"{""single"":[""solutions/game_5/single/rest-110101/top"",""solutions/game_5/single/rest-111110/bot""],""total"":[""solutions/game_5/single/rest-110101/top"",""solutions/game_5/single/rest-111110/bot""]}","[1,1,0,1,0,1]","[1,1,1,1,1,0]",2,2,7,6,home_win,home,0,88
8523,1,"{""single"":[""solutions/game_1/single/rest-111111/top"",""solutions/game_1/single/rest-111111/bot""],""total"":[""solutions/game_1/total/rest-111111/top"",""solutions/game_1/total/rest-111111/bot""]}","[1,1,1,1,1,1]","[1,1,1,1,1,1]",0,0,2,3,away_win,away,0,72
8523,2,"{""single"":[""solutions/game_2/single/rest-110001/top"",""solutions/game_2/single/rest-001011/bot""],""total"":[""solutions/game_2/total/rest-110001/top"",""solutions/game_2/total/rest-001011/bot""]}","[1,1,0,0,0,1]","[0,0,1,0,1,1]",0,1,12,4,home_win,home,0,87
8523,3,"{""single"":[""solutions/game_3/single/rest-111111/top"",""solutions/game_3/single/rest-100111/bot""],""total"":[""solutions/game_3/total/rest-111111/top"",""solutions/game_3/total/rest-100111/bot""]}","[1,1,1,1,1,1]","[1,0,0,1,1,1]",1,1,9,0,home_win,home,0,64
8523,4,"{""single"":[""solutions/game_4/single/rest-111111/top"",""solutions/game_4/single/rest-111101/bot""],""total"":[""solutions/game_4/total/rest-111111/top"",""solutions/game_4/total/rest-111101/bot""]}","[1,1,1,1,1,1]","[1,1,1,1,0,1]",2,1,2,5,away_win,away,0,85
8523,5,"{""single"":[""solutions/game_5/single/rest-011001/top"",""solutions/game_5/single/rest-111101/bot""],""total"":[""solutions/game_5/single/rest-011001/top"",""solutions/game_5/single/rest-111101/bot""]}","[0,1,1,0,0,1]","[1,1,1,1,0,1]",2,2,8,15,away_win,away,0,105
8524,1,"{""single"":[""solutions/game_1/single/rest-111111/top"",""solutions/game_1/single/rest-111111/bot""],""total"":[""solutions/game_1/total/rest-111111/top"",""solutions/game_1/total/rest-111111/bot""]}","[1,1,1,1,1,1]","[1,1,1,1,1,1]",0,0,3,2,home_win,home,0,74
8524,2,"{""single"":[""solutions/game_2/single/rest-010011/top"",""solutions/game_2/single/rest-101011/bot""],""total"":[""solutions/game_2/total/rest-010011/top"",""solutions/game_2/total/rest-101011/bot""]}","[0,1,0,0,1,1]","[1,0,1,0,1,1]",1,0,8,0,home_win,home,0,58
8524,3,"{""single"":[""solutions/game_3/single/rest-111111/top"",""solutions/game_3/single/rest-101111/bot""],""total"":[""solutions/game_3/total/rest-111111/top"",""solutions/game_3/total/rest-101111/bot""]}","[1,1,1,1,1,1]","[1,0,1,1,1,1]",2,0,1,3,away_win,away,0,71
8524,4,"{""single"":[""solutions/game_4/single/rest-110001/top"",""solutions/game_4/single/rest-111010/bot""],""total"":[""solutions/game_4/total/rest-110001/top"",""solutions/game_4/total/rest-111010/bot""]}","[1,1,0,0,0,1]","[1,1,1,0,1,0]",2,1,0,4,away_win,away,0,76
8524,5,"{""single"":[""solutions/game_5/single/rest-101110/top"",""solutions/game_5/single/rest-111101/bot""],""total"":[""solutions/game_5/single/rest-101110/top"",""solutions/game_5/single/rest-111101/bot""]}","[1,0,1,1,1,0]","[1,1,1,1,0,1]",2,2,4,7,away_win,away,0,85
8525,1,"{""single"":[""solutions/game_1/single/rest-111111/top"",""solutions/game_1/single/rest-111111/bot""],""total"":[""solutions/game_1/total/rest-111111/top"",""solutions/game_1/total/rest-111111/bot""]}","[1,1,1,1,1,1]","[1,1,1,1,1,1]",0,0,5,2,home_win,home,0,79
8525,2,"{""single"":[""solutions/game_2/single/rest-111001/top"",""solutions/game_2/single/rest-111011/bot""],""total"":[""solutions/game_2/total/rest-111001/top"",""solutions/game_2/total/rest-111011/bot""]}","[1,1,1,0,0,1]","[1,1,1,0,1,1]",1,0,14,3,home_win,home,0,47
8525,3,"{""single"":[""solutions/game_3/single/rest-111101/top"",""solutions/game_3/single/rest-111111/bot""],""total"":[""solutions/game_3/total/rest-111101/top"",""solutions/game_3/total/rest-111111/bot""]}","[1,1,1,1,0,1]","[1,1,1,1,1,1]",2,0,1,3,away_win,away,0,79
8525,4,"{""single"":[""solutions/game_4/single/rest-010010/top"",""solutions/game_4/single/rest-101010/bot""],""total"":[""solutions/game_4/total/rest-010010/top"",""solutions/game_4/total/rest-101010/bot""]}","[0,1,0,0,1,0]","[1,0,1,0,1,0]",2,1,10,11,away_win,away,0,96
8525,5,"{""single"":[""solutions/game_5/single/rest-111101/top"",""solutions/game_5/single/rest-011111/bot""],""total"":[""solutions/game_5/single/rest-111101/top"",""solutions/game_5/single/rest-011111/bot""]}","[1,1,1,1,0,1]","[0,1,1,1,1,1]",2,2,2,3,away_win,away,0,78
8526,1,"{""single"":[""solutions/game_1/single/rest-111111/top"",""solutions/game_1/single/rest-111111/bot""],""total"":[""solutions/game_1/total/rest-111111/top"",""solutions/game_1/total/rest-111111/bot""]}","[1,1,1,1,1,1]","[1,1,1,1,1,1]",0,0,4,11,away_win,away,0,91
8526,2,"{""single"":[""solutions/game_2/single/rest-010001/top"",""solutions/game_2/single/rest-111110/bot""],""total"":[""solutions/game_2/total/rest-010001/top"",""solutions/game_2/total/rest-111110/bot""]}","[0,1,0,0,0,1]","[1,1,1,1,1,0]",0,1,4,5,away_win,away,0,90
8526,3,"{""single"":[""solutions/game_3/single/rest-111010/top"",""solutions/game_3/single/rest-110111/bot""],""total"":[""solutions/game_3/total/rest-111010/top"",""solutions/game_3/total/rest-110111/bot""]}","[1,1,1,0,1,0]","[1,1,0,1,1,1]",0,2,7,3,home_win,home,0,79
8526,4,"{""single"":[""solutions/game_4/single/rest-010001/top"",""solutions/game_4/single/rest-001011/bot""],""total"":[""solutions/game_4/total/rest-010001/top"",""solutions/game_4/total/rest-001011/bot""]}","[0,1,0,0,0,1]","[0,0,1,0,1,1]",1,2,0,6,away_win,away,0,75
8526,5,"{""single"":[""solutions/game_5/single/rest-111110/top"",""solutions/game_5/single/rest-110011/bot""],""total"":[""solutions/game_5/single/rest-111110/top"",""solutions/game_5/single/rest-110011/bot""]}","[1,1,1,1,1,0]","[1,1,0,0,1,1]",1,3,5,5,tie,away,1,95
8527,1,"{""single"":[""solutions/game_1/single/rest-111111/top"",""solutions/game_1/single/rest-111111/bot""],""total"":[""solutions/game_1/total/rest-111111/top"",""solutions/game_1/total/rest-111111/bot""]}","[1,1,1,1,1,1]","[1,1,1,1,1,1]",0,0,6,9,away_win,away,0,100
8527,2,"{""single"":[""solutions/game_2/single/rest-001000/top"",""solutions/game_2/single/rest-011000/bot""],""total"":[""solutions/game_2/total/rest-001000/top"",""solutions/game_2/total/rest-011000/bot""]}","[0,0,1,0,0,0]","[0,1,1,0,0,0]",0,1,2,5,away_win,away,0,77
8527,3,"{""single"":[""solutions/game_3/single/rest-011001/top"",""solutions/game_3/single/rest-110111/bot""],""total"":[""solutions/game_3/total/rest-011001/top"",""solutions/game_3/total/rest-110111/bot""]}","[0,1,1,0,0,1]","[1,1,0,1,1,1]",0,2,3,4,away_win,away,0,82
8527,4,"{""single"":[""solutions/game_4/single/rest-111111/top"",""solutions/game_4/single/rest-101110/bot""],""total"":[""solutions/game_4/total/rest-111111/top"",""solutions/game_4/total/rest-101110/bot""]}","[1,1,1,1,1,1]","[1,0,1,1,1,0]",0,3,3,8,away_win,away,1,87
8527,5,"{""single"":[""solutions/game_5/single/rest-111001/top"",""solutions/game_5/single/rest-011101/bot""],""total"":[""solutions/game_5/single/rest-111001/top"",""solutions/game_5/single/rest-011101/bot""]}","[1,1,1,0,0,1]","[0,1,1,1,0,1]",0,4,5,5,tie,away,1,93
8528,1,"{""single"":[""solutions/game_1/single/rest-111111/top"",""solutions/game_1/single/rest-111111/bot""],""total"":[""solutions/game_1/total/rest-111111/top"",""solutions/game_1/total/rest-111111/bot""]}","[1,1,1,1,1,1]","[1,1,1,1,1,1]",0,0,2,2,tie,away,0,80
8528,2,"{""single"":[""solutions/game_2/single/rest-010011/top"",""solutions/game_2/single/rest-001011/bot""],""total"":[""solutions/game_2/total/rest-010011/top"",""solutions/game_2/total/rest-001011/bot""]}","[0,1,0,0,1,1]","[0,0,1,0,1,1]",0,1,5,4,home_win,home,0,81
8528,3,"{""single"":[""solutions/game_3/single/rest-101100/top"",""solutions/game_3/single/rest-010011/bot""],""total"":[""solutions/game_3/total/rest-101100/top"",""solutions/game_3/total/rest-010011/bot""]}","[1,0,1,1,0,0]","[0,1,0,0,1,1]",1,1,0,8,away_win,away,0,73
8528,4,"{""single"":[""solutions/game_4/single/rest-000011/top"",""solutions/game_4/single/rest-111111/bot""],""total"":[""solutions/game_4/total/rest-000011/top"",""solutions/game_4/total/rest-111111/bot""]}","[0,0,0,0,1,1]","[1,1,1,1,1,1]",1,2,2,5,away_win,away,0,83
8528,5,"{""single"":[""solutions/game_5/single/rest-101110/top"",""solutions/game_5/single/rest-001011/bot""],""total"":[""solutions/game_5/single/rest-101110/top"",""solutions/game_5/single/rest-001011/bot""]}","[1,0,1,1,1,0]","[0,0,1,0,1,1]",1,3,5,0,home_win,home,1,74
8529,1,"{""single"":[""solutions/game_1/single/rest-111111/top"",""solutions/game_1/single/rest-111111/bot""],""total"":[""solutions/game_1/total/rest-111111/top"",""solutions/game_1/total/rest-111111/bot""]}","[1,1,1,1,1,1]","[1,1,1,1,1,1]",0,0,0,8,away_win,away,0,57
8529,2,"{""single"":[""solutions/game_2/single/rest-110111/top"",""solutions/game_2/single/rest-111111/bot""],""total"":[""solutions/game_2/total/rest-110111/top"",""solutions/game_2/total/rest-111111/bot""]}","[1,1,0,1,1,1]","[1,1,1,1,1,1]",0,1,7,5,home_win,home,0,85
8529,3,"{""single"":[""solutions/game_3/single/rest-011001/top"",""solutions/game_3/single/rest-010110/bot""],""total"":[""solutions/game_3/total/rest-011001/top"",""solutions/game_3/total/rest-010110/bot""]}","[0,1,1,0,0,1]","[0,1,0,1,1,0]",1,1,0,1,away_win,away,0,78
8529,4,"{""single"":[""solutions/game_4/single/rest-000110/top"",""solutions/game_4/single/rest-110111/bot""],""total"":[""solutions/game_4/total/rest-000110/top"",""solutions/game_4/total/rest-110111/bot""]}","[0,0,0,1,1,0]","[1,1,0,1,1,1]",1,2,1,10,away_win,away,0,64
8529,5,"{""single"":[""solutions/game_5/single/rest-110011/top"",""solutions/game_5/single/rest-110111/bot""],""total"":[""solutions/game_5/single/rest-110011/top"",""solutions/game_5/single/rest-110111/bot""]}","[1,1,0,0,1,1]","[1,1,0,1,1,1]",1,3,7,7,tie,away,1,95
8530,1,"{""single"":[""solutions/game_1/single/rest-111111/top"",""solutions/game_1/single/rest-111111/bot""],""total"":[""solutions/game_1/total/rest-111111/top"",""solutions/game_1/total/rest-111111/bot""]}","[1,1,1,1,1,1]","[1,1,1,1,1,1]",0,0,9,1,home_win,home,0,59
8530,2,"{""single"":[""solutions/game_2/single/rest-111111/top"",""solutions/game_2/single/rest-111111/bot""],""total"":[""solutions/game_2/total/rest-111111/top"",""solutions/game_2/total/rest-111111/bot""]}","[1,1,1,1,1,1]","[1,1,1,1,1,1]",1,0,1,5,away_win,away,0,72
8530,3,"{""single"":[""solutions/game_3/single/rest-111011/top"",""solutions/game_3/single/rest-101101/bot""],""total"":[""solutions/game_3/total/rest-111011/top"",""solutions/game_3/total/rest-101101/bot""]}","[1,1,1,0,1,1]","[1,0,1,1,0,1]",1,1,8,11,away_win,away,0,94
8530,4,"{""single"":[""solutions/game_4/single/rest-010101/top"",""solutions/game_4/single/rest-011010/bot""],""total"":[""solutions/game_4/total/rest-010101/top"",""solutions/game_4/total/rest-011010/bot""]}","[0,1,0,1,0,1]","[0,1,1,0,1,0]",1,2,3,4,away_win,away,0,78
8530,5,"{""single"":[""solutions/game_5/single/rest-101110/top"",""solutions/game_5/single/rest-110110/bot""],""total"":[""solutions/game_5/single/rest-101110/top"",""solutions/game_5/single/rest-110110/bot""]}","[1,0,1,1,1,0]","[1,1,0,1,1,0]",1,3,7,5,home_win,home,1,82
8531,1,"{""single"":[""solutions/game_1/single/rest-111111/top"",""solutions/game_1/single/rest-111111/bot""],""total"":[""solutions/game_1/total/rest-111111/top"",""solutions/game_1/total/rest-111111/bot""]}","[1,1,1,1,1,1]","[1,1,1,1,1,1]",0,0,1,9,away_win,away,0,67
8531,2,"{""single"":[""solutions/game_2/single/rest-010101/top"",""solutions/game_2/single/rest-111111/bot""],""total"":[""solutions/game_2/total/rest-010101/top"",""solutions/game_2/total/rest-111111/bot""]}","[0,1,0,1,0,1]","[1,1,1,1,1,1]",0,1,1,4,away_win,away,0,77
8531,3,"{""single"":[""solutions/game_3/single/rest-111010/top"",""solutions/game_3/single/rest-111111/bot""],""total"":[""solutions/game_3/total/rest-111010/top"",""solutions/game_3/total/rest-111111/bot""]}","[1,1,1,0,1,0]","[1,1,1,1,1,1]",0,2,2,1,home_win,home,0,72
8531,4,"{""single"":[""solutions/game_4/single/rest-100101/top"",""solutions/game_4/single/rest-101111/bot""],""total"":[""solutions/game_4/total/rest-100101/top"",""solutions/game_4/total/rest-101111/bot""]}","[1,0,0,1,0,1]","[1,0,1,1,1,1]",1,2,3,5,away_win,away,0,80
8531,5,"{""single"":[""solutions/game_5/single/rest-111011/top"",""solutions/game_5/single/rest-010011/bot""],""total"":[""solutions/game_5/single/rest-111011/top"",""solutions/game_5/single/rest-010011/bot""]}","[1,1,1,0,1,1]","[0,1,0,0,1,1]",1,3,10,7,home_win,home,1,86
8532,1,"{""single"":[""solutions/game_1/single/rest-111111/top"",""solutions/game_1/single/rest-111111/bot""],""total"":[""solutions/game_1/total/rest-111111/top"",""solutions/game_1/total/rest-111111/bot""]}","[1,1,1,1,1,1]","[1,1,1,1,1,1]",0,0,4,3,home_win,home,0,76
8532,2,"{""single"":[""solutions/game_2/single/rest-110011/top"",""solutions/game_2/single/rest-111110/bot""],""total"":[""solutions/game_2/total/rest-110011/top"",""solutions/game_2/total/rest-111110/bot""]}","[1,1,0,0,1,1]","[1,1,1,1,1,0]",1,0,5,4,home_win,home,0,79
8532,3,"{""single"":[""solutions/game_3/single/rest-001110/top"",""solutions/game_3/single/rest-111101/bot""],""total"":[""solutions/game_3/total/rest-001110/top"",""solutions/game_3/total/rest-111101/bot""]}","[0,0,1,1,1,0]","[1,1,1,1,0,1]",2,0,6,8,away_win,away,0,96
8532,4,"{""single"":[""solutions/game_4/single/rest-000000/top"",""solutions/game_4/single/rest-001011/bot""],""total"":[""solutions/game_4/total/rest-000000/top"",""solutions/game_4/total/rest-001011/bot""]}","[0,0,0,0,0,0]","[0,0,1,0,1,1]",2,1,9,1,home_win,home,0,59
8532,5,"{""single"":[""solutions/game_5/single/rest-110111/top"",""solutions/game_5/single/rest-111101/bot""],""total"":[""solutions/game_5/single/rest-110111/top"",""solutions/game_5/single/rest-111101/bot""]}","[1,1,0,1,1,1]","[1,1,1,1,0,1]",3,1,8,4,home_win,home,1,78
8533,1,"{""single"":[""solutions/game_1/single/rest-111111/top"",""solutions/game_1/single/rest-111111/bot""],""total"":[""solutions/game_1/total/rest-111111/top"",""solutions/game_1/total/rest-111111/bot""]}","[1,1,1,1,1,1]","[1,1,1,1,1,1]",0,0,9,1,home_win,home,0,60
8533,2,"{""single"":[""solutions/game_2/single/rest-111111/top"",""solutions/game_2/single/rest-111110/bot""],""total"":[""solutions/game_2/total/rest-111111/top"",""solutions/game_2/total/rest-111110/bot""]}","[1,1,1,1,1,1]","[1,1,1,1,1,0]",1,0,8,5,home_win,home,0,85
8533,3,"{""single"":[""solutions/game_3/single/rest-010010/top"",""solutions/game_3/single/rest-111111/bot""],""total"":[""solutions/game_3/total/rest-010010/top"",""solutions/game_3/total/rest-111111/bot""]}","[0,1,0,0,1,0]","[1,1,1,1,1,1]",2,0,9,5,home_win,home,0,85
8533,4,"{""single"":[""solutions/game_4/single/rest-111111/top"",""solutions/game_4/single/rest-110101/bot""],""total"":[""solutions/game_4/total/rest-111111/top"",""solutions/game_4/total/rest-110101/bot""]}","[1,1,1,1,1,1]","[1,1,0,1,0,1]",3,0,6,5,home_win,home,1,85
8533,5,"{""single"":[""solutions/game_5/single/rest-110011/top"",""solutions/game_5/single/rest-100110/bot""],""total"":[""solutions/game_5/single/rest-110011/top"",""solutions/game_5/single/rest-100110/bot""]}","[1,1,0,0,1,1]","[1,0,0,1,1,0]",4,0,3,4,away_win,away,1,84
8534,1,"{""single"":[""solutions/game_1/single/rest-111111/top"",""solutions/game_1/single/rest-111111/bot""],""total"":[""solutions/game_1/total/rest-111111/top"",""solutions/game_1/total/rest-111111/bot""]}","[1,1,1,1,1,1]","[1,1,1,1,1,1]",0,0,1,9,away_win,away,0,79
8534,2,"{""single"":[""solutions/game_2/single/rest-010001/top"",""solutions/game_2/single/rest-111101/bot""],""total"":[""solutions/game_2/total/rest-010001/top"",""solutions/game_2/total/rest-111101/bot""]}","[0,1,0,0,0,1]","[1,1,1,1,0,1]",0,1,5,7,away_win,away,0,84
8534,3,"{""single"":[""solutions/game_3/single/rest-101110/top"",""solutions/game_3/single/rest-001111/bot""],""total"":[""solutions/game_3/total/rest-101110/top"",""solutions/game_3/total/rest-001111/bot""]}","[1,0,1,1,1,0]","[0,0,1,1,1,1]",0,2,4,6,away_win,away,0,82
8534,4,"{""single"":[""solutions/game_4/single/rest-011001/top"",""solutions/game_4/single/rest-101110/bot""],""total"":[""solutions/game_4/total/rest-011001/top"",""solutions/game_4/total/rest-101110/bot""]}","[0,1,1,0,0,1]","[1,0,1,1,1,0]",0,3,8,11,away_win,away,1,109
8534,5,"{""single"":[""solutions/game_5/single/rest-110110/top"",""solutions/game_5/single/rest-111111/bot""],""total"":[""solutions/game_5/single/rest-110110/top"",""solutions/game_5/single/rest-111111/bot""]}","[1,1,0,1,1,0]","[1,1,1,1,1,1]",0,4,8,0,home_win,home,1,56
8535,1,"{""single"":[""solutions/game_1/single/rest-111111/top"",""solutions/game_1/single/rest-111111/bot""],""total"":[""solutions/game_1/total/rest-111111/top"",""solutions/game_1/total/rest-111111/bot""]}","[1,1,1,1,1,1]","[1,1,1,1,1,1]",0,0,4,3,home_win,home,0,74
8535,2,"{""single"":[""solutions/game_2/single/rest-010111/top"",""solutions/game_2/single/rest-111111/bot""],""total"":[""solutions/game_2/total/rest-010111/top"",""solutions/game_2/total/rest-111111/bot""]}","[0,1,0,1,1,1]","[1,1,1,1,1,1]",1,0,3,1,home_win,home,0,74
8535,3,"{""single"":[""solutions/game_3/single/rest-111001/top"",""solutions/game_3/single/rest-111101/bot""],""total"":[""solutions/game_3/total/rest-111001/top"",""solutions/game_3/total/rest-111101/bot""]}","[1,1,1,0,0,1]","[1,1,1,1,0,1]",2,0,3,2,home_win,home,0,79
8535,4,"{""single"":[""solutions/game_4/single/rest-000111/top"",""solutions/game_4/single/rest-011001/bot""],""total"":[""solutions/game_4/total/rest-000111/top"",""solutions/game_4/total/rest-011001/bot""]}","[0,0,0,1,1,1]","[0,1,1,0,0,1]",3,0,11,3,home_win,home,1,61
8535,5,"{""single"":[""solutions/game_5/single/rest-111111/top"",""solutions/game_5/single/rest-111101/bot""],""total"":[""solutions/game_5/single/rest-111111/top"",""solutions/game_5/single/rest-111101/bot""]}","[1,1,1,1,1,1]","[1,1,1,1,0,1]",4,0,0,1,away_win,away,1,70
8536,1,"{""single"":[""solutions/game_1/single/rest-111111/top"",""solutions/game_1/single/rest-111111/bot""],""total"":[""solutions/game_1/total/rest-111111/top"",""solutions/game_1/total/rest-111111/bot""]}","[1,1,1,1,1,1]","[1,1,1,1,1,1]",0,0,6,7,away_win,away,0,84
8536,2,"{""single"":[""solutions/game_2/single/rest-010101/top"",""solutions/game_2/single/rest-110110/bot""],""total"":[""solutions/game_2/total/rest-010101/top"",""solutions/game_2/total/rest-110110/bot""]}","[0,1,0,1,0,1]","[1,1,0,1,1,0]",0,1,10,1,home_win,home,0,58
8536,3,"{""single"":[""solutions/game_3/single/rest-101111/top"",""solutions/game_3/single/rest-111101/bot""],""total"":[""solutions/game_3/total/rest-101111/top"",""solutions/game_3/total/rest-111101/bot""]}","[1,0,1,1,1,1]","[1,1,1,1,0,1]",1,1,3,3,tie,home,0,90
8536,4,"{""single"":[""solutions/game_4/single/rest-010010/top"",""solutions/game_4/single/rest-101010/bot""],""total"":[""solutions/game_4/total/rest-010010/top"",""solutions/game_4/total/rest-101010/bot""]}","[0,1,0,0,1,0]","[1,0,1,0,1,0]",2,1,5,4,home_win,home,0,95
8536,5,"{""single"":[""solutions/game_5/single/rest-101101/top"",""solutions/game_5/single/rest-110110/bot""],""total"":[""solutions/game_5/single/rest-101101/top"",""solutions/game_5/single/rest-110110/bot""]}","[1,0,1,1,0,1]","[1,1,0,1,1,0]",3,1,8,3,home_win,home,1,84
8537,1,"{""single"":[""solutions/game_1/single/rest-111111/top"",""solutions/game_1/single/rest-111111/bot""],""total"":[""solutions/game_1/total/rest-111111/top"",""solutions/game_1/total/rest-111111/bot""]}","[1,1,1,1,1,1]","[1,1,1,1,1,1]",0,0,4,5,away_win,away,0,85
8537,2,"{""single"":[""solutions/game_2/single/rest-011000/top"",""solutions/game_2/single/rest-001010/bot""],""total"":[""solutions/game_2/total/rest-011000/top"",""solutions/game_2/total/rest-001010/bot""]}","[0,1,1,0,0,0]","[0,0,1,0,1,0]",0,1,5,2,home_win,home,0,76
8537,3,"{""single"":[""solutions/game_3/single/rest-101111/top"",""solutions/game_3/single/rest-010111/bot""],""total"":[""solutions/game_3/total/rest-101111/top"",""solutions/game_3/total/rest-010111/bot""]}","[1,0,1,1,1,1]","[0,1,0,1,1,1]",1,1,5,1,home_win,home,0,78
8537,4,"{""single"":[""solutions/game_4/single/rest-010001/top"",""solutions/game_4/single/rest-111111/bot""],""total"":[""solutions/game_4/total/rest-010001/top"",""solutions/game_4/total/rest-111111/bot""]}","[0,1,0,0,0,1]","[1,1,1,1,1,1]",2,1,3,5,away_win,away,0,90
8537,5,"{""single"":[""solutions/game_5/single/rest-100011/top"",""solutions/game_5/single/rest-101010/bot""],""total"":[""solutions/game_5/single/rest-100011/top"",""solutions/game_5/single/rest-101010/bot""]}","[1,0,0,0,1,1]","[1,0,1,0,1,0]",2,2,7,0,home_win,home,0,82
8538,1,"{""single"":[""solutions/game_1/single/rest-111111/top"",""solutions/game_1/single/rest-111111/bot""],""total"":[""solutions/game_1/total/rest-111111/top"",""solutions/game_1/total/rest-111111/bot""]}","[1,1,1,1,1,1]","[1,1,1,1,1,1]",0,0,8,2,home_win,home,0,72
8538,2,"{""single"":[""solutions/game_2/single/rest-110001/top"",""solutions/game_2/single/rest-111111/bot""],""total"":[""solutions/game_2/total/rest-110001/top"",""solutions/game_2/total/rest-111111/bot""]}","[1,1,0,0,0,1]","[1,1,1,1,1,1]",1,0,3,11,away_win,away,0,36
8538,3,"{""single"":[""solutions/game_3/single/rest-111111/top"",""solutions/game_3/single/rest-111111/bot""],""total"":[""solutions/game_3/total/rest-111111/top"",""solutions/game_3/total/rest-111111/bot""]}","[1,1,1,1,1,1]","[1,1,1,1,1,1]",1,1,7,6,home_win,home,0,89
8538,4,"{""single"":[""solutions/game_4/single/rest-010011/top"",""solutions/game_4/single/rest-011010/bot""],""total"":[""solutions/game_4/total/rest-010011/top"",""solutions/game_4/total/rest-011010/bot""]}","[0,1,0,0,1,1]","[0,1,1,0,1,0]",2,1,5,9,away_win,away,0,86
8538,5,"{""single"":[""solutions/game_5/single/rest-111100/top"",""solutions/game_5/single/rest-011101/bot""],""total"":[""solutions/game_5/single/rest-111100/top"",""solutions/game_5/single/rest-011101/bot""]}","[1,1,1,1,0,0]","[0,1,1,1,0,1]",2,2,6,5,home_win,home,0,85
8539,1,"{""single"":[""solutions/game_1/single/rest-111111/top"",""solutions/game_1/single/rest-111111/bot""],""total"":[""solutions/game_1/total/rest-111111/top"",""solutions/game_1/total/rest-111111/bot""]}","[1,1,1,1,1,1]","[1,1,1,1,1,1]",0,0,6,1,home_win,home,0,77
8539,2,"{""single"":[""solutions/game_2/single/rest-110001/top"",""solutions/game_2/single/rest-110111/bot""],""total"":[""solutions/game_2/total/rest-110001/top"",""solutions/game_2/total/rest-110111/bot""]}","[1,1,0,0,0,1]","[1,1,0,1,1,1]",1,0,3,11,away_win,away,0,81
8539,3,"{""single"":[""solutions/game_3/single/rest-101111/top"",""solutions/game_3/single/rest-111101/bot""],""total"":[""solutions/game_3/total/rest-101111/top"",""solutions/game_3/total/rest-111101/bot""]}","[1,0,1,1,1,1]","[1,1,1,1,0,1]",1,1,7,1,home_win,home,0,83
8539,4,"{""single"":[""solutions/game_4/single/rest-110101/top"",""solutions/game_4/single/rest-110110/bot""],""total"":[""solutions/game_4/total/rest-110101/top"",""solutions/game_4/total/rest-110110/bot""]}","[1,1,0,1,0,1]","[1,1,0,1,1,0]",2,1,1,7,away_win,away,0,78
8539,5,"{""single"":[""solutions/game_5/single/rest-001011/top"",""solutions/game_5/single/rest-111101/bot""],""total"":[""solutions/game_5/single/rest-001011/top"",""solutions/game_5/single/rest-111101/bot""]}","[0,0,1,0,1,1]","[1,1,1,1,0,1]",2,2,16,10,home_win,home,0,100
8540,1,"{""single"":[""solutions/game_1/single/rest-111111/top"",""solutions/game_1/single/rest-111111/bot""],""total"":[""solutions/game_1/total/rest-111111/top"",""solutions/game_1/total/rest-111111/bot""]}","[1,1,1,1,1,1]","[1,1,1,1,1,1]",0,0,9,11,away_win,away,0,105
8540,2,"{""single"":[""solutions/game_2/single/rest-000100/top"",""solutions/game_2/single/rest-110001/bot""],""total"":[""solutions/game_2/total/rest-000100/top"",""solutions/game_2/total/rest-110001/bot""]}","[0,0,0,1,0,0]","[1,1,0,0,0,1]",0,1,6,5,home_win,home,0,85
8540,3,"{""single"":[""solutions/game_3/single/rest-010011/top"",""solutions/game_3/single/rest-011101/bot""],""total"":[""solutions/game_3/total/rest-010011/top"",""solutions/game_3/total/rest-011101/bot""]}","[0,1,0,0,1,1]","[0,1,1,1,0,1]",1,1,4,6,away_win,away,0,91
8540,4,"{""single"":[""solutions/game_4/single/rest-111101/top"",""solutions/game_4/single/rest-110010/bot""],""total"":[""solutions/game_4/total/rest-111101/top"",""solutions/game_4/total/rest-110010/bot""]}","[1,1,1,1,0,1]","[1,1,0,0,1,0]",1,2,3,6,away_win,away,0,93
8540,5,"{""single"":[""solutions/game_5/single/rest-110010/top"",""solutions/game_5/single/rest-001101/bot""],""total"":[""solutions/game_5/single/rest-110010/top"",""solutions/game_5/single/rest-001101/bot""]}","[1,1,0,0,1,0]","[0,0,1,1,0,1]",1,3,5,9,away_win,away,1,97
8541,1,"{""single"":[""solutions/game_1/single/rest-111111/top"",""solutions/game_1/single/rest-111111/bot""],""total"":[""solutions/game_1/total/rest-111111/top"",""solutions/game_1/total/rest-111111/bot""]}","[1,1,1,1,1,1]","[1,1,1,1,1,1]",0,0,8,0,home_win,home,0,71
8541,2,"{""single"":[""solutions/game_2/single/rest-111111/top"",""solutions/game_2/single/rest-110111/bot""],""total"":[""solutions/game_2/total/rest-111111/top"",""solutions/game_2/total/rest-110111/bot""]}","[1,1,1,1,1,1]","[1,1,0,1,1,1]",1,0,4,5,away_win,away,0,80
8541,3,"{""single"":[""solutions/game_3/single/rest-010011/top"",""solutions/game_3/single/rest-000011/bot""],""total"":[""solutions/game_3/total/rest-010011/top"",""solutions/game_3/total/rest-000011/bot""]}","[0,1,0,0,1,1]","[0,0,0,0,1,1]",1,1,9,6,home_win,home,0,91
8541,4,"{""single"":[""solutions/game_4/single/rest-101100/top"",""solutions/game_4/single/rest-101101/bot""],""total"":[""solutions/game_4/total/rest-101100/top"",""solutions/game_4/total/rest-101101/bot""]}","[1,0,1,1,0,0]","[1,0,1,1,0,1]",2,1,3,1,home_win,home,0,71
8541,5,"{""single"":[""solutions/game_5/single/rest-111111/top"",""solutions/game_5/single/rest-110111/bot""],""total"":[""solutions/game_5/single/rest-111111/top"",""solutions/game_5/single/rest-110111/bot""]}","[1,1,1,1,1,1]","[1,1,0,1,1,1]",3,1,1,8,away_win,away,1,90
8542,1,"{""single"":[""solutions/game_1/single/rest-111111/top"",""solutions/game_1/single/rest-111111/bot""],""total"":[""solutions/game_1/total/rest-111111/top"",""solutions/game_1/total/rest-111111/bot""]}","[1,1,1,1,1,1]","[1,1,1,1,1,1]",0,0,11,3,home_win,home,0,69
8542,2,"{""single"":[""solutions/game_2/single/rest-111011/top"",""solutions/game_2/single/rest-110111/bot""],""total"":[""solutions/game_2/total/rest-111011/top"",""solutions/game_2/total/rest-110111/bot""]}","[1,1,1,0,1,1]","[1,1,0,1,1,1]",1,0,6,7,away_win,away,0,84
8542,3,"{""single"":[""solutions/game_3/single/rest-011101/top"",""solutions/game_3/single/rest-101010/bot""],""total"":[""solutions/game_3/total/rest-011101/top"",""solutions/game_3/total/rest-101010/bot""]}","[0,1,1,1,0,1]","[1,0,1,0,1,0]",1,1,0,8,away_win,away,0,64
8542,4,"{""single"":[""solutions/game_4/single/rest-110010/top"",""solutions/game_4/single/rest-111101/bot""],""total"":[""solutions/game_4/total/rest-110010/top"",""solutions/game_4/total/rest-111101/bot""]}","[1,1,0,0,1,0]","[1,1,1,1,0,1]",1,2,0,6,away_win,away,0,83
8542,5,"{""single"":[""solutions/game_5/single/rest-001111/top"",""solutions/game_5/single/rest-111110/bot""],""total"":[""solutions/game_5/single/rest-001111/top"",""solutions/game_5/single/rest-111110/bot""]}","[0,0,1,1,1,1]","[1,1,1,1,1,0]",1,3,4,9,away_win,away,1,90
8543,1,"{""single"":[""solutions/game_1/single/rest-111111/top"",""solutions/game_1/single/rest-111111/bot""],""total"":[""solutions/game_1/total/rest-111111/top"",""solutions/game_1/total/rest-111111/bot""]}","[1,1,1,1,1,1]","[1,1,1,1,1,1]",0,0,2,5,away_win,away,0,87
8543,2,"{""single"":[""solutions/game_2/single/rest-110001/top"",""solutions/game_2/single/rest-101110/bot""],""total"":[""solutions/game_2/total/rest-110001/top"",""solutions/game_2/total/rest-101110/bot""]}","[1,1,0,0,0,1]","[1,0,1,1,1,0]",0,1,1,6,away_win,away,0,87
8543,3,"{""single"":[""solutions/game_3/single/rest-111100/top"",""solutions/game_3/single/rest-011101/bot""],""total"":[""solutions/game_3/total/rest-111100/top"",""solutions/game_3/total/rest-011101/bot""]}","[1,1,1,1,0,0]","[0,1,1,1,0,1]",0,2,5,4,home_win,home,0,89
8543,4,"{""single"":[""solutions/game_4/single/rest-000111/top"",""solutions/game_4/single/rest-110011/bot""],""total"":[""solutions/game_4/total/rest-000111/top"",""solutions/game_4/total/rest-110011/bot""]}","[0,0,0,1,1,1]","[1,1,0,0,1,1]",1,2,6,3,home_win,home,0,76
8543,5,"{""single"":[""solutions/game_5/single/rest-111100/top"",""solutions/game_5/single/rest-111101/bot""],""total"":[""solutions/game_5/single/rest-111100/top"",""solutions/game_5/single/rest-111101/bot""]}","[1,1,1,1,0,0]","[1,1,1,1,0,1]",2,2,6,3,home_win,home,0,86
8544,1,"{""single"":[""solutions/game_1/single/rest-111111/top"",""solutions/game_1/single/rest-111111/bot""],""total"":[""solutions/game_1/total/rest-111111/top"",""solutions/game_1/total/rest-111111/bot""]}","[1,1,1,1,1,1]","[1,1,1,1,1,1]",0,0,9,1,home_win,home,0,58
8544,2,"{""single"":[""solutions/game_2/single/rest-111110/top"",""solutions/game_2/single/rest-111111/bot""],""total"":[""solutions/game_2/total/rest-111110/top"",""solutions/game_2/total/rest-111111/bot""]}","[1,1,1,1,1,0]","[1,1,1,1,1,1]",1,0,1,9,away_win,away,0,72
8544,3,"{""single"":[""solutions/game_3/single/rest-110101/top"",""solutions/game_3/single/rest-111101/bot""],""total"":[""solutions/game_3/total/rest-110101/top"",""solutions/game_3/total/rest-111101/bot""]}","[1,1,0,1,0,1]","[1,1,1,1,0,1]",1,1,7,6,home_win,home,0,88
8544,4,"{""single"":[""solutions/game_4/single/rest-010110/top"",""solutions/game_4/single/rest-101010/bot""],""total"":[""solutions/game_4/total/rest-010110/top"",""solutions/game_4/total/rest-101010/bot""]}","[0,1,0,1,1,0]","[1,0,1,0,1,0]",2,1,6,4,home_win,home,0,73
8544,5,"{""single"":[""solutions/game_5/single/rest-111100/top"",""solutions/game_5/single/rest-110101/bot""],""total"":[""solutions/game_5/single/rest-111100/top"",""solutions/game_5/single/rest-110101/bot""]}","[1,1,1,1,0,0]","[1,1,0,1,0,1]",3,1,5,1,home_win,home,1,72
8545,1,"{""single"":[""solutions/game_1/single/rest-111111/top"",""solutions/game_1/single/rest-111111/bot""],""total"":[""solutions/game_1/total/rest-111111/top"",""solutions/game_1/total/rest-111111/bot""]}","[1,1,1,1,1,1]","[1,1,1,1,1,1]",0,0,1,4,away_win,away,0,75
8545,2,"{""single"":[""solutions/game_2/single/rest-011001/top"",""solutions/game_2/single/rest-011111/bot""],""total"":[""solutions/game_2/total/rest-011001/top"",""solutions/game_2/total/rest-011111/bot""]}","[0,1,1,0,0,1]","[0,1,1,1,1,1]",0,1,0,8,away_win,away,0,36
8545,3,"{""single"":[""solutions/game_3/single/rest-111111/top"",""solutions/game_3/single/rest-111111/bot""],""total"":[""solutions/game_3/total/rest-111111/top"",""solutions/game_3/total/rest-111111/bot""]}","[1,1,1,1,1,1]","[1,1,1,1,1,1]",0,2,3,7,away_win,away,0,86
8545,4,"{""single"":[""solutions/game_4/single/rest-110001/top"",""solutions/game_4/single/rest-011100/bot""],""total"":[""solutions/game_4/total/rest-110001/top"",""solutions/game_4/total/rest-011100/bot""]}","[1,1,0,0,0,1]","[0,1,1,1,0,0]",0,3,6,5,home_win,home,1,88
8545,5,"{""single"":[""solutions/game_5/single/rest-111111/top"",""solutions/game_5/single/rest-110111/bot""],""total"":[""solutions/game_5/single/rest-111111/top"",""solutions/game_5/single/rest-110111/bot""]}","[1,1,1,1,1,1]","[1,1,0,1,1,1]",1,3,7,5,home_win,home,1,87
8546,1,"{""single"":[""solutions/game_1/single/rest-111111/top"",""solutions/game_1/single/rest-111111/bot""],""total"":[""solutions/game_1/total/rest-111111/top"",""solutions/game_1/total/rest-111111/bot""]}","[1,1,1,1,1,1]","[1,1,1,1,1,1]",0,0,6,3,home_win,home,0,71
8546,2,"{""single"":[""solutions/game_2/single/rest-110001/top"",""solutions/game_2/single/rest-111100/bot""],""total"":[""solutions/game_2/total/rest-110001/top"",""solutions/game_2/total/rest-111100/bot""]}","[1,1,0,0,0,1]","[1,1,1,1,0,0]",1,0,4,8,away_win,away,0,89
8546,3,"{""single"":[""solutions/game_3/single/rest-011111/top"",""solutions/game_3/single/rest-000011/bot""],""total"":[""solutions/game_3/total/rest-011111/top"",""solutions/game_3/total/rest-000011/bot""]}","[0,1,1,1,1,1]","[0,0,0,0,1,1]",1,1,8,2,home_win,home,0,75
8546,4,"{""single"":[""solutions/game_4/single/rest-111010/top"",""solutions/game_4/single/rest-111111/bot""],""total"":[""solutions/game_4/total/rest-111010/top"",""solutions/game_4/total/rest-111111/bot""]}","[1,1,1,0,1,0]","[1,1,1,1,1,1]",2,1,4,1,home_win,home,0,79
8546,5,"{""single"":[""solutions/game_5/single/rest-100101/top"",""solutions/game_5/single/rest-110110/bot""],""total"":[""solutions/game_5/single/rest-100101/top"",""solutions/game_5/single/rest-110110/bot""]}","[1,0,0,1,0,1]","[1,1,0,1,1,0]",3,1,8,3,home_win,home,1,77
8547,1,"{""single"":[""solutions/game_1/single/rest-111111/top"",""solutions/game_1/single/rest-111111/bot""],""total"":[""solutions/game_1/total/rest-111111/top"",""solutions/game_1/total/rest-111111/bot""]}","[1,1,1,1,1,1]","[1,1,1,1,1,1]",0,0,5,1,home_win,home,0,85
8547,2,"{""single"":[""solutions/game_2/single/rest-010011/top"",""solutions/game_2/single/rest-011111/bot""],""total"":[""solutions/game_2/total/rest-010011/top"",""solutions/game_2/total/rest-011111/bot""]}","[0,1,0,0,1,1]","[0,1,1,1,1,1]",1,0,10,0,home_win,home,0,58
8547,3,"{""single"":[""solutions/game_3/single/rest-111111/top"",""solutions/game_3/single/rest-111111/bot""],""total"":[""solutions/game_3/total/rest-111111/top"",""solutions/game_3/total/rest-111111/bot""]}","[1,1,1,1,1,1]","[1,1,1,1,1,1]",2,0,0,9,away_win,away,0,38
8547,4,"{""single"":[""solutions/game_4/single/rest-111111/top"",""solutions/game_4/single/rest-111111/bot""],""total"":[""solutions/game_4/total/rest-111111/top"",""solutions/game_4/total/rest-111111/bot""]}","[1,1,1,1,1,1]","[1,1,1,1,1,1]",2,1,0,3,away_win,away,0,76
8547,5,"{""single"":[""solutions/game_5/single/rest-011111/top"",""solutions/game_5/single/rest-011110/bot""],""total"":[""solutions/game_5/single/rest-011111/top"",""solutions/game_5/single/rest-011110/bot""]}","[0,1,1,1,1,1]","[0,1,1,1,1,0]",2,2,3,5,away_win,away,0,82
8548,1,"{""single"":[""solutions/game_1/single/rest-111111/top"",""solutions/game_1/single/rest-111111/bot""],""total"":[""solutions/game_1/total/rest-111111/top"",""solutions/game_1/total/rest-111111/bot""]}","[1,1,1,1,1,1]","[1,1,1,1,1,1]",0,0,5,10,away_win,away,0,86
8548,2,"{""single"":[""solutions/game_2/single/rest-011101/top"",""solutions/game_2/single/rest-111111/bot""],""total"":[""solutions/game_2/total/rest-011101/top"",""solutions/game_2/total/rest-111111/bot""]}","[0,1,1,1,0,1]","[1,1,1,1,1,1]",0,1,2,5,away_win,away,0,87
8548,3,"{""single"":[""solutions/game_3/single/rest-111110/top"",""solutions/game_3/single/rest-001110/bot""],""total"":[""solutions/game_3/total/rest-111110/top"",""solutions/game_3/total/rest-001110/bot""]}","[1,1,1,1,1,0]","[0,0,1,1,1,0]",0,2,2,10,away_win,away,0,75
8548,4,"{""single"":[""solutions/game_4/single/rest-010101/top"",""solutions/game_4/single/rest-111101/bot""],""total"":[""solutions/game_4/total/rest-010101/top"",""solutions/game_4/total/rest-111101/bot""]}","[0,1,0,1,0,1]","[1,1,1,1,0,1]",0,3,8,2,home_win,home,1,81
8548,5,"{""single"":[""solutions/game_5/single/rest-111111/top"",""solutions/game_5/single/rest-110111/bot""],""total"":[""solutions/game_5/single/rest-111111/top"",""solutions/game_5/single/rest-110111/bot""]}","[1,1,1,1,1,1]","[1,1,0,1,1,1]",1,3,4,11,away_win,away,1,85
8549,1,"{""single"":[""solutions/game_1/single/rest-111111/top"",""solutions/game_1/single/rest-111111/bot""],""total"":[""solutions/game_1/total/rest-111111/top"",""solutions/game_1/total/rest-111111/bot""]}","[1,1,1,1,1,1]","[1,1,1,1,1,1]",0,0,1,5,away_win,away,0,83
8549,2,"{""single"":[""solutions/game_2/single/rest-011011/top"",""solutions/game_2/single/rest-001110/bot""],""total"":[""solutions/game_2/total/rest-011011/top"",""solutions/game_2/total/rest-001110/bot""]}","[0,1,1,0,1,1]","[0,0,1,1,1,0]",0,1,2,10,away_win,away,0,54
8549,3,"{""single"":[""solutions/game_3/single/rest-111110/top"",""solutions/game_3/single/rest-101111/bot""],""total"":[""solutions/game_3/total/rest-111110/top"",""solutions/game_3/total/rest-101111/bot""]}","[1,1,1,1,1,0]","[1,0,1,1,1,1]",0,2,6,2,home_win,home,0,76
8549,4,"{""single"":[""solutions/game_4/single/rest-110101/top"",""solutions/game_4/single/rest-111010/bot""],""total"":[""solutions/game_4/total/rest-110101/top"",""solutions/game_4/total/rest-111010/bot""]}","[1,1,0,1,0,1]","[1,1,1,0,1,0]",1,2,6,14,away_win,away,0,101
8549,5,"{""single"":[""solutions/game_5/single/rest-101110/top"",""solutions/game_5/single/rest-001101/bot""],""total"":[""solutions/game_5/single/rest-101110/top"",""solutions/game_5/single/rest-001101/bot""]}","[1,0,1,1,1,0]","[0,0,1,1,0,1]",1,3,4,8,away_win,away,1,89
8550,1,"{""single"":[""solutions/game_1/single/rest-111111/top"",""solutions/game_1/single/rest-111111/bot""],""total"":[""solutions/game_1/total/rest-111111/top"",""solutions/game_1/total/rest-111111/bot""]}","[1,1,1,1,1,1]","[1,1,1,1,1,1]",0,0,4,3,home_win,home,0,81
8550,2,"{""single"":[""solutions/game_2/single/rest-010001/top"",""solutions/game_2/single/rest-111111/bot""],""total"":[""solutions/game_2/total/rest-010001/top"",""solutions/game_2/total/rest-111111/bot""]}","[0,1,0,0,0,1]","[1,1,1,1,1,1]",1,0,11,2,home_win,home,0,79
8550,3,"{""single"":[""solutions/game_3/single/rest-111111/top"",""solutions/game_3/single/rest-111111/bot""],""total"":[""solutions/game_3/total/rest-111111/top"",""solutions/game_3/total/rest-111111/bot""]}","[1,1,1,1,1,1]","[1,1,1,1,1,1]",2,0,3,1,home_win,home,0,73
8550,4,"{""single"":[""solutions/game_4/single/rest-111111/top"",""solutions/game_4/single/rest-011111/bot""],""total"":[""solutions/game_4/total/rest-111111/top"",""solutions/game_4/total/rest-011111/bot""]}","[1,1,1,1,1,1]","[0,1,1,1,1,1]",3,0,0,9,away_win,away,1,34
8550,5,"{""single"":[""solutions/game_5/single/rest-111111/top"",""solutions/game_5/single/rest-111111/bot""],""total"":[""solutions/game_5/single/rest-111111/top"",""solutions/game_5/single/rest-111111/bot""]}","[1,1,1,1,1,1]","[1,1,1,1,1,1]",3,1,2,8,away_win,away,1,89
8551,1,"{""single"":[""solutions/game_1/single/rest-111111/top"",""solutions/game_1/single/rest-111111/bot""],""total"":[""solutions/game_1/total/rest-111111/top"",""solutions/game_1/total/rest-111111/bot""]}","[1,1,1,1,1,1]","[1,1,1,1,1,1]",0,0,4,6,away_win,away,0,90
8551,2,"{""single"":[""solutions/game_2/single/rest-000011/top"",""solutions/game_2/single/rest-001010/bot""],""total"":[""solutions/game_2/total/rest-000011/top"",""solutions/game_2/total/rest-001010/bot""]}","[0,0,0,0,1,1]","[0,0,1,0,1,0]",0,1,8,0,home_win,home,0,55
8551,3,"{""single"":[""solutions/game_3/single/rest-111111/top"",""solutions/game_3/single/rest-101111/bot""],""total"":[""solutions/game_3/total/rest-111111/top"",""solutions/game_3/total/rest-101111/bot""]}","[1,1,1,1,1,1]","[1,0,1,1,1,1]",1,1,7,0,home_win,home,0,75
8551,4,"{""single"":[""solutions/game_4/single/rest-110011/top"",""solutions/game_4/single/rest-110111/bot""],""total"":[""solutions/game_4/total/rest-110011/top"",""solutions/game_4/total/rest-110111/bot""]}","[1,1,0,0,1,1]","[1,1,0,1,1,1]",2,1,13,3,home_win,home,0,79
8551,5,"{""single"":[""solutions/game_5/single/rest-111101/top"",""solutions/game_5/single/rest-111101/bot""],""total"":[""solutions/game_5/single/rest-111101/top"",""solutions/game_5/single/rest-111101/bot""]}","[1,1,1,1,0,1]","[1,1,1,1,0,1]",3,1,6,5,home_win,home,1,84
8552,1,"{""single"":[""solutions/game_1/single/rest-111111/top"",""solutions/game_1/single/rest-111111/bot""],""total"":[""solutions/game_1/total/rest-111111/top"",""solutions/game_1/total/rest-111111/bot""]}","[1,1,1,1,1,1]","[1,1,1,1,1,1]",0,0,2,0,home_win,home,0,80
8552,2,"{""single"":[""solutions/game_2/single/rest-010001/top"",""solutions/game_2/single/rest-101111/bot""],""total"":[""solutions/game_2/total/rest-010001/top"",""solutions/game_2/total/rest-101111/bot""]}","[0,1,0,0,0,1]","[1,0,1,1,1,1]",1,0,4,2,home_win,home,0,80
8552,3,"{""single"":[""solutions/game_3/single/rest-101010/top"",""solutions/game_3/single/rest-010111/bot""],""total"":[""solutions/game_3/total/rest-101010/top"",""solutions/game_3/total/rest-010111/bot""]}","[1,0,1,0,1,0]","[0,1,0,1,1,1]",2,0,8,0,home_win,home,0,45
8552,4,"{""single"":[""solutions/game_4/single/rest-111111/top"",""solutions/game_4/single/rest-111111/bot""],""total"":[""solutions/game_4/total/rest-111111/top"",""solutions/game_4/total/rest-111111/bot""]}","[1,1,1,1,1,1]","[1,1,1,1,1,1]",3,0,5,4,home_win,home,1,89
8552,5,"{""single"":[""solutions/game_5/single/rest-101111/top"",""solutions/game_5/single/rest-111011/bot""],""total"":[""solutions/game_5/single/rest-101111/top"",""solutions/game_5/single/rest-111011/bot""]}","[1,0,1,1,1,1]","[1,1,1,0,1,1]",4,0,5,2,home_win,home,1,75
8553,1,"{""single"":[""solutions/game_1/single/rest-111111/top"",""solutions/game_1/single/rest-111111/bot""],""total"":[""solutions/game_1/total/rest-111111/top"",""solutions/game_1/total/rest-111111/bot""]}","[1,1,1,1,1,1]","[1,1,1,1,1,1]",0,0,11,3,home_win,home,0,43
8553,2,"{""single"":[""solutions/game_2/single/rest-111111/top"",""solutions/game_2/single/rest-111111/bot""],""total"":[""solutions/game_2/total/rest-111111/top"",""solutions/game_2/total/rest-111111/bot""]}","[1,1,1,1,1,1]","[1,1,1,1,1,1]",1,0,8,0,home_win,home,0,22
8553,3,"{""single"":[""solutions/game_3/single/rest-111111/top"",""solutions/game_3/single/rest-111111/bot""],""total"":[""solutions/game_3/total/rest-111111/top"",""solutions/game_3/total/rest-111111/bot""]}","[1,1,1,1,1,1]","[1,1,1,1,1,1]",2,0,5,4,home_win,home,0,89
8553,4,"{""single"":[""solutions/game_4/single/rest-111011/top"",""solutions/game_4/single/rest-101011/bot""],""total"":[""solutions/game_4/total/rest-111011/top"",""solutions/game_4/total/rest-101011/bot""]}","[1,1,1,0,1,1]","[1,0,1,0,1,1]",3,0,4,2,home_win,home,1,77
8553,5,"{""single"":[""solutions/game_5/single/rest-111100/top"",""solutions/game_5/single/rest-100101/bot""],""total"":[""solutions/game_5/single/rest-111100/top"",""solutions/game_5/single/rest-100101/bot""]}","[1,1,1,1,0,0]","[1,0,0,1,0,1]",4,0,3,2,home_win,home,1,77
8554,1,"{""single"":[""solutions/game_1/single/rest-111111/top"",""solutions/game_1/single/rest-111111/bot""],""total"":[""solutions/game_1/total/rest-111111/top"",""solutions/game_1/total/rest-111111/bot""]}","[1,1,1,1,1,1]","[1,1,1,1,1,1]",0,0,5,8,away_win,away,0,83
8554,2,"{""single"":[""solutions/game_2/single/rest-011111/top"",""solutions/game_2/single/rest-101011/bot""],""total"":[""solutions/game_2/total/rest-011111/top"",""solutions/game_2/total/rest-101011/bot""]}","[0,1,1,1,1,1]","[1,0,1,0,1,1]",0,1,0,1,away_win,away,0,73
8554,3,"{""single"":[""solutions/game_3/single/rest-110111/top"",""solutions/game_3/single/rest-011111/bot""],""total"":[""solutions/game_3/total/rest-110111/top"",""solutions/game_3/total/rest-011111/bot""]}","[1,1,0,1,1,1]","[0,1,1,1,1,1]",0,2,5,4,home_win,home,0,75
8554,4,"{""single"":[""solutions/game_4/single/rest-011000/top"",""solutions/game_4/single/rest-111110/bot""],""total"":[""solutions/game_4/total/rest-011000/top"",""solutions/game_4/total/rest-111110/bot""]}","[0,1,1,0,0,0]","[1,1,1,1,1,0]",1,2,0,8,away_win,away,0,58
8554,5,"{""single"":[""solutions/game_5/single/rest-100111/top"",""solutions/game_5/single/rest-111111/bot""],""total"":[""solutions/game_5/single/rest-100111/top"",""solutions/game_5/single/rest-111111/bot""]}","[1,0,0,1,1,1]","[1,1,1,1,1,1]",1,3,3,2,home_win,home,1,87
8555,1,"{""single"":[""solutions/game_1/single/rest-111111/top"",""solutions/game_1/single/rest-111111/bot""],""total"":[""solutions/game_1/total/rest-111111/top"",""solutions/game_1/total/rest-111111/bot""]}","[1,1,1,1,1,1]","[1,1,1,1,1,1]",0,0,5,2,home_win,home,0,75
8555,2,"{""single"":[""solutions/game_2/single/rest-110111/top"",""solutions/game_2/single/rest-101011/bot""],""total"":[""solutions/game_2/total/rest-110111/top"",""solutions/game_2/total/rest-101011/bot""]}","[1,1,0,1,1,1]","[1,0,1,0,1,1]",1,0,3,8,away_win,away,0,87
8555,3,"{""single"":[""solutions/game_3/single/rest-110011/top"",""solutions/game_3/single/rest-010111/bot""],""total"":[""solutions/game_3/total/rest-110011/top"",""solutions/game_3/total/rest-010111/bot""]}","[1,1,0,0,1,1]","[0,1,0,1,1,1]",1,1,13,14,away_win,away,0,115
8555,4,"{""single"":[""solutions/game_4/single/rest-000100/top"",""solutions/game_4/single/rest-111110/bot""],""total"":[""solutions/game_4/total/rest-000100/top"",""solutions/game_4/total/rest-111110/bot""]}","[0,0,0,1,0,0]","[1,1,1,1,1,0]",1,2,5,8,away_win,away,0,86
8555,5,"{""single"":[""solutions/game_5/single/rest-111011/top"",""solutions/game_5/single/rest-101101/bot""],""total"":[""solutions/game_5/single/rest-111011/top"",""solutions/game_5/single/rest-101101/bot""]}","[1,1,1,0,1,1]","[1,0,1,1,0,1]",1,3,0,8,away_win,away,1,72
8556,1,"{""single"":[""solutions/game_1/single/rest-111111/top"",""solutions/game_1/single/rest-111111/bot""],""total"":[""solutions/game_1/total/rest-111111/top"",""solutions/game_1/total/rest-111111/bot""]}","[1,1,1,1,1,1]","[1,1,1,1,1,1]",0,0,1,3,away_win,away,0,84
8556,2,"{""single"":[""solutions/game_2/single/rest-000011/top"",""solutions/game_2/single/rest-101110/bot""],""total"":[""solutions/game_2/total/rest-000011/top"",""solutions/game_2/total/rest-101110/bot""]}","[0,0,0,0,1,1]","[1,0,1,1,1,0]",0,1,3,6,away_win,away,0,75
8556,3,"{""single"":[""solutions/game_3/single/rest-011100/top"",""solutions/game_3/single/rest-111111/bot""],""total"":[""solutions/game_3/total/rest-011100/top"",""solutions/game_3/total/rest-111111/bot""]}","[0,1,1,1,0,0]","[1,1,1,1,1,1]",0,2,3,11,away_win,away,0,49
8556,4,"{""single"":[""solutions/game_4/single/rest-111101/top"",""solutions/game_4/single/rest-111111/bot""],""total"":[""solutions/game_4/total/rest-111101/top"",""solutions/game_4/total/rest-111111/bot""]}","[1,1,1,1,0,1]","[1,1,1,1,1,1]",0,3,1,4,away_win,away,1,80
8556,5,"{""single"":[""solutions/game_5/single/rest-010011/top"",""solutions/game_5/single/rest-011111/bot""],""total"":[""solutions/game_5/single/rest-010011/top"",""solutions/game_5/single/rest-011111/bot""]}","[0,1,0,0,1,1]","[0,1,1,1,1,1]",0,4,9,3,home_win,home,1,80
8557,1,"{""single"":[""solutions/game_1/single/rest-111111/top"",""solutions/game_1/single/rest-111111/bot""],""total"":[""solutions/game_1/total/rest-111111/top"",""solutions/game_1/total/rest-111111/bot""]}","[1,1,1,1,1,1]","[1,1,1,1,1,1]",0,0,2,4,away_win,away,0,78
8557,2,"{""single"":[""solutions/game_2/single/rest-110001/top"",""solutions/game_2/single/rest-001110/bot""],""total"":[""solutions/game_2/total/rest-110001/top"",""solutions/game_2/total/rest-001110/bot""]}","[1,1,0,0,0,1]","[0,0,1,1,1,0]",0,1,3,6,away_win,away,0,80
8557,3,"{""single"":[""solutions/game_3/single/rest-001110/top"",""solutions/game_3/single/rest-111101/bot""],""total"":[""solutions/game_3/total/rest-001110/top"",""solutions/game_3/total/rest-111101/bot""]}","[0,0,1,1,1,0]","[1,1,1,1,0,1]",0,2,4,4,tie,home,0,89
8557,4,"{""single"":[""solutions/game_4/single/rest-110001/top"",""solutions/game_4/single/rest-001010/bot""],""total"":[""solutions/game_4/total/rest-110001/top"",""solutions/game_4/total/rest-001010/bot""]}","[1,1,0,0,0,1]","[0,0,1,0,1,0]",1,2,17,8,home_win,home,0,85
8557,5,"{""single"":[""solutions/game_5/single/rest-011110/top"",""solutions/game_5/single/rest-110110/bot""],""total"":[""solutions/game_5/single/rest-011110/top"",""solutions/game_5/single/rest-110110/bot""]}","[0,1,1,1,1,0]","[1,1,0,1,1,0]",2,2,8,0,home_win,home,0,27
8558,1,"{""single"":[""solutions/game_1/single/rest-111111/top"",""solutions/game_1/single/rest-111111/bot""],""total"":[""solutions/game_1/total/rest-111111/top"",""solutions/game_1/total/rest-111111/bot""]}","[1,1,1,1,1,1]","[1,1,1,1,1,1]",0,0,5,2,home_win,home,0,82
8558,2,"{""single"":[""solutions/game_2/single/rest-011011/top"",""solutions/game_2/single/rest-001011/bot""],""total"":[""solutions/game_2/total/rest-011011/top"",""solutions/game_2/total/rest-001011/bot""]}","[0,1,1,0,1,1]","[0,0,1,0,1,1]",1,0,4,2,home_win,home,0,77
8558,3,"{""single"":[""solutions/game_3/single/rest-110100/top"",""solutions/game_3/single/rest-110101/bot""],""total"":[""solutions/game_3/total/rest-110100/top"",""solutions/game_3/total/rest-110101/bot""]}","[1,1,0,1,0,0]","[1,1,0,1,0,1]",2,0,0,8,away_win,away,0,53
8558,4,"{""single"":[""solutions/game_4/single/rest-011010/top"",""solutions/game_4/single/rest-111111/bot""],""total"":[""solutions/game_4/total/rest-011010/top"",""solutions/game_4/total/rest-111111/bot""]}","[0,1,1,0,1,0]","[1,1,1,1,1,1]",2,1,3,12,away_win,away,0,76
8558,5,"{""single"":[""solutions/game_5/single/rest-111101/top"",""solutions/game_5/single/rest-111010/bot""],""total"":[""solutions/game_5/single/rest-111101/top"",""solutions/game_5/single/rest-111010/bot""]}","[1,1,1,1,0,1]","[1,1,1,0,1,0]",2,2,3,2,home_win,home,0,78
8559,1,"{""single"":[""solutions/game_1/single/rest-111111/top"",""solutions/game_1/single/rest-111111/bot""],""total"":[""solutions/game_1/total/rest-111111/top"",""solutions/game_1/total/rest-111111/bot""]}","[1,1,1,1,1,1]","[1,1,1,1,1,1]",0,0,7,5,home_win,home,0,78
8559,2,"{""single"":[""solutions/game_2/single/rest-110001/top"",""solutions/game_2/single/rest-110111/bot""],""total"":[""solutions/game_2/total/rest-110001/top"",""solutions/game_2/total/rest-110111/bot""]}","[1,1,0,0,0,1]","[1,1,0,1,1,1]",1,0,2,5,away_win,away,0,78
8559,3,"{""single"":[""solutions/game_3/single/rest-011110/top"",""solutions/game_3/single/rest-111111/bot""],""total"":[""solutions/game_3/total/rest-011110/top"",""solutions/game_3/total/rest-111111/bot""]}","[0,1,1,1,1,0]","[1,1,1,1,1,1]",1,1,2,1,home_win,home,0,64
8559,4,"{""single"":[""solutions/game_4/single/rest-110000/top"",""solutions/game_4/single/rest-111111/bot""],""total"":[""solutions/game_4/total/rest-110000/top"",""solutions/game_4/total/rest-111111/bot""]}","[1,1,0,0,0,0]","[1,1,1,1,1,1]",2,1,2,1,home_win,home,0,67
8559,5,"{""single"":[""solutions/game_5/single/rest-011111/top"",""solutions/game_5/single/rest-101101/bot""],""total"":[""solutions/game_5/single/rest-011111/top"",""solutions/game_5/single/rest-101101/bot""]}","[0,1,1,1,1,1]","[1,0,1,1,0,1]",3,1,8,6,home_win,home,1,92
8560,1,"{""single"":[""solutions/game_1/single/rest-111111/top"",""solutions/game_1/single/rest-111111/bot""],""total"":[""solutions/game_1/total/rest-111111/top"",""solutions/game_1/total/rest-111111/bot""]}","[1,1,1,1,1,1]","[1,1,1,1,1,1]",0,0,6,7,away_win,away,0,96
8560,2,"{""single"":[""solutions/game_2/single/rest-010001/top"",""solutions/game_2/single/rest-011011/bot""],""total"":[""solutions/game_2/total/rest-010001/top"",""solutions/game_2/total/rest-011011/bot""]}","[0,1,0,0,0,1]","[0,1,1,0,1,1]",0,1,0,8,away_win,away,0,51
8560,3,"{""single"":[""solutions/game_3/single/rest-111111/top"",""solutions/game_3/single/rest-111111/bot""],""total"":[""solutions/game_3/total/rest-111111/top"",""solutions/game_3/total/rest-111111/bot""]}","[1,1,1,1,1,1]","[1,1,1,1,1,1]",0,2,1,9,away_win,away,0,43
8560,4,"{""single"":[""solutions/game_4/single/rest-011110/top"",""solutions/game_4/single/rest-111111/bot""],""total"":[""solutions/game_4/total/rest-011110/top"",""solutions/game_4/total/rest-111111/bot""]}","[0,1,1,1,1,0]","[1,1,1,1,1,1]",0,3,8,0,home_win,home,1,57
8560,5,"{""single"":[""solutions/game_5/single/rest-111010/top"",""solutions/game_5/single/rest-111111/bot""],""total"":[""solutions/game_5/single/rest-111010/top"",""solutions/game_5/single/rest-111111/bot""]}","[1,1,1,0,1,0]","[1,1,1,1,1,1]",1,3,1,9,away_win,away,1,85
8561,1,"{""single"":[""solutions/game_1/single/rest-111111/top"",""solutions/game_1/single/rest-111111/bot""],""total"":[""solutions/game_1/total/rest-111111/top"",""solutions/game_1/total/rest-111111/bot""]}","[1,1,1,1,1,1]","[1,1,1,1,1,1]",0,0,1,9,away_win,away,0,80
8561,2,"{""single"":[""solutions/game_2/single/rest-110000/top"",""solutions/game_2/single/rest-111110/bot""],""total"":[""solutions/game_2/total/rest-110000/top"",""solutions/game_2/total/rest-111110/bot""]}","[1,1,0,0,0,0]","[1,1,1,1,1,0]",0,1,6,7,away_win,away,0,89
8561,3,"{""single"":[""solutions/game_3/single/rest-101111/top"",""solutions/game_3/single/rest-101010/bot""],""total"":[""solutions/game_3/total/rest-101111/top"",""solutions/game_3/total/rest-101010/bot""]}","[1,0,1,1,1,1]","[1,0,1,0,1,0]",0,2,3,4,away_win,away,0,73
8561,4,"{""single"":[""solutions/game_4/single/rest-110001/top"",""solutions/game_4/single/rest-011101/bot""],""total"":[""solutions/game_4/total/rest-110001/top"",""solutions/game_4/total/rest-011101/bot""]}","[1,1,0,0,0,1]","[0,1,1,1,0,1]",0,3,5,6,away_win,away,1,85
8561,5,"{""single"":[""solutions/game_5/single/rest-101111/top"",""solutions/game_5/single/rest-101010/bot""],""total"":[""solutions/game_5/single/rest-101111/top"",""solutions/game_5/single/rest-101010/bot""]}","[1,0,1,1,1,1]","[1,0,1,0,1,0]",0,4,4,1,home_win,home,1,71
8562,1,"{""single"":[""solutions/game_1/single/rest-111111/top"",""solutions/game_1/single/rest-111111/bot""],""total"":[""solutions/game_1/total/rest-111111/top"",""solutions/game_1/total/rest-111111/bot""]}","[1,1,1,1,1,1]","[1,1,1,1,1,1]",0,0,6,2,home_win,home,0,73
8562,2,"{""single"":[""solutions/game_2/single/rest-111011/top"",""solutions/game_2/single/rest-111101/bot""],""total"":[""solutions/game_2/total/rest-111011/top"",""solutions/game_2/total/rest-111101/bot""]}","[1,1,1,0,1,1]","[1,1,1,1,0,1]",1,0,7,6,home_win,home,0,87
8562,3,"{""single"":[""solutions/game_3/single/rest-010100/top"",""solutions/game_3/single/rest-001010/bot""],""total"":[""solutions/game_3/total/rest-010100/top"",""solutions/game_3/total/rest-001010/bot""]}","[0,1,0,1,0,0]","[0,0,1,0,1,0]",2,0,1,3,away_win,away,0,74
8562,4,"{""single"":[""solutions/game_4/single/rest-101011/top"",""solutions/game_4/single/rest-100101/bot""],""total"":[""solutions/game_4/total/rest-101011/top"",""solutions/game_4/total/rest-100101/bot""]}","[1,0,1,0,1,1]","[1,0,0,1,0,1]",2,1,4,2,home_win,home,0,77
8562,5,"{""single"":[""solutions/game_5/single/rest-010111/top"",""solutions/game_5/single/rest-011111/bot""],""total"":[""solutions/game_5/single/rest-010111/top"",""solutions/game_5/single/rest-011111/bot""]}","[0,1,0,1,1,1]","[0,1,1,1,1,1]",3,1,9,1,home_win,home,1,36
8563,1,"{""single"":[""solutions/game_1/single/rest-111111/top"",""solutions/game_1/single/rest-111111/bot""],""total"":[""solutions/game_1/total/rest-111111/top"",""solutions/game_1/total/rest-111111/bot""]}","[1,1,1,1,1,1]","[1,1,1,1,1,1]",0,0,2,1,home_win,home,0,76
8563,2,"{""single"":[""solutions/game_2/single/rest-010001/top"",""solutions/game_2/single/rest-101111/bot""],""total"":[""solutions/game_2/total/rest-010001/top"",""solutions/game_2/total/rest-101111/bot""]}","[0,1,0,0,0,1]","[1,0,1,1,1,1]",1,0,8,6,home_win,home,0,89
8563,3,"{""single"":[""solutions/game_3/single/rest-101100/top"",""solutions/game_3/single/rest-011111/bot""],""total"":[""solutions/game_3/total/rest-101100/top"",""solutions/game_3/total/rest-011111/bot""]}","[1,0,1,1,0,0]","[0,1,1,1,1,1]",2,0,2,2,tie,home,0,84
8563,4,"{""single"":[""solutions/game_4/single/rest-010011/top"",""solutions/game_4/single/rest-101010/bot""],""total"":[""solutions/game_4/total/rest-010011/top"",""solutions/game_4/total/rest-101010/bot""]}","[0,1,0,0,1,1]","[1,0,1,0,1,0]",3,0,10,6,home_win,home,1,83
8563,5,"{""single"":[""solutions/game_5/single/rest-101000/top"",""solutions/game_5/single/rest-110101/bot""],""total"":[""solutions/game_5/single/rest-101000/top"",""solutions/game_5/single/rest-110101/bot""]}","[1,0,1,0,0,0]","[1,1,0,1,0,1]",4,0,5,7,away_win,away,1,86
8564,1,"{""single"":[""solutions/game_1/single/rest-111111/top"",""solutions/game_1/single/rest-111111/bot""],""total"":[""solutions/game_1/total/rest-111111/top"",""solutions/game_1/total/rest-111111/bot""]}","[1,1,1,1,1,1]","[1,1,1,1,1,1]",0,0,1,1,tie,away,0,88
8564,2,"{""single"":[""solutions/game_2/single/rest-011001/top"",""solutions/game_2/single/rest-001010/bot""],""total"":[""solutions/game_2/total/rest-011001/top"",""solutions/game_2/total/rest-001010/bot""]}","[0,1,1,0,0,1]","[0,0,1,0,1,0]",0,1,6,8,away_win,away,0,106
8564,3,"{""single"":[""solutions/game_3/single/rest-100110/top"",""solutions/game_3/single/rest-111111/bot""],""total"":[""solutions/game_3/total/rest-100110/top"",""solutions/game_3/total/rest-111111/bot""]}","[1,0,0,1,1,0]","[1,1,1,1,1,1]",0,2,8,7,home_win,home,0,89
8564,4,"{""single"":[""solutions/game_4/single/rest-101011/top"",""solutions/game_4/single/rest-001010/bot""],""total"":[""solutions/game_4/total/rest-101011/top"",""solutions/game_4/total/rest-001010/bot""]}","[1,0,1,0,1,1]","[0,0,1,0,1,0]",1,2,2,6,away_win,away,0,87
8564,5,"{""single"":[""solutions/game_5/single/rest-001100/top"",""solutions/game_5/single/rest-111101/bot""],""total"":[""solutions/game_5/single/rest-001100/top"",""solutions/game_5/single/rest-111101/bot""]}","[0,0,1,1,0,0]","[1,1,1,1,0,1]",1,3,7,5,home_win,home,1,88
8565,1,"{""single"":[""solutions/game_1/single/rest-111111/top"",""solutions/game_1/single/rest-111111/bot""],""total"":[""solutions/game_1/total/rest-111111/top"",""solutions/game_1/total/rest-111111/bot""]}","[1,1,1,1,1,1]","[1,1,1,1,1,1]",0,0,0,2,away_win,away,0,85
8565,2,"{""single"":[""solutions/game_2/single/rest-011001/top"",""solutions/game_2/single/rest-011010/bot""],""total"":[""solutions/game_2/total/rest-011001/top"",""solutions/game_2/total/rest-011010/bot""]}","[0,1,1,0,0,1]","[0,1,1,0,1,0]",0,1,4,10,away_win,away,0,87
8565,3,"{""single"":[""solutions/game_3/single/rest-100100/top"",""solutions/game_3/single/rest-111111/bot""],""total"":[""solutions/game_3/total/rest-100100/top"",""solutions/game_3/total/rest-111111/bot""]}","[1,0,0,1,0,0]","[1,1,1,1,1,1]",0,2,7,11,away_win,away,0,100
8565,4,"{""single"":[""solutions/game_4/single/rest-011011/top"",""solutions/game_4/single/rest-011111/bot""],""total"":[""solutions/game_4/total/rest-011011/top"",""solutions/game_4/total/rest-011111/bot""]}","[0,1,1,0,1,1]","[0,1,1,1,1,1]",0,3,3,7,away_win,away,1,80
8565,5,"{""single"":[""solutions/game_5/single/rest-111101/top"",""solutions/game_5/single/rest-110110/bot""],""total"":[""solutions/game_5/single/rest-111101/top"",""solutions/game_5/single/rest-110110/bot""]}","[1,1,1,1,0,1]","[1,1,0,1,1,0]",0,4,7,1,home_win,home,1,76
8566,1,"{""single"":[""solutions/game_1/single/rest-111111/top"",""solutions/game_1/single/rest-111111/bot""],""total"":[""solutions/game_1/total/rest-111111/top"",""solutions/game_1/total/rest-111111/bot""]}","[1,1,1,1,1,1]","[1,1,1,1,1,1]",0,0,9,0,home_win,home,0,55
8566,2,"{""single"":[""solutions/game_2/single/rest-111111/top"",""solutions/game_2/single/rest-111111/bot""],""total"":[""solutions/game_2/total/rest-111111/top"",""solutions/game_2/total/rest-111111/bot""]}","[1,1,1,1,1,1]","[1,1,1,1,1,1]",1,0,9,3,home_win,home,0,81
8566,3,"{""single"":[""solutions/game_3/single/rest-110011/top"",""solutions/game_3/single/rest-011111/bot""],""total"":[""solutions/game_3/total/rest-110011/top"",""solutions/game_3/total/rest-011111/bot""]}","[1,1,0,0,1,1]","[0,1,1,1,1,1]",2,0,5,3,home_win,home,0,79
8566,4,"{""single"":[""solutions/game_4/single/rest-011100/top"",""solutions/game_4/single/rest-110011/bot""],""total"":[""solutions/game_4/total/rest-011100/top"",""solutions/game_4/total/rest-110011/bot""]}","[0,1,1,1,0,0]","[1,1,0,0,1,1]",3,0,1,9,away_win,away,1,73
8566,5,"{""single"":[""solutions/game_5/single/rest-110001/top"",""solutions/game_5/single/rest-111110/bot""],""total"":[""solutions/game_5/single/rest-110001/top"",""solutions/game_5/single/rest-111110/bot""]}","[1,1,0,0,0,1]","[1,1,1,1,1,0]",3,1,3,11,away_win,away,1,72
8567,1,"{""single"":[""solutions/game_1/single/rest-111111/top"",""solutions/game_1/single/rest-111111/bot""],""total"":[""solutions/game_1/total/rest-111111/top"",""solutions/game_1/total/rest-111111/bot""]}","[1,1,1,1,1,1]","[1,1,1,1,1,1]",0,0,4,2,home_win,home,0,72
8567,2,"{""single"":[""solutions/game_2/single/rest-110001/top"",""solutions/game_2/single/rest-111100/bot""],""total"":[""solutions/game_2/total/rest-110001/top"",""solutions/game_2/total/rest-111100/bot""]}","[1,1,0,0,0,1]","[1,1,1,1,0,0]",1,0,4,8,away_win,away,0,100
8567,3,"{""single"":[""solutions/game_3/single/rest-001110/top"",""solutions/game_3/single/rest-101011/bot""],""total"":[""solutions/game_3/total/rest-001110/top"",""solutions/game_3/total/rest-101011/bot""]}","[0,0,1,1,1,0]","[1,0,1,0,1,1]",1,1,0,9,away_win,away,0,55
8567,4,"{""single"":[""solutions/game_4/single/rest-110011/top"",""solutions/game_4/single/rest-101011/bot""],""total"":[""solutions/game_4/total/rest-110011/top"",""solutions/game_4/total/rest-101011/bot""]}","[1,1,0,0,1,1]","[1,0,1,0,1,1]",1,2,4,3,home_win,home,0,82
8567,5,"{""single"":[""solutions/game_5/single/rest-010000/top"",""solutions/game_5/single/rest-010111/bot""],""total"":[""solutions/game_5/single/rest-010000/top"",""solutions/game_5/single/rest-010111/bot""]}","[0,1,0,0,0,0]","[0,1,0,1,1,1]",2,2,5,3,home_win,home,0,90
8568,1,"{""single"":[""solutions/game_1/single/rest-111111/top"",""solutions/game_1/single/rest-111111/bot""],""total"":[""solutions/game_1/total/rest-111111/top"",""solutions/game_1/total/rest-111111/bot""]}","[1,1,1,1,1,1]","[1,1,1,1,1,1]",0,0,4,2,home_win,home,0,73
8568,2,"{""single"":[""solutions/game_2/single/rest-110001/top"",""solutions/game_2/single/rest-111100/bot""],""total"":[""solutions/game_2/total/rest-110001/top"",""solutions/game_2/total/rest-111100/bot""]}","[1,1,0,0,0,1]","[1,1,1,1,0,0]",1,0,4,3,home_win,home,0,85
8568,3,"{""single"":[""solutions/game_3/single/rest-001110/top"",""solutions/game_3/single/rest-100011/bot""],""total"":[""solutions/game_3/total/rest-001110/top"",""solutions/game_3/total/rest-100011/bot""]}","[0,0,1,1,1,0]","[1,0,0,0,1,1]",2,0,3,5,away_win,away,0,88
8568,4,"{""single"":[""solutions/game_4/single/rest-101001/top"",""solutions/game_4/single/rest-111100/bot""],""total"":[""solutions/game_4/total/rest-101001/top"",""solutions/game_4/total/rest-111100/bot""]}","[1,0,1,0,0,1]","[1,1,1,1,0,0]",2,1,1,4,away_win,away,0,73
8568,5,"{""single"":[""solutions/game_5/single/rest-111111/top"",""solutions/game_5/single/rest-011011/bot""],""total"":[""solutions/game_5/single/rest-111111/top"",""solutions/game_5/single/rest-011011/bot""]}","[1,1,1,1,1,1]","[0,1,1,0,1,1]",2,2,4,7,away_win,away,0,82
8569,1,"{""single"":[""solutions/game_1/single/rest-111111/top"",""solutions/game_1/single/rest-111111/bot""],""total"":[""solutions/game_1/total/rest-111111/top"",""solutions/game_1/total/rest-111111/bot""]}","[1,1,1,1,1,1]","[1,1,1,1,1,1]",0,0,6,4,home_win,home,0,80
8569,2,"{""single"":[""solutions/game_2/single/rest-011111/top"",""solutions/game_2/single/rest-011110/bot""],""total"":[""solutions/game_2/total/rest-011111/top"",""solutions/game_2/total/rest-011110/bot""]}","[0,1,1,1,1,1]","[0,1,1,1,1,0]",1,0,9,8,home_win,home,0,93
8569,3,"{""single"":[""solutions/game_3/single/rest-100000/top"",""solutions/game_3/single/rest-110001/bot""],""total"":[""solutions/game_3/total/rest-100000/top"",""solutions/game_3/total/rest-110001/bot""]}","[1,0,0,0,0,0]","[1,1,0,0,0,1]",2,0,7,5,home_win,home,0,94
8569,4,"{""single"":[""solutions/game_4/single/rest-111111/top"",""solutions/game_4/single/rest-101011/bot""],""total"":[""solutions/game_4/total/rest-111111/top"",""solutions/game_4/total/rest-101011/bot""]}","[1,1,1,1,1,1]","[1,0,1,0,1,1]",3,0,10,9,home_win,home,1,100
8569,5,"{""single"":[""solutions/game_5/single/rest-010001/top"",""solutions/game_5/single/rest-110110/bot""],""total"":[""solutions/game_5/single/rest-010001/top"",""solutions/game_5/single/rest-110110/bot""]}","[0,1,0,0,0,1]","[1,1,0,1,1,0]",4,0,3,11,away_win,away,1,79
8570,1,"{""single"":[""solutions/game_1/single/rest-111111/top"",""solutions/game_1/single/rest-111111/bot""],""total"":[""solutions/game_1/total/rest-111111/top"",""solutions/game_1/total/rest-111111/bot""]}","[1,1,1,1,1,1]","[1,1,1,1,1,1]",0,0,2,3,away_win,away,0,83
8570,2,"{""single"":[""solutions/game_2/single/rest-010101/top"",""solutions/game_2/single/rest-001010/bot""],""total"":[""solutions/game_2/total/rest-010101/top"",""solutions/game_2/total/rest-001010/bot""]}","[0,1,0,1,0,1]","[0,0,1,0,1,0]",0,1,5,3,home_win,home,0,86
8570,3,"{""single"":[""solutions/game_3/single/rest-100010/top"",""solutions/game_3/single/rest-110111/bot""],""total"":[""solutions/game_3/total/rest-100010/top"",""solutions/game_3/total/rest-110111/bot""]}","[1,0,0,0,1,0]","[1,1,0,1,1,1]",1,1,3,7,away_win,away,0,84
8570,4,"{""single"":[""solutions/game_4/single/rest-111101/top"",""solutions/game_4/single/rest-111110/bot""],""total"":[""solutions/game_4/total/rest-111101/top"",""solutions/game_4/total/rest-111110/bot""]}","[1,1,1,1,0,1]","[1,1,1,1,1,0]",1,2,4,7,away_win,away,0,87
8570,5,"{""single"":[""solutions/game_5/single/rest-010001/top"",""solutions/game_5/single/rest-110101/bot""],""total"":[""solutions/game_5/single/rest-010001/top"",""solutions/game_5/single/rest-110101/bot""]}","[0,1,0,0,0,1]","[1,1,0,1,0,1]",1,3,8,0,home_win,home,1,35
8571,1,"{""single"":[""solutions/game_1/single/rest-111111/top"",""solutions/game_1/single/rest-111111/bot""],""total"":[""solutions/game_1/total/rest-111111/top"",""solutions/game_1/total/rest-111111/bot""]}","[1,1,1,1,1,1]","[1,1,1,1,1,1]",0,0,2,3,away_win,away,0,79
8571,2,"{""single"":[""solutions/game_2/single/rest-110101/top"",""solutions/game_2/single/rest-001011/bot""],""total"":[""solutions/game_2/total/rest-110101/top"",""solutions/game_2/total/rest-001011/bot""]}","[1,1,0,1,0,1]","[0,0,1,0,1,1]",0,1,5,3,home_win,home,0,81
8571,3,"{""single"":[""solutions/game_3/single/rest-010011/top"",""solutions/game_3/single/rest-111111/bot""],""total"":[""solutions/game_3/total/rest-010011/top"",""solutions/game_3/total/rest-111111/bot""]}","[0,1,0,0,1,1]","[1,1,1,1,1,1]",1,1,0,9,away_win,away,0,72
8571,4,"{""single"":[""solutions/game_4/single/rest-101100/top"",""solutions/game_4/single/rest-011111/bot""],""total"":[""solutions/game_4/total/rest-101100/top"",""solutions/game_4/total/rest-011111/bot""]}","[1,0,1,1,0,0]","[0,1,1,1,1,1]",1,2,7,8,away_win,away,0,92
8571,5,"{""single"":[""solutions/game_5/single/rest-010011/top"",""solutions/game_5/single/rest-101111/bot""],""total"":[""solutions/game_5/single/rest-010011/top"",""solutions/game_5/single/rest-101111/bot""]}","[0,1,0,0,1,1]","[1,0,1,1,1,1]",1,3,2,6,away_win,away,1,75
8572,1,"{""single"":[""solutions/game_1/single/rest-111111/top"",""solutions/game_1/single/rest-111111/bot""],""total"":[""solutions/game_1/total/rest-111111/top"",""solutions/game_1/total/rest-111111/bot""]}","[1,1,1,1,1,1]","[1,1,1,1,1,1]",0,0,2,3,away_win,away,0,79
8572,2,"{""single"":[""solutions/game_2/single/rest-110101/top"",""solutions/game_2/single/rest-101011/bot""],""total"":[""solutions/game_2/total/rest-110101/top"",""solutions/game_2/total/rest-101011/bot""]}","[1,1,0,1,0,1]","[1,0,1,0,1,1]",0,1,2,6,away_win,away,0,81
8572,3,"{""single"":[""solutions/game_3/single/rest-001110/top"",""solutions/game_3/single/rest-111100/bot""],""total"":[""solutions/game_3/total/rest-001110/top"",""solutions/game_3/total/rest-111100/bot""]}","[0,0,1,1,1,0]","[1,1,1,1,0,0]",0,2,6,4,home_win,home,0,83
8572,4,"{""single"":[""solutions/game_4/single/rest-110101/top"",""solutions/game_4/single/rest-010111/bot""],""total"":[""solutions/game_4/total/rest-110101/top"",""solutions/game_4/total/rest-010111/bot""]}","[1,1,0,1,0,1]","[0,1,0,1,1,1]",1,2,2,4,away_win,away,0,80
8572,5,"{""single"":[""solutions/game_5/single/rest-011010/top"",""solutions/game_5/single/rest-101101/bot""],""total"":[""solutions/game_5/single/rest-011010/top"",""solutions/game_5/single/rest-101101/bot""]}","[0,1,1,0,1,0]","[1,0,1,1,0,1]",1,3,8,9,away_win,away,1,90
8573,1,"{""single"":[""solutions/game_1/single/rest-111111/top"",""solutions/game_1/single/rest-111111/bot""],""total"":[""solutions/game_1/total/rest-111111/top"",""solutions/game_1/total/rest-111111/bot""]}","[1,1,1,1,1,1]","[1,1,1,1,1,1]",0,0,8,0,home_win,home,0,72
8573,2,"{""single"":[""solutions/game_2/single/rest-111101/top"",""solutions/game_2/single/rest-110111/bot""],""total"":[""solutions/game_2/total/rest-111101/top"",""solutions/game_2/total/rest-110111/bot""]}","[1,1,1,1,0,1]","[1,1,0,1,1,1]",1,0,7,4,home_win,home,0,81
8573,3,"{""single"":[""solutions/game_3/single/rest-010011/top"",""solutions/game_3/single/rest-111111/bot""],""total"":[""solutions/game_3/total/rest-010011/top"",""solutions/game_3/total/rest-111111/bot""]}","[0,1,0,0,1,1]","[1,1,1,1,1,1]",2,0,3,0,home_win,home,0,68
8573,4,"{""single"":[""solutions/game_4/single/rest-111110/top"",""solutions/game_4/single/rest-111100/bot""],""total"":[""solutions/game_4/total/rest-111110/top"",""solutions/game_4/total/rest-111100/bot""]}","[1,1,1,1,1,0]","[1,1,1,1,0,0]",3,0,5,4,home_win,home,1,87
8573,5,"{""single"":[""solutions/game_5/single/rest-000000/top"",""solutions/game_5/single/rest-100111/bot""],""total"":[""solutions/game_5/single/rest-000000/top"",""solutions/game_5/single/rest-100111/bot""]}","[0,0,0,0,0,0]","[1,0,0,1,1,1]",4,0,4,3,home_win,home,1,79
8574,1,"{""single"":[""solutions/game_1/single/rest-111111/top"",""solutions/game_1/single/rest-111111/bot""],""total"":[""solutions/game_1/total/rest-111111/top"",""solutions/game_1/total/rest-111111/bot""]}","[1,1,1,1,1,1]","[1,1,1,1,1,1]",0,0,1,7,away_win,away,0,83
8574,2,"{""single"":[""solutions/game_2/single/rest-110010/top"",""solutions/game_2/single/rest-011110/bot""],""total"":[""solutions/game_2/total/rest-110010/top"",""solutions/game_2/total/rest-011110/bot""]}","[1,1,0,0,1,0]","[0,1,1,1,1,0]",0,1,3,8,away_win,away,0,88
8574,3,"{""single"":[""solutions/game_3/single/rest-001111/top"",""solutions/game_3/single/rest-001001/bot""],""total"":[""solutions/game_3/total/rest-001111/top"",""solutions/game_3/total/rest-001001/bot""]}","[0,0,1,1,1,1]","[0,0,1,0,0,1]",0,2,6,4,home_win,home,0,75
8574,4,"{""single"":[""solutions/game_4/single/rest-110001/top"",""solutions/game_4/single/rest-101111/bot""],""total"":[""solutions/game_4/total/rest-110001/top"",""solutions/game_4/total/rest-101111/bot""]}","[1,1,0,0,0,1]","[1,0,1,1,1,1]",1,2,11,2,home_win,home,0,74
8574,5,"{""single"":[""solutions/game_5/single/rest-111111/top"",""solutions/game_5/single/rest-111101/bot""],""total"":[""solutions/game_5/single/rest-111111/top"",""solutions/game_5/single/rest-111101/bot""]}","[1,1,1,1,1,1]","[1,1,1,1,0,1]",2,2,6,2,home_win,home,0,75
8575,1,"{""single"":[""solutions/game_1/single/rest-111111/top"",""solutions/game_1/single/rest-111111/bot""],""total"":[""solutions/game_1/total/rest-111111/top"",""solutions/game_1/total/rest-111111/bot""]}","[1,1,1,1,1,1]","[1,1,1,1,1,1]",0,0,8,0,home_win,home,0,61
8575,2,"{""single"":[""solutions/game_2/single/rest-111111/top"",""solutions/game_2/single/rest-110111/bot""],""total"":[""solutions/game_2/total/rest-111111/top"",""solutions/game_2/total/rest-110111/bot""]}","[1,1,1,1,1,1]","[1,1,0,1,1,1]",1,0,3,5,away_win,away,0,89
8575,3,"{""single"":[""solutions/game_3/single/rest-010100/top"",""solutions/game_3/single/rest-001110/bot""],""total"":[""solutions/game_3/total/rest-010100/top"",""solutions/game_3/total/rest-001110/bot""]}","[0,1,0,1,0,0]","[0,0,1,1,1,0]",1,1,4,4,tie,away,0,89
8575,4,"{""single"":[""solutions/game_4/single/rest-101011/top"",""solutions/game_4/single/rest-110101/bot""],""total"":[""solutions/game_4/total/rest-101011/top"",""solutions/game_4/total/rest-110101/bot""]}","[1,0,1,0,1,1]","[1,1,0,1,0,1]",1,2,4,3,home_win,home,0,84
8575,5,"{""single"":[""solutions/game_5/single/rest-000000/top"",""solutions/game_5/single/rest-011110/bot""],""total"":[""solutions/game_5/single/rest-000000/top"",""solutions/game_5/single/rest-011110/bot""]}","[0,0,0,0,0,0]","[0,1,1,1,1,0]",2,2,6,14,away_win,away,0,87
8576,1,"{""single"":[""solutions/game_1/single/rest-111111/top"",""solutions/game_1/single/rest-111111/bot""],""total"":[""solutions/game_1/total/rest-111111/top"",""solutions/game_1/total/rest-111111/bot""]}","[1,1,1,1,1,1]","[1,1,1,1,1,1]",0,0,3,0,home_win,home,0,69
8576,2,"{""single"":[""solutions/game_2/single/rest-110001/top"",""solutions/game_2/single/rest-110101/bot""],""total"":[""solutions/game_2/total/rest-110001/top"",""solutions/game_2/total/rest-110101/bot""]}","[1,1,0,0,0,1]","[1,1,0,1,0,1]",1,0,2,3,away_win,away,0,81
8576,3,"{""single"":[""solutions/game_3/single/rest-011111/top"",""solutions/game_3/single/rest-001110/bot""],""total"":[""solutions/game_3/total/rest-011111/top"",""solutions/game_3/total/rest-001110/bot""]}","[0,1,1,1,1,1]","[0,0,1,1,1,0]",1,1,3,5,away_win,away,0,85
8576,4,"{""single"":[""solutions/game_4/single/rest-100000/top"",""solutions/game_4/single/rest-111001/bot""],""total"":[""solutions/game_4/total/rest-100000/top"",""solutions/game_4/total/rest-111001/bot""]}","[1,0,0,0,0,0]","[1,1,1,0,0,1]",1,2,7,9,away_win,away,0,89
8576,5,"{""single"":[""solutions/game_5/single/rest-111011/top"",""solutions/game_5/single/rest-110100/bot""],""total"":[""solutions/game_5/single/rest-111011/top"",""solutions/game_5/single/rest-110100/bot""]}","[1,1,1,0,1,1]","[1,1,0,1,0,0]",1,3,4,8,away_win,away,1,92
