sequence,after_game,team,player,starting_rest,used,next_rest
15745,1,home,547973,1,1,0
15745,1,home,641329,1,0,1
15745,1,home,671922,1,0,1
15745,1,home,656876,1,1,0
15745,1,home,656641,1,0,1
15745,1,home,686973,1,0,1
15745,1,away,695505,1,0,1
15745,1,away,666200,1,1,0
15745,1,away,661395,1,0,1
15745,1,away,695243,1,1,0
15745,1,away,628452,1,0,1
15745,1,away,808967,1,0,1
15745,2,home,547973,0,0,0
15745,2,home,641329,1,0,1
15745,2,home,671922,1,1,1
15745,2,home,656876,0,0,1
15745,2,home,656641,1,1,0
15745,2,home,686973,1,1,1
15745,2,away,695505,1,1,0
15745,2,away,666200,0,0,1
15745,2,away,661395,1,0,1
15745,2,away,695243,0,0,1
15745,2,away,628452,1,1,0
15745,2,away,808967,1,1,0
15745,3,home,547973,0,0,1
15745,3,home,641329,1,0,1
15745,3,home,671922,1,1,1
15745,3,home,656876,1,1,0
15745,3,home,656641,0,0,1
15745,3,home,686973,1,1,1
15745,3,away,695505,0,0,1
15745,3,away,666200,1,1,1
15745,3,away,661395,1,0,1
15745,3,away,695243,1,1,1
15745,3,away,628452,0,0,1
15745,3,away,808967,0,0,1
15745,4,home,547973,1,1,0
15745,4,home,641329,1,0,1
15745,4,home,671922,1,1,1
15745,4,home,656876,0,0,1
15745,4,home,656641,1,1,1
15745,4,home,686973,1,0,1
15745,4,away,695505,1,1,0
15745,4,away,666200,1,1,1
15745,4,away,661395,1,0,1
15745,4,away,695243,1,1,0
15745,4,away,628452,1,0,1
15745,4,away,808967,1,1,1
15746,1,home,547973,1,0,1
15746,1,home,641329,1,1,0
15746,1,home,671922,1,0,1
15746,1,home,656876,1,0,1
15746,1,home,656641,1,0,1
15746,1,home,686973,1,0,1
15746,1,away,695505,1,1,1
15746,1,away,666200,1,1,0
15746,1,away,661395,1,0,1
15746,1,away,695243,1,1,0
15746,1,away,628452,1,0,1
15746,1,away,808967,1,0,1
15746,2,home,547973,1,0,1
15746,2,home,641329,0,0,1
15746,2,home,671922,1,0,1
15746,2,home,656876,1,0,1
15746,2,home,656641,1,0,1
15746,2,home,686973,1,0,1
15746,2,away,695505,1,0,1
15746,2,away,666200,0,0,1
15746,2,away,661395,1,0,1
15746,2,away,695243,0,0,0
15746,2,away,628452,1,0,1
15746,2,away,808967,1,1,0
15746,3,home,547973,1,1,1
15746,3,home,641329,1,1,0
15746,3,home,671922,1,0,1
15746,3,home,656876,1,1,0
15746,3,home,656641,1,0,1
15746,3,home,686973,1,0,1
15746,3,away,695505,1,1,0
15746,3,away,666200,1,1,0
15746,3,away,661395,1,1,0
15746,3,away,695243,0,0,1
15746,3,away,628452,1,1,0
15746,3,away,808967,0,0,0
15746,4,home,547973,1,1,0
15746,4,home,641329,0,0,1
15746,4,home,671922,1,0,1
15746,4,home,656876,0,0,1
15746,4,home,656641,1,1,0
15746,4,home,686973,1,1,1
15746,4,away,695505,0,0,1
15746,4,away,666200,0,0,1
15746,4,away,661395,0,0,1
15746,4,away,695243,1,1,0
15746,4,away,628452,0,0,1
15746,4,away,808967,0,0,1
15747,1,home,547973,1,0,1
15747,1,home,641329,1,0,1
15747,1,home,671922,1,1,0
15747,1,home,656876,1,0,1
15747,1,home,656641,1,1,0
15747,1,home,686973,1,0,1
15747,1,away,695505,1,1,1
15747,1,away,666200,1,1,1
15747,1,away,661395,1,0,1
15747,1,away,695243,1,1,1
15747,1,away,628452,1,0,1
15747,1,away,808967,1,0,1
15747,2,home,547973,1,0,1
15747,2,home,641329,1,1,0
15747,2,home,671922,0,0,1
15747,2,home,656876,1,1,0
15747,2,home,656641,0,0,1
15747,2,home,686973,1,0,1
15747,2,away,695505,1,1,1
15747,2,away,666200,1,1,1
15747,2,away,661395,1,1,1
15747,2,away,695243,1,1,1
15747,2,away,628452,1,0,1
15747,2,away,808967,1,0,1
15747,3,home,547973,1,0,1
15747,3,home,641329,0,0,1
15747,3,home,671922,1,0,1
15747,3,home,656876,0,0,1
15747,3,home,656641,1,0,1
15747,3,home,686973,1,0,1
15747,3,away,695505,1,0,1
15747,3,away,666200,1,1,0
15747,3,away,661395,1,0,1
15747,3,away,695243,1,1,0
15747,3,away,628452,1,0,1
15747,3,away,808967,1,0,1
15747,4,home,547973,1,1,0
15747,4,home,641329,1,0,1
15747,4,home,671922,1,1,0
15747,4,home,656876,1,1,1
15747,4,home,656641,1,1,0
15747,4,home,686973,1,0,1
15747,4,away,695505,1,0,1
15747,4,away,666200,0,0,1
15747,4,away,661395,1,0,1
15747,4,away,695243,0,0,1
15747,4,away,628452,1,0,1
15747,4,away,808967,1,1,0
15748,1,home,547973,1,0,1
15748,1,home,641329,1,0,1
15748,1,home,671922,1,0,1
15748,1,home,656876,1,0,1
15748,1,home,656641,1,1,0
15748,1,home,686973,1,1,0
15748,1,away,695505,1,1,0
15748,1,away,666200,1,1,0
15748,1,away,661395,1,0,1
15748,1,away,695243,1,1,0
15748,1,away,628452,1,0,1
15748,1,away,808967,1,0,1
15748,2,home,547973,1,1,0
15748,2,home,641329,1,1,0
15748,2,home,671922,1,1,1
15748,2,home,656876,1,1,0
15748,2,home,656641,0,0,1
15748,2,home,686973,0,0,1
15748,2,away,695505,0,0,1
15748,2,away,666200,0,0,1
15748,2,away,661395,1,1,0
15748,2,away,695243,0,0,1
15748,2,away,628452,1,1,0
15748,2,away,808967,1,1,0
15748,3,home,547973,0,0,1
15748,3,home,641329,0,0,1
15748,3,home,671922,1,1,0
15748,3,home,656876,0,0,1
15748,3,home,656641,1,1,0
15748,3,home,686973,1,1,0
15748,3,away,695505,1,0,1
15748,3,away,666200,1,0,1
15748,3,away,661395,0,0,1
15748,3,away,695243,1,1,0
15748,3,away,628452,0,0,1
15748,3,away,808967,0,0,1
15748,4,home,547973,1,0,1
15748,4,home,641329,1,1,0
15748,4,home,671922,0,0,1
15748,4,home,656876,1,1,0
15748,4,home,656641,0,0,1
15748,4,home,686973,0,0,1
15748,4,away,695505,1,0,1
15748,4,away,666200,1,1,0
15748,4,away,661395,1,0,1
15748,4,away,695243,0,0,0
15748,4,away,628452,1,1,0
15748,4,away,808967,1,0,1
15749,1,home,547973,1,0,1
15749,1,home,641329,1,0,1
15749,1,home,671922,1,0,1
15749,1,home,656876,1,1,0
15749,1,home,656641,1,1,1
15749,1,home,686973,1,0,1
15749,1,away,695505,1,1,1
15749,1,away,666200,1,1,0
15749,1,away,661395,1,0,1
15749,1,away,695243,1,1,1
15749,1,away,628452,1,0,1
15749,1,away,808967,1,0,1
15749,2,home,547973,1,0,1
15749,2,home,641329,1,1,0
15749,2,home,671922,1,0,1
15749,2,home,656876,0,0,0
15749,2,home,656641,1,1,0
15749,2,home,686973,1,1,0
15749,2,away,695505,1,0,1
15749,2,away,666200,0,0,1
15749,2,away,661395,1,1,0
15749,2,away,695243,1,1,1
15749,2,away,628452,1,0,1
15749,2,away,808967,1,1,0
15749,3,home,547973,1,1,0
15749,3,home,641329,0,0,1
15749,3,home,671922,1,0,1
15749,3,home,656876,0,0,1
15749,3,home,656641,0,0,1
15749,3,home,686973,0,0,1
15749,3,away,695505,1,0,1
15749,3,away,666200,1,0,1
15749,3,away,661395,0,0,1
15749,3,away,695243,1,0,1
15749,3,away,628452,1,0,1
15749,3,away,808967,0,0,1
15749,4,home,547973,0,0,1
15749,4,home,641329,1,0,1
15749,4,home,671922,1,1,1
15749,4,home,656876,1,1,0
15749,4,home,656641,1,1,0
15749,4,home,686973,1,0,1
15749,4,away,695505,1,1,0
15749,4,away,666200,1,1,0
15749,4,away,661395,1,1,1
15749,4,away,695243,1,1,1
15749,4,away,628452,1,1,1
15749,4,away,808967,1,1,0
15750,1,home,547973,1,0,1
15750,1,home,641329,1,1,0
15750,1,home,671922,1,1,0
15750,1,home,656876,1,1,1
15750,1,home,656641,1,1,0
15750,1,home,686973,1,0,1
15750,1,away,695505,1,1,0
15750,1,away,666200,1,1,1
15750,1,away,661395,1,0,1
15750,1,away,695243,1,1,0
15750,1,away,628452,1,0,1
15750,1,away,808967,1,1,1
15750,2,home,547973,1,1,0
15750,2,home,641329,0,0,1
15750,2,home,671922,0,0,0
15750,2,home,656876,1,1,0
15750,2,home,656641,0,0,1
15750,2,home,686973,1,1,1
15750,2,away,695505,0,0,0
15750,2,away,666200,1,1,0
15750,2,away,661395,1,0,1
15750,2,away,695243,0,0,1
15750,2,away,628452,1,1,1
15750,2,away,808967,1,1,0
15750,3,home,547973,0,0,1
15750,3,home,641329,1,1,0
15750,3,home,671922,0,0,1
15750,3,home,656876,0,0,1
15750,3,home,656641,1,0,1
15750,3,home,686973,1,0,1
15750,3,away,695505,0,0,1
15750,3,away,666200,0,0,1
15750,3,away,661395,1,1,0
15750,3,away,695243,1,1,0
15750,3,away,628452,1,1,0
15750,3,away,808967,0,0,1
15750,4,home,547973,1,0,1
15750,4,home,641329,0,0,1
15750,4,home,671922,1,0,1
15750,4,home,656876,1,0,1
15750,4,home,656641,1,1,0
15750,4,home,686973,1,0,1
15750,4,away,695505,1,0,1
15750,4,away,666200,1,0,1
15750,4,away,661395,0,0,0
15750,4,away,695243,0,0,1
15750,4,away,628452,0,0,1
15750,4,away,808967,1,1,0
15751,1,home,547973,1,1,0
15751,1,home,641329,1,0,1
15751,1,home,671922,1,0,1
15751,1,home,656876,1,1,0
15751,1,home,656641,1,1,1
15751,1,home,686973,1,0,1
15751,1,away,695505,1,1,0
15751,1,away,666200,1,1,0
15751,1,away,661395,1,1,1
15751,1,away,695243,1,1,1
15751,1,away,628452,1,0,1
15751,1,away,808967,1,1,0
15751,2,home,547973,0,0,1
15751,2,home,641329,1,0,1
15751,2,home,671922,1,1,0
15751,2,home,656876,0,0,1
15751,2,home,656641,1,1,0
15751,2,home,686973,1,0,1
15751,2,away,695505,0,0,1
15751,2,away,666200,0,0,1
15751,2,away,661395,1,1,0
15751,2,away,695243,1,0,1
15751,2,away,628452,1,1,0
15751,2,away,808967,0,0,1
15751,3,home,547973,1,1,0
15751,3,home,641329,1,0,1
15751,3,home,671922,0,0,1
15751,3,home,656876,1,0,1
15751,3,home,656641,0,0,0
15751,3,home,686973,1,1,1
15751,3,away,695505,1,1,1
15751,3,away,666200,1,1,0
15751,3,away,661395,0,0,1
15751,3,away,695243,1,1,1
15751,3,away,628452,0,0,1
15751,3,away,808967,1,0,1
15751,4,home,547973,0,0,1
15751,4,home,641329,1,0,1
15751,4,home,671922,1,1,0
15751,4,home,656876,1,1,1
15751,4,home,656641,0,0,1
15751,4,home,686973,1,0,1
15751,4,away,695505,1,1,1
15751,4,away,666200,0,0,1
15751,4,away,661395,1,1,0
15751,4,away,695243,1,1,0
15751,4,away,628452,1,0,1
15751,4,away,808967,1,1,0
15752,1,home,547973,1,0,1
15752,1,home,641329,1,0,1
15752,1,home,671922,1,1,1
15752,1,home,656876,1,1,0
15752,1,home,656641,1,1,0
15752,1,home,686973,1,0,1
15752,1,away,695505,1,1,1
15752,1,away,666200,1,1,0
15752,1,away,661395,1,1,0
15752,1,away,695243,1,1,0
15752,1,away,628452,1,0,1
15752,1,away,808967,1,1,0
15752,2,home,547973,1,0,1
15752,2,home,641329,1,1,0
15752,2,home,671922,1,0,1
15752,2,home,656876,0,0,1
15752,2,home,656641,0,0,1
15752,2,home,686973,1,0,1
15752,2,away,695505,1,1,0
15752,2,away,666200,0,0,0
15752,2,away,661395,0,0,1
15752,2,away,695243,0,0,1
15752,2,away,628452,1,1,0
15752,2,away,808967,0,0,1
15752,3,home,547973,1,0,1
15752,3,home,641329,0,0,1
15752,3,home,671922,1,0,1
15752,3,home,656876,1,0,1
15752,3,home,656641,1,1,0
15752,3,home,686973,1,1,0
15752,3,away,695505,0,0,1
15752,3,away,666200,0,0,1
15752,3,away,661395,1,1,0
15752,3,away,695243,1,0,1
15752,3,away,628452,0,0,1
15752,3,away,808967,1,1,0
15752,4,home,547973,1,0,1
15752,4,home,641329,1,0,1
15752,4,home,671922,1,0,1
15752,4,home,656876,1,0,1
15752,4,home,656641,0,0,1
15752,4,home,686973,0,0,1
15752,4,away,695505,1,0,1
15752,4,away,666200,1,0,1
15752,4,away,661395,0,0,1
15752,4,away,695243,1,0,1
15752,4,away,628452,1,0,1
15752,4,away,808967,0,0,0
15753,1,home,547973,1,1,1
15753,1,home,641329,1,0,1
15753,1,home,671922,1,1,1
15753,1,home,656876,1,0,1
15753,1,home,656641,1,0,1
15753,1,home,686973,1,0,1
15753,1,away,695505,1,1,1
15753,1,away,666200,1,1,0
15753,1,away,661395,1,0,1
15753,1,away,695243,1,1,1
15753,1,away,628452,1,0,1
15753,1,away,808967,1,1,0
15753,2,home,547973,1,0,1
15753,2,home,641329,1,0,1
15753,2,home,671922,1,0,1
15753,2,home,656876,1,1,1
15753,2,home,656641,1,1,0
15753,2,home,686973,1,0,1
15753,2,away,695505,1,1,0
15753,2,away,666200,0,0,1
15753,2,away,661395,1,1,1
15753,2,away,695243,1,1,0
15753,2,away,628452,1,0,1
15753,2,away,808967,0,0,1
15753,3,home,547973,1,1,0
15753,3,home,641329,1,1,0
15753,3,home,671922,1,1,1
15753,3,home,656876,1,1,0
15753,3,home,656641,0,0,1
15753,3,home,686973,1,0,1
15753,3,away,695505,0,0,1
15753,3,away,666200,1,1,1
15753,3,away,661395,1,1,1
15753,3,away,695243,0,0,0
15753,3,away,628452,1,1,0
15753,3,away,808967,1,1,1
15753,4,home,547973,0,0,1
15753,4,home,641329,0,0,1
15753,4,home,671922,1,1,1
15753,4,home,656876,0,0,1
15753,4,home,656641,1,1,0
15753,4,home,686973,1,1,0
15753,4,away,695505,1,1,1
15753,4,away,666200,1,1,0
15753,4,away,661395,1,0,1
15753,4,away,695243,0,0,1
15753,4,away,628452,0,0,0
15753,4,away,808967,1,1,1
15754,1,home,547973,1,0,1
15754,1,home,641329,1,0,1
15754,1,home,671922,1,1,1
15754,1,home,656876,1,0,1
15754,1,home,656641,1,1,0
15754,1,home,686973,1,0,1
15754,1,away,695505,1,1,0
15754,1,away,666200,1,1,0
15754,1,away,661395,1,0,1
15754,1,away,695243,1,1,1
15754,1,away,628452,1,0,1
15754,1,away,808967,1,1,0
15754,2,home,547973,1,0,1
15754,2,home,641329,1,0,1
15754,2,home,671922,1,0,1
15754,2,home,656876,1,1,1
15754,2,home,656641,0,0,1
15754,2,home,686973,1,1,0
15754,2,away,695505,0,0,1
15754,2,away,666200,0,0,1
15754,2,away,661395,1,0,1
15754,2,away,695243,1,1,0
15754,2,away,628452,1,1,1
15754,2,away,808967,0,0,1
15754,3,home,547973,1,0,1
15754,3,home,641329,1,0,1
15754,3,home,671922,1,0,1
15754,3,home,656876,1,1,1
15754,3,home,656641,1,1,0
15754,3,home,686973,0,0,1
15754,3,away,695505,1,1,0
15754,3,away,666200,1,1,0
15754,3,away,661395,1,0,1
15754,3,away,695243,0,0,1
15754,3,away,628452,1,1,0
15754,3,away,808967,1,1,0
15754,4,home,547973,1,1,0
15754,4,home,641329,1,0,1
15754,4,home,671922,1,1,0
15754,4,home,656876,1,1,0
15754,4,home,656641,0,0,1
15754,4,home,686973,1,0,1
15754,4,away,695505,0,0,1
15754,4,away,666200,0,0,1
15754,4,away,661395,1,1,1
15754,4,away,695243,1,1,0
15754,4,away,628452,0,0,1
15754,4,away,808967,0,0,0
15755,1,home,547973,1,1,0
15755,1,home,641329,1,0,1
15755,1,home,671922,1,1,1
15755,1,home,656876,1,0,1
15755,1,home,656641,1,1,0
15755,1,home,686973,1,0,1
15755,1,away,695505,1,0,1
15755,1,away,666200,1,1,0
15755,1,away,661395,1,1,1
15755,1,away,695243,1,1,1
15755,1,away,628452,1,1,0
15755,1,away,808967,1,0,1
15755,2,home,547973,0,0,1
15755,2,home,641329,1,0,1
15755,2,home,671922,1,0,1
15755,2,home,656876,1,1,1
15755,2,home,656641,0,0,1
15755,2,home,686973,1,1,0
15755,2,away,695505,1,1,0
15755,2,away,666200,0,0,1
15755,2,away,661395,1,1,0
15755,2,away,695243,1,0,1
15755,2,away,628452,0,0,1
15755,2,away,808967,1,1,0
15755,3,home,547973,1,0,1
15755,3,home,641329,1,1,0
15755,3,home,671922,1,0,1
15755,3,home,656876,1,0,1
15755,3,home,656641,1,0,1
15755,3,home,686973,0,0,1
15755,3,away,695505,0,0,1
15755,3,away,666200,1,0,1
15755,3,away,661395,0,0,1
15755,3,away,695243,1,1,0
15755,3,away,628452,1,0,1
15755,3,away,808967,0,0,1
15755,4,home,547973,1,0,1
15755,4,home,641329,0,0,1
15755,4,home,671922,1,1,1
15755,4,home,656876,1,1,1
15755,4,home,656641,1,1,0
15755,4,home,686973,1,0,1
15755,4,away,695505,1,1,0
15755,4,away,666200,1,0,1
15755,4,away,661395,1,0,1
15755,4,away,695243,0,0,1
15755,4,away,628452,1,0,1
15755,4,away,808967,1,1,1
15756,1,home,547973,1,0,1
15756,1,home,641329,1,0,1
15756,1,home,671922,1,0,1
15756,1,home,656876,1,0,1
15756,1,home,656641,1,0,1
15756,1,home,686973,1,1,0
15756,1,away,695505,1,1,1
15756,1,away,666200,1,1,0
15756,1,away,661395,1,0,1
15756,1,away,695243,1,0,1
15756,1,away,628452,1,1,0
15756,1,away,808967,1,1,0
15756,2,home,547973,1,1,0
15756,2,home,641329,1,0,1
15756,2,home,671922,1,1,0
15756,2,home,656876,1,1,1
15756,2,home,656641,1,0,1
15756,2,home,686973,0,0,1
15756,2,away,695505,1,1,0
15756,2,away,666200,0,0,1
15756,2,away,661395,1,1,1
15756,2,away,695243,1,1,0
15756,2,away,628452,0,0,1
15756,2,away,808967,0,0,0
15756,3,home,547973,0,0,1
15756,3,home,641329,1,1,0
15756,3,home,671922,0,0,1
15756,3,home,656876,1,1,1
15756,3,home,656641,1,1,1
15756,3,home,686973,1,0,1
15756,3,away,695505,0,0,1
15756,3,away,666200,1,1,1
15756,3,away,661395,1,0,1
15756,3,away,695243,0,0,1
15756,3,away,628452,1,1,0
15756,3,away,808967,0,0,1
15756,4,home,547973,1,1,1
15756,4,home,641329,0,0,1
15756,4,home,671922,1,1,0
15756,4,home,656876,1,1,1
15756,4,home,656641,1,1,1
15756,4,home,686973,1,0,1
15756,4,away,695505,1,1,1
15756,4,away,666200,1,1,0
15756,4,away,661395,1,0,1
15756,4,away,695243,1,1,0
15756,4,away,628452,0,0,1
15756,4,away,808967,1,1,0
15757,1,home,547973,1,0,1
15757,1,home,641329,1,0,1
15757,1,home,671922,1,1,0
15757,1,home,656876,1,1,0
15757,1,home,656641,1,1,1
15757,1,home,686973,1,0,1
15757,1,away,695505,1,1,0
15757,1,away,666200,1,1,0
15757,1,away,661395,1,0,1
15757,1,away,695243,1,1,0
15757,1,away,628452,1,0,1
15757,1,away,808967,1,1,0
15757,2,home,547973,1,1,0
15757,2,home,641329,1,1,0
15757,2,home,671922,0,0,1
15757,2,home,656876,0,0,1
15757,2,home,656641,1,1,0
15757,2,home,686973,1,1,0
15757,2,away,695505,0,0,1
15757,2,away,666200,0,0,1
15757,2,away,661395,1,1,0
15757,2,away,695243,0,0,1
15757,2,away,628452,1,1,0
15757,2,away,808967,0,0,1
15757,3,home,547973,0,0,0
15757,3,home,641329,0,0,1
15757,3,home,671922,1,1,1
15757,3,home,656876,1,1,0
15757,3,home,656641,0,0,1
15757,3,home,686973,0,0,1
15757,3,away,695505,1,0,1
15757,3,away,666200,1,1,0
15757,3,away,661395,0,0,1
15757,3,away,695243,1,1,0
15757,3,away,628452,0,0,1
15757,3,away,808967,1,1,0
15757,4,home,547973,0,0,1
15757,4,home,641329,1,0,1
15757,4,home,671922,1,1,1
15757,4,home,656876,0,0,0
15757,4,home,656641,1,1,0
15757,4,home,686973,1,1,1
15757,4,away,695505,1,1,1
15757,4,away,666200,0,0,1
15757,4,away,661395,1,1,0
15757,4,away,695243,0,0,1
15757,4,away,628452,1,1,0
15757,4,away,808967,0,0,1
15758,1,home,547973,1,0,1
15758,1,home,641329,1,0,1
15758,1,home,671922,1,0,1
15758,1,home,656876,1,1,0
15758,1,home,656641,1,1,0
15758,1,home,686973,1,0,1
15758,1,away,695505,1,1,0
15758,1,away,666200,1,1,0
15758,1,away,661395,1,0,1
15758,1,away,695243,1,1,1
15758,1,away,628452,1,0,1
15758,1,away,808967,1,0,1
15758,2,home,547973,1,1,0
15758,2,home,641329,1,0,1
15758,2,home,671922,1,0,1
15758,2,home,656876,0,0,0
15758,2,home,656641,0,0,1
15758,2,home,686973,1,0,1
15758,2,away,695505,0,0,1
15758,2,away,666200,0,0,1
15758,2,away,661395,1,0,1
15758,2,away,695243,1,0,1
15758,2,away,628452,1,1,0
15758,2,away,808967,1,0,1
15758,3,home,547973,0,0,1
15758,3,home,641329,1,0,1
15758,3,home,671922,1,1,0
15758,3,home,656876,0,0,1
15758,3,home,656641,1,0,1
15758,3,home,686973,1,1,0
15758,3,away,695505,1,1,1
15758,3,away,666200,1,1,1
15758,3,away,661395,1,0,1
15758,3,away,695243,1,1,0
15758,3,away,628452,0,0,1
15758,3,away,808967,1,0,1
15758,4,home,547973,1,1,0
15758,4,home,641329,1,0,1
15758,4,home,671922,0,0,1
15758,4,home,656876,1,1,0
15758,4,home,656641,1,1,0
15758,4,home,686973,0,0,1
15758,4,away,695505,1,1,0
15758,4,away,666200,1,1,0
15758,4,away,661395,1,0,1
15758,4,away,695243,0,0,1
15758,4,away,628452,1,1,0
15758,4,away,808967,1,1,1
15759,1,home,547973,1,0,1
15759,1,home,641329,1,0,1
15759,1,home,671922,1,0,1
15759,1,home,656876,1,0,1
15759,1,home,656641,1,0,1
15759,1,home,686973,1,0,1
15759,1,away,695505,1,0,1
15759,1,away,666200,1,0,1
15759,1,away,661395,1,0,1
15759,1,away,695243,1,1,1
15759,1,away,628452,1,0,1
15759,1,away,808967,1,0,1
15759,2,home,547973,1,0,1
15759,2,home,641329,1,0,1
15759,2,home,671922,1,1,1
15759,2,home,656876,1,1,0
15759,2,home,656641,1,1,0
15759,2,home,686973,1,0,1
15759,2,away,695505,1,1,0
15759,2,away,666200,1,1,1
15759,2,away,661395,1,0,1
15759,2,away,695243,1,1,1
15759,2,away,628452,1,1,1
15759,2,away,808967,1,1,1
15759,3,home,547973,1,1,0
15759,3,home,641329,1,1,0
15759,3,home,671922,1,1,0
15759,3,home,656876,0,0,1
15759,3,home,656641,0,0,1
15759,3,home,686973,1,1,0
15759,3,away,695505,0,0,1
15759,3,away,666200,1,1,0
15759,3,away,661395,1,1,1
15759,3,away,695243,1,1,0
15759,3,away,628452,1,0,1
15759,3,away,808967,1,1,1
15759,4,home,547973,0,0,0
15759,4,home,641329,0,0,1
15759,4,home,671922,0,0,1
15759,4,home,656876,1,1,0
15759,4,home,656641,1,1,0
15759,4,home,686973,0,0,0
15759,4,away,695505,1,1,1
15759,4,away,666200,0,0,1
15759,4,away,661395,1,0,1
15759,4,away,695243,0,0,1
15759,4,away,628452,1,0,1
15759,4,away,808967,1,1,0
15760,1,home,547973,1,0,1
15760,1,home,641329,1,0,1
15760,1,home,671922,1,0,1
15760,1,home,656876,1,0,1
15760,1,home,656641,1,0,1
15760,1,home,686973,1,0,1
15760,1,away,695505,1,0,1
15760,1,away,666200,1,0,1
15760,1,away,661395,1,0,1
15760,1,away,695243,1,0,1
15760,1,away,628452,1,0,1
15760,1,away,808967,1,0,1
15760,2,home,547973,1,0,1
15760,2,home,641329,1,0,1
15760,2,home,671922,1,0,1
15760,2,home,656876,1,0,1
15760,2,home,656641,1,0,1
15760,2,home,686973,1,1,0
15760,2,away,695505,1,1,1
15760,2,away,666200,1,0,1
15760,2,away,661395,1,0,1
15760,2,away,695243,1,0,1
15760,2,away,628452,1,0,1
15760,2,away,808967,1,0,1
15760,3,home,547973,1,1,0
15760,3,home,641329,1,0,1
15760,3,home,671922,1,1,0
15760,3,home,656876,1,0,1
15760,3,home,656641,1,1,0
15760,3,home,686973,0,0,1
15760,3,away,695505,1,1,1
15760,3,away,666200,1,1,0
15760,3,away,661395,1,0,1
15760,3,away,695243,1,1,0
15760,3,away,628452,1,0,1
15760,3,away,808967,1,1,0
15760,4,home,547973,0,0,1
15760,4,home,641329,1,1,0
15760,4,home,671922,0,0,1
15760,4,home,656876,1,1,0
15760,4,home,656641,0,0,1
15760,4,home,686973,1,0,1
15760,4,away,695505,1,0,1
15760,4,away,666200,0,0,0
15760,4,away,661395,1,1,0
15760,4,away,695243,0,0,1
15760,4,away,628452,1,1,1
15760,4,away,808967,0,0,1
15761,1,home,547973,1,1,0
15761,1,home,641329,1,1,1
15761,1,home,671922,1,1,1
15761,1,home,656876,1,1,0
15761,1,home,656641,1,1,1
15761,1,home,686973,1,0,1
15761,1,away,695505,1,1,0
15761,1,away,666200,1,1,0
15761,1,away,661395,1,1,0
15761,1,away,695243,1,1,0
15761,1,away,628452,1,1,0
15761,1,away,808967,1,1,0
15761,2,home,547973,0,0,1
15761,2,home,641329,1,1,0
15761,2,home,671922,1,1,0
15761,2,home,656876,0,0,1
15761,2,home,656641,1,1,1
15761,2,home,686973,1,0,1
15761,2,away,695505,0,0,1
15761,2,away,666200,0,0,1
15761,2,away,661395,0,0,1
15761,2,away,695243,0,0,1
15761,2,away,628452,0,0,0
15761,2,away,808967,0,0,1
15761,3,home,547973,1,0,1
15761,3,home,641329,0,0,1
15761,3,home,671922,0,0,0
15761,3,home,656876,1,1,0
15761,3,home,656641,1,1,0
15761,3,home,686973,1,1,0
15761,3,away,695505,1,1,0
15761,3,away,666200,1,1,0
15761,3,away,661395,1,0,1
15761,3,away,695243,1,1,0
15761,3,away,628452,0,0,1
15761,3,away,808967,1,1,0
15761,4,home,547973,1,0,1
15761,4,home,641329,1,1,0
15761,4,home,671922,0,0,0
15761,4,home,656876,0,0,1
15761,4,home,656641,0,0,1
15761,4,home,686973,0,0,1
15761,4,away,695505,0,0,1
15761,4,away,666200,0,0,1
15761,4,away,661395,1,1,1
15761,4,away,695243,0,0,1
15761,4,away,628452,1,0,1
15761,4,away,808967,0,0,1
15762,1,home,547973,1,0,1
15762,1,home,641329,1,0,1
15762,1,home,671922,1,1,0
15762,1,home,656876,1,1,0
15762,1,home,656641,1,1,0
15762,1,home,686973,1,0,1
15762,1,away,695505,1,1,0
15762,1,away,666200,1,1,0
15762,1,away,661395,1,1,1
15762,1,away,695243,1,1,0
15762,1,away,628452,1,0,1
15762,1,away,808967,1,0,1
15762,2,home,547973,1,0,1
15762,2,home,641329,1,0,1
15762,2,home,671922,0,0,1
15762,2,home,656876,0,0,1
15762,2,home,656641,0,0,1
15762,2,home,686973,1,1,1
15762,2,away,695505,0,0,1
15762,2,away,666200,0,0,1
15762,2,away,661395,1,0,1
15762,2,away,695243,0,0,1
15762,2,away,628452,1,0,1
15762,2,away,808967,1,0,1
15762,3,home,547973,1,1,0
15762,3,home,641329,1,1,1
15762,3,home,671922,1,1,0
15762,3,home,656876,1,1,0
15762,3,home,656641,1,1,0
15762,3,home,686973,1,0,1
15762,3,away,695505,1,1,1
15762,3,away,666200,1,1,0
15762,3,away,661395,1,1,1
15762,3,away,695243,1,1,0
15762,3,away,628452,1,1,0
15762,3,away,808967,1,1,0
15762,4,home,547973,0,0,1
15762,4,home,641329,1,1,0
15762,4,home,671922,0,0,1
15762,4,home,656876,0,0,1
15762,4,home,656641,0,0,1
15762,4,home,686973,1,1,0
15762,4,away,695505,1,1,1
15762,4,away,666200,0,0,0
15762,4,away,661395,1,1,0
15762,4,away,695243,0,0,0
15762,4,away,628452,0,0,1
15762,4,away,808967,0,0,1
15763,1,home,547973,1,1,0
15763,1,home,641329,1,0,1
15763,1,home,671922,1,0,1
15763,1,home,656876,1,0,1
15763,1,home,656641,1,0,1
15763,1,home,686973,1,1,0
15763,1,away,695505,1,1,1
15763,1,away,666200,1,1,1
15763,1,away,661395,1,0,1
15763,1,away,695243,1,1,1
15763,1,away,628452,1,1,1
15763,1,away,808967,1,1,0
15763,2,home,547973,0,0,0
15763,2,home,641329,1,1,0
15763,2,home,671922,1,1,0
15763,2,home,656876,1,1,1
15763,2,home,656641,1,1,1
15763,2,home,686973,0,0,1
15763,2,away,695505,1,1,0
15763,2,away,666200,1,1,0
15763,2,away,661395,1,0,1
15763,2,away,695243,1,1,0
15763,2,away,628452,1,1,1
15763,2,away,808967,0,0,1
15763,3,home,547973,0,0,1
15763,3,home,641329,0,0,1
15763,3,home,671922,0,0,1
15763,3,home,656876,1,1,0
15763,3,home,656641,1,1,0
15763,3,home,686973,1,1,0
15763,3,away,695505,0,0,1
15763,3,away,666200,0,0,1
15763,3,away,661395,1,0,1
15763,3,away,695243,0,0,1
15763,3,away,628452,1,1,0
15763,3,away,808967,1,1,0
15763,4,home,547973,1,1,0
15763,4,home,641329,1,1,0
15763,4,home,671922,1,1,0
15763,4,home,656876,0,0,1
15763,4,home,656641,0,0,1
15763,4,home,686973,0,0,1
15763,4,away,695505,1,1,0
15763,4,away,666200,1,1,0
15763,4,away,661395,1,1,0
15763,4,away,695243,1,1,0
15763,4,away,628452,0,0,1
15763,4,away,808967,0,0,1
15764,1,home,547973,1,1,0
15764,1,home,641329,1,0,1
15764,1,home,671922,1,0,1
15764,1,home,656876,1,1,0
15764,1,home,656641,1,1,0
15764,1,home,686973,1,0,1
15764,1,away,695505,1,1,0
15764,1,away,666200,1,1,0
15764,1,away,661395,1,0,1
15764,1,away,695243,1,1,0
15764,1,away,628452,1,0,1
15764,1,away,808967,1,1,0
15764,2,home,547973,0,0,1
15764,2,home,641329,1,1,0
15764,2,home,671922,1,1,0
15764,2,home,656876,0,0,1
15764,2,home,656641,0,0,1
15764,2,home,686973,1,1,0
15764,2,away,695505,0,0,1
15764,2,away,666200,0,0,1
15764,2,away,661395,1,1,0
15764,2,away,695243,0,0,1
15764,2,away,628452,1,1,0
15764,2,away,808967,0,0,1
15764,3,home,547973,1,1,0
15764,3,home,641329,0,0,1
15764,3,home,671922,0,0,1
15764,3,home,656876,1,1,0
15764,3,home,656641,1,1,0
15764,3,home,686973,0,0,1
15764,3,away,695505,1,0,1
15764,3,away,666200,1,1,0
15764,3,away,661395,0,0,1
15764,3,away,695243,1,1,1
15764,3,away,628452,0,0,0
15764,3,away,808967,1,1,0
15764,4,home,547973,0,0,1
15764,4,home,641329,1,0,1
15764,4,home,671922,1,0,1
15764,4,home,656876,0,0,1
15764,4,home,656641,0,0,0
15764,4,home,686973,1,0,1
15764,4,away,695505,1,0,1
15764,4,away,666200,0,0,1
15764,4,away,661395,1,0,1
15764,4,away,695243,1,0,1
15764,4,away,628452,0,0,1
15764,4,away,808967,0,0,1
15765,1,home,547973,1,1,1
15765,1,home,641329,1,0,1
15765,1,home,671922,1,0,1
15765,1,home,656876,1,0,1
15765,1,home,656641,1,0,1
15765,1,home,686973,1,0,1
15765,1,away,695505,1,1,1
15765,1,away,666200,1,1,1
15765,1,away,661395,1,0,1
15765,1,away,695243,1,0,1
15765,1,away,628452,1,1,0
15765,1,away,808967,1,0,1
15765,2,home,547973,1,1,0
15765,2,home,641329,1,0,1
15765,2,home,671922,1,1,0
15765,2,home,656876,1,0,1
15765,2,home,656641,1,1,0
15765,2,home,686973,1,0,1
15765,2,away,695505,1,1,0
15765,2,away,666200,1,1,1
15765,2,away,661395,1,0,1
15765,2,away,695243,1,1,0
15765,2,away,628452,0,0,1
15765,2,away,808967,1,1,0
15765,3,home,547973,0,0,1
15765,3,home,641329,1,1,0
15765,3,home,671922,0,0,1
15765,3,home,656876,1,1,1
15765,3,home,656641,0,0,1
15765,3,home,686973,1,1,1
15765,3,away,695505,0,0,0
15765,3,away,666200,1,1,1
15765,3,away,661395,1,1,0
15765,3,away,695243,0,0,1
15765,3,away,628452,1,1,0
15765,3,away,808967,0,0,1
15765,4,home,547973,1,1,0
15765,4,home,641329,0,0,1
15765,4,home,671922,1,1,0
15765,4,home,656876,1,1,1
15765,4,home,656641,1,1,0
15765,4,home,686973,1,0,1
15765,4,away,695505,0,0,1
15765,4,away,666200,1,0,1
15765,4,away,661395,0,0,1
15765,4,away,695243,1,1,1
15765,4,away,628452,0,0,1
15765,4,away,808967,1,1,0
15766,1,home,547973,1,0,1
15766,1,home,641329,1,0,1
15766,1,home,671922,1,1,0
15766,1,home,656876,1,1,0
15766,1,home,656641,1,0,1
15766,1,home,686973,1,0,1
15766,1,away,695505,1,1,0
15766,1,away,666200,1,1,0
15766,1,away,661395,1,0,1
15766,1,away,695243,1,0,1
15766,1,away,628452,1,0,1
15766,1,away,808967,1,1,1
15766,2,home,547973,1,0,1
15766,2,home,641329,1,0,1
15766,2,home,671922,0,0,0
15766,2,home,656876,0,0,1
15766,2,home,656641,1,0,1
15766,2,home,686973,1,0,1
15766,2,away,695505,0,0,1
15766,2,away,666200,0,0,1
15766,2,away,661395,1,0,1
15766,2,away,695243,1,1,0
15766,2,away,628452,1,0,1
15766,2,away,808967,1,0,1
15766,3,home,547973,1,0,1
15766,3,home,641329,1,0,1
15766,3,home,671922,0,0,1
15766,3,home,656876,1,0,1
15766,3,home,656641,1,1,1
15766,3,home,686973,1,1,0
15766,3,away,695505,1,1,0
15766,3,away,666200,1,1,0
15766,3,away,661395,1,0,1
15766,3,away,695243,0,0,1
15766,3,away,628452,1,1,0
15766,3,away,808967,1,1,0
15766,4,home,547973,1,1,0
15766,4,home,641329,1,0,1
15766,4,home,671922,1,1,1
15766,4,home,656876,1,1,1
15766,4,home,656641,1,1,0
15766,4,home,686973,0,0,1
15766,4,away,695505,0,0,1
15766,4,away,666200,0,0,1
15766,4,away,661395,1,1,0
15766,4,away,695243,1,1,0
15766,4,away,628452,0,0,1
15766,4,away,808967,0,0,1
15767,1,home,547973,1,0,1
15767,1,home,641329,1,0,1
15767,1,home,671922,1,0,1
15767,1,home,656876,1,0,1
15767,1,home,656641,1,0,1
15767,1,home,686973,1,1,0
15767,1,away,695505,1,0,1
15767,1,away,666200,1,0,1
15767,1,away,661395,1,0,1
15767,1,away,695243,1,0,1
15767,1,away,628452,1,0,1
15767,1,away,808967,1,0,1
15767,2,home,547973,1,0,1
15767,2,home,641329,1,0,1
15767,2,home,671922,1,1,0
15767,2,home,656876,1,1,0
15767,2,home,656641,1,1,0
15767,2,home,686973,0,0,1
15767,2,away,695505,1,1,1
15767,2,away,666200,1,1,1
15767,2,away,661395,1,1,0
15767,2,away,695243,1,1,1
15767,2,away,628452,1,0,1
15767,2,away,808967,1,0,1
15767,3,home,547973,1,0,1
15767,3,home,641329,1,1,0
15767,3,home,671922,0,0,1
15767,3,home,656876,0,0,1
15767,3,home,656641,0,0,1
15767,3,home,686973,1,0,1
15767,3,away,695505,1,1,0
15767,3,away,666200,1,1,0
15767,3,away,661395,0,0,1
15767,3,away,695243,1,1,0
15767,3,away,628452,1,0,1
15767,3,away,808967,1,1,0
15767,4,home,547973,1,0,1
15767,4,home,641329,0,0,1
15767,4,home,671922,1,1,0
15767,4,home,656876,1,1,0
15767,4,home,656641,1,1,0
15767,4,home,686973,1,0,1
15767,4,away,695505,0,0,1
15767,4,away,666200,0,0,1
15767,4,away,661395,1,1,1
15767,4,away,695243,0,0,1
15767,4,away,628452,1,1,0
15767,4,away,808967,0,0,1
15768,1,home,547973,1,0,1
15768,1,home,641329,1,0,1
15768,1,home,671922,1,0,1
15768,1,home,656876,1,0,1
15768,1,home,656641,1,0,1
15768,1,home,686973,1,1,1
15768,1,away,695505,1,0,1
15768,1,away,666200,1,0,1
15768,1,away,661395,1,0,1
15768,1,away,695243,1,0,1
15768,1,away,628452,1,0,1
15768,1,away,808967,1,0,1
15768,2,home,547973,1,1,0
15768,2,home,641329,1,0,1
15768,2,home,671922,1,0,1
15768,2,home,656876,1,1,0
15768,2,home,656641,1,1,0
15768,2,home,686973,1,0,1
15768,2,away,695505,1,1,0
15768,2,away,666200,1,0,1
15768,2,away,661395,1,0,1
15768,2,away,695243,1,1,0
15768,2,away,628452,1,0,1
15768,2,away,808967,1,1,0
15768,3,home,547973,0,0,1
15768,3,home,641329,1,1,0
15768,3,home,671922,1,1,0
15768,3,home,656876,0,0,0
15768,3,home,656641,0,0,1
15768,3,home,686973,1,1,0
15768,3,away,695505,0,0,1
15768,3,away,666200,1,0,1
15768,3,away,661395,1,1,0
15768,3,away,695243,0,0,1
15768,3,away,628452,1,1,1
15768,3,away,808967,0,0,1
15768,4,home,547973,1,1,1
15768,4,home,641329,0,0,1
15768,4,home,671922,0,0,1
15768,4,home,656876,0,0,1
15768,4,home,656641,1,1,0
15768,4,home,686973,0,0,1
15768,4,away,695505,1,1,0
15768,4,away,666200,1,1,0
15768,4,away,661395,0,0,1
15768,4,away,695243,1,1,0
15768,4,away,628452,1,0,1
15768,4,away,808967,1,1,0
15769,1,home,547973,1,0,1
15769,1,home,641329,1,0,1
15769,1,home,671922,1,1,1
15769,1,home,656876,1,1,1
15769,1,home,656641,1,1,1
15769,1,home,686973,1,0,1
15769,1,away,695505,1,1,0
15769,1,away,666200,1,1,1
15769,1,away,661395,1,0,1
15769,1,away,695243,1,1,1
15769,1,away,628452,1,0,1
15769,1,away,808967,1,1,0
15769,2,home,547973,1,1,0
15769,2,home,641329,1,1,0
15769,2,home,671922,1,1,0
15769,2,home,656876,1,0,1
15769,2,home,656641,1,0,1
15769,2,home,686973,1,0,1
15769,2,away,695505,0,0,1
15769,2,away,666200,1,1,1
15769,2,away,661395,1,0,1
15769,2,away,695243,1,1,0
15769,2,away,628452,1,1,1
15769,2,away,808967,0,0,1
15769,3,home,547973,0,0,1
15769,3,home,641329,0,0,1
15769,3,home,671922,0,0,1
15769,3,home,656876,1,1,1
15769,3,home,656641,1,1,1
15769,3,home,686973,1,0,1
15769,3,away,695505,1,1,1
15769,3,away,666200,1,1,0
15769,3,away,661395,1,0,1
15769,3,away,695243,0,0,1
15769,3,away,628452,1,0,1
15769,3,away,808967,1,1,1
15769,4,home,547973,1,0,1
15769,4,home,641329,1,1,0
15769,4,home,671922,1,1,0
15769,4,home,656876,1,1,0
15769,4,home,656641,1,1,1
15769,4,home,686973,1,0,1
15769,4,away,695505,1,1,0
15769,4,away,666200,0,0,1
15769,4,away,661395,1,1,0
15769,4,away,695243,1,0,1
15769,4,away,628452,1,0,1
15769,4,away,808967,1,1,1
15770,1,home,547973,1,1,0
15770,1,home,641329,1,0,1
15770,1,home,671922,1,0,1
15770,1,home,656876,1,1,0
15770,1,home,656641,1,1,0
15770,1,home,686973,1,1,0
15770,1,away,695505,1,1,0
15770,1,away,666200,1,1,0
15770,1,away,661395,1,0,1
15770,1,away,695243,1,1,0
15770,1,away,628452,1,1,0
15770,1,away,808967,1,1,0
15770,2,home,547973,0,0,1
15770,2,home,641329,1,1,0
15770,2,home,671922,1,1,0
15770,2,home,656876,0,0,0
15770,2,home,656641,0,0,1
15770,2,home,686973,0,0,1
15770,2,away,695505,0,0,0
15770,2,away,666200,0,0,1
15770,2,away,661395,1,1,0
15770,2,away,695243,0,0,1
15770,2,away,628452,0,0,1
15770,2,away,808967,0,0,1
15770,3,home,547973,1,1,0
15770,3,home,641329,0,0,1
15770,3,home,671922,0,0,1
15770,3,home,656876,0,0,1
15770,3,home,656641,1,1,0
15770,3,home,686973,1,1,1
15770,3,away,695505,0,0,1
15770,3,away,666200,1,1,0
15770,3,away,661395,0,0,1
15770,3,away,695243,1,1,1
15770,3,away,628452,1,1,0
15770,3,away,808967,1,1,1
15770,4,home,547973,0,0,1
15770,4,home,641329,1,0,1
15770,4,home,671922,1,1,1
15770,4,home,656876,1,1,0
15770,4,home,656641,0,0,1
15770,4,home,686973,1,1,0
15770,4,away,695505,1,1,1
15770,4,away,666200,0,0,1
15770,4,away,661395,1,1,0
15770,4,away,695243,1,0,1
15770,4,away,628452,0,0,1
15770,4,away,808967,1,1,0
15771,1,home,547973,1,1,0
15771,1,home,641329,1,0,1
15771,1,home,671922,1,1,1
15771,1,home,656876,1,1,0
15771,1,home,656641,1,1,0
15771,1,home,686973,1,0,1
15771,1,away,695505,1,1,1
15771,1,away,666200,1,1,0
15771,1,away,661395,1,1,0
15771,1,away,695243,1,1,0
15771,1,away,628452,1,0,1
15771,1,away,808967,1,0,1
15771,2,home,547973,0,0,1
15771,2,home,641329,1,0,1
15771,2,home,671922,1,1,1
15771,2,home,656876,0,0,1
15771,2,home,656641,0,0,1
15771,2,home,686973,1,1,0
15771,2,away,695505,1,1,1
15771,2,away,666200,0,0,1
15771,2,away,661395,0,0,1
15771,2,away,695243,0,0,1
15771,2,away,628452,1,1,1
15771,2,away,808967,1,1,1
15771,3,home,547973,1,0,1
15771,3,home,641329,1,0,1
15771,3,home,671922,1,0,1
15771,3,home,656876,1,0,1
15771,3,home,656641,1,1,0
15771,3,home,686973,0,0,1
15771,3,away,695505,1,0,1
15771,3,away,666200,1,1,0
15771,3,away,661395,1,0,1
15771,3,away,695243,1,1,0
15771,3,away,628452,1,0,1
15771,3,away,808967,1,0,1
15771,4,home,547973,1,1,0
15771,4,home,641329,1,0,1
15771,4,home,671922,1,1,1
15771,4,home,656876,1,1,0
15771,4,home,656641,0,0,1
15771,4,home,686973,1,0,1
15771,4,away,695505,1,1,0
15771,4,away,666200,0,0,1
15771,4,away,661395,1,0,1
15771,4,away,695243,0,0,1
15771,4,away,628452,1,1,0
15771,4,away,808967,1,1,0
15772,1,home,547973,1,1,0
15772,1,home,641329,1,0,1
15772,1,home,671922,1,1,1
15772,1,home,656876,1,1,0
15772,1,home,656641,1,1,0
15772,1,home,686973,1,0,1
15772,1,away,695505,1,1,0
15772,1,away,666200,1,1,0
15772,1,away,661395,1,0,1
15772,1,away,695243,1,1,0
15772,1,away,628452,1,1,0
15772,1,away,808967,1,1,0
15772,2,home,547973,0,0,1
15772,2,home,641329,1,1,1
15772,2,home,671922,1,0,1
15772,2,home,656876,0,0,1
15772,2,home,656641,0,0,1
15772,2,home,686973,1,1,0
15772,2,away,695505,0,0,1
15772,2,away,666200,0,0,1
15772,2,away,661395,1,1,1
15772,2,away,695243,0,0,0
15772,2,away,628452,0,0,1
15772,2,away,808967,0,0,0
15772,3,home,547973,1,0,1
15772,3,home,641329,1,1,1
15772,3,home,671922,1,0,1
15772,3,home,656876,1,0,1
15772,3,home,656641,1,1,1
15772,3,home,686973,0,0,1
15772,3,away,695505,1,1,0
15772,3,away,666200,1,1,0
15772,3,away,661395,1,1,0
15772,3,away,695243,0,0,0
15772,3,away,628452,1,0,1
15772,3,away,808967,0,0,1
15772,4,home,547973,1,0,1
15772,4,home,641329,1,0,1
15772,4,home,671922,1,1,1
15772,4,home,656876,1,0,1
15772,4,home,656641,1,0,1
15772,4,home,686973,1,0,1
15772,4,away,695505,0,0,1
15772,4,away,666200,0,0,1
15772,4,away,661395,0,0,1
15772,4,away,695243,0,0,1
15772,4,away,628452,1,0,1
15772,4,away,808967,1,0,1
15773,1,home,547973,1,0,1
15773,1,home,641329,1,0,1
15773,1,home,671922,1,1,0
15773,1,home,656876,1,1,1
15773,1,home,656641,1,1,0
15773,1,home,686973,1,0,1
15773,1,away,695505,1,1,0
15773,1,away,666200,1,1,0
15773,1,away,661395,1,0,1
15773,1,away,695243,1,1,0
15773,1,away,628452,1,1,0
15773,1,away,808967,1,1,0
15773,2,home,547973,1,0,1
15773,2,home,641329,1,1,0
15773,2,home,671922,0,0,1
15773,2,home,656876,1,1,0
15773,2,home,656641,0,0,1
15773,2,home,686973,1,1,0
15773,2,away,695505,0,0,1
15773,2,away,666200,0,0,1
15773,2,away,661395,1,1,0
15773,2,away,695243,0,0,1
15773,2,away,628452,0,0,1
15773,2,away,808967,0,0,1
15773,3,home,547973,1,1,0
15773,3,home,641329,0,0,0
15773,3,home,671922,1,1,0
15773,3,home,656876,0,0,0
15773,3,home,656641,1,1,1
15773,3,home,686973,0,0,1
15773,3,away,695505,1,1,0
15773,3,away,666200,1,1,0
15773,3,away,661395,0,0,1
15773,3,away,695243,1,1,1
15773,3,away,628452,1,0,1
15773,3,away,808967,1,1,0
15773,4,home,547973,0,0,1
15773,4,home,641329,0,0,1
15773,4,home,671922,0,0,1
15773,4,home,656876,0,0,1
15773,4,home,656641,1,0,1
15773,4,home,686973,1,0,1
15773,4,away,695505,0,0,1
15773,4,away,666200,0,0,1
15773,4,away,661395,1,0,1
15773,4,away,695243,1,0,1
15773,4,away,628452,1,1,1
15773,4,away,808967,0,0,1
15774,1,home,547973,1,0,1
15774,1,home,641329,1,0,1
15774,1,home,671922,1,0,1
15774,1,home,656876,1,1,0
15774,1,home,656641,1,0,1
15774,1,home,686973,1,1,1
15774,1,away,695505,1,1,0
15774,1,away,666200,1,1,0
15774,1,away,661395,1,0,1
15774,1,away,695243,1,1,0
15774,1,away,628452,1,0,1
15774,1,away,808967,1,0,1
15774,2,home,547973,1,0,1
15774,2,home,641329,1,0,1
15774,2,home,671922,1,0,1
15774,2,home,656876,0,0,1
15774,2,home,656641,1,1,0
15774,2,home,686973,1,1,0
15774,2,away,695505,0,0,1
15774,2,away,666200,0,0,1
15774,2,away,661395,1,0,1
15774,2,away,695243,0,0,1
15774,2,away,628452,1,1,1
15774,2,away,808967,1,1,0
15774,3,home,547973,1,0,1
15774,3,home,641329,1,1,1
15774,3,home,671922,1,1,1
15774,3,home,656876,1,1,1
15774,3,home,656641,0,0,1
15774,3,home,686973,0,0,1
15774,3,away,695505,1,1,0
15774,3,away,666200,1,1,0
15774,3,away,661395,1,0,1
15774,3,away,695243,1,1,0
15774,3,away,628452,1,0,1
15774,3,away,808967,0,0,1
15774,4,home,547973,1,0,1
15774,4,home,641329,1,0,1
15774,4,home,671922,1,1,0
15774,4,home,656876,1,1,0
15774,4,home,656641,1,1,0
15774,4,home,686973,1,0,1
15774,4,away,695505,0,0,1
15774,4,away,666200,0,0,1
15774,4,away,661395,1,0,1
15774,4,away,695243,0,0,1
15774,4,away,628452,1,1,0
15774,4,away,808967,1,1,0
15775,1,home,547973,1,0,1
15775,1,home,641329,1,0,1
15775,1,home,671922,1,1,0
15775,1,home,656876,1,1,1
15775,1,home,656641,1,1,1
15775,1,home,686973,1,0,1
15775,1,away,695505,1,1,0
15775,1,away,666200,1,1,1
15775,1,away,661395,1,0,1
15775,1,away,695243,1,1,0
15775,1,away,628452,1,0,1
15775,1,away,808967,1,1,0
15775,2,home,547973,1,0,1
15775,2,home,641329,1,0,1
15775,2,home,671922,0,0,1
15775,2,home,656876,1,1,0
15775,2,home,656641,1,1,0
15775,2,home,686973,1,1,1
15775,2,away,695505,0,0,1
15775,2,away,666200,1,0,1
15775,2,away,661395,1,1,1
15775,2,away,695243,0,0,1
15775,2,away,628452,1,1,0
15775,2,away,808967,0,0,1
15775,3,home,547973,1,1,1
15775,3,home,641329,1,1,1
15775,3,home,671922,1,1,0
15775,3,home,656876,0,0,1
15775,3,home,656641,0,0,1
15775,3,home,686973,1,0,1
15775,3,away,695505,1,1,0
15775,3,away,666200,1,1,0
15775,3,away,661395,1,0,1
15775,3,away,695243,1,1,1
15775,3,away,628452,0,0,0
15775,3,away,808967,1,1,0
15775,4,home,547973,1,1,0
15775,4,home,641329,1,0,1
15775,4,home,671922,0,0,1
15775,4,home,656876,1,1,0
15775,4,home,656641,1,1,1
15775,4,home,686973,1,1,0
15775,4,away,695505,0,0,1
15775,4,away,666200,0,0,1
15775,4,away,661395,1,1,1
15775,4,away,695243,1,1,1
15775,4,away,628452,0,0,1
15775,4,away,808967,0,0,0
15776,1,home,547973,1,0,1
15776,1,home,641329,1,0,1
15776,1,home,671922,1,1,1
15776,1,home,656876,1,1,0
15776,1,home,656641,1,1,0
15776,1,home,686973,1,0,1
15776,1,away,695505,1,1,0
15776,1,away,666200,1,1,0
15776,1,away,661395,1,0,1
15776,1,away,695243,1,1,0
15776,1,away,628452,1,0,1
15776,1,away,808967,1,0,1
15776,2,home,547973,1,1,0
15776,2,home,641329,1,1,1
15776,2,home,671922,1,1,0
15776,2,home,656876,0,0,1
15776,2,home,656641,0,0,1
15776,2,home,686973,1,1,0
15776,2,away,695505,0,0,1
15776,2,away,666200,0,0,1
15776,2,away,661395,1,0,1
15776,2,away,695243,0,0,1
15776,2,away,628452,1,1,0
15776,2,away,808967,1,1,0
15776,3,home,547973,0,0,1
15776,3,home,641329,1,0,1
15776,3,home,671922,0,0,1
15776,3,home,656876,1,1,0
15776,3,home,656641,1,1,0
15776,3,home,686973,0,0,1
15776,3,away,695505,1,1,0
15776,3,away,666200,1,1,1
15776,3,away,661395,1,0,1
15776,3,away,695243,1,0,1
15776,3,away,628452,0,0,1
15776,3,away,808967,0,0,1
15776,4,home,547973,1,1,1
15776,4,home,641329,1,0,1
15776,4,home,671922,1,1,0
15776,4,home,656876,0,0,1
15776,4,home,656641,0,0,1
15776,4,home,686973,1,1,1
15776,4,away,695505,0,0,1
15776,4,away,666200,1,1,0
15776,4,away,661395,1,0,1
15776,4,away,695243,1,1,0
15776,4,away,628452,1,0,1
15776,4,away,808967,1,1,1
15777,1,home,547973,1,0,1
15777,1,home,641329,1,0,1
15777,1,home,671922,1,0,1
15777,1,home,656876,1,0,1
15777,1,home,656641,1,0,1
15777,1,home,686973,1,0,1
15777,1,away,695505,1,0,1
15777,1,away,666200,1,0,1
15777,1,away,661395,1,0,1
15777,1,away,695243,1,0,1
15777,1,away,628452,1,0,1
15777,1,away,808967,1,0,1
15777,2,home,547973,1,0,1
15777,2,home,641329,1,0,1
15777,2,home,671922,1,0,1
15777,2,home,656876,1,0,1
15777,2,home,656641,1,1,0
15777,2,home,686973,1,0,1
15777,2,away,695505,1,1,0
15777,2,away,666200,1,1,0
15777,2,away,661395,1,0,1
15777,2,away,695243,1,1,0
15777,2,away,628452,1,0,1
15777,2,away,808967,1,0,1
15777,3,home,547973,1,0,1
15777,3,home,641329,1,0,1
15777,3,home,671922,1,1,1
15777,3,home,656876,1,1,0
15777,3,home,656641,0,0,1
15777,3,home,686973,1,0,1
15777,3,away,695505,0,0,1
15777,3,away,666200,0,0,1
15777,3,away,661395,1,0,1
15777,3,away,695243,0,0,1
15777,3,away,628452,1,0,1
15777,3,away,808967,1,1,0
15777,4,home,547973,1,1,1
15777,4,home,641329,1,1,0
15777,4,home,671922,1,1,0
15777,4,home,656876,0,0,1
15777,4,home,656641,1,1,1
15777,4,home,686973,1,1,0
15777,4,away,695505,1,1,0
15777,4,away,666200,1,1,0
15777,4,away,661395,1,1,0
15777,4,away,695243,1,1,0
15777,4,away,628452,1,1,0
15777,4,away,808967,0,0,1
15778,1,home,547973,1,0,1
15778,1,home,641329,1,0,1
15778,1,home,671922,1,0,1
15778,1,home,656876,1,1,0
15778,1,home,656641,1,1,0
15778,1,home,686973,1,0,1
15778,1,away,695505,1,1,0
15778,1,away,666200,1,1,0
15778,1,away,661395,1,0,1
15778,1,away,695243,1,1,1
15778,1,away,628452,1,1,0
15778,1,away,808967,1,1,0
15778,2,home,547973,1,1,0
15778,2,home,641329,1,0,1
15778,2,home,671922,1,0,1
15778,2,home,656876,0,0,0
15778,2,home,656641,0,0,1
15778,2,home,686973,1,1,0
15778,2,away,695505,0,0,0
15778,2,away,666200,0,0,1
15778,2,away,661395,1,1,0
15778,2,away,695243,1,1,0
15778,2,away,628452,0,0,1
15778,2,away,808967,0,0,1
15778,3,home,547973,0,0,1
15778,3,home,641329,1,1,0
15778,3,home,671922,1,1,0
15778,3,home,656876,0,0,1
15778,3,home,656641,1,1,0
15778,3,home,686973,0,0,1
15778,3,away,695505,0,0,0
15778,3,away,666200,1,1,1
15778,3,away,661395,0,0,0
15778,3,away,695243,0,0,1
15778,3,away,628452,1,0,1
15778,3,away,808967,1,0,1
15778,4,home,547973,1,0,1
15778,4,home,641329,0,0,1
15778,4,home,671922,0,0,1
15778,4,home,656876,1,1,0
15778,4,home,656641,0,0,1
15778,4,home,686973,1,0,1
15778,4,away,695505,0,0,1
15778,4,away,666200,1,0,1
15778,4,away,661395,0,0,1
15778,4,away,695243,1,1,0
15778,4,away,628452,1,0,1
15778,4,away,808967,1,1,0
15779,1,home,547973,1,1,0
15779,1,home,641329,1,0,1
15779,1,home,671922,1,1,0
15779,1,home,656876,1,1,0
15779,1,home,656641,1,1,0
15779,1,home,686973,1,0,1
15779,1,away,695505,1,1,1
15779,1,away,666200,1,1,1
15779,1,away,661395,1,1,0
15779,1,away,695243,1,1,0
15779,1,away,628452,1,0,1
15779,1,away,808967,1,1,0
15779,2,home,547973,0,0,1
15779,2,home,641329,1,1,1
15779,2,home,671922,0,0,1
15779,2,home,656876,0,0,1
15779,2,home,656641,0,0,1
15779,2,home,686973,1,1,0
15779,2,away,695505,1,1,0
15779,2,away,666200,1,1,0
15779,2,away,661395,0,0,1
15779,2,away,695243,0,0,1
15779,2,away,628452,1,0,1
15779,2,away,808967,0,0,0
15779,3,home,547973,1,1,0
15779,3,home,641329,1,0,1
15779,3,home,671922,1,0,1
15779,3,home,656876,1,0,1
15779,3,home,656641,1,0,1
15779,3,home,686973,0,0,1
15779,3,away,695505,0,0,1
15779,3,away,666200,0,0,1
15779,3,away,661395,1,0,1
15779,3,away,695243,1,0,1
15779,3,away,628452,1,0,1
15779,3,away,808967,0,0,1
15779,4,home,547973,0,0,1
15779,4,home,641329,1,1,0
15779,4,home,671922,1,0,1
15779,4,home,656876,1,0,1
15779,4,home,656641,1,1,0
15779,4,home,686973,1,0,1
15779,4,away,695505,1,1,0
15779,4,away,666200,1,1,1
15779,4,away,661395,1,1,1
15779,4,away,695243,1,1,1
15779,4,away,628452,1,0,1
15779,4,away,808967,1,1,0
15780,1,home,547973,1,0,1
15780,1,home,641329,1,0,1
15780,1,home,671922,1,0,1
15780,1,home,656876,1,0,1
15780,1,home,656641,1,0,1
15780,1,home,686973,1,1,1
15780,1,away,695505,1,0,1
15780,1,away,666200,1,0,1
15780,1,away,661395,1,0,1
15780,1,away,695243,1,0,1
15780,1,away,628452,1,0,1
15780,1,away,808967,1,1,1
15780,2,home,547973,1,1,0
15780,2,home,641329,1,0,1
15780,2,home,671922,1,1,0
15780,2,home,656876,1,1,0
15780,2,home,656641,1,1,1
15780,2,home,686973,1,0,1
15780,2,away,695505,1,1,0
15780,2,away,666200,1,0,1
15780,2,away,661395,1,1,0
15780,2,away,695243,1,1,0
15780,2,away,628452,1,0,1
15780,2,away,808967,1,1,0
15780,3,home,547973,0,0,1
15780,3,home,641329,1,0,1
15780,3,home,671922,0,0,1
15780,3,home,656876,0,0,1
15780,3,home,656641,1,0,1
15780,3,home,686973,1,0,1
15780,3,away,695505,0,0,1
15780,3,away,666200,1,0,1
15780,3,away,661395,0,0,1
15780,3,away,695243,0,0,1
15780,3,away,628452,1,0,1
15780,3,away,808967,0,0,1
15780,4,home,547973,1,1,0
15780,4,home,641329,1,0,1
15780,4,home,671922,1,1,1
15780,4,home,656876,1,1,0
15780,4,home,656641,1,1,1
15780,4,home,686973,1,0,1
15780,4,away,695505,1,1,0
15780,4,away,666200,1,1,0
15780,4,away,661395,1,1,0
15780,4,away,695243,1,1,0
15780,4,away,628452,1,1,0
15780,4,away,808967,1,1,0
15781,1,home,547973,1,0,1
15781,1,home,641329,1,0,1
15781,1,home,671922,1,1,0
15781,1,home,656876,1,0,1
15781,1,home,656641,1,1,1
15781,1,home,686973,1,1,0
15781,1,away,695505,1,1,0
15781,1,away,666200,1,1,0
15781,1,away,661395,1,1,0
15781,1,away,695243,1,1,0
15781,1,away,628452,1,0,1
15781,1,away,808967,1,0,1
15781,2,home,547973,1,0,1
15781,2,home,641329,1,1,0
15781,2,home,671922,0,0,1
15781,2,home,656876,1,0,1
15781,2,home,656641,1,1,0
15781,2,home,686973,0,0,1
15781,2,away,695505,0,0,1
15781,2,away,666200,0,0,1
15781,2,away,661395,0,0,1
15781,2,away,695243,0,0,1
15781,2,away,628452,1,1,0
15781,2,away,808967,1,1,1
15781,3,home,547973,1,1,1
15781,3,home,641329,0,0,1
15781,3,home,671922,1,1,0
15781,3,home,656876,1,0,1
15781,3,home,656641,0,0,1
15781,3,home,686973,1,0,1
15781,3,away,695505,1,1,0
15781,3,away,666200,1,1,1
15781,3,away,661395,1,0,1
15781,3,away,695243,1,1,0
15781,3,away,628452,0,0,0
15781,3,away,808967,1,1,1
15781,4,home,547973,1,1,1
15781,4,home,641329,1,0,1
15781,4,home,671922,0,0,1
15781,4,home,656876,1,1,1
15781,4,home,656641,1,1,0
15781,4,home,686973,1,1,0
15781,4,away,695505,0,0,1
15781,4,away,666200,1,1,1
15781,4,away,661395,1,1,0
15781,4,away,695243,0,0,1
15781,4,away,628452,0,0,1
15781,4,away,808967,1,1,1
15782,1,home,547973,1,0,1
15782,1,home,641329,1,0,1
15782,1,home,671922,1,0,1
15782,1,home,656876,1,1,0
15782,1,home,656641,1,1,0
15782,1,home,686973,1,0,1
15782,1,away,695505,1,1,0
15782,1,away,666200,1,1,0
15782,1,away,661395,1,1,1
15782,1,away,695243,1,0,1
15782,1,away,628452,1,0,1
15782,1,away,808967,1,1,1
15782,2,home,547973,1,1,0
15782,2,home,641329,1,0,1
15782,2,home,671922,1,1,0
15782,2,home,656876,0,0,1
15782,2,home,656641,0,0,0
15782,2,home,686973,1,0,1
15782,2,away,695505,0,0,1
15782,2,away,666200,0,0,1
15782,2,away,661395,1,0,1
15782,2,away,695243,1,1,0
15782,2,away,628452,1,1,0
15782,2,away,808967,1,1,0
15782,3,home,547973,0,0,1
15782,3,home,641329,1,0,1
15782,3,home,671922,0,0,1
15782,3,home,656876,1,1,0
15782,3,home,656641,0,0,1
15782,3,home,686973,1,1,0
15782,3,away,695505,1,1,0
15782,3,away,666200,1,1,0
15782,3,away,661395,1,0,1
15782,3,away,695243,0,0,1
15782,3,away,628452,0,0,1
15782,3,away,808967,0,0,1
15782,4,home,547973,1,0,1
15782,4,home,641329,1,0,1
15782,4,home,671922,1,1,0
15782,4,home,656876,0,0,1
15782,4,home,656641,1,1,0
15782,4,home,686973,0,0,0
15782,4,away,695505,0,0,1
15782,4,away,666200,0,0,1
15782,4,away,661395,1,0,1
15782,4,away,695243,1,0,1
15782,4,away,628452,1,0,1
15782,4,away,808967,1,0,1
15783,1,home,547973,1,0,1
15783,1,home,641329,1,0,1
15783,1,home,671922,1,0,1
15783,1,home,656876,1,0,1
15783,1,home,656641,1,1,0
15783,1,home,686973,1,1,1
15783,1,away,695505,1,1,0
15783,1,away,666200,1,1,0
15783,1,away,661395,1,0,1
15783,1,away,695243,1,1,1
15783,1,away,628452,1,0,1
15783,1,away,808967,1,1,1
15783,2,home,547973,1,0,1
15783,2,home,641329,1,1,0
15783,2,home,671922,1,0,1
15783,2,home,656876,1,0,1
15783,2,home,656641,0,0,1
15783,2,home,686973,1,1,1
15783,2,away,695505,0,0,0
15783,2,away,666200,0,0,0
15783,2,away,661395,1,0,1
15783,2,away,695243,1,1,0
15783,2,away,628452,1,1,1
15783,2,away,808967,1,0,1
15783,3,home,547973,1,0,1
15783,3,home,641329,0,0,1
15783,3,home,671922,1,0,1
15783,3,home,656876,1,1,1
15783,3,home,656641,1,1,0
15783,3,home,686973,1,0,1
15783,3,away,695505,0,0,1
15783,3,away,666200,0,0,1
15783,3,away,661395,1,1,0
15783,3,away,695243,0,0,1
15783,3,away,628452,1,1,1
15783,3,away,808967,1,1,0
15783,4,home,547973,1,1,1
15783,4,home,641329,1,0,1
15783,4,home,671922,1,1,0
15783,4,home,656876,1,1,0
15783,4,home,656641,0,0,1
15783,4,home,686973,1,0,1
15783,4,away,695505,1,0,1
15783,4,away,666200,1,1,0
15783,4,away,661395,0,0,1
15783,4,away,695243,1,1,0
15783,4,away,628452,1,0,1
15783,4,away,808967,0,0,1
15784,1,home,547973,1,0,1
15784,1,home,641329,1,0,1
15784,1,home,671922,1,1,1
15784,1,home,656876,1,1,1
15784,1,home,656641,1,0,1
15784,1,home,686973,1,0,1
15784,1,away,695505,1,1,1
15784,1,away,666200,1,1,0
15784,1,away,661395,1,0,1
15784,1,away,695243,1,1,1
15784,1,away,628452,1,0,1
15784,1,away,808967,1,0,1
15784,2,home,547973,1,0,1
15784,2,home,641329,1,1,0
15784,2,home,671922,1,0,1
15784,2,home,656876,1,0,1
15784,2,home,656641,1,1,0
15784,2,home,686973,1,0,1
15784,2,away,695505,1,0,1
15784,2,away,666200,0,0,1
15784,2,away,661395,1,1,0
15784,2,away,695243,1,1,0
15784,2,away,628452,1,0,1
15784,2,away,808967,1,1,0
15784,3,home,547973,1,1,0
15784,3,home,641329,0,0,1
15784,3,home,671922,1,1,0
15784,3,home,656876,1,1,1
15784,3,home,656641,0,0,1
15784,3,home,686973,1,1,0
15784,3,away,695505,1,1,0
15784,3,away,666200,1,1,1
15784,3,away,661395,0,0,1
15784,3,away,695243,0,0,1
15784,3,away,628452,1,1,0
15784,3,away,808967,0,0,1
15784,4,home,547973,0,0,1
15784,4,home,641329,1,1,0
15784,4,home,671922,0,0,1
15784,4,home,656876,1,1,0
15784,4,home,656641,1,0,1
15784,4,home,686973,0,0,1
15784,4,away,695505,0,0,1
15784,4,away,666200,1,1,0
15784,4,away,661395,1,0,1
15784,4,away,695243,1,1,0
15784,4,away,628452,0,0,0
15784,4,away,808967,1,1,0
15785,1,home,547973,1,0,1
15785,1,home,641329,1,0,1
15785,1,home,671922,1,0,1
15785,1,home,656876,1,1,1
15785,1,home,656641,1,1,0
15785,1,home,686973,1,0,1
15785,1,away,695505,1,1,0
15785,1,away,666200,1,1,0
15785,1,away,661395,1,1,0
15785,1,away,695243,1,1,0
15785,1,away,628452,1,0,1
15785,1,away,808967,1,0,1
15785,2,home,547973,1,1,0
15785,2,home,641329,1,1,0
15785,2,home,671922,1,0,1
15785,2,home,656876,1,0,1
15785,2,home,656641,0,0,1
15785,2,home,686973,1,1,0
15785,2,away,695505,0,0,1
15785,2,away,666200,0,0,0
15785,2,away,661395,0,0,1
15785,2,away,695243,0,0,1
15785,2,away,628452,1,1,0
15785,2,away,808967,1,1,0
15785,3,home,547973,0,0,1
15785,3,home,641329,0,0,1
15785,3,home,671922,1,1,0
15785,3,home,656876,1,1,0
15785,3,home,656641,1,1,1
15785,3,home,686973,0,0,1
15785,3,away,695505,1,1,1
15785,3,away,666200,0,0,1
15785,3,away,661395,1,1,1
15785,3,away,695243,1,1,0
15785,3,away,628452,0,0,1
15785,3,away,808967,0,0,1
15785,4,home,547973,1,1,0
15785,4,home,641329,1,1,0
15785,4,home,671922,0,0,0
15785,4,home,656876,0,0,1
15785,4,home,656641,1,1,0
15785,4,home,686973,1,1,1
15785,4,away,695505,1,1,0
15785,4,away,666200,1,1,0
15785,4,away,661395,1,1,1
15785,4,away,695243,0,0,0
15785,4,away,628452,1,1,0
15785,4,away,808967,1,1,0
15786,1,home,547973,1,1,0
15786,1,home,641329,1,1,0
15786,1,home,671922,1,0,1
15786,1,home,656876,1,0,1
15786,1,home,656641,1,0,1
15786,1,home,686973,1,1,1
15786,1,away,695505,1,1,0
15786,1,away,666200,1,1,1
15786,1,away,661395,1,0,1
15786,1,away,695243,1,1,1
15786,1,away,628452,1,0,1
15786,1,away,808967,1,1,0
15786,2,home,547973,0,0,1
15786,2,home,641329,0,0,1
15786,2,home,671922,1,1,0
15786,2,home,656876,1,1,0
15786,2,home,656641,1,1,0
15786,2,home,686973,1,1,1
15786,2,away,695505,0,0,1
15786,2,away,666200,1,1,0
15786,2,away,661395,1,1,0
15786,2,away,695243,1,1,0
15786,2,away,628452,1,1,0
15786,2,away,808967,0,0,1
15786,3,home,547973,1,1,0
15786,3,home,641329,1,1,0
15786,3,home,671922,0,0,1
15786,3,home,656876,0,0,0
15786,3,home,656641,0,0,1
15786,3,home,686973,1,1,0
15786,3,away,695505,1,1,0
15786,3,away,666200,0,0,1
15786,3,away,661395,0,0,0
15786,3,away,695243,0,0,1
15786,3,away,628452,0,0,1
15786,3,away,808967,1,1,1
15786,4,home,547973,0,0,1
15786,4,home,641329,0,0,1
15786,4,home,671922,1,0,1
15786,4,home,656876,0,0,1
15786,4,home,656641,1,1,0
15786,4,home,686973,0,0,1
15786,4,away,695505,0,0,1
15786,4,away,666200,1,0,1
15786,4,away,661395,0,0,1
15786,4,away,695243,1,0,1
15786,4,away,628452,1,0,1
15786,4,away,808967,1,0,1
15787,1,home,547973,1,0,1
15787,1,home,641329,1,1,0
15787,1,home,671922,1,1,0
15787,1,home,656876,1,1,0
15787,1,home,656641,1,1,0
15787,1,home,686973,1,0,1
15787,1,away,695505,1,1,1
15787,1,away,666200,1,1,0
15787,1,away,661395,1,0,1
15787,1,away,695243,1,1,1
15787,1,away,628452,1,0,1
15787,1,away,808967,1,1,1
15787,2,home,547973,1,1,1
15787,2,home,641329,0,0,1
15787,2,home,671922,0,0,1
15787,2,home,656876,0,0,1
15787,2,home,656641,0,0,1
15787,2,home,686973,1,1,0
15787,2,away,695505,1,1,1
15787,2,away,666200,0,0,1
15787,2,away,661395,1,0,1
15787,2,away,695243,1,1,1
15787,2,away,628452,1,0,1
15787,2,away,808967,1,1,1
15787,3,home,547973,1,1,1
15787,3,home,641329,1,0,1
15787,3,home,671922,1,0,1
15787,3,home,656876,1,1,0
15787,3,home,656641,1,1,1
15787,3,home,686973,0,0,1
15787,3,away,695505,1,0,1
15787,3,away,666200,1,1,0
15787,3,away,661395,1,1,0
15787,3,away,695243,1,1,0
15787,3,away,628452,1,1,0
15787,3,away,808967,1,1,0
15787,4,home,547973,1,0,1
15787,4,home,641329,1,0,1
15787,4,home,671922,1,1,0
15787,4,home,656876,0,0,1
15787,4,home,656641,1,1,0
15787,4,home,686973,1,1,0
15787,4,away,695505,1,1,0
15787,4,away,666200,0,0,1
15787,4,away,661395,0,0,0
15787,4,away,695243,0,0,1
15787,4,away,628452,0,0,1
15787,4,away,808967,0,0,1
15788,1,home,547973,1,0,1
15788,1,home,641329,1,1,0
15788,1,home,671922,1,0,1
15788,1,home,656876,1,1,1
15788,1,home,656641,1,0,1
15788,1,home,686973,1,1,0
15788,1,away,695505,1,1,0
15788,1,away,666200,1,1,0
15788,1,away,661395,1,0,1
15788,1,away,695243,1,1,0
15788,1,away,628452,1,0,1
15788,1,away,808967,1,1,0
15788,2,home,547973,1,0,1
15788,2,home,641329,0,0,1
15788,2,home,671922,1,0,1
15788,2,home,656876,1,1,0
15788,2,home,656641,1,1,1
15788,2,home,686973,0,0,1
15788,2,away,695505,0,0,1
15788,2,away,666200,0,0,1
15788,2,away,661395,1,1,0
15788,2,away,695243,0,0,0
15788,2,away,628452,1,1,0
15788,2,away,808967,0,0,1
15788,3,home,547973,1,1,0
15788,3,home,641329,1,0,1
15788,3,home,671922,1,1,0
15788,3,home,656876,0,0,1
15788,3,home,656641,1,1,0
15788,3,home,686973,1,0,1
15788,3,away,695505,1,1,1
15788,3,away,666200,1,0,1
15788,3,away,661395,0,0,1
15788,3,away,695243,0,0,1
15788,3,away,628452,0,0,1
15788,3,away,808967,1,1,0
15788,4,home,547973,0,0,1
15788,4,home,641329,1,1,0
15788,4,home,671922,0,0,1
15788,4,home,656876,1,1,1
15788,4,home,656641,0,0,1
15788,4,home,686973,1,1,0
15788,4,away,695505,1,1,0
15788,4,away,666200,1,1,1
15788,4,away,661395,1,1,0
15788,4,away,695243,1,1,1
15788,4,away,628452,1,1,0
15788,4,away,808967,0,0,1
15789,1,home,547973,1,1,0
15789,1,home,641329,1,0,1
15789,1,home,671922,1,0,1
15789,1,home,656876,1,0,1
15789,1,home,656641,1,0,1
15789,1,home,686973,1,1,0
15789,1,away,695505,1,1,1
15789,1,away,666200,1,1,0
15789,1,away,661395,1,0,1
15789,1,away,695243,1,1,0
15789,1,away,628452,1,1,1
15789,1,away,808967,1,1,0
15789,2,home,547973,0,0,1
15789,2,home,641329,1,0,1
15789,2,home,671922,1,0,1
15789,2,home,656876,1,0,1
15789,2,home,656641,1,1,0
15789,2,home,686973,0,0,1
15789,2,away,695505,1,1,0
15789,2,away,666200,0,0,1
15789,2,away,661395,1,0,1
15789,2,away,695243,0,0,1
15789,2,away,628452,1,1,0
15789,2,away,808967,0,0,1
15789,3,home,547973,1,1,0
15789,3,home,641329,1,0,1
15789,3,home,671922,1,1,1
15789,3,home,656876,1,1,0
15789,3,home,656641,0,0,1
15789,3,home,686973,1,0,1
15789,3,away,695505,0,0,1
15789,3,away,666200,1,1,0
15789,3,away,661395,1,0,1
15789,3,away,695243,1,1,0
15789,3,away,628452,0,0,1
15789,3,away,808967,1,1,0
15789,4,home,547973,0,0,1
15789,4,home,641329,1,0,1
15789,4,home,671922,1,0,1
15789,4,home,656876,0,0,1
15789,4,home,656641,1,0,1
15789,4,home,686973,1,0,1
15789,4,away,695505,1,0,1
15789,4,away,666200,0,0,1
15789,4,away,661395,1,0,1
15789,4,away,695243,0,0,1
15789,4,away,628452,1,0,1
15789,4,away,808967,0,0,1
15790,1,home,547973,1,1,0
15790,1,home,641329,1,0,1
15790,1,home,671922,1,1,1
15790,1,home,656876,1,1,0
15790,1,home,656641,1,1,0
15790,1,home,686973,1,0,1
15790,1,away,695505,1,1,0
15790,1,away,666200,1,1,0
15790,1,away,661395,1,1,0
15790,1,away,695243,1,1,0
15790,1,away,628452,1,0,1
15790,1,away,808967,1,1,0
15790,2,home,547973,0,0,1
15790,2,home,641329,1,0,1
15790,2,home,671922,1,0,1
15790,2,home,656876,0,0,1
15790,2,home,656641,0,0,0
15790,2,home,686973,1,0,1
15790,2,away,695505,0,0,1
15790,2,away,666200,0,0,1
15790,2,away,661395,0,0,1
15790,2,away,695243,0,0,1
15790,2,away,628452,1,0,1
15790,2,away,808967,0,0,1
15790,3,home,547973,1,1,0
15790,3,home,641329,1,0,1
15790,3,home,671922,1,1,0
15790,3,home,656876,1,1,1
15790,3,home,656641,0,0,1
15790,3,home,686973,1,0,1
15790,3,away,695505,1,1,0
15790,3,away,666200,1,1,1
15790,3,away,661395,1,1,0
15790,3,away,695243,1,1,0
15790,3,away,628452,1,0,1
15790,3,away,808967,1,1,0
15790,4,home,547973,0,0,1
15790,4,home,641329,1,0,1
15790,4,home,671922,0,0,1
15790,4,home,656876,1,1,0
15790,4,home,656641,1,1,0
15790,4,home,686973,1,0,1
15790,4,away,695505,0,0,1
15790,4,away,666200,1,1,0
15790,4,away,661395,0,0,0
15790,4,away,695243,0,0,1
15790,4,away,628452,1,1,1
15790,4,away,808967,0,0,1
15791,1,home,547973,1,0,1
15791,1,home,641329,1,0,1
15791,1,home,671922,1,0,1
15791,1,home,656876,1,1,1
15791,1,home,656641,1,1,1
15791,1,home,686973,1,0,1
15791,1,away,695505,1,1,1
15791,1,away,666200,1,1,0
15791,1,away,661395,1,0,1
15791,1,away,695243,1,1,1
15791,1,away,628452,1,0,1
15791,1,away,808967,1,1,0
15791,2,home,547973,1,0,1
15791,2,home,641329,1,0,1
15791,2,home,671922,1,0,1
15791,2,home,656876,1,1,0
15791,2,home,656641,1,0,1
15791,2,home,686973,1,0,1
15791,2,away,695505,1,1,0
15791,2,away,666200,0,0,1
15791,2,away,661395,1,1,0
15791,2,away,695243,1,1,0
15791,2,away,628452,1,1,0
15791,2,away,808967,0,0,1
15791,3,home,547973,1,0,1
15791,3,home,641329,1,0,1
15791,3,home,671922,1,1,0
15791,3,home,656876,0,0,1
15791,3,home,656641,1,1,1
15791,3,home,686973,1,0,1
15791,3,away,695505,0,0,1
15791,3,away,666200,1,1,1
15791,3,away,661395,0,0,1
15791,3,away,695243,0,0,1
15791,3,away,628452,0,0,1
15791,3,away,808967,1,1,0
15791,4,home,547973,1,1,0
15791,4,home,641329,1,1,1
15791,4,home,671922,0,0,1
15791,4,home,656876,1,1,0
15791,4,home,656641,1,1,1
15791,4,home,686973,1,0,1
15791,4,away,695505,1,1,0
15791,4,away,666200,1,1,0
15791,4,away,661395,1,1,1
15791,4,away,695243,1,1,0
15791,4,away,628452,1,0,1
15791,4,away,808967,0,0,1
15792,1,home,547973,1,0,1
15792,1,home,641329,1,0,1
15792,1,home,671922,1,0,1
15792,1,home,656876,1,1,0
15792,1,home,656641,1,1,1
15792,1,home,686973,1,0,1
15792,1,away,695505,1,1,0
15792,1,away,666200,1,1,1
15792,1,away,661395,1,0,1
15792,1,away,695243,1,1,0
15792,1,away,628452,1,0,1
15792,1,away,808967,1,1,1
15792,2,home,547973,1,0,1
15792,2,home,641329,1,1,1
15792,2,home,671922,1,1,0
15792,2,home,656876,0,0,1
15792,2,home,656641,1,0,1
15792,2,home,686973,1,1,0
15792,2,away,695505,0,0,1
15792,2,away,666200,1,1,0
15792,2,away,661395,1,1,0
15792,2,away,695243,0,0,1
15792,2,away,628452,1,1,0
15792,2,away,808967,1,1,0
15792,3,home,547973,1,0,1
15792,3,home,641329,1,0,1
15792,3,home,671922,0,0,1
15792,3,home,656876,1,0,1
15792,3,home,656641,1,1,1
15792,3,home,686973,0,0,1
15792,3,away,695505,1,1,1
15792,3,away,666200,0,0,1
15792,3,away,661395,0,0,1
15792,3,away,695243,1,1,0
15792,3,away,628452,0,0,1
15792,3,away,808967,0,0,1
15792,4,home,547973,1,0,1
15792,4,home,641329,1,0,1
15792,4,home,671922,1,1,0
15792,4,home,656876,1,1,0
15792,4,home,656641,1,1,0
15792,4,home,686973,1,0,1
15792,4,away,695505,1,1,0
15792,4,away,666200,1,1,0
15792,4,away,661395,1,1,0
15792,4,away,695243,0,0,1
15792,4,away,628452,1,0,1
15792,4,away,808967,1,1,1
15793,1,home,547973,1,1,0
15793,1,home,641329,1,0,1
15793,1,home,671922,1,1,1
15793,1,home,656876,1,1,0
15793,1,home,656641,1,0,1
15793,1,home,686973,1,0,1
15793,1,away,695505,1,1,1
15793,1,away,666200,1,1,0
15793,1,away,661395,1,0,1
15793,1,away,695243,1,1,0
15793,1,away,628452,1,0,1
15793,1,away,808967,1,1,1
15793,2,home,547973,0,0,1
15793,2,home,641329,1,0,1
15793,2,home,671922,1,1,0
15793,2,home,656876,0,0,0
15793,2,home,656641,1,1,0
15793,2,home,686973,1,0,1
15793,2,away,695505,1,1,1
15793,2,away,666200,0,0,1
15793,2,away,661395,1,0,1
15793,2,away,695243,0,0,0
15793,2,away,628452,1,0,1
15793,2,away,808967,1,1,0
15793,3,home,547973,1,1,0
15793,3,home,641329,1,0,1
15793,3,home,671922,0,0,1
15793,3,home,656876,0,0,1
15793,3,home,656641,0,0,1
15793,3,home,686973,1,1,1
15793,3,away,695505,1,1,1
15793,3,away,666200,1,1,1
15793,3,away,661395,1,0,1
15793,3,away,695243,0,0,1
15793,3,away,628452,1,0,1
15793,3,away,808967,0,0,1
15793,4,home,547973,0,0,1
15793,4,home,641329,1,0,1
15793,4,home,671922,1,1,0
15793,4,home,656876,1,1,0
15793,4,home,656641,1,1,0
15793,4,home,686973,1,0,1
15793,4,away,695505,1,1,1
15793,4,away,666200,1,1,0
15793,4,away,661395,1,0,1
15793,4,away,695243,1,1,1
15793,4,away,628452,1,0,1
15793,4,away,808967,1,1,0
15794,1,home,547973,1,0,1
15794,1,home,641329,1,0,1
15794,1,home,671922,1,1,0
15794,1,home,656876,1,0,1
15794,1,home,656641,1,1,0
15794,1,home,686973,1,0,1
15794,1,away,695505,1,1,1
15794,1,away,666200,1,1,0
15794,1,away,661395,1,0,1
15794,1,away,695243,1,1,1
15794,1,away,628452,1,0,1
15794,1,away,808967,1,1,1
15794,2,home,547973,1,1,0
15794,2,home,641329,1,0,1
15794,2,home,671922,0,0,1
15794,2,home,656876,1,1,1
15794,2,home,656641,0,0,1
15794,2,home,686973,1,1,0
15794,2,away,695505,1,1,1
15794,2,away,666200,0,0,1
15794,2,away,661395,1,1,0
15794,2,away,695243,1,1,0
15794,2,away,628452,1,0,1
15794,2,away,808967,1,1,0
15794,3,home,547973,0,0,1
15794,3,home,641329,1,0,1
15794,3,home,671922,1,1,0
15794,3,home,656876,1,1,0
15794,3,home,656641,1,1,1
15794,3,home,686973,0,0,1
15794,3,away,695505,1,1,0
15794,3,away,666200,1,1,0
15794,3,away,661395,0,0,1
15794,3,away,695243,0,0,0
15794,3,away,628452,1,1,0
15794,3,away,808967,0,0,1
15794,4,home,547973,1,1,0
15794,4,home,641329,1,1,1
15794,4,home,671922,0,0,1
15794,4,home,656876,0,0,1
15794,4,home,656641,1,1,1
15794,4,home,686973,1,1,1
15794,4,away,695505,0,0,1
15794,4,away,666200,0,0,1
15794,4,away,661395,1,1,1
15794,4,away,695243,0,0,1
15794,4,away,628452,0,0,1
15794,4,away,808967,1,1,1
15795,1,home,547973,1,0,1
15795,1,home,641329,1,0,1
15795,1,home,671922,1,0,1
15795,1,home,656876,1,1,0
15795,1,home,656641,1,0,1
15795,1,home,686973,1,1,0
15795,1,away,695505,1,1,1
15795,1,away,666200,1,1,0
15795,1,away,661395,1,0,1
15795,1,away,695243,1,1,0
15795,1,away,628452,1,0,1
15795,1,away,808967,1,1,0
15795,2,home,547973,1,0,1
15795,2,home,641329,1,0,1
15795,2,home,671922,1,0,1
15795,2,home,656876,0,0,0
15795,2,home,656641,1,1,0
15795,2,home,686973,0,0,1
15795,2,away,695505,1,1,0
15795,2,away,666200,0,0,1
15795,2,away,661395,1,1,0
15795,2,away,695243,0,0,1
15795,2,away,628452,1,1,0
15795,2,away,808967,0,0,1
15795,3,home,547973,1,1,0
15795,3,home,641329,1,0,1
15795,3,home,671922,1,0,1
15795,3,home,656876,0,0,1
15795,3,home,656641,0,0,1
15795,3,home,686973,1,1,1
15795,3,away,695505,0,0,1
15795,3,away,666200,1,1,0
15795,3,away,661395,0,0,1
15795,3,away,695243,1,1,1
15795,3,away,628452,0,0,0
15795,3,away,808967,1,1,1
15795,4,home,547973,0,0,1
15795,4,home,641329,1,0,1
15795,4,home,671922,1,1,0
15795,4,home,656876,1,1,0
15795,4,home,656641,1,1,0
15795,4,home,686973,1,1,0
15795,4,away,695505,1,0,1
15795,4,away,666200,0,0,0
15795,4,away,661395,1,1,1
15795,4,away,695243,1,1,0
15795,4,away,628452,0,0,1
15795,4,away,808967,1,1,0
15796,1,home,547973,1,0,1
15796,1,home,641329,1,0,1
15796,1,home,671922,1,1,0
15796,1,home,656876,1,1,0
15796,1,home,656641,1,1,1
15796,1,home,686973,1,0,1
15796,1,away,695505,1,1,0
15796,1,away,666200,1,1,1
15796,1,away,661395,1,0,1
15796,1,away,695243,1,1,0
15796,1,away,628452,1,0,1
15796,1,away,808967,1,1,0
15796,2,home,547973,1,0,1
15796,2,home,641329,1,0,1
15796,2,home,671922,0,0,1
15796,2,home,656876,0,0,1
15796,2,home,656641,1,0,1
15796,2,home,686973,1,0,1
15796,2,away,695505,0,0,1
15796,2,away,666200,1,1,0
15796,2,away,661395,1,1,0
15796,2,away,695243,0,0,1
15796,2,away,628452,1,1,1
15796,2,away,808967,0,0,1
15796,3,home,547973,1,0,1
15796,3,home,641329,1,0,1
15796,3,home,671922,1,0,1
15796,3,home,656876,1,1,1
15796,3,home,656641,1,1,0
15796,3,home,686973,1,1,0
15796,3,away,695505,1,1,0
15796,3,away,666200,0,0,1
15796,3,away,661395,0,0,1
15796,3,away,695243,1,0,1
15796,3,away,628452,1,0,1
15796,3,away,808967,1,1,0
15796,4,home,547973,1,1,0
15796,4,home,641329,1,0,1
15796,4,home,671922,1,1,1
15796,4,home,656876,1,1,0
15796,4,home,656641,0,0,1
15796,4,home,686973,0,0,0
15796,4,away,695505,0,0,1
15796,4,away,666200,1,1,1
15796,4,away,661395,1,1,0
15796,4,away,695243,1,0,1
15796,4,away,628452,1,1,1
15796,4,away,808967,0,0,1
15797,1,home,547973,1,0,1
15797,1,home,641329,1,0,1
15797,1,home,671922,1,0,1
15797,1,home,656876,1,1,0
15797,1,home,656641,1,0,1
15797,1,home,686973,1,1,0
15797,1,away,695505,1,1,1
15797,1,away,666200,1,1,1
15797,1,away,661395,1,1,1
15797,1,away,695243,1,1,1
15797,1,away,628452,1,1,0
15797,1,away,808967,1,1,0
15797,2,home,547973,1,0,1
15797,2,home,641329,1,1,0
15797,2,home,671922,1,0,1
15797,2,home,656876,0,0,1
15797,2,home,656641,1,1,0
15797,2,home,686973,0,0,1
15797,2,away,695505,1,0,1
15797,2,away,666200,1,1,0
15797,2,away,661395,1,1,0
15797,2,away,695243,1,1,0
15797,2,away,628452,0,0,1
15797,2,away,808967,0,0,1
15797,3,home,547973,1,1,0
15797,3,home,641329,0,0,1
15797,3,home,671922,1,1,0
15797,3,home,656876,1,0,1
15797,3,home,656641,0,0,1
15797,3,home,686973,1,0,1
15797,3,away,695505,1,1,0
15797,3,away,666200,0,0,1
15797,3,away,661395,0,0,1
15797,3,away,695243,0,0,1
15797,3,away,628452,1,1,0
15797,3,away,808967,1,1,0
15797,4,home,547973,0,0,1
15797,4,home,641329,1,0,1
15797,4,home,671922,0,0,1
15797,4,home,656876,1,1,0
15797,4,home,656641,1,0,1
15797,4,home,686973,1,1,0
15797,4,away,695505,0,0,0
15797,4,away,666200,1,1,0
15797,4,away,661395,1,1,0
15797,4,away,695243,1,0,1
15797,4,away,628452,0,0,1
15797,4,away,808967,0,0,1
15798,1,home,547973,1,1,0
15798,1,home,641329,1,0,1
15798,1,home,671922,1,1,0
15798,1,home,656876,1,1,0
15798,1,home,656641,1,1,0
15798,1,home,686973,1,0,1
15798,1,away,695505,1,1,0
15798,1,away,666200,1,1,0
15798,1,away,661395,1,0,1
15798,1,away,695243,1,1,0
15798,1,away,628452,1,1,0
15798,1,away,808967,1,1,1
15798,2,home,547973,0,0,1
15798,2,home,641329,1,1,0
15798,2,home,671922,0,0,1
15798,2,home,656876,0,0,1
15798,2,home,656641,0,0,1
15798,2,home,686973,1,1,1
15798,2,away,695505,0,0,0
15798,2,away,666200,0,0,1
15798,2,away,661395,1,1,0
15798,2,away,695243,0,0,1
15798,2,away,628452,0,0,1
15798,2,away,808967,1,1,1
15798,3,home,547973,1,0,1
15798,3,home,641329,0,0,1
15798,3,home,671922,1,1,1
15798,3,home,656876,1,1,0
15798,3,home,656641,1,1,0
15798,3,home,686973,1,1,1
15798,3,away,695505,0,0,1
15798,3,away,666200,1,1,0
15798,3,away,661395,0,0,1
15798,3,away,695243,1,0,1
15798,3,away,628452,1,1,1
15798,3,away,808967,1,1,0
15798,4,home,547973,1,1,0
15798,4,home,641329,1,1,1
15798,4,home,671922,1,1,1
15798,4,home,656876,0,0,1
15798,4,home,656641,0,0,1
15798,4,home,686973,1,1,0
15798,4,away,695505,1,1,0
15798,4,away,666200,0,0,1
15798,4,away,661395,1,1,1
15798,4,away,695243,1,1,0
15798,4,away,628452,1,0,1
15798,4,away,808967,0,0,1
15799,1,home,547973,1,0,1
15799,1,home,641329,1,0,1
15799,1,home,671922,1,1,1
15799,1,home,656876,1,1,0
15799,1,home,656641,1,1,0
15799,1,home,686973,1,0,1
15799,1,away,695505,1,1,0
15799,1,away,666200,1,1,0
15799,1,away,661395,1,0,1
15799,1,away,695243,1,1,0
15799,1,away,628452,1,0,1
15799,1,away,808967,1,1,1
15799,2,home,547973,1,0,1
15799,2,home,641329,1,1,0
15799,2,home,671922,1,0,1
15799,2,home,656876,0,0,1
15799,2,home,656641,0,0,1
15799,2,home,686973,1,0,1
15799,2,away,695505,0,0,1
15799,2,away,666200,0,0,1
15799,2,away,661395,1,0,1
15799,2,away,695243,0,0,1
15799,2,away,628452,1,1,0
15799,2,away,808967,1,1,0
15799,3,home,547973,1,0,1
15799,3,home,641329,0,0,1
15799,3,home,671922,1,0,1
15799,3,home,656876,1,1,0
15799,3,home,656641,1,1,0
15799,3,home,686973,1,1,1
15799,3,away,695505,1,1,0
15799,3,away,666200,1,0,1
15799,3,away,661395,1,0,1
15799,3,away,695243,1,1,0
15799,3,away,628452,0,0,1
15799,3,away,808967,0,0,1
15799,4,home,547973,1,1,0
15799,4,home,641329,1,1,1
15799,4,home,671922,1,1,0
15799,4,home,656876,0,0,1
15799,4,home,656641,0,0,1
15799,4,home,686973,1,1,0
15799,4,away,695505,0,0,1
15799,4,away,666200,1,1,0
15799,4,away,661395,1,0,1
15799,4,away,695243,0,0,1
15799,4,away,628452,1,1,0
15799,4,away,808967,1,1,1
15800,1,home,547973,1,1,0
15800,1,home,641329,1,0,1
15800,1,home,671922,1,0,1
15800,1,home,656876,1,1,1
15800,1,home,656641,1,1,1
15800,1,home,686973,1,0,1
15800,1,away,695505,1,1,0
15800,1,away,666200,1,1,0
15800,1,away,661395,1,0,1
15800,1,away,695243,1,1,0
15800,1,away,628452,1,0,1
15800,1,away,808967,1,0,1
15800,2,home,547973,0,0,1
15800,2,home,641329,1,0,1
15800,2,home,671922,1,0,1
15800,2,home,656876,1,0,1
15800,2,home,656641,1,0,1
15800,2,home,686973,1,0,1
15800,2,away,695505,0,0,0
15800,2,away,666200,0,0,1
15800,2,away,661395,1,0,1
15800,2,away,695243,0,0,1
15800,2,away,628452,1,0,1
15800,2,away,808967,1,0,1
15800,3,home,547973,1,1,0
15800,3,home,641329,1,0,1
15800,3,home,671922,1,0,1
15800,3,home,656876,1,0,1
15800,3,home,656641,1,0,1
15800,3,home,686973,1,0,1
15800,3,away,695505,0,0,1
15800,3,away,666200,1,0,1
15800,3,away,661395,1,0,1
15800,3,away,695243,1,0,1
15800,3,away,628452,1,0,1
15800,3,away,808967,1,0,1
15800,4,home,547973,0,0,1
15800,4,home,641329,1,0,1
15800,4,home,671922,1,1,1
15800,4,home,656876,1,1,0
15800,4,home,656641,1,1,0
15800,4,home,686973,1,1,0
15800,4,away,695505,1,1,0
15800,4,away,666200,1,1,0
15800,4,away,661395,1,0,1
15800,4,away,695243,1,0,1
15800,4,away,628452,1,1,0
15800,4,away,808967,1,1,0
15801,1,home,547973,1,0,1
15801,1,home,641329,1,0,1
15801,1,home,671922,1,0,1
15801,1,home,656876,1,0,1
15801,1,home,656641,1,0,1
15801,1,home,686973,1,0,1
15801,1,away,695505,1,0,1
15801,1,away,666200,1,0,1
15801,1,away,661395,1,0,1
15801,1,away,695243,1,0,1
15801,1,away,628452,1,0,1
15801,1,away,808967,1,0,1
15801,2,home,547973,1,0,1
15801,2,home,641329,1,0,1
15801,2,home,671922,1,0,1
15801,2,home,656876,1,1,0
15801,2,home,656641,1,0,1
15801,2,home,686973,1,0,1
15801,2,away,695505,1,1,0
15801,2,away,666200,1,0,1
15801,2,away,661395,1,0,1
15801,2,away,695243,1,0,1
15801,2,away,628452,1,0,1
15801,2,away,808967,1,0,1
15801,3,home,547973,1,1,0
15801,3,home,641329,1,0,1
15801,3,home,671922,1,0,1
15801,3,home,656876,0,0,1
15801,3,home,656641,1,0,1
15801,3,home,686973,1,1,0
15801,3,away,695505,0,0,1
15801,3,away,666200,1,1,1
15801,3,away,661395,1,1,0
15801,3,away,695243,1,0,1
15801,3,away,628452,1,0,1
15801,3,away,808967,1,1,0
15801,4,home,547973,0,0,1
15801,4,home,641329,1,0,1
15801,4,home,671922,1,0,1
15801,4,home,656876,1,0,1
15801,4,home,656641,1,0,1
15801,4,home,686973,0,0,1
15801,4,away,695505,1,0,1
15801,4,away,666200,1,0,1
15801,4,away,661395,0,0,1
15801,4,away,695243,1,0,1
15801,4,away,628452,1,0,1
15801,4,away,808967,0,0,1
15802,1,home,547973,1,1,1
15802,1,home,641329,1,0,1
15802,1,home,671922,1,1,0
15802,1,home,656876,1,0,1
15802,1,home,656641,1,1,0
15802,1,home,686973,1,0,1
15802,1,away,695505,1,1,1
15802,1,away,666200,1,1,1
15802,1,away,661395,1,0,1
15802,1,away,695243,1,1,1
15802,1,away,628452,1,0,1
15802,1,away,808967,1,1,0
15802,2,home,547973,1,0,1
15802,2,home,641329,1,1,1
15802,2,home,671922,0,0,1
15802,2,home,656876,1,1,1
15802,2,home,656641,0,0,1
15802,2,home,686973,1,1,1
15802,2,away,695505,1,1,0
15802,2,away,666200,1,0,1
15802,2,away,661395,1,1,0
15802,2,away,695243,1,1,1
15802,2,away,628452,1,1,0
15802,2,away,808967,0,0,1
15802,3,home,547973,1,0,1
15802,3,home,641329,1,0,1
15802,3,home,671922,1,1,0
15802,3,home,656876,1,1,1
15802,3,home,656641,1,1,0
15802,3,home,686973,1,0,1
15802,3,away,695505,0,0,1
15802,3,away,666200,1,1,0
15802,3,away,661395,0,0,1
15802,3,away,695243,1,1,0
15802,3,away,628452,0,0,1
15802,3,away,808967,1,1,0
15802,4,home,547973,1,0,1
15802,4,home,641329,1,0,1
15802,4,home,671922,0,0,1
15802,4,home,656876,1,0,1
15802,4,home,656641,0,0,1
15802,4,home,686973,1,0,1
15802,4,away,695505,1,1,0
15802,4,away,666200,0,0,1
15802,4,away,661395,1,0,1
15802,4,away,695243,0,0,1
15802,4,away,628452,1,1,1
15802,4,away,808967,0,0,1
15803,1,home,547973,1,0,1
15803,1,home,641329,1,1,1
15803,1,home,671922,1,0,1
15803,1,home,656876,1,1,0
15803,1,home,656641,1,1,1
15803,1,home,686973,1,0,1
15803,1,away,695505,1,1,0
15803,1,away,666200,1,1,0
15803,1,away,661395,1,0,1
15803,1,away,695243,1,1,0
15803,1,away,628452,1,0,1
15803,1,away,808967,1,1,0
15803,2,home,547973,1,0,1
15803,2,home,641329,1,0,1
15803,2,home,671922,1,1,0
15803,2,home,656876,0,0,1
15803,2,home,656641,1,1,0
15803,2,home,686973,1,0,1
15803,2,away,695505,0,0,1
15803,2,away,666200,0,0,1
15803,2,away,661395,1,1,0
15803,2,away,695243,0,0,1
15803,2,away,628452,1,1,0
15803,2,away,808967,0,0,1
15803,3,home,547973,1,0,1
15803,3,home,641329,1,1,1
15803,3,home,671922,0,0,1
15803,3,home,656876,1,0,1
15803,3,home,656641,0,0,1
15803,3,home,686973,1,0,1
15803,3,away,695505,1,1,0
15803,3,away,666200,1,1,0
15803,3,away,661395,0,0,1
15803,3,away,695243,1,1,0
15803,3,away,628452,0,0,1
15803,3,away,808967,1,0,1
15803,4,home,547973,1,1,0
15803,4,home,641329,1,0,1
15803,4,home,671922,1,1,0
15803,4,home,656876,1,1,1
15803,4,home,656641,1,1,0
15803,4,home,686973,1,0,1
15803,4,away,695505,0,0,1
15803,4,away,666200,0,0,1
15803,4,away,661395,1,0,1
15803,4,away,695243,0,0,1
15803,4,away,628452,1,1,0
15803,4,away,808967,1,1,0
15804,1,home,547973,1,1,0
15804,1,home,641329,1,1,1
15804,1,home,671922,1,0,1
15804,1,home,656876,1,0,1
15804,1,home,656641,1,0,1
15804,1,home,686973,1,1,1
15804,1,away,695505,1,1,0
15804,1,away,666200,1,1,1
15804,1,away,661395,1,0,1
15804,1,away,695243,1,1,1
15804,1,away,628452,1,0,1
15804,1,away,808967,1,1,1
15804,2,home,547973,0,0,1
15804,2,home,641329,1,0,1
15804,2,home,671922,1,1,0
15804,2,home,656876,1,1,1
15804,2,home,656641,1,1,1
15804,2,home,686973,1,0,1
15804,2,away,695505,0,0,1
15804,2,away,666200,1,1,0
15804,2,away,661395,1,1,0
15804,2,away,695243,1,1,1
15804,2,away,628452,1,0,1
15804,2,away,808967,1,1,0
15804,3,home,547973,1,0,1
15804,3,home,641329,1,0,1
15804,3,home,671922,0,0,1
15804,3,home,656876,1,1,0
15804,3,home,656641,1,1,0
15804,3,home,686973,1,0,1
15804,3,away,695505,1,1,0
15804,3,away,666200,0,0,1
15804,3,away,661395,0,0,1
15804,3,away,695243,1,1,1
15804,3,away,628452,1,1,1
15804,3,away,808967,0,0,1
15804,4,home,547973,1,0,1
15804,4,home,641329,1,1,0
15804,4,home,671922,1,0,1
15804,4,home,656876,0,0,1
15804,4,home,656641,0,0,0
15804,4,home,686973,1,1,0
15804,4,away,695505,0,0,1
15804,4,away,666200,1,1,0
15804,4,away,661395,1,0,1
15804,4,away,695243,1,1,0
15804,4,away,628452,1,1,0
15804,4,away,808967,1,1,1
15805,1,home,547973,1,1,0
15805,1,home,641329,1,0,1
15805,1,home,671922,1,1,0
15805,1,home,656876,1,1,1
15805,1,home,656641,1,1,0
15805,1,home,686973,1,0,1
15805,1,away,695505,1,1,1
15805,1,away,666200,1,1,0
15805,1,away,661395,1,0,1
15805,1,away,695243,1,1,0
15805,1,away,628452,1,0,1
15805,1,away,808967,1,1,0
15805,2,home,547973,0,0,1
15805,2,home,641329,1,0,1
15805,2,home,671922,0,0,1
15805,2,home,656876,1,0,1
15805,2,home,656641,0,0,0
15805,2,home,686973,1,1,1
15805,2,away,695505,1,0,1
15805,2,away,666200,0,0,1
15805,2,away,661395,1,0,1
15805,2,away,695243,0,0,1
15805,2,away,628452,1,0,1
15805,2,away,808967,0,0,1
15805,3,home,547973,1,0,1
15805,3,home,641329,1,0,1
15805,3,home,671922,1,1,1
15805,3,home,656876,1,1,1
15805,3,home,656641,0,0,1
15805,3,home,686973,1,0,1
15805,3,away,695505,1,1,0
15805,3,away,666200,1,1,1
15805,3,away,661395,1,0,1
15805,3,away,695243,1,1,0
15805,3,away,628452,1,0,1
15805,3,away,808967,1,0,1
15805,4,home,547973,1,0,1
15805,4,home,641329,1,0,1
15805,4,home,671922,1,0,1
15805,4,home,656876,1,1,0
15805,4,home,656641,1,1,0
15805,4,home,686973,1,0,1
15805,4,away,695505,0,0,1
15805,4,away,666200,1,1,0
15805,4,away,661395,1,0,1
15805,4,away,695243,0,0,1
15805,4,away,628452,1,1,0
15805,4,away,808967,1,1,0
15806,1,home,547973,1,0,1
15806,1,home,641329,1,0,1
15806,1,home,671922,1,1,0
15806,1,home,656876,1,1,0
15806,1,home,656641,1,0,1
15806,1,home,686973,1,0,1
15806,1,away,695505,1,1,0
15806,1,away,666200,1,1,0
15806,1,away,661395,1,0,1
15806,1,away,695243,1,1,0
15806,1,away,628452,1,0,1
15806,1,away,808967,1,0,1
15806,2,home,547973,1,1,0
15806,2,home,641329,1,1,0
15806,2,home,671922,0,0,1
15806,2,home,656876,0,0,0
15806,2,home,656641,1,1,0
15806,2,home,686973,1,1,1
15806,2,away,695505,0,0,0
15806,2,away,666200,0,0,1
15806,2,away,661395,1,1,0
15806,2,away,695243,0,0,1
15806,2,away,628452,1,1,0
15806,2,away,808967,1,1,0
15806,3,home,547973,0,0,1
15806,3,home,641329,0,0,1
15806,3,home,671922,1,0,1
15806,3,home,656876,0,0,1
15806,3,home,656641,0,0,1
15806,3,home,686973,1,1,0
15806,3,away,695505,0,0,1
15806,3,away,666200,1,0,1
15806,3,away,661395,0,0,1
15806,3,away,695243,1,0,1
15806,3,away,628452,0,0,1
15806,3,away,808967,0,0,1
15806,4,home,547973,1,0,1
15806,4,home,641329,1,0,1
15806,4,home,671922,1,1,0
15806,4,home,656876,1,1,1
15806,4,home,656641,1,1,1
15806,4,home,686973,0,0,1
15806,4,away,695505,1,1,0
15806,4,away,666200,1,1,1
15806,4,away,661395,1,0,1
15806,4,away,695243,1,1,0
15806,4,away,628452,1,0,1
15806,4,away,808967,1,1,0
15807,1,home,547973,1,0,1
15807,1,home,641329,1,0,1
15807,1,home,671922,1,1,0
15807,1,home,656876,1,1,0
15807,1,home,656641,1,1,1
15807,1,home,686973,1,0,1
15807,1,away,695505,1,1,1
15807,1,away,666200,1,1,1
15807,1,away,661395,1,1,1
15807,1,away,695243,1,1,1
15807,1,away,628452,1,0,1
15807,1,away,808967,1,1,0
15807,2,home,547973,1,0,1
15807,2,home,641329,1,0,1
15807,2,home,671922,0,0,1
15807,2,home,656876,0,0,1
15807,2,home,656641,1,0,1
15807,2,home,686973,1,1,0
15807,2,away,695505,1,1,1
15807,2,away,666200,1,0,1
15807,2,away,661395,1,0,1
15807,2,away,695243,1,0,1
15807,2,away,628452,1,0,1
15807,2,away,808967,0,0,1
15807,3,home,547973,1,0,1
15807,3,home,641329,1,1,0
15807,3,home,671922,1,0,1
15807,3,home,656876,1,1,0
15807,3,home,656641,1,0,1
15807,3,home,686973,0,0,1
15807,3,away,695505,1,1,0
15807,3,away,666200,1,1,0
15807,3,away,661395,1,0,1
15807,3,away,695243,1,1,0
15807,3,away,628452,1,0,1
15807,3,away,808967,1,1,0
15807,4,home,547973,1,1,1
15807,4,home,641329,0,0,0
15807,4,home,671922,1,1,0
15807,4,home,656876,0,0,1
15807,4,home,656641,1,1,0
15807,4,home,686973,1,0,1
15807,4,away,695505,0,0,1
15807,4,away,666200,0,0,1
15807,4,away,661395,1,1,0
15807,4,away,695243,0,0,1
15807,4,away,628452,1,1,1
15807,4,away,808967,0,0,1
15808,1,home,547973,1,1,0
15808,1,home,641329,1,0,1
15808,1,home,671922,1,0,1
15808,1,home,656876,1,1,0
15808,1,home,656641,1,1,0
15808,1,home,686973,1,0,1
15808,1,away,695505,1,1,1
15808,1,away,666200,1,1,1
15808,1,away,661395,1,1,0
15808,1,away,695243,1,1,1
15808,1,away,628452,1,0,1
15808,1,away,808967,1,0,1
15808,2,home,547973,0,0,1
15808,2,home,641329,1,1,0
15808,2,home,671922,1,1,1
15808,2,home,656876,0,0,1
15808,2,home,656641,0,0,1
15808,2,home,686973,1,1,1
15808,2,away,695505,1,1,0
15808,2,away,666200,1,1,0
15808,2,away,661395,0,0,1
15808,2,away,695243,1,1,0
15808,2,away,628452,1,0,1
15808,2,away,808967,1,1,0
15808,3,home,547973,1,0,1
15808,3,home,641329,0,0,1
15808,3,home,671922,1,0,1
15808,3,home,656876,1,0,1
15808,3,home,656641,1,1,0
15808,3,home,686973,1,1,0
15808,3,away,695505,0,0,1
15808,3,away,666200,0,0,1
15808,3,away,661395,1,1,1
15808,3,away,695243,0,0,1
15808,3,away,628452,1,1,0
15808,3,away,808967,0,0,1
15808,4,home,547973,1,1,1
15808,4,home,641329,1,0,1
15808,4,home,671922,1,1,0
15808,4,home,656876,1,0,1
15808,4,home,656641,0,0,1
15808,4,home,686973,0,0,1
15808,4,away,695505,1,1,0
15808,4,away,666200,1,0,1
15808,4,away,661395,1,0,1
15808,4,away,695243,1,0,1
15808,4,away,628452,0,0,1
15808,4,away,808967,1,0,1
15809,1,home,547973,1,0,1
15809,1,home,641329,1,0,1
15809,1,home,671922,1,0,1
15809,1,home,656876,1,1,1
15809,1,home,656641,1,0,1
15809,1,home,686973,1,0,1
15809,1,away,695505,1,1,0
15809,1,away,666200,1,1,0
15809,1,away,661395,1,0,1
15809,1,away,695243,1,1,0
15809,1,away,628452,1,0,1
15809,1,away,808967,1,0,1
15809,2,home,547973,1,1,0
15809,2,home,641329,1,0,1
15809,2,home,671922,1,1,0
15809,2,home,656876,1,1,0
15809,2,home,656641,1,1,0
15809,2,home,686973,1,0,1
15809,2,away,695505,0,0,1
15809,2,away,666200,0,0,1
15809,2,away,661395,1,1,0
15809,2,away,695243,0,0,1
15809,2,away,628452,1,1,0
15809,2,away,808967,1,1,0
15809,3,home,547973,0,0,1
15809,3,home,641329,1,0,1
15809,3,home,671922,0,0,1
15809,3,home,656876,0,0,1
15809,3,home,656641,0,0,1
15809,3,home,686973,1,1,1
15809,3,away,695505,1,1,0
15809,3,away,666200,1,1,0
15809,3,away,661395,0,0,1
15809,3,away,695243,1,0,1
15809,3,away,628452,0,0,1
15809,3,away,808967,0,0,1
15809,4,home,547973,1,0,1
15809,4,home,641329,1,0,1
15809,4,home,671922,1,0,1
15809,4,home,656876,1,0,1
15809,4,home,656641,1,0,1
15809,4,home,686973,1,0,1
15809,4,away,695505,0,0,1
15809,4,away,666200,0,0,1
15809,4,away,661395,1,1,1
15809,4,away,695243,1,1,1
15809,4,away,628452,1,0,1
15809,4,away,808967,1,0,1
15810,1,home,547973,1,0,1
15810,1,home,641329,1,0,1
15810,1,home,671922,1,1,0
15810,1,home,656876,1,0,1
15810,1,home,656641,1,1,0
15810,1,home,686973,1,0,1
15810,1,away,695505,1,1,0
15810,1,away,666200,1,1,0
15810,1,away,661395,1,0,1
15810,1,away,695243,1,1,1
15810,1,away,628452,1,0,1
15810,1,away,808967,1,1,0
15810,2,home,547973,1,0,1
15810,2,home,641329,1,0,1
15810,2,home,671922,0,0,1
15810,2,home,656876,1,0,1
15810,2,home,656641,0,0,1
15810,2,home,686973,1,0,1
15810,2,away,695505,0,0,1
15810,2,away,666200,0,0,1
15810,2,away,661395,1,0,1
15810,2,away,695243,1,0,1
15810,2,away,628452,1,0,1
15810,2,away,808967,0,0,1
15810,3,home,547973,1,1,0
15810,3,home,641329,1,0,1
15810,3,home,671922,1,1,1
15810,3,home,656876,1,1,0
15810,3,home,656641,1,1,0
15810,3,home,686973,1,0,1
15810,3,away,695505,1,1,0
15810,3,away,666200,1,1,1
15810,3,away,661395,1,0,1
15810,3,away,695243,1,1,0
15810,3,away,628452,1,0,1
15810,3,away,808967,1,1,0
15810,4,home,547973,0,0,1
15810,4,home,641329,1,1,1
15810,4,home,671922,1,1,0
15810,4,home,656876,0,0,1
15810,4,home,656641,0,0,1
15810,4,home,686973,1,0,1
15810,4,away,695505,0,0,1
15810,4,away,666200,1,0,1
15810,4,away,661395,1,1,0
15810,4,away,695243,0,0,1
15810,4,away,628452,1,1,1
15810,4,away,808967,0,0,1
15811,1,home,547973,1,0,1
15811,1,home,641329,1,1,1
15811,1,home,671922,1,0,1
15811,1,home,656876,1,0,1
15811,1,home,656641,1,1,0
15811,1,home,686973,1,1,0
15811,1,away,695505,1,1,0
15811,1,away,666200,1,1,0
15811,1,away,661395,1,0,1
15811,1,away,695243,1,1,0
15811,1,away,628452,1,0,1
15811,1,away,808967,1,1,0
15811,2,home,547973,1,0,1
15811,2,home,641329,1,0,1
15811,2,home,671922,1,1,1
15811,2,home,656876,1,1,0
15811,2,home,656641,0,0,1
15811,2,home,686973,0,0,1
15811,2,away,695505,0,0,1
15811,2,away,666200,0,0,1
15811,2,away,661395,1,1,1
15811,2,away,695243,0,0,1
15811,2,away,628452,1,1,0
15811,2,away,808967,0,0,1
15811,3,home,547973,1,1,0
15811,3,home,641329,1,0,1
15811,3,home,671922,1,1,1
15811,3,home,656876,0,0,1
15811,3,home,656641,1,1,0
15811,3,home,686973,1,1,1
15811,3,away,695505,1,1,0
15811,3,away,666200,1,1,0
15811,3,away,661395,1,0,1
15811,3,away,695243,1,1,0
15811,3,away,628452,0,0,1
15811,3,away,808967,1,1,0
15811,4,home,547973,0,0,1
15811,4,home,641329,1,1,0
15811,4,home,671922,1,1,0
15811,4,home,656876,1,1,0
15811,4,home,656641,0,0,1
15811,4,home,686973,1,0,1
15811,4,away,695505,0,0,1
15811,4,away,666200,0,0,1
15811,4,away,661395,1,1,0
15811,4,away,695243,0,0,1
15811,4,away,628452,1,1,0
15811,4,away,808967,0,0,1
15812,1,home,547973,1,0,1
15812,1,home,641329,1,0,1
15812,1,home,671922,1,0,1
15812,1,home,656876,1,1,0
15812,1,home,656641,1,0,1
15812,1,home,686973,1,0,1
15812,1,away,695505,1,1,0
15812,1,away,666200,1,1,0
15812,1,away,661395,1,0,1
15812,1,away,695243,1,1,0
15812,1,away,628452,1,0,1
15812,1,away,808967,1,1,0
15812,2,home,547973,1,0,1
15812,2,home,641329,1,0,1
15812,2,home,671922,1,0,1
15812,2,home,656876,0,0,1
15812,2,home,656641,1,0,1
15812,2,home,686973,1,0,1
15812,2,away,695505,0,0,1
15812,2,away,666200,0,0,0
15812,2,away,661395,1,0,1
15812,2,away,695243,0,0,1
15812,2,away,628452,1,0,1
15812,2,away,808967,0,0,1
15812,3,home,547973,1,0,1
15812,3,home,641329,1,0,1
15812,3,home,671922,1,0,1
15812,3,home,656876,1,1,1
15812,3,home,656641,1,1,0
15812,3,home,686973,1,0,1
15812,3,away,695505,1,1,0
15812,3,away,666200,0,0,1
15812,3,away,661395,1,1,0
15812,3,away,695243,1,1,0
15812,3,away,628452,1,0,1
15812,3,away,808967,1,1,1
15812,4,home,547973,1,0,1
15812,4,home,641329,1,0,1
15812,4,home,671922,1,0,1
15812,4,home,656876,1,1,0
15812,4,home,656641,0,0,1
15812,4,home,686973,1,0,1
15812,4,away,695505,0,0,1
15812,4,away,666200,1,0,1
15812,4,away,661395,0,0,1
15812,4,away,695243,0,0,1
15812,4,away,628452,1,1,1
15812,4,away,808967,1,1,0
15813,1,home,547973,1,0,1
15813,1,home,641329,1,1,0
15813,1,home,671922,1,0,1
15813,1,home,656876,1,0,1
15813,1,home,656641,1,1,0
15813,1,home,686973,1,0,1
15813,1,away,695505,1,1,0
15813,1,away,666200,1,1,0
15813,1,away,661395,1,1,0
15813,1,away,695243,1,1,0
15813,1,away,628452,1,0,1
15813,1,away,808967,1,0,1
15813,2,home,547973,1,1,0
15813,2,home,641329,0,0,1
15813,2,home,671922,1,0,1
15813,2,home,656876,1,0,1
15813,2,home,656641,0,0,1
15813,2,home,686973,1,1,0
15813,2,away,695505,0,0,1
15813,2,away,666200,0,0,1
15813,2,away,661395,0,0,1
15813,2,away,695243,0,0,1
15813,2,away,628452,1,1,0
15813,2,away,808967,1,1,0
15813,3,home,547973,0,0,1
15813,3,home,641329,1,1,0
15813,3,home,671922,1,1,1
15813,3,home,656876,1,1,0
15813,3,home,656641,1,1,1
15813,3,home,686973,0,0,1
15813,3,away,695505,1,1,0
15813,3,away,666200,1,1,0
15813,3,away,661395,1,1,0
15813,3,away,695243,1,1,0
15813,3,away,628452,0,0,1
15813,3,away,808967,0,0,1
15813,4,home,547973,1,0,1
15813,4,home,641329,0,0,1
15813,4,home,671922,1,0,1
15813,4,home,656876,0,0,1
15813,4,home,656641,1,0,1
15813,4,home,686973,1,0,1
15813,4,away,695505,0,0,1
15813,4,away,666200,0,0,1
15813,4,away,661395,0,0,1
15813,4,away,695243,0,0,1
15813,4,away,628452,1,0,1
15813,4,away,808967,1,0,1
15814,1,home,547973,1,0,1
15814,1,home,641329,1,0,1
15814,1,home,671922,1,0,1
15814,1,home,656876,1,0,1
15814,1,home,656641,1,0,1
15814,1,home,686973,1,0,1
15814,1,away,695505,1,1,1
15814,1,away,666200,1,1,1
15814,1,away,661395,1,0,1
15814,1,away,695243,1,0,1
15814,1,away,628452,1,0,1
15814,1,away,808967,1,0,1
15814,2,home,547973,1,1,0
15814,2,home,641329,1,0,1
15814,2,home,671922,1,0,1
15814,2,home,656876,1,0,1
15814,2,home,656641,1,0,1
15814,2,home,686973,1,1,0
15814,2,away,695505,1,1,1
15814,2,away,666200,1,1,0
15814,2,away,661395,1,0,1
15814,2,away,695243,1,1,0
15814,2,away,628452,1,0,1
15814,2,away,808967,1,1,0
15814,3,home,547973,0,0,1
15814,3,home,641329,1,1,0
15814,3,home,671922,1,1,0
15814,3,home,656876,1,1,0
15814,3,home,656641,1,1,1
15814,3,home,686973,0,0,1
15814,3,away,695505,1,1,0
15814,3,away,666200,0,0,1
15814,3,away,661395,1,1,1
15814,3,away,695243,0,0,1
15814,3,away,628452,1,1,1
15814,3,away,808967,0,0,1
15814,4,home,547973,1,1,0
15814,4,home,641329,0,0,1
15814,4,home,671922,0,0,1
15814,4,home,656876,0,0,0
15814,4,home,656641,1,1,1
15814,4,home,686973,1,1,0
15814,4,away,695505,0,0,1
15814,4,away,666200,1,1,1
15814,4,away,661395,1,0,1
15814,4,away,695243,1,0,1
15814,4,away,628452,1,1,0
15814,4,away,808967,1,0,1
15815,1,home,547973,1,0,1
15815,1,home,641329,1,0,1
15815,1,home,671922,1,0,1
15815,1,home,656876,1,0,1
15815,1,home,656641,1,0,1
15815,1,home,686973,1,1,0
15815,1,away,695505,1,1,0
15815,1,away,666200,1,1,0
15815,1,away,661395,1,0,1
15815,1,away,695243,1,1,1
15815,1,away,628452,1,0,1
15815,1,away,808967,1,0,1
15815,2,home,547973,1,1,0
15815,2,home,641329,1,0,1
15815,2,home,671922,1,1,0
15815,2,home,656876,1,1,0
15815,2,home,656641,1,1,1
15815,2,home,686973,0,0,1
15815,2,away,695505,0,0,1
15815,2,away,666200,0,0,1
15815,2,away,661395,1,1,1
15815,2,away,695243,1,1,0
15815,2,away,628452,1,0,1
15815,2,away,808967,1,1,1
15815,3,home,547973,0,0,1
15815,3,home,641329,1,1,0
15815,3,home,671922,0,0,1
15815,3,home,656876,0,0,1
15815,3,home,656641,1,1,0
15815,3,home,686973,1,1,0
15815,3,away,695505,1,1,0
15815,3,away,666200,1,1,0
15815,3,away,661395,1,1,1
15815,3,away,695243,0,0,1
15815,3,away,628452,1,1,1
15815,3,away,808967,1,1,1
15815,4,home,547973,1,1,0
15815,4,home,641329,0,0,1
15815,4,home,671922,1,1,1
15815,4,home,656876,1,1,0
15815,4,home,656641,0,0,1
15815,4,home,686973,0,0,1
15815,4,away,695505,0,0,0
15815,4,away,666200,0,0,1
15815,4,away,661395,1,1,0
15815,4,away,695243,1,0,1
15815,4,away,628452,1,0,1
15815,4,away,808967,1,1,0
15816,1,home,547973,1,0,1
15816,1,home,641329,1,0,1
15816,1,home,671922,1,0,1
15816,1,home,656876,1,1,1
15816,1,home,656641,1,1,0
15816,1,home,686973,1,1,0
15816,1,away,695505,1,1,1
15816,1,away,666200,1,1,0
15816,1,away,661395,1,0,1
15816,1,away,695243,1,1,0
15816,1,away,628452,1,1,0
15816,1,away,808967,1,1,0
15816,2,home,547973,1,0,1
15816,2,home,641329,1,0,1
15816,2,home,671922,1,0,1
15816,2,home,656876,1,1,0
15816,2,home,656641,0,0,1
15816,2,home,686973,0,0,1
15816,2,away,695505,1,0,1
15816,2,away,666200,0,0,1
15816,2,away,661395,1,1,0
15816,2,away,695243,0,0,1
15816,2,away,628452,0,0,0
15816,2,away,808967,0,0,1
15816,3,home,547973,1,1,0
15816,3,home,641329,1,0,1
15816,3,home,671922,1,1,0
15816,3,home,656876,0,0,1
15816,3,home,656641,1,1,0
15816,3,home,686973,1,0,1
15816,3,away,695505,1,1,0
15816,3,away,666200,1,1,0
15816,3,away,661395,0,0,1
15816,3,away,695243,1,1,0
15816,3,away,628452,0,0,1
15816,3,away,808967,1,1,0
15816,4,home,547973,0,0,0
15816,4,home,641329,1,1,0
15816,4,home,671922,0,0,1
15816,4,home,656876,1,1,0
15816,4,home,656641,0,0,1
15816,4,home,686973,1,1,0
15816,4,away,695505,0,0,1
15816,4,away,666200,0,0,1
15816,4,away,661395,1,1,1
15816,4,away,695243,0,0,1
15816,4,away,628452,1,1,1
15816,4,away,808967,0,0,1
15817,1,home,547973,1,0,1
15817,1,home,641329,1,1,0
15817,1,home,671922,1,0,1
15817,1,home,656876,1,1,0
15817,1,home,656641,1,0,1
15817,1,home,686973,1,1,1
15817,1,away,695505,1,1,1
15817,1,away,666200,1,1,0
15817,1,away,661395,1,0,1
15817,1,away,695243,1,1,0
15817,1,away,628452,1,0,1
15817,1,away,808967,1,1,0
15817,2,home,547973,1,1,0
15817,2,home,641329,0,0,1
15817,2,home,671922,1,1,0
15817,2,home,656876,0,0,1
15817,2,home,656641,1,0,1
15817,2,home,686973,1,0,1
15817,2,away,695505,1,1,0
15817,2,away,666200,0,0,1
15817,2,away,661395,1,0,1
15817,2,away,695243,0,0,0
15817,2,away,628452,1,1,0
15817,2,away,808967,0,0,1
15817,3,home,547973,0,0,1
15817,3,home,641329,1,0,1
15817,3,home,671922,0,0,1
15817,3,home,656876,1,0,1
15817,3,home,656641,1,0,1
15817,3,home,686973,1,1,0
15817,3,away,695505,0,0,1
15817,3,away,666200,1,1,0
15817,3,away,661395,1,1,1
15817,3,away,695243,0,0,1
15817,3,away,628452,0,0,1
15817,3,away,808967,1,1,0
15817,4,home,547973,1,1,0
15817,4,home,641329,1,0,1
15817,4,home,671922,1,1,1
15817,4,home,656876,1,1,0
15817,4,home,656641,1,1,1
15817,4,home,686973,0,0,1
15817,4,away,695505,1,1,0
15817,4,away,666200,0,0,1
15817,4,away,661395,1,1,0
15817,4,away,695243,1,1,0
15817,4,away,628452,1,1,0
15817,4,away,808967,0,0,1
15818,1,home,547973,1,0,1
15818,1,home,641329,1,0,1
15818,1,home,671922,1,0,1
15818,1,home,656876,1,1,0
15818,1,home,656641,1,1,0
15818,1,home,686973,1,0,1
15818,1,away,695505,1,1,1
15818,1,away,666200,1,1,0
15818,1,away,661395,1,0,1
15818,1,away,695243,1,1,0
15818,1,away,628452,1,0,1
15818,1,away,808967,1,1,0
15818,2,home,547973,1,1,0
15818,2,home,641329,1,0,1
15818,2,home,671922,1,1,0
15818,2,home,656876,0,0,1
15818,2,home,656641,0,0,1
15818,2,home,686973,1,1,0
15818,2,away,695505,1,1,0
15818,2,away,666200,0,0,1
15818,2,away,661395,1,1,0
15818,2,away,695243,0,0,1
15818,2,away,628452,1,0,1
15818,2,away,808967,0,0,1
15818,3,home,547973,0,0,1
15818,3,home,641329,1,1,0
15818,3,home,671922,0,0,1
15818,3,home,656876,1,1,1
15818,3,home,656641,1,1,0
15818,3,home,686973,0,0,1
15818,3,away,695505,0,0,1
15818,3,away,666200,1,1,0
15818,3,away,661395,0,0,1
15818,3,away,695243,1,1,0
15818,3,away,628452,1,0,1
15818,3,away,808967,1,1,1
15818,4,home,547973,1,1,0
15818,4,home,641329,0,0,1
15818,4,home,671922,1,0,1
15818,4,home,656876,1,1,0
15818,4,home,656641,0,0,1
15818,4,home,686973,1,1,0
15818,4,away,695505,1,1,1
15818,4,away,666200,0,0,1
15818,4,away,661395,1,0,1
15818,4,away,695243,0,0,1
15818,4,away,628452,1,1,1
15818,4,away,808967,1,1,0
15819,1,home,547973,1,1,0
15819,1,home,641329,1,0,1
15819,1,home,671922,1,0,1
15819,1,home,656876,1,0,1
15819,1,home,656641,1,0,1
15819,1,home,686973,1,1,1
15819,1,away,695505,1,1,0
15819,1,away,666200,1,1,1
15819,1,away,661395,1,0,1
15819,1,away,695243,1,1,0
15819,1,away,628452,1,0,1
15819,1,away,808967,1,1,0
15819,2,home,547973,0,0,1
15819,2,home,641329,1,0,1
15819,2,home,671922,1,1,1
15819,2,home,656876,1,1,1
15819,2,home,656641,1,1,1
15819,2,home,686973,1,0,1
15819,2,away,695505,0,0,1
15819,2,away,666200,1,1,1
15819,2,away,661395,1,1,1
15819,2,away,695243,0,0,1
15819,2,away,628452,1,1,1
15819,2,away,808967,0,0,1
15819,3,home,547973,1,0,1
15819,3,home,641329,1,0,1
15819,3,home,671922,1,0,1
15819,3,home,656876,1,0,1
15819,3,home,656641,1,1,0
15819,3,home,686973,1,1,0
15819,3,away,695505,1,1,0
15819,3,away,666200,1,1,1
15819,3,away,661395,1,1,1
15819,3,away,695243,1,0,1
15819,3,away,628452,1,0,1
15819,3,away,808967,1,1,0
15819,4,home,547973,1,1,0
15819,4,home,641329,1,1,1
15819,4,home,671922,1,0,1
15819,4,home,656876,1,0,1
15819,4,home,656641,0,0,1
15819,4,home,686973,0,0,1
15819,4,away,695505,0,0,0
15819,4,away,666200,1,1,0
15819,4,away,661395,1,0,1
15819,4,away,695243,1,1,1
15819,4,away,628452,1,1,0
15819,4,away,808967,0,0,1
15820,1,home,547973,1,1,0
15820,1,home,641329,1,0,1
15820,1,home,671922,1,0,1
15820,1,home,656876,1,1,0
15820,1,home,656641,1,1,1
15820,1,home,686973,1,0,1
15820,1,away,695505,1,1,0
15820,1,away,666200,1,1,0
15820,1,away,661395,1,0,1
15820,1,away,695243,1,1,0
15820,1,away,628452,1,0,1
15820,1,away,808967,1,1,1
15820,2,home,547973,0,0,1
15820,2,home,641329,1,1,1
15820,2,home,671922,1,0,1
15820,2,home,656876,0,0,1
15820,2,home,656641,1,1,0
15820,2,home,686973,1,1,0
15820,2,away,695505,0,0,0
15820,2,away,666200,0,0,0
15820,2,away,661395,1,0,1
15820,2,away,695243,0,0,1
15820,2,away,628452,1,1,0
15820,2,away,808967,1,1,0
15820,3,home,547973,1,1,0
15820,3,home,641329,1,1,1
15820,3,home,671922,1,1,0
15820,3,home,656876,1,1,0
15820,3,home,656641,0,0,0
15820,3,home,686973,0,0,1
15820,3,away,695505,0,0,1
15820,3,away,666200,0,0,1
15820,3,away,661395,1,1,0
15820,3,away,695243,1,1,1
15820,3,away,628452,0,0,1
15820,3,away,808967,0,0,1
15820,4,home,547973,0,0,1
15820,4,home,641329,1,1,1
15820,4,home,671922,0,0,1
15820,4,home,656876,0,0,1
15820,4,home,656641,0,0,1
15820,4,home,686973,1,1,0
15820,4,away,695505,1,0,1
15820,4,away,666200,1,1,0
15820,4,away,661395,0,0,1
15820,4,away,695243,1,1,0
15820,4,away,628452,1,1,0
15820,4,away,808967,1,1,1
15821,1,home,547973,1,0,1
15821,1,home,641329,1,0,1
15821,1,home,671922,1,1,0
15821,1,home,656876,1,1,0
15821,1,home,656641,1,0,1
15821,1,home,686973,1,0,1
15821,1,away,695505,1,1,1
15821,1,away,666200,1,1,1
15821,1,away,661395,1,0,1
15821,1,away,695243,1,1,0
15821,1,away,628452,1,0,1
15821,1,away,808967,1,1,0
15821,2,home,547973,1,1,0
15821,2,home,641329,1,0,1
15821,2,home,671922,0,0,1
15821,2,home,656876,0,0,1
15821,2,home,656641,1,1,1
15821,2,home,686973,1,1,0
15821,2,away,695505,1,1,0
15821,2,away,666200,1,1,1
15821,2,away,661395,1,1,0
15821,2,away,695243,0,0,1
15821,2,away,628452,1,1,0
15821,2,away,808967,0,0,1
15821,3,home,547973,0,0,1
15821,3,home,641329,1,1,0
15821,3,home,671922,1,0,1
15821,3,home,656876,1,0,1
15821,3,home,656641,1,0,1
15821,3,home,686973,0,0,1
15821,3,away,695505,0,0,1
15821,3,away,666200,1,0,1
15821,3,away,661395,0,0,1
15821,3,away,695243,1,1,0
15821,3,away,628452,0,0,1
15821,3,away,808967,1,1,1
15821,4,home,547973,1,0,1
15821,4,home,641329,0,0,1
15821,4,home,671922,1,1,1
15821,4,home,656876,1,1,0
15821,4,home,656641,1,1,0
15821,4,home,686973,1,0,1
15821,4,away,695505,1,1,0
15821,4,away,666200,1,1,1
15821,4,away,661395,1,1,1
15821,4,away,695243,0,0,1
15821,4,away,628452,1,0,1
15821,4,away,808967,1,1,1
15822,1,home,547973,1,0,1
15822,1,home,641329,1,0,1
15822,1,home,671922,1,0,1
15822,1,home,656876,1,1,0
15822,1,home,656641,1,1,1
15822,1,home,686973,1,0,1
15822,1,away,695505,1,1,0
15822,1,away,666200,1,1,0
15822,1,away,661395,1,0,1
15822,1,away,695243,1,1,0
15822,1,away,628452,1,0,1
15822,1,away,808967,1,1,0
15822,2,home,547973,1,1,0
15822,2,home,641329,1,0,1
15822,2,home,671922,1,1,1
15822,2,home,656876,0,0,1
15822,2,home,656641,1,1,0
15822,2,home,686973,1,0,1
15822,2,away,695505,0,0,1
15822,2,away,666200,0,0,1
15822,2,away,661395,1,1,0
15822,2,away,695243,0,0,1
15822,2,away,628452,1,1,0
15822,2,away,808967,0,0,1
15822,3,home,547973,0,0,1
15822,3,home,641329,1,1,0
15822,3,home,671922,1,0,1
15822,3,home,656876,1,1,0
15822,3,home,656641,0,0,0
15822,3,home,686973,1,0,1
15822,3,away,695505,1,1,1
15822,3,away,666200,1,1,0
15822,3,away,661395,0,0,1
15822,3,away,695243,1,1,1
15822,3,away,628452,0,0,1
15822,3,away,808967,1,1,0
15822,4,home,547973,1,0,1
15822,4,home,641329,0,0,1
15822,4,home,671922,1,0,1
15822,4,home,656876,0,0,1
15822,4,home,656641,0,0,1
15822,4,home,686973,1,1,0
15822,4,away,695505,1,0,1
15822,4,away,666200,0,0,1
15822,4,away,661395,1,0,1
15822,4,away,695243,1,1,0
15822,4,away,628452,1,0,1
15822,4,away,808967,0,0,1
15823,1,home,547973,1,1,0
15823,1,home,641329,1,0,1
15823,1,home,671922,1,0,1
15823,1,home,656876,1,1,0
15823,1,home,656641,1,0,1
15823,1,home,686973,1,0,1
15823,1,away,695505,1,0,1
15823,1,away,666200,1,1,0
15823,1,away,661395,1,1,0
15823,1,away,695243,1,1,0
15823,1,away,628452,1,0,1
15823,1,away,808967,1,1,0
15823,2,home,547973,0,0,1
15823,2,home,641329,1,0,1
15823,2,home,671922,1,0,1
15823,2,home,656876,0,0,1
15823,2,home,656641,1,0,1
15823,2,home,686973,1,0,1
15823,2,away,695505,1,1,0
15823,2,away,666200,0,0,1
15823,2,away,661395,0,0,1
15823,2,away,695243,0,0,1
15823,2,away,628452,1,0,1
15823,2,away,808967,0,0,1
15823,3,home,547973,1,0,1
15823,3,home,641329,1,0,1
15823,3,home,671922,1,0,1
15823,3,home,656876,1,0,1
15823,3,home,656641,1,0,1
15823,3,home,686973,1,0,1
15823,3,away,695505,0,0,1
15823,3,away,666200,1,1,0
15823,3,away,661395,1,0,1
15823,3,away,695243,1,1,0
15823,3,away,628452,1,1,0
15823,3,away,808967,1,0,1
15823,4,home,547973,1,0,1
15823,4,home,641329,1,1,0
15823,4,home,671922,1,0,1
15823,4,home,656876,1,0,1
15823,4,home,656641,1,0,1
15823,4,home,686973,1,1,1
15823,4,away,695505,1,1,0
15823,4,away,666200,0,0,1
15823,4,away,661395,1,1,1
15823,4,away,695243,0,0,1
15823,4,away,628452,0,0,1
15823,4,away,808967,1,1,0
15824,1,home,547973,1,0,1
15824,1,home,641329,1,0,1
15824,1,home,671922,1,1,0
15824,1,home,656876,1,1,1
15824,1,home,656641,1,0,1
15824,1,home,686973,1,0,1
15824,1,away,695505,1,1,0
15824,1,away,666200,1,1,0
15824,1,away,661395,1,1,0
15824,1,away,695243,1,0,1
15824,1,away,628452,1,0,1
15824,1,away,808967,1,1,0
15824,2,home,547973,1,0,1
15824,2,home,641329,1,0,1
15824,2,home,671922,0,0,0
15824,2,home,656876,1,1,1
15824,2,home,656641,1,1,0
15824,2,home,686973,1,0,1
15824,2,away,695505,0,0,1
15824,2,away,666200,0,0,1
15824,2,away,661395,0,0,1
15824,2,away,695243,1,1,1
15824,2,away,628452,1,1,1
15824,2,away,808967,0,0,1
15824,3,home,547973,1,1,1
15824,3,home,641329,1,0,1
15824,3,home,671922,0,0,1
15824,3,home,656876,1,1,0
15824,3,home,656641,0,0,1
15824,3,home,686973,1,1,0
15824,3,away,695505,1,1,1
15824,3,away,666200,1,0,1
15824,3,away,661395,1,0,1
15824,3,away,695243,1,1,0
15824,3,away,628452,1,0,1
15824,3,away,808967,1,1,0
15824,4,home,547973,1,1,0
15824,4,home,641329,1,0,1
15824,4,home,671922,1,1,0
15824,4,home,656876,0,0,0
15824,4,home,656641,1,1,1
15824,4,home,686973,0,0,1
15824,4,away,695505,1,1,1
15824,4,away,666200,1,1,0
15824,4,away,661395,1,0,1
15824,4,away,695243,0,0,1
15824,4,away,628452,1,1,0
15824,4,away,808967,0,0,1
15825,1,home,547973,1,0,1
15825,1,home,641329,1,0,1
15825,1,home,671922,1,0,1
15825,1,home,656876,1,1,0
15825,1,home,656641,1,1,1
15825,1,home,686973,1,1,0
15825,1,away,695505,1,1,0
15825,1,away,666200,1,1,0
15825,1,away,661395,1,0,1
15825,1,away,695243,1,0,1
15825,1,away,628452,1,0,1
15825,1,away,808967,1,1,0
15825,2,home,547973,1,0,1
15825,2,home,641329,1,1,0
15825,2,home,671922,1,0,1
15825,2,home,656876,0,0,1
15825,2,home,656641,1,0,1
15825,2,home,686973,0,0,1
15825,2,away,695505,0,0,1
15825,2,away,666200,0,0,1
15825,2,away,661395,1,0,1
15825,2,away,695243,1,0,1
15825,2,away,628452,1,0,1
15825,2,away,808967,0,0,1
15825,3,home,547973,1,0,1
15825,3,home,641329,0,0,1
15825,3,home,671922,1,0,1
15825,3,home,656876,1,0,1
15825,3,home,656641,1,0,1
15825,3,home,686973,1,1,1
15825,3,away,695505,1,0,1
15825,3,away,666200,1,0,1
15825,3,away,661395,1,0,1
15825,3,away,695243,1,0,1
15825,3,away,628452,1,0,1
15825,3,away,808967,1,0,1
15825,4,home,547973,1,0,1
15825,4,home,641329,1,0,1
15825,4,home,671922,1,0,1
15825,4,home,656876,1,1,0
15825,4,home,656641,1,1,1
15825,4,home,686973,1,0,1
15825,4,away,695505,1,1,1
15825,4,away,666200,1,1,0
15825,4,away,661395,1,1,0
15825,4,away,695243,1,1,1
15825,4,away,628452,1,0,1
15825,4,away,808967,1,1,1
15826,1,home,547973,1,1,0
15826,1,home,641329,1,0,1
15826,1,home,671922,1,0,1
15826,1,home,656876,1,0,1
15826,1,home,656641,1,0,1
15826,1,home,686973,1,1,0
15826,1,away,695505,1,1,0
15826,1,away,666200,1,1,1
15826,1,away,661395,1,0,1
15826,1,away,695243,1,1,1
15826,1,away,628452,1,0,1
15826,1,away,808967,1,0,1
15826,2,home,547973,0,0,1
15826,2,home,641329,1,0,1
15826,2,home,671922,1,0,1
15826,2,home,656876,1,0,1
15826,2,home,656641,1,1,0
15826,2,home,686973,0,0,1
15826,2,away,695505,0,0,1
15826,2,away,666200,1,1,0
15826,2,away,661395,1,1,1
15826,2,away,695243,1,1,0
15826,2,away,628452,1,0,1
15826,2,away,808967,1,0,1
15826,3,home,547973,1,1,0
15826,3,home,641329,1,1,1
15826,3,home,671922,1,1,0
15826,3,home,656876,1,0,1
15826,3,home,656641,0,0,0
15826,3,home,686973,1,0,1
15826,3,away,695505,1,1,0
15826,3,away,666200,0,0,1
15826,3,away,661395,1,1,0
15826,3,away,695243,0,0,1
15826,3,away,628452,1,1,1
15826,3,away,808967,1,1,0
15826,4,home,547973,0,0,0
15826,4,home,641329,1,1,0
15826,4,home,671922,0,0,1
15826,4,home,656876,1,1,0
15826,4,home,656641,0,0,1
15826,4,home,686973,1,1,1
15826,4,away,695505,0,0,1
15826,4,away,666200,1,1,0
15826,4,away,661395,0,0,0
15826,4,away,695243,1,1,0
15826,4,away,628452,1,1,1
15826,4,away,808967,0,0,1
15827,1,home,547973,1,0,1
15827,1,home,641329,1,0,1
15827,1,home,671922,1,0,1
15827,1,home,656876,1,1,0
15827,1,home,656641,1,1,0
15827,1,home,686973,1,1,0
15827,1,away,695505,1,0,1
15827,1,away,666200,1,0,1
15827,1,away,661395,1,0,1
15827,1,away,695243,1,1,0
15827,1,away,628452,1,0,1
15827,1,away,808967,1,0,1
15827,2,home,547973,1,1,0
15827,2,home,641329,1,1,0
15827,2,home,671922,1,1,0
15827,2,home,656876,0,0,1
15827,2,home,656641,0,0,1
15827,2,home,686973,0,0,1
15827,2,away,695505,1,1,0
15827,2,away,666200,1,1,0
15827,2,away,661395,1,1,0
15827,2,away,695243,0,0,1
15827,2,away,628452,1,1,0
15827,2,away,808967,1,1,0
15827,3,home,547973,0,0,1
15827,3,home,641329,0,0,1
15827,3,home,671922,0,0,1
15827,3,home,656876,1,1,1
15827,3,home,656641,1,0,1
15827,3,home,686973,1,1,1
15827,3,away,695505,0,0,1
15827,3,away,666200,0,0,1
15827,3,away,661395,0,0,1
15827,3,away,695243,1,1,0
15827,3,away,628452,0,0,1
15827,3,away,808967,0,0,1
15827,4,home,547973,1,1,0
15827,4,home,641329,1,0,1
15827,4,home,671922,1,1,0
15827,4,home,656876,1,1,0
15827,4,home,656641,1,1,0
15827,4,home,686973,1,0,1
15827,4,away,695505,1,1,1
15827,4,away,666200,1,1,1
15827,4,away,661395,1,0,1
15827,4,away,695243,0,0,1
15827,4,away,628452,1,1,0
15827,4,away,808967,1,0,1
15828,1,home,547973,1,0,1
15828,1,home,641329,1,1,0
15828,1,home,671922,1,0,1
15828,1,home,656876,1,0,1
15828,1,home,656641,1,1,1
15828,1,home,686973,1,1,0
15828,1,away,695505,1,1,0
15828,1,away,666200,1,1,0
15828,1,away,661395,1,0,1
15828,1,away,695243,1,1,0
15828,1,away,628452,1,0,1
15828,1,away,808967,1,0,1
15828,2,home,547973,1,1,0
15828,2,home,641329,0,0,1
15828,2,home,671922,1,1,1
15828,2,home,656876,1,1,0
15828,2,home,656641,1,1,1
15828,2,home,686973,0,0,1
15828,2,away,695505,0,0,1
15828,2,away,666200,0,0,1
15828,2,away,661395,1,1,0
15828,2,away,695243,0,0,1
15828,2,away,628452,1,1,0
15828,2,away,808967,1,0,1
15828,3,home,547973,0,0,1
15828,3,home,641329,1,1,1
15828,3,home,671922,1,1,0
15828,3,home,656876,0,0,1
15828,3,home,656641,1,1,0
15828,3,home,686973,1,0,1
15828,3,away,695505,1,1,1
15828,3,away,666200,1,1,0
15828,3,away,661395,0,0,1
15828,3,away,695243,1,1,0
15828,3,away,628452,0,0,1
15828,3,away,808967,1,1,0
15828,4,home,547973,1,1,0
15828,4,home,641329,1,0,1
15828,4,home,671922,0,0,1
15828,4,home,656876,1,1,0
15828,4,home,656641,0,0,1
15828,4,home,686973,1,1,1
15828,4,away,695505,1,1,0
15828,4,away,666200,0,0,1
15828,4,away,661395,1,1,1
15828,4,away,695243,0,0,1
15828,4,away,628452,1,0,1
15828,4,away,808967,0,0,1
15829,1,home,547973,1,1,0
15829,1,home,641329,1,0,1
15829,1,home,671922,1,0,1
15829,1,home,656876,1,1,0
15829,1,home,656641,1,1,1
15829,1,home,686973,1,0,1
15829,1,away,695505,1,1,1
15829,1,away,666200,1,1,0
15829,1,away,661395,1,0,1
15829,1,away,695243,1,1,0
15829,1,away,628452,1,0,1
15829,1,away,808967,1,1,0
15829,2,home,547973,0,0,1
15829,2,home,641329,1,1,0
15829,2,home,671922,1,0,1
15829,2,home,656876,0,0,1
15829,2,home,656641,1,1,1
15829,2,home,686973,1,1,0
15829,2,away,695505,1,1,0
15829,2,away,666200,0,0,1
15829,2,away,661395,1,1,0
15829,2,away,695243,0,0,1
15829,2,away,628452,1,1,1
15829,2,away,808967,0,0,1
15829,3,home,547973,1,1,0
15829,3,home,641329,0,0,1
15829,3,home,671922,1,1,0
15829,3,home,656876,1,1,1
15829,3,home,656641,1,1,0
15829,3,home,686973,0,0,1
15829,3,away,695505,0,0,1
15829,3,away,666200,1,1,1
15829,3,away,661395,0,0,1
15829,3,away,695243,1,1,1
15829,3,away,628452,1,0,1
15829,3,away,808967,1,1,0
15829,4,home,547973,0,0,1
15829,4,home,641329,1,1,1
15829,4,home,671922,0,0,1
15829,4,home,656876,1,1,0
15829,4,home,656641,0,0,1
15829,4,home,686973,1,1,0
15829,4,away,695505,1,1,0
15829,4,away,666200,1,1,0
15829,4,away,661395,1,1,0
15829,4,away,695243,1,1,0
15829,4,away,628452,1,1,0
15829,4,away,808967,0,0,1
15830,1,home,547973,1,1,1
15830,1,home,641329,1,1,0
15830,1,home,671922,1,1,1
15830,1,home,656876,1,1,0
15830,1,home,656641,1,0,1
15830,1,home,686973,1,0,1
15830,1,away,695505,1,1,0
15830,1,away,666200,1,1,0
15830,1,away,661395,1,0,1
15830,1,away,695243,1,1,0
15830,1,away,628452,1,1,0
15830,1,away,808967,1,1,0
15830,2,home,547973,1,0,1
15830,2,home,641329,0,0,1
15830,2,home,671922,1,1,0
15830,2,home,656876,0,0,1
15830,2,home,656641,1,0,1
15830,2,home,686973,1,1,0
15830,2,away,695505,0,0,0
15830,2,away,666200,0,0,1
15830,2,away,661395,1,1,0
15830,2,away,695243,0,0,1
15830,2,away,628452,0,0,1
15830,2,away,808967,0,0,1
15830,3,home,547973,1,0,1
15830,3,home,641329,1,1,0
15830,3,home,671922,0,0,1
15830,3,home,656876,1,1,0
15830,3,home,656641,1,1,0
15830,3,home,686973,0,0,1
15830,3,away,695505,0,0,0
15830,3,away,666200,1,1,1
15830,3,away,661395,0,0,1
15830,3,away,695243,1,1,1
15830,3,away,628452,1,0,1
15830,3,away,808967,1,1,1
15830,4,home,547973,1,1,0
15830,4,home,641329,0,0,1
15830,4,home,671922,1,1,1
15830,4,home,656876,0,0,1
15830,4,home,656641,0,0,1
15830,4,home,686973,1,1,0
15830,4,away,695505,0,0,1
15830,4,away,666200,1,1,1
15830,4,away,661395,1,0,1
15830,4,away,695243,1,1,0
15830,4,away,628452,1,1,0
15830,4,away,808967,1,1,1
15831,1,home,547973,1,1,0
15831,1,home,641329,1,0,1
15831,1,home,671922,1,0,1
15831,1,home,656876,1,1,1
15831,1,home,656641,1,0,1
15831,1,home,686973,1,0,1
15831,1,away,695505,1,1,0
15831,1,away,666200,1,1,0
15831,1,away,661395,1,0,1
15831,1,away,695243,1,1,1
15831,1,away,628452,1,1,0
15831,1,away,808967,1,1,0
15831,2,home,547973,0,0,1
15831,2,home,641329,1,1,1
15831,2,home,671922,1,1,0
15831,2,home,656876,1,1,0
15831,2,home,656641,1,1,0
15831,2,home,686973,1,1,1
15831,2,away,695505,0,0,1
15831,2,away,666200,0,0,1
15831,2,away,661395,1,1,0
15831,2,away,695243,1,1,0
15831,2,away,628452,0,0,1
15831,2,away,808967,0,0,1
15831,3,home,547973,1,1,1
15831,3,home,641329,1,0,1
15831,3,home,671922,0,0,1
15831,3,home,656876,0,0,1
15831,3,home,656641,0,0,1
15831,3,home,686973,1,0,1
15831,3,away,695505,1,1,0
15831,3,away,666200,1,0,1
15831,3,away,661395,0,0,1
15831,3,away,695243,0,0,1
15831,3,away,628452,1,0,1
15831,3,away,808967,1,1,0
15831,4,home,547973,1,0,1
15831,4,home,641329,1,0,1
15831,4,home,671922,1,0,1
15831,4,home,656876,1,0,1
15831,4,home,656641,1,0,1
15831,4,home,686973,1,0,1
15831,4,away,695505,0,0,1
15831,4,away,666200,1,0,1
15831,4,away,661395,1,0,1
15831,4,away,695243,1,0,1
15831,4,away,628452,1,0,1
15831,4,away,808967,0,0,1
15832,1,home,547973,1,1,1
15832,1,home,641329,1,0,1
15832,1,home,671922,1,0,1
15832,1,home,656876,1,0,1
15832,1,home,656641,1,0,1
15832,1,home,686973,1,1,0
15832,1,away,695505,1,1,1
15832,1,away,666200,1,1,0
15832,1,away,661395,1,0,1
15832,1,away,695243,1,1,0
15832,1,away,628452,1,0,1
15832,1,away,808967,1,0,1
15832,2,home,547973,1,1,0
15832,2,home,641329,1,1,0
15832,2,home,671922,1,0,1
15832,2,home,656876,1,1,1
15832,2,home,656641,1,1,0
15832,2,home,686973,0,0,1
15832,2,away,695505,1,1,1
15832,2,away,666200,0,0,1
15832,2,away,661395,1,1,1
15832,2,away,695243,0,0,1
15832,2,away,628452,1,1,0
15832,2,away,808967,1,1,0
15832,3,home,547973,0,0,1
15832,3,home,641329,0,0,1
15832,3,home,671922,1,1,1
15832,3,home,656876,1,1,0
15832,3,home,656641,0,0,1
15832,3,home,686973,1,0,1
15832,3,away,695505,1,1,0
15832,3,away,666200,1,1,1
15832,3,away,661395,1,0,1
15832,3,away,695243,1,1,0
15832,3,away,628452,0,0,1
15832,3,away,808967,0,0,1
15832,4,home,547973,1,1,1
15832,4,home,641329,1,0,1
15832,4,home,671922,1,1,1
15832,4,home,656876,0,0,1
15832,4,home,656641,1,1,0
15832,4,home,686973,1,1,1
15832,4,away,695505,0,0,1
15832,4,away,666200,1,1,0
15832,4,away,661395,1,1,0
15832,4,away,695243,0,0,1
15832,4,away,628452,1,1,0
15832,4,away,808967,1,1,1
15833,1,home,547973,1,1,1
15833,1,home,641329,1,0,1
15833,1,home,671922,1,1,1
15833,1,home,656876,1,1,0
15833,1,home,656641,1,0,1
15833,1,home,686973,1,0,1
15833,1,away,695505,1,1,0
15833,1,away,666200,1,1,1
15833,1,away,661395,1,1,0
15833,1,away,695243,1,1,0
15833,1,away,628452,1,0,1
15833,1,away,808967,1,1,1
15833,2,home,547973,1,0,1
15833,2,home,641329,1,0,1
15833,2,home,671922,1,1,0
15833,2,home,656876,0,0,1
15833,2,home,656641,1,1,0
15833,2,home,686973,1,0,1
15833,2,away,695505,0,0,1
15833,2,away,666200,1,1,1
15833,2,away,661395,0,0,0
15833,2,away,695243,0,0,1
15833,2,away,628452,1,1,0
15833,2,away,808967,1,0,1
15833,3,home,547973,1,0,1
15833,3,home,641329,1,1,0
15833,3,home,671922,0,0,1
15833,3,home,656876,1,0,1
15833,3,home,656641,0,0,1
15833,3,home,686973,1,1,0
15833,3,away,695505,1,0,1
15833,3,away,666200,1,1,0
15833,3,away,661395,0,0,1
15833,3,away,695243,1,1,1
15833,3,away,628452,0,0,1
15833,3,away,808967,1,1,0
15833,4,home,547973,1,0,1
15833,4,home,641329,0,0,1
15833,4,home,671922,1,1,0
15833,4,home,656876,1,1,0
15833,4,home,656641,1,0,1
15833,4,home,686973,0,0,1
15833,4,away,695505,1,1,0
15833,4,away,666200,0,0,1
15833,4,away,661395,1,1,0
15833,4,away,695243,1,1,0
15833,4,away,628452,1,0,1
15833,4,away,808967,0,0,1
15834,1,home,547973,1,0,1
15834,1,home,641329,1,0,1
15834,1,home,671922,1,0,1
15834,1,home,656876,1,0,1
15834,1,home,656641,1,0,1
15834,1,home,686973,1,1,1
15834,1,away,695505,1,0,1
15834,1,away,666200,1,0,1
15834,1,away,661395,1,0,1
15834,1,away,695243,1,1,1
15834,1,away,628452,1,0,1
15834,1,away,808967,1,0,1
15834,2,home,547973,1,0,1
15834,2,home,641329,1,0,1
15834,2,home,671922,1,1,1
15834,2,home,656876,1,1,1
15834,2,home,656641,1,0,1
15834,2,home,686973,1,0,1
15834,2,away,695505,1,1,1
15834,2,away,666200,1,1,0
15834,2,away,661395,1,1,0
15834,2,away,695243,1,1,1
15834,2,away,628452,1,0,1
15834,2,away,808967,1,0,1
15834,3,home,547973,1,0,1
15834,3,home,641329,1,0,1
15834,3,home,671922,1,1,0
15834,3,home,656876,1,1,1
15834,3,home,656641,1,1,1
15834,3,home,686973,1,0,1
15834,3,away,695505,1,1,1
15834,3,away,666200,0,0,1
15834,3,away,661395,0,0,1
15834,3,away,695243,1,1,1
15834,3,away,628452,1,1,1
15834,3,away,808967,1,1,0
15834,4,home,547973,1,0,1
15834,4,home,641329,1,0,1
15834,4,home,671922,0,0,1
15834,4,home,656876,1,0,1
15834,4,home,656641,1,0,1
15834,4,home,686973,1,0,1
15834,4,away,695505,1,1,1
15834,4,away,666200,1,1,0
15834,4,away,661395,1,0,1
15834,4,away,695243,1,0,1
15834,4,away,628452,1,0,1
15834,4,away,808967,0,0,1
15835,1,home,547973,1,0,1
15835,1,home,641329,1,0,1
15835,1,home,671922,1,1,1
15835,1,home,656876,1,0,1
15835,1,home,656641,1,1,0
15835,1,home,686973,1,0,1
15835,1,away,695505,1,1,0
15835,1,away,666200,1,1,0
15835,1,away,661395,1,0,1
15835,1,away,695243,1,1,0
15835,1,away,628452,1,0,1
15835,1,away,808967,1,1,1
15835,2,home,547973,1,0,1
15835,2,home,641329,1,0,1
15835,2,home,671922,1,0,1
15835,2,home,656876,1,0,1
15835,2,home,656641,0,0,1
15835,2,home,686973,1,0,1
15835,2,away,695505,0,0,1
15835,2,away,666200,0,0,1
15835,2,away,661395,1,0,1
15835,2,away,695243,0,0,1
15835,2,away,628452,1,1,1
15835,2,away,808967,1,1,1
15835,3,home,547973,1,1,0
15835,3,home,641329,1,0,1
15835,3,home,671922,1,1,0
15835,3,home,656876,1,1,0
15835,3,home,656641,1,0,1
15835,3,home,686973,1,0,1
15835,3,away,695505,1,1,1
15835,3,away,666200,1,1,0
15835,3,away,661395,1,0,1
15835,3,away,695243,1,1,0
15835,3,away,628452,1,0,1
15835,3,away,808967,1,1,0
15835,4,home,547973,0,0,1
15835,4,home,641329,1,1,1
15835,4,home,671922,0,0,1
15835,4,home,656876,0,0,1
15835,4,home,656641,1,1,0
15835,4,home,686973,1,1,1
15835,4,away,695505,1,1,1
15835,4,away,666200,0,0,1
15835,4,away,661395,1,1,1
15835,4,away,695243,0,0,1
15835,4,away,628452,1,1,0
15835,4,away,808967,0,0,1
15836,1,home,547973,1,0,1
15836,1,home,641329,1,0,1
15836,1,home,671922,1,0,1
15836,1,home,656876,1,0,1
15836,1,home,656641,1,0,1
15836,1,home,686973,1,0,1
15836,1,away,695505,1,0,1
15836,1,away,666200,1,0,1
15836,1,away,661395,1,0,1
15836,1,away,695243,1,0,1
15836,1,away,628452,1,0,1
15836,1,away,808967,1,0,1
15836,2,home,547973,1,0,1
15836,2,home,641329,1,1,0
15836,2,home,671922,1,0,1
15836,2,home,656876,1,0,1
15836,2,home,656641,1,1,0
15836,2,home,686973,1,1,0
15836,2,away,695505,1,1,0
15836,2,away,666200,1,1,0
15836,2,away,661395,1,0,1
15836,2,away,695243,1,1,0
15836,2,away,628452,1,0,1
15836,2,away,808967,1,0,1
15836,3,home,547973,1,1,1
15836,3,home,641329,0,0,1
15836,3,home,671922,1,0,1
15836,3,home,656876,1,0,1
15836,3,home,656641,0,0,1
15836,3,home,686973,0,0,1
15836,3,away,695505,0,0,1
15836,3,away,666200,0,0,1
15836,3,away,661395,1,0,1
15836,3,away,695243,0,0,1
15836,3,away,628452,1,0,1
15836,3,away,808967,1,1,1
15836,4,home,547973,1,1,0
15836,4,home,641329,1,0,1
15836,4,home,671922,1,1,0
15836,4,home,656876,1,1,0
15836,4,home,656641,1,1,0
15836,4,home,686973,1,0,1
15836,4,away,695505,1,1,0
15836,4,away,666200,1,1,1
15836,4,away,661395,1,1,0
15836,4,away,695243,1,1,0
15836,4,away,628452,1,1,0
15836,4,away,808967,1,1,0
15837,1,home,547973,1,1,0
15837,1,home,641329,1,0,1
15837,1,home,671922,1,0,1
15837,1,home,656876,1,0,1
15837,1,home,656641,1,0,1
15837,1,home,686973,1,1,0
15837,1,away,695505,1,1,0
15837,1,away,666200,1,1,0
15837,1,away,661395,1,0,1
15837,1,away,695243,1,1,0
15837,1,away,628452,1,0,1
15837,1,away,808967,1,0,1
15837,2,home,547973,0,0,1
15837,2,home,641329,1,0,1
15837,2,home,671922,1,0,1
15837,2,home,656876,1,1,0
15837,2,home,656641,1,1,0
15837,2,home,686973,0,0,1
15837,2,away,695505,0,0,1
15837,2,away,666200,0,0,0
15837,2,away,661395,1,0,1
15837,2,away,695243,0,0,1
15837,2,away,628452,1,0,1
15837,2,away,808967,1,1,1
15837,3,home,547973,1,1,0
15837,3,home,641329,1,0,1
15837,3,home,671922,1,1,1
15837,3,home,656876,0,0,1
15837,3,home,656641,0,0,1
15837,3,home,686973,1,1,0
15837,3,away,695505,1,1,0
15837,3,away,666200,0,0,1
15837,3,away,661395,1,1,0
15837,3,away,695243,1,1,0
15837,3,away,628452,1,0,1
15837,3,away,808967,1,1,0
15837,4,home,547973,0,0,1
15837,4,home,641329,1,1,1
15837,4,home,671922,1,1,1
15837,4,home,656876,1,1,0
15837,4,home,656641,1,1,0
15837,4,home,686973,0,0,1
15837,4,away,695505,0,0,1
15837,4,away,666200,1,1,1
15837,4,away,661395,0,0,1
15837,4,away,695243,0,0,1
15837,4,away,628452,1,1,0
15837,4,away,808967,0,0,1
15838,1,home,547973,1,0,1
15838,1,home,641329,1,0,1
15838,1,home,671922,1,1,0
15838,1,home,656876,1,1,0
15838,1,home,656641,1,1,1
15838,1,home,686973,1,0,1
15838,1,away,695505,1,1,0
15838,1,away,666200,1,1,0
15838,1,away,661395,1,0,1
15838,1,away,695243,1,1,0
15838,1,away,628452,1,0,1
15838,1,away,808967,1,1,0
15838,2,home,547973,1,0,1
15838,2,home,641329,1,1,0
15838,2,home,671922,0,0,1
15838,2,home,656876,0,0,1
15838,2,home,656641,1,1,0
15838,2,home,686973,1,1,0
15838,2,away,695505,0,0,1
15838,2,away,666200,0,0,1
15838,2,away,661395,1,1,0
15838,2,away,695243,0,0,1
15838,2,away,628452,1,1,1
15838,2,away,808967,0,0,1
15838,3,home,547973,1,1,0
15838,3,home,641329,0,0,0
15838,3,home,671922,1,0,1
15838,3,home,656876,1,0,1
15838,3,home,656641,0,0,1
15838,3,home,686973,0,0,0
15838,3,away,695505,1,1,1
15838,3,away,666200,1,1,1
15838,3,away,661395,0,0,1
15838,3,away,695243,1,1,0
15838,3,away,628452,1,0,1
15838,3,away,808967,1,1,1
15838,4,home,547973,0,0,1
15838,4,home,641329,0,0,1
15838,4,home,671922,1,1,0
15838,4,home,656876,1,1,0
15838,4,home,656641,1,1,1
15838,4,home,686973,0,0,1
15838,4,away,695505,1,1,0
15838,4,away,666200,1,1,1
15838,4,away,661395,1,1,1
15838,4,away,695243,0,0,1
15838,4,away,628452,1,0,1
15838,4,away,808967,1,1,0
15839,1,home,547973,1,0,1
15839,1,home,641329,1,0,1
15839,1,home,671922,1,0,1
15839,1,home,656876,1,1,0
15839,1,home,656641,1,0,1
15839,1,home,686973,1,1,0
15839,1,away,695505,1,1,0
15839,1,away,666200,1,1,1
15839,1,away,661395,1,0,1
15839,1,away,695243,1,1,1
15839,1,away,628452,1,0,1
15839,1,away,808967,1,1,0
15839,2,home,547973,1,0,1
15839,2,home,641329,1,1,0
15839,2,home,671922,1,1,1
15839,2,home,656876,0,0,0
15839,2,home,656641,1,0,1
15839,2,home,686973,0,0,1
15839,2,away,695505,0,0,1
15839,2,away,666200,1,1,1
15839,2,away,661395,1,0,1
15839,2,away,695243,1,1,1
15839,2,away,628452,1,1,1
15839,2,away,808967,0,0,1
15839,3,home,547973,1,1,0
15839,3,home,641329,0,0,0
15839,3,home,671922,1,0,1
15839,3,home,656876,0,0,1
15839,3,home,656641,1,1,1
15839,3,home,686973,1,1,0
15839,3,away,695505,1,1,0
15839,3,away,666200,1,1,1
15839,3,away,661395,1,0,1
15839,3,away,695243,1,1,0
15839,3,away,628452,1,1,1
15839,3,away,808967,1,1,0
15839,4,home,547973,0,0,1
15839,4,home,641329,0,0,1
15839,4,home,671922,1,1,0
15839,4,home,656876,1,0,1
15839,4,home,656641,1,1,0
15839,4,home,686973,0,0,1
15839,4,away,695505,0,0,1
15839,4,away,666200,1,1,0
15839,4,away,661395,1,1,0
15839,4,away,695243,0,0,1
15839,4,away,628452,1,1,0
15839,4,away,808967,0,0,1
15840,1,home,547973,1,0,1
15840,1,home,641329,1,0,1
15840,1,home,671922,1,1,1
15840,1,home,656876,1,1,0
15840,1,home,656641,1,0,1
15840,1,home,686973,1,0,1
15840,1,away,695505,1,1,1
15840,1,away,666200,1,1,0
15840,1,away,661395,1,0,1
15840,1,away,695243,1,1,0
15840,1,away,628452,1,0,1
15840,1,away,808967,1,1,0
15840,2,home,547973,1,1,1
15840,2,home,641329,1,0,1
15840,2,home,671922,1,1,0
15840,2,home,656876,0,0,0
15840,2,home,656641,1,0,1
15840,2,home,686973,1,1,0
15840,2,away,695505,1,1,0
15840,2,away,666200,0,0,1
15840,2,away,661395,1,1,0
15840,2,away,695243,0,0,1
15840,2,away,628452,1,1,0
15840,2,away,808967,0,0,0
15840,3,home,547973,1,1,0
15840,3,home,641329,1,1,1
15840,3,home,671922,0,0,1
15840,3,home,656876,0,0,1
15840,3,home,656641,1,1,1
15840,3,home,686973,0,0,1
15840,3,away,695505,0,0,1
15840,3,away,666200,1,1,1
15840,3,away,661395,0,0,1
15840,3,away,695243,1,1,1
15840,3,away,628452,0,0,1
15840,3,away,808967,0,0,0
15840,4,home,547973,0,0,0
15840,4,home,641329,1,1,0
15840,4,home,671922,1,0,1
15840,4,home,656876,1,0,1
15840,4,home,656641,1,0,1
15840,4,home,686973,1,1,0
15840,4,away,695505,1,1,0
15840,4,away,666200,1,1,0
15840,4,away,661395,1,1,0
15840,4,away,695243,1,1,1
15840,4,away,628452,1,0,1
15840,4,away,808967,0,0,1
15841,1,home,547973,1,0,1
15841,1,home,641329,1,0,1
15841,1,home,671922,1,1,0
15841,1,home,656876,1,1,1
15841,1,home,656641,1,1,0
15841,1,home,686973,1,1,0
15841,1,away,695505,1,1,1
15841,1,away,666200,1,1,1
15841,1,away,661395,1,0,1
15841,1,away,695243,1,1,1
15841,1,away,628452,1,0,1
15841,1,away,808967,1,1,0
15841,2,home,547973,1,0,1
15841,2,home,641329,1,1,0
15841,2,home,671922,0,0,1
15841,2,home,656876,1,0,1
15841,2,home,656641,0,0,1
15841,2,home,686973,0,0,0
15841,2,away,695505,1,1,0
15841,2,away,666200,1,1,1
15841,2,away,661395,1,1,0
15841,2,away,695243,1,1,0
15841,2,away,628452,1,0,1
15841,2,away,808967,0,0,1
15841,3,home,547973,1,0,1
15841,3,home,641329,0,0,1
15841,3,home,671922,1,1,0
15841,3,home,656876,1,1,0
15841,3,home,656641,1,1,0
15841,3,home,686973,0,0,1
15841,3,away,695505,0,0,1
15841,3,away,666200,1,1,1
15841,3,away,661395,0,0,1
15841,3,away,695243,0,0,1
15841,3,away,628452,1,1,1
15841,3,away,808967,1,1,1
15841,4,home,547973,1,0,1
15841,4,home,641329,1,0,1
15841,4,home,671922,0,0,1
15841,4,home,656876,0,0,1
15841,4,home,656641,0,0,1
15841,4,home,686973,1,0,1
15841,4,away,695505,1,0,1
15841,4,away,666200,1,0,1
15841,4,away,661395,1,0,1
15841,4,away,695243,1,0,1
15841,4,away,628452,1,0,1
15841,4,away,808967,1,0,1
15842,1,home,547973,1,1,1
15842,1,home,641329,1,0,1
15842,1,home,671922,1,1,0
15842,1,home,656876,1,1,0
15842,1,home,656641,1,0,1
15842,1,home,686973,1,0,1
15842,1,away,695505,1,1,1
15842,1,away,666200,1,1,0
15842,1,away,661395,1,0,1
15842,1,away,695243,1,1,0
15842,1,away,628452,1,0,1
15842,1,away,808967,1,1,0
15842,2,home,547973,1,0,1
15842,2,home,641329,1,0,1
15842,2,home,671922,0,0,1
15842,2,home,656876,0,0,1
15842,2,home,656641,1,1,0
15842,2,home,686973,1,0,1
15842,2,away,695505,1,1,0
15842,2,away,666200,0,0,0
15842,2,away,661395,1,1,0
15842,2,away,695243,0,0,1
15842,2,away,628452,1,1,0
15842,2,away,808967,0,0,1
15842,3,home,547973,1,0,1
15842,3,home,641329,1,0,1
15842,3,home,671922,1,0,1
15842,3,home,656876,1,0,1
15842,3,home,656641,0,0,1
15842,3,home,686973,1,0,1
15842,3,away,695505,0,0,1
15842,3,away,666200,0,0,1
15842,3,away,661395,0,0,1
15842,3,away,695243,1,0,1
15842,3,away,628452,0,0,1
15842,3,away,808967,1,1,0
15842,4,home,547973,1,1,0
15842,4,home,641329,1,0,1
15842,4,home,671922,1,0,1
15842,4,home,656876,1,0,1
15842,4,home,656641,1,0,1
15842,4,home,686973,1,1,0
15842,4,away,695505,1,1,1
15842,4,away,666200,1,1,1
15842,4,away,661395,1,0,1
15842,4,away,695243,1,1,1
15842,4,away,628452,1,0,1
15842,4,away,808967,0,0,1
15843,1,home,547973,1,1,0
15843,1,home,641329,1,0,1
15843,1,home,671922,1,0,1
15843,1,home,656876,1,1,0
15843,1,home,656641,1,1,1
15843,1,home,686973,1,0,1
15843,1,away,695505,1,0,1
15843,1,away,666200,1,1,0
15843,1,away,661395,1,0,1
15843,1,away,695243,1,1,0
15843,1,away,628452,1,0,1
15843,1,away,808967,1,1,0
15843,2,home,547973,0,0,1
15843,2,home,641329,1,1,0
15843,2,home,671922,1,0,1
15843,2,home,656876,0,0,1
15843,2,home,656641,1,1,0
15843,2,home,686973,1,1,0
15843,2,away,695505,1,1,1
15843,2,away,666200,0,0,1
15843,2,away,661395,1,0,1
15843,2,away,695243,0,0,1
15843,2,away,628452,1,1,0
15843,2,away,808967,0,0,1
15843,3,home,547973,1,0,1
15843,3,home,641329,0,0,1
15843,3,home,671922,1,1,0
15843,3,home,656876,1,1,0
15843,3,home,656641,0,0,1
15843,3,home,686973,0,0,1
15843,3,away,695505,1,1,0
15843,3,away,666200,1,1,0
15843,3,away,661395,1,0,1
15843,3,away,695243,1,1,0
15843,3,away,628452,0,0,1
15843,3,away,808967,1,1,0
15843,4,home,547973,1,0,1
15843,4,home,641329,1,0,1
15843,4,home,671922,0,0,1
15843,4,home,656876,0,0,0
15843,4,home,656641,1,0,1
15843,4,home,686973,1,0,1
15843,4,away,695505,0,0,1
15843,4,away,666200,0,0,1
15843,4,away,661395,1,0,1
15843,4,away,695243,0,0,1
15843,4,away,628452,1,0,1
15843,4,away,808967,0,0,1
15844,1,home,547973,1,0,1
15844,1,home,641329,1,1,0
15844,1,home,671922,1,0,1
15844,1,home,656876,1,0,1
15844,1,home,656641,1,1,0
15844,1,home,686973,1,1,0
15844,1,away,695505,1,1,1
15844,1,away,666200,1,1,1
15844,1,away,661395,1,0,1
15844,1,away,695243,1,0,1
15844,1,away,628452,1,1,1
15844,1,away,808967,1,1,1
15844,2,home,547973,1,1,1
15844,2,home,641329,0,0,0
15844,2,home,671922,1,0,1
15844,2,home,656876,1,1,1
15844,2,home,656641,0,0,0
15844,2,home,686973,0,0,0
15844,2,away,695505,1,1,0
15844,2,away,666200,1,1,1
15844,2,away,661395,1,0,1
15844,2,away,695243,1,1,0
15844,2,away,628452,1,0,1
15844,2,away,808967,1,1,1
15844,3,home,547973,1,0,1
15844,3,home,641329,0,0,1
15844,3,home,671922,1,1,0
15844,3,home,656876,1,1,0
15844,3,home,656641,0,0,1
15844,3,home,686973,0,0,1
15844,3,away,695505,0,0,1
15844,3,away,666200,1,1,1
15844,3,away,661395,1,1,0
15844,3,away,695243,0,0,1
15844,3,away,628452,1,0,1
15844,3,away,808967,1,1,0
15844,4,home,547973,1,1,0
15844,4,home,641329,1,0,1
15844,4,home,671922,0,0,1
15844,4,home,656876,0,0,1
15844,4,home,656641,1,1,0
15844,4,home,686973,1,1,1
15844,4,away,695505,1,1,0
15844,4,away,666200,1,1,1
15844,4,away,661395,0,0,1
15844,4,away,695243,1,1,0
15844,4,away,628452,1,0,1
15844,4,away,808967,0,0,0
15845,1,home,547973,1,0,1
15845,1,home,641329,1,0,1
15845,1,home,671922,1,1,0
15845,1,home,656876,1,1,0
15845,1,home,656641,1,0,1
15845,1,home,686973,1,1,1
15845,1,away,695505,1,1,1
15845,1,away,666200,1,1,1
15845,1,away,661395,1,0,1
15845,1,away,695243,1,1,0
15845,1,away,628452,1,0,1
15845,1,away,808967,1,0,1
15845,2,home,547973,1,1,0
15845,2,home,641329,1,1,0
15845,2,home,671922,0,0,1
15845,2,home,656876,0,0,1
15845,2,home,656641,1,1,1
15845,2,home,686973,1,1,0
15845,2,away,695505,1,1,0
15845,2,away,666200,1,1,0
15845,2,away,661395,1,1,1
15845,2,away,695243,0,0,1
15845,2,away,628452,1,0,1
15845,2,away,808967,1,1,0
15845,3,home,547973,0,0,1
15845,3,home,641329,0,0,1
15845,3,home,671922,1,1,1
15845,3,home,656876,1,1,0
15845,3,home,656641,1,1,0
15845,3,home,686973,0,0,0
15845,3,away,695505,0,0,0
15845,3,away,666200,0,0,1
15845,3,away,661395,1,1,0
15845,3,away,695243,1,1,0
15845,3,away,628452,1,1,1
15845,3,away,808967,0,0,1
15845,4,home,547973,1,0,1
15845,4,home,641329,1,0,1
15845,4,home,671922,1,0,1
15845,4,home,656876,0,0,1
15845,4,home,656641,0,0,1
15845,4,home,686973,0,0,0
15845,4,away,695505,0,0,1
15845,4,away,666200,1,0,1
15845,4,away,661395,0,0,1
15845,4,away,695243,0,0,1
15845,4,away,628452,1,0,1
15845,4,away,808967,1,0,1
15846,1,home,547973,1,0,1
15846,1,home,641329,1,0,1
15846,1,home,671922,1,0,1
15846,1,home,656876,1,1,0
15846,1,home,656641,1,1,0
15846,1,home,686973,1,0,1
15846,1,away,695505,1,1,0
15846,1,away,666200,1,1,0
15846,1,away,661395,1,0,1
15846,1,away,695243,1,1,0
15846,1,away,628452,1,0,1
15846,1,away,808967,1,1,0
15846,2,home,547973,1,1,0
15846,2,home,641329,1,0,1
15846,2,home,671922,1,1,0
15846,2,home,656876,0,0,1
15846,2,home,656641,0,0,0
15846,2,home,686973,1,1,1
15846,2,away,695505,0,0,1
15846,2,away,666200,0,0,1
15846,2,away,661395,1,1,0
15846,2,away,695243,0,0,1
15846,2,away,628452,1,1,0
15846,2,away,808967,0,0,1
15846,3,home,547973,0,0,1
15846,3,home,641329,1,1,0
15846,3,home,671922,0,0,1
15846,3,home,656876,1,1,0
15846,3,home,656641,0,0,1
15846,3,home,686973,1,0,1
15846,3,away,695505,1,1,0
15846,3,away,666200,1,1,1
15846,3,away,661395,0,0,1
15846,3,away,695243,1,0,1
15846,3,away,628452,0,0,1
15846,3,away,808967,1,1,1
15846,4,home,547973,1,1,0
15846,4,home,641329,0,0,1
15846,4,home,671922,1,1,1
15846,4,home,656876,0,0,1
15846,4,home,656641,1,1,0
15846,4,home,686973,1,0,1
15846,4,away,695505,0,0,0
15846,4,away,666200,1,0,1
15846,4,away,661395,1,0,1
15846,4,away,695243,1,0,1
15846,4,away,628452,1,0,1
15846,4,away,808967,1,1,0
15847,1,home,547973,1,0,1
15847,1,home,641329,1,1,1
15847,1,home,671922,1,0,1
15847,1,home,656876,1,1,1
15847,1,home,656641,1,1,0
15847,1,home,686973,1,0,1
15847,1,away,695505,1,1,0
15847,1,away,666200,1,1,1
15847,1,away,661395,1,0,1
15847,1,away,695243,1,1,1
15847,1,away,628452,1,0,1
15847,1,away,808967,1,0,1
15847,2,home,547973,1,0,1
15847,2,home,641329,1,1,1
15847,2,home,671922,1,0,1
15847,2,home,656876,1,0,1
15847,2,home,656641,0,0,1
15847,2,home,686973,1,1,1
15847,2,away,695505,0,0,1
15847,2,away,666200,1,1,1
15847,2,away,661395,1,0,1
15847,2,away,695243,1,1,0
15847,2,away,628452,1,0,1
15847,2,away,808967,1,1,1
15847,3,home,547973,1,0,1
15847,3,home,641329,1,0,1
15847,3,home,671922,1,0,1
15847,3,home,656876,1,1,1
15847,3,home,656641,1,0,1
15847,3,home,686973,1,1,0
15847,3,away,695505,1,1,0
15847,3,away,666200,1,1,1
15847,3,away,661395,1,0,1
15847,3,away,695243,0,0,1
15847,3,away,628452,1,0,1
15847,3,away,808967,1,1,0
15847,4,home,547973,1,1,1
15847,4,home,641329,1,0,1
15847,4,home,671922,1,1,0
15847,4,home,656876,1,1,1
15847,4,home,656641,1,1,0
15847,4,home,686973,0,0,1
15847,4,away,695505,0,0,1
15847,4,away,666200,1,1,0
15847,4,away,661395,1,1,0
15847,4,away,695243,1,1,0
15847,4,away,628452,1,1,0
15847,4,away,808967,0,0,1
15848,1,home,547973,1,1,0
15848,1,home,641329,1,0,1
15848,1,home,671922,1,1,0
15848,1,home,656876,1,1,0
15848,1,home,656641,1,0,1
15848,1,home,686973,1,0,1
15848,1,away,695505,1,1,1
15848,1,away,666200,1,1,1
15848,1,away,661395,1,0,1
15848,1,away,695243,1,1,0
15848,1,away,628452,1,0,1
15848,1,away,808967,1,1,0
15848,2,home,547973,0,0,1
15848,2,home,641329,1,0,1
15848,2,home,671922,0,0,1
15848,2,home,656876,0,0,1
15848,2,home,656641,1,1,1
15848,2,home,686973,1,1,0
15848,2,away,695505,1,1,1
15848,2,away,666200,1,1,1
15848,2,away,661395,1,0,1
15848,2,away,695243,0,0,1
15848,2,away,628452,1,1,0
15848,2,away,808967,0,0,1
15848,3,home,547973,1,1,0
15848,3,home,641329,1,0,1
15848,3,home,671922,1,1,0
15848,3,home,656876,1,1,0
15848,3,home,656641,1,0,1
15848,3,home,686973,0,0,1
15848,3,away,695505,1,1,0
15848,3,away,666200,1,1,0
15848,3,away,661395,1,0,1
15848,3,away,695243,1,1,0
15848,3,away,628452,0,0,1
15848,3,away,808967,1,0,1
15848,4,home,547973,0,0,1
15848,4,home,641329,1,1,0
15848,4,home,671922,0,0,1
15848,4,home,656876,0,0,1
15848,4,home,656641,1,1,1
15848,4,home,686973,1,1,1
15848,4,away,695505,0,0,1
15848,4,away,666200,0,0,1
15848,4,away,661395,1,1,0
15848,4,away,695243,0,0,1
15848,4,away,628452,1,1,0
15848,4,away,808967,1,1,0
15849,1,home,547973,1,1,0
15849,1,home,641329,1,0,1
15849,1,home,671922,1,1,0
15849,1,home,656876,1,0,1
15849,1,home,656641,1,1,0
15849,1,home,686973,1,0,1
15849,1,away,695505,1,1,0
15849,1,away,666200,1,1,0
15849,1,away,661395,1,0,1
15849,1,away,695243,1,1,0
15849,1,away,628452,1,0,1
15849,1,away,808967,1,1,0
15849,2,home,547973,0,0,1
15849,2,home,641329,1,0,1
15849,2,home,671922,0,0,1
15849,2,home,656876,1,1,0
15849,2,home,656641,0,0,1
15849,2,home,686973,1,1,1
15849,2,away,695505,0,0,1
15849,2,away,666200,0,0,1
15849,2,away,661395,1,1,0
15849,2,away,695243,0,0,1
15849,2,away,628452,1,1,1
15849,2,away,808967,0,0,1
15849,3,home,547973,1,0,1
15849,3,home,641329,1,1,0
15849,3,home,671922,1,0,1
15849,3,home,656876,0,0,1
15849,3,home,656641,1,0,1
15849,3,home,686973,1,1,0
15849,3,away,695505,1,1,0
15849,3,away,666200,1,1,0
15849,3,away,661395,0,0,1
15849,3,away,695243,1,1,1
15849,3,away,628452,1,0,1
15849,3,away,808967,1,0,1
15849,4,home,547973,1,1,0
15849,4,home,641329,0,0,1
15849,4,home,671922,1,0,1
15849,4,home,656876,1,1,1
15849,4,home,656641,1,0,1
15849,4,home,686973,0,0,1
15849,4,away,695505,0,0,1
15849,4,away,666200,0,0,1
15849,4,away,661395,1,0,1
15849,4,away,695243,1,0,1
15849,4,away,628452,1,0,1
15849,4,away,808967,1,0,1
15850,1,home,547973,1,0,1
15850,1,home,641329,1,0,1
15850,1,home,671922,1,1,0
15850,1,home,656876,1,1,0
15850,1,home,656641,1,1,1
15850,1,home,686973,1,0,1
15850,1,away,695505,1,1,0
15850,1,away,666200,1,1,0
15850,1,away,661395,1,0,1
15850,1,away,695243,1,1,1
15850,1,away,628452,1,1,0
15850,1,away,808967,1,1,0
15850,2,home,547973,1,0,1
15850,2,home,641329,1,1,0
15850,2,home,671922,0,0,1
15850,2,home,656876,0,0,1
15850,2,home,656641,1,1,0
15850,2,home,686973,1,0,1
15850,2,away,695505,0,0,1
15850,2,away,666200,0,0,1
15850,2,away,661395,1,1,0
15850,2,away,695243,1,0,1
15850,2,away,628452,0,0,1
15850,2,away,808967,0,0,1
15850,3,home,547973,1,0,1
15850,3,home,641329,0,0,1
15850,3,home,671922,1,0,1
15850,3,home,656876,1,0,1
15850,3,home,656641,0,0,1
15850,3,home,686973,1,1,0
15850,3,away,695505,1,0,1
15850,3,away,666200,1,0,1
15850,3,away,661395,0,0,1
15850,3,away,695243,1,0,1
15850,3,away,628452,1,0,1
15850,3,away,808967,1,0,1
15850,4,home,547973,1,0,1
15850,4,home,641329,1,1,0
15850,4,home,671922,1,1,0
15850,4,home,656876,1,1,1
15850,4,home,656641,1,1,0
15850,4,home,686973,0,0,1
15850,4,away,695505,1,1,0
15850,4,away,666200,1,1,0
15850,4,away,661395,1,1,0
15850,4,away,695243,1,1,0
15850,4,away,628452,1,0,1
15850,4,away,808967,1,1,0
15851,1,home,547973,1,1,0
15851,1,home,641329,1,1,1
15851,1,home,671922,1,1,0
15851,1,home,656876,1,1,0
15851,1,home,656641,1,1,0
15851,1,home,686973,1,0,1
15851,1,away,695505,1,1,0
15851,1,away,666200,1,1,1
15851,1,away,661395,1,0,1
15851,1,away,695243,1,1,1
15851,1,away,628452,1,0,1
15851,1,away,808967,1,1,0
15851,2,home,547973,0,0,1
15851,2,home,641329,1,0,1
15851,2,home,671922,0,0,1
15851,2,home,656876,0,0,1
15851,2,home,656641,0,0,1
15851,2,home,686973,1,1,1
15851,2,away,695505,0,0,1
15851,2,away,666200,1,1,1
15851,2,away,661395,1,0,1
15851,2,away,695243,1,1,1
15851,2,away,628452,1,0,1
15851,2,away,808967,0,0,1
15851,3,home,547973,1,1,0
15851,3,home,641329,1,0,1
15851,3,home,671922,1,1,1
15851,3,home,656876,1,0,1
15851,3,home,656641,1,1,0
15851,3,home,686973,1,0,1
15851,3,away,695505,1,1,1
15851,3,away,666200,1,1,0
15851,3,away,661395,1,0,1
15851,3,away,695243,1,1,0
15851,3,away,628452,1,1,0
15851,3,away,808967,1,1,0
15851,4,home,547973,0,0,1
15851,4,home,641329,1,0,1
15851,4,home,671922,1,0,1
15851,4,home,656876,1,1,1
15851,4,home,656641,0,0,1
15851,4,home,686973,1,0,1
15851,4,away,695505,1,1,0
15851,4,away,666200,0,0,1
15851,4,away,661395,1,1,1
15851,4,away,695243,0,0,1
15851,4,away,628452,0,0,1
15851,4,away,808967,0,0,1
15852,1,home,547973,1,1,0
15852,1,home,641329,1,0,1
15852,1,home,671922,1,1,0
15852,1,home,656876,1,1,0
15852,1,home,656641,1,1,0
15852,1,home,686973,1,0,1
15852,1,away,695505,1,1,0
15852,1,away,666200,1,1,0
15852,1,away,661395,1,0,1
15852,1,away,695243,1,1,0
15852,1,away,628452,1,1,1
15852,1,away,808967,1,1,1
15852,2,home,547973,0,0,1
15852,2,home,641329,1,1,1
15852,2,home,671922,0,0,1
15852,2,home,656876,0,0,1
15852,2,home,656641,0,0,1
15852,2,home,686973,1,1,0
15852,2,away,695505,0,0,1
15852,2,away,666200,0,0,1
15852,2,away,661395,1,1,1
15852,2,away,695243,0,0,0
15852,2,away,628452,1,1,0
15852,2,away,808967,1,0,1
15852,3,home,547973,1,0,1
15852,3,home,641329,1,0,1
15852,3,home,671922,1,1,0
15852,3,home,656876,1,1,0
15852,3,home,656641,1,1,0
15852,3,home,686973,0,0,1
15852,3,away,695505,1,1,0
15852,3,away,666200,1,1,0
15852,3,away,661395,1,0,1
15852,3,away,695243,0,0,1
15852,3,away,628452,0,0,1
15852,3,away,808967,1,1,0
15852,4,home,547973,1,1,0
15852,4,home,641329,1,1,0
15852,4,home,671922,0,0,1
15852,4,home,656876,0,0,1
15852,4,home,656641,0,0,1
15852,4,home,686973,1,1,1
15852,4,away,695505,0,0,1
15852,4,away,666200,0,0,1
15852,4,away,661395,1,1,0
15852,4,away,695243,1,1,0
15852,4,away,628452,1,0,1
15852,4,away,808967,0,0,1
15853,1,home,547973,1,0,1
15853,1,home,641329,1,0,1
15853,1,home,671922,1,0,1
15853,1,home,656876,1,0,1
15853,1,home,656641,1,1,1
15853,1,home,686973,1,1,1
15853,1,away,695505,1,1,0
15853,1,away,666200,1,1,0
15853,1,away,661395,1,0,1
15853,1,away,695243,1,1,0
15853,1,away,628452,1,0,1
15853,1,away,808967,1,0,1
15853,2,home,547973,1,0,1
15853,2,home,641329,1,0,1
15853,2,home,671922,1,0,1
15853,2,home,656876,1,0,1
15853,2,home,656641,1,0,1
15853,2,home,686973,1,0,1
15853,2,away,695505,0,0,1
15853,2,away,666200,0,0,1
15853,2,away,661395,1,0,1
15853,2,away,695243,0,0,1
15853,2,away,628452,1,0,1
15853,2,away,808967,1,0,1
15853,3,home,547973,1,0,1
15853,3,home,641329,1,0,1
15853,3,home,671922,1,1,0
15853,3,home,656876,1,0,1
15853,3,home,656641,1,1,1
15853,3,home,686973,1,0,1
15853,3,away,695505,1,1,0
15853,3,away,666200,1,0,1
15853,3,away,661395,1,1,0
15853,3,away,695243,1,1,0
15853,3,away,628452,1,0,1
15853,3,away,808967,1,1,1
15853,4,home,547973,1,0,1
15853,4,home,641329,1,1,0
15853,4,home,671922,0,0,1
15853,4,home,656876,1,1,1
15853,4,home,656641,1,1,0
15853,4,home,686973,1,0,1
15853,4,away,695505,0,0,1
15853,4,away,666200,1,1,0
15853,4,away,661395,0,0,1
15853,4,away,695243,0,0,1
15853,4,away,628452,1,1,0
15853,4,away,808967,1,1,1
15854,1,home,547973,1,0,1
15854,1,home,641329,1,0,1
15854,1,home,671922,1,0,1
15854,1,home,656876,1,0,1
15854,1,home,656641,1,0,1
15854,1,home,686973,1,1,1
15854,1,away,695505,1,1,1
15854,1,away,666200,1,1,0
15854,1,away,661395,1,0,1
15854,1,away,695243,1,0,1
15854,1,away,628452,1,0,1
15854,1,away,808967,1,0,1
15854,2,home,547973,1,1,0
15854,2,home,641329,1,0,1
15854,2,home,671922,1,0,1
15854,2,home,656876,1,1,0
15854,2,home,656641,1,1,0
15854,2,home,686973,1,0,1
15854,2,away,695505,1,1,0
15854,2,away,666200,0,0,1
15854,2,away,661395,1,1,0
15854,2,away,695243,1,1,0
15854,2,away,628452,1,0,1
15854,2,away,808967,1,1,0
15854,3,home,547973,0,0,1
15854,3,home,641329,1,0,1
15854,3,home,671922,1,0,1
15854,3,home,656876,0,0,1
15854,3,home,656641,0,0,1
15854,3,home,686973,1,0,1
15854,3,away,695505,0,0,1
15854,3,away,666200,1,0,1
15854,3,away,661395,0,0,1
15854,3,away,695243,0,0,1
15854,3,away,628452,1,0,1
15854,3,away,808967,0,0,1
15854,4,home,547973,1,0,1
15854,4,home,641329,1,0,1
15854,4,home,671922,1,1,0
15854,4,home,656876,1,1,0
15854,4,home,656641,1,1,0
15854,4,home,686973,1,0,1
15854,4,away,695505,1,1,0
15854,4,away,666200,1,1,0
15854,4,away,661395,1,0,1
15854,4,away,695243,1,1,0
15854,4,away,628452,1,0,1
15854,4,away,808967,1,1,0
15855,1,home,547973,1,0,1
15855,1,home,641329,1,1,0
15855,1,home,671922,1,0,1
15855,1,home,656876,1,1,1
15855,1,home,656641,1,1,1
15855,1,home,686973,1,0,1
15855,1,away,695505,1,1,1
15855,1,away,666200,1,1,0
15855,1,away,661395,1,0,1
15855,1,away,695243,1,1,0
15855,1,away,628452,1,0,1
15855,1,away,808967,1,1,0
15855,2,home,547973,1,0,1
15855,2,home,641329,0,0,1
15855,2,home,671922,1,0,1
15855,2,home,656876,1,1,0
15855,2,home,656641,1,1,0
15855,2,home,686973,1,0,1
15855,2,away,695505,1,1,1
15855,2,away,666200,0,0,1
15855,2,away,661395,1,1,0
15855,2,away,695243,0,0,1
15855,2,away,628452,1,1,0
15855,2,away,808967,0,0,1
15855,3,home,547973,1,1,0
15855,3,home,641329,1,0,1
15855,3,home,671922,1,1,0
15855,3,home,656876,0,0,1
15855,3,home,656641,0,0,1
15855,3,home,686973,1,0,1
15855,3,away,695505,1,1,0
15855,3,away,666200,1,1,1
15855,3,away,661395,0,0,1
15855,3,away,695243,1,1,0
15855,3,away,628452,0,0,1
15855,3,away,808967,1,0,1
15855,4,home,547973,0,0,1
15855,4,home,641329,1,0,1
15855,4,home,671922,0,0,1
15855,4,home,656876,1,1,0
15855,4,home,656641,1,1,0
15855,4,home,686973,1,1,0
15855,4,away,695505,0,0,1
15855,4,away,666200,1,1,0
15855,4,away,661395,1,1,0
15855,4,away,695243,0,0,1
15855,4,away,628452,1,0,1
15855,4,away,808967,1,0,1
15856,1,home,547973,1,0,1
15856,1,home,641329,1,0,1
15856,1,home,671922,1,1,0
15856,1,home,656876,1,1,1
15856,1,home,656641,1,0,1
15856,1,home,686973,1,0,1
15856,1,away,695505,1,1,0
15856,1,away,666200,1,0,1
15856,1,away,661395,1,0,1
15856,1,away,695243,1,1,0
15856,1,away,628452,1,0,1
15856,1,away,808967,1,1,0
15856,2,home,547973,1,1,1
15856,2,home,641329,1,1,1
15856,2,home,671922,0,0,1
15856,2,home,656876,1,1,0
15856,2,home,656641,1,0,1
15856,2,home,686973,1,1,0
15856,2,away,695505,0,0,1
15856,2,away,666200,1,1,1
15856,2,away,661395,1,1,0
15856,2,away,695243,0,0,1
15856,2,away,628452,1,1,1
15856,2,away,808967,0,0,1
15856,3,home,547973,1,1,0
15856,3,home,641329,1,0,1
15856,3,home,671922,1,1,0
15856,3,home,656876,0,0,0
15856,3,home,656641,1,1,0
15856,3,home,686973,0,0,1
15856,3,away,695505,1,1,0
15856,3,away,666200,1,0,1
15856,3,away,661395,0,0,1
15856,3,away,695243,1,0,1
15856,3,away,628452,1,0,1
15856,3,away,808967,1,1,0
15856,4,home,547973,0,0,1
15856,4,home,641329,1,0,1
15856,4,home,671922,0,0,1
15856,4,home,656876,0,0,1
15856,4,home,656641,0,0,1
15856,4,home,686973,1,1,0
15856,4,away,695505,0,0,1
15856,4,away,666200,1,0,1
15856,4,away,661395,1,0,1
15856,4,away,695243,1,0,1
15856,4,away,628452,1,0,1
15856,4,away,808967,0,0,1
15857,1,home,547973,1,1,0
15857,1,home,641329,1,0,1
15857,1,home,671922,1,1,1
15857,1,home,656876,1,0,1
15857,1,home,656641,1,1,0
15857,1,home,686973,1,0,1
15857,1,away,695505,1,1,1
15857,1,away,666200,1,1,1
15857,1,away,661395,1,0,1
15857,1,away,695243,1,1,1
15857,1,away,628452,1,0,1
15857,1,away,808967,1,1,0
15857,2,home,547973,0,0,0
15857,2,home,641329,1,0,1
15857,2,home,671922,1,1,0
15857,2,home,656876,1,1,0
15857,2,home,656641,0,0,1
15857,2,home,686973,1,0,1
15857,2,away,695505,1,1,0
15857,2,away,666200,1,0,1
15857,2,away,661395,1,1,0
15857,2,away,695243,1,1,0
15857,2,away,628452,1,0,1
15857,2,away,808967,0,0,1
15857,3,home,547973,0,0,1
15857,3,home,641329,1,1,0
15857,3,home,671922,0,0,1
15857,3,home,656876,0,0,1
15857,3,home,656641,1,1,0
15857,3,home,686973,1,1,0
15857,3,away,695505,0,0,1
15857,3,away,666200,1,1,0
15857,3,away,661395,0,0,1
15857,3,away,695243,0,0,1
15857,3,away,628452,1,1,1
15857,3,away,808967,1,1,0
15857,4,home,547973,1,1,1
15857,4,home,641329,0,0,1
15857,4,home,671922,1,0,1
15857,4,home,656876,1,1,1
15857,4,home,656641,0,0,1
15857,4,home,686973,0,0,1
15857,4,away,695505,1,1,1
15857,4,away,666200,0,0,1
15857,4,away,661395,1,1,0
15857,4,away,695243,1,1,1
15857,4,away,628452,1,0,1
15857,4,away,808967,0,0,1
15858,1,home,547973,1,0,1
15858,1,home,641329,1,0,1
15858,1,home,671922,1,1,0
15858,1,home,656876,1,1,1
15858,1,home,656641,1,0,1
15858,1,home,686973,1,0,1
15858,1,away,695505,1,1,0
15858,1,away,666200,1,0,1
15858,1,away,661395,1,0,1
15858,1,away,695243,1,1,1
15858,1,away,628452,1,0,1
15858,1,away,808967,1,1,0
15858,2,home,547973,1,0,1
15858,2,home,641329,1,0,1
15858,2,home,671922,0,0,1
15858,2,home,656876,1,1,0
15858,2,home,656641,1,1,1
15858,2,home,686973,1,0,1
15858,2,away,695505,0,0,1
15858,2,away,666200,1,1,1
15858,2,away,661395,1,0,1
15858,2,away,695243,1,1,0
15858,2,away,628452,1,1,0
15858,2,away,808967,0,0,1
15858,3,home,547973,1,0,1
15858,3,home,641329,1,1,0
15858,3,home,671922,1,0,1
15858,3,home,656876,0,0,1
15858,3,home,656641,1,0,1
15858,3,home,686973,1,1,0
15858,3,away,695505,1,1,1
15858,3,away,666200,1,1,0
15858,3,away,661395,1,0,1
15858,3,away,695243,0,0,0
15858,3,away,628452,0,0,1
15858,3,away,808967,1,0,1
15858,4,home,547973,1,1,0
15858,4,home,641329,0,0,0
15858,4,home,671922,1,0,1
15858,4,home,656876,1,1,0
15858,4,home,656641,1,1,0
15858,4,home,686973,0,0,1
15858,4,away,695505,1,1,0
15858,4,away,666200,0,0,1
15858,4,away,661395,1,1,1
15858,4,away,695243,0,0,1
15858,4,away,628452,1,0,1
15858,4,away,808967,1,1,0
15859,1,home,547973,1,0,1
15859,1,home,641329,1,0,1
15859,1,home,671922,1,0,1
15859,1,home,656876,1,1,1
15859,1,home,656641,1,1,0
15859,1,home,686973,1,0,1
15859,1,away,695505,1,1,0
15859,1,away,666200,1,1,1
15859,1,away,661395,1,0,1
15859,1,away,695243,1,1,0
15859,1,away,628452,1,0,1
15859,1,away,808967,1,0,1
15859,2,home,547973,1,0,1
15859,2,home,641329,1,1,1
15859,2,home,671922,1,0,1
15859,2,home,656876,1,1,0
15859,2,home,656641,0,0,1
15859,2,home,686973,1,1,1
15859,2,away,695505,0,0,0
15859,2,away,666200,1,1,0
15859,2,away,661395,1,1,1
15859,2,away,695243,0,0,1
15859,2,away,628452,1,0,1
15859,2,away,808967,1,1,1
15859,3,home,547973,1,0,1
15859,3,home,641329,1,0,1
15859,3,home,671922,1,1,0
15859,3,home,656876,0,0,1
15859,3,home,656641,1,1,0
15859,3,home,686973,1,0,1
15859,3,away,695505,0,0,0
15859,3,away,666200,0,0,1
15859,3,away,661395,1,1,1
15859,3,away,695243,1,1,1
15859,3,away,628452,1,0,1
15859,3,away,808967,1,1,0
15859,4,home,547973,1,1,0
15859,4,home,641329,1,1,0
15859,4,home,671922,0,0,1
15859,4,home,656876,1,1,0
15859,4,home,656641,0,0,1
15859,4,home,686973,1,1,0
15859,4,away,695505,0,0,1
15859,4,away,666200,1,1,0
15859,4,away,661395,1,1,0
15859,4,away,695243,1,0,1
15859,4,away,628452,1,1,0
15859,4,away,808967,0,0,1
15860,1,home,547973,1,1,0
15860,1,home,641329,1,1,0
15860,1,home,671922,1,0,1
15860,1,home,656876,1,1,0
15860,1,home,656641,1,1,0
15860,1,home,686973,1,0,1
15860,1,away,695505,1,1,1
15860,1,away,666200,1,1,0
15860,1,away,661395,1,0,1
15860,1,away,695243,1,1,0
15860,1,away,628452,1,0,1
15860,1,away,808967,1,0,1
15860,2,home,547973,0,0,1
15860,2,home,641329,0,0,1
15860,2,home,671922,1,0,1
15860,2,home,656876,0,0,1
15860,2,home,656641,0,0,1
15860,2,home,686973,1,0,1
15860,2,away,695505,1,0,1
15860,2,away,666200,0,0,1
15860,2,away,661395,1,0,1
15860,2,away,695243,0,0,1
15860,2,away,628452,1,0,1
15860,2,away,808967,1,0,1
15860,3,home,547973,1,0,1
15860,3,home,641329,1,1,0
15860,3,home,671922,1,0,1
15860,3,home,656876,1,0,1
15860,3,home,656641,1,0,1
15860,3,home,686973,1,0,1
15860,3,away,695505,1,1,0
15860,3,away,666200,1,1,1
15860,3,away,661395,1,0,1
15860,3,away,695243,1,1,0
15860,3,away,628452,1,1,1
15860,3,away,808967,1,1,1
15860,4,home,547973,1,0,1
15860,4,home,641329,0,0,1
15860,4,home,671922,1,0,1
15860,4,home,656876,1,0,1
15860,4,home,656641,1,0,1
15860,4,home,686973,1,0,1
15860,4,away,695505,0,0,1
15860,4,away,666200,1,1,0
15860,4,away,661395,1,0,1
15860,4,away,695243,0,0,0
15860,4,away,628452,1,1,0
15860,4,away,808967,1,0,1
15861,1,home,547973,1,0,1
15861,1,home,641329,1,0,1
15861,1,home,671922,1,0,1
15861,1,home,656876,1,1,1
15861,1,home,656641,1,1,0
15861,1,home,686973,1,0,1
15861,1,away,695505,1,1,0
15861,1,away,666200,1,1,0
15861,1,away,661395,1,1,0
15861,1,away,695243,1,1,0
15861,1,away,628452,1,0,1
15861,1,away,808967,1,0,1
15861,2,home,547973,1,1,0
15861,2,home,641329,1,0,1
15861,2,home,671922,1,1,0
15861,2,home,656876,1,1,1
15861,2,home,656641,0,0,1
15861,2,home,686973,1,1,0
15861,2,away,695505,0,0,1
15861,2,away,666200,0,0,1
15861,2,away,661395,0,0,1
15861,2,away,695243,0,0,0
15861,2,away,628452,1,1,0
15861,2,away,808967,1,1,0
15861,3,home,547973,0,0,1
15861,3,home,641329,1,1,0
15861,3,home,671922,0,0,1
15861,3,home,656876,1,0,1
15861,3,home,656641,1,1,0
15861,3,home,686973,0,0,1
15861,3,away,695505,1,1,0
15861,3,away,666200,1,1,1
15861,3,away,661395,1,1,0
15861,3,away,695243,0,0,1
15861,3,away,628452,0,0,1
15861,3,away,808967,0,0,0
15861,4,home,547973,1,0,1
15861,4,home,641329,0,0,1
15861,4,home,671922,1,0,1
15861,4,home,656876,1,0,1
15861,4,home,656641,0,0,1
15861,4,home,686973,1,1,0
15861,4,away,695505,0,0,1
15861,4,away,666200,1,1,0
15861,4,away,661395,0,0,1
15861,4,away,695243,1,0,1
15861,4,away,628452,1,0,1
15861,4,away,808967,0,0,1
15862,1,home,547973,1,0,1
15862,1,home,641329,1,0,1
15862,1,home,671922,1,1,1
15862,1,home,656876,1,1,0
15862,1,home,656641,1,0,1
15862,1,home,686973,1,0,1
15862,1,away,695505,1,1,1
15862,1,away,666200,1,1,1
15862,1,away,661395,1,0,1
15862,1,away,695243,1,1,0
15862,1,away,628452,1,0,1
15862,1,away,808967,1,0,1
15862,2,home,547973,1,1,0
15862,2,home,641329,1,0,1
15862,2,home,671922,1,1,1
15862,2,home,656876,0,0,1
15862,2,home,656641,1,1,0
15862,2,home,686973,1,1,1
15862,2,away,695505,1,1,1
15862,2,away,666200,1,1,1
15862,2,away,661395,1,1,0
15862,2,away,695243,0,0,1
15862,2,away,628452,1,1,1
15862,2,away,808967,1,1,1
15862,3,home,547973,0,0,1
15862,3,home,641329,1,1,1
15862,3,home,671922,1,1,0
15862,3,home,656876,1,1,0
15862,3,home,656641,0,0,1
15862,3,home,686973,1,1,1
15862,3,away,695505,1,1,1
15862,3,away,666200,1,1,0
15862,3,away,661395,0,0,1
15862,3,away,695243,1,1,0
15862,3,away,628452,1,0,1
15862,3,away,808967,1,1,0
15862,4,home,547973,1,1,0
15862,4,home,641329,1,1,0
15862,4,home,671922,0,0,1
15862,4,home,656876,0,0,1
15862,4,home,656641,1,1,0
15862,4,home,686973,1,1,0
15862,4,away,695505,1,1,0
15862,4,away,666200,0,0,1
15862,4,away,661395,1,1,1
15862,4,away,695243,0,0,0
15862,4,away,628452,1,1,0
15862,4,away,808967,0,0,0
15863,1,home,547973,1,0,1
15863,1,home,641329,1,0,1
15863,1,home,671922,1,0,1
15863,1,home,656876,1,1,1
15863,1,home,656641,1,1,0
15863,1,home,686973,1,1,0
15863,1,away,695505,1,1,0
15863,1,away,666200,1,1,0
15863,1,away,661395,1,0,1
15863,1,away,695243,1,0,1
15863,1,away,628452,1,1,0
15863,1,away,808967,1,1,0
15863,2,home,547973,1,1,0
15863,2,home,641329,1,0,1
15863,2,home,671922,1,1,0
15863,2,home,656876,1,1,0
15863,2,home,656641,0,0,1
15863,2,home,686973,0,0,1
15863,2,away,695505,0,0,1
15863,2,away,666200,0,0,0
15863,2,away,661395,1,1,1
15863,2,away,695243,1,1,1
15863,2,away,628452,0,0,1
15863,2,away,808967,0,0,1
15863,3,home,547973,0,0,1
15863,3,home,641329,1,1,1
15863,3,home,671922,0,0,1
15863,3,home,656876,0,0,1
15863,3,home,656641,1,1,1
15863,3,home,686973,1,1,1
15863,3,away,695505,1,1,0
15863,3,away,666200,0,0,1
15863,3,away,661395,1,1,0
15863,3,away,695243,1,1,0
15863,3,away,628452,1,0,1
15863,3,away,808967,1,1,1
15863,4,home,547973,1,0,1
15863,4,home,641329,1,1,0
15863,4,home,671922,1,0,1
15863,4,home,656876,1,0,1
15863,4,home,656641,1,0,1
15863,4,home,686973,1,1,0
15863,4,away,695505,0,0,1
15863,4,away,666200,1,1,1
15863,4,away,661395,0,0,1
15863,4,away,695243,0,0,1
15863,4,away,628452,1,1,0
15863,4,away,808967,1,1,0
15864,1,home,547973,1,1,0
15864,1,home,641329,1,0,1
15864,1,home,671922,1,0,1
15864,1,home,656876,1,0,1
15864,1,home,656641,1,0,1
15864,1,home,686973,1,0,1
15864,1,away,695505,1,1,0
15864,1,away,666200,1,1,1
15864,1,away,661395,1,0,1
15864,1,away,695243,1,1,1
15864,1,away,628452,1,0,1
15864,1,away,808967,1,0,1
15864,2,home,547973,0,0,1
15864,2,home,641329,1,0,1
15864,2,home,671922,1,1,1
15864,2,home,656876,1,1,0
15864,2,home,656641,1,1,1
15864,2,home,686973,1,0,1
15864,2,away,695505,0,0,1
15864,2,away,666200,1,1,1
15864,2,away,661395,1,1,1
15864,2,away,695243,1,1,0
15864,2,away,628452,1,0,1
15864,2,away,808967,1,1,1
15864,3,home,547973,1,0,1
15864,3,home,641329,1,0,1
15864,3,home,671922,1,1,1
15864,3,home,656876,0,0,1
15864,3,home,656641,1,1,0
15864,3,home,686973,1,1,0
15864,3,away,695505,1,1,0
15864,3,away,666200,1,1,1
15864,3,away,661395,1,0,1
15864,3,away,695243,0,0,1
15864,3,away,628452,1,1,1
15864,3,away,808967,1,1,0
15864,4,home,547973,1,1,0
15864,4,home,641329,1,0,1
15864,4,home,671922,1,1,0
15864,4,home,656876,1,1,1
15864,4,home,656641,0,0,1
15864,4,home,686973,0,0,1
15864,4,away,695505,0,0,1
15864,4,away,666200,1,1,0
15864,4,away,661395,1,0,1
15864,4,away,695243,1,1,1
15864,4,away,628452,1,1,0
15864,4,away,808967,0,0,1
15865,1,home,547973,1,0,1
15865,1,home,641329,1,0,1
15865,1,home,671922,1,0,1
15865,1,home,656876,1,1,0
15865,1,home,656641,1,1,0
15865,1,home,686973,1,1,0
15865,1,away,695505,1,1,0
15865,1,away,666200,1,1,1
15865,1,away,661395,1,1,0
15865,1,away,695243,1,0,1
15865,1,away,628452,1,0,1
15865,1,away,808967,1,1,0
15865,2,home,547973,1,1,0
15865,2,home,641329,1,0,1
15865,2,home,671922,1,1,0
15865,2,home,656876,0,0,1
15865,2,home,656641,0,0,1
15865,2,home,686973,0,0,1
15865,2,away,695505,0,0,1
15865,2,away,666200,1,0,1
15865,2,away,661395,0,0,1
15865,2,away,695243,1,1,0
15865,2,away,628452,1,1,0
15865,2,away,808967,0,0,1
15865,3,home,547973,0,0,1
15865,3,home,641329,1,0,1
15865,3,home,671922,0,0,1
15865,3,home,656876,1,1,1
15865,3,home,656641,1,1,0
15865,3,home,686973,1,1,1
15865,3,away,695505,1,1,1
15865,3,away,666200,1,1,0
15865,3,away,661395,1,0,1
15865,3,away,695243,0,0,1
15865,3,away,628452,0,0,1
15865,3,away,808967,1,1,0
15865,4,home,547973,1,0,1
15865,4,home,641329,1,1,0
15865,4,home,671922,1,1,0
15865,4,home,656876,1,1,0
15865,4,home,656641,0,0,0
15865,4,home,686973,1,0,1
15865,4,away,695505,1,1,0
15865,4,away,666200,0,0,1
15865,4,away,661395,1,1,1
15865,4,away,695243,1,0,1
15865,4,away,628452,1,1,0
15865,4,away,808967,0,0,0
15866,1,home,547973,1,1,0
15866,1,home,641329,1,0,1
15866,1,home,671922,1,0,1
15866,1,home,656876,1,1,0
15866,1,home,656641,1,1,1
15866,1,home,686973,1,0,1
15866,1,away,695505,1,1,0
15866,1,away,666200,1,1,0
15866,1,away,661395,1,1,0
15866,1,away,695243,1,1,0
15866,1,away,628452,1,1,1
15866,1,away,808967,1,1,0
15866,2,home,547973,0,0,1
15866,2,home,641329,1,0,1
15866,2,home,671922,1,0,1
15866,2,home,656876,0,0,1
15866,2,home,656641,1,1,0
15866,2,home,686973,1,1,0
15866,2,away,695505,0,0,1
15866,2,away,666200,0,0,1
15866,2,away,661395,0,0,1
15866,2,away,695243,0,0,1
15866,2,away,628452,1,1,0
15866,2,away,808967,0,0,1
15866,3,home,547973,1,1,0
15866,3,home,641329,1,0,1
15866,3,home,671922,1,1,0
15866,3,home,656876,1,1,0
15866,3,home,656641,0,0,1
15866,3,home,686973,0,0,1
15866,3,away,695505,1,1,1
15866,3,away,666200,1,1,0
15866,3,away,661395,1,0,1
15866,3,away,695243,1,1,0
15866,3,away,628452,0,0,1
15866,3,away,808967,1,0,1
15866,4,home,547973,0,0,0
15866,4,home,641329,1,1,0
15866,4,home,671922,0,0,1
15866,4,home,656876,0,0,0
15866,4,home,656641,1,1,1
15866,4,home,686973,1,0,1
15866,4,away,695505,1,0,1
15866,4,away,666200,0,0,1
15866,4,away,661395,1,0,1
15866,4,away,695243,0,0,1
15866,4,away,628452,1,0,1
15866,4,away,808967,1,0,1
15867,1,home,547973,1,1,1
15867,1,home,641329,1,0,1
15867,1,home,671922,1,1,0
15867,1,home,656876,1,1,0
15867,1,home,656641,1,1,0
15867,1,home,686973,1,0,1
15867,1,away,695505,1,1,1
15867,1,away,666200,1,1,0
15867,1,away,661395,1,0,1
15867,1,away,695243,1,1,0
15867,1,away,628452,1,0,1
15867,1,away,808967,1,1,0
15867,2,home,547973,1,1,0
15867,2,home,641329,1,0,1
15867,2,home,671922,0,0,1
15867,2,home,656876,0,0,0
15867,2,home,656641,0,0,1
15867,2,home,686973,1,1,1
15867,2,away,695505,1,1,0
15867,2,away,666200,0,0,1
15867,2,away,661395,1,1,0
15867,2,away,695243,0,0,1
15867,2,away,628452,1,1,0
15867,2,away,808967,0,0,1
15867,3,home,547973,0,0,1
15867,3,home,641329,1,0,1
15867,3,home,671922,1,0,1
15867,3,home,656876,0,0,1
15867,3,home,656641,1,1,0
15867,3,home,686973,1,1,0
15867,3,away,695505,0,0,0
15867,3,away,666200,1,1,0
15867,3,away,661395,0,0,1
15867,3,away,695243,1,1,0
15867,3,away,628452,0,0,1
15867,3,away,808967,1,1,0
15867,4,home,547973,1,1,0
15867,4,home,641329,1,1,1
15867,4,home,671922,1,1,1
15867,4,home,656876,1,1,0
15867,4,home,656641,0,0,1
15867,4,home,686973,0,0,1
15867,4,away,695505,0,0,1
15867,4,away,666200,0,0,1
15867,4,away,661395,1,1,1
15867,4,away,695243,0,0,1
15867,4,away,628452,1,1,0
15867,4,away,808967,0,0,1
15868,1,home,547973,1,0,1
15868,1,home,641329,1,0,1
15868,1,home,671922,1,1,0
15868,1,home,656876,1,1,0
15868,1,home,656641,1,1,0
15868,1,home,686973,1,0,1
15868,1,away,695505,1,1,0
15868,1,away,666200,1,1,1
15868,1,away,661395,1,1,1
15868,1,away,695243,1,1,1
15868,1,away,628452,1,0,1
15868,1,away,808967,1,0,1
15868,2,home,547973,1,1,0
15868,2,home,641329,1,1,1
15868,2,home,671922,0,0,1
15868,2,home,656876,0,0,1
15868,2,home,656641,0,0,1
15868,2,home,686973,1,1,0
15868,2,away,695505,0,0,1
15868,2,away,666200,1,1,0
15868,2,away,661395,1,0,1
15868,2,away,695243,1,1,0
15868,2,away,628452,1,1,0
15868,2,away,808967,1,1,0
15868,3,home,547973,0,0,1
15868,3,home,641329,1,0,1
15868,3,home,671922,1,1,0
15868,3,home,656876,1,1,0
15868,3,home,656641,1,1,1
15868,3,home,686973,0,0,1
15868,3,away,695505,1,1,1
15868,3,away,666200,0,0,1
15868,3,away,661395,1,1,1
15868,3,away,695243,0,0,1
15868,3,away,628452,0,0,1
15868,3,away,808967,0,0,1
15868,4,home,547973,1,0,1
15868,4,home,641329,1,1,0
15868,4,home,671922,0,0,1
15868,4,home,656876,0,0,1
15868,4,home,656641,1,1,0
15868,4,home,686973,1,1,1
15868,4,away,695505,1,1,0
15868,4,away,666200,1,1,1
15868,4,away,661395,1,0,1
15868,4,away,695243,1,0,1
15868,4,away,628452,1,0,1
15868,4,away,808967,1,1,0
15869,1,home,547973,1,0,1
15869,1,home,641329,1,0,1
15869,1,home,671922,1,0,1
15869,1,home,656876,1,1,0
15869,1,home,656641,1,0,1
15869,1,home,686973,1,1,1
15869,1,away,695505,1,1,1
15869,1,away,666200,1,1,0
15869,1,away,661395,1,0,1
15869,1,away,695243,1,1,0
15869,1,away,628452,1,0,1
15869,1,away,808967,1,1,1
15869,2,home,547973,1,0,1
15869,2,home,641329,1,0,1
15869,2,home,671922,1,0,1
15869,2,home,656876,0,0,1
15869,2,home,656641,1,1,1
15869,2,home,686973,1,1,0
15869,2,away,695505,1,1,0
15869,2,away,666200,0,0,0
15869,2,away,661395,1,1,1
15869,2,away,695243,0,0,1
15869,2,away,628452,1,0,1
15869,2,away,808967,1,1,0
15869,3,home,547973,1,0,1
15869,3,home,641329,1,0,1
15869,3,home,671922,1,0,1
15869,3,home,656876,1,0,1
15869,3,home,656641,1,0,1
15869,3,home,686973,0,0,1
15869,3,away,695505,0,0,1
15869,3,away,666200,0,0,1
15869,3,away,661395,1,0,1
15869,3,away,695243,1,0,1
15869,3,away,628452,1,0,1
15869,3,away,808967,0,0,1
15869,4,home,547973,1,0,1
15869,4,home,641329,1,1,1
15869,4,home,671922,1,0,1
15869,4,home,656876,1,1,1
15869,4,home,656641,1,0,1
15869,4,home,686973,1,1,0
15869,4,away,695505,1,1,1
15869,4,away,666200,1,1,1
15869,4,away,661395,1,0,1
15869,4,away,695243,1,1,1
15869,4,away,628452,1,1,1
15869,4,away,808967,1,1,0
15870,1,home,547973,1,0,1
15870,1,home,641329,1,0,1
15870,1,home,671922,1,0,1
15870,1,home,656876,1,1,1
15870,1,home,656641,1,0,1
15870,1,home,686973,1,1,1
15870,1,away,695505,1,1,0
15870,1,away,666200,1,1,1
15870,1,away,661395,1,0,1
15870,1,away,695243,1,1,0
15870,1,away,628452,1,0,1
15870,1,away,808967,1,1,0
15870,2,home,547973,1,0,1
15870,2,home,641329,1,1,0
15870,2,home,671922,1,1,0
15870,2,home,656876,1,1,1
15870,2,home,656641,1,1,0
15870,2,home,686973,1,0,1
15870,2,away,695505,0,0,1
15870,2,away,666200,1,1,1
15870,2,away,661395,1,1,0
15870,2,away,695243,0,0,1
15870,2,away,628452,1,1,0
15870,2,away,808967,0,0,1
15870,3,home,547973,1,1,1
15870,3,home,641329,0,0,1
15870,3,home,671922,0,0,1
15870,3,home,656876,1,1,0
15870,3,home,656641,0,0,1
15870,3,home,686973,1,1,0
15870,3,away,695505,1,1,0
15870,3,away,666200,1,1,1
15870,3,away,661395,0,0,0
15870,3,away,695243,1,1,0
15870,3,away,628452,0,0,1
15870,3,away,808967,1,0,1
15870,4,home,547973,1,0,1
15870,4,home,641329,1,1,1
15870,4,home,671922,1,0,1
15870,4,home,656876,0,0,1
15870,4,home,656641,1,1,1
15870,4,home,686973,0,0,1
15870,4,away,695505,0,0,0
15870,4,away,666200,1,1,0
15870,4,away,661395,0,0,1
15870,4,away,695243,0,0,1
15870,4,away,628452,1,1,0
15870,4,away,808967,1,1,0
15871,1,home,547973,1,0,1
15871,1,home,641329,1,0,1
15871,1,home,671922,1,1,1
15871,1,home,656876,1,1,1
15871,1,home,656641,1,1,0
15871,1,home,686973,1,0,1
15871,1,away,695505,1,1,1
15871,1,away,666200,1,1,0
15871,1,away,661395,1,0,1
15871,1,away,695243,1,1,1
15871,1,away,628452,1,0,1
15871,1,away,808967,1,1,0
15871,2,home,547973,1,1,0
15871,2,home,641329,1,0,1
15871,2,home,671922,1,0,1
15871,2,home,656876,1,0,1
15871,2,home,656641,0,0,1
15871,2,home,686973,1,1,0
15871,2,away,695505,1,1,0
15871,2,away,666200,0,0,1
15871,2,away,661395,1,1,0
15871,2,away,695243,1,1,0
15871,2,away,628452,1,0,1
15871,2,away,808967,0,0,1
15871,3,home,547973,0,0,1
15871,3,home,641329,1,0,1
15871,3,home,671922,1,1,0
15871,3,home,656876,1,1,0
15871,3,home,656641,1,1,0
15871,3,home,686973,0,0,1
15871,3,away,695505,0,0,1
15871,3,away,666200,1,1,1
15871,3,away,661395,0,0,1
15871,3,away,695243,0,0,1
15871,3,away,628452,1,1,1
15871,3,away,808967,1,1,0
15871,4,home,547973,1,1,0
15871,4,home,641329,1,1,0
15871,4,home,671922,0,0,1
15871,4,home,656876,0,0,1
15871,4,home,656641,0,0,1
15871,4,home,686973,1,0,1
15871,4,away,695505,1,1,1
15871,4,away,666200,1,1,0
15871,4,away,661395,1,0,1
15871,4,away,695243,1,1,0
15871,4,away,628452,1,0,1
15871,4,away,808967,0,0,1
15872,1,home,547973,1,0,1
15872,1,home,641329,1,0,1
15872,1,home,671922,1,1,0
15872,1,home,656876,1,1,0
15872,1,home,656641,1,1,1
15872,1,home,686973,1,0,1
15872,1,away,695505,1,0,1
15872,1,away,666200,1,1,0
15872,1,away,661395,1,0,1
15872,1,away,695243,1,1,1
15872,1,away,628452,1,0,1
15872,1,away,808967,1,1,0
15872,2,home,547973,1,1,1
15872,2,home,641329,1,0,1
15872,2,home,671922,0,0,0
15872,2,home,656876,0,0,1
15872,2,home,656641,1,1,0
15872,2,home,686973,1,0,1
15872,2,away,695505,1,1,0
15872,2,away,666200,0,0,1
15872,2,away,661395,1,1,0
15872,2,away,695243,1,1,0
15872,2,away,628452,1,1,0
15872,2,away,808967,0,0,1
15872,3,home,547973,1,0,1
15872,3,home,641329,1,0,1
15872,3,home,671922,0,0,1
15872,3,home,656876,1,0,1
15872,3,home,656641,0,0,1
15872,3,home,686973,1,0,1
15872,3,away,695505,0,0,1
15872,3,away,666200,1,0,1
15872,3,away,661395,0,0,1
15872,3,away,695243,0,0,1
15872,3,away,628452,0,0,0
15872,3,away,808967,1,0,1
15872,4,home,547973,1,1,1
15872,4,home,641329,1,1,0
15872,4,home,671922,1,0,1
15872,4,home,656876,1,1,1
15872,4,home,656641,1,0,1
15872,4,home,686973,1,0,1
15872,4,away,695505,1,1,1
15872,4,away,666200,1,1,0
15872,4,away,661395,1,1,0
15872,4,away,695243,1,1,1
15872,4,away,628452,0,0,1
15872,4,away,808967,1,1,1
