sequence,game,policies,home_initial_rest,away_initial_rest,home_wins_before,away_wins_before,home_score,away_score,terminal_result,winner,post_clinch,decisions
62849,1,"{""series"":[""solutions/game_1/series/rest-111111/top"",""solutions/game_1/series/rest-111111/bot""]}","[1,1,1,1,1,1]","[1,1,1,1,1,1]",0,0,10,3,home_win,home,0,86
62849,2,"{""series"":[""solutions/game_2/series/home_wins_1/rest-111000/top"",""solutions/game_2/series/home_wins_1/rest-111100/bot""]}","[1,1,1,0,0,0]","[1,1,1,1,0,0]",1,0,3,6,away_win,away,0,85
62849,3,"{""series"":[""solutions/game_3/series/home_wins_1/rest-011101/top"",""solutions/game_3/series/home_wins_1/rest-110111/bot""]}","[0,1,1,1,0,1]","[1,1,0,1,1,1]",1,1,2,4,away_win,away,0,90
62849,4,"{""series"":[""solutions/game_4/series/home_wins_1/rest-010010/top"",""solutions/game_4/series/home_wins_1/rest-011110/bot""]}","[0,1,0,0,1,0]","[0,1,1,1,1,0]",1,2,4,3,home_win,home,0,80
62849,5,"{""series"":[""solutions/game_5/single/rest-001111/top"",""solutions/game_5/single/rest-110101/bot""]}","[0,0,1,1,1,1]","[1,1,0,1,0,1]",2,2,5,4,home_win,home,0,84
62850,1,"{""series"":[""solutions/game_1/series/rest-111111/top"",""solutions/game_1/series/rest-111111/bot""]}","[1,1,1,1,1,1]","[1,1,1,1,1,1]",0,0,2,4,away_win,away,0,79
62850,2,"{""series"":[""solutions/game_2/series/home_wins_0/rest-110001/top"",""solutions/game_2/series/home_wins_0/rest-111010/bot""]}","[1,1,0,0,0,1]","[1,1,1,0,1,0]",0,1,11,3,home_win,home,0,77
62850,3,"{""series"":[""solutions/game_3/series/home_wins_1/rest-011110/top"",""solutions/game_3/series/home_wins_1/rest-110111/bot""]}","[0,1,1,1,1,0]","[1,1,0,1,1,1]",1,1,2,5,away_win,away,0,92
62850,4,"{""series"":[""solutions/game_4/series/home_wins_1/rest-110001/top"",""solutions/game_4/series/home_wins_1/rest-111010/bot""]}","[1,1,0,0,0,1]","[1,1,1,0,1,0]",1,2,11,12,away_win,away,0,110
62850,5,"{""series"":[""solutions/game_5/single/rest-001111/top"",""solutions/game_5/single/rest-000111/bot""]}","[0,0,1,1,1,1]","[0,0,0,1,1,1]",1,3,11,3,home_win,home,1,72
62851,1,"{""series"":[""solutions/game_1/series/rest-111111/top"",""solutions/game_1/series/rest-111111/bot""]}","[1,1,1,1,1,1]","[1,1,1,1,1,1]",0,0,0,4,away_win,away,0,78
62851,2,"{""series"":[""solutions/game_2/series/home_wins_0/rest-111111/top"",""solutions/game_2/series/home_wins_0/rest-011111/bot""]}","[1,1,1,1,1,1]","[0,1,1,1,1,1]",0,1,2,10,away_win,away,0,55
62851,3,"{""series"":[""solutions/game_3/series/home_wins_0/rest-011111/top"",""solutions/game_3/series/home_wins_0/rest-111111/bot""]}","[0,1,1,1,1,1]","[1,1,1,1,1,1]",0,2,11,1,home_win,home,0,66
62851,4,"{""series"":[""solutions/game_4/series/home_wins_1/rest-111111/top"",""solutions/game_4/series/home_wins_1/rest-111111/bot""]}","[1,1,1,1,1,1]","[1,1,1,1,1,1]",1,2,5,2,home_win,home,0,76
62851,5,"{""series"":[""solutions/game_5/single/rest-111001/top"",""solutions/game_5/single/rest-110101/bot""]}","[1,1,1,0,0,1]","[1,1,0,1,0,1]",2,2,3,3,tie,away,0,83
62852,1,"{""series"":[""solutions/game_1/series/rest-111111/top"",""solutions/game_1/series/rest-111111/bot""]}","[1,1,1,1,1,1]","[1,1,1,1,1,1]",0,0,5,4,home_win,home,0,78
62852,2,"{""series"":[""solutions/game_2/series/home_wins_1/rest-011001/top"",""solutions/game_2/series/home_wins_1/rest-011101/bot""]}","[0,1,1,0,0,1]","[0,1,1,1,0,1]",1,0,4,7,away_win,away,0,87
62852,3,"{""series"":[""solutions/game_3/series/home_wins_1/rest-101110/top"",""solutions/game_3/series/home_wins_1/rest-001011/bot""]}","[1,0,1,1,1,0]","[0,0,1,0,1,1]",1,1,2,10,away_win,away,0,73
62852,4,"{""series"":[""solutions/game_4/series/home_wins_1/rest-111001/top"",""solutions/game_4/series/home_wins_1/rest-111111/bot""]}","[1,1,1,0,0,1]","[1,1,1,1,1,1]",1,2,7,1,home_win,home,0,76
62852,5,"{""series"":[""solutions/game_5/single/rest-111101/top"",""solutions/game_5/single/rest-110111/bot""]}","[1,1,1,1,0,1]","[1,1,0,1,1,1]",2,2,1,7,away_win,away,0,85
62853,1,"{""series"":[""solutions/game_1/series/rest-111111/top"",""solutions/game_1/series/rest-111111/bot""]}","[1,1,1,1,1,1]","[1,1,1,1,1,1]",0,0,2,0,home_win,home,0,75
62853,2,"{""series"":[""solutions/game_2/series/home_wins_1/rest-110101/top"",""solutions/game_2/series/home_wins_1/rest-010101/bot""]}","[1,1,0,1,0,1]","[0,1,0,1,0,1]",1,0,0,11,away_win,away,0,70
62853,3,"{""series"":[""solutions/game_3/series/home_wins_1/rest-111110/top"",""solutions/game_3/series/home_wins_1/rest-111110/bot""]}","[1,1,1,1,1,0]","[1,1,1,1,1,0]",1,1,8,6,home_win,home,0,82
62853,4,"{""series"":[""solutions/game_4/series/home_wins_2/rest-111101/top"",""solutions/game_4/series/home_wins_2/rest-110111/bot""]}","[1,1,1,1,0,1]","[1,1,0,1,1,1]",2,1,2,4,away_win,away,0,76
62853,5,"{""series"":[""solutions/game_5/single/rest-101110/top"",""solutions/game_5/single/rest-111110/bot""]}","[1,0,1,1,1,0]","[1,1,1,1,1,0]",2,2,4,9,away_win,away,0,91
62854,1,"{""series"":[""solutions/game_1/series/rest-111111/top"",""solutions/game_1/series/rest-111111/bot""]}","[1,1,1,1,1,1]","[1,1,1,1,1,1]",0,0,2,11,away_win,away,0,64
62854,2,"{""series"":[""solutions/game_2/series/home_wins_0/rest-111111/top"",""solutions/game_2/series/home_wins_0/rest-011111/bot""]}","[1,1,1,1,1,1]","[0,1,1,1,1,1]",0,1,5,4,home_win,home,0,81
62854,3,"{""series"":[""solutions/game_3/series/home_wins_1/rest-110111/top"",""solutions/game_3/series/home_wins_1/rest-110110/bot""]}","[1,1,0,1,1,1]","[1,1,0,1,1,0]",1,1,2,10,away_win,away,0,77
62854,4,"{""series"":[""solutions/game_4/series/home_wins_1/rest-111101/top"",""solutions/game_4/series/home_wins_1/rest-111101/bot""]}","[1,1,1,1,0,1]","[1,1,1,1,0,1]",1,2,7,10,away_win,away,0,106
62854,5,"{""series"":[""solutions/game_5/single/rest-011011/top"",""solutions/game_5/single/rest-100011/bot""]}","[0,1,1,0,1,1]","[1,0,0,0,1,1]",1,3,2,10,away_win,away,1,78
62855,1,"{""series"":[""solutions/game_1/series/rest-111111/top"",""solutions/game_1/series/rest-111111/bot""]}","[1,1,1,1,1,1]","[1,1,1,1,1,1]",0,0,1,8,away_win,away,0,80
62855,2,"{""series"":[""solutions/game_2/series/home_wins_0/rest-111110/top"",""solutions/game_2/series/home_wins_0/rest-110111/bot""]}","[1,1,1,1,1,0]","[1,1,0,1,1,1]",0,1,3,1,home_win,home,0,75
62855,3,"{""series"":[""solutions/game_3/series/home_wins_1/rest-111001/top"",""solutions/game_3/series/home_wins_1/rest-111101/bot""]}","[1,1,1,0,0,1]","[1,1,1,1,0,1]",1,1,5,0,home_win,home,0,73
62855,4,"{""series"":[""solutions/game_4/series/home_wins_2/rest-110110/top"",""solutions/game_4/series/home_wins_2/rest-111111/bot""]}","[1,1,0,1,1,0]","[1,1,1,1,1,1]",2,1,5,4,home_win,home,0,81
62855,5,"{""series"":[""solutions/game_5/single/rest-011011/top"",""solutions/game_5/single/rest-111111/bot""]}","[0,1,1,0,1,1]","[1,1,1,1,1,1]",3,1,6,5,home_win,home,1,82
62856,1,"{""series"":[""solutions/game_1/series/rest-111111/top"",""solutions/game_1/series/rest-111111/bot""]}","[1,1,1,1,1,1]","[1,1,1,1,1,1]",0,0,12,7,home_win,home,0,89
62856,2,"{""series"":[""solutions/game_2/series/home_wins_1/rest-110101/top"",""solutions/game_2/series/home_wins_1/rest-011111/bot""]}","[1,1,0,1,0,1]","[0,1,1,1,1,1]",1,0,6,3,home_win,home,0,79
62856,3,"{""series"":[""solutions/game_3/series/home_wins_2/rest-111010/top"",""solutions/game_3/series/home_wins_2/rest-110101/bot""]}","[1,1,1,0,1,0]","[1,1,0,1,0,1]",2,0,6,3,home_win,home,0,84
62856,4,"{""series"":[""solutions/game_4/single/rest-010111/top"",""solutions/game_4/single/rest-001011/bot""]}","[0,1,0,1,1,1]","[0,0,1,0,1,1]",3,0,7,5,home_win,home,1,84
62856,5,"{""series"":[""solutions/game_5/single/rest-111001/top"",""solutions/game_5/single/rest-010111/bot""]}","[1,1,1,0,0,1]","[0,1,0,1,1,1]",4,0,6,4,home_win,home,1,79
62857,1,"{""series"":[""solutions/game_1/series/rest-111111/top"",""solutions/game_1/series/rest-111111/bot""]}","[1,1,1,1,1,1]","[1,1,1,1,1,1]",0,0,3,2,home_win,home,0,66
62857,2,"{""series"":[""solutions/game_2/series/home_wins_1/rest-110011/top"",""solutions/game_2/series/home_wins_1/rest-101111/bot""]}","[1,1,0,0,1,1]","[1,0,1,1,1,1]",1,0,1,8,away_win,away,0,79
62857,3,"{""series"":[""solutions/game_3/series/home_wins_1/rest-111111/top"",""solutions/game_3/series/home_wins_1/rest-111101/bot""]}","[1,1,1,1,1,1]","[1,1,1,1,0,1]",1,1,7,6,home_win,home,0,86
62857,4,"{""series"":[""solutions/game_4/series/home_wins_2/rest-100110/top"",""solutions/game_4/series/home_wins_2/rest-110111/bot""]}","[1,0,0,1,1,0]","[1,1,0,1,1,1]",2,1,1,7,away_win,away,0,80
62857,5,"{""series"":[""solutions/game_5/single/rest-111111/top"",""solutions/game_5/single/rest-111111/bot""]}","[1,1,1,1,1,1]","[1,1,1,1,1,1]",2,2,5,6,away_win,away,0,98
62858,1,"{""series"":[""solutions/game_1/series/rest-111111/top"",""solutions/game_1/series/rest-111111/bot""]}","[1,1,1,1,1,1]","[1,1,1,1,1,1]",0,0,6,8,away_win,away,0,84
62858,2,"{""series"":[""solutions/game_2/series/home_wins_0/rest-011101/top"",""solutions/game_2/series/home_wins_0/rest-101111/bot""]}","[0,1,1,1,0,1]","[1,0,1,1,1,1]",0,1,7,3,home_win,home,0,74
62858,3,"{""series"":[""solutions/game_3/series/home_wins_1/rest-101111/top"",""solutions/game_3/series/home_wins_1/rest-110111/bot""]}","[1,0,1,1,1,1]","[1,1,0,1,1,1]",1,1,3,4,away_win,away,0,89
62858,4,"{""series"":[""solutions/game_4/series/home_wins_1/rest-000101/top"",""solutions/game_4/series/home_wins_1/rest-101010/bot""]}","[0,0,0,1,0,1]","[1,0,1,0,1,0]",1,2,4,1,home_win,home,0,82
62858,5,"{""series"":[""solutions/game_5/single/rest-111011/top"",""solutions/game_5/single/rest-000101/bot""]}","[1,1,1,0,1,1]","[0,0,0,1,0,1]",2,2,2,3,away_win,away,0,80
62859,1,"{""series"":[""solutions/game_1/series/rest-111111/top"",""solutions/game_1/series/rest-111111/bot""]}","[1,1,1,1,1,1]","[1,1,1,1,1,1]",0,0,10,2,home_win,home,0,72
62859,2,"{""series"":[""solutions/game_2/series/home_wins_1/rest-111101/top"",""solutions/game_2/series/home_wins_1/rest-110111/bot""]}","[1,1,1,1,0,1]","[1,1,0,1,1,1]",1,0,6,5,home_win,home,0,84
62859,3,"{""series"":[""solutions/game_3/series/home_wins_2/rest-011110/top"",""solutions/game_3/series/home_wins_2/rest-001011/bot""]}","[0,1,1,1,1,0]","[0,0,1,0,1,1]",2,0,7,6,home_win,home,0,90
62859,4,"{""series"":[""solutions/game_4/single/rest-101011/top"",""solutions/game_4/single/rest-111110/bot""]}","[1,0,1,0,1,1]","[1,1,1,1,1,0]",3,0,2,7,away_win,away,1,80
62859,5,"{""series"":[""solutions/game_5/single/rest-110101/top"",""solutions/game_5/single/rest-001011/bot""]}","[1,1,0,1,0,1]","[0,0,1,0,1,1]",3,1,2,9,away_win,away,1,81
62860,1,"{""series"":[""solutions/game_1/series/rest-111111/top"",""solutions/game_1/series/rest-111111/bot""]}","[1,1,1,1,1,1]","[1,1,1,1,1,1]",0,0,6,3,home_win,home,0,80
62860,2,"{""series"":[""solutions/game_2/series/home_wins_1/rest-110101/top"",""solutions/game_2/series/home_wins_1/rest-011101/bot""]}","[1,1,0,1,0,1]","[0,1,1,1,0,1]",1,0,3,2,home_win,home,0,77
62860,3,"{""series"":[""solutions/game_3/series/home_wins_2/rest-011111/top"",""solutions/game_3/series/home_wins_2/rest-110110/bot""]}","[0,1,1,1,1,1]","[1,1,0,1,1,0]",2,0,0,1,away_win,away,0,77
62860,4,"{""series"":[""solutions/game_4/series/home_wins_2/rest-111011/top"",""solutions/game_4/series/home_wins_2/rest-001011/bot""]}","[1,1,1,0,1,1]","[0,0,1,0,1,1]",2,1,6,2,home_win,home,0,83
62860,5,"{""series"":[""solutions/game_5/single/rest-011100/top"",""solutions/game_5/single/rest-010101/bot""]}","[0,1,1,1,0,0]","[0,1,0,1,0,1]",3,1,2,8,away_win,away,1,83
62861,1,"{""series"":[""solutions/game_1/series/rest-111111/top"",""solutions/game_1/series/rest-111111/bot""]}","[1,1,1,1,1,1]","[1,1,1,1,1,1]",0,0,0,9,away_win,away,0,74
62861,2,"{""series"":[""solutions/game_2/series/home_wins_0/rest-111001/top"",""solutions/game_2/series/home_wins_0/rest-001111/bot""]}","[1,1,1,0,0,1]","[0,0,1,1,1,1]",0,1,2,1,home_win,home,0,71
62861,3,"{""series"":[""solutions/game_3/series/home_wins_1/rest-100110/top"",""solutions/game_3/series/home_wins_1/rest-111111/bot""]}","[1,0,0,1,1,0]","[1,1,1,1,1,1]",1,1,5,4,home_win,home,0,76
62861,4,"{""series"":[""solutions/game_4/series/home_wins_2/rest-011101/top"",""solutions/game_4/series/home_wins_2/rest-110111/bot""]}","[0,1,1,1,0,1]","[1,1,0,1,1,1]",2,1,4,5,away_win,away,0,76
62861,5,"{""series"":[""solutions/game_5/single/rest-110011/top"",""solutions/game_5/single/rest-011111/bot""]}","[1,1,0,0,1,1]","[0,1,1,1,1,1]",2,2,5,1,home_win,home,0,80
62862,1,"{""series"":[""solutions/game_1/series/rest-111111/top"",""solutions/game_1/series/rest-111111/bot""]}","[1,1,1,1,1,1]","[1,1,1,1,1,1]",0,0,2,4,away_win,away,0,75
62862,2,"{""series"":[""solutions/game_2/series/home_wins_0/rest-111001/top"",""solutions/game_2/series/home_wins_0/rest-111011/bot""]}","[1,1,1,0,0,1]","[1,1,1,0,1,1]",0,1,4,2,home_win,home,0,86
62862,3,"{""series"":[""solutions/game_3/series/home_wins_1/rest-000101/top"",""solutions/game_3/series/home_wins_1/rest-000010/bot""]}","[0,0,0,1,0,1]","[0,0,0,0,1,0]",1,1,0,9,away_win,away,0,49
62862,4,"{""series"":[""solutions/game_4/series/home_wins_1/rest-111111/top"",""solutions/game_4/series/home_wins_1/rest-101011/bot""]}","[1,1,1,1,1,1]","[1,0,1,0,1,1]",1,2,2,1,home_win,home,0,66
62862,5,"{""series"":[""solutions/game_5/single/rest-111001/top"",""solutions/game_5/single/rest-110111/bot""]}","[1,1,1,0,0,1]","[1,1,0,1,1,1]",2,2,0,8,away_win,away,0,33
62863,1,"{""series"":[""solutions/game_1/series/rest-111111/top"",""solutions/game_1/series/rest-111111/bot""]}","[1,1,1,1,1,1]","[1,1,1,1,1,1]",0,0,4,7,away_win,away,0,88
62863,2,"{""series"":[""solutions/game_2/series/home_wins_0/rest-011001/top"",""solutions/game_2/series/home_wins_0/rest-001010/bot""]}","[0,1,1,0,0,1]","[0,0,1,0,1,0]",0,1,3,7,away_win,away,0,96
62863,3,"{""series"":[""solutions/game_3/series/home_wins_0/rest-110110/top"",""solutions/game_3/series/home_wins_0/rest-111101/bot""]}","[1,1,0,1,1,0]","[1,1,1,1,0,1]",0,2,4,3,home_win,home,0,81
62863,4,"{""series"":[""solutions/game_4/series/home_wins_1/rest-011001/top"",""solutions/game_4/series/home_wins_1/rest-111111/bot""]}","[0,1,1,0,0,1]","[1,1,1,1,1,1]",1,2,5,4,home_win,home,0,76
62863,5,"{""series"":[""solutions/game_5/single/rest-111110/top"",""solutions/game_5/single/rest-110101/bot""]}","[1,1,1,1,1,0]","[1,1,0,1,0,1]",2,2,3,0,home_win,home,0,64
62864,1,"{""series"":[""solutions/game_1/series/rest-111111/top"",""solutions/game_1/series/rest-111111/bot""]}","[1,1,1,1,1,1]","[1,1,1,1,1,1]",0,0,7,4,home_win,home,0,85
62864,2,"{""series"":[""solutions/game_2/series/home_wins_1/rest-010011/top"",""solutions/game_2/series/home_wins_1/rest-001111/bot""]}","[0,1,0,0,1,1]","[0,0,1,1,1,1]",1,0,3,6,away_win,away,0,89
62864,3,"{""series"":[""solutions/game_3/series/home_wins_1/rest-101101/top"",""solutions/game_3/series/home_wins_1/rest-111001/bot""]}","[1,0,1,1,0,1]","[1,1,1,0,0,1]",1,1,1,8,away_win,away,0,79
62864,4,"{""series"":[""solutions/game_4/series/home_wins_1/rest-111111/top"",""solutions/game_4/series/home_wins_1/rest-111110/bot""]}","[1,1,1,1,1,1]","[1,1,1,1,1,0]",1,2,2,8,away_win,away,0,81
62864,5,"{""series"":[""solutions/game_5/single/rest-110101/top"",""solutions/game_5/single/rest-101101/bot""]}","[1,1,0,1,0,1]","[1,0,1,1,0,1]",1,3,5,4,home_win,home,1,94
62865,1,"{""series"":[""solutions/game_1/series/rest-111111/top"",""solutions/game_1/series/rest-111111/bot""]}","[1,1,1,1,1,1]","[1,1,1,1,1,1]",0,0,7,8,away_win,away,0,85
62865,2,"{""series"":[""solutions/game_2/series/home_wins_0/rest-011011/top"",""solutions/game_2/series/home_wins_0/rest-101011/bot""]}","[0,1,1,0,1,1]","[1,0,1,0,1,1]",0,1,0,8,away_win,away,0,45
62865,3,"{""series"":[""solutions/game_3/series/home_wins_0/rest-111110/top"",""solutions/game_3/series/home_wins_0/rest-111111/bot""]}","[1,1,1,1,1,0]","[1,1,1,1,1,1]",0,2,5,6,away_win,away,0,84
62865,4,"{""series"":[""solutions/game_4/single/rest-110011/top"",""solutions/game_4/single/rest-110001/bot""]}","[1,1,0,0,1,1]","[1,1,0,0,0,1]",0,3,8,6,home_win,home,1,89
62865,5,"{""series"":[""solutions/game_5/single/rest-001100/top"",""solutions/game_5/single/rest-001010/bot""]}","[0,0,1,1,0,0]","[0,0,1,0,1,0]",1,3,7,6,home_win,home,1,92
62866,1,"{""series"":[""solutions/game_1/series/rest-111111/top"",""solutions/game_1/series/rest-111111/bot""]}","[1,1,1,1,1,1]","[1,1,1,1,1,1]",0,0,1,5,away_win,away,0,75
62866,2,"{""series"":[""solutions/game_2/series/home_wins_0/rest-111011/top"",""solutions/game_2/series/home_wins_0/rest-011111/bot""]}","[1,1,1,0,1,1]","[0,1,1,1,1,1]",0,1,3,2,home_win,home,0,69
62866,3,"{""series"":[""solutions/game_3/series/home_wins_1/rest-110110/top"",""solutions/game_3/series/home_wins_1/rest-110101/bot""]}","[1,1,0,1,1,0]","[1,1,0,1,0,1]",1,1,3,11,away_win,away,0,75
62866,4,"{""series"":[""solutions/game_4/series/home_wins_1/rest-011001/top"",""solutions/game_4/series/home_wins_1/rest-111110/bot""]}","[0,1,1,0,0,1]","[1,1,1,1,1,0]",1,2,4,8,away_win,away,0,91
62866,5,"{""series"":[""solutions/game_5/single/rest-110110/top"",""solutions/game_5/single/rest-011111/bot""]}","[1,1,0,1,1,0]","[0,1,1,1,1,1]",1,3,1,3,away_win,away,1,77
62867,1,"{""series"":[""solutions/game_1/series/rest-111111/top"",""solutions/game_1/series/rest-111111/bot""]}","[1,1,1,1,1,1]","[1,1,1,1,1,1]",0,0,1,0,home_win,home,0,59
62867,2,"{""series"":[""solutions/game_2/series/home_wins_1/rest-111111/top"",""solutions/game_2/series/home_wins_1/rest-111111/bot""]}","[1,1,1,1,1,1]","[1,1,1,1,1,1]",1,0,1,3,away_win,away,0,77
62867,3,"{""series"":[""solutions/game_3/series/home_wins_1/rest-101100/top"",""solutions/game_3/series/home_wins_1/rest-011011/bot""]}","[1,0,1,1,0,0]","[0,1,1,0,1,1]",1,1,8,0,home_win,home,0,61
62867,4,"{""series"":[""solutions/game_4/series/home_wins_2/rest-111011/top"",""solutions/game_4/series/home_wins_2/rest-110011/bot""]}","[1,1,1,0,1,1]","[1,1,0,0,1,1]",2,1,9,4,home_win,home,0,79
62867,5,"{""series"":[""solutions/game_5/single/rest-011100/top"",""solutions/game_5/single/rest-111110/bot""]}","[0,1,1,1,0,0]","[1,1,1,1,1,0]",3,1,6,4,home_win,home,1,81
62868,1,"{""series"":[""solutions/game_1/series/rest-111111/top"",""solutions/game_1/series/rest-111111/bot""]}","[1,1,1,1,1,1]","[1,1,1,1,1,1]",0,0,8,0,home_win,home,0,55
62868,2,"{""series"":[""solutions/game_2/series/home_wins_1/rest-101111/top"",""solutions/game_2/series/home_wins_1/rest-111111/bot""]}","[1,0,1,1,1,1]","[1,1,1,1,1,1]",1,0,0,0,tie,away,0,81
62868,3,"{""series"":[""solutions/game_3/series/home_wins_1/rest-010111/top"",""solutions/game_3/series/home_wins_1/rest-101111/bot""]}","[0,1,0,1,1,1]","[1,0,1,1,1,1]",1,1,13,5,home_win,home,0,77
62868,4,"{""series"":[""solutions/game_4/series/home_wins_2/rest-111100/top"",""solutions/game_4/series/home_wins_2/rest-010111/bot""]}","[1,1,1,1,0,0]","[0,1,0,1,1,1]",2,1,3,5,away_win,away,0,74
62868,5,"{""series"":[""solutions/game_5/single/rest-101101/top"",""solutions/game_5/single/rest-101101/bot""]}","[1,0,1,1,0,1]","[1,0,1,1,0,1]",2,2,3,7,away_win,away,0,85
62869,1,"{""series"":[""solutions/game_1/series/rest-111111/top"",""solutions/game_1/series/rest-111111/bot""]}","[1,1,1,1,1,1]","[1,1,1,1,1,1]",0,0,1,3,away_win,away,0,76
62869,2,"{""series"":[""solutions/game_2/series/home_wins_0/rest-010111/top"",""solutions/game_2/series/home_wins_0/rest-101010/bot""]}","[0,1,0,1,1,1]","[1,0,1,0,1,0]",0,1,3,0,home_win,home,0,70
62869,3,"{""series"":[""solutions/game_3/series/home_wins_1/rest-111001/top"",""solutions/game_3/series/home_wins_1/rest-110101/bot""]}","[1,1,1,0,0,1]","[1,1,0,1,0,1]",1,1,8,0,home_win,home,0,51
62869,4,"{""series"":[""solutions/game_4/series/home_wins_2/rest-111111/top"",""solutions/game_4/series/home_wins_2/rest-111101/bot""]}","[1,1,1,1,1,1]","[1,1,1,1,0,1]",2,1,3,5,away_win,away,0,92
62869,5,"{""series"":[""solutions/game_5/single/rest-101110/top"",""solutions/game_5/single/rest-001110/bot""]}","[1,0,1,1,1,0]","[0,0,1,1,1,0]",2,2,4,3,home_win,home,0,74
62870,1,"{""series"":[""solutions/game_1/series/rest-111111/top"",""solutions/game_1/series/rest-111111/bot""]}","[1,1,1,1,1,1]","[1,1,1,1,1,1]",0,0,7,5,home_win,home,0,75
62870,2,"{""series"":[""solutions/game_2/series/home_wins_1/rest-111001/top"",""solutions/game_2/series/home_wins_1/rest-001110/bot""]}","[1,1,1,0,0,1]","[0,0,1,1,1,0]",1,0,8,4,home_win,home,0,89
62870,3,"{""series"":[""solutions/game_3/series/home_wins_2/rest-000001/top"",""solutions/game_3/series/home_wins_2/rest-110101/bot""]}","[0,0,0,0,0,1]","[1,1,0,1,0,1]",2,0,1,2,away_win,away,0,71
62870,4,"{""series"":[""solutions/game_4/series/home_wins_2/rest-101110/top"",""solutions/game_4/series/home_wins_2/rest-001011/bot""]}","[1,0,1,1,1,0]","[0,0,1,0,1,1]",2,1,0,8,away_win,away,0,58
62870,5,"{""series"":[""solutions/game_5/single/rest-111111/top"",""solutions/game_5/single/rest-111111/bot""]}","[1,1,1,1,1,1]","[1,1,1,1,1,1]",2,2,5,3,home_win,home,0,83
62871,1,"{""series"":[""solutions/game_1/series/rest-111111/top"",""solutions/game_1/series/rest-111111/bot""]}","[1,1,1,1,1,1]","[1,1,1,1,1,1]",0,0,11,3,home_win,home,0,73
62871,2,"{""series"":[""solutions/game_2/series/home_wins_1/rest-111100/top"",""solutions/game_2/series/home_wins_1/rest-111111/bot""]}","[1,1,1,1,0,0]","[1,1,1,1,1,1]",1,0,10,2,home_win,home,0,68
62871,3,"{""series"":[""solutions/game_3/series/home_wins_2/rest-011111/top"",""solutions/game_3/series/home_wins_2/rest-111010/bot""]}","[0,1,1,1,1,1]","[1,1,1,0,1,0]",2,0,1,0,home_win,home,0,62
62871,4,"{""series"":[""solutions/game_4/single/rest-111001/top"",""solutions/game_4/single/rest-101111/bot""]}","[1,1,1,0,0,1]","[1,0,1,1,1,1]",3,0,5,2,home_win,home,1,69
62871,5,"{""series"":[""solutions/game_5/single/rest-111111/top"",""solutions/game_5/single/rest-011110/bot""]}","[1,1,1,1,1,1]","[0,1,1,1,1,0]",4,0,8,0,home_win,home,1,38
62872,1,"{""series"":[""solutions/game_1/series/rest-111111/top"",""solutions/game_1/series/rest-111111/bot""]}","[1,1,1,1,1,1]","[1,1,1,1,1,1]",0,0,2,1,home_win,home,0,72
62872,2,"{""series"":[""solutions/game_2/series/home_wins_1/rest-111101/top"",""solutions/game_2/series/home_wins_1/rest-101010/bot""]}","[1,1,1,1,0,1]","[1,0,1,0,1,0]",1,0,8,1,home_win,home,0,79
62872,3,"{""series"":[""solutions/game_3/series/home_wins_2/rest-111010/top"",""solutions/game_3/series/home_wins_2/rest-100111/bot""]}","[1,1,1,0,1,0]","[1,0,0,1,1,1]",2,0,1,1,tie,away,0,75
62872,4,"{""series"":[""solutions/game_4/series/home_wins_2/rest-110101/top"",""solutions/game_4/series/home_wins_2/rest-111011/bot""]}","[1,1,0,1,0,1]","[1,1,1,0,1,1]",2,1,4,5,away_win,away,0,83
62872,5,"{""series"":[""solutions/game_5/single/rest-011111/top"",""solutions/game_5/single/rest-101111/bot""]}","[0,1,1,1,1,1]","[1,0,1,1,1,1]",2,2,2,1,home_win,home,0,76
62873,1,"{""series"":[""solutions/game_1/series/rest-111111/top"",""solutions/game_1/series/rest-111111/bot""]}","[1,1,1,1,1,1]","[1,1,1,1,1,1]",0,0,3,3,tie,home,0,85
62873,2,"{""series"":[""solutions/game_2/series/home_wins_1/rest-010101/top"",""solutions/game_2/series/home_wins_1/rest-101110/bot""]}","[0,1,0,1,0,1]","[1,0,1,1,1,0]",1,0,9,0,home_win,home,0,75
62873,3,"{""series"":[""solutions/game_3/series/home_wins_2/rest-110010/top"",""solutions/game_3/series/home_wins_2/rest-011110/bot""]}","[1,1,0,0,1,0]","[0,1,1,1,1,0]",2,0,10,3,home_win,home,0,81
62873,4,"{""series"":[""solutions/game_4/single/rest-011101/top"",""solutions/game_4/single/rest-101011/bot""]}","[0,1,1,1,0,1]","[1,0,1,0,1,1]",3,0,4,5,away_win,away,1,84
62873,5,"{""series"":[""solutions/game_5/single/rest-101010/top"",""solutions/game_5/single/rest-010001/bot""]}","[1,0,1,0,1,0]","[0,1,0,0,0,1]",3,1,5,3,home_win,home,1,82
62874,1,"{""series"":[""solutions/game_1/series/rest-111111/top"",""solutions/game_1/series/rest-111111/bot""]}","[1,1,1,1,1,1]","[1,1,1,1,1,1]",0,0,1,9,away_win,away,0,69
62874,2,"{""series"":[""solutions/game_2/series/home_wins_0/rest-011110/top"",""solutions/game_2/series/home_wins_0/rest-111110/bot""]}","[0,1,1,1,1,0]","[1,1,1,1,1,0]",0,1,8,4,home_win,home,0,87
62874,3,"{""series"":[""solutions/game_3/series/home_wins_1/rest-101100/top"",""solutions/game_3/series/home_wins_1/rest-111111/bot""]}","[1,0,1,1,0,0]","[1,1,1,1,1,1]",1,1,5,6,away_win,away,0,87
62874,4,"{""series"":[""solutions/game_4/series/home_wins_1/rest-100011/top"",""solutions/game_4/series/home_wins_1/rest-001110/bot""]}","[1,0,0,0,1,1]","[0,0,1,1,1,0]",1,2,9,8,home_win,home,0,95
62874,5,"{""series"":[""solutions/game_5/single/rest-111100/top"",""solutions/game_5/single/rest-111101/bot""]}","[1,1,1,1,0,0]","[1,1,1,1,0,1]",2,2,1,8,away_win,away,0,83
62875,1,"{""series"":[""solutions/game_1/series/rest-111111/top"",""solutions/game_1/series/rest-111111/bot""]}","[1,1,1,1,1,1]","[1,1,1,1,1,1]",0,0,7,3,home_win,home,0,85
62875,2,"{""series"":[""solutions/game_2/series/home_wins_1/rest-111010/top"",""solutions/game_2/series/home_wins_1/rest-111100/bot""]}","[1,1,1,0,1,0]","[1,1,1,1,0,0]",1,0,11,3,home_win,home,0,83
62875,3,"{""series"":[""solutions/game_3/series/home_wins_2/rest-101111/top"",""solutions/game_3/series/home_wins_2/rest-110111/bot""]}","[1,0,1,1,1,1]","[1,1,0,1,1,1]",2,0,5,7,away_win,away,0,87
62875,4,"{""series"":[""solutions/game_4/series/home_wins_2/rest-110001/top"",""solutions/game_4/series/home_wins_2/rest-101111/bot""]}","[1,1,0,0,0,1]","[1,0,1,1,1,1]",2,1,6,6,tie,away,0,104
62875,5,"{""series"":[""solutions/game_5/single/rest-001110/top"",""solutions/game_5/single/rest-010000/bot""]}","[0,0,1,1,1,0]","[0,1,0,0,0,0]",2,2,8,5,home_win,home,0,82
62876,1,"{""series"":[""solutions/game_1/series/rest-111111/top"",""solutions/game_1/series/rest-111111/bot""]}","[1,1,1,1,1,1]","[1,1,1,1,1,1]",0,0,1,10,away_win,away,0,34
62876,2,"{""series"":[""solutions/game_2/series/home_wins_0/rest-111111/top"",""solutions/game_2/series/home_wins_0/rest-111111/bot""]}","[1,1,1,1,1,1]","[1,1,1,1,1,1]",0,1,6,4,home_win,home,0,86
62876,3,"{""series"":[""solutions/game_3/series/home_wins_1/rest-111001/top"",""solutions/game_3/series/home_wins_1/rest-111110/bot""]}","[1,1,1,0,0,1]","[1,1,1,1,1,0]",1,1,6,7,away_win,away,0,82
62876,4,"{""series"":[""solutions/game_4/series/home_wins_1/rest-111111/top"",""solutions/game_4/series/home_wins_1/rest-000111/bot""]}","[1,1,1,1,1,1]","[0,0,0,1,1,1]",1,2,3,4,away_win,away,0,77
62876,5,"{""series"":[""solutions/game_5/single/rest-111101/top"",""solutions/game_5/single/rest-111110/bot""]}","[1,1,1,1,0,1]","[1,1,1,1,1,0]",1,3,3,5,away_win,away,1,85
62877,1,"{""series"":[""solutions/game_1/series/rest-111111/top"",""solutions/game_1/series/rest-111111/bot""]}","[1,1,1,1,1,1]","[1,1,1,1,1,1]",0,0,7,4,home_win,home,0,86
62877,2,"{""series"":[""solutions/game_2/series/home_wins_1/rest-111001/top"",""solutions/game_2/series/home_wins_1/rest-111100/bot""]}","[1,1,1,0,0,1]","[1,1,1,1,0,0]",1,0,7,6,home_win,home,0,82
62877,3,"{""series"":[""solutions/game_3/series/home_wins_2/rest-010111/top"",""solutions/game_3/series/home_wins_2/rest-000111/bot""]}","[0,1,0,1,1,1]","[0,0,0,1,1,1]",2,0,6,4,home_win,home,0,84
62877,4,"{""series"":[""solutions/game_4/single/rest-111100/top"",""solutions/game_4/single/rest-111011/bot""]}","[1,1,1,1,0,0]","[1,1,1,0,1,1]",3,0,6,2,home_win,home,1,81
62877,5,"{""series"":[""solutions/game_5/single/rest-010101/top"",""solutions/game_5/single/rest-001101/bot""]}","[0,1,0,1,0,1]","[0,0,1,1,0,1]",4,0,6,7,away_win,away,1,92
62878,1,"{""series"":[""solutions/game_1/series/rest-111111/top"",""solutions/game_1/series/rest-111111/bot""]}","[1,1,1,1,1,1]","[1,1,1,1,1,1]",0,0,3,1,home_win,home,0,71
62878,2,"{""series"":[""solutions/game_2/series/home_wins_1/rest-111001/top"",""solutions/game_2/series/home_wins_1/rest-111011/bot""]}","[1,1,1,0,0,1]","[1,1,1,0,1,1]",1,0,5,3,home_win,home,0,76
62878,3,"{""series"":[""solutions/game_3/series/home_wins_2/rest-010010/top"",""solutions/game_3/series/home_wins_2/rest-101111/bot""]}","[0,1,0,0,1,0]","[1,0,1,1,1,1]",2,0,2,10,away_win,away,0,60
62878,4,"{""series"":[""solutions/game_4/series/home_wins_2/rest-111111/top"",""solutions/game_4/series/home_wins_2/rest-111111/bot""]}","[1,1,1,1,1,1]","[1,1,1,1,1,1]",2,1,3,1,home_win,home,0,73
62878,5,"{""series"":[""solutions/game_5/single/rest-111001/top"",""solutions/game_5/single/rest-001011/bot""]}","[1,1,1,0,0,1]","[0,0,1,0,1,1]",3,1,0,10,away_win,away,1,28
62879,1,"{""series"":[""solutions/game_1/series/rest-111111/top"",""solutions/game_1/series/rest-111111/bot""]}","[1,1,1,1,1,1]","[1,1,1,1,1,1]",0,0,4,12,away_win,away,0,83
62879,2,"{""series"":[""solutions/game_2/series/home_wins_0/rest-101111/top"",""solutions/game_2/series/home_wins_0/rest-011101/bot""]}","[1,0,1,1,1,1]","[0,1,1,1,0,1]",0,1,1,6,away_win,away,0,85
62879,3,"{""series"":[""solutions/game_3/series/home_wins_0/rest-111100/top"",""solutions/game_3/series/home_wins_0/rest-101011/bot""]}","[1,1,1,1,0,0]","[1,0,1,0,1,1]",0,2,5,6,away_win,away,0,91
62879,4,"{""series"":[""solutions/game_4/single/rest-101011/top"",""solutions/game_4/single/rest-110110/bot""]}","[1,0,1,0,1,1]","[1,1,0,1,1,0]",0,3,2,4,away_win,away,1,78
62879,5,"{""series"":[""solutions/game_5/single/rest-010100/top"",""solutions/game_5/single/rest-001111/bot""]}","[0,1,0,1,0,0]","[0,0,1,1,1,1]",0,4,6,7,away_win,away,1,95
62880,1,"{""series"":[""solutions/game_1/series/rest-111111/top"",""solutions/game_1/series/rest-111111/bot""]}","[1,1,1,1,1,1]","[1,1,1,1,1,1]",0,0,8,0,home_win,home,0,42
62880,2,"{""series"":[""solutions/game_2/series/home_wins_1/rest-111111/top"",""solutions/game_2/series/home_wins_1/rest-111101/bot""]}","[1,1,1,1,1,1]","[1,1,1,1,0,1]",1,0,9,11,away_win,away,0,104
62880,3,"{""series"":[""solutions/game_3/series/home_wins_1/rest-101100/top"",""solutions/game_3/series/home_wins_1/rest-111000/bot""]}","[1,0,1,1,0,0]","[1,1,1,0,0,0]",1,1,1,9,away_win,away,0,58
62880,4,"{""series"":[""solutions/game_4/series/home_wins_1/rest-111111/top"",""solutions/game_4/series/home_wins_1/rest-111110/bot""]}","[1,1,1,1,1,1]","[1,1,1,1,1,0]",1,2,7,6,home_win,home,0,89
62880,5,"{""series"":[""solutions/game_5/single/rest-111001/top"",""solutions/game_5/single/rest-101111/bot""]}","[1,1,1,0,0,1]","[1,0,1,1,1,1]",2,2,0,2,away_win,away,0,76
62881,1,"{""series"":[""solutions/game_1/series/rest-111111/top"",""solutions/game_1/series/rest-111111/bot""]}","[1,1,1,1,1,1]","[1,1,1,1,1,1]",0,0,0,4,away_win,away,0,77
62881,2,"{""series"":[""solutions/game_2/series/home_wins_0/rest-111001/top"",""solutions/game_2/series/home_wins_0/rest-011110/bot""]}","[1,1,1,0,0,1]","[0,1,1,1,1,0]",0,1,1,1,tie,home,0,87
62881,3,"{""series"":[""solutions/game_3/series/home_wins_1/rest-010011/top"",""solutions/game_3/series/home_wins_1/rest-101001/bot""]}","[0,1,0,0,1,1]","[1,0,1,0,0,1]",1,1,3,5,away_win,away,0,85
62881,4,"{""series"":[""solutions/game_4/series/home_wins_1/rest-111100/top"",""solutions/game_4/series/home_wins_1/rest-010111/bot""]}","[1,1,1,1,0,0]","[0,1,0,1,1,1]",1,2,5,10,away_win,away,0,83
62881,5,"{""series"":[""solutions/game_5/single/rest-010011/top"",""solutions/game_5/single/rest-101101/bot""]}","[0,1,0,0,1,1]","[1,0,1,1,0,1]",1,3,6,3,home_win,home,1,84
62882,1,"{""series"":[""solutions/game_1/series/rest-111111/top"",""solutions/game_1/series/rest-111111/bot""]}","[1,1,1,1,1,1]","[1,1,1,1,1,1]",0,0,3,6,away_win,away,0,76
62882,2,"{""series"":[""solutions/game_2/series/home_wins_0/rest-110011/top"",""solutions/game_2/series/home_wins_0/rest-011110/bot""]}","[1,1,0,0,1,1]","[0,1,1,1,1,0]",0,1,1,8,away_win,away,0,85
62882,3,"{""series"":[""solutions/game_3/series/home_wins_0/rest-011110/top"",""solutions/game_3/series/home_wins_0/rest-111001/bot""]}","[0,1,1,1,1,0]","[1,1,1,0,0,1]",0,2,9,1,home_win,home,0,60
62882,4,"{""series"":[""solutions/game_4/series/home_wins_1/rest-111111/top"",""solutions/game_4/series/home_wins_1/rest-111111/bot""]}","[1,1,1,1,1,1]","[1,1,1,1,1,1]",1,2,9,1,home_win,home,0,82
62882,5,"{""series"":[""solutions/game_5/single/rest-101111/top"",""solutions/game_5/single/rest-111101/bot""]}","[1,0,1,1,1,1]","[1,1,1,1,0,1]",2,2,9,4,home_win,home,0,82
62883,1,"{""series"":[""solutions/game_1/series/rest-111111/top"",""solutions/game_1/series/rest-111111/bot""]}","[1,1,1,1,1,1]","[1,1,1,1,1,1]",0,0,12,4,home_win,home,0,82
62883,2,"{""series"":[""solutions/game_2/series/home_wins_1/rest-111110/top"",""solutions/game_2/series/home_wins_1/rest-111001/bot""]}","[1,1,1,1,1,0]","[1,1,1,0,0,1]",1,0,4,3,home_win,home,0,76
62883,3,"{""series"":[""solutions/game_3/series/home_wins_2/rest-110001/top"",""solutions/game_3/series/home_wins_2/rest-011110/bot""]}","[1,1,0,0,0,1]","[0,1,1,1,1,0]",2,0,4,8,away_win,away,0,82
62883,4,"{""series"":[""solutions/game_4/series/home_wins_2/rest-101110/top"",""solutions/game_4/series/home_wins_2/rest-111111/bot""]}","[1,0,1,1,1,0]","[1,1,1,1,1,1]",2,1,0,8,away_win,away,0,50
62883,5,"{""series"":[""solutions/game_5/single/rest-111111/top"",""solutions/game_5/single/rest-111111/bot""]}","[1,1,1,1,1,1]","[1,1,1,1,1,1]",2,2,5,10,away_win,away,0,97
62884,1,"{""series"":[""solutions/game_1/series/rest-111111/top"",""solutions/game_1/series/rest-111111/bot""]}","[1,1,1,1,1,1]","[1,1,1,1,1,1]",0,0,4,5,away_win,away,0,77
62884,2,"{""series"":[""solutions/game_2/series/home_wins_0/rest-010011/top"",""solutions/game_2/series/home_wins_0/rest-111110/bot""]}","[0,1,0,0,1,1]","[1,1,1,1,1,0]",0,1,2,10,away_win,away,0,39
62884,3,"{""series"":[""solutions/game_3/series/home_wins_0/rest-111111/top"",""solutions/game_3/series/home_wins_0/rest-111111/bot""]}","[1,1,1,1,1,1]","[1,1,1,1,1,1]",0,2,3,4,away_win,away,0,74
62884,4,"{""series"":[""solutions/game_4/single/rest-110011/top"",""solutions/game_4/single/rest-101011/bot""]}","[1,1,0,0,1,1]","[1,0,1,0,1,1]",0,3,9,10,away_win,away,1,87
62884,5,"{""series"":[""solutions/game_5/single/rest-011100/top"",""solutions/game_5/single/rest-010101/bot""]}","[0,1,1,1,0,0]","[0,1,0,1,0,1]",0,4,3,5,away_win,away,1,85
62885,1,"{""series"":[""solutions/game_1/series/rest-111111/top"",""solutions/game_1/series/rest-111111/bot""]}","[1,1,1,1,1,1]","[1,1,1,1,1,1]",0,0,3,5,away_win,away,0,76
62885,2,"{""series"":[""solutions/game_2/series/home_wins_0/rest-011001/top"",""solutions/game_2/series/home_wins_0/rest-011111/bot""]}","[0,1,1,0,0,1]","[0,1,1,1,1,1]",0,1,2,7,away_win,away,0,92
62885,3,"{""series"":[""solutions/game_3/series/home_wins_0/rest-101110/top"",""solutions/game_3/series/home_wins_0/rest-110101/bot""]}","[1,0,1,1,1,0]","[1,1,0,1,0,1]",0,2,1,9,away_win,away,0,66
62885,4,"{""series"":[""solutions/game_4/single/rest-011111/top"",""solutions/game_4/single/rest-111110/bot""]}","[0,1,1,1,1,1]","[1,1,1,1,1,0]",0,3,3,1,home_win,home,1,71
62885,5,"{""series"":[""solutions/game_5/single/rest-110001/top"",""solutions/game_5/single/rest-001010/bot""]}","[1,1,0,0,0,1]","[0,0,1,0,1,0]",1,3,1,6,away_win,away,1,84
62886,1,"{""series"":[""solutions/game_1/series/rest-111111/top"",""solutions/game_1/series/rest-111111/bot""]}","[1,1,1,1,1,1]","[1,1,1,1,1,1]",0,0,8,3,home_win,home,0,78
62886,2,"{""series"":[""solutions/game_2/series/home_wins_1/rest-111101/top"",""solutions/game_2/series/home_wins_1/rest-001111/bot""]}","[1,1,1,1,0,1]","[0,0,1,1,1,1]",1,0,5,6,away_win,away,0,88
62886,3,"{""series"":[""solutions/game_3/series/home_wins_1/rest-101100/top"",""solutions/game_3/series/home_wins_1/rest-111011/bot""]}","[1,0,1,1,0,0]","[1,1,1,0,1,1]",1,1,10,2,home_win,home,0,64
62886,4,"{""series"":[""solutions/game_4/series/home_wins_2/rest-011111/top"",""solutions/game_4/series/home_wins_2/rest-011111/bot""]}","[0,1,1,1,1,1]","[0,1,1,1,1,1]",2,1,4,3,home_win,home,0,82
62886,5,"{""series"":[""solutions/game_5/single/rest-111010/top"",""solutions/game_5/single/rest-111010/bot""]}","[1,1,1,0,1,0]","[1,1,1,0,1,0]",3,1,4,7,away_win,away,1,83
62887,1,"{""series"":[""solutions/game_1/series/rest-111111/top"",""solutions/game_1/series/rest-111111/bot""]}","[1,1,1,1,1,1]","[1,1,1,1,1,1]",0,0,8,0,home_win,home,0,65
62887,2,"{""series"":[""solutions/game_2/series/home_wins_1/rest-101111/top"",""solutions/game_2/series/home_wins_1/rest-111111/bot""]}","[1,0,1,1,1,1]","[1,1,1,1,1,1]",1,0,7,5,home_win,home,0,83
62887,3,"{""series"":[""solutions/game_3/series/home_wins_2/rest-111001/top"",""solutions/game_3/series/home_wins_2/rest-101111/bot""]}","[1,1,1,0,0,1]","[1,0,1,1,1,1]",2,0,6,5,home_win,home,0,84
62887,4,"{""series"":[""solutions/game_4/single/rest-010110/top"",""solutions/game_4/single/rest-011010/bot""]}","[0,1,0,1,1,0]","[0,1,1,0,1,0]",3,0,8,4,home_win,home,1,93
62887,5,"{""series"":[""solutions/game_5/single/rest-101001/top"",""solutions/game_5/single/rest-100101/bot""]}","[1,0,1,0,0,1]","[1,0,0,1,0,1]",4,0,3,11,away_win,away,1,90
62888,1,"{""series"":[""solutions/game_1/series/rest-111111/top"",""solutions/game_1/series/rest-111111/bot""]}","[1,1,1,1,1,1]","[1,1,1,1,1,1]",0,0,5,6,away_win,away,0,82
62888,2,"{""series"":[""solutions/game_2/series/home_wins_0/rest-111111/top"",""solutions/game_2/series/home_wins_0/rest-001110/bot""]}","[1,1,1,1,1,1]","[0,0,1,1,1,0]",0,1,11,3,home_win,home,0,60
62888,3,"{""series"":[""solutions/game_3/series/home_wins_1/rest-111110/top"",""solutions/game_3/series/home_wins_1/rest-111111/bot""]}","[1,1,1,1,1,0]","[1,1,1,1,1,1]",1,1,2,5,away_win,away,0,77
62888,4,"{""series"":[""solutions/game_4/series/home_wins_1/rest-001111/top"",""solutions/game_4/series/home_wins_1/rest-011110/bot""]}","[0,0,1,1,1,1]","[0,1,1,1,1,0]",1,2,1,7,away_win,away,0,77
62888,5,"{""series"":[""solutions/game_5/single/rest-110101/top"",""solutions/game_5/single/rest-101001/bot""]}","[1,1,0,1,0,1]","[1,0,1,0,0,1]",1,3,11,10,home_win,home,1,100
62889,1,"{""series"":[""solutions/game_1/series/rest-111111/top"",""solutions/game_1/series/rest-111111/bot""]}","[1,1,1,1,1,1]","[1,1,1,1,1,1]",0,0,12,3,home_win,home,0,82
62889,2,"{""series"":[""solutions/game_2/series/home_wins_1/rest-111001/top"",""solutions/game_2/series/home_wins_1/rest-111110/bot""]}","[1,1,1,0,0,1]","[1,1,1,1,1,0]",1,0,7,2,home_win,home,0,81
62889,3,"{""series"":[""solutions/game_3/series/home_wins_2/rest-110111/top"",""solutions/game_3/series/home_wins_2/rest-111100/bot""]}","[1,1,0,1,1,1]","[1,1,1,1,0,0]",2,0,9,5,home_win,home,0,88
62889,4,"{""series"":[""solutions/game_4/single/rest-011000/top"",""solutions/game_4/single/rest-111001/bot""]}","[0,1,1,0,0,0]","[1,1,1,0,0,1]",3,0,7,2,home_win,home,1,76
62889,5,"{""series"":[""solutions/game_5/single/rest-110111/top"",""solutions/game_5/single/rest-101110/bot""]}","[1,1,0,1,1,1]","[1,0,1,1,1,0]",4,0,10,9,home_win,home,1,102
62890,1,"{""series"":[""solutions/game_1/series/rest-111111/top"",""solutions/game_1/series/rest-111111/bot""]}","[1,1,1,1,1,1]","[1,1,1,1,1,1]",0,0,4,6,away_win,away,0,82
62890,2,"{""series"":[""solutions/game_2/series/home_wins_0/rest-111001/top"",""solutions/game_2/series/home_wins_0/rest-001110/bot""]}","[1,1,1,0,0,1]","[0,0,1,1,1,0]",0,1,3,5,away_win,away,0,96
62890,3,"{""series"":[""solutions/game_3/series/home_wins_0/rest-100110/top"",""solutions/game_3/series/home_wins_0/rest-110101/bot""]}","[1,0,0,1,1,0]","[1,1,0,1,0,1]",0,2,3,9,away_win,away,0,88
62890,4,"{""series"":[""solutions/game_4/single/rest-011000/top"",""solutions/game_4/single/rest-011110/bot""]}","[0,1,1,0,0,0]","[0,1,1,1,1,0]",0,3,9,0,home_win,home,1,15
62890,5,"{""series"":[""solutions/game_5/single/rest-111111/top"",""solutions/game_5/single/rest-111111/bot""]}","[1,1,1,1,1,1]","[1,1,1,1,1,1]",1,3,5,3,home_win,home,1,77
62891,1,"{""series"":[""solutions/game_1/series/rest-111111/top"",""solutions/game_1/series/rest-111111/bot""]}","[1,1,1,1,1,1]","[1,1,1,1,1,1]",0,0,2,7,away_win,away,0,80
62891,2,"{""series"":[""solutions/game_2/series/home_wins_0/rest-101110/top"",""solutions/game_2/series/home_wins_0/rest-011110/bot""]}","[1,0,1,1,1,0]","[0,1,1,1,1,0]",0,1,3,4,away_win,away,0,77
62891,3,"{""series"":[""solutions/game_3/series/home_wins_0/rest-010111/top"",""solutions/game_3/series/home_wins_0/rest-010011/bot""]}","[0,1,0,1,1,1]","[0,1,0,0,1,1]",0,2,4,6,away_win,away,0,78
62891,4,"{""series"":[""solutions/game_4/single/rest-101011/top"",""solutions/game_4/single/rest-111110/bot""]}","[1,0,1,0,1,1]","[1,1,1,1,1,0]",0,3,9,3,home_win,home,1,87
62891,5,"{""series"":[""solutions/game_5/single/rest-011100/top"",""solutions/game_5/single/rest-110011/bot""]}","[0,1,1,1,0,0]","[1,1,0,0,1,1]",1,3,2,1,home_win,home,1,83
62892,1,"{""series"":[""solutions/game_1/series/rest-111111/top"",""solutions/game_1/series/rest-111111/bot""]}","[1,1,1,1,1,1]","[1,1,1,1,1,1]",0,0,4,3,home_win,home,0,87
62892,2,"{""series"":[""solutions/game_2/series/home_wins_1/rest-110001/top"",""solutions/game_2/series/home_wins_1/rest-011011/bot""]}","[1,1,0,0,0,1]","[0,1,1,0,1,1]",1,0,10,3,home_win,home,0,86
62892,3,"{""series"":[""solutions/game_3/series/home_wins_2/rest-101011/top"",""solutions/game_3/series/home_wins_2/rest-110101/bot""]}","[1,0,1,0,1,1]","[1,1,0,1,0,1]",2,0,2,3,away_win,away,0,75
62892,4,"{""series"":[""solutions/game_4/series/home_wins_2/rest-111001/top"",""solutions/game_4/series/home_wins_2/rest-101010/bot""]}","[1,1,1,0,0,1]","[1,0,1,0,1,0]",2,1,7,4,home_win,home,0,75
62892,5,"{""series"":[""solutions/game_5/single/rest-111011/top"",""solutions/game_5/single/rest-111101/bot""]}","[1,1,1,0,1,1]","[1,1,1,1,0,1]",3,1,6,1,home_win,home,1,78
62893,1,"{""series"":[""solutions/game_1/series/rest-111111/top"",""solutions/game_1/series/rest-111111/bot""]}","[1,1,1,1,1,1]","[1,1,1,1,1,1]",0,0,2,1,home_win,home,0,76
62893,2,"{""series"":[""solutions/game_2/series/home_wins_1/rest-110101/top"",""solutions/game_2/series/home_wins_1/rest-111010/bot""]}","[1,1,0,1,0,1]","[1,1,1,0,1,0]",1,0,9,1,home_win,home,0,70
62893,3,"{""series"":[""solutions/game_3/series/home_wins_2/rest-101111/top"",""solutions/game_3/series/home_wins_2/rest-111110/bot""]}","[1,0,1,1,1,1]","[1,1,1,1,1,0]",2,0,4,2,home_win,home,0,72
62893,4,"{""series"":[""solutions/game_4/single/rest-111011/top"",""solutions/game_4/single/rest-010010/bot""]}","[1,1,1,0,1,1]","[0,1,0,0,1,0]",3,0,12,10,home_win,home,1,96
62893,5,"{""series"":[""solutions/game_5/single/rest-011100/top"",""solutions/game_5/single/rest-101101/bot""]}","[0,1,1,1,0,0]","[1,0,1,1,0,1]",4,0,3,8,away_win,away,1,88
62894,1,"{""series"":[""solutions/game_1/series/rest-111111/top"",""solutions/game_1/series/rest-111111/bot""]}","[1,1,1,1,1,1]","[1,1,1,1,1,1]",0,0,1,4,away_win,away,0,78
62894,2,"{""series"":[""solutions/game_2/series/home_wins_0/rest-111001/top"",""solutions/game_2/series/home_wins_0/rest-001111/bot""]}","[1,1,1,0,0,1]","[0,0,1,1,1,1]",0,1,3,2,home_win,home,0,69
62894,3,"{""series"":[""solutions/game_3/series/home_wins_1/rest-110111/top"",""solutions/game_3/series/home_wins_1/rest-110111/bot""]}","[1,1,0,1,1,1]","[1,1,0,1,1,1]",1,1,2,10,away_win,away,0,78
62894,4,"{""series"":[""solutions/game_4/series/home_wins_1/rest-011111/top"",""solutions/game_4/series/home_wins_1/rest-111110/bot""]}","[0,1,1,1,1,1]","[1,1,1,1,1,0]",1,2,6,5,home_win,home,0,75
62894,5,"{""series"":[""solutions/game_5/single/rest-111001/top"",""solutions/game_5/single/rest-110111/bot""]}","[1,1,1,0,0,1]","[1,1,0,1,1,1]",2,2,7,8,away_win,away,0,97
62895,1,"{""series"":[""solutions/game_1/series/rest-111111/top"",""solutions/game_1/series/rest-111111/bot""]}","[1,1,1,1,1,1]","[1,1,1,1,1,1]",0,0,10,2,home_win,home,0,77
62895,2,"{""series"":[""solutions/game_2/series/home_wins_1/rest-111111/top"",""solutions/game_2/series/home_wins_1/rest-111111/bot""]}","[1,1,1,1,1,1]","[1,1,1,1,1,1]",1,0,10,3,home_win,home,0,81
62895,3,"{""series"":[""solutions/game_3/series/home_wins_2/rest-111001/top"",""solutions/game_3/series/home_wins_2/rest-111111/bot""]}","[1,1,1,0,0,1]","[1,1,1,1,1,1]",2,0,7,2,home_win,home,0,79
62895,4,"{""series"":[""solutions/game_4/single/rest-011110/top"",""solutions/game_4/single/rest-101010/bot""]}","[0,1,1,1,1,0]","[1,0,1,0,1,0]",3,0,4,8,away_win,away,1,85
62895,5,"{""series"":[""solutions/game_5/single/rest-100001/top"",""solutions/game_5/single/rest-111101/bot""]}","[1,0,0,0,0,1]","[1,1,1,1,0,1]",3,1,1,5,away_win,away,1,89
62896,1,"{""series"":[""solutions/game_1/series/rest-111111/top"",""solutions/game_1/series/rest-111111/bot""]}","[1,1,1,1,1,1]","[1,1,1,1,1,1]",0,0,2,3,away_win,away,0,98
62896,2,"{""series"":[""solutions/game_2/series/home_wins_0/rest-110001/top"",""solutions/game_2/series/home_wins_0/rest-010111/bot""]}","[1,1,0,0,0,1]","[0,1,0,1,1,1]",0,1,6,11,away_win,away,0,93
62896,3,"{""series"":[""solutions/game_3/series/home_wins_0/rest-001110/top"",""solutions/game_3/series/home_wins_0/rest-101110/bot""]}","[0,0,1,1,1,0]","[1,0,1,1,1,0]",0,2,6,5,home_win,home,0,87
62896,4,"{""series"":[""solutions/game_4/series/home_wins_1/rest-101111/top"",""solutions/game_4/series/home_wins_1/rest-110111/bot""]}","[1,0,1,1,1,1]","[1,1,0,1,1,1]",1,2,3,11,away_win,away,0,87
62896,5,"{""series"":[""solutions/game_5/single/rest-101010/top"",""solutions/game_5/single/rest-001011/bot""]}","[1,0,1,0,1,0]","[0,0,1,0,1,1]",1,3,1,9,away_win,away,1,39
62897,1,"{""series"":[""solutions/game_1/series/rest-111111/top"",""solutions/game_1/series/rest-111111/bot""]}","[1,1,1,1,1,1]","[1,1,1,1,1,1]",0,0,1,11,away_win,away,0,48
62897,2,"{""series"":[""solutions/game_2/series/home_wins_0/rest-111110/top"",""solutions/game_2/series/home_wins_0/rest-111111/bot""]}","[1,1,1,1,1,0]","[1,1,1,1,1,1]",0,1,7,1,home_win,home,0,79
62897,3,"{""series"":[""solutions/game_3/series/home_wins_1/rest-111001/top"",""solutions/game_3/series/home_wins_1/rest-111001/bot""]}","[1,1,1,0,0,1]","[1,1,1,0,0,1]",1,1,4,10,away_win,away,0,83
62897,4,"{""series"":[""solutions/game_4/series/home_wins_1/rest-011110/top"",""solutions/game_4/series/home_wins_1/rest-001111/bot""]}","[0,1,1,1,1,0]","[0,0,1,1,1,1]",1,2,3,4,away_win,away,0,98
62897,5,"{""series"":[""solutions/game_5/single/rest-110000/top"",""solutions/game_5/single/rest-110100/bot""]}","[1,1,0,0,0,0]","[1,1,0,1,0,0]",1,3,8,0,home_win,home,1,55
62898,1,"{""series"":[""solutions/game_1/series/rest-111111/top"",""solutions/game_1/series/rest-111111/bot""]}","[1,1,1,1,1,1]","[1,1,1,1,1,1]",0,0,2,1,home_win,home,0,73
62898,2,"{""series"":[""solutions/game_2/series/home_wins_1/rest-110111/top"",""solutions/game_2/series/home_wins_1/rest-111110/bot""]}","[1,1,0,1,1,1]","[1,1,1,1,1,0]",1,0,8,2,home_win,home,0,79
62898,3,"{""series"":[""solutions/game_3/series/home_wins_2/rest-110100/top"",""solutions/game_3/series/home_wins_2/rest-111101/bot""]}","[1,1,0,1,0,0]","[1,1,1,1,0,1]",2,0,5,1,home_win,home,0,64
62898,4,"{""series"":[""solutions/game_4/single/rest-011111/top"",""solutions/game_4/single/rest-101111/bot""]}","[0,1,1,1,1,1]","[1,0,1,1,1,1]",3,0,4,5,away_win,away,1,88
62898,5,"{""series"":[""solutions/game_5/single/rest-110011/top"",""solutions/game_5/single/rest-111110/bot""]}","[1,1,0,0,1,1]","[1,1,1,1,1,0]",3,1,8,1,home_win,home,1,80
62899,1,"{""series"":[""solutions/game_1/series/rest-111111/top"",""solutions/game_1/series/rest-111111/bot""]}","[1,1,1,1,1,1]","[1,1,1,1,1,1]",0,0,8,5,home_win,home,0,84
62899,2,"{""series"":[""solutions/game_2/series/home_wins_1/rest-010001/top"",""solutions/game_2/series/home_wins_1/rest-111111/bot""]}","[0,1,0,0,0,1]","[1,1,1,1,1,1]",1,0,4,1,home_win,home,0,76
62899,3,"{""series"":[""solutions/game_3/series/home_wins_2/rest-101110/top"",""solutions/game_3/series/home_wins_2/rest-001111/bot""]}","[1,0,1,1,1,0]","[0,0,1,1,1,1]",2,0,3,5,away_win,away,0,84
62899,4,"{""series"":[""solutions/game_4/series/home_wins_2/rest-111001/top"",""solutions/game_4/series/home_wins_2/rest-010010/bot""]}","[1,1,1,0,0,1]","[0,1,0,0,1,0]",2,1,5,1,home_win,home,0,74
62899,5,"{""series"":[""solutions/game_5/single/rest-010111/top"",""solutions/game_5/single/rest-111110/bot""]}","[0,1,0,1,1,1]","[1,1,1,1,1,0]",3,1,5,1,home_win,home,1,76
62900,1,"{""series"":[""solutions/game_1/series/rest-111111/top"",""solutions/game_1/series/rest-111111/bot""]}","[1,1,1,1,1,1]","[1,1,1,1,1,1]",0,0,11,3,home_win,home,0,74
62900,2,"{""series"":[""solutions/game_2/series/home_wins_1/rest-111101/top"",""solutions/game_2/series/home_wins_1/rest-110101/bot""]}","[1,1,1,1,0,1]","[1,1,0,1,0,1]",1,0,3,4,away_win,away,0,78
62900,3,"{""series"":[""solutions/game_3/series/home_wins_1/rest-011110/top"",""solutions/game_3/series/home_wins_1/rest-011001/bot""]}","[0,1,1,1,1,0]","[0,1,1,0,0,1]",1,1,8,1,home_win,home,0,75
62900,4,"{""series"":[""solutions/game_4/series/home_wins_2/rest-111101/top"",""solutions/game_4/series/home_wins_2/rest-111011/bot""]}","[1,1,1,1,0,1]","[1,1,1,0,1,1]",2,1,7,3,home_win,home,0,79
62900,5,"{""series"":[""solutions/game_5/single/rest-110011/top"",""solutions/game_5/single/rest-111110/bot""]}","[1,1,0,0,1,1]","[1,1,1,1,1,0]",3,1,6,7,away_win,away,1,87
62901,1,"{""series"":[""solutions/game_1/series/rest-111111/top"",""solutions/game_1/series/rest-111111/bot""]}","[1,1,1,1,1,1]","[1,1,1,1,1,1]",0,0,3,6,away_win,away,0,88
62901,2,"{""series"":[""solutions/game_2/series/home_wins_0/rest-000011/top"",""solutions/game_2/series/home_wins_0/rest-101011/bot""]}","[0,0,0,0,1,1]","[1,0,1,0,1,1]",0,1,9,7,home_win,home,0,92
62901,3,"{""series"":[""solutions/game_3/series/home_wins_1/rest-110110/top"",""solutions/game_3/series/home_wins_1/rest-011111/bot""]}","[1,1,0,1,1,0]","[0,1,1,1,1,1]",1,1,3,6,away_win,away,0,80
62901,4,"{""series"":[""solutions/game_4/series/home_wins_1/rest-111111/top"",""solutions/game_4/series/home_wins_1/rest-111010/bot""]}","[1,1,1,1,1,1]","[1,1,1,0,1,0]",1,2,7,6,home_win,home,0,93
62901,5,"{""series"":[""solutions/game_5/single/rest-110001/top"",""solutions/game_5/single/rest-000111/bot""]}","[1,1,0,0,0,1]","[0,0,0,1,1,1]",2,2,5,7,away_win,away,0,81
62902,1,"{""series"":[""solutions/game_1/series/rest-111111/top"",""solutions/game_1/series/rest-111111/bot""]}","[1,1,1,1,1,1]","[1,1,1,1,1,1]",0,0,8,0,home_win,home,0,73
62902,2,"{""series"":[""solutions/game_2/series/home_wins_1/rest-111111/top"",""solutions/game_2/series/home_wins_1/rest-110101/bot""]}","[1,1,1,1,1,1]","[1,1,0,1,0,1]",1,0,3,2,home_win,home,0,74
62902,3,"{""series"":[""solutions/game_3/series/home_wins_2/rest-010001/top"",""solutions/game_3/series/home_wins_2/rest-011110/bot""]}","[0,1,0,0,0,1]","[0,1,1,1,1,0]",2,0,10,12,away_win,away,0,100
62902,4,"{""series"":[""solutions/game_4/series/home_wins_2/rest-101100/top"",""solutions/game_4/series/home_wins_2/rest-001000/bot""]}","[1,0,1,1,0,0]","[0,0,1,0,0,0]",2,1,1,9,away_win,away,0,53
62902,5,"{""series"":[""solutions/game_5/single/rest-111111/top"",""solutions/game_5/single/rest-111111/bot""]}","[1,1,1,1,1,1]","[1,1,1,1,1,1]",2,2,2,6,away_win,away,0,84
62903,1,"{""series"":[""solutions/game_1/series/rest-111111/top"",""solutions/game_1/series/rest-111111/bot""]}","[1,1,1,1,1,1]","[1,1,1,1,1,1]",0,0,1,2,away_win,away,0,70
62903,2,"{""series"":[""solutions/game_2/series/home_wins_0/rest-111111/top"",""solutions/game_2/series/home_wins_0/rest-001011/bot""]}","[1,1,1,1,1,1]","[0,0,1,0,1,1]",0,1,5,6,away_win,away,0,88
62903,3,"{""series"":[""solutions/game_3/series/home_wins_0/rest-110011/top"",""solutions/game_3/series/home_wins_0/rest-111100/bot""]}","[1,1,0,0,1,1]","[1,1,1,1,0,0]",0,2,5,4,home_win,home,0,85
62903,4,"{""series"":[""solutions/game_4/series/home_wins_1/rest-001111/top"",""solutions/game_4/series/home_wins_1/rest-000011/bot""]}","[0,0,1,1,1,1]","[0,0,0,0,1,1]",1,2,10,5,home_win,home,0,86
62903,5,"{""series"":[""solutions/game_5/single/rest-111100/top"",""solutions/game_5/single/rest-111111/bot""]}","[1,1,1,1,0,0]","[1,1,1,1,1,1]",2,2,8,7,home_win,home,0,87
62904,1,"{""series"":[""solutions/game_1/series/rest-111111/top"",""solutions/game_1/series/rest-111111/bot""]}","[1,1,1,1,1,1]","[1,1,1,1,1,1]",0,0,1,3,away_win,away,0,76
62904,2,"{""series"":[""solutions/game_2/series/home_wins_0/rest-011011/top"",""solutions/game_2/series/home_wins_0/rest-111010/bot""]}","[0,1,1,0,1,1]","[1,1,1,0,1,0]",0,1,10,0,home_win,home,0,43
62904,3,"{""series"":[""solutions/game_3/series/home_wins_1/rest-111111/top"",""solutions/game_3/series/home_wins_1/rest-111111/bot""]}","[1,1,1,1,1,1]","[1,1,1,1,1,1]",1,1,8,3,home_win,home,0,88
62904,4,"{""series"":[""solutions/game_4/series/home_wins_2/rest-111111/top"",""solutions/game_4/series/home_wins_2/rest-110011/bot""]}","[1,1,1,1,1,1]","[1,1,0,0,1,1]",2,1,2,3,away_win,away,0,85
62904,5,"{""series"":[""solutions/game_5/single/rest-100101/top"",""solutions/game_5/single/rest-011110/bot""]}","[1,0,0,1,0,1]","[0,1,1,1,1,0]",2,2,9,8,home_win,home,0,89
62905,1,"{""series"":[""solutions/game_1/series/rest-111111/top"",""solutions/game_1/series/rest-111111/bot""]}","[1,1,1,1,1,1]","[1,1,1,1,1,1]",0,0,5,4,home_win,home,0,82
62905,2,"{""series"":[""solutions/game_2/series/home_wins_1/rest-111011/top"",""solutions/game_2/series/home_wins_1/rest-001010/bot""]}","[1,1,1,0,1,1]","[0,0,1,0,1,0]",1,0,7,8,away_win,away,0,99
62905,3,"{""series"":[""solutions/game_3/series/home_wins_1/rest-010100/top"",""solutions/game_3/series/home_wins_1/rest-110100/bot""]}","[0,1,0,1,0,0]","[1,1,0,1,0,0]",1,1,4,8,away_win,away,0,81
62905,4,"{""series"":[""solutions/game_4/series/home_wins_1/rest-101111/top"",""solutions/game_4/series/home_wins_1/rest-001111/bot""]}","[1,0,1,1,1,1]","[0,0,1,1,1,1]",1,2,6,5,home_win,home,0,77
62905,5,"{""series"":[""solutions/game_5/single/rest-011001/top"",""solutions/game_5/single/rest-111110/bot""]}","[0,1,1,0,0,1]","[1,1,1,1,1,0]",2,2,2,1,home_win,home,0,69
62906,1,"{""series"":[""solutions/game_1/series/rest-111111/top"",""solutions/game_1/series/rest-111111/bot""]}","[1,1,1,1,1,1]","[1,1,1,1,1,1]",0,0,7,3,home_win,home,0,80
62906,2,"{""series"":[""solutions/game_2/series/home_wins_1/rest-111011/top"",""solutions/game_2/series/home_wins_1/rest-110111/bot""]}","[1,1,1,0,1,1]","[1,1,0,1,1,1]",1,0,3,4,away_win,away,0,86
62906,3,"{""series"":[""solutions/game_3/series/home_wins_1/rest-110100/top"",""solutions/game_3/series/home_wins_1/rest-101011/bot""]}","[1,1,0,1,0,0]","[1,0,1,0,1,1]",1,1,2,9,away_win,away,0,97
62906,4,"{""series"":[""solutions/game_4/series/home_wins_1/rest-101111/top"",""solutions/game_4/series/home_wins_1/rest-011110/bot""]}","[1,0,1,1,1,1]","[0,1,1,1,1,0]",1,2,13,9,home_win,home,0,105
62906,5,"{""series"":[""solutions/game_5/single/rest-111010/top"",""solutions/game_5/single/rest-100111/bot""]}","[1,1,1,0,1,0]","[1,0,0,1,1,1]",2,2,7,4,home_win,home,0,88
62907,1,"{""series"":[""solutions/game_1/series/rest-111111/top"",""solutions/game_1/series/rest-111111/bot""]}","[1,1,1,1,1,1]","[1,1,1,1,1,1]",0,0,5,3,home_win,home,0,77
62907,2,"{""series"":[""solutions/game_2/series/home_wins_1/rest-111101/top"",""solutions/game_2/series/home_wins_1/rest-110100/bot""]}","[1,1,1,1,0,1]","[1,1,0,1,0,0]",1,0,4,3,home_win,home,0,75
62907,3,"{""series"":[""solutions/game_3/series/home_wins_2/rest-110011/top"",""solutions/game_3/series/home_wins_2/rest-001111/bot""]}","[1,1,0,0,1,1]","[0,0,1,1,1,1]",2,0,5,6,away_win,away,0,94
62907,4,"{""series"":[""solutions/game_4/series/home_wins_2/rest-011111/top"",""solutions/game_4/series/home_wins_2/rest-111000/bot""]}","[0,1,1,1,1,1]","[1,1,1,0,0,0]",2,1,5,4,home_win,home,0,79
62907,5,"{""series"":[""solutions/game_5/single/rest-111010/top"",""solutions/game_5/single/rest-011011/bot""]}","[1,1,1,0,1,0]","[0,1,1,0,1,1]",3,1,3,4,away_win,away,1,81
62908,1,"{""series"":[""solutions/game_1/series/rest-111111/top"",""solutions/game_1/series/rest-111111/bot""]}","[1,1,1,1,1,1]","[1,1,1,1,1,1]",0,0,1,9,away_win,away,0,66
62908,2,"{""series"":[""solutions/game_2/series/home_wins_0/rest-101111/top"",""solutions/game_2/series/home_wins_0/rest-111111/bot""]}","[1,0,1,1,1,1]","[1,1,1,1,1,1]",0,1,3,4,away_win,away,0,86
62908,3,"{""series"":[""solutions/game_3/series/home_wins_0/rest-010010/top"",""solutions/game_3/series/home_wins_0/rest-111011/bot""]}","[0,1,0,0,1,0]","[1,1,1,0,1,1]",0,2,6,7,away_win,away,0,91
62908,4,"{""series"":[""solutions/game_4/single/rest-101101/top"",""solutions/game_4/single/rest-010100/bot""]}","[1,0,1,1,0,1]","[0,1,0,1,0,0]",0,3,5,3,home_win,home,1,72
62908,5,"{""series"":[""solutions/game_5/single/rest-110111/top"",""solutions/game_5/single/rest-111011/bot""]}","[1,1,0,1,1,1]","[1,1,1,0,1,1]",1,3,1,5,away_win,away,1,77
62909,1,"{""series"":[""solutions/game_1/series/rest-111111/top"",""solutions/game_1/series/rest-111111/bot""]}","[1,1,1,1,1,1]","[1,1,1,1,1,1]",0,0,1,9,away_win,away,0,52
62909,2,"{""series"":[""solutions/game_2/series/home_wins_0/rest-111111/top"",""solutions/game_2/series/home_wins_0/rest-111111/bot""]}","[1,1,1,1,1,1]","[1,1,1,1,1,1]",0,1,5,9,away_win,away,0,83
62909,3,"{""series"":[""solutions/game_3/series/home_wins_0/rest-011111/top"",""solutions/game_3/series/home_wins_0/rest-101011/bot""]}","[0,1,1,1,1,1]","[1,0,1,0,1,1]",0,2,7,4,home_win,home,0,76
62909,4,"{""series"":[""solutions/game_4/series/home_wins_1/rest-111001/top"",""solutions/game_4/series/home_wins_1/rest-110101/bot""]}","[1,1,1,0,0,1]","[1,1,0,1,0,1]",1,2,6,3,home_win,home,0,80
62909,5,"{""series"":[""solutions/game_5/single/rest-111110/top"",""solutions/game_5/single/rest-111111/bot""]}","[1,1,1,1,1,0]","[1,1,1,1,1,1]",2,2,5,4,home_win,home,0,87
62910,1,"{""series"":[""solutions/game_1/series/rest-111111/top"",""solutions/game_1/series/rest-111111/bot""]}","[1,1,1,1,1,1]","[1,1,1,1,1,1]",0,0,2,1,home_win,home,0,70
62910,2,"{""series"":[""solutions/game_2/series/home_wins_1/rest-011011/top"",""solutions/game_2/series/home_wins_1/rest-011110/bot""]}","[0,1,1,0,1,1]","[0,1,1,1,1,0]",1,0,1,3,away_win,away,0,77
62910,3,"{""series"":[""solutions/game_3/series/home_wins_1/rest-110111/top"",""solutions/game_3/series/home_wins_1/rest-001001/bot""]}","[1,1,0,1,1,1]","[0,0,1,0,0,1]",1,1,0,8,away_win,away,0,57
62910,4,"{""series"":[""solutions/game_4/series/home_wins_1/rest-111110/top"",""solutions/game_4/series/home_wins_1/rest-111101/bot""]}","[1,1,1,1,1,0]","[1,1,1,1,0,1]",1,2,5,6,away_win,away,0,85
62910,5,"{""series"":[""solutions/game_5/single/rest-010101/top"",""solutions/game_5/single/rest-001011/bot""]}","[0,1,0,1,0,1]","[0,0,1,0,1,1]",1,3,4,8,away_win,away,1,89
62911,1,"{""series"":[""solutions/game_1/series/rest-111111/top"",""solutions/game_1/series/rest-111111/bot""]}","[1,1,1,1,1,1]","[1,1,1,1,1,1]",0,0,3,2,home_win,home,0,79
62911,2,"{""series"":[""solutions/game_2/series/home_wins_1/rest-111101/top"",""solutions/game_2/series/home_wins_1/rest-101011/bot""]}","[1,1,1,1,0,1]","[1,0,1,0,1,1]",1,0,4,13,away_win,away,0,86
62911,3,"{""series"":[""solutions/game_3/series/home_wins_1/rest-101101/top"",""solutions/game_3/series/home_wins_1/rest-111110/bot""]}","[1,0,1,1,0,1]","[1,1,1,1,1,0]",1,1,7,2,home_win,home,0,78
62911,4,"{""series"":[""solutions/game_4/series/home_wins_2/rest-111010/top"",""solutions/game_4/series/home_wins_2/rest-001111/bot""]}","[1,1,1,0,1,0]","[0,0,1,1,1,1]",2,1,7,4,home_win,home,0,92
62911,5,"{""series"":[""solutions/game_5/single/rest-110101/top"",""solutions/game_5/single/rest-111111/bot""]}","[1,1,0,1,0,1]","[1,1,1,1,1,1]",3,1,10,2,home_win,home,1,61
62912,1,"{""series"":[""solutions/game_1/series/rest-111111/top"",""solutions/game_1/series/rest-111111/bot""]}","[1,1,1,1,1,1]","[1,1,1,1,1,1]",0,0,0,9,away_win,away,0,50
62912,2,"{""series"":[""solutions/game_2/series/home_wins_0/rest-111111/top"",""solutions/game_2/series/home_wins_0/rest-111111/bot""]}","[1,1,1,1,1,1]","[1,1,1,1,1,1]",0,1,3,2,home_win,home,0,73
62912,3,"{""series"":[""solutions/game_3/series/home_wins_1/rest-111111/top"",""solutions/game_3/series/home_wins_1/rest-110001/bot""]}","[1,1,1,1,1,1]","[1,1,0,0,0,1]",1,1,7,2,home_win,home,0,78
62912,4,"{""series"":[""solutions/game_4/series/home_wins_2/rest-110011/top"",""solutions/game_4/series/home_wins_2/rest-011110/bot""]}","[1,1,0,0,1,1]","[0,1,1,1,1,0]",2,1,2,3,away_win,away,0,78
62912,5,"{""series"":[""solutions/game_5/single/rest-101101/top"",""solutions/game_5/single/rest-001000/bot""]}","[1,0,1,1,0,1]","[0,0,1,0,0,0]",2,2,13,9,home_win,home,0,96
62913,1,"{""series"":[""solutions/game_1/series/rest-111111/top"",""solutions/game_1/series/rest-111111/bot""]}","[1,1,1,1,1,1]","[1,1,1,1,1,1]",0,0,9,0,home_win,home,0,57
62913,2,"{""series"":[""solutions/game_2/series/home_wins_1/rest-111111/top"",""solutions/game_2/series/home_wins_1/rest-111111/bot""]}","[1,1,1,1,1,1]","[1,1,1,1,1,1]",1,0,11,7,home_win,home,0,82
62913,3,"{""series"":[""solutions/game_3/series/home_wins_2/rest-111010/top"",""solutions/game_3/series/home_wins_2/rest-111101/bot""]}","[1,1,1,0,1,0]","[1,1,1,1,0,1]",2,0,0,8,away_win,away,0,69
62913,4,"{""series"":[""solutions/game_4/series/home_wins_2/rest-111111/top"",""solutions/game_4/series/home_wins_2/rest-110111/bot""]}","[1,1,1,1,1,1]","[1,1,0,1,1,1]",2,1,0,2,away_win,away,0,75
62913,5,"{""series"":[""solutions/game_5/single/rest-111111/top"",""solutions/game_5/single/rest-011010/bot""]}","[1,1,1,1,1,1]","[0,1,1,0,1,0]",2,2,2,5,away_win,away,0,89
62914,1,"{""series"":[""solutions/game_1/series/rest-111111/top"",""solutions/game_1/series/rest-111111/bot""]}","[1,1,1,1,1,1]","[1,1,1,1,1,1]",0,0,1,4,away_win,away,0,76
62914,2,"{""series"":[""solutions/game_2/series/home_wins_0/rest-110111/top"",""solutions/game_2/series/home_wins_0/rest-001010/bot""]}","[1,1,0,1,1,1]","[0,0,1,0,1,0]",0,1,7,3,home_win,home,0,78
62914,3,"{""series"":[""solutions/game_3/series/home_wins_1/rest-011001/top"",""solutions/game_3/series/home_wins_1/rest-111101/bot""]}","[0,1,1,0,0,1]","[1,1,1,1,0,1]",1,1,3,1,home_win,home,0,71
62914,4,"{""series"":[""solutions/game_4/series/home_wins_2/rest-110111/top"",""solutions/game_4/series/home_wins_2/rest-010111/bot""]}","[1,1,0,1,1,1]","[0,1,0,1,1,1]",2,1,3,5,away_win,away,0,83
62914,5,"{""series"":[""solutions/game_5/single/rest-111110/top"",""solutions/game_5/single/rest-101110/bot""]}","[1,1,1,1,1,0]","[1,0,1,1,1,0]",2,2,4,3,home_win,home,0,73
62915,1,"{""series"":[""solutions/game_1/series/rest-111111/top"",""solutions/game_1/series/rest-111111/bot""]}","[1,1,1,1,1,1]","[1,1,1,1,1,1]",0,0,2,3,away_win,away,0,76
62915,2,"{""series"":[""solutions/game_2/series/home_wins_0/rest-111101/top"",""solutions/game_2/series/home_wins_0/rest-001111/bot""]}","[1,1,1,1,0,1]","[0,0,1,1,1,1]",0,1,6,4,home_win,home,0,84
62915,3,"{""series"":[""solutions/game_3/series/home_wins_1/rest-111111/top"",""solutions/game_3/series/home_wins_1/rest-111111/bot""]}","[1,1,1,1,1,1]","[1,1,1,1,1,1]",1,1,4,10,away_win,away,0,86
62915,4,"{""series"":[""solutions/game_4/series/home_wins_1/rest-011110/top"",""solutions/game_4/series/home_wins_1/rest-111110/bot""]}","[0,1,1,1,1,0]","[1,1,1,1,1,0]",1,2,4,14,away_win,away,0,84
62915,5,"{""series"":[""solutions/game_5/single/rest-110001/top"",""solutions/game_5/single/rest-110111/bot""]}","[1,1,0,0,0,1]","[1,1,0,1,1,1]",1,3,6,8,away_win,away,1,104
62916,1,"{""series"":[""solutions/game_1/series/rest-111111/top"",""solutions/game_1/series/rest-111111/bot""]}","[1,1,1,1,1,1]","[1,1,1,1,1,1]",0,0,7,8,away_win,away,0,97
62916,2,"{""series"":[""solutions/game_2/series/home_wins_0/rest-010001/top"",""solutions/game_2/series/home_wins_0/rest-101010/bot""]}","[0,1,0,0,0,1]","[1,0,1,0,1,0]",0,1,2,6,away_win,away,0,86
62916,3,"{""series"":[""solutions/game_3/series/home_wins_0/rest-111110/top"",""solutions/game_3/series/home_wins_0/rest-000111/bot""]}","[1,1,1,1,1,0]","[0,0,0,1,1,1]",0,2,3,2,home_win,home,0,87
62916,4,"{""series"":[""solutions/game_4/series/home_wins_1/rest-000001/top"",""solutions/game_4/series/home_wins_1/rest-111010/bot""]}","[0,0,0,0,0,1]","[1,1,1,0,1,0]",1,2,6,6,tie,away,0,94
62916,5,"{""series"":[""solutions/game_5/single/rest-111111/top"",""solutions/game_5/single/rest-010101/bot""]}","[1,1,1,1,1,1]","[0,1,0,1,0,1]",1,3,3,6,away_win,away,1,83
62917,1,"{""series"":[""solutions/game_1/series/rest-111111/top"",""solutions/game_1/series/rest-111111/bot""]}","[1,1,1,1,1,1]","[1,1,1,1,1,1]",0,0,0,3,away_win,away,0,86
62917,2,"{""series"":[""solutions/game_2/series/home_wins_0/rest-101110/top"",""solutions/game_2/series/home_wins_0/rest-001111/bot""]}","[1,0,1,1,1,0]","[0,0,1,1,1,1]",0,1,1,2,away_win,away,0,78
62917,3,"{""series"":[""solutions/game_3/series/home_wins_0/rest-110100/top"",""solutions/game_3/series/home_wins_0/rest-110010/bot""]}","[1,1,0,1,0,0]","[1,1,0,0,1,0]",0,2,7,0,home_win,home,0,74
62917,4,"{""series"":[""solutions/game_4/series/home_wins_1/rest-111111/top"",""solutions/game_4/series/home_wins_1/rest-111111/bot""]}","[1,1,1,1,1,1]","[1,1,1,1,1,1]",1,2,1,4,away_win,away,0,76
62917,5,"{""series"":[""solutions/game_5/single/rest-010101/top"",""solutions/game_5/single/rest-111010/bot""]}","[0,1,0,1,0,1]","[1,1,1,0,1,0]",1,3,6,5,home_win,home,1,82
62918,1,"{""series"":[""solutions/game_1/series/rest-111111/top"",""solutions/game_1/series/rest-111111/bot""]}","[1,1,1,1,1,1]","[1,1,1,1,1,1]",0,0,4,3,home_win,home,0,71
62918,2,"{""series"":[""solutions/game_2/series/home_wins_1/rest-111101/top"",""solutions/game_2/series/home_wins_1/rest-101111/bot""]}","[1,1,1,1,0,1]","[1,0,1,1,1,1]",1,0,4,6,away_win,away,0,87
62918,3,"{""series"":[""solutions/game_3/series/home_wins_1/rest-001110/top"",""solutions/game_3/series/home_wins_1/rest-111010/bot""]}","[0,0,1,1,1,0]","[1,1,1,0,1,0]",1,1,5,7,away_win,away,0,86
62918,4,"{""series"":[""solutions/game_4/series/home_wins_1/rest-111101/top"",""solutions/game_4/series/home_wins_1/rest-101101/bot""]}","[1,1,1,1,0,1]","[1,0,1,1,0,1]",1,2,8,6,home_win,home,0,83
62918,5,"{""series"":[""solutions/game_5/single/rest-101000/top"",""solutions/game_5/single/rest-110111/bot""]}","[1,0,1,0,0,0]","[1,1,0,1,1,1]",2,2,2,6,away_win,away,0,85
62919,1,"{""series"":[""solutions/game_1/series/rest-111111/top"",""solutions/game_1/series/rest-111111/bot""]}","[1,1,1,1,1,1]","[1,1,1,1,1,1]",0,0,10,0,home_win,home,0,27
62919,2,"{""series"":[""solutions/game_2/series/home_wins_1/rest-111111/top"",""solutions/game_2/series/home_wins_1/rest-111111/bot""]}","[1,1,1,1,1,1]","[1,1,1,1,1,1]",1,0,2,10,away_win,away,0,73
62919,3,"{""series"":[""solutions/game_3/series/home_wins_1/rest-111110/top"",""solutions/game_3/series/home_wins_1/rest-111110/bot""]}","[1,1,1,1,1,0]","[1,1,1,1,1,0]",1,1,4,2,home_win,home,0,74
62919,4,"{""series"":[""solutions/game_4/series/home_wins_2/rest-110001/top"",""solutions/game_4/series/home_wins_2/rest-010111/bot""]}","[1,1,0,0,0,1]","[0,1,0,1,1,1]",2,1,2,7,away_win,away,0,77
62919,5,"{""series"":[""solutions/game_5/single/rest-111110/top"",""solutions/game_5/single/rest-111101/bot""]}","[1,1,1,1,1,0]","[1,1,1,1,0,1]",2,2,9,6,home_win,home,0,86
62920,1,"{""series"":[""solutions/game_1/series/rest-111111/top"",""solutions/game_1/series/rest-111111/bot""]}","[1,1,1,1,1,1]","[1,1,1,1,1,1]",0,0,7,6,home_win,home,0,82
62920,2,"{""series"":[""solutions/game_2/series/home_wins_1/rest-110111/top"",""solutions/game_2/series/home_wins_1/rest-011101/bot""]}","[1,1,0,1,1,1]","[0,1,1,1,0,1]",1,0,6,5,home_win,home,0,78
62920,3,"{""series"":[""solutions/game_3/series/home_wins_2/rest-011101/top"",""solutions/game_3/series/home_wins_2/rest-101000/bot""]}","[0,1,1,1,0,1]","[1,0,1,0,0,0]",2,0,6,4,home_win,home,0,80
62920,4,"{""series"":[""solutions/game_4/single/rest-101011/top"",""solutions/game_4/single/rest-010111/bot""]}","[1,0,1,0,1,1]","[0,1,0,1,1,1]",3,0,8,0,home_win,home,1,48
62920,5,"{""series"":[""solutions/game_5/single/rest-101111/top"",""solutions/game_5/single/rest-111111/bot""]}","[1,0,1,1,1,1]","[1,1,1,1,1,1]",4,0,3,2,home_win,home,1,78
62921,1,"{""series"":[""solutions/game_1/series/rest-111111/top"",""solutions/game_1/series/rest-111111/bot""]}","[1,1,1,1,1,1]","[1,1,1,1,1,1]",0,0,3,2,home_win,home,0,69
62921,2,"{""series"":[""solutions/game_2/series/home_wins_1/rest-110111/top"",""solutions/game_2/series/home_wins_1/rest-101111/bot""]}","[1,1,0,1,1,1]","[1,0,1,1,1,1]",1,0,3,5,away_win,away,0,82
62921,3,"{""series"":[""solutions/game_3/series/home_wins_1/rest-011110/top"",""solutions/game_3/series/home_wins_1/rest-110111/bot""]}","[0,1,1,1,1,0]","[1,1,0,1,1,1]",1,1,4,6,away_win,away,0,81
62921,4,"{""series"":[""solutions/game_4/series/home_wins_1/rest-101101/top"",""solutions/game_4/series/home_wins_1/rest-101110/bot""]}","[1,0,1,1,0,1]","[1,0,1,1,1,0]",1,2,5,7,away_win,away,0,88
62921,5,"{""series"":[""solutions/game_5/single/rest-110001/top"",""solutions/game_5/single/rest-010001/bot""]}","[1,1,0,0,0,1]","[0,1,0,0,0,1]",1,3,3,5,away_win,away,1,79
62922,1,"{""series"":[""solutions/game_1/series/rest-111111/top"",""solutions/game_1/series/rest-111111/bot""]}","[1,1,1,1,1,1]","[1,1,1,1,1,1]",0,0,14,5,home_win,home,0,77
62922,2,"{""series"":[""solutions/game_2/series/home_wins_1/rest-110011/top"",""solutions/game_2/series/home_wins_1/rest-111110/bot""]}","[1,1,0,0,1,1]","[1,1,1,1,1,0]",1,0,1,10,away_win,away,0,53
62922,3,"{""series"":[""solutions/game_3/series/home_wins_1/rest-111111/top"",""solutions/game_3/series/home_wins_1/rest-111111/bot""]}","[1,1,1,1,1,1]","[1,1,1,1,1,1]",1,1,5,4,home_win,home,0,82
62922,4,"{""series"":[""solutions/game_4/series/home_wins_2/rest-111011/top"",""solutions/game_4/series/home_wins_2/rest-011011/bot""]}","[1,1,1,0,1,1]","[0,1,1,0,1,1]",2,1,14,4,home_win,home,0,64
62922,5,"{""series"":[""solutions/game_5/single/rest-110111/top"",""solutions/game_5/single/rest-011100/bot""]}","[1,1,0,1,1,1]","[0,1,1,1,0,0]",3,1,10,5,home_win,home,1,89
62923,1,"{""series"":[""solutions/game_1/series/rest-111111/top"",""solutions/game_1/series/rest-111111/bot""]}","[1,1,1,1,1,1]","[1,1,1,1,1,1]",0,0,5,1,home_win,home,0,72
62923,2,"{""series"":[""solutions/game_2/series/home_wins_1/rest-111111/top"",""solutions/game_2/series/home_wins_1/rest-110110/bot""]}","[1,1,1,1,1,1]","[1,1,0,1,1,0]",1,0,5,9,away_win,away,0,87
62923,3,"{""series"":[""solutions/game_3/series/home_wins_1/rest-101111/top"",""solutions/game_3/series/home_wins_1/rest-011111/bot""]}","[1,0,1,1,1,1]","[0,1,1,1,1,1]",1,1,0,8,away_win,away,0,39
62923,4,"{""series"":[""solutions/game_4/series/home_wins_1/rest-111111/top"",""solutions/game_4/series/home_wins_1/rest-011111/bot""]}","[1,1,1,1,1,1]","[0,1,1,1,1,1]",1,2,5,8,away_win,away,0,90
62923,5,"{""series"":[""solutions/game_5/single/rest-110111/top"",""solutions/game_5/single/rest-111010/bot""]}","[1,1,0,1,1,1]","[1,1,1,0,1,0]",1,3,3,1,home_win,home,1,72
62924,1,"{""series"":[""solutions/game_1/series/rest-111111/top"",""solutions/game_1/series/rest-111111/bot""]}","[1,1,1,1,1,1]","[1,1,1,1,1,1]",0,0,0,9,away_win,away,0,45
62924,2,"{""series"":[""solutions/game_2/series/home_wins_0/rest-111111/top"",""solutions/game_2/series/home_wins_0/rest-111111/bot""]}","[1,1,1,1,1,1]","[1,1,1,1,1,1]",0,1,3,3,tie,away,0,87
62924,3,"{""series"":[""solutions/game_3/series/home_wins_0/rest-011011/top"",""solutions/game_3/series/home_wins_0/rest-111011/bot""]}","[0,1,1,0,1,1]","[1,1,1,0,1,1]",0,2,11,4,home_win,home,0,91
62924,4,"{""series"":[""solutions/game_4/series/home_wins_1/rest-111101/top"",""solutions/game_4/series/home_wins_1/rest-110111/bot""]}","[1,1,1,1,0,1]","[1,1,0,1,1,1]",1,2,8,7,home_win,home,0,90
62924,5,"{""series"":[""solutions/game_5/single/rest-000011/top"",""solutions/game_5/single/rest-111111/bot""]}","[0,0,0,0,1,1]","[1,1,1,1,1,1]",2,2,5,4,home_win,home,0,91
62925,1,"{""series"":[""solutions/game_1/series/rest-111111/top"",""solutions/game_1/series/rest-111111/bot""]}","[1,1,1,1,1,1]","[1,1,1,1,1,1]",0,0,2,7,away_win,away,0,84
62925,2,"{""series"":[""solutions/game_2/series/home_wins_0/rest-111100/top"",""solutions/game_2/series/home_wins_0/rest-111111/bot""]}","[1,1,1,1,0,0]","[1,1,1,1,1,1]",0,1,1,0,home_win,home,0,67
62925,3,"{""series"":[""solutions/game_3/series/home_wins_1/rest-110011/top"",""solutions/game_3/series/home_wins_1/rest-011110/bot""]}","[1,1,0,0,1,1]","[0,1,1,1,1,0]",1,1,7,9,away_win,away,0,101
62925,4,"{""series"":[""solutions/game_4/series/home_wins_1/rest-011100/top"",""solutions/game_4/series/home_wins_1/rest-101011/bot""]}","[0,1,1,1,0,0]","[1,0,1,0,1,1]",1,2,9,5,home_win,home,0,89
62925,5,"{""series"":[""solutions/game_5/single/rest-110011/top"",""solutions/game_5/single/rest-111101/bot""]}","[1,1,0,0,1,1]","[1,1,1,1,0,1]",2,2,3,1,home_win,home,0,71
62926,1,"{""series"":[""solutions/game_1/series/rest-111111/top"",""solutions/game_1/series/rest-111111/bot""]}","[1,1,1,1,1,1]","[1,1,1,1,1,1]",0,0,7,3,home_win,home,0,79
62926,2,"{""series"":[""solutions/game_2/series/home_wins_1/rest-110001/top"",""solutions/game_2/series/home_wins_1/rest-010111/bot""]}","[1,1,0,0,0,1]","[0,1,0,1,1,1]",1,0,5,0,home_win,home,0,82
62926,3,"{""series"":[""solutions/game_3/series/home_wins_2/rest-001111/top"",""solutions/game_3/series/home_wins_2/rest-111101/bot""]}","[0,0,1,1,1,1]","[1,1,1,1,0,1]",2,0,5,4,home_win,home,0,90
62926,4,"{""series"":[""solutions/game_4/single/rest-111000/top"",""solutions/game_4/single/rest-001010/bot""]}","[1,1,1,0,0,0]","[0,0,1,0,1,0]",3,0,4,5,away_win,away,1,77
62926,5,"{""series"":[""solutions/game_5/single/rest-100111/top"",""solutions/game_5/single/rest-111101/bot""]}","[1,0,0,1,1,1]","[1,1,1,1,0,1]",3,1,1,4,away_win,away,1,75
62927,1,"{""series"":[""solutions/game_1/series/rest-111111/top"",""solutions/game_1/series/rest-111111/bot""]}","[1,1,1,1,1,1]","[1,1,1,1,1,1]",0,0,6,8,away_win,away,0,95
62927,2,"{""series"":[""solutions/game_2/series/home_wins_0/rest-011001/top"",""solutions/game_2/series/home_wins_0/rest-001010/bot""]}","[0,1,1,0,0,1]","[0,0,1,0,1,0]",0,1,3,7,away_win,away,0,87
62927,3,"{""series"":[""solutions/game_3/series/home_wins_0/rest-110111/top"",""solutions/game_3/series/home_wins_0/rest-110101/bot""]}","[1,1,0,1,1,1]","[1,1,0,1,0,1]",0,2,0,8,away_win,away,0,64
62927,4,"{""series"":[""solutions/game_4/single/rest-111011/top"",""solutions/game_4/single/rest-111111/bot""]}","[1,1,1,0,1,1]","[1,1,1,1,1,1]",0,3,4,2,home_win,home,1,80
62927,5,"{""series"":[""solutions/game_5/single/rest-010100/top"",""solutions/game_5/single/rest-001010/bot""]}","[0,1,0,1,0,0]","[0,0,1,0,1,0]",1,3,2,7,away_win,away,1,87
62928,1,"{""series"":[""solutions/game_1/series/rest-111111/top"",""solutions/game_1/series/rest-111111/bot""]}","[1,1,1,1,1,1]","[1,1,1,1,1,1]",0,0,3,7,away_win,away,0,85
62928,2,"{""series"":[""solutions/game_2/series/home_wins_0/rest-101111/top"",""solutions/game_2/series/home_wins_0/rest-010110/bot""]}","[1,0,1,1,1,1]","[0,1,0,1,1,0]",0,1,10,6,home_win,home,0,91
62928,3,"{""series"":[""solutions/game_3/series/home_wins_1/rest-111001/top"",""solutions/game_3/series/home_wins_1/rest-101011/bot""]}","[1,1,1,0,0,1]","[1,0,1,0,1,1]",1,1,9,6,home_win,home,0,86
62928,4,"{""series"":[""solutions/game_4/series/home_wins_2/rest-001110/top"",""solutions/game_4/series/home_wins_2/rest-011111/bot""]}","[0,0,1,1,1,0]","[0,1,1,1,1,1]",2,1,7,6,home_win,home,0,81
62928,5,"{""series"":[""solutions/game_5/single/rest-111101/top"",""solutions/game_5/single/rest-101001/bot""]}","[1,1,1,1,0,1]","[1,0,1,0,0,1]",3,1,0,1,away_win,away,1,77
62929,1,"{""series"":[""solutions/game_1/series/rest-111111/top"",""solutions/game_1/series/rest-111111/bot""]}","[1,1,1,1,1,1]","[1,1,1,1,1,1]",0,0,6,8,away_win,away,0,84
62929,2,"{""series"":[""solutions/game_2/series/home_wins_0/rest-111101/top"",""solutions/game_2/series/home_wins_0/rest-011111/bot""]}","[1,1,1,1,0,1]","[0,1,1,1,1,1]",0,1,3,8,away_win,away,0,83
62929,3,"{""series"":[""solutions/game_3/series/home_wins_0/rest-110111/top"",""solutions/game_3/series/home_wins_0/rest-111011/bot""]}","[1,1,0,1,1,1]","[1,1,1,0,1,1]",0,2,2,7,away_win,away,0,81
62929,4,"{""series"":[""solutions/game_4/single/rest-011011/top"",""solutions/game_4/single/rest-001101/bot""]}","[0,1,1,0,1,1]","[0,0,1,1,0,1]",0,3,1,7,away_win,away,1,88
62929,5,"{""series"":[""solutions/game_5/single/rest-100111/top"",""solutions/game_5/single/rest-110010/bot""]}","[1,0,0,1,1,1]","[1,1,0,0,1,0]",0,4,6,4,home_win,home,1,73
62930,1,"{""series"":[""solutions/game_1/series/rest-111111/top"",""solutions/game_1/series/rest-111111/bot""]}","[1,1,1,1,1,1]","[1,1,1,1,1,1]",0,0,3,2,home_win,home,0,80
62930,2,"{""series"":[""solutions/game_2/series/home_wins_1/rest-010111/top"",""solutions/game_2/series/home_wins_1/rest-101011/bot""]}","[0,1,0,1,1,1]","[1,0,1,0,1,1]",1,0,0,8,away_win,away,0,18
62930,3,"{""series"":[""solutions/game_3/series/home_wins_1/rest-110111/top"",""solutions/game_3/series/home_wins_1/rest-101111/bot""]}","[1,1,0,1,1,1]","[1,0,1,1,1,1]",1,1,0,8,away_win,away,0,43
62930,4,"{""series"":[""solutions/game_4/series/home_wins_1/rest-111111/top"",""solutions/game_4/series/home_wins_1/rest-111111/bot""]}","[1,1,1,1,1,1]","[1,1,1,1,1,1]",1,2,7,6,home_win,home,0,84
62930,5,"{""series"":[""solutions/game_5/single/rest-110111/top"",""solutions/game_5/single/rest-110111/bot""]}","[1,1,0,1,1,1]","[1,1,0,1,1,1]",2,2,4,6,away_win,away,0,86
62931,1,"{""series"":[""solutions/game_1/series/rest-111111/top"",""solutions/game_1/series/rest-111111/bot""]}","[1,1,1,1,1,1]","[1,1,1,1,1,1]",0,0,9,1,home_win,home,0,54
62931,2,"{""series"":[""solutions/game_2/series/home_wins_1/rest-111111/top"",""solutions/game_2/series/home_wins_1/rest-111111/bot""]}","[1,1,1,1,1,1]","[1,1,1,1,1,1]",1,0,2,8,away_win,away,0,84
62931,3,"{""series"":[""solutions/game_3/series/home_wins_1/rest-110001/top"",""solutions/game_3/series/home_wins_1/rest-111011/bot""]}","[1,1,0,0,0,1]","[1,1,1,0,1,1]",1,1,7,9,away_win,away,0,92
62931,4,"{""series"":[""solutions/game_4/series/home_wins_1/rest-100110/top"",""solutions/game_4/series/home_wins_1/rest-001110/bot""]}","[1,0,0,1,1,0]","[0,0,1,1,1,0]",1,2,4,6,away_win,away,0,93
62931,5,"{""series"":[""solutions/game_5/single/rest-011001/top"",""solutions/game_5/single/rest-110001/bot""]}","[0,1,1,0,0,1]","[1,1,0,0,0,1]",1,3,4,2,home_win,home,1,78
62932,1,"{""series"":[""solutions/game_1/series/rest-111111/top"",""solutions/game_1/series/rest-111111/bot""]}","[1,1,1,1,1,1]","[1,1,1,1,1,1]",0,0,6,3,home_win,home,0,80
62932,2,"{""series"":[""solutions/game_2/series/home_wins_1/rest-111111/top"",""solutions/game_2/series/home_wins_1/rest-111100/bot""]}","[1,1,1,1,1,1]","[1,1,1,1,0,0]",1,0,3,5,away_win,away,0,74
62932,3,"{""series"":[""solutions/game_3/series/home_wins_1/rest-110111/top"",""solutions/game_3/series/home_wins_1/rest-101011/bot""]}","[1,1,0,1,1,1]","[1,0,1,0,1,1]",1,1,3,5,away_win,away,0,85
62932,4,"{""series"":[""solutions/game_4/series/home_wins_1/rest-010001/top"",""solutions/game_4/series/home_wins_1/rest-010110/bot""]}","[0,1,0,0,0,1]","[0,1,0,1,1,0]",1,2,6,4,home_win,home,0,81
62932,5,"{""series"":[""solutions/game_5/single/rest-101110/top"",""solutions/game_5/single/rest-111101/bot""]}","[1,0,1,1,1,0]","[1,1,1,1,0,1]",2,2,6,4,home_win,home,0,84
62933,1,"{""series"":[""solutions/game_1/series/rest-111111/top"",""solutions/game_1/series/rest-111111/bot""]}","[1,1,1,1,1,1]","[1,1,1,1,1,1]",0,0,3,6,away_win,away,0,83
62933,2,"{""series"":[""solutions/game_2/series/home_wins_0/rest-110111/top"",""solutions/game_2/series/home_wins_0/rest-011101/bot""]}","[1,1,0,1,1,1]","[0,1,1,1,0,1]",0,1,17,6,home_win,home,0,85
62933,3,"{""series"":[""solutions/game_3/series/home_wins_1/rest-101011/top"",""solutions/game_3/series/home_wins_1/rest-111111/bot""]}","[1,0,1,0,1,1]","[1,1,1,1,1,1]",1,1,4,8,away_win,away,0,90
62933,4,"{""series"":[""solutions/game_4/series/home_wins_1/rest-111110/top"",""solutions/game_4/series/home_wins_1/rest-111111/bot""]}","[1,1,1,1,1,0]","[1,1,1,1,1,1]",1,2,5,4,home_win,home,0,75
62933,5,"{""series"":[""solutions/game_5/single/rest-010101/top"",""solutions/game_5/single/rest-110101/bot""]}","[0,1,0,1,0,1]","[1,1,0,1,0,1]",2,2,9,1,home_win,home,0,46
62934,1,"{""series"":[""solutions/game_1/series/rest-111111/top"",""solutions/game_1/series/rest-111111/bot""]}","[1,1,1,1,1,1]","[1,1,1,1,1,1]",0,0,3,11,away_win,away,0,75
62934,2,"{""series"":[""solutions/game_2/series/home_wins_0/rest-110011/top"",""solutions/game_2/series/home_wins_0/rest-111110/bot""]}","[1,1,0,0,1,1]","[1,1,1,1,1,0]",0,1,4,8,away_win,away,0,86
62934,3,"{""series"":[""solutions/game_3/series/home_wins_0/rest-011111/top"",""solutions/game_3/series/home_wins_0/rest-110100/bot""]}","[0,1,1,1,1,1]","[1,1,0,1,0,0]",0,2,7,4,home_win,home,0,92
62934,4,"{""series"":[""solutions/game_4/series/home_wins_1/rest-101001/top"",""solutions/game_4/series/home_wins_1/rest-101111/bot""]}","[1,0,1,0,0,1]","[1,0,1,1,1,1]",1,2,7,9,away_win,away,0,94
62934,5,"{""series"":[""solutions/game_5/single/rest-010110/top"",""solutions/game_5/single/rest-110010/bot""]}","[0,1,0,1,1,0]","[1,1,0,0,1,0]",1,3,2,4,away_win,away,1,78
62935,1,"{""series"":[""solutions/game_1/series/rest-111111/top"",""solutions/game_1/series/rest-111111/bot""]}","[1,1,1,1,1,1]","[1,1,1,1,1,1]",0,0,0,4,away_win,away,0,71
62935,2,"{""series"":[""solutions/game_2/series/home_wins_0/rest-111010/top"",""solutions/game_2/series/home_wins_0/rest-111011/bot""]}","[1,1,1,0,1,0]","[1,1,1,0,1,1]",0,1,1,10,away_win,away,0,60
62935,3,"{""series"":[""solutions/game_3/series/home_wins_0/rest-111111/top"",""solutions/game_3/series/home_wins_0/rest-111111/bot""]}","[1,1,1,1,1,1]","[1,1,1,1,1,1]",0,2,8,0,home_win,home,0,45
62935,4,"{""series"":[""solutions/game_4/series/home_wins_1/rest-111111/top"",""solutions/game_4/series/home_wins_1/rest-111111/bot""]}","[1,1,1,1,1,1]","[1,1,1,1,1,1]",1,2,5,1,home_win,home,0,79
62935,5,"{""series"":[""solutions/game_5/single/rest-111001/top"",""solutions/game_5/single/rest-011111/bot""]}","[1,1,1,0,0,1]","[0,1,1,1,1,1]",2,2,8,6,home_win,home,0,92
62936,1,"{""series"":[""solutions/game_1/series/rest-111111/top"",""solutions/game_1/series/rest-111111/bot""]}","[1,1,1,1,1,1]","[1,1,1,1,1,1]",0,0,9,1,home_win,home,0,63
62936,2,"{""series"":[""solutions/game_2/series/home_wins_1/rest-111111/top"",""solutions/game_2/series/home_wins_1/rest-110111/bot""]}","[1,1,1,1,1,1]","[1,1,0,1,1,1]",1,0,7,1,home_win,home,0,74
62936,3,"{""series"":[""solutions/game_3/series/home_wins_2/rest-111011/top"",""solutions/game_3/series/home_wins_2/rest-011101/bot""]}","[1,1,1,0,1,1]","[0,1,1,1,0,1]",2,0,3,7,away_win,away,0,81
62936,4,"{""series"":[""solutions/game_4/series/home_wins_2/rest-011110/top"",""solutions/game_4/series/home_wins_2/rest-101010/bot""]}","[0,1,1,1,1,0]","[1,0,1,0,1,0]",2,1,10,2,home_win,home,0,51
62936,5,"{""series"":[""solutions/game_5/single/rest-111111/top"",""solutions/game_5/single/rest-001111/bot""]}","[1,1,1,1,1,1]","[0,0,1,1,1,1]",3,1,8,4,home_win,home,1,89
62937,1,"{""series"":[""solutions/game_1/series/rest-111111/top"",""solutions/game_1/series/rest-111111/bot""]}","[1,1,1,1,1,1]","[1,1,1,1,1,1]",0,0,3,4,away_win,away,0,86
62937,2,"{""series"":[""solutions/game_2/series/home_wins_0/rest-110001/top"",""solutions/game_2/series/home_wins_0/rest-101010/bot""]}","[1,1,0,0,0,1]","[1,0,1,0,1,0]",0,1,11,3,home_win,home,0,77
62937,3,"{""series"":[""solutions/game_3/series/home_wins_1/rest-011111/top"",""solutions/game_3/series/home_wins_1/rest-111101/bot""]}","[0,1,1,1,1,1]","[1,1,1,1,0,1]",1,1,2,7,away_win,away,0,85
62937,4,"{""series"":[""solutions/game_4/series/home_wins_1/rest-111100/top"",""solutions/game_4/series/home_wins_1/rest-011110/bot""]}","[1,1,1,1,0,0]","[0,1,1,1,1,0]",1,2,4,5,away_win,away,0,81
62937,5,"{""series"":[""solutions/game_5/single/rest-010011/top"",""solutions/game_5/single/rest-101111/bot""]}","[0,1,0,0,1,1]","[1,0,1,1,1,1]",1,3,3,2,home_win,home,1,79
62938,1,"{""series"":[""solutions/game_1/series/rest-111111/top"",""solutions/game_1/series/rest-111111/bot""]}","[1,1,1,1,1,1]","[1,1,1,1,1,1]",0,0,8,4,home_win,home,0,85
62938,2,"{""series"":[""solutions/game_2/series/home_wins_1/rest-111100/top"",""solutions/game_2/series/home_wins_1/rest-101011/bot""]}","[1,1,1,1,0,0]","[1,0,1,0,1,1]",1,0,4,2,home_win,home,0,78
62938,3,"{""series"":[""solutions/game_3/series/home_wins_2/rest-111011/top"",""solutions/game_3/series/home_wins_2/rest-110101/bot""]}","[1,1,1,0,1,1]","[1,1,0,1,0,1]",2,0,7,8,away_win,away,0,92
62938,4,"{""series"":[""solutions/game_4/series/home_wins_2/rest-011111/top"",""solutions/game_4/series/home_wins_2/rest-010010/bot""]}","[0,1,1,1,1,1]","[0,1,0,0,1,0]",2,1,6,5,home_win,home,0,78
62938,5,"{""series"":[""solutions/game_5/single/rest-110001/top"",""solutions/game_5/single/rest-101101/bot""]}","[1,1,0,0,0,1]","[1,0,1,1,0,1]",3,1,0,8,away_win,away,1,16
62939,1,"{""series"":[""solutions/game_1/series/rest-111111/top"",""solutions/game_1/series/rest-111111/bot""]}","[1,1,1,1,1,1]","[1,1,1,1,1,1]",0,0,4,3,home_win,home,0,82
62939,2,"{""series"":[""solutions/game_2/series/home_wins_1/rest-010101/top"",""solutions/game_2/series/home_wins_1/rest-011110/bot""]}","[0,1,0,1,0,1]","[0,1,1,1,1,0]",1,0,5,6,away_win,away,0,88
62939,3,"{""series"":[""solutions/game_3/series/home_wins_1/rest-101010/top"",""solutions/game_3/series/home_wins_1/rest-100011/bot""]}","[1,0,1,0,1,0]","[1,0,0,0,1,1]",1,1,1,9,away_win,away,0,85
62939,4,"{""series"":[""solutions/game_4/series/home_wins_1/rest-110101/top"",""solutions/game_4/series/home_wins_1/rest-000111/bot""]}","[1,1,0,1,0,1]","[0,0,0,1,1,1]",1,2,3,6,away_win,away,0,84
62939,5,"{""series"":[""solutions/game_5/single/rest-111111/top"",""solutions/game_5/single/rest-111000/bot""]}","[1,1,1,1,1,1]","[1,1,1,0,0,0]",1,3,6,5,home_win,home,1,81
62940,1,"{""series"":[""solutions/game_1/series/rest-111111/top"",""solutions/game_1/series/rest-111111/bot""]}","[1,1,1,1,1,1]","[1,1,1,1,1,1]",0,0,4,1,home_win,home,0,72
62940,2,"{""series"":[""solutions/game_2/series/home_wins_1/rest-110001/top"",""solutions/game_2/series/home_wins_1/rest-111110/bot""]}","[1,1,0,0,0,1]","[1,1,1,1,1,0]",1,0,11,2,home_win,home,0,71
62940,3,"{""series"":[""solutions/game_3/series/home_wins_2/rest-011111/top"",""solutions/game_3/series/home_wins_2/rest-111100/bot""]}","[0,1,1,1,1,1]","[1,1,1,1,0,0]",2,0,0,9,away_win,away,0,58
62940,4,"{""series"":[""solutions/game_4/series/home_wins_2/rest-111111/top"",""solutions/game_4/series/home_wins_2/rest-111111/bot""]}","[1,1,1,1,1,1]","[1,1,1,1,1,1]",2,1,4,1,home_win,home,0,76
62940,5,"{""series"":[""solutions/game_5/single/rest-110001/top"",""solutions/game_5/single/rest-101010/bot""]}","[1,1,0,0,0,1]","[1,0,1,0,1,0]",3,1,8,0,home_win,home,1,29
62941,1,"{""series"":[""solutions/game_1/series/rest-111111/top"",""solutions/game_1/series/rest-111111/bot""]}","[1,1,1,1,1,1]","[1,1,1,1,1,1]",0,0,7,1,home_win,home,0,72
62941,2,"{""series"":[""solutions/game_2/series/home_wins_1/rest-111101/top"",""solutions/game_2/series/home_wins_1/rest-110101/bot""]}","[1,1,1,1,0,1]","[1,1,0,1,0,1]",1,0,6,3,home_win,home,0,77
62941,3,"{""series"":[""solutions/game_3/series/home_wins_2/rest-110011/top"",""solutions/game_3/series/home_wins_2/rest-101111/bot""]}","[1,1,0,0,1,1]","[1,0,1,1,1,1]",2,0,9,5,home_win,home,0,89
62941,4,"{""series"":[""solutions/game_4/single/rest-001100/top"",""solutions/game_4/single/rest-111011/bot""]}","[0,0,1,1,0,0]","[1,1,1,0,1,1]",3,0,8,0,home_win,home,1,46
62941,5,"{""series"":[""solutions/game_5/single/rest-111110/top"",""solutions/game_5/single/rest-111110/bot""]}","[1,1,1,1,1,0]","[1,1,1,1,1,0]",4,0,7,6,home_win,home,1,91
62942,1,"{""series"":[""solutions/game_1/series/rest-111111/top"",""solutions/game_1/series/rest-111111/bot""]}","[1,1,1,1,1,1]","[1,1,1,1,1,1]",0,0,11,4,home_win,home,0,85
62942,2,"{""series"":[""solutions/game_2/series/home_wins_1/rest-101111/top"",""solutions/game_2/series/home_wins_1/rest-111101/bot""]}","[1,0,1,1,1,1]","[1,1,1,1,0,1]",1,0,1,4,away_win,away,0,78
62942,3,"{""series"":[""solutions/game_3/series/home_wins_1/rest-010111/top"",""solutions/game_3/series/home_wins_1/rest-001011/bot""]}","[0,1,0,1,1,1]","[0,0,1,0,1,1]",1,1,7,2,home_win,home,0,77
62942,4,"{""series"":[""solutions/game_4/series/home_wins_2/rest-111101/top"",""solutions/game_4/series/home_wins_2/rest-111101/bot""]}","[1,1,1,1,0,1]","[1,1,1,1,0,1]",2,1,7,4,home_win,home,0,81
62942,5,"{""series"":[""solutions/game_5/single/rest-010110/top"",""solutions/game_5/single/rest-111111/bot""]}","[0,1,0,1,1,0]","[1,1,1,1,1,1]",3,1,7,6,home_win,home,1,87
62943,1,"{""series"":[""solutions/game_1/series/rest-111111/top"",""solutions/game_1/series/rest-111111/bot""]}","[1,1,1,1,1,1]","[1,1,1,1,1,1]",0,0,1,2,away_win,away,0,82
62943,2,"{""series"":[""solutions/game_2/series/home_wins_0/rest-110011/top"",""solutions/game_2/series/home_wins_0/rest-001011/bot""]}","[1,1,0,0,1,1]","[0,0,1,0,1,1]",0,1,11,3,home_win,home,0,75
62943,3,"{""series"":[""solutions/game_3/series/home_wins_1/rest-101110/top"",""solutions/game_3/series/home_wins_1/rest-110111/bot""]}","[1,0,1,1,1,0]","[1,1,0,1,1,1]",1,1,2,1,home_win,home,0,61
62943,4,"{""series"":[""solutions/game_4/series/home_wins_2/rest-011011/top"",""solutions/game_4/series/home_wins_2/rest-111110/bot""]}","[0,1,1,0,1,1]","[1,1,1,1,1,0]",2,1,3,1,home_win,home,0,70
62943,5,"{""series"":[""solutions/game_5/single/rest-110100/top"",""solutions/game_5/single/rest-001111/bot""]}","[1,1,0,1,0,0]","[0,0,1,1,1,1]",3,1,6,4,home_win,home,1,78
62944,1,"{""series"":[""solutions/game_1/series/rest-111111/top"",""solutions/game_1/series/rest-111111/bot""]}","[1,1,1,1,1,1]","[1,1,1,1,1,1]",0,0,9,0,home_win,home,0,29
62944,2,"{""series"":[""solutions/game_2/series/home_wins_1/rest-111111/top"",""solutions/game_2/series/home_wins_1/rest-111111/bot""]}","[1,1,1,1,1,1]","[1,1,1,1,1,1]",1,0,7,5,home_win,home,0,84
62944,3,"{""series"":[""solutions/game_3/series/home_wins_2/rest-110001/top"",""solutions/game_3/series/home_wins_2/rest-010111/bot""]}","[1,1,0,0,0,1]","[0,1,0,1,1,1]",2,0,6,1,home_win,home,0,79
62944,4,"{""series"":[""solutions/game_4/single/rest-101110/top"",""solutions/game_4/single/rest-111010/bot""]}","[1,0,1,1,1,0]","[1,1,1,0,1,0]",3,0,4,0,home_win,home,1,78
62944,5,"{""series"":[""solutions/game_5/single/rest-111001/top"",""solutions/game_5/single/rest-001100/bot""]}","[1,1,1,0,0,1]","[0,0,1,1,0,0]",4,0,5,4,home_win,home,1,79
62945,1,"{""series"":[""solutions/game_1/series/rest-111111/top"",""solutions/game_1/series/rest-111111/bot""]}","[1,1,1,1,1,1]","[1,1,1,1,1,1]",0,0,3,2,home_win,home,0,72
62945,2,"{""series"":[""solutions/game_2/series/home_wins_1/rest-111111/top"",""solutions/game_2/series/home_wins_1/rest-001110/bot""]}","[1,1,1,1,1,1]","[0,0,1,1,1,0]",1,0,2,10,away_win,away,0,76
62945,3,"{""series"":[""solutions/game_3/series/home_wins_1/rest-111110/top"",""solutions/game_3/series/home_wins_1/rest-110111/bot""]}","[1,1,1,1,1,0]","[1,1,0,1,1,1]",1,1,3,4,away_win,away,0,86
62945,4,"{""series"":[""solutions/game_4/series/home_wins_1/rest-111011/top"",""solutions/game_4/series/home_wins_1/rest-100110/bot""]}","[1,1,1,0,1,1]","[1,0,0,1,1,0]",1,2,7,4,home_win,home,0,78
62945,5,"{""series"":[""solutions/game_5/single/rest-101111/top"",""solutions/game_5/single/rest-110111/bot""]}","[1,0,1,1,1,1]","[1,1,0,1,1,1]",2,2,4,3,home_win,home,0,82
62946,1,"{""series"":[""solutions/game_1/series/rest-111111/top"",""solutions/game_1/series/rest-111111/bot""]}","[1,1,1,1,1,1]","[1,1,1,1,1,1]",0,0,3,5,away_win,away,0,80
62946,2,"{""series"":[""solutions/game_2/series/home_wins_0/rest-101101/top"",""solutions/game_2/series/home_wins_0/rest-101011/bot""]}","[1,0,1,1,0,1]","[1,0,1,0,1,1]",0,1,10,7,home_win,home,0,89
62946,3,"{""series"":[""solutions/game_3/series/home_wins_1/rest-011011/top"",""solutions/game_3/series/home_wins_1/rest-110100/bot""]}","[0,1,1,0,1,1]","[1,1,0,1,0,0]",1,1,5,3,home_win,home,0,93
62946,4,"{""series"":[""solutions/game_4/series/home_wins_2/rest-100100/top"",""solutions/game_4/series/home_wins_2/rest-001111/bot""]}","[1,0,0,1,0,0]","[0,0,1,1,1,1]",2,1,6,1,home_win,home,0,76
62946,5,"{""series"":[""solutions/game_5/single/rest-111011/top"",""solutions/game_5/single/rest-111011/bot""]}","[1,1,1,0,1,1]","[1,1,1,0,1,1]",3,1,5,2,home_win,home,1,75
62947,1,"{""series"":[""solutions/game_1/series/rest-111111/top"",""solutions/game_1/series/rest-111111/bot""]}","[1,1,1,1,1,1]","[1,1,1,1,1,1]",0,0,2,5,away_win,away,0,81
62947,2,"{""series"":[""solutions/game_2/series/home_wins_0/rest-101110/top"",""solutions/game_2/series/home_wins_0/rest-101010/bot""]}","[1,0,1,1,1,0]","[1,0,1,0,1,0]",0,1,2,9,away_win,away,0,82
62947,3,"{""series"":[""solutions/game_3/series/home_wins_0/rest-101111/top"",""solutions/game_3/series/home_wins_0/rest-111101/bot""]}","[1,0,1,1,1,1]","[1,1,1,1,0,1]",0,2,3,2,home_win,home,0,73
62947,4,"{""series"":[""solutions/game_4/series/home_wins_1/rest-110101/top"",""solutions/game_4/series/home_wins_1/rest-010111/bot""]}","[1,1,0,1,0,1]","[0,1,0,1,1,1]",1,2,5,2,home_win,home,0,75
62947,5,"{""series"":[""solutions/game_5/single/rest-111010/top"",""solutions/game_5/single/rest-111111/bot""]}","[1,1,1,0,1,0]","[1,1,1,1,1,1]",2,2,4,1,home_win,home,0,77
62948,1,"{""series"":[""solutions/game_1/series/rest-111111/top"",""solutions/game_1/series/rest-111111/bot""]}","[1,1,1,1,1,1]","[1,1,1,1,1,1]",0,0,3,2,home_win,home,0,88
62948,2,"{""series"":[""solutions/game_2/series/home_wins_1/rest-010111/top"",""solutions/game_2/series/home_wins_1/rest-011010/bot""]}","[0,1,0,1,1,1]","[0,1,1,0,1,0]",1,0,5,2,home_win,home,0,69
62948,3,"{""series"":[""solutions/game_3/series/home_wins_2/rest-111110/top"",""solutions/game_3/series/home_wins_2/rest-111111/bot""]}","[1,1,1,1,1,0]","[1,1,1,1,1,1]",2,0,0,8,away_win,away,0,56
62948,4,"{""series"":[""solutions/game_4/series/home_wins_2/rest-111111/top"",""solutions/game_4/series/home_wins_2/rest-111111/bot""]}","[1,1,1,1,1,1]","[1,1,1,1,1,1]",2,1,4,10,away_win,away,0,86
62948,5,"{""series"":[""solutions/game_5/single/rest-010011/top"",""solutions/game_5/single/rest-011111/bot""]}","[0,1,0,0,1,1]","[0,1,1,1,1,1]",2,2,6,2,home_win,home,0,83
62949,1,"{""series"":[""solutions/game_1/series/rest-111111/top"",""solutions/game_1/series/rest-111111/bot""]}","[1,1,1,1,1,1]","[1,1,1,1,1,1]",0,0,4,2,home_win,home,0,75
62949,2,"{""series"":[""solutions/game_2/series/home_wins_1/rest-111001/top"",""solutions/game_2/series/home_wins_1/rest-110100/bot""]}","[1,1,1,0,0,1]","[1,1,0,1,0,0]",1,0,7,0,home_win,home,0,73
62949,3,"{""series"":[""solutions/game_3/series/home_wins_2/rest-111101/top"",""solutions/game_3/series/home_wins_2/rest-111111/bot""]}","[1,1,1,1,0,1]","[1,1,1,1,1,1]",2,0,3,4,away_win,away,0,79
62949,4,"{""series"":[""solutions/game_4/series/home_wins_2/rest-110011/top"",""solutions/game_4/series/home_wins_2/rest-111010/bot""]}","[1,1,0,0,1,1]","[1,1,1,0,1,0]",2,1,10,0,home_win,home,0,75
62949,5,"{""series"":[""solutions/game_5/single/rest-111100/top"",""solutions/game_5/single/rest-010111/bot""]}","[1,1,1,1,0,0]","[0,1,0,1,1,1]",3,1,7,8,away_win,away,1,93
62950,1,"{""series"":[""solutions/game_1/series/rest-111111/top"",""solutions/game_1/series/rest-111111/bot""]}","[1,1,1,1,1,1]","[1,1,1,1,1,1]",0,0,7,3,home_win,home,0,73
62950,2,"{""series"":[""solutions/game_2/series/home_wins_1/rest-111100/top"",""solutions/game_2/series/home_wins_1/rest-111110/bot""]}","[1,1,1,1,0,0]","[1,1,1,1,1,0]",1,0,5,5,tie,away,0,92
62950,3,"{""series"":[""solutions/game_3/series/home_wins_1/rest-100011/top"",""solutions/game_3/series/home_wins_1/rest-110011/bot""]}","[1,0,0,0,1,1]","[1,1,0,0,1,1]",1,1,0,8,away_win,away,0,79
62950,4,"{""series"":[""solutions/game_4/series/home_wins_1/rest-111110/top"",""solutions/game_4/series/home_wins_1/rest-011101/bot""]}","[1,1,1,1,1,0]","[0,1,1,1,0,1]",1,2,6,1,home_win,home,0,77
62950,5,"{""series"":[""solutions/game_5/single/rest-101011/top"",""solutions/game_5/single/rest-110111/bot""]}","[1,0,1,0,1,1]","[1,1,0,1,1,1]",2,2,0,1,away_win,away,0,78
62951,1,"{""series"":[""solutions/game_1/series/rest-111111/top"",""solutions/game_1/series/rest-111111/bot""]}","[1,1,1,1,1,1]","[1,1,1,1,1,1]",0,0,2,3,away_win,away,0,84
62951,2,"{""series"":[""solutions/game_2/series/home_wins_0/rest-011001/top"",""solutions/game_2/series/home_wins_0/rest-011110/bot""]}","[0,1,1,0,0,1]","[0,1,1,1,1,0]",0,1,6,0,home_win,home,0,75
62951,3,"{""series"":[""solutions/game_3/series/home_wins_1/rest-101111/top"",""solutions/game_3/series/home_wins_1/rest-111101/bot""]}","[1,0,1,1,1,1]","[1,1,1,1,0,1]",1,1,2,5,away_win,away,0,85
62951,4,"{""series"":[""solutions/game_4/series/home_wins_1/rest-011010/top"",""solutions/game_4/series/home_wins_1/rest-011111/bot""]}","[0,1,1,0,1,0]","[0,1,1,1,1,1]",1,2,0,8,away_win,away,0,18
62951,5,"{""series"":[""solutions/game_5/single/rest-111011/top"",""solutions/game_5/single/rest-111111/bot""]}","[1,1,1,0,1,1]","[1,1,1,1,1,1]",1,3,6,1,home_win,home,1,75
62952,1,"{""series"":[""solutions/game_1/series/rest-111111/top"",""solutions/game_1/series/rest-111111/bot""]}","[1,1,1,1,1,1]","[1,1,1,1,1,1]",0,0,3,3,tie,away,0,87
62952,2,"{""series"":[""solutions/game_2/series/home_wins_0/rest-111011/top"",""solutions/game_2/series/home_wins_0/rest-001011/bot""]}","[1,1,1,0,1,1]","[0,0,1,0,1,1]",0,1,3,4,away_win,away,0,89
62952,3,"{""series"":[""solutions/game_3/series/home_wins_0/rest-010100/top"",""solutions/game_3/series/home_wins_0/rest-110110/bot""]}","[0,1,0,1,0,0]","[1,1,0,1,1,0]",0,2,10,1,home_win,home,0,61
62952,4,"{""series"":[""solutions/game_4/series/home_wins_1/rest-011111/top"",""solutions/game_4/series/home_wins_1/rest-111111/bot""]}","[0,1,1,1,1,1]","[1,1,1,1,1,1]",1,2,0,8,away_win,away,0,35
62952,5,"{""series"":[""solutions/game_5/single/rest-111111/top"",""solutions/game_5/single/rest-111111/bot""]}","[1,1,1,1,1,1]","[1,1,1,1,1,1]",1,3,7,6,home_win,home,1,91
62953,1,"{""series"":[""solutions/game_1/series/rest-111111/top"",""solutions/game_1/series/rest-111111/bot""]}","[1,1,1,1,1,1]","[1,1,1,1,1,1]",0,0,4,8,away_win,away,0,92
62953,2,"{""series"":[""solutions/game_2/series/home_wins_0/rest-111110/top"",""solutions/game_2/series/home_wins_0/rest-001101/bot""]}","[1,1,1,1,1,0]","[0,0,1,1,0,1]",0,1,1,9,away_win,away,0,56
62953,3,"{""series"":[""solutions/game_3/series/home_wins_0/rest-011111/top"",""solutions/game_3/series/home_wins_0/rest-111111/bot""]}","[0,1,1,1,1,1]","[1,1,1,1,1,1]",0,2,3,3,tie,away,0,84
62953,4,"{""series"":[""solutions/game_4/single/rest-100111/top"",""solutions/game_4/single/rest-111011/bot""]}","[1,0,0,1,1,1]","[1,1,1,0,1,1]",0,3,0,8,away_win,away,1,46
62953,5,"{""series"":[""solutions/game_5/single/rest-011111/top"",""solutions/game_5/single/rest-111111/bot""]}","[0,1,1,1,1,1]","[1,1,1,1,1,1]",0,4,3,4,away_win,away,1,81
62954,1,"{""series"":[""solutions/game_1/series/rest-111111/top"",""solutions/game_1/series/rest-111111/bot""]}","[1,1,1,1,1,1]","[1,1,1,1,1,1]",0,0,2,5,away_win,away,0,80
62954,2,"{""series"":[""solutions/game_2/series/home_wins_0/rest-011011/top"",""solutions/game_2/series/home_wins_0/rest-011011/bot""]}","[0,1,1,0,1,1]","[0,1,1,0,1,1]",0,1,2,10,away_win,away,0,29
62954,3,"{""series"":[""solutions/game_3/series/home_wins_0/rest-111011/top"",""solutions/game_3/series/home_wins_0/rest-111111/bot""]}","[1,1,1,0,1,1]","[1,1,1,1,1,1]",0,2,3,1,home_win,home,0,72
62954,4,"{""series"":[""solutions/game_4/series/home_wins_1/rest-110110/top"",""solutions/game_4/series/home_wins_1/rest-111100/bot""]}","[1,1,0,1,1,0]","[1,1,1,1,0,0]",1,2,0,8,away_win,away,0,16
62954,5,"{""series"":[""solutions/game_5/single/rest-111111/top"",""solutions/game_5/single/rest-111111/bot""]}","[1,1,1,1,1,1]","[1,1,1,1,1,1]",1,3,2,1,home_win,home,1,75
62955,1,"{""series"":[""solutions/game_1/series/rest-111111/top"",""solutions/game_1/series/rest-111111/bot""]}","[1,1,1,1,1,1]","[1,1,1,1,1,1]",0,0,7,8,away_win,away,0,95
62955,2,"{""series"":[""solutions/game_2/series/home_wins_0/rest-111010/top"",""solutions/game_2/series/home_wins_0/rest-001010/bot""]}","[1,1,1,0,1,0]","[0,0,1,0,1,0]",0,1,8,3,home_win,home,0,87
62955,3,"{""series"":[""solutions/game_3/series/home_wins_1/rest-011101/top"",""solutions/game_3/series/home_wins_1/rest-111101/bot""]}","[0,1,1,1,0,1]","[1,1,1,1,0,1]",1,1,8,0,home_win,home,0,70
62955,4,"{""series"":[""solutions/game_4/series/home_wins_2/rest-011011/top"",""solutions/game_4/series/home_wins_2/rest-101011/bot""]}","[0,1,1,0,1,1]","[1,0,1,0,1,1]",2,1,3,8,away_win,away,0,84
62955,5,"{""series"":[""solutions/game_5/single/rest-111110/top"",""solutions/game_5/single/rest-110110/bot""]}","[1,1,1,1,1,0]","[1,1,0,1,1,0]",2,2,4,11,away_win,away,0,91
62956,1,"{""series"":[""solutions/game_1/series/rest-111111/top"",""solutions/game_1/series/rest-111111/bot""]}","[1,1,1,1,1,1]","[1,1,1,1,1,1]",0,0,5,4,home_win,home,0,80
62956,2,"{""series"":[""solutions/game_2/series/home_wins_1/rest-110111/top"",""solutions/game_2/series/home_wins_1/rest-111101/bot""]}","[1,1,0,1,1,1]","[1,1,1,1,0,1]",1,0,4,3,home_win,home,0,78
62956,3,"{""series"":[""solutions/game_3/series/home_wins_2/rest-011100/top"",""solutions/game_3/series/home_wins_2/rest-010111/bot""]}","[0,1,1,1,0,0]","[0,1,0,1,1,1]",2,0,5,2,home_win,home,0,78
62956,4,"{""series"":[""solutions/game_4/single/rest-100011/top"",""solutions/game_4/single/rest-111011/bot""]}","[1,0,0,0,1,1]","[1,1,1,0,1,1]",3,0,8,10,away_win,away,1,104
62956,5,"{""series"":[""solutions/game_5/single/rest-011100/top"",""solutions/game_5/single/rest-000100/bot""]}","[0,1,1,1,0,0]","[0,0,0,1,0,0]",3,1,17,8,home_win,home,1,97
62957,1,"{""series"":[""solutions/game_1/series/rest-111111/top"",""solutions/game_1/series/rest-111111/bot""]}","[1,1,1,1,1,1]","[1,1,1,1,1,1]",0,0,8,0,home_win,home,0,65
62957,2,"{""series"":[""solutions/game_2/series/home_wins_1/rest-111101/top"",""solutions/game_2/series/home_wins_1/rest-111111/bot""]}","[1,1,1,1,0,1]","[1,1,1,1,1,1]",1,0,0,8,away_win,away,0,70
62957,3,"{""series"":[""solutions/game_3/series/home_wins_1/rest-111110/top"",""solutions/game_3/series/home_wins_1/rest-110011/bot""]}","[1,1,1,1,1,0]","[1,1,0,0,1,1]",1,1,8,3,home_win,home,0,79
62957,4,"{""series"":[""solutions/game_4/series/home_wins_2/rest-111011/top"",""solutions/game_4/series/home_wins_2/rest-111111/bot""]}","[1,1,1,0,1,1]","[1,1,1,1,1,1]",2,1,5,11,away_win,away,0,91
62957,5,"{""series"":[""solutions/game_5/single/rest-111110/top"",""solutions/game_5/single/rest-010111/bot""]}","[1,1,1,1,1,0]","[0,1,0,1,1,1]",2,2,6,5,home_win,home,0,80
62958,1,"{""series"":[""solutions/game_1/series/rest-111111/top"",""solutions/game_1/series/rest-111111/bot""]}","[1,1,1,1,1,1]","[1,1,1,1,1,1]",0,0,8,0,home_win,home,0,62
62958,2,"{""series"":[""solutions/game_2/series/home_wins_1/rest-111111/top"",""solutions/game_2/series/home_wins_1/rest-110111/bot""]}","[1,1,1,1,1,1]","[1,1,0,1,1,1]",1,0,6,5,home_win,home,0,86
62958,3,"{""series"":[""solutions/game_3/series/home_wins_2/rest-110001/top"",""solutions/game_3/series/home_wins_2/rest-111010/bot""]}","[1,1,0,0,0,1]","[1,1,1,0,1,0]",2,0,0,3,away_win,away,0,85
62958,4,"{""series"":[""solutions/game_4/series/home_wins_2/rest-111110/top"",""solutions/game_4/series/home_wins_2/rest-001111/bot""]}","[1,1,1,1,1,0]","[0,0,1,1,1,1]",2,1,3,5,away_win,away,0,88
62958,5,"{""series"":[""solutions/game_5/single/rest-101001/top"",""solutions/game_5/single/rest-111000/bot""]}","[1,0,1,0,0,1]","[1,1,1,0,0,0]",2,2,3,2,home_win,home,0,70
62959,1,"{""series"":[""solutions/game_1/series/rest-111111/top"",""solutions/game_1/series/rest-111111/bot""]}","[1,1,1,1,1,1]","[1,1,1,1,1,1]",0,0,3,2,home_win,home,0,79
62959,2,"{""series"":[""solutions/game_2/series/home_wins_1/rest-110011/top"",""solutions/game_2/series/home_wins_1/rest-111110/bot""]}","[1,1,0,0,1,1]","[1,1,1,1,1,0]",1,0,4,6,away_win,away,0,81
62959,3,"{""series"":[""solutions/game_3/series/home_wins_1/rest-111101/top"",""solutions/game_3/series/home_wins_1/rest-101010/bot""]}","[1,1,1,1,0,1]","[1,0,1,0,1,0]",1,1,2,3,away_win,away,0,82
62959,4,"{""series"":[""solutions/game_4/series/home_wins_1/rest-110011/top"",""solutions/game_4/series/home_wins_1/rest-011101/bot""]}","[1,1,0,0,1,1]","[0,1,1,1,0,1]",1,2,1,6,away_win,away,0,82
62959,5,"{""series"":[""solutions/game_5/single/rest-001001/top"",""solutions/game_5/single/rest-111111/bot""]}","[0,0,1,0,0,1]","[1,1,1,1,1,1]",1,3,8,0,home_win,home,1,33
62960,1,"{""series"":[""solutions/game_1/series/rest-111111/top"",""solutions/game_1/series/rest-111111/bot""]}","[1,1,1,1,1,1]","[1,1,1,1,1,1]",0,0,5,7,away_win,away,0,89
62960,2,"{""series"":[""solutions/game_2/series/home_wins_0/rest-011100/top"",""solutions/game_2/series/home_wins_0/rest-001010/bot""]}","[0,1,1,1,0,0]","[0,0,1,0,1,0]",0,1,12,8,home_win,home,0,94
62960,3,"{""series"":[""solutions/game_3/series/home_wins_1/rest-000111/top"",""solutions/game_3/series/home_wins_1/rest-110101/bot""]}","[0,0,0,1,1,1]","[1,1,0,1,0,1]",1,1,6,6,tie,home,0,109
62960,4,"{""series"":[""solutions/game_4/series/home_wins_2/rest-111000/top"",""solutions/game_4/series/home_wins_2/rest-101111/bot""]}","[1,1,1,0,0,0]","[1,0,1,1,1,1]",2,1,3,1,home_win,home,0,69
62960,5,"{""series"":[""solutions/game_5/single/rest-010111/top"",""solutions/game_5/single/rest-011111/bot""]}","[0,1,0,1,1,1]","[0,1,1,1,1,1]",3,1,6,3,home_win,home,1,83
62961,1,"{""series"":[""solutions/game_1/series/rest-111111/top"",""solutions/game_1/series/rest-111111/bot""]}","[1,1,1,1,1,1]","[1,1,1,1,1,1]",0,0,10,2,home_win,home,0,33
62961,2,"{""series"":[""solutions/game_2/series/home_wins_1/rest-111111/top"",""solutions/game_2/series/home_wins_1/rest-111111/bot""]}","[1,1,1,1,1,1]","[1,1,1,1,1,1]",1,0,4,3,home_win,home,0,84
62961,3,"{""series"":[""solutions/game_3/series/home_wins_2/rest-100011/top"",""solutions/game_3/series/home_wins_2/rest-101110/bot""]}","[1,0,0,0,1,1]","[1,0,1,1,1,0]",2,0,4,8,away_win,away,0,90
62961,4,"{""series"":[""solutions/game_4/series/home_wins_2/rest-010100/top"",""solutions/game_4/series/home_wins_2/rest-111101/bot""]}","[0,1,0,1,0,0]","[1,1,1,1,0,1]",2,1,3,8,away_win,away,0,88
62961,5,"{""series"":[""solutions/game_5/single/rest-000111/top"",""solutions/game_5/single/rest-101110/bot""]}","[0,0,0,1,1,1]","[1,0,1,1,1,0]",2,2,5,6,away_win,away,0,84
62962,1,"{""series"":[""solutions/game_1/series/rest-111111/top"",""solutions/game_1/series/rest-111111/bot""]}","[1,1,1,1,1,1]","[1,1,1,1,1,1]",0,0,8,7,home_win,home,0,88
62962,2,"{""series"":[""solutions/game_2/series/home_wins_1/rest-011011/top"",""solutions/game_2/series/home_wins_1/rest-111010/bot""]}","[0,1,1,0,1,1]","[1,1,1,0,1,0]",1,0,0,8,away_win,away,0,18
62962,3,"{""series"":[""solutions/game_3/series/home_wins_1/rest-111111/top"",""solutions/game_3/series/home_wins_1/rest-111110/bot""]}","[1,1,1,1,1,1]","[1,1,1,1,1,0]",1,1,8,2,home_win,home,0,75
62962,4,"{""series"":[""solutions/game_4/series/home_wins_2/rest-111011/top"",""solutions/game_4/series/home_wins_2/rest-111111/bot""]}","[1,1,1,0,1,1]","[1,1,1,1,1,1]",2,1,8,0,home_win,home,0,31
62962,5,"{""series"":[""solutions/game_5/single/rest-111111/top"",""solutions/game_5/single/rest-111111/bot""]}","[1,1,1,1,1,1]","[1,1,1,1,1,1]",3,1,0,4,away_win,away,1,82
62963,1,"{""series"":[""solutions/game_1/series/rest-111111/top"",""solutions/game_1/series/rest-111111/bot""]}","[1,1,1,1,1,1]","[1,1,1,1,1,1]",0,0,1,3,away_win,away,0,77
62963,2,"{""series"":[""solutions/game_2/series/home_wins_0/rest-110101/top"",""solutions/game_2/series/home_wins_0/rest-111010/bot""]}","[1,1,0,1,0,1]","[1,1,1,0,1,0]",0,1,7,0,home_win,home,0,80
62963,3,"{""series"":[""solutions/game_3/series/home_wins_1/rest-011111/top"",""solutions/game_3/series/home_wins_1/rest-111111/bot""]}","[0,1,1,1,1,1]","[1,1,1,1,1,1]",1,1,12,3,home_win,home,0,47
62963,4,"{""series"":[""solutions/game_4/series/home_wins_2/rest-111111/top"",""solutions/game_4/series/home_wins_2/rest-111111/bot""]}","[1,1,1,1,1,1]","[1,1,1,1,1,1]",2,1,8,7,home_win,home,0,88
62963,5,"{""series"":[""solutions/game_5/single/rest-010001/top"",""solutions/game_5/single/rest-101110/bot""]}","[0,1,0,0,0,1]","[1,0,1,1,1,0]",3,1,7,6,home_win,home,1,89
62964,1,"{""series"":[""solutions/game_1/series/rest-111111/top"",""solutions/game_1/series/rest-111111/bot""]}","[1,1,1,1,1,1]","[1,1,1,1,1,1]",0,0,1,2,away_win,away,0,69
62964,2,"{""series"":[""solutions/game_2/series/home_wins_0/rest-111110/top"",""solutions/game_2/series/home_wins_0/rest-011111/bot""]}","[1,1,1,1,1,0]","[0,1,1,1,1,1]",0,1,9,0,home_win,home,0,39
62964,3,"{""series"":[""solutions/game_3/series/home_wins_1/rest-111111/top"",""solutions/game_3/series/home_wins_1/rest-111111/bot""]}","[1,1,1,1,1,1]","[1,1,1,1,1,1]",1,1,2,3,away_win,away,0,84
62964,4,"{""series"":[""solutions/game_4/series/home_wins_1/rest-111011/top"",""solutions/game_4/series/home_wins_1/rest-001010/bot""]}","[1,1,1,0,1,1]","[0,0,1,0,1,0]",1,2,8,6,home_win,home,0,79
62964,5,"{""series"":[""solutions/game_5/single/rest-100111/top"",""solutions/game_5/single/rest-101011/bot""]}","[1,0,0,1,1,1]","[1,0,1,0,1,1]",2,2,6,3,home_win,home,0,79
62965,1,"{""series"":[""solutions/game_1/series/rest-111111/top"",""solutions/game_1/series/rest-111111/bot""]}","[1,1,1,1,1,1]","[1,1,1,1,1,1]",0,0,2,11,away_win,away,0,79
62965,2,"{""series"":[""solutions/game_2/series/home_wins_0/rest-110011/top"",""solutions/game_2/series/home_wins_0/rest-101011/bot""]}","[1,1,0,0,1,1]","[1,0,1,0,1,1]",0,1,1,2,away_win,away,0,78
62965,3,"{""series"":[""solutions/game_3/series/home_wins_0/rest-011100/top"",""solutions/game_3/series/home_wins_0/rest-011110/bot""]}","[0,1,1,1,0,0]","[0,1,1,1,1,0]",0,2,12,4,home_win,home,0,67
62965,4,"{""series"":[""solutions/game_4/series/home_wins_1/rest-101110/top"",""solutions/game_4/series/home_wins_1/rest-111101/bot""]}","[1,0,1,1,1,0]","[1,1,1,1,0,1]",1,2,2,4,away_win,away,0,75
62965,5,"{""series"":[""solutions/game_5/single/rest-011001/top"",""solutions/game_5/single/rest-001011/bot""]}","[0,1,1,0,0,1]","[0,0,1,0,1,1]",1,3,5,10,away_win,away,1,92
62966,1,"{""series"":[""solutions/game_1/series/rest-111111/top"",""solutions/game_1/series/rest-111111/bot""]}","[1,1,1,1,1,1]","[1,1,1,1,1,1]",0,0,4,3,home_win,home,0,79
62966,2,"{""series"":[""solutions/game_2/series/home_wins_1/rest-011101/top"",""solutions/game_2/series/home_wins_1/rest-001111/bot""]}","[0,1,1,1,0,1]","[0,0,1,1,1,1]",1,0,4,11,away_win,away,0,88
62966,3,"{""series"":[""solutions/game_3/series/home_wins_1/rest-011110/top"",""solutions/game_3/series/home_wins_1/rest-111101/bot""]}","[0,1,1,1,1,0]","[1,1,1,1,0,1]",1,1,11,3,home_win,home,0,81
62966,4,"{""series"":[""solutions/game_4/series/home_wins_2/rest-111000/top"",""solutions/game_4/series/home_wins_2/rest-011111/bot""]}","[1,1,1,0,0,0]","[0,1,1,1,1,1]",2,1,4,3,home_win,home,0,87
62966,5,"{""series"":[""solutions/game_5/single/rest-010111/top"",""solutions/game_5/single/rest-111000/bot""]}","[0,1,0,1,1,1]","[1,1,1,0,0,0]",3,1,3,6,away_win,away,1,80
62967,1,"{""series"":[""solutions/game_1/series/rest-111111/top"",""solutions/game_1/series/rest-111111/bot""]}","[1,1,1,1,1,1]","[1,1,1,1,1,1]",0,0,7,3,home_win,home,0,85
62967,2,"{""series"":[""solutions/game_2/series/home_wins_1/rest-111111/top"",""solutions/game_2/series/home_wins_1/rest-110101/bot""]}","[1,1,1,1,1,1]","[1,1,0,1,0,1]",1,0,5,4,home_win,home,0,82
62967,3,"{""series"":[""solutions/game_3/series/home_wins_2/rest-010011/top"",""solutions/game_3/series/home_wins_2/rest-111111/bot""]}","[0,1,0,0,1,1]","[1,1,1,1,1,1]",2,0,9,6,home_win,home,0,84
62967,4,"{""series"":[""solutions/game_4/single/rest-101100/top"",""solutions/game_4/single/rest-101010/bot""]}","[1,0,1,1,0,0]","[1,0,1,0,1,0]",3,0,4,10,away_win,away,1,90
62967,5,"{""series"":[""solutions/game_5/single/rest-011011/top"",""solutions/game_5/single/rest-010100/bot""]}","[0,1,1,0,1,1]","[0,1,0,1,0,0]",3,1,5,7,away_win,away,1,89
62968,1,"{""series"":[""solutions/game_1/series/rest-111111/top"",""solutions/game_1/series/rest-111111/bot""]}","[1,1,1,1,1,1]","[1,1,1,1,1,1]",0,0,4,0,home_win,home,0,68
62968,2,"{""series"":[""solutions/game_2/series/home_wins_1/rest-111110/top"",""solutions/game_2/series/home_wins_1/rest-111101/bot""]}","[1,1,1,1,1,0]","[1,1,1,1,0,1]",1,0,8,5,home_win,home,0,85
62968,3,"{""series"":[""solutions/game_3/series/home_wins_2/rest-110001/top"",""solutions/game_3/series/home_wins_2/rest-010111/bot""]}","[1,1,0,0,0,1]","[0,1,0,1,1,1]",2,0,11,4,home_win,home,0,86
62968,4,"{""series"":[""solutions/game_4/single/rest-011111/top"",""solutions/game_4/single/rest-111111/bot""]}","[0,1,1,1,1,1]","[1,1,1,1,1,1]",3,0,8,3,home_win,home,1,86
62968,5,"{""series"":[""solutions/game_5/single/rest-111100/top"",""solutions/game_5/single/rest-001100/bot""]}","[1,1,1,1,0,0]","[0,0,1,1,0,0]",4,0,1,6,away_win,away,1,79
62969,1,"{""series"":[""solutions/game_1/series/rest-111111/top"",""solutions/game_1/series/rest-111111/bot""]}","[1,1,1,1,1,1]","[1,1,1,1,1,1]",0,0,5,4,home_win,home,0,84
62969,2,"{""series"":[""solutions/game_2/series/home_wins_1/rest-010011/top"",""solutions/game_2/series/home_wins_1/rest-011111/bot""]}","[0,1,0,0,1,1]","[0,1,1,1,1,1]",1,0,5,4,home_win,home,0,79
62969,3,"{""series"":[""solutions/game_3/series/home_wins_2/rest-100110/top"",""solutions/game_3/series/home_wins_2/rest-101111/bot""]}","[1,0,0,1,1,0]","[1,0,1,1,1,1]",2,0,5,7,away_win,away,0,83
62969,4,"{""series"":[""solutions/game_4/series/home_wins_2/rest-111111/top"",""solutions/game_4/series/home_wins_2/rest-011111/bot""]}","[1,1,1,1,1,1]","[0,1,1,1,1,1]",2,1,0,8,away_win,away,0,44
62969,5,"{""series"":[""solutions/game_5/single/rest-111111/top"",""solutions/game_5/single/rest-111111/bot""]}","[1,1,1,1,1,1]","[1,1,1,1,1,1]",2,2,4,0,home_win,home,0,76
62970,1,"{""series"":[""solutions/game_1/series/rest-111111/top"",""solutions/game_1/series/rest-111111/bot""]}","[1,1,1,1,1,1]","[1,1,1,1,1,1]",0,0,4,3,home_win,home,0,90
62970,2,"{""series"":[""solutions/game_2/series/home_wins_1/rest-010001/top"",""solutions/game_2/series/home_wins_1/rest-001010/bot""]}","[0,1,0,0,0,1]","[0,0,1,0,1,0]",1,0,8,4,home_win,home,0,85
62970,3,"{""series"":[""solutions/game_3/series/home_wins_2/rest-001110/top"",""solutions/game_3/series/home_wins_2/rest-111101/bot""]}","[0,0,1,1,1,0]","[1,1,1,1,0,1]",2,0,2,10,away_win,away,0,69
62970,4,"{""series"":[""solutions/game_4/series/home_wins_2/rest-011101/top"",""solutions/game_4/series/home_wins_2/rest-011111/bot""]}","[0,1,1,1,0,1]","[0,1,1,1,1,1]",2,1,4,3,home_win,home,0,72
62970,5,"{""series"":[""solutions/game_5/single/rest-101111/top"",""solutions/game_5/single/rest-111011/bot""]}","[1,0,1,1,1,1]","[1,1,1,0,1,1]",3,1,3,2,home_win,home,1,88
62971,1,"{""series"":[""solutions/game_1/series/rest-111111/top"",""solutions/game_1/series/rest-111111/bot""]}","[1,1,1,1,1,1]","[1,1,1,1,1,1]",0,0,5,1,home_win,home,0,78
62971,2,"{""series"":[""solutions/game_2/series/home_wins_1/rest-110011/top"",""solutions/game_2/series/home_wins_1/rest-101011/bot""]}","[1,1,0,0,1,1]","[1,0,1,0,1,1]",1,0,3,2,home_win,home,0,74
62971,3,"{""series"":[""solutions/game_3/series/home_wins_2/rest-010100/top"",""solutions/game_3/series/home_wins_2/rest-111101/bot""]}","[0,1,0,1,0,0]","[1,1,1,1,0,1]",2,0,7,9,away_win,away,0,95
62971,4,"{""series"":[""solutions/game_4/series/home_wins_2/rest-101011/top"",""solutions/game_4/series/home_wins_2/rest-001110/bot""]}","[1,0,1,0,1,1]","[0,0,1,1,1,0]",2,1,1,7,away_win,away,0,87
62971,5,"{""series"":[""solutions/game_5/single/rest-111110/top"",""solutions/game_5/single/rest-111101/bot""]}","[1,1,1,1,1,0]","[1,1,1,1,0,1]",2,2,8,5,home_win,home,0,93
62972,1,"{""series"":[""solutions/game_1/series/rest-111111/top"",""solutions/game_1/series/rest-111111/bot""]}","[1,1,1,1,1,1]","[1,1,1,1,1,1]",0,0,10,2,home_win,home,0,72
62972,2,"{""series"":[""solutions/game_2/series/home_wins_1/rest-111111/top"",""solutions/game_2/series/home_wins_1/rest-111111/bot""]}","[1,1,1,1,1,1]","[1,1,1,1,1,1]",1,0,10,9,home_win,home,0,95
62972,3,"{""series"":[""solutions/game_3/series/home_wins_2/rest-111111/top"",""solutions/game_3/series/home_wins_2/rest-111110/bot""]}","[1,1,1,1,1,1]","[1,1,1,1,1,0]",2,0,5,1,home_win,home,0,75
62972,4,"{""series"":[""solutions/game_4/single/rest-110001/top"",""solutions/game_4/single/rest-111111/bot""]}","[1,1,0,0,0,1]","[1,1,1,1,1,1]",3,0,5,13,away_win,away,1,91
62972,5,"{""series"":[""solutions/game_5/single/rest-001011/top"",""solutions/game_5/single/rest-011011/bot""]}","[0,0,1,0,1,1]","[0,1,1,0,1,1]",3,1,0,4,away_win,away,1,74
62973,1,"{""series"":[""solutions/game_1/series/rest-111111/top"",""solutions/game_1/series/rest-111111/bot""]}","[1,1,1,1,1,1]","[1,1,1,1,1,1]",0,0,0,9,away_win,away,0,31
62973,2,"{""series"":[""solutions/game_2/series/home_wins_0/rest-111111/top"",""solutions/game_2/series/home_wins_0/rest-111111/bot""]}","[1,1,1,1,1,1]","[1,1,1,1,1,1]",0,1,9,3,home_win,home,0,80
62973,3,"{""series"":[""solutions/game_3/series/home_wins_1/rest-111110/top"",""solutions/game_3/series/home_wins_1/rest-110111/bot""]}","[1,1,1,1,1,0]","[1,1,0,1,1,1]",1,1,8,6,home_win,home,0,84
62973,4,"{""series"":[""solutions/game_4/series/home_wins_2/rest-011001/top"",""solutions/game_4/series/home_wins_2/rest-011110/bot""]}","[0,1,1,0,0,1]","[0,1,1,1,1,0]",2,1,6,4,home_win,home,0,82
62973,5,"{""series"":[""solutions/game_5/single/rest-100111/top"",""solutions/game_5/single/rest-110011/bot""]}","[1,0,0,1,1,1]","[1,1,0,0,1,1]",3,1,5,4,home_win,home,1,78
62974,1,"{""series"":[""solutions/game_1/series/rest-111111/top"",""solutions/game_1/series/rest-111111/bot""]}","[1,1,1,1,1,1]","[1,1,1,1,1,1]",0,0,2,4,away_win,away,0,88
62974,2,"{""series"":[""solutions/game_2/series/home_wins_0/rest-110011/top"",""solutions/game_2/series/home_wins_0/rest-001010/bot""]}","[1,1,0,0,1,1]","[0,0,1,0,1,0]",0,1,7,9,away_win,away,0,82
62974,3,"{""series"":[""solutions/game_3/series/home_wins_0/rest-011110/top"",""solutions/game_3/series/home_wins_0/rest-111100/bot""]}","[0,1,1,1,1,0]","[1,1,1,1,0,0]",0,2,6,3,home_win,home,0,79
62974,4,"{""series"":[""solutions/game_4/series/home_wins_1/rest-110011/top"",""solutions/game_4/series/home_wins_1/rest-001111/bot""]}","[1,1,0,0,1,1]","[0,0,1,1,1,1]",1,2,13,11,home_win,home,0,95
62974,5,"{""series"":[""solutions/game_5/single/rest-001110/top"",""solutions/game_5/single/rest-110100/bot""]}","[0,0,1,1,1,0]","[1,1,0,1,0,0]",2,2,13,3,home_win,home,0,69
62975,1,"{""series"":[""solutions/game_1/series/rest-111111/top"",""solutions/game_1/series/rest-111111/bot""]}","[1,1,1,1,1,1]","[1,1,1,1,1,1]",0,0,6,5,home_win,home,0,80
62975,2,"{""series"":[""solutions/game_2/series/home_wins_1/rest-110001/top"",""solutions/game_2/series/home_wins_1/rest-110011/bot""]}","[1,1,0,0,0,1]","[1,1,0,0,1,1]",1,0,4,2,home_win,home,0,82
62975,3,"{""series"":[""solutions/game_3/series/home_wins_2/rest-001110/top"",""solutions/game_3/series/home_wins_2/rest-011110/bot""]}","[0,0,1,1,1,0]","[0,1,1,1,1,0]",2,0,3,2,home_win,home,0,79
62975,4,"{""series"":[""solutions/game_4/single/rest-110001/top"",""solutions/game_4/single/rest-110111/bot""]}","[1,1,0,0,0,1]","[1,1,0,1,1,1]",3,0,1,9,away_win,away,1,70
62975,5,"{""series"":[""solutions/game_5/single/rest-011011/top"",""solutions/game_5/single/rest-111110/bot""]}","[0,1,1,0,1,1]","[1,1,1,1,1,0]",3,1,4,3,home_win,home,1,85
62976,1,"{""series"":[""solutions/game_1/series/rest-111111/top"",""solutions/game_1/series/rest-111111/bot""]}","[1,1,1,1,1,1]","[1,1,1,1,1,1]",0,0,2,5,away_win,away,0,77
62976,2,"{""series"":[""solutions/game_2/series/home_wins_0/rest-111110/top"",""solutions/game_2/series/home_wins_0/rest-111110/bot""]}","[1,1,1,1,1,0]","[1,1,1,1,1,0]",0,1,0,6,away_win,away,0,84
62976,3,"{""series"":[""solutions/game_3/series/home_wins_0/rest-111111/top"",""solutions/game_3/series/home_wins_0/rest-110111/bot""]}","[1,1,1,1,1,1]","[1,1,0,1,1,1]",0,2,4,2,home_win,home,0,74
62976,4,"{""series"":[""solutions/game_4/series/home_wins_1/rest-111111/top"",""solutions/game_4/series/home_wins_1/rest-111101/bot""]}","[1,1,1,1,1,1]","[1,1,1,1,0,1]",1,2,10,2,home_win,home,0,53
62976,5,"{""series"":[""solutions/game_5/single/rest-111111/top"",""solutions/game_5/single/rest-011111/bot""]}","[1,1,1,1,1,1]","[0,1,1,1,1,1]",2,2,3,2,home_win,home,0,85
