sequence,game,policies,home_initial_rest,away_initial_rest,home_wins_before,away_wins_before,home_score,away_score,terminal_result,winner,post_clinch,decisions
47745,1,"{""total"":[""solutions/game_1/total/rest-111111/top"",""solutions/game_1/total/rest-111111/bot""],""single"":[""solutions/game_1/single/rest-111111/top"",""solutions/game_1/single/rest-111111/bot""]}","[1,1,1,1,1,1]","[1,1,1,1,1,1]",0,0,1,4,away_win,away,0,74
47745,2,"{""total"":[""solutions/game_2/total/rest-111001/top"",""solutions/game_2/total/rest-001010/bot""],""single"":[""solutions/game_2/single/rest-111001/top"",""solutions/game_2/single/rest-001010/bot""]}","[1,1,1,0,0,1]","[0,0,1,0,1,0]",0,1,3,2,home_win,home,0,72
47745,3,"{""total"":[""solutions/game_3/total/rest-010111/top"",""solutions/game_3/total/rest-001111/bot""],""single"":[""solutions/game_3/single/rest-010111/top"",""solutions/game_3/single/rest-001111/bot""]}","[0,1,0,1,1,1]","[0,0,1,1,1,1]",1,1,3,4,away_win,away,0,84
47745,4,"{""total"":[""solutions/game_4/total/rest-110001/top"",""solutions/game_4/total/rest-110001/bot""],""single"":[""solutions/game_4/single/rest-110001/top"",""solutions/game_4/single/rest-110001/bot""]}","[1,1,0,0,0,1]","[1,1,0,0,0,1]",1,2,3,2,home_win,home,0,71
47745,5,"{""total"":[""solutions/game_5/single/rest-011100/top"",""solutions/game_5/single/rest-011110/bot""],""single"":[""solutions/game_5/single/rest-011100/top"",""solutions/game_5/single/rest-011110/bot""]}","[0,1,1,1,0,0]","[0,1,1,1,1,0]",2,2,5,7,away_win,away,0,93
47746,1,"{""total"":[""solutions/game_1/total/rest-111111/top"",""solutions/game_1/total/rest-111111/bot""],""single"":[""solutions/game_1/single/rest-111111/top"",""solutions/game_1/single/rest-111111/bot""]}","[1,1,1,1,1,1]","[1,1,1,1,1,1]",0,0,0,8,away_win,away,0,40
47746,2,"{""total"":[""solutions/game_2/total/rest-111111/top"",""solutions/game_2/total/rest-111111/bot""],""single"":[""solutions/game_2/single/rest-111111/top"",""solutions/game_2/single/rest-111111/bot""]}","[1,1,1,1,1,1]","[1,1,1,1,1,1]",0,1,8,7,home_win,home,0,89
47746,3,"{""total"":[""solutions/game_3/total/rest-111000/top"",""solutions/game_3/total/rest-101010/bot""],""single"":[""solutions/game_3/single/rest-111000/top"",""solutions/game_3/single/rest-101010/bot""]}","[1,1,1,0,0,0]","[1,0,1,0,1,0]",1,1,2,4,away_win,away,0,78
47746,4,"{""total"":[""solutions/game_4/total/rest-111111/top"",""solutions/game_4/total/rest-010111/bot""],""single"":[""solutions/game_4/single/rest-111111/top"",""solutions/game_4/single/rest-010111/bot""]}","[1,1,1,1,1,1]","[0,1,0,1,1,1]",1,2,5,3,home_win,home,0,84
47746,5,"{""total"":[""solutions/game_5/single/rest-010001/top"",""solutions/game_5/single/rest-001111/bot""],""single"":[""solutions/game_5/single/rest-010001/top"",""solutions/game_5/single/rest-001111/bot""]}","[0,1,0,0,0,1]","[0,0,1,1,1,1]",2,2,5,3,home_win,home,0,87
47747,1,"{""total"":[""solutions/game_1/total/rest-111111/top"",""solutions/game_1/total/rest-111111/bot""],""single"":[""solutions/game_1/single/rest-111111/top"",""solutions/game_1/single/rest-111111/bot""]}","[1,1,1,1,1,1]","[1,1,1,1,1,1]",0,0,3,2,home_win,home,0,81
47747,2,"{""total"":[""solutions/game_2/total/rest-011011/top"",""solutions/game_2/total/rest-101010/bot""],""single"":[""solutions/game_2/single/rest-011011/top"",""solutions/game_2/single/rest-101010/bot""]}","[0,1,1,0,1,1]","[1,0,1,0,1,0]",1,0,4,5,away_win,away,0,83
47747,3,"{""total"":[""solutions/game_3/total/rest-111100/top"",""solutions/game_3/total/rest-010111/bot""],""single"":[""solutions/game_3/single/rest-111100/top"",""solutions/game_3/single/rest-010111/bot""]}","[1,1,1,1,0,0]","[0,1,0,1,1,1]",1,1,3,1,home_win,home,0,69
47747,4,"{""total"":[""solutions/game_4/total/rest-111011/top"",""solutions/game_4/total/rest-111110/bot""],""single"":[""solutions/game_4/single/rest-111011/top"",""solutions/game_4/single/rest-111110/bot""]}","[1,1,1,0,1,1]","[1,1,1,1,1,0]",2,1,3,5,away_win,away,0,83
47747,5,"{""total"":[""solutions/game_5/single/rest-111100/top"",""solutions/game_5/single/rest-011101/bot""],""single"":[""solutions/game_5/single/rest-111100/top"",""solutions/game_5/single/rest-011101/bot""]}","[1,1,1,1,0,0]","[0,1,1,1,0,1]",2,2,4,3,home_win,home,0,72
47748,1,"{""total"":[""solutions/game_1/total/rest-111111/top"",""solutions/game_1/total/rest-111111/bot""],""single"":[""solutions/game_1/single/rest-111111/top"",""solutions/game_1/single/rest-111111/bot""]}","[1,1,1,1,1,1]","[1,1,1,1,1,1]",0,0,3,4,away_win,away,0,84
47748,2,"{""total"":[""solutions/game_2/total/rest-110001/top"",""solutions/game_2/total/rest-001110/bot""],""single"":[""solutions/game_2/single/rest-110001/top"",""solutions/game_2/single/rest-001110/bot""]}","[1,1,0,0,0,1]","[0,0,1,1,1,0]",0,1,8,4,home_win,home,0,82
47748,3,"{""total"":[""solutions/game_3/total/rest-101111/top"",""solutions/game_3/total/rest-110011/bot""],""single"":[""solutions/game_3/single/rest-101111/top"",""solutions/game_3/single/rest-110011/bot""]}","[1,0,1,1,1,1]","[1,1,0,0,1,1]",1,1,9,0,home_win,home,0,56
47748,4,"{""total"":[""solutions/game_4/total/rest-111111/top"",""solutions/game_4/total/rest-111110/bot""],""single"":[""solutions/game_4/single/rest-111111/top"",""solutions/game_4/single/rest-111110/bot""]}","[1,1,1,1,1,1]","[1,1,1,1,1,0]",2,1,1,0,home_win,home,0,70
47748,5,"{""total"":[""solutions/game_5/single/rest-110111/top"",""solutions/game_5/single/rest-001111/bot""],""single"":[""solutions/game_5/single/rest-110111/top"",""solutions/game_5/single/rest-001111/bot""]}","[1,1,0,1,1,1]","[0,0,1,1,1,1]",3,1,6,2,home_win,home,1,77
47749,1,"{""total"":[""solutions/game_1/total/rest-111111/top"",""solutions/game_1/total/rest-111111/bot""],""single"":[""solutions/game_1/single/rest-111111/top"",""solutions/game_1/single/rest-111111/bot""]}","[1,1,1,1,1,1]","[1,1,1,1,1,1]",0,0,7,1,home_win,home,0,76
47749,2,"{""total"":[""solutions/game_2/total/rest-111100/top"",""solutions/game_2/total/rest-011010/bot""],""single"":[""solutions/game_2/single/rest-111100/top"",""solutions/game_2/single/rest-011010/bot""]}","[1,1,1,1,0,0]","[0,1,1,0,1,0]",1,0,6,2,home_win,home,0,71
47749,3,"{""total"":[""solutions/game_3/total/rest-101101/top"",""solutions/game_3/total/rest-101111/bot""],""single"":[""solutions/game_3/single/rest-101101/top"",""solutions/game_3/single/rest-101111/bot""]}","[1,0,1,1,0,1]","[1,0,1,1,1,1]",2,0,1,0,home_win,home,0,66
47749,4,"{""total"":[""solutions/game_4/total/rest-111011/top"",""solutions/game_4/total/rest-111010/bot""],""single"":[""solutions/game_4/single/rest-111011/top"",""solutions/game_4/single/rest-111010/bot""]}","[1,1,1,0,1,1]","[1,1,1,0,1,0]",3,0,1,5,away_win,away,1,80
47749,5,"{""total"":[""solutions/game_5/single/rest-101101/top"",""solutions/game_5/single/rest-011011/bot""],""single"":[""solutions/game_5/single/rest-101101/top"",""solutions/game_5/single/rest-011011/bot""]}","[1,0,1,1,0,1]","[0,1,1,0,1,1]",3,1,3,7,away_win,away,1,80
47750,1,"{""total"":[""solutions/game_1/total/rest-111111/top"",""solutions/game_1/total/rest-111111/bot""],""single"":[""solutions/game_1/single/rest-111111/top"",""solutions/game_1/single/rest-111111/bot""]}","[1,1,1,1,1,1]","[1,1,1,1,1,1]",0,0,5,4,home_win,home,0,82
47750,2,"{""total"":[""solutions/game_2/total/rest-111011/top"",""solutions/game_2/total/rest-111010/bot""],""single"":[""solutions/game_2/single/rest-111011/top"",""solutions/game_2/single/rest-111010/bot""]}","[1,1,1,0,1,1]","[1,1,1,0,1,0]",1,0,4,3,home_win,home,0,73
47750,3,"{""total"":[""solutions/game_3/total/rest-011110/top"",""solutions/game_3/total/rest-001101/bot""],""single"":[""solutions/game_3/single/rest-011110/top"",""solutions/game_3/single/rest-001101/bot""]}","[0,1,1,1,1,0]","[0,0,1,1,0,1]",2,0,6,4,home_win,home,0,80
47750,4,"{""total"":[""solutions/game_4/total/rest-110101/top"",""solutions/game_4/total/rest-100010/bot""],""single"":[""solutions/game_4/single/rest-110101/top"",""solutions/game_4/single/rest-100010/bot""]}","[1,1,0,1,0,1]","[1,0,0,0,1,0]",3,0,3,0,home_win,home,1,72
47750,5,"{""total"":[""solutions/game_5/single/rest-011111/top"",""solutions/game_5/single/rest-011101/bot""],""single"":[""solutions/game_5/single/rest-011111/top"",""solutions/game_5/single/rest-011101/bot""]}","[0,1,1,1,1,1]","[0,1,1,1,0,1]",4,0,6,11,away_win,away,1,96
47751,1,"{""total"":[""solutions/game_1/total/rest-111111/top"",""solutions/game_1/total/rest-111111/bot""],""single"":[""solutions/game_1/single/rest-111111/top"",""solutions/game_1/single/rest-111111/bot""]}","[1,1,1,1,1,1]","[1,1,1,1,1,1]",0,0,5,4,home_win,home,0,80
47751,2,"{""total"":[""solutions/game_2/total/rest-111001/top"",""solutions/game_2/total/rest-111011/bot""],""single"":[""solutions/game_2/single/rest-111001/top"",""solutions/game_2/single/rest-111011/bot""]}","[1,1,1,0,0,1]","[1,1,1,0,1,1]",1,0,6,8,away_win,away,0,94
47751,3,"{""total"":[""solutions/game_3/total/rest-110110/top"",""solutions/game_3/total/rest-011110/bot""],""single"":[""solutions/game_3/single/rest-110110/top"",""solutions/game_3/single/rest-011110/bot""]}","[1,1,0,1,1,0]","[0,1,1,1,1,0]",1,1,7,5,home_win,home,0,81
47751,4,"{""total"":[""solutions/game_4/total/rest-111011/top"",""solutions/game_4/total/rest-100101/bot""],""single"":[""solutions/game_4/single/rest-111011/top"",""solutions/game_4/single/rest-100101/bot""]}","[1,1,1,0,1,1]","[1,0,0,1,0,1]",2,1,7,8,away_win,away,0,98
47751,5,"{""total"":[""solutions/game_5/single/rest-111101/top"",""solutions/game_5/single/rest-001010/bot""],""single"":[""solutions/game_5/single/rest-111101/top"",""solutions/game_5/single/rest-001010/bot""]}","[1,1,1,1,0,1]","[0,0,1,0,1,0]",2,2,7,4,home_win,home,0,87
47752,1,"{""total"":[""solutions/game_1/total/rest-111111/top"",""solutions/game_1/total/rest-111111/bot""],""single"":[""solutions/game_1/single/rest-111111/top"",""solutions/game_1/single/rest-111111/bot""]}","[1,1,1,1,1,1]","[1,1,1,1,1,1]",0,0,8,6,home_win,home,0,79
47752,2,"{""total"":[""solutions/game_2/total/rest-011001/top"",""solutions/game_2/total/rest-001111/bot""],""single"":[""solutions/game_2/single/rest-011001/top"",""solutions/game_2/single/rest-001111/bot""]}","[0,1,1,0,0,1]","[0,0,1,1,1,1]",1,0,1,2,away_win,away,0,72
47752,3,"{""total"":[""solutions/game_3/total/rest-100111/top"",""solutions/game_3/total/rest-111011/bot""],""single"":[""solutions/game_3/single/rest-100111/top"",""solutions/game_3/single/rest-111011/bot""]}","[1,0,0,1,1,1]","[1,1,1,0,1,1]",1,1,5,3,home_win,home,0,74
47752,4,"{""total"":[""solutions/game_4/total/rest-110101/top"",""solutions/game_4/total/rest-011111/bot""],""single"":[""solutions/game_4/single/rest-110101/top"",""solutions/game_4/single/rest-011111/bot""]}","[1,1,0,1,0,1]","[0,1,1,1,1,1]",2,1,2,12,away_win,away,0,83
47752,5,"{""total"":[""solutions/game_5/single/rest-111010/top"",""solutions/game_5/single/rest-101101/bot""],""single"":[""solutions/game_5/single/rest-111010/top"",""solutions/game_5/single/rest-101101/bot""]}","[1,1,1,0,1,0]","[1,0,1,1,0,1]",2,2,3,1,home_win,home,0,77
47753,1,"{""total"":[""solutions/game_1/total/rest-111111/top"",""solutions/game_1/total/rest-111111/bot""],""single"":[""solutions/game_1/single/rest-111111/top"",""solutions/game_1/single/rest-111111/bot""]}","[1,1,1,1,1,1]","[1,1,1,1,1,1]",0,0,0,1,away_win,away,0,77
47753,2,"{""total"":[""solutions/game_2/total/rest-111111/top"",""solutions/game_2/total/rest-111110/bot""],""single"":[""solutions/game_2/single/rest-111111/top"",""solutions/game_2/single/rest-111110/bot""]}","[1,1,1,1,1,1]","[1,1,1,1,1,0]",0,1,3,5,away_win,away,0,84
47753,3,"{""total"":[""solutions/game_3/total/rest-111010/top"",""solutions/game_3/total/rest-101011/bot""],""single"":[""solutions/game_3/single/rest-111010/top"",""solutions/game_3/single/rest-101011/bot""]}","[1,1,1,0,1,0]","[1,0,1,0,1,1]",0,2,6,5,home_win,home,0,83
47753,4,"{""total"":[""solutions/game_4/total/rest-010101/top"",""solutions/game_4/total/rest-111110/bot""],""single"":[""solutions/game_4/single/rest-010101/top"",""solutions/game_4/single/rest-111110/bot""]}","[0,1,0,1,0,1]","[1,1,1,1,1,0]",1,2,1,9,away_win,away,0,81
47753,5,"{""total"":[""solutions/game_5/single/rest-101111/top"",""solutions/game_5/single/rest-111101/bot""],""single"":[""solutions/game_5/single/rest-101111/top"",""solutions/game_5/single/rest-111101/bot""]}","[1,0,1,1,1,1]","[1,1,1,1,0,1]",1,3,3,1,home_win,home,1,83
47754,1,"{""total"":[""solutions/game_1/total/rest-111111/top"",""solutions/game_1/total/rest-111111/bot""],""single"":[""solutions/game_1/single/rest-111111/top"",""solutions/game_1/single/rest-111111/bot""]}","[1,1,1,1,1,1]","[1,1,1,1,1,1]",0,0,3,6,away_win,away,0,84
47754,2,"{""total"":[""solutions/game_2/total/rest-111110/top"",""solutions/game_2/total/rest-001010/bot""],""single"":[""solutions/game_2/single/rest-111110/top"",""solutions/game_2/single/rest-001010/bot""]}","[1,1,1,1,1,0]","[0,0,1,0,1,0]",0,1,0,8,away_win,away,0,16
47754,3,"{""total"":[""solutions/game_3/total/rest-111111/top"",""solutions/game_3/total/rest-111111/bot""],""single"":[""solutions/game_3/single/rest-111111/top"",""solutions/game_3/single/rest-111111/bot""]}","[1,1,1,1,1,1]","[1,1,1,1,1,1]",0,2,8,5,home_win,home,0,83
47754,4,"{""total"":[""solutions/game_4/total/rest-111011/top"",""solutions/game_4/total/rest-001111/bot""],""single"":[""solutions/game_4/single/rest-111011/top"",""solutions/game_4/single/rest-001111/bot""]}","[1,1,1,0,1,1]","[0,0,1,1,1,1]",1,2,4,7,away_win,away,0,85
47754,5,"{""total"":[""solutions/game_5/single/rest-101101/top"",""solutions/game_5/single/rest-100110/bot""],""single"":[""solutions/game_5/single/rest-101101/top"",""solutions/game_5/single/rest-100110/bot""]}","[1,0,1,1,0,1]","[1,0,0,1,1,0]",1,3,1,6,away_win,away,1,77
47755,1,"{""total"":[""solutions/game_1/total/rest-111111/top"",""solutions/game_1/total/rest-111111/bot""],""single"":[""solutions/game_1/single/rest-111111/top"",""solutions/game_1/single/rest-111111/bot""]}","[1,1,1,1,1,1]","[1,1,1,1,1,1]",0,0,2,8,away_win,away,0,86
47755,2,"{""total"":[""solutions/game_2/total/rest-111010/top"",""solutions/game_2/total/rest-001011/bot""],""single"":[""solutions/game_2/single/rest-111010/top"",""solutions/game_2/single/rest-001011/bot""]}","[1,1,1,0,1,0]","[0,0,1,0,1,1]",0,1,2,3,away_win,away,0,84
47755,3,"{""total"":[""solutions/game_3/total/rest-000001/top"",""solutions/game_3/total/rest-111101/bot""],""single"":[""solutions/game_3/single/rest-000001/top"",""solutions/game_3/single/rest-111101/bot""]}","[0,0,0,0,0,1]","[1,1,1,1,0,1]",0,2,3,2,home_win,home,0,70
47755,4,"{""total"":[""solutions/game_4/total/rest-111111/top"",""solutions/game_4/total/rest-001001/bot""],""single"":[""solutions/game_4/single/rest-111111/top"",""solutions/game_4/single/rest-001001/bot""]}","[1,1,1,1,1,1]","[0,0,1,0,0,1]",1,2,5,4,home_win,home,0,83
47755,5,"{""total"":[""solutions/game_5/single/rest-110000/top"",""solutions/game_5/single/rest-110111/bot""],""single"":[""solutions/game_5/single/rest-110000/top"",""solutions/game_5/single/rest-110111/bot""]}","[1,1,0,0,0,0]","[1,1,0,1,1,1]",2,2,9,1,home_win,home,0,42
47756,1,"{""total"":[""solutions/game_1/total/rest-111111/top"",""solutions/game_1/total/rest-111111/bot""],""single"":[""solutions/game_1/single/rest-111111/top"",""solutions/game_1/single/rest-111111/bot""]}","[1,1,1,1,1,1]","[1,1,1,1,1,1]",0,0,3,3,tie,away,0,84
47756,2,"{""total"":[""solutions/game_2/total/rest-110111/top"",""solutions/game_2/total/rest-111010/bot""],""single"":[""solutions/game_2/single/rest-110111/top"",""solutions/game_2/single/rest-111010/bot""]}","[1,1,0,1,1,1]","[1,1,1,0,1,0]",0,1,6,8,away_win,away,0,95
47756,3,"{""total"":[""solutions/game_3/total/rest-101110/top"",""solutions/game_3/total/rest-010101/bot""],""single"":[""solutions/game_3/single/rest-101110/top"",""solutions/game_3/single/rest-010101/bot""]}","[1,0,1,1,1,0]","[0,1,0,1,0,1]",0,2,7,10,away_win,away,0,96
47756,4,"{""total"":[""solutions/game_4/total/rest-010011/top"",""solutions/game_4/total/rest-101010/bot""],""single"":[""solutions/game_4/single/rest-010011/top"",""solutions/game_4/single/rest-101010/bot""]}","[0,1,0,0,1,1]","[1,0,1,0,1,0]",0,3,4,3,home_win,home,1,69
47756,5,"{""total"":[""solutions/game_5/single/rest-100110/top"",""solutions/game_5/single/rest-111011/bot""],""single"":[""solutions/game_5/single/rest-100110/top"",""solutions/game_5/single/rest-111011/bot""]}","[1,0,0,1,1,0]","[1,1,1,0,1,1]",1,3,2,7,away_win,away,1,89
47757,1,"{""total"":[""solutions/game_1/total/rest-111111/top"",""solutions/game_1/total/rest-111111/bot""],""single"":[""solutions/game_1/single/rest-111111/top"",""solutions/game_1/single/rest-111111/bot""]}","[1,1,1,1,1,1]","[1,1,1,1,1,1]",0,0,2,10,away_win,away,0,78
47757,2,"{""total"":[""solutions/game_2/total/rest-111111/top"",""solutions/game_2/total/rest-011100/bot""],""single"":[""solutions/game_2/single/rest-111111/top"",""solutions/game_2/single/rest-011100/bot""]}","[1,1,1,1,1,1]","[0,1,1,1,0,0]",0,1,8,6,home_win,home,0,90
47757,3,"{""total"":[""solutions/game_3/total/rest-111100/top"",""solutions/game_3/total/rest-100011/bot""],""single"":[""solutions/game_3/single/rest-111100/top"",""solutions/game_3/single/rest-100011/bot""]}","[1,1,1,1,0,0]","[1,0,0,0,1,1]",1,1,9,5,home_win,home,0,77
47757,4,"{""total"":[""solutions/game_4/total/rest-101011/top"",""solutions/game_4/total/rest-111110/bot""],""single"":[""solutions/game_4/single/rest-101011/top"",""solutions/game_4/single/rest-111110/bot""]}","[1,0,1,0,1,1]","[1,1,1,1,1,0]",2,1,1,0,home_win,home,0,73
47757,5,"{""total"":[""solutions/game_5/single/rest-110110/top"",""solutions/game_5/single/rest-111011/bot""],""single"":[""solutions/game_5/single/rest-110110/top"",""solutions/game_5/single/rest-111011/bot""]}","[1,1,0,1,1,0]","[1,1,1,0,1,1]",3,1,7,6,home_win,home,1,79
47758,1,"{""total"":[""solutions/game_1/total/rest-111111/top"",""solutions/game_1/total/rest-111111/bot""],""single"":[""solutions/game_1/single/rest-111111/top"",""solutions/game_1/single/rest-111111/bot""]}","[1,1,1,1,1,1]","[1,1,1,1,1,1]",0,0,9,8,home_win,home,0,91
47758,2,"{""total"":[""solutions/game_2/total/rest-111001/top"",""solutions/game_2/total/rest-001011/bot""],""single"":[""solutions/game_2/single/rest-111001/top"",""solutions/game_2/single/rest-001011/bot""]}","[1,1,1,0,0,1]","[0,0,1,0,1,1]",1,0,12,9,home_win,home,0,96
47758,3,"{""total"":[""solutions/game_3/total/rest-110111/top"",""solutions/game_3/total/rest-110101/bot""],""single"":[""solutions/game_3/single/rest-110111/top"",""solutions/game_3/single/rest-110101/bot""]}","[1,1,0,1,1,1]","[1,1,0,1,0,1]",2,0,1,0,home_win,home,0,70
47758,4,"{""total"":[""solutions/game_4/total/rest-011010/top"",""solutions/game_4/total/rest-001011/bot""],""single"":[""solutions/game_4/single/rest-011010/top"",""solutions/game_4/single/rest-001011/bot""]}","[0,1,1,0,1,0]","[0,0,1,0,1,1]",3,0,4,3,home_win,home,1,79
47758,5,"{""total"":[""solutions/game_5/single/rest-110111/top"",""solutions/game_5/single/rest-111100/bot""],""single"":[""solutions/game_5/single/rest-110111/top"",""solutions/game_5/single/rest-111100/bot""]}","[1,1,0,1,1,1]","[1,1,1,1,0,0]",4,0,8,4,home_win,home,1,89
47759,1,"{""total"":[""solutions/game_1/total/rest-111111/top"",""solutions/game_1/total/rest-111111/bot""],""single"":[""solutions/game_1/single/rest-111111/top"",""solutions/game_1/single/rest-111111/bot""]}","[1,1,1,1,1,1]","[1,1,1,1,1,1]",0,0,9,3,home_win,home,0,78
47759,2,"{""total"":[""solutions/game_2/total/rest-111101/top"",""solutions/game_2/total/rest-101110/bot""],""single"":[""solutions/game_2/single/rest-111101/top"",""solutions/game_2/single/rest-101110/bot""]}","[1,1,1,1,0,1]","[1,0,1,1,1,0]",1,0,2,6,away_win,away,0,78
47759,3,"{""total"":[""solutions/game_3/total/rest-111110/top"",""solutions/game_3/total/rest-011111/bot""],""single"":[""solutions/game_3/single/rest-111110/top"",""solutions/game_3/single/rest-011111/bot""]}","[1,1,1,1,1,0]","[0,1,1,1,1,1]",1,1,11,3,home_win,home,0,62
47759,4,"{""total"":[""solutions/game_4/total/rest-111111/top"",""solutions/game_4/total/rest-001111/bot""],""single"":[""solutions/game_4/single/rest-111111/top"",""solutions/game_4/single/rest-001111/bot""]}","[1,1,1,1,1,1]","[0,0,1,1,1,1]",2,1,4,5,away_win,away,0,86
47759,5,"{""total"":[""solutions/game_5/single/rest-110101/top"",""solutions/game_5/single/rest-110010/bot""],""single"":[""solutions/game_5/single/rest-110101/top"",""solutions/game_5/single/rest-110010/bot""]}","[1,1,0,1,0,1]","[1,1,0,0,1,0]",2,2,10,9,home_win,home,0,99
47760,1,"{""total"":[""solutions/game_1/total/rest-111111/top"",""solutions/game_1/total/rest-111111/bot""],""single"":[""solutions/game_1/single/rest-111111/top"",""solutions/game_1/single/rest-111111/bot""]}","[1,1,1,1,1,1]","[1,1,1,1,1,1]",0,0,3,6,away_win,away,0,95
47760,2,"{""total"":[""solutions/game_2/total/rest-100101/top"",""solutions/game_2/total/rest-001011/bot""],""single"":[""solutions/game_2/single/rest-100101/top"",""solutions/game_2/single/rest-001011/bot""]}","[1,0,0,1,0,1]","[0,0,1,0,1,1]",0,1,3,5,away_win,away,0,77
47760,3,"{""total"":[""solutions/game_3/total/rest-111110/top"",""solutions/game_3/total/rest-110100/bot""],""single"":[""solutions/game_3/single/rest-111110/top"",""solutions/game_3/single/rest-110100/bot""]}","[1,1,1,1,1,0]","[1,1,0,1,0,0]",0,2,7,4,home_win,home,0,83
47760,4,"{""total"":[""solutions/game_4/total/rest-101011/top"",""solutions/game_4/total/rest-001110/bot""],""single"":[""solutions/game_4/single/rest-101011/top"",""solutions/game_4/single/rest-001110/bot""]}","[1,0,1,0,1,1]","[0,0,1,1,1,0]",1,2,9,10,away_win,away,0,98
47760,5,"{""total"":[""solutions/game_5/single/rest-110101/top"",""solutions/game_5/single/rest-110001/bot""],""single"":[""solutions/game_5/single/rest-110101/top"",""solutions/game_5/single/rest-110001/bot""]}","[1,1,0,1,0,1]","[1,1,0,0,0,1]",1,3,8,7,home_win,home,1,85
47761,1,"{""total"":[""solutions/game_1/total/rest-111111/top"",""solutions/game_1/total/rest-111111/bot""],""single"":[""solutions/game_1/single/rest-111111/top"",""solutions/game_1/single/rest-111111/bot""]}","[1,1,1,1,1,1]","[1,1,1,1,1,1]",0,0,4,2,home_win,home,0,76
47761,2,"{""total"":[""solutions/game_2/total/rest-111011/top"",""solutions/game_2/total/rest-011110/bot""],""single"":[""solutions/game_2/single/rest-111011/top"",""solutions/game_2/single/rest-011110/bot""]}","[1,1,1,0,1,1]","[0,1,1,1,1,0]",1,0,2,1,home_win,home,0,68
47761,3,"{""total"":[""solutions/game_3/total/rest-110111/top"",""solutions/game_3/total/rest-111101/bot""],""single"":[""solutions/game_3/single/rest-110111/top"",""solutions/game_3/single/rest-111101/bot""]}","[1,1,0,1,1,1]","[1,1,1,1,0,1]",2,0,0,2,away_win,away,0,69
47761,4,"{""total"":[""solutions/game_4/total/rest-111111/top"",""solutions/game_4/total/rest-001010/bot""],""single"":[""solutions/game_4/single/rest-111111/top"",""solutions/game_4/single/rest-001010/bot""]}","[1,1,1,1,1,1]","[0,0,1,0,1,0]",2,1,7,4,home_win,home,0,84
47761,5,"{""total"":[""solutions/game_5/single/rest-110101/top"",""solutions/game_5/single/rest-111101/bot""],""single"":[""solutions/game_5/single/rest-110101/top"",""solutions/game_5/single/rest-111101/bot""]}","[1,1,0,1,0,1]","[1,1,1,1,0,1]",3,1,2,3,away_win,away,1,79
47762,1,"{""total"":[""solutions/game_1/total/rest-111111/top"",""solutions/game_1/total/rest-111111/bot""],""single"":[""solutions/game_1/single/rest-111111/top"",""solutions/game_1/single/rest-111111/bot""]}","[1,1,1,1,1,1]","[1,1,1,1,1,1]",0,0,7,4,home_win,home,0,82
47762,2,"{""total"":[""solutions/game_2/total/rest-101111/top"",""solutions/game_2/total/rest-101010/bot""],""single"":[""solutions/game_2/single/rest-101111/top"",""solutions/game_2/single/rest-101010/bot""]}","[1,0,1,1,1,1]","[1,0,1,0,1,0]",1,0,2,1,home_win,home,0,75
47762,3,"{""total"":[""solutions/game_3/total/rest-000011/top"",""solutions/game_3/total/rest-011111/bot""],""single"":[""solutions/game_3/single/rest-000011/top"",""solutions/game_3/single/rest-011111/bot""]}","[0,0,0,0,1,1]","[0,1,1,1,1,1]",2,0,8,5,home_win,home,0,89
47762,4,"{""total"":[""solutions/game_4/total/rest-110100/top"",""solutions/game_4/total/rest-101001/bot""],""single"":[""solutions/game_4/single/rest-110100/top"",""solutions/game_4/single/rest-101001/bot""]}","[1,1,0,1,0,0]","[1,0,1,0,0,1]",3,0,10,2,home_win,home,1,74
47762,5,"{""total"":[""solutions/game_5/single/rest-111101/top"",""solutions/game_5/single/rest-000111/bot""],""single"":[""solutions/game_5/single/rest-111101/top"",""solutions/game_5/single/rest-000111/bot""]}","[1,1,1,1,0,1]","[0,0,0,1,1,1]",4,0,5,2,home_win,home,1,74
47763,1,"{""total"":[""solutions/game_1/total/rest-111111/top"",""solutions/game_1/total/rest-111111/bot""],""single"":[""solutions/game_1/single/rest-111111/top"",""solutions/game_1/single/rest-111111/bot""]}","[1,1,1,1,1,1]","[1,1,1,1,1,1]",0,0,2,7,away_win,away,0,77
47763,2,"{""total"":[""solutions/game_2/total/rest-110111/top"",""solutions/game_2/total/rest-111011/bot""],""single"":[""solutions/game_2/single/rest-110111/top"",""solutions/game_2/single/rest-111011/bot""]}","[1,1,0,1,1,1]","[1,1,1,0,1,1]",0,1,5,3,home_win,home,0,80
47763,3,"{""total"":[""solutions/game_3/total/rest-111001/top"",""solutions/game_3/total/rest-111101/bot""],""single"":[""solutions/game_3/single/rest-111001/top"",""solutions/game_3/single/rest-111101/bot""]}","[1,1,1,0,0,1]","[1,1,1,1,0,1]",1,1,1,8,away_win,away,0,81
47763,4,"{""total"":[""solutions/game_4/total/rest-101110/top"",""solutions/game_4/total/rest-101011/bot""],""single"":[""solutions/game_4/single/rest-101110/top"",""solutions/game_4/single/rest-101011/bot""]}","[1,0,1,1,1,0]","[1,0,1,0,1,1]",1,2,0,9,away_win,away,0,43
47763,5,"{""total"":[""solutions/game_5/single/rest-101111/top"",""solutions/game_5/single/rest-111111/bot""],""single"":[""solutions/game_5/single/rest-101111/top"",""solutions/game_5/single/rest-111111/bot""]}","[1,0,1,1,1,1]","[1,1,1,1,1,1]",1,3,1,9,away_win,away,1,72
47764,1,"{""total"":[""solutions/game_1/total/rest-111111/top"",""solutions/game_1/total/rest-111111/bot""],""single"":[""solutions/game_1/single/rest-111111/top"",""solutions/game_1/single/rest-111111/bot""]}","[1,1,1,1,1,1]","[1,1,1,1,1,1]",0,0,7,1,home_win,home,0,76
47764,2,"{""total"":[""solutions/game_2/total/rest-111110/top"",""solutions/game_2/total/rest-011010/bot""],""single"":[""solutions/game_2/single/rest-111110/top"",""solutions/game_2/single/rest-011010/bot""]}","[1,1,1,1,1,0]","[0,1,1,0,1,0]",1,0,5,4,home_win,home,0,81
47764,3,"{""total"":[""solutions/game_3/total/rest-000101/top"",""solutions/game_3/total/rest-110101/bot""],""single"":[""solutions/game_3/single/rest-000101/top"",""solutions/game_3/single/rest-110101/bot""]}","[0,0,0,1,0,1]","[1,1,0,1,0,1]",2,0,5,11,away_win,away,0,90
47764,4,"{""total"":[""solutions/game_4/total/rest-111111/top"",""solutions/game_4/total/rest-001110/bot""],""single"":[""solutions/game_4/single/rest-111111/top"",""solutions/game_4/single/rest-001110/bot""]}","[1,1,1,1,1,1]","[0,0,1,1,1,0]",2,1,4,8,away_win,away,0,89
47764,5,"{""total"":[""solutions/game_5/single/rest-111100/top"",""solutions/game_5/single/rest-110111/bot""],""single"":[""solutions/game_5/single/rest-111100/top"",""solutions/game_5/single/rest-110111/bot""]}","[1,1,1,1,0,0]","[1,1,0,1,1,1]",2,2,6,5,home_win,home,0,85
47765,1,"{""total"":[""solutions/game_1/total/rest-111111/top"",""solutions/game_1/total/rest-111111/bot""],""single"":[""solutions/game_1/single/rest-111111/top"",""solutions/game_1/single/rest-111111/bot""]}","[1,1,1,1,1,1]","[1,1,1,1,1,1]",0,0,2,4,away_win,away,0,81
47765,2,"{""total"":[""solutions/game_2/total/rest-010001/top"",""solutions/game_2/total/rest-001010/bot""],""single"":[""solutions/game_2/single/rest-010001/top"",""solutions/game_2/single/rest-001010/bot""]}","[0,1,0,0,0,1]","[0,0,1,0,1,0]",0,1,3,8,away_win,away,0,90
47765,3,"{""total"":[""solutions/game_3/total/rest-001111/top"",""solutions/game_3/total/rest-110101/bot""],""single"":[""solutions/game_3/single/rest-001111/top"",""solutions/game_3/single/rest-110101/bot""]}","[0,0,1,1,1,1]","[1,1,0,1,0,1]",0,2,3,5,away_win,away,0,85
47765,4,"{""total"":[""solutions/game_4/total/rest-111001/top"",""solutions/game_4/total/rest-001010/bot""],""single"":[""solutions/game_4/single/rest-111001/top"",""solutions/game_4/single/rest-001010/bot""]}","[1,1,1,0,0,1]","[0,0,1,0,1,0]",0,3,9,10,away_win,away,1,108
47765,5,"{""total"":[""solutions/game_5/single/rest-001110/top"",""solutions/game_5/single/rest-100101/bot""],""single"":[""solutions/game_5/single/rest-001110/top"",""solutions/game_5/single/rest-100101/bot""]}","[0,0,1,1,1,0]","[1,0,0,1,0,1]",0,4,1,5,away_win,away,1,75
47766,1,"{""total"":[""solutions/game_1/total/rest-111111/top"",""solutions/game_1/total/rest-111111/bot""],""single"":[""solutions/game_1/single/rest-111111/top"",""solutions/game_1/single/rest-111111/bot""]}","[1,1,1,1,1,1]","[1,1,1,1,1,1]",0,0,3,2,home_win,home,0,74
47766,2,"{""total"":[""solutions/game_2/total/rest-010011/top"",""solutions/game_2/total/rest-001011/bot""],""single"":[""solutions/game_2/single/rest-010011/top"",""solutions/game_2/single/rest-001011/bot""]}","[0,1,0,0,1,1]","[0,0,1,0,1,1]",1,0,2,9,away_win,away,0,89
47766,3,"{""total"":[""solutions/game_3/total/rest-100100/top"",""solutions/game_3/total/rest-100100/bot""],""single"":[""solutions/game_3/single/rest-100100/top"",""solutions/game_3/single/rest-100100/bot""]}","[1,0,0,1,0,0]","[1,0,0,1,0,0]",1,1,1,2,away_win,away,0,82
47766,4,"{""total"":[""solutions/game_4/total/rest-111011/top"",""solutions/game_4/total/rest-011001/bot""],""single"":[""solutions/game_4/single/rest-111011/top"",""solutions/game_4/single/rest-011001/bot""]}","[1,1,1,0,1,1]","[0,1,1,0,0,1]",1,2,0,8,away_win,away,0,47
47766,5,"{""total"":[""solutions/game_5/single/rest-111111/top"",""solutions/game_5/single/rest-111111/bot""],""single"":[""solutions/game_5/single/rest-111111/top"",""solutions/game_5/single/rest-111111/bot""]}","[1,1,1,1,1,1]","[1,1,1,1,1,1]",1,3,3,1,home_win,home,1,75
47767,1,"{""total"":[""solutions/game_1/total/rest-111111/top"",""solutions/game_1/total/rest-111111/bot""],""single"":[""solutions/game_1/single/rest-111111/top"",""solutions/game_1/single/rest-111111/bot""]}","[1,1,1,1,1,1]","[1,1,1,1,1,1]",0,0,6,2,home_win,home,0,76
47767,2,"{""total"":[""solutions/game_2/total/rest-111101/top"",""solutions/game_2/total/rest-101011/bot""],""single"":[""solutions/game_2/single/rest-111101/top"",""solutions/game_2/single/rest-101011/bot""]}","[1,1,1,1,0,1]","[1,0,1,0,1,1]",1,0,5,3,home_win,home,0,73
47767,3,"{""total"":[""solutions/game_3/total/rest-010111/top"",""solutions/game_3/total/rest-011110/bot""],""single"":[""solutions/game_3/single/rest-010111/top"",""solutions/game_3/single/rest-011110/bot""]}","[0,1,0,1,1,1]","[0,1,1,1,1,0]",2,0,11,3,home_win,home,0,60
47767,4,"{""total"":[""solutions/game_4/total/rest-101111/top"",""solutions/game_4/total/rest-111111/bot""],""single"":[""solutions/game_4/single/rest-101111/top"",""solutions/game_4/single/rest-111111/bot""]}","[1,0,1,1,1,1]","[1,1,1,1,1,1]",3,0,0,8,away_win,away,1,64
47767,5,"{""total"":[""solutions/game_5/single/rest-111110/top"",""solutions/game_5/single/rest-111111/bot""],""single"":[""solutions/game_5/single/rest-111110/top"",""solutions/game_5/single/rest-111111/bot""]}","[1,1,1,1,1,0]","[1,1,1,1,1,1]",3,1,3,6,away_win,away,1,87
47768,1,"{""total"":[""solutions/game_1/total/rest-111111/top"",""solutions/game_1/total/rest-111111/bot""],""single"":[""solutions/game_1/single/rest-111111/top"",""solutions/game_1/single/rest-111111/bot""]}","[1,1,1,1,1,1]","[1,1,1,1,1,1]",0,0,6,2,home_win,home,0,77
47768,2,"{""total"":[""solutions/game_2/total/rest-111011/top"",""solutions/game_2/total/rest-001010/bot""],""single"":[""solutions/game_2/single/rest-111011/top"",""solutions/game_2/single/rest-001010/bot""]}","[1,1,1,0,1,1]","[0,0,1,0,1,0]",1,0,2,11,away_win,away,0,83
47768,3,"{""total"":[""solutions/game_3/total/rest-111101/top"",""solutions/game_3/total/rest-111111/bot""],""single"":[""solutions/game_3/single/rest-111101/top"",""solutions/game_3/single/rest-111111/bot""]}","[1,1,1,1,0,1]","[1,1,1,1,1,1]",1,1,2,11,away_win,away,0,78
47768,4,"{""total"":[""solutions/game_4/total/rest-101111/top"",""solutions/game_4/total/rest-001011/bot""],""single"":[""solutions/game_4/single/rest-101111/top"",""solutions/game_4/single/rest-001011/bot""]}","[1,0,1,1,1,1]","[0,0,1,0,1,1]",1,2,0,8,away_win,away,0,56
47768,5,"{""total"":[""solutions/game_5/single/rest-011111/top"",""solutions/game_5/single/rest-111111/bot""],""single"":[""solutions/game_5/single/rest-011111/top"",""solutions/game_5/single/rest-111111/bot""]}","[0,1,1,1,1,1]","[1,1,1,1,1,1]",1,3,7,4,home_win,home,1,86
47769,1,"{""total"":[""solutions/game_1/total/rest-111111/top"",""solutions/game_1/total/rest-111111/bot""],""single"":[""solutions/game_1/single/rest-111111/top"",""solutions/game_1/single/rest-111111/bot""]}","[1,1,1,1,1,1]","[1,1,1,1,1,1]",0,0,6,3,home_win,home,0,78
47769,2,"{""total"":[""solutions/game_2/total/rest-101011/top"",""solutions/game_2/total/rest-111010/bot""],""single"":[""solutions/game_2/single/rest-101011/top"",""solutions/game_2/single/rest-111010/bot""]}","[1,0,1,0,1,1]","[1,1,1,0,1,0]",1,0,1,7,away_win,away,0,85
47769,3,"{""total"":[""solutions/game_3/total/rest-011110/top"",""solutions/game_3/total/rest-101101/bot""],""single"":[""solutions/game_3/single/rest-011110/top"",""solutions/game_3/single/rest-101101/bot""]}","[0,1,1,1,1,0]","[1,0,1,1,0,1]",1,1,9,1,home_win,home,0,64
47769,4,"{""total"":[""solutions/game_4/total/rest-111101/top"",""solutions/game_4/total/rest-111001/bot""],""single"":[""solutions/game_4/single/rest-111101/top"",""solutions/game_4/single/rest-111001/bot""]}","[1,1,1,1,0,1]","[1,1,1,0,0,1]",2,1,5,4,home_win,home,0,75
47769,5,"{""total"":[""solutions/game_5/single/rest-111011/top"",""solutions/game_5/single/rest-111110/bot""],""single"":[""solutions/game_5/single/rest-111011/top"",""solutions/game_5/single/rest-111110/bot""]}","[1,1,1,0,1,1]","[1,1,1,1,1,0]",3,1,11,3,home_win,home,1,37
47770,1,"{""total"":[""solutions/game_1/total/rest-111111/top"",""solutions/game_1/total/rest-111111/bot""],""single"":[""solutions/game_1/single/rest-111111/top"",""solutions/game_1/single/rest-111111/bot""]}","[1,1,1,1,1,1]","[1,1,1,1,1,1]",0,0,4,1,home_win,home,0,74
47770,2,"{""total"":[""solutions/game_2/total/rest-111101/top"",""solutions/game_2/total/rest-001110/bot""],""single"":[""solutions/game_2/single/rest-111101/top"",""solutions/game_2/single/rest-001110/bot""]}","[1,1,1,1,0,1]","[0,0,1,1,1,0]",1,0,0,8,away_win,away,0,74
47770,3,"{""total"":[""solutions/game_3/total/rest-111110/top"",""solutions/game_3/total/rest-111111/bot""],""single"":[""solutions/game_3/single/rest-111110/top"",""solutions/game_3/single/rest-111111/bot""]}","[1,1,1,1,1,0]","[1,1,1,1,1,1]",1,1,3,0,home_win,home,0,71
47770,4,"{""total"":[""solutions/game_4/total/rest-111111/top"",""solutions/game_4/total/rest-001010/bot""],""single"":[""solutions/game_4/single/rest-111111/top"",""solutions/game_4/single/rest-001010/bot""]}","[1,1,1,1,1,1]","[0,0,1,0,1,0]",2,1,3,10,away_win,away,0,87
47770,5,"{""total"":[""solutions/game_5/single/rest-010111/top"",""solutions/game_5/single/rest-110101/bot""],""single"":[""solutions/game_5/single/rest-010111/top"",""solutions/game_5/single/rest-110101/bot""]}","[0,1,0,1,1,1]","[1,1,0,1,0,1]",2,2,6,7,away_win,away,0,94
47771,1,"{""total"":[""solutions/game_1/total/rest-111111/top"",""solutions/game_1/total/rest-111111/bot""],""single"":[""solutions/game_1/single/rest-111111/top"",""solutions/game_1/single/rest-111111/bot""]}","[1,1,1,1,1,1]","[1,1,1,1,1,1]",0,0,0,9,away_win,away,0,76
47771,2,"{""total"":[""solutions/game_2/total/rest-011111/top"",""solutions/game_2/total/rest-101111/bot""],""single"":[""solutions/game_2/single/rest-011111/top"",""solutions/game_2/single/rest-101111/bot""]}","[0,1,1,1,1,1]","[1,0,1,1,1,1]",0,1,9,0,home_win,home,0,72
47771,3,"{""total"":[""solutions/game_3/total/rest-111110/top"",""solutions/game_3/total/rest-011101/bot""],""single"":[""solutions/game_3/single/rest-111110/top"",""solutions/game_3/single/rest-011101/bot""]}","[1,1,1,1,1,0]","[0,1,1,1,0,1]",1,1,2,1,home_win,home,0,71
47771,4,"{""total"":[""solutions/game_4/total/rest-111001/top"",""solutions/game_4/total/rest-111010/bot""],""single"":[""solutions/game_4/single/rest-111001/top"",""solutions/game_4/single/rest-111010/bot""]}","[1,1,1,0,0,1]","[1,1,1,0,1,0]",2,1,5,10,away_win,away,0,87
47771,5,"{""total"":[""solutions/game_5/single/rest-101110/top"",""solutions/game_5/single/rest-110101/bot""],""single"":[""solutions/game_5/single/rest-101110/top"",""solutions/game_5/single/rest-110101/bot""]}","[1,0,1,1,1,0]","[1,1,0,1,0,1]",2,2,4,1,home_win,home,0,71
47772,1,"{""total"":[""solutions/game_1/total/rest-111111/top"",""solutions/game_1/total/rest-111111/bot""],""single"":[""solutions/game_1/single/rest-111111/top"",""solutions/game_1/single/rest-111111/bot""]}","[1,1,1,1,1,1]","[1,1,1,1,1,1]",0,0,3,6,away_win,away,0,80
47772,2,"{""total"":[""solutions/game_2/total/rest-101101/top"",""solutions/game_2/total/rest-101010/bot""],""single"":[""solutions/game_2/single/rest-101101/top"",""solutions/game_2/single/rest-101010/bot""]}","[1,0,1,1,0,1]","[1,0,1,0,1,0]",0,1,4,6,away_win,away,0,88
47772,3,"{""total"":[""solutions/game_3/total/rest-110100/top"",""solutions/game_3/total/rest-000101/bot""],""single"":[""solutions/game_3/single/rest-110100/top"",""solutions/game_3/single/rest-000101/bot""]}","[1,1,0,1,0,0]","[0,0,0,1,0,1]",0,2,2,3,away_win,away,0,72
47772,4,"{""total"":[""solutions/game_4/total/rest-010011/top"",""solutions/game_4/total/rest-111011/bot""],""single"":[""solutions/game_4/single/rest-010011/top"",""solutions/game_4/single/rest-111011/bot""]}","[0,1,0,0,1,1]","[1,1,1,0,1,1]",0,3,8,6,home_win,home,1,80
47772,5,"{""total"":[""solutions/game_5/single/rest-111100/top"",""solutions/game_5/single/rest-011010/bot""],""single"":[""solutions/game_5/single/rest-111100/top"",""solutions/game_5/single/rest-011010/bot""]}","[1,1,1,1,0,0]","[0,1,1,0,1,0]",1,3,12,4,home_win,home,1,44
47773,1,"{""total"":[""solutions/game_1/total/rest-111111/top"",""solutions/game_1/total/rest-111111/bot""],""single"":[""solutions/game_1/single/rest-111111/top"",""solutions/game_1/single/rest-111111/bot""]}","[1,1,1,1,1,1]","[1,1,1,1,1,1]",0,0,4,3,home_win,home,0,81
47773,2,"{""total"":[""solutions/game_2/total/rest-011101/top"",""solutions/game_2/total/rest-001011/bot""],""single"":[""solutions/game_2/single/rest-011101/top"",""solutions/game_2/single/rest-001011/bot""]}","[0,1,1,1,0,1]","[0,0,1,0,1,1]",1,0,5,0,home_win,home,0,85
47773,3,"{""total"":[""solutions/game_3/total/rest-111010/top"",""solutions/game_3/total/rest-111100/bot""],""single"":[""solutions/game_3/single/rest-111010/top"",""solutions/game_3/single/rest-111100/bot""]}","[1,1,1,0,1,0]","[1,1,1,1,0,0]",2,0,2,10,away_win,away,0,74
47773,4,"{""total"":[""solutions/game_4/total/rest-011111/top"",""solutions/game_4/total/rest-111110/bot""],""single"":[""solutions/game_4/single/rest-011111/top"",""solutions/game_4/single/rest-111110/bot""]}","[0,1,1,1,1,1]","[1,1,1,1,1,0]",2,1,7,5,home_win,home,0,82
47773,5,"{""total"":[""solutions/game_5/single/rest-111100/top"",""solutions/game_5/single/rest-101001/bot""],""single"":[""solutions/game_5/single/rest-111100/top"",""solutions/game_5/single/rest-101001/bot""]}","[1,1,1,1,0,0]","[1,0,1,0,0,1]",3,1,5,10,away_win,away,1,83
47774,1,"{""total"":[""solutions/game_1/total/rest-111111/top"",""solutions/game_1/total/rest-111111/bot""],""single"":[""solutions/game_1/single/rest-111111/top"",""solutions/game_1/single/rest-111111/bot""]}","[1,1,1,1,1,1]","[1,1,1,1,1,1]",0,0,3,2,home_win,home,0,70
47774,2,"{""total"":[""solutions/game_2/total/rest-110111/top"",""solutions/game_2/total/rest-001011/bot""],""single"":[""solutions/game_2/single/rest-110111/top"",""solutions/game_2/single/rest-001011/bot""]}","[1,1,0,1,1,1]","[0,0,1,0,1,1]",1,0,3,0,home_win,home,0,64
47774,3,"{""total"":[""solutions/game_3/total/rest-111011/top"",""solutions/game_3/total/rest-111111/bot""],""single"":[""solutions/game_3/single/rest-111011/top"",""solutions/game_3/single/rest-111111/bot""]}","[1,1,1,0,1,1]","[1,1,1,1,1,1]",2,0,7,6,home_win,home,0,91
47774,4,"{""total"":[""solutions/game_4/total/rest-010111/top"",""solutions/game_4/total/rest-101010/bot""],""single"":[""solutions/game_4/single/rest-010111/top"",""solutions/game_4/single/rest-101010/bot""]}","[0,1,0,1,1,1]","[1,0,1,0,1,0]",3,0,8,3,home_win,home,1,84
47774,5,"{""total"":[""solutions/game_5/single/rest-111010/top"",""solutions/game_5/single/rest-110011/bot""],""single"":[""solutions/game_5/single/rest-111010/top"",""solutions/game_5/single/rest-110011/bot""]}","[1,1,1,0,1,0]","[1,1,0,0,1,1]",4,0,10,7,home_win,home,1,87
47775,1,"{""total"":[""solutions/game_1/total/rest-111111/top"",""solutions/game_1/total/rest-111111/bot""],""single"":[""solutions/game_1/single/rest-111111/top"",""solutions/game_1/single/rest-111111/bot""]}","[1,1,1,1,1,1]","[1,1,1,1,1,1]",0,0,5,2,home_win,home,0,79
47775,2,"{""total"":[""solutions/game_2/total/rest-111001/top"",""solutions/game_2/total/rest-011111/bot""],""single"":[""solutions/game_2/single/rest-111001/top"",""solutions/game_2/single/rest-011111/bot""]}","[1,1,1,0,0,1]","[0,1,1,1,1,1]",1,0,1,7,away_win,away,0,83
47775,3,"{""total"":[""solutions/game_3/total/rest-101110/top"",""solutions/game_3/total/rest-101110/bot""],""single"":[""solutions/game_3/single/rest-101110/top"",""solutions/game_3/single/rest-101110/bot""]}","[1,0,1,1,1,0]","[1,0,1,1,1,0]",1,1,11,12,away_win,away,0,109
47775,4,"{""total"":[""solutions/game_4/total/rest-011001/top"",""solutions/game_4/total/rest-110001/bot""],""single"":[""solutions/game_4/single/rest-011001/top"",""solutions/game_4/single/rest-110001/bot""]}","[0,1,1,0,0,1]","[1,1,0,0,0,1]",1,2,8,6,home_win,home,0,86
47775,5,"{""total"":[""solutions/game_5/single/rest-110100/top"",""solutions/game_5/single/rest-001100/bot""],""single"":[""solutions/game_5/single/rest-110100/top"",""solutions/game_5/single/rest-001100/bot""]}","[1,1,0,1,0,0]","[0,0,1,1,0,0]",2,2,7,5,home_win,home,0,83
47776,1,"{""total"":[""solutions/game_1/total/rest-111111/top"",""solutions/game_1/total/rest-111111/bot""],""single"":[""solutions/game_1/single/rest-111111/top"",""solutions/game_1/single/rest-111111/bot""]}","[1,1,1,1,1,1]","[1,1,1,1,1,1]",0,0,3,5,away_win,away,0,83
47776,2,"{""total"":[""solutions/game_2/total/rest-100101/top"",""solutions/game_2/total/rest-011110/bot""],""single"":[""solutions/game_2/single/rest-100101/top"",""solutions/game_2/single/rest-011110/bot""]}","[1,0,0,1,0,1]","[0,1,1,1,1,0]",0,1,0,9,away_win,away,0,80
47776,3,"{""total"":[""solutions/game_3/total/rest-111010/top"",""solutions/game_3/total/rest-111011/bot""],""single"":[""solutions/game_3/single/rest-111010/top"",""solutions/game_3/single/rest-111011/bot""]}","[1,1,1,0,1,0]","[1,1,1,0,1,1]",0,2,6,9,away_win,away,0,97
47776,4,"{""total"":[""solutions/game_4/total/rest-000111/top"",""solutions/game_4/total/rest-010100/bot""],""single"":[""solutions/game_4/single/rest-000111/top"",""solutions/game_4/single/rest-010100/bot""]}","[0,0,0,1,1,1]","[0,1,0,1,0,0]",0,3,4,2,home_win,home,1,82
47776,5,"{""total"":[""solutions/game_5/single/rest-111000/top"",""solutions/game_5/single/rest-100111/bot""],""single"":[""solutions/game_5/single/rest-111000/top"",""solutions/game_5/single/rest-100111/bot""]}","[1,1,1,0,0,0]","[1,0,0,1,1,1]",1,3,1,10,away_win,away,1,42
47777,1,"{""total"":[""solutions/game_1/total/rest-111111/top"",""solutions/game_1/total/rest-111111/bot""],""single"":[""solutions/game_1/single/rest-111111/top"",""solutions/game_1/single/rest-111111/bot""]}","[1,1,1,1,1,1]","[1,1,1,1,1,1]",0,0,7,3,home_win,home,0,81
47777,2,"{""total"":[""solutions/game_2/total/rest-111001/top"",""solutions/game_2/total/rest-001011/bot""],""single"":[""solutions/game_2/single/rest-111001/top"",""solutions/game_2/single/rest-001011/bot""]}","[1,1,1,0,0,1]","[0,0,1,0,1,1]",1,0,2,6,away_win,away,0,84
47777,3,"{""total"":[""solutions/game_3/total/rest-111100/top"",""solutions/game_3/total/rest-110000/bot""],""single"":[""solutions/game_3/single/rest-111100/top"",""solutions/game_3/single/rest-110000/bot""]}","[1,1,1,1,0,0]","[1,1,0,0,0,0]",1,1,1,4,away_win,away,0,80
47777,4,"{""total"":[""solutions/game_4/total/rest-001111/top"",""solutions/game_4/total/rest-001011/bot""],""single"":[""solutions/game_4/single/rest-001111/top"",""solutions/game_4/single/rest-001011/bot""]}","[0,0,1,1,1,1]","[0,0,1,0,1,1]",1,2,1,2,away_win,away,0,71
47777,5,"{""total"":[""solutions/game_5/single/rest-110111/top"",""solutions/game_5/single/rest-111110/bot""],""single"":[""solutions/game_5/single/rest-110111/top"",""solutions/game_5/single/rest-111110/bot""]}","[1,1,0,1,1,1]","[1,1,1,1,1,0]",1,3,1,6,away_win,away,1,80
47778,1,"{""total"":[""solutions/game_1/total/rest-111111/top"",""solutions/game_1/total/rest-111111/bot""],""single"":[""solutions/game_1/single/rest-111111/top"",""solutions/game_1/single/rest-111111/bot""]}","[1,1,1,1,1,1]","[1,1,1,1,1,1]",0,0,4,2,home_win,home,0,74
47778,2,"{""total"":[""solutions/game_2/total/rest-111110/top"",""solutions/game_2/total/rest-011011/bot""],""single"":[""solutions/game_2/single/rest-111110/top"",""solutions/game_2/single/rest-011011/bot""]}","[1,1,1,1,1,0]","[0,1,1,0,1,1]",1,0,3,6,away_win,away,0,85
47778,3,"{""total"":[""solutions/game_3/total/rest-101111/top"",""solutions/game_3/total/rest-111100/bot""],""single"":[""solutions/game_3/single/rest-101111/top"",""solutions/game_3/single/rest-111100/bot""]}","[1,0,1,1,1,1]","[1,1,1,1,0,0]",1,1,5,13,away_win,away,0,84
47778,4,"{""total"":[""solutions/game_4/total/rest-011110/top"",""solutions/game_4/total/rest-011111/bot""],""single"":[""solutions/game_4/single/rest-011110/top"",""solutions/game_4/single/rest-011111/bot""]}","[0,1,1,1,1,0]","[0,1,1,1,1,1]",1,2,0,8,away_win,away,0,18
47778,5,"{""total"":[""solutions/game_5/single/rest-011111/top"",""solutions/game_5/single/rest-011111/bot""],""single"":[""solutions/game_5/single/rest-011111/top"",""solutions/game_5/single/rest-011111/bot""]}","[0,1,1,1,1,1]","[0,1,1,1,1,1]",1,3,9,0,home_win,home,1,43
47779,1,"{""total"":[""solutions/game_1/total/rest-111111/top"",""solutions/game_1/total/rest-111111/bot""],""single"":[""solutions/game_1/single/rest-111111/top"",""solutions/game_1/single/rest-111111/bot""]}","[1,1,1,1,1,1]","[1,1,1,1,1,1]",0,0,5,4,home_win,home,0,89
47779,2,"{""total"":[""solutions/game_2/total/rest-011001/top"",""solutions/game_2/total/rest-001101/bot""],""single"":[""solutions/game_2/single/rest-011001/top"",""solutions/game_2/single/rest-001101/bot""]}","[0,1,1,0,0,1]","[0,0,1,1,0,1]",1,0,8,0,home_win,home,0,28
47779,3,"{""total"":[""solutions/game_3/total/rest-111111/top"",""solutions/game_3/total/rest-111111/bot""],""single"":[""solutions/game_3/single/rest-111111/top"",""solutions/game_3/single/rest-111111/bot""]}","[1,1,1,1,1,1]","[1,1,1,1,1,1]",2,0,5,3,home_win,home,0,80
47779,4,"{""total"":[""solutions/game_4/total/rest-110011/top"",""solutions/game_4/total/rest-000011/bot""],""single"":[""solutions/game_4/single/rest-110011/top"",""solutions/game_4/single/rest-000011/bot""]}","[1,1,0,0,1,1]","[0,0,0,0,1,1]",3,0,10,12,away_win,away,1,101
47779,5,"{""total"":[""solutions/game_5/single/rest-001101/top"",""solutions/game_5/single/rest-111100/bot""],""single"":[""solutions/game_5/single/rest-001101/top"",""solutions/game_5/single/rest-111100/bot""]}","[0,0,1,1,0,1]","[1,1,1,1,0,0]",3,1,5,10,away_win,away,1,84
47780,1,"{""total"":[""solutions/game_1/total/rest-111111/top"",""solutions/game_1/total/rest-111111/bot""],""single"":[""solutions/game_1/single/rest-111111/top"",""solutions/game_1/single/rest-111111/bot""]}","[1,1,1,1,1,1]","[1,1,1,1,1,1]",0,0,11,2,home_win,home,0,70
47780,2,"{""total"":[""solutions/game_2/total/rest-111111/top"",""solutions/game_2/total/rest-101100/bot""],""single"":[""solutions/game_2/single/rest-111111/top"",""solutions/game_2/single/rest-101100/bot""]}","[1,1,1,1,1,1]","[1,0,1,1,0,0]",1,0,3,8,away_win,away,0,81
47780,3,"{""total"":[""solutions/game_3/total/rest-011110/top"",""solutions/game_3/total/rest-001111/bot""],""single"":[""solutions/game_3/single/rest-011110/top"",""solutions/game_3/single/rest-001111/bot""]}","[0,1,1,1,1,0]","[0,0,1,1,1,1]",1,1,10,5,home_win,home,0,86
47780,4,"{""total"":[""solutions/game_4/total/rest-001010/top"",""solutions/game_4/total/rest-100010/bot""],""single"":[""solutions/game_4/single/rest-001010/top"",""solutions/game_4/single/rest-100010/bot""]}","[0,0,1,0,1,0]","[1,0,0,0,1,0]",2,1,5,4,home_win,home,0,77
47780,5,"{""total"":[""solutions/game_5/single/rest-110101/top"",""solutions/game_5/single/rest-011101/bot""],""single"":[""solutions/game_5/single/rest-110101/top"",""solutions/game_5/single/rest-011101/bot""]}","[1,1,0,1,0,1]","[0,1,1,1,0,1]",3,1,1,9,away_win,away,1,82
47781,1,"{""total"":[""solutions/game_1/total/rest-111111/top"",""solutions/game_1/total/rest-111111/bot""],""single"":[""solutions/game_1/single/rest-111111/top"",""solutions/game_1/single/rest-111111/bot""]}","[1,1,1,1,1,1]","[1,1,1,1,1,1]",0,0,9,9,tie,away,0,95
47781,2,"{""total"":[""solutions/game_2/total/rest-110101/top"",""solutions/game_2/total/rest-000000/bot""],""single"":[""solutions/game_2/single/rest-110101/top"",""solutions/game_2/single/rest-000000/bot""]}","[1,1,0,1,0,1]","[0,0,0,0,0,0]",0,1,4,10,away_win,away,0,90
47781,3,"{""total"":[""solutions/game_3/total/rest-011111/top"",""solutions/game_3/total/rest-110111/bot""],""single"":[""solutions/game_3/single/rest-011111/top"",""solutions/game_3/single/rest-110111/bot""]}","[0,1,1,1,1,1]","[1,1,0,1,1,1]",0,2,3,4,away_win,away,0,82
47781,4,"{""total"":[""solutions/game_4/total/rest-111001/top"",""solutions/game_4/total/rest-001010/bot""],""single"":[""solutions/game_4/single/rest-111001/top"",""solutions/game_4/single/rest-001010/bot""]}","[1,1,1,0,0,1]","[0,0,1,0,1,0]",0,3,8,15,away_win,away,1,99
47781,5,"{""total"":[""solutions/game_5/single/rest-101111/top"",""solutions/game_5/single/rest-111111/bot""],""single"":[""solutions/game_5/single/rest-101111/top"",""solutions/game_5/single/rest-111111/bot""]}","[1,0,1,1,1,1]","[1,1,1,1,1,1]",0,4,1,3,away_win,away,1,82
47782,1,"{""total"":[""solutions/game_1/total/rest-111111/top"",""solutions/game_1/total/rest-111111/bot""],""single"":[""solutions/game_1/single/rest-111111/top"",""solutions/game_1/single/rest-111111/bot""]}","[1,1,1,1,1,1]","[1,1,1,1,1,1]",0,0,8,5,home_win,home,0,86
47782,2,"{""total"":[""solutions/game_2/total/rest-010010/top"",""solutions/game_2/total/rest-101010/bot""],""single"":[""solutions/game_2/single/rest-010010/top"",""solutions/game_2/single/rest-101010/bot""]}","[0,1,0,0,1,0]","[1,0,1,0,1,0]",1,0,3,7,away_win,away,0,87
47782,3,"{""total"":[""solutions/game_3/total/rest-101001/top"",""solutions/game_3/total/rest-000101/bot""],""single"":[""solutions/game_3/single/rest-101001/top"",""solutions/game_3/single/rest-000101/bot""]}","[1,0,1,0,0,1]","[0,0,0,1,0,1]",1,1,2,4,away_win,away,0,85
47782,4,"{""total"":[""solutions/game_4/total/rest-110110/top"",""solutions/game_4/total/rest-111010/bot""],""single"":[""solutions/game_4/single/rest-110110/top"",""solutions/game_4/single/rest-111010/bot""]}","[1,1,0,1,1,0]","[1,1,1,0,1,0]",1,2,7,9,away_win,away,0,88
47782,5,"{""total"":[""solutions/game_5/single/rest-111111/top"",""solutions/game_5/single/rest-001101/bot""],""single"":[""solutions/game_5/single/rest-111111/top"",""solutions/game_5/single/rest-001101/bot""]}","[1,1,1,1,1,1]","[0,0,1,1,0,1]",1,3,2,6,away_win,away,1,82
47783,1,"{""total"":[""solutions/game_1/total/rest-111111/top"",""solutions/game_1/total/rest-111111/bot""],""single"":[""solutions/game_1/single/rest-111111/top"",""solutions/game_1/single/rest-111111/bot""]}","[1,1,1,1,1,1]","[1,1,1,1,1,1]",0,0,2,11,away_win,away,0,54
47783,2,"{""total"":[""solutions/game_2/total/rest-111110/top"",""solutions/game_2/total/rest-111111/bot""],""single"":[""solutions/game_2/single/rest-111110/top"",""solutions/game_2/single/rest-111111/bot""]}","[1,1,1,1,1,0]","[1,1,1,1,1,1]",0,1,1,3,away_win,away,0,75
47783,3,"{""total"":[""solutions/game_3/total/rest-011101/top"",""solutions/game_3/total/rest-011011/bot""],""single"":[""solutions/game_3/single/rest-011101/top"",""solutions/game_3/single/rest-011011/bot""]}","[0,1,1,1,0,1]","[0,1,1,0,1,1]",0,2,3,2,home_win,home,0,69
47783,4,"{""total"":[""solutions/game_4/total/rest-111011/top"",""solutions/game_4/total/rest-100111/bot""],""single"":[""solutions/game_4/single/rest-111011/top"",""solutions/game_4/single/rest-100111/bot""]}","[1,1,1,0,1,1]","[1,0,0,1,1,1]",1,2,5,2,home_win,home,0,80
47783,5,"{""total"":[""solutions/game_5/single/rest-110000/top"",""solutions/game_5/single/rest-110010/bot""],""single"":[""solutions/game_5/single/rest-110000/top"",""solutions/game_5/single/rest-110010/bot""]}","[1,1,0,0,0,0]","[1,1,0,0,1,0]",2,2,6,3,home_win,home,0,84
47784,1,"{""total"":[""solutions/game_1/total/rest-111111/top"",""solutions/game_1/total/rest-111111/bot""],""single"":[""solutions/game_1/single/rest-111111/top"",""solutions/game_1/single/rest-111111/bot""]}","[1,1,1,1,1,1]","[1,1,1,1,1,1]",0,0,0,8,away_win,away,0,55
47784,2,"{""total"":[""solutions/game_2/total/rest-111111/top"",""solutions/game_2/total/rest-111011/bot""],""single"":[""solutions/game_2/single/rest-111111/top"",""solutions/game_2/single/rest-111011/bot""]}","[1,1,1,1,1,1]","[1,1,1,0,1,1]",0,1,0,4,away_win,away,0,77
47784,3,"{""total"":[""solutions/game_3/total/rest-111011/top"",""solutions/game_3/total/rest-001100/bot""],""single"":[""solutions/game_3/single/rest-111011/top"",""solutions/game_3/single/rest-001100/bot""]}","[1,1,1,0,1,1]","[0,0,1,1,0,0]",0,2,4,1,home_win,home,0,77
47784,4,"{""total"":[""solutions/game_4/total/rest-110111/top"",""solutions/game_4/total/rest-110010/bot""],""single"":[""solutions/game_4/single/rest-110111/top"",""solutions/game_4/single/rest-110010/bot""]}","[1,1,0,1,1,1]","[1,1,0,0,1,0]",1,2,8,0,home_win,home,0,20
47784,5,"{""total"":[""solutions/game_5/single/rest-111111/top"",""solutions/game_5/single/rest-111111/bot""],""single"":[""solutions/game_5/single/rest-111111/top"",""solutions/game_5/single/rest-111111/bot""]}","[1,1,1,1,1,1]","[1,1,1,1,1,1]",2,2,7,4,home_win,home,0,94
47785,1,"{""total"":[""solutions/game_1/total/rest-111111/top"",""solutions/game_1/total/rest-111111/bot""],""single"":[""solutions/game_1/single/rest-111111/top"",""solutions/game_1/single/rest-111111/bot""]}","[1,1,1,1,1,1]","[1,1,1,1,1,1]",0,0,8,2,home_win,home,0,82
47785,2,"{""total"":[""solutions/game_2/total/rest-110101/top"",""solutions/game_2/total/rest-100011/bot""],""single"":[""solutions/game_2/single/rest-110101/top"",""solutions/game_2/single/rest-100011/bot""]}","[1,1,0,1,0,1]","[1,0,0,0,1,1]",1,0,5,8,away_win,away,0,90
47785,3,"{""total"":[""solutions/game_3/total/rest-001110/top"",""solutions/game_3/total/rest-011110/bot""],""single"":[""solutions/game_3/single/rest-001110/top"",""solutions/game_3/single/rest-011110/bot""]}","[0,0,1,1,1,0]","[0,1,1,1,1,0]",1,1,3,6,away_win,away,0,84
47785,4,"{""total"":[""solutions/game_4/total/rest-101001/top"",""solutions/game_4/total/rest-101101/bot""],""single"":[""solutions/game_4/single/rest-101001/top"",""solutions/game_4/single/rest-101101/bot""]}","[1,0,1,0,0,1]","[1,0,1,1,0,1]",1,2,4,2,home_win,home,0,77
47785,5,"{""total"":[""solutions/game_5/single/rest-011110/top"",""solutions/game_5/single/rest-011010/bot""],""single"":[""solutions/game_5/single/rest-011110/top"",""solutions/game_5/single/rest-011010/bot""]}","[0,1,1,1,1,0]","[0,1,1,0,1,0]",2,2,4,1,home_win,home,0,68
47786,1,"{""total"":[""solutions/game_1/total/rest-111111/top"",""solutions/game_1/total/rest-111111/bot""],""single"":[""solutions/game_1/single/rest-111111/top"",""solutions/game_1/single/rest-111111/bot""]}","[1,1,1,1,1,1]","[1,1,1,1,1,1]",0,0,8,0,home_win,home,0,44
47786,2,"{""total"":[""solutions/game_2/total/rest-111111/top"",""solutions/game_2/total/rest-111110/bot""],""single"":[""solutions/game_2/single/rest-111111/top"",""solutions/game_2/single/rest-111110/bot""]}","[1,1,1,1,1,1]","[1,1,1,1,1,0]",1,0,4,3,home_win,home,0,81
47786,3,"{""total"":[""solutions/game_3/total/rest-011001/top"",""solutions/game_3/total/rest-000011/bot""],""single"":[""solutions/game_3/single/rest-011001/top"",""solutions/game_3/single/rest-000011/bot""]}","[0,1,1,0,0,1]","[0,0,0,0,1,1]",2,0,4,8,away_win,away,0,94
47786,4,"{""total"":[""solutions/game_4/total/rest-100111/top"",""solutions/game_4/total/rest-110110/bot""],""single"":[""solutions/game_4/single/rest-100111/top"",""solutions/game_4/single/rest-110110/bot""]}","[1,0,0,1,1,1]","[1,1,0,1,1,0]",2,1,4,1,home_win,home,0,75
47786,5,"{""total"":[""solutions/game_5/single/rest-110101/top"",""solutions/game_5/single/rest-111001/bot""],""single"":[""solutions/game_5/single/rest-110101/top"",""solutions/game_5/single/rest-111001/bot""]}","[1,1,0,1,0,1]","[1,1,1,0,0,1]",3,1,11,5,home_win,home,1,93
47787,1,"{""total"":[""solutions/game_1/total/rest-111111/top"",""solutions/game_1/total/rest-111111/bot""],""single"":[""solutions/game_1/single/rest-111111/top"",""solutions/game_1/single/rest-111111/bot""]}","[1,1,1,1,1,1]","[1,1,1,1,1,1]",0,0,8,1,home_win,home,0,79
47787,2,"{""total"":[""solutions/game_2/total/rest-111011/top"",""solutions/game_2/total/rest-011010/bot""],""single"":[""solutions/game_2/single/rest-111011/top"",""solutions/game_2/single/rest-011010/bot""]}","[1,1,1,0,1,1]","[0,1,1,0,1,0]",1,0,7,3,home_win,home,0,80
47787,3,"{""total"":[""solutions/game_3/total/rest-101101/top"",""solutions/game_3/total/rest-100111/bot""],""single"":[""solutions/game_3/single/rest-101101/top"",""solutions/game_3/single/rest-100111/bot""]}","[1,0,1,1,0,1]","[1,0,0,1,1,1]",2,0,3,5,away_win,away,0,81
47787,4,"{""total"":[""solutions/game_4/total/rest-011011/top"",""solutions/game_4/total/rest-001011/bot""],""single"":[""solutions/game_4/single/rest-011011/top"",""solutions/game_4/single/rest-001011/bot""]}","[0,1,1,0,1,1]","[0,0,1,0,1,1]",2,1,3,12,away_win,away,0,74
47787,5,"{""total"":[""solutions/game_5/single/rest-111111/top"",""solutions/game_5/single/rest-111110/bot""],""single"":[""solutions/game_5/single/rest-111111/top"",""solutions/game_5/single/rest-111110/bot""]}","[1,1,1,1,1,1]","[1,1,1,1,1,0]",2,2,7,9,away_win,away,0,98
47788,1,"{""total"":[""solutions/game_1/total/rest-111111/top"",""solutions/game_1/total/rest-111111/bot""],""single"":[""solutions/game_1/single/rest-111111/top"",""solutions/game_1/single/rest-111111/bot""]}","[1,1,1,1,1,1]","[1,1,1,1,1,1]",0,0,5,7,away_win,away,0,94
47788,2,"{""total"":[""solutions/game_2/total/rest-110101/top"",""solutions/game_2/total/rest-010000/bot""],""single"":[""solutions/game_2/single/rest-110101/top"",""solutions/game_2/single/rest-010000/bot""]}","[1,1,0,1,0,1]","[0,1,0,0,0,0]",0,1,1,3,away_win,away,0,73
47788,3,"{""total"":[""solutions/game_3/total/rest-011011/top"",""solutions/game_3/total/rest-101111/bot""],""single"":[""solutions/game_3/single/rest-011011/top"",""solutions/game_3/single/rest-101111/bot""]}","[0,1,1,0,1,1]","[1,0,1,1,1,1]",0,2,2,5,away_win,away,0,76
47788,4,"{""total"":[""solutions/game_4/total/rest-101111/top"",""solutions/game_4/total/rest-011010/bot""],""single"":[""solutions/game_4/single/rest-101111/top"",""solutions/game_4/single/rest-011010/bot""]}","[1,0,1,1,1,1]","[0,1,1,0,1,0]",0,3,1,11,away_win,away,1,47
47788,5,"{""total"":[""solutions/game_5/single/rest-111111/top"",""solutions/game_5/single/rest-111111/bot""],""single"":[""solutions/game_5/single/rest-111111/top"",""solutions/game_5/single/rest-111111/bot""]}","[1,1,1,1,1,1]","[1,1,1,1,1,1]",0,4,7,2,home_win,home,1,84
47789,1,"{""total"":[""solutions/game_1/total/rest-111111/top"",""solutions/game_1/total/rest-111111/bot""],""single"":[""solutions/game_1/single/rest-111111/top"",""solutions/game_1/single/rest-111111/bot""]}","[1,1,1,1,1,1]","[1,1,1,1,1,1]",0,0,2,3,away_win,away,0,87
47789,2,"{""total"":[""solutions/game_2/total/rest-010110/top"",""solutions/game_2/total/rest-111110/bot""],""single"":[""solutions/game_2/single/rest-010110/top"",""solutions/game_2/single/rest-111110/bot""]}","[0,1,0,1,1,0]","[1,1,1,1,1,0]",0,1,7,6,home_win,home,0,94
47789,3,"{""total"":[""solutions/game_3/total/rest-101011/top"",""solutions/game_3/total/rest-111001/bot""],""single"":[""solutions/game_3/single/rest-101011/top"",""solutions/game_3/single/rest-111001/bot""]}","[1,0,1,0,1,1]","[1,1,1,0,0,1]",1,1,4,3,home_win,home,0,76
47789,4,"{""total"":[""solutions/game_4/total/rest-010011/top"",""solutions/game_4/total/rest-000110/bot""],""single"":[""solutions/game_4/single/rest-010011/top"",""solutions/game_4/single/rest-000110/bot""]}","[0,1,0,0,1,1]","[0,0,0,1,1,0]",2,1,1,4,away_win,away,0,84
47789,5,"{""total"":[""solutions/game_5/single/rest-101110/top"",""solutions/game_5/single/rest-111001/bot""],""single"":[""solutions/game_5/single/rest-101110/top"",""solutions/game_5/single/rest-111001/bot""]}","[1,0,1,1,1,0]","[1,1,1,0,0,1]",2,2,4,3,home_win,home,0,85
47790,1,"{""total"":[""solutions/game_1/total/rest-111111/top"",""solutions/game_1/total/rest-111111/bot""],""single"":[""solutions/game_1/single/rest-111111/top"",""solutions/game_1/single/rest-111111/bot""]}","[1,1,1,1,1,1]","[1,1,1,1,1,1]",0,0,0,9,away_win,away,0,72
47790,2,"{""total"":[""solutions/game_2/total/rest-111111/top"",""solutions/game_2/total/rest-101011/bot""],""single"":[""solutions/game_2/single/rest-111111/top"",""solutions/game_2/single/rest-101011/bot""]}","[1,1,1,1,1,1]","[1,0,1,0,1,1]",0,1,3,1,home_win,home,0,74
47790,3,"{""total"":[""solutions/game_3/total/rest-010001/top"",""solutions/game_3/total/rest-011010/bot""],""single"":[""solutions/game_3/single/rest-010001/top"",""solutions/game_3/single/rest-011010/bot""]}","[0,1,0,0,0,1]","[0,1,1,0,1,0]",1,1,4,9,away_win,away,0,93
47790,4,"{""total"":[""solutions/game_4/total/rest-110101/top"",""solutions/game_4/total/rest-110001/bot""],""single"":[""solutions/game_4/single/rest-110101/top"",""solutions/game_4/single/rest-110001/bot""]}","[1,1,0,1,0,1]","[1,1,0,0,0,1]",1,2,0,8,away_win,away,0,50
47790,5,"{""total"":[""solutions/game_5/single/rest-111100/top"",""solutions/game_5/single/rest-111011/bot""],""single"":[""solutions/game_5/single/rest-111100/top"",""solutions/game_5/single/rest-111011/bot""]}","[1,1,1,1,0,0]","[1,1,1,0,1,1]",1,3,6,4,home_win,home,1,81
47791,1,"{""total"":[""solutions/game_1/total/rest-111111/top"",""solutions/game_1/total/rest-111111/bot""],""single"":[""solutions/game_1/single/rest-111111/top"",""solutions/game_1/single/rest-111111/bot""]}","[1,1,1,1,1,1]","[1,1,1,1,1,1]",0,0,3,5,away_win,away,0,77
47791,2,"{""total"":[""solutions/game_2/total/rest-110011/top"",""solutions/game_2/total/rest-101011/bot""],""single"":[""solutions/game_2/single/rest-110011/top"",""solutions/game_2/single/rest-101011/bot""]}","[1,1,0,0,1,1]","[1,0,1,0,1,1]",0,1,3,1,home_win,home,0,76
47791,3,"{""total"":[""solutions/game_3/total/rest-011100/top"",""solutions/game_3/total/rest-001110/bot""],""single"":[""solutions/game_3/single/rest-011100/top"",""solutions/game_3/single/rest-001110/bot""]}","[0,1,1,1,0,0]","[0,0,1,1,1,0]",1,1,1,10,away_win,away,0,74
47791,4,"{""total"":[""solutions/game_4/total/rest-111111/top"",""solutions/game_4/total/rest-111100/bot""],""single"":[""solutions/game_4/single/rest-111111/top"",""solutions/game_4/single/rest-111100/bot""]}","[1,1,1,1,1,1]","[1,1,1,1,0,0]",1,2,3,2,home_win,home,0,75
47791,5,"{""total"":[""solutions/game_5/single/rest-110011/top"",""solutions/game_5/single/rest-101011/bot""],""single"":[""solutions/game_5/single/rest-110011/top"",""solutions/game_5/single/rest-101011/bot""]}","[1,1,0,0,1,1]","[1,0,1,0,1,1]",2,2,5,13,away_win,away,0,85
47792,1,"{""total"":[""solutions/game_1/total/rest-111111/top"",""solutions/game_1/total/rest-111111/bot""],""single"":[""solutions/game_1/single/rest-111111/top"",""solutions/game_1/single/rest-111111/bot""]}","[1,1,1,1,1,1]","[1,1,1,1,1,1]",0,0,4,10,away_win,away,0,92
47792,2,"{""total"":[""solutions/game_2/total/rest-011111/top"",""solutions/game_2/total/rest-101110/bot""],""single"":[""solutions/game_2/single/rest-011111/top"",""solutions/game_2/single/rest-101110/bot""]}","[0,1,1,1,1,1]","[1,0,1,1,1,0]",0,1,2,6,away_win,away,0,85
47792,3,"{""total"":[""solutions/game_3/total/rest-111100/top"",""solutions/game_3/total/rest-011011/bot""],""single"":[""solutions/game_3/single/rest-111100/top"",""solutions/game_3/single/rest-011011/bot""]}","[1,1,1,1,0,0]","[0,1,1,0,1,1]",0,2,7,2,home_win,home,0,78
47792,4,"{""total"":[""solutions/game_4/total/rest-101011/top"",""solutions/game_4/total/rest-101100/bot""],""single"":[""solutions/game_4/single/rest-101011/top"",""solutions/game_4/single/rest-101100/bot""]}","[1,0,1,0,1,1]","[1,0,1,1,0,0]",1,2,9,7,home_win,home,0,86
47792,5,"{""total"":[""solutions/game_5/single/rest-111100/top"",""solutions/game_5/single/rest-110111/bot""],""single"":[""solutions/game_5/single/rest-111100/top"",""solutions/game_5/single/rest-110111/bot""]}","[1,1,1,1,0,0]","[1,1,0,1,1,1]",2,2,6,4,home_win,home,0,80
47793,1,"{""total"":[""solutions/game_1/total/rest-111111/top"",""solutions/game_1/total/rest-111111/bot""],""single"":[""solutions/game_1/single/rest-111111/top"",""solutions/game_1/single/rest-111111/bot""]}","[1,1,1,1,1,1]","[1,1,1,1,1,1]",0,0,7,11,away_win,away,0,94
47793,2,"{""total"":[""solutions/game_2/total/rest-011001/top"",""solutions/game_2/total/rest-001011/bot""],""single"":[""solutions/game_2/single/rest-011001/top"",""solutions/game_2/single/rest-001011/bot""]}","[0,1,1,0,0,1]","[0,0,1,0,1,1]",0,1,4,5,away_win,away,0,100
47793,3,"{""total"":[""solutions/game_3/total/rest-110010/top"",""solutions/game_3/total/rest-111100/bot""],""single"":[""solutions/game_3/single/rest-110010/top"",""solutions/game_3/single/rest-111100/bot""]}","[1,1,0,0,1,0]","[1,1,1,1,0,0]",0,2,1,9,away_win,away,0,56
47793,4,"{""total"":[""solutions/game_4/total/rest-111111/top"",""solutions/game_4/total/rest-111111/bot""],""single"":[""solutions/game_4/single/rest-111111/top"",""solutions/game_4/single/rest-111111/bot""]}","[1,1,1,1,1,1]","[1,1,1,1,1,1]",0,3,5,4,home_win,home,1,83
47793,5,"{""total"":[""solutions/game_5/single/rest-010011/top"",""solutions/game_5/single/rest-001011/bot""],""single"":[""solutions/game_5/single/rest-010011/top"",""solutions/game_5/single/rest-001011/bot""]}","[0,1,0,0,1,1]","[0,0,1,0,1,1]",1,3,3,2,home_win,home,1,76
47794,1,"{""total"":[""solutions/game_1/total/rest-111111/top"",""solutions/game_1/total/rest-111111/bot""],""single"":[""solutions/game_1/single/rest-111111/top"",""solutions/game_1/single/rest-111111/bot""]}","[1,1,1,1,1,1]","[1,1,1,1,1,1]",0,0,7,5,home_win,home,0,85
47794,2,"{""total"":[""solutions/game_2/total/rest-010001/top"",""solutions/game_2/total/rest-000011/bot""],""single"":[""solutions/game_2/single/rest-010001/top"",""solutions/game_2/single/rest-000011/bot""]}","[0,1,0,0,0,1]","[0,0,0,0,1,1]",1,0,3,2,home_win,home,0,68
47794,3,"{""total"":[""solutions/game_3/total/rest-101011/top"",""solutions/game_3/total/rest-110110/bot""],""single"":[""solutions/game_3/single/rest-101011/top"",""solutions/game_3/single/rest-110110/bot""]}","[1,0,1,0,1,1]","[1,1,0,1,1,0]",2,0,1,5,away_win,away,0,75
47794,4,"{""total"":[""solutions/game_4/total/rest-011111/top"",""solutions/game_4/total/rest-001011/bot""],""single"":[""solutions/game_4/single/rest-011111/top"",""solutions/game_4/single/rest-001011/bot""]}","[0,1,1,1,1,1]","[0,0,1,0,1,1]",2,1,3,4,away_win,away,0,78
47794,5,"{""total"":[""solutions/game_5/single/rest-111101/top"",""solutions/game_5/single/rest-111100/bot""],""single"":[""solutions/game_5/single/rest-111101/top"",""solutions/game_5/single/rest-111100/bot""]}","[1,1,1,1,0,1]","[1,1,1,1,0,0]",2,2,10,2,home_win,home,0,36
47795,1,"{""total"":[""solutions/game_1/total/rest-111111/top"",""solutions/game_1/total/rest-111111/bot""],""single"":[""solutions/game_1/single/rest-111111/top"",""solutions/game_1/single/rest-111111/bot""]}","[1,1,1,1,1,1]","[1,1,1,1,1,1]",0,0,1,4,away_win,away,0,76
47795,2,"{""total"":[""solutions/game_2/total/rest-011111/top"",""solutions/game_2/total/rest-011011/bot""],""single"":[""solutions/game_2/single/rest-011111/top"",""solutions/game_2/single/rest-011011/bot""]}","[0,1,1,1,1,1]","[0,1,1,0,1,1]",0,1,9,6,home_win,home,0,86
47795,3,"{""total"":[""solutions/game_3/total/rest-110001/top"",""solutions/game_3/total/rest-101100/bot""],""single"":[""solutions/game_3/single/rest-110001/top"",""solutions/game_3/single/rest-101100/bot""]}","[1,1,0,0,0,1]","[1,0,1,1,0,0]",1,1,8,3,home_win,home,0,83
47795,4,"{""total"":[""solutions/game_4/total/rest-111111/top"",""solutions/game_4/total/rest-011001/bot""],""single"":[""solutions/game_4/single/rest-111111/top"",""solutions/game_4/single/rest-011001/bot""]}","[1,1,1,1,1,1]","[0,1,1,0,0,1]",2,1,11,4,home_win,home,0,88
47795,5,"{""total"":[""solutions/game_5/single/rest-111110/top"",""solutions/game_5/single/rest-100110/bot""],""single"":[""solutions/game_5/single/rest-111110/top"",""solutions/game_5/single/rest-100110/bot""]}","[1,1,1,1,1,0]","[1,0,0,1,1,0]",3,1,5,3,home_win,home,1,77
47796,1,"{""total"":[""solutions/game_1/total/rest-111111/top"",""solutions/game_1/total/rest-111111/bot""],""single"":[""solutions/game_1/single/rest-111111/top"",""solutions/game_1/single/rest-111111/bot""]}","[1,1,1,1,1,1]","[1,1,1,1,1,1]",0,0,1,0,home_win,home,0,62
47796,2,"{""total"":[""solutions/game_2/total/rest-011011/top"",""solutions/game_2/total/rest-101110/bot""],""single"":[""solutions/game_2/single/rest-011011/top"",""solutions/game_2/single/rest-101110/bot""]}","[0,1,1,0,1,1]","[1,0,1,1,1,0]",1,0,10,6,home_win,home,0,86
47796,3,"{""total"":[""solutions/game_3/total/rest-111101/top"",""solutions/game_3/total/rest-000111/bot""],""single"":[""solutions/game_3/single/rest-111101/top"",""solutions/game_3/single/rest-000111/bot""]}","[1,1,1,1,0,1]","[0,0,0,1,1,1]",2,0,0,3,away_win,away,0,83
47796,4,"{""total"":[""solutions/game_4/total/rest-111010/top"",""solutions/game_4/total/rest-111011/bot""],""single"":[""solutions/game_4/single/rest-111010/top"",""solutions/game_4/single/rest-111011/bot""]}","[1,1,1,0,1,0]","[1,1,1,0,1,1]",2,1,5,1,home_win,home,0,74
47796,5,"{""total"":[""solutions/game_5/single/rest-101111/top"",""solutions/game_5/single/rest-111100/bot""],""single"":[""solutions/game_5/single/rest-101111/top"",""solutions/game_5/single/rest-111100/bot""]}","[1,0,1,1,1,1]","[1,1,1,1,0,0]",3,1,10,2,home_win,home,1,54
47797,1,"{""total"":[""solutions/game_1/total/rest-111111/top"",""solutions/game_1/total/rest-111111/bot""],""single"":[""solutions/game_1/single/rest-111111/top"",""solutions/game_1/single/rest-111111/bot""]}","[1,1,1,1,1,1]","[1,1,1,1,1,1]",0,0,1,9,away_win,away,0,43
47797,2,"{""total"":[""solutions/game_2/total/rest-011111/top"",""solutions/game_2/total/rest-111111/bot""],""single"":[""solutions/game_2/single/rest-011111/top"",""solutions/game_2/single/rest-111111/bot""]}","[0,1,1,1,1,1]","[1,1,1,1,1,1]",0,1,6,10,away_win,away,0,87
47797,3,"{""total"":[""solutions/game_3/total/rest-101110/top"",""solutions/game_3/total/rest-011010/bot""],""single"":[""solutions/game_3/single/rest-101110/top"",""solutions/game_3/single/rest-011010/bot""]}","[1,0,1,1,1,0]","[0,1,1,0,1,0]",0,2,1,9,away_win,away,0,75
47797,4,"{""total"":[""solutions/game_4/total/rest-101010/top"",""solutions/game_4/total/rest-001111/bot""],""single"":[""solutions/game_4/single/rest-101010/top"",""solutions/game_4/single/rest-001111/bot""]}","[1,0,1,0,1,0]","[0,0,1,1,1,1]",0,3,8,0,home_win,home,1,38
47797,5,"{""total"":[""solutions/game_5/single/rest-111111/top"",""solutions/game_5/single/rest-111111/bot""],""single"":[""solutions/game_5/single/rest-111111/top"",""solutions/game_5/single/rest-111111/bot""]}","[1,1,1,1,1,1]","[1,1,1,1,1,1]",1,3,2,5,away_win,away,1,85
47798,1,"{""total"":[""solutions/game_1/total/rest-111111/top"",""solutions/game_1/total/rest-111111/bot""],""single"":[""solutions/game_1/single/rest-111111/top"",""solutions/game_1/single/rest-111111/bot""]}","[1,1,1,1,1,1]","[1,1,1,1,1,1]",0,0,3,7,away_win,away,0,81
47798,2,"{""total"":[""solutions/game_2/total/rest-111010/top"",""solutions/game_2/total/rest-010110/bot""],""single"":[""solutions/game_2/single/rest-111010/top"",""solutions/game_2/single/rest-010110/bot""]}","[1,1,1,0,1,0]","[0,1,0,1,1,0]",0,1,9,10,away_win,away,0,110
47798,3,"{""total"":[""solutions/game_3/total/rest-100101/top"",""solutions/game_3/total/rest-101001/bot""],""single"":[""solutions/game_3/single/rest-100101/top"",""solutions/game_3/single/rest-101001/bot""]}","[1,0,0,1,0,1]","[1,0,1,0,0,1]",0,2,8,9,away_win,away,0,95
47798,4,"{""total"":[""solutions/game_4/total/rest-010100/top"",""solutions/game_4/total/rest-010110/bot""],""single"":[""solutions/game_4/single/rest-010100/top"",""solutions/game_4/single/rest-010110/bot""]}","[0,1,0,1,0,0]","[0,1,0,1,1,0]",0,3,9,8,home_win,home,1,88
47798,5,"{""total"":[""solutions/game_5/single/rest-101011/top"",""solutions/game_5/single/rest-101101/bot""],""single"":[""solutions/game_5/single/rest-101011/top"",""solutions/game_5/single/rest-101101/bot""]}","[1,0,1,0,1,1]","[1,0,1,1,0,1]",1,3,5,4,home_win,home,1,83
47799,1,"{""total"":[""solutions/game_1/total/rest-111111/top"",""solutions/game_1/total/rest-111111/bot""],""single"":[""solutions/game_1/single/rest-111111/top"",""solutions/game_1/single/rest-111111/bot""]}","[1,1,1,1,1,1]","[1,1,1,1,1,1]",0,0,7,9,away_win,away,0,91
47799,2,"{""total"":[""solutions/game_2/total/rest-111111/top"",""solutions/game_2/total/rest-011110/bot""],""single"":[""solutions/game_2/single/rest-111111/top"",""solutions/game_2/single/rest-011110/bot""]}","[1,1,1,1,1,1]","[0,1,1,1,1,0]",0,1,1,2,away_win,away,0,84
47799,3,"{""total"":[""solutions/game_3/total/rest-001011/top"",""solutions/game_3/total/rest-110010/bot""],""single"":[""solutions/game_3/single/rest-001011/top"",""solutions/game_3/single/rest-110010/bot""]}","[0,0,1,0,1,1]","[1,1,0,0,1,0]",0,2,4,3,home_win,home,0,75
47799,4,"{""total"":[""solutions/game_4/total/rest-111110/top"",""solutions/game_4/total/rest-101111/bot""],""single"":[""solutions/game_4/single/rest-111110/top"",""solutions/game_4/single/rest-101111/bot""]}","[1,1,1,1,1,0]","[1,0,1,1,1,1]",1,2,3,11,away_win,away,0,81
47799,5,"{""total"":[""solutions/game_5/single/rest-110111/top"",""solutions/game_5/single/rest-111010/bot""],""single"":[""solutions/game_5/single/rest-110111/top"",""solutions/game_5/single/rest-111010/bot""]}","[1,1,0,1,1,1]","[1,1,1,0,1,0]",1,3,3,5,away_win,away,1,83
47800,1,"{""total"":[""solutions/game_1/total/rest-111111/top"",""solutions/game_1/total/rest-111111/bot""],""single"":[""solutions/game_1/single/rest-111111/top"",""solutions/game_1/single/rest-111111/bot""]}","[1,1,1,1,1,1]","[1,1,1,1,1,1]",0,0,1,4,away_win,away,0,72
47800,2,"{""total"":[""solutions/game_2/total/rest-111111/top"",""solutions/game_2/total/rest-111010/bot""],""single"":[""solutions/game_2/single/rest-111111/top"",""solutions/game_2/single/rest-111010/bot""]}","[1,1,1,1,1,1]","[1,1,1,0,1,0]",0,1,4,7,away_win,away,0,80
47800,3,"{""total"":[""solutions/game_3/total/rest-111101/top"",""solutions/game_3/total/rest-100100/bot""],""single"":[""solutions/game_3/single/rest-111101/top"",""solutions/game_3/single/rest-100100/bot""]}","[1,1,1,1,0,1]","[1,0,0,1,0,0]",0,2,5,6,away_win,away,0,85
47800,4,"{""total"":[""solutions/game_4/total/rest-010011/top"",""solutions/game_4/total/rest-011010/bot""],""single"":[""solutions/game_4/single/rest-010011/top"",""solutions/game_4/single/rest-011010/bot""]}","[0,1,0,0,1,1]","[0,1,1,0,1,0]",0,3,6,7,away_win,away,1,80
47800,5,"{""total"":[""solutions/game_5/single/rest-111110/top"",""solutions/game_5/single/rest-100111/bot""],""single"":[""solutions/game_5/single/rest-111110/top"",""solutions/game_5/single/rest-100111/bot""]}","[1,1,1,1,1,0]","[1,0,0,1,1,1]",0,4,5,3,home_win,home,1,81
47801,1,"{""total"":[""solutions/game_1/total/rest-111111/top"",""solutions/game_1/total/rest-111111/bot""],""single"":[""solutions/game_1/single/rest-111111/top"",""solutions/game_1/single/rest-111111/bot""]}","[1,1,1,1,1,1]","[1,1,1,1,1,1]",0,0,2,10,away_win,away,0,64
47801,2,"{""total"":[""solutions/game_2/total/rest-111110/top"",""solutions/game_2/total/rest-111011/bot""],""single"":[""solutions/game_2/single/rest-111110/top"",""solutions/game_2/single/rest-111011/bot""]}","[1,1,1,1,1,0]","[1,1,1,0,1,1]",0,1,9,6,home_win,home,0,90
47801,3,"{""total"":[""solutions/game_3/total/rest-011111/top"",""solutions/game_3/total/rest-001100/bot""],""single"":[""solutions/game_3/single/rest-011111/top"",""solutions/game_3/single/rest-001100/bot""]}","[0,1,1,1,1,1]","[0,0,1,1,0,0]",1,1,0,8,away_win,away,0,69
47801,4,"{""total"":[""solutions/game_4/total/rest-111101/top"",""solutions/game_4/total/rest-111101/bot""],""single"":[""solutions/game_4/single/rest-111101/top"",""solutions/game_4/single/rest-111101/bot""]}","[1,1,1,1,0,1]","[1,1,1,1,0,1]",1,2,4,5,away_win,away,0,79
47801,5,"{""total"":[""solutions/game_5/single/rest-010111/top"",""solutions/game_5/single/rest-100010/bot""],""single"":[""solutions/game_5/single/rest-010111/top"",""solutions/game_5/single/rest-100010/bot""]}","[0,1,0,1,1,1]","[1,0,0,0,1,0]",1,3,5,2,home_win,home,1,74
47802,1,"{""total"":[""solutions/game_1/total/rest-111111/top"",""solutions/game_1/total/rest-111111/bot""],""single"":[""solutions/game_1/single/rest-111111/top"",""solutions/game_1/single/rest-111111/bot""]}","[1,1,1,1,1,1]","[1,1,1,1,1,1]",0,0,2,4,away_win,away,0,80
47802,2,"{""total"":[""solutions/game_2/total/rest-011011/top"",""solutions/game_2/total/rest-011010/bot""],""single"":[""solutions/game_2/single/rest-011011/top"",""solutions/game_2/single/rest-011010/bot""]}","[0,1,1,0,1,1]","[0,1,1,0,1,0]",0,1,4,3,home_win,home,0,79
47802,3,"{""total"":[""solutions/game_3/total/rest-110100/top"",""solutions/game_3/total/rest-001101/bot""],""single"":[""solutions/game_3/single/rest-110100/top"",""solutions/game_3/single/rest-001101/bot""]}","[1,1,0,1,0,0]","[0,0,1,1,0,1]",1,1,9,6,home_win,home,0,90
47802,4,"{""total"":[""solutions/game_4/total/rest-001011/top"",""solutions/game_4/total/rest-111000/bot""],""single"":[""solutions/game_4/single/rest-001011/top"",""solutions/game_4/single/rest-111000/bot""]}","[0,0,1,0,1,1]","[1,1,1,0,0,0]",2,1,9,1,home_win,home,0,52
47802,5,"{""total"":[""solutions/game_5/single/rest-011111/top"",""solutions/game_5/single/rest-101111/bot""],""single"":[""solutions/game_5/single/rest-011111/top"",""solutions/game_5/single/rest-101111/bot""]}","[0,1,1,1,1,1]","[1,0,1,1,1,1]",3,1,5,12,away_win,away,1,92
47803,1,"{""total"":[""solutions/game_1/total/rest-111111/top"",""solutions/game_1/total/rest-111111/bot""],""single"":[""solutions/game_1/single/rest-111111/top"",""solutions/game_1/single/rest-111111/bot""]}","[1,1,1,1,1,1]","[1,1,1,1,1,1]",0,0,4,1,home_win,home,0,82
47803,2,"{""total"":[""solutions/game_2/total/rest-011001/top"",""solutions/game_2/total/rest-001010/bot""],""single"":[""solutions/game_2/single/rest-011001/top"",""solutions/game_2/single/rest-001010/bot""]}","[0,1,1,0,0,1]","[0,0,1,0,1,0]",1,0,0,8,away_win,away,0,58
47803,3,"{""total"":[""solutions/game_3/total/rest-111111/top"",""solutions/game_3/total/rest-111111/bot""],""single"":[""solutions/game_3/single/rest-111111/top"",""solutions/game_3/single/rest-111111/bot""]}","[1,1,1,1,1,1]","[1,1,1,1,1,1]",1,1,8,0,home_win,home,0,39
47803,4,"{""total"":[""solutions/game_4/total/rest-111111/top"",""solutions/game_4/total/rest-111111/bot""],""single"":[""solutions/game_4/single/rest-111111/top"",""solutions/game_4/single/rest-111111/bot""]}","[1,1,1,1,1,1]","[1,1,1,1,1,1]",2,1,1,10,away_win,away,0,71
47803,5,"{""total"":[""solutions/game_5/single/rest-111100/top"",""solutions/game_5/single/rest-001111/bot""],""single"":[""solutions/game_5/single/rest-111100/top"",""solutions/game_5/single/rest-001111/bot""]}","[1,1,1,1,0,0]","[0,0,1,1,1,1]",2,2,2,8,away_win,away,0,82
47804,1,"{""total"":[""solutions/game_1/total/rest-111111/top"",""solutions/game_1/total/rest-111111/bot""],""single"":[""solutions/game_1/single/rest-111111/top"",""solutions/game_1/single/rest-111111/bot""]}","[1,1,1,1,1,1]","[1,1,1,1,1,1]",0,0,2,1,home_win,home,0,73
47804,2,"{""total"":[""solutions/game_2/total/rest-011001/top"",""solutions/game_2/total/rest-001011/bot""],""single"":[""solutions/game_2/single/rest-011001/top"",""solutions/game_2/single/rest-001011/bot""]}","[0,1,1,0,0,1]","[0,0,1,0,1,1]",1,0,9,8,home_win,home,0,100
47804,3,"{""total"":[""solutions/game_3/total/rest-100110/top"",""solutions/game_3/total/rest-110100/bot""],""single"":[""solutions/game_3/single/rest-100110/top"",""solutions/game_3/single/rest-110100/bot""]}","[1,0,0,1,1,0]","[1,1,0,1,0,0]",2,0,8,3,home_win,home,0,88
47804,4,"{""total"":[""solutions/game_4/total/rest-011001/top"",""solutions/game_4/total/rest-101011/bot""],""single"":[""solutions/game_4/single/rest-011001/top"",""solutions/game_4/single/rest-101011/bot""]}","[0,1,1,0,0,1]","[1,0,1,0,1,1]",3,0,2,6,away_win,away,1,82
47804,5,"{""total"":[""solutions/game_5/single/rest-111110/top"",""solutions/game_5/single/rest-110010/bot""],""single"":[""solutions/game_5/single/rest-111110/top"",""solutions/game_5/single/rest-110010/bot""]}","[1,1,1,1,1,0]","[1,1,0,0,1,0]",3,1,7,2,home_win,home,1,76
47805,1,"{""total"":[""solutions/game_1/total/rest-111111/top"",""solutions/game_1/total/rest-111111/bot""],""single"":[""solutions/game_1/single/rest-111111/top"",""solutions/game_1/single/rest-111111/bot""]}","[1,1,1,1,1,1]","[1,1,1,1,1,1]",0,0,2,5,away_win,away,0,92
47805,2,"{""total"":[""solutions/game_2/total/rest-010001/top"",""solutions/game_2/total/rest-001111/bot""],""single"":[""solutions/game_2/single/rest-010001/top"",""solutions/game_2/single/rest-001111/bot""]}","[0,1,0,0,0,1]","[0,0,1,1,1,1]",0,1,8,7,home_win,home,0,86
47805,3,"{""total"":[""solutions/game_3/total/rest-101111/top"",""solutions/game_3/total/rest-010011/bot""],""single"":[""solutions/game_3/single/rest-101111/top"",""solutions/game_3/single/rest-010011/bot""]}","[1,0,1,1,1,1]","[0,1,0,0,1,1]",1,1,4,5,away_win,away,0,86
47805,4,"{""total"":[""solutions/game_4/total/rest-100011/top"",""solutions/game_4/total/rest-101111/bot""],""single"":[""solutions/game_4/single/rest-100011/top"",""solutions/game_4/single/rest-101111/bot""]}","[1,0,0,0,1,1]","[1,0,1,1,1,1]",1,2,5,3,home_win,home,0,75
47805,5,"{""total"":[""solutions/game_5/single/rest-010101/top"",""solutions/game_5/single/rest-111110/bot""],""single"":[""solutions/game_5/single/rest-010101/top"",""solutions/game_5/single/rest-111110/bot""]}","[0,1,0,1,0,1]","[1,1,1,1,1,0]",2,2,6,3,home_win,home,0,87
47806,1,"{""total"":[""solutions/game_1/total/rest-111111/top"",""solutions/game_1/total/rest-111111/bot""],""single"":[""solutions/game_1/single/rest-111111/top"",""solutions/game_1/single/rest-111111/bot""]}","[1,1,1,1,1,1]","[1,1,1,1,1,1]",0,0,3,4,away_win,away,0,90
47806,2,"{""total"":[""solutions/game_2/total/rest-010001/top"",""solutions/game_2/total/rest-000011/bot""],""single"":[""solutions/game_2/single/rest-010001/top"",""solutions/game_2/single/rest-000011/bot""]}","[0,1,0,0,0,1]","[0,0,0,0,1,1]",0,1,8,5,home_win,home,0,82
47806,3,"{""total"":[""solutions/game_3/total/rest-101111/top"",""solutions/game_3/total/rest-111110/bot""],""single"":[""solutions/game_3/single/rest-101111/top"",""solutions/game_3/single/rest-111110/bot""]}","[1,0,1,1,1,1]","[1,1,1,1,1,0]",1,1,3,2,home_win,home,0,71
47806,4,"{""total"":[""solutions/game_4/total/rest-101011/top"",""solutions/game_4/total/rest-011011/bot""],""single"":[""solutions/game_4/single/rest-101011/top"",""solutions/game_4/single/rest-011011/bot""]}","[1,0,1,0,1,1]","[0,1,1,0,1,1]",2,1,3,4,away_win,away,0,84
47806,5,"{""total"":[""solutions/game_5/single/rest-001101/top"",""solutions/game_5/single/rest-101111/bot""],""single"":[""solutions/game_5/single/rest-001101/top"",""solutions/game_5/single/rest-101111/bot""]}","[0,0,1,1,0,1]","[1,0,1,1,1,1]",2,2,4,6,away_win,away,0,87
47807,1,"{""total"":[""solutions/game_1/total/rest-111111/top"",""solutions/game_1/total/rest-111111/bot""],""single"":[""solutions/game_1/single/rest-111111/top"",""solutions/game_1/single/rest-111111/bot""]}","[1,1,1,1,1,1]","[1,1,1,1,1,1]",0,0,1,4,away_win,away,0,84
47807,2,"{""total"":[""solutions/game_2/total/rest-101111/top"",""solutions/game_2/total/rest-001111/bot""],""single"":[""solutions/game_2/single/rest-101111/top"",""solutions/game_2/single/rest-001111/bot""]}","[1,0,1,1,1,1]","[0,0,1,1,1,1]",0,1,3,3,tie,away,0,84
47807,3,"{""total"":[""solutions/game_3/total/rest-111110/top"",""solutions/game_3/total/rest-111000/bot""],""single"":[""solutions/game_3/single/rest-111110/top"",""solutions/game_3/single/rest-111000/bot""]}","[1,1,1,1,1,0]","[1,1,1,0,0,0]",0,2,9,5,home_win,home,0,77
47807,4,"{""total"":[""solutions/game_4/total/rest-110101/top"",""solutions/game_4/total/rest-010111/bot""],""single"":[""solutions/game_4/single/rest-110101/top"",""solutions/game_4/single/rest-010111/bot""]}","[1,1,0,1,0,1]","[0,1,0,1,1,1]",1,2,7,6,home_win,home,0,90
47807,5,"{""total"":[""solutions/game_5/single/rest-001001/top"",""solutions/game_5/single/rest-111001/bot""],""single"":[""solutions/game_5/single/rest-001001/top"",""solutions/game_5/single/rest-111001/bot""]}","[0,0,1,0,0,1]","[1,1,1,0,0,1]",2,2,6,2,home_win,home,0,76
47808,1,"{""total"":[""solutions/game_1/total/rest-111111/top"",""solutions/game_1/total/rest-111111/bot""],""single"":[""solutions/game_1/single/rest-111111/top"",""solutions/game_1/single/rest-111111/bot""]}","[1,1,1,1,1,1]","[1,1,1,1,1,1]",0,0,3,4,away_win,away,0,96
47808,2,"{""total"":[""solutions/game_2/total/rest-110001/top"",""solutions/game_2/total/rest-001101/bot""],""single"":[""solutions/game_2/single/rest-110001/top"",""solutions/game_2/single/rest-001101/bot""]}","[1,1,0,0,0,1]","[0,0,1,1,0,1]",0,1,1,9,away_win,away,0,45
47808,3,"{""total"":[""solutions/game_3/total/rest-111111/top"",""solutions/game_3/total/rest-111111/bot""],""single"":[""solutions/game_3/single/rest-111111/top"",""solutions/game_3/single/rest-111111/bot""]}","[1,1,1,1,1,1]","[1,1,1,1,1,1]",0,2,7,6,home_win,home,0,88
47808,4,"{""total"":[""solutions/game_4/total/rest-110101/top"",""solutions/game_4/total/rest-100010/bot""],""single"":[""solutions/game_4/single/rest-110101/top"",""solutions/game_4/single/rest-100010/bot""]}","[1,1,0,1,0,1]","[1,0,0,0,1,0]",1,2,6,5,home_win,home,0,96
47808,5,"{""total"":[""solutions/game_5/single/rest-001010/top"",""solutions/game_5/single/rest-011111/bot""],""single"":[""solutions/game_5/single/rest-001010/top"",""solutions/game_5/single/rest-011111/bot""]}","[0,0,1,0,1,0]","[0,1,1,1,1,1]",2,2,0,8,away_win,away,0,35
47809,1,"{""total"":[""solutions/game_1/total/rest-111111/top"",""solutions/game_1/total/rest-111111/bot""],""single"":[""solutions/game_1/single/rest-111111/top"",""solutions/game_1/single/rest-111111/bot""]}","[1,1,1,1,1,1]","[1,1,1,1,1,1]",0,0,4,2,home_win,home,0,73
47809,2,"{""total"":[""solutions/game_2/total/rest-111001/top"",""solutions/game_2/total/rest-011011/bot""],""single"":[""solutions/game_2/single/rest-111001/top"",""solutions/game_2/single/rest-011011/bot""]}","[1,1,1,0,0,1]","[0,1,1,0,1,1]",1,0,0,1,away_win,away,0,79
47809,3,"{""total"":[""solutions/game_3/total/rest-011110/top"",""solutions/game_3/total/rest-101100/bot""],""single"":[""solutions/game_3/single/rest-011110/top"",""solutions/game_3/single/rest-101100/bot""]}","[0,1,1,1,1,0]","[1,0,1,1,0,0]",1,1,3,2,home_win,home,0,71
47809,4,"{""total"":[""solutions/game_4/total/rest-110101/top"",""solutions/game_4/total/rest-110011/bot""],""single"":[""solutions/game_4/single/rest-110101/top"",""solutions/game_4/single/rest-110011/bot""]}","[1,1,0,1,0,1]","[1,1,0,0,1,1]",2,1,1,9,away_win,away,0,68
47809,5,"{""total"":[""solutions/game_5/single/rest-101111/top"",""solutions/game_5/single/rest-101111/bot""],""single"":[""solutions/game_5/single/rest-101111/top"",""solutions/game_5/single/rest-101111/bot""]}","[1,0,1,1,1,1]","[1,0,1,1,1,1]",2,2,9,1,home_win,home,0,66
47810,1,"{""total"":[""solutions/game_1/total/rest-111111/top"",""solutions/game_1/total/rest-111111/bot""],""single"":[""solutions/game_1/single/rest-111111/top"",""solutions/game_1/single/rest-111111/bot""]}","[1,1,1,1,1,1]","[1,1,1,1,1,1]",0,0,7,5,home_win,home,0,88
47810,2,"{""total"":[""solutions/game_2/total/rest-011001/top"",""solutions/game_2/total/rest-111101/bot""],""single"":[""solutions/game_2/single/rest-011001/top"",""solutions/game_2/single/rest-111101/bot""]}","[0,1,1,0,0,1]","[1,1,1,1,0,1]",1,0,7,6,home_win,home,0,99
47810,3,"{""total"":[""solutions/game_3/total/rest-101110/top"",""solutions/game_3/total/rest-000000/bot""],""single"":[""solutions/game_3/single/rest-101110/top"",""solutions/game_3/single/rest-000000/bot""]}","[1,0,1,1,1,0]","[0,0,0,0,0,0]",2,0,10,1,home_win,home,0,54
47810,4,"{""total"":[""solutions/game_4/total/rest-111111/top"",""solutions/game_4/total/rest-111110/bot""],""single"":[""solutions/game_4/single/rest-111111/top"",""solutions/game_4/single/rest-111110/bot""]}","[1,1,1,1,1,1]","[1,1,1,1,1,0]",3,0,4,3,home_win,home,1,81
47810,5,"{""total"":[""solutions/game_5/single/rest-010011/top"",""solutions/game_5/single/rest-100011/bot""],""single"":[""solutions/game_5/single/rest-010011/top"",""solutions/game_5/single/rest-100011/bot""]}","[0,1,0,0,1,1]","[1,0,0,0,1,1]",4,0,4,7,away_win,away,1,81
47811,1,"{""total"":[""solutions/game_1/total/rest-111111/top"",""solutions/game_1/total/rest-111111/bot""],""single"":[""solutions/game_1/single/rest-111111/top"",""solutions/game_1/single/rest-111111/bot""]}","[1,1,1,1,1,1]","[1,1,1,1,1,1]",0,0,0,3,away_win,away,0,80
47811,2,"{""total"":[""solutions/game_2/total/rest-111101/top"",""solutions/game_2/total/rest-001011/bot""],""single"":[""solutions/game_2/single/rest-111101/top"",""solutions/game_2/single/rest-001011/bot""]}","[1,1,1,1,0,1]","[0,0,1,0,1,1]",0,1,1,10,away_win,away,0,72
47811,3,"{""total"":[""solutions/game_3/total/rest-111110/top"",""solutions/game_3/total/rest-011110/bot""],""single"":[""solutions/game_3/single/rest-111110/top"",""solutions/game_3/single/rest-011110/bot""]}","[1,1,1,1,1,0]","[0,1,1,1,1,0]",0,2,11,4,home_win,home,0,85
47811,4,"{""total"":[""solutions/game_4/total/rest-111101/top"",""solutions/game_4/total/rest-101011/bot""],""single"":[""solutions/game_4/single/rest-111101/top"",""solutions/game_4/single/rest-101011/bot""]}","[1,1,1,1,0,1]","[1,0,1,0,1,1]",1,2,3,12,away_win,away,0,66
47811,5,"{""total"":[""solutions/game_5/single/rest-111011/top"",""solutions/game_5/single/rest-110111/bot""],""single"":[""solutions/game_5/single/rest-111011/top"",""solutions/game_5/single/rest-110111/bot""]}","[1,1,1,0,1,1]","[1,1,0,1,1,1]",1,3,10,9,home_win,home,1,99
47812,1,"{""total"":[""solutions/game_1/total/rest-111111/top"",""solutions/game_1/total/rest-111111/bot""],""single"":[""solutions/game_1/single/rest-111111/top"",""solutions/game_1/single/rest-111111/bot""]}","[1,1,1,1,1,1]","[1,1,1,1,1,1]",0,0,2,5,away_win,away,0,81
47812,2,"{""total"":[""solutions/game_2/total/rest-110001/top"",""solutions/game_2/total/rest-001010/bot""],""single"":[""solutions/game_2/single/rest-110001/top"",""solutions/game_2/single/rest-001010/bot""]}","[1,1,0,0,0,1]","[0,0,1,0,1,0]",0,1,7,4,home_win,home,0,92
47812,3,"{""total"":[""solutions/game_3/total/rest-011111/top"",""solutions/game_3/total/rest-110111/bot""],""single"":[""solutions/game_3/single/rest-011111/top"",""solutions/game_3/single/rest-110111/bot""]}","[0,1,1,1,1,1]","[1,1,0,1,1,1]",1,1,6,5,home_win,home,0,87
47812,4,"{""total"":[""solutions/game_4/total/rest-110011/top"",""solutions/game_4/total/rest-011010/bot""],""single"":[""solutions/game_4/single/rest-110011/top"",""solutions/game_4/single/rest-011010/bot""]}","[1,1,0,0,1,1]","[0,1,1,0,1,0]",2,1,5,4,home_win,home,0,81
47812,5,"{""total"":[""solutions/game_5/single/rest-010101/top"",""solutions/game_5/single/rest-000101/bot""],""single"":[""solutions/game_5/single/rest-010101/top"",""solutions/game_5/single/rest-000101/bot""]}","[0,1,0,1,0,1]","[0,0,0,1,0,1]",3,1,0,4,away_win,away,1,77
47813,1,"{""total"":[""solutions/game_1/total/rest-111111/top"",""solutions/game_1/total/rest-111111/bot""],""single"":[""solutions/game_1/single/rest-111111/top"",""solutions/game_1/single/rest-111111/bot""]}","[1,1,1,1,1,1]","[1,1,1,1,1,1]",0,0,10,7,home_win,home,0,89
47813,2,"{""total"":[""solutions/game_2/total/rest-101101/top"",""solutions/game_2/total/rest-100011/bot""],""single"":[""solutions/game_2/single/rest-101101/top"",""solutions/game_2/single/rest-100011/bot""]}","[1,0,1,1,0,1]","[1,0,0,0,1,1]",1,0,6,0,home_win,home,0,76
47813,3,"{""total"":[""solutions/game_3/total/rest-111110/top"",""solutions/game_3/total/rest-111110/bot""],""single"":[""solutions/game_3/single/rest-111110/top"",""solutions/game_3/single/rest-111110/bot""]}","[1,1,1,1,1,0]","[1,1,1,1,1,0]",2,0,4,3,home_win,home,0,75
47813,4,"{""total"":[""solutions/game_4/total/rest-111011/top"",""solutions/game_4/total/rest-011011/bot""],""single"":[""solutions/game_4/single/rest-111011/top"",""solutions/game_4/single/rest-011011/bot""]}","[1,1,1,0,1,1]","[0,1,1,0,1,1]",3,0,1,4,away_win,away,1,79
47813,5,"{""total"":[""solutions/game_5/single/rest-111101/top"",""solutions/game_5/single/rest-101100/bot""],""single"":[""solutions/game_5/single/rest-111101/top"",""solutions/game_5/single/rest-101100/bot""]}","[1,1,1,1,0,1]","[1,0,1,1,0,0]",3,1,8,7,home_win,home,1,108
47814,1,"{""total"":[""solutions/game_1/total/rest-111111/top"",""solutions/game_1/total/rest-111111/bot""],""single"":[""solutions/game_1/single/rest-111111/top"",""solutions/game_1/single/rest-111111/bot""]}","[1,1,1,1,1,1]","[1,1,1,1,1,1]",0,0,3,3,tie,home,0,91
47814,2,"{""total"":[""solutions/game_2/total/rest-101011/top"",""solutions/game_2/total/rest-011010/bot""],""single"":[""solutions/game_2/single/rest-101011/top"",""solutions/game_2/single/rest-011010/bot""]}","[1,0,1,0,1,1]","[0,1,1,0,1,0]",1,0,3,12,away_win,away,0,74
47814,3,"{""total"":[""solutions/game_3/total/rest-111111/top"",""solutions/game_3/total/rest-110101/bot""],""single"":[""solutions/game_3/single/rest-111111/top"",""solutions/game_3/single/rest-110101/bot""]}","[1,1,1,1,1,1]","[1,1,0,1,0,1]",1,1,10,2,home_win,home,0,63
47814,4,"{""total"":[""solutions/game_4/total/rest-111101/top"",""solutions/game_4/total/rest-111111/bot""],""single"":[""solutions/game_4/single/rest-111101/top"",""solutions/game_4/single/rest-111111/bot""]}","[1,1,1,1,0,1]","[1,1,1,1,1,1]",2,1,2,4,away_win,away,0,77
47814,5,"{""total"":[""solutions/game_5/single/rest-111011/top"",""solutions/game_5/single/rest-001111/bot""],""single"":[""solutions/game_5/single/rest-111011/top"",""solutions/game_5/single/rest-001111/bot""]}","[1,1,1,0,1,1]","[0,0,1,1,1,1]",2,2,9,1,home_win,home,0,72
47815,1,"{""total"":[""solutions/game_1/total/rest-111111/top"",""solutions/game_1/total/rest-111111/bot""],""single"":[""solutions/game_1/single/rest-111111/top"",""solutions/game_1/single/rest-111111/bot""]}","[1,1,1,1,1,1]","[1,1,1,1,1,1]",0,0,14,7,home_win,home,0,99
47815,2,"{""total"":[""solutions/game_2/total/rest-101101/top"",""solutions/game_2/total/rest-001011/bot""],""single"":[""solutions/game_2/single/rest-101101/top"",""solutions/game_2/single/rest-001011/bot""]}","[1,0,1,1,0,1]","[0,0,1,0,1,1]",1,0,0,3,away_win,away,0,77
47815,3,"{""total"":[""solutions/game_3/total/rest-101011/top"",""solutions/game_3/total/rest-111100/bot""],""single"":[""solutions/game_3/single/rest-101011/top"",""solutions/game_3/single/rest-111100/bot""]}","[1,0,1,0,1,1]","[1,1,1,1,0,0]",1,1,7,6,home_win,home,0,83
47815,4,"{""total"":[""solutions/game_4/total/rest-110101/top"",""solutions/game_4/total/rest-100111/bot""],""single"":[""solutions/game_4/single/rest-110101/top"",""solutions/game_4/single/rest-100111/bot""]}","[1,1,0,1,0,1]","[1,0,0,1,1,1]",2,1,1,7,away_win,away,0,80
47815,5,"{""total"":[""solutions/game_5/single/rest-101111/top"",""solutions/game_5/single/rest-011011/bot""],""single"":[""solutions/game_5/single/rest-101111/top"",""solutions/game_5/single/rest-011011/bot""]}","[1,0,1,1,1,1]","[0,1,1,0,1,1]",2,2,13,5,home_win,home,0,41
47816,1,"{""total"":[""solutions/game_1/total/rest-111111/top"",""solutions/game_1/total/rest-111111/bot""],""single"":[""solutions/game_1/single/rest-111111/top"",""solutions/game_1/single/rest-111111/bot""]}","[1,1,1,1,1,1]","[1,1,1,1,1,1]",0,0,1,3,away_win,away,0,71
47816,2,"{""total"":[""solutions/game_2/total/rest-110111/top"",""solutions/game_2/total/rest-001011/bot""],""single"":[""solutions/game_2/single/rest-110111/top"",""solutions/game_2/single/rest-001011/bot""]}","[1,1,0,1,1,1]","[0,0,1,0,1,1]",0,1,3,11,away_win,away,0,85
47816,3,"{""total"":[""solutions/game_3/total/rest-101011/top"",""solutions/game_3/total/rest-111100/bot""],""single"":[""solutions/game_3/single/rest-101011/top"",""solutions/game_3/single/rest-111100/bot""]}","[1,0,1,0,1,1]","[1,1,1,1,0,0]",0,2,2,3,away_win,away,0,75
47816,4,"{""total"":[""solutions/game_4/total/rest-010101/top"",""solutions/game_4/total/rest-001011/bot""],""single"":[""solutions/game_4/single/rest-010101/top"",""solutions/game_4/single/rest-001011/bot""]}","[0,1,0,1,0,1]","[0,0,1,0,1,1]",0,3,3,13,away_win,away,1,74
47816,5,"{""total"":[""solutions/game_5/single/rest-101111/top"",""solutions/game_5/single/rest-011111/bot""],""single"":[""solutions/game_5/single/rest-101111/top"",""solutions/game_5/single/rest-011111/bot""]}","[1,0,1,1,1,1]","[0,1,1,1,1,1]",0,4,4,13,away_win,away,1,83
47817,1,"{""total"":[""solutions/game_1/total/rest-111111/top"",""solutions/game_1/total/rest-111111/bot""],""single"":[""solutions/game_1/single/rest-111111/top"",""solutions/game_1/single/rest-111111/bot""]}","[1,1,1,1,1,1]","[1,1,1,1,1,1]",0,0,7,2,home_win,home,0,73
47817,2,"{""total"":[""solutions/game_2/total/rest-111111/top"",""solutions/game_2/total/rest-100111/bot""],""single"":[""solutions/game_2/single/rest-111111/top"",""solutions/game_2/single/rest-100111/bot""]}","[1,1,1,1,1,1]","[1,0,0,1,1,1]",1,0,3,5,away_win,away,0,82
47817,3,"{""total"":[""solutions/game_3/total/rest-110011/top"",""solutions/game_3/total/rest-011100/bot""],""single"":[""solutions/game_3/single/rest-110011/top"",""solutions/game_3/single/rest-011100/bot""]}","[1,1,0,0,1,1]","[0,1,1,1,0,0]",1,1,12,11,home_win,home,0,115
47817,4,"{""total"":[""solutions/game_4/total/rest-111100/top"",""solutions/game_4/total/rest-100111/bot""],""single"":[""solutions/game_4/single/rest-111100/top"",""solutions/game_4/single/rest-100111/bot""]}","[1,1,1,1,0,0]","[1,0,0,1,1,1]",2,1,1,8,away_win,away,0,82
47817,5,"{""total"":[""solutions/game_5/single/rest-101111/top"",""solutions/game_5/single/rest-011010/bot""],""single"":[""solutions/game_5/single/rest-101111/top"",""solutions/game_5/single/rest-011010/bot""]}","[1,0,1,1,1,1]","[0,1,1,0,1,0]",2,2,5,4,home_win,home,0,93
47818,1,"{""total"":[""solutions/game_1/total/rest-111111/top"",""solutions/game_1/total/rest-111111/bot""],""single"":[""solutions/game_1/single/rest-111111/top"",""solutions/game_1/single/rest-111111/bot""]}","[1,1,1,1,1,1]","[1,1,1,1,1,1]",0,0,1,9,away_win,away,0,67
47818,2,"{""total"":[""solutions/game_2/total/rest-101111/top"",""solutions/game_2/total/rest-111111/bot""],""single"":[""solutions/game_2/single/rest-101111/top"",""solutions/game_2/single/rest-111111/bot""]}","[1,0,1,1,1,1]","[1,1,1,1,1,1]",0,1,10,9,home_win,home,0,90
47818,3,"{""total"":[""solutions/game_3/total/rest-111101/top"",""solutions/game_3/total/rest-001010/bot""],""single"":[""solutions/game_3/single/rest-111101/top"",""solutions/game_3/single/rest-001010/bot""]}","[1,1,1,1,0,1]","[0,0,1,0,1,0]",1,1,2,10,away_win,away,0,77
47818,4,"{""total"":[""solutions/game_4/total/rest-111010/top"",""solutions/game_4/total/rest-110111/bot""],""single"":[""solutions/game_4/single/rest-111010/top"",""solutions/game_4/single/rest-110111/bot""]}","[1,1,1,0,1,0]","[1,1,0,1,1,1]",1,2,4,6,away_win,away,0,85
47818,5,"{""total"":[""solutions/game_5/single/rest-111111/top"",""solutions/game_5/single/rest-011110/bot""],""single"":[""solutions/game_5/single/rest-111111/top"",""solutions/game_5/single/rest-011110/bot""]}","[1,1,1,1,1,1]","[0,1,1,1,1,0]",1,3,5,2,home_win,home,1,82
47819,1,"{""total"":[""solutions/game_1/total/rest-111111/top"",""solutions/game_1/total/rest-111111/bot""],""single"":[""solutions/game_1/single/rest-111111/top"",""solutions/game_1/single/rest-111111/bot""]}","[1,1,1,1,1,1]","[1,1,1,1,1,1]",0,0,2,1,home_win,home,0,73
47819,2,"{""total"":[""solutions/game_2/total/rest-110101/top"",""solutions/game_2/total/rest-011010/bot""],""single"":[""solutions/game_2/single/rest-110101/top"",""solutions/game_2/single/rest-011010/bot""]}","[1,1,0,1,0,1]","[0,1,1,0,1,0]",1,0,3,1,home_win,home,0,67
47819,3,"{""total"":[""solutions/game_3/total/rest-110010/top"",""solutions/game_3/total/rest-110101/bot""],""single"":[""solutions/game_3/single/rest-110010/top"",""solutions/game_3/single/rest-110101/bot""]}","[1,1,0,0,1,0]","[1,1,0,1,0,1]",2,0,3,7,away_win,away,0,90
47819,4,"{""total"":[""solutions/game_4/total/rest-101101/top"",""solutions/game_4/total/rest-011011/bot""],""single"":[""solutions/game_4/single/rest-101101/top"",""solutions/game_4/single/rest-011011/bot""]}","[1,0,1,1,0,1]","[0,1,1,0,1,1]",2,1,4,5,away_win,away,0,82
47819,5,"{""total"":[""solutions/game_5/single/rest-110011/top"",""solutions/game_5/single/rest-101001/bot""],""single"":[""solutions/game_5/single/rest-110011/top"",""solutions/game_5/single/rest-101001/bot""]}","[1,1,0,0,1,1]","[1,0,1,0,0,1]",2,2,11,7,home_win,home,0,90
47820,1,"{""total"":[""solutions/game_1/total/rest-111111/top"",""solutions/game_1/total/rest-111111/bot""],""single"":[""solutions/game_1/single/rest-111111/top"",""solutions/game_1/single/rest-111111/bot""]}","[1,1,1,1,1,1]","[1,1,1,1,1,1]",0,0,5,6,away_win,away,0,86
47820,2,"{""total"":[""solutions/game_2/total/rest-011011/top"",""solutions/game_2/total/rest-001000/bot""],""single"":[""solutions/game_2/single/rest-011011/top"",""solutions/game_2/single/rest-001000/bot""]}","[0,1,1,0,1,1]","[0,0,1,0,0,0]",0,1,5,4,home_win,home,0,84
47820,3,"{""total"":[""solutions/game_3/total/rest-110100/top"",""solutions/game_3/total/rest-110111/bot""],""single"":[""solutions/game_3/single/rest-110100/top"",""solutions/game_3/single/rest-110111/bot""]}","[1,1,0,1,0,0]","[1,1,0,1,1,1]",1,1,7,4,home_win,home,0,94
47820,4,"{""total"":[""solutions/game_4/total/rest-001011/top"",""solutions/game_4/total/rest-101010/bot""],""single"":[""solutions/game_4/single/rest-001011/top"",""solutions/game_4/single/rest-101010/bot""]}","[0,0,1,0,1,1]","[1,0,1,0,1,0]",2,1,6,9,away_win,away,0,92
47820,5,"{""total"":[""solutions/game_5/single/rest-111100/top"",""solutions/game_5/single/rest-111101/bot""],""single"":[""solutions/game_5/single/rest-111100/top"",""solutions/game_5/single/rest-111101/bot""]}","[1,1,1,1,0,0]","[1,1,1,1,0,1]",2,2,1,3,away_win,away,0,74
47821,1,"{""total"":[""solutions/game_1/total/rest-111111/top"",""solutions/game_1/total/rest-111111/bot""],""single"":[""solutions/game_1/single/rest-111111/top"",""solutions/game_1/single/rest-111111/bot""]}","[1,1,1,1,1,1]","[1,1,1,1,1,1]",0,0,0,2,away_win,away,0,88
47821,2,"{""total"":[""solutions/game_2/total/rest-000111/top"",""solutions/game_2/total/rest-101010/bot""],""single"":[""solutions/game_2/single/rest-000111/top"",""solutions/game_2/single/rest-101010/bot""]}","[0,0,0,1,1,1]","[1,0,1,0,1,0]",0,1,6,5,home_win,home,0,86
47821,3,"{""total"":[""solutions/game_3/total/rest-111000/top"",""solutions/game_3/total/rest-110101/bot""],""single"":[""solutions/game_3/single/rest-111000/top"",""solutions/game_3/single/rest-110101/bot""]}","[1,1,1,0,0,0]","[1,1,0,1,0,1]",1,1,7,6,home_win,home,0,92
47821,4,"{""total"":[""solutions/game_4/total/rest-000111/top"",""solutions/game_4/total/rest-001111/bot""],""single"":[""solutions/game_4/single/rest-000111/top"",""solutions/game_4/single/rest-001111/bot""]}","[0,0,0,1,1,1]","[0,0,1,1,1,1]",2,1,8,2,home_win,home,0,81
47821,5,"{""total"":[""solutions/game_5/single/rest-111101/top"",""solutions/game_5/single/rest-110010/bot""],""single"":[""solutions/game_5/single/rest-111101/top"",""solutions/game_5/single/rest-110010/bot""]}","[1,1,1,1,0,1]","[1,1,0,0,1,0]",3,1,7,1,home_win,home,1,84
47822,1,"{""total"":[""solutions/game_1/total/rest-111111/top"",""solutions/game_1/total/rest-111111/bot""],""single"":[""solutions/game_1/single/rest-111111/top"",""solutions/game_1/single/rest-111111/bot""]}","[1,1,1,1,1,1]","[1,1,1,1,1,1]",0,0,5,4,home_win,home,0,90
47822,2,"{""total"":[""solutions/game_2/total/rest-011001/top"",""solutions/game_2/total/rest-001110/bot""],""single"":[""solutions/game_2/single/rest-011001/top"",""solutions/game_2/single/rest-001110/bot""]}","[0,1,1,0,0,1]","[0,0,1,1,1,0]",1,0,4,10,away_win,away,0,95
47822,3,"{""total"":[""solutions/game_3/total/rest-100111/top"",""solutions/game_3/total/rest-110111/bot""],""single"":[""solutions/game_3/single/rest-100111/top"",""solutions/game_3/single/rest-110111/bot""]}","[1,0,0,1,1,1]","[1,1,0,1,1,1]",1,1,7,4,home_win,home,0,76
47822,4,"{""total"":[""solutions/game_4/total/rest-111110/top"",""solutions/game_4/total/rest-001111/bot""],""single"":[""solutions/game_4/single/rest-111110/top"",""solutions/game_4/single/rest-001111/bot""]}","[1,1,1,1,1,0]","[0,0,1,1,1,1]",2,1,6,9,away_win,away,0,92
47822,5,"{""total"":[""solutions/game_5/single/rest-110001/top"",""solutions/game_5/single/rest-111000/bot""],""single"":[""solutions/game_5/single/rest-110001/top"",""solutions/game_5/single/rest-111000/bot""]}","[1,1,0,0,0,1]","[1,1,1,0,0,0]",2,2,4,7,away_win,away,0,90
47823,1,"{""total"":[""solutions/game_1/total/rest-111111/top"",""solutions/game_1/total/rest-111111/bot""],""single"":[""solutions/game_1/single/rest-111111/top"",""solutions/game_1/single/rest-111111/bot""]}","[1,1,1,1,1,1]","[1,1,1,1,1,1]",0,0,1,6,away_win,away,0,91
47823,2,"{""total"":[""solutions/game_2/total/rest-011111/top"",""solutions/game_2/total/rest-001011/bot""],""single"":[""solutions/game_2/single/rest-011111/top"",""solutions/game_2/single/rest-001011/bot""]}","[0,1,1,1,1,1]","[0,0,1,0,1,1]",0,1,3,5,away_win,away,0,83
47823,3,"{""total"":[""solutions/game_3/total/rest-101110/top"",""solutions/game_3/total/rest-111010/bot""],""single"":[""solutions/game_3/single/rest-101110/top"",""solutions/game_3/single/rest-111010/bot""]}","[1,0,1,1,1,0]","[1,1,1,0,1,0]",0,2,3,2,home_win,home,0,74
47823,4,"{""total"":[""solutions/game_4/total/rest-110011/top"",""solutions/game_4/total/rest-100101/bot""],""single"":[""solutions/game_4/single/rest-110011/top"",""solutions/game_4/single/rest-100101/bot""]}","[1,1,0,0,1,1]","[1,0,0,1,0,1]",1,2,2,10,away_win,away,0,63
47823,5,"{""total"":[""solutions/game_5/single/rest-111111/top"",""solutions/game_5/single/rest-111111/bot""],""single"":[""solutions/game_5/single/rest-111111/top"",""solutions/game_5/single/rest-111111/bot""]}","[1,1,1,1,1,1]","[1,1,1,1,1,1]",1,3,9,10,away_win,away,1,108
47824,1,"{""total"":[""solutions/game_1/total/rest-111111/top"",""solutions/game_1/total/rest-111111/bot""],""single"":[""solutions/game_1/single/rest-111111/top"",""solutions/game_1/single/rest-111111/bot""]}","[1,1,1,1,1,1]","[1,1,1,1,1,1]",0,0,5,2,home_win,home,0,74
47824,2,"{""total"":[""solutions/game_2/total/rest-111011/top"",""solutions/game_2/total/rest-101011/bot""],""single"":[""solutions/game_2/single/rest-111011/top"",""solutions/game_2/single/rest-101011/bot""]}","[1,1,1,0,1,1]","[1,0,1,0,1,1]",1,0,1,9,away_win,away,0,63
47824,3,"{""total"":[""solutions/game_3/total/rest-111110/top"",""solutions/game_3/total/rest-111110/bot""],""single"":[""solutions/game_3/single/rest-111110/top"",""solutions/game_3/single/rest-111110/bot""]}","[1,1,1,1,1,0]","[1,1,1,1,1,0]",1,1,5,6,away_win,away,0,90
47824,4,"{""total"":[""solutions/game_4/total/rest-010001/top"",""solutions/game_4/total/rest-111011/bot""],""single"":[""solutions/game_4/single/rest-010001/top"",""solutions/game_4/single/rest-111011/bot""]}","[0,1,0,0,0,1]","[1,1,1,0,1,1]",1,2,1,2,away_win,away,0,76
47824,5,"{""total"":[""solutions/game_5/single/rest-111110/top"",""solutions/game_5/single/rest-010110/bot""],""single"":[""solutions/game_5/single/rest-111110/top"",""solutions/game_5/single/rest-010110/bot""]}","[1,1,1,1,1,0]","[0,1,0,1,1,0]",1,3,10,2,home_win,home,1,77
47825,1,"{""total"":[""solutions/game_1/total/rest-111111/top"",""solutions/game_1/total/rest-111111/bot""],""single"":[""solutions/game_1/single/rest-111111/top"",""solutions/game_1/single/rest-111111/bot""]}","[1,1,1,1,1,1]","[1,1,1,1,1,1]",0,0,0,1,away_win,away,0,73
47825,2,"{""total"":[""solutions/game_2/total/rest-111001/top"",""solutions/game_2/total/rest-011010/bot""],""single"":[""solutions/game_2/single/rest-111001/top"",""solutions/game_2/single/rest-011010/bot""]}","[1,1,1,0,0,1]","[0,1,1,0,1,0]",0,1,1,10,away_win,away,0,67
47825,3,"{""total"":[""solutions/game_3/total/rest-101110/top"",""solutions/game_3/total/rest-111101/bot""],""single"":[""solutions/game_3/single/rest-101110/top"",""solutions/game_3/single/rest-111101/bot""]}","[1,0,1,1,1,0]","[1,1,1,1,0,1]",0,2,0,8,away_win,away,0,79
47825,4,"{""total"":[""solutions/game_4/total/rest-111001/top"",""solutions/game_4/total/rest-001011/bot""],""single"":[""solutions/game_4/single/rest-111001/top"",""solutions/game_4/single/rest-001011/bot""]}","[1,1,1,0,0,1]","[0,0,1,0,1,1]",0,3,6,2,home_win,home,1,83
47825,5,"{""total"":[""solutions/game_5/single/rest-101110/top"",""solutions/game_5/single/rest-101100/bot""],""single"":[""solutions/game_5/single/rest-101110/top"",""solutions/game_5/single/rest-101100/bot""]}","[1,0,1,1,1,0]","[1,0,1,1,0,0]",1,3,0,8,away_win,away,1,71
47826,1,"{""total"":[""solutions/game_1/total/rest-111111/top"",""solutions/game_1/total/rest-111111/bot""],""single"":[""solutions/game_1/single/rest-111111/top"",""solutions/game_1/single/rest-111111/bot""]}","[1,1,1,1,1,1]","[1,1,1,1,1,1]",0,0,5,11,away_win,away,0,91
47826,2,"{""total"":[""solutions/game_2/total/rest-111010/top"",""solutions/game_2/total/rest-001110/bot""],""single"":[""solutions/game_2/single/rest-111010/top"",""solutions/game_2/single/rest-001110/bot""]}","[1,1,1,0,1,0]","[0,0,1,1,1,0]",0,1,8,12,away_win,away,0,98
47826,3,"{""total"":[""solutions/game_3/total/rest-101101/top"",""solutions/game_3/total/rest-011001/bot""],""single"":[""solutions/game_3/single/rest-101101/top"",""solutions/game_3/single/rest-011001/bot""]}","[1,0,1,1,0,1]","[0,1,1,0,0,1]",0,2,6,4,home_win,home,0,88
47826,4,"{""total"":[""solutions/game_4/total/rest-011000/top"",""solutions/game_4/total/rest-100111/bot""],""single"":[""solutions/game_4/single/rest-011000/top"",""solutions/game_4/single/rest-100111/bot""]}","[0,1,1,0,0,0]","[1,0,0,1,1,1]",1,2,6,5,home_win,home,0,86
47826,5,"{""total"":[""solutions/game_5/single/rest-000111/top"",""solutions/game_5/single/rest-111100/bot""],""single"":[""solutions/game_5/single/rest-000111/top"",""solutions/game_5/single/rest-111100/bot""]}","[0,0,0,1,1,1]","[1,1,1,1,0,0]",2,2,7,10,away_win,away,0,94
47827,1,"{""total"":[""solutions/game_1/total/rest-111111/top"",""solutions/game_1/total/rest-111111/bot""],""single"":[""solutions/game_1/single/rest-111111/top"",""solutions/game_1/single/rest-111111/bot""]}","[1,1,1,1,1,1]","[1,1,1,1,1,1]",0,0,3,5,away_win,away,0,84
47827,2,"{""total"":[""solutions/game_2/total/rest-101011/top"",""solutions/game_2/total/rest-001010/bot""],""single"":[""solutions/game_2/single/rest-101011/top"",""solutions/game_2/single/rest-001010/bot""]}","[1,0,1,0,1,1]","[0,0,1,0,1,0]",0,1,10,2,home_win,home,0,76
47827,3,"{""total"":[""solutions/game_3/total/rest-111110/top"",""solutions/game_3/total/rest-110111/bot""],""single"":[""solutions/game_3/single/rest-111110/top"",""solutions/game_3/single/rest-110111/bot""]}","[1,1,1,1,1,0]","[1,1,0,1,1,1]",1,1,1,9,away_win,away,0,52
47827,4,"{""total"":[""solutions/game_4/total/rest-111111/top"",""solutions/game_4/total/rest-111111/bot""],""single"":[""solutions/game_4/single/rest-111111/top"",""solutions/game_4/single/rest-111111/bot""]}","[1,1,1,1,1,1]","[1,1,1,1,1,1]",1,2,6,5,home_win,home,0,86
47827,5,"{""total"":[""solutions/game_5/single/rest-111101/top"",""solutions/game_5/single/rest-011110/bot""],""single"":[""solutions/game_5/single/rest-111101/top"",""solutions/game_5/single/rest-011110/bot""]}","[1,1,1,1,0,1]","[0,1,1,1,1,0]",2,2,5,6,away_win,away,0,84
47828,1,"{""total"":[""solutions/game_1/total/rest-111111/top"",""solutions/game_1/total/rest-111111/bot""],""single"":[""solutions/game_1/single/rest-111111/top"",""solutions/game_1/single/rest-111111/bot""]}","[1,1,1,1,1,1]","[1,1,1,1,1,1]",0,0,9,5,home_win,home,0,94
47828,2,"{""total"":[""solutions/game_2/total/rest-110110/top"",""solutions/game_2/total/rest-001110/bot""],""single"":[""solutions/game_2/single/rest-110110/top"",""solutions/game_2/single/rest-001110/bot""]}","[1,1,0,1,1,0]","[0,0,1,1,1,0]",1,0,9,5,home_win,home,0,84
47828,3,"{""total"":[""solutions/game_3/total/rest-101101/top"",""solutions/game_3/total/rest-110101/bot""],""single"":[""solutions/game_3/single/rest-101101/top"",""solutions/game_3/single/rest-110101/bot""]}","[1,0,1,1,0,1]","[1,1,0,1,0,1]",2,0,1,9,away_win,away,0,72
47828,4,"{""total"":[""solutions/game_4/total/rest-111110/top"",""solutions/game_4/total/rest-111111/bot""],""single"":[""solutions/game_4/single/rest-111110/top"",""solutions/game_4/single/rest-111111/bot""]}","[1,1,1,1,1,0]","[1,1,1,1,1,1]",2,1,2,3,away_win,away,0,74
47828,5,"{""total"":[""solutions/game_5/single/rest-100101/top"",""solutions/game_5/single/rest-001010/bot""],""single"":[""solutions/game_5/single/rest-100101/top"",""solutions/game_5/single/rest-001010/bot""]}","[1,0,0,1,0,1]","[0,0,1,0,1,0]",2,2,12,8,home_win,home,0,88
47829,1,"{""total"":[""solutions/game_1/total/rest-111111/top"",""solutions/game_1/total/rest-111111/bot""],""single"":[""solutions/game_1/single/rest-111111/top"",""solutions/game_1/single/rest-111111/bot""]}","[1,1,1,1,1,1]","[1,1,1,1,1,1]",0,0,6,4,home_win,home,0,77
47829,2,"{""total"":[""solutions/game_2/total/rest-011110/top"",""solutions/game_2/total/rest-001111/bot""],""single"":[""solutions/game_2/single/rest-011110/top"",""solutions/game_2/single/rest-001111/bot""]}","[0,1,1,1,1,0]","[0,0,1,1,1,1]",1,0,4,1,home_win,home,0,71
47829,3,"{""total"":[""solutions/game_3/total/rest-011101/top"",""solutions/game_3/total/rest-110110/bot""],""single"":[""solutions/game_3/single/rest-011101/top"",""solutions/game_3/single/rest-110110/bot""]}","[0,1,1,1,0,1]","[1,1,0,1,1,0]",2,0,4,6,away_win,away,0,85
47829,4,"{""total"":[""solutions/game_4/total/rest-110010/top"",""solutions/game_4/total/rest-011111/bot""],""single"":[""solutions/game_4/single/rest-110010/top"",""solutions/game_4/single/rest-011111/bot""]}","[1,1,0,0,1,0]","[0,1,1,1,1,1]",2,1,2,10,away_win,away,0,79
47829,5,"{""total"":[""solutions/game_5/single/rest-101010/top"",""solutions/game_5/single/rest-001111/bot""],""single"":[""solutions/game_5/single/rest-101010/top"",""solutions/game_5/single/rest-001111/bot""]}","[1,0,1,0,1,0]","[0,0,1,1,1,1]",2,2,3,4,away_win,away,0,77
47830,1,"{""total"":[""solutions/game_1/total/rest-111111/top"",""solutions/game_1/total/rest-111111/bot""],""single"":[""solutions/game_1/single/rest-111111/top"",""solutions/game_1/single/rest-111111/bot""]}","[1,1,1,1,1,1]","[1,1,1,1,1,1]",0,0,1,1,tie,away,0,83
47830,2,"{""total"":[""solutions/game_2/total/rest-110011/top"",""solutions/game_2/total/rest-101000/bot""],""single"":[""solutions/game_2/single/rest-110011/top"",""solutions/game_2/single/rest-101000/bot""]}","[1,1,0,0,1,1]","[1,0,1,0,0,0]",0,1,2,1,home_win,home,0,65
47830,3,"{""total"":[""solutions/game_3/total/rest-111101/top"",""solutions/game_3/total/rest-110111/bot""],""single"":[""solutions/game_3/single/rest-111101/top"",""solutions/game_3/single/rest-110111/bot""]}","[1,1,1,1,0,1]","[1,1,0,1,1,1]",1,1,5,2,home_win,home,0,76
47830,4,"{""total"":[""solutions/game_4/total/rest-111011/top"",""solutions/game_4/total/rest-101011/bot""],""single"":[""solutions/game_4/single/rest-111011/top"",""solutions/game_4/single/rest-101011/bot""]}","[1,1,1,0,1,1]","[1,0,1,0,1,1]",2,1,6,2,home_win,home,0,78
47830,5,"{""total"":[""solutions/game_5/single/rest-101111/top"",""solutions/game_5/single/rest-110110/bot""],""single"":[""solutions/game_5/single/rest-101111/top"",""solutions/game_5/single/rest-110110/bot""]}","[1,0,1,1,1,1]","[1,1,0,1,1,0]",3,1,6,1,home_win,home,1,80
47831,1,"{""total"":[""solutions/game_1/total/rest-111111/top"",""solutions/game_1/total/rest-111111/bot""],""single"":[""solutions/game_1/single/rest-111111/top"",""solutions/game_1/single/rest-111111/bot""]}","[1,1,1,1,1,1]","[1,1,1,1,1,1]",0,0,3,4,away_win,away,0,87
47831,2,"{""total"":[""solutions/game_2/total/rest-111101/top"",""solutions/game_2/total/rest-101111/bot""],""single"":[""solutions/game_2/single/rest-111101/top"",""solutions/game_2/single/rest-101111/bot""]}","[1,1,1,1,0,1]","[1,0,1,1,1,1]",0,1,5,2,home_win,home,0,71
47831,3,"{""total"":[""solutions/game_3/total/rest-111011/top"",""solutions/game_3/total/rest-011111/bot""],""single"":[""solutions/game_3/single/rest-111011/top"",""solutions/game_3/single/rest-011111/bot""]}","[1,1,1,0,1,1]","[0,1,1,1,1,1]",1,1,0,10,away_win,away,0,65
47831,4,"{""total"":[""solutions/game_4/total/rest-111111/top"",""solutions/game_4/total/rest-011111/bot""],""single"":[""solutions/game_4/single/rest-111111/top"",""solutions/game_4/single/rest-011111/bot""]}","[1,1,1,1,1,1]","[0,1,1,1,1,1]",1,2,6,3,home_win,home,0,75
47831,5,"{""total"":[""solutions/game_5/single/rest-101111/top"",""solutions/game_5/single/rest-111010/bot""],""single"":[""solutions/game_5/single/rest-101111/top"",""solutions/game_5/single/rest-111010/bot""]}","[1,0,1,1,1,1]","[1,1,1,0,1,0]",2,2,6,2,home_win,home,0,80
47832,1,"{""total"":[""solutions/game_1/total/rest-111111/top"",""solutions/game_1/total/rest-111111/bot""],""single"":[""solutions/game_1/single/rest-111111/top"",""solutions/game_1/single/rest-111111/bot""]}","[1,1,1,1,1,1]","[1,1,1,1,1,1]",0,0,4,3,home_win,home,0,72
47832,2,"{""total"":[""solutions/game_2/total/rest-110101/top"",""solutions/game_2/total/rest-011011/bot""],""single"":[""solutions/game_2/single/rest-110101/top"",""solutions/game_2/single/rest-011011/bot""]}","[1,1,0,1,0,1]","[0,1,1,0,1,1]",1,0,0,8,away_win,away,0,29
47832,3,"{""total"":[""solutions/game_3/total/rest-111111/top"",""solutions/game_3/total/rest-111111/bot""],""single"":[""solutions/game_3/single/rest-111111/top"",""solutions/game_3/single/rest-111111/bot""]}","[1,1,1,1,1,1]","[1,1,1,1,1,1]",1,1,5,1,home_win,home,0,77
47832,4,"{""total"":[""solutions/game_4/total/rest-011001/top"",""solutions/game_4/total/rest-001111/bot""],""single"":[""solutions/game_4/single/rest-011001/top"",""solutions/game_4/single/rest-001111/bot""]}","[0,1,1,0,0,1]","[0,0,1,1,1,1]",2,1,11,13,away_win,away,0,109
47832,5,"{""total"":[""solutions/game_5/single/rest-100110/top"",""solutions/game_5/single/rest-100000/bot""],""single"":[""solutions/game_5/single/rest-100110/top"",""solutions/game_5/single/rest-100000/bot""]}","[1,0,0,1,1,0]","[1,0,0,0,0,0]",2,2,4,1,home_win,home,0,75
47833,1,"{""total"":[""solutions/game_1/total/rest-111111/top"",""solutions/game_1/total/rest-111111/bot""],""single"":[""solutions/game_1/single/rest-111111/top"",""solutions/game_1/single/rest-111111/bot""]}","[1,1,1,1,1,1]","[1,1,1,1,1,1]",0,0,6,5,home_win,home,0,75
47833,2,"{""total"":[""solutions/game_2/total/rest-111001/top"",""solutions/game_2/total/rest-011111/bot""],""single"":[""solutions/game_2/single/rest-111001/top"",""solutions/game_2/single/rest-011111/bot""]}","[1,1,1,0,0,1]","[0,1,1,1,1,1]",1,0,11,3,home_win,home,0,82
47833,3,"{""total"":[""solutions/game_3/total/rest-111111/top"",""solutions/game_3/total/rest-110010/bot""],""single"":[""solutions/game_3/single/rest-111111/top"",""solutions/game_3/single/rest-110010/bot""]}","[1,1,1,1,1,1]","[1,1,0,0,1,0]",2,0,0,8,away_win,away,0,56
47833,4,"{""total"":[""solutions/game_4/total/rest-111110/top"",""solutions/game_4/total/rest-111111/bot""],""single"":[""solutions/game_4/single/rest-111110/top"",""solutions/game_4/single/rest-111111/bot""]}","[1,1,1,1,1,0]","[1,1,1,1,1,1]",2,1,6,5,home_win,home,0,86
47833,5,"{""total"":[""solutions/game_5/single/rest-011111/top"",""solutions/game_5/single/rest-001111/bot""],""single"":[""solutions/game_5/single/rest-011111/top"",""solutions/game_5/single/rest-001111/bot""]}","[0,1,1,1,1,1]","[0,0,1,1,1,1]",3,1,2,1,home_win,home,1,75
47834,1,"{""total"":[""solutions/game_1/total/rest-111111/top"",""solutions/game_1/total/rest-111111/bot""],""single"":[""solutions/game_1/single/rest-111111/top"",""solutions/game_1/single/rest-111111/bot""]}","[1,1,1,1,1,1]","[1,1,1,1,1,1]",0,0,3,4,away_win,away,0,79
47834,2,"{""total"":[""solutions/game_2/total/rest-110011/top"",""solutions/game_2/total/rest-101010/bot""],""single"":[""solutions/game_2/single/rest-110011/top"",""solutions/game_2/single/rest-101010/bot""]}","[1,1,0,0,1,1]","[1,0,1,0,1,0]",0,1,1,5,away_win,away,0,78
47834,3,"{""total"":[""solutions/game_3/total/rest-011111/top"",""solutions/game_3/total/rest-010111/bot""],""single"":[""solutions/game_3/single/rest-011111/top"",""solutions/game_3/single/rest-010111/bot""]}","[0,1,1,1,1,1]","[0,1,0,1,1,1]",0,2,3,1,home_win,home,0,67
47834,4,"{""total"":[""solutions/game_4/total/rest-111011/top"",""solutions/game_4/total/rest-101010/bot""],""single"":[""solutions/game_4/single/rest-111011/top"",""solutions/game_4/single/rest-101010/bot""]}","[1,1,1,0,1,1]","[1,0,1,0,1,0]",1,2,7,3,home_win,home,0,78
47834,5,"{""total"":[""solutions/game_5/single/rest-101100/top"",""solutions/game_5/single/rest-010111/bot""],""single"":[""solutions/game_5/single/rest-101100/top"",""solutions/game_5/single/rest-010111/bot""]}","[1,0,1,1,0,0]","[0,1,0,1,1,1]",2,2,0,8,away_win,away,0,36
47835,1,"{""total"":[""solutions/game_1/total/rest-111111/top"",""solutions/game_1/total/rest-111111/bot""],""single"":[""solutions/game_1/single/rest-111111/top"",""solutions/game_1/single/rest-111111/bot""]}","[1,1,1,1,1,1]","[1,1,1,1,1,1]",0,0,11,4,home_win,home,0,84
47835,2,"{""total"":[""solutions/game_2/total/rest-111011/top"",""solutions/game_2/total/rest-100011/bot""],""single"":[""solutions/game_2/single/rest-111011/top"",""solutions/game_2/single/rest-100011/bot""]}","[1,1,1,0,1,1]","[1,0,0,0,1,1]",1,0,1,10,away_win,away,0,33
47835,3,"{""total"":[""solutions/game_3/total/rest-111111/top"",""solutions/game_3/total/rest-111111/bot""],""single"":[""solutions/game_3/single/rest-111111/top"",""solutions/game_3/single/rest-111111/bot""]}","[1,1,1,1,1,1]","[1,1,1,1,1,1]",1,1,1,9,away_win,away,0,44
47835,4,"{""total"":[""solutions/game_4/total/rest-111111/top"",""solutions/game_4/total/rest-111111/bot""],""single"":[""solutions/game_4/single/rest-111111/top"",""solutions/game_4/single/rest-111111/bot""]}","[1,1,1,1,1,1]","[1,1,1,1,1,1]",1,2,9,7,home_win,home,0,91
47835,5,"{""total"":[""solutions/game_5/single/rest-010110/top"",""solutions/game_5/single/rest-000011/bot""],""single"":[""solutions/game_5/single/rest-010110/top"",""solutions/game_5/single/rest-000011/bot""]}","[0,1,0,1,1,0]","[0,0,0,0,1,1]",2,2,3,6,away_win,away,0,87
47836,1,"{""total"":[""solutions/game_1/total/rest-111111/top"",""solutions/game_1/total/rest-111111/bot""],""single"":[""solutions/game_1/single/rest-111111/top"",""solutions/game_1/single/rest-111111/bot""]}","[1,1,1,1,1,1]","[1,1,1,1,1,1]",0,0,2,1,home_win,home,0,64
47836,2,"{""total"":[""solutions/game_2/total/rest-110011/top"",""solutions/game_2/total/rest-101011/bot""],""single"":[""solutions/game_2/single/rest-110011/top"",""solutions/game_2/single/rest-101011/bot""]}","[1,1,0,0,1,1]","[1,0,1,0,1,1]",1,0,7,1,home_win,home,0,70
47836,3,"{""total"":[""solutions/game_3/total/rest-101111/top"",""solutions/game_3/total/rest-010110/bot""],""single"":[""solutions/game_3/single/rest-101111/top"",""solutions/game_3/single/rest-010110/bot""]}","[1,0,1,1,1,1]","[0,1,0,1,1,0]",2,0,1,3,away_win,away,0,74
47836,4,"{""total"":[""solutions/game_4/total/rest-110011/top"",""solutions/game_4/total/rest-101111/bot""],""single"":[""solutions/game_4/single/rest-110011/top"",""solutions/game_4/single/rest-101111/bot""]}","[1,1,0,0,1,1]","[1,0,1,1,1,1]",2,1,4,2,home_win,home,0,75
47836,5,"{""total"":[""solutions/game_5/single/rest-111100/top"",""solutions/game_5/single/rest-010111/bot""],""single"":[""solutions/game_5/single/rest-111100/top"",""solutions/game_5/single/rest-010111/bot""]}","[1,1,1,1,0,0]","[0,1,0,1,1,1]",3,1,5,7,away_win,away,1,98
47837,1,"{""total"":[""solutions/game_1/total/rest-111111/top"",""solutions/game_1/total/rest-111111/bot""],""single"":[""solutions/game_1/single/rest-111111/top"",""solutions/game_1/single/rest-111111/bot""]}","[1,1,1,1,1,1]","[1,1,1,1,1,1]",0,0,10,11,away_win,away,0,94
47837,2,"{""total"":[""solutions/game_2/total/rest-110000/top"",""solutions/game_2/total/rest-001111/bot""],""single"":[""solutions/game_2/single/rest-110000/top"",""solutions/game_2/single/rest-001111/bot""]}","[1,1,0,0,0,0]","[0,0,1,1,1,1]",0,1,5,2,home_win,home,0,84
47837,3,"{""total"":[""solutions/game_3/total/rest-000111/top"",""solutions/game_3/total/rest-110101/bot""],""single"":[""solutions/game_3/single/rest-000111/top"",""solutions/game_3/single/rest-110101/bot""]}","[0,0,0,1,1,1]","[1,1,0,1,0,1]",1,1,11,3,home_win,home,0,77
47837,4,"{""total"":[""solutions/game_4/total/rest-111110/top"",""solutions/game_4/total/rest-001110/bot""],""single"":[""solutions/game_4/single/rest-111110/top"",""solutions/game_4/single/rest-001110/bot""]}","[1,1,1,1,1,0]","[0,0,1,1,1,0]",2,1,2,3,away_win,away,0,79
47837,5,"{""total"":[""solutions/game_5/single/rest-111101/top"",""solutions/game_5/single/rest-111001/bot""],""single"":[""solutions/game_5/single/rest-111101/top"",""solutions/game_5/single/rest-111001/bot""]}","[1,1,1,1,0,1]","[1,1,1,0,0,1]",2,2,8,7,home_win,home,0,86
47838,1,"{""total"":[""solutions/game_1/total/rest-111111/top"",""solutions/game_1/total/rest-111111/bot""],""single"":[""solutions/game_1/single/rest-111111/top"",""solutions/game_1/single/rest-111111/bot""]}","[1,1,1,1,1,1]","[1,1,1,1,1,1]",0,0,6,8,away_win,away,0,87
47838,2,"{""total"":[""solutions/game_2/total/rest-011001/top"",""solutions/game_2/total/rest-001010/bot""],""single"":[""solutions/game_2/single/rest-011001/top"",""solutions/game_2/single/rest-001010/bot""]}","[0,1,1,0,0,1]","[0,0,1,0,1,0]",0,1,0,8,away_win,away,0,78
47838,3,"{""total"":[""solutions/game_3/total/rest-101110/top"",""solutions/game_3/total/rest-111101/bot""],""single"":[""solutions/game_3/single/rest-101110/top"",""solutions/game_3/single/rest-111101/bot""]}","[1,0,1,1,1,0]","[1,1,1,1,0,1]",0,2,9,4,home_win,home,0,83
47838,4,"{""total"":[""solutions/game_4/total/rest-111001/top"",""solutions/game_4/total/rest-001010/bot""],""single"":[""solutions/game_4/single/rest-111001/top"",""solutions/game_4/single/rest-001010/bot""]}","[1,1,1,0,0,1]","[0,0,1,0,1,0]",1,2,9,10,away_win,away,0,103
47838,5,"{""total"":[""solutions/game_5/single/rest-100110/top"",""solutions/game_5/single/rest-110001/bot""],""single"":[""solutions/game_5/single/rest-100110/top"",""solutions/game_5/single/rest-110001/bot""]}","[1,0,0,1,1,0]","[1,1,0,0,0,1]",1,3,1,9,away_win,away,1,53
47839,1,"{""total"":[""solutions/game_1/total/rest-111111/top"",""solutions/game_1/total/rest-111111/bot""],""single"":[""solutions/game_1/single/rest-111111/top"",""solutions/game_1/single/rest-111111/bot""]}","[1,1,1,1,1,1]","[1,1,1,1,1,1]",0,0,5,7,away_win,away,0,87
47839,2,"{""total"":[""solutions/game_2/total/rest-011111/top"",""solutions/game_2/total/rest-101010/bot""],""single"":[""solutions/game_2/single/rest-011111/top"",""solutions/game_2/single/rest-101010/bot""]}","[0,1,1,1,1,1]","[1,0,1,0,1,0]",0,1,5,6,away_win,away,0,91
47839,3,"{""total"":[""solutions/game_3/total/rest-110101/top"",""solutions/game_3/total/rest-010111/bot""],""single"":[""solutions/game_3/single/rest-110101/top"",""solutions/game_3/single/rest-010111/bot""]}","[1,1,0,1,0,1]","[0,1,0,1,1,1]",0,2,3,11,away_win,away,0,79
47839,4,"{""total"":[""solutions/game_4/total/rest-111010/top"",""solutions/game_4/total/rest-001011/bot""],""single"":[""solutions/game_4/single/rest-111010/top"",""solutions/game_4/single/rest-001011/bot""]}","[1,1,1,0,1,0]","[0,0,1,0,1,1]",0,3,7,7,tie,home,1,98
47839,5,"{""total"":[""solutions/game_5/single/rest-110101/top"",""solutions/game_5/single/rest-110100/bot""],""single"":[""solutions/game_5/single/rest-110101/top"",""solutions/game_5/single/rest-110100/bot""]}","[1,1,0,1,0,1]","[1,1,0,1,0,0]",1,3,6,5,home_win,home,1,83
47840,1,"{""total"":[""solutions/game_1/total/rest-111111/top"",""solutions/game_1/total/rest-111111/bot""],""single"":[""solutions/game_1/single/rest-111111/top"",""solutions/game_1/single/rest-111111/bot""]}","[1,1,1,1,1,1]","[1,1,1,1,1,1]",0,0,1,8,away_win,away,0,82
47840,2,"{""total"":[""solutions/game_2/total/rest-011111/top"",""solutions/game_2/total/rest-001011/bot""],""single"":[""solutions/game_2/single/rest-011111/top"",""solutions/game_2/single/rest-001011/bot""]}","[0,1,1,1,1,1]","[0,0,1,0,1,1]",0,1,1,0,home_win,home,0,87
47840,3,"{""total"":[""solutions/game_3/total/rest-110001/top"",""solutions/game_3/total/rest-101000/bot""],""single"":[""solutions/game_3/single/rest-110001/top"",""solutions/game_3/single/rest-101000/bot""]}","[1,1,0,0,0,1]","[1,0,1,0,0,0]",1,1,0,8,away_win,away,0,55
47840,4,"{""total"":[""solutions/game_4/total/rest-111111/top"",""solutions/game_4/total/rest-111101/bot""],""single"":[""solutions/game_4/single/rest-111111/top"",""solutions/game_4/single/rest-111101/bot""]}","[1,1,1,1,1,1]","[1,1,1,1,0,1]",1,2,4,5,away_win,away,0,86
47840,5,"{""total"":[""solutions/game_5/single/rest-101110/top"",""solutions/game_5/single/rest-011010/bot""],""single"":[""solutions/game_5/single/rest-101110/top"",""solutions/game_5/single/rest-011010/bot""]}","[1,0,1,1,1,0]","[0,1,1,0,1,0]",1,3,0,8,away_win,away,1,18
47841,1,"{""total"":[""solutions/game_1/total/rest-111111/top"",""solutions/game_1/total/rest-111111/bot""],""single"":[""solutions/game_1/single/rest-111111/top"",""solutions/game_1/single/rest-111111/bot""]}","[1,1,1,1,1,1]","[1,1,1,1,1,1]",0,0,1,2,away_win,away,0,81
47841,2,"{""total"":[""solutions/game_2/total/rest-110001/top"",""solutions/game_2/total/rest-001011/bot""],""single"":[""solutions/game_2/single/rest-110001/top"",""solutions/game_2/single/rest-001011/bot""]}","[1,1,0,0,0,1]","[0,0,1,0,1,1]",0,1,4,7,away_win,away,0,88
47841,3,"{""total"":[""solutions/game_3/total/rest-001110/top"",""solutions/game_3/total/rest-110000/bot""],""single"":[""solutions/game_3/single/rest-001110/top"",""solutions/game_3/single/rest-110000/bot""]}","[0,0,1,1,1,0]","[1,1,0,0,0,0]",0,2,3,7,away_win,away,0,82
47841,4,"{""total"":[""solutions/game_4/total/rest-111100/top"",""solutions/game_4/total/rest-001111/bot""],""single"":[""solutions/game_4/single/rest-111100/top"",""solutions/game_4/single/rest-001111/bot""]}","[1,1,1,1,0,0]","[0,0,1,1,1,1]",0,3,7,2,home_win,home,1,76
47841,5,"{""total"":[""solutions/game_5/single/rest-110010/top"",""solutions/game_5/single/rest-110111/bot""],""single"":[""solutions/game_5/single/rest-110010/top"",""solutions/game_5/single/rest-110111/bot""]}","[1,1,0,0,1,0]","[1,1,0,1,1,1]",1,3,7,5,home_win,home,1,82
47842,1,"{""total"":[""solutions/game_1/total/rest-111111/top"",""solutions/game_1/total/rest-111111/bot""],""single"":[""solutions/game_1/single/rest-111111/top"",""solutions/game_1/single/rest-111111/bot""]}","[1,1,1,1,1,1]","[1,1,1,1,1,1]",0,0,3,11,away_win,away,0,48
47842,2,"{""total"":[""solutions/game_2/total/rest-111111/top"",""solutions/game_2/total/rest-111111/bot""],""single"":[""solutions/game_2/single/rest-111111/top"",""solutions/game_2/single/rest-111111/bot""]}","[1,1,1,1,1,1]","[1,1,1,1,1,1]",0,1,3,5,away_win,away,0,79
47842,3,"{""total"":[""solutions/game_3/total/rest-111101/top"",""solutions/game_3/total/rest-001010/bot""],""single"":[""solutions/game_3/single/rest-111101/top"",""solutions/game_3/single/rest-001010/bot""]}","[1,1,1,1,0,1]","[0,0,1,0,1,0]",0,2,9,1,home_win,home,0,70
47842,4,"{""total"":[""solutions/game_4/total/rest-101111/top"",""solutions/game_4/total/rest-110101/bot""],""single"":[""solutions/game_4/single/rest-101111/top"",""solutions/game_4/single/rest-110101/bot""]}","[1,0,1,1,1,1]","[1,1,0,1,0,1]",1,2,2,10,away_win,away,0,77
47842,5,"{""total"":[""solutions/game_5/single/rest-111110/top"",""solutions/game_5/single/rest-001110/bot""],""single"":[""solutions/game_5/single/rest-111110/top"",""solutions/game_5/single/rest-001110/bot""]}","[1,1,1,1,1,0]","[0,0,1,1,1,0]",1,3,3,6,away_win,away,1,84
47843,1,"{""total"":[""solutions/game_1/total/rest-111111/top"",""solutions/game_1/total/rest-111111/bot""],""single"":[""solutions/game_1/single/rest-111111/top"",""solutions/game_1/single/rest-111111/bot""]}","[1,1,1,1,1,1]","[1,1,1,1,1,1]",0,0,9,1,home_win,home,0,65
47843,2,"{""total"":[""solutions/game_2/total/rest-111101/top"",""solutions/game_2/total/rest-011111/bot""],""single"":[""solutions/game_2/single/rest-111101/top"",""solutions/game_2/single/rest-011111/bot""]}","[1,1,1,1,0,1]","[0,1,1,1,1,1]",1,0,2,1,home_win,home,0,74
47843,3,"{""total"":[""solutions/game_3/total/rest-010011/top"",""solutions/game_3/total/rest-011010/bot""],""single"":[""solutions/game_3/single/rest-010011/top"",""solutions/game_3/single/rest-011010/bot""]}","[0,1,0,0,1,1]","[0,1,1,0,1,0]",2,0,0,8,away_win,away,0,70
47843,4,"{""total"":[""solutions/game_4/total/rest-111110/top"",""solutions/game_4/total/rest-101111/bot""],""single"":[""solutions/game_4/single/rest-111110/top"",""solutions/game_4/single/rest-101111/bot""]}","[1,1,1,1,1,0]","[1,0,1,1,1,1]",2,1,4,5,away_win,away,0,83
47843,5,"{""total"":[""solutions/game_5/single/rest-110111/top"",""solutions/game_5/single/rest-010010/bot""],""single"":[""solutions/game_5/single/rest-110111/top"",""solutions/game_5/single/rest-010010/bot""]}","[1,1,0,1,1,1]","[0,1,0,0,1,0]",2,2,4,3,home_win,home,0,76
47844,1,"{""total"":[""solutions/game_1/total/rest-111111/top"",""solutions/game_1/total/rest-111111/bot""],""single"":[""solutions/game_1/single/rest-111111/top"",""solutions/game_1/single/rest-111111/bot""]}","[1,1,1,1,1,1]","[1,1,1,1,1,1]",0,0,3,11,away_win,away,0,82
47844,2,"{""total"":[""solutions/game_2/total/rest-111111/top"",""solutions/game_2/total/rest-001111/bot""],""single"":[""solutions/game_2/single/rest-111111/top"",""solutions/game_2/single/rest-001111/bot""]}","[1,1,1,1,1,1]","[0,0,1,1,1,1]",0,1,2,10,away_win,away,0,72
47844,3,"{""total"":[""solutions/game_3/total/rest-111110/top"",""solutions/game_3/total/rest-111111/bot""],""single"":[""solutions/game_3/single/rest-111110/top"",""solutions/game_3/single/rest-111111/bot""]}","[1,1,1,1,1,0]","[1,1,1,1,1,1]",0,2,4,5,away_win,away,0,87
47844,4,"{""total"":[""solutions/game_4/total/rest-010110/top"",""solutions/game_4/total/rest-111011/bot""],""single"":[""solutions/game_4/single/rest-010110/top"",""solutions/game_4/single/rest-111011/bot""]}","[0,1,0,1,1,0]","[1,1,1,0,1,1]",0,3,3,2,home_win,home,1,75
47844,5,"{""total"":[""solutions/game_5/single/rest-101001/top"",""solutions/game_5/single/rest-101110/bot""],""single"":[""solutions/game_5/single/rest-101001/top"",""solutions/game_5/single/rest-101110/bot""]}","[1,0,1,0,0,1]","[1,0,1,1,1,0]",1,3,7,2,home_win,home,1,78
47845,1,"{""total"":[""solutions/game_1/total/rest-111111/top"",""solutions/game_1/total/rest-111111/bot""],""single"":[""solutions/game_1/single/rest-111111/top"",""solutions/game_1/single/rest-111111/bot""]}","[1,1,1,1,1,1]","[1,1,1,1,1,1]",0,0,5,2,home_win,home,0,84
47845,2,"{""total"":[""solutions/game_2/total/rest-011001/top"",""solutions/game_2/total/rest-001010/bot""],""single"":[""solutions/game_2/single/rest-011001/top"",""solutions/game_2/single/rest-001010/bot""]}","[0,1,1,0,0,1]","[0,0,1,0,1,0]",1,0,5,14,away_win,away,0,87
47845,3,"{""total"":[""solutions/game_3/total/rest-110100/top"",""solutions/game_3/total/rest-110101/bot""],""single"":[""solutions/game_3/single/rest-110100/top"",""solutions/game_3/single/rest-110101/bot""]}","[1,1,0,1,0,0]","[1,1,0,1,0,1]",1,1,3,2,home_win,home,0,78
47845,4,"{""total"":[""solutions/game_4/total/rest-011011/top"",""solutions/game_4/total/rest-101010/bot""],""single"":[""solutions/game_4/single/rest-011011/top"",""solutions/game_4/single/rest-101010/bot""]}","[0,1,1,0,1,1]","[1,0,1,0,1,0]",2,1,6,12,away_win,away,0,93
47845,5,"{""total"":[""solutions/game_5/single/rest-111101/top"",""solutions/game_5/single/rest-110011/bot""],""single"":[""solutions/game_5/single/rest-111101/top"",""solutions/game_5/single/rest-110011/bot""]}","[1,1,1,1,0,1]","[1,1,0,0,1,1]",2,2,5,1,home_win,home,0,72
47846,1,"{""total"":[""solutions/game_1/total/rest-111111/top"",""solutions/game_1/total/rest-111111/bot""],""single"":[""solutions/game_1/single/rest-111111/top"",""solutions/game_1/single/rest-111111/bot""]}","[1,1,1,1,1,1]","[1,1,1,1,1,1]",0,0,0,11,away_win,away,0,64
47846,2,"{""total"":[""solutions/game_2/total/rest-101101/top"",""solutions/game_2/total/rest-111111/bot""],""single"":[""solutions/game_2/single/rest-101101/top"",""solutions/game_2/single/rest-111111/bot""]}","[1,0,1,1,0,1]","[1,1,1,1,1,1]",0,1,6,2,home_win,home,0,84
47846,3,"{""total"":[""solutions/game_3/total/rest-010011/top"",""solutions/game_3/total/rest-010011/bot""],""single"":[""solutions/game_3/single/rest-010011/top"",""solutions/game_3/single/rest-010011/bot""]}","[0,1,0,0,1,1]","[0,1,0,0,1,1]",1,1,3,2,home_win,home,0,82
47846,4,"{""total"":[""solutions/game_4/total/rest-101100/top"",""solutions/game_4/total/rest-111001/bot""],""single"":[""solutions/game_4/single/rest-101100/top"",""solutions/game_4/single/rest-111001/bot""]}","[1,0,1,1,0,0]","[1,1,1,0,0,1]",2,1,6,5,home_win,home,0,84
47846,5,"{""total"":[""solutions/game_5/single/rest-010111/top"",""solutions/game_5/single/rest-101110/bot""],""single"":[""solutions/game_5/single/rest-010111/top"",""solutions/game_5/single/rest-101110/bot""]}","[0,1,0,1,1,1]","[1,0,1,1,1,0]",3,1,1,9,away_win,away,1,40
47847,1,"{""total"":[""solutions/game_1/total/rest-111111/top"",""solutions/game_1/total/rest-111111/bot""],""single"":[""solutions/game_1/single/rest-111111/top"",""solutions/game_1/single/rest-111111/bot""]}","[1,1,1,1,1,1]","[1,1,1,1,1,1]",0,0,2,0,home_win,home,0,73
47847,2,"{""total"":[""solutions/game_2/total/rest-111101/top"",""solutions/game_2/total/rest-001010/bot""],""single"":[""solutions/game_2/single/rest-111101/top"",""solutions/game_2/single/rest-001010/bot""]}","[1,1,1,1,0,1]","[0,0,1,0,1,0]",1,0,8,7,home_win,home,0,90
47847,3,"{""total"":[""solutions/game_3/total/rest-010111/top"",""solutions/game_3/total/rest-110101/bot""],""single"":[""solutions/game_3/single/rest-010111/top"",""solutions/game_3/single/rest-110101/bot""]}","[0,1,0,1,1,1]","[1,1,0,1,0,1]",2,0,4,1,home_win,home,0,72
47847,4,"{""total"":[""solutions/game_4/total/rest-111001/top"",""solutions/game_4/total/rest-011011/bot""],""single"":[""solutions/game_4/single/rest-111001/top"",""solutions/game_4/single/rest-011011/bot""]}","[1,1,1,0,0,1]","[0,1,1,0,1,1]",3,0,2,10,away_win,away,1,70
47847,5,"{""total"":[""solutions/game_5/single/rest-011111/top"",""solutions/game_5/single/rest-111111/bot""],""single"":[""solutions/game_5/single/rest-011111/top"",""solutions/game_5/single/rest-111111/bot""]}","[0,1,1,1,1,1]","[1,1,1,1,1,1]",3,1,6,10,away_win,away,1,105
47848,1,"{""total"":[""solutions/game_1/total/rest-111111/top"",""solutions/game_1/total/rest-111111/bot""],""single"":[""solutions/game_1/single/rest-111111/top"",""solutions/game_1/single/rest-111111/bot""]}","[1,1,1,1,1,1]","[1,1,1,1,1,1]",0,0,0,5,away_win,away,0,74
47848,2,"{""total"":[""solutions/game_2/total/rest-111111/top"",""solutions/game_2/total/rest-001110/bot""],""single"":[""solutions/game_2/single/rest-111111/top"",""solutions/game_2/single/rest-001110/bot""]}","[1,1,1,1,1,1]","[0,0,1,1,1,0]",0,1,4,11,away_win,away,0,91
47848,3,"{""total"":[""solutions/game_3/total/rest-110111/top"",""solutions/game_3/total/rest-110001/bot""],""single"":[""solutions/game_3/single/rest-110111/top"",""solutions/game_3/single/rest-110001/bot""]}","[1,1,0,1,1,1]","[1,1,0,0,0,1]",0,2,5,3,home_win,home,0,74
47848,4,"{""total"":[""solutions/game_4/total/rest-011001/top"",""solutions/game_4/total/rest-101111/bot""],""single"":[""solutions/game_4/single/rest-011001/top"",""solutions/game_4/single/rest-101111/bot""]}","[0,1,1,0,0,1]","[1,0,1,1,1,1]",1,2,4,6,away_win,away,0,88
47848,5,"{""total"":[""solutions/game_5/single/rest-101010/top"",""solutions/game_5/single/rest-111010/bot""],""single"":[""solutions/game_5/single/rest-101010/top"",""solutions/game_5/single/rest-111010/bot""]}","[1,0,1,0,1,0]","[1,1,1,0,1,0]",1,3,3,8,away_win,away,1,85
47849,1,"{""total"":[""solutions/game_1/total/rest-111111/top"",""solutions/game_1/total/rest-111111/bot""],""single"":[""solutions/game_1/single/rest-111111/top"",""solutions/game_1/single/rest-111111/bot""]}","[1,1,1,1,1,1]","[1,1,1,1,1,1]",0,0,3,2,home_win,home,0,74
47849,2,"{""total"":[""solutions/game_2/total/rest-111001/top"",""solutions/game_2/total/rest-101011/bot""],""single"":[""solutions/game_2/single/rest-111001/top"",""solutions/game_2/single/rest-101011/bot""]}","[1,1,1,0,0,1]","[1,0,1,0,1,1]",1,0,2,10,away_win,away,0,81
47849,3,"{""total"":[""solutions/game_3/total/rest-011101/top"",""solutions/game_3/total/rest-010101/bot""],""single"":[""solutions/game_3/single/rest-011101/top"",""solutions/game_3/single/rest-010101/bot""]}","[0,1,1,1,0,1]","[0,1,0,1,0,1]",1,1,2,11,away_win,away,0,49
47849,4,"{""total"":[""solutions/game_4/total/rest-011111/top"",""solutions/game_4/total/rest-111111/bot""],""single"":[""solutions/game_4/single/rest-011111/top"",""solutions/game_4/single/rest-111111/bot""]}","[0,1,1,1,1,1]","[1,1,1,1,1,1]",1,2,5,11,away_win,away,0,88
47849,5,"{""total"":[""solutions/game_5/single/rest-001111/top"",""solutions/game_5/single/rest-011100/bot""],""single"":[""solutions/game_5/single/rest-001111/top"",""solutions/game_5/single/rest-011100/bot""]}","[0,0,1,1,1,1]","[0,1,1,1,0,0]",1,3,8,7,home_win,home,1,83
47850,1,"{""total"":[""solutions/game_1/total/rest-111111/top"",""solutions/game_1/total/rest-111111/bot""],""single"":[""solutions/game_1/single/rest-111111/top"",""solutions/game_1/single/rest-111111/bot""]}","[1,1,1,1,1,1]","[1,1,1,1,1,1]",0,0,1,3,away_win,away,0,75
47850,2,"{""total"":[""solutions/game_2/total/rest-011011/top"",""solutions/game_2/total/rest-111111/bot""],""single"":[""solutions/game_2/single/rest-011011/top"",""solutions/game_2/single/rest-111111/bot""]}","[0,1,1,0,1,1]","[1,1,1,1,1,1]",0,1,4,13,away_win,away,0,73
47850,3,"{""total"":[""solutions/game_3/total/rest-111100/top"",""solutions/game_3/total/rest-011111/bot""],""single"":[""solutions/game_3/single/rest-111100/top"",""solutions/game_3/single/rest-011111/bot""]}","[1,1,1,1,0,0]","[0,1,1,1,1,1]",0,2,4,4,tie,home,0,90
47850,4,"{""total"":[""solutions/game_4/total/rest-100011/top"",""solutions/game_4/total/rest-110001/bot""],""single"":[""solutions/game_4/single/rest-100011/top"",""solutions/game_4/single/rest-110001/bot""]}","[1,0,0,0,1,1]","[1,1,0,0,0,1]",1,2,0,8,away_win,away,0,32
47850,5,"{""total"":[""solutions/game_5/single/rest-101111/top"",""solutions/game_5/single/rest-111111/bot""],""single"":[""solutions/game_5/single/rest-101111/top"",""solutions/game_5/single/rest-111111/bot""]}","[1,0,1,1,1,1]","[1,1,1,1,1,1]",1,3,2,10,away_win,away,1,58
47851,1,"{""total"":[""solutions/game_1/total/rest-111111/top"",""solutions/game_1/total/rest-111111/bot""],""single"":[""solutions/game_1/single/rest-111111/top"",""solutions/game_1/single/rest-111111/bot""]}","[1,1,1,1,1,1]","[1,1,1,1,1,1]",0,0,3,3,tie,home,0,91
47851,2,"{""total"":[""solutions/game_2/total/rest-010101/top"",""solutions/game_2/total/rest-001110/bot""],""single"":[""solutions/game_2/single/rest-010101/top"",""solutions/game_2/single/rest-001110/bot""]}","[0,1,0,1,0,1]","[0,0,1,1,1,0]",1,0,2,3,away_win,away,0,79
47851,3,"{""total"":[""solutions/game_3/total/rest-101110/top"",""solutions/game_3/total/rest-110001/bot""],""single"":[""solutions/game_3/single/rest-101110/top"",""solutions/game_3/single/rest-110001/bot""]}","[1,0,1,1,1,0]","[1,1,0,0,0,1]",1,1,5,6,away_win,away,0,82
47851,4,"{""total"":[""solutions/game_4/total/rest-110001/top"",""solutions/game_4/total/rest-001010/bot""],""single"":[""solutions/game_4/single/rest-110001/top"",""solutions/game_4/single/rest-001010/bot""]}","[1,1,0,0,0,1]","[0,0,1,0,1,0]",1,2,7,12,away_win,away,0,98
47851,5,"{""total"":[""solutions/game_5/single/rest-001110/top"",""solutions/game_5/single/rest-110111/bot""],""single"":[""solutions/game_5/single/rest-001110/top"",""solutions/game_5/single/rest-110111/bot""]}","[0,0,1,1,1,0]","[1,1,0,1,1,1]",1,3,1,2,away_win,away,1,76
47852,1,"{""total"":[""solutions/game_1/total/rest-111111/top"",""solutions/game_1/total/rest-111111/bot""],""single"":[""solutions/game_1/single/rest-111111/top"",""solutions/game_1/single/rest-111111/bot""]}","[1,1,1,1,1,1]","[1,1,1,1,1,1]",0,0,3,2,home_win,home,0,89
47852,2,"{""total"":[""solutions/game_2/total/rest-101001/top"",""solutions/game_2/total/rest-001110/bot""],""single"":[""solutions/game_2/single/rest-101001/top"",""solutions/game_2/single/rest-001110/bot""]}","[1,0,1,0,0,1]","[0,0,1,1,1,0]",1,0,7,1,home_win,home,0,74
47852,3,"{""total"":[""solutions/game_3/total/rest-011110/top"",""solutions/game_3/total/rest-110010/bot""],""single"":[""solutions/game_3/single/rest-011110/top"",""solutions/game_3/single/rest-110010/bot""]}","[0,1,1,1,1,0]","[1,1,0,0,1,0]",2,0,8,0,home_win,home,0,63
47852,4,"{""total"":[""solutions/game_4/total/rest-111011/top"",""solutions/game_4/total/rest-011011/bot""],""single"":[""solutions/game_4/single/rest-111011/top"",""solutions/game_4/single/rest-011011/bot""]}","[1,1,1,0,1,1]","[0,1,1,0,1,1]",3,0,2,11,away_win,away,1,66
47852,5,"{""total"":[""solutions/game_5/single/rest-111110/top"",""solutions/game_5/single/rest-101111/bot""],""single"":[""solutions/game_5/single/rest-111110/top"",""solutions/game_5/single/rest-101111/bot""]}","[1,1,1,1,1,0]","[1,0,1,1,1,1]",3,1,7,3,home_win,home,1,78
47853,1,"{""total"":[""solutions/game_1/total/rest-111111/top"",""solutions/game_1/total/rest-111111/bot""],""single"":[""solutions/game_1/single/rest-111111/top"",""solutions/game_1/single/rest-111111/bot""]}","[1,1,1,1,1,1]","[1,1,1,1,1,1]",0,0,8,3,home_win,home,0,88
47853,2,"{""total"":[""solutions/game_2/total/rest-101110/top"",""solutions/game_2/total/rest-100011/bot""],""single"":[""solutions/game_2/single/rest-101110/top"",""solutions/game_2/single/rest-100011/bot""]}","[1,0,1,1,1,0]","[1,0,0,0,1,1]",1,0,1,3,away_win,away,0,70
47853,3,"{""total"":[""solutions/game_3/total/rest-110101/top"",""solutions/game_3/total/rest-111010/bot""],""single"":[""solutions/game_3/single/rest-110101/top"",""solutions/game_3/single/rest-111010/bot""]}","[1,1,0,1,0,1]","[1,1,1,0,1,0]",1,1,2,3,away_win,away,0,79
47853,4,"{""total"":[""solutions/game_4/total/rest-011110/top"",""solutions/game_4/total/rest-111101/bot""],""single"":[""solutions/game_4/single/rest-011110/top"",""solutions/game_4/single/rest-111101/bot""]}","[0,1,1,1,1,0]","[1,1,1,1,0,1]",1,2,3,1,home_win,home,0,74
47853,5,"{""total"":[""solutions/game_5/single/rest-100011/top"",""solutions/game_5/single/rest-011111/bot""],""single"":[""solutions/game_5/single/rest-100011/top"",""solutions/game_5/single/rest-011111/bot""]}","[1,0,0,0,1,1]","[0,1,1,1,1,1]",2,2,2,4,away_win,away,0,81
47854,1,"{""total"":[""solutions/game_1/total/rest-111111/top"",""solutions/game_1/total/rest-111111/bot""],""single"":[""solutions/game_1/single/rest-111111/top"",""solutions/game_1/single/rest-111111/bot""]}","[1,1,1,1,1,1]","[1,1,1,1,1,1]",0,0,3,8,away_win,away,0,84
47854,2,"{""total"":[""solutions/game_2/total/rest-111111/top"",""solutions/game_2/total/rest-001111/bot""],""single"":[""solutions/game_2/single/rest-111111/top"",""solutions/game_2/single/rest-001111/bot""]}","[1,1,1,1,1,1]","[0,0,1,1,1,1]",0,1,3,6,away_win,away,0,88
47854,3,"{""total"":[""solutions/game_3/total/rest-011111/top"",""solutions/game_3/total/rest-110101/bot""],""single"":[""solutions/game_3/single/rest-011111/top"",""solutions/game_3/single/rest-110101/bot""]}","[0,1,1,1,1,1]","[1,1,0,1,0,1]",0,2,2,4,away_win,away,0,85
47854,4,"{""total"":[""solutions/game_4/total/rest-111001/top"",""solutions/game_4/total/rest-011010/bot""],""single"":[""solutions/game_4/single/rest-111001/top"",""solutions/game_4/single/rest-011010/bot""]}","[1,1,1,0,0,1]","[0,1,1,0,1,0]",0,3,7,6,home_win,home,1,78
47854,5,"{""total"":[""solutions/game_5/single/rest-011111/top"",""solutions/game_5/single/rest-010101/bot""],""single"":[""solutions/game_5/single/rest-011111/top"",""solutions/game_5/single/rest-010101/bot""]}","[0,1,1,1,1,1]","[0,1,0,1,0,1]",1,3,7,5,home_win,home,1,86
47855,1,"{""total"":[""solutions/game_1/total/rest-111111/top"",""solutions/game_1/total/rest-111111/bot""],""single"":[""solutions/game_1/single/rest-111111/top"",""solutions/game_1/single/rest-111111/bot""]}","[1,1,1,1,1,1]","[1,1,1,1,1,1]",0,0,2,10,away_win,away,0,79
47855,2,"{""total"":[""solutions/game_2/total/rest-111110/top"",""solutions/game_2/total/rest-111111/bot""],""single"":[""solutions/game_2/single/rest-111110/top"",""solutions/game_2/single/rest-111111/bot""]}","[1,1,1,1,1,0]","[1,1,1,1,1,1]",0,1,0,1,away_win,away,0,76
47855,3,"{""total"":[""solutions/game_3/total/rest-111001/top"",""solutions/game_3/total/rest-001010/bot""],""single"":[""solutions/game_3/single/rest-111001/top"",""solutions/game_3/single/rest-001010/bot""]}","[1,1,1,0,0,1]","[0,0,1,0,1,0]",0,2,5,3,home_win,home,0,67
47855,4,"{""total"":[""solutions/game_4/total/rest-011111/top"",""solutions/game_4/total/rest-111111/bot""],""single"":[""solutions/game_4/single/rest-011111/top"",""solutions/game_4/single/rest-111111/bot""]}","[0,1,1,1,1,1]","[1,1,1,1,1,1]",1,2,2,9,away_win,away,0,86
47855,5,"{""total"":[""solutions/game_5/single/rest-111110/top"",""solutions/game_5/single/rest-011111/bot""],""single"":[""solutions/game_5/single/rest-111110/top"",""solutions/game_5/single/rest-011111/bot""]}","[1,1,1,1,1,0]","[0,1,1,1,1,1]",1,3,0,2,away_win,away,1,78
47856,1,"{""total"":[""solutions/game_1/total/rest-111111/top"",""solutions/game_1/total/rest-111111/bot""],""single"":[""solutions/game_1/single/rest-111111/top"",""solutions/game_1/single/rest-111111/bot""]}","[1,1,1,1,1,1]","[1,1,1,1,1,1]",0,0,1,8,away_win,away,0,88
47856,2,"{""total"":[""solutions/game_2/total/rest-111111/top"",""solutions/game_2/total/rest-001010/bot""],""single"":[""solutions/game_2/single/rest-111111/top"",""solutions/game_2/single/rest-001010/bot""]}","[1,1,1,1,1,1]","[0,0,1,0,1,0]",0,1,5,1,home_win,home,0,68
47856,3,"{""total"":[""solutions/game_3/total/rest-111001/top"",""solutions/game_3/total/rest-010111/bot""],""single"":[""solutions/game_3/single/rest-111001/top"",""solutions/game_3/single/rest-010111/bot""]}","[1,1,1,0,0,1]","[0,1,0,1,1,1]",1,1,4,2,home_win,home,0,71
47856,4,"{""total"":[""solutions/game_4/total/rest-111111/top"",""solutions/game_4/total/rest-101010/bot""],""single"":[""solutions/game_4/single/rest-111111/top"",""solutions/game_4/single/rest-101010/bot""]}","[1,1,1,1,1,1]","[1,0,1,0,1,0]",2,1,4,3,home_win,home,0,73
47856,5,"{""total"":[""solutions/game_5/single/rest-111011/top"",""solutions/game_5/single/rest-010111/bot""],""single"":[""solutions/game_5/single/rest-111011/top"",""solutions/game_5/single/rest-010111/bot""]}","[1,1,1,0,1,1]","[0,1,0,1,1,1]",3,1,9,2,home_win,home,1,81
47857,1,"{""total"":[""solutions/game_1/total/rest-111111/top"",""solutions/game_1/total/rest-111111/bot""],""single"":[""solutions/game_1/single/rest-111111/top"",""solutions/game_1/single/rest-111111/bot""]}","[1,1,1,1,1,1]","[1,1,1,1,1,1]",0,0,2,7,away_win,away,0,73
47857,2,"{""total"":[""solutions/game_2/total/rest-111111/top"",""solutions/game_2/total/rest-001011/bot""],""single"":[""solutions/game_2/single/rest-111111/top"",""solutions/game_2/single/rest-001011/bot""]}","[1,1,1,1,1,1]","[0,0,1,0,1,1]",0,1,2,7,away_win,away,0,80
47857,3,"{""total"":[""solutions/game_3/total/rest-111110/top"",""solutions/game_3/total/rest-111110/bot""],""single"":[""solutions/game_3/single/rest-111110/top"",""solutions/game_3/single/rest-111110/bot""]}","[1,1,1,1,1,0]","[1,1,1,1,1,0]",0,2,6,12,away_win,away,0,94
47857,4,"{""total"":[""solutions/game_4/total/rest-010101/top"",""solutions/game_4/total/rest-110111/bot""],""single"":[""solutions/game_4/single/rest-010101/top"",""solutions/game_4/single/rest-110111/bot""]}","[0,1,0,1,0,1]","[1,1,0,1,1,1]",0,3,0,8,away_win,away,1,50
47857,5,"{""total"":[""solutions/game_5/single/rest-111111/top"",""solutions/game_5/single/rest-111111/bot""],""single"":[""solutions/game_5/single/rest-111111/top"",""solutions/game_5/single/rest-111111/bot""]}","[1,1,1,1,1,1]","[1,1,1,1,1,1]",0,4,2,5,away_win,away,1,79
47858,1,"{""total"":[""solutions/game_1/total/rest-111111/top"",""solutions/game_1/total/rest-111111/bot""],""single"":[""solutions/game_1/single/rest-111111/top"",""solutions/game_1/single/rest-111111/bot""]}","[1,1,1,1,1,1]","[1,1,1,1,1,1]",0,0,7,9,away_win,away,0,84
47858,2,"{""total"":[""solutions/game_2/total/rest-111110/top"",""solutions/game_2/total/rest-001010/bot""],""single"":[""solutions/game_2/single/rest-111110/top"",""solutions/game_2/single/rest-001010/bot""]}","[1,1,1,1,1,0]","[0,0,1,0,1,0]",0,1,0,8,away_win,away,0,57
47858,3,"{""total"":[""solutions/game_3/total/rest-111111/top"",""solutions/game_3/total/rest-111111/bot""],""single"":[""solutions/game_3/single/rest-111111/top"",""solutions/game_3/single/rest-111111/bot""]}","[1,1,1,1,1,1]","[1,1,1,1,1,1]",0,2,6,5,home_win,home,0,97
47858,4,"{""total"":[""solutions/game_4/total/rest-110011/top"",""solutions/game_4/total/rest-000000/bot""],""single"":[""solutions/game_4/single/rest-110011/top"",""solutions/game_4/single/rest-000000/bot""]}","[1,1,0,0,1,1]","[0,0,0,0,0,0]",1,2,10,12,away_win,away,0,95
47858,5,"{""total"":[""solutions/game_5/single/rest-001010/top"",""solutions/game_5/single/rest-111110/bot""],""single"":[""solutions/game_5/single/rest-001010/top"",""solutions/game_5/single/rest-111110/bot""]}","[0,0,1,0,1,0]","[1,1,1,1,1,0]",1,3,9,4,home_win,home,1,85
47859,1,"{""total"":[""solutions/game_1/total/rest-111111/top"",""solutions/game_1/total/rest-111111/bot""],""single"":[""solutions/game_1/single/rest-111111/top"",""solutions/game_1/single/rest-111111/bot""]}","[1,1,1,1,1,1]","[1,1,1,1,1,1]",0,0,8,3,home_win,home,0,83
47859,2,"{""total"":[""solutions/game_2/total/rest-111101/top"",""solutions/game_2/total/rest-100010/bot""],""single"":[""solutions/game_2/single/rest-111101/top"",""solutions/game_2/single/rest-100010/bot""]}","[1,1,1,1,0,1]","[1,0,0,0,1,0]",1,0,5,7,away_win,away,0,92
47859,3,"{""total"":[""solutions/game_3/total/rest-010010/top"",""solutions/game_3/total/rest-111100/bot""],""single"":[""solutions/game_3/single/rest-010010/top"",""solutions/game_3/single/rest-111100/bot""]}","[0,1,0,0,1,0]","[1,1,1,1,0,0]",1,1,0,8,away_win,away,0,51
47859,4,"{""total"":[""solutions/game_4/total/rest-111111/top"",""solutions/game_4/total/rest-111111/bot""],""single"":[""solutions/game_4/single/rest-111111/top"",""solutions/game_4/single/rest-111111/bot""]}","[1,1,1,1,1,1]","[1,1,1,1,1,1]",1,2,9,1,home_win,home,0,45
47859,5,"{""total"":[""solutions/game_5/single/rest-111111/top"",""solutions/game_5/single/rest-111111/bot""],""single"":[""solutions/game_5/single/rest-111111/top"",""solutions/game_5/single/rest-111111/bot""]}","[1,1,1,1,1,1]","[1,1,1,1,1,1]",2,2,9,4,home_win,home,0,83
47860,1,"{""total"":[""solutions/game_1/total/rest-111111/top"",""solutions/game_1/total/rest-111111/bot""],""single"":[""solutions/game_1/single/rest-111111/top"",""solutions/game_1/single/rest-111111/bot""]}","[1,1,1,1,1,1]","[1,1,1,1,1,1]",0,0,9,0,home_win,home,0,36
47860,2,"{""total"":[""solutions/game_2/total/rest-111111/top"",""solutions/game_2/total/rest-111111/bot""],""single"":[""solutions/game_2/single/rest-111111/top"",""solutions/game_2/single/rest-111111/bot""]}","[1,1,1,1,1,1]","[1,1,1,1,1,1]",1,0,3,8,away_win,away,0,88
47860,3,"{""total"":[""solutions/game_3/total/rest-111010/top"",""solutions/game_3/total/rest-101011/bot""],""single"":[""solutions/game_3/single/rest-111010/top"",""solutions/game_3/single/rest-101011/bot""]}","[1,1,1,0,1,0]","[1,0,1,0,1,1]",1,1,0,4,away_win,away,0,83
47860,4,"{""total"":[""solutions/game_4/total/rest-110011/top"",""solutions/game_4/total/rest-010110/bot""],""single"":[""solutions/game_4/single/rest-110011/top"",""solutions/game_4/single/rest-010110/bot""]}","[1,1,0,0,1,1]","[0,1,0,1,1,0]",1,2,4,3,home_win,home,0,90
47860,5,"{""total"":[""solutions/game_5/single/rest-111100/top"",""solutions/game_5/single/rest-101001/bot""],""single"":[""solutions/game_5/single/rest-111100/top"",""solutions/game_5/single/rest-101001/bot""]}","[1,1,1,1,0,0]","[1,0,1,0,0,1]",2,2,2,4,away_win,away,0,80
47861,1,"{""total"":[""solutions/game_1/total/rest-111111/top"",""solutions/game_1/total/rest-111111/bot""],""single"":[""solutions/game_1/single/rest-111111/top"",""solutions/game_1/single/rest-111111/bot""]}","[1,1,1,1,1,1]","[1,1,1,1,1,1]",0,0,8,2,home_win,home,0,77
47861,2,"{""total"":[""solutions/game_2/total/rest-111001/top"",""solutions/game_2/total/rest-011110/bot""],""single"":[""solutions/game_2/single/rest-111001/top"",""solutions/game_2/single/rest-011110/bot""]}","[1,1,1,0,0,1]","[0,1,1,1,1,0]",1,0,6,7,away_win,away,0,90
47861,3,"{""total"":[""solutions/game_3/total/rest-100111/top"",""solutions/game_3/total/rest-000001/bot""],""single"":[""solutions/game_3/single/rest-100111/top"",""solutions/game_3/single/rest-000001/bot""]}","[1,0,0,1,1,1]","[0,0,0,0,0,1]",1,1,8,9,away_win,away,0,102
47861,4,"{""total"":[""solutions/game_4/total/rest-010000/top"",""solutions/game_4/total/rest-101100/bot""],""single"":[""solutions/game_4/single/rest-010000/top"",""solutions/game_4/single/rest-101100/bot""]}","[0,1,0,0,0,0]","[1,0,1,1,0,0]",1,2,6,3,home_win,home,0,75
47861,5,"{""total"":[""solutions/game_5/single/rest-101111/top"",""solutions/game_5/single/rest-011111/bot""],""single"":[""solutions/game_5/single/rest-101111/top"",""solutions/game_5/single/rest-011111/bot""]}","[1,0,1,1,1,1]","[0,1,1,1,1,1]",2,2,4,0,home_win,home,0,74
47862,1,"{""total"":[""solutions/game_1/total/rest-111111/top"",""solutions/game_1/total/rest-111111/bot""],""single"":[""solutions/game_1/single/rest-111111/top"",""solutions/game_1/single/rest-111111/bot""]}","[1,1,1,1,1,1]","[1,1,1,1,1,1]",0,0,8,10,away_win,away,0,86
47862,2,"{""total"":[""solutions/game_2/total/rest-110111/top"",""solutions/game_2/total/rest-001011/bot""],""single"":[""solutions/game_2/single/rest-110111/top"",""solutions/game_2/single/rest-001011/bot""]}","[1,1,0,1,1,1]","[0,0,1,0,1,1]",0,1,3,12,away_win,away,0,77
47862,3,"{""total"":[""solutions/game_3/total/rest-111111/top"",""solutions/game_3/total/rest-111110/bot""],""single"":[""solutions/game_3/single/rest-111111/top"",""solutions/game_3/single/rest-111110/bot""]}","[1,1,1,1,1,1]","[1,1,1,1,1,0]",0,2,2,5,away_win,away,0,86
47862,4,"{""total"":[""solutions/game_4/total/rest-110101/top"",""solutions/game_4/total/rest-100010/bot""],""single"":[""solutions/game_4/single/rest-110101/top"",""solutions/game_4/single/rest-100010/bot""]}","[1,1,0,1,0,1]","[1,0,0,0,1,0]",0,3,5,4,home_win,home,1,84
47862,5,"{""total"":[""solutions/game_5/single/rest-101110/top"",""solutions/game_5/single/rest-111101/bot""],""single"":[""solutions/game_5/single/rest-101110/top"",""solutions/game_5/single/rest-111101/bot""]}","[1,0,1,1,1,0]","[1,1,1,1,0,1]",1,3,2,1,home_win,home,1,67
47863,1,"{""total"":[""solutions/game_1/total/rest-111111/top"",""solutions/game_1/total/rest-111111/bot""],""single"":[""solutions/game_1/single/rest-111111/top"",""solutions/game_1/single/rest-111111/bot""]}","[1,1,1,1,1,1]","[1,1,1,1,1,1]",0,0,4,7,away_win,away,0,87
47863,2,"{""total"":[""solutions/game_2/total/rest-101100/top"",""solutions/game_2/total/rest-111010/bot""],""single"":[""solutions/game_2/single/rest-101100/top"",""solutions/game_2/single/rest-111010/bot""]}","[1,0,1,1,0,0]","[1,1,1,0,1,0]",0,1,6,4,home_win,home,0,82
47863,3,"{""total"":[""solutions/game_3/total/rest-110011/top"",""solutions/game_3/total/rest-101111/bot""],""single"":[""solutions/game_3/single/rest-110011/top"",""solutions/game_3/single/rest-101111/bot""]}","[1,1,0,0,1,1]","[1,0,1,1,1,1]",1,1,5,2,home_win,home,0,73
47863,4,"{""total"":[""solutions/game_4/total/rest-110000/top"",""solutions/game_4/total/rest-010011/bot""],""single"":[""solutions/game_4/single/rest-110000/top"",""solutions/game_4/single/rest-010011/bot""]}","[1,1,0,0,0,0]","[0,1,0,0,1,1]",2,1,3,5,away_win,away,0,90
47863,5,"{""total"":[""solutions/game_5/single/rest-001111/top"",""solutions/game_5/single/rest-111100/bot""],""single"":[""solutions/game_5/single/rest-001111/top"",""solutions/game_5/single/rest-111100/bot""]}","[0,0,1,1,1,1]","[1,1,1,1,0,0]",2,2,5,8,away_win,away,0,90
47864,1,"{""total"":[""solutions/game_1/total/rest-111111/top"",""solutions/game_1/total/rest-111111/bot""],""single"":[""solutions/game_1/single/rest-111111/top"",""solutions/game_1/single/rest-111111/bot""]}","[1,1,1,1,1,1]","[1,1,1,1,1,1]",0,0,3,2,home_win,home,0,69
47864,2,"{""total"":[""solutions/game_2/total/rest-110011/top"",""solutions/game_2/total/rest-001011/bot""],""single"":[""solutions/game_2/single/rest-110011/top"",""solutions/game_2/single/rest-001011/bot""]}","[1,1,0,0,1,1]","[0,0,1,0,1,1]",1,0,8,0,home_win,home,0,37
47864,3,"{""total"":[""solutions/game_3/total/rest-111111/top"",""solutions/game_3/total/rest-011111/bot""],""single"":[""solutions/game_3/single/rest-111111/top"",""solutions/game_3/single/rest-011111/bot""]}","[1,1,1,1,1,1]","[0,1,1,1,1,1]",2,0,7,5,home_win,home,0,85
47864,4,"{""total"":[""solutions/game_4/total/rest-101011/top"",""solutions/game_4/total/rest-101000/bot""],""single"":[""solutions/game_4/single/rest-101011/top"",""solutions/game_4/single/rest-101000/bot""]}","[1,0,1,0,1,1]","[1,0,1,0,0,0]",3,0,3,12,away_win,away,1,81
47864,5,"{""total"":[""solutions/game_5/single/rest-011100/top"",""solutions/game_5/single/rest-010111/bot""],""single"":[""solutions/game_5/single/rest-011100/top"",""solutions/game_5/single/rest-010111/bot""]}","[0,1,1,1,0,0]","[0,1,0,1,1,1]",3,1,3,2,home_win,home,1,74
47865,1,"{""total"":[""solutions/game_1/total/rest-111111/top"",""solutions/game_1/total/rest-111111/bot""],""single"":[""solutions/game_1/single/rest-111111/top"",""solutions/game_1/single/rest-111111/bot""]}","[1,1,1,1,1,1]","[1,1,1,1,1,1]",0,0,9,5,home_win,home,0,80
47865,2,"{""total"":[""solutions/game_2/total/rest-110001/top"",""solutions/game_2/total/rest-101110/bot""],""single"":[""solutions/game_2/single/rest-110001/top"",""solutions/game_2/single/rest-101110/bot""]}","[1,1,0,0,0,1]","[1,0,1,1,1,0]",1,0,2,3,away_win,away,0,78
47865,3,"{""total"":[""solutions/game_3/total/rest-111110/top"",""solutions/game_3/total/rest-110001/bot""],""single"":[""solutions/game_3/single/rest-111110/top"",""solutions/game_3/single/rest-110001/bot""]}","[1,1,1,1,1,0]","[1,1,0,0,0,1]",1,1,6,2,home_win,home,0,74
47865,4,"{""total"":[""solutions/game_4/total/rest-111001/top"",""solutions/game_4/total/rest-101111/bot""],""single"":[""solutions/game_4/single/rest-111001/top"",""solutions/game_4/single/rest-101111/bot""]}","[1,1,1,0,0,1]","[1,0,1,1,1,1]",2,1,3,6,away_win,away,0,90
47865,5,"{""total"":[""solutions/game_5/single/rest-110110/top"",""solutions/game_5/single/rest-000010/bot""],""single"":[""solutions/game_5/single/rest-110110/top"",""solutions/game_5/single/rest-000010/bot""]}","[1,1,0,1,1,0]","[0,0,0,0,1,0]",2,2,11,0,home_win,home,0,53
47866,1,"{""total"":[""solutions/game_1/total/rest-111111/top"",""solutions/game_1/total/rest-111111/bot""],""single"":[""solutions/game_1/single/rest-111111/top"",""solutions/game_1/single/rest-111111/bot""]}","[1,1,1,1,1,1]","[1,1,1,1,1,1]",0,0,7,3,home_win,home,0,83
47866,2,"{""total"":[""solutions/game_2/total/rest-101101/top"",""solutions/game_2/total/rest-101010/bot""],""single"":[""solutions/game_2/single/rest-101101/top"",""solutions/game_2/single/rest-101010/bot""]}","[1,0,1,1,0,1]","[1,0,1,0,1,0]",1,0,2,6,away_win,away,0,77
47866,3,"{""total"":[""solutions/game_3/total/rest-110011/top"",""solutions/game_3/total/rest-011111/bot""],""single"":[""solutions/game_3/single/rest-110011/top"",""solutions/game_3/single/rest-011111/bot""]}","[1,1,0,0,1,1]","[0,1,1,1,1,1]",1,1,5,4,home_win,home,0,80
47866,4,"{""total"":[""solutions/game_4/total/rest-111100/top"",""solutions/game_4/total/rest-101111/bot""],""single"":[""solutions/game_4/single/rest-111100/top"",""solutions/game_4/single/rest-101111/bot""]}","[1,1,1,1,0,0]","[1,0,1,1,1,1]",2,1,5,6,away_win,away,0,91
47866,5,"{""total"":[""solutions/game_5/single/rest-101011/top"",""solutions/game_5/single/rest-111011/bot""],""single"":[""solutions/game_5/single/rest-101011/top"",""solutions/game_5/single/rest-111011/bot""]}","[1,0,1,0,1,1]","[1,1,1,0,1,1]",2,2,4,5,away_win,away,0,87
47867,1,"{""total"":[""solutions/game_1/total/rest-111111/top"",""solutions/game_1/total/rest-111111/bot""],""single"":[""solutions/game_1/single/rest-111111/top"",""solutions/game_1/single/rest-111111/bot""]}","[1,1,1,1,1,1]","[1,1,1,1,1,1]",0,0,4,2,home_win,home,0,79
47867,2,"{""total"":[""solutions/game_2/total/rest-110011/top"",""solutions/game_2/total/rest-001011/bot""],""single"":[""solutions/game_2/single/rest-110011/top"",""solutions/game_2/single/rest-001011/bot""]}","[1,1,0,0,1,1]","[0,0,1,0,1,1]",1,0,9,8,home_win,home,0,101
47867,3,"{""total"":[""solutions/game_3/total/rest-100101/top"",""solutions/game_3/total/rest-110100/bot""],""single"":[""solutions/game_3/single/rest-100101/top"",""solutions/game_3/single/rest-110100/bot""]}","[1,0,0,1,0,1]","[1,1,0,1,0,0]",2,0,4,6,away_win,away,0,85
47867,4,"{""total"":[""solutions/game_4/total/rest-101010/top"",""solutions/game_4/total/rest-001011/bot""],""single"":[""solutions/game_4/single/rest-101010/top"",""solutions/game_4/single/rest-001011/bot""]}","[1,0,1,0,1,0]","[0,0,1,0,1,1]",2,1,10,2,home_win,home,0,84
47867,5,"{""total"":[""solutions/game_5/single/rest-011100/top"",""solutions/game_5/single/rest-111100/bot""],""single"":[""solutions/game_5/single/rest-011100/top"",""solutions/game_5/single/rest-111100/bot""]}","[0,1,1,1,0,0]","[1,1,1,1,0,0]",3,1,2,4,away_win,away,1,79
47868,1,"{""total"":[""solutions/game_1/total/rest-111111/top"",""solutions/game_1/total/rest-111111/bot""],""single"":[""solutions/game_1/single/rest-111111/top"",""solutions/game_1/single/rest-111111/bot""]}","[1,1,1,1,1,1]","[1,1,1,1,1,1]",0,0,4,2,home_win,home,0,77
47868,2,"{""total"":[""solutions/game_2/total/rest-110001/top"",""solutions/game_2/total/rest-011011/bot""],""single"":[""solutions/game_2/single/rest-110001/top"",""solutions/game_2/single/rest-011011/bot""]}","[1,1,0,0,0,1]","[0,1,1,0,1,1]",1,0,6,7,away_win,away,0,92
47868,3,"{""total"":[""solutions/game_3/total/rest-011110/top"",""solutions/game_3/total/rest-100101/bot""],""single"":[""solutions/game_3/single/rest-011110/top"",""solutions/game_3/single/rest-100101/bot""]}","[0,1,1,1,1,0]","[1,0,0,1,0,1]",1,1,7,2,home_win,home,0,81
47868,4,"{""total"":[""solutions/game_4/total/rest-110011/top"",""solutions/game_4/total/rest-111101/bot""],""single"":[""solutions/game_4/single/rest-110011/top"",""solutions/game_4/single/rest-111101/bot""]}","[1,1,0,0,1,1]","[1,1,1,1,0,1]",2,1,1,10,away_win,away,0,82
47868,5,"{""total"":[""solutions/game_5/single/rest-111110/top"",""solutions/game_5/single/rest-111010/bot""],""single"":[""solutions/game_5/single/rest-111110/top"",""solutions/game_5/single/rest-111010/bot""]}","[1,1,1,1,1,0]","[1,1,1,0,1,0]",2,2,5,3,home_win,home,0,81
47869,1,"{""total"":[""solutions/game_1/total/rest-111111/top"",""solutions/game_1/total/rest-111111/bot""],""single"":[""solutions/game_1/single/rest-111111/top"",""solutions/game_1/single/rest-111111/bot""]}","[1,1,1,1,1,1]","[1,1,1,1,1,1]",0,0,5,4,home_win,home,0,84
47869,2,"{""total"":[""solutions/game_2/total/rest-111101/top"",""solutions/game_2/total/rest-111100/bot""],""single"":[""solutions/game_2/single/rest-111101/top"",""solutions/game_2/single/rest-111100/bot""]}","[1,1,1,1,0,1]","[1,1,1,1,0,0]",1,0,5,7,away_win,away,0,92
47869,3,"{""total"":[""solutions/game_3/total/rest-011110/top"",""solutions/game_3/total/rest-100011/bot""],""single"":[""solutions/game_3/single/rest-011110/top"",""solutions/game_3/single/rest-100011/bot""]}","[0,1,1,1,1,0]","[1,0,0,0,1,1]",1,1,6,6,tie,away,0,89
47869,4,"{""total"":[""solutions/game_4/total/rest-100001/top"",""solutions/game_4/total/rest-010100/bot""],""single"":[""solutions/game_4/single/rest-100001/top"",""solutions/game_4/single/rest-010100/bot""]}","[1,0,0,0,0,1]","[0,1,0,1,0,0]",1,2,10,2,home_win,home,0,77
47869,5,"{""total"":[""solutions/game_5/single/rest-011111/top"",""solutions/game_5/single/rest-111111/bot""],""single"":[""solutions/game_5/single/rest-011111/top"",""solutions/game_5/single/rest-111111/bot""]}","[0,1,1,1,1,1]","[1,1,1,1,1,1]",2,2,6,2,home_win,home,0,77
47870,1,"{""total"":[""solutions/game_1/total/rest-111111/top"",""solutions/game_1/total/rest-111111/bot""],""single"":[""solutions/game_1/single/rest-111111/top"",""solutions/game_1/single/rest-111111/bot""]}","[1,1,1,1,1,1]","[1,1,1,1,1,1]",0,0,6,5,home_win,home,0,86
47870,2,"{""total"":[""solutions/game_2/total/rest-011010/top"",""solutions/game_2/total/rest-011010/bot""],""single"":[""solutions/game_2/single/rest-011010/top"",""solutions/game_2/single/rest-011010/bot""]}","[0,1,1,0,1,0]","[0,1,1,0,1,0]",1,0,5,8,away_win,away,0,94
47870,3,"{""total"":[""solutions/game_3/total/rest-110101/top"",""solutions/game_3/total/rest-101101/bot""],""single"":[""solutions/game_3/single/rest-110101/top"",""solutions/game_3/single/rest-101101/bot""]}","[1,1,0,1,0,1]","[1,0,1,1,0,1]",1,1,6,11,away_win,away,0,93
47870,4,"{""total"":[""solutions/game_4/total/rest-111100/top"",""solutions/game_4/total/rest-011111/bot""],""single"":[""solutions/game_4/single/rest-111100/top"",""solutions/game_4/single/rest-011111/bot""]}","[1,1,1,1,0,0]","[0,1,1,1,1,1]",1,2,5,3,home_win,home,0,77
47870,5,"{""total"":[""solutions/game_5/single/rest-111010/top"",""solutions/game_5/single/rest-101111/bot""],""single"":[""solutions/game_5/single/rest-111010/top"",""solutions/game_5/single/rest-101111/bot""]}","[1,1,1,0,1,0]","[1,0,1,1,1,1]",2,2,8,10,away_win,away,0,93
47871,1,"{""total"":[""solutions/game_1/total/rest-111111/top"",""solutions/game_1/total/rest-111111/bot""],""single"":[""solutions/game_1/single/rest-111111/top"",""solutions/game_1/single/rest-111111/bot""]}","[1,1,1,1,1,1]","[1,1,1,1,1,1]",0,0,0,4,away_win,away,0,72
47871,2,"{""total"":[""solutions/game_2/total/rest-111100/top"",""solutions/game_2/total/rest-001110/bot""],""single"":[""solutions/game_2/single/rest-111100/top"",""solutions/game_2/single/rest-001110/bot""]}","[1,1,1,1,0,0]","[0,0,1,1,1,0]",0,1,6,1,home_win,home,0,77
47871,3,"{""total"":[""solutions/game_3/total/rest-101011/top"",""solutions/game_3/total/rest-110101/bot""],""single"":[""solutions/game_3/single/rest-101011/top"",""solutions/game_3/single/rest-110101/bot""]}","[1,0,1,0,1,1]","[1,1,0,1,0,1]",1,1,3,4,away_win,away,0,92
47871,4,"{""total"":[""solutions/game_4/total/rest-100001/top"",""solutions/game_4/total/rest-001110/bot""],""single"":[""solutions/game_4/single/rest-100001/top"",""solutions/game_4/single/rest-001110/bot""]}","[1,0,0,0,0,1]","[0,0,1,1,1,0]",1,2,12,10,home_win,home,0,100
47871,5,"{""total"":[""solutions/game_5/single/rest-011110/top"",""solutions/game_5/single/rest-001101/bot""],""single"":[""solutions/game_5/single/rest-011110/top"",""solutions/game_5/single/rest-001101/bot""]}","[0,1,1,1,1,0]","[0,0,1,1,0,1]",2,2,5,4,home_win,home,0,77
47872,1,"{""total"":[""solutions/game_1/total/rest-111111/top"",""solutions/game_1/total/rest-111111/bot""],""single"":[""solutions/game_1/single/rest-111111/top"",""solutions/game_1/single/rest-111111/bot""]}","[1,1,1,1,1,1]","[1,1,1,1,1,1]",0,0,3,11,away_win,away,0,65
47872,2,"{""total"":[""solutions/game_2/total/rest-111111/top"",""solutions/game_2/total/rest-111011/bot""],""single"":[""solutions/game_2/single/rest-111111/top"",""solutions/game_2/single/rest-111011/bot""]}","[1,1,1,1,1,1]","[1,1,1,0,1,1]",0,1,1,9,away_win,away,0,73
47872,3,"{""total"":[""solutions/game_3/total/rest-111011/top"",""solutions/game_3/total/rest-101111/bot""],""single"":[""solutions/game_3/single/rest-111011/top"",""solutions/game_3/single/rest-101111/bot""]}","[1,1,1,0,1,1]","[1,0,1,1,1,1]",0,2,1,3,away_win,away,0,77
47872,4,"{""total"":[""solutions/game_4/total/rest-110101/top"",""solutions/game_4/total/rest-111011/bot""],""single"":[""solutions/game_4/single/rest-110101/top"",""solutions/game_4/single/rest-111011/bot""]}","[1,1,0,1,0,1]","[1,1,1,0,1,1]",0,3,3,7,away_win,away,1,85
47872,5,"{""total"":[""solutions/game_5/single/rest-100010/top"",""solutions/game_5/single/rest-010110/bot""],""single"":[""solutions/game_5/single/rest-100010/top"",""solutions/game_5/single/rest-010110/bot""]}","[1,0,0,0,1,0]","[0,1,0,1,1,0]",0,4,10,6,home_win,home,1,85
