sequence,game,policies,home_initial_rest,away_initial_rest,home_wins_before,away_wins_before,home_score,away_score,terminal_result,winner,post_clinch,decisions
3841,1,"{""single"":[""solutions/game_1/single/rest-111111/top"",""solutions/game_1/single/rest-111111/bot""],""series"":[""solutions/game_1/series/rest-111111/top"",""solutions/game_1/series/rest-111111/bot""]}","[1,1,1,1,1,1]","[1,1,1,1,1,1]",0,0,8,6,home_win,home,0,84
3841,2,"{""single"":[""solutions/game_2/single/rest-010101/top"",""solutions/game_2/single/rest-101110/bot""],""series"":[""solutions/game_2/series/home_wins_1/rest-010101/top"",""solutions/game_2/series/home_wins_1/rest-101110/bot""]}","[0,1,0,1,0,1]","[1,0,1,1,1,0]",1,0,5,6,away_win,away,0,89
3841,3,"{""single"":[""solutions/game_3/single/rest-100111/top"",""solutions/game_3/single/rest-011001/bot""],""series"":[""solutions/game_3/series/home_wins_1/rest-100111/top"",""solutions/game_3/series/home_wins_1/rest-011001/bot""]}","[1,0,0,1,1,1]","[0,1,1,0,0,1]",1,1,4,5,away_win,away,0,81
3841,4,"{""single"":[""solutions/game_4/single/rest-100101/top"",""solutions/game_4/single/rest-100110/bot""],""series"":[""solutions/game_4/series/home_wins_1/rest-100101/top"",""solutions/game_4/series/home_wins_1/rest-100110/bot""]}","[1,0,0,1,0,1]","[1,0,0,1,1,0]",1,2,3,6,away_win,away,0,89
3841,5,"{""single"":[""solutions/game_5/single/rest-011010/top"",""solutions/game_5/single/rest-101011/bot""],""series"":[""solutions/game_5/single/rest-011010/top"",""solutions/game_5/single/rest-101011/bot""]}","[0,1,1,0,1,0]","[1,0,1,0,1,1]",1,3,6,3,home_win,home,1,79
3842,1,"{""single"":[""solutions/game_1/single/rest-111111/top"",""solutions/game_1/single/rest-111111/bot""],""series"":[""solutions/game_1/series/rest-111111/top"",""solutions/game_1/series/rest-111111/bot""]}","[1,1,1,1,1,1]","[1,1,1,1,1,1]",0,0,10,2,home_win,home,0,72
3842,2,"{""single"":[""solutions/game_2/single/rest-111101/top"",""solutions/game_2/single/rest-110101/bot""],""series"":[""solutions/game_2/series/home_wins_1/rest-111101/top"",""solutions/game_2/series/home_wins_1/rest-110101/bot""]}","[1,1,1,1,0,1]","[1,1,0,1,0,1]",1,0,3,4,away_win,away,0,87
3842,3,"{""single"":[""solutions/game_3/single/rest-000010/top"",""solutions/game_3/single/rest-011110/bot""],""series"":[""solutions/game_3/series/home_wins_1/rest-000010/top"",""solutions/game_3/series/home_wins_1/rest-011110/bot""]}","[0,0,0,0,1,0]","[0,1,1,1,1,0]",1,1,4,3,home_win,home,0,75
3842,4,"{""single"":[""solutions/game_4/single/rest-101101/top"",""solutions/game_4/single/rest-101010/bot""],""series"":[""solutions/game_4/series/home_wins_2/rest-101101/top"",""solutions/game_4/series/home_wins_2/rest-101010/bot""]}","[1,0,1,1,0,1]","[1,0,1,0,1,0]",2,1,1,4,away_win,away,0,84
3842,5,"{""single"":[""solutions/game_5/single/rest-110111/top"",""solutions/game_5/single/rest-110001/bot""],""series"":[""solutions/game_5/single/rest-110111/top"",""solutions/game_5/single/rest-110001/bot""]}","[1,1,0,1,1,1]","[1,1,0,0,0,1]",2,2,5,6,away_win,away,0,85
3843,1,"{""single"":[""solutions/game_1/single/rest-111111/top"",""solutions/game_1/single/rest-111111/bot""],""series"":[""solutions/game_1/series/rest-111111/top"",""solutions/game_1/series/rest-111111/bot""]}","[1,1,1,1,1,1]","[1,1,1,1,1,1]",0,0,2,1,home_win,home,0,76
3843,2,"{""single"":[""solutions/game_2/single/rest-010001/top"",""solutions/game_2/single/rest-101011/bot""],""series"":[""solutions/game_2/series/home_wins_1/rest-010001/top"",""solutions/game_2/series/home_wins_1/rest-101011/bot""]}","[0,1,0,0,0,1]","[1,0,1,0,1,1]",1,0,5,3,home_win,home,0,71
3843,3,"{""single"":[""solutions/game_3/single/rest-111110/top"",""solutions/game_3/single/rest-110111/bot""],""series"":[""solutions/game_3/series/home_wins_2/rest-111110/top"",""solutions/game_3/series/home_wins_2/rest-110111/bot""]}","[1,1,1,1,1,0]","[1,1,0,1,1,1]",2,0,0,10,away_win,away,0,42
3843,4,"{""single"":[""solutions/game_4/single/rest-011111/top"",""solutions/game_4/single/rest-111111/bot""],""series"":[""solutions/game_4/series/home_wins_2/rest-011111/top"",""solutions/game_4/series/home_wins_2/rest-111111/bot""]}","[0,1,1,1,1,1]","[1,1,1,1,1,1]",2,1,4,7,away_win,away,0,94
3843,5,"{""single"":[""solutions/game_5/single/rest-110100/top"",""solutions/game_5/single/rest-111100/bot""],""series"":[""solutions/game_5/single/rest-110100/top"",""solutions/game_5/single/rest-111100/bot""]}","[1,1,0,1,0,0]","[1,1,1,1,0,0]",2,2,10,7,home_win,home,0,82
3844,1,"{""single"":[""solutions/game_1/single/rest-111111/top"",""solutions/game_1/single/rest-111111/bot""],""series"":[""solutions/game_1/series/rest-111111/top"",""solutions/game_1/series/rest-111111/bot""]}","[1,1,1,1,1,1]","[1,1,1,1,1,1]",0,0,4,8,away_win,away,0,83
3844,2,"{""single"":[""solutions/game_2/single/rest-110001/top"",""solutions/game_2/single/rest-001110/bot""],""series"":[""solutions/game_2/series/home_wins_0/rest-110001/top"",""solutions/game_2/series/home_wins_0/rest-001110/bot""]}","[1,1,0,0,0,1]","[0,0,1,1,1,0]",0,1,3,5,away_win,away,0,82
3844,3,"{""single"":[""solutions/game_3/single/rest-001110/top"",""solutions/game_3/single/rest-101001/bot""],""series"":[""solutions/game_3/series/home_wins_0/rest-001110/top"",""solutions/game_3/series/home_wins_0/rest-101001/bot""]}","[0,0,1,1,1,0]","[1,0,1,0,0,1]",0,2,1,3,away_win,away,0,72
3844,4,"{""single"":[""solutions/game_4/single/rest-110011/top"",""solutions/game_4/single/rest-010110/bot""],""series"":[""solutions/game_4/single/rest-110011/top"",""solutions/game_4/single/rest-010110/bot""]}","[1,1,0,0,1,1]","[0,1,0,1,1,0]",0,3,7,2,home_win,home,1,76
3844,5,"{""single"":[""solutions/game_5/single/rest-111100/top"",""solutions/game_5/single/rest-111001/bot""],""series"":[""solutions/game_5/single/rest-111100/top"",""solutions/game_5/single/rest-111001/bot""]}","[1,1,1,1,0,0]","[1,1,1,0,0,1]",1,3,6,1,home_win,home,1,78
3845,1,"{""single"":[""solutions/game_1/single/rest-111111/top"",""solutions/game_1/single/rest-111111/bot""],""series"":[""solutions/game_1/series/rest-111111/top"",""solutions/game_1/series/rest-111111/bot""]}","[1,1,1,1,1,1]","[1,1,1,1,1,1]",0,0,0,1,away_win,away,0,76
3845,2,"{""single"":[""solutions/game_2/single/rest-011101/top"",""solutions/game_2/single/rest-101011/bot""],""series"":[""solutions/game_2/series/home_wins_0/rest-011101/top"",""solutions/game_2/series/home_wins_0/rest-101011/bot""]}","[0,1,1,1,0,1]","[1,0,1,0,1,1]",0,1,14,6,home_win,home,0,92
3845,3,"{""single"":[""solutions/game_3/single/rest-101111/top"",""solutions/game_3/single/rest-111111/bot""],""series"":[""solutions/game_3/series/home_wins_1/rest-101111/top"",""solutions/game_3/series/home_wins_1/rest-111111/bot""]}","[1,0,1,1,1,1]","[1,1,1,1,1,1]",1,1,5,2,home_win,home,0,81
3845,4,"{""single"":[""solutions/game_4/single/rest-110001/top"",""solutions/game_4/single/rest-011111/bot""],""series"":[""solutions/game_4/series/home_wins_2/rest-110001/top"",""solutions/game_4/series/home_wins_2/rest-011111/bot""]}","[1,1,0,0,0,1]","[0,1,1,1,1,1]",2,1,3,9,away_win,away,0,84
3845,5,"{""single"":[""solutions/game_5/single/rest-001111/top"",""solutions/game_5/single/rest-110110/bot""],""series"":[""solutions/game_5/single/rest-001111/top"",""solutions/game_5/single/rest-110110/bot""]}","[0,0,1,1,1,1]","[1,1,0,1,1,0]",2,2,6,4,home_win,home,0,87
3846,1,"{""single"":[""solutions/game_1/single/rest-111111/top"",""solutions/game_1/single/rest-111111/bot""],""series"":[""solutions/game_1/series/rest-111111/top"",""solutions/game_1/series/rest-111111/bot""]}","[1,1,1,1,1,1]","[1,1,1,1,1,1]",0,0,2,2,tie,away,0,79
3846,2,"{""single"":[""solutions/game_2/single/rest-010001/top"",""solutions/game_2/single/rest-111011/bot""],""series"":[""solutions/game_2/series/home_wins_0/rest-010001/top"",""solutions/game_2/series/home_wins_0/rest-111011/bot""]}","[0,1,0,0,0,1]","[1,1,1,0,1,1]",0,1,4,12,away_win,away,0,70
3846,3,"{""single"":[""solutions/game_3/single/rest-101111/top"",""solutions/game_3/single/rest-111111/bot""],""series"":[""solutions/game_3/series/home_wins_0/rest-101111/top"",""solutions/game_3/series/home_wins_0/rest-111111/bot""]}","[1,0,1,1,1,1]","[1,1,1,1,1,1]",0,2,1,2,away_win,away,0,73
3846,4,"{""single"":[""solutions/game_4/single/rest-111111/top"",""solutions/game_4/single/rest-111110/bot""],""series"":[""solutions/game_4/single/rest-111111/top"",""solutions/game_4/single/rest-111110/bot""]}","[1,1,1,1,1,1]","[1,1,1,1,1,0]",0,3,12,5,home_win,home,1,95
3846,5,"{""single"":[""solutions/game_5/single/rest-010110/top"",""solutions/game_5/single/rest-000001/bot""],""series"":[""solutions/game_5/single/rest-010110/top"",""solutions/game_5/single/rest-000001/bot""]}","[0,1,0,1,1,0]","[0,0,0,0,0,1]",1,3,9,9,tie,away,1,108
3847,1,"{""single"":[""solutions/game_1/single/rest-111111/top"",""solutions/game_1/single/rest-111111/bot""],""series"":[""solutions/game_1/series/rest-111111/top"",""solutions/game_1/series/rest-111111/bot""]}","[1,1,1,1,1,1]","[1,1,1,1,1,1]",0,0,3,2,home_win,home,0,67
3847,2,"{""single"":[""solutions/game_2/single/rest-110001/top"",""solutions/game_2/single/rest-111111/bot""],""series"":[""solutions/game_2/series/home_wins_1/rest-110001/top"",""solutions/game_2/series/home_wins_1/rest-111111/bot""]}","[1,1,0,0,0,1]","[1,1,1,1,1,1]",1,0,0,4,away_win,away,0,76
3847,3,"{""single"":[""solutions/game_3/single/rest-111111/top"",""solutions/game_3/single/rest-111000/bot""],""series"":[""solutions/game_3/series/home_wins_1/rest-111111/top"",""solutions/game_3/series/home_wins_1/rest-111000/bot""]}","[1,1,1,1,1,1]","[1,1,1,0,0,0]",1,1,3,1,home_win,home,0,79
3847,4,"{""single"":[""solutions/game_4/single/rest-010101/top"",""solutions/game_4/single/rest-001111/bot""],""series"":[""solutions/game_4/series/home_wins_2/rest-010101/top"",""solutions/game_4/series/home_wins_2/rest-001111/bot""]}","[0,1,0,1,0,1]","[0,0,1,1,1,1]",2,1,4,7,away_win,away,0,79
3847,5,"{""single"":[""solutions/game_5/single/rest-111111/top"",""solutions/game_5/single/rest-110111/bot""],""series"":[""solutions/game_5/single/rest-111111/top"",""solutions/game_5/single/rest-110111/bot""]}","[1,1,1,1,1,1]","[1,1,0,1,1,1]",2,2,6,6,tie,away,0,99
3848,1,"{""single"":[""solutions/game_1/single/rest-111111/top"",""solutions/game_1/single/rest-111111/bot""],""series"":[""solutions/game_1/series/rest-111111/top"",""solutions/game_1/series/rest-111111/bot""]}","[1,1,1,1,1,1]","[1,1,1,1,1,1]",0,0,1,5,away_win,away,0,81
3848,2,"{""single"":[""solutions/game_2/single/rest-010001/top"",""solutions/game_2/single/rest-011100/bot""],""series"":[""solutions/game_2/series/home_wins_0/rest-010001/top"",""solutions/game_2/series/home_wins_0/rest-011100/bot""]}","[0,1,0,0,0,1]","[0,1,1,1,0,0]",0,1,6,2,home_win,home,0,78
3848,3,"{""single"":[""solutions/game_3/single/rest-101111/top"",""solutions/game_3/single/rest-111111/bot""],""series"":[""solutions/game_3/series/home_wins_1/rest-101111/top"",""solutions/game_3/series/home_wins_1/rest-111111/bot""]}","[1,0,1,1,1,1]","[1,1,1,1,1,1]",1,1,9,2,home_win,home,0,72
3848,4,"{""single"":[""solutions/game_4/single/rest-110011/top"",""solutions/game_4/single/rest-110111/bot""],""series"":[""solutions/game_4/series/home_wins_2/rest-110011/top"",""solutions/game_4/series/home_wins_2/rest-110111/bot""]}","[1,1,0,0,1,1]","[1,1,0,1,1,1]",2,1,6,10,away_win,away,0,82
3848,5,"{""single"":[""solutions/game_5/single/rest-011010/top"",""solutions/game_5/single/rest-111110/bot""],""series"":[""solutions/game_5/single/rest-011010/top"",""solutions/game_5/single/rest-111110/bot""]}","[0,1,1,0,1,0]","[1,1,1,1,1,0]",2,2,3,4,away_win,away,0,71
3849,1,"{""single"":[""solutions/game_1/single/rest-111111/top"",""solutions/game_1/single/rest-111111/bot""],""series"":[""solutions/game_1/series/rest-111111/top"",""solutions/game_1/series/rest-111111/bot""]}","[1,1,1,1,1,1]","[1,1,1,1,1,1]",0,0,8,0,home_win,home,0,69
3849,2,"{""single"":[""solutions/game_2/single/rest-111001/top"",""solutions/game_2/single/rest-111111/bot""],""series"":[""solutions/game_2/series/home_wins_1/rest-111001/top"",""solutions/game_2/series/home_wins_1/rest-111111/bot""]}","[1,1,1,0,0,1]","[1,1,1,1,1,1]",1,0,6,9,away_win,away,0,94
3849,3,"{""single"":[""solutions/game_3/single/rest-011110/top"",""solutions/game_3/single/rest-011110/bot""],""series"":[""solutions/game_3/series/home_wins_1/rest-011110/top"",""solutions/game_3/series/home_wins_1/rest-011110/bot""]}","[0,1,1,1,1,0]","[0,1,1,1,1,0]",1,1,5,3,home_win,home,0,76
3849,4,"{""single"":[""solutions/game_4/single/rest-111111/top"",""solutions/game_4/single/rest-101011/bot""],""series"":[""solutions/game_4/series/home_wins_2/rest-111111/top"",""solutions/game_4/series/home_wins_2/rest-101011/bot""]}","[1,1,1,1,1,1]","[1,0,1,0,1,1]",2,1,5,3,home_win,home,0,83
3849,5,"{""single"":[""solutions/game_5/single/rest-010101/top"",""solutions/game_5/single/rest-010110/bot""],""series"":[""solutions/game_5/single/rest-010101/top"",""solutions/game_5/single/rest-010110/bot""]}","[0,1,0,1,0,1]","[0,1,0,1,1,0]",3,1,9,5,home_win,home,1,82
3850,1,"{""single"":[""solutions/game_1/single/rest-111111/top"",""solutions/game_1/single/rest-111111/bot""],""series"":[""solutions/game_1/series/rest-111111/top"",""solutions/game_1/series/rest-111111/bot""]}","[1,1,1,1,1,1]","[1,1,1,1,1,1]",0,0,2,5,away_win,away,0,81
3850,2,"{""single"":[""solutions/game_2/single/rest-011000/top"",""solutions/game_2/single/rest-001011/bot""],""series"":[""solutions/game_2/series/home_wins_0/rest-011000/top"",""solutions/game_2/series/home_wins_0/rest-001011/bot""]}","[0,1,1,0,0,0]","[0,0,1,0,1,1]",0,1,5,7,away_win,away,0,98
3850,3,"{""single"":[""solutions/game_3/single/rest-100111/top"",""solutions/game_3/single/rest-110110/bot""],""series"":[""solutions/game_3/series/home_wins_0/rest-100111/top"",""solutions/game_3/series/home_wins_0/rest-110110/bot""]}","[1,0,0,1,1,1]","[1,1,0,1,1,0]",0,2,1,9,away_win,away,0,41
3850,4,"{""single"":[""solutions/game_4/single/rest-111111/top"",""solutions/game_4/single/rest-111111/bot""],""series"":[""solutions/game_4/single/rest-111111/top"",""solutions/game_4/single/rest-111111/bot""]}","[1,1,1,1,1,1]","[1,1,1,1,1,1]",0,3,6,2,home_win,home,1,75
3850,5,"{""single"":[""solutions/game_5/single/rest-110011/top"",""solutions/game_5/single/rest-001110/bot""],""series"":[""solutions/game_5/single/rest-110011/top"",""solutions/game_5/single/rest-001110/bot""]}","[1,1,0,0,1,1]","[0,0,1,1,1,0]",1,3,0,8,away_win,away,1,38
3851,1,"{""single"":[""solutions/game_1/single/rest-111111/top"",""solutions/game_1/single/rest-111111/bot""],""series"":[""solutions/game_1/series/rest-111111/top"",""solutions/game_1/series/rest-111111/bot""]}","[1,1,1,1,1,1]","[1,1,1,1,1,1]",0,0,3,2,home_win,home,0,74
3851,2,"{""single"":[""solutions/game_2/single/rest-110001/top"",""solutions/game_2/single/rest-111011/bot""],""series"":[""solutions/game_2/series/home_wins_1/rest-110001/top"",""solutions/game_2/series/home_wins_1/rest-111011/bot""]}","[1,1,0,0,0,1]","[1,1,1,0,1,1]",1,0,5,4,home_win,home,0,82
3851,3,"{""single"":[""solutions/game_3/single/rest-011110/top"",""solutions/game_3/single/rest-000111/bot""],""series"":[""solutions/game_3/series/home_wins_2/rest-011110/top"",""solutions/game_3/series/home_wins_2/rest-000111/bot""]}","[0,1,1,1,1,0]","[0,0,0,1,1,1]",2,0,6,10,away_win,away,0,90
3851,4,"{""single"":[""solutions/game_4/single/rest-111001/top"",""solutions/game_4/single/rest-111101/bot""],""series"":[""solutions/game_4/series/home_wins_2/rest-111001/top"",""solutions/game_4/series/home_wins_2/rest-111101/bot""]}","[1,1,1,0,0,1]","[1,1,1,1,0,1]",2,1,3,8,away_win,away,0,92
3851,5,"{""single"":[""solutions/game_5/single/rest-000101/top"",""solutions/game_5/single/rest-111010/bot""],""series"":[""solutions/game_5/single/rest-000101/top"",""solutions/game_5/single/rest-111010/bot""]}","[0,0,0,1,0,1]","[1,1,1,0,1,0]",2,2,7,1,home_win,home,0,77
3852,1,"{""single"":[""solutions/game_1/single/rest-111111/top"",""solutions/game_1/single/rest-111111/bot""],""series"":[""solutions/game_1/series/rest-111111/top"",""solutions/game_1/series/rest-111111/bot""]}","[1,1,1,1,1,1]","[1,1,1,1,1,1]",0,0,2,5,away_win,away,0,80
3852,2,"{""single"":[""solutions/game_2/single/rest-011001/top"",""solutions/game_2/single/rest-101111/bot""],""series"":[""solutions/game_2/series/home_wins_0/rest-011001/top"",""solutions/game_2/series/home_wins_0/rest-101111/bot""]}","[0,1,1,0,0,1]","[1,0,1,1,1,1]",0,1,14,13,home_win,home,0,106
3852,3,"{""single"":[""solutions/game_3/single/rest-100110/top"",""solutions/game_3/single/rest-010100/bot""],""series"":[""solutions/game_3/series/home_wins_1/rest-100110/top"",""solutions/game_3/series/home_wins_1/rest-010100/bot""]}","[1,0,0,1,1,0]","[0,1,0,1,0,0]",1,1,10,9,home_win,home,0,97
3852,4,"{""single"":[""solutions/game_4/single/rest-011001/top"",""solutions/game_4/single/rest-101010/bot""],""series"":[""solutions/game_4/series/home_wins_2/rest-011001/top"",""solutions/game_4/series/home_wins_2/rest-101010/bot""]}","[0,1,1,0,0,1]","[1,0,1,0,1,0]",2,1,8,1,home_win,home,0,80
3852,5,"{""single"":[""solutions/game_5/single/rest-111111/top"",""solutions/game_5/single/rest-000100/bot""],""series"":[""solutions/game_5/single/rest-111111/top"",""solutions/game_5/single/rest-000100/bot""]}","[1,1,1,1,1,1]","[0,0,0,1,0,0]",3,1,9,7,home_win,home,1,92
3853,1,"{""single"":[""solutions/game_1/single/rest-111111/top"",""solutions/game_1/single/rest-111111/bot""],""series"":[""solutions/game_1/series/rest-111111/top"",""solutions/game_1/series/rest-111111/bot""]}","[1,1,1,1,1,1]","[1,1,1,1,1,1]",0,0,3,0,home_win,home,0,68
3853,2,"{""single"":[""solutions/game_2/single/rest-111011/top"",""solutions/game_2/single/rest-011111/bot""],""series"":[""solutions/game_2/series/home_wins_1/rest-111011/top"",""solutions/game_2/series/home_wins_1/rest-011111/bot""]}","[1,1,1,0,1,1]","[0,1,1,1,1,1]",1,0,6,4,home_win,home,0,84
3853,3,"{""single"":[""solutions/game_3/single/rest-010111/top"",""solutions/game_3/single/rest-101100/bot""],""series"":[""solutions/game_3/series/home_wins_2/rest-010111/top"",""solutions/game_3/series/home_wins_2/rest-101100/bot""]}","[0,1,0,1,1,1]","[1,0,1,1,0,0]",2,0,6,2,home_win,home,0,83
3853,4,"{""single"":[""solutions/game_4/single/rest-111001/top"",""solutions/game_4/single/rest-110011/bot""],""series"":[""solutions/game_4/single/rest-111001/top"",""solutions/game_4/single/rest-110011/bot""]}","[1,1,1,0,0,1]","[1,1,0,0,1,1]",3,0,3,4,away_win,away,1,84
3853,5,"{""single"":[""solutions/game_5/single/rest-000111/top"",""solutions/game_5/single/rest-001110/bot""],""series"":[""solutions/game_5/single/rest-000111/top"",""solutions/game_5/single/rest-001110/bot""]}","[0,0,0,1,1,1]","[0,0,1,1,1,0]",3,1,8,0,home_win,home,1,21
3854,1,"{""single"":[""solutions/game_1/single/rest-111111/top"",""solutions/game_1/single/rest-111111/bot""],""series"":[""solutions/game_1/series/rest-111111/top"",""solutions/game_1/series/rest-111111/bot""]}","[1,1,1,1,1,1]","[1,1,1,1,1,1]",0,0,3,8,away_win,away,0,83
3854,2,"{""single"":[""solutions/game_2/single/rest-011001/top"",""solutions/game_2/single/rest-011110/bot""],""series"":[""solutions/game_2/series/home_wins_0/rest-011001/top"",""solutions/game_2/series/home_wins_0/rest-011110/bot""]}","[0,1,1,0,0,1]","[0,1,1,1,1,0]",0,1,5,4,home_win,home,0,81
3854,3,"{""single"":[""solutions/game_3/single/rest-000110/top"",""solutions/game_3/single/rest-110010/bot""],""series"":[""solutions/game_3/series/home_wins_1/rest-000110/top"",""solutions/game_3/series/home_wins_1/rest-110010/bot""]}","[0,0,0,1,1,0]","[1,1,0,0,1,0]",1,1,10,2,home_win,home,0,83
3854,4,"{""single"":[""solutions/game_4/single/rest-111001/top"",""solutions/game_4/single/rest-111001/bot""],""series"":[""solutions/game_4/series/home_wins_2/rest-111001/top"",""solutions/game_4/series/home_wins_2/rest-111001/bot""]}","[1,1,1,0,0,1]","[1,1,1,0,0,1]",2,1,4,3,home_win,home,0,80
3854,5,"{""single"":[""solutions/game_5/single/rest-010111/top"",""solutions/game_5/single/rest-001111/bot""],""series"":[""solutions/game_5/single/rest-010111/top"",""solutions/game_5/single/rest-001111/bot""]}","[0,1,0,1,1,1]","[0,0,1,1,1,1]",3,1,7,1,home_win,home,1,69
3855,1,"{""single"":[""solutions/game_1/single/rest-111111/top"",""solutions/game_1/single/rest-111111/bot""],""series"":[""solutions/game_1/series/rest-111111/top"",""solutions/game_1/series/rest-111111/bot""]}","[1,1,1,1,1,1]","[1,1,1,1,1,1]",0,0,5,9,away_win,away,0,87
3855,2,"{""single"":[""solutions/game_2/single/rest-110001/top"",""solutions/game_2/single/rest-111011/bot""],""series"":[""solutions/game_2/series/home_wins_0/rest-110001/top"",""solutions/game_2/series/home_wins_0/rest-111011/bot""]}","[1,1,0,0,0,1]","[1,1,1,0,1,1]",0,1,5,2,home_win,home,0,81
3855,3,"{""single"":[""solutions/game_3/single/rest-001100/top"",""solutions/game_3/single/rest-011110/bot""],""series"":[""solutions/game_3/series/home_wins_1/rest-001100/top"",""solutions/game_3/series/home_wins_1/rest-011110/bot""]}","[0,0,1,1,0,0]","[0,1,1,1,1,0]",1,1,5,3,home_win,home,0,72
3855,4,"{""single"":[""solutions/game_4/single/rest-110011/top"",""solutions/game_4/single/rest-101111/bot""],""series"":[""solutions/game_4/series/home_wins_2/rest-110011/top"",""solutions/game_4/series/home_wins_2/rest-101111/bot""]}","[1,1,0,0,1,1]","[1,0,1,1,1,1]",2,1,1,3,away_win,away,0,74
3855,5,"{""single"":[""solutions/game_5/single/rest-111111/top"",""solutions/game_5/single/rest-111010/bot""],""series"":[""solutions/game_5/single/rest-111111/top"",""solutions/game_5/single/rest-111010/bot""]}","[1,1,1,1,1,1]","[1,1,1,0,1,0]",2,2,8,0,home_win,home,0,18
3856,1,"{""single"":[""solutions/game_1/single/rest-111111/top"",""solutions/game_1/single/rest-111111/bot""],""series"":[""solutions/game_1/series/rest-111111/top"",""solutions/game_1/series/rest-111111/bot""]}","[1,1,1,1,1,1]","[1,1,1,1,1,1]",0,0,5,4,home_win,home,0,84
3856,2,"{""single"":[""solutions/game_2/single/rest-010011/top"",""solutions/game_2/single/rest-111100/bot""],""series"":[""solutions/game_2/series/home_wins_1/rest-010011/top"",""solutions/game_2/series/home_wins_1/rest-111100/bot""]}","[0,1,0,0,1,1]","[1,1,1,1,0,0]",1,0,5,2,home_win,home,0,84
3856,3,"{""single"":[""solutions/game_3/single/rest-101100/top"",""solutions/game_3/single/rest-010111/bot""],""series"":[""solutions/game_3/series/home_wins_2/rest-101100/top"",""solutions/game_3/series/home_wins_2/rest-010111/bot""]}","[1,0,1,1,0,0]","[0,1,0,1,1,1]",2,0,7,8,away_win,away,0,97
3856,4,"{""single"":[""solutions/game_4/single/rest-010001/top"",""solutions/game_4/single/rest-111100/bot""],""series"":[""solutions/game_4/series/home_wins_2/rest-010001/top"",""solutions/game_4/series/home_wins_2/rest-111100/bot""]}","[0,1,0,0,0,1]","[1,1,1,1,0,0]",2,1,6,3,home_win,home,0,81
3856,5,"{""single"":[""solutions/game_5/single/rest-101110/top"",""solutions/game_5/single/rest-010111/bot""],""series"":[""solutions/game_5/single/rest-101110/top"",""solutions/game_5/single/rest-010111/bot""]}","[1,0,1,1,1,0]","[0,1,0,1,1,1]",3,1,5,8,away_win,away,1,81
3857,1,"{""single"":[""solutions/game_1/single/rest-111111/top"",""solutions/game_1/single/rest-111111/bot""],""series"":[""solutions/game_1/series/rest-111111/top"",""solutions/game_1/series/rest-111111/bot""]}","[1,1,1,1,1,1]","[1,1,1,1,1,1]",0,0,3,6,away_win,away,0,78
3857,2,"{""single"":[""solutions/game_2/single/rest-011001/top"",""solutions/game_2/single/rest-011110/bot""],""series"":[""solutions/game_2/series/home_wins_0/rest-011001/top"",""solutions/game_2/series/home_wins_0/rest-011110/bot""]}","[0,1,1,0,0,1]","[0,1,1,1,1,0]",0,1,0,8,away_win,away,0,73
3857,3,"{""single"":[""solutions/game_3/single/rest-100111/top"",""solutions/game_3/single/rest-110111/bot""],""series"":[""solutions/game_3/series/home_wins_0/rest-100111/top"",""solutions/game_3/series/home_wins_0/rest-110111/bot""]}","[1,0,0,1,1,1]","[1,1,0,1,1,1]",0,2,4,1,home_win,home,0,70
3857,4,"{""single"":[""solutions/game_4/single/rest-101000/top"",""solutions/game_4/single/rest-111101/bot""],""series"":[""solutions/game_4/series/home_wins_1/rest-101000/top"",""solutions/game_4/series/home_wins_1/rest-111101/bot""]}","[1,0,1,0,0,0]","[1,1,1,1,0,1]",1,2,6,16,away_win,away,0,84
3857,5,"{""single"":[""solutions/game_5/single/rest-010111/top"",""solutions/game_5/single/rest-001111/bot""],""series"":[""solutions/game_5/single/rest-010111/top"",""solutions/game_5/single/rest-001111/bot""]}","[0,1,0,1,1,1]","[0,0,1,1,1,1]",1,3,7,1,home_win,home,1,85
3858,1,"{""single"":[""solutions/game_1/single/rest-111111/top"",""solutions/game_1/single/rest-111111/bot""],""series"":[""solutions/game_1/series/rest-111111/top"",""solutions/game_1/series/rest-111111/bot""]}","[1,1,1,1,1,1]","[1,1,1,1,1,1]",0,0,8,10,away_win,away,0,92
3858,2,"{""single"":[""solutions/game_2/single/rest-000001/top"",""solutions/game_2/single/rest-111010/bot""],""series"":[""solutions/game_2/series/home_wins_0/rest-000001/top"",""solutions/game_2/series/home_wins_0/rest-111010/bot""]}","[0,0,0,0,0,1]","[1,1,1,0,1,0]",0,1,4,5,away_win,away,0,84
3858,3,"{""single"":[""solutions/game_3/single/rest-101110/top"",""solutions/game_3/single/rest-100101/bot""],""series"":[""solutions/game_3/series/home_wins_0/rest-101110/top"",""solutions/game_3/series/home_wins_0/rest-100101/bot""]}","[1,0,1,1,1,0]","[1,0,0,1,0,1]",0,2,5,3,home_win,home,0,77
3858,4,"{""single"":[""solutions/game_4/single/rest-110101/top"",""solutions/game_4/single/rest-011111/bot""],""series"":[""solutions/game_4/series/home_wins_1/rest-110101/top"",""solutions/game_4/series/home_wins_1/rest-011111/bot""]}","[1,1,0,1,0,1]","[0,1,1,1,1,1]",1,2,8,2,home_win,home,0,82
3858,5,"{""single"":[""solutions/game_5/single/rest-011110/top"",""solutions/game_5/single/rest-111111/bot""],""series"":[""solutions/game_5/single/rest-011110/top"",""solutions/game_5/single/rest-111111/bot""]}","[0,1,1,1,1,0]","[1,1,1,1,1,1]",2,2,8,4,home_win,home,0,93
3859,1,"{""single"":[""solutions/game_1/single/rest-111111/top"",""solutions/game_1/single/rest-111111/bot""],""series"":[""solutions/game_1/series/rest-111111/top"",""solutions/game_1/series/rest-111111/bot""]}","[1,1,1,1,1,1]","[1,1,1,1,1,1]",0,0,0,5,away_win,away,0,76
3859,2,"{""single"":[""solutions/game_2/single/rest-010001/top"",""solutions/game_2/single/rest-111101/bot""],""series"":[""solutions/game_2/series/home_wins_0/rest-010001/top"",""solutions/game_2/series/home_wins_0/rest-111101/bot""]}","[0,1,0,0,0,1]","[1,1,1,1,0,1]",0,1,6,4,home_win,home,0,80
3859,3,"{""single"":[""solutions/game_3/single/rest-101110/top"",""solutions/game_3/single/rest-011101/bot""],""series"":[""solutions/game_3/series/home_wins_1/rest-101110/top"",""solutions/game_3/series/home_wins_1/rest-011101/bot""]}","[1,0,1,1,1,0]","[0,1,1,1,0,1]",1,1,2,10,away_win,away,0,79
3859,4,"{""single"":[""solutions/game_4/single/rest-110001/top"",""solutions/game_4/single/rest-110110/bot""],""series"":[""solutions/game_4/series/home_wins_1/rest-110001/top"",""solutions/game_4/series/home_wins_1/rest-110110/bot""]}","[1,1,0,0,0,1]","[1,1,0,1,1,0]",1,2,7,10,away_win,away,0,100
3859,5,"{""single"":[""solutions/game_5/single/rest-001010/top"",""solutions/game_5/single/rest-101001/bot""],""series"":[""solutions/game_5/single/rest-001010/top"",""solutions/game_5/single/rest-101001/bot""]}","[0,0,1,0,1,0]","[1,0,1,0,0,1]",1,3,3,1,home_win,home,1,70
3860,1,"{""single"":[""solutions/game_1/single/rest-111111/top"",""solutions/game_1/single/rest-111111/bot""],""series"":[""solutions/game_1/series/rest-111111/top"",""solutions/game_1/series/rest-111111/bot""]}","[1,1,1,1,1,1]","[1,1,1,1,1,1]",0,0,0,2,away_win,away,0,82
3860,2,"{""single"":[""solutions/game_2/single/rest-110001/top"",""solutions/game_2/single/rest-111011/bot""],""series"":[""solutions/game_2/series/home_wins_0/rest-110001/top"",""solutions/game_2/series/home_wins_0/rest-111011/bot""]}","[1,1,0,0,0,1]","[1,1,1,0,1,1]",0,1,10,8,home_win,home,0,95
3860,3,"{""single"":[""solutions/game_3/single/rest-001110/top"",""solutions/game_3/single/rest-010110/bot""],""series"":[""solutions/game_3/series/home_wins_1/rest-001110/top"",""solutions/game_3/series/home_wins_1/rest-010110/bot""]}","[0,0,1,1,1,0]","[0,1,0,1,1,0]",1,1,10,2,home_win,home,0,80
3860,4,"{""single"":[""solutions/game_4/single/rest-111001/top"",""solutions/game_4/single/rest-111101/bot""],""series"":[""solutions/game_4/series/home_wins_2/rest-111001/top"",""solutions/game_4/series/home_wins_2/rest-111101/bot""]}","[1,1,1,0,0,1]","[1,1,1,1,0,1]",2,1,3,6,away_win,away,0,98
3860,5,"{""single"":[""solutions/game_5/single/rest-001110/top"",""solutions/game_5/single/rest-111011/bot""],""series"":[""solutions/game_5/single/rest-001110/top"",""solutions/game_5/single/rest-111011/bot""]}","[0,0,1,1,1,0]","[1,1,1,0,1,1]",2,2,2,1,home_win,home,0,74
3861,1,"{""single"":[""solutions/game_1/single/rest-111111/top"",""solutions/game_1/single/rest-111111/bot""],""series"":[""solutions/game_1/series/rest-111111/top"",""solutions/game_1/series/rest-111111/bot""]}","[1,1,1,1,1,1]","[1,1,1,1,1,1]",0,0,6,1,home_win,home,0,81
3861,2,"{""single"":[""solutions/game_2/single/rest-111001/top"",""solutions/game_2/single/rest-111110/bot""],""series"":[""solutions/game_2/series/home_wins_1/rest-111001/top"",""solutions/game_2/series/home_wins_1/rest-111110/bot""]}","[1,1,1,0,0,1]","[1,1,1,1,1,0]",1,0,3,6,away_win,away,0,79
3861,3,"{""single"":[""solutions/game_3/single/rest-010111/top"",""solutions/game_3/single/rest-101001/bot""],""series"":[""solutions/game_3/series/home_wins_1/rest-010111/top"",""solutions/game_3/series/home_wins_1/rest-101001/bot""]}","[0,1,0,1,1,1]","[1,0,1,0,0,1]",1,1,0,2,away_win,away,0,77
3861,4,"{""single"":[""solutions/game_4/single/rest-111111/top"",""solutions/game_4/single/rest-111110/bot""],""series"":[""solutions/game_4/series/home_wins_1/rest-111111/top"",""solutions/game_4/series/home_wins_1/rest-111110/bot""]}","[1,1,1,1,1,1]","[1,1,1,1,1,0]",1,2,2,3,away_win,away,0,93
3861,5,"{""single"":[""solutions/game_5/single/rest-000001/top"",""solutions/game_5/single/rest-011011/bot""],""series"":[""solutions/game_5/single/rest-000001/top"",""solutions/game_5/single/rest-011011/bot""]}","[0,0,0,0,0,1]","[0,1,1,0,1,1]",1,3,8,14,away_win,away,1,106
3862,1,"{""single"":[""solutions/game_1/single/rest-111111/top"",""solutions/game_1/single/rest-111111/bot""],""series"":[""solutions/game_1/series/rest-111111/top"",""solutions/game_1/series/rest-111111/bot""]}","[1,1,1,1,1,1]","[1,1,1,1,1,1]",0,0,3,1,home_win,home,0,73
3862,2,"{""single"":[""solutions/game_2/single/rest-110001/top"",""solutions/game_2/single/rest-111110/bot""],""series"":[""solutions/game_2/series/home_wins_1/rest-110001/top"",""solutions/game_2/series/home_wins_1/rest-111110/bot""]}","[1,1,0,0,0,1]","[1,1,1,1,1,0]",1,0,3,2,home_win,home,0,76
3862,3,"{""single"":[""solutions/game_3/single/rest-111111/top"",""solutions/game_3/single/rest-101101/bot""],""series"":[""solutions/game_3/series/home_wins_2/rest-111111/top"",""solutions/game_3/series/home_wins_2/rest-101101/bot""]}","[1,1,1,1,1,1]","[1,0,1,1,0,1]",2,0,1,6,away_win,away,0,80
3862,4,"{""single"":[""solutions/game_4/single/rest-111011/top"",""solutions/game_4/single/rest-011110/bot""],""series"":[""solutions/game_4/series/home_wins_2/rest-111011/top"",""solutions/game_4/series/home_wins_2/rest-011110/bot""]}","[1,1,1,0,1,1]","[0,1,1,1,1,0]",2,1,3,7,away_win,away,0,84
3862,5,"{""single"":[""solutions/game_5/single/rest-010111/top"",""solutions/game_5/single/rest-111010/bot""],""series"":[""solutions/game_5/single/rest-010111/top"",""solutions/game_5/single/rest-111010/bot""]}","[0,1,0,1,1,1]","[1,1,1,0,1,0]",2,2,1,9,away_win,away,0,77
3863,1,"{""single"":[""solutions/game_1/single/rest-111111/top"",""solutions/game_1/single/rest-111111/bot""],""series"":[""solutions/game_1/series/rest-111111/top"",""solutions/game_1/series/rest-111111/bot""]}","[1,1,1,1,1,1]","[1,1,1,1,1,1]",0,0,3,9,away_win,away,0,87
3863,2,"{""single"":[""solutions/game_2/single/rest-010100/top"",""solutions/game_2/single/rest-001101/bot""],""series"":[""solutions/game_2/series/home_wins_0/rest-010100/top"",""solutions/game_2/series/home_wins_0/rest-001101/bot""]}","[0,1,0,1,0,0]","[0,0,1,1,0,1]",0,1,5,7,away_win,away,0,98
3863,3,"{""single"":[""solutions/game_3/single/rest-101001/top"",""solutions/game_3/single/rest-010011/bot""],""series"":[""solutions/game_3/series/home_wins_0/rest-101001/top"",""solutions/game_3/series/home_wins_0/rest-010011/bot""]}","[1,0,1,0,0,1]","[0,1,0,0,1,1]",0,2,4,3,home_win,home,0,80
3863,4,"{""single"":[""solutions/game_4/single/rest-100110/top"",""solutions/game_4/single/rest-111111/bot""],""series"":[""solutions/game_4/series/home_wins_1/rest-100110/top"",""solutions/game_4/series/home_wins_1/rest-111111/bot""]}","[1,0,0,1,1,0]","[1,1,1,1,1,1]",1,2,0,6,away_win,away,0,78
3863,5,"{""single"":[""solutions/game_5/single/rest-011001/top"",""solutions/game_5/single/rest-001111/bot""],""series"":[""solutions/game_5/single/rest-011001/top"",""solutions/game_5/single/rest-001111/bot""]}","[0,1,1,0,0,1]","[0,0,1,1,1,1]",1,3,7,6,home_win,home,1,92
3864,1,"{""single"":[""solutions/game_1/single/rest-111111/top"",""solutions/game_1/single/rest-111111/bot""],""series"":[""solutions/game_1/series/rest-111111/top"",""solutions/game_1/series/rest-111111/bot""]}","[1,1,1,1,1,1]","[1,1,1,1,1,1]",0,0,5,0,home_win,home,0,74
3864,2,"{""single"":[""solutions/game_2/single/rest-110101/top"",""solutions/game_2/single/rest-110111/bot""],""series"":[""solutions/game_2/series/home_wins_1/rest-110101/top"",""solutions/game_2/series/home_wins_1/rest-110111/bot""]}","[1,1,0,1,0,1]","[1,1,0,1,1,1]",1,0,6,1,home_win,home,0,73
3864,3,"{""single"":[""solutions/game_3/single/rest-111010/top"",""solutions/game_3/single/rest-111101/bot""],""series"":[""solutions/game_3/series/home_wins_2/rest-111010/top"",""solutions/game_3/series/home_wins_2/rest-111101/bot""]}","[1,1,1,0,1,0]","[1,1,1,1,0,1]",2,0,2,0,home_win,home,0,74
3864,4,"{""single"":[""solutions/game_4/single/rest-101101/top"",""solutions/game_4/single/rest-111110/bot""],""series"":[""solutions/game_4/single/rest-101101/top"",""solutions/game_4/single/rest-111110/bot""]}","[1,0,1,1,0,1]","[1,1,1,1,1,0]",3,0,7,8,away_win,away,1,97
3864,5,"{""single"":[""solutions/game_5/single/rest-111111/top"",""solutions/game_5/single/rest-101101/bot""],""series"":[""solutions/game_5/single/rest-111111/top"",""solutions/game_5/single/rest-101101/bot""]}","[1,1,1,1,1,1]","[1,0,1,1,0,1]",3,1,7,3,home_win,home,1,87
3865,1,"{""single"":[""solutions/game_1/single/rest-111111/top"",""solutions/game_1/single/rest-111111/bot""],""series"":[""solutions/game_1/series/rest-111111/top"",""solutions/game_1/series/rest-111111/bot""]}","[1,1,1,1,1,1]","[1,1,1,1,1,1]",0,0,7,2,home_win,home,0,78
3865,2,"{""single"":[""solutions/game_2/single/rest-110001/top"",""solutions/game_2/single/rest-110110/bot""],""series"":[""solutions/game_2/series/home_wins_1/rest-110001/top"",""solutions/game_2/series/home_wins_1/rest-110110/bot""]}","[1,1,0,0,0,1]","[1,1,0,1,1,0]",1,0,2,6,away_win,away,0,85
3865,3,"{""single"":[""solutions/game_3/single/rest-001010/top"",""solutions/game_3/single/rest-011101/bot""],""series"":[""solutions/game_3/series/home_wins_1/rest-001010/top"",""solutions/game_3/series/home_wins_1/rest-011101/bot""]}","[0,0,1,0,1,0]","[0,1,1,1,0,1]",1,1,9,7,home_win,home,0,93
3865,4,"{""single"":[""solutions/game_4/single/rest-110101/top"",""solutions/game_4/single/rest-110001/bot""],""series"":[""solutions/game_4/series/home_wins_2/rest-110101/top"",""solutions/game_4/series/home_wins_2/rest-110001/bot""]}","[1,1,0,1,0,1]","[1,1,0,0,0,1]",2,1,5,8,away_win,away,0,91
3865,5,"{""single"":[""solutions/game_5/single/rest-111010/top"",""solutions/game_5/single/rest-111111/bot""],""series"":[""solutions/game_5/single/rest-111010/top"",""solutions/game_5/single/rest-111111/bot""]}","[1,1,1,0,1,0]","[1,1,1,1,1,1]",2,2,6,2,home_win,home,0,87
3866,1,"{""single"":[""solutions/game_1/single/rest-111111/top"",""solutions/game_1/single/rest-111111/bot""],""series"":[""solutions/game_1/series/rest-111111/top"",""solutions/game_1/series/rest-111111/bot""]}","[1,1,1,1,1,1]","[1,1,1,1,1,1]",0,0,1,3,away_win,away,0,80
3866,2,"{""single"":[""solutions/game_2/single/rest-011001/top"",""solutions/game_2/single/rest-111110/bot""],""series"":[""solutions/game_2/series/home_wins_0/rest-011001/top"",""solutions/game_2/series/home_wins_0/rest-111110/bot""]}","[0,1,1,0,0,1]","[1,1,1,1,1,0]",0,1,0,8,away_win,away,0,49
3866,3,"{""single"":[""solutions/game_3/single/rest-011110/top"",""solutions/game_3/single/rest-111111/bot""],""series"":[""solutions/game_3/series/home_wins_0/rest-011110/top"",""solutions/game_3/series/home_wins_0/rest-111111/bot""]}","[0,1,1,1,1,0]","[1,1,1,1,1,1]",0,2,10,2,home_win,home,0,56
3866,4,"{""single"":[""solutions/game_4/single/rest-111111/top"",""solutions/game_4/single/rest-111111/bot""],""series"":[""solutions/game_4/series/home_wins_1/rest-111111/top"",""solutions/game_4/series/home_wins_1/rest-111111/bot""]}","[1,1,1,1,1,1]","[1,1,1,1,1,1]",1,2,5,6,away_win,away,0,89
3866,5,"{""single"":[""solutions/game_5/single/rest-111100/top"",""solutions/game_5/single/rest-000011/bot""],""series"":[""solutions/game_5/single/rest-111100/top"",""solutions/game_5/single/rest-000011/bot""]}","[1,1,1,1,0,0]","[0,0,0,0,1,1]",1,3,0,6,away_win,away,1,73
3867,1,"{""single"":[""solutions/game_1/single/rest-111111/top"",""solutions/game_1/single/rest-111111/bot""],""series"":[""solutions/game_1/series/rest-111111/top"",""solutions/game_1/series/rest-111111/bot""]}","[1,1,1,1,1,1]","[1,1,1,1,1,1]",0,0,2,2,tie,home,0,79
3867,2,"{""single"":[""solutions/game_2/single/rest-110011/top"",""solutions/game_2/single/rest-011011/bot""],""series"":[""solutions/game_2/series/home_wins_1/rest-110011/top"",""solutions/game_2/series/home_wins_1/rest-011011/bot""]}","[1,1,0,0,1,1]","[0,1,1,0,1,1]",1,0,6,5,home_win,home,0,86
3867,3,"{""single"":[""solutions/game_3/single/rest-001100/top"",""solutions/game_3/single/rest-100110/bot""],""series"":[""solutions/game_3/series/home_wins_2/rest-001100/top"",""solutions/game_3/series/home_wins_2/rest-100110/bot""]}","[0,0,1,1,0,0]","[1,0,0,1,1,0]",2,0,10,2,home_win,home,0,36
3867,4,"{""single"":[""solutions/game_4/single/rest-111101/top"",""solutions/game_4/single/rest-110111/bot""],""series"":[""solutions/game_4/single/rest-111101/top"",""solutions/game_4/single/rest-110111/bot""]}","[1,1,1,1,0,1]","[1,1,0,1,1,1]",3,0,4,12,away_win,away,1,90
3867,5,"{""single"":[""solutions/game_5/single/rest-010100/top"",""solutions/game_5/single/rest-101010/bot""],""series"":[""solutions/game_5/single/rest-010100/top"",""solutions/game_5/single/rest-101010/bot""]}","[0,1,0,1,0,0]","[1,0,1,0,1,0]",3,1,8,0,home_win,home,1,53
3868,1,"{""single"":[""solutions/game_1/single/rest-111111/top"",""solutions/game_1/single/rest-111111/bot""],""series"":[""solutions/game_1/series/rest-111111/top"",""solutions/game_1/series/rest-111111/bot""]}","[1,1,1,1,1,1]","[1,1,1,1,1,1]",0,0,0,0,tie,home,0,79
3868,2,"{""single"":[""solutions/game_2/single/rest-011101/top"",""solutions/game_2/single/rest-111011/bot""],""series"":[""solutions/game_2/series/home_wins_1/rest-011101/top"",""solutions/game_2/series/home_wins_1/rest-111011/bot""]}","[0,1,1,1,0,1]","[1,1,1,0,1,1]",1,0,10,2,home_win,home,0,50
3868,3,"{""single"":[""solutions/game_3/single/rest-111111/top"",""solutions/game_3/single/rest-111101/bot""],""series"":[""solutions/game_3/series/home_wins_2/rest-111111/top"",""solutions/game_3/series/home_wins_2/rest-111101/bot""]}","[1,1,1,1,1,1]","[1,1,1,1,0,1]",2,0,11,5,home_win,home,0,95
3868,4,"{""single"":[""solutions/game_4/single/rest-110001/top"",""solutions/game_4/single/rest-001011/bot""],""series"":[""solutions/game_4/single/rest-110001/top"",""solutions/game_4/single/rest-001011/bot""]}","[1,1,0,0,0,1]","[0,0,1,0,1,1]",3,0,5,10,away_win,away,1,95
3868,5,"{""single"":[""solutions/game_5/single/rest-001110/top"",""solutions/game_5/single/rest-111111/bot""],""series"":[""solutions/game_5/single/rest-001110/top"",""solutions/game_5/single/rest-111111/bot""]}","[0,0,1,1,1,0]","[1,1,1,1,1,1]",3,1,8,4,home_win,home,1,80
3869,1,"{""single"":[""solutions/game_1/single/rest-111111/top"",""solutions/game_1/single/rest-111111/bot""],""series"":[""solutions/game_1/series/rest-111111/top"",""solutions/game_1/series/rest-111111/bot""]}","[1,1,1,1,1,1]","[1,1,1,1,1,1]",0,0,1,2,away_win,away,0,76
3869,2,"{""single"":[""solutions/game_2/single/rest-011001/top"",""solutions/game_2/single/rest-101011/bot""],""series"":[""solutions/game_2/series/home_wins_0/rest-011001/top"",""solutions/game_2/series/home_wins_0/rest-101011/bot""]}","[0,1,1,0,0,1]","[1,0,1,0,1,1]",0,1,9,0,home_win,home,0,77
3869,3,"{""single"":[""solutions/game_3/single/rest-110110/top"",""solutions/game_3/single/rest-001101/bot""],""series"":[""solutions/game_3/series/home_wins_1/rest-110110/top"",""solutions/game_3/series/home_wins_1/rest-001101/bot""]}","[1,1,0,1,1,0]","[0,0,1,1,0,1]",1,1,4,7,away_win,away,0,83
3869,4,"{""single"":[""solutions/game_4/single/rest-011000/top"",""solutions/game_4/single/rest-110011/bot""],""series"":[""solutions/game_4/series/home_wins_1/rest-011000/top"",""solutions/game_4/series/home_wins_1/rest-110011/bot""]}","[0,1,1,0,0,0]","[1,1,0,0,1,1]",1,2,12,10,home_win,home,0,102
3869,5,"{""single"":[""solutions/game_5/single/rest-100111/top"",""solutions/game_5/single/rest-011101/bot""],""series"":[""solutions/game_5/single/rest-100111/top"",""solutions/game_5/single/rest-011101/bot""]}","[1,0,0,1,1,1]","[0,1,1,1,0,1]",2,2,9,1,home_win,home,0,40
3870,1,"{""single"":[""solutions/game_1/single/rest-111111/top"",""solutions/game_1/single/rest-111111/bot""],""series"":[""solutions/game_1/series/rest-111111/top"",""solutions/game_1/series/rest-111111/bot""]}","[1,1,1,1,1,1]","[1,1,1,1,1,1]",0,0,5,6,away_win,away,0,77
3870,2,"{""single"":[""solutions/game_2/single/rest-010101/top"",""solutions/game_2/single/rest-101010/bot""],""series"":[""solutions/game_2/series/home_wins_0/rest-010101/top"",""solutions/game_2/series/home_wins_0/rest-101010/bot""]}","[0,1,0,1,0,1]","[1,0,1,0,1,0]",0,1,4,3,home_win,home,0,82
3870,3,"{""single"":[""solutions/game_3/single/rest-101011/top"",""solutions/game_3/single/rest-010101/bot""],""series"":[""solutions/game_3/series/home_wins_1/rest-101011/top"",""solutions/game_3/series/home_wins_1/rest-010101/bot""]}","[1,0,1,0,1,1]","[0,1,0,1,0,1]",1,1,1,6,away_win,away,0,81
3870,4,"{""single"":[""solutions/game_4/single/rest-010111/top"",""solutions/game_4/single/rest-111110/bot""],""series"":[""solutions/game_4/series/home_wins_1/rest-010111/top"",""solutions/game_4/series/home_wins_1/rest-111110/bot""]}","[0,1,0,1,1,1]","[1,1,1,1,1,0]",1,2,5,6,away_win,away,0,86
3870,5,"{""single"":[""solutions/game_5/single/rest-111001/top"",""solutions/game_5/single/rest-010010/bot""],""series"":[""solutions/game_5/single/rest-111001/top"",""solutions/game_5/single/rest-010010/bot""]}","[1,1,1,0,0,1]","[0,1,0,0,1,0]",1,3,6,5,home_win,home,1,91
3871,1,"{""single"":[""solutions/game_1/single/rest-111111/top"",""solutions/game_1/single/rest-111111/bot""],""series"":[""solutions/game_1/series/rest-111111/top"",""solutions/game_1/series/rest-111111/bot""]}","[1,1,1,1,1,1]","[1,1,1,1,1,1]",0,0,4,3,home_win,home,0,77
3871,2,"{""single"":[""solutions/game_2/single/rest-010101/top"",""solutions/game_2/single/rest-001011/bot""],""series"":[""solutions/game_2/series/home_wins_1/rest-010101/top"",""solutions/game_2/series/home_wins_1/rest-001011/bot""]}","[0,1,0,1,0,1]","[0,0,1,0,1,1]",1,0,4,14,away_win,away,0,72
3871,3,"{""single"":[""solutions/game_3/single/rest-111010/top"",""solutions/game_3/single/rest-111111/bot""],""series"":[""solutions/game_3/series/home_wins_1/rest-111010/top"",""solutions/game_3/series/home_wins_1/rest-111111/bot""]}","[1,1,1,0,1,0]","[1,1,1,1,1,1]",1,1,3,7,away_win,away,0,84
3871,4,"{""single"":[""solutions/game_4/single/rest-010111/top"",""solutions/game_4/single/rest-111000/bot""],""series"":[""solutions/game_4/series/home_wins_1/rest-010111/top"",""solutions/game_4/series/home_wins_1/rest-111000/bot""]}","[0,1,0,1,1,1]","[1,1,1,0,0,0]",1,2,6,5,home_win,home,0,84
3871,5,"{""single"":[""solutions/game_5/single/rest-110110/top"",""solutions/game_5/single/rest-000111/bot""],""series"":[""solutions/game_5/single/rest-110110/top"",""solutions/game_5/single/rest-000111/bot""]}","[1,1,0,1,1,0]","[0,0,0,1,1,1]",2,2,7,8,away_win,away,0,95
3872,1,"{""single"":[""solutions/game_1/single/rest-111111/top"",""solutions/game_1/single/rest-111111/bot""],""series"":[""solutions/game_1/series/rest-111111/top"",""solutions/game_1/series/rest-111111/bot""]}","[1,1,1,1,1,1]","[1,1,1,1,1,1]",0,0,7,6,home_win,home,0,93
3872,2,"{""single"":[""solutions/game_2/single/rest-011001/top"",""solutions/game_2/single/rest-101110/bot""],""series"":[""solutions/game_2/series/home_wins_1/rest-011001/top"",""solutions/game_2/series/home_wins_1/rest-101110/bot""]}","[0,1,1,0,0,1]","[1,0,1,1,1,0]",1,0,11,3,home_win,home,0,78
3872,3,"{""single"":[""solutions/game_3/single/rest-111110/top"",""solutions/game_3/single/rest-001111/bot""],""series"":[""solutions/game_3/series/home_wins_2/rest-111110/top"",""solutions/game_3/series/home_wins_2/rest-001111/bot""]}","[1,1,1,1,1,0]","[0,0,1,1,1,1]",2,0,2,4,away_win,away,0,77
3872,4,"{""single"":[""solutions/game_4/single/rest-010001/top"",""solutions/game_4/single/rest-111001/bot""],""series"":[""solutions/game_4/series/home_wins_2/rest-010001/top"",""solutions/game_4/series/home_wins_2/rest-111001/bot""]}","[0,1,0,0,0,1]","[1,1,1,0,0,1]",2,1,5,6,away_win,away,0,84
3872,5,"{""single"":[""solutions/game_5/single/rest-100110/top"",""solutions/game_5/single/rest-100111/bot""],""series"":[""solutions/game_5/single/rest-100110/top"",""solutions/game_5/single/rest-100111/bot""]}","[1,0,0,1,1,0]","[1,0,0,1,1,1]",2,2,8,3,home_win,home,0,86
3873,1,"{""single"":[""solutions/game_1/single/rest-111111/top"",""solutions/game_1/single/rest-111111/bot""],""series"":[""solutions/game_1/series/rest-111111/top"",""solutions/game_1/series/rest-111111/bot""]}","[1,1,1,1,1,1]","[1,1,1,1,1,1]",0,0,7,9,away_win,away,0,102
3873,2,"{""single"":[""solutions/game_2/single/rest-010001/top"",""solutions/game_2/single/rest-111010/bot""],""series"":[""solutions/game_2/series/home_wins_0/rest-010001/top"",""solutions/game_2/series/home_wins_0/rest-111010/bot""]}","[0,1,0,0,0,1]","[1,1,1,0,1,0]",0,1,2,2,tie,away,0,81
3873,3,"{""single"":[""solutions/game_3/single/rest-101010/top"",""solutions/game_3/single/rest-101101/bot""],""series"":[""solutions/game_3/series/home_wins_0/rest-101010/top"",""solutions/game_3/series/home_wins_0/rest-101101/bot""]}","[1,0,1,0,1,0]","[1,0,1,1,0,1]",0,2,1,10,away_win,away,0,71
3873,4,"{""single"":[""solutions/game_4/single/rest-010001/top"",""solutions/game_4/single/rest-111100/bot""],""series"":[""solutions/game_4/single/rest-010001/top"",""solutions/game_4/single/rest-111100/bot""]}","[0,1,0,0,0,1]","[1,1,1,1,0,0]",0,3,5,7,away_win,away,1,89
3873,5,"{""single"":[""solutions/game_5/single/rest-111110/top"",""solutions/game_5/single/rest-110011/bot""],""series"":[""solutions/game_5/single/rest-111110/top"",""solutions/game_5/single/rest-110011/bot""]}","[1,1,1,1,1,0]","[1,1,0,0,1,1]",0,4,9,0,home_win,home,1,49
3874,1,"{""single"":[""solutions/game_1/single/rest-111111/top"",""solutions/game_1/single/rest-111111/bot""],""series"":[""solutions/game_1/series/rest-111111/top"",""solutions/game_1/series/rest-111111/bot""]}","[1,1,1,1,1,1]","[1,1,1,1,1,1]",0,0,2,3,away_win,away,0,78
3874,2,"{""single"":[""solutions/game_2/single/rest-010101/top"",""solutions/game_2/single/rest-001011/bot""],""series"":[""solutions/game_2/series/home_wins_0/rest-010101/top"",""solutions/game_2/series/home_wins_0/rest-001011/bot""]}","[0,1,0,1,0,1]","[0,0,1,0,1,1]",0,1,12,4,home_win,home,0,56
3874,3,"{""single"":[""solutions/game_3/single/rest-111011/top"",""solutions/game_3/single/rest-111011/bot""],""series"":[""solutions/game_3/series/home_wins_1/rest-111011/top"",""solutions/game_3/series/home_wins_1/rest-111011/bot""]}","[1,1,1,0,1,1]","[1,1,1,0,1,1]",1,1,5,5,tie,away,0,89
3874,4,"{""single"":[""solutions/game_4/single/rest-101100/top"",""solutions/game_4/single/rest-011110/bot""],""series"":[""solutions/game_4/series/home_wins_1/rest-101100/top"",""solutions/game_4/series/home_wins_1/rest-011110/bot""]}","[1,0,1,1,0,0]","[0,1,1,1,1,0]",1,2,9,1,home_win,home,0,31
3874,5,"{""single"":[""solutions/game_5/single/rest-101101/top"",""solutions/game_5/single/rest-111111/bot""],""series"":[""solutions/game_5/single/rest-101101/top"",""solutions/game_5/single/rest-111111/bot""]}","[1,0,1,1,0,1]","[1,1,1,1,1,1]",2,2,1,7,away_win,away,0,84
3875,1,"{""single"":[""solutions/game_1/single/rest-111111/top"",""solutions/game_1/single/rest-111111/bot""],""series"":[""solutions/game_1/series/rest-111111/top"",""solutions/game_1/series/rest-111111/bot""]}","[1,1,1,1,1,1]","[1,1,1,1,1,1]",0,0,5,6,away_win,away,0,82
3875,2,"{""single"":[""solutions/game_2/single/rest-111011/top"",""solutions/game_2/single/rest-001011/bot""],""series"":[""solutions/game_2/series/home_wins_0/rest-111011/top"",""solutions/game_2/series/home_wins_0/rest-001011/bot""]}","[1,1,1,0,1,1]","[0,0,1,0,1,1]",0,1,9,1,home_win,home,0,68
3875,3,"{""single"":[""solutions/game_3/single/rest-111111/top"",""solutions/game_3/single/rest-110111/bot""],""series"":[""solutions/game_3/series/home_wins_1/rest-111111/top"",""solutions/game_3/series/home_wins_1/rest-110111/bot""]}","[1,1,1,1,1,1]","[1,1,0,1,1,1]",1,1,4,3,home_win,home,0,82
3875,4,"{""single"":[""solutions/game_4/single/rest-010101/top"",""solutions/game_4/single/rest-101010/bot""],""series"":[""solutions/game_4/series/home_wins_2/rest-010101/top"",""solutions/game_4/series/home_wins_2/rest-101010/bot""]}","[0,1,0,1,0,1]","[1,0,1,0,1,0]",2,1,9,1,home_win,home,0,44
3875,5,"{""single"":[""solutions/game_5/single/rest-111111/top"",""solutions/game_5/single/rest-110110/bot""],""series"":[""solutions/game_5/single/rest-111111/top"",""solutions/game_5/single/rest-110110/bot""]}","[1,1,1,1,1,1]","[1,1,0,1,1,0]",3,1,5,2,home_win,home,1,76
3876,1,"{""single"":[""solutions/game_1/single/rest-111111/top"",""solutions/game_1/single/rest-111111/bot""],""series"":[""solutions/game_1/series/rest-111111/top"",""solutions/game_1/series/rest-111111/bot""]}","[1,1,1,1,1,1]","[1,1,1,1,1,1]",0,0,1,1,tie,away,0,76
3876,2,"{""single"":[""solutions/game_2/single/rest-110011/top"",""solutions/game_2/single/rest-101010/bot""],""series"":[""solutions/game_2/series/home_wins_0/rest-110011/top"",""solutions/game_2/series/home_wins_0/rest-101010/bot""]}","[1,1,0,0,1,1]","[1,0,1,0,1,0]",0,1,11,3,home_win,home,0,73
3876,3,"{""single"":[""solutions/game_3/single/rest-111110/top"",""solutions/game_3/single/rest-010111/bot""],""series"":[""solutions/game_3/series/home_wins_1/rest-111110/top"",""solutions/game_3/series/home_wins_1/rest-010111/bot""]}","[1,1,1,1,1,0]","[0,1,0,1,1,1]",1,1,2,4,away_win,away,0,71
3876,4,"{""single"":[""solutions/game_4/single/rest-110011/top"",""solutions/game_4/single/rest-111010/bot""],""series"":[""solutions/game_4/series/home_wins_1/rest-110011/top"",""solutions/game_4/series/home_wins_1/rest-111010/bot""]}","[1,1,0,0,1,1]","[1,1,1,0,1,0]",1,2,2,2,tie,away,0,82
3876,5,"{""single"":[""solutions/game_5/single/rest-101111/top"",""solutions/game_5/single/rest-010111/bot""],""series"":[""solutions/game_5/single/rest-101111/top"",""solutions/game_5/single/rest-010111/bot""]}","[1,0,1,1,1,1]","[0,1,0,1,1,1]",1,3,5,7,away_win,away,1,85
3877,1,"{""single"":[""solutions/game_1/single/rest-111111/top"",""solutions/game_1/single/rest-111111/bot""],""series"":[""solutions/game_1/series/rest-111111/top"",""solutions/game_1/series/rest-111111/bot""]}","[1,1,1,1,1,1]","[1,1,1,1,1,1]",0,0,4,6,away_win,away,0,99
3877,2,"{""single"":[""solutions/game_2/single/rest-000001/top"",""solutions/game_2/single/rest-100110/bot""],""series"":[""solutions/game_2/series/home_wins_0/rest-000001/top"",""solutions/game_2/series/home_wins_0/rest-100110/bot""]}","[0,0,0,0,0,1]","[1,0,0,1,1,0]",0,1,3,9,away_win,away,0,92
3877,3,"{""single"":[""solutions/game_3/single/rest-110110/top"",""solutions/game_3/single/rest-010101/bot""],""series"":[""solutions/game_3/series/home_wins_0/rest-110110/top"",""solutions/game_3/series/home_wins_0/rest-010101/bot""]}","[1,1,0,1,1,0]","[0,1,0,1,0,1]",0,2,9,0,home_win,home,0,22
3877,4,"{""single"":[""solutions/game_4/single/rest-111111/top"",""solutions/game_4/single/rest-111111/bot""],""series"":[""solutions/game_4/series/home_wins_1/rest-111111/top"",""solutions/game_4/series/home_wins_1/rest-111111/bot""]}","[1,1,1,1,1,1]","[1,1,1,1,1,1]",1,2,2,4,away_win,away,0,88
3877,5,"{""single"":[""solutions/game_5/single/rest-111000/top"",""solutions/game_5/single/rest-101110/bot""],""series"":[""solutions/game_5/single/rest-111000/top"",""solutions/game_5/single/rest-101110/bot""]}","[1,1,1,0,0,0]","[1,0,1,1,1,0]",1,3,10,2,home_win,home,1,69
3878,1,"{""single"":[""solutions/game_1/single/rest-111111/top"",""solutions/game_1/single/rest-111111/bot""],""series"":[""solutions/game_1/series/rest-111111/top"",""solutions/game_1/series/rest-111111/bot""]}","[1,1,1,1,1,1]","[1,1,1,1,1,1]",0,0,0,2,away_win,away,0,79
3878,2,"{""single"":[""solutions/game_2/single/rest-111001/top"",""solutions/game_2/single/rest-101110/bot""],""series"":[""solutions/game_2/series/home_wins_0/rest-111001/top"",""solutions/game_2/series/home_wins_0/rest-101110/bot""]}","[1,1,1,0,0,1]","[1,0,1,1,1,0]",0,1,4,5,away_win,away,0,84
3878,3,"{""single"":[""solutions/game_3/single/rest-000110/top"",""solutions/game_3/single/rest-111011/bot""],""series"":[""solutions/game_3/series/home_wins_0/rest-000110/top"",""solutions/game_3/series/home_wins_0/rest-111011/bot""]}","[0,0,0,1,1,0]","[1,1,1,0,1,1]",0,2,8,0,home_win,home,0,51
3878,4,"{""single"":[""solutions/game_4/single/rest-110111/top"",""solutions/game_4/single/rest-111111/bot""],""series"":[""solutions/game_4/series/home_wins_1/rest-110111/top"",""solutions/game_4/series/home_wins_1/rest-111111/bot""]}","[1,1,0,1,1,1]","[1,1,1,1,1,1]",1,2,5,4,home_win,home,0,84
3878,5,"{""single"":[""solutions/game_5/single/rest-111111/top"",""solutions/game_5/single/rest-101010/bot""],""series"":[""solutions/game_5/single/rest-111111/top"",""solutions/game_5/single/rest-101010/bot""]}","[1,1,1,1,1,1]","[1,0,1,0,1,0]",2,2,9,0,home_win,home,0,75
3879,1,"{""single"":[""solutions/game_1/single/rest-111111/top"",""solutions/game_1/single/rest-111111/bot""],""series"":[""solutions/game_1/series/rest-111111/top"",""solutions/game_1/series/rest-111111/bot""]}","[1,1,1,1,1,1]","[1,1,1,1,1,1]",0,0,2,6,away_win,away,0,80
3879,2,"{""single"":[""solutions/game_2/single/rest-011011/top"",""solutions/game_2/single/rest-011110/bot""],""series"":[""solutions/game_2/series/home_wins_0/rest-011011/top"",""solutions/game_2/series/home_wins_0/rest-011110/bot""]}","[0,1,1,0,1,1]","[0,1,1,1,1,0]",0,1,1,3,away_win,away,0,72
3879,3,"{""single"":[""solutions/game_3/single/rest-110110/top"",""solutions/game_3/single/rest-101111/bot""],""series"":[""solutions/game_3/series/home_wins_0/rest-110110/top"",""solutions/game_3/series/home_wins_0/rest-101111/bot""]}","[1,1,0,1,1,0]","[1,0,1,1,1,1]",0,2,0,8,away_win,away,0,24
3879,4,"{""single"":[""solutions/game_4/single/rest-111111/top"",""solutions/game_4/single/rest-101111/bot""],""series"":[""solutions/game_4/single/rest-111111/top"",""solutions/game_4/single/rest-101111/bot""]}","[1,1,1,1,1,1]","[1,0,1,1,1,1]",0,3,3,4,away_win,away,1,81
3879,5,"{""single"":[""solutions/game_5/single/rest-010000/top"",""solutions/game_5/single/rest-111011/bot""],""series"":[""solutions/game_5/single/rest-010000/top"",""solutions/game_5/single/rest-111011/bot""]}","[0,1,0,0,0,0]","[1,1,1,0,1,1]",0,4,6,3,home_win,home,1,80
3880,1,"{""single"":[""solutions/game_1/single/rest-111111/top"",""solutions/game_1/single/rest-111111/bot""],""series"":[""solutions/game_1/series/rest-111111/top"",""solutions/game_1/series/rest-111111/bot""]}","[1,1,1,1,1,1]","[1,1,1,1,1,1]",0,0,2,0,home_win,home,0,65
3880,2,"{""single"":[""solutions/game_2/single/rest-111111/top"",""solutions/game_2/single/rest-011111/bot""],""series"":[""solutions/game_2/series/home_wins_1/rest-111111/top"",""solutions/game_2/series/home_wins_1/rest-011111/bot""]}","[1,1,1,1,1,1]","[0,1,1,1,1,1]",1,0,4,6,away_win,away,0,85
3880,3,"{""single"":[""solutions/game_3/single/rest-010010/top"",""solutions/game_3/single/rest-101010/bot""],""series"":[""solutions/game_3/series/home_wins_1/rest-010010/top"",""solutions/game_3/series/home_wins_1/rest-101010/bot""]}","[0,1,0,0,1,0]","[1,0,1,0,1,0]",1,1,7,7,tie,home,0,103
3880,4,"{""single"":[""solutions/game_4/single/rest-101101/top"",""solutions/game_4/single/rest-100110/bot""],""series"":[""solutions/game_4/series/home_wins_2/rest-101101/top"",""solutions/game_4/series/home_wins_2/rest-100110/bot""]}","[1,0,1,1,0,1]","[1,0,0,1,1,0]",2,1,3,0,home_win,home,0,75
3880,5,"{""single"":[""solutions/game_5/single/rest-111011/top"",""solutions/game_5/single/rest-010011/bot""],""series"":[""solutions/game_5/single/rest-111011/top"",""solutions/game_5/single/rest-010011/bot""]}","[1,1,1,0,1,1]","[0,1,0,0,1,1]",3,1,8,3,home_win,home,1,86
3881,1,"{""single"":[""solutions/game_1/single/rest-111111/top"",""solutions/game_1/single/rest-111111/bot""],""series"":[""solutions/game_1/series/rest-111111/top"",""solutions/game_1/series/rest-111111/bot""]}","[1,1,1,1,1,1]","[1,1,1,1,1,1]",0,0,5,4,home_win,home,0,94
3881,2,"{""single"":[""solutions/game_2/single/rest-100001/top"",""solutions/game_2/single/rest-011110/bot""],""series"":[""solutions/game_2/series/home_wins_1/rest-100001/top"",""solutions/game_2/series/home_wins_1/rest-011110/bot""]}","[1,0,0,0,0,1]","[0,1,1,1,1,0]",1,0,5,7,away_win,away,0,98
3881,3,"{""single"":[""solutions/game_3/single/rest-111110/top"",""solutions/game_3/single/rest-100011/bot""],""series"":[""solutions/game_3/series/home_wins_1/rest-111110/top"",""solutions/game_3/series/home_wins_1/rest-100011/bot""]}","[1,1,1,1,1,0]","[1,0,0,0,1,1]",1,1,8,9,away_win,away,0,90
3881,4,"{""single"":[""solutions/game_4/single/rest-010101/top"",""solutions/game_4/single/rest-111100/bot""],""series"":[""solutions/game_4/series/home_wins_1/rest-010101/top"",""solutions/game_4/series/home_wins_1/rest-111100/bot""]}","[0,1,0,1,0,1]","[1,1,1,1,0,0]",1,2,6,4,home_win,home,0,78
3881,5,"{""single"":[""solutions/game_5/single/rest-101110/top"",""solutions/game_5/single/rest-110111/bot""],""series"":[""solutions/game_5/single/rest-101110/top"",""solutions/game_5/single/rest-110111/bot""]}","[1,0,1,1,1,0]","[1,1,0,1,1,1]",2,2,8,2,home_win,home,0,88
3882,1,"{""single"":[""solutions/game_1/single/rest-111111/top"",""solutions/game_1/single/rest-111111/bot""],""series"":[""solutions/game_1/series/rest-111111/top"",""solutions/game_1/series/rest-111111/bot""]}","[1,1,1,1,1,1]","[1,1,1,1,1,1]",0,0,7,2,home_win,home,0,83
3882,2,"{""single"":[""solutions/game_2/single/rest-111011/top"",""solutions/game_2/single/rest-110111/bot""],""series"":[""solutions/game_2/series/home_wins_1/rest-111011/top"",""solutions/game_2/series/home_wins_1/rest-110111/bot""]}","[1,1,1,0,1,1]","[1,1,0,1,1,1]",1,0,10,4,home_win,home,0,84
3882,3,"{""single"":[""solutions/game_3/single/rest-010100/top"",""solutions/game_3/single/rest-011111/bot""],""series"":[""solutions/game_3/series/home_wins_2/rest-010100/top"",""solutions/game_3/series/home_wins_2/rest-011111/bot""]}","[0,1,0,1,0,0]","[0,1,1,1,1,1]",2,0,4,5,away_win,away,0,88
3882,4,"{""single"":[""solutions/game_4/single/rest-101111/top"",""solutions/game_4/single/rest-101101/bot""],""series"":[""solutions/game_4/series/home_wins_2/rest-101111/top"",""solutions/game_4/series/home_wins_2/rest-101101/bot""]}","[1,0,1,1,1,1]","[1,0,1,1,0,1]",2,1,5,6,away_win,away,0,82
3882,5,"{""single"":[""solutions/game_5/single/rest-010011/top"",""solutions/game_5/single/rest-111110/bot""],""series"":[""solutions/game_5/single/rest-010011/top"",""solutions/game_5/single/rest-111110/bot""]}","[0,1,0,0,1,1]","[1,1,1,1,1,0]",2,2,4,8,away_win,away,0,89
3883,1,"{""single"":[""solutions/game_1/single/rest-111111/top"",""solutions/game_1/single/rest-111111/bot""],""series"":[""solutions/game_1/series/rest-111111/top"",""solutions/game_1/series/rest-111111/bot""]}","[1,1,1,1,1,1]","[1,1,1,1,1,1]",0,0,4,3,home_win,home,0,76
3883,2,"{""single"":[""solutions/game_2/single/rest-110101/top"",""solutions/game_2/single/rest-111111/bot""],""series"":[""solutions/game_2/series/home_wins_1/rest-110101/top"",""solutions/game_2/series/home_wins_1/rest-111111/bot""]}","[1,1,0,1,0,1]","[1,1,1,1,1,1]",1,0,10,9,home_win,home,0,99
3883,3,"{""single"":[""solutions/game_3/single/rest-011110/top"",""solutions/game_3/single/rest-111010/bot""],""series"":[""solutions/game_3/series/home_wins_2/rest-011110/top"",""solutions/game_3/series/home_wins_2/rest-111010/bot""]}","[0,1,1,1,1,0]","[1,1,1,0,1,0]",2,0,5,3,home_win,home,0,80
3883,4,"{""single"":[""solutions/game_4/single/rest-110001/top"",""solutions/game_4/single/rest-000111/bot""],""series"":[""solutions/game_4/single/rest-110001/top"",""solutions/game_4/single/rest-000111/bot""]}","[1,1,0,0,0,1]","[0,0,0,1,1,1]",3,0,5,3,home_win,home,1,75
3883,5,"{""single"":[""solutions/game_5/single/rest-011010/top"",""solutions/game_5/single/rest-111010/bot""],""series"":[""solutions/game_5/single/rest-011010/top"",""solutions/game_5/single/rest-111010/bot""]}","[0,1,1,0,1,0]","[1,1,1,0,1,0]",4,0,1,6,away_win,away,1,74
3884,1,"{""single"":[""solutions/game_1/single/rest-111111/top"",""solutions/game_1/single/rest-111111/bot""],""series"":[""solutions/game_1/series/rest-111111/top"",""solutions/game_1/series/rest-111111/bot""]}","[1,1,1,1,1,1]","[1,1,1,1,1,1]",0,0,4,3,home_win,home,0,77
3884,2,"{""single"":[""solutions/game_2/single/rest-110111/top"",""solutions/game_2/single/rest-001110/bot""],""series"":[""solutions/game_2/series/home_wins_1/rest-110111/top"",""solutions/game_2/series/home_wins_1/rest-001110/bot""]}","[1,1,0,1,1,1]","[0,0,1,1,1,0]",1,0,0,4,away_win,away,0,75
3884,3,"{""single"":[""solutions/game_3/single/rest-011011/top"",""solutions/game_3/single/rest-110011/bot""],""series"":[""solutions/game_3/series/home_wins_1/rest-011011/top"",""solutions/game_3/series/home_wins_1/rest-110011/bot""]}","[0,1,1,0,1,1]","[1,1,0,0,1,1]",1,1,5,1,home_win,home,0,76
3884,4,"{""single"":[""solutions/game_4/single/rest-110001/top"",""solutions/game_4/single/rest-111101/bot""],""series"":[""solutions/game_4/series/home_wins_2/rest-110001/top"",""solutions/game_4/series/home_wins_2/rest-111101/bot""]}","[1,1,0,0,0,1]","[1,1,1,1,0,1]",2,1,2,5,away_win,away,0,81
3884,5,"{""single"":[""solutions/game_5/single/rest-011110/top"",""solutions/game_5/single/rest-011111/bot""],""series"":[""solutions/game_5/single/rest-011110/top"",""solutions/game_5/single/rest-011111/bot""]}","[0,1,1,1,1,0]","[0,1,1,1,1,1]",2,2,7,7,tie,away,0,95
3885,1,"{""single"":[""solutions/game_1/single/rest-111111/top"",""solutions/game_1/single/rest-111111/bot""],""series"":[""solutions/game_1/series/rest-111111/top"",""solutions/game_1/series/rest-111111/bot""]}","[1,1,1,1,1,1]","[1,1,1,1,1,1]",0,0,6,4,home_win,home,0,86
3885,2,"{""single"":[""solutions/game_2/single/rest-010110/top"",""solutions/game_2/single/rest-011110/bot""],""series"":[""solutions/game_2/series/home_wins_1/rest-010110/top"",""solutions/game_2/series/home_wins_1/rest-011110/bot""]}","[0,1,0,1,1,0]","[0,1,1,1,1,0]",1,0,3,5,away_win,away,0,85
3885,3,"{""single"":[""solutions/game_3/single/rest-101101/top"",""solutions/game_3/single/rest-101000/bot""],""series"":[""solutions/game_3/series/home_wins_1/rest-101101/top"",""solutions/game_3/series/home_wins_1/rest-101000/bot""]}","[1,0,1,1,0,1]","[1,0,1,0,0,0]",1,1,2,3,away_win,away,0,74
3885,4,"{""single"":[""solutions/game_4/single/rest-000111/top"",""solutions/game_4/single/rest-110111/bot""],""series"":[""solutions/game_4/series/home_wins_1/rest-000111/top"",""solutions/game_4/series/home_wins_1/rest-110111/bot""]}","[0,0,0,1,1,1]","[1,1,0,1,1,1]",1,2,4,3,home_win,home,0,77
3885,5,"{""single"":[""solutions/game_5/single/rest-111110/top"",""solutions/game_5/single/rest-111111/bot""],""series"":[""solutions/game_5/single/rest-111110/top"",""solutions/game_5/single/rest-111111/bot""]}","[1,1,1,1,1,0]","[1,1,1,1,1,1]",2,2,5,2,home_win,home,0,77
3886,1,"{""single"":[""solutions/game_1/single/rest-111111/top"",""solutions/game_1/single/rest-111111/bot""],""series"":[""solutions/game_1/series/rest-111111/top"",""solutions/game_1/series/rest-111111/bot""]}","[1,1,1,1,1,1]","[1,1,1,1,1,1]",0,0,4,3,home_win,home,0,68
3886,2,"{""single"":[""solutions/game_2/single/rest-110111/top"",""solutions/game_2/single/rest-111110/bot""],""series"":[""solutions/game_2/series/home_wins_1/rest-110111/top"",""solutions/game_2/series/home_wins_1/rest-111110/bot""]}","[1,1,0,1,1,1]","[1,1,1,1,1,0]",1,0,3,2,home_win,home,0,85
3886,3,"{""single"":[""solutions/game_3/single/rest-010001/top"",""solutions/game_3/single/rest-110011/bot""],""series"":[""solutions/game_3/series/home_wins_2/rest-010001/top"",""solutions/game_3/series/home_wins_2/rest-110011/bot""]}","[0,1,0,0,0,1]","[1,1,0,0,1,1]",2,0,8,0,home_win,home,0,37
3886,4,"{""single"":[""solutions/game_4/single/rest-111111/top"",""solutions/game_4/single/rest-111111/bot""],""series"":[""solutions/game_4/single/rest-111111/top"",""solutions/game_4/single/rest-111111/bot""]}","[1,1,1,1,1,1]","[1,1,1,1,1,1]",3,0,7,7,tie,home,1,96
3886,5,"{""single"":[""solutions/game_5/single/rest-001101/top"",""solutions/game_5/single/rest-011011/bot""],""series"":[""solutions/game_5/single/rest-001101/top"",""solutions/game_5/single/rest-011011/bot""]}","[0,0,1,1,0,1]","[0,1,1,0,1,1]",4,0,5,1,home_win,home,1,76
3887,1,"{""single"":[""solutions/game_1/single/rest-111111/top"",""solutions/game_1/single/rest-111111/bot""],""series"":[""solutions/game_1/series/rest-111111/top"",""solutions/game_1/series/rest-111111/bot""]}","[1,1,1,1,1,1]","[1,1,1,1,1,1]",0,0,4,2,home_win,home,0,80
3887,2,"{""single"":[""solutions/game_2/single/rest-110111/top"",""solutions/game_2/single/rest-011011/bot""],""series"":[""solutions/game_2/series/home_wins_1/rest-110111/top"",""solutions/game_2/series/home_wins_1/rest-011011/bot""]}","[1,1,0,1,1,1]","[0,1,1,0,1,1]",1,0,4,12,away_win,away,0,81
3887,3,"{""single"":[""solutions/game_3/single/rest-101011/top"",""solutions/game_3/single/rest-111110/bot""],""series"":[""solutions/game_3/series/home_wins_1/rest-101011/top"",""solutions/game_3/series/home_wins_1/rest-111110/bot""]}","[1,0,1,0,1,1]","[1,1,1,1,1,0]",1,1,6,3,home_win,home,0,73
3887,4,"{""single"":[""solutions/game_4/single/rest-110011/top"",""solutions/game_4/single/rest-010110/bot""],""series"":[""solutions/game_4/series/home_wins_2/rest-110011/top"",""solutions/game_4/series/home_wins_2/rest-010110/bot""]}","[1,1,0,0,1,1]","[0,1,0,1,1,0]",2,1,2,3,away_win,away,0,73
3887,5,"{""single"":[""solutions/game_5/single/rest-011111/top"",""solutions/game_5/single/rest-001101/bot""],""series"":[""solutions/game_5/single/rest-011111/top"",""solutions/game_5/single/rest-001101/bot""]}","[0,1,1,1,1,1]","[0,0,1,1,0,1]",2,2,3,7,away_win,away,0,81
3888,1,"{""single"":[""solutions/game_1/single/rest-111111/top"",""solutions/game_1/single/rest-111111/bot""],""series"":[""solutions/game_1/series/rest-111111/top"",""solutions/game_1/series/rest-111111/bot""]}","[1,1,1,1,1,1]","[1,1,1,1,1,1]",0,0,6,8,away_win,away,0,94
3888,2,"{""single"":[""solutions/game_2/single/rest-000011/top"",""solutions/game_2/single/rest-111110/bot""],""series"":[""solutions/game_2/series/home_wins_0/rest-000011/top"",""solutions/game_2/series/home_wins_0/rest-111110/bot""]}","[0,0,0,0,1,1]","[1,1,1,1,1,0]",0,1,7,2,home_win,home,0,85
3888,3,"{""single"":[""solutions/game_3/single/rest-111110/top"",""solutions/game_3/single/rest-111111/bot""],""series"":[""solutions/game_3/series/home_wins_1/rest-111110/top"",""solutions/game_3/series/home_wins_1/rest-111111/bot""]}","[1,1,1,1,1,0]","[1,1,1,1,1,1]",1,1,5,3,home_win,home,0,82
3888,4,"{""single"":[""solutions/game_4/single/rest-011101/top"",""solutions/game_4/single/rest-001011/bot""],""series"":[""solutions/game_4/series/home_wins_2/rest-011101/top"",""solutions/game_4/series/home_wins_2/rest-001011/bot""]}","[0,1,1,1,0,1]","[0,0,1,0,1,1]",2,1,3,6,away_win,away,0,83
3888,5,"{""single"":[""solutions/game_5/single/rest-011010/top"",""solutions/game_5/single/rest-101101/bot""],""series"":[""solutions/game_5/single/rest-011010/top"",""solutions/game_5/single/rest-101101/bot""]}","[0,1,1,0,1,0]","[1,0,1,1,0,1]",2,2,4,5,away_win,away,0,79
3889,1,"{""single"":[""solutions/game_1/single/rest-111111/top"",""solutions/game_1/single/rest-111111/bot""],""series"":[""solutions/game_1/series/rest-111111/top"",""solutions/game_1/series/rest-111111/bot""]}","[1,1,1,1,1,1]","[1,1,1,1,1,1]",0,0,6,5,home_win,home,0,80
3889,2,"{""single"":[""solutions/game_2/single/rest-111001/top"",""solutions/game_2/single/rest-100110/bot""],""series"":[""solutions/game_2/series/home_wins_1/rest-111001/top"",""solutions/game_2/series/home_wins_1/rest-100110/bot""]}","[1,1,1,0,0,1]","[1,0,0,1,1,0]",1,0,4,4,tie,home,0,94
3889,3,"{""single"":[""solutions/game_3/single/rest-010111/top"",""solutions/game_3/single/rest-011001/bot""],""series"":[""solutions/game_3/series/home_wins_2/rest-010111/top"",""solutions/game_3/series/home_wins_2/rest-011001/bot""]}","[0,1,0,1,1,1]","[0,1,1,0,0,1]",2,0,0,8,away_win,away,0,69
3889,4,"{""single"":[""solutions/game_4/single/rest-111100/top"",""solutions/game_4/single/rest-110111/bot""],""series"":[""solutions/game_4/series/home_wins_2/rest-111100/top"",""solutions/game_4/series/home_wins_2/rest-110111/bot""]}","[1,1,1,1,0,0]","[1,1,0,1,1,1]",2,1,2,6,away_win,away,0,86
3889,5,"{""single"":[""solutions/game_5/single/rest-010011/top"",""solutions/game_5/single/rest-111100/bot""],""series"":[""solutions/game_5/single/rest-010011/top"",""solutions/game_5/single/rest-111100/bot""]}","[0,1,0,0,1,1]","[1,1,1,1,0,0]",2,2,5,3,home_win,home,0,80
3890,1,"{""single"":[""solutions/game_1/single/rest-111111/top"",""solutions/game_1/single/rest-111111/bot""],""series"":[""solutions/game_1/series/rest-111111/top"",""solutions/game_1/series/rest-111111/bot""]}","[1,1,1,1,1,1]","[1,1,1,1,1,1]",0,0,2,6,away_win,away,0,76
3890,2,"{""single"":[""solutions/game_2/single/rest-110111/top"",""solutions/game_2/single/rest-111100/bot""],""series"":[""solutions/game_2/series/home_wins_0/rest-110111/top"",""solutions/game_2/series/home_wins_0/rest-111100/bot""]}","[1,1,0,1,1,1]","[1,1,1,1,0,0]",0,1,6,5,home_win,home,0,95
3890,3,"{""single"":[""solutions/game_3/single/rest-011000/top"",""solutions/game_3/single/rest-111111/bot""],""series"":[""solutions/game_3/series/home_wins_1/rest-011000/top"",""solutions/game_3/series/home_wins_1/rest-111111/bot""]}","[0,1,1,0,0,0]","[1,1,1,1,1,1]",1,1,2,11,away_win,away,0,46
3890,4,"{""single"":[""solutions/game_4/single/rest-111111/top"",""solutions/game_4/single/rest-111111/bot""],""series"":[""solutions/game_4/series/home_wins_1/rest-111111/top"",""solutions/game_4/series/home_wins_1/rest-111111/bot""]}","[1,1,1,1,1,1]","[1,1,1,1,1,1]",1,2,7,12,away_win,away,0,91
3890,5,"{""single"":[""solutions/game_5/single/rest-110000/top"",""solutions/game_5/single/rest-101100/bot""],""series"":[""solutions/game_5/single/rest-110000/top"",""solutions/game_5/single/rest-101100/bot""]}","[1,1,0,0,0,0]","[1,0,1,1,0,0]",1,3,1,0,home_win,home,1,68
3891,1,"{""single"":[""solutions/game_1/single/rest-111111/top"",""solutions/game_1/single/rest-111111/bot""],""series"":[""solutions/game_1/series/rest-111111/top"",""solutions/game_1/series/rest-111111/bot""]}","[1,1,1,1,1,1]","[1,1,1,1,1,1]",0,0,3,2,home_win,home,0,77
3891,2,"{""single"":[""solutions/game_2/single/rest-010001/top"",""solutions/game_2/single/rest-111110/bot""],""series"":[""solutions/game_2/series/home_wins_1/rest-010001/top"",""solutions/game_2/series/home_wins_1/rest-111110/bot""]}","[0,1,0,0,0,1]","[1,1,1,1,1,0]",1,0,1,5,away_win,away,0,78
3891,3,"{""single"":[""solutions/game_3/single/rest-100111/top"",""solutions/game_3/single/rest-111101/bot""],""series"":[""solutions/game_3/series/home_wins_1/rest-100111/top"",""solutions/game_3/series/home_wins_1/rest-111101/bot""]}","[1,0,0,1,1,1]","[1,1,1,1,0,1]",1,1,0,4,away_win,away,0,83
3891,4,"{""single"":[""solutions/game_4/single/rest-111000/top"",""solutions/game_4/single/rest-010111/bot""],""series"":[""solutions/game_4/series/home_wins_1/rest-111000/top"",""solutions/game_4/series/home_wins_1/rest-010111/bot""]}","[1,1,1,0,0,0]","[0,1,0,1,1,1]",1,2,6,5,home_win,home,0,72
3891,5,"{""single"":[""solutions/game_5/single/rest-100111/top"",""solutions/game_5/single/rest-111001/bot""],""series"":[""solutions/game_5/single/rest-100111/top"",""solutions/game_5/single/rest-111001/bot""]}","[1,0,0,1,1,1]","[1,1,1,0,0,1]",2,2,6,5,home_win,home,0,83
3892,1,"{""single"":[""solutions/game_1/single/rest-111111/top"",""solutions/game_1/single/rest-111111/bot""],""series"":[""solutions/game_1/series/rest-111111/top"",""solutions/game_1/series/rest-111111/bot""]}","[1,1,1,1,1,1]","[1,1,1,1,1,1]",0,0,3,2,home_win,home,0,72
3892,2,"{""single"":[""solutions/game_2/single/rest-110011/top"",""solutions/game_2/single/rest-101111/bot""],""series"":[""solutions/game_2/series/home_wins_1/rest-110011/top"",""solutions/game_2/series/home_wins_1/rest-101111/bot""]}","[1,1,0,0,1,1]","[1,0,1,1,1,1]",1,0,9,1,home_win,home,0,80
3892,3,"{""single"":[""solutions/game_3/single/rest-101101/top"",""solutions/game_3/single/rest-111111/bot""],""series"":[""solutions/game_3/series/home_wins_2/rest-101101/top"",""solutions/game_3/series/home_wins_2/rest-111111/bot""]}","[1,0,1,1,0,1]","[1,1,1,1,1,1]",2,0,4,6,away_win,away,0,82
3892,4,"{""single"":[""solutions/game_4/single/rest-111110/top"",""solutions/game_4/single/rest-001110/bot""],""series"":[""solutions/game_4/series/home_wins_2/rest-111110/top"",""solutions/game_4/series/home_wins_2/rest-001110/bot""]}","[1,1,1,1,1,0]","[0,0,1,1,1,0]",2,1,8,6,home_win,home,0,85
3892,5,"{""single"":[""solutions/game_5/single/rest-010001/top"",""solutions/game_5/single/rest-111101/bot""],""series"":[""solutions/game_5/single/rest-010001/top"",""solutions/game_5/single/rest-111101/bot""]}","[0,1,0,0,0,1]","[1,1,1,1,0,1]",3,1,5,2,home_win,home,1,78
3893,1,"{""single"":[""solutions/game_1/single/rest-111111/top"",""solutions/game_1/single/rest-111111/bot""],""series"":[""solutions/game_1/series/rest-111111/top"",""solutions/game_1/series/rest-111111/bot""]}","[1,1,1,1,1,1]","[1,1,1,1,1,1]",0,0,8,2,home_win,home,0,73
3893,2,"{""single"":[""solutions/game_2/single/rest-111001/top"",""solutions/game_2/single/rest-111101/bot""],""series"":[""solutions/game_2/series/home_wins_1/rest-111001/top"",""solutions/game_2/series/home_wins_1/rest-111101/bot""]}","[1,1,1,0,0,1]","[1,1,1,1,0,1]",1,0,4,3,home_win,home,0,90
3893,3,"{""single"":[""solutions/game_3/single/rest-100110/top"",""solutions/game_3/single/rest-101110/bot""],""series"":[""solutions/game_3/series/home_wins_2/rest-100110/top"",""solutions/game_3/series/home_wins_2/rest-101110/bot""]}","[1,0,0,1,1,0]","[1,0,1,1,1,0]",2,0,2,7,away_win,away,0,79
3893,4,"{""single"":[""solutions/game_4/single/rest-011011/top"",""solutions/game_4/single/rest-110111/bot""],""series"":[""solutions/game_4/series/home_wins_2/rest-011011/top"",""solutions/game_4/series/home_wins_2/rest-110111/bot""]}","[0,1,1,0,1,1]","[1,1,0,1,1,1]",2,1,0,5,away_win,away,0,75
3893,5,"{""single"":[""solutions/game_5/single/rest-000101/top"",""solutions/game_5/single/rest-011111/bot""],""series"":[""solutions/game_5/single/rest-000101/top"",""solutions/game_5/single/rest-011111/bot""]}","[0,0,0,1,0,1]","[0,1,1,1,1,1]",2,2,9,8,home_win,home,0,93
3894,1,"{""single"":[""solutions/game_1/single/rest-111111/top"",""solutions/game_1/single/rest-111111/bot""],""series"":[""solutions/game_1/series/rest-111111/top"",""solutions/game_1/series/rest-111111/bot""]}","[1,1,1,1,1,1]","[1,1,1,1,1,1]",0,0,5,1,home_win,home,0,82
3894,2,"{""single"":[""solutions/game_2/single/rest-011001/top"",""solutions/game_2/single/rest-001110/bot""],""series"":[""solutions/game_2/series/home_wins_1/rest-011001/top"",""solutions/game_2/series/home_wins_1/rest-001110/bot""]}","[0,1,1,0,0,1]","[0,0,1,1,1,0]",1,0,10,2,home_win,home,0,55
3894,3,"{""single"":[""solutions/game_3/single/rest-111111/top"",""solutions/game_3/single/rest-111111/bot""],""series"":[""solutions/game_3/series/home_wins_2/rest-111111/top"",""solutions/game_3/series/home_wins_2/rest-111111/bot""]}","[1,1,1,1,1,1]","[1,1,1,1,1,1]",2,0,1,2,away_win,away,0,78
3894,4,"{""single"":[""solutions/game_4/single/rest-011001/top"",""solutions/game_4/single/rest-001111/bot""],""series"":[""solutions/game_4/series/home_wins_2/rest-011001/top"",""solutions/game_4/series/home_wins_2/rest-001111/bot""]}","[0,1,1,0,0,1]","[0,0,1,1,1,1]",2,1,7,9,away_win,away,0,101
3894,5,"{""single"":[""solutions/game_5/single/rest-110111/top"",""solutions/game_5/single/rest-110010/bot""],""series"":[""solutions/game_5/single/rest-110111/top"",""solutions/game_5/single/rest-110010/bot""]}","[1,1,0,1,1,1]","[1,1,0,0,1,0]",2,2,14,6,home_win,home,0,83
3895,1,"{""single"":[""solutions/game_1/single/rest-111111/top"",""solutions/game_1/single/rest-111111/bot""],""series"":[""solutions/game_1/series/rest-111111/top"",""solutions/game_1/series/rest-111111/bot""]}","[1,1,1,1,1,1]","[1,1,1,1,1,1]",0,0,0,2,away_win,away,0,74
3895,2,"{""single"":[""solutions/game_2/single/rest-110101/top"",""solutions/game_2/single/rest-101111/bot""],""series"":[""solutions/game_2/series/home_wins_0/rest-110101/top"",""solutions/game_2/series/home_wins_0/rest-101111/bot""]}","[1,1,0,1,0,1]","[1,0,1,1,1,1]",0,1,8,4,home_win,home,0,85
3895,3,"{""single"":[""solutions/game_3/single/rest-011011/top"",""solutions/game_3/single/rest-011011/bot""],""series"":[""solutions/game_3/series/home_wins_1/rest-011011/top"",""solutions/game_3/series/home_wins_1/rest-011011/bot""]}","[0,1,1,0,1,1]","[0,1,1,0,1,1]",1,1,9,1,home_win,home,0,54
3895,4,"{""single"":[""solutions/game_4/single/rest-101011/top"",""solutions/game_4/single/rest-111111/bot""],""series"":[""solutions/game_4/series/home_wins_2/rest-101011/top"",""solutions/game_4/series/home_wins_2/rest-111111/bot""]}","[1,0,1,0,1,1]","[1,1,1,1,1,1]",2,1,9,5,home_win,home,0,87
3895,5,"{""single"":[""solutions/game_5/single/rest-100000/top"",""solutions/game_5/single/rest-001101/bot""],""series"":[""solutions/game_5/single/rest-100000/top"",""solutions/game_5/single/rest-001101/bot""]}","[1,0,0,0,0,0]","[0,0,1,1,0,1]",3,1,9,5,home_win,home,1,82
3896,1,"{""single"":[""solutions/game_1/single/rest-111111/top"",""solutions/game_1/single/rest-111111/bot""],""series"":[""solutions/game_1/series/rest-111111/top"",""solutions/game_1/series/rest-111111/bot""]}","[1,1,1,1,1,1]","[1,1,1,1,1,1]",0,0,0,8,away_win,away,0,63
3896,2,"{""single"":[""solutions/game_2/single/rest-110001/top"",""solutions/game_2/single/rest-111111/bot""],""series"":[""solutions/game_2/series/home_wins_0/rest-110001/top"",""solutions/game_2/series/home_wins_0/rest-111111/bot""]}","[1,1,0,0,0,1]","[1,1,1,1,1,1]",0,1,8,12,away_win,away,0,88
3896,3,"{""single"":[""solutions/game_3/single/rest-001110/top"",""solutions/game_3/single/rest-010110/bot""],""series"":[""solutions/game_3/series/home_wins_0/rest-001110/top"",""solutions/game_3/series/home_wins_0/rest-010110/bot""]}","[0,0,1,1,1,0]","[0,1,0,1,1,0]",0,2,3,0,home_win,home,0,71
3896,4,"{""single"":[""solutions/game_4/single/rest-110011/top"",""solutions/game_4/single/rest-011111/bot""],""series"":[""solutions/game_4/series/home_wins_1/rest-110011/top"",""solutions/game_4/series/home_wins_1/rest-011111/bot""]}","[1,1,0,0,1,1]","[0,1,1,1,1,1]",1,2,8,0,home_win,home,0,72
3896,5,"{""single"":[""solutions/game_5/single/rest-111101/top"",""solutions/game_5/single/rest-011111/bot""],""series"":[""solutions/game_5/single/rest-111101/top"",""solutions/game_5/single/rest-011111/bot""]}","[1,1,1,1,0,1]","[0,1,1,1,1,1]",2,2,4,9,away_win,away,0,91
3897,1,"{""single"":[""solutions/game_1/single/rest-111111/top"",""solutions/game_1/single/rest-111111/bot""],""series"":[""solutions/game_1/series/rest-111111/top"",""solutions/game_1/series/rest-111111/bot""]}","[1,1,1,1,1,1]","[1,1,1,1,1,1]",0,0,9,1,home_win,home,0,67
3897,2,"{""single"":[""solutions/game_2/single/rest-111101/top"",""solutions/game_2/single/rest-111111/bot""],""series"":[""solutions/game_2/series/home_wins_1/rest-111101/top"",""solutions/game_2/series/home_wins_1/rest-111111/bot""]}","[1,1,1,1,0,1]","[1,1,1,1,1,1]",1,0,4,3,home_win,home,0,85
3897,3,"{""single"":[""solutions/game_3/single/rest-011110/top"",""solutions/game_3/single/rest-011100/bot""],""series"":[""solutions/game_3/series/home_wins_2/rest-011110/top"",""solutions/game_3/series/home_wins_2/rest-011100/bot""]}","[0,1,1,1,1,0]","[0,1,1,1,0,0]",2,0,6,7,away_win,away,0,87
3897,4,"{""single"":[""solutions/game_4/single/rest-110111/top"",""solutions/game_4/single/rest-101011/bot""],""series"":[""solutions/game_4/series/home_wins_2/rest-110111/top"",""solutions/game_4/series/home_wins_2/rest-101011/bot""]}","[1,1,0,1,1,1]","[1,0,1,0,1,1]",2,1,3,0,home_win,home,0,70
3897,5,"{""single"":[""solutions/game_5/single/rest-011101/top"",""solutions/game_5/single/rest-111111/bot""],""series"":[""solutions/game_5/single/rest-011101/top"",""solutions/game_5/single/rest-111111/bot""]}","[0,1,1,1,0,1]","[1,1,1,1,1,1]",3,1,6,5,home_win,home,1,80
3898,1,"{""single"":[""solutions/game_1/single/rest-111111/top"",""solutions/game_1/single/rest-111111/bot""],""series"":[""solutions/game_1/series/rest-111111/top"",""solutions/game_1/series/rest-111111/bot""]}","[1,1,1,1,1,1]","[1,1,1,1,1,1]",0,0,4,0,home_win,home,0,71
3898,2,"{""single"":[""solutions/game_2/single/rest-111001/top"",""solutions/game_2/single/rest-111111/bot""],""series"":[""solutions/game_2/series/home_wins_1/rest-111001/top"",""solutions/game_2/series/home_wins_1/rest-111111/bot""]}","[1,1,1,0,0,1]","[1,1,1,1,1,1]",1,0,3,8,away_win,away,0,91
3898,3,"{""single"":[""solutions/game_3/single/rest-100110/top"",""solutions/game_3/single/rest-011110/bot""],""series"":[""solutions/game_3/series/home_wins_1/rest-100110/top"",""solutions/game_3/series/home_wins_1/rest-011110/bot""]}","[1,0,0,1,1,0]","[0,1,1,1,1,0]",1,1,2,1,home_win,home,0,68
3898,4,"{""single"":[""solutions/game_4/single/rest-111101/top"",""solutions/game_4/single/rest-010111/bot""],""series"":[""solutions/game_4/series/home_wins_2/rest-111101/top"",""solutions/game_4/series/home_wins_2/rest-010111/bot""]}","[1,1,1,1,0,1]","[0,1,0,1,1,1]",2,1,9,10,away_win,away,0,90
3898,5,"{""single"":[""solutions/game_5/single/rest-010010/top"",""solutions/game_5/single/rest-111010/bot""],""series"":[""solutions/game_5/single/rest-010010/top"",""solutions/game_5/single/rest-111010/bot""]}","[0,1,0,0,1,0]","[1,1,1,0,1,0]",2,2,11,9,home_win,home,0,92
3899,1,"{""single"":[""solutions/game_1/single/rest-111111/top"",""solutions/game_1/single/rest-111111/bot""],""series"":[""solutions/game_1/series/rest-111111/top"",""solutions/game_1/series/rest-111111/bot""]}","[1,1,1,1,1,1]","[1,1,1,1,1,1]",0,0,2,10,away_win,away,0,48
3899,2,"{""single"":[""solutions/game_2/single/rest-011111/top"",""solutions/game_2/single/rest-111111/bot""],""series"":[""solutions/game_2/series/home_wins_0/rest-011111/top"",""solutions/game_2/series/home_wins_0/rest-111111/bot""]}","[0,1,1,1,1,1]","[1,1,1,1,1,1]",0,1,1,3,away_win,away,0,80
3899,3,"{""single"":[""solutions/game_3/single/rest-110001/top"",""solutions/game_3/single/rest-111110/bot""],""series"":[""solutions/game_3/series/home_wins_0/rest-110001/top"",""solutions/game_3/series/home_wins_0/rest-111110/bot""]}","[1,1,0,0,0,1]","[1,1,1,1,1,0]",0,2,5,6,away_win,away,0,93
3899,4,"{""single"":[""solutions/game_4/single/rest-111111/top"",""solutions/game_4/single/rest-010111/bot""],""series"":[""solutions/game_4/single/rest-111111/top"",""solutions/game_4/single/rest-010111/bot""]}","[1,1,1,1,1,1]","[0,1,0,1,1,1]",0,3,10,2,home_win,home,1,66
3899,5,"{""single"":[""solutions/game_5/single/rest-011111/top"",""solutions/game_5/single/rest-111111/bot""],""series"":[""solutions/game_5/single/rest-011111/top"",""solutions/game_5/single/rest-111111/bot""]}","[0,1,1,1,1,1]","[1,1,1,1,1,1]",1,3,4,6,away_win,away,1,86
3900,1,"{""single"":[""solutions/game_1/single/rest-111111/top"",""solutions/game_1/single/rest-111111/bot""],""series"":[""solutions/game_1/series/rest-111111/top"",""solutions/game_1/series/rest-111111/bot""]}","[1,1,1,1,1,1]","[1,1,1,1,1,1]",0,0,8,6,home_win,home,0,91
3900,2,"{""single"":[""solutions/game_2/single/rest-010011/top"",""solutions/game_2/single/rest-001010/bot""],""series"":[""solutions/game_2/series/home_wins_1/rest-010011/top"",""solutions/game_2/series/home_wins_1/rest-001010/bot""]}","[0,1,0,0,1,1]","[0,0,1,0,1,0]",1,0,3,6,away_win,away,0,88
3900,3,"{""single"":[""solutions/game_3/single/rest-101101/top"",""solutions/game_3/single/rest-110111/bot""],""series"":[""solutions/game_3/series/home_wins_1/rest-101101/top"",""solutions/game_3/series/home_wins_1/rest-110111/bot""]}","[1,0,1,1,0,1]","[1,1,0,1,1,1]",1,1,1,3,away_win,away,0,75
3900,4,"{""single"":[""solutions/game_4/single/rest-010011/top"",""solutions/game_4/single/rest-001011/bot""],""series"":[""solutions/game_4/series/home_wins_1/rest-010011/top"",""solutions/game_4/series/home_wins_1/rest-001011/bot""]}","[0,1,0,0,1,1]","[0,0,1,0,1,1]",1,2,2,6,away_win,away,0,81
3900,5,"{""single"":[""solutions/game_5/single/rest-111100/top"",""solutions/game_5/single/rest-111110/bot""],""series"":[""solutions/game_5/single/rest-111100/top"",""solutions/game_5/single/rest-111110/bot""]}","[1,1,1,1,0,0]","[1,1,1,1,1,0]",1,3,8,7,home_win,home,1,91
3901,1,"{""single"":[""solutions/game_1/single/rest-111111/top"",""solutions/game_1/single/rest-111111/bot""],""series"":[""solutions/game_1/series/rest-111111/top"",""solutions/game_1/series/rest-111111/bot""]}","[1,1,1,1,1,1]","[1,1,1,1,1,1]",0,0,3,6,away_win,away,0,85
3901,2,"{""single"":[""solutions/game_2/single/rest-011001/top"",""solutions/game_2/single/rest-101111/bot""],""series"":[""solutions/game_2/series/home_wins_0/rest-011001/top"",""solutions/game_2/series/home_wins_0/rest-101111/bot""]}","[0,1,1,0,0,1]","[1,0,1,1,1,1]",0,1,4,3,home_win,home,0,73
3901,3,"{""single"":[""solutions/game_3/single/rest-110110/top"",""solutions/game_3/single/rest-111010/bot""],""series"":[""solutions/game_3/series/home_wins_1/rest-110110/top"",""solutions/game_3/series/home_wins_1/rest-111010/bot""]}","[1,1,0,1,1,0]","[1,1,1,0,1,0]",1,1,6,4,home_win,home,0,80
3901,4,"{""single"":[""solutions/game_4/single/rest-011011/top"",""solutions/game_4/single/rest-110101/bot""],""series"":[""solutions/game_4/series/home_wins_2/rest-011011/top"",""solutions/game_4/series/home_wins_2/rest-110101/bot""]}","[0,1,1,0,1,1]","[1,1,0,1,0,1]",2,1,1,6,away_win,away,0,78
3901,5,"{""single"":[""solutions/game_5/single/rest-101100/top"",""solutions/game_5/single/rest-111011/bot""],""series"":[""solutions/game_5/single/rest-101100/top"",""solutions/game_5/single/rest-111011/bot""]}","[1,0,1,1,0,0]","[1,1,1,0,1,1]",2,2,5,4,home_win,home,0,85
3902,1,"{""single"":[""solutions/game_1/single/rest-111111/top"",""solutions/game_1/single/rest-111111/bot""],""series"":[""solutions/game_1/series/rest-111111/top"",""solutions/game_1/series/rest-111111/bot""]}","[1,1,1,1,1,1]","[1,1,1,1,1,1]",0,0,1,2,away_win,away,0,87
3902,2,"{""single"":[""solutions/game_2/single/rest-111001/top"",""solutions/game_2/single/rest-001000/bot""],""series"":[""solutions/game_2/series/home_wins_0/rest-111001/top"",""solutions/game_2/series/home_wins_0/rest-001000/bot""]}","[1,1,1,0,0,1]","[0,0,1,0,0,0]",0,1,4,2,home_win,home,0,72
3902,3,"{""single"":[""solutions/game_3/single/rest-010111/top"",""solutions/game_3/single/rest-011111/bot""],""series"":[""solutions/game_3/series/home_wins_1/rest-010111/top"",""solutions/game_3/series/home_wins_1/rest-011111/bot""]}","[0,1,0,1,1,1]","[0,1,1,1,1,1]",1,1,2,1,home_win,home,0,66
3902,4,"{""single"":[""solutions/game_4/single/rest-101001/top"",""solutions/game_4/single/rest-111110/bot""],""series"":[""solutions/game_4/series/home_wins_2/rest-101001/top"",""solutions/game_4/series/home_wins_2/rest-111110/bot""]}","[1,0,1,0,0,1]","[1,1,1,1,1,0]",2,1,1,3,away_win,away,0,85
3902,5,"{""single"":[""solutions/game_5/single/rest-010110/top"",""solutions/game_5/single/rest-001011/bot""],""series"":[""solutions/game_5/single/rest-010110/top"",""solutions/game_5/single/rest-001011/bot""]}","[0,1,0,1,1,0]","[0,0,1,0,1,1]",2,2,0,9,away_win,away,0,36
3903,1,"{""single"":[""solutions/game_1/single/rest-111111/top"",""solutions/game_1/single/rest-111111/bot""],""series"":[""solutions/game_1/series/rest-111111/top"",""solutions/game_1/series/rest-111111/bot""]}","[1,1,1,1,1,1]","[1,1,1,1,1,1]",0,0,4,4,tie,home,0,88
3903,2,"{""single"":[""solutions/game_2/single/rest-011011/top"",""solutions/game_2/single/rest-101111/bot""],""series"":[""solutions/game_2/series/home_wins_1/rest-011011/top"",""solutions/game_2/series/home_wins_1/rest-101111/bot""]}","[0,1,1,0,1,1]","[1,0,1,1,1,1]",1,0,1,0,home_win,home,0,72
3903,3,"{""single"":[""solutions/game_3/single/rest-110101/top"",""solutions/game_3/single/rest-111110/bot""],""series"":[""solutions/game_3/series/home_wins_2/rest-110101/top"",""solutions/game_3/series/home_wins_2/rest-111110/bot""]}","[1,1,0,1,0,1]","[1,1,1,1,1,0]",2,0,5,4,home_win,home,0,79
3903,4,"{""single"":[""solutions/game_4/single/rest-001010/top"",""solutions/game_4/single/rest-001111/bot""],""series"":[""solutions/game_4/single/rest-001010/top"",""solutions/game_4/single/rest-001111/bot""]}","[0,0,1,0,1,0]","[0,0,1,1,1,1]",3,0,1,3,away_win,away,1,79
3903,5,"{""single"":[""solutions/game_5/single/rest-110111/top"",""solutions/game_5/single/rest-101110/bot""],""series"":[""solutions/game_5/single/rest-110111/top"",""solutions/game_5/single/rest-101110/bot""]}","[1,1,0,1,1,1]","[1,0,1,1,1,0]",3,1,2,0,home_win,home,1,74
3904,1,"{""single"":[""solutions/game_1/single/rest-111111/top"",""solutions/game_1/single/rest-111111/bot""],""series"":[""solutions/game_1/series/rest-111111/top"",""solutions/game_1/series/rest-111111/bot""]}","[1,1,1,1,1,1]","[1,1,1,1,1,1]",0,0,1,4,away_win,away,0,73
3904,2,"{""single"":[""solutions/game_2/single/rest-111111/top"",""solutions/game_2/single/rest-111010/bot""],""series"":[""solutions/game_2/series/home_wins_0/rest-111111/top"",""solutions/game_2/series/home_wins_0/rest-111010/bot""]}","[1,1,1,1,1,1]","[1,1,1,0,1,0]",0,1,1,4,away_win,away,0,74
3904,3,"{""single"":[""solutions/game_3/single/rest-010111/top"",""solutions/game_3/single/rest-111111/bot""],""series"":[""solutions/game_3/series/home_wins_0/rest-010111/top"",""solutions/game_3/series/home_wins_0/rest-111111/bot""]}","[0,1,0,1,1,1]","[1,1,1,1,1,1]",0,2,1,2,away_win,away,0,76
3904,4,"{""single"":[""solutions/game_4/single/rest-111000/top"",""solutions/game_4/single/rest-001111/bot""],""series"":[""solutions/game_4/single/rest-111000/top"",""solutions/game_4/single/rest-001111/bot""]}","[1,1,1,0,0,0]","[0,0,1,1,1,1]",0,3,7,5,home_win,home,1,86
3904,5,"{""single"":[""solutions/game_5/single/rest-001111/top"",""solutions/game_5/single/rest-111000/bot""],""series"":[""solutions/game_5/single/rest-001111/top"",""solutions/game_5/single/rest-111000/bot""]}","[0,0,1,1,1,1]","[1,1,1,0,0,0]",1,3,0,11,away_win,away,1,38
3905,1,"{""single"":[""solutions/game_1/single/rest-111111/top"",""solutions/game_1/single/rest-111111/bot""],""series"":[""solutions/game_1/series/rest-111111/top"",""solutions/game_1/series/rest-111111/bot""]}","[1,1,1,1,1,1]","[1,1,1,1,1,1]",0,0,5,9,away_win,away,0,90
3905,2,"{""single"":[""solutions/game_2/single/rest-011000/top"",""solutions/game_2/single/rest-111011/bot""],""series"":[""solutions/game_2/series/home_wins_0/rest-011000/top"",""solutions/game_2/series/home_wins_0/rest-111011/bot""]}","[0,1,1,0,0,0]","[1,1,1,0,1,1]",0,1,12,4,home_win,home,0,83
3905,3,"{""single"":[""solutions/game_3/single/rest-100100/top"",""solutions/game_3/single/rest-110111/bot""],""series"":[""solutions/game_3/series/home_wins_1/rest-100100/top"",""solutions/game_3/series/home_wins_1/rest-110111/bot""]}","[1,0,0,1,0,0]","[1,1,0,1,1,1]",1,1,6,3,home_win,home,0,80
3905,4,"{""single"":[""solutions/game_4/single/rest-110001/top"",""solutions/game_4/single/rest-111111/bot""],""series"":[""solutions/game_4/series/home_wins_2/rest-110001/top"",""solutions/game_4/series/home_wins_2/rest-111111/bot""]}","[1,1,0,0,0,1]","[1,1,1,1,1,1]",2,1,5,2,home_win,home,0,83
3905,5,"{""single"":[""solutions/game_5/single/rest-111111/top"",""solutions/game_5/single/rest-101110/bot""],""series"":[""solutions/game_5/single/rest-111111/top"",""solutions/game_5/single/rest-101110/bot""]}","[1,1,1,1,1,1]","[1,0,1,1,1,0]",3,1,8,3,home_win,home,1,77
3906,1,"{""single"":[""solutions/game_1/single/rest-111111/top"",""solutions/game_1/single/rest-111111/bot""],""series"":[""solutions/game_1/series/rest-111111/top"",""solutions/game_1/series/rest-111111/bot""]}","[1,1,1,1,1,1]","[1,1,1,1,1,1]",0,0,2,5,away_win,away,0,82
3906,2,"{""single"":[""solutions/game_2/single/rest-011010/top"",""solutions/game_2/single/rest-111100/bot""],""series"":[""solutions/game_2/series/home_wins_0/rest-011010/top"",""solutions/game_2/series/home_wins_0/rest-111100/bot""]}","[0,1,1,0,1,0]","[1,1,1,1,0,0]",0,1,6,1,home_win,home,0,74
3906,3,"{""single"":[""solutions/game_3/single/rest-100111/top"",""solutions/game_3/single/rest-111111/bot""],""series"":[""solutions/game_3/series/home_wins_1/rest-100111/top"",""solutions/game_3/series/home_wins_1/rest-111111/bot""]}","[1,0,0,1,1,1]","[1,1,1,1,1,1]",1,1,1,6,away_win,away,0,81
3906,4,"{""single"":[""solutions/game_4/single/rest-011110/top"",""solutions/game_4/single/rest-111010/bot""],""series"":[""solutions/game_4/series/home_wins_1/rest-011110/top"",""solutions/game_4/series/home_wins_1/rest-111010/bot""]}","[0,1,1,1,1,0]","[1,1,1,0,1,0]",1,2,4,7,away_win,away,0,88
3906,5,"{""single"":[""solutions/game_5/single/rest-100100/top"",""solutions/game_5/single/rest-001111/bot""],""series"":[""solutions/game_5/single/rest-100100/top"",""solutions/game_5/single/rest-001111/bot""]}","[1,0,0,1,0,0]","[0,0,1,1,1,1]",1,3,5,10,away_win,away,1,92
3907,1,"{""single"":[""solutions/game_1/single/rest-111111/top"",""solutions/game_1/single/rest-111111/bot""],""series"":[""solutions/game_1/series/rest-111111/top"",""solutions/game_1/series/rest-111111/bot""]}","[1,1,1,1,1,1]","[1,1,1,1,1,1]",0,0,10,11,away_win,away,0,99
3907,2,"{""single"":[""solutions/game_2/single/rest-110000/top"",""solutions/game_2/single/rest-001110/bot""],""series"":[""solutions/game_2/series/home_wins_0/rest-110000/top"",""solutions/game_2/series/home_wins_0/rest-001110/bot""]}","[1,1,0,0,0,0]","[0,0,1,1,1,0]",0,1,3,5,away_win,away,0,83
3907,3,"{""single"":[""solutions/game_3/single/rest-111111/top"",""solutions/game_3/single/rest-110001/bot""],""series"":[""solutions/game_3/series/home_wins_0/rest-111111/top"",""solutions/game_3/series/home_wins_0/rest-110001/bot""]}","[1,1,1,1,1,1]","[1,1,0,0,0,1]",0,2,7,10,away_win,away,0,100
3907,4,"{""single"":[""solutions/game_4/single/rest-100100/top"",""solutions/game_4/single/rest-011110/bot""],""series"":[""solutions/game_4/single/rest-100100/top"",""solutions/game_4/single/rest-011110/bot""]}","[1,0,0,1,0,0]","[0,1,1,1,1,0]",0,3,2,10,away_win,away,1,42
3907,5,"{""single"":[""solutions/game_5/single/rest-111111/top"",""solutions/game_5/single/rest-111111/bot""],""series"":[""solutions/game_5/single/rest-111111/top"",""solutions/game_5/single/rest-111111/bot""]}","[1,1,1,1,1,1]","[1,1,1,1,1,1]",0,4,8,0,home_win,home,1,31
3908,1,"{""single"":[""solutions/game_1/single/rest-111111/top"",""solutions/game_1/single/rest-111111/bot""],""series"":[""solutions/game_1/series/rest-111111/top"",""solutions/game_1/series/rest-111111/bot""]}","[1,1,1,1,1,1]","[1,1,1,1,1,1]",0,0,7,6,home_win,home,0,90
3908,2,"{""single"":[""solutions/game_2/single/rest-011000/top"",""solutions/game_2/single/rest-001111/bot""],""series"":[""solutions/game_2/series/home_wins_1/rest-011000/top"",""solutions/game_2/series/home_wins_1/rest-001111/bot""]}","[0,1,1,0,0,0]","[0,0,1,1,1,1]",1,0,5,12,away_win,away,0,94
3908,3,"{""single"":[""solutions/game_3/single/rest-111111/top"",""solutions/game_3/single/rest-010100/bot""],""series"":[""solutions/game_3/series/home_wins_1/rest-111111/top"",""solutions/game_3/series/home_wins_1/rest-010100/bot""]}","[1,1,1,1,1,1]","[0,1,0,1,0,0]",1,1,8,0,home_win,home,0,41
3908,4,"{""single"":[""solutions/game_4/single/rest-111111/top"",""solutions/game_4/single/rest-111111/bot""],""series"":[""solutions/game_4/series/home_wins_2/rest-111111/top"",""solutions/game_4/series/home_wins_2/rest-111111/bot""]}","[1,1,1,1,1,1]","[1,1,1,1,1,1]",2,1,1,9,away_win,away,0,85
3908,5,"{""single"":[""solutions/game_5/single/rest-010001/top"",""solutions/game_5/single/rest-110111/bot""],""series"":[""solutions/game_5/single/rest-010001/top"",""solutions/game_5/single/rest-110111/bot""]}","[0,1,0,0,0,1]","[1,1,0,1,1,1]",2,2,5,8,away_win,away,0,90
3909,1,"{""single"":[""solutions/game_1/single/rest-111111/top"",""solutions/game_1/single/rest-111111/bot""],""series"":[""solutions/game_1/series/rest-111111/top"",""solutions/game_1/series/rest-111111/bot""]}","[1,1,1,1,1,1]","[1,1,1,1,1,1]",0,0,1,4,away_win,away,0,76
3909,2,"{""single"":[""solutions/game_2/single/rest-010001/top"",""solutions/game_2/single/rest-011110/bot""],""series"":[""solutions/game_2/series/home_wins_0/rest-010001/top"",""solutions/game_2/series/home_wins_0/rest-011110/bot""]}","[0,1,0,0,0,1]","[0,1,1,1,1,0]",0,1,1,0,home_win,home,0,65
3909,3,"{""single"":[""solutions/game_3/single/rest-101110/top"",""solutions/game_3/single/rest-010101/bot""],""series"":[""solutions/game_3/series/home_wins_1/rest-101110/top"",""solutions/game_3/series/home_wins_1/rest-010101/bot""]}","[1,0,1,1,1,0]","[0,1,0,1,0,1]",1,1,6,10,away_win,away,0,90
3909,4,"{""single"":[""solutions/game_4/single/rest-011011/top"",""solutions/game_4/single/rest-111111/bot""],""series"":[""solutions/game_4/series/home_wins_1/rest-011011/top"",""solutions/game_4/series/home_wins_1/rest-111111/bot""]}","[0,1,1,0,1,1]","[1,1,1,1,1,1]",1,2,5,10,away_win,away,0,90
3909,5,"{""single"":[""solutions/game_5/single/rest-100100/top"",""solutions/game_5/single/rest-001110/bot""],""series"":[""solutions/game_5/single/rest-100100/top"",""solutions/game_5/single/rest-001110/bot""]}","[1,0,0,1,0,0]","[0,0,1,1,1,0]",1,3,0,8,away_win,away,1,48
3910,1,"{""single"":[""solutions/game_1/single/rest-111111/top"",""solutions/game_1/single/rest-111111/bot""],""series"":[""solutions/game_1/series/rest-111111/top"",""solutions/game_1/series/rest-111111/bot""]}","[1,1,1,1,1,1]","[1,1,1,1,1,1]",0,0,6,3,home_win,home,0,77
3910,2,"{""single"":[""solutions/game_2/single/rest-111011/top"",""solutions/game_2/single/rest-110101/bot""],""series"":[""solutions/game_2/series/home_wins_1/rest-111011/top"",""solutions/game_2/series/home_wins_1/rest-110101/bot""]}","[1,1,1,0,1,1]","[1,1,0,1,0,1]",1,0,8,7,home_win,home,0,82
3910,3,"{""single"":[""solutions/game_3/single/rest-010000/top"",""solutions/game_3/single/rest-111111/bot""],""series"":[""solutions/game_3/series/home_wins_2/rest-010000/top"",""solutions/game_3/series/home_wins_2/rest-111111/bot""]}","[0,1,0,0,0,0]","[1,1,1,1,1,1]",2,0,11,8,home_win,home,0,95
3910,4,"{""single"":[""solutions/game_4/single/rest-101111/top"",""solutions/game_4/single/rest-011010/bot""],""series"":[""solutions/game_4/single/rest-101111/top"",""solutions/game_4/single/rest-011010/bot""]}","[1,0,1,1,1,1]","[0,1,1,0,1,0]",3,0,5,3,home_win,home,1,78
3910,5,"{""single"":[""solutions/game_5/single/rest-010001/top"",""solutions/game_5/single/rest-111101/bot""],""series"":[""solutions/game_5/single/rest-010001/top"",""solutions/game_5/single/rest-111101/bot""]}","[0,1,0,0,0,1]","[1,1,1,1,0,1]",4,0,12,8,home_win,home,1,93
3911,1,"{""single"":[""solutions/game_1/single/rest-111111/top"",""solutions/game_1/single/rest-111111/bot""],""series"":[""solutions/game_1/series/rest-111111/top"",""solutions/game_1/series/rest-111111/bot""]}","[1,1,1,1,1,1]","[1,1,1,1,1,1]",0,0,7,11,away_win,away,0,90
3911,2,"{""single"":[""solutions/game_2/single/rest-110110/top"",""solutions/game_2/single/rest-110101/bot""],""series"":[""solutions/game_2/series/home_wins_0/rest-110110/top"",""solutions/game_2/series/home_wins_0/rest-110101/bot""]}","[1,1,0,1,1,0]","[1,1,0,1,0,1]",0,1,4,12,away_win,away,0,68
3911,3,"{""single"":[""solutions/game_3/single/rest-011111/top"",""solutions/game_3/single/rest-011111/bot""],""series"":[""solutions/game_3/series/home_wins_0/rest-011111/top"",""solutions/game_3/series/home_wins_0/rest-011111/bot""]}","[0,1,1,1,1,1]","[0,1,1,1,1,1]",0,2,1,1,tie,away,0,82
3911,4,"{""single"":[""solutions/game_4/single/rest-111110/top"",""solutions/game_4/single/rest-101110/bot""],""series"":[""solutions/game_4/single/rest-111110/top"",""solutions/game_4/single/rest-101110/bot""]}","[1,1,1,1,1,0]","[1,0,1,1,1,0]",0,3,4,5,away_win,away,1,85
3911,5,"{""single"":[""solutions/game_5/single/rest-010001/top"",""solutions/game_5/single/rest-010111/bot""],""series"":[""solutions/game_5/single/rest-010001/top"",""solutions/game_5/single/rest-010111/bot""]}","[0,1,0,0,0,1]","[0,1,0,1,1,1]",0,4,3,1,home_win,home,1,73
3912,1,"{""single"":[""solutions/game_1/single/rest-111111/top"",""solutions/game_1/single/rest-111111/bot""],""series"":[""solutions/game_1/series/rest-111111/top"",""solutions/game_1/series/rest-111111/bot""]}","[1,1,1,1,1,1]","[1,1,1,1,1,1]",0,0,6,5,home_win,home,0,98
3912,2,"{""single"":[""solutions/game_2/single/rest-011001/top"",""solutions/game_2/single/rest-110010/bot""],""series"":[""solutions/game_2/series/home_wins_1/rest-011001/top"",""solutions/game_2/series/home_wins_1/rest-110010/bot""]}","[0,1,1,0,0,1]","[1,1,0,0,1,0]",1,0,10,2,home_win,home,0,48
3912,3,"{""single"":[""solutions/game_3/single/rest-011101/top"",""solutions/game_3/single/rest-111100/bot""],""series"":[""solutions/game_3/series/home_wins_2/rest-011101/top"",""solutions/game_3/series/home_wins_2/rest-111100/bot""]}","[0,1,1,1,0,1]","[1,1,1,1,0,0]",2,0,3,5,away_win,away,0,79
3912,4,"{""single"":[""solutions/game_4/single/rest-111010/top"",""solutions/game_4/single/rest-100001/bot""],""series"":[""solutions/game_4/series/home_wins_2/rest-111010/top"",""solutions/game_4/series/home_wins_2/rest-100001/bot""]}","[1,1,1,0,1,0]","[1,0,0,0,0,1]",2,1,7,4,home_win,home,0,81
3912,5,"{""single"":[""solutions/game_5/single/rest-110101/top"",""solutions/game_5/single/rest-111010/bot""],""series"":[""solutions/game_5/single/rest-110101/top"",""solutions/game_5/single/rest-111010/bot""]}","[1,1,0,1,0,1]","[1,1,1,0,1,0]",3,1,6,1,home_win,home,1,77
3913,1,"{""single"":[""solutions/game_1/single/rest-111111/top"",""solutions/game_1/single/rest-111111/bot""],""series"":[""solutions/game_1/series/rest-111111/top"",""solutions/game_1/series/rest-111111/bot""]}","[1,1,1,1,1,1]","[1,1,1,1,1,1]",0,0,5,3,home_win,home,0,80
3913,2,"{""single"":[""solutions/game_2/single/rest-010001/top"",""solutions/game_2/single/rest-111111/bot""],""series"":[""solutions/game_2/series/home_wins_1/rest-010001/top"",""solutions/game_2/series/home_wins_1/rest-111111/bot""]}","[0,1,0,0,0,1]","[1,1,1,1,1,1]",1,0,1,4,away_win,away,0,87
3913,3,"{""single"":[""solutions/game_3/single/rest-100110/top"",""solutions/game_3/single/rest-001110/bot""],""series"":[""solutions/game_3/series/home_wins_1/rest-100110/top"",""solutions/game_3/series/home_wins_1/rest-001110/bot""]}","[1,0,0,1,1,0]","[0,0,1,1,1,0]",1,1,3,2,home_win,home,0,72
3913,4,"{""single"":[""solutions/game_4/single/rest-011011/top"",""solutions/game_4/single/rest-110011/bot""],""series"":[""solutions/game_4/series/home_wins_2/rest-011011/top"",""solutions/game_4/series/home_wins_2/rest-110011/bot""]}","[0,1,1,0,1,1]","[1,1,0,0,1,1]",2,1,5,4,home_win,home,0,78
3913,5,"{""single"":[""solutions/game_5/single/rest-100111/top"",""solutions/game_5/single/rest-111010/bot""],""series"":[""solutions/game_5/single/rest-100111/top"",""solutions/game_5/single/rest-111010/bot""]}","[1,0,0,1,1,1]","[1,1,1,0,1,0]",3,1,8,4,home_win,home,1,84
3914,1,"{""single"":[""solutions/game_1/single/rest-111111/top"",""solutions/game_1/single/rest-111111/bot""],""series"":[""solutions/game_1/series/rest-111111/top"",""solutions/game_1/series/rest-111111/bot""]}","[1,1,1,1,1,1]","[1,1,1,1,1,1]",0,0,4,3,home_win,home,0,77
3914,2,"{""single"":[""solutions/game_2/single/rest-010011/top"",""solutions/game_2/single/rest-011101/bot""],""series"":[""solutions/game_2/series/home_wins_1/rest-010011/top"",""solutions/game_2/series/home_wins_1/rest-011101/bot""]}","[0,1,0,0,1,1]","[0,1,1,1,0,1]",1,0,3,4,away_win,away,0,83
3914,3,"{""single"":[""solutions/game_3/single/rest-101100/top"",""solutions/game_3/single/rest-100100/bot""],""series"":[""solutions/game_3/series/home_wins_1/rest-101100/top"",""solutions/game_3/series/home_wins_1/rest-100100/bot""]}","[1,0,1,1,0,0]","[1,0,0,1,0,0]",1,1,6,5,home_win,home,0,79
3914,4,"{""single"":[""solutions/game_4/single/rest-010011/top"",""solutions/game_4/single/rest-000111/bot""],""series"":[""solutions/game_4/series/home_wins_2/rest-010011/top"",""solutions/game_4/series/home_wins_2/rest-000111/bot""]}","[0,1,0,0,1,1]","[0,0,0,1,1,1]",2,1,4,12,away_win,away,0,63
3914,5,"{""single"":[""solutions/game_5/single/rest-101001/top"",""solutions/game_5/single/rest-111101/bot""],""series"":[""solutions/game_5/single/rest-101001/top"",""solutions/game_5/single/rest-111101/bot""]}","[1,0,1,0,0,1]","[1,1,1,1,0,1]",2,2,5,7,away_win,away,0,86
3915,1,"{""single"":[""solutions/game_1/single/rest-111111/top"",""solutions/game_1/single/rest-111111/bot""],""series"":[""solutions/game_1/series/rest-111111/top"",""solutions/game_1/series/rest-111111/bot""]}","[1,1,1,1,1,1]","[1,1,1,1,1,1]",0,0,5,7,away_win,away,0,77
3915,2,"{""single"":[""solutions/game_2/single/rest-011101/top"",""solutions/game_2/single/rest-111100/bot""],""series"":[""solutions/game_2/series/home_wins_0/rest-011101/top"",""solutions/game_2/series/home_wins_0/rest-111100/bot""]}","[0,1,1,1,0,1]","[1,1,1,1,0,0]",0,1,5,4,home_win,home,0,85
3915,3,"{""single"":[""solutions/game_3/single/rest-101011/top"",""solutions/game_3/single/rest-111111/bot""],""series"":[""solutions/game_3/series/home_wins_1/rest-101011/top"",""solutions/game_3/series/home_wins_1/rest-111111/bot""]}","[1,0,1,0,1,1]","[1,1,1,1,1,1]",1,1,6,5,home_win,home,0,80
3915,4,"{""single"":[""solutions/game_4/single/rest-110101/top"",""solutions/game_4/single/rest-001111/bot""],""series"":[""solutions/game_4/series/home_wins_2/rest-110101/top"",""solutions/game_4/series/home_wins_2/rest-001111/bot""]}","[1,1,0,1,0,1]","[0,0,1,1,1,1]",2,1,3,7,away_win,away,0,82
3915,5,"{""single"":[""solutions/game_5/single/rest-011110/top"",""solutions/game_5/single/rest-110101/bot""],""series"":[""solutions/game_5/single/rest-011110/top"",""solutions/game_5/single/rest-110101/bot""]}","[0,1,1,1,1,0]","[1,1,0,1,0,1]",2,2,4,8,away_win,away,0,89
3916,1,"{""single"":[""solutions/game_1/single/rest-111111/top"",""solutions/game_1/single/rest-111111/bot""],""series"":[""solutions/game_1/series/rest-111111/top"",""solutions/game_1/series/rest-111111/bot""]}","[1,1,1,1,1,1]","[1,1,1,1,1,1]",0,0,11,2,home_win,home,0,79
3916,2,"{""single"":[""solutions/game_2/single/rest-010011/top"",""solutions/game_2/single/rest-110111/bot""],""series"":[""solutions/game_2/series/home_wins_1/rest-010011/top"",""solutions/game_2/series/home_wins_1/rest-110111/bot""]}","[0,1,0,0,1,1]","[1,1,0,1,1,1]",1,0,5,6,away_win,away,0,91
3916,3,"{""single"":[""solutions/game_3/single/rest-101110/top"",""solutions/game_3/single/rest-001010/bot""],""series"":[""solutions/game_3/series/home_wins_1/rest-101110/top"",""solutions/game_3/series/home_wins_1/rest-001010/bot""]}","[1,0,1,1,1,0]","[0,0,1,0,1,0]",1,1,7,4,home_win,home,0,85
3916,4,"{""single"":[""solutions/game_4/single/rest-010001/top"",""solutions/game_4/single/rest-110101/bot""],""series"":[""solutions/game_4/series/home_wins_2/rest-010001/top"",""solutions/game_4/series/home_wins_2/rest-110101/bot""]}","[0,1,0,0,0,1]","[1,1,0,1,0,1]",2,1,5,3,home_win,home,0,73
3916,5,"{""single"":[""solutions/game_5/single/rest-100110/top"",""solutions/game_5/single/rest-101011/bot""],""series"":[""solutions/game_5/single/rest-100110/top"",""solutions/game_5/single/rest-101011/bot""]}","[1,0,0,1,1,0]","[1,0,1,0,1,1]",3,1,11,12,away_win,away,1,108
3917,1,"{""single"":[""solutions/game_1/single/rest-111111/top"",""solutions/game_1/single/rest-111111/bot""],""series"":[""solutions/game_1/series/rest-111111/top"",""solutions/game_1/series/rest-111111/bot""]}","[1,1,1,1,1,1]","[1,1,1,1,1,1]",0,0,8,9,away_win,away,0,89
3917,2,"{""single"":[""solutions/game_2/single/rest-110001/top"",""solutions/game_2/single/rest-101100/bot""],""series"":[""solutions/game_2/series/home_wins_0/rest-110001/top"",""solutions/game_2/series/home_wins_0/rest-101100/bot""]}","[1,1,0,0,0,1]","[1,0,1,1,0,0]",0,1,5,4,home_win,home,0,81
3917,3,"{""single"":[""solutions/game_3/single/rest-001111/top"",""solutions/game_3/single/rest-010011/bot""],""series"":[""solutions/game_3/series/home_wins_1/rest-001111/top"",""solutions/game_3/series/home_wins_1/rest-010011/bot""]}","[0,0,1,1,1,1]","[0,1,0,0,1,1]",1,1,5,6,away_win,away,0,86
3917,4,"{""single"":[""solutions/game_4/single/rest-110010/top"",""solutions/game_4/single/rest-100100/bot""],""series"":[""solutions/game_4/series/home_wins_1/rest-110010/top"",""solutions/game_4/series/home_wins_1/rest-100100/bot""]}","[1,1,0,0,1,0]","[1,0,0,1,0,0]",1,2,1,9,away_win,away,0,37
3917,5,"{""single"":[""solutions/game_5/single/rest-111111/top"",""solutions/game_5/single/rest-111111/bot""],""series"":[""solutions/game_5/single/rest-111111/top"",""solutions/game_5/single/rest-111111/bot""]}","[1,1,1,1,1,1]","[1,1,1,1,1,1]",1,3,5,2,home_win,home,1,78
3918,1,"{""single"":[""solutions/game_1/single/rest-111111/top"",""solutions/game_1/single/rest-111111/bot""],""series"":[""solutions/game_1/series/rest-111111/top"",""solutions/game_1/series/rest-111111/bot""]}","[1,1,1,1,1,1]","[1,1,1,1,1,1]",0,0,3,8,away_win,away,0,84
3918,2,"{""single"":[""solutions/game_2/single/rest-010101/top"",""solutions/game_2/single/rest-001111/bot""],""series"":[""solutions/game_2/series/home_wins_0/rest-010101/top"",""solutions/game_2/series/home_wins_0/rest-001111/bot""]}","[0,1,0,1,0,1]","[0,0,1,1,1,1]",0,1,5,6,away_win,away,0,79
3918,3,"{""single"":[""solutions/game_3/single/rest-101111/top"",""solutions/game_3/single/rest-111010/bot""],""series"":[""solutions/game_3/series/home_wins_0/rest-101111/top"",""solutions/game_3/series/home_wins_0/rest-111010/bot""]}","[1,0,1,1,1,1]","[1,1,1,0,1,0]",0,2,2,2,tie,away,0,91
3918,4,"{""single"":[""solutions/game_4/single/rest-010011/top"",""solutions/game_4/single/rest-011111/bot""],""series"":[""solutions/game_4/single/rest-010011/top"",""solutions/game_4/single/rest-011111/bot""]}","[0,1,0,0,1,1]","[0,1,1,1,1,1]",0,3,5,2,home_win,home,1,74
3918,5,"{""single"":[""solutions/game_5/single/rest-111100/top"",""solutions/game_5/single/rest-101110/bot""],""series"":[""solutions/game_5/single/rest-111100/top"",""solutions/game_5/single/rest-101110/bot""]}","[1,1,1,1,0,0]","[1,0,1,1,1,0]",1,3,5,10,away_win,away,1,92
3919,1,"{""single"":[""solutions/game_1/single/rest-111111/top"",""solutions/game_1/single/rest-111111/bot""],""series"":[""solutions/game_1/series/rest-111111/top"",""solutions/game_1/series/rest-111111/bot""]}","[1,1,1,1,1,1]","[1,1,1,1,1,1]",0,0,9,1,home_win,home,0,60
3919,2,"{""single"":[""solutions/game_2/single/rest-111111/top"",""solutions/game_2/single/rest-111101/bot""],""series"":[""solutions/game_2/series/home_wins_1/rest-111111/top"",""solutions/game_2/series/home_wins_1/rest-111101/bot""]}","[1,1,1,1,1,1]","[1,1,1,1,0,1]",1,0,5,8,away_win,away,0,99
3919,3,"{""single"":[""solutions/game_3/single/rest-110101/top"",""solutions/game_3/single/rest-101110/bot""],""series"":[""solutions/game_3/series/home_wins_1/rest-110101/top"",""solutions/game_3/series/home_wins_1/rest-101110/bot""]}","[1,1,0,1,0,1]","[1,0,1,1,1,0]",1,1,8,0,home_win,home,0,41
3919,4,"{""single"":[""solutions/game_4/single/rest-111111/top"",""solutions/game_4/single/rest-111111/bot""],""series"":[""solutions/game_4/series/home_wins_2/rest-111111/top"",""solutions/game_4/series/home_wins_2/rest-111111/bot""]}","[1,1,1,1,1,1]","[1,1,1,1,1,1]",2,1,1,5,away_win,away,0,73
3919,5,"{""single"":[""solutions/game_5/single/rest-010011/top"",""solutions/game_5/single/rest-111110/bot""],""series"":[""solutions/game_5/single/rest-010011/top"",""solutions/game_5/single/rest-111110/bot""]}","[0,1,0,0,1,1]","[1,1,1,1,1,0]",2,2,9,3,home_win,home,0,90
3920,1,"{""single"":[""solutions/game_1/single/rest-111111/top"",""solutions/game_1/single/rest-111111/bot""],""series"":[""solutions/game_1/series/rest-111111/top"",""solutions/game_1/series/rest-111111/bot""]}","[1,1,1,1,1,1]","[1,1,1,1,1,1]",0,0,8,2,home_win,home,0,82
3920,2,"{""single"":[""solutions/game_2/single/rest-110101/top"",""solutions/game_2/single/rest-011110/bot""],""series"":[""solutions/game_2/series/home_wins_1/rest-110101/top"",""solutions/game_2/series/home_wins_1/rest-011110/bot""]}","[1,1,0,1,0,1]","[0,1,1,1,1,0]",1,0,10,2,home_win,home,0,68
3920,3,"{""single"":[""solutions/game_3/single/rest-111111/top"",""solutions/game_3/single/rest-111011/bot""],""series"":[""solutions/game_3/series/home_wins_2/rest-111111/top"",""solutions/game_3/series/home_wins_2/rest-111011/bot""]}","[1,1,1,1,1,1]","[1,1,1,0,1,1]",2,0,2,4,away_win,away,0,79
3920,4,"{""single"":[""solutions/game_4/single/rest-010011/top"",""solutions/game_4/single/rest-101110/bot""],""series"":[""solutions/game_4/series/home_wins_2/rest-010011/top"",""solutions/game_4/series/home_wins_2/rest-101110/bot""]}","[0,1,0,0,1,1]","[1,0,1,1,1,0]",2,1,0,8,away_win,away,0,26
3920,5,"{""single"":[""solutions/game_5/single/rest-110111/top"",""solutions/game_5/single/rest-101111/bot""],""series"":[""solutions/game_5/single/rest-110111/top"",""solutions/game_5/single/rest-101111/bot""]}","[1,1,0,1,1,1]","[1,0,1,1,1,1]",2,2,2,3,away_win,away,0,80
3921,1,"{""single"":[""solutions/game_1/single/rest-111111/top"",""solutions/game_1/single/rest-111111/bot""],""series"":[""solutions/game_1/series/rest-111111/top"",""solutions/game_1/series/rest-111111/bot""]}","[1,1,1,1,1,1]","[1,1,1,1,1,1]",0,0,4,3,home_win,home,0,80
3921,2,"{""single"":[""solutions/game_2/single/rest-100011/top"",""solutions/game_2/single/rest-010111/bot""],""series"":[""solutions/game_2/series/home_wins_1/rest-100011/top"",""solutions/game_2/series/home_wins_1/rest-010111/bot""]}","[1,0,0,0,1,1]","[0,1,0,1,1,1]",1,0,0,1,away_win,away,0,69
3921,3,"{""single"":[""solutions/game_3/single/rest-111100/top"",""solutions/game_3/single/rest-110110/bot""],""series"":[""solutions/game_3/series/home_wins_1/rest-111100/top"",""solutions/game_3/series/home_wins_1/rest-110110/bot""]}","[1,1,1,1,0,0]","[1,1,0,1,1,0]",1,1,5,2,home_win,home,0,75
3921,4,"{""single"":[""solutions/game_4/single/rest-110011/top"",""solutions/game_4/single/rest-111101/bot""],""series"":[""solutions/game_4/series/home_wins_2/rest-110011/top"",""solutions/game_4/series/home_wins_2/rest-111101/bot""]}","[1,1,0,0,1,1]","[1,1,1,1,0,1]",2,1,7,2,home_win,home,0,82
3921,5,"{""single"":[""solutions/game_5/single/rest-111101/top"",""solutions/game_5/single/rest-101110/bot""],""series"":[""solutions/game_5/single/rest-111101/top"",""solutions/game_5/single/rest-101110/bot""]}","[1,1,1,1,0,1]","[1,0,1,1,1,0]",3,1,7,4,home_win,home,1,86
3922,1,"{""single"":[""solutions/game_1/single/rest-111111/top"",""solutions/game_1/single/rest-111111/bot""],""series"":[""solutions/game_1/series/rest-111111/top"",""solutions/game_1/series/rest-111111/bot""]}","[1,1,1,1,1,1]","[1,1,1,1,1,1]",0,0,10,2,home_win,home,0,67
3922,2,"{""single"":[""solutions/game_2/single/rest-111111/top"",""solutions/game_2/single/rest-110111/bot""],""series"":[""solutions/game_2/series/home_wins_1/rest-111111/top"",""solutions/game_2/series/home_wins_1/rest-110111/bot""]}","[1,1,1,1,1,1]","[1,1,0,1,1,1]",1,0,1,4,away_win,away,0,79
3922,3,"{""single"":[""solutions/game_3/single/rest-010001/top"",""solutions/game_3/single/rest-111011/bot""],""series"":[""solutions/game_3/series/home_wins_1/rest-010001/top"",""solutions/game_3/series/home_wins_1/rest-111011/bot""]}","[0,1,0,0,0,1]","[1,1,1,0,1,1]",1,1,6,5,home_win,home,0,79
3922,4,"{""single"":[""solutions/game_4/single/rest-101110/top"",""solutions/game_4/single/rest-011110/bot""],""series"":[""solutions/game_4/series/home_wins_2/rest-101110/top"",""solutions/game_4/series/home_wins_2/rest-011110/bot""]}","[1,0,1,1,1,0]","[0,1,1,1,1,0]",2,1,7,8,away_win,away,0,88
3922,5,"{""single"":[""solutions/game_5/single/rest-111001/top"",""solutions/game_5/single/rest-110001/bot""],""series"":[""solutions/game_5/single/rest-111001/top"",""solutions/game_5/single/rest-110001/bot""]}","[1,1,1,0,0,1]","[1,1,0,0,0,1]",2,2,5,2,home_win,home,0,75
3923,1,"{""single"":[""solutions/game_1/single/rest-111111/top"",""solutions/game_1/single/rest-111111/bot""],""series"":[""solutions/game_1/series/rest-111111/top"",""solutions/game_1/series/rest-111111/bot""]}","[1,1,1,1,1,1]","[1,1,1,1,1,1]",0,0,3,5,away_win,away,0,82
3923,2,"{""single"":[""solutions/game_2/single/rest-011011/top"",""solutions/game_2/single/rest-111110/bot""],""series"":[""solutions/game_2/series/home_wins_0/rest-011011/top"",""solutions/game_2/series/home_wins_0/rest-111110/bot""]}","[0,1,1,0,1,1]","[1,1,1,1,1,0]",0,1,11,9,home_win,home,0,97
3923,3,"{""single"":[""solutions/game_3/single/rest-100110/top"",""solutions/game_3/single/rest-110001/bot""],""series"":[""solutions/game_3/series/home_wins_1/rest-100110/top"",""solutions/game_3/series/home_wins_1/rest-110001/bot""]}","[1,0,0,1,1,0]","[1,1,0,0,0,1]",1,1,4,6,away_win,away,0,87
3923,4,"{""single"":[""solutions/game_4/single/rest-011101/top"",""solutions/game_4/single/rest-101110/bot""],""series"":[""solutions/game_4/series/home_wins_1/rest-011101/top"",""solutions/game_4/series/home_wins_1/rest-101110/bot""]}","[0,1,1,1,0,1]","[1,0,1,1,1,0]",1,2,1,8,away_win,away,0,73
3923,5,"{""single"":[""solutions/game_5/single/rest-110110/top"",""solutions/game_5/single/rest-011011/bot""],""series"":[""solutions/game_5/single/rest-110110/top"",""solutions/game_5/single/rest-011011/bot""]}","[1,1,0,1,1,0]","[0,1,1,0,1,1]",1,3,7,6,home_win,home,1,91
3924,1,"{""single"":[""solutions/game_1/single/rest-111111/top"",""solutions/game_1/single/rest-111111/bot""],""series"":[""solutions/game_1/series/rest-111111/top"",""solutions/game_1/series/rest-111111/bot""]}","[1,1,1,1,1,1]","[1,1,1,1,1,1]",0,0,6,1,home_win,home,0,78
3924,2,"{""single"":[""solutions/game_2/single/rest-110101/top"",""solutions/game_2/single/rest-111100/bot""],""series"":[""solutions/game_2/series/home_wins_1/rest-110101/top"",""solutions/game_2/series/home_wins_1/rest-111100/bot""]}","[1,1,0,1,0,1]","[1,1,1,1,0,0]",1,0,5,2,home_win,home,0,75
3924,3,"{""single"":[""solutions/game_3/single/rest-011010/top"",""solutions/game_3/single/rest-110011/bot""],""series"":[""solutions/game_3/series/home_wins_2/rest-011010/top"",""solutions/game_3/series/home_wins_2/rest-110011/bot""]}","[0,1,1,0,1,0]","[1,1,0,0,1,1]",2,0,5,0,home_win,home,0,72
3924,4,"{""single"":[""solutions/game_4/single/rest-111101/top"",""solutions/game_4/single/rest-001110/bot""],""series"":[""solutions/game_4/single/rest-111101/top"",""solutions/game_4/single/rest-001110/bot""]}","[1,1,1,1,0,1]","[0,0,1,1,1,0]",3,0,5,8,away_win,away,1,85
3924,5,"{""single"":[""solutions/game_5/single/rest-010011/top"",""solutions/game_5/single/rest-111001/bot""],""series"":[""solutions/game_5/single/rest-010011/top"",""solutions/game_5/single/rest-111001/bot""]}","[0,1,0,0,1,1]","[1,1,1,0,0,1]",3,1,4,6,away_win,away,1,83
3925,1,"{""single"":[""solutions/game_1/single/rest-111111/top"",""solutions/game_1/single/rest-111111/bot""],""series"":[""solutions/game_1/series/rest-111111/top"",""solutions/game_1/series/rest-111111/bot""]}","[1,1,1,1,1,1]","[1,1,1,1,1,1]",0,0,0,3,away_win,away,0,76
3925,2,"{""single"":[""solutions/game_2/single/rest-010011/top"",""solutions/game_2/single/rest-011110/bot""],""series"":[""solutions/game_2/series/home_wins_0/rest-010011/top"",""solutions/game_2/series/home_wins_0/rest-011110/bot""]}","[0,1,0,0,1,1]","[0,1,1,1,1,0]",0,1,1,10,away_win,away,0,66
3925,3,"{""single"":[""solutions/game_3/single/rest-101100/top"",""solutions/game_3/single/rest-111100/bot""],""series"":[""solutions/game_3/series/home_wins_0/rest-101100/top"",""solutions/game_3/series/home_wins_0/rest-111100/bot""]}","[1,0,1,1,0,0]","[1,1,1,1,0,0]",0,2,1,4,away_win,away,0,77
3925,4,"{""single"":[""solutions/game_4/single/rest-110011/top"",""solutions/game_4/single/rest-001011/bot""],""series"":[""solutions/game_4/single/rest-110011/top"",""solutions/game_4/single/rest-001011/bot""]}","[1,1,0,0,1,1]","[0,0,1,0,1,1]",0,3,2,8,away_win,away,1,84
3925,5,"{""single"":[""solutions/game_5/single/rest-001100/top"",""solutions/game_5/single/rest-110110/bot""],""series"":[""solutions/game_5/single/rest-001100/top"",""solutions/game_5/single/rest-110110/bot""]}","[0,0,1,1,0,0]","[1,1,0,1,1,0]",0,4,8,6,home_win,home,1,88
3926,1,"{""single"":[""solutions/game_1/single/rest-111111/top"",""solutions/game_1/single/rest-111111/bot""],""series"":[""solutions/game_1/series/rest-111111/top"",""solutions/game_1/series/rest-111111/bot""]}","[1,1,1,1,1,1]","[1,1,1,1,1,1]",0,0,6,2,home_win,home,0,75
3926,2,"{""single"":[""solutions/game_2/single/rest-011001/top"",""solutions/game_2/single/rest-110111/bot""],""series"":[""solutions/game_2/series/home_wins_1/rest-011001/top"",""solutions/game_2/series/home_wins_1/rest-110111/bot""]}","[0,1,1,0,0,1]","[1,1,0,1,1,1]",1,0,2,11,away_win,away,0,52
3926,3,"{""single"":[""solutions/game_3/single/rest-110110/top"",""solutions/game_3/single/rest-111111/bot""],""series"":[""solutions/game_3/series/home_wins_1/rest-110110/top"",""solutions/game_3/series/home_wins_1/rest-111111/bot""]}","[1,1,0,1,1,0]","[1,1,1,1,1,1]",1,1,3,2,home_win,home,0,70
3926,4,"{""single"":[""solutions/game_4/single/rest-111011/top"",""solutions/game_4/single/rest-110110/bot""],""series"":[""solutions/game_4/series/home_wins_2/rest-111011/top"",""solutions/game_4/series/home_wins_2/rest-110110/bot""]}","[1,1,1,0,1,1]","[1,1,0,1,1,0]",2,1,8,4,home_win,home,0,78
3926,5,"{""single"":[""solutions/game_5/single/rest-010101/top"",""solutions/game_5/single/rest-011110/bot""],""series"":[""solutions/game_5/single/rest-010101/top"",""solutions/game_5/single/rest-011110/bot""]}","[0,1,0,1,0,1]","[0,1,1,1,1,0]",3,1,4,0,home_win,home,1,64
3927,1,"{""single"":[""solutions/game_1/single/rest-111111/top"",""solutions/game_1/single/rest-111111/bot""],""series"":[""solutions/game_1/series/rest-111111/top"",""solutions/game_1/series/rest-111111/bot""]}","[1,1,1,1,1,1]","[1,1,1,1,1,1]",0,0,8,0,home_win,home,0,45
3927,2,"{""single"":[""solutions/game_2/single/rest-111111/top"",""solutions/game_2/single/rest-111111/bot""],""series"":[""solutions/game_2/series/home_wins_1/rest-111111/top"",""solutions/game_2/series/home_wins_1/rest-111111/bot""]}","[1,1,1,1,1,1]","[1,1,1,1,1,1]",1,0,7,2,home_win,home,0,84
3927,3,"{""single"":[""solutions/game_3/single/rest-111111/top"",""solutions/game_3/single/rest-111111/bot""],""series"":[""solutions/game_3/series/home_wins_2/rest-111111/top"",""solutions/game_3/series/home_wins_2/rest-111111/bot""]}","[1,1,1,1,1,1]","[1,1,1,1,1,1]",2,0,8,4,home_win,home,0,78
3927,4,"{""single"":[""solutions/game_4/single/rest-010011/top"",""solutions/game_4/single/rest-101011/bot""],""series"":[""solutions/game_4/single/rest-010011/top"",""solutions/game_4/single/rest-101011/bot""]}","[0,1,0,0,1,1]","[1,0,1,0,1,1]",3,0,3,7,away_win,away,1,90
3927,5,"{""single"":[""solutions/game_5/single/rest-101100/top"",""solutions/game_5/single/rest-000010/bot""],""series"":[""solutions/game_5/single/rest-101100/top"",""solutions/game_5/single/rest-000010/bot""]}","[1,0,1,1,0,0]","[0,0,0,0,1,0]",3,1,5,3,home_win,home,1,77
3928,1,"{""single"":[""solutions/game_1/single/rest-111111/top"",""solutions/game_1/single/rest-111111/bot""],""series"":[""solutions/game_1/series/rest-111111/top"",""solutions/game_1/series/rest-111111/bot""]}","[1,1,1,1,1,1]","[1,1,1,1,1,1]",0,0,2,6,away_win,away,0,78
3928,2,"{""single"":[""solutions/game_2/single/rest-010001/top"",""solutions/game_2/single/rest-101110/bot""],""series"":[""solutions/game_2/series/home_wins_0/rest-010001/top"",""solutions/game_2/series/home_wins_0/rest-101110/bot""]}","[0,1,0,0,0,1]","[1,0,1,1,1,0]",0,1,6,7,away_win,away,0,87
3928,3,"{""single"":[""solutions/game_3/single/rest-101110/top"",""solutions/game_3/single/rest-011111/bot""],""series"":[""solutions/game_3/series/home_wins_0/rest-101110/top"",""solutions/game_3/series/home_wins_0/rest-011111/bot""]}","[1,0,1,1,1,0]","[0,1,1,1,1,1]",0,2,2,6,away_win,away,0,81
3928,4,"{""single"":[""solutions/game_4/single/rest-010110/top"",""solutions/game_4/single/rest-101101/bot""],""series"":[""solutions/game_4/single/rest-010110/top"",""solutions/game_4/single/rest-101101/bot""]}","[0,1,0,1,1,0]","[1,0,1,1,0,1]",0,3,3,12,away_win,away,1,84
3928,5,"{""single"":[""solutions/game_5/single/rest-100001/top"",""solutions/game_5/single/rest-010110/bot""],""series"":[""solutions/game_5/single/rest-100001/top"",""solutions/game_5/single/rest-010110/bot""]}","[1,0,0,0,0,1]","[0,1,0,1,1,0]",0,4,2,11,away_win,away,1,70
3929,1,"{""single"":[""solutions/game_1/single/rest-111111/top"",""solutions/game_1/single/rest-111111/bot""],""series"":[""solutions/game_1/series/rest-111111/top"",""solutions/game_1/series/rest-111111/bot""]}","[1,1,1,1,1,1]","[1,1,1,1,1,1]",0,0,4,1,home_win,home,0,81
3929,2,"{""single"":[""solutions/game_2/single/rest-010001/top"",""solutions/game_2/single/rest-011010/bot""],""series"":[""solutions/game_2/series/home_wins_1/rest-010001/top"",""solutions/game_2/series/home_wins_1/rest-011010/bot""]}","[0,1,0,0,0,1]","[0,1,1,0,1,0]",1,0,7,10,away_win,away,0,97
3929,3,"{""single"":[""solutions/game_3/single/rest-101110/top"",""solutions/game_3/single/rest-100101/bot""],""series"":[""solutions/game_3/series/home_wins_1/rest-101110/top"",""solutions/game_3/series/home_wins_1/rest-100101/bot""]}","[1,0,1,1,1,0]","[1,0,0,1,0,1]",1,1,2,1,home_win,home,0,67
3929,4,"{""single"":[""solutions/game_4/single/rest-110011/top"",""solutions/game_4/single/rest-111100/bot""],""series"":[""solutions/game_4/series/home_wins_2/rest-110011/top"",""solutions/game_4/series/home_wins_2/rest-111100/bot""]}","[1,1,0,0,1,1]","[1,1,1,1,0,0]",2,1,7,7,tie,home,0,95
3929,5,"{""single"":[""solutions/game_5/single/rest-000100/top"",""solutions/game_5/single/rest-000011/bot""],""series"":[""solutions/game_5/single/rest-000100/top"",""solutions/game_5/single/rest-000011/bot""]}","[0,0,0,1,0,0]","[0,0,0,0,1,1]",3,1,5,2,home_win,home,1,84
3930,1,"{""single"":[""solutions/game_1/single/rest-111111/top"",""solutions/game_1/single/rest-111111/bot""],""series"":[""solutions/game_1/series/rest-111111/top"",""solutions/game_1/series/rest-111111/bot""]}","[1,1,1,1,1,1]","[1,1,1,1,1,1]",0,0,6,2,home_win,home,0,82
3930,2,"{""single"":[""solutions/game_2/single/rest-011101/top"",""solutions/game_2/single/rest-111110/bot""],""series"":[""solutions/game_2/series/home_wins_1/rest-011101/top"",""solutions/game_2/series/home_wins_1/rest-111110/bot""]}","[0,1,1,1,0,1]","[1,1,1,1,1,0]",1,0,7,4,home_win,home,0,80
3930,3,"{""single"":[""solutions/game_3/single/rest-111111/top"",""solutions/game_3/single/rest-101101/bot""],""series"":[""solutions/game_3/series/home_wins_2/rest-111111/top"",""solutions/game_3/series/home_wins_2/rest-101101/bot""]}","[1,1,1,1,1,1]","[1,0,1,1,0,1]",2,0,7,2,home_win,home,0,84
3930,4,"{""single"":[""solutions/game_4/single/rest-010101/top"",""solutions/game_4/single/rest-111010/bot""],""series"":[""solutions/game_4/single/rest-010101/top"",""solutions/game_4/single/rest-111010/bot""]}","[0,1,0,1,0,1]","[1,1,1,0,1,0]",3,0,7,4,home_win,home,1,78
3930,5,"{""single"":[""solutions/game_5/single/rest-111010/top"",""solutions/game_5/single/rest-101101/bot""],""series"":[""solutions/game_5/single/rest-111010/top"",""solutions/game_5/single/rest-101101/bot""]}","[1,1,1,0,1,0]","[1,0,1,1,0,1]",4,0,2,10,away_win,away,1,51
3931,1,"{""single"":[""solutions/game_1/single/rest-111111/top"",""solutions/game_1/single/rest-111111/bot""],""series"":[""solutions/game_1/series/rest-111111/top"",""solutions/game_1/series/rest-111111/bot""]}","[1,1,1,1,1,1]","[1,1,1,1,1,1]",0,0,4,8,away_win,away,0,89
3931,2,"{""single"":[""solutions/game_2/single/rest-010001/top"",""solutions/game_2/single/rest-100100/bot""],""series"":[""solutions/game_2/series/home_wins_0/rest-010001/top"",""solutions/game_2/series/home_wins_0/rest-100100/bot""]}","[0,1,0,0,0,1]","[1,0,0,1,0,0]",0,1,2,0,home_win,home,0,64
3931,3,"{""single"":[""solutions/game_3/single/rest-101111/top"",""solutions/game_3/single/rest-011111/bot""],""series"":[""solutions/game_3/series/home_wins_1/rest-101111/top"",""solutions/game_3/series/home_wins_1/rest-011111/bot""]}","[1,0,1,1,1,1]","[0,1,1,1,1,1]",1,1,2,3,away_win,away,0,77
3931,4,"{""single"":[""solutions/game_4/single/rest-011111/top"",""solutions/game_4/single/rest-101110/bot""],""series"":[""solutions/game_4/series/home_wins_1/rest-011111/top"",""solutions/game_4/series/home_wins_1/rest-101110/bot""]}","[0,1,1,1,1,1]","[1,0,1,1,1,0]",1,2,6,5,home_win,home,0,77
3931,5,"{""single"":[""solutions/game_5/single/rest-111001/top"",""solutions/game_5/single/rest-011100/bot""],""series"":[""solutions/game_5/single/rest-111001/top"",""solutions/game_5/single/rest-011100/bot""]}","[1,1,1,0,0,1]","[0,1,1,1,0,0]",2,2,4,6,away_win,away,0,89
3932,1,"{""single"":[""solutions/game_1/single/rest-111111/top"",""solutions/game_1/single/rest-111111/bot""],""series"":[""solutions/game_1/series/rest-111111/top"",""solutions/game_1/series/rest-111111/bot""]}","[1,1,1,1,1,1]","[1,1,1,1,1,1]",0,0,3,4,away_win,away,0,75
3932,2,"{""single"":[""solutions/game_2/single/rest-011011/top"",""solutions/game_2/single/rest-111110/bot""],""series"":[""solutions/game_2/series/home_wins_0/rest-011011/top"",""solutions/game_2/series/home_wins_0/rest-111110/bot""]}","[0,1,1,0,1,1]","[1,1,1,1,1,0]",0,1,4,5,away_win,away,0,84
3932,3,"{""single"":[""solutions/game_3/single/rest-110101/top"",""solutions/game_3/single/rest-001011/bot""],""series"":[""solutions/game_3/series/home_wins_0/rest-110101/top"",""solutions/game_3/series/home_wins_0/rest-001011/bot""]}","[1,1,0,1,0,1]","[0,0,1,0,1,1]",0,2,5,4,home_win,home,0,85
3932,4,"{""single"":[""solutions/game_4/single/rest-011011/top"",""solutions/game_4/single/rest-111101/bot""],""series"":[""solutions/game_4/series/home_wins_1/rest-011011/top"",""solutions/game_4/series/home_wins_1/rest-111101/bot""]}","[0,1,1,0,1,1]","[1,1,1,1,0,1]",1,2,9,3,home_win,home,0,85
3932,5,"{""single"":[""solutions/game_5/single/rest-100101/top"",""solutions/game_5/single/rest-110111/bot""],""series"":[""solutions/game_5/single/rest-100101/top"",""solutions/game_5/single/rest-110111/bot""]}","[1,0,0,1,0,1]","[1,1,0,1,1,1]",2,2,8,1,home_win,home,0,79
3933,1,"{""single"":[""solutions/game_1/single/rest-111111/top"",""solutions/game_1/single/rest-111111/bot""],""series"":[""solutions/game_1/series/rest-111111/top"",""solutions/game_1/series/rest-111111/bot""]}","[1,1,1,1,1,1]","[1,1,1,1,1,1]",0,0,4,12,away_win,away,0,74
3933,2,"{""single"":[""solutions/game_2/single/rest-110001/top"",""solutions/game_2/single/rest-111110/bot""],""series"":[""solutions/game_2/series/home_wins_0/rest-110001/top"",""solutions/game_2/series/home_wins_0/rest-111110/bot""]}","[1,1,0,0,0,1]","[1,1,1,1,1,0]",0,1,0,1,away_win,away,0,81
3933,3,"{""single"":[""solutions/game_3/single/rest-101111/top"",""solutions/game_3/single/rest-100011/bot""],""series"":[""solutions/game_3/series/home_wins_0/rest-101111/top"",""solutions/game_3/series/home_wins_0/rest-100011/bot""]}","[1,0,1,1,1,1]","[1,0,0,0,1,1]",0,2,6,2,home_win,home,0,82
3933,4,"{""single"":[""solutions/game_4/single/rest-110011/top"",""solutions/game_4/single/rest-011101/bot""],""series"":[""solutions/game_4/series/home_wins_1/rest-110011/top"",""solutions/game_4/series/home_wins_1/rest-011101/bot""]}","[1,1,0,0,1,1]","[0,1,1,1,0,1]",1,2,4,3,home_win,home,0,79
3933,5,"{""single"":[""solutions/game_5/single/rest-011100/top"",""solutions/game_5/single/rest-110110/bot""],""series"":[""solutions/game_5/single/rest-011100/top"",""solutions/game_5/single/rest-110110/bot""]}","[0,1,1,1,0,0]","[1,1,0,1,1,0]",2,2,1,5,away_win,away,0,77
3934,1,"{""single"":[""solutions/game_1/single/rest-111111/top"",""solutions/game_1/single/rest-111111/bot""],""series"":[""solutions/game_1/series/rest-111111/top"",""solutions/game_1/series/rest-111111/bot""]}","[1,1,1,1,1,1]","[1,1,1,1,1,1]",0,0,3,3,tie,away,0,85
3934,2,"{""single"":[""solutions/game_2/single/rest-011001/top"",""solutions/game_2/single/rest-001010/bot""],""series"":[""solutions/game_2/series/home_wins_0/rest-011001/top"",""solutions/game_2/series/home_wins_0/rest-001010/bot""]}","[0,1,1,0,0,1]","[0,0,1,0,1,0]",0,1,8,10,away_win,away,0,101
3934,3,"{""single"":[""solutions/game_3/single/rest-100110/top"",""solutions/game_3/single/rest-110101/bot""],""series"":[""solutions/game_3/series/home_wins_0/rest-100110/top"",""solutions/game_3/series/home_wins_0/rest-110101/bot""]}","[1,0,0,1,1,0]","[1,1,0,1,0,1]",0,2,8,5,home_win,home,0,80
3934,4,"{""single"":[""solutions/game_4/single/rest-011001/top"",""solutions/game_4/single/rest-111100/bot""],""series"":[""solutions/game_4/series/home_wins_1/rest-011001/top"",""solutions/game_4/series/home_wins_1/rest-111100/bot""]}","[0,1,1,0,0,1]","[1,1,1,1,0,0]",1,2,8,0,home_win,home,0,49
3934,5,"{""single"":[""solutions/game_5/single/rest-111111/top"",""solutions/game_5/single/rest-111111/bot""],""series"":[""solutions/game_5/single/rest-111111/top"",""solutions/game_5/single/rest-111111/bot""]}","[1,1,1,1,1,1]","[1,1,1,1,1,1]",2,2,4,5,away_win,away,0,82
3935,1,"{""single"":[""solutions/game_1/single/rest-111111/top"",""solutions/game_1/single/rest-111111/bot""],""series"":[""solutions/game_1/series/rest-111111/top"",""solutions/game_1/series/rest-111111/bot""]}","[1,1,1,1,1,1]","[1,1,1,1,1,1]",0,0,1,9,away_win,away,0,72
3935,2,"{""single"":[""solutions/game_2/single/rest-111011/top"",""solutions/game_2/single/rest-111111/bot""],""series"":[""solutions/game_2/series/home_wins_0/rest-111011/top"",""solutions/game_2/series/home_wins_0/rest-111111/bot""]}","[1,1,1,0,1,1]","[1,1,1,1,1,1]",0,1,2,7,away_win,away,0,87
3935,3,"{""single"":[""solutions/game_3/single/rest-010111/top"",""solutions/game_3/single/rest-101111/bot""],""series"":[""solutions/game_3/series/home_wins_0/rest-010111/top"",""solutions/game_3/series/home_wins_0/rest-101111/bot""]}","[0,1,0,1,1,1]","[1,0,1,1,1,1]",0,2,1,5,away_win,away,0,88
3935,4,"{""single"":[""solutions/game_4/single/rest-111001/top"",""solutions/game_4/single/rest-011010/bot""],""series"":[""solutions/game_4/single/rest-111001/top"",""solutions/game_4/single/rest-011010/bot""]}","[1,1,1,0,0,1]","[0,1,1,0,1,0]",0,3,1,4,away_win,away,1,77
3935,5,"{""single"":[""solutions/game_5/single/rest-010110/top"",""solutions/game_5/single/rest-100101/bot""],""series"":[""solutions/game_5/single/rest-010110/top"",""solutions/game_5/single/rest-100101/bot""]}","[0,1,0,1,1,0]","[1,0,0,1,0,1]",0,4,4,2,home_win,home,1,78
3936,1,"{""single"":[""solutions/game_1/single/rest-111111/top"",""solutions/game_1/single/rest-111111/bot""],""series"":[""solutions/game_1/series/rest-111111/top"",""solutions/game_1/series/rest-111111/bot""]}","[1,1,1,1,1,1]","[1,1,1,1,1,1]",0,0,1,3,away_win,away,0,77
3936,2,"{""single"":[""solutions/game_2/single/rest-010001/top"",""solutions/game_2/single/rest-111111/bot""],""series"":[""solutions/game_2/series/home_wins_0/rest-010001/top"",""solutions/game_2/series/home_wins_0/rest-111111/bot""]}","[0,1,0,0,0,1]","[1,1,1,1,1,1]",0,1,10,9,home_win,home,0,100
3936,3,"{""single"":[""solutions/game_3/single/rest-111111/top"",""solutions/game_3/single/rest-000110/bot""],""series"":[""solutions/game_3/series/home_wins_1/rest-111111/top"",""solutions/game_3/series/home_wins_1/rest-000110/bot""]}","[1,1,1,1,1,1]","[0,0,0,1,1,0]",1,1,5,3,home_win,home,0,80
3936,4,"{""single"":[""solutions/game_4/single/rest-010001/top"",""solutions/game_4/single/rest-111011/bot""],""series"":[""solutions/game_4/series/home_wins_2/rest-010001/top"",""solutions/game_4/series/home_wins_2/rest-111011/bot""]}","[0,1,0,0,0,1]","[1,1,1,0,1,1]",2,1,5,3,home_win,home,0,80
3936,5,"{""single"":[""solutions/game_5/single/rest-101111/top"",""solutions/game_5/single/rest-001010/bot""],""series"":[""solutions/game_5/single/rest-101111/top"",""solutions/game_5/single/rest-001010/bot""]}","[1,0,1,1,1,1]","[0,0,1,0,1,0]",3,1,10,2,home_win,home,1,27
3937,1,"{""single"":[""solutions/game_1/single/rest-111111/top"",""solutions/game_1/single/rest-111111/bot""],""series"":[""solutions/game_1/series/rest-111111/top"",""solutions/game_1/series/rest-111111/bot""]}","[1,1,1,1,1,1]","[1,1,1,1,1,1]",0,0,2,5,away_win,away,0,83
3937,2,"{""single"":[""solutions/game_2/single/rest-010110/top"",""solutions/game_2/single/rest-101111/bot""],""series"":[""solutions/game_2/series/home_wins_0/rest-010110/top"",""solutions/game_2/series/home_wins_0/rest-101111/bot""]}","[0,1,0,1,1,0]","[1,0,1,1,1,1]",0,1,7,1,home_win,home,0,73
3937,3,"{""single"":[""solutions/game_3/single/rest-111001/top"",""solutions/game_3/single/rest-010111/bot""],""series"":[""solutions/game_3/series/home_wins_1/rest-111001/top"",""solutions/game_3/series/home_wins_1/rest-010111/bot""]}","[1,1,1,0,0,1]","[0,1,0,1,1,1]",1,1,0,8,away_win,away,0,72
3937,4,"{""single"":[""solutions/game_4/single/rest-011111/top"",""solutions/game_4/single/rest-111111/bot""],""series"":[""solutions/game_4/series/home_wins_1/rest-011111/top"",""solutions/game_4/series/home_wins_1/rest-111111/bot""]}","[0,1,1,1,1,1]","[1,1,1,1,1,1]",1,2,9,1,home_win,home,0,54
3937,5,"{""single"":[""solutions/game_5/single/rest-011011/top"",""solutions/game_5/single/rest-111111/bot""],""series"":[""solutions/game_5/single/rest-011011/top"",""solutions/game_5/single/rest-111111/bot""]}","[0,1,1,0,1,1]","[1,1,1,1,1,1]",2,2,9,3,home_win,home,0,81
3938,1,"{""single"":[""solutions/game_1/single/rest-111111/top"",""solutions/game_1/single/rest-111111/bot""],""series"":[""solutions/game_1/series/rest-111111/top"",""solutions/game_1/series/rest-111111/bot""]}","[1,1,1,1,1,1]","[1,1,1,1,1,1]",0,0,6,4,home_win,home,0,74
3938,2,"{""single"":[""solutions/game_2/single/rest-110011/top"",""solutions/game_2/single/rest-111100/bot""],""series"":[""solutions/game_2/series/home_wins_1/rest-110011/top"",""solutions/game_2/series/home_wins_1/rest-111100/bot""]}","[1,1,0,0,1,1]","[1,1,1,1,0,0]",1,0,10,1,home_win,home,0,72
3938,3,"{""single"":[""solutions/game_3/single/rest-011110/top"",""solutions/game_3/single/rest-110111/bot""],""series"":[""solutions/game_3/series/home_wins_2/rest-011110/top"",""solutions/game_3/series/home_wins_2/rest-110111/bot""]}","[0,1,1,1,1,0]","[1,1,0,1,1,1]",2,0,2,4,away_win,away,0,81
3938,4,"{""single"":[""solutions/game_4/single/rest-110101/top"",""solutions/game_4/single/rest-001110/bot""],""series"":[""solutions/game_4/series/home_wins_2/rest-110101/top"",""solutions/game_4/series/home_wins_2/rest-001110/bot""]}","[1,1,0,1,0,1]","[0,0,1,1,1,0]",2,1,1,2,away_win,away,0,76
3938,5,"{""single"":[""solutions/game_5/single/rest-010010/top"",""solutions/game_5/single/rest-111111/bot""],""series"":[""solutions/game_5/single/rest-010010/top"",""solutions/game_5/single/rest-111111/bot""]}","[0,1,0,0,1,0]","[1,1,1,1,1,1]",2,2,5,4,home_win,home,0,81
3939,1,"{""single"":[""solutions/game_1/single/rest-111111/top"",""solutions/game_1/single/rest-111111/bot""],""series"":[""solutions/game_1/series/rest-111111/top"",""solutions/game_1/series/rest-111111/bot""]}","[1,1,1,1,1,1]","[1,1,1,1,1,1]",0,0,11,3,home_win,home,0,54
3939,2,"{""single"":[""solutions/game_2/single/rest-111111/top"",""solutions/game_2/single/rest-111101/bot""],""series"":[""solutions/game_2/series/home_wins_1/rest-111111/top"",""solutions/game_2/series/home_wins_1/rest-111101/bot""]}","[1,1,1,1,1,1]","[1,1,1,1,0,1]",1,0,12,5,home_win,home,0,94
3939,3,"{""single"":[""solutions/game_3/single/rest-110010/top"",""solutions/game_3/single/rest-110111/bot""],""series"":[""solutions/game_3/series/home_wins_2/rest-110010/top"",""solutions/game_3/series/home_wins_2/rest-110111/bot""]}","[1,1,0,0,1,0]","[1,1,0,1,1,1]",2,0,11,1,home_win,home,0,45
3939,4,"{""single"":[""solutions/game_4/single/rest-110110/top"",""solutions/game_4/single/rest-111111/bot""],""series"":[""solutions/game_4/single/rest-110110/top"",""solutions/game_4/single/rest-111111/bot""]}","[1,1,0,1,1,0]","[1,1,1,1,1,1]",3,0,5,4,home_win,home,1,78
3939,5,"{""single"":[""solutions/game_5/single/rest-111001/top"",""solutions/game_5/single/rest-000111/bot""],""series"":[""solutions/game_5/single/rest-111001/top"",""solutions/game_5/single/rest-000111/bot""]}","[1,1,1,0,0,1]","[0,0,0,1,1,1]",4,0,6,3,home_win,home,1,81
3940,1,"{""single"":[""solutions/game_1/single/rest-111111/top"",""solutions/game_1/single/rest-111111/bot""],""series"":[""solutions/game_1/series/rest-111111/top"",""solutions/game_1/series/rest-111111/bot""]}","[1,1,1,1,1,1]","[1,1,1,1,1,1]",0,0,4,1,home_win,home,0,78
3940,2,"{""single"":[""solutions/game_2/single/rest-011101/top"",""solutions/game_2/single/rest-111101/bot""],""series"":[""solutions/game_2/series/home_wins_1/rest-011101/top"",""solutions/game_2/series/home_wins_1/rest-111101/bot""]}","[0,1,1,1,0,1]","[1,1,1,1,0,1]",1,0,1,2,away_win,away,0,86
3940,3,"{""single"":[""solutions/game_3/single/rest-101011/top"",""solutions/game_3/single/rest-001110/bot""],""series"":[""solutions/game_3/series/home_wins_1/rest-101011/top"",""solutions/game_3/series/home_wins_1/rest-001110/bot""]}","[1,0,1,0,1,1]","[0,0,1,1,1,0]",1,1,4,3,home_win,home,0,78
3940,4,"{""single"":[""solutions/game_4/single/rest-011110/top"",""solutions/game_4/single/rest-111101/bot""],""series"":[""solutions/game_4/series/home_wins_2/rest-011110/top"",""solutions/game_4/series/home_wins_2/rest-111101/bot""]}","[0,1,1,1,1,0]","[1,1,1,1,0,1]",2,1,4,8,away_win,away,0,91
3940,5,"{""single"":[""solutions/game_5/single/rest-100001/top"",""solutions/game_5/single/rest-111011/bot""],""series"":[""solutions/game_5/single/rest-100001/top"",""solutions/game_5/single/rest-111011/bot""]}","[1,0,0,0,0,1]","[1,1,1,0,1,1]",2,2,2,5,away_win,away,0,79
3941,1,"{""single"":[""solutions/game_1/single/rest-111111/top"",""solutions/game_1/single/rest-111111/bot""],""series"":[""solutions/game_1/series/rest-111111/top"",""solutions/game_1/series/rest-111111/bot""]}","[1,1,1,1,1,1]","[1,1,1,1,1,1]",0,0,8,6,home_win,home,0,86
3941,2,"{""single"":[""solutions/game_2/single/rest-111001/top"",""solutions/game_2/single/rest-101011/bot""],""series"":[""solutions/game_2/series/home_wins_1/rest-111001/top"",""solutions/game_2/series/home_wins_1/rest-101011/bot""]}","[1,1,1,0,0,1]","[1,0,1,0,1,1]",1,0,2,10,away_win,away,0,72
3941,3,"{""single"":[""solutions/game_3/single/rest-010111/top"",""solutions/game_3/single/rest-110111/bot""],""series"":[""solutions/game_3/series/home_wins_1/rest-010111/top"",""solutions/game_3/series/home_wins_1/rest-110111/bot""]}","[0,1,0,1,1,1]","[1,1,0,1,1,1]",1,1,2,1,home_win,home,0,71
3941,4,"{""single"":[""solutions/game_4/single/rest-111100/top"",""solutions/game_4/single/rest-111011/bot""],""series"":[""solutions/game_4/series/home_wins_2/rest-111100/top"",""solutions/game_4/series/home_wins_2/rest-111011/bot""]}","[1,1,1,1,0,0]","[1,1,1,0,1,1]",2,1,3,8,away_win,away,0,82
3941,5,"{""single"":[""solutions/game_5/single/rest-010011/top"",""solutions/game_5/single/rest-101101/bot""],""series"":[""solutions/game_5/single/rest-010011/top"",""solutions/game_5/single/rest-101101/bot""]}","[0,1,0,0,1,1]","[1,0,1,1,0,1]",2,2,8,5,home_win,home,0,88
3942,1,"{""single"":[""solutions/game_1/single/rest-111111/top"",""solutions/game_1/single/rest-111111/bot""],""series"":[""solutions/game_1/series/rest-111111/top"",""solutions/game_1/series/rest-111111/bot""]}","[1,1,1,1,1,1]","[1,1,1,1,1,1]",0,0,8,0,home_win,home,0,43
3942,2,"{""single"":[""solutions/game_2/single/rest-111111/top"",""solutions/game_2/single/rest-111111/bot""],""series"":[""solutions/game_2/series/home_wins_1/rest-111111/top"",""solutions/game_2/series/home_wins_1/rest-111111/bot""]}","[1,1,1,1,1,1]","[1,1,1,1,1,1]",1,0,2,3,away_win,away,0,82
3942,3,"{""single"":[""solutions/game_3/single/rest-010111/top"",""solutions/game_3/single/rest-111011/bot""],""series"":[""solutions/game_3/series/home_wins_1/rest-010111/top"",""solutions/game_3/series/home_wins_1/rest-111011/bot""]}","[0,1,0,1,1,1]","[1,1,1,0,1,1]",1,1,9,6,home_win,home,0,90
3942,4,"{""single"":[""solutions/game_4/single/rest-101000/top"",""solutions/game_4/single/rest-101110/bot""],""series"":[""solutions/game_4/series/home_wins_2/rest-101000/top"",""solutions/game_4/series/home_wins_2/rest-101110/bot""]}","[1,0,1,0,0,0]","[1,0,1,1,1,0]",2,1,3,12,away_win,away,0,85
3942,5,"{""single"":[""solutions/game_5/single/rest-010111/top"",""solutions/game_5/single/rest-111111/bot""],""series"":[""solutions/game_5/single/rest-010111/top"",""solutions/game_5/single/rest-111111/bot""]}","[0,1,0,1,1,1]","[1,1,1,1,1,1]",2,2,1,3,away_win,away,0,82
3943,1,"{""single"":[""solutions/game_1/single/rest-111111/top"",""solutions/game_1/single/rest-111111/bot""],""series"":[""solutions/game_1/series/rest-111111/top"",""solutions/game_1/series/rest-111111/bot""]}","[1,1,1,1,1,1]","[1,1,1,1,1,1]",0,0,10,6,home_win,home,0,86
3943,2,"{""single"":[""solutions/game_2/single/rest-101001/top"",""solutions/game_2/single/rest-111110/bot""],""series"":[""solutions/game_2/series/home_wins_1/rest-101001/top"",""solutions/game_2/series/home_wins_1/rest-111110/bot""]}","[1,0,1,0,0,1]","[1,1,1,1,1,0]",1,0,3,1,home_win,home,0,71
3943,3,"{""single"":[""solutions/game_3/single/rest-000111/top"",""solutions/game_3/single/rest-011011/bot""],""series"":[""solutions/game_3/series/home_wins_2/rest-000111/top"",""solutions/game_3/series/home_wins_2/rest-011011/bot""]}","[0,0,0,1,1,1]","[0,1,1,0,1,1]",2,0,4,3,home_win,home,0,79
3943,4,"{""single"":[""solutions/game_4/single/rest-111010/top"",""solutions/game_4/single/rest-101110/bot""],""series"":[""solutions/game_4/single/rest-111010/top"",""solutions/game_4/single/rest-101110/bot""]}","[1,1,1,0,1,0]","[1,0,1,1,1,0]",3,0,3,5,away_win,away,1,82
3943,5,"{""single"":[""solutions/game_5/single/rest-010101/top"",""solutions/game_5/single/rest-110001/bot""],""series"":[""solutions/game_5/single/rest-010101/top"",""solutions/game_5/single/rest-110001/bot""]}","[0,1,0,1,0,1]","[1,1,0,0,0,1]",3,1,3,5,away_win,away,1,85
3944,1,"{""single"":[""solutions/game_1/single/rest-111111/top"",""solutions/game_1/single/rest-111111/bot""],""series"":[""solutions/game_1/series/rest-111111/top"",""solutions/game_1/series/rest-111111/bot""]}","[1,1,1,1,1,1]","[1,1,1,1,1,1]",0,0,1,5,away_win,away,0,81
3944,2,"{""single"":[""solutions/game_2/single/rest-100101/top"",""solutions/game_2/single/rest-111111/bot""],""series"":[""solutions/game_2/series/home_wins_0/rest-100101/top"",""solutions/game_2/series/home_wins_0/rest-111111/bot""]}","[1,0,0,1,0,1]","[1,1,1,1,1,1]",0,1,8,0,home_win,home,0,68
3944,3,"{""single"":[""solutions/game_3/single/rest-111011/top"",""solutions/game_3/single/rest-111111/bot""],""series"":[""solutions/game_3/series/home_wins_1/rest-111011/top"",""solutions/game_3/series/home_wins_1/rest-111111/bot""]}","[1,1,1,0,1,1]","[1,1,1,1,1,1]",1,1,4,2,home_win,home,0,74
3944,4,"{""single"":[""solutions/game_4/single/rest-010100/top"",""solutions/game_4/single/rest-111100/bot""],""series"":[""solutions/game_4/series/home_wins_2/rest-010100/top"",""solutions/game_4/series/home_wins_2/rest-111100/bot""]}","[0,1,0,1,0,0]","[1,1,1,1,0,0]",2,1,4,5,away_win,away,0,85
3944,5,"{""single"":[""solutions/game_5/single/rest-111011/top"",""solutions/game_5/single/rest-110111/bot""],""series"":[""solutions/game_5/single/rest-111011/top"",""solutions/game_5/single/rest-110111/bot""]}","[1,1,1,0,1,1]","[1,1,0,1,1,1]",2,2,4,3,home_win,home,0,72
3945,1,"{""single"":[""solutions/game_1/single/rest-111111/top"",""solutions/game_1/single/rest-111111/bot""],""series"":[""solutions/game_1/series/rest-111111/top"",""solutions/game_1/series/rest-111111/bot""]}","[1,1,1,1,1,1]","[1,1,1,1,1,1]",0,0,1,2,away_win,away,0,78
3945,2,"{""single"":[""solutions/game_2/single/rest-011001/top"",""solutions/game_2/single/rest-101011/bot""],""series"":[""solutions/game_2/series/home_wins_0/rest-011001/top"",""solutions/game_2/series/home_wins_0/rest-101011/bot""]}","[0,1,1,0,0,1]","[1,0,1,0,1,1]",0,1,5,5,tie,away,0,92
3945,3,"{""single"":[""solutions/game_3/single/rest-100111/top"",""solutions/game_3/single/rest-011111/bot""],""series"":[""solutions/game_3/series/home_wins_0/rest-100111/top"",""solutions/game_3/series/home_wins_0/rest-011111/bot""]}","[1,0,0,1,1,1]","[0,1,1,1,1,1]",0,2,10,0,home_win,home,0,63
3945,4,"{""single"":[""solutions/game_4/single/rest-111011/top"",""solutions/game_4/single/rest-110111/bot""],""series"":[""solutions/game_4/series/home_wins_1/rest-111011/top"",""solutions/game_4/series/home_wins_1/rest-110111/bot""]}","[1,1,1,0,1,1]","[1,1,0,1,1,1]",1,2,5,0,home_win,home,0,77
3945,5,"{""single"":[""solutions/game_5/single/rest-010100/top"",""solutions/game_5/single/rest-110111/bot""],""series"":[""solutions/game_5/single/rest-010100/top"",""solutions/game_5/single/rest-110111/bot""]}","[0,1,0,1,0,0]","[1,1,0,1,1,1]",2,2,6,1,home_win,home,0,76
3946,1,"{""single"":[""solutions/game_1/single/rest-111111/top"",""solutions/game_1/single/rest-111111/bot""],""series"":[""solutions/game_1/series/rest-111111/top"",""solutions/game_1/series/rest-111111/bot""]}","[1,1,1,1,1,1]","[1,1,1,1,1,1]",0,0,1,5,away_win,away,0,81
3946,2,"{""single"":[""solutions/game_2/single/rest-010000/top"",""solutions/game_2/single/rest-011111/bot""],""series"":[""solutions/game_2/series/home_wins_0/rest-010000/top"",""solutions/game_2/series/home_wins_0/rest-011111/bot""]}","[0,1,0,0,0,0]","[0,1,1,1,1,1]",0,1,5,1,home_win,home,0,73
3946,3,"{""single"":[""solutions/game_3/single/rest-100111/top"",""solutions/game_3/single/rest-110101/bot""],""series"":[""solutions/game_3/series/home_wins_1/rest-100111/top"",""solutions/game_3/series/home_wins_1/rest-110101/bot""]}","[1,0,0,1,1,1]","[1,1,0,1,0,1]",1,1,8,1,home_win,home,0,80
3946,4,"{""single"":[""solutions/game_4/single/rest-100101/top"",""solutions/game_4/single/rest-111111/bot""],""series"":[""solutions/game_4/series/home_wins_2/rest-100101/top"",""solutions/game_4/series/home_wins_2/rest-111111/bot""]}","[1,0,0,1,0,1]","[1,1,1,1,1,1]",2,1,2,6,away_win,away,0,82
3946,5,"{""single"":[""solutions/game_5/single/rest-111010/top"",""solutions/game_5/single/rest-111110/bot""],""series"":[""solutions/game_5/single/rest-111010/top"",""solutions/game_5/single/rest-111110/bot""]}","[1,1,1,0,1,0]","[1,1,1,1,1,0]",2,2,5,4,home_win,home,0,85
3947,1,"{""single"":[""solutions/game_1/single/rest-111111/top"",""solutions/game_1/single/rest-111111/bot""],""series"":[""solutions/game_1/series/rest-111111/top"",""solutions/game_1/series/rest-111111/bot""]}","[1,1,1,1,1,1]","[1,1,1,1,1,1]",0,0,7,2,home_win,home,0,88
3947,2,"{""single"":[""solutions/game_2/single/rest-110001/top"",""solutions/game_2/single/rest-011110/bot""],""series"":[""solutions/game_2/series/home_wins_1/rest-110001/top"",""solutions/game_2/series/home_wins_1/rest-011110/bot""]}","[1,1,0,0,0,1]","[0,1,1,1,1,0]",1,0,0,8,away_win,away,0,39
3947,3,"{""single"":[""solutions/game_3/single/rest-111111/top"",""solutions/game_3/single/rest-111111/bot""],""series"":[""solutions/game_3/series/home_wins_1/rest-111111/top"",""solutions/game_3/series/home_wins_1/rest-111111/bot""]}","[1,1,1,1,1,1]","[1,1,1,1,1,1]",1,1,8,15,away_win,away,0,107
3947,4,"{""single"":[""solutions/game_4/single/rest-100110/top"",""solutions/game_4/single/rest-101010/bot""],""series"":[""solutions/game_4/series/home_wins_1/rest-100110/top"",""solutions/game_4/series/home_wins_1/rest-101010/bot""]}","[1,0,0,1,1,0]","[1,0,1,0,1,0]",1,2,6,5,home_win,home,0,85
3947,5,"{""single"":[""solutions/game_5/single/rest-011011/top"",""solutions/game_5/single/rest-110101/bot""],""series"":[""solutions/game_5/single/rest-011011/top"",""solutions/game_5/single/rest-110101/bot""]}","[0,1,1,0,1,1]","[1,1,0,1,0,1]",2,2,3,4,away_win,away,0,83
3948,1,"{""single"":[""solutions/game_1/single/rest-111111/top"",""solutions/game_1/single/rest-111111/bot""],""series"":[""solutions/game_1/series/rest-111111/top"",""solutions/game_1/series/rest-111111/bot""]}","[1,1,1,1,1,1]","[1,1,1,1,1,1]",0,0,7,1,home_win,home,0,83
3948,2,"{""single"":[""solutions/game_2/single/rest-110001/top"",""solutions/game_2/single/rest-101111/bot""],""series"":[""solutions/game_2/series/home_wins_1/rest-110001/top"",""solutions/game_2/series/home_wins_1/rest-101111/bot""]}","[1,1,0,0,0,1]","[1,0,1,1,1,1]",1,0,7,4,home_win,home,0,87
3948,3,"{""single"":[""solutions/game_3/single/rest-001111/top"",""solutions/game_3/single/rest-111110/bot""],""series"":[""solutions/game_3/series/home_wins_2/rest-001111/top"",""solutions/game_3/series/home_wins_2/rest-111110/bot""]}","[0,0,1,1,1,1]","[1,1,1,1,1,0]",2,0,5,3,home_win,home,0,78
3948,4,"{""single"":[""solutions/game_4/single/rest-010101/top"",""solutions/game_4/single/rest-001111/bot""],""series"":[""solutions/game_4/single/rest-010101/top"",""solutions/game_4/single/rest-001111/bot""]}","[0,1,0,1,0,1]","[0,0,1,1,1,1]",3,0,3,4,away_win,away,1,78
3948,5,"{""single"":[""solutions/game_5/single/rest-111001/top"",""solutions/game_5/single/rest-010011/bot""],""series"":[""solutions/game_5/single/rest-111001/top"",""solutions/game_5/single/rest-010011/bot""]}","[1,1,1,0,0,1]","[0,1,0,0,1,1]",3,1,13,4,home_win,home,1,61
3949,1,"{""single"":[""solutions/game_1/single/rest-111111/top"",""solutions/game_1/single/rest-111111/bot""],""series"":[""solutions/game_1/series/rest-111111/top"",""solutions/game_1/series/rest-111111/bot""]}","[1,1,1,1,1,1]","[1,1,1,1,1,1]",0,0,4,7,away_win,away,0,96
3949,2,"{""single"":[""solutions/game_2/single/rest-010011/top"",""solutions/game_2/single/rest-011010/bot""],""series"":[""solutions/game_2/series/home_wins_0/rest-010011/top"",""solutions/game_2/series/home_wins_0/rest-011010/bot""]}","[0,1,0,0,1,1]","[0,1,1,0,1,0]",0,1,10,2,home_win,home,0,85
3949,3,"{""single"":[""solutions/game_3/single/rest-111100/top"",""solutions/game_3/single/rest-110101/bot""],""series"":[""solutions/game_3/series/home_wins_1/rest-111100/top"",""solutions/game_3/series/home_wins_1/rest-110101/bot""]}","[1,1,1,1,0,0]","[1,1,0,1,0,1]",1,1,3,2,home_win,home,0,81
3949,4,"{""single"":[""solutions/game_4/single/rest-010011/top"",""solutions/game_4/single/rest-001110/bot""],""series"":[""solutions/game_4/series/home_wins_2/rest-010011/top"",""solutions/game_4/series/home_wins_2/rest-001110/bot""]}","[0,1,0,0,1,1]","[0,0,1,1,1,0]",2,1,0,3,away_win,away,0,79
3949,5,"{""single"":[""solutions/game_5/single/rest-101100/top"",""solutions/game_5/single/rest-110001/bot""],""series"":[""solutions/game_5/single/rest-101100/top"",""solutions/game_5/single/rest-110001/bot""]}","[1,0,1,1,0,0]","[1,1,0,0,0,1]",2,2,10,8,home_win,home,0,88
3950,1,"{""single"":[""solutions/game_1/single/rest-111111/top"",""solutions/game_1/single/rest-111111/bot""],""series"":[""solutions/game_1/series/rest-111111/top"",""solutions/game_1/series/rest-111111/bot""]}","[1,1,1,1,1,1]","[1,1,1,1,1,1]",0,0,4,0,home_win,home,0,70
3950,2,"{""single"":[""solutions/game_2/single/rest-110101/top"",""solutions/game_2/single/rest-111100/bot""],""series"":[""solutions/game_2/series/home_wins_1/rest-110101/top"",""solutions/game_2/series/home_wins_1/rest-111100/bot""]}","[1,1,0,1,0,1]","[1,1,1,1,0,0]",1,0,1,5,away_win,away,0,82
3950,3,"{""single"":[""solutions/game_3/single/rest-111011/top"",""solutions/game_3/single/rest-111011/bot""],""series"":[""solutions/game_3/series/home_wins_1/rest-111011/top"",""solutions/game_3/series/home_wins_1/rest-111011/bot""]}","[1,1,1,0,1,1]","[1,1,1,0,1,1]",1,1,3,6,away_win,away,0,80
3950,4,"{""single"":[""solutions/game_4/single/rest-010101/top"",""solutions/game_4/single/rest-011100/bot""],""series"":[""solutions/game_4/series/home_wins_1/rest-010101/top"",""solutions/game_4/series/home_wins_1/rest-011100/bot""]}","[0,1,0,1,0,1]","[0,1,1,1,0,0]",1,2,3,0,home_win,home,0,82
3950,5,"{""single"":[""solutions/game_5/single/rest-111010/top"",""solutions/game_5/single/rest-110111/bot""],""series"":[""solutions/game_5/single/rest-111010/top"",""solutions/game_5/single/rest-110111/bot""]}","[1,1,1,0,1,0]","[1,1,0,1,1,1]",2,2,7,4,home_win,home,0,86
3951,1,"{""single"":[""solutions/game_1/single/rest-111111/top"",""solutions/game_1/single/rest-111111/bot""],""series"":[""solutions/game_1/series/rest-111111/top"",""solutions/game_1/series/rest-111111/bot""]}","[1,1,1,1,1,1]","[1,1,1,1,1,1]",0,0,3,0,home_win,home,0,72
3951,2,"{""single"":[""solutions/game_2/single/rest-110001/top"",""solutions/game_2/single/rest-111111/bot""],""series"":[""solutions/game_2/series/home_wins_1/rest-110001/top"",""solutions/game_2/series/home_wins_1/rest-111111/bot""]}","[1,1,0,0,0,1]","[1,1,1,1,1,1]",1,0,9,13,away_win,away,0,104
3951,3,"{""single"":[""solutions/game_3/single/rest-011111/top"",""solutions/game_3/single/rest-001111/bot""],""series"":[""solutions/game_3/series/home_wins_1/rest-011111/top"",""solutions/game_3/series/home_wins_1/rest-001111/bot""]}","[0,1,1,1,1,1]","[0,0,1,1,1,1]",1,1,6,5,home_win,home,0,86
3951,4,"{""single"":[""solutions/game_4/single/rest-110110/top"",""solutions/game_4/single/rest-111110/bot""],""series"":[""solutions/game_4/series/home_wins_2/rest-110110/top"",""solutions/game_4/series/home_wins_2/rest-111110/bot""]}","[1,1,0,1,1,0]","[1,1,1,1,1,0]",2,1,6,5,home_win,home,0,79
3951,5,"{""single"":[""solutions/game_5/single/rest-011111/top"",""solutions/game_5/single/rest-110111/bot""],""series"":[""solutions/game_5/single/rest-011111/top"",""solutions/game_5/single/rest-110111/bot""]}","[0,1,1,1,1,1]","[1,1,0,1,1,1]",3,1,4,3,home_win,home,1,79
3952,1,"{""single"":[""solutions/game_1/single/rest-111111/top"",""solutions/game_1/single/rest-111111/bot""],""series"":[""solutions/game_1/series/rest-111111/top"",""solutions/game_1/series/rest-111111/bot""]}","[1,1,1,1,1,1]","[1,1,1,1,1,1]",0,0,3,8,away_win,away,0,82
3952,2,"{""single"":[""solutions/game_2/single/rest-110001/top"",""solutions/game_2/single/rest-011111/bot""],""series"":[""solutions/game_2/series/home_wins_0/rest-110001/top"",""solutions/game_2/series/home_wins_0/rest-011111/bot""]}","[1,1,0,0,0,1]","[0,1,1,1,1,1]",0,1,11,2,home_win,home,0,71
3952,3,"{""single"":[""solutions/game_3/single/rest-011101/top"",""solutions/game_3/single/rest-111111/bot""],""series"":[""solutions/game_3/series/home_wins_1/rest-011101/top"",""solutions/game_3/series/home_wins_1/rest-111111/bot""]}","[0,1,1,1,0,1]","[1,1,1,1,1,1]",1,1,6,3,home_win,home,0,77
3952,4,"{""single"":[""solutions/game_4/single/rest-010000/top"",""solutions/game_4/single/rest-010111/bot""],""series"":[""solutions/game_4/series/home_wins_2/rest-010000/top"",""solutions/game_4/series/home_wins_2/rest-010111/bot""]}","[0,1,0,0,0,0]","[0,1,0,1,1,1]",2,1,5,8,away_win,away,0,89
3952,5,"{""single"":[""solutions/game_5/single/rest-101110/top"",""solutions/game_5/single/rest-111001/bot""],""series"":[""solutions/game_5/single/rest-101110/top"",""solutions/game_5/single/rest-111001/bot""]}","[1,0,1,1,1,0]","[1,1,1,0,0,1]",2,2,9,8,home_win,home,0,99
3953,1,"{""single"":[""solutions/game_1/single/rest-111111/top"",""solutions/game_1/single/rest-111111/bot""],""series"":[""solutions/game_1/series/rest-111111/top"",""solutions/game_1/series/rest-111111/bot""]}","[1,1,1,1,1,1]","[1,1,1,1,1,1]",0,0,2,4,away_win,away,0,87
3953,2,"{""single"":[""solutions/game_2/single/rest-010011/top"",""solutions/game_2/single/rest-001111/bot""],""series"":[""solutions/game_2/series/home_wins_0/rest-010011/top"",""solutions/game_2/series/home_wins_0/rest-001111/bot""]}","[0,1,0,0,1,1]","[0,0,1,1,1,1]",0,1,3,11,away_win,away,0,69
3953,3,"{""single"":[""solutions/game_3/single/rest-101101/top"",""solutions/game_3/single/rest-111111/bot""],""series"":[""solutions/game_3/series/home_wins_0/rest-101101/top"",""solutions/game_3/series/home_wins_0/rest-111111/bot""]}","[1,0,1,1,0,1]","[1,1,1,1,1,1]",0,2,3,4,away_win,away,0,85
3953,4,"{""single"":[""solutions/game_4/single/rest-010111/top"",""solutions/game_4/single/rest-001010/bot""],""series"":[""solutions/game_4/single/rest-010111/top"",""solutions/game_4/single/rest-001010/bot""]}","[0,1,0,1,1,1]","[0,0,1,0,1,0]",0,3,5,1,home_win,home,1,76
3953,5,"{""single"":[""solutions/game_5/single/rest-111010/top"",""solutions/game_5/single/rest-110111/bot""],""series"":[""solutions/game_5/single/rest-111010/top"",""solutions/game_5/single/rest-110111/bot""]}","[1,1,1,0,1,0]","[1,1,0,1,1,1]",1,3,5,8,away_win,away,1,86
3954,1,"{""single"":[""solutions/game_1/single/rest-111111/top"",""solutions/game_1/single/rest-111111/bot""],""series"":[""solutions/game_1/series/rest-111111/top"",""solutions/game_1/series/rest-111111/bot""]}","[1,1,1,1,1,1]","[1,1,1,1,1,1]",0,0,0,2,away_win,away,0,72
3954,2,"{""single"":[""solutions/game_2/single/rest-010101/top"",""solutions/game_2/single/rest-111010/bot""],""series"":[""solutions/game_2/series/home_wins_0/rest-010101/top"",""solutions/game_2/series/home_wins_0/rest-111010/bot""]}","[0,1,0,1,0,1]","[1,1,1,0,1,0]",0,1,6,0,home_win,home,0,81
3954,3,"{""single"":[""solutions/game_3/single/rest-111110/top"",""solutions/game_3/single/rest-111101/bot""],""series"":[""solutions/game_3/series/home_wins_1/rest-111110/top"",""solutions/game_3/series/home_wins_1/rest-111101/bot""]}","[1,1,1,1,1,0]","[1,1,1,1,0,1]",1,1,8,0,home_win,home,0,66
3954,4,"{""single"":[""solutions/game_4/single/rest-111001/top"",""solutions/game_4/single/rest-110111/bot""],""series"":[""solutions/game_4/series/home_wins_2/rest-111001/top"",""solutions/game_4/series/home_wins_2/rest-110111/bot""]}","[1,1,1,0,0,1]","[1,1,0,1,1,1]",2,1,3,6,away_win,away,0,80
3954,5,"{""single"":[""solutions/game_5/single/rest-010111/top"",""solutions/game_5/single/rest-111110/bot""],""series"":[""solutions/game_5/single/rest-010111/top"",""solutions/game_5/single/rest-111110/bot""]}","[0,1,0,1,1,1]","[1,1,1,1,1,0]",2,2,3,2,home_win,home,0,85
3955,1,"{""single"":[""solutions/game_1/single/rest-111111/top"",""solutions/game_1/single/rest-111111/bot""],""series"":[""solutions/game_1/series/rest-111111/top"",""solutions/game_1/series/rest-111111/bot""]}","[1,1,1,1,1,1]","[1,1,1,1,1,1]",0,0,3,5,away_win,away,0,82
3955,2,"{""single"":[""solutions/game_2/single/rest-001001/top"",""solutions/game_2/single/rest-101110/bot""],""series"":[""solutions/game_2/series/home_wins_0/rest-001001/top"",""solutions/game_2/series/home_wins_0/rest-101110/bot""]}","[0,0,1,0,0,1]","[1,0,1,1,1,0]",0,1,1,2,away_win,away,0,67
3955,3,"{""single"":[""solutions/game_3/single/rest-110110/top"",""solutions/game_3/single/rest-011111/bot""],""series"":[""solutions/game_3/series/home_wins_0/rest-110110/top"",""solutions/game_3/series/home_wins_0/rest-011111/bot""]}","[1,1,0,1,1,0]","[0,1,1,1,1,1]",0,2,4,1,home_win,home,0,71
3955,4,"{""single"":[""solutions/game_4/single/rest-101001/top"",""solutions/game_4/single/rest-010111/bot""],""series"":[""solutions/game_4/series/home_wins_1/rest-101001/top"",""solutions/game_4/series/home_wins_1/rest-010111/bot""]}","[1,0,1,0,0,1]","[0,1,0,1,1,1]",1,2,3,0,home_win,home,0,71
3955,5,"{""single"":[""solutions/game_5/single/rest-010101/top"",""solutions/game_5/single/rest-111101/bot""],""series"":[""solutions/game_5/single/rest-010101/top"",""solutions/game_5/single/rest-111101/bot""]}","[0,1,0,1,0,1]","[1,1,1,1,0,1]",2,2,2,6,away_win,away,0,86
3956,1,"{""single"":[""solutions/game_1/single/rest-111111/top"",""solutions/game_1/single/rest-111111/bot""],""series"":[""solutions/game_1/series/rest-111111/top"",""solutions/game_1/series/rest-111111/bot""]}","[1,1,1,1,1,1]","[1,1,1,1,1,1]",0,0,1,9,away_win,away,0,70
3956,2,"{""single"":[""solutions/game_2/single/rest-010000/top"",""solutions/game_2/single/rest-111110/bot""],""series"":[""solutions/game_2/series/home_wins_0/rest-010000/top"",""solutions/game_2/series/home_wins_0/rest-111110/bot""]}","[0,1,0,0,0,0]","[1,1,1,1,1,0]",0,1,4,11,away_win,away,0,87
3956,3,"{""single"":[""solutions/game_3/single/rest-111111/top"",""solutions/game_3/single/rest-111111/bot""],""series"":[""solutions/game_3/series/home_wins_0/rest-111111/top"",""solutions/game_3/series/home_wins_0/rest-111111/bot""]}","[1,1,1,1,1,1]","[1,1,1,1,1,1]",0,2,3,6,away_win,away,0,78
3956,4,"{""single"":[""solutions/game_4/single/rest-010001/top"",""solutions/game_4/single/rest-101111/bot""],""series"":[""solutions/game_4/single/rest-010001/top"",""solutions/game_4/single/rest-101111/bot""]}","[0,1,0,0,0,1]","[1,0,1,1,1,1]",0,3,1,4,away_win,away,1,82
3956,5,"{""single"":[""solutions/game_5/single/rest-111110/top"",""solutions/game_5/single/rest-011011/bot""],""series"":[""solutions/game_5/single/rest-111110/top"",""solutions/game_5/single/rest-011011/bot""]}","[1,1,1,1,1,0]","[0,1,1,0,1,1]",0,4,5,2,home_win,home,1,74
3957,1,"{""single"":[""solutions/game_1/single/rest-111111/top"",""solutions/game_1/single/rest-111111/bot""],""series"":[""solutions/game_1/series/rest-111111/top"",""solutions/game_1/series/rest-111111/bot""]}","[1,1,1,1,1,1]","[1,1,1,1,1,1]",0,0,10,7,home_win,home,0,90
3957,2,"{""single"":[""solutions/game_2/single/rest-110100/top"",""solutions/game_2/single/rest-010111/bot""],""series"":[""solutions/game_2/series/home_wins_1/rest-110100/top"",""solutions/game_2/series/home_wins_1/rest-010111/bot""]}","[1,1,0,1,0,0]","[0,1,0,1,1,1]",1,0,1,10,away_win,away,0,30
3957,3,"{""single"":[""solutions/game_3/single/rest-111111/top"",""solutions/game_3/single/rest-111111/bot""],""series"":[""solutions/game_3/series/home_wins_1/rest-111111/top"",""solutions/game_3/series/home_wins_1/rest-111111/bot""]}","[1,1,1,1,1,1]","[1,1,1,1,1,1]",1,1,3,4,away_win,away,0,87
3957,4,"{""single"":[""solutions/game_4/single/rest-010001/top"",""solutions/game_4/single/rest-011010/bot""],""series"":[""solutions/game_4/series/home_wins_1/rest-010001/top"",""solutions/game_4/series/home_wins_1/rest-011010/bot""]}","[0,1,0,0,0,1]","[0,1,1,0,1,0]",1,2,1,9,away_win,away,0,71
3957,5,"{""single"":[""solutions/game_5/single/rest-111110/top"",""solutions/game_5/single/rest-111111/bot""],""series"":[""solutions/game_5/single/rest-111110/top"",""solutions/game_5/single/rest-111111/bot""]}","[1,1,1,1,1,0]","[1,1,1,1,1,1]",1,3,5,1,home_win,home,1,78
3958,1,"{""single"":[""solutions/game_1/single/rest-111111/top"",""solutions/game_1/single/rest-111111/bot""],""series"":[""solutions/game_1/series/rest-111111/top"",""solutions/game_1/series/rest-111111/bot""]}","[1,1,1,1,1,1]","[1,1,1,1,1,1]",0,0,5,2,home_win,home,0,75
3958,2,"{""single"":[""solutions/game_2/single/rest-010001/top"",""solutions/game_2/single/rest-110111/bot""],""series"":[""solutions/game_2/series/home_wins_1/rest-010001/top"",""solutions/game_2/series/home_wins_1/rest-110111/bot""]}","[0,1,0,0,0,1]","[1,1,0,1,1,1]",1,0,4,5,away_win,away,0,96
3958,3,"{""single"":[""solutions/game_3/single/rest-110111/top"",""solutions/game_3/single/rest-011010/bot""],""series"":[""solutions/game_3/series/home_wins_1/rest-110111/top"",""solutions/game_3/series/home_wins_1/rest-011010/bot""]}","[1,1,0,1,1,1]","[0,1,1,0,1,0]",1,1,12,9,home_win,home,0,88
3958,4,"{""single"":[""solutions/game_4/single/rest-101000/top"",""solutions/game_4/single/rest-110100/bot""],""series"":[""solutions/game_4/series/home_wins_2/rest-101000/top"",""solutions/game_4/series/home_wins_2/rest-110100/bot""]}","[1,0,1,0,0,0]","[1,1,0,1,0,0]",2,1,1,10,away_win,away,0,52
3958,5,"{""single"":[""solutions/game_5/single/rest-011011/top"",""solutions/game_5/single/rest-111111/bot""],""series"":[""solutions/game_5/single/rest-011011/top"",""solutions/game_5/single/rest-111111/bot""]}","[0,1,1,0,1,1]","[1,1,1,1,1,1]",2,2,4,5,away_win,away,0,89
3959,1,"{""single"":[""solutions/game_1/single/rest-111111/top"",""solutions/game_1/single/rest-111111/bot""],""series"":[""solutions/game_1/series/rest-111111/top"",""solutions/game_1/series/rest-111111/bot""]}","[1,1,1,1,1,1]","[1,1,1,1,1,1]",0,0,1,0,home_win,home,0,72
3959,2,"{""single"":[""solutions/game_2/single/rest-110001/top"",""solutions/game_2/single/rest-111110/bot""],""series"":[""solutions/game_2/series/home_wins_1/rest-110001/top"",""solutions/game_2/series/home_wins_1/rest-111110/bot""]}","[1,1,0,0,0,1]","[1,1,1,1,1,0]",1,0,1,6,away_win,away,0,83
3959,3,"{""single"":[""solutions/game_3/single/rest-101110/top"",""solutions/game_3/single/rest-101111/bot""],""series"":[""solutions/game_3/series/home_wins_1/rest-101110/top"",""solutions/game_3/series/home_wins_1/rest-101111/bot""]}","[1,0,1,1,1,0]","[1,0,1,1,1,1]",1,1,0,1,away_win,away,0,71
3959,4,"{""single"":[""solutions/game_4/single/rest-110111/top"",""solutions/game_4/single/rest-111110/bot""],""series"":[""solutions/game_4/series/home_wins_1/rest-110111/top"",""solutions/game_4/series/home_wins_1/rest-111110/bot""]}","[1,1,0,1,1,1]","[1,1,1,1,1,0]",1,2,3,2,home_win,home,0,77
3959,5,"{""single"":[""solutions/game_5/single/rest-111010/top"",""solutions/game_5/single/rest-110111/bot""],""series"":[""solutions/game_5/single/rest-111010/top"",""solutions/game_5/single/rest-110111/bot""]}","[1,1,1,0,1,0]","[1,1,0,1,1,1]",2,2,11,5,home_win,home,0,95
3960,1,"{""single"":[""solutions/game_1/single/rest-111111/top"",""solutions/game_1/single/rest-111111/bot""],""series"":[""solutions/game_1/series/rest-111111/top"",""solutions/game_1/series/rest-111111/bot""]}","[1,1,1,1,1,1]","[1,1,1,1,1,1]",0,0,7,2,home_win,home,0,78
3960,2,"{""single"":[""solutions/game_2/single/rest-010001/top"",""solutions/game_2/single/rest-011101/bot""],""series"":[""solutions/game_2/series/home_wins_1/rest-010001/top"",""solutions/game_2/series/home_wins_1/rest-011101/bot""]}","[0,1,0,0,0,1]","[0,1,1,1,0,1]",1,0,8,0,home_win,home,0,35
3960,3,"{""single"":[""solutions/game_3/single/rest-111111/top"",""solutions/game_3/single/rest-011111/bot""],""series"":[""solutions/game_3/series/home_wins_2/rest-111111/top"",""solutions/game_3/series/home_wins_2/rest-011111/bot""]}","[1,1,1,1,1,1]","[0,1,1,1,1,1]",2,0,2,4,away_win,away,0,77
3960,4,"{""single"":[""solutions/game_4/single/rest-010011/top"",""solutions/game_4/single/rest-011010/bot""],""series"":[""solutions/game_4/series/home_wins_2/rest-010011/top"",""solutions/game_4/series/home_wins_2/rest-011010/bot""]}","[0,1,0,0,1,1]","[0,1,1,0,1,0]",2,1,3,2,home_win,home,0,70
3960,5,"{""single"":[""solutions/game_5/single/rest-011110/top"",""solutions/game_5/single/rest-111101/bot""],""series"":[""solutions/game_5/single/rest-011110/top"",""solutions/game_5/single/rest-111101/bot""]}","[0,1,1,1,1,0]","[1,1,1,1,0,1]",3,1,6,1,home_win,home,1,74
3961,1,"{""single"":[""solutions/game_1/single/rest-111111/top"",""solutions/game_1/single/rest-111111/bot""],""series"":[""solutions/game_1/series/rest-111111/top"",""solutions/game_1/series/rest-111111/bot""]}","[1,1,1,1,1,1]","[1,1,1,1,1,1]",0,0,2,8,away_win,away,0,87
3961,2,"{""single"":[""solutions/game_2/single/rest-010001/top"",""solutions/game_2/single/rest-111110/bot""],""series"":[""solutions/game_2/series/home_wins_0/rest-010001/top"",""solutions/game_2/series/home_wins_0/rest-111110/bot""]}","[0,1,0,0,0,1]","[1,1,1,1,1,0]",0,1,7,5,home_win,home,0,84
3961,3,"{""single"":[""solutions/game_3/single/rest-001110/top"",""solutions/game_3/single/rest-110101/bot""],""series"":[""solutions/game_3/series/home_wins_1/rest-001110/top"",""solutions/game_3/series/home_wins_1/rest-110101/bot""]}","[0,0,1,1,1,0]","[1,1,0,1,0,1]",1,1,6,5,home_win,home,0,83
3961,4,"{""single"":[""solutions/game_4/single/rest-110001/top"",""solutions/game_4/single/rest-111000/bot""],""series"":[""solutions/game_4/series/home_wins_2/rest-110001/top"",""solutions/game_4/series/home_wins_2/rest-111000/bot""]}","[1,1,0,0,0,1]","[1,1,1,0,0,0]",2,1,8,3,home_win,home,0,86
3961,5,"{""single"":[""solutions/game_5/single/rest-001010/top"",""solutions/game_5/single/rest-000111/bot""],""series"":[""solutions/game_5/single/rest-001010/top"",""solutions/game_5/single/rest-000111/bot""]}","[0,0,1,0,1,0]","[0,0,0,1,1,1]",3,1,8,10,away_win,away,1,92
3962,1,"{""single"":[""solutions/game_1/single/rest-111111/top"",""solutions/game_1/single/rest-111111/bot""],""series"":[""solutions/game_1/series/rest-111111/top"",""solutions/game_1/series/rest-111111/bot""]}","[1,1,1,1,1,1]","[1,1,1,1,1,1]",0,0,1,6,away_win,away,0,74
3962,2,"{""single"":[""solutions/game_2/single/rest-011011/top"",""solutions/game_2/single/rest-110111/bot""],""series"":[""solutions/game_2/series/home_wins_0/rest-011011/top"",""solutions/game_2/series/home_wins_0/rest-110111/bot""]}","[0,1,1,0,1,1]","[1,1,0,1,1,1]",0,1,4,3,home_win,home,0,75
3962,3,"{""single"":[""solutions/game_3/single/rest-110100/top"",""solutions/game_3/single/rest-111111/bot""],""series"":[""solutions/game_3/series/home_wins_1/rest-110100/top"",""solutions/game_3/series/home_wins_1/rest-111111/bot""]}","[1,1,0,1,0,0]","[1,1,1,1,1,1]",1,1,6,5,home_win,home,0,82
3962,4,"{""single"":[""solutions/game_4/single/rest-000001/top"",""solutions/game_4/single/rest-101010/bot""],""series"":[""solutions/game_4/series/home_wins_2/rest-000001/top"",""solutions/game_4/series/home_wins_2/rest-101010/bot""]}","[0,0,0,0,0,1]","[1,0,1,0,1,0]",2,1,5,12,away_win,away,0,91
3962,5,"{""single"":[""solutions/game_5/single/rest-111111/top"",""solutions/game_5/single/rest-011110/bot""],""series"":[""solutions/game_5/single/rest-111111/top"",""solutions/game_5/single/rest-011110/bot""]}","[1,1,1,1,1,1]","[0,1,1,1,1,0]",2,2,3,4,away_win,away,0,88
3963,1,"{""single"":[""solutions/game_1/single/rest-111111/top"",""solutions/game_1/single/rest-111111/bot""],""series"":[""solutions/game_1/series/rest-111111/top"",""solutions/game_1/series/rest-111111/bot""]}","[1,1,1,1,1,1]","[1,1,1,1,1,1]",0,0,7,6,home_win,home,0,88
3963,2,"{""single"":[""solutions/game_2/single/rest-111011/top"",""solutions/game_2/single/rest-110110/bot""],""series"":[""solutions/game_2/series/home_wins_1/rest-111011/top"",""solutions/game_2/series/home_wins_1/rest-110110/bot""]}","[1,1,1,0,1,1]","[1,1,0,1,1,0]",1,0,3,11,away_win,away,0,84
3963,3,"{""single"":[""solutions/game_3/single/rest-010000/top"",""solutions/game_3/single/rest-001110/bot""],""series"":[""solutions/game_3/series/home_wins_1/rest-010000/top"",""solutions/game_3/series/home_wins_1/rest-001110/bot""]}","[0,1,0,0,0,0]","[0,0,1,1,1,0]",1,1,4,6,away_win,away,0,81
3963,4,"{""single"":[""solutions/game_4/single/rest-101111/top"",""solutions/game_4/single/rest-110110/bot""],""series"":[""solutions/game_4/series/home_wins_1/rest-101111/top"",""solutions/game_4/series/home_wins_1/rest-110110/bot""]}","[1,0,1,1,1,1]","[1,1,0,1,1,0]",1,2,0,4,away_win,away,0,79
3963,5,"{""single"":[""solutions/game_5/single/rest-110001/top"",""solutions/game_5/single/rest-110011/bot""],""series"":[""solutions/game_5/single/rest-110001/top"",""solutions/game_5/single/rest-110011/bot""]}","[1,1,0,0,0,1]","[1,1,0,0,1,1]",1,3,8,1,home_win,home,1,78
3964,1,"{""single"":[""solutions/game_1/single/rest-111111/top"",""solutions/game_1/single/rest-111111/bot""],""series"":[""solutions/game_1/series/rest-111111/top"",""solutions/game_1/series/rest-111111/bot""]}","[1,1,1,1,1,1]","[1,1,1,1,1,1]",0,0,5,2,home_win,home,0,75
3964,2,"{""single"":[""solutions/game_2/single/rest-111001/top"",""solutions/game_2/single/rest-111100/bot""],""series"":[""solutions/game_2/series/home_wins_1/rest-111001/top"",""solutions/game_2/series/home_wins_1/rest-111100/bot""]}","[1,1,1,0,0,1]","[1,1,1,1,0,0]",1,0,9,2,home_win,home,0,77
3964,3,"{""single"":[""solutions/game_3/single/rest-111110/top"",""solutions/game_3/single/rest-101011/bot""],""series"":[""solutions/game_3/series/home_wins_2/rest-111110/top"",""solutions/game_3/series/home_wins_2/rest-101011/bot""]}","[1,1,1,1,1,0]","[1,0,1,0,1,1]",2,0,13,5,home_win,home,0,83
3964,4,"{""single"":[""solutions/game_4/single/rest-111101/top"",""solutions/game_4/single/rest-011111/bot""],""series"":[""solutions/game_4/single/rest-111101/top"",""solutions/game_4/single/rest-011111/bot""]}","[1,1,1,1,0,1]","[0,1,1,1,1,1]",3,0,5,1,home_win,home,1,80
3964,5,"{""single"":[""solutions/game_5/single/rest-110010/top"",""solutions/game_5/single/rest-100011/bot""],""series"":[""solutions/game_5/single/rest-110010/top"",""solutions/game_5/single/rest-100011/bot""]}","[1,1,0,0,1,0]","[1,0,0,0,1,1]",4,0,6,7,away_win,away,1,82
3965,1,"{""single"":[""solutions/game_1/single/rest-111111/top"",""solutions/game_1/single/rest-111111/bot""],""series"":[""solutions/game_1/series/rest-111111/top"",""solutions/game_1/series/rest-111111/bot""]}","[1,1,1,1,1,1]","[1,1,1,1,1,1]",0,0,3,8,away_win,away,0,80
3965,2,"{""single"":[""solutions/game_2/single/rest-011001/top"",""solutions/game_2/single/rest-111100/bot""],""series"":[""solutions/game_2/series/home_wins_0/rest-011001/top"",""solutions/game_2/series/home_wins_0/rest-111100/bot""]}","[0,1,1,0,0,1]","[1,1,1,1,0,0]",0,1,3,7,away_win,away,0,82
3965,3,"{""single"":[""solutions/game_3/single/rest-101111/top"",""solutions/game_3/single/rest-111101/bot""],""series"":[""solutions/game_3/series/home_wins_0/rest-101111/top"",""solutions/game_3/series/home_wins_0/rest-111101/bot""]}","[1,0,1,1,1,1]","[1,1,1,1,0,1]",0,2,9,1,home_win,home,0,50
3965,4,"{""single"":[""solutions/game_4/single/rest-111111/top"",""solutions/game_4/single/rest-111111/bot""],""series"":[""solutions/game_4/series/home_wins_1/rest-111111/top"",""solutions/game_4/series/home_wins_1/rest-111111/bot""]}","[1,1,1,1,1,1]","[1,1,1,1,1,1]",1,2,4,4,tie,away,0,85
3965,5,"{""single"":[""solutions/game_5/single/rest-011001/top"",""solutions/game_5/single/rest-001110/bot""],""series"":[""solutions/game_5/single/rest-011001/top"",""solutions/game_5/single/rest-001110/bot""]}","[0,1,1,0,0,1]","[0,0,1,1,1,0]",1,3,13,12,home_win,home,1,105
3966,1,"{""single"":[""solutions/game_1/single/rest-111111/top"",""solutions/game_1/single/rest-111111/bot""],""series"":[""solutions/game_1/series/rest-111111/top"",""solutions/game_1/series/rest-111111/bot""]}","[1,1,1,1,1,1]","[1,1,1,1,1,1]",0,0,4,6,away_win,away,0,89
3966,2,"{""single"":[""solutions/game_2/single/rest-011111/top"",""solutions/game_2/single/rest-001010/bot""],""series"":[""solutions/game_2/series/home_wins_0/rest-011111/top"",""solutions/game_2/series/home_wins_0/rest-001010/bot""]}","[0,1,1,1,1,1]","[0,0,1,0,1,0]",0,1,8,7,home_win,home,0,101
3966,3,"{""single"":[""solutions/game_3/single/rest-101010/top"",""solutions/game_3/single/rest-100111/bot""],""series"":[""solutions/game_3/series/home_wins_1/rest-101010/top"",""solutions/game_3/series/home_wins_1/rest-100111/bot""]}","[1,0,1,0,1,0]","[1,0,0,1,1,1]",1,1,6,5,home_win,home,0,90
3966,4,"{""single"":[""solutions/game_4/single/rest-111001/top"",""solutions/game_4/single/rest-011011/bot""],""series"":[""solutions/game_4/series/home_wins_2/rest-111001/top"",""solutions/game_4/series/home_wins_2/rest-011011/bot""]}","[1,1,1,0,0,1]","[0,1,1,0,1,1]",2,1,4,7,away_win,away,0,87
3966,5,"{""single"":[""solutions/game_5/single/rest-110111/top"",""solutions/game_5/single/rest-101101/bot""],""series"":[""solutions/game_5/single/rest-110111/top"",""solutions/game_5/single/rest-101101/bot""]}","[1,1,0,1,1,1]","[1,0,1,1,0,1]",2,2,6,5,home_win,home,0,77
3967,1,"{""single"":[""solutions/game_1/single/rest-111111/top"",""solutions/game_1/single/rest-111111/bot""],""series"":[""solutions/game_1/series/rest-111111/top"",""solutions/game_1/series/rest-111111/bot""]}","[1,1,1,1,1,1]","[1,1,1,1,1,1]",0,0,7,8,away_win,away,0,84
3967,2,"{""single"":[""solutions/game_2/single/rest-010110/top"",""solutions/game_2/single/rest-111010/bot""],""series"":[""solutions/game_2/series/home_wins_0/rest-010110/top"",""solutions/game_2/series/home_wins_0/rest-111010/bot""]}","[0,1,0,1,1,0]","[1,1,1,0,1,0]",0,1,8,0,home_win,home,0,56
3967,3,"{""single"":[""solutions/game_3/single/rest-111111/top"",""solutions/game_3/single/rest-111111/bot""],""series"":[""solutions/game_3/series/home_wins_1/rest-111111/top"",""solutions/game_3/series/home_wins_1/rest-111111/bot""]}","[1,1,1,1,1,1]","[1,1,1,1,1,1]",1,1,9,1,home_win,home,0,47
3967,4,"{""single"":[""solutions/game_4/single/rest-111111/top"",""solutions/game_4/single/rest-111111/bot""],""series"":[""solutions/game_4/series/home_wins_2/rest-111111/top"",""solutions/game_4/series/home_wins_2/rest-111111/bot""]}","[1,1,1,1,1,1]","[1,1,1,1,1,1]",2,1,2,0,home_win,home,0,75
3967,5,"{""single"":[""solutions/game_5/single/rest-110100/top"",""solutions/game_5/single/rest-111111/bot""],""series"":[""solutions/game_5/single/rest-110100/top"",""solutions/game_5/single/rest-111111/bot""]}","[1,1,0,1,0,0]","[1,1,1,1,1,1]",3,1,4,5,away_win,away,1,84
3968,1,"{""single"":[""solutions/game_1/single/rest-111111/top"",""solutions/game_1/single/rest-111111/bot""],""series"":[""solutions/game_1/series/rest-111111/top"",""solutions/game_1/series/rest-111111/bot""]}","[1,1,1,1,1,1]","[1,1,1,1,1,1]",0,0,5,7,away_win,away,0,85
3968,2,"{""single"":[""solutions/game_2/single/rest-010000/top"",""solutions/game_2/single/rest-011111/bot""],""series"":[""solutions/game_2/series/home_wins_0/rest-010000/top"",""solutions/game_2/series/home_wins_0/rest-011111/bot""]}","[0,1,0,0,0,0]","[0,1,1,1,1,1]",0,1,1,9,away_win,away,0,71
3968,3,"{""single"":[""solutions/game_3/single/rest-111111/top"",""solutions/game_3/single/rest-111101/bot""],""series"":[""solutions/game_3/series/home_wins_0/rest-111111/top"",""solutions/game_3/series/home_wins_0/rest-111101/bot""]}","[1,1,1,1,1,1]","[1,1,1,1,0,1]",0,2,8,4,home_win,home,0,71
3968,4,"{""single"":[""solutions/game_4/single/rest-110011/top"",""solutions/game_4/single/rest-111111/bot""],""series"":[""solutions/game_4/series/home_wins_1/rest-110011/top"",""solutions/game_4/series/home_wins_1/rest-111111/bot""]}","[1,1,0,0,1,1]","[1,1,1,1,1,1]",1,2,5,11,away_win,away,0,94
3968,5,"{""single"":[""solutions/game_5/single/rest-001110/top"",""solutions/game_5/single/rest-001111/bot""],""series"":[""solutions/game_5/single/rest-001110/top"",""solutions/game_5/single/rest-001111/bot""]}","[0,0,1,1,1,0]","[0,0,1,1,1,1]",1,3,6,7,away_win,away,1,94
