sequence,game,policies,home_initial_rest,away_initial_rest,home_wins_before,away_wins_before,home_score,away_score,terminal_result,winner,post_clinch,decisions
5761,1,"{""series"":[""solutions/game_1/series/rest-111111/top"",""solutions/game_1/series/rest-111111/bot""],""single"":[""solutions/game_1/single/rest-111111/top"",""solutions/game_1/single/rest-111111/bot""]}","[1,1,1,1,1,1]","[1,1,1,1,1,1]",0,0,4,5,away_win,away,0,85
5761,2,"{""series"":[""solutions/game_2/series/home_wins_0/rest-111001/top"",""solutions/game_2/series/home_wins_0/rest-110010/bot""],""single"":[""solutions/game_2/single/rest-111001/top"",""solutions/game_2/single/rest-110010/bot""]}","[1,1,1,0,0,1]","[1,1,0,0,1,0]",0,1,6,2,home_win,home,0,82
5761,3,"{""series"":[""solutions/game_3/series/home_wins_1/rest-001110/top"",""solutions/game_3/series/home_wins_1/rest-111101/bot""],""single"":[""solutions/game_3/single/rest-001110/top"",""solutions/game_3/single/rest-111101/bot""]}","[0,0,1,1,1,0]","[1,1,1,1,0,1]",1,1,2,5,away_win,away,0,75
5761,4,"{""series"":[""solutions/game_4/series/home_wins_1/rest-111001/top"",""solutions/game_4/series/home_wins_1/rest-011011/bot""],""single"":[""solutions/game_4/single/rest-111001/top"",""solutions/game_4/single/rest-011011/bot""]}","[1,1,1,0,0,1]","[0,1,1,0,1,1]",1,2,4,8,away_win,away,0,87
5761,5,"{""series"":[""solutions/game_5/single/rest-010110/top"",""solutions/game_5/single/rest-101110/bot""],""single"":[""solutions/game_5/single/rest-010110/top"",""solutions/game_5/single/rest-101110/bot""]}","[0,1,0,1,1,0]","[1,0,1,1,1,0]",1,3,3,2,home_win,home,1,73
5762,1,"{""series"":[""solutions/game_1/series/rest-111111/top"",""solutions/game_1/series/rest-111111/bot""],""single"":[""solutions/game_1/single/rest-111111/top"",""solutions/game_1/single/rest-111111/bot""]}","[1,1,1,1,1,1]","[1,1,1,1,1,1]",0,0,8,4,home_win,home,0,79
5762,2,"{""series"":[""solutions/game_2/series/home_wins_1/rest-111100/top"",""solutions/game_2/series/home_wins_1/rest-010011/bot""],""single"":[""solutions/game_2/single/rest-111100/top"",""solutions/game_2/single/rest-010011/bot""]}","[1,1,1,1,0,0]","[0,1,0,0,1,1]",1,0,1,3,away_win,away,0,82
5762,3,"{""series"":[""solutions/game_3/series/home_wins_1/rest-111110/top"",""solutions/game_3/series/home_wins_1/rest-101101/bot""],""single"":[""solutions/game_3/single/rest-111110/top"",""solutions/game_3/single/rest-101101/bot""]}","[1,1,1,1,1,0]","[1,0,1,1,0,1]",1,1,4,2,home_win,home,0,72
5762,4,"{""series"":[""solutions/game_4/series/home_wins_2/rest-110101/top"",""solutions/game_4/series/home_wins_2/rest-110010/bot""],""single"":[""solutions/game_4/single/rest-110101/top"",""solutions/game_4/single/rest-110010/bot""]}","[1,1,0,1,0,1]","[1,1,0,0,1,0]",2,1,6,9,away_win,away,0,94
5762,5,"{""series"":[""solutions/game_5/single/rest-101110/top"",""solutions/game_5/single/rest-001101/bot""],""single"":[""solutions/game_5/single/rest-101110/top"",""solutions/game_5/single/rest-001101/bot""]}","[1,0,1,1,1,0]","[0,0,1,1,0,1]",2,2,7,6,home_win,home,0,97
5763,1,"{""series"":[""solutions/game_1/series/rest-111111/top"",""solutions/game_1/series/rest-111111/bot""],""single"":[""solutions/game_1/single/rest-111111/top"",""solutions/game_1/single/rest-111111/bot""]}","[1,1,1,1,1,1]","[1,1,1,1,1,1]",0,0,6,4,home_win,home,0,82
5763,2,"{""series"":[""solutions/game_2/series/home_wins_1/rest-111101/top"",""solutions/game_2/series/home_wins_1/rest-100110/bot""],""single"":[""solutions/game_2/single/rest-111101/top"",""solutions/game_2/single/rest-100110/bot""]}","[1,1,1,1,0,1]","[1,0,0,1,1,0]",1,0,2,0,home_win,home,0,63
5763,3,"{""series"":[""solutions/game_3/series/home_wins_2/rest-111111/top"",""solutions/game_3/series/home_wins_2/rest-011011/bot""],""single"":[""solutions/game_3/single/rest-111111/top"",""solutions/game_3/single/rest-011011/bot""]}","[1,1,1,1,1,1]","[0,1,1,0,1,1]",2,0,5,3,home_win,home,0,84
5763,4,"{""series"":[""solutions/game_4/single/rest-011101/top"",""solutions/game_4/single/rest-100101/bot""],""single"":[""solutions/game_4/single/rest-011101/top"",""solutions/game_4/single/rest-100101/bot""]}","[0,1,1,1,0,1]","[1,0,0,1,0,1]",3,0,1,7,away_win,away,1,78
5763,5,"{""series"":[""solutions/game_5/single/rest-110110/top"",""solutions/game_5/single/rest-111011/bot""],""single"":[""solutions/game_5/single/rest-110110/top"",""solutions/game_5/single/rest-111011/bot""]}","[1,1,0,1,1,0]","[1,1,1,0,1,1]",3,1,8,3,home_win,home,1,81
5764,1,"{""series"":[""solutions/game_1/series/rest-111111/top"",""solutions/game_1/series/rest-111111/bot""],""single"":[""solutions/game_1/single/rest-111111/top"",""solutions/game_1/single/rest-111111/bot""]}","[1,1,1,1,1,1]","[1,1,1,1,1,1]",0,0,3,7,away_win,away,0,79
5764,2,"{""series"":[""solutions/game_2/series/home_wins_0/rest-111001/top"",""solutions/game_2/series/home_wins_0/rest-111110/bot""],""single"":[""solutions/game_2/single/rest-111001/top"",""solutions/game_2/single/rest-111110/bot""]}","[1,1,1,0,0,1]","[1,1,1,1,1,0]",0,1,3,4,away_win,away,0,84
5764,3,"{""series"":[""solutions/game_3/series/home_wins_0/rest-111111/top"",""solutions/game_3/series/home_wins_0/rest-100111/bot""],""single"":[""solutions/game_3/single/rest-111111/top"",""solutions/game_3/single/rest-100111/bot""]}","[1,1,1,1,1,1]","[1,0,0,1,1,1]",0,2,3,6,away_win,away,0,79
5764,4,"{""series"":[""solutions/game_4/single/rest-011001/top"",""solutions/game_4/single/rest-011111/bot""],""single"":[""solutions/game_4/single/rest-011001/top"",""solutions/game_4/single/rest-011111/bot""]}","[0,1,1,0,0,1]","[0,1,1,1,1,1]",0,3,13,18,away_win,away,1,117
5764,5,"{""series"":[""solutions/game_5/single/rest-100111/top"",""solutions/game_5/single/rest-110100/bot""],""single"":[""solutions/game_5/single/rest-100111/top"",""solutions/game_5/single/rest-110100/bot""]}","[1,0,0,1,1,1]","[1,1,0,1,0,0]",0,4,3,5,away_win,away,1,75
5765,1,"{""series"":[""solutions/game_1/series/rest-111111/top"",""solutions/game_1/series/rest-111111/bot""],""single"":[""solutions/game_1/single/rest-111111/top"",""solutions/game_1/single/rest-111111/bot""]}","[1,1,1,1,1,1]","[1,1,1,1,1,1]",0,0,3,2,home_win,home,0,71
5765,2,"{""series"":[""solutions/game_2/series/home_wins_1/rest-110011/top"",""solutions/game_2/series/home_wins_1/rest-001111/bot""],""single"":[""solutions/game_2/single/rest-110011/top"",""solutions/game_2/single/rest-001111/bot""]}","[1,1,0,0,1,1]","[0,0,1,1,1,1]",1,0,6,5,home_win,home,0,83
5765,3,"{""series"":[""solutions/game_3/series/home_wins_2/rest-101100/top"",""solutions/game_3/series/home_wins_2/rest-111100/bot""],""single"":[""solutions/game_3/single/rest-101100/top"",""solutions/game_3/single/rest-111100/bot""]}","[1,0,1,1,0,0]","[1,1,1,1,0,0]",2,0,3,1,home_win,home,0,67
5765,4,"{""series"":[""solutions/game_4/single/rest-110011/top"",""solutions/game_4/single/rest-101111/bot""],""single"":[""solutions/game_4/single/rest-110011/top"",""solutions/game_4/single/rest-101111/bot""]}","[1,1,0,0,1,1]","[1,0,1,1,1,1]",3,0,4,2,home_win,home,1,89
5765,5,"{""series"":[""solutions/game_5/single/rest-001111/top"",""solutions/game_5/single/rest-010010/bot""],""single"":[""solutions/game_5/single/rest-001111/top"",""solutions/game_5/single/rest-010010/bot""]}","[0,0,1,1,1,1]","[0,1,0,0,1,0]",4,0,2,1,home_win,home,1,76
5766,1,"{""series"":[""solutions/game_1/series/rest-111111/top"",""solutions/game_1/series/rest-111111/bot""],""single"":[""solutions/game_1/single/rest-111111/top"",""solutions/game_1/single/rest-111111/bot""]}","[1,1,1,1,1,1]","[1,1,1,1,1,1]",0,0,4,11,away_win,away,0,90
5766,2,"{""series"":[""solutions/game_2/series/home_wins_0/rest-011111/top"",""solutions/game_2/series/home_wins_0/rest-001011/bot""],""single"":[""solutions/game_2/single/rest-011111/top"",""solutions/game_2/single/rest-001011/bot""]}","[0,1,1,1,1,1]","[0,0,1,0,1,1]",0,1,6,5,home_win,home,0,85
5766,3,"{""series"":[""solutions/game_3/series/home_wins_1/rest-110010/top"",""solutions/game_3/series/home_wins_1/rest-111111/bot""],""single"":[""solutions/game_3/single/rest-110010/top"",""solutions/game_3/single/rest-111111/bot""]}","[1,1,0,0,1,0]","[1,1,1,1,1,1]",1,1,2,3,away_win,away,0,76
5766,4,"{""series"":[""solutions/game_4/series/home_wins_1/rest-101101/top"",""solutions/game_4/series/home_wins_1/rest-110011/bot""],""single"":[""solutions/game_4/single/rest-101101/top"",""solutions/game_4/single/rest-110011/bot""]}","[1,0,1,1,0,1]","[1,1,0,0,1,1]",1,2,3,11,away_win,away,0,51
5766,5,"{""series"":[""solutions/game_5/single/rest-011011/top"",""solutions/game_5/single/rest-111111/bot""],""single"":[""solutions/game_5/single/rest-011011/top"",""solutions/game_5/single/rest-111111/bot""]}","[0,1,1,0,1,1]","[1,1,1,1,1,1]",1,3,3,5,away_win,away,1,82
5767,1,"{""series"":[""solutions/game_1/series/rest-111111/top"",""solutions/game_1/series/rest-111111/bot""],""single"":[""solutions/game_1/single/rest-111111/top"",""solutions/game_1/single/rest-111111/bot""]}","[1,1,1,1,1,1]","[1,1,1,1,1,1]",0,0,6,5,home_win,home,0,82
5767,2,"{""series"":[""solutions/game_2/series/home_wins_1/rest-010011/top"",""solutions/game_2/series/home_wins_1/rest-101110/bot""],""single"":[""solutions/game_2/single/rest-010011/top"",""solutions/game_2/single/rest-101110/bot""]}","[0,1,0,0,1,1]","[1,0,1,1,1,0]",1,0,6,3,home_win,home,0,86
5767,3,"{""series"":[""solutions/game_3/series/home_wins_2/rest-101100/top"",""solutions/game_3/series/home_wins_2/rest-110011/bot""],""single"":[""solutions/game_3/single/rest-101100/top"",""solutions/game_3/single/rest-110011/bot""]}","[1,0,1,1,0,0]","[1,1,0,0,1,1]",2,0,2,3,away_win,away,0,78
5767,4,"{""series"":[""solutions/game_4/series/home_wins_2/rest-111111/top"",""solutions/game_4/series/home_wins_2/rest-011110/bot""],""single"":[""solutions/game_4/single/rest-111111/top"",""solutions/game_4/single/rest-011110/bot""]}","[1,1,1,1,1,1]","[0,1,1,1,1,0]",2,1,7,6,home_win,home,0,91
5767,5,"{""series"":[""solutions/game_5/single/rest-110001/top"",""solutions/game_5/single/rest-100011/bot""],""single"":[""solutions/game_5/single/rest-110001/top"",""solutions/game_5/single/rest-100011/bot""]}","[1,1,0,0,0,1]","[1,0,0,0,1,1]",3,1,2,8,away_win,away,1,85
5768,1,"{""series"":[""solutions/game_1/series/rest-111111/top"",""solutions/game_1/series/rest-111111/bot""],""single"":[""solutions/game_1/single/rest-111111/top"",""solutions/game_1/single/rest-111111/bot""]}","[1,1,1,1,1,1]","[1,1,1,1,1,1]",0,0,6,5,home_win,home,0,89
5768,2,"{""series"":[""solutions/game_2/series/home_wins_1/rest-111011/top"",""solutions/game_2/series/home_wins_1/rest-101100/bot""],""single"":[""solutions/game_2/single/rest-111011/top"",""solutions/game_2/single/rest-101100/bot""]}","[1,1,1,0,1,1]","[1,0,1,1,0,0]",1,0,6,0,home_win,home,0,81
5768,3,"{""series"":[""solutions/game_3/series/home_wins_2/rest-011010/top"",""solutions/game_3/series/home_wins_2/rest-011011/bot""],""single"":[""solutions/game_3/single/rest-011010/top"",""solutions/game_3/single/rest-011011/bot""]}","[0,1,1,0,1,0]","[0,1,1,0,1,1]",2,0,4,3,home_win,home,0,76
5768,4,"{""series"":[""solutions/game_4/single/rest-111101/top"",""solutions/game_4/single/rest-101001/bot""],""single"":[""solutions/game_4/single/rest-111101/top"",""solutions/game_4/single/rest-101001/bot""]}","[1,1,1,1,0,1]","[1,0,1,0,0,1]",3,0,5,4,home_win,home,1,83
5768,5,"{""series"":[""solutions/game_5/single/rest-011011/top"",""solutions/game_5/single/rest-010110/bot""],""single"":[""solutions/game_5/single/rest-011011/top"",""solutions/game_5/single/rest-010110/bot""]}","[0,1,1,0,1,1]","[0,1,0,1,1,0]",4,0,4,2,home_win,home,1,74
5769,1,"{""series"":[""solutions/game_1/series/rest-111111/top"",""solutions/game_1/series/rest-111111/bot""],""single"":[""solutions/game_1/single/rest-111111/top"",""solutions/game_1/single/rest-111111/bot""]}","[1,1,1,1,1,1]","[1,1,1,1,1,1]",0,0,2,5,away_win,away,0,77
5769,2,"{""series"":[""solutions/game_2/series/home_wins_0/rest-111111/top"",""solutions/game_2/series/home_wins_0/rest-101011/bot""],""single"":[""solutions/game_2/single/rest-111111/top"",""solutions/game_2/single/rest-101011/bot""]}","[1,1,1,1,1,1]","[1,0,1,0,1,1]",0,1,3,2,home_win,home,0,82
5769,3,"{""series"":[""solutions/game_3/series/home_wins_1/rest-110001/top"",""solutions/game_3/series/home_wins_1/rest-010100/bot""],""single"":[""solutions/game_3/single/rest-110001/top"",""solutions/game_3/single/rest-010100/bot""]}","[1,1,0,0,0,1]","[0,1,0,1,0,0]",1,1,6,2,home_win,home,0,74
5769,4,"{""series"":[""solutions/game_4/series/home_wins_2/rest-001111/top"",""solutions/game_4/series/home_wins_2/rest-011010/bot""],""single"":[""solutions/game_4/single/rest-001111/top"",""solutions/game_4/single/rest-011010/bot""]}","[0,0,1,1,1,1]","[0,1,1,0,1,0]",2,1,3,6,away_win,away,0,80
5769,5,"{""series"":[""solutions/game_5/single/rest-111101/top"",""solutions/game_5/single/rest-101101/bot""],""single"":[""solutions/game_5/single/rest-111101/top"",""solutions/game_5/single/rest-101101/bot""]}","[1,1,1,1,0,1]","[1,0,1,1,0,1]",2,2,4,13,away_win,away,0,88
5770,1,"{""series"":[""solutions/game_1/series/rest-111111/top"",""solutions/game_1/series/rest-111111/bot""],""single"":[""solutions/game_1/single/rest-111111/top"",""solutions/game_1/single/rest-111111/bot""]}","[1,1,1,1,1,1]","[1,1,1,1,1,1]",0,0,7,1,home_win,home,0,75
5770,2,"{""series"":[""solutions/game_2/series/home_wins_1/rest-111101/top"",""solutions/game_2/series/home_wins_1/rest-111011/bot""],""single"":[""solutions/game_2/single/rest-111101/top"",""solutions/game_2/single/rest-111011/bot""]}","[1,1,1,1,0,1]","[1,1,1,0,1,1]",1,0,5,3,home_win,home,0,82
5770,3,"{""series"":[""solutions/game_3/series/home_wins_2/rest-011001/top"",""solutions/game_3/series/home_wins_2/rest-001101/bot""],""single"":[""solutions/game_3/single/rest-011001/top"",""solutions/game_3/single/rest-001101/bot""]}","[0,1,1,0,0,1]","[0,0,1,1,0,1]",2,0,3,4,away_win,away,0,76
5770,4,"{""series"":[""solutions/game_4/series/home_wins_2/rest-111111/top"",""solutions/game_4/series/home_wins_2/rest-110010/bot""],""single"":[""solutions/game_4/single/rest-111111/top"",""solutions/game_4/single/rest-110010/bot""]}","[1,1,1,1,1,1]","[1,1,0,0,1,0]",2,1,4,0,home_win,home,0,69
5770,5,"{""series"":[""solutions/game_5/single/rest-110101/top"",""solutions/game_5/single/rest-001111/bot""],""single"":[""solutions/game_5/single/rest-110101/top"",""solutions/game_5/single/rest-001111/bot""]}","[1,1,0,1,0,1]","[0,0,1,1,1,1]",3,1,0,2,away_win,away,1,71
5771,1,"{""series"":[""solutions/game_1/series/rest-111111/top"",""solutions/game_1/series/rest-111111/bot""],""single"":[""solutions/game_1/single/rest-111111/top"",""solutions/game_1/single/rest-111111/bot""]}","[1,1,1,1,1,1]","[1,1,1,1,1,1]",0,0,2,5,away_win,away,0,84
5771,2,"{""series"":[""solutions/game_2/series/home_wins_0/rest-010011/top"",""solutions/game_2/series/home_wins_0/rest-001010/bot""],""single"":[""solutions/game_2/single/rest-010011/top"",""solutions/game_2/single/rest-001010/bot""]}","[0,1,0,0,1,1]","[0,0,1,0,1,0]",0,1,3,7,away_win,away,0,90
5771,3,"{""series"":[""solutions/game_3/series/home_wins_0/rest-111110/top"",""solutions/game_3/series/home_wins_0/rest-110101/bot""],""single"":[""solutions/game_3/single/rest-111110/top"",""solutions/game_3/single/rest-110101/bot""]}","[1,1,1,1,1,0]","[1,1,0,1,0,1]",0,2,4,4,tie,away,0,87
5771,4,"{""series"":[""solutions/game_4/single/rest-010011/top"",""solutions/game_4/single/rest-001010/bot""],""single"":[""solutions/game_4/single/rest-010011/top"",""solutions/game_4/single/rest-001010/bot""]}","[0,1,0,0,1,1]","[0,0,1,0,1,0]",0,3,2,1,home_win,home,1,76
5771,5,"{""series"":[""solutions/game_5/single/rest-100100/top"",""solutions/game_5/single/rest-111101/bot""],""single"":[""solutions/game_5/single/rest-100100/top"",""solutions/game_5/single/rest-111101/bot""]}","[1,0,0,1,0,0]","[1,1,1,1,0,1]",1,3,2,11,away_win,away,1,50
5772,1,"{""series"":[""solutions/game_1/series/rest-111111/top"",""solutions/game_1/series/rest-111111/bot""],""single"":[""solutions/game_1/single/rest-111111/top"",""solutions/game_1/single/rest-111111/bot""]}","[1,1,1,1,1,1]","[1,1,1,1,1,1]",0,0,4,9,away_win,away,0,93
5772,2,"{""series"":[""solutions/game_2/series/home_wins_0/rest-110110/top"",""solutions/game_2/series/home_wins_0/rest-001111/bot""],""single"":[""solutions/game_2/single/rest-110110/top"",""solutions/game_2/single/rest-001111/bot""]}","[1,1,0,1,1,0]","[0,0,1,1,1,1]",0,1,8,3,home_win,home,0,76
5772,3,"{""series"":[""solutions/game_3/series/home_wins_1/rest-111111/top"",""solutions/game_3/series/home_wins_1/rest-110010/bot""],""single"":[""solutions/game_3/single/rest-111111/top"",""solutions/game_3/single/rest-110010/bot""]}","[1,1,1,1,1,1]","[1,1,0,0,1,0]",1,1,3,3,tie,away,0,85
5772,4,"{""series"":[""solutions/game_4/series/home_wins_1/rest-110101/top"",""solutions/game_4/series/home_wins_1/rest-001101/bot""],""single"":[""solutions/game_4/single/rest-110101/top"",""solutions/game_4/single/rest-001101/bot""]}","[1,1,0,1,0,1]","[0,0,1,1,0,1]",1,2,0,3,away_win,away,0,80
5772,5,"{""series"":[""solutions/game_5/single/rest-111000/top"",""solutions/game_5/single/rest-011010/bot""],""single"":[""solutions/game_5/single/rest-111000/top"",""solutions/game_5/single/rest-011010/bot""]}","[1,1,1,0,0,0]","[0,1,1,0,1,0]",1,3,5,0,home_win,home,1,67
5773,1,"{""series"":[""solutions/game_1/series/rest-111111/top"",""solutions/game_1/series/rest-111111/bot""],""single"":[""solutions/game_1/single/rest-111111/top"",""solutions/game_1/single/rest-111111/bot""]}","[1,1,1,1,1,1]","[1,1,1,1,1,1]",0,0,7,5,home_win,home,0,82
5773,2,"{""series"":[""solutions/game_2/series/home_wins_1/rest-101101/top"",""solutions/game_2/series/home_wins_1/rest-001110/bot""],""single"":[""solutions/game_2/single/rest-101101/top"",""solutions/game_2/single/rest-001110/bot""]}","[1,0,1,1,0,1]","[0,0,1,1,1,0]",1,0,7,7,tie,away,0,99
5773,3,"{""series"":[""solutions/game_3/series/home_wins_1/rest-011010/top"",""solutions/game_3/series/home_wins_1/rest-101011/bot""],""single"":[""solutions/game_3/single/rest-011010/top"",""solutions/game_3/single/rest-101011/bot""]}","[0,1,1,0,1,0]","[1,0,1,0,1,1]",1,1,1,4,away_win,away,0,82
5773,4,"{""series"":[""solutions/game_4/series/home_wins_1/rest-110101/top"",""solutions/game_4/series/home_wins_1/rest-110110/bot""],""single"":[""solutions/game_4/single/rest-110101/top"",""solutions/game_4/single/rest-110110/bot""]}","[1,1,0,1,0,1]","[1,1,0,1,1,0]",1,2,10,2,home_win,home,0,78
5773,5,"{""series"":[""solutions/game_5/single/rest-111100/top"",""solutions/game_5/single/rest-111001/bot""],""single"":[""solutions/game_5/single/rest-111100/top"",""solutions/game_5/single/rest-111001/bot""]}","[1,1,1,1,0,0]","[1,1,1,0,0,1]",2,2,8,6,home_win,home,0,93
5774,1,"{""series"":[""solutions/game_1/series/rest-111111/top"",""solutions/game_1/series/rest-111111/bot""],""single"":[""solutions/game_1/single/rest-111111/top"",""solutions/game_1/single/rest-111111/bot""]}","[1,1,1,1,1,1]","[1,1,1,1,1,1]",0,0,3,0,home_win,home,0,71
5774,2,"{""series"":[""solutions/game_2/series/home_wins_1/rest-111101/top"",""solutions/game_2/series/home_wins_1/rest-001110/bot""],""single"":[""solutions/game_2/single/rest-111101/top"",""solutions/game_2/single/rest-001110/bot""]}","[1,1,1,1,0,1]","[0,0,1,1,1,0]",1,0,4,8,away_win,away,0,84
5774,3,"{""series"":[""solutions/game_3/series/home_wins_1/rest-111111/top"",""solutions/game_3/series/home_wins_1/rest-110001/bot""],""single"":[""solutions/game_3/single/rest-111111/top"",""solutions/game_3/single/rest-110001/bot""]}","[1,1,1,1,1,1]","[1,1,0,0,0,1]",1,1,2,1,home_win,home,0,76
5774,4,"{""series"":[""solutions/game_4/series/home_wins_2/rest-011011/top"",""solutions/game_4/series/home_wins_2/rest-111011/bot""],""single"":[""solutions/game_4/single/rest-011011/top"",""solutions/game_4/single/rest-111011/bot""]}","[0,1,1,0,1,1]","[1,1,1,0,1,1]",2,1,8,5,home_win,home,0,88
5774,5,"{""series"":[""solutions/game_5/single/rest-100100/top"",""solutions/game_5/single/rest-001111/bot""],""single"":[""solutions/game_5/single/rest-100100/top"",""solutions/game_5/single/rest-001111/bot""]}","[1,0,0,1,0,0]","[0,0,1,1,1,1]",3,1,11,5,home_win,home,1,82
5775,1,"{""series"":[""solutions/game_1/series/rest-111111/top"",""solutions/game_1/series/rest-111111/bot""],""single"":[""solutions/game_1/single/rest-111111/top"",""solutions/game_1/single/rest-111111/bot""]}","[1,1,1,1,1,1]","[1,1,1,1,1,1]",0,0,2,6,away_win,away,0,88
5775,2,"{""series"":[""solutions/game_2/series/home_wins_0/rest-111100/top"",""solutions/game_2/series/home_wins_0/rest-111111/bot""],""single"":[""solutions/game_2/single/rest-111100/top"",""solutions/game_2/single/rest-111111/bot""]}","[1,1,1,1,0,0]","[1,1,1,1,1,1]",0,1,8,16,away_win,away,0,102
5775,3,"{""series"":[""solutions/game_3/series/home_wins_0/rest-110011/top"",""solutions/game_3/series/home_wins_0/rest-001111/bot""],""single"":[""solutions/game_3/single/rest-110011/top"",""solutions/game_3/single/rest-001111/bot""]}","[1,1,0,0,1,1]","[0,0,1,1,1,1]",0,2,4,4,tie,away,0,90
5775,4,"{""series"":[""solutions/game_4/single/rest-011100/top"",""solutions/game_4/single/rest-111011/bot""],""single"":[""solutions/game_4/single/rest-011100/top"",""solutions/game_4/single/rest-111011/bot""]}","[0,1,1,1,0,0]","[1,1,1,0,1,1]",0,3,3,4,away_win,away,1,80
5775,5,"{""series"":[""solutions/game_5/single/rest-100111/top"",""solutions/game_5/single/rest-001000/bot""],""single"":[""solutions/game_5/single/rest-100111/top"",""solutions/game_5/single/rest-001000/bot""]}","[1,0,0,1,1,1]","[0,0,1,0,0,0]",0,4,6,3,home_win,home,1,82
5776,1,"{""series"":[""solutions/game_1/series/rest-111111/top"",""solutions/game_1/series/rest-111111/bot""],""single"":[""solutions/game_1/single/rest-111111/top"",""solutions/game_1/single/rest-111111/bot""]}","[1,1,1,1,1,1]","[1,1,1,1,1,1]",0,0,4,3,home_win,home,0,81
5776,2,"{""series"":[""solutions/game_2/series/home_wins_1/rest-110001/top"",""solutions/game_2/series/home_wins_1/rest-101011/bot""],""single"":[""solutions/game_2/single/rest-110001/top"",""solutions/game_2/single/rest-101011/bot""]}","[1,1,0,0,0,1]","[1,0,1,0,1,1]",1,0,3,14,away_win,away,0,81
5776,3,"{""series"":[""solutions/game_3/series/home_wins_1/rest-111110/top"",""solutions/game_3/series/home_wins_1/rest-011111/bot""],""single"":[""solutions/game_3/single/rest-111110/top"",""solutions/game_3/single/rest-011111/bot""]}","[1,1,1,1,1,0]","[0,1,1,1,1,1]",1,1,3,6,away_win,away,0,95
5776,4,"{""series"":[""solutions/game_4/series/home_wins_1/rest-011001/top"",""solutions/game_4/series/home_wins_1/rest-111000/bot""],""single"":[""solutions/game_4/single/rest-011001/top"",""solutions/game_4/single/rest-111000/bot""]}","[0,1,1,0,0,1]","[1,1,1,0,0,0]",1,2,14,11,home_win,home,0,104
5776,5,"{""series"":[""solutions/game_5/single/rest-101110/top"",""solutions/game_5/single/rest-110111/bot""],""single"":[""solutions/game_5/single/rest-101110/top"",""solutions/game_5/single/rest-110111/bot""]}","[1,0,1,1,1,0]","[1,1,0,1,1,1]",2,2,8,10,away_win,away,0,96
5777,1,"{""series"":[""solutions/game_1/series/rest-111111/top"",""solutions/game_1/series/rest-111111/bot""],""single"":[""solutions/game_1/single/rest-111111/top"",""solutions/game_1/single/rest-111111/bot""]}","[1,1,1,1,1,1]","[1,1,1,1,1,1]",0,0,3,2,home_win,home,0,76
5777,2,"{""series"":[""solutions/game_2/series/home_wins_1/rest-011101/top"",""solutions/game_2/series/home_wins_1/rest-101111/bot""],""single"":[""solutions/game_2/single/rest-011101/top"",""solutions/game_2/single/rest-101111/bot""]}","[0,1,1,1,0,1]","[1,0,1,1,1,1]",1,0,4,12,away_win,away,0,60
5777,3,"{""series"":[""solutions/game_3/series/home_wins_1/rest-111110/top"",""solutions/game_3/series/home_wins_1/rest-011111/bot""],""single"":[""solutions/game_3/single/rest-111110/top"",""solutions/game_3/single/rest-011111/bot""]}","[1,1,1,1,1,0]","[0,1,1,1,1,1]",1,1,6,8,away_win,away,0,92
5777,4,"{""series"":[""solutions/game_4/series/home_wins_1/rest-101011/top"",""solutions/game_4/series/home_wins_1/rest-111001/bot""],""single"":[""solutions/game_4/single/rest-101011/top"",""solutions/game_4/single/rest-111001/bot""]}","[1,0,1,0,1,1]","[1,1,1,0,0,1]",1,2,5,8,away_win,away,0,92
5777,5,"{""series"":[""solutions/game_5/single/rest-111100/top"",""solutions/game_5/single/rest-101110/bot""],""single"":[""solutions/game_5/single/rest-111100/top"",""solutions/game_5/single/rest-101110/bot""]}","[1,1,1,1,0,0]","[1,0,1,1,1,0]",1,3,1,9,away_win,away,1,59
5778,1,"{""series"":[""solutions/game_1/series/rest-111111/top"",""solutions/game_1/series/rest-111111/bot""],""single"":[""solutions/game_1/single/rest-111111/top"",""solutions/game_1/single/rest-111111/bot""]}","[1,1,1,1,1,1]","[1,1,1,1,1,1]",0,0,1,9,away_win,away,0,81
5778,2,"{""series"":[""solutions/game_2/series/home_wins_0/rest-101011/top"",""solutions/game_2/series/home_wins_0/rest-011111/bot""],""single"":[""solutions/game_2/single/rest-101011/top"",""solutions/game_2/single/rest-011111/bot""]}","[1,0,1,0,1,1]","[0,1,1,1,1,1]",0,1,5,2,home_win,home,0,83
5778,3,"{""series"":[""solutions/game_3/series/home_wins_1/rest-110111/top"",""solutions/game_3/series/home_wins_1/rest-111100/bot""],""single"":[""solutions/game_3/single/rest-110111/top"",""solutions/game_3/single/rest-111100/bot""]}","[1,1,0,1,1,1]","[1,1,1,1,0,0]",1,1,4,5,away_win,away,0,92
5778,4,"{""series"":[""solutions/game_4/series/home_wins_1/rest-111001/top"",""solutions/game_4/series/home_wins_1/rest-001011/bot""],""single"":[""solutions/game_4/single/rest-111001/top"",""solutions/game_4/single/rest-001011/bot""]}","[1,1,1,0,0,1]","[0,0,1,0,1,1]",1,2,3,5,away_win,away,0,82
5778,5,"{""series"":[""solutions/game_5/single/rest-010111/top"",""solutions/game_5/single/rest-110110/bot""],""single"":[""solutions/game_5/single/rest-010111/top"",""solutions/game_5/single/rest-110110/bot""]}","[0,1,0,1,1,1]","[1,1,0,1,1,0]",1,3,1,6,away_win,away,1,76
5779,1,"{""series"":[""solutions/game_1/series/rest-111111/top"",""solutions/game_1/series/rest-111111/bot""],""single"":[""solutions/game_1/single/rest-111111/top"",""solutions/game_1/single/rest-111111/bot""]}","[1,1,1,1,1,1]","[1,1,1,1,1,1]",0,0,0,7,away_win,away,0,87
5779,2,"{""series"":[""solutions/game_2/series/home_wins_0/rest-111011/top"",""solutions/game_2/series/home_wins_0/rest-001010/bot""],""single"":[""solutions/game_2/single/rest-111011/top"",""solutions/game_2/single/rest-001010/bot""]}","[1,1,1,0,1,1]","[0,0,1,0,1,0]",0,1,2,1,home_win,home,0,73
5779,3,"{""series"":[""solutions/game_3/series/home_wins_1/rest-110010/top"",""solutions/game_3/series/home_wins_1/rest-110011/bot""],""single"":[""solutions/game_3/single/rest-110010/top"",""solutions/game_3/single/rest-110011/bot""]}","[1,1,0,0,1,0]","[1,1,0,0,1,1]",1,1,3,9,away_win,away,0,85
5779,4,"{""series"":[""solutions/game_4/series/home_wins_1/rest-111101/top"",""solutions/game_4/series/home_wins_1/rest-111010/bot""],""single"":[""solutions/game_4/single/rest-111101/top"",""solutions/game_4/single/rest-111010/bot""]}","[1,1,1,1,0,1]","[1,1,1,0,1,0]",1,2,4,5,away_win,away,0,83
5779,5,"{""series"":[""solutions/game_5/single/rest-011010/top"",""solutions/game_5/single/rest-000111/bot""],""single"":[""solutions/game_5/single/rest-011010/top"",""solutions/game_5/single/rest-000111/bot""]}","[0,1,1,0,1,0]","[0,0,0,1,1,1]",1,3,5,7,away_win,away,1,93
5780,1,"{""series"":[""solutions/game_1/series/rest-111111/top"",""solutions/game_1/series/rest-111111/bot""],""single"":[""solutions/game_1/single/rest-111111/top"",""solutions/game_1/single/rest-111111/bot""]}","[1,1,1,1,1,1]","[1,1,1,1,1,1]",0,0,0,9,away_win,away,0,68
5780,2,"{""series"":[""solutions/game_2/series/home_wins_0/rest-111011/top"",""solutions/game_2/series/home_wins_0/rest-111111/bot""],""single"":[""solutions/game_2/single/rest-111011/top"",""solutions/game_2/single/rest-111111/bot""]}","[1,1,1,0,1,1]","[1,1,1,1,1,1]",0,1,3,2,home_win,home,0,77
5780,3,"{""series"":[""solutions/game_3/series/home_wins_1/rest-010101/top"",""solutions/game_3/series/home_wins_1/rest-001111/bot""],""single"":[""solutions/game_3/single/rest-010101/top"",""solutions/game_3/single/rest-001111/bot""]}","[0,1,0,1,0,1]","[0,0,1,1,1,1]",1,1,2,7,away_win,away,0,80
5780,4,"{""series"":[""solutions/game_4/series/home_wins_1/rest-101111/top"",""solutions/game_4/series/home_wins_1/rest-011010/bot""],""single"":[""solutions/game_4/single/rest-101111/top"",""solutions/game_4/single/rest-011010/bot""]}","[1,0,1,1,1,1]","[0,1,1,0,1,0]",1,2,7,4,home_win,home,0,98
5780,5,"{""series"":[""solutions/game_5/single/rest-011110/top"",""solutions/game_5/single/rest-110001/bot""],""single"":[""solutions/game_5/single/rest-011110/top"",""solutions/game_5/single/rest-110001/bot""]}","[0,1,1,1,1,0]","[1,1,0,0,0,1]",2,2,0,8,away_win,away,0,24
5781,1,"{""series"":[""solutions/game_1/series/rest-111111/top"",""solutions/game_1/series/rest-111111/bot""],""single"":[""solutions/game_1/single/rest-111111/top"",""solutions/game_1/single/rest-111111/bot""]}","[1,1,1,1,1,1]","[1,1,1,1,1,1]",0,0,5,2,home_win,home,0,78
5781,2,"{""series"":[""solutions/game_2/series/home_wins_1/rest-110001/top"",""solutions/game_2/series/home_wins_1/rest-011111/bot""],""single"":[""solutions/game_2/single/rest-110001/top"",""solutions/game_2/single/rest-011111/bot""]}","[1,1,0,0,0,1]","[0,1,1,1,1,1]",1,0,5,4,home_win,home,0,86
5781,3,"{""series"":[""solutions/game_3/series/home_wins_2/rest-011110/top"",""solutions/game_3/series/home_wins_2/rest-110011/bot""],""single"":[""solutions/game_3/single/rest-011110/top"",""solutions/game_3/single/rest-110011/bot""]}","[0,1,1,1,1,0]","[1,1,0,0,1,1]",2,0,2,10,away_win,away,0,62
5781,4,"{""series"":[""solutions/game_4/series/home_wins_2/rest-101111/top"",""solutions/game_4/series/home_wins_2/rest-111111/bot""],""single"":[""solutions/game_4/single/rest-101111/top"",""solutions/game_4/single/rest-111111/bot""]}","[1,0,1,1,1,1]","[1,1,1,1,1,1]",2,1,6,8,away_win,away,0,97
5781,5,"{""series"":[""solutions/game_5/single/rest-111000/top"",""solutions/game_5/single/rest-010011/bot""],""single"":[""solutions/game_5/single/rest-111000/top"",""solutions/game_5/single/rest-010011/bot""]}","[1,1,1,0,0,0]","[0,1,0,0,1,1]",2,2,5,1,home_win,home,0,78
5782,1,"{""series"":[""solutions/game_1/series/rest-111111/top"",""solutions/game_1/series/rest-111111/bot""],""single"":[""solutions/game_1/single/rest-111111/top"",""solutions/game_1/single/rest-111111/bot""]}","[1,1,1,1,1,1]","[1,1,1,1,1,1]",0,0,4,5,away_win,away,0,81
5782,2,"{""series"":[""solutions/game_2/series/home_wins_0/rest-110011/top"",""solutions/game_2/series/home_wins_0/rest-101010/bot""],""single"":[""solutions/game_2/single/rest-110011/top"",""solutions/game_2/single/rest-101010/bot""]}","[1,1,0,0,1,1]","[1,0,1,0,1,0]",0,1,8,0,home_win,home,0,34
5782,3,"{""series"":[""solutions/game_3/series/home_wins_1/rest-111111/top"",""solutions/game_3/series/home_wins_1/rest-111111/bot""],""single"":[""solutions/game_3/single/rest-111111/top"",""solutions/game_3/single/rest-111111/bot""]}","[1,1,1,1,1,1]","[1,1,1,1,1,1]",1,1,9,1,home_win,home,0,33
5782,4,"{""series"":[""solutions/game_4/series/home_wins_2/rest-111111/top"",""solutions/game_4/series/home_wins_2/rest-111111/bot""],""single"":[""solutions/game_4/single/rest-111111/top"",""solutions/game_4/single/rest-111111/bot""]}","[1,1,1,1,1,1]","[1,1,1,1,1,1]",2,1,1,9,away_win,away,0,81
5782,5,"{""series"":[""solutions/game_5/single/rest-111111/top"",""solutions/game_5/single/rest-101010/bot""],""single"":[""solutions/game_5/single/rest-111111/top"",""solutions/game_5/single/rest-101010/bot""]}","[1,1,1,1,1,1]","[1,0,1,0,1,0]",2,2,7,8,away_win,away,0,87
5783,1,"{""series"":[""solutions/game_1/series/rest-111111/top"",""solutions/game_1/series/rest-111111/bot""],""single"":[""solutions/game_1/single/rest-111111/top"",""solutions/game_1/single/rest-111111/bot""]}","[1,1,1,1,1,1]","[1,1,1,1,1,1]",0,0,5,8,away_win,away,0,93
5783,2,"{""series"":[""solutions/game_2/series/home_wins_0/rest-100011/top"",""solutions/game_2/series/home_wins_0/rest-011000/bot""],""single"":[""solutions/game_2/single/rest-100011/top"",""solutions/game_2/single/rest-011000/bot""]}","[1,0,0,0,1,1]","[0,1,1,0,0,0]",0,1,3,8,away_win,away,0,88
5783,3,"{""series"":[""solutions/game_3/series/home_wins_0/rest-011110/top"",""solutions/game_3/series/home_wins_0/rest-101111/bot""],""single"":[""solutions/game_3/single/rest-011110/top"",""solutions/game_3/single/rest-101111/bot""]}","[0,1,1,1,1,0]","[1,0,1,1,1,1]",0,2,1,4,away_win,away,0,85
5783,4,"{""series"":[""solutions/game_4/single/rest-110001/top"",""solutions/game_4/single/rest-010010/bot""],""single"":[""solutions/game_4/single/rest-110001/top"",""solutions/game_4/single/rest-010010/bot""]}","[1,1,0,0,0,1]","[0,1,0,0,1,0]",0,3,9,6,home_win,home,1,92
5783,5,"{""series"":[""solutions/game_5/single/rest-101110/top"",""solutions/game_5/single/rest-101001/bot""],""single"":[""solutions/game_5/single/rest-101110/top"",""solutions/game_5/single/rest-101001/bot""]}","[1,0,1,1,1,0]","[1,0,1,0,0,1]",1,3,6,1,home_win,home,1,77
5784,1,"{""series"":[""solutions/game_1/series/rest-111111/top"",""solutions/game_1/series/rest-111111/bot""],""single"":[""solutions/game_1/single/rest-111111/top"",""solutions/game_1/single/rest-111111/bot""]}","[1,1,1,1,1,1]","[1,1,1,1,1,1]",0,0,3,5,away_win,away,0,90
5784,2,"{""series"":[""solutions/game_2/series/home_wins_0/rest-010111/top"",""solutions/game_2/series/home_wins_0/rest-000010/bot""],""single"":[""solutions/game_2/single/rest-010111/top"",""solutions/game_2/single/rest-000010/bot""]}","[0,1,0,1,1,1]","[0,0,0,0,1,0]",0,1,8,1,home_win,home,0,73
5784,3,"{""series"":[""solutions/game_3/series/home_wins_1/rest-111110/top"",""solutions/game_3/series/home_wins_1/rest-110101/bot""],""single"":[""solutions/game_3/single/rest-111110/top"",""solutions/game_3/single/rest-110101/bot""]}","[1,1,1,1,1,0]","[1,1,0,1,0,1]",1,1,1,6,away_win,away,0,79
5784,4,"{""series"":[""solutions/game_4/series/home_wins_1/rest-111011/top"",""solutions/game_4/series/home_wins_1/rest-101010/bot""],""single"":[""solutions/game_4/single/rest-111011/top"",""solutions/game_4/single/rest-101010/bot""]}","[1,1,1,0,1,1]","[1,0,1,0,1,0]",1,2,6,5,home_win,home,0,84
5784,5,"{""series"":[""solutions/game_5/single/rest-100110/top"",""solutions/game_5/single/rest-011101/bot""],""single"":[""solutions/game_5/single/rest-100110/top"",""solutions/game_5/single/rest-011101/bot""]}","[1,0,0,1,1,0]","[0,1,1,1,0,1]",2,2,4,8,away_win,away,0,82
5785,1,"{""series"":[""solutions/game_1/series/rest-111111/top"",""solutions/game_1/series/rest-111111/bot""],""single"":[""solutions/game_1/single/rest-111111/top"",""solutions/game_1/single/rest-111111/bot""]}","[1,1,1,1,1,1]","[1,1,1,1,1,1]",0,0,1,5,away_win,away,0,76
5785,2,"{""series"":[""solutions/game_2/series/home_wins_0/rest-111101/top"",""solutions/game_2/series/home_wins_0/rest-001011/bot""],""single"":[""solutions/game_2/single/rest-111101/top"",""solutions/game_2/single/rest-001011/bot""]}","[1,1,1,1,0,1]","[0,0,1,0,1,1]",0,1,7,8,away_win,away,0,97
5785,3,"{""series"":[""solutions/game_3/series/home_wins_0/rest-000011/top"",""solutions/game_3/series/home_wins_0/rest-100100/bot""],""single"":[""solutions/game_3/single/rest-000011/top"",""solutions/game_3/single/rest-100100/bot""]}","[0,0,0,0,1,1]","[1,0,0,1,0,0]",0,2,0,5,away_win,away,0,81
5785,4,"{""series"":[""solutions/game_4/single/rest-111101/top"",""solutions/game_4/single/rest-011011/bot""],""single"":[""solutions/game_4/single/rest-111101/top"",""solutions/game_4/single/rest-011011/bot""]}","[1,1,1,1,0,1]","[0,1,1,0,1,1]",0,3,3,6,away_win,away,1,77
5785,5,"{""series"":[""solutions/game_5/single/rest-011011/top"",""solutions/game_5/single/rest-111001/bot""],""single"":[""solutions/game_5/single/rest-011011/top"",""solutions/game_5/single/rest-111001/bot""]}","[0,1,1,0,1,1]","[1,1,1,0,0,1]",0,4,7,4,home_win,home,1,81
5786,1,"{""series"":[""solutions/game_1/series/rest-111111/top"",""solutions/game_1/series/rest-111111/bot""],""single"":[""solutions/game_1/single/rest-111111/top"",""solutions/game_1/single/rest-111111/bot""]}","[1,1,1,1,1,1]","[1,1,1,1,1,1]",0,0,4,2,home_win,home,0,74
5786,2,"{""series"":[""solutions/game_2/series/home_wins_1/rest-110001/top"",""solutions/game_2/series/home_wins_1/rest-011110/bot""],""single"":[""solutions/game_2/single/rest-110001/top"",""solutions/game_2/single/rest-011110/bot""]}","[1,1,0,0,0,1]","[0,1,1,1,1,0]",1,0,2,3,away_win,away,0,81
5786,3,"{""series"":[""solutions/game_3/series/home_wins_1/rest-001110/top"",""solutions/game_3/series/home_wins_1/rest-011001/bot""],""single"":[""solutions/game_3/single/rest-001110/top"",""solutions/game_3/single/rest-011001/bot""]}","[0,0,1,1,1,0]","[0,1,1,0,0,1]",1,1,1,9,away_win,away,0,81
5786,4,"{""series"":[""solutions/game_4/series/home_wins_1/rest-110111/top"",""solutions/game_4/series/home_wins_1/rest-111110/bot""],""single"":[""solutions/game_4/single/rest-110111/top"",""solutions/game_4/single/rest-111110/bot""]}","[1,1,0,1,1,1]","[1,1,1,1,1,0]",1,2,6,2,home_win,home,0,77
5786,5,"{""series"":[""solutions/game_5/single/rest-101111/top"",""solutions/game_5/single/rest-010111/bot""],""single"":[""solutions/game_5/single/rest-101111/top"",""solutions/game_5/single/rest-010111/bot""]}","[1,0,1,1,1,1]","[0,1,0,1,1,1]",2,2,4,7,away_win,away,0,97
5787,1,"{""series"":[""solutions/game_1/series/rest-111111/top"",""solutions/game_1/series/rest-111111/bot""],""single"":[""solutions/game_1/single/rest-111111/top"",""solutions/game_1/single/rest-111111/bot""]}","[1,1,1,1,1,1]","[1,1,1,1,1,1]",0,0,10,14,away_win,away,0,98
5787,2,"{""series"":[""solutions/game_2/series/home_wins_0/rest-101011/top"",""solutions/game_2/series/home_wins_0/rest-001001/bot""],""single"":[""solutions/game_2/single/rest-101011/top"",""solutions/game_2/single/rest-001001/bot""]}","[1,0,1,0,1,1]","[0,0,1,0,0,1]",0,1,6,1,home_win,home,0,81
5787,3,"{""series"":[""solutions/game_3/series/home_wins_1/rest-111110/top"",""solutions/game_3/series/home_wins_1/rest-110110/bot""],""single"":[""solutions/game_3/single/rest-111110/top"",""solutions/game_3/single/rest-110110/bot""]}","[1,1,1,1,1,0]","[1,1,0,1,1,0]",1,1,11,2,home_win,home,0,76
5787,4,"{""series"":[""solutions/game_4/series/home_wins_2/rest-101101/top"",""solutions/game_4/series/home_wins_2/rest-001111/bot""],""single"":[""solutions/game_4/single/rest-101101/top"",""solutions/game_4/single/rest-001111/bot""]}","[1,0,1,1,0,1]","[0,0,1,1,1,1]",2,1,6,12,away_win,away,0,94
5787,5,"{""series"":[""solutions/game_5/single/rest-111111/top"",""solutions/game_5/single/rest-110010/bot""],""single"":[""solutions/game_5/single/rest-111111/top"",""solutions/game_5/single/rest-110010/bot""]}","[1,1,1,1,1,1]","[1,1,0,0,1,0]",2,2,0,7,away_win,away,0,89
5788,1,"{""series"":[""solutions/game_1/series/rest-111111/top"",""solutions/game_1/series/rest-111111/bot""],""single"":[""solutions/game_1/single/rest-111111/top"",""solutions/game_1/single/rest-111111/bot""]}","[1,1,1,1,1,1]","[1,1,1,1,1,1]",0,0,4,11,away_win,away,0,94
5788,2,"{""series"":[""solutions/game_2/series/home_wins_0/rest-111110/top"",""solutions/game_2/series/home_wins_0/rest-101010/bot""],""single"":[""solutions/game_2/single/rest-111110/top"",""solutions/game_2/single/rest-101010/bot""]}","[1,1,1,1,1,0]","[1,0,1,0,1,0]",0,1,8,6,home_win,home,0,84
5788,3,"{""series"":[""solutions/game_3/series/home_wins_1/rest-110001/top"",""solutions/game_3/series/home_wins_1/rest-111101/bot""],""single"":[""solutions/game_3/single/rest-110001/top"",""solutions/game_3/single/rest-111101/bot""]}","[1,1,0,0,0,1]","[1,1,1,1,0,1]",1,1,3,9,away_win,away,0,97
5788,4,"{""series"":[""solutions/game_4/series/home_wins_1/rest-101110/top"",""solutions/game_4/series/home_wins_1/rest-111011/bot""],""single"":[""solutions/game_4/single/rest-101110/top"",""solutions/game_4/single/rest-111011/bot""]}","[1,0,1,1,1,0]","[1,1,1,0,1,1]",1,2,1,6,away_win,away,0,82
5788,5,"{""series"":[""solutions/game_5/single/rest-110101/top"",""solutions/game_5/single/rest-101100/bot""],""single"":[""solutions/game_5/single/rest-110101/top"",""solutions/game_5/single/rest-101100/bot""]}","[1,1,0,1,0,1]","[1,0,1,1,0,0]",1,3,6,4,home_win,home,1,79
5789,1,"{""series"":[""solutions/game_1/series/rest-111111/top"",""solutions/game_1/series/rest-111111/bot""],""single"":[""solutions/game_1/single/rest-111111/top"",""solutions/game_1/single/rest-111111/bot""]}","[1,1,1,1,1,1]","[1,1,1,1,1,1]",0,0,2,1,home_win,home,0,70
5789,2,"{""series"":[""solutions/game_2/series/home_wins_1/rest-111011/top"",""solutions/game_2/series/home_wins_1/rest-111011/bot""],""single"":[""solutions/game_2/single/rest-111011/top"",""solutions/game_2/single/rest-111011/bot""]}","[1,1,1,0,1,1]","[1,1,1,0,1,1]",1,0,1,4,away_win,away,0,71
5789,3,"{""series"":[""solutions/game_3/series/home_wins_1/rest-111110/top"",""solutions/game_3/series/home_wins_1/rest-010110/bot""],""single"":[""solutions/game_3/single/rest-111110/top"",""solutions/game_3/single/rest-010110/bot""]}","[1,1,1,1,1,0]","[0,1,0,1,1,0]",1,1,4,6,away_win,away,0,79
5789,4,"{""series"":[""solutions/game_4/series/home_wins_1/rest-111011/top"",""solutions/game_4/series/home_wins_1/rest-001010/bot""],""single"":[""solutions/game_4/single/rest-111011/top"",""solutions/game_4/single/rest-001010/bot""]}","[1,1,1,0,1,1]","[0,0,1,0,1,0]",1,2,2,3,away_win,away,0,91
5789,5,"{""series"":[""solutions/game_5/single/rest-111100/top"",""solutions/game_5/single/rest-110111/bot""],""single"":[""solutions/game_5/single/rest-111100/top"",""solutions/game_5/single/rest-110111/bot""]}","[1,1,1,1,0,0]","[1,1,0,1,1,1]",1,3,5,4,home_win,home,1,78
5790,1,"{""series"":[""solutions/game_1/series/rest-111111/top"",""solutions/game_1/series/rest-111111/bot""],""single"":[""solutions/game_1/single/rest-111111/top"",""solutions/game_1/single/rest-111111/bot""]}","[1,1,1,1,1,1]","[1,1,1,1,1,1]",0,0,1,4,away_win,away,0,82
5790,2,"{""series"":[""solutions/game_2/series/home_wins_0/rest-011111/top"",""solutions/game_2/series/home_wins_0/rest-001010/bot""],""single"":[""solutions/game_2/single/rest-011111/top"",""solutions/game_2/single/rest-001010/bot""]}","[0,1,1,1,1,1]","[0,0,1,0,1,0]",0,1,3,2,home_win,home,0,79
5790,3,"{""series"":[""solutions/game_3/series/home_wins_1/rest-010101/top"",""solutions/game_3/series/home_wins_1/rest-100101/bot""],""single"":[""solutions/game_3/single/rest-010101/top"",""solutions/game_3/single/rest-100101/bot""]}","[0,1,0,1,0,1]","[1,0,0,1,0,1]",1,1,8,4,home_win,home,0,90
5790,4,"{""series"":[""solutions/game_4/series/home_wins_2/rest-101011/top"",""solutions/game_4/series/home_wins_2/rest-110111/bot""],""single"":[""solutions/game_4/single/rest-101011/top"",""solutions/game_4/single/rest-110111/bot""]}","[1,0,1,0,1,1]","[1,1,0,1,1,1]",2,1,7,2,home_win,home,0,76
5790,5,"{""series"":[""solutions/game_5/single/rest-110111/top"",""solutions/game_5/single/rest-101011/bot""],""single"":[""solutions/game_5/single/rest-110111/top"",""solutions/game_5/single/rest-101011/bot""]}","[1,1,0,1,1,1]","[1,0,1,0,1,1]",3,1,12,3,home_win,home,1,44
5791,1,"{""series"":[""solutions/game_1/series/rest-111111/top"",""solutions/game_1/series/rest-111111/bot""],""single"":[""solutions/game_1/single/rest-111111/top"",""solutions/game_1/single/rest-111111/bot""]}","[1,1,1,1,1,1]","[1,1,1,1,1,1]",0,0,2,1,home_win,home,0,75
5791,2,"{""series"":[""solutions/game_2/series/home_wins_1/rest-010011/top"",""solutions/game_2/series/home_wins_1/rest-001011/bot""],""single"":[""solutions/game_2/single/rest-010011/top"",""solutions/game_2/single/rest-001011/bot""]}","[0,1,0,0,1,1]","[0,0,1,0,1,1]",1,0,1,11,away_win,away,0,71
5791,3,"{""series"":[""solutions/game_3/series/home_wins_1/rest-111111/top"",""solutions/game_3/series/home_wins_1/rest-111111/bot""],""single"":[""solutions/game_3/single/rest-111111/top"",""solutions/game_3/single/rest-111111/bot""]}","[1,1,1,1,1,1]","[1,1,1,1,1,1]",1,1,4,3,home_win,home,0,84
5791,4,"{""series"":[""solutions/game_4/series/home_wins_2/rest-110001/top"",""solutions/game_4/series/home_wins_2/rest-101011/bot""],""single"":[""solutions/game_4/single/rest-110001/top"",""solutions/game_4/single/rest-101011/bot""]}","[1,1,0,0,0,1]","[1,0,1,0,1,1]",2,1,1,6,away_win,away,0,78
5791,5,"{""series"":[""solutions/game_5/single/rest-111110/top"",""solutions/game_5/single/rest-011101/bot""],""single"":[""solutions/game_5/single/rest-111110/top"",""solutions/game_5/single/rest-011101/bot""]}","[1,1,1,1,1,0]","[0,1,1,1,0,1]",2,2,14,7,home_win,home,0,96
5792,1,"{""series"":[""solutions/game_1/series/rest-111111/top"",""solutions/game_1/series/rest-111111/bot""],""single"":[""solutions/game_1/single/rest-111111/top"",""solutions/game_1/single/rest-111111/bot""]}","[1,1,1,1,1,1]","[1,1,1,1,1,1]",0,0,7,3,home_win,home,0,85
5792,2,"{""series"":[""solutions/game_2/series/home_wins_1/rest-111101/top"",""solutions/game_2/series/home_wins_1/rest-001111/bot""],""single"":[""solutions/game_2/single/rest-111101/top"",""solutions/game_2/single/rest-001111/bot""]}","[1,1,1,1,0,1]","[0,0,1,1,1,1]",1,0,3,5,away_win,away,0,82
5792,3,"{""series"":[""solutions/game_3/series/home_wins_1/rest-011011/top"",""solutions/game_3/series/home_wins_1/rest-111010/bot""],""single"":[""solutions/game_3/single/rest-011011/top"",""solutions/game_3/single/rest-111010/bot""]}","[0,1,1,0,1,1]","[1,1,1,0,1,0]",1,1,2,1,home_win,home,0,72
5792,4,"{""series"":[""solutions/game_4/series/home_wins_2/rest-110100/top"",""solutions/game_4/series/home_wins_2/rest-001101/bot""],""single"":[""solutions/game_4/single/rest-110100/top"",""solutions/game_4/single/rest-001101/bot""]}","[1,1,0,1,0,0]","[0,0,1,1,0,1]",2,1,1,5,away_win,away,0,76
5792,5,"{""series"":[""solutions/game_5/single/rest-101111/top"",""solutions/game_5/single/rest-111010/bot""],""single"":[""solutions/game_5/single/rest-101111/top"",""solutions/game_5/single/rest-111010/bot""]}","[1,0,1,1,1,1]","[1,1,1,0,1,0]",2,2,9,0,home_win,home,0,45
5793,1,"{""series"":[""solutions/game_1/series/rest-111111/top"",""solutions/game_1/series/rest-111111/bot""],""single"":[""solutions/game_1/single/rest-111111/top"",""solutions/game_1/single/rest-111111/bot""]}","[1,1,1,1,1,1]","[1,1,1,1,1,1]",0,0,1,3,away_win,away,0,86
5793,2,"{""series"":[""solutions/game_2/series/home_wins_0/rest-011001/top"",""solutions/game_2/series/home_wins_0/rest-001010/bot""],""single"":[""solutions/game_2/single/rest-011001/top"",""solutions/game_2/single/rest-001010/bot""]}","[0,1,1,0,0,1]","[0,0,1,0,1,0]",0,1,8,0,home_win,home,0,72
5793,3,"{""series"":[""solutions/game_3/series/home_wins_1/rest-101110/top"",""solutions/game_3/series/home_wins_1/rest-110101/bot""],""single"":[""solutions/game_3/single/rest-101110/top"",""solutions/game_3/single/rest-110101/bot""]}","[1,0,1,1,1,0]","[1,1,0,1,0,1]",1,1,0,8,away_win,away,0,38
5793,4,"{""series"":[""solutions/game_4/series/home_wins_1/rest-011111/top"",""solutions/game_4/series/home_wins_1/rest-111111/bot""],""single"":[""solutions/game_4/single/rest-011111/top"",""solutions/game_4/single/rest-111111/bot""]}","[0,1,1,1,1,1]","[1,1,1,1,1,1]",1,2,7,10,away_win,away,0,91
5793,5,"{""series"":[""solutions/game_5/single/rest-110001/top"",""solutions/game_5/single/rest-100010/bot""],""single"":[""solutions/game_5/single/rest-110001/top"",""solutions/game_5/single/rest-100010/bot""]}","[1,1,0,0,0,1]","[1,0,0,0,1,0]",1,3,3,4,away_win,away,1,82
5794,1,"{""series"":[""solutions/game_1/series/rest-111111/top"",""solutions/game_1/series/rest-111111/bot""],""single"":[""solutions/game_1/single/rest-111111/top"",""solutions/game_1/single/rest-111111/bot""]}","[1,1,1,1,1,1]","[1,1,1,1,1,1]",0,0,0,1,away_win,away,0,78
5794,2,"{""series"":[""solutions/game_2/series/home_wins_0/rest-110001/top"",""solutions/game_2/series/home_wins_0/rest-001010/bot""],""single"":[""solutions/game_2/single/rest-110001/top"",""solutions/game_2/single/rest-001010/bot""]}","[1,1,0,0,0,1]","[0,0,1,0,1,0]",0,1,2,11,away_win,away,0,64
5794,3,"{""series"":[""solutions/game_3/series/home_wins_0/rest-111011/top"",""solutions/game_3/series/home_wins_0/rest-111110/bot""],""single"":[""solutions/game_3/single/rest-111011/top"",""solutions/game_3/single/rest-111110/bot""]}","[1,1,1,0,1,1]","[1,1,1,1,1,0]",0,2,6,3,home_win,home,0,73
5794,4,"{""series"":[""solutions/game_4/series/home_wins_1/rest-101001/top"",""solutions/game_4/series/home_wins_1/rest-001111/bot""],""single"":[""solutions/game_4/single/rest-101001/top"",""solutions/game_4/single/rest-001111/bot""]}","[1,0,1,0,0,1]","[0,0,1,1,1,1]",1,2,14,11,home_win,home,0,95
5794,5,"{""series"":[""solutions/game_5/single/rest-011100/top"",""solutions/game_5/single/rest-011000/bot""],""single"":[""solutions/game_5/single/rest-011100/top"",""solutions/game_5/single/rest-011000/bot""]}","[0,1,1,1,0,0]","[0,1,1,0,0,0]",2,2,5,3,home_win,home,0,81
5795,1,"{""series"":[""solutions/game_1/series/rest-111111/top"",""solutions/game_1/series/rest-111111/bot""],""single"":[""solutions/game_1/single/rest-111111/top"",""solutions/game_1/single/rest-111111/bot""]}","[1,1,1,1,1,1]","[1,1,1,1,1,1]",0,0,8,0,home_win,home,0,47
5795,2,"{""series"":[""solutions/game_2/series/home_wins_1/rest-111111/top"",""solutions/game_2/series/home_wins_1/rest-111110/bot""],""single"":[""solutions/game_2/single/rest-111111/top"",""solutions/game_2/single/rest-111110/bot""]}","[1,1,1,1,1,1]","[1,1,1,1,1,0]",1,0,9,1,home_win,home,0,73
5795,3,"{""series"":[""solutions/game_3/series/home_wins_2/rest-111010/top"",""solutions/game_3/series/home_wins_2/rest-101010/bot""],""single"":[""solutions/game_3/single/rest-111010/top"",""solutions/game_3/single/rest-101010/bot""]}","[1,1,1,0,1,0]","[1,0,1,0,1,0]",2,0,6,7,away_win,away,0,91
5795,4,"{""series"":[""solutions/game_4/series/home_wins_2/rest-111101/top"",""solutions/game_4/series/home_wins_2/rest-010111/bot""],""single"":[""solutions/game_4/single/rest-111101/top"",""solutions/game_4/single/rest-010111/bot""]}","[1,1,1,1,0,1]","[0,1,0,1,1,1]",2,1,1,4,away_win,away,0,81
5795,5,"{""series"":[""solutions/game_5/single/rest-010111/top"",""solutions/game_5/single/rest-101010/bot""],""single"":[""solutions/game_5/single/rest-010111/top"",""solutions/game_5/single/rest-101010/bot""]}","[0,1,0,1,1,1]","[1,0,1,0,1,0]",2,2,1,9,away_win,away,0,33
5796,1,"{""series"":[""solutions/game_1/series/rest-111111/top"",""solutions/game_1/series/rest-111111/bot""],""single"":[""solutions/game_1/single/rest-111111/top"",""solutions/game_1/single/rest-111111/bot""]}","[1,1,1,1,1,1]","[1,1,1,1,1,1]",0,0,10,4,home_win,home,0,88
5796,2,"{""series"":[""solutions/game_2/series/home_wins_1/rest-101110/top"",""solutions/game_2/series/home_wins_1/rest-101111/bot""],""single"":[""solutions/game_2/single/rest-101110/top"",""solutions/game_2/single/rest-101111/bot""]}","[1,0,1,1,1,0]","[1,0,1,1,1,1]",1,0,9,5,home_win,home,0,89
5796,3,"{""series"":[""solutions/game_3/series/home_wins_2/rest-111001/top"",""solutions/game_3/series/home_wins_2/rest-011110/bot""],""single"":[""solutions/game_3/single/rest-111001/top"",""solutions/game_3/single/rest-011110/bot""]}","[1,1,1,0,0,1]","[0,1,1,1,1,0]",2,0,5,4,home_win,home,0,74
5796,4,"{""series"":[""solutions/game_4/single/rest-010101/top"",""solutions/game_4/single/rest-111001/bot""],""single"":[""solutions/game_4/single/rest-010101/top"",""solutions/game_4/single/rest-111001/bot""]}","[0,1,0,1,0,1]","[1,1,1,0,0,1]",3,0,9,13,away_win,away,1,101
5796,5,"{""series"":[""solutions/game_5/single/rest-100000/top"",""solutions/game_5/single/rest-110110/bot""],""single"":[""solutions/game_5/single/rest-100000/top"",""solutions/game_5/single/rest-110110/bot""]}","[1,0,0,0,0,0]","[1,1,0,1,1,0]",3,1,5,7,away_win,away,1,91
5797,1,"{""series"":[""solutions/game_1/series/rest-111111/top"",""solutions/game_1/series/rest-111111/bot""],""single"":[""solutions/game_1/single/rest-111111/top"",""solutions/game_1/single/rest-111111/bot""]}","[1,1,1,1,1,1]","[1,1,1,1,1,1]",0,0,5,2,home_win,home,0,75
5797,2,"{""series"":[""solutions/game_2/series/home_wins_1/rest-111011/top"",""solutions/game_2/series/home_wins_1/rest-101011/bot""],""single"":[""solutions/game_2/single/rest-111011/top"",""solutions/game_2/single/rest-101011/bot""]}","[1,1,1,0,1,1]","[1,0,1,0,1,1]",1,0,3,1,home_win,home,0,72
5797,3,"{""series"":[""solutions/game_3/series/home_wins_2/rest-110101/top"",""solutions/game_3/series/home_wins_2/rest-111111/bot""],""single"":[""solutions/game_3/single/rest-110101/top"",""solutions/game_3/single/rest-111111/bot""]}","[1,1,0,1,0,1]","[1,1,1,1,1,1]",2,0,3,5,away_win,away,0,88
5797,4,"{""series"":[""solutions/game_4/series/home_wins_2/rest-011011/top"",""solutions/game_4/series/home_wins_2/rest-101110/bot""],""single"":[""solutions/game_4/single/rest-011011/top"",""solutions/game_4/single/rest-101110/bot""]}","[0,1,1,0,1,1]","[1,0,1,1,1,0]",2,1,2,3,away_win,away,0,75
5797,5,"{""series"":[""solutions/game_5/single/rest-111110/top"",""solutions/game_5/single/rest-011011/bot""],""single"":[""solutions/game_5/single/rest-111110/top"",""solutions/game_5/single/rest-011011/bot""]}","[1,1,1,1,1,0]","[0,1,1,0,1,1]",2,2,5,3,home_win,home,0,80
5798,1,"{""series"":[""solutions/game_1/series/rest-111111/top"",""solutions/game_1/series/rest-111111/bot""],""single"":[""solutions/game_1/single/rest-111111/top"",""solutions/game_1/single/rest-111111/bot""]}","[1,1,1,1,1,1]","[1,1,1,1,1,1]",0,0,8,3,home_win,home,0,82
5798,2,"{""series"":[""solutions/game_2/series/home_wins_1/rest-111001/top"",""solutions/game_2/series/home_wins_1/rest-001110/bot""],""single"":[""solutions/game_2/single/rest-111001/top"",""solutions/game_2/single/rest-001110/bot""]}","[1,1,1,0,0,1]","[0,0,1,1,1,0]",1,0,7,4,home_win,home,0,87
5798,3,"{""series"":[""solutions/game_3/series/home_wins_2/rest-010110/top"",""solutions/game_3/series/home_wins_2/rest-110111/bot""],""single"":[""solutions/game_3/single/rest-010110/top"",""solutions/game_3/single/rest-110111/bot""]}","[0,1,0,1,1,0]","[1,1,0,1,1,1]",2,0,2,6,away_win,away,0,86
5798,4,"{""series"":[""solutions/game_4/series/home_wins_2/rest-110111/top"",""solutions/game_4/series/home_wins_2/rest-101010/bot""],""single"":[""solutions/game_4/single/rest-110111/top"",""solutions/game_4/single/rest-101010/bot""]}","[1,1,0,1,1,1]","[1,0,1,0,1,0]",2,1,6,10,away_win,away,0,93
5798,5,"{""series"":[""solutions/game_5/single/rest-101110/top"",""solutions/game_5/single/rest-000111/bot""],""single"":[""solutions/game_5/single/rest-101110/top"",""solutions/game_5/single/rest-000111/bot""]}","[1,0,1,1,1,0]","[0,0,0,1,1,1]",2,2,7,1,home_win,home,0,79
5799,1,"{""series"":[""solutions/game_1/series/rest-111111/top"",""solutions/game_1/series/rest-111111/bot""],""single"":[""solutions/game_1/single/rest-111111/top"",""solutions/game_1/single/rest-111111/bot""]}","[1,1,1,1,1,1]","[1,1,1,1,1,1]",0,0,6,0,home_win,home,0,75
5799,2,"{""series"":[""solutions/game_2/series/home_wins_1/rest-111111/top"",""solutions/game_2/series/home_wins_1/rest-101110/bot""],""single"":[""solutions/game_2/single/rest-111111/top"",""solutions/game_2/single/rest-101110/bot""]}","[1,1,1,1,1,1]","[1,0,1,1,1,0]",1,0,6,4,home_win,home,0,82
5799,3,"{""series"":[""solutions/game_3/series/home_wins_2/rest-111011/top"",""solutions/game_3/series/home_wins_2/rest-010011/bot""],""single"":[""solutions/game_3/single/rest-111011/top"",""solutions/game_3/single/rest-010011/bot""]}","[1,1,1,0,1,1]","[0,1,0,0,1,1]",2,0,9,7,home_win,home,0,84
5799,4,"{""series"":[""solutions/game_4/single/rest-011001/top"",""solutions/game_4/single/rest-101001/bot""],""single"":[""solutions/game_4/single/rest-011001/top"",""solutions/game_4/single/rest-101001/bot""]}","[0,1,1,0,0,1]","[1,0,1,0,0,1]",3,0,0,1,away_win,away,1,77
5799,5,"{""series"":[""solutions/game_5/single/rest-110110/top"",""solutions/game_5/single/rest-110111/bot""],""single"":[""solutions/game_5/single/rest-110110/top"",""solutions/game_5/single/rest-110111/bot""]}","[1,1,0,1,1,0]","[1,1,0,1,1,1]",3,1,3,11,away_win,away,1,44
5800,1,"{""series"":[""solutions/game_1/series/rest-111111/top"",""solutions/game_1/series/rest-111111/bot""],""single"":[""solutions/game_1/single/rest-111111/top"",""solutions/game_1/single/rest-111111/bot""]}","[1,1,1,1,1,1]","[1,1,1,1,1,1]",0,0,3,2,home_win,home,0,78
5800,2,"{""series"":[""solutions/game_2/series/home_wins_1/rest-111001/top"",""solutions/game_2/series/home_wins_1/rest-001011/bot""],""single"":[""solutions/game_2/single/rest-111001/top"",""solutions/game_2/single/rest-001011/bot""]}","[1,1,1,0,0,1]","[0,0,1,0,1,1]",1,0,8,7,home_win,home,0,89
5800,3,"{""series"":[""solutions/game_3/series/home_wins_2/rest-000110/top"",""solutions/game_3/series/home_wins_2/rest-111100/bot""],""single"":[""solutions/game_3/single/rest-000110/top"",""solutions/game_3/single/rest-111100/bot""]}","[0,0,0,1,1,0]","[1,1,1,1,0,0]",2,0,8,3,home_win,home,0,83
5800,4,"{""series"":[""solutions/game_4/single/rest-111101/top"",""solutions/game_4/single/rest-000111/bot""],""single"":[""solutions/game_4/single/rest-111101/top"",""solutions/game_4/single/rest-000111/bot""]}","[1,1,1,1,0,1]","[0,0,0,1,1,1]",3,0,0,8,away_win,away,1,21
5800,5,"{""series"":[""solutions/game_5/single/rest-111111/top"",""solutions/game_5/single/rest-111111/bot""],""single"":[""solutions/game_5/single/rest-111111/top"",""solutions/game_5/single/rest-111111/bot""]}","[1,1,1,1,1,1]","[1,1,1,1,1,1]",3,1,6,7,away_win,away,1,93
5801,1,"{""series"":[""solutions/game_1/series/rest-111111/top"",""solutions/game_1/series/rest-111111/bot""],""single"":[""solutions/game_1/single/rest-111111/top"",""solutions/game_1/single/rest-111111/bot""]}","[1,1,1,1,1,1]","[1,1,1,1,1,1]",0,0,7,4,home_win,home,0,81
5801,2,"{""series"":[""solutions/game_2/series/home_wins_1/rest-110001/top"",""solutions/game_2/series/home_wins_1/rest-001010/bot""],""single"":[""solutions/game_2/single/rest-110001/top"",""solutions/game_2/single/rest-001010/bot""]}","[1,1,0,0,0,1]","[0,0,1,0,1,0]",1,0,4,2,home_win,home,0,77
5801,3,"{""series"":[""solutions/game_3/series/home_wins_2/rest-001110/top"",""solutions/game_3/series/home_wins_2/rest-101101/bot""],""single"":[""solutions/game_3/single/rest-001110/top"",""solutions/game_3/single/rest-101101/bot""]}","[0,0,1,1,1,0]","[1,0,1,1,0,1]",2,0,3,12,away_win,away,0,75
5801,4,"{""series"":[""solutions/game_4/series/home_wins_2/rest-101111/top"",""solutions/game_4/series/home_wins_2/rest-111100/bot""],""single"":[""solutions/game_4/single/rest-101111/top"",""solutions/game_4/single/rest-111100/bot""]}","[1,0,1,1,1,1]","[1,1,1,1,0,0]",2,1,7,3,home_win,home,0,81
5801,5,"{""series"":[""solutions/game_5/single/rest-000011/top"",""solutions/game_5/single/rest-010111/bot""],""single"":[""solutions/game_5/single/rest-000011/top"",""solutions/game_5/single/rest-010111/bot""]}","[0,0,0,0,1,1]","[0,1,0,1,1,1]",3,1,3,0,home_win,home,1,70
5802,1,"{""series"":[""solutions/game_1/series/rest-111111/top"",""solutions/game_1/series/rest-111111/bot""],""single"":[""solutions/game_1/single/rest-111111/top"",""solutions/game_1/single/rest-111111/bot""]}","[1,1,1,1,1,1]","[1,1,1,1,1,1]",0,0,1,5,away_win,away,0,79
5802,2,"{""series"":[""solutions/game_2/series/home_wins_0/rest-111001/top"",""solutions/game_2/series/home_wins_0/rest-001011/bot""],""single"":[""solutions/game_2/single/rest-111001/top"",""solutions/game_2/single/rest-001011/bot""]}","[1,1,1,0,0,1]","[0,0,1,0,1,1]",0,1,5,11,away_win,away,0,95
5802,3,"{""series"":[""solutions/game_3/series/home_wins_0/rest-101111/top"",""solutions/game_3/series/home_wins_0/rest-100000/bot""],""single"":[""solutions/game_3/single/rest-101111/top"",""solutions/game_3/single/rest-100000/bot""]}","[1,0,1,1,1,1]","[1,0,0,0,0,0]",0,2,10,4,home_win,home,0,85
5802,4,"{""series"":[""solutions/game_4/series/home_wins_1/rest-111101/top"",""solutions/game_4/series/home_wins_1/rest-010011/bot""],""single"":[""solutions/game_4/single/rest-111101/top"",""solutions/game_4/single/rest-010011/bot""]}","[1,1,1,1,0,1]","[0,1,0,0,1,1]",1,2,4,2,home_win,home,0,75
5802,5,"{""series"":[""solutions/game_5/single/rest-001011/top"",""solutions/game_5/single/rest-111111/bot""],""single"":[""solutions/game_5/single/rest-001011/top"",""solutions/game_5/single/rest-111111/bot""]}","[0,0,1,0,1,1]","[1,1,1,1,1,1]",2,2,8,2,home_win,home,0,78
5803,1,"{""series"":[""solutions/game_1/series/rest-111111/top"",""solutions/game_1/series/rest-111111/bot""],""single"":[""solutions/game_1/single/rest-111111/top"",""solutions/game_1/single/rest-111111/bot""]}","[1,1,1,1,1,1]","[1,1,1,1,1,1]",0,0,9,0,home_win,home,0,40
5803,2,"{""series"":[""solutions/game_2/series/home_wins_1/rest-111111/top"",""solutions/game_2/series/home_wins_1/rest-111111/bot""],""single"":[""solutions/game_2/single/rest-111111/top"",""solutions/game_2/single/rest-111111/bot""]}","[1,1,1,1,1,1]","[1,1,1,1,1,1]",1,0,6,3,home_win,home,0,83
5803,3,"{""series"":[""solutions/game_3/series/home_wins_2/rest-011001/top"",""solutions/game_3/series/home_wins_2/rest-001010/bot""],""single"":[""solutions/game_3/single/rest-011001/top"",""solutions/game_3/single/rest-001010/bot""]}","[0,1,1,0,0,1]","[0,0,1,0,1,0]",2,0,5,6,away_win,away,0,88
5803,4,"{""series"":[""solutions/game_4/series/home_wins_2/rest-111110/top"",""solutions/game_4/series/home_wins_2/rest-100101/bot""],""single"":[""solutions/game_4/single/rest-111110/top"",""solutions/game_4/single/rest-100101/bot""]}","[1,1,1,1,1,0]","[1,0,0,1,0,1]",2,1,10,9,home_win,home,0,105
5803,5,"{""series"":[""solutions/game_5/single/rest-101011/top"",""solutions/game_5/single/rest-010010/bot""],""single"":[""solutions/game_5/single/rest-101011/top"",""solutions/game_5/single/rest-010010/bot""]}","[1,0,1,0,1,1]","[0,1,0,0,1,0]",3,1,8,7,home_win,home,1,96
5804,1,"{""series"":[""solutions/game_1/series/rest-111111/top"",""solutions/game_1/series/rest-111111/bot""],""single"":[""solutions/game_1/single/rest-111111/top"",""solutions/game_1/single/rest-111111/bot""]}","[1,1,1,1,1,1]","[1,1,1,1,1,1]",0,0,3,4,away_win,away,0,77
5804,2,"{""series"":[""solutions/game_2/series/home_wins_0/rest-011010/top"",""solutions/game_2/series/home_wins_0/rest-001010/bot""],""single"":[""solutions/game_2/single/rest-011010/top"",""solutions/game_2/single/rest-001010/bot""]}","[0,1,1,0,1,0]","[0,0,1,0,1,0]",0,1,2,4,away_win,away,0,87
5804,3,"{""series"":[""solutions/game_3/series/home_wins_0/rest-110111/top"",""solutions/game_3/series/home_wins_0/rest-110001/bot""],""single"":[""solutions/game_3/single/rest-110111/top"",""solutions/game_3/single/rest-110001/bot""]}","[1,1,0,1,1,1]","[1,1,0,0,0,1]",0,2,8,0,home_win,home,0,69
5804,4,"{""series"":[""solutions/game_4/series/home_wins_1/rest-111111/top"",""solutions/game_4/series/home_wins_1/rest-111110/bot""],""single"":[""solutions/game_4/single/rest-111111/top"",""solutions/game_4/single/rest-111110/bot""]}","[1,1,1,1,1,1]","[1,1,1,1,1,0]",1,2,6,6,tie,home,0,97
5804,5,"{""series"":[""solutions/game_5/single/rest-110101/top"",""solutions/game_5/single/rest-011011/bot""],""single"":[""solutions/game_5/single/rest-110101/top"",""solutions/game_5/single/rest-011011/bot""]}","[1,1,0,1,0,1]","[0,1,1,0,1,1]",2,2,9,1,home_win,home,0,39
5805,1,"{""series"":[""solutions/game_1/series/rest-111111/top"",""solutions/game_1/series/rest-111111/bot""],""single"":[""solutions/game_1/single/rest-111111/top"",""solutions/game_1/single/rest-111111/bot""]}","[1,1,1,1,1,1]","[1,1,1,1,1,1]",0,0,0,8,away_win,away,0,54
5805,2,"{""series"":[""solutions/game_2/series/home_wins_0/rest-111111/top"",""solutions/game_2/series/home_wins_0/rest-111111/bot""],""single"":[""solutions/game_2/single/rest-111111/top"",""solutions/game_2/single/rest-111111/bot""]}","[1,1,1,1,1,1]","[1,1,1,1,1,1]",0,1,3,3,tie,away,0,94
5805,3,"{""series"":[""solutions/game_3/series/home_wins_0/rest-110111/top"",""solutions/game_3/series/home_wins_0/rest-000000/bot""],""single"":[""solutions/game_3/single/rest-110111/top"",""solutions/game_3/single/rest-000000/bot""]}","[1,1,0,1,1,1]","[0,0,0,0,0,0]",0,2,8,0,home_win,home,0,72
5805,4,"{""series"":[""solutions/game_4/series/home_wins_1/rest-111110/top"",""solutions/game_4/series/home_wins_1/rest-111111/bot""],""single"":[""solutions/game_4/single/rest-111110/top"",""solutions/game_4/single/rest-111111/bot""]}","[1,1,1,1,1,0]","[1,1,1,1,1,1]",1,2,8,5,home_win,home,0,83
5805,5,"{""series"":[""solutions/game_5/single/rest-110011/top"",""solutions/game_5/single/rest-101111/bot""],""single"":[""solutions/game_5/single/rest-110011/top"",""solutions/game_5/single/rest-101111/bot""]}","[1,1,0,0,1,1]","[1,0,1,1,1,1]",2,2,6,5,home_win,home,0,90
5806,1,"{""series"":[""solutions/game_1/series/rest-111111/top"",""solutions/game_1/series/rest-111111/bot""],""single"":[""solutions/game_1/single/rest-111111/top"",""solutions/game_1/single/rest-111111/bot""]}","[1,1,1,1,1,1]","[1,1,1,1,1,1]",0,0,9,0,home_win,home,0,70
5806,2,"{""series"":[""solutions/game_2/series/home_wins_1/rest-111011/top"",""solutions/game_2/series/home_wins_1/rest-001110/bot""],""single"":[""solutions/game_2/single/rest-111011/top"",""solutions/game_2/single/rest-001110/bot""]}","[1,1,1,0,1,1]","[0,0,1,1,1,0]",1,0,4,8,away_win,away,0,86
5806,3,"{""series"":[""solutions/game_3/series/home_wins_1/rest-011001/top"",""solutions/game_3/series/home_wins_1/rest-111111/bot""],""single"":[""solutions/game_3/single/rest-011001/top"",""solutions/game_3/single/rest-111111/bot""]}","[0,1,1,0,0,1]","[1,1,1,1,1,1]",1,1,2,7,away_win,away,0,83
5806,4,"{""series"":[""solutions/game_4/series/home_wins_1/rest-111111/top"",""solutions/game_4/series/home_wins_1/rest-001011/bot""],""single"":[""solutions/game_4/single/rest-111111/top"",""solutions/game_4/single/rest-001011/bot""]}","[1,1,1,1,1,1]","[0,0,1,0,1,1]",1,2,6,2,home_win,home,0,75
5806,5,"{""series"":[""solutions/game_5/single/rest-111110/top"",""solutions/game_5/single/rest-111101/bot""],""single"":[""solutions/game_5/single/rest-111110/top"",""solutions/game_5/single/rest-111101/bot""]}","[1,1,1,1,1,0]","[1,1,1,1,0,1]",2,2,7,3,home_win,home,0,81
5807,1,"{""series"":[""solutions/game_1/series/rest-111111/top"",""solutions/game_1/series/rest-111111/bot""],""single"":[""solutions/game_1/single/rest-111111/top"",""solutions/game_1/single/rest-111111/bot""]}","[1,1,1,1,1,1]","[1,1,1,1,1,1]",0,0,8,5,home_win,home,0,85
5807,2,"{""series"":[""solutions/game_2/series/home_wins_1/rest-101110/top"",""solutions/game_2/series/home_wins_1/rest-000011/bot""],""single"":[""solutions/game_2/single/rest-101110/top"",""solutions/game_2/single/rest-000011/bot""]}","[1,0,1,1,1,0]","[0,0,0,0,1,1]",1,0,9,0,home_win,home,0,54
5807,3,"{""series"":[""solutions/game_3/series/home_wins_2/rest-111111/top"",""solutions/game_3/series/home_wins_2/rest-111101/bot""],""single"":[""solutions/game_3/single/rest-111111/top"",""solutions/game_3/single/rest-111101/bot""]}","[1,1,1,1,1,1]","[1,1,1,1,0,1]",2,0,5,6,away_win,away,0,87
5807,4,"{""series"":[""solutions/game_4/series/home_wins_2/rest-110111/top"",""solutions/game_4/series/home_wins_2/rest-011011/bot""],""single"":[""solutions/game_4/single/rest-110111/top"",""solutions/game_4/single/rest-011011/bot""]}","[1,1,0,1,1,1]","[0,1,1,0,1,1]",2,1,13,19,away_win,away,0,116
5807,5,"{""series"":[""solutions/game_5/single/rest-111001/top"",""solutions/game_5/single/rest-110110/bot""],""single"":[""solutions/game_5/single/rest-111001/top"",""solutions/game_5/single/rest-110110/bot""]}","[1,1,1,0,0,1]","[1,1,0,1,1,0]",2,2,5,9,away_win,away,0,88
5808,1,"{""series"":[""solutions/game_1/series/rest-111111/top"",""solutions/game_1/series/rest-111111/bot""],""single"":[""solutions/game_1/single/rest-111111/top"",""solutions/game_1/single/rest-111111/bot""]}","[1,1,1,1,1,1]","[1,1,1,1,1,1]",0,0,0,8,away_win,away,0,51
5808,2,"{""series"":[""solutions/game_2/series/home_wins_0/rest-111111/top"",""solutions/game_2/series/home_wins_0/rest-111111/bot""],""single"":[""solutions/game_2/single/rest-111111/top"",""solutions/game_2/single/rest-111111/bot""]}","[1,1,1,1,1,1]","[1,1,1,1,1,1]",0,1,6,7,away_win,away,0,92
5808,3,"{""series"":[""solutions/game_3/series/home_wins_0/rest-110101/top"",""solutions/game_3/series/home_wins_0/rest-001000/bot""],""single"":[""solutions/game_3/single/rest-110101/top"",""solutions/game_3/single/rest-001000/bot""]}","[1,1,0,1,0,1]","[0,0,1,0,0,0]",0,2,8,6,home_win,home,0,84
5808,4,"{""series"":[""solutions/game_4/series/home_wins_1/rest-011011/top"",""solutions/game_4/series/home_wins_1/rest-110111/bot""],""single"":[""solutions/game_4/single/rest-011011/top"",""solutions/game_4/single/rest-110111/bot""]}","[0,1,1,0,1,1]","[1,1,0,1,1,1]",1,2,3,5,away_win,away,0,82
5808,5,"{""series"":[""solutions/game_5/single/rest-111100/top"",""solutions/game_5/single/rest-111000/bot""],""single"":[""solutions/game_5/single/rest-111100/top"",""solutions/game_5/single/rest-111000/bot""]}","[1,1,1,1,0,0]","[1,1,1,0,0,0]",1,3,5,8,away_win,away,1,101
5809,1,"{""series"":[""solutions/game_1/series/rest-111111/top"",""solutions/game_1/series/rest-111111/bot""],""single"":[""solutions/game_1/single/rest-111111/top"",""solutions/game_1/single/rest-111111/bot""]}","[1,1,1,1,1,1]","[1,1,1,1,1,1]",0,0,6,11,away_win,away,0,87
5809,2,"{""series"":[""solutions/game_2/series/home_wins_0/rest-110001/top"",""solutions/game_2/series/home_wins_0/rest-101010/bot""],""single"":[""solutions/game_2/single/rest-110001/top"",""solutions/game_2/single/rest-101010/bot""]}","[1,1,0,0,0,1]","[1,0,1,0,1,0]",0,1,6,6,tie,home,0,98
5809,3,"{""series"":[""solutions/game_3/series/home_wins_1/rest-011110/top"",""solutions/game_3/series/home_wins_1/rest-001101/bot""],""single"":[""solutions/game_3/single/rest-011110/top"",""solutions/game_3/single/rest-001101/bot""]}","[0,1,1,1,1,0]","[0,0,1,1,0,1]",1,1,1,9,away_win,away,0,82
5809,4,"{""series"":[""solutions/game_4/series/home_wins_1/rest-110101/top"",""solutions/game_4/series/home_wins_1/rest-100111/bot""],""single"":[""solutions/game_4/single/rest-110101/top"",""solutions/game_4/single/rest-100111/bot""]}","[1,1,0,1,0,1]","[1,0,0,1,1,1]",1,2,2,6,away_win,away,0,84
5809,5,"{""series"":[""solutions/game_5/single/rest-111011/top"",""solutions/game_5/single/rest-111000/bot""],""single"":[""solutions/game_5/single/rest-111011/top"",""solutions/game_5/single/rest-111000/bot""]}","[1,1,1,0,1,1]","[1,1,1,0,0,0]",1,3,4,2,home_win,home,1,79
5810,1,"{""series"":[""solutions/game_1/series/rest-111111/top"",""solutions/game_1/series/rest-111111/bot""],""single"":[""solutions/game_1/single/rest-111111/top"",""solutions/game_1/single/rest-111111/bot""]}","[1,1,1,1,1,1]","[1,1,1,1,1,1]",0,0,0,3,away_win,away,0,83
5810,2,"{""series"":[""solutions/game_2/series/home_wins_0/rest-111100/top"",""solutions/game_2/series/home_wins_0/rest-101010/bot""],""single"":[""solutions/game_2/single/rest-111100/top"",""solutions/game_2/single/rest-101010/bot""]}","[1,1,1,1,0,0]","[1,0,1,0,1,0]",0,1,0,8,away_win,away,0,49
5810,3,"{""series"":[""solutions/game_3/series/home_wins_0/rest-101101/top"",""solutions/game_3/series/home_wins_0/rest-111111/bot""],""single"":[""solutions/game_3/single/rest-101101/top"",""solutions/game_3/single/rest-111111/bot""]}","[1,0,1,1,0,1]","[1,1,1,1,1,1]",0,2,5,2,home_win,home,0,70
5810,4,"{""series"":[""solutions/game_4/series/home_wins_1/rest-111011/top"",""solutions/game_4/series/home_wins_1/rest-011010/bot""],""single"":[""solutions/game_4/single/rest-111011/top"",""solutions/game_4/single/rest-011010/bot""]}","[1,1,1,0,1,1]","[0,1,1,0,1,0]",1,2,3,2,home_win,home,0,80
5810,5,"{""series"":[""solutions/game_5/single/rest-111100/top"",""solutions/game_5/single/rest-100101/bot""],""single"":[""solutions/game_5/single/rest-111100/top"",""solutions/game_5/single/rest-100101/bot""]}","[1,1,1,1,0,0]","[1,0,0,1,0,1]",2,2,0,8,away_win,away,0,17
5811,1,"{""series"":[""solutions/game_1/series/rest-111111/top"",""solutions/game_1/series/rest-111111/bot""],""single"":[""solutions/game_1/single/rest-111111/top"",""solutions/game_1/single/rest-111111/bot""]}","[1,1,1,1,1,1]","[1,1,1,1,1,1]",0,0,7,4,home_win,home,0,80
5811,2,"{""series"":[""solutions/game_2/series/home_wins_1/rest-111100/top"",""solutions/game_2/series/home_wins_1/rest-011100/bot""],""single"":[""solutions/game_2/single/rest-111100/top"",""solutions/game_2/single/rest-011100/bot""]}","[1,1,1,1,0,0]","[0,1,1,1,0,0]",1,0,0,4,away_win,away,0,72
5811,3,"{""series"":[""solutions/game_3/series/home_wins_1/rest-111111/top"",""solutions/game_3/series/home_wins_1/rest-001111/bot""],""single"":[""solutions/game_3/single/rest-111111/top"",""solutions/game_3/single/rest-001111/bot""]}","[1,1,1,1,1,1]","[0,0,1,1,1,1]",1,1,10,7,home_win,home,0,88
5811,4,"{""series"":[""solutions/game_4/series/home_wins_2/rest-101001/top"",""solutions/game_4/series/home_wins_2/rest-110110/bot""],""single"":[""solutions/game_4/single/rest-101001/top"",""solutions/game_4/single/rest-110110/bot""]}","[1,0,1,0,0,1]","[1,1,0,1,1,0]",2,1,4,6,away_win,away,0,92
5811,5,"{""series"":[""solutions/game_5/single/rest-010111/top"",""solutions/game_5/single/rest-001000/bot""],""single"":[""solutions/game_5/single/rest-010111/top"",""solutions/game_5/single/rest-001000/bot""]}","[0,1,0,1,1,1]","[0,0,1,0,0,0]",2,2,8,0,home_win,home,0,34
5812,1,"{""series"":[""solutions/game_1/series/rest-111111/top"",""solutions/game_1/series/rest-111111/bot""],""single"":[""solutions/game_1/single/rest-111111/top"",""solutions/game_1/single/rest-111111/bot""]}","[1,1,1,1,1,1]","[1,1,1,1,1,1]",0,0,5,4,home_win,home,0,77
5812,2,"{""series"":[""solutions/game_2/series/home_wins_1/rest-011001/top"",""solutions/game_2/series/home_wins_1/rest-111111/bot""],""single"":[""solutions/game_2/single/rest-011001/top"",""solutions/game_2/single/rest-111111/bot""]}","[0,1,1,0,0,1]","[1,1,1,1,1,1]",1,0,2,9,away_win,away,0,89
5812,3,"{""series"":[""solutions/game_3/series/home_wins_1/rest-011111/top"",""solutions/game_3/series/home_wins_1/rest-001010/bot""],""single"":[""solutions/game_3/single/rest-011111/top"",""solutions/game_3/single/rest-001010/bot""]}","[0,1,1,1,1,1]","[0,0,1,0,1,0]",1,1,3,2,home_win,home,0,80
5812,4,"{""series"":[""solutions/game_4/series/home_wins_2/rest-110001/top"",""solutions/game_4/series/home_wins_2/rest-110101/bot""],""single"":[""solutions/game_4/single/rest-110001/top"",""solutions/game_4/single/rest-110101/bot""]}","[1,1,0,0,0,1]","[1,1,0,1,0,1]",2,1,2,4,away_win,away,0,83
5812,5,"{""series"":[""solutions/game_5/single/rest-011111/top"",""solutions/game_5/single/rest-011111/bot""],""single"":[""solutions/game_5/single/rest-011111/top"",""solutions/game_5/single/rest-011111/bot""]}","[0,1,1,1,1,1]","[0,1,1,1,1,1]",2,2,10,2,home_win,home,0,40
5813,1,"{""series"":[""solutions/game_1/series/rest-111111/top"",""solutions/game_1/series/rest-111111/bot""],""single"":[""solutions/game_1/single/rest-111111/top"",""solutions/game_1/single/rest-111111/bot""]}","[1,1,1,1,1,1]","[1,1,1,1,1,1]",0,0,1,8,away_win,away,0,82
5813,2,"{""series"":[""solutions/game_2/series/home_wins_0/rest-111100/top"",""solutions/game_2/series/home_wins_0/rest-001111/bot""],""single"":[""solutions/game_2/single/rest-111100/top"",""solutions/game_2/single/rest-001111/bot""]}","[1,1,1,1,0,0]","[0,0,1,1,1,1]",0,1,1,5,away_win,away,0,86
5813,3,"{""series"":[""solutions/game_3/series/home_wins_0/rest-111011/top"",""solutions/game_3/series/home_wins_0/rest-110011/bot""],""single"":[""solutions/game_3/single/rest-111011/top"",""solutions/game_3/single/rest-110011/bot""]}","[1,1,1,0,1,1]","[1,1,0,0,1,1]",0,2,7,4,home_win,home,0,87
5813,4,"{""series"":[""solutions/game_4/series/home_wins_1/rest-011101/top"",""solutions/game_4/series/home_wins_1/rest-111100/bot""],""single"":[""solutions/game_4/single/rest-011101/top"",""solutions/game_4/single/rest-111100/bot""]}","[0,1,1,1,0,1]","[1,1,1,1,0,0]",1,2,2,10,away_win,away,0,53
5813,5,"{""series"":[""solutions/game_5/single/rest-010111/top"",""solutions/game_5/single/rest-111111/bot""],""single"":[""solutions/game_5/single/rest-010111/top"",""solutions/game_5/single/rest-111111/bot""]}","[0,1,0,1,1,1]","[1,1,1,1,1,1]",1,3,1,8,away_win,away,1,84
5814,1,"{""series"":[""solutions/game_1/series/rest-111111/top"",""solutions/game_1/series/rest-111111/bot""],""single"":[""solutions/game_1/single/rest-111111/top"",""solutions/game_1/single/rest-111111/bot""]}","[1,1,1,1,1,1]","[1,1,1,1,1,1]",0,0,4,5,away_win,away,0,87
5814,2,"{""series"":[""solutions/game_2/series/home_wins_0/rest-111001/top"",""solutions/game_2/series/home_wins_0/rest-001000/bot""],""single"":[""solutions/game_2/single/rest-111001/top"",""solutions/game_2/single/rest-001000/bot""]}","[1,1,1,0,0,1]","[0,0,1,0,0,0]",0,1,9,4,home_win,home,0,85
5814,3,"{""series"":[""solutions/game_3/series/home_wins_1/rest-011110/top"",""solutions/game_3/series/home_wins_1/rest-111111/bot""],""single"":[""solutions/game_3/single/rest-011110/top"",""solutions/game_3/single/rest-111111/bot""]}","[0,1,1,1,1,0]","[1,1,1,1,1,1]",1,1,1,0,home_win,home,0,68
5814,4,"{""series"":[""solutions/game_4/series/home_wins_2/rest-111001/top"",""solutions/game_4/series/home_wins_2/rest-111110/bot""],""single"":[""solutions/game_4/single/rest-111001/top"",""solutions/game_4/single/rest-111110/bot""]}","[1,1,1,0,0,1]","[1,1,1,1,1,0]",2,1,2,8,away_win,away,0,79
5814,5,"{""series"":[""solutions/game_5/single/rest-111110/top"",""solutions/game_5/single/rest-111110/bot""],""single"":[""solutions/game_5/single/rest-111110/top"",""solutions/game_5/single/rest-111110/bot""]}","[1,1,1,1,1,0]","[1,1,1,1,1,0]",2,2,8,0,home_win,home,0,16
5815,1,"{""series"":[""solutions/game_1/series/rest-111111/top"",""solutions/game_1/series/rest-111111/bot""],""single"":[""solutions/game_1/single/rest-111111/top"",""solutions/game_1/single/rest-111111/bot""]}","[1,1,1,1,1,1]","[1,1,1,1,1,1]",0,0,2,2,tie,home,0,89
5815,2,"{""series"":[""solutions/game_2/series/home_wins_1/rest-111011/top"",""solutions/game_2/series/home_wins_1/rest-000001/bot""],""single"":[""solutions/game_2/single/rest-111011/top"",""solutions/game_2/single/rest-000001/bot""]}","[1,1,1,0,1,1]","[0,0,0,0,0,1]",1,0,5,3,home_win,home,0,82
5815,3,"{""series"":[""solutions/game_3/series/home_wins_2/rest-011101/top"",""solutions/game_3/series/home_wins_2/rest-111100/bot""],""single"":[""solutions/game_3/single/rest-011101/top"",""solutions/game_3/single/rest-111100/bot""]}","[0,1,1,1,0,1]","[1,1,1,1,0,0]",2,0,4,2,home_win,home,0,65
5815,4,"{""series"":[""solutions/game_4/single/rest-110011/top"",""solutions/game_4/single/rest-111111/bot""],""single"":[""solutions/game_4/single/rest-110011/top"",""solutions/game_4/single/rest-111111/bot""]}","[1,1,0,0,1,1]","[1,1,1,1,1,1]",3,0,0,10,away_win,away,1,48
5815,5,"{""series"":[""solutions/game_5/single/rest-011111/top"",""solutions/game_5/single/rest-111111/bot""],""single"":[""solutions/game_5/single/rest-011111/top"",""solutions/game_5/single/rest-111111/bot""]}","[0,1,1,1,1,1]","[1,1,1,1,1,1]",3,1,1,9,away_win,away,1,45
5816,1,"{""series"":[""solutions/game_1/series/rest-111111/top"",""solutions/game_1/series/rest-111111/bot""],""single"":[""solutions/game_1/single/rest-111111/top"",""solutions/game_1/single/rest-111111/bot""]}","[1,1,1,1,1,1]","[1,1,1,1,1,1]",0,0,1,3,away_win,away,0,76
5816,2,"{""series"":[""solutions/game_2/series/home_wins_0/rest-111001/top"",""solutions/game_2/series/home_wins_0/rest-001010/bot""],""single"":[""solutions/game_2/single/rest-111001/top"",""solutions/game_2/single/rest-001010/bot""]}","[1,1,1,0,0,1]","[0,0,1,0,1,0]",0,1,5,3,home_win,home,0,81
5816,3,"{""series"":[""solutions/game_3/series/home_wins_1/rest-110111/top"",""solutions/game_3/series/home_wins_1/rest-111111/bot""],""single"":[""solutions/game_3/single/rest-110111/top"",""solutions/game_3/single/rest-111111/bot""]}","[1,1,0,1,1,1]","[1,1,1,1,1,1]",1,1,6,15,away_win,away,0,69
5816,4,"{""series"":[""solutions/game_4/series/home_wins_1/rest-110101/top"",""solutions/game_4/series/home_wins_1/rest-111101/bot""],""single"":[""solutions/game_4/single/rest-110101/top"",""solutions/game_4/single/rest-111101/bot""]}","[1,1,0,1,0,1]","[1,1,1,1,0,1]",1,2,3,7,away_win,away,0,83
5816,5,"{""series"":[""solutions/game_5/single/rest-111011/top"",""solutions/game_5/single/rest-001011/bot""],""single"":[""solutions/game_5/single/rest-111011/top"",""solutions/game_5/single/rest-001011/bot""]}","[1,1,1,0,1,1]","[0,0,1,0,1,1]",1,3,0,8,away_win,away,1,15
5817,1,"{""series"":[""solutions/game_1/series/rest-111111/top"",""solutions/game_1/series/rest-111111/bot""],""single"":[""solutions/game_1/single/rest-111111/top"",""solutions/game_1/single/rest-111111/bot""]}","[1,1,1,1,1,1]","[1,1,1,1,1,1]",0,0,2,0,home_win,home,0,63
5817,2,"{""series"":[""solutions/game_2/series/home_wins_1/rest-111011/top"",""solutions/game_2/series/home_wins_1/rest-001011/bot""],""single"":[""solutions/game_2/single/rest-111011/top"",""solutions/game_2/single/rest-001011/bot""]}","[1,1,1,0,1,1]","[0,0,1,0,1,1]",1,0,0,8,away_win,away,0,37
5817,3,"{""series"":[""solutions/game_3/series/home_wins_1/rest-111111/top"",""solutions/game_3/series/home_wins_1/rest-111111/bot""],""single"":[""solutions/game_3/single/rest-111111/top"",""solutions/game_3/single/rest-111111/bot""]}","[1,1,1,1,1,1]","[1,1,1,1,1,1]",1,1,5,3,home_win,home,0,76
5817,4,"{""series"":[""solutions/game_4/series/home_wins_2/rest-111001/top"",""solutions/game_4/series/home_wins_2/rest-101011/bot""],""single"":[""solutions/game_4/single/rest-111001/top"",""solutions/game_4/single/rest-101011/bot""]}","[1,1,1,0,0,1]","[1,0,1,0,1,1]",2,1,3,5,away_win,away,0,84
5817,5,"{""series"":[""solutions/game_5/single/rest-011110/top"",""solutions/game_5/single/rest-011110/bot""],""single"":[""solutions/game_5/single/rest-011110/top"",""solutions/game_5/single/rest-011110/bot""]}","[0,1,1,1,1,0]","[0,1,1,1,1,0]",2,2,8,6,home_win,home,0,89
5818,1,"{""series"":[""solutions/game_1/series/rest-111111/top"",""solutions/game_1/series/rest-111111/bot""],""single"":[""solutions/game_1/single/rest-111111/top"",""solutions/game_1/single/rest-111111/bot""]}","[1,1,1,1,1,1]","[1,1,1,1,1,1]",0,0,3,2,home_win,home,0,72
5818,2,"{""series"":[""solutions/game_2/series/home_wins_1/rest-011101/top"",""solutions/game_2/series/home_wins_1/rest-001011/bot""],""single"":[""solutions/game_2/single/rest-011101/top"",""solutions/game_2/single/rest-001011/bot""]}","[0,1,1,1,0,1]","[0,0,1,0,1,1]",1,0,0,8,away_win,away,0,70
5818,3,"{""series"":[""solutions/game_3/series/home_wins_1/rest-111110/top"",""solutions/game_3/series/home_wins_1/rest-111101/bot""],""single"":[""solutions/game_3/single/rest-111110/top"",""solutions/game_3/single/rest-111101/bot""]}","[1,1,1,1,1,0]","[1,1,1,1,0,1]",1,1,1,9,away_win,away,0,78
5818,4,"{""series"":[""solutions/game_4/series/home_wins_1/rest-101111/top"",""solutions/game_4/series/home_wins_1/rest-111111/bot""],""single"":[""solutions/game_4/single/rest-101111/top"",""solutions/game_4/single/rest-111111/bot""]}","[1,0,1,1,1,1]","[1,1,1,1,1,1]",1,2,4,8,away_win,away,0,84
5818,5,"{""series"":[""solutions/game_5/single/rest-010011/top"",""solutions/game_5/single/rest-011010/bot""],""single"":[""solutions/game_5/single/rest-010011/top"",""solutions/game_5/single/rest-011010/bot""]}","[0,1,0,0,1,1]","[0,1,1,0,1,0]",1,3,5,11,away_win,away,1,92
5819,1,"{""series"":[""solutions/game_1/series/rest-111111/top"",""solutions/game_1/series/rest-111111/bot""],""single"":[""solutions/game_1/single/rest-111111/top"",""solutions/game_1/single/rest-111111/bot""]}","[1,1,1,1,1,1]","[1,1,1,1,1,1]",0,0,7,6,home_win,home,0,98
5819,2,"{""series"":[""solutions/game_2/series/home_wins_1/rest-010001/top"",""solutions/game_2/series/home_wins_1/rest-101011/bot""],""single"":[""solutions/game_2/single/rest-010001/top"",""solutions/game_2/single/rest-101011/bot""]}","[0,1,0,0,0,1]","[1,0,1,0,1,1]",1,0,4,12,away_win,away,0,85
5819,3,"{""series"":[""solutions/game_3/series/home_wins_1/rest-111111/top"",""solutions/game_3/series/home_wins_1/rest-010111/bot""],""single"":[""solutions/game_3/single/rest-111111/top"",""solutions/game_3/single/rest-010111/bot""]}","[1,1,1,1,1,1]","[0,1,0,1,1,1]",1,1,6,2,home_win,home,0,80
5819,4,"{""series"":[""solutions/game_4/series/home_wins_2/rest-101111/top"",""solutions/game_4/series/home_wins_2/rest-101010/bot""],""single"":[""solutions/game_4/single/rest-101111/top"",""solutions/game_4/single/rest-101010/bot""]}","[1,0,1,1,1,1]","[1,0,1,0,1,0]",2,1,8,7,home_win,home,0,86
5819,5,"{""series"":[""solutions/game_5/single/rest-110001/top"",""solutions/game_5/single/rest-110101/bot""],""single"":[""solutions/game_5/single/rest-110001/top"",""solutions/game_5/single/rest-110101/bot""]}","[1,1,0,0,0,1]","[1,1,0,1,0,1]",3,1,2,5,away_win,away,1,80
5820,1,"{""series"":[""solutions/game_1/series/rest-111111/top"",""solutions/game_1/series/rest-111111/bot""],""single"":[""solutions/game_1/single/rest-111111/top"",""solutions/game_1/single/rest-111111/bot""]}","[1,1,1,1,1,1]","[1,1,1,1,1,1]",0,0,5,4,home_win,home,0,83
5820,2,"{""series"":[""solutions/game_2/series/home_wins_1/rest-110111/top"",""solutions/game_2/series/home_wins_1/rest-001011/bot""],""single"":[""solutions/game_2/single/rest-110111/top"",""solutions/game_2/single/rest-001011/bot""]}","[1,1,0,1,1,1]","[0,0,1,0,1,1]",1,0,16,8,home_win,home,0,92
5820,3,"{""series"":[""solutions/game_3/series/home_wins_2/rest-111110/top"",""solutions/game_3/series/home_wins_2/rest-111110/bot""],""single"":[""solutions/game_3/single/rest-111110/top"",""solutions/game_3/single/rest-111110/bot""]}","[1,1,1,1,1,0]","[1,1,1,1,1,0]",2,0,6,4,home_win,home,0,89
5820,4,"{""series"":[""solutions/game_4/single/rest-111111/top"",""solutions/game_4/single/rest-011000/bot""],""single"":[""solutions/game_4/single/rest-111111/top"",""solutions/game_4/single/rest-011000/bot""]}","[1,1,1,1,1,1]","[0,1,1,0,0,0]",3,0,4,7,away_win,away,1,83
5820,5,"{""series"":[""solutions/game_5/single/rest-110001/top"",""solutions/game_5/single/rest-101111/bot""],""single"":[""solutions/game_5/single/rest-110001/top"",""solutions/game_5/single/rest-101111/bot""]}","[1,1,0,0,0,1]","[1,0,1,1,1,1]",3,1,1,2,away_win,away,1,73
5821,1,"{""series"":[""solutions/game_1/series/rest-111111/top"",""solutions/game_1/series/rest-111111/bot""],""single"":[""solutions/game_1/single/rest-111111/top"",""solutions/game_1/single/rest-111111/bot""]}","[1,1,1,1,1,1]","[1,1,1,1,1,1]",0,0,4,5,away_win,away,0,87
5821,2,"{""series"":[""solutions/game_2/series/home_wins_0/rest-111001/top"",""solutions/game_2/series/home_wins_0/rest-001011/bot""],""single"":[""solutions/game_2/single/rest-111001/top"",""solutions/game_2/single/rest-001011/bot""]}","[1,1,1,0,0,1]","[0,0,1,0,1,1]",0,1,2,4,away_win,away,0,77
5821,3,"{""series"":[""solutions/game_3/series/home_wins_0/rest-110111/top"",""solutions/game_3/series/home_wins_0/rest-101001/bot""],""single"":[""solutions/game_3/single/rest-110111/top"",""solutions/game_3/single/rest-101001/bot""]}","[1,1,0,1,1,1]","[1,0,1,0,0,1]",0,2,3,0,home_win,home,0,71
5821,4,"{""series"":[""solutions/game_4/series/home_wins_1/rest-111011/top"",""solutions/game_4/series/home_wins_1/rest-011100/bot""],""single"":[""solutions/game_4/single/rest-111011/top"",""solutions/game_4/single/rest-011100/bot""]}","[1,1,1,0,1,1]","[0,1,1,1,0,0]",1,2,4,1,home_win,home,0,69
5821,5,"{""series"":[""solutions/game_5/single/rest-111110/top"",""solutions/game_5/single/rest-101011/bot""],""single"":[""solutions/game_5/single/rest-111110/top"",""solutions/game_5/single/rest-101011/bot""]}","[1,1,1,1,1,0]","[1,0,1,0,1,1]",2,2,9,9,tie,home,0,99
5822,1,"{""series"":[""solutions/game_1/series/rest-111111/top"",""solutions/game_1/series/rest-111111/bot""],""single"":[""solutions/game_1/single/rest-111111/top"",""solutions/game_1/single/rest-111111/bot""]}","[1,1,1,1,1,1]","[1,1,1,1,1,1]",0,0,4,1,home_win,home,0,78
5822,2,"{""series"":[""solutions/game_2/series/home_wins_1/rest-110011/top"",""solutions/game_2/series/home_wins_1/rest-101010/bot""],""single"":[""solutions/game_2/single/rest-110011/top"",""solutions/game_2/single/rest-101010/bot""]}","[1,1,0,0,1,1]","[1,0,1,0,1,0]",1,0,5,6,away_win,away,0,84
5822,3,"{""series"":[""solutions/game_3/series/home_wins_1/rest-111101/top"",""solutions/game_3/series/home_wins_1/rest-010101/bot""],""single"":[""solutions/game_3/single/rest-111101/top"",""solutions/game_3/single/rest-010101/bot""]}","[1,1,1,1,0,1]","[0,1,0,1,0,1]",1,1,2,8,away_win,away,0,86
5822,4,"{""series"":[""solutions/game_4/series/home_wins_1/rest-100111/top"",""solutions/game_4/series/home_wins_1/rest-111110/bot""],""single"":[""solutions/game_4/single/rest-100111/top"",""solutions/game_4/single/rest-111110/bot""]}","[1,0,0,1,1,1]","[1,1,1,1,1,0]",1,2,0,5,away_win,away,0,81
5822,5,"{""series"":[""solutions/game_5/single/rest-111010/top"",""solutions/game_5/single/rest-001011/bot""],""single"":[""solutions/game_5/single/rest-111010/top"",""solutions/game_5/single/rest-001011/bot""]}","[1,1,1,0,1,0]","[0,0,1,0,1,1]",1,3,14,7,home_win,home,1,89
5823,1,"{""series"":[""solutions/game_1/series/rest-111111/top"",""solutions/game_1/series/rest-111111/bot""],""single"":[""solutions/game_1/single/rest-111111/top"",""solutions/game_1/single/rest-111111/bot""]}","[1,1,1,1,1,1]","[1,1,1,1,1,1]",0,0,2,8,away_win,away,0,90
5823,2,"{""series"":[""solutions/game_2/series/home_wins_0/rest-111111/top"",""solutions/game_2/series/home_wins_0/rest-001100/bot""],""single"":[""solutions/game_2/single/rest-111111/top"",""solutions/game_2/single/rest-001100/bot""]}","[1,1,1,1,1,1]","[0,0,1,1,0,0]",0,1,12,6,home_win,home,0,95
5823,3,"{""series"":[""solutions/game_3/series/home_wins_1/rest-011001/top"",""solutions/game_3/series/home_wins_1/rest-100011/bot""],""single"":[""solutions/game_3/single/rest-011001/top"",""solutions/game_3/single/rest-100011/bot""]}","[0,1,1,0,0,1]","[1,0,0,0,1,1]",1,1,3,1,home_win,home,0,71
5823,4,"{""series"":[""solutions/game_4/series/home_wins_2/rest-111010/top"",""solutions/game_4/series/home_wins_2/rest-011110/bot""],""single"":[""solutions/game_4/single/rest-111010/top"",""solutions/game_4/single/rest-011110/bot""]}","[1,1,1,0,1,0]","[0,1,1,1,1,0]",2,1,0,5,away_win,away,0,78
5823,5,"{""series"":[""solutions/game_5/single/rest-100101/top"",""solutions/game_5/single/rest-001001/bot""],""single"":[""solutions/game_5/single/rest-100101/top"",""solutions/game_5/single/rest-001001/bot""]}","[1,0,0,1,0,1]","[0,0,1,0,0,1]",2,2,3,1,home_win,home,0,74
5824,1,"{""series"":[""solutions/game_1/series/rest-111111/top"",""solutions/game_1/series/rest-111111/bot""],""single"":[""solutions/game_1/single/rest-111111/top"",""solutions/game_1/single/rest-111111/bot""]}","[1,1,1,1,1,1]","[1,1,1,1,1,1]",0,0,5,0,home_win,home,0,78
5824,2,"{""series"":[""solutions/game_2/series/home_wins_1/rest-101101/top"",""solutions/game_2/series/home_wins_1/rest-001011/bot""],""single"":[""solutions/game_2/single/rest-101101/top"",""solutions/game_2/single/rest-001011/bot""]}","[1,0,1,1,0,1]","[0,0,1,0,1,1]",1,0,1,4,away_win,away,0,83
5824,3,"{""series"":[""solutions/game_3/series/home_wins_1/rest-010010/top"",""solutions/game_3/series/home_wins_1/rest-110100/bot""],""single"":[""solutions/game_3/single/rest-010010/top"",""solutions/game_3/single/rest-110100/bot""]}","[0,1,0,0,1,0]","[1,1,0,1,0,0]",1,1,11,10,home_win,home,0,99
5824,4,"{""series"":[""solutions/game_4/series/home_wins_2/rest-101101/top"",""solutions/game_4/series/home_wins_2/rest-101011/bot""],""single"":[""solutions/game_4/single/rest-101101/top"",""solutions/game_4/single/rest-101011/bot""]}","[1,0,1,1,0,1]","[1,0,1,0,1,1]",2,1,3,2,home_win,home,0,71
5824,5,"{""series"":[""solutions/game_5/single/rest-110101/top"",""solutions/game_5/single/rest-110010/bot""],""single"":[""solutions/game_5/single/rest-110101/top"",""solutions/game_5/single/rest-110010/bot""]}","[1,1,0,1,0,1]","[1,1,0,0,1,0]",3,1,6,6,tie,home,1,85
5825,1,"{""series"":[""solutions/game_1/series/rest-111111/top"",""solutions/game_1/series/rest-111111/bot""],""single"":[""solutions/game_1/single/rest-111111/top"",""solutions/game_1/single/rest-111111/bot""]}","[1,1,1,1,1,1]","[1,1,1,1,1,1]",0,0,3,2,home_win,home,0,70
5825,2,"{""series"":[""solutions/game_2/series/home_wins_1/rest-110111/top"",""solutions/game_2/series/home_wins_1/rest-111110/bot""],""single"":[""solutions/game_2/single/rest-110111/top"",""solutions/game_2/single/rest-111110/bot""]}","[1,1,0,1,1,1]","[1,1,1,1,1,0]",1,0,8,9,away_win,away,0,98
5825,3,"{""series"":[""solutions/game_3/series/home_wins_1/rest-101011/top"",""solutions/game_3/series/home_wins_1/rest-000110/bot""],""single"":[""solutions/game_3/single/rest-101011/top"",""solutions/game_3/single/rest-000110/bot""]}","[1,0,1,0,1,1]","[0,0,0,1,1,0]",1,1,2,8,away_win,away,0,87
5825,4,"{""series"":[""solutions/game_4/series/home_wins_1/rest-011110/top"",""solutions/game_4/series/home_wins_1/rest-111001/bot""],""single"":[""solutions/game_4/single/rest-011110/top"",""solutions/game_4/single/rest-111001/bot""]}","[0,1,1,1,1,0]","[1,1,1,0,0,1]",1,2,2,2,tie,home,0,85
5825,5,"{""series"":[""solutions/game_5/single/rest-111111/top"",""solutions/game_5/single/rest-000111/bot""],""single"":[""solutions/game_5/single/rest-111111/top"",""solutions/game_5/single/rest-000111/bot""]}","[1,1,1,1,1,1]","[0,0,0,1,1,1]",2,2,5,0,home_win,home,0,80
5826,1,"{""series"":[""solutions/game_1/series/rest-111111/top"",""solutions/game_1/series/rest-111111/bot""],""single"":[""solutions/game_1/single/rest-111111/top"",""solutions/game_1/single/rest-111111/bot""]}","[1,1,1,1,1,1]","[1,1,1,1,1,1]",0,0,7,2,home_win,home,0,73
5826,2,"{""series"":[""solutions/game_2/series/home_wins_1/rest-111001/top"",""solutions/game_2/series/home_wins_1/rest-001110/bot""],""single"":[""solutions/game_2/single/rest-111001/top"",""solutions/game_2/single/rest-001110/bot""]}","[1,1,1,0,0,1]","[0,0,1,1,1,0]",1,0,3,2,home_win,home,0,84
5826,3,"{""series"":[""solutions/game_3/series/home_wins_2/rest-001110/top"",""solutions/game_3/series/home_wins_2/rest-111111/bot""],""single"":[""solutions/game_3/single/rest-001110/top"",""solutions/game_3/single/rest-111111/bot""]}","[0,0,1,1,1,0]","[1,1,1,1,1,1]",2,0,0,8,away_win,away,0,44
5826,4,"{""series"":[""solutions/game_4/series/home_wins_2/rest-111111/top"",""solutions/game_4/series/home_wins_2/rest-111111/bot""],""single"":[""solutions/game_4/single/rest-111111/top"",""solutions/game_4/single/rest-111111/bot""]}","[1,1,1,1,1,1]","[1,1,1,1,1,1]",2,1,7,4,home_win,home,0,72
5826,5,"{""series"":[""solutions/game_5/single/rest-110001/top"",""solutions/game_5/single/rest-001110/bot""],""single"":[""solutions/game_5/single/rest-110001/top"",""solutions/game_5/single/rest-001110/bot""]}","[1,1,0,0,0,1]","[0,0,1,1,1,0]",3,1,2,4,away_win,away,1,78
5827,1,"{""series"":[""solutions/game_1/series/rest-111111/top"",""solutions/game_1/series/rest-111111/bot""],""single"":[""solutions/game_1/single/rest-111111/top"",""solutions/game_1/single/rest-111111/bot""]}","[1,1,1,1,1,1]","[1,1,1,1,1,1]",0,0,4,3,home_win,home,0,73
5827,2,"{""series"":[""solutions/game_2/series/home_wins_1/rest-010011/top"",""solutions/game_2/series/home_wins_1/rest-101011/bot""],""single"":[""solutions/game_2/single/rest-010011/top"",""solutions/game_2/single/rest-101011/bot""]}","[0,1,0,0,1,1]","[1,0,1,0,1,1]",1,0,2,10,away_win,away,0,81
5827,3,"{""series"":[""solutions/game_3/series/home_wins_1/rest-111000/top"",""solutions/game_3/series/home_wins_1/rest-011101/bot""],""single"":[""solutions/game_3/single/rest-111000/top"",""solutions/game_3/single/rest-011101/bot""]}","[1,1,1,0,0,0]","[0,1,1,1,0,1]",1,1,7,5,home_win,home,0,79
5827,4,"{""series"":[""solutions/game_4/series/home_wins_2/rest-000010/top"",""solutions/game_4/series/home_wins_2/rest-101011/bot""],""single"":[""solutions/game_4/single/rest-000010/top"",""solutions/game_4/single/rest-101011/bot""]}","[0,0,0,0,1,0]","[1,0,1,0,1,1]",2,1,4,7,away_win,away,0,91
5827,5,"{""series"":[""solutions/game_5/single/rest-111001/top"",""solutions/game_5/single/rest-110110/bot""],""single"":[""solutions/game_5/single/rest-111001/top"",""solutions/game_5/single/rest-110110/bot""]}","[1,1,1,0,0,1]","[1,1,0,1,1,0]",2,2,3,8,away_win,away,0,87
5828,1,"{""series"":[""solutions/game_1/series/rest-111111/top"",""solutions/game_1/series/rest-111111/bot""],""single"":[""solutions/game_1/single/rest-111111/top"",""solutions/game_1/single/rest-111111/bot""]}","[1,1,1,1,1,1]","[1,1,1,1,1,1]",0,0,8,4,home_win,home,0,78
5828,2,"{""series"":[""solutions/game_2/series/home_wins_1/rest-111011/top"",""solutions/game_2/series/home_wins_1/rest-011011/bot""],""single"":[""solutions/game_2/single/rest-111011/top"",""solutions/game_2/single/rest-011011/bot""]}","[1,1,1,0,1,1]","[0,1,1,0,1,1]",1,0,7,5,home_win,home,0,92
5828,3,"{""series"":[""solutions/game_3/series/home_wins_2/rest-001101/top"",""solutions/game_3/series/home_wins_2/rest-101110/bot""],""single"":[""solutions/game_3/single/rest-001101/top"",""solutions/game_3/single/rest-101110/bot""]}","[0,0,1,1,0,1]","[1,0,1,1,1,0]",2,0,6,5,home_win,home,0,86
5828,4,"{""series"":[""solutions/game_4/single/rest-110110/top"",""solutions/game_4/single/rest-010101/bot""],""single"":[""solutions/game_4/single/rest-110110/top"",""solutions/game_4/single/rest-010101/bot""]}","[1,1,0,1,1,0]","[0,1,0,1,0,1]",3,0,2,3,away_win,away,1,87
5828,5,"{""series"":[""solutions/game_5/single/rest-000101/top"",""solutions/game_5/single/rest-111011/bot""],""single"":[""solutions/game_5/single/rest-000101/top"",""solutions/game_5/single/rest-111011/bot""]}","[0,0,0,1,0,1]","[1,1,1,0,1,1]",3,1,0,8,away_win,away,1,49
5829,1,"{""series"":[""solutions/game_1/series/rest-111111/top"",""solutions/game_1/series/rest-111111/bot""],""single"":[""solutions/game_1/single/rest-111111/top"",""solutions/game_1/single/rest-111111/bot""]}","[1,1,1,1,1,1]","[1,1,1,1,1,1]",0,0,1,9,away_win,away,0,71
5829,2,"{""series"":[""solutions/game_2/series/home_wins_0/rest-111111/top"",""solutions/game_2/series/home_wins_0/rest-101011/bot""],""single"":[""solutions/game_2/single/rest-111111/top"",""solutions/game_2/single/rest-101011/bot""]}","[1,1,1,1,1,1]","[1,0,1,0,1,1]",0,1,5,3,home_win,home,0,74
5829,3,"{""series"":[""solutions/game_3/series/home_wins_1/rest-111011/top"",""solutions/game_3/series/home_wins_1/rest-011110/bot""],""single"":[""solutions/game_3/single/rest-111011/top"",""solutions/game_3/single/rest-011110/bot""]}","[1,1,1,0,1,1]","[0,1,1,1,1,0]",1,1,6,4,home_win,home,0,83
5829,4,"{""series"":[""solutions/game_4/series/home_wins_2/rest-010101/top"",""solutions/game_4/series/home_wins_2/rest-101101/bot""],""single"":[""solutions/game_4/single/rest-010101/top"",""solutions/game_4/single/rest-101101/bot""]}","[0,1,0,1,0,1]","[1,0,1,1,0,1]",2,1,8,6,home_win,home,0,94
5829,5,"{""series"":[""solutions/game_5/single/rest-100010/top"",""solutions/game_5/single/rest-010010/bot""],""single"":[""solutions/game_5/single/rest-100010/top"",""solutions/game_5/single/rest-010010/bot""]}","[1,0,0,0,1,0]","[0,1,0,0,1,0]",3,1,0,4,away_win,away,1,78
5830,1,"{""series"":[""solutions/game_1/series/rest-111111/top"",""solutions/game_1/series/rest-111111/bot""],""single"":[""solutions/game_1/single/rest-111111/top"",""solutions/game_1/single/rest-111111/bot""]}","[1,1,1,1,1,1]","[1,1,1,1,1,1]",0,0,3,8,away_win,away,0,89
5830,2,"{""series"":[""solutions/game_2/series/home_wins_0/rest-111110/top"",""solutions/game_2/series/home_wins_0/rest-001110/bot""],""single"":[""solutions/game_2/single/rest-111110/top"",""solutions/game_2/single/rest-001110/bot""]}","[1,1,1,1,1,0]","[0,0,1,1,1,0]",0,1,0,1,away_win,away,0,74
5830,3,"{""series"":[""solutions/game_3/series/home_wins_0/rest-010011/top"",""solutions/game_3/series/home_wins_0/rest-110111/bot""],""single"":[""solutions/game_3/single/rest-010011/top"",""solutions/game_3/single/rest-110111/bot""]}","[0,1,0,0,1,1]","[1,1,0,1,1,1]",0,2,2,4,away_win,away,0,77
5830,4,"{""series"":[""solutions/game_4/single/rest-101100/top"",""solutions/game_4/single/rest-101010/bot""],""single"":[""solutions/game_4/single/rest-101100/top"",""solutions/game_4/single/rest-101010/bot""]}","[1,0,1,1,0,0]","[1,0,1,0,1,0]",0,3,4,3,home_win,home,1,73
5830,5,"{""series"":[""solutions/game_5/single/rest-100111/top"",""solutions/game_5/single/rest-111001/bot""],""single"":[""solutions/game_5/single/rest-100111/top"",""solutions/game_5/single/rest-111001/bot""]}","[1,0,0,1,1,1]","[1,1,1,0,0,1]",1,3,9,7,home_win,home,1,82
5831,1,"{""series"":[""solutions/game_1/series/rest-111111/top"",""solutions/game_1/series/rest-111111/bot""],""single"":[""solutions/game_1/single/rest-111111/top"",""solutions/game_1/single/rest-111111/bot""]}","[1,1,1,1,1,1]","[1,1,1,1,1,1]",0,0,4,6,away_win,away,0,87
5831,2,"{""series"":[""solutions/game_2/series/home_wins_0/rest-111001/top"",""solutions/game_2/series/home_wins_0/rest-111110/bot""],""single"":[""solutions/game_2/single/rest-111001/top"",""solutions/game_2/single/rest-111110/bot""]}","[1,1,1,0,0,1]","[1,1,1,1,1,0]",0,1,4,3,home_win,home,0,81
5831,3,"{""series"":[""solutions/game_3/series/home_wins_1/rest-010111/top"",""solutions/game_3/series/home_wins_1/rest-000010/bot""],""single"":[""solutions/game_3/single/rest-010111/top"",""solutions/game_3/single/rest-000010/bot""]}","[0,1,0,1,1,1]","[0,0,0,0,1,0]",1,1,12,10,home_win,home,0,102
5831,4,"{""series"":[""solutions/game_4/series/home_wins_2/rest-101101/top"",""solutions/game_4/series/home_wins_2/rest-111110/bot""],""single"":[""solutions/game_4/single/rest-101101/top"",""solutions/game_4/single/rest-111110/bot""]}","[1,0,1,1,0,1]","[1,1,1,1,1,0]",2,1,1,4,away_win,away,0,85
5831,5,"{""series"":[""solutions/game_5/single/rest-110110/top"",""solutions/game_5/single/rest-000011/bot""],""single"":[""solutions/game_5/single/rest-110110/top"",""solutions/game_5/single/rest-000011/bot""]}","[1,1,0,1,1,0]","[0,0,0,0,1,1]",2,2,10,7,home_win,home,0,92
5832,1,"{""series"":[""solutions/game_1/series/rest-111111/top"",""solutions/game_1/series/rest-111111/bot""],""single"":[""solutions/game_1/single/rest-111111/top"",""solutions/game_1/single/rest-111111/bot""]}","[1,1,1,1,1,1]","[1,1,1,1,1,1]",0,0,5,0,home_win,home,0,74
5832,2,"{""series"":[""solutions/game_2/series/home_wins_1/rest-111100/top"",""solutions/game_2/series/home_wins_1/rest-001111/bot""],""single"":[""solutions/game_2/single/rest-111100/top"",""solutions/game_2/single/rest-001111/bot""]}","[1,1,1,1,0,0]","[0,0,1,1,1,1]",1,0,0,8,away_win,away,0,10
5832,3,"{""series"":[""solutions/game_3/series/home_wins_1/rest-111111/top"",""solutions/game_3/series/home_wins_1/rest-111111/bot""],""single"":[""solutions/game_3/single/rest-111111/top"",""solutions/game_3/single/rest-111111/bot""]}","[1,1,1,1,1,1]","[1,1,1,1,1,1]",1,1,2,0,home_win,home,0,71
5832,4,"{""series"":[""solutions/game_4/series/home_wins_2/rest-110011/top"",""solutions/game_4/series/home_wins_2/rest-001011/bot""],""single"":[""solutions/game_4/single/rest-110011/top"",""solutions/game_4/single/rest-001011/bot""]}","[1,1,0,0,1,1]","[0,0,1,0,1,1]",2,1,10,7,home_win,home,0,88
5832,5,"{""series"":[""solutions/game_5/single/rest-011101/top"",""solutions/game_5/single/rest-001100/bot""],""single"":[""solutions/game_5/single/rest-011101/top"",""solutions/game_5/single/rest-001100/bot""]}","[0,1,1,1,0,1]","[0,0,1,1,0,0]",3,1,6,8,away_win,away,1,99
5833,1,"{""series"":[""solutions/game_1/series/rest-111111/top"",""solutions/game_1/series/rest-111111/bot""],""single"":[""solutions/game_1/single/rest-111111/top"",""solutions/game_1/single/rest-111111/bot""]}","[1,1,1,1,1,1]","[1,1,1,1,1,1]",0,0,6,2,home_win,home,0,75
5833,2,"{""series"":[""solutions/game_2/series/home_wins_1/rest-111100/top"",""solutions/game_2/series/home_wins_1/rest-001010/bot""],""single"":[""solutions/game_2/single/rest-111100/top"",""solutions/game_2/single/rest-001010/bot""]}","[1,1,1,1,0,0]","[0,0,1,0,1,0]",1,0,5,0,home_win,home,0,78
5833,3,"{""series"":[""solutions/game_3/series/home_wins_2/rest-101001/top"",""solutions/game_3/series/home_wins_2/rest-111111/bot""],""single"":[""solutions/game_3/single/rest-101001/top"",""solutions/game_3/single/rest-111111/bot""]}","[1,0,1,0,0,1]","[1,1,1,1,1,1]",2,0,3,5,away_win,away,0,82
5833,4,"{""series"":[""solutions/game_4/series/home_wins_2/rest-111100/top"",""solutions/game_4/series/home_wins_2/rest-001010/bot""],""single"":[""solutions/game_4/single/rest-111100/top"",""solutions/game_4/single/rest-001010/bot""]}","[1,1,1,1,0,0]","[0,0,1,0,1,0]",2,1,9,1,home_win,home,0,68
5833,5,"{""series"":[""solutions/game_5/single/rest-111111/top"",""solutions/game_5/single/rest-101101/bot""],""single"":[""solutions/game_5/single/rest-111111/top"",""solutions/game_5/single/rest-101101/bot""]}","[1,1,1,1,1,1]","[1,0,1,1,0,1]",3,1,8,7,home_win,home,1,109
5834,1,"{""series"":[""solutions/game_1/series/rest-111111/top"",""solutions/game_1/series/rest-111111/bot""],""single"":[""solutions/game_1/single/rest-111111/top"",""solutions/game_1/single/rest-111111/bot""]}","[1,1,1,1,1,1]","[1,1,1,1,1,1]",0,0,3,1,home_win,home,0,68
5834,2,"{""series"":[""solutions/game_2/series/home_wins_1/rest-110011/top"",""solutions/game_2/series/home_wins_1/rest-001110/bot""],""single"":[""solutions/game_2/single/rest-110011/top"",""solutions/game_2/single/rest-001110/bot""]}","[1,1,0,0,1,1]","[0,0,1,1,1,0]",1,0,6,5,home_win,home,0,83
5834,3,"{""series"":[""solutions/game_3/series/home_wins_2/rest-001000/top"",""solutions/game_3/series/home_wins_2/rest-111001/bot""],""single"":[""solutions/game_3/single/rest-001000/top"",""solutions/game_3/single/rest-111001/bot""]}","[0,0,1,0,0,0]","[1,1,1,0,0,1]",2,0,5,14,away_win,away,0,62
5834,4,"{""series"":[""solutions/game_4/series/home_wins_2/rest-111111/top"",""solutions/game_4/series/home_wins_2/rest-111111/bot""],""single"":[""solutions/game_4/single/rest-111111/top"",""solutions/game_4/single/rest-111111/bot""]}","[1,1,1,1,1,1]","[1,1,1,1,1,1]",2,1,5,8,away_win,away,0,105
5834,5,"{""series"":[""solutions/game_5/single/rest-001111/top"",""solutions/game_5/single/rest-001100/bot""],""single"":[""solutions/game_5/single/rest-001111/top"",""solutions/game_5/single/rest-001100/bot""]}","[0,0,1,1,1,1]","[0,0,1,1,0,0]",2,2,1,0,home_win,home,0,71
5835,1,"{""series"":[""solutions/game_1/series/rest-111111/top"",""solutions/game_1/series/rest-111111/bot""],""single"":[""solutions/game_1/single/rest-111111/top"",""solutions/game_1/single/rest-111111/bot""]}","[1,1,1,1,1,1]","[1,1,1,1,1,1]",0,0,5,8,away_win,away,0,86
5835,2,"{""series"":[""solutions/game_2/series/home_wins_0/rest-111111/top"",""solutions/game_2/series/home_wins_0/rest-001110/bot""],""single"":[""solutions/game_2/single/rest-111111/top"",""solutions/game_2/single/rest-001110/bot""]}","[1,1,1,1,1,1]","[0,0,1,1,1,0]",0,1,6,4,home_win,home,0,75
5835,3,"{""series"":[""solutions/game_3/series/home_wins_1/rest-111101/top"",""solutions/game_3/series/home_wins_1/rest-110011/bot""],""single"":[""solutions/game_3/single/rest-111101/top"",""solutions/game_3/single/rest-110011/bot""]}","[1,1,1,1,0,1]","[1,1,0,0,1,1]",1,1,3,2,home_win,home,0,79
5835,4,"{""series"":[""solutions/game_4/series/home_wins_2/rest-111001/top"",""solutions/game_4/series/home_wins_2/rest-001110/bot""],""single"":[""solutions/game_4/single/rest-111001/top"",""solutions/game_4/single/rest-001110/bot""]}","[1,1,1,0,0,1]","[0,0,1,1,1,0]",2,1,3,1,home_win,home,0,81
5835,5,"{""series"":[""solutions/game_5/single/rest-101110/top"",""solutions/game_5/single/rest-110011/bot""],""single"":[""solutions/game_5/single/rest-101110/top"",""solutions/game_5/single/rest-110011/bot""]}","[1,0,1,1,1,0]","[1,1,0,0,1,1]",3,1,6,3,home_win,home,1,83
5836,1,"{""series"":[""solutions/game_1/series/rest-111111/top"",""solutions/game_1/series/rest-111111/bot""],""single"":[""solutions/game_1/single/rest-111111/top"",""solutions/game_1/single/rest-111111/bot""]}","[1,1,1,1,1,1]","[1,1,1,1,1,1]",0,0,1,3,away_win,away,0,83
5836,2,"{""series"":[""solutions/game_2/series/home_wins_0/rest-101011/top"",""solutions/game_2/series/home_wins_0/rest-101010/bot""],""single"":[""solutions/game_2/single/rest-101011/top"",""solutions/game_2/single/rest-101010/bot""]}","[1,0,1,0,1,1]","[1,0,1,0,1,0]",0,1,9,8,home_win,home,0,98
5836,3,"{""series"":[""solutions/game_3/series/home_wins_1/rest-110100/top"",""solutions/game_3/series/home_wins_1/rest-110111/bot""],""single"":[""solutions/game_3/single/rest-110100/top"",""solutions/game_3/single/rest-110111/bot""]}","[1,1,0,1,0,0]","[1,1,0,1,1,1]",1,1,9,6,home_win,home,0,86
5836,4,"{""series"":[""solutions/game_4/series/home_wins_2/rest-101111/top"",""solutions/game_4/series/home_wins_2/rest-001111/bot""],""single"":[""solutions/game_4/single/rest-101111/top"",""solutions/game_4/single/rest-001111/bot""]}","[1,0,1,1,1,1]","[0,0,1,1,1,1]",2,1,9,3,home_win,home,0,81
5836,5,"{""series"":[""solutions/game_5/single/rest-010011/top"",""solutions/game_5/single/rest-111010/bot""],""single"":[""solutions/game_5/single/rest-010011/top"",""solutions/game_5/single/rest-111010/bot""]}","[0,1,0,0,1,1]","[1,1,1,0,1,0]",3,1,6,0,home_win,home,1,66
5837,1,"{""series"":[""solutions/game_1/series/rest-111111/top"",""solutions/game_1/series/rest-111111/bot""],""single"":[""solutions/game_1/single/rest-111111/top"",""solutions/game_1/single/rest-111111/bot""]}","[1,1,1,1,1,1]","[1,1,1,1,1,1]",0,0,0,8,away_win,away,0,21
5837,2,"{""series"":[""solutions/game_2/series/home_wins_0/rest-111111/top"",""solutions/game_2/series/home_wins_0/rest-111111/bot""],""single"":[""solutions/game_2/single/rest-111111/top"",""solutions/game_2/single/rest-111111/bot""]}","[1,1,1,1,1,1]","[1,1,1,1,1,1]",0,1,3,2,home_win,home,0,73
5837,3,"{""series"":[""solutions/game_3/series/home_wins_1/rest-110001/top"",""solutions/game_3/series/home_wins_1/rest-011010/bot""],""single"":[""solutions/game_3/single/rest-110001/top"",""solutions/game_3/single/rest-011010/bot""]}","[1,1,0,0,0,1]","[0,1,1,0,1,0]",1,1,0,9,away_win,away,0,20
5837,4,"{""series"":[""solutions/game_4/series/home_wins_1/rest-111101/top"",""solutions/game_4/series/home_wins_1/rest-111111/bot""],""single"":[""solutions/game_4/single/rest-111101/top"",""solutions/game_4/single/rest-111111/bot""]}","[1,1,1,1,0,1]","[1,1,1,1,1,1]",1,2,2,5,away_win,away,0,78
5837,5,"{""series"":[""solutions/game_5/single/rest-010011/top"",""solutions/game_5/single/rest-011011/bot""],""single"":[""solutions/game_5/single/rest-010011/top"",""solutions/game_5/single/rest-011011/bot""]}","[0,1,0,0,1,1]","[0,1,1,0,1,1]",1,3,4,8,away_win,away,1,82
5838,1,"{""series"":[""solutions/game_1/series/rest-111111/top"",""solutions/game_1/series/rest-111111/bot""],""single"":[""solutions/game_1/single/rest-111111/top"",""solutions/game_1/single/rest-111111/bot""]}","[1,1,1,1,1,1]","[1,1,1,1,1,1]",0,0,4,6,away_win,away,0,85
5838,2,"{""series"":[""solutions/game_2/series/home_wins_0/rest-111001/top"",""solutions/game_2/series/home_wins_0/rest-101010/bot""],""single"":[""solutions/game_2/single/rest-111001/top"",""solutions/game_2/single/rest-101010/bot""]}","[1,1,1,0,0,1]","[1,0,1,0,1,0]",0,1,8,4,home_win,home,0,81
5838,3,"{""series"":[""solutions/game_3/series/home_wins_1/rest-010111/top"",""solutions/game_3/series/home_wins_1/rest-011101/bot""],""single"":[""solutions/game_3/single/rest-010111/top"",""solutions/game_3/single/rest-011101/bot""]}","[0,1,0,1,1,1]","[0,1,1,1,0,1]",1,1,7,5,home_win,home,0,84
5838,4,"{""series"":[""solutions/game_4/series/home_wins_2/rest-111101/top"",""solutions/game_4/series/home_wins_2/rest-110011/bot""],""single"":[""solutions/game_4/single/rest-111101/top"",""solutions/game_4/single/rest-110011/bot""]}","[1,1,1,1,0,1]","[1,1,0,0,1,1]",2,1,8,0,home_win,home,0,34
5838,5,"{""series"":[""solutions/game_5/single/rest-111111/top"",""solutions/game_5/single/rest-111011/bot""],""single"":[""solutions/game_5/single/rest-111111/top"",""solutions/game_5/single/rest-111011/bot""]}","[1,1,1,1,1,1]","[1,1,1,0,1,1]",3,1,3,2,home_win,home,1,77
5839,1,"{""series"":[""solutions/game_1/series/rest-111111/top"",""solutions/game_1/series/rest-111111/bot""],""single"":[""solutions/game_1/single/rest-111111/top"",""solutions/game_1/single/rest-111111/bot""]}","[1,1,1,1,1,1]","[1,1,1,1,1,1]",0,0,0,9,away_win,away,0,69
5839,2,"{""series"":[""solutions/game_2/series/home_wins_0/rest-101111/top"",""solutions/game_2/series/home_wins_0/rest-111011/bot""],""single"":[""solutions/game_2/single/rest-101111/top"",""solutions/game_2/single/rest-111011/bot""]}","[1,0,1,1,1,1]","[1,1,1,0,1,1]",0,1,5,4,home_win,home,0,83
5839,3,"{""series"":[""solutions/game_3/series/home_wins_1/rest-010011/top"",""solutions/game_3/series/home_wins_1/rest-011001/bot""],""single"":[""solutions/game_3/single/rest-010011/top"",""solutions/game_3/single/rest-011001/bot""]}","[0,1,0,0,1,1]","[0,1,1,0,0,1]",1,1,3,11,away_win,away,0,93
5839,4,"{""series"":[""solutions/game_4/series/home_wins_1/rest-101101/top"",""solutions/game_4/series/home_wins_1/rest-101110/bot""],""single"":[""solutions/game_4/single/rest-101101/top"",""solutions/game_4/single/rest-101110/bot""]}","[1,0,1,1,0,1]","[1,0,1,1,1,0]",1,2,1,4,away_win,away,0,77
5839,5,"{""series"":[""solutions/game_5/single/rest-110001/top"",""solutions/game_5/single/rest-010011/bot""],""single"":[""solutions/game_5/single/rest-110001/top"",""solutions/game_5/single/rest-010011/bot""]}","[1,1,0,0,0,1]","[0,1,0,0,1,1]",1,3,6,3,home_win,home,1,73
5840,1,"{""series"":[""solutions/game_1/series/rest-111111/top"",""solutions/game_1/series/rest-111111/bot""],""single"":[""solutions/game_1/single/rest-111111/top"",""solutions/game_1/single/rest-111111/bot""]}","[1,1,1,1,1,1]","[1,1,1,1,1,1]",0,0,4,3,home_win,home,0,88
5840,2,"{""series"":[""solutions/game_2/series/home_wins_1/rest-111111/top"",""solutions/game_2/series/home_wins_1/rest-001010/bot""],""single"":[""solutions/game_2/single/rest-111111/top"",""solutions/game_2/single/rest-001010/bot""]}","[1,1,1,1,1,1]","[0,0,1,0,1,0]",1,0,4,2,home_win,home,0,75
5840,3,"{""series"":[""solutions/game_3/series/home_wins_2/rest-111001/top"",""solutions/game_3/series/home_wins_2/rest-110111/bot""],""single"":[""solutions/game_3/single/rest-111001/top"",""solutions/game_3/single/rest-110111/bot""]}","[1,1,1,0,0,1]","[1,1,0,1,1,1]",2,0,4,5,away_win,away,0,92
5840,4,"{""series"":[""solutions/game_4/series/home_wins_2/rest-101110/top"",""solutions/game_4/series/home_wins_2/rest-001110/bot""],""single"":[""solutions/game_4/single/rest-101110/top"",""solutions/game_4/single/rest-001110/bot""]}","[1,0,1,1,1,0]","[0,0,1,1,1,0]",2,1,0,9,away_win,away,0,49
5840,5,"{""series"":[""solutions/game_5/single/rest-111110/top"",""solutions/game_5/single/rest-111111/bot""],""single"":[""solutions/game_5/single/rest-111110/top"",""solutions/game_5/single/rest-111111/bot""]}","[1,1,1,1,1,0]","[1,1,1,1,1,1]",2,2,2,4,away_win,away,0,80
5841,1,"{""series"":[""solutions/game_1/series/rest-111111/top"",""solutions/game_1/series/rest-111111/bot""],""single"":[""solutions/game_1/single/rest-111111/top"",""solutions/game_1/single/rest-111111/bot""]}","[1,1,1,1,1,1]","[1,1,1,1,1,1]",0,0,5,3,home_win,home,0,81
5841,2,"{""series"":[""solutions/game_2/series/home_wins_1/rest-110001/top"",""solutions/game_2/series/home_wins_1/rest-101110/bot""],""single"":[""solutions/game_2/single/rest-110001/top"",""solutions/game_2/single/rest-101110/bot""]}","[1,1,0,0,0,1]","[1,0,1,1,1,0]",1,0,2,10,away_win,away,0,75
5841,3,"{""series"":[""solutions/game_3/series/home_wins_1/rest-111111/top"",""solutions/game_3/series/home_wins_1/rest-010110/bot""],""single"":[""solutions/game_3/single/rest-111111/top"",""solutions/game_3/single/rest-010110/bot""]}","[1,1,1,1,1,1]","[0,1,0,1,1,0]",1,1,10,6,home_win,home,0,91
5841,4,"{""series"":[""solutions/game_4/series/home_wins_2/rest-110000/top"",""solutions/game_4/series/home_wins_2/rest-111001/bot""],""single"":[""solutions/game_4/single/rest-110000/top"",""solutions/game_4/single/rest-111001/bot""]}","[1,1,0,0,0,0]","[1,1,1,0,0,1]",2,1,12,13,away_win,away,0,101
5841,5,"{""series"":[""solutions/game_5/single/rest-101011/top"",""solutions/game_5/single/rest-000111/bot""],""single"":[""solutions/game_5/single/rest-101011/top"",""solutions/game_5/single/rest-000111/bot""]}","[1,0,1,0,1,1]","[0,0,0,1,1,1]",2,2,9,8,home_win,home,0,94
5842,1,"{""series"":[""solutions/game_1/series/rest-111111/top"",""solutions/game_1/series/rest-111111/bot""],""single"":[""solutions/game_1/single/rest-111111/top"",""solutions/game_1/single/rest-111111/bot""]}","[1,1,1,1,1,1]","[1,1,1,1,1,1]",0,0,4,4,tie,away,0,92
5842,2,"{""series"":[""solutions/game_2/series/home_wins_0/rest-010001/top"",""solutions/game_2/series/home_wins_0/rest-000010/bot""],""single"":[""solutions/game_2/single/rest-010001/top"",""solutions/game_2/single/rest-000010/bot""]}","[0,1,0,0,0,1]","[0,0,0,0,1,0]",0,1,14,9,home_win,home,0,91
5842,3,"{""series"":[""solutions/game_3/series/home_wins_1/rest-011110/top"",""solutions/game_3/series/home_wins_1/rest-111101/bot""],""single"":[""solutions/game_3/single/rest-011110/top"",""solutions/game_3/single/rest-111101/bot""]}","[0,1,1,1,1,0]","[1,1,1,1,0,1]",1,1,2,4,away_win,away,0,81
5842,4,"{""series"":[""solutions/game_4/series/home_wins_1/rest-111001/top"",""solutions/game_4/series/home_wins_1/rest-111001/bot""],""single"":[""solutions/game_4/single/rest-111001/top"",""solutions/game_4/single/rest-111001/bot""]}","[1,1,1,0,0,1]","[1,1,1,0,0,1]",1,2,1,6,away_win,away,0,77
5842,5,"{""series"":[""solutions/game_5/single/rest-011111/top"",""solutions/game_5/single/rest-000011/bot""],""single"":[""solutions/game_5/single/rest-011111/top"",""solutions/game_5/single/rest-000011/bot""]}","[0,1,1,1,1,1]","[0,0,0,0,1,1]",1,3,5,4,home_win,home,1,78
5843,1,"{""series"":[""solutions/game_1/series/rest-111111/top"",""solutions/game_1/series/rest-111111/bot""],""single"":[""solutions/game_1/single/rest-111111/top"",""solutions/game_1/single/rest-111111/bot""]}","[1,1,1,1,1,1]","[1,1,1,1,1,1]",0,0,2,3,away_win,away,0,92
5843,2,"{""series"":[""solutions/game_2/series/home_wins_0/rest-010001/top"",""solutions/game_2/series/home_wins_0/rest-111011/bot""],""single"":[""solutions/game_2/single/rest-010001/top"",""solutions/game_2/single/rest-111011/bot""]}","[0,1,0,0,0,1]","[1,1,1,0,1,1]",0,1,0,9,away_win,away,0,11
5843,3,"{""series"":[""solutions/game_3/series/home_wins_0/rest-111111/top"",""solutions/game_3/series/home_wins_0/rest-111111/bot""],""single"":[""solutions/game_3/single/rest-111111/top"",""solutions/game_3/single/rest-111111/bot""]}","[1,1,1,1,1,1]","[1,1,1,1,1,1]",0,2,3,2,home_win,home,0,74
5843,4,"{""series"":[""solutions/game_4/series/home_wins_1/rest-110001/top"",""solutions/game_4/series/home_wins_1/rest-001111/bot""],""single"":[""solutions/game_4/single/rest-110001/top"",""solutions/game_4/single/rest-001111/bot""]}","[1,1,0,0,0,1]","[0,0,1,1,1,1]",1,2,3,2,home_win,home,0,93
5843,5,"{""series"":[""solutions/game_5/single/rest-101110/top"",""solutions/game_5/single/rest-100001/bot""],""single"":[""solutions/game_5/single/rest-101110/top"",""solutions/game_5/single/rest-100001/bot""]}","[1,0,1,1,1,0]","[1,0,0,0,0,1]",2,2,8,9,away_win,away,0,87
5844,1,"{""series"":[""solutions/game_1/series/rest-111111/top"",""solutions/game_1/series/rest-111111/bot""],""single"":[""solutions/game_1/single/rest-111111/top"",""solutions/game_1/single/rest-111111/bot""]}","[1,1,1,1,1,1]","[1,1,1,1,1,1]",0,0,9,1,home_win,home,0,38
5844,2,"{""series"":[""solutions/game_2/series/home_wins_1/rest-111111/top"",""solutions/game_2/series/home_wins_1/rest-111111/bot""],""single"":[""solutions/game_2/single/rest-111111/top"",""solutions/game_2/single/rest-111111/bot""]}","[1,1,1,1,1,1]","[1,1,1,1,1,1]",1,0,8,0,home_win,home,0,28
5844,3,"{""series"":[""solutions/game_3/series/home_wins_2/rest-111111/top"",""solutions/game_3/series/home_wins_2/rest-111111/bot""],""single"":[""solutions/game_3/single/rest-111111/top"",""solutions/game_3/single/rest-111111/bot""]}","[1,1,1,1,1,1]","[1,1,1,1,1,1]",2,0,6,7,away_win,away,0,85
5844,4,"{""series"":[""solutions/game_4/series/home_wins_2/rest-010001/top"",""solutions/game_4/series/home_wins_2/rest-001001/bot""],""single"":[""solutions/game_4/single/rest-010001/top"",""solutions/game_4/single/rest-001001/bot""]}","[0,1,0,0,0,1]","[0,0,1,0,0,1]",2,1,10,1,home_win,home,0,85
5844,5,"{""series"":[""solutions/game_5/single/rest-101110/top"",""solutions/game_5/single/rest-111110/bot""],""single"":[""solutions/game_5/single/rest-101110/top"",""solutions/game_5/single/rest-111110/bot""]}","[1,0,1,1,1,0]","[1,1,1,1,1,0]",3,1,3,1,home_win,home,1,73
5845,1,"{""series"":[""solutions/game_1/series/rest-111111/top"",""solutions/game_1/series/rest-111111/bot""],""single"":[""solutions/game_1/single/rest-111111/top"",""solutions/game_1/single/rest-111111/bot""]}","[1,1,1,1,1,1]","[1,1,1,1,1,1]",0,0,6,7,away_win,away,0,97
5845,2,"{""series"":[""solutions/game_2/series/home_wins_0/rest-010011/top"",""solutions/game_2/series/home_wins_0/rest-101011/bot""],""single"":[""solutions/game_2/single/rest-010011/top"",""solutions/game_2/single/rest-101011/bot""]}","[0,1,0,0,1,1]","[1,0,1,0,1,1]",0,1,5,13,away_win,away,0,86
5845,3,"{""series"":[""solutions/game_3/series/home_wins_0/rest-011100/top"",""solutions/game_3/series/home_wins_0/rest-111111/bot""],""single"":[""solutions/game_3/single/rest-011100/top"",""solutions/game_3/single/rest-111111/bot""]}","[0,1,1,1,0,0]","[1,1,1,1,1,1]",0,2,3,3,tie,home,0,91
5845,4,"{""series"":[""solutions/game_4/series/home_wins_1/rest-110001/top"",""solutions/game_4/series/home_wins_1/rest-000110/bot""],""single"":[""solutions/game_4/single/rest-110001/top"",""solutions/game_4/single/rest-000110/bot""]}","[1,1,0,0,0,1]","[0,0,0,1,1,0]",1,2,8,10,away_win,away,0,100
5845,5,"{""series"":[""solutions/game_5/single/rest-001110/top"",""solutions/game_5/single/rest-011001/bot""],""single"":[""solutions/game_5/single/rest-001110/top"",""solutions/game_5/single/rest-011001/bot""]}","[0,0,1,1,1,0]","[0,1,1,0,0,1]",1,3,0,2,away_win,away,1,79
5846,1,"{""series"":[""solutions/game_1/series/rest-111111/top"",""solutions/game_1/series/rest-111111/bot""],""single"":[""solutions/game_1/single/rest-111111/top"",""solutions/game_1/single/rest-111111/bot""]}","[1,1,1,1,1,1]","[1,1,1,1,1,1]",0,0,5,2,home_win,home,0,78
5846,2,"{""series"":[""solutions/game_2/series/home_wins_1/rest-111001/top"",""solutions/game_2/series/home_wins_1/rest-011010/bot""],""single"":[""solutions/game_2/single/rest-111001/top"",""solutions/game_2/single/rest-011010/bot""]}","[1,1,1,0,0,1]","[0,1,1,0,1,0]",1,0,2,11,away_win,away,0,85
5846,3,"{""series"":[""solutions/game_3/series/home_wins_1/rest-111111/top"",""solutions/game_3/series/home_wins_1/rest-111101/bot""],""single"":[""solutions/game_3/single/rest-111111/top"",""solutions/game_3/single/rest-111101/bot""]}","[1,1,1,1,1,1]","[1,1,1,1,0,1]",1,1,8,5,home_win,home,0,84
5846,4,"{""series"":[""solutions/game_4/series/home_wins_2/rest-111111/top"",""solutions/game_4/series/home_wins_2/rest-011011/bot""],""single"":[""solutions/game_4/single/rest-111111/top"",""solutions/game_4/single/rest-011011/bot""]}","[1,1,1,1,1,1]","[0,1,1,0,1,1]",2,1,4,5,away_win,away,0,86
5846,5,"{""series"":[""solutions/game_5/single/rest-010101/top"",""solutions/game_5/single/rest-101100/bot""],""single"":[""solutions/game_5/single/rest-010101/top"",""solutions/game_5/single/rest-101100/bot""]}","[0,1,0,1,0,1]","[1,0,1,1,0,0]",2,2,2,1,home_win,home,0,73
5847,1,"{""series"":[""solutions/game_1/series/rest-111111/top"",""solutions/game_1/series/rest-111111/bot""],""single"":[""solutions/game_1/single/rest-111111/top"",""solutions/game_1/single/rest-111111/bot""]}","[1,1,1,1,1,1]","[1,1,1,1,1,1]",0,0,6,7,away_win,away,0,85
5847,2,"{""series"":[""solutions/game_2/series/home_wins_0/rest-110101/top"",""solutions/game_2/series/home_wins_0/rest-011010/bot""],""single"":[""solutions/game_2/single/rest-110101/top"",""solutions/game_2/single/rest-011010/bot""]}","[1,1,0,1,0,1]","[0,1,1,0,1,0]",0,1,2,10,away_win,away,0,57
5847,3,"{""series"":[""solutions/game_3/series/home_wins_0/rest-111111/top"",""solutions/game_3/series/home_wins_0/rest-111111/bot""],""single"":[""solutions/game_3/single/rest-111111/top"",""solutions/game_3/single/rest-111111/bot""]}","[1,1,1,1,1,1]","[1,1,1,1,1,1]",0,2,2,0,home_win,home,0,71
5847,4,"{""series"":[""solutions/game_4/series/home_wins_1/rest-110111/top"",""solutions/game_4/series/home_wins_1/rest-011011/bot""],""single"":[""solutions/game_4/single/rest-110111/top"",""solutions/game_4/single/rest-011011/bot""]}","[1,1,0,1,1,1]","[0,1,1,0,1,1]",1,2,4,12,away_win,away,0,80
5847,5,"{""series"":[""solutions/game_5/single/rest-111101/top"",""solutions/game_5/single/rest-111101/bot""],""single"":[""solutions/game_5/single/rest-111101/top"",""solutions/game_5/single/rest-111101/bot""]}","[1,1,1,1,0,1]","[1,1,1,1,0,1]",1,3,4,7,away_win,away,1,83
5848,1,"{""series"":[""solutions/game_1/series/rest-111111/top"",""solutions/game_1/series/rest-111111/bot""],""single"":[""solutions/game_1/single/rest-111111/top"",""solutions/game_1/single/rest-111111/bot""]}","[1,1,1,1,1,1]","[1,1,1,1,1,1]",0,0,2,5,away_win,away,0,75
5848,2,"{""series"":[""solutions/game_2/series/home_wins_0/rest-111001/top"",""solutions/game_2/series/home_wins_0/rest-001011/bot""],""single"":[""solutions/game_2/single/rest-111001/top"",""solutions/game_2/single/rest-001011/bot""]}","[1,1,1,0,0,1]","[0,0,1,0,1,1]",0,1,9,2,home_win,home,0,85
5848,3,"{""series"":[""solutions/game_3/series/home_wins_1/rest-011110/top"",""solutions/game_3/series/home_wins_1/rest-110100/bot""],""single"":[""solutions/game_3/single/rest-011110/top"",""solutions/game_3/single/rest-110100/bot""]}","[0,1,1,1,1,0]","[1,1,0,1,0,0]",1,1,3,2,home_win,home,0,84
5848,4,"{""series"":[""solutions/game_4/series/home_wins_2/rest-111101/top"",""solutions/game_4/series/home_wins_2/rest-011001/bot""],""single"":[""solutions/game_4/single/rest-111101/top"",""solutions/game_4/single/rest-011001/bot""]}","[1,1,1,1,0,1]","[0,1,1,0,0,1]",2,1,6,6,tie,away,0,89
5848,5,"{""series"":[""solutions/game_5/single/rest-110100/top"",""solutions/game_5/single/rest-101011/bot""],""single"":[""solutions/game_5/single/rest-110100/top"",""solutions/game_5/single/rest-101011/bot""]}","[1,1,0,1,0,0]","[1,0,1,0,1,1]",2,2,3,8,away_win,away,0,84
5849,1,"{""series"":[""solutions/game_1/series/rest-111111/top"",""solutions/game_1/series/rest-111111/bot""],""single"":[""solutions/game_1/single/rest-111111/top"",""solutions/game_1/single/rest-111111/bot""]}","[1,1,1,1,1,1]","[1,1,1,1,1,1]",0,0,5,4,home_win,home,0,79
5849,2,"{""series"":[""solutions/game_2/series/home_wins_1/rest-010111/top"",""solutions/game_2/series/home_wins_1/rest-101010/bot""],""single"":[""solutions/game_2/single/rest-010111/top"",""solutions/game_2/single/rest-101010/bot""]}","[0,1,0,1,1,1]","[1,0,1,0,1,0]",1,0,5,2,home_win,home,0,84
5849,3,"{""series"":[""solutions/game_3/series/home_wins_2/rest-111011/top"",""solutions/game_3/series/home_wins_2/rest-011110/bot""],""single"":[""solutions/game_3/single/rest-111011/top"",""solutions/game_3/single/rest-011110/bot""]}","[1,1,1,0,1,1]","[0,1,1,1,1,0]",2,0,5,9,away_win,away,0,93
5849,4,"{""series"":[""solutions/game_4/series/home_wins_2/rest-111110/top"",""solutions/game_4/series/home_wins_2/rest-100001/bot""],""single"":[""solutions/game_4/single/rest-111110/top"",""solutions/game_4/single/rest-100001/bot""]}","[1,1,1,1,1,0]","[1,0,0,0,0,1]",2,1,8,4,home_win,home,0,85
5849,5,"{""series"":[""solutions/game_5/single/rest-011001/top"",""solutions/game_5/single/rest-011110/bot""],""single"":[""solutions/game_5/single/rest-011001/top"",""solutions/game_5/single/rest-011110/bot""]}","[0,1,1,0,0,1]","[0,1,1,1,1,0]",3,1,2,10,away_win,away,1,34
5850,1,"{""series"":[""solutions/game_1/series/rest-111111/top"",""solutions/game_1/series/rest-111111/bot""],""single"":[""solutions/game_1/single/rest-111111/top"",""solutions/game_1/single/rest-111111/bot""]}","[1,1,1,1,1,1]","[1,1,1,1,1,1]",0,0,8,4,home_win,home,0,85
5850,2,"{""series"":[""solutions/game_2/series/home_wins_1/rest-111101/top"",""solutions/game_2/series/home_wins_1/rest-101001/bot""],""single"":[""solutions/game_2/single/rest-111101/top"",""solutions/game_2/single/rest-101001/bot""]}","[1,1,1,1,0,1]","[1,0,1,0,0,1]",1,0,5,1,home_win,home,0,77
5850,3,"{""series"":[""solutions/game_3/series/home_wins_2/rest-010011/top"",""solutions/game_3/series/home_wins_2/rest-111110/bot""],""single"":[""solutions/game_3/single/rest-010011/top"",""solutions/game_3/single/rest-111110/bot""]}","[0,1,0,0,1,1]","[1,1,1,1,1,0]",2,0,0,3,away_win,away,0,72
5850,4,"{""series"":[""solutions/game_4/series/home_wins_2/rest-111110/top"",""solutions/game_4/series/home_wins_2/rest-001011/bot""],""single"":[""solutions/game_4/single/rest-111110/top"",""solutions/game_4/single/rest-001011/bot""]}","[1,1,1,1,1,0]","[0,0,1,0,1,1]",2,1,3,11,away_win,away,0,71
5850,5,"{""series"":[""solutions/game_5/single/rest-111101/top"",""solutions/game_5/single/rest-110111/bot""],""single"":[""solutions/game_5/single/rest-111101/top"",""solutions/game_5/single/rest-110111/bot""]}","[1,1,1,1,0,1]","[1,1,0,1,1,1]",2,2,10,9,home_win,home,0,100
5851,1,"{""series"":[""solutions/game_1/series/rest-111111/top"",""solutions/game_1/series/rest-111111/bot""],""single"":[""solutions/game_1/single/rest-111111/top"",""solutions/game_1/single/rest-111111/bot""]}","[1,1,1,1,1,1]","[1,1,1,1,1,1]",0,0,11,5,home_win,home,0,86
5851,2,"{""series"":[""solutions/game_2/series/home_wins_1/rest-111100/top"",""solutions/game_2/series/home_wins_1/rest-100011/bot""],""single"":[""solutions/game_2/single/rest-111100/top"",""solutions/game_2/single/rest-100011/bot""]}","[1,1,1,1,0,0]","[1,0,0,0,1,1]",1,0,4,3,home_win,home,0,77
5851,3,"{""series"":[""solutions/game_3/series/home_wins_2/rest-111011/top"",""solutions/game_3/series/home_wins_2/rest-001100/bot""],""single"":[""solutions/game_3/single/rest-111011/top"",""solutions/game_3/single/rest-001100/bot""]}","[1,1,1,0,1,1]","[0,0,1,1,0,0]",2,0,1,9,away_win,away,0,75
5851,4,"{""series"":[""solutions/game_4/series/home_wins_2/rest-101111/top"",""solutions/game_4/series/home_wins_2/rest-011011/bot""],""single"":[""solutions/game_4/single/rest-101111/top"",""solutions/game_4/single/rest-011011/bot""]}","[1,0,1,1,1,1]","[0,1,1,0,1,1]",2,1,8,11,away_win,away,0,91
5851,5,"{""series"":[""solutions/game_5/single/rest-101110/top"",""solutions/game_5/single/rest-001101/bot""],""single"":[""solutions/game_5/single/rest-101110/top"",""solutions/game_5/single/rest-001101/bot""]}","[1,0,1,1,1,0]","[0,0,1,1,0,1]",2,2,10,5,home_win,home,0,92
5852,1,"{""series"":[""solutions/game_1/series/rest-111111/top"",""solutions/game_1/series/rest-111111/bot""],""single"":[""solutions/game_1/single/rest-111111/top"",""solutions/game_1/single/rest-111111/bot""]}","[1,1,1,1,1,1]","[1,1,1,1,1,1]",0,0,2,6,away_win,away,0,84
5852,2,"{""series"":[""solutions/game_2/series/home_wins_0/rest-111010/top"",""solutions/game_2/series/home_wins_0/rest-001111/bot""],""single"":[""solutions/game_2/single/rest-111010/top"",""solutions/game_2/single/rest-001111/bot""]}","[1,1,1,0,1,0]","[0,0,1,1,1,1]",0,1,3,4,away_win,away,0,83
5852,3,"{""series"":[""solutions/game_3/series/home_wins_0/rest-101111/top"",""solutions/game_3/series/home_wins_0/rest-111110/bot""],""single"":[""solutions/game_3/single/rest-101111/top"",""solutions/game_3/single/rest-111110/bot""]}","[1,0,1,1,1,1]","[1,1,1,1,1,0]",0,2,4,5,away_win,away,0,79
5852,4,"{""series"":[""solutions/game_4/single/rest-110011/top"",""solutions/game_4/single/rest-011011/bot""],""single"":[""solutions/game_4/single/rest-110011/top"",""solutions/game_4/single/rest-011011/bot""]}","[1,1,0,0,1,1]","[0,1,1,0,1,1]",0,3,5,4,home_win,home,1,98
5852,5,"{""series"":[""solutions/game_5/single/rest-100110/top"",""solutions/game_5/single/rest-110110/bot""],""single"":[""solutions/game_5/single/rest-100110/top"",""solutions/game_5/single/rest-110110/bot""]}","[1,0,0,1,1,0]","[1,1,0,1,1,0]",1,3,4,3,home_win,home,1,81
5853,1,"{""series"":[""solutions/game_1/series/rest-111111/top"",""solutions/game_1/series/rest-111111/bot""],""single"":[""solutions/game_1/single/rest-111111/top"",""solutions/game_1/single/rest-111111/bot""]}","[1,1,1,1,1,1]","[1,1,1,1,1,1]",0,0,1,9,away_win,away,0,54
5853,2,"{""series"":[""solutions/game_2/series/home_wins_0/rest-111111/top"",""solutions/game_2/series/home_wins_0/rest-111111/bot""],""single"":[""solutions/game_2/single/rest-111111/top"",""solutions/game_2/single/rest-111111/bot""]}","[1,1,1,1,1,1]","[1,1,1,1,1,1]",0,1,0,8,away_win,away,0,88
5853,3,"{""series"":[""solutions/game_3/series/home_wins_0/rest-101101/top"",""solutions/game_3/series/home_wins_0/rest-011110/bot""],""single"":[""solutions/game_3/single/rest-101101/top"",""solutions/game_3/single/rest-011110/bot""]}","[1,0,1,1,0,1]","[0,1,1,1,1,0]",0,2,6,0,home_win,home,0,78
5853,4,"{""series"":[""solutions/game_4/series/home_wins_1/rest-111111/top"",""solutions/game_4/series/home_wins_1/rest-100101/bot""],""single"":[""solutions/game_4/single/rest-111111/top"",""solutions/game_4/single/rest-100101/bot""]}","[1,1,1,1,1,1]","[1,0,0,1,0,1]",1,2,4,8,away_win,away,0,89
5853,5,"{""series"":[""solutions/game_5/single/rest-110000/top"",""solutions/game_5/single/rest-011111/bot""],""single"":[""solutions/game_5/single/rest-110000/top"",""solutions/game_5/single/rest-011111/bot""]}","[1,1,0,0,0,0]","[0,1,1,1,1,1]",1,3,6,1,home_win,home,1,77
5854,1,"{""series"":[""solutions/game_1/series/rest-111111/top"",""solutions/game_1/series/rest-111111/bot""],""single"":[""solutions/game_1/single/rest-111111/top"",""solutions/game_1/single/rest-111111/bot""]}","[1,1,1,1,1,1]","[1,1,1,1,1,1]",0,0,1,4,away_win,away,0,76
5854,2,"{""series"":[""solutions/game_2/series/home_wins_0/rest-111110/top"",""solutions/game_2/series/home_wins_0/rest-011010/bot""],""single"":[""solutions/game_2/single/rest-111110/top"",""solutions/game_2/single/rest-011010/bot""]}","[1,1,1,1,1,0]","[0,1,1,0,1,0]",0,1,3,8,away_win,away,0,88
5854,3,"{""series"":[""solutions/game_3/series/home_wins_0/rest-101011/top"",""solutions/game_3/series/home_wins_0/rest-110101/bot""],""single"":[""solutions/game_3/single/rest-101011/top"",""solutions/game_3/single/rest-110101/bot""]}","[1,0,1,0,1,1]","[1,1,0,1,0,1]",0,2,4,1,home_win,home,0,72
5854,4,"{""series"":[""solutions/game_4/series/home_wins_1/rest-111101/top"",""solutions/game_4/series/home_wins_1/rest-111011/bot""],""single"":[""solutions/game_4/single/rest-111101/top"",""solutions/game_4/single/rest-111011/bot""]}","[1,1,1,1,0,1]","[1,1,1,0,1,1]",1,2,6,9,away_win,away,0,94
5854,5,"{""series"":[""solutions/game_5/single/rest-010010/top"",""solutions/game_5/single/rest-001010/bot""],""single"":[""solutions/game_5/single/rest-010010/top"",""solutions/game_5/single/rest-001010/bot""]}","[0,1,0,0,1,0]","[0,0,1,0,1,0]",1,3,10,4,home_win,home,1,83
5855,1,"{""series"":[""solutions/game_1/series/rest-111111/top"",""solutions/game_1/series/rest-111111/bot""],""single"":[""solutions/game_1/single/rest-111111/top"",""solutions/game_1/single/rest-111111/bot""]}","[1,1,1,1,1,1]","[1,1,1,1,1,1]",0,0,2,4,away_win,away,0,84
5855,2,"{""series"":[""solutions/game_2/series/home_wins_0/rest-110001/top"",""solutions/game_2/series/home_wins_0/rest-000010/bot""],""single"":[""solutions/game_2/single/rest-110001/top"",""solutions/game_2/single/rest-000010/bot""]}","[1,1,0,0,0,1]","[0,0,0,0,1,0]",0,1,0,9,away_win,away,0,56
5855,3,"{""series"":[""solutions/game_3/series/home_wins_0/rest-101111/top"",""solutions/game_3/series/home_wins_0/rest-111111/bot""],""single"":[""solutions/game_3/single/rest-101111/top"",""solutions/game_3/single/rest-111111/bot""]}","[1,0,1,1,1,1]","[1,1,1,1,1,1]",0,2,1,7,away_win,away,0,90
5855,4,"{""series"":[""solutions/game_4/single/rest-010010/top"",""solutions/game_4/single/rest-001011/bot""],""single"":[""solutions/game_4/single/rest-010010/top"",""solutions/game_4/single/rest-001011/bot""]}","[0,1,0,0,1,0]","[0,0,1,0,1,1]",0,3,8,12,away_win,away,1,106
5855,5,"{""series"":[""solutions/game_5/single/rest-111101/top"",""solutions/game_5/single/rest-110110/bot""],""single"":[""solutions/game_5/single/rest-111101/top"",""solutions/game_5/single/rest-110110/bot""]}","[1,1,1,1,0,1]","[1,1,0,1,1,0]",0,4,3,13,away_win,away,1,64
5856,1,"{""series"":[""solutions/game_1/series/rest-111111/top"",""solutions/game_1/series/rest-111111/bot""],""single"":[""solutions/game_1/single/rest-111111/top"",""solutions/game_1/single/rest-111111/bot""]}","[1,1,1,1,1,1]","[1,1,1,1,1,1]",0,0,3,1,home_win,home,0,70
5856,2,"{""series"":[""solutions/game_2/series/home_wins_1/rest-110111/top"",""solutions/game_2/series/home_wins_1/rest-101111/bot""],""single"":[""solutions/game_2/single/rest-110111/top"",""solutions/game_2/single/rest-101111/bot""]}","[1,1,0,1,1,1]","[1,0,1,1,1,1]",1,0,1,7,away_win,away,0,85
5856,3,"{""series"":[""solutions/game_3/series/home_wins_1/rest-001110/top"",""solutions/game_3/series/home_wins_1/rest-111000/bot""],""single"":[""solutions/game_3/single/rest-001110/top"",""solutions/game_3/single/rest-111000/bot""]}","[0,0,1,1,1,0]","[1,1,1,0,0,0]",1,1,8,4,home_win,home,0,87
5856,4,"{""series"":[""solutions/game_4/series/home_wins_2/rest-011001/top"",""solutions/game_4/series/home_wins_2/rest-000111/bot""],""single"":[""solutions/game_4/single/rest-011001/top"",""solutions/game_4/single/rest-000111/bot""]}","[0,1,1,0,0,1]","[0,0,0,1,1,1]",2,1,6,7,away_win,away,0,86
5856,5,"{""series"":[""solutions/game_5/single/rest-100110/top"",""solutions/game_5/single/rest-111001/bot""],""single"":[""solutions/game_5/single/rest-100110/top"",""solutions/game_5/single/rest-111001/bot""]}","[1,0,0,1,1,0]","[1,1,1,0,0,1]",2,2,7,5,home_win,home,0,88
5857,1,"{""series"":[""solutions/game_1/series/rest-111111/top"",""solutions/game_1/series/rest-111111/bot""],""single"":[""solutions/game_1/single/rest-111111/top"",""solutions/game_1/single/rest-111111/bot""]}","[1,1,1,1,1,1]","[1,1,1,1,1,1]",0,0,5,4,home_win,home,0,91
5857,2,"{""series"":[""solutions/game_2/series/home_wins_1/rest-111001/top"",""solutions/game_2/series/home_wins_1/rest-001100/bot""],""single"":[""solutions/game_2/single/rest-111001/top"",""solutions/game_2/single/rest-001100/bot""]}","[1,1,1,0,0,1]","[0,0,1,1,0,0]",1,0,12,14,away_win,away,0,101
5857,3,"{""series"":[""solutions/game_3/series/home_wins_1/rest-111110/top"",""solutions/game_3/series/home_wins_1/rest-111011/bot""],""single"":[""solutions/game_3/single/rest-111110/top"",""solutions/game_3/single/rest-111011/bot""]}","[1,1,1,1,1,0]","[1,1,1,0,1,1]",1,1,4,7,away_win,away,0,88
5857,4,"{""series"":[""solutions/game_4/series/home_wins_1/rest-001011/top"",""solutions/game_4/series/home_wins_1/rest-001100/bot""],""single"":[""solutions/game_4/single/rest-001011/top"",""solutions/game_4/single/rest-001100/bot""]}","[0,0,1,0,1,1]","[0,0,1,1,0,0]",1,2,0,8,away_win,away,0,40
5857,5,"{""series"":[""solutions/game_5/single/rest-001011/top"",""solutions/game_5/single/rest-101101/bot""],""single"":[""solutions/game_5/single/rest-001011/top"",""solutions/game_5/single/rest-101101/bot""]}","[0,0,1,0,1,1]","[1,0,1,1,0,1]",1,3,10,8,home_win,home,1,89
5858,1,"{""series"":[""solutions/game_1/series/rest-111111/top"",""solutions/game_1/series/rest-111111/bot""],""single"":[""solutions/game_1/single/rest-111111/top"",""solutions/game_1/single/rest-111111/bot""]}","[1,1,1,1,1,1]","[1,1,1,1,1,1]",0,0,4,4,tie,away,0,94
5858,2,"{""series"":[""solutions/game_2/series/home_wins_0/rest-011001/top"",""solutions/game_2/series/home_wins_0/rest-110000/bot""],""single"":[""solutions/game_2/single/rest-011001/top"",""solutions/game_2/single/rest-110000/bot""]}","[0,1,1,0,0,1]","[1,1,0,0,0,0]",0,1,1,9,away_win,away,0,86
5858,3,"{""series"":[""solutions/game_3/series/home_wins_0/rest-100010/top"",""solutions/game_3/series/home_wins_0/rest-001111/bot""],""single"":[""solutions/game_3/single/rest-100010/top"",""solutions/game_3/single/rest-001111/bot""]}","[1,0,0,0,1,0]","[0,0,1,1,1,1]",0,2,8,7,home_win,home,0,88
5858,4,"{""series"":[""solutions/game_4/series/home_wins_1/rest-011101/top"",""solutions/game_4/series/home_wins_1/rest-110110/bot""],""single"":[""solutions/game_4/single/rest-011101/top"",""solutions/game_4/single/rest-110110/bot""]}","[0,1,1,1,0,1]","[1,1,0,1,1,0]",1,2,8,4,home_win,home,0,85
5858,5,"{""series"":[""solutions/game_5/single/rest-101110/top"",""solutions/game_5/single/rest-101011/bot""],""single"":[""solutions/game_5/single/rest-101110/top"",""solutions/game_5/single/rest-101011/bot""]}","[1,0,1,1,1,0]","[1,0,1,0,1,1]",2,2,1,4,away_win,away,0,73
5859,1,"{""series"":[""solutions/game_1/series/rest-111111/top"",""solutions/game_1/series/rest-111111/bot""],""single"":[""solutions/game_1/single/rest-111111/top"",""solutions/game_1/single/rest-111111/bot""]}","[1,1,1,1,1,1]","[1,1,1,1,1,1]",0,0,8,7,home_win,home,0,86
5859,2,"{""series"":[""solutions/game_2/series/home_wins_1/rest-011011/top"",""solutions/game_2/series/home_wins_1/rest-000001/bot""],""single"":[""solutions/game_2/single/rest-011011/top"",""solutions/game_2/single/rest-000001/bot""]}","[0,1,1,0,1,1]","[0,0,0,0,0,1]",1,0,8,2,home_win,home,0,79
5859,3,"{""series"":[""solutions/game_3/series/home_wins_2/rest-101110/top"",""solutions/game_3/series/home_wins_2/rest-111110/bot""],""single"":[""solutions/game_3/single/rest-101110/top"",""solutions/game_3/single/rest-111110/bot""]}","[1,0,1,1,1,0]","[1,1,1,1,1,0]",2,0,3,2,home_win,home,0,80
5859,4,"{""series"":[""solutions/game_4/single/rest-011011/top"",""solutions/game_4/single/rest-010011/bot""],""single"":[""solutions/game_4/single/rest-011011/top"",""solutions/game_4/single/rest-010011/bot""]}","[0,1,1,0,1,1]","[0,1,0,0,1,1]",3,0,8,9,away_win,away,1,109
5859,5,"{""series"":[""solutions/game_5/single/rest-111111/top"",""solutions/game_5/single/rest-101100/bot""],""single"":[""solutions/game_5/single/rest-111111/top"",""solutions/game_5/single/rest-101100/bot""]}","[1,1,1,1,1,1]","[1,0,1,1,0,0]",3,1,9,1,home_win,home,1,60
5860,1,"{""series"":[""solutions/game_1/series/rest-111111/top"",""solutions/game_1/series/rest-111111/bot""],""single"":[""solutions/game_1/single/rest-111111/top"",""solutions/game_1/single/rest-111111/bot""]}","[1,1,1,1,1,1]","[1,1,1,1,1,1]",0,0,5,7,away_win,away,0,85
5860,2,"{""series"":[""solutions/game_2/series/home_wins_0/rest-110101/top"",""solutions/game_2/series/home_wins_0/rest-011110/bot""],""single"":[""solutions/game_2/single/rest-110101/top"",""solutions/game_2/single/rest-011110/bot""]}","[1,1,0,1,0,1]","[0,1,1,1,1,0]",0,1,2,1,home_win,home,0,71
5860,3,"{""series"":[""solutions/game_3/series/home_wins_1/rest-011010/top"",""solutions/game_3/series/home_wins_1/rest-111101/bot""],""single"":[""solutions/game_3/single/rest-011010/top"",""solutions/game_3/single/rest-111101/bot""]}","[0,1,1,0,1,0]","[1,1,1,1,0,1]",1,1,9,8,home_win,home,0,97
5860,4,"{""series"":[""solutions/game_4/series/home_wins_2/rest-110101/top"",""solutions/game_4/series/home_wins_2/rest-101100/bot""],""single"":[""solutions/game_4/single/rest-110101/top"",""solutions/game_4/single/rest-101100/bot""]}","[1,1,0,1,0,1]","[1,0,1,1,0,0]",2,1,6,4,home_win,home,0,76
5860,5,"{""series"":[""solutions/game_5/single/rest-111010/top"",""solutions/game_5/single/rest-111111/bot""],""single"":[""solutions/game_5/single/rest-111010/top"",""solutions/game_5/single/rest-111111/bot""]}","[1,1,1,0,1,0]","[1,1,1,1,1,1]",3,1,0,8,away_win,away,1,62
5861,1,"{""series"":[""solutions/game_1/series/rest-111111/top"",""solutions/game_1/series/rest-111111/bot""],""single"":[""solutions/game_1/single/rest-111111/top"",""solutions/game_1/single/rest-111111/bot""]}","[1,1,1,1,1,1]","[1,1,1,1,1,1]",0,0,4,2,home_win,home,0,78
5861,2,"{""series"":[""solutions/game_2/series/home_wins_1/rest-110101/top"",""solutions/game_2/series/home_wins_1/rest-101011/bot""],""single"":[""solutions/game_2/single/rest-110101/top"",""solutions/game_2/single/rest-101011/bot""]}","[1,1,0,1,0,1]","[1,0,1,0,1,1]",1,0,4,11,away_win,away,0,95
5861,3,"{""series"":[""solutions/game_3/series/home_wins_1/rest-010111/top"",""solutions/game_3/series/home_wins_1/rest-110100/bot""],""single"":[""solutions/game_3/single/rest-010111/top"",""solutions/game_3/single/rest-110100/bot""]}","[0,1,0,1,1,1]","[1,1,0,1,0,0]",1,1,6,3,home_win,home,0,74
5861,4,"{""series"":[""solutions/game_4/series/home_wins_2/rest-111001/top"",""solutions/game_4/series/home_wins_2/rest-111011/bot""],""single"":[""solutions/game_4/single/rest-111001/top"",""solutions/game_4/single/rest-111011/bot""]}","[1,1,1,0,0,1]","[1,1,1,0,1,1]",2,1,7,9,away_win,away,0,100
5861,5,"{""series"":[""solutions/game_5/single/rest-000110/top"",""solutions/game_5/single/rest-100101/bot""],""single"":[""solutions/game_5/single/rest-000110/top"",""solutions/game_5/single/rest-100101/bot""]}","[0,0,0,1,1,0]","[1,0,0,1,0,1]",2,2,7,8,away_win,away,0,106
5862,1,"{""series"":[""solutions/game_1/series/rest-111111/top"",""solutions/game_1/series/rest-111111/bot""],""single"":[""solutions/game_1/single/rest-111111/top"",""solutions/game_1/single/rest-111111/bot""]}","[1,1,1,1,1,1]","[1,1,1,1,1,1]",0,0,3,1,home_win,home,0,72
5862,2,"{""series"":[""solutions/game_2/series/home_wins_1/rest-111001/top"",""solutions/game_2/series/home_wins_1/rest-001011/bot""],""single"":[""solutions/game_2/single/rest-111001/top"",""solutions/game_2/single/rest-001011/bot""]}","[1,1,1,0,0,1]","[0,0,1,0,1,1]",1,0,2,4,away_win,away,0,77
5862,3,"{""series"":[""solutions/game_3/series/home_wins_1/rest-010101/top"",""solutions/game_3/series/home_wins_1/rest-111101/bot""],""single"":[""solutions/game_3/single/rest-010101/top"",""solutions/game_3/single/rest-111101/bot""]}","[0,1,0,1,0,1]","[1,1,1,1,0,1]",1,1,1,9,away_win,away,0,47
5862,4,"{""series"":[""solutions/game_4/series/home_wins_1/rest-101111/top"",""solutions/game_4/series/home_wins_1/rest-111101/bot""],""single"":[""solutions/game_4/single/rest-101111/top"",""solutions/game_4/single/rest-111101/bot""]}","[1,0,1,1,1,1]","[1,1,1,1,0,1]",1,2,4,5,away_win,away,0,87
5862,5,"{""series"":[""solutions/game_5/single/rest-010001/top"",""solutions/game_5/single/rest-011011/bot""],""single"":[""solutions/game_5/single/rest-010001/top"",""solutions/game_5/single/rest-011011/bot""]}","[0,1,0,0,0,1]","[0,1,1,0,1,1]",1,3,3,5,away_win,away,1,82
5863,1,"{""series"":[""solutions/game_1/series/rest-111111/top"",""solutions/game_1/series/rest-111111/bot""],""single"":[""solutions/game_1/single/rest-111111/top"",""solutions/game_1/single/rest-111111/bot""]}","[1,1,1,1,1,1]","[1,1,1,1,1,1]",0,0,4,2,home_win,home,0,84
5863,2,"{""series"":[""solutions/game_2/series/home_wins_1/rest-011001/top"",""solutions/game_2/series/home_wins_1/rest-001011/bot""],""single"":[""solutions/game_2/single/rest-011001/top"",""solutions/game_2/single/rest-001011/bot""]}","[0,1,1,0,0,1]","[0,0,1,0,1,1]",1,0,5,2,home_win,home,0,78
5863,3,"{""series"":[""solutions/game_3/series/home_wins_2/rest-111100/top"",""solutions/game_3/series/home_wins_2/rest-111110/bot""],""single"":[""solutions/game_3/single/rest-111100/top"",""solutions/game_3/single/rest-111110/bot""]}","[1,1,1,1,0,0]","[1,1,1,1,1,0]",2,0,2,10,away_win,away,0,81
5863,4,"{""series"":[""solutions/game_4/series/home_wins_2/rest-101101/top"",""solutions/game_4/series/home_wins_2/rest-001011/bot""],""single"":[""solutions/game_4/single/rest-101101/top"",""solutions/game_4/single/rest-001011/bot""]}","[1,0,1,1,0,1]","[0,0,1,0,1,1]",2,1,2,10,away_win,away,0,83
5863,5,"{""series"":[""solutions/game_5/single/rest-111110/top"",""solutions/game_5/single/rest-110111/bot""],""single"":[""solutions/game_5/single/rest-111110/top"",""solutions/game_5/single/rest-110111/bot""]}","[1,1,1,1,1,0]","[1,1,0,1,1,1]",2,2,4,7,away_win,away,0,89
5864,1,"{""series"":[""solutions/game_1/series/rest-111111/top"",""solutions/game_1/series/rest-111111/bot""],""single"":[""solutions/game_1/single/rest-111111/top"",""solutions/game_1/single/rest-111111/bot""]}","[1,1,1,1,1,1]","[1,1,1,1,1,1]",0,0,5,1,home_win,home,0,77
5864,2,"{""series"":[""solutions/game_2/series/home_wins_1/rest-110011/top"",""solutions/game_2/series/home_wins_1/rest-001011/bot""],""single"":[""solutions/game_2/single/rest-110011/top"",""solutions/game_2/single/rest-001011/bot""]}","[1,1,0,0,1,1]","[0,0,1,0,1,1]",1,0,5,3,home_win,home,0,84
5864,3,"{""series"":[""solutions/game_3/series/home_wins_2/rest-101100/top"",""solutions/game_3/series/home_wins_2/rest-110101/bot""],""single"":[""solutions/game_3/single/rest-101100/top"",""solutions/game_3/single/rest-110101/bot""]}","[1,0,1,1,0,0]","[1,1,0,1,0,1]",2,0,4,12,away_win,away,0,82
5864,4,"{""series"":[""solutions/game_4/series/home_wins_2/rest-010111/top"",""solutions/game_4/series/home_wins_2/rest-101111/bot""],""single"":[""solutions/game_4/single/rest-010111/top"",""solutions/game_4/single/rest-101111/bot""]}","[0,1,0,1,1,1]","[1,0,1,1,1,1]",2,1,1,5,away_win,away,0,80
5864,5,"{""series"":[""solutions/game_5/single/rest-101111/top"",""solutions/game_5/single/rest-011110/bot""],""single"":[""solutions/game_5/single/rest-101111/top"",""solutions/game_5/single/rest-011110/bot""]}","[1,0,1,1,1,1]","[0,1,1,1,1,0]",2,2,2,6,away_win,away,0,81
5865,1,"{""series"":[""solutions/game_1/series/rest-111111/top"",""solutions/game_1/series/rest-111111/bot""],""single"":[""solutions/game_1/single/rest-111111/top"",""solutions/game_1/single/rest-111111/bot""]}","[1,1,1,1,1,1]","[1,1,1,1,1,1]",0,0,7,4,home_win,home,0,85
5865,2,"{""series"":[""solutions/game_2/series/home_wins_1/rest-110001/top"",""solutions/game_2/series/home_wins_1/rest-001010/bot""],""single"":[""solutions/game_2/single/rest-110001/top"",""solutions/game_2/single/rest-001010/bot""]}","[1,1,0,0,0,1]","[0,0,1,0,1,0]",1,0,5,13,away_win,away,0,91
5865,3,"{""series"":[""solutions/game_3/series/home_wins_1/rest-110110/top"",""solutions/game_3/series/home_wins_1/rest-111100/bot""],""single"":[""solutions/game_3/single/rest-110110/top"",""solutions/game_3/single/rest-111100/bot""]}","[1,1,0,1,1,0]","[1,1,1,1,0,0]",1,1,4,2,home_win,home,0,73
5865,4,"{""series"":[""solutions/game_4/series/home_wins_2/rest-111001/top"",""solutions/game_4/series/home_wins_2/rest-101111/bot""],""single"":[""solutions/game_4/single/rest-111001/top"",""solutions/game_4/single/rest-101111/bot""]}","[1,1,1,0,0,1]","[1,0,1,1,1,1]",2,1,0,8,away_win,away,0,49
5865,5,"{""series"":[""solutions/game_5/single/rest-111111/top"",""solutions/game_5/single/rest-111111/bot""],""single"":[""solutions/game_5/single/rest-111111/top"",""solutions/game_5/single/rest-111111/bot""]}","[1,1,1,1,1,1]","[1,1,1,1,1,1]",2,2,1,7,away_win,away,0,86
5866,1,"{""series"":[""solutions/game_1/series/rest-111111/top"",""solutions/game_1/series/rest-111111/bot""],""single"":[""solutions/game_1/single/rest-111111/top"",""solutions/game_1/single/rest-111111/bot""]}","[1,1,1,1,1,1]","[1,1,1,1,1,1]",0,0,7,3,home_win,home,0,77
5866,2,"{""series"":[""solutions/game_2/series/home_wins_1/rest-101111/top"",""solutions/game_2/series/home_wins_1/rest-001110/bot""],""single"":[""solutions/game_2/single/rest-101111/top"",""solutions/game_2/single/rest-001110/bot""]}","[1,0,1,1,1,1]","[0,0,1,1,1,0]",1,0,6,5,home_win,home,0,85
5866,3,"{""series"":[""solutions/game_3/series/home_wins_2/rest-110011/top"",""solutions/game_3/series/home_wins_2/rest-011001/bot""],""single"":[""solutions/game_3/single/rest-110011/top"",""solutions/game_3/single/rest-011001/bot""]}","[1,1,0,0,1,1]","[0,1,1,0,0,1]",2,0,1,10,away_win,away,0,58
5866,4,"{""series"":[""solutions/game_4/series/home_wins_2/rest-101011/top"",""solutions/game_4/series/home_wins_2/rest-111111/bot""],""single"":[""solutions/game_4/single/rest-101011/top"",""solutions/game_4/single/rest-111111/bot""]}","[1,0,1,0,1,1]","[1,1,1,1,1,1]",2,1,8,7,home_win,home,0,97
5866,5,"{""series"":[""solutions/game_5/single/rest-011110/top"",""solutions/game_5/single/rest-001100/bot""],""single"":[""solutions/game_5/single/rest-011110/top"",""solutions/game_5/single/rest-001100/bot""]}","[0,1,1,1,1,0]","[0,0,1,1,0,0]",3,1,3,6,away_win,away,1,88
5867,1,"{""series"":[""solutions/game_1/series/rest-111111/top"",""solutions/game_1/series/rest-111111/bot""],""single"":[""solutions/game_1/single/rest-111111/top"",""solutions/game_1/single/rest-111111/bot""]}","[1,1,1,1,1,1]","[1,1,1,1,1,1]",0,0,5,9,away_win,away,0,85
5867,2,"{""series"":[""solutions/game_2/series/home_wins_0/rest-111001/top"",""solutions/game_2/series/home_wins_0/rest-011111/bot""],""single"":[""solutions/game_2/single/rest-111001/top"",""solutions/game_2/single/rest-011111/bot""]}","[1,1,1,0,0,1]","[0,1,1,1,1,1]",0,1,4,6,away_win,away,0,90
5867,3,"{""series"":[""solutions/game_3/series/home_wins_0/rest-001101/top"",""solutions/game_3/series/home_wins_0/rest-001010/bot""],""single"":[""solutions/game_3/single/rest-001101/top"",""solutions/game_3/single/rest-001010/bot""]}","[0,0,1,1,0,1]","[0,0,1,0,1,0]",0,2,9,10,away_win,away,0,91
5867,4,"{""series"":[""solutions/game_4/single/rest-110010/top"",""solutions/game_4/single/rest-111100/bot""],""single"":[""solutions/game_4/single/rest-110010/top"",""solutions/game_4/single/rest-111100/bot""]}","[1,1,0,0,1,0]","[1,1,1,1,0,0]",0,3,9,6,home_win,home,1,87
5867,5,"{""series"":[""solutions/game_5/single/rest-011111/top"",""solutions/game_5/single/rest-011011/bot""],""single"":[""solutions/game_5/single/rest-011111/top"",""solutions/game_5/single/rest-011011/bot""]}","[0,1,1,1,1,1]","[0,1,1,0,1,1]",1,3,2,3,away_win,away,1,82
5868,1,"{""series"":[""solutions/game_1/series/rest-111111/top"",""solutions/game_1/series/rest-111111/bot""],""single"":[""solutions/game_1/single/rest-111111/top"",""solutions/game_1/single/rest-111111/bot""]}","[1,1,1,1,1,1]","[1,1,1,1,1,1]",0,0,1,4,away_win,away,0,75
5868,2,"{""series"":[""solutions/game_2/series/home_wins_0/rest-011111/top"",""solutions/game_2/series/home_wins_0/rest-001011/bot""],""single"":[""solutions/game_2/single/rest-011111/top"",""solutions/game_2/single/rest-001011/bot""]}","[0,1,1,1,1,1]","[0,0,1,0,1,1]",0,1,1,4,away_win,away,0,82
5868,3,"{""series"":[""solutions/game_3/series/home_wins_0/rest-011101/top"",""solutions/game_3/series/home_wins_0/rest-110100/bot""],""single"":[""solutions/game_3/single/rest-011101/top"",""solutions/game_3/single/rest-110100/bot""]}","[0,1,1,1,0,1]","[1,1,0,1,0,0]",0,2,8,1,home_win,home,0,80
5868,4,"{""series"":[""solutions/game_4/series/home_wins_1/rest-101111/top"",""solutions/game_4/series/home_wins_1/rest-001011/bot""],""single"":[""solutions/game_4/single/rest-101111/top"",""solutions/game_4/single/rest-001011/bot""]}","[1,0,1,1,1,1]","[0,0,1,0,1,1]",1,2,3,6,away_win,away,0,85
5868,5,"{""series"":[""solutions/game_5/single/rest-000001/top"",""solutions/game_5/single/rest-110111/bot""],""single"":[""solutions/game_5/single/rest-000001/top"",""solutions/game_5/single/rest-110111/bot""]}","[0,0,0,0,0,1]","[1,1,0,1,1,1]",1,3,7,15,away_win,away,1,62
5869,1,"{""series"":[""solutions/game_1/series/rest-111111/top"",""solutions/game_1/series/rest-111111/bot""],""single"":[""solutions/game_1/single/rest-111111/top"",""solutions/game_1/single/rest-111111/bot""]}","[1,1,1,1,1,1]","[1,1,1,1,1,1]",0,0,7,5,home_win,home,0,91
5869,2,"{""series"":[""solutions/game_2/series/home_wins_1/rest-011100/top"",""solutions/game_2/series/home_wins_1/rest-001100/bot""],""single"":[""solutions/game_2/single/rest-011100/top"",""solutions/game_2/single/rest-001100/bot""]}","[0,1,1,1,0,0]","[0,0,1,1,0,0]",1,0,7,14,away_win,away,0,101
5869,3,"{""series"":[""solutions/game_3/series/home_wins_1/rest-110011/top"",""solutions/game_3/series/home_wins_1/rest-111011/bot""],""single"":[""solutions/game_3/single/rest-110011/top"",""solutions/game_3/single/rest-111011/bot""]}","[1,1,0,0,1,1]","[1,1,1,0,1,1]",1,1,7,2,home_win,home,0,82
5869,4,"{""series"":[""solutions/game_4/series/home_wins_2/rest-111101/top"",""solutions/game_4/series/home_wins_2/rest-011100/bot""],""single"":[""solutions/game_4/single/rest-111101/top"",""solutions/game_4/single/rest-011100/bot""]}","[1,1,1,1,0,1]","[0,1,1,1,0,0]",2,1,6,1,home_win,home,0,79
5869,5,"{""series"":[""solutions/game_5/single/rest-111000/top"",""solutions/game_5/single/rest-110011/bot""],""single"":[""solutions/game_5/single/rest-111000/top"",""solutions/game_5/single/rest-110011/bot""]}","[1,1,1,0,0,0]","[1,1,0,0,1,1]",3,1,1,3,away_win,away,1,83
5870,1,"{""series"":[""solutions/game_1/series/rest-111111/top"",""solutions/game_1/series/rest-111111/bot""],""single"":[""solutions/game_1/single/rest-111111/top"",""solutions/game_1/single/rest-111111/bot""]}","[1,1,1,1,1,1]","[1,1,1,1,1,1]",0,0,3,11,away_win,away,0,63
5870,2,"{""series"":[""solutions/game_2/series/home_wins_0/rest-111001/top"",""solutions/game_2/series/home_wins_0/rest-111011/bot""],""single"":[""solutions/game_2/single/rest-111001/top"",""solutions/game_2/single/rest-111011/bot""]}","[1,1,1,0,0,1]","[1,1,1,0,1,1]",0,1,7,9,away_win,away,0,88
5870,3,"{""series"":[""solutions/game_3/series/home_wins_0/rest-001110/top"",""solutions/game_3/series/home_wins_0/rest-001000/bot""],""single"":[""solutions/game_3/single/rest-001110/top"",""solutions/game_3/single/rest-001000/bot""]}","[0,0,1,1,1,0]","[0,0,1,0,0,0]",0,2,0,10,away_win,away,0,40
5870,4,"{""series"":[""solutions/game_4/single/rest-111111/top"",""solutions/game_4/single/rest-101111/bot""],""single"":[""solutions/game_4/single/rest-111111/top"",""solutions/game_4/single/rest-101111/bot""]}","[1,1,1,1,1,1]","[1,0,1,1,1,1]",0,3,3,7,away_win,away,1,88
5870,5,"{""series"":[""solutions/game_5/single/rest-000001/top"",""solutions/game_5/single/rest-010110/bot""],""single"":[""solutions/game_5/single/rest-000001/top"",""solutions/game_5/single/rest-010110/bot""]}","[0,0,0,0,0,1]","[0,1,0,1,1,0]",0,4,9,4,home_win,home,1,77
5871,1,"{""series"":[""solutions/game_1/series/rest-111111/top"",""solutions/game_1/series/rest-111111/bot""],""single"":[""solutions/game_1/single/rest-111111/top"",""solutions/game_1/single/rest-111111/bot""]}","[1,1,1,1,1,1]","[1,1,1,1,1,1]",0,0,1,10,away_win,away,0,60
5871,2,"{""series"":[""solutions/game_2/series/home_wins_0/rest-011111/top"",""solutions/game_2/series/home_wins_0/rest-111111/bot""],""single"":[""solutions/game_2/single/rest-011111/top"",""solutions/game_2/single/rest-111111/bot""]}","[0,1,1,1,1,1]","[1,1,1,1,1,1]",0,1,3,4,away_win,away,0,86
5871,3,"{""series"":[""solutions/game_3/series/home_wins_0/rest-110001/top"",""solutions/game_3/series/home_wins_0/rest-001111/bot""],""single"":[""solutions/game_3/single/rest-110001/top"",""solutions/game_3/single/rest-001111/bot""]}","[1,1,0,0,0,1]","[0,0,1,1,1,1]",0,2,3,7,away_win,away,0,82
5871,4,"{""series"":[""solutions/game_4/single/rest-001110/top"",""solutions/game_4/single/rest-110110/bot""],""single"":[""solutions/game_4/single/rest-001110/top"",""solutions/game_4/single/rest-110110/bot""]}","[0,0,1,1,1,0]","[1,1,0,1,1,0]",0,3,5,4,home_win,home,1,78
5871,5,"{""series"":[""solutions/game_5/single/rest-111011/top"",""solutions/game_5/single/rest-001111/bot""],""single"":[""solutions/game_5/single/rest-111011/top"",""solutions/game_5/single/rest-001111/bot""]}","[1,1,1,0,1,1]","[0,0,1,1,1,1]",1,3,8,4,home_win,home,1,88
5872,1,"{""series"":[""solutions/game_1/series/rest-111111/top"",""solutions/game_1/series/rest-111111/bot""],""single"":[""solutions/game_1/single/rest-111111/top"",""solutions/game_1/single/rest-111111/bot""]}","[1,1,1,1,1,1]","[1,1,1,1,1,1]",0,0,1,7,away_win,away,0,86
5872,2,"{""series"":[""solutions/game_2/series/home_wins_0/rest-111010/top"",""solutions/game_2/series/home_wins_0/rest-001010/bot""],""single"":[""solutions/game_2/single/rest-111010/top"",""solutions/game_2/single/rest-001010/bot""]}","[1,1,1,0,1,0]","[0,0,1,0,1,0]",0,1,5,3,home_win,home,0,79
5872,3,"{""series"":[""solutions/game_3/series/home_wins_1/rest-010101/top"",""solutions/game_3/series/home_wins_1/rest-111001/bot""],""single"":[""solutions/game_3/single/rest-010101/top"",""solutions/game_3/single/rest-111001/bot""]}","[0,1,0,1,0,1]","[1,1,1,0,0,1]",1,1,2,1,home_win,home,0,74
5872,4,"{""series"":[""solutions/game_4/series/home_wins_2/rest-101011/top"",""solutions/game_4/series/home_wins_2/rest-111100/bot""],""single"":[""solutions/game_4/single/rest-101011/top"",""solutions/game_4/single/rest-111100/bot""]}","[1,0,1,0,1,1]","[1,1,1,1,0,0]",2,1,6,2,home_win,home,0,78
5872,5,"{""series"":[""solutions/game_5/single/rest-111101/top"",""solutions/game_5/single/rest-100011/bot""],""single"":[""solutions/game_5/single/rest-111101/top"",""solutions/game_5/single/rest-100011/bot""]}","[1,1,1,1,0,1]","[1,0,0,0,1,1]",3,1,3,2,home_win,home,1,72
5873,1,"{""series"":[""solutions/game_1/series/rest-111111/top"",""solutions/game_1/series/rest-111111/bot""],""single"":[""solutions/game_1/single/rest-111111/top"",""solutions/game_1/single/rest-111111/bot""]}","[1,1,1,1,1,1]","[1,1,1,1,1,1]",0,0,3,2,home_win,home,0,72
5873,2,"{""series"":[""solutions/game_2/series/home_wins_1/rest-110011/top"",""solutions/game_2/series/home_wins_1/rest-011011/bot""],""single"":[""solutions/game_2/single/rest-110011/top"",""solutions/game_2/single/rest-011011/bot""]}","[1,1,0,0,1,1]","[0,1,1,0,1,1]",1,0,8,6,home_win,home,0,83
5873,3,"{""series"":[""solutions/game_3/series/home_wins_2/rest-011100/top"",""solutions/game_3/series/home_wins_2/rest-101101/bot""],""single"":[""solutions/game_3/single/rest-011100/top"",""solutions/game_3/single/rest-101101/bot""]}","[0,1,1,1,0,0]","[1,0,1,1,0,1]",2,0,7,5,home_win,home,0,86
5873,4,"{""series"":[""solutions/game_4/single/rest-111011/top"",""solutions/game_4/single/rest-000110/bot""],""single"":[""solutions/game_4/single/rest-111011/top"",""solutions/game_4/single/rest-000110/bot""]}","[1,1,1,0,1,1]","[0,0,0,1,1,0]",3,0,8,5,home_win,home,1,81
5873,5,"{""series"":[""solutions/game_5/single/rest-011100/top"",""solutions/game_5/single/rest-111101/bot""],""single"":[""solutions/game_5/single/rest-011100/top"",""solutions/game_5/single/rest-111101/bot""]}","[0,1,1,1,0,0]","[1,1,1,1,0,1]",4,0,9,5,home_win,home,1,90
5874,1,"{""series"":[""solutions/game_1/series/rest-111111/top"",""solutions/game_1/series/rest-111111/bot""],""single"":[""solutions/game_1/single/rest-111111/top"",""solutions/game_1/single/rest-111111/bot""]}","[1,1,1,1,1,1]","[1,1,1,1,1,1]",0,0,5,6,away_win,away,0,99
5874,2,"{""series"":[""solutions/game_2/series/home_wins_0/rest-000011/top"",""solutions/game_2/series/home_wins_0/rest-100001/bot""],""single"":[""solutions/game_2/single/rest-000011/top"",""solutions/game_2/single/rest-100001/bot""]}","[0,0,0,0,1,1]","[1,0,0,0,0,1]",0,1,5,6,away_win,away,0,88
5874,3,"{""series"":[""solutions/game_3/series/home_wins_0/rest-101110/top"",""solutions/game_3/series/home_wins_0/rest-011111/bot""],""single"":[""solutions/game_3/single/rest-101110/top"",""solutions/game_3/single/rest-011111/bot""]}","[1,0,1,1,1,0]","[0,1,1,1,1,1]",0,2,5,8,away_win,away,0,87
5874,4,"{""series"":[""solutions/game_4/single/rest-100100/top"",""solutions/game_4/single/rest-101001/bot""],""single"":[""solutions/game_4/single/rest-100100/top"",""solutions/game_4/single/rest-101001/bot""]}","[1,0,0,1,0,0]","[1,0,1,0,0,1]",0,3,6,8,away_win,away,1,95
5874,5,"{""series"":[""solutions/game_5/single/rest-011111/top"",""solutions/game_5/single/rest-011110/bot""],""single"":[""solutions/game_5/single/rest-011111/top"",""solutions/game_5/single/rest-011110/bot""]}","[0,1,1,1,1,1]","[0,1,1,1,1,0]",0,4,5,9,away_win,away,1,90
5875,1,"{""series"":[""solutions/game_1/series/rest-111111/top"",""solutions/game_1/series/rest-111111/bot""],""single"":[""solutions/game_1/single/rest-111111/top"",""solutions/game_1/single/rest-111111/bot""]}","[1,1,1,1,1,1]","[1,1,1,1,1,1]",0,0,1,10,away_win,away,0,79
5875,2,"{""series"":[""solutions/game_2/series/home_wins_0/rest-111100/top"",""solutions/game_2/series/home_wins_0/rest-001011/bot""],""single"":[""solutions/game_2/single/rest-111100/top"",""solutions/game_2/single/rest-001011/bot""]}","[1,1,1,1,0,0]","[0,0,1,0,1,1]",0,1,2,5,away_win,away,0,82
5875,3,"{""series"":[""solutions/game_3/series/home_wins_0/rest-001011/top"",""solutions/game_3/series/home_wins_0/rest-011011/bot""],""single"":[""solutions/game_3/single/rest-001011/top"",""solutions/game_3/single/rest-011011/bot""]}","[0,0,1,0,1,1]","[0,1,1,0,1,1]",0,2,0,8,away_win,away,0,37
5875,4,"{""series"":[""solutions/game_4/single/rest-111111/top"",""solutions/game_4/single/rest-111111/bot""],""single"":[""solutions/game_4/single/rest-111111/top"",""solutions/game_4/single/rest-111111/bot""]}","[1,1,1,1,1,1]","[1,1,1,1,1,1]",0,3,11,7,home_win,home,1,92
5875,5,"{""series"":[""solutions/game_5/single/rest-110000/top"",""solutions/game_5/single/rest-110110/bot""],""single"":[""solutions/game_5/single/rest-110000/top"",""solutions/game_5/single/rest-110110/bot""]}","[1,1,0,0,0,0]","[1,1,0,1,1,0]",1,3,5,10,away_win,away,1,98
5876,1,"{""series"":[""solutions/game_1/series/rest-111111/top"",""solutions/game_1/series/rest-111111/bot""],""single"":[""solutions/game_1/single/rest-111111/top"",""solutions/game_1/single/rest-111111/bot""]}","[1,1,1,1,1,1]","[1,1,1,1,1,1]",0,0,5,1,home_win,home,0,75
5876,2,"{""series"":[""solutions/game_2/series/home_wins_1/rest-111101/top"",""solutions/game_2/series/home_wins_1/rest-011011/bot""],""single"":[""solutions/game_2/single/rest-111101/top"",""solutions/game_2/single/rest-011011/bot""]}","[1,1,1,1,0,1]","[0,1,1,0,1,1]",1,0,8,5,home_win,home,0,78
5876,3,"{""series"":[""solutions/game_3/series/home_wins_2/rest-010111/top"",""solutions/game_3/series/home_wins_2/rest-111110/bot""],""single"":[""solutions/game_3/single/rest-010111/top"",""solutions/game_3/single/rest-111110/bot""]}","[0,1,0,1,1,1]","[1,1,1,1,1,0]",2,0,3,7,away_win,away,0,86
5876,4,"{""series"":[""solutions/game_4/series/home_wins_2/rest-111010/top"",""solutions/game_4/series/home_wins_2/rest-010010/bot""],""single"":[""solutions/game_4/single/rest-111010/top"",""solutions/game_4/single/rest-010010/bot""]}","[1,1,1,0,1,0]","[0,1,0,0,1,0]",2,1,4,5,away_win,away,0,91
5876,5,"{""series"":[""solutions/game_5/single/rest-111101/top"",""solutions/game_5/single/rest-101101/bot""],""single"":[""solutions/game_5/single/rest-111101/top"",""solutions/game_5/single/rest-101101/bot""]}","[1,1,1,1,0,1]","[1,0,1,1,0,1]",2,2,8,6,home_win,home,0,84
5877,1,"{""series"":[""solutions/game_1/series/rest-111111/top"",""solutions/game_1/series/rest-111111/bot""],""single"":[""solutions/game_1/single/rest-111111/top"",""solutions/game_1/single/rest-111111/bot""]}","[1,1,1,1,1,1]","[1,1,1,1,1,1]",0,0,3,7,away_win,away,0,82
5877,2,"{""series"":[""solutions/game_2/series/home_wins_0/rest-111001/top"",""solutions/game_2/series/home_wins_0/rest-001010/bot""],""single"":[""solutions/game_2/single/rest-111001/top"",""solutions/game_2/single/rest-001010/bot""]}","[1,1,1,0,0,1]","[0,0,1,0,1,0]",0,1,2,1,home_win,home,0,70
5877,3,"{""series"":[""solutions/game_3/series/home_wins_1/rest-010110/top"",""solutions/game_3/series/home_wins_1/rest-100011/bot""],""single"":[""solutions/game_3/single/rest-010110/top"",""solutions/game_3/single/rest-100011/bot""]}","[0,1,0,1,1,0]","[1,0,0,0,1,1]",1,1,1,5,away_win,away,0,85
5877,4,"{""series"":[""solutions/game_4/series/home_wins_1/rest-111001/top"",""solutions/game_4/series/home_wins_1/rest-101111/bot""],""single"":[""solutions/game_4/single/rest-111001/top"",""solutions/game_4/single/rest-101111/bot""]}","[1,1,1,0,0,1]","[1,0,1,1,1,1]",1,2,9,10,away_win,away,0,89
5877,5,"{""series"":[""solutions/game_5/single/rest-011110/top"",""solutions/game_5/single/rest-010010/bot""],""single"":[""solutions/game_5/single/rest-011110/top"",""solutions/game_5/single/rest-010010/bot""]}","[0,1,1,1,1,0]","[0,1,0,0,1,0]",1,3,5,6,away_win,away,1,84
5878,1,"{""series"":[""solutions/game_1/series/rest-111111/top"",""solutions/game_1/series/rest-111111/bot""],""single"":[""solutions/game_1/single/rest-111111/top"",""solutions/game_1/single/rest-111111/bot""]}","[1,1,1,1,1,1]","[1,1,1,1,1,1]",0,0,3,6,away_win,away,0,86
5878,2,"{""series"":[""solutions/game_2/series/home_wins_0/rest-011101/top"",""solutions/game_2/series/home_wins_0/rest-001110/bot""],""single"":[""solutions/game_2/single/rest-011101/top"",""solutions/game_2/single/rest-001110/bot""]}","[0,1,1,1,0,1]","[0,0,1,1,1,0]",0,1,2,3,away_win,away,0,84
5878,3,"{""series"":[""solutions/game_3/series/home_wins_0/rest-110010/top"",""solutions/game_3/series/home_wins_0/rest-110000/bot""],""single"":[""solutions/game_3/single/rest-110010/top"",""solutions/game_3/single/rest-110000/bot""]}","[1,1,0,0,1,0]","[1,1,0,0,0,0]",0,2,3,5,away_win,away,0,84
5878,4,"{""series"":[""solutions/game_4/single/rest-011100/top"",""solutions/game_4/single/rest-001111/bot""],""single"":[""solutions/game_4/single/rest-011100/top"",""solutions/game_4/single/rest-001111/bot""]}","[0,1,1,1,0,0]","[0,0,1,1,1,1]",0,3,7,3,home_win,home,1,75
5878,5,"{""series"":[""solutions/game_5/single/rest-110011/top"",""solutions/game_5/single/rest-111010/bot""],""single"":[""solutions/game_5/single/rest-110011/top"",""solutions/game_5/single/rest-111010/bot""]}","[1,1,0,0,1,1]","[1,1,1,0,1,0]",1,3,6,5,home_win,home,1,92
5879,1,"{""series"":[""solutions/game_1/series/rest-111111/top"",""solutions/game_1/series/rest-111111/bot""],""single"":[""solutions/game_1/single/rest-111111/top"",""solutions/game_1/single/rest-111111/bot""]}","[1,1,1,1,1,1]","[1,1,1,1,1,1]",0,0,4,4,tie,away,0,91
5879,2,"{""series"":[""solutions/game_2/series/home_wins_0/rest-010111/top"",""solutions/game_2/series/home_wins_0/rest-100000/bot""],""single"":[""solutions/game_2/single/rest-010111/top"",""solutions/game_2/single/rest-100000/bot""]}","[0,1,0,1,1,1]","[1,0,0,0,0,0]",0,1,6,8,away_win,away,0,90
5879,3,"{""series"":[""solutions/game_3/series/home_wins_0/rest-111001/top"",""solutions/game_3/series/home_wins_0/rest-110111/bot""],""single"":[""solutions/game_3/single/rest-111001/top"",""solutions/game_3/single/rest-110111/bot""]}","[1,1,1,0,0,1]","[1,1,0,1,1,1]",0,2,3,2,home_win,home,0,86
5879,4,"{""series"":[""solutions/game_4/series/home_wins_1/rest-000111/top"",""solutions/game_4/series/home_wins_1/rest-001011/bot""],""single"":[""solutions/game_4/single/rest-000111/top"",""solutions/game_4/single/rest-001011/bot""]}","[0,0,0,1,1,1]","[0,0,1,0,1,1]",1,2,4,3,home_win,home,0,75
5879,5,"{""series"":[""solutions/game_5/single/rest-111001/top"",""solutions/game_5/single/rest-111100/bot""],""single"":[""solutions/game_5/single/rest-111001/top"",""solutions/game_5/single/rest-111100/bot""]}","[1,1,1,0,0,1]","[1,1,1,1,0,0]",2,2,9,0,home_win,home,0,25
5880,1,"{""series"":[""solutions/game_1/series/rest-111111/top"",""solutions/game_1/series/rest-111111/bot""],""single"":[""solutions/game_1/single/rest-111111/top"",""solutions/game_1/single/rest-111111/bot""]}","[1,1,1,1,1,1]","[1,1,1,1,1,1]",0,0,4,6,away_win,away,0,95
5880,2,"{""series"":[""solutions/game_2/series/home_wins_0/rest-011101/top"",""solutions/game_2/series/home_wins_0/rest-001000/bot""],""single"":[""solutions/game_2/single/rest-011101/top"",""solutions/game_2/single/rest-001000/bot""]}","[0,1,1,1,0,1]","[0,0,1,0,0,0]",0,1,1,9,away_win,away,0,75
5880,3,"{""series"":[""solutions/game_3/series/home_wins_0/rest-111110/top"",""solutions/game_3/series/home_wins_0/rest-110011/bot""],""single"":[""solutions/game_3/single/rest-111110/top"",""solutions/game_3/single/rest-110011/bot""]}","[1,1,1,1,1,0]","[1,1,0,0,1,1]",0,2,6,3,home_win,home,0,79
5880,4,"{""series"":[""solutions/game_4/series/home_wins_1/rest-111101/top"",""solutions/game_4/series/home_wins_1/rest-001110/bot""],""single"":[""solutions/game_4/single/rest-111101/top"",""solutions/game_4/single/rest-001110/bot""]}","[1,1,1,1,0,1]","[0,0,1,1,1,0]",1,2,6,3,home_win,home,0,79
5880,5,"{""series"":[""solutions/game_5/single/rest-010010/top"",""solutions/game_5/single/rest-110111/bot""],""single"":[""solutions/game_5/single/rest-010010/top"",""solutions/game_5/single/rest-110111/bot""]}","[0,1,0,0,1,0]","[1,1,0,1,1,1]",2,2,3,9,away_win,away,0,92
5881,1,"{""series"":[""solutions/game_1/series/rest-111111/top"",""solutions/game_1/series/rest-111111/bot""],""single"":[""solutions/game_1/single/rest-111111/top"",""solutions/game_1/single/rest-111111/bot""]}","[1,1,1,1,1,1]","[1,1,1,1,1,1]",0,0,2,4,away_win,away,0,79
5881,2,"{""series"":[""solutions/game_2/series/home_wins_0/rest-101111/top"",""solutions/game_2/series/home_wins_0/rest-001010/bot""],""single"":[""solutions/game_2/single/rest-101111/top"",""solutions/game_2/single/rest-001010/bot""]}","[1,0,1,1,1,1]","[0,0,1,0,1,0]",0,1,10,6,home_win,home,0,87
5881,3,"{""series"":[""solutions/game_3/series/home_wins_1/rest-101100/top"",""solutions/game_3/series/home_wins_1/rest-110111/bot""],""single"":[""solutions/game_3/single/rest-101100/top"",""solutions/game_3/single/rest-110111/bot""]}","[1,0,1,1,0,0]","[1,1,0,1,1,1]",1,1,4,5,away_win,away,0,86
5881,4,"{""series"":[""solutions/game_4/series/home_wins_1/rest-111101/top"",""solutions/game_4/series/home_wins_1/rest-001011/bot""],""single"":[""solutions/game_4/single/rest-111101/top"",""solutions/game_4/single/rest-001011/bot""]}","[1,1,1,1,0,1]","[0,0,1,0,1,1]",1,2,12,9,home_win,home,0,94
5881,5,"{""series"":[""solutions/game_5/single/rest-111110/top"",""solutions/game_5/single/rest-110100/bot""],""single"":[""solutions/game_5/single/rest-111110/top"",""solutions/game_5/single/rest-110100/bot""]}","[1,1,1,1,1,0]","[1,1,0,1,0,0]",2,2,5,8,away_win,away,0,80
5882,1,"{""series"":[""solutions/game_1/series/rest-111111/top"",""solutions/game_1/series/rest-111111/bot""],""single"":[""solutions/game_1/single/rest-111111/top"",""solutions/game_1/single/rest-111111/bot""]}","[1,1,1,1,1,1]","[1,1,1,1,1,1]",0,0,11,2,home_win,home,0,80
5882,2,"{""series"":[""solutions/game_2/series/home_wins_1/rest-111001/top"",""solutions/game_2/series/home_wins_1/rest-000111/bot""],""single"":[""solutions/game_2/single/rest-111001/top"",""solutions/game_2/single/rest-000111/bot""]}","[1,1,1,0,0,1]","[0,0,0,1,1,1]",1,0,6,9,away_win,away,0,87
5882,3,"{""series"":[""solutions/game_3/series/home_wins_1/rest-001110/top"",""solutions/game_3/series/home_wins_1/rest-111010/bot""],""single"":[""solutions/game_3/single/rest-001110/top"",""solutions/game_3/single/rest-111010/bot""]}","[0,0,1,1,1,0]","[1,1,1,0,1,0]",1,1,3,1,home_win,home,0,69
5882,4,"{""series"":[""solutions/game_4/series/home_wins_2/rest-110111/top"",""solutions/game_4/series/home_wins_2/rest-101101/bot""],""single"":[""solutions/game_4/single/rest-110111/top"",""solutions/game_4/single/rest-101101/bot""]}","[1,1,0,1,1,1]","[1,0,1,1,0,1]",2,1,8,0,home_win,home,0,34
5882,5,"{""series"":[""solutions/game_5/single/rest-111111/top"",""solutions/game_5/single/rest-111111/bot""],""single"":[""solutions/game_5/single/rest-111111/top"",""solutions/game_5/single/rest-111111/bot""]}","[1,1,1,1,1,1]","[1,1,1,1,1,1]",3,1,8,5,home_win,home,1,91
5883,1,"{""series"":[""solutions/game_1/series/rest-111111/top"",""solutions/game_1/series/rest-111111/bot""],""single"":[""solutions/game_1/single/rest-111111/top"",""solutions/game_1/single/rest-111111/bot""]}","[1,1,1,1,1,1]","[1,1,1,1,1,1]",0,0,0,1,away_win,away,0,69
5883,2,"{""series"":[""solutions/game_2/series/home_wins_0/rest-111011/top"",""solutions/game_2/series/home_wins_0/rest-001011/bot""],""single"":[""solutions/game_2/single/rest-111011/top"",""solutions/game_2/single/rest-001011/bot""]}","[1,1,1,0,1,1]","[0,0,1,0,1,1]",0,1,8,5,home_win,home,0,86
5883,3,"{""series"":[""solutions/game_3/series/home_wins_1/rest-111101/top"",""solutions/game_3/series/home_wins_1/rest-111100/bot""],""single"":[""solutions/game_3/single/rest-111101/top"",""solutions/game_3/single/rest-111100/bot""]}","[1,1,1,1,0,1]","[1,1,1,1,0,0]",1,1,2,5,away_win,away,0,77
5883,4,"{""series"":[""solutions/game_4/series/home_wins_1/rest-110011/top"",""solutions/game_4/series/home_wins_1/rest-001011/bot""],""single"":[""solutions/game_4/single/rest-110011/top"",""solutions/game_4/single/rest-001011/bot""]}","[1,1,0,0,1,1]","[0,0,1,0,1,1]",1,2,9,0,home_win,home,0,27
5883,5,"{""series"":[""solutions/game_5/single/rest-111111/top"",""solutions/game_5/single/rest-111011/bot""],""single"":[""solutions/game_5/single/rest-111111/top"",""solutions/game_5/single/rest-111011/bot""]}","[1,1,1,1,1,1]","[1,1,1,0,1,1]",2,2,1,9,away_win,away,0,66
5884,1,"{""series"":[""solutions/game_1/series/rest-111111/top"",""solutions/game_1/series/rest-111111/bot""],""single"":[""solutions/game_1/single/rest-111111/top"",""solutions/game_1/single/rest-111111/bot""]}","[1,1,1,1,1,1]","[1,1,1,1,1,1]",0,0,6,2,home_win,home,0,74
5884,2,"{""series"":[""solutions/game_2/series/home_wins_1/rest-110101/top"",""solutions/game_2/series/home_wins_1/rest-110011/bot""],""single"":[""solutions/game_2/single/rest-110101/top"",""solutions/game_2/single/rest-110011/bot""]}","[1,1,0,1,0,1]","[1,1,0,0,1,1]",1,0,5,3,home_win,home,0,86
5884,3,"{""series"":[""solutions/game_3/series/home_wins_2/rest-001110/top"",""solutions/game_3/series/home_wins_2/rest-001110/bot""],""single"":[""solutions/game_3/single/rest-001110/top"",""solutions/game_3/single/rest-001110/bot""]}","[0,0,1,1,1,0]","[0,0,1,1,1,0]",2,0,0,8,away_win,away,0,53
5884,4,"{""series"":[""solutions/game_4/series/home_wins_2/rest-111111/top"",""solutions/game_4/series/home_wins_2/rest-111111/bot""],""single"":[""solutions/game_4/single/rest-111111/top"",""solutions/game_4/single/rest-111111/bot""]}","[1,1,1,1,1,1]","[1,1,1,1,1,1]",2,1,8,0,home_win,home,0,44
5884,5,"{""series"":[""solutions/game_5/single/rest-111101/top"",""solutions/game_5/single/rest-111011/bot""],""single"":[""solutions/game_5/single/rest-111101/top"",""solutions/game_5/single/rest-111011/bot""]}","[1,1,1,1,0,1]","[1,1,1,0,1,1]",3,1,2,7,away_win,away,1,80
5885,1,"{""series"":[""solutions/game_1/series/rest-111111/top"",""solutions/game_1/series/rest-111111/bot""],""single"":[""solutions/game_1/single/rest-111111/top"",""solutions/game_1/single/rest-111111/bot""]}","[1,1,1,1,1,1]","[1,1,1,1,1,1]",0,0,6,7,away_win,away,0,86
5885,2,"{""series"":[""solutions/game_2/series/home_wins_0/rest-110001/top"",""solutions/game_2/series/home_wins_0/rest-001110/bot""],""single"":[""solutions/game_2/single/rest-110001/top"",""solutions/game_2/single/rest-001110/bot""]}","[1,1,0,0,0,1]","[0,0,1,1,1,0]",0,1,6,1,home_win,home,0,74
5885,3,"{""series"":[""solutions/game_3/series/home_wins_1/rest-111111/top"",""solutions/game_3/series/home_wins_1/rest-011001/bot""],""single"":[""solutions/game_3/single/rest-111111/top"",""solutions/game_3/single/rest-011001/bot""]}","[1,1,1,1,1,1]","[0,1,1,0,0,1]",1,1,2,4,away_win,away,0,72
5885,4,"{""series"":[""solutions/game_4/series/home_wins_1/rest-111101/top"",""solutions/game_4/series/home_wins_1/rest-111110/bot""],""single"":[""solutions/game_4/single/rest-111101/top"",""solutions/game_4/single/rest-111110/bot""]}","[1,1,1,1,0,1]","[1,1,1,1,1,0]",1,2,1,4,away_win,away,0,77
5885,5,"{""series"":[""solutions/game_5/single/rest-010011/top"",""solutions/game_5/single/rest-001011/bot""],""single"":[""solutions/game_5/single/rest-010011/top"",""solutions/game_5/single/rest-001011/bot""]}","[0,1,0,0,1,1]","[0,0,1,0,1,1]",1,3,8,0,home_win,home,1,26
5886,1,"{""series"":[""solutions/game_1/series/rest-111111/top"",""solutions/game_1/series/rest-111111/bot""],""single"":[""solutions/game_1/single/rest-111111/top"",""solutions/game_1/single/rest-111111/bot""]}","[1,1,1,1,1,1]","[1,1,1,1,1,1]",0,0,4,0,home_win,home,0,78
5886,2,"{""series"":[""solutions/game_2/series/home_wins_1/rest-101001/top"",""solutions/game_2/series/home_wins_1/rest-101010/bot""],""single"":[""solutions/game_2/single/rest-101001/top"",""solutions/game_2/single/rest-101010/bot""]}","[1,0,1,0,0,1]","[1,0,1,0,1,0]",1,0,4,7,away_win,away,0,85
5886,3,"{""series"":[""solutions/game_3/series/home_wins_1/rest-111110/top"",""solutions/game_3/series/home_wins_1/rest-010100/bot""],""single"":[""solutions/game_3/single/rest-111110/top"",""solutions/game_3/single/rest-010100/bot""]}","[1,1,1,1,1,0]","[0,1,0,1,0,0]",1,1,0,8,away_win,away,0,53
5886,4,"{""series"":[""solutions/game_4/series/home_wins_1/rest-111110/top"",""solutions/game_4/series/home_wins_1/rest-111111/bot""],""single"":[""solutions/game_4/single/rest-111110/top"",""solutions/game_4/single/rest-111111/bot""]}","[1,1,1,1,1,0]","[1,1,1,1,1,1]",1,2,8,7,home_win,home,0,95
5886,5,"{""series"":[""solutions/game_5/single/rest-101011/top"",""solutions/game_5/single/rest-101100/bot""],""single"":[""solutions/game_5/single/rest-101011/top"",""solutions/game_5/single/rest-101100/bot""]}","[1,0,1,0,1,1]","[1,0,1,1,0,0]",2,2,7,5,home_win,home,0,78
5887,1,"{""series"":[""solutions/game_1/series/rest-111111/top"",""solutions/game_1/series/rest-111111/bot""],""single"":[""solutions/game_1/single/rest-111111/top"",""solutions/game_1/single/rest-111111/bot""]}","[1,1,1,1,1,1]","[1,1,1,1,1,1]",0,0,4,13,away_win,away,0,75
5887,2,"{""series"":[""solutions/game_2/series/home_wins_0/rest-111111/top"",""solutions/game_2/series/home_wins_0/rest-101111/bot""],""single"":[""solutions/game_2/single/rest-111111/top"",""solutions/game_2/single/rest-101111/bot""]}","[1,1,1,1,1,1]","[1,0,1,1,1,1]",0,1,3,11,away_win,away,0,85
5887,3,"{""series"":[""solutions/game_3/series/home_wins_0/rest-011011/top"",""solutions/game_3/series/home_wins_0/rest-010110/bot""],""single"":[""solutions/game_3/single/rest-011011/top"",""solutions/game_3/single/rest-010110/bot""]}","[0,1,1,0,1,1]","[0,1,0,1,1,0]",0,2,9,1,home_win,home,0,64
5887,4,"{""series"":[""solutions/game_4/series/home_wins_1/rest-111101/top"",""solutions/game_4/series/home_wins_1/rest-111001/bot""],""single"":[""solutions/game_4/single/rest-111101/top"",""solutions/game_4/single/rest-111001/bot""]}","[1,1,1,1,0,1]","[1,1,1,0,0,1]",1,2,6,3,home_win,home,0,77
5887,5,"{""series"":[""solutions/game_5/single/rest-110011/top"",""solutions/game_5/single/rest-011110/bot""],""single"":[""solutions/game_5/single/rest-110011/top"",""solutions/game_5/single/rest-011110/bot""]}","[1,1,0,0,1,1]","[0,1,1,1,1,0]",2,2,1,6,away_win,away,0,87
5888,1,"{""series"":[""solutions/game_1/series/rest-111111/top"",""solutions/game_1/series/rest-111111/bot""],""single"":[""solutions/game_1/single/rest-111111/top"",""solutions/game_1/single/rest-111111/bot""]}","[1,1,1,1,1,1]","[1,1,1,1,1,1]",0,0,9,8,home_win,home,0,91
5888,2,"{""series"":[""solutions/game_2/series/home_wins_1/rest-010111/top"",""solutions/game_2/series/home_wins_1/rest-101010/bot""],""single"":[""solutions/game_2/single/rest-010111/top"",""solutions/game_2/single/rest-101010/bot""]}","[0,1,0,1,1,1]","[1,0,1,0,1,0]",1,0,5,3,home_win,home,0,83
5888,3,"{""series"":[""solutions/game_3/series/home_wins_2/rest-101001/top"",""solutions/game_3/series/home_wins_2/rest-110101/bot""],""single"":[""solutions/game_3/single/rest-101001/top"",""solutions/game_3/single/rest-110101/bot""]}","[1,0,1,0,0,1]","[1,1,0,1,0,1]",2,0,0,10,away_win,away,0,48
5888,4,"{""series"":[""solutions/game_4/series/home_wins_2/rest-101111/top"",""solutions/game_4/series/home_wins_2/rest-111101/bot""],""single"":[""solutions/game_4/single/rest-101111/top"",""solutions/game_4/single/rest-111101/bot""]}","[1,0,1,1,1,1]","[1,1,1,1,0,1]",2,1,5,3,home_win,home,0,80
5888,5,"{""series"":[""solutions/game_5/single/rest-010001/top"",""solutions/game_5/single/rest-001111/bot""],""single"":[""solutions/game_5/single/rest-010001/top"",""solutions/game_5/single/rest-001111/bot""]}","[0,1,0,0,0,1]","[0,0,1,1,1,1]",3,1,3,11,away_win,away,1,65
