sequence,game,policies,home_initial_rest,away_initial_rest,home_wins_before,away_wins_before,home_score,away_score,terminal_result,winner,post_clinch,decisions
769,1,"{""total"":[""solutions/game_1/total/rest-111111/top"",""solutions/game_1/total/rest-111111/bot""],""single"":[""solutions/game_1/single/rest-111111/top"",""solutions/game_1/single/rest-111111/bot""]}","[1,1,1,1,1,1]","[1,1,1,1,1,1]",0,0,2,5,away_win,away,0,77
769,2,"{""total"":[""solutions/game_2/total/rest-010111/top"",""solutions/game_2/total/rest-101011/bot""],""single"":[""solutions/game_2/single/rest-010111/top"",""solutions/game_2/single/rest-101011/bot""]}","[0,1,0,1,1,1]","[1,0,1,0,1,1]",0,1,9,1,home_win,home,0,61
769,3,"{""total"":[""solutions/game_3/total/rest-100111/top"",""solutions/game_3/total/rest-111111/bot""],""single"":[""solutions/game_3/single/rest-100111/top"",""solutions/game_3/single/rest-111111/bot""]}","[1,0,0,1,1,1]","[1,1,1,1,1,1]",1,1,7,3,home_win,home,0,80
769,4,"{""total"":[""solutions/game_4/total/rest-111100/top"",""solutions/game_4/total/rest-001010/bot""],""single"":[""solutions/game_4/single/rest-111100/top"",""solutions/game_4/single/rest-001010/bot""]}","[1,1,1,1,0,0]","[0,0,1,0,1,0]",2,1,2,1,home_win,home,0,75
769,5,"{""total"":[""solutions/game_5/single/rest-111001/top"",""solutions/game_5/single/rest-111111/bot""],""single"":[""solutions/game_5/single/rest-111001/top"",""solutions/game_5/single/rest-111111/bot""]}","[1,1,1,0,0,1]","[1,1,1,1,1,1]",3,1,8,2,home_win,home,1,74
770,1,"{""total"":[""solutions/game_1/total/rest-111111/top"",""solutions/game_1/total/rest-111111/bot""],""single"":[""solutions/game_1/single/rest-111111/top"",""solutions/game_1/single/rest-111111/bot""]}","[1,1,1,1,1,1]","[1,1,1,1,1,1]",0,0,5,1,home_win,home,0,82
770,2,"{""total"":[""solutions/game_2/total/rest-110001/top"",""solutions/game_2/total/rest-001010/bot""],""single"":[""solutions/game_2/single/rest-110001/top"",""solutions/game_2/single/rest-001010/bot""]}","[1,1,0,0,0,1]","[0,0,1,0,1,0]",1,0,7,5,home_win,home,0,87
770,3,"{""total"":[""solutions/game_3/total/rest-110001/top"",""solutions/game_3/total/rest-111111/bot""],""single"":[""solutions/game_3/single/rest-110001/top"",""solutions/game_3/single/rest-111111/bot""]}","[1,1,0,0,0,1]","[1,1,1,1,1,1]",2,0,0,8,away_win,away,0,70
770,4,"{""total"":[""solutions/game_4/total/rest-101111/top"",""solutions/game_4/total/rest-011111/bot""],""single"":[""solutions/game_4/single/rest-101111/top"",""solutions/game_4/single/rest-011111/bot""]}","[1,0,1,1,1,1]","[0,1,1,1,1,1]",2,1,1,9,away_win,away,0,67
770,5,"{""total"":[""solutions/game_5/single/rest-111111/top"",""solutions/game_5/single/rest-101111/bot""],""single"":[""solutions/game_5/single/rest-111111/top"",""solutions/game_5/single/rest-101111/bot""]}","[1,1,1,1,1,1]","[1,0,1,1,1,1]",2,2,7,13,away_win,away,0,93
771,1,"{""total"":[""solutions/game_1/total/rest-111111/top"",""solutions/game_1/total/rest-111111/bot""],""single"":[""solutions/game_1/single/rest-111111/top"",""solutions/game_1/single/rest-111111/bot""]}","[1,1,1,1,1,1]","[1,1,1,1,1,1]",0,0,1,2,away_win,away,0,81
771,2,"{""total"":[""solutions/game_2/total/rest-110111/top"",""solutions/game_2/total/rest-000110/bot""],""single"":[""solutions/game_2/single/rest-110111/top"",""solutions/game_2/single/rest-000110/bot""]}","[1,1,0,1,1,1]","[0,0,0,1,1,0]",0,1,6,2,home_win,home,0,79
771,3,"{""total"":[""solutions/game_3/total/rest-110001/top"",""solutions/game_3/total/rest-011001/bot""],""single"":[""solutions/game_3/single/rest-110001/top"",""solutions/game_3/single/rest-011001/bot""]}","[1,1,0,0,0,1]","[0,1,1,0,0,1]",1,1,12,3,home_win,home,0,80
771,4,"{""total"":[""solutions/game_4/total/rest-101111/top"",""solutions/game_4/total/rest-110111/bot""],""single"":[""solutions/game_4/single/rest-101111/top"",""solutions/game_4/single/rest-110111/bot""]}","[1,0,1,1,1,1]","[1,1,0,1,1,1]",2,1,7,3,home_win,home,0,71
771,5,"{""total"":[""solutions/game_5/single/rest-111100/top"",""solutions/game_5/single/rest-000101/bot""],""single"":[""solutions/game_5/single/rest-111100/top"",""solutions/game_5/single/rest-000101/bot""]}","[1,1,1,1,0,0]","[0,0,0,1,0,1]",3,1,2,4,away_win,away,1,80
772,1,"{""total"":[""solutions/game_1/total/rest-111111/top"",""solutions/game_1/total/rest-111111/bot""],""single"":[""solutions/game_1/single/rest-111111/top"",""solutions/game_1/single/rest-111111/bot""]}","[1,1,1,1,1,1]","[1,1,1,1,1,1]",0,0,2,1,home_win,home,0,70
772,2,"{""total"":[""solutions/game_2/total/rest-111001/top"",""solutions/game_2/total/rest-011010/bot""],""single"":[""solutions/game_2/single/rest-111001/top"",""solutions/game_2/single/rest-011010/bot""]}","[1,1,1,0,0,1]","[0,1,1,0,1,0]",1,0,3,5,away_win,away,0,86
772,3,"{""total"":[""solutions/game_3/total/rest-011110/top"",""solutions/game_3/total/rest-100001/bot""],""single"":[""solutions/game_3/single/rest-011110/top"",""solutions/game_3/single/rest-100001/bot""]}","[0,1,1,1,1,0]","[1,0,0,0,0,1]",1,1,6,5,home_win,home,0,82
772,4,"{""total"":[""solutions/game_4/total/rest-111001/top"",""solutions/game_4/total/rest-011110/bot""],""single"":[""solutions/game_4/single/rest-111001/top"",""solutions/game_4/single/rest-011110/bot""]}","[1,1,1,0,0,1]","[0,1,1,1,1,0]",2,1,2,7,away_win,away,0,85
772,5,"{""total"":[""solutions/game_5/single/rest-001110/top"",""solutions/game_5/single/rest-101001/bot""],""single"":[""solutions/game_5/single/rest-001110/top"",""solutions/game_5/single/rest-101001/bot""]}","[0,0,1,1,1,0]","[1,0,1,0,0,1]",2,2,4,5,away_win,away,0,84
773,1,"{""total"":[""solutions/game_1/total/rest-111111/top"",""solutions/game_1/total/rest-111111/bot""],""single"":[""solutions/game_1/single/rest-111111/top"",""solutions/game_1/single/rest-111111/bot""]}","[1,1,1,1,1,1]","[1,1,1,1,1,1]",0,0,0,8,away_win,away,0,71
773,2,"{""total"":[""solutions/game_2/total/rest-111101/top"",""solutions/game_2/total/rest-111011/bot""],""single"":[""solutions/game_2/single/rest-111101/top"",""solutions/game_2/single/rest-111011/bot""]}","[1,1,1,1,0,1]","[1,1,1,0,1,1]",0,1,4,14,away_win,away,0,85
773,3,"{""total"":[""solutions/game_3/total/rest-101110/top"",""solutions/game_3/total/rest-011111/bot""],""single"":[""solutions/game_3/single/rest-101110/top"",""solutions/game_3/single/rest-011111/bot""]}","[1,0,1,1,1,0]","[0,1,1,1,1,1]",0,2,6,7,away_win,away,0,86
773,4,"{""total"":[""solutions/game_4/total/rest-001111/top"",""solutions/game_4/total/rest-110011/bot""],""single"":[""solutions/game_4/single/rest-001111/top"",""solutions/game_4/single/rest-110011/bot""]}","[0,0,1,1,1,1]","[1,1,0,0,1,1]",0,3,0,8,away_win,away,1,24
773,5,"{""total"":[""solutions/game_5/single/rest-111111/top"",""solutions/game_5/single/rest-111111/bot""],""single"":[""solutions/game_5/single/rest-111111/top"",""solutions/game_5/single/rest-111111/bot""]}","[1,1,1,1,1,1]","[1,1,1,1,1,1]",0,4,6,2,home_win,home,1,81
774,1,"{""total"":[""solutions/game_1/total/rest-111111/top"",""solutions/game_1/total/rest-111111/bot""],""single"":[""solutions/game_1/single/rest-111111/top"",""solutions/game_1/single/rest-111111/bot""]}","[1,1,1,1,1,1]","[1,1,1,1,1,1]",0,0,5,12,away_win,away,0,91
774,2,"{""total"":[""solutions/game_2/total/rest-101110/top"",""solutions/game_2/total/rest-001010/bot""],""single"":[""solutions/game_2/single/rest-101110/top"",""solutions/game_2/single/rest-001010/bot""]}","[1,0,1,1,1,0]","[0,0,1,0,1,0]",0,1,1,10,away_win,away,0,77
774,3,"{""total"":[""solutions/game_3/total/rest-011111/top"",""solutions/game_3/total/rest-111101/bot""],""single"":[""solutions/game_3/single/rest-011111/top"",""solutions/game_3/single/rest-111101/bot""]}","[0,1,1,1,1,1]","[1,1,1,1,0,1]",0,2,2,10,away_win,away,0,77
774,4,"{""total"":[""solutions/game_4/total/rest-110101/top"",""solutions/game_4/total/rest-101001/bot""],""single"":[""solutions/game_4/single/rest-110101/top"",""solutions/game_4/single/rest-101001/bot""]}","[1,1,0,1,0,1]","[1,0,1,0,0,1]",0,3,5,3,home_win,home,1,76
774,5,"{""total"":[""solutions/game_5/single/rest-011011/top"",""solutions/game_5/single/rest-010111/bot""],""single"":[""solutions/game_5/single/rest-011011/top"",""solutions/game_5/single/rest-010111/bot""]}","[0,1,1,0,1,1]","[0,1,0,1,1,1]",1,3,3,7,away_win,away,1,87
775,1,"{""total"":[""solutions/game_1/total/rest-111111/top"",""solutions/game_1/total/rest-111111/bot""],""single"":[""solutions/game_1/single/rest-111111/top"",""solutions/game_1/single/rest-111111/bot""]}","[1,1,1,1,1,1]","[1,1,1,1,1,1]",0,0,0,2,away_win,away,0,73
775,2,"{""total"":[""solutions/game_2/total/rest-111111/top"",""solutions/game_2/total/rest-001111/bot""],""single"":[""solutions/game_2/single/rest-111111/top"",""solutions/game_2/single/rest-001111/bot""]}","[1,1,1,1,1,1]","[0,0,1,1,1,1]",0,1,1,0,home_win,home,0,67
775,3,"{""total"":[""solutions/game_3/total/rest-110111/top"",""solutions/game_3/total/rest-100011/bot""],""single"":[""solutions/game_3/single/rest-110111/top"",""solutions/game_3/single/rest-100011/bot""]}","[1,1,0,1,1,1]","[1,0,0,0,1,1]",1,1,8,6,home_win,home,0,90
775,4,"{""total"":[""solutions/game_4/total/rest-111000/top"",""solutions/game_4/total/rest-111101/bot""],""single"":[""solutions/game_4/single/rest-111000/top"",""solutions/game_4/single/rest-111101/bot""]}","[1,1,1,0,0,0]","[1,1,1,1,0,1]",2,1,2,1,home_win,home,0,73
775,5,"{""total"":[""solutions/game_5/single/rest-001011/top"",""solutions/game_5/single/rest-001011/bot""],""single"":[""solutions/game_5/single/rest-001011/top"",""solutions/game_5/single/rest-001011/bot""]}","[0,0,1,0,1,1]","[0,0,1,0,1,1]",3,1,7,5,home_win,home,1,89
776,1,"{""total"":[""solutions/game_1/total/rest-111111/top"",""solutions/game_1/total/rest-111111/bot""],""single"":[""solutions/game_1/single/rest-111111/top"",""solutions/game_1/single/rest-111111/bot""]}","[1,1,1,1,1,1]","[1,1,1,1,1,1]",0,0,1,3,away_win,away,0,83
776,2,"{""total"":[""solutions/game_2/total/rest-111001/top"",""solutions/game_2/total/rest-010011/bot""],""single"":[""solutions/game_2/single/rest-111001/top"",""solutions/game_2/single/rest-010011/bot""]}","[1,1,1,0,0,1]","[0,1,0,0,1,1]",0,1,5,0,home_win,home,0,71
776,3,"{""total"":[""solutions/game_3/total/rest-101110/top"",""solutions/game_3/total/rest-111100/bot""],""single"":[""solutions/game_3/single/rest-101110/top"",""solutions/game_3/single/rest-111100/bot""]}","[1,0,1,1,1,0]","[1,1,1,1,0,0]",1,1,10,5,home_win,home,0,92
776,4,"{""total"":[""solutions/game_4/total/rest-111111/top"",""solutions/game_4/total/rest-011011/bot""],""single"":[""solutions/game_4/single/rest-111111/top"",""solutions/game_4/single/rest-011011/bot""]}","[1,1,1,1,1,1]","[0,1,1,0,1,1]",2,1,5,6,away_win,away,0,97
776,5,"{""total"":[""solutions/game_5/single/rest-010011/top"",""solutions/game_5/single/rest-100000/bot""],""single"":[""solutions/game_5/single/rest-010011/top"",""solutions/game_5/single/rest-100000/bot""]}","[0,1,0,0,1,1]","[1,0,0,0,0,0]",2,2,1,6,away_win,away,0,81
777,1,"{""total"":[""solutions/game_1/total/rest-111111/top"",""solutions/game_1/total/rest-111111/bot""],""single"":[""solutions/game_1/single/rest-111111/top"",""solutions/game_1/single/rest-111111/bot""]}","[1,1,1,1,1,1]","[1,1,1,1,1,1]",0,0,3,0,home_win,home,0,69
777,2,"{""total"":[""solutions/game_2/total/rest-111101/top"",""solutions/game_2/total/rest-001110/bot""],""single"":[""solutions/game_2/single/rest-111101/top"",""solutions/game_2/single/rest-001110/bot""]}","[1,1,1,1,0,1]","[0,0,1,1,1,0]",1,0,9,9,tie,home,0,106
777,3,"{""total"":[""solutions/game_3/total/rest-000100/top"",""solutions/game_3/total/rest-110011/bot""],""single"":[""solutions/game_3/single/rest-000100/top"",""solutions/game_3/single/rest-110011/bot""]}","[0,0,0,1,0,0]","[1,1,0,0,1,1]",2,0,1,5,away_win,away,0,78
777,4,"{""total"":[""solutions/game_4/total/rest-101011/top"",""solutions/game_4/total/rest-001110/bot""],""single"":[""solutions/game_4/single/rest-101011/top"",""solutions/game_4/single/rest-001110/bot""]}","[1,0,1,0,1,1]","[0,0,1,1,1,0]",2,1,2,1,home_win,home,0,71
777,5,"{""total"":[""solutions/game_5/single/rest-010111/top"",""solutions/game_5/single/rest-100111/bot""],""single"":[""solutions/game_5/single/rest-010111/top"",""solutions/game_5/single/rest-100111/bot""]}","[0,1,0,1,1,1]","[1,0,0,1,1,1]",3,1,3,7,away_win,away,1,83
778,1,"{""total"":[""solutions/game_1/total/rest-111111/top"",""solutions/game_1/total/rest-111111/bot""],""single"":[""solutions/game_1/single/rest-111111/top"",""solutions/game_1/single/rest-111111/bot""]}","[1,1,1,1,1,1]","[1,1,1,1,1,1]",0,0,2,7,away_win,away,0,88
778,2,"{""total"":[""solutions/game_2/total/rest-110011/top"",""solutions/game_2/total/rest-001010/bot""],""single"":[""solutions/game_2/single/rest-110011/top"",""solutions/game_2/single/rest-001010/bot""]}","[1,1,0,0,1,1]","[0,0,1,0,1,0]",0,1,4,4,tie,home,0,90
778,3,"{""total"":[""solutions/game_3/total/rest-011110/top"",""solutions/game_3/total/rest-110111/bot""],""single"":[""solutions/game_3/single/rest-011110/top"",""solutions/game_3/single/rest-110111/bot""]}","[0,1,1,1,1,0]","[1,1,0,1,1,1]",1,1,2,1,home_win,home,0,72
778,4,"{""total"":[""solutions/game_4/total/rest-110000/top"",""solutions/game_4/total/rest-001011/bot""],""single"":[""solutions/game_4/single/rest-110000/top"",""solutions/game_4/single/rest-001011/bot""]}","[1,1,0,0,0,0]","[0,0,1,0,1,1]",2,1,3,5,away_win,away,0,82
778,5,"{""total"":[""solutions/game_5/single/rest-101111/top"",""solutions/game_5/single/rest-011100/bot""],""single"":[""solutions/game_5/single/rest-101111/top"",""solutions/game_5/single/rest-011100/bot""]}","[1,0,1,1,1,1]","[0,1,1,1,0,0]",2,2,6,5,home_win,home,0,78
779,1,"{""total"":[""solutions/game_1/total/rest-111111/top"",""solutions/game_1/total/rest-111111/bot""],""single"":[""solutions/game_1/single/rest-111111/top"",""solutions/game_1/single/rest-111111/bot""]}","[1,1,1,1,1,1]","[1,1,1,1,1,1]",0,0,7,2,home_win,home,0,82
779,2,"{""total"":[""solutions/game_2/total/rest-111110/top"",""solutions/game_2/total/rest-011010/bot""],""single"":[""solutions/game_2/single/rest-111110/top"",""solutions/game_2/single/rest-011010/bot""]}","[1,1,1,1,1,0]","[0,1,1,0,1,0]",1,0,4,6,away_win,away,0,86
779,3,"{""total"":[""solutions/game_3/total/rest-010111/top"",""solutions/game_3/total/rest-100111/bot""],""single"":[""solutions/game_3/single/rest-010111/top"",""solutions/game_3/single/rest-100111/bot""]}","[0,1,0,1,1,1]","[1,0,0,1,1,1]",1,1,3,8,away_win,away,0,85
779,4,"{""total"":[""solutions/game_4/total/rest-111011/top"",""solutions/game_4/total/rest-011110/bot""],""single"":[""solutions/game_4/single/rest-111011/top"",""solutions/game_4/single/rest-011110/bot""]}","[1,1,1,0,1,1]","[0,1,1,1,1,0]",1,2,6,4,home_win,home,0,78
779,5,"{""total"":[""solutions/game_5/single/rest-011101/top"",""solutions/game_5/single/rest-101011/bot""],""single"":[""solutions/game_5/single/rest-011101/top"",""solutions/game_5/single/rest-101011/bot""]}","[0,1,1,1,0,1]","[1,0,1,0,1,1]",2,2,4,10,away_win,away,0,97
780,1,"{""total"":[""solutions/game_1/total/rest-111111/top"",""solutions/game_1/total/rest-111111/bot""],""single"":[""solutions/game_1/single/rest-111111/top"",""solutions/game_1/single/rest-111111/bot""]}","[1,1,1,1,1,1]","[1,1,1,1,1,1]",0,0,3,0,home_win,home,0,73
780,2,"{""total"":[""solutions/game_2/total/rest-110101/top"",""solutions/game_2/total/rest-011011/bot""],""single"":[""solutions/game_2/single/rest-110101/top"",""solutions/game_2/single/rest-011011/bot""]}","[1,1,0,1,0,1]","[0,1,1,0,1,1]",1,0,12,3,home_win,home,0,60
780,3,"{""total"":[""solutions/game_3/total/rest-111111/top"",""solutions/game_3/total/rest-111101/bot""],""single"":[""solutions/game_3/single/rest-111111/top"",""solutions/game_3/single/rest-111101/bot""]}","[1,1,1,1,1,1]","[1,1,1,1,0,1]",2,0,7,2,home_win,home,0,86
780,4,"{""total"":[""solutions/game_4/total/rest-110011/top"",""solutions/game_4/total/rest-000110/bot""],""single"":[""solutions/game_4/single/rest-110011/top"",""solutions/game_4/single/rest-000110/bot""]}","[1,1,0,0,1,1]","[0,0,0,1,1,0]",3,0,5,4,home_win,home,1,75
780,5,"{""total"":[""solutions/game_5/single/rest-101101/top"",""solutions/game_5/single/rest-111001/bot""],""single"":[""solutions/game_5/single/rest-101101/top"",""solutions/game_5/single/rest-111001/bot""]}","[1,0,1,1,0,1]","[1,1,1,0,0,1]",4,0,3,6,away_win,away,1,82
781,1,"{""total"":[""solutions/game_1/total/rest-111111/top"",""solutions/game_1/total/rest-111111/bot""],""single"":[""solutions/game_1/single/rest-111111/top"",""solutions/game_1/single/rest-111111/bot""]}","[1,1,1,1,1,1]","[1,1,1,1,1,1]",0,0,10,1,home_win,home,0,42
781,2,"{""total"":[""solutions/game_2/total/rest-111111/top"",""solutions/game_2/total/rest-111111/bot""],""single"":[""solutions/game_2/single/rest-111111/top"",""solutions/game_2/single/rest-111111/bot""]}","[1,1,1,1,1,1]","[1,1,1,1,1,1]",1,0,0,2,away_win,away,0,78
781,3,"{""total"":[""solutions/game_3/total/rest-100111/top"",""solutions/game_3/total/rest-001011/bot""],""single"":[""solutions/game_3/single/rest-100111/top"",""solutions/game_3/single/rest-001011/bot""]}","[1,0,0,1,1,1]","[0,0,1,0,1,1]",1,1,5,4,home_win,home,0,84
781,4,"{""total"":[""solutions/game_4/total/rest-011001/top"",""solutions/game_4/total/rest-110101/bot""],""single"":[""solutions/game_4/single/rest-011001/top"",""solutions/game_4/single/rest-110101/bot""]}","[0,1,1,0,0,1]","[1,1,0,1,0,1]",2,1,0,8,away_win,away,0,66
781,5,"{""total"":[""solutions/game_5/single/rest-101010/top"",""solutions/game_5/single/rest-111011/bot""],""single"":[""solutions/game_5/single/rest-101010/top"",""solutions/game_5/single/rest-111011/bot""]}","[1,0,1,0,1,0]","[1,1,1,0,1,1]",2,2,0,2,away_win,away,0,74
782,1,"{""total"":[""solutions/game_1/total/rest-111111/top"",""solutions/game_1/total/rest-111111/bot""],""single"":[""solutions/game_1/single/rest-111111/top"",""solutions/game_1/single/rest-111111/bot""]}","[1,1,1,1,1,1]","[1,1,1,1,1,1]",0,0,11,3,home_win,home,0,79
782,2,"{""total"":[""solutions/game_2/total/rest-111101/top"",""solutions/game_2/total/rest-001010/bot""],""single"":[""solutions/game_2/single/rest-111101/top"",""solutions/game_2/single/rest-001010/bot""]}","[1,1,1,1,0,1]","[0,0,1,0,1,0]",1,0,0,9,away_win,away,0,40
782,3,"{""total"":[""solutions/game_3/total/rest-111111/top"",""solutions/game_3/total/rest-111111/bot""],""single"":[""solutions/game_3/single/rest-111111/top"",""solutions/game_3/single/rest-111111/bot""]}","[1,1,1,1,1,1]","[1,1,1,1,1,1]",1,1,5,4,home_win,home,0,83
782,4,"{""total"":[""solutions/game_4/total/rest-011101/top"",""solutions/game_4/total/rest-110011/bot""],""single"":[""solutions/game_4/single/rest-011101/top"",""solutions/game_4/single/rest-110011/bot""]}","[0,1,1,1,0,1]","[1,1,0,0,1,1]",2,1,3,5,away_win,away,0,77
782,5,"{""total"":[""solutions/game_5/single/rest-011011/top"",""solutions/game_5/single/rest-101110/bot""],""single"":[""solutions/game_5/single/rest-011011/top"",""solutions/game_5/single/rest-101110/bot""]}","[0,1,1,0,1,1]","[1,0,1,1,1,0]",2,2,12,4,home_win,home,0,73
783,1,"{""total"":[""solutions/game_1/total/rest-111111/top"",""solutions/game_1/total/rest-111111/bot""],""single"":[""solutions/game_1/single/rest-111111/top"",""solutions/game_1/single/rest-111111/bot""]}","[1,1,1,1,1,1]","[1,1,1,1,1,1]",0,0,2,1,home_win,home,0,74
783,2,"{""total"":[""solutions/game_2/total/rest-111111/top"",""solutions/game_2/total/rest-011011/bot""],""single"":[""solutions/game_2/single/rest-111111/top"",""solutions/game_2/single/rest-011011/bot""]}","[1,1,1,1,1,1]","[0,1,1,0,1,1]",1,0,1,5,away_win,away,0,72
783,3,"{""total"":[""solutions/game_3/total/rest-111111/top"",""solutions/game_3/total/rest-111100/bot""],""single"":[""solutions/game_3/single/rest-111111/top"",""solutions/game_3/single/rest-111100/bot""]}","[1,1,1,1,1,1]","[1,1,1,1,0,0]",1,1,2,7,away_win,away,0,79
783,4,"{""total"":[""solutions/game_4/total/rest-111110/top"",""solutions/game_4/total/rest-110110/bot""],""single"":[""solutions/game_4/single/rest-111110/top"",""solutions/game_4/single/rest-110110/bot""]}","[1,1,1,1,1,0]","[1,1,0,1,1,0]",1,2,6,4,home_win,home,0,88
783,5,"{""total"":[""solutions/game_5/single/rest-011110/top"",""solutions/game_5/single/rest-111001/bot""],""single"":[""solutions/game_5/single/rest-011110/top"",""solutions/game_5/single/rest-111001/bot""]}","[0,1,1,1,1,0]","[1,1,1,0,0,1]",2,2,3,2,home_win,home,0,76
784,1,"{""total"":[""solutions/game_1/total/rest-111111/top"",""solutions/game_1/total/rest-111111/bot""],""single"":[""solutions/game_1/single/rest-111111/top"",""solutions/game_1/single/rest-111111/bot""]}","[1,1,1,1,1,1]","[1,1,1,1,1,1]",0,0,1,7,away_win,away,0,83
784,2,"{""total"":[""solutions/game_2/total/rest-101110/top"",""solutions/game_2/total/rest-011011/bot""],""single"":[""solutions/game_2/single/rest-101110/top"",""solutions/game_2/single/rest-011011/bot""]}","[1,0,1,1,1,0]","[0,1,1,0,1,1]",0,1,6,1,home_win,home,0,76
784,3,"{""total"":[""solutions/game_3/total/rest-011101/top"",""solutions/game_3/total/rest-100110/bot""],""single"":[""solutions/game_3/single/rest-011101/top"",""solutions/game_3/single/rest-100110/bot""]}","[0,1,1,1,0,1]","[1,0,0,1,1,0]",1,1,7,6,home_win,home,0,83
784,4,"{""total"":[""solutions/game_4/total/rest-110011/top"",""solutions/game_4/total/rest-111101/bot""],""single"":[""solutions/game_4/single/rest-110011/top"",""solutions/game_4/single/rest-111101/bot""]}","[1,1,0,0,1,1]","[1,1,1,1,0,1]",2,1,4,3,home_win,home,0,75
784,5,"{""total"":[""solutions/game_5/single/rest-111101/top"",""solutions/game_5/single/rest-001011/bot""],""single"":[""solutions/game_5/single/rest-111101/top"",""solutions/game_5/single/rest-001011/bot""]}","[1,1,1,1,0,1]","[0,0,1,0,1,1]",3,1,6,1,home_win,home,1,75
785,1,"{""total"":[""solutions/game_1/total/rest-111111/top"",""solutions/game_1/total/rest-111111/bot""],""single"":[""solutions/game_1/single/rest-111111/top"",""solutions/game_1/single/rest-111111/bot""]}","[1,1,1,1,1,1]","[1,1,1,1,1,1]",0,0,6,5,home_win,home,0,94
785,2,"{""total"":[""solutions/game_2/total/rest-010101/top"",""solutions/game_2/total/rest-001000/bot""],""single"":[""solutions/game_2/single/rest-010101/top"",""solutions/game_2/single/rest-001000/bot""]}","[0,1,0,1,0,1]","[0,0,1,0,0,0]",1,0,1,6,away_win,away,0,78
785,3,"{""total"":[""solutions/game_3/total/rest-101111/top"",""solutions/game_3/total/rest-100111/bot""],""single"":[""solutions/game_3/single/rest-101111/top"",""solutions/game_3/single/rest-100111/bot""]}","[1,0,1,1,1,1]","[1,0,0,1,1,1]",1,1,8,0,home_win,home,0,27
785,4,"{""total"":[""solutions/game_4/total/rest-111111/top"",""solutions/game_4/total/rest-110111/bot""],""single"":[""solutions/game_4/single/rest-111111/top"",""solutions/game_4/single/rest-110111/bot""]}","[1,1,1,1,1,1]","[1,1,0,1,1,1]",2,1,9,1,home_win,home,0,66
785,5,"{""total"":[""solutions/game_5/single/rest-110101/top"",""solutions/game_5/single/rest-101011/bot""],""single"":[""solutions/game_5/single/rest-110101/top"",""solutions/game_5/single/rest-101011/bot""]}","[1,1,0,1,0,1]","[1,0,1,0,1,1]",3,1,5,7,away_win,away,1,86
786,1,"{""total"":[""solutions/game_1/total/rest-111111/top"",""solutions/game_1/total/rest-111111/bot""],""single"":[""solutions/game_1/single/rest-111111/top"",""solutions/game_1/single/rest-111111/bot""]}","[1,1,1,1,1,1]","[1,1,1,1,1,1]",0,0,5,2,home_win,home,0,79
786,2,"{""total"":[""solutions/game_2/total/rest-111100/top"",""solutions/game_2/total/rest-101111/bot""],""single"":[""solutions/game_2/single/rest-111100/top"",""solutions/game_2/single/rest-101111/bot""]}","[1,1,1,1,0,0]","[1,0,1,1,1,1]",1,0,13,11,home_win,home,0,93
786,3,"{""total"":[""solutions/game_3/total/rest-100011/top"",""solutions/game_3/total/rest-010110/bot""],""single"":[""solutions/game_3/single/rest-100011/top"",""solutions/game_3/single/rest-010110/bot""]}","[1,0,0,0,1,1]","[0,1,0,1,1,0]",2,0,1,5,away_win,away,0,76
786,4,"{""total"":[""solutions/game_4/total/rest-111111/top"",""solutions/game_4/total/rest-100000/bot""],""single"":[""solutions/game_4/single/rest-111111/top"",""solutions/game_4/single/rest-100000/bot""]}","[1,1,1,1,1,1]","[1,0,0,0,0,0]",2,1,11,3,home_win,home,0,73
786,5,"{""total"":[""solutions/game_5/single/rest-111011/top"",""solutions/game_5/single/rest-111110/bot""],""single"":[""solutions/game_5/single/rest-111011/top"",""solutions/game_5/single/rest-111110/bot""]}","[1,1,1,0,1,1]","[1,1,1,1,1,0]",3,1,1,5,away_win,away,1,82
787,1,"{""total"":[""solutions/game_1/total/rest-111111/top"",""solutions/game_1/total/rest-111111/bot""],""single"":[""solutions/game_1/single/rest-111111/top"",""solutions/game_1/single/rest-111111/bot""]}","[1,1,1,1,1,1]","[1,1,1,1,1,1]",0,0,1,7,away_win,away,0,82
787,2,"{""total"":[""solutions/game_2/total/rest-111011/top"",""solutions/game_2/total/rest-011110/bot""],""single"":[""solutions/game_2/single/rest-111011/top"",""solutions/game_2/single/rest-011110/bot""]}","[1,1,1,0,1,1]","[0,1,1,1,1,0]",0,1,3,11,away_win,away,0,80
787,3,"{""total"":[""solutions/game_3/total/rest-111100/top"",""solutions/game_3/total/rest-110111/bot""],""single"":[""solutions/game_3/single/rest-111100/top"",""solutions/game_3/single/rest-110111/bot""]}","[1,1,1,1,0,0]","[1,1,0,1,1,1]",0,2,6,4,home_win,home,0,76
787,4,"{""total"":[""solutions/game_4/total/rest-111011/top"",""solutions/game_4/total/rest-111110/bot""],""single"":[""solutions/game_4/single/rest-111011/top"",""solutions/game_4/single/rest-111110/bot""]}","[1,1,1,0,1,1]","[1,1,1,1,1,0]",1,2,4,5,away_win,away,0,98
787,5,"{""total"":[""solutions/game_5/single/rest-000110/top"",""solutions/game_5/single/rest-011011/bot""],""single"":[""solutions/game_5/single/rest-000110/top"",""solutions/game_5/single/rest-011011/bot""]}","[0,0,0,1,1,0]","[0,1,1,0,1,1]",1,3,2,1,home_win,home,1,78
788,1,"{""total"":[""solutions/game_1/total/rest-111111/top"",""solutions/game_1/total/rest-111111/bot""],""single"":[""solutions/game_1/single/rest-111111/top"",""solutions/game_1/single/rest-111111/bot""]}","[1,1,1,1,1,1]","[1,1,1,1,1,1]",0,0,0,1,away_win,away,0,90
788,2,"{""total"":[""solutions/game_2/total/rest-110111/top"",""solutions/game_2/total/rest-010010/bot""],""single"":[""solutions/game_2/single/rest-110111/top"",""solutions/game_2/single/rest-010010/bot""]}","[1,1,0,1,1,1]","[0,1,0,0,1,0]",0,1,7,6,home_win,home,0,100
788,3,"{""total"":[""solutions/game_3/total/rest-101101/top"",""solutions/game_3/total/rest-001101/bot""],""single"":[""solutions/game_3/single/rest-101101/top"",""solutions/game_3/single/rest-001101/bot""]}","[1,0,1,1,0,1]","[0,0,1,1,0,1]",1,1,5,4,home_win,home,0,82
788,4,"{""total"":[""solutions/game_4/total/rest-010011/top"",""solutions/game_4/total/rest-110100/bot""],""single"":[""solutions/game_4/single/rest-010011/top"",""solutions/game_4/single/rest-110100/bot""]}","[0,1,0,0,1,1]","[1,1,0,1,0,0]",2,1,6,4,home_win,home,0,89
788,5,"{""total"":[""solutions/game_5/single/rest-101100/top"",""solutions/game_5/single/rest-101111/bot""],""single"":[""solutions/game_5/single/rest-101100/top"",""solutions/game_5/single/rest-101111/bot""]}","[1,0,1,1,0,0]","[1,0,1,1,1,1]",3,1,6,5,home_win,home,1,84
789,1,"{""total"":[""solutions/game_1/total/rest-111111/top"",""solutions/game_1/total/rest-111111/bot""],""single"":[""solutions/game_1/single/rest-111111/top"",""solutions/game_1/single/rest-111111/bot""]}","[1,1,1,1,1,1]","[1,1,1,1,1,1]",0,0,7,4,home_win,home,0,86
789,2,"{""total"":[""solutions/game_2/total/rest-011011/top"",""solutions/game_2/total/rest-100111/bot""],""single"":[""solutions/game_2/single/rest-011011/top"",""solutions/game_2/single/rest-100111/bot""]}","[0,1,1,0,1,1]","[1,0,0,1,1,1]",1,0,1,2,away_win,away,0,75
789,3,"{""total"":[""solutions/game_3/total/rest-110111/top"",""solutions/game_3/total/rest-111011/bot""],""single"":[""solutions/game_3/single/rest-110111/top"",""solutions/game_3/single/rest-111011/bot""]}","[1,1,0,1,1,1]","[1,1,1,0,1,1]",1,1,9,3,home_win,home,0,80
789,4,"{""total"":[""solutions/game_4/total/rest-101111/top"",""solutions/game_4/total/rest-011000/bot""],""single"":[""solutions/game_4/single/rest-101111/top"",""solutions/game_4/single/rest-011000/bot""]}","[1,0,1,1,1,1]","[0,1,1,0,0,0]",2,1,0,4,away_win,away,0,74
789,5,"{""total"":[""solutions/game_5/single/rest-111000/top"",""solutions/game_5/single/rest-100111/bot""],""single"":[""solutions/game_5/single/rest-111000/top"",""solutions/game_5/single/rest-100111/bot""]}","[1,1,1,0,0,0]","[1,0,0,1,1,1]",2,2,4,5,away_win,away,0,80
790,1,"{""total"":[""solutions/game_1/total/rest-111111/top"",""solutions/game_1/total/rest-111111/bot""],""single"":[""solutions/game_1/single/rest-111111/top"",""solutions/game_1/single/rest-111111/bot""]}","[1,1,1,1,1,1]","[1,1,1,1,1,1]",0,0,1,4,away_win,away,0,78
790,2,"{""total"":[""solutions/game_2/total/rest-110111/top"",""solutions/game_2/total/rest-001010/bot""],""single"":[""solutions/game_2/single/rest-110111/top"",""solutions/game_2/single/rest-001010/bot""]}","[1,1,0,1,1,1]","[0,0,1,0,1,0]",0,1,7,0,home_win,home,0,71
790,3,"{""total"":[""solutions/game_3/total/rest-111011/top"",""solutions/game_3/total/rest-111111/bot""],""single"":[""solutions/game_3/single/rest-111011/top"",""solutions/game_3/single/rest-111111/bot""]}","[1,1,1,0,1,1]","[1,1,1,1,1,1]",1,1,1,9,away_win,away,0,29
790,4,"{""total"":[""solutions/game_4/total/rest-111111/top"",""solutions/game_4/total/rest-111111/bot""],""single"":[""solutions/game_4/single/rest-111111/top"",""solutions/game_4/single/rest-111111/bot""]}","[1,1,1,1,1,1]","[1,1,1,1,1,1]",1,2,3,3,tie,away,0,100
790,5,"{""total"":[""solutions/game_5/single/rest-100001/top"",""solutions/game_5/single/rest-010110/bot""],""single"":[""solutions/game_5/single/rest-100001/top"",""solutions/game_5/single/rest-010110/bot""]}","[1,0,0,0,0,1]","[0,1,0,1,1,0]",1,3,2,8,away_win,away,1,88
791,1,"{""total"":[""solutions/game_1/total/rest-111111/top"",""solutions/game_1/total/rest-111111/bot""],""single"":[""solutions/game_1/single/rest-111111/top"",""solutions/game_1/single/rest-111111/bot""]}","[1,1,1,1,1,1]","[1,1,1,1,1,1]",0,0,6,5,home_win,home,0,94
791,2,"{""total"":[""solutions/game_2/total/rest-010011/top"",""solutions/game_2/total/rest-100000/bot""],""single"":[""solutions/game_2/single/rest-010011/top"",""solutions/game_2/single/rest-100000/bot""]}","[0,1,0,0,1,1]","[1,0,0,0,0,0]",1,0,11,10,home_win,home,0,105
791,3,"{""total"":[""solutions/game_3/total/rest-001101/top"",""solutions/game_3/total/rest-011111/bot""],""single"":[""solutions/game_3/single/rest-001101/top"",""solutions/game_3/single/rest-011111/bot""]}","[0,0,1,1,0,1]","[0,1,1,1,1,1]",2,0,3,0,home_win,home,0,74
791,4,"{""total"":[""solutions/game_4/total/rest-110010/top"",""solutions/game_4/total/rest-111011/bot""],""single"":[""solutions/game_4/single/rest-110010/top"",""solutions/game_4/single/rest-111011/bot""]}","[1,1,0,0,1,0]","[1,1,1,0,1,1]",3,0,6,4,home_win,home,1,86
791,5,"{""total"":[""solutions/game_5/single/rest-111100/top"",""solutions/game_5/single/rest-011110/bot""],""single"":[""solutions/game_5/single/rest-111100/top"",""solutions/game_5/single/rest-011110/bot""]}","[1,1,1,1,0,0]","[0,1,1,1,1,0]",4,0,10,9,home_win,home,1,87
792,1,"{""total"":[""solutions/game_1/total/rest-111111/top"",""solutions/game_1/total/rest-111111/bot""],""single"":[""solutions/game_1/single/rest-111111/top"",""solutions/game_1/single/rest-111111/bot""]}","[1,1,1,1,1,1]","[1,1,1,1,1,1]",0,0,4,7,away_win,away,0,89
792,2,"{""total"":[""solutions/game_2/total/rest-011110/top"",""solutions/game_2/total/rest-011110/bot""],""single"":[""solutions/game_2/single/rest-011110/top"",""solutions/game_2/single/rest-011110/bot""]}","[0,1,1,1,1,0]","[0,1,1,1,1,0]",0,1,6,3,home_win,home,0,75
792,3,"{""total"":[""solutions/game_3/total/rest-110000/top"",""solutions/game_3/total/rest-101101/bot""],""single"":[""solutions/game_3/single/rest-110000/top"",""solutions/game_3/single/rest-101101/bot""]}","[1,1,0,0,0,0]","[1,0,1,1,0,1]",1,1,4,6,away_win,away,0,73
792,4,"{""total"":[""solutions/game_4/total/rest-101111/top"",""solutions/game_4/total/rest-011111/bot""],""single"":[""solutions/game_4/single/rest-101111/top"",""solutions/game_4/single/rest-011111/bot""]}","[1,0,1,1,1,1]","[0,1,1,1,1,1]",1,2,5,10,away_win,away,0,100
792,5,"{""total"":[""solutions/game_5/single/rest-110010/top"",""solutions/game_5/single/rest-111110/bot""],""single"":[""solutions/game_5/single/rest-110010/top"",""solutions/game_5/single/rest-111110/bot""]}","[1,1,0,0,1,0]","[1,1,1,1,1,0]",1,3,8,4,home_win,home,1,87
793,1,"{""total"":[""solutions/game_1/total/rest-111111/top"",""solutions/game_1/total/rest-111111/bot""],""single"":[""solutions/game_1/single/rest-111111/top"",""solutions/game_1/single/rest-111111/bot""]}","[1,1,1,1,1,1]","[1,1,1,1,1,1]",0,0,4,3,home_win,home,0,82
793,2,"{""total"":[""solutions/game_2/total/rest-011011/top"",""solutions/game_2/total/rest-111010/bot""],""single"":[""solutions/game_2/single/rest-011011/top"",""solutions/game_2/single/rest-111010/bot""]}","[0,1,1,0,1,1]","[1,1,1,0,1,0]",1,0,6,4,home_win,home,0,91
793,3,"{""total"":[""solutions/game_3/total/rest-101010/top"",""solutions/game_3/total/rest-100100/bot""],""single"":[""solutions/game_3/single/rest-101010/top"",""solutions/game_3/single/rest-100100/bot""]}","[1,0,1,0,1,0]","[1,0,0,1,0,0]",2,0,3,6,away_win,away,0,92
793,4,"{""total"":[""solutions/game_4/total/rest-011100/top"",""solutions/game_4/total/rest-111011/bot""],""single"":[""solutions/game_4/single/rest-011100/top"",""solutions/game_4/single/rest-111011/bot""]}","[0,1,1,1,0,0]","[1,1,1,0,1,1]",2,1,7,0,home_win,home,0,78
793,5,"{""total"":[""solutions/game_5/single/rest-111111/top"",""solutions/game_5/single/rest-001110/bot""],""single"":[""solutions/game_5/single/rest-111111/top"",""solutions/game_5/single/rest-001110/bot""]}","[1,1,1,1,1,1]","[0,0,1,1,1,0]",3,1,3,0,home_win,home,1,73
794,1,"{""total"":[""solutions/game_1/total/rest-111111/top"",""solutions/game_1/total/rest-111111/bot""],""single"":[""solutions/game_1/single/rest-111111/top"",""solutions/game_1/single/rest-111111/bot""]}","[1,1,1,1,1,1]","[1,1,1,1,1,1]",0,0,5,9,away_win,away,0,83
794,2,"{""total"":[""solutions/game_2/total/rest-110011/top"",""solutions/game_2/total/rest-101111/bot""],""single"":[""solutions/game_2/single/rest-110011/top"",""solutions/game_2/single/rest-101111/bot""]}","[1,1,0,0,1,1]","[1,0,1,1,1,1]",0,1,9,4,home_win,home,0,83
794,3,"{""total"":[""solutions/game_3/total/rest-111010/top"",""solutions/game_3/total/rest-011010/bot""],""single"":[""solutions/game_3/single/rest-111010/top"",""solutions/game_3/single/rest-011010/bot""]}","[1,1,1,0,1,0]","[0,1,1,0,1,0]",1,1,12,8,home_win,home,0,97
794,4,"{""total"":[""solutions/game_4/total/rest-011111/top"",""solutions/game_4/total/rest-100111/bot""],""single"":[""solutions/game_4/single/rest-011111/top"",""solutions/game_4/single/rest-100111/bot""]}","[0,1,1,1,1,1]","[1,0,0,1,1,1]",2,1,7,5,home_win,home,0,89
794,5,"{""total"":[""solutions/game_5/single/rest-110100/top"",""solutions/game_5/single/rest-111011/bot""],""single"":[""solutions/game_5/single/rest-110100/top"",""solutions/game_5/single/rest-111011/bot""]}","[1,1,0,1,0,0]","[1,1,1,0,1,1]",3,1,4,8,away_win,away,1,86
795,1,"{""total"":[""solutions/game_1/total/rest-111111/top"",""solutions/game_1/total/rest-111111/bot""],""single"":[""solutions/game_1/single/rest-111111/top"",""solutions/game_1/single/rest-111111/bot""]}","[1,1,1,1,1,1]","[1,1,1,1,1,1]",0,0,3,1,home_win,home,0,71
795,2,"{""total"":[""solutions/game_2/total/rest-111101/top"",""solutions/game_2/total/rest-101111/bot""],""single"":[""solutions/game_2/single/rest-111101/top"",""solutions/game_2/single/rest-101111/bot""]}","[1,1,1,1,0,1]","[1,0,1,1,1,1]",1,0,3,2,home_win,home,0,73
795,3,"{""total"":[""solutions/game_3/total/rest-010011/top"",""solutions/game_3/total/rest-011010/bot""],""single"":[""solutions/game_3/single/rest-010011/top"",""solutions/game_3/single/rest-011010/bot""]}","[0,1,0,0,1,1]","[0,1,1,0,1,0]",2,0,5,6,away_win,away,0,87
795,4,"{""total"":[""solutions/game_4/total/rest-100101/top"",""solutions/game_4/total/rest-111101/bot""],""single"":[""solutions/game_4/single/rest-100101/top"",""solutions/game_4/single/rest-111101/bot""]}","[1,0,0,1,0,1]","[1,1,1,1,0,1]",2,1,0,8,away_win,away,0,56
795,5,"{""total"":[""solutions/game_5/single/rest-111111/top"",""solutions/game_5/single/rest-111111/bot""],""single"":[""solutions/game_5/single/rest-111111/top"",""solutions/game_5/single/rest-111111/bot""]}","[1,1,1,1,1,1]","[1,1,1,1,1,1]",2,2,1,5,away_win,away,0,82
796,1,"{""total"":[""solutions/game_1/total/rest-111111/top"",""solutions/game_1/total/rest-111111/bot""],""single"":[""solutions/game_1/single/rest-111111/top"",""solutions/game_1/single/rest-111111/bot""]}","[1,1,1,1,1,1]","[1,1,1,1,1,1]",0,0,9,11,away_win,away,0,102
796,2,"{""total"":[""solutions/game_2/total/rest-110001/top"",""solutions/game_2/total/rest-101100/bot""],""single"":[""solutions/game_2/single/rest-110001/top"",""solutions/game_2/single/rest-101100/bot""]}","[1,1,0,0,0,1]","[1,0,1,1,0,0]",0,1,3,6,away_win,away,0,87
796,3,"{""total"":[""solutions/game_3/total/rest-101111/top"",""solutions/game_3/total/rest-010011/bot""],""single"":[""solutions/game_3/single/rest-101111/top"",""solutions/game_3/single/rest-010011/bot""]}","[1,0,1,1,1,1]","[0,1,0,0,1,1]",0,2,6,4,home_win,home,0,77
796,4,"{""total"":[""solutions/game_4/total/rest-111001/top"",""solutions/game_4/total/rest-111100/bot""],""single"":[""solutions/game_4/single/rest-111001/top"",""solutions/game_4/single/rest-111100/bot""]}","[1,1,1,0,0,1]","[1,1,1,1,0,0]",1,2,7,4,home_win,home,0,76
796,5,"{""total"":[""solutions/game_5/single/rest-111111/top"",""solutions/game_5/single/rest-000111/bot""],""single"":[""solutions/game_5/single/rest-111111/top"",""solutions/game_5/single/rest-000111/bot""]}","[1,1,1,1,1,1]","[0,0,0,1,1,1]",2,2,7,3,home_win,home,0,79
797,1,"{""total"":[""solutions/game_1/total/rest-111111/top"",""solutions/game_1/total/rest-111111/bot""],""single"":[""solutions/game_1/single/rest-111111/top"",""solutions/game_1/single/rest-111111/bot""]}","[1,1,1,1,1,1]","[1,1,1,1,1,1]",0,0,7,3,home_win,home,0,85
797,2,"{""total"":[""solutions/game_2/total/rest-110011/top"",""solutions/game_2/total/rest-011110/bot""],""single"":[""solutions/game_2/single/rest-110011/top"",""solutions/game_2/single/rest-011110/bot""]}","[1,1,0,0,1,1]","[0,1,1,1,1,0]",1,0,4,1,home_win,home,0,72
797,3,"{""total"":[""solutions/game_3/total/rest-111110/top"",""solutions/game_3/total/rest-100011/bot""],""single"":[""solutions/game_3/single/rest-111110/top"",""solutions/game_3/single/rest-100011/bot""]}","[1,1,1,1,1,0]","[1,0,0,0,1,1]",2,0,1,9,away_win,away,0,52
797,4,"{""total"":[""solutions/game_4/total/rest-111111/top"",""solutions/game_4/total/rest-111111/bot""],""single"":[""solutions/game_4/single/rest-111111/top"",""solutions/game_4/single/rest-111111/bot""]}","[1,1,1,1,1,1]","[1,1,1,1,1,1]",2,1,2,3,away_win,away,0,81
797,5,"{""total"":[""solutions/game_5/single/rest-010101/top"",""solutions/game_5/single/rest-101010/bot""],""single"":[""solutions/game_5/single/rest-010101/top"",""solutions/game_5/single/rest-101010/bot""]}","[0,1,0,1,0,1]","[1,0,1,0,1,0]",2,2,5,8,away_win,away,0,85
798,1,"{""total"":[""solutions/game_1/total/rest-111111/top"",""solutions/game_1/total/rest-111111/bot""],""single"":[""solutions/game_1/single/rest-111111/top"",""solutions/game_1/single/rest-111111/bot""]}","[1,1,1,1,1,1]","[1,1,1,1,1,1]",0,0,9,6,home_win,home,0,91
798,2,"{""total"":[""solutions/game_2/total/rest-110011/top"",""solutions/game_2/total/rest-000110/bot""],""single"":[""solutions/game_2/single/rest-110011/top"",""solutions/game_2/single/rest-000110/bot""]}","[1,1,0,0,1,1]","[0,0,0,1,1,0]",1,0,3,4,away_win,away,0,79
798,3,"{""total"":[""solutions/game_3/total/rest-010101/top"",""solutions/game_3/total/rest-111001/bot""],""single"":[""solutions/game_3/single/rest-010101/top"",""solutions/game_3/single/rest-111001/bot""]}","[0,1,0,1,0,1]","[1,1,1,0,0,1]",1,1,1,3,away_win,away,0,74
798,4,"{""total"":[""solutions/game_4/total/rest-110011/top"",""solutions/game_4/total/rest-001110/bot""],""single"":[""solutions/game_4/single/rest-110011/top"",""solutions/game_4/single/rest-001110/bot""]}","[1,1,0,0,1,1]","[0,0,1,1,1,0]",1,2,7,5,home_win,home,0,87
798,5,"{""total"":[""solutions/game_5/single/rest-101100/top"",""solutions/game_5/single/rest-110101/bot""],""single"":[""solutions/game_5/single/rest-101100/top"",""solutions/game_5/single/rest-110101/bot""]}","[1,0,1,1,0,0]","[1,1,0,1,0,1]",2,2,6,2,home_win,home,0,77
799,1,"{""total"":[""solutions/game_1/total/rest-111111/top"",""solutions/game_1/total/rest-111111/bot""],""single"":[""solutions/game_1/single/rest-111111/top"",""solutions/game_1/single/rest-111111/bot""]}","[1,1,1,1,1,1]","[1,1,1,1,1,1]",0,0,2,1,home_win,home,0,69
799,2,"{""total"":[""solutions/game_2/total/rest-110111/top"",""solutions/game_2/total/rest-001111/bot""],""single"":[""solutions/game_2/single/rest-110111/top"",""solutions/game_2/single/rest-001111/bot""]}","[1,1,0,1,1,1]","[0,0,1,1,1,1]",1,0,3,2,home_win,home,0,73
799,3,"{""total"":[""solutions/game_3/total/rest-111011/top"",""solutions/game_3/total/rest-111011/bot""],""single"":[""solutions/game_3/single/rest-111011/top"",""solutions/game_3/single/rest-111011/bot""]}","[1,1,1,0,1,1]","[1,1,1,0,1,1]",2,0,5,3,home_win,home,0,84
799,4,"{""total"":[""solutions/game_4/total/rest-010101/top"",""solutions/game_4/total/rest-000111/bot""],""single"":[""solutions/game_4/single/rest-010101/top"",""solutions/game_4/single/rest-000111/bot""]}","[0,1,0,1,0,1]","[0,0,0,1,1,1]",3,0,6,2,home_win,home,1,77
799,5,"{""total"":[""solutions/game_5/single/rest-111011/top"",""solutions/game_5/single/rest-111010/bot""],""single"":[""solutions/game_5/single/rest-111011/top"",""solutions/game_5/single/rest-111010/bot""]}","[1,1,1,0,1,1]","[1,1,1,0,1,0]",4,0,4,8,away_win,away,1,101
800,1,"{""total"":[""solutions/game_1/total/rest-111111/top"",""solutions/game_1/total/rest-111111/bot""],""single"":[""solutions/game_1/single/rest-111111/top"",""solutions/game_1/single/rest-111111/bot""]}","[1,1,1,1,1,1]","[1,1,1,1,1,1]",0,0,4,1,home_win,home,0,75
800,2,"{""total"":[""solutions/game_2/total/rest-110111/top"",""solutions/game_2/total/rest-111111/bot""],""single"":[""solutions/game_2/single/rest-110111/top"",""solutions/game_2/single/rest-111111/bot""]}","[1,1,0,1,1,1]","[1,1,1,1,1,1]",1,0,0,4,away_win,away,0,80
800,3,"{""total"":[""solutions/game_3/total/rest-111110/top"",""solutions/game_3/total/rest-111111/bot""],""single"":[""solutions/game_3/single/rest-111110/top"",""solutions/game_3/single/rest-111111/bot""]}","[1,1,1,1,1,0]","[1,1,1,1,1,1]",1,1,3,5,away_win,away,0,77
800,4,"{""total"":[""solutions/game_4/total/rest-110011/top"",""solutions/game_4/total/rest-010010/bot""],""single"":[""solutions/game_4/single/rest-110011/top"",""solutions/game_4/single/rest-010010/bot""]}","[1,1,0,0,1,1]","[0,1,0,0,1,0]",1,2,0,4,away_win,away,0,80
800,5,"{""total"":[""solutions/game_5/single/rest-111100/top"",""solutions/game_5/single/rest-111001/bot""],""single"":[""solutions/game_5/single/rest-111100/top"",""solutions/game_5/single/rest-111001/bot""]}","[1,1,1,1,0,0]","[1,1,1,0,0,1]",1,3,2,5,away_win,away,1,86
801,1,"{""total"":[""solutions/game_1/total/rest-111111/top"",""solutions/game_1/total/rest-111111/bot""],""single"":[""solutions/game_1/single/rest-111111/top"",""solutions/game_1/single/rest-111111/bot""]}","[1,1,1,1,1,1]","[1,1,1,1,1,1]",0,0,5,0,home_win,home,0,80
801,2,"{""total"":[""solutions/game_2/total/rest-111010/top"",""solutions/game_2/total/rest-001100/bot""],""single"":[""solutions/game_2/single/rest-111010/top"",""solutions/game_2/single/rest-001100/bot""]}","[1,1,1,0,1,0]","[0,0,1,1,0,0]",1,0,4,3,home_win,home,0,78
801,3,"{""total"":[""solutions/game_3/total/rest-010001/top"",""solutions/game_3/total/rest-110000/bot""],""single"":[""solutions/game_3/single/rest-010001/top"",""solutions/game_3/single/rest-110000/bot""]}","[0,1,0,0,0,1]","[1,1,0,0,0,0]",2,0,6,5,home_win,home,0,94
801,4,"{""total"":[""solutions/game_4/total/rest-001111/top"",""solutions/game_4/total/rest-101110/bot""],""single"":[""solutions/game_4/single/rest-001111/top"",""solutions/game_4/single/rest-101110/bot""]}","[0,0,1,1,1,1]","[1,0,1,1,1,0]",3,0,2,0,home_win,home,1,70
801,5,"{""total"":[""solutions/game_5/single/rest-111111/top"",""solutions/game_5/single/rest-011011/bot""],""single"":[""solutions/game_5/single/rest-111111/top"",""solutions/game_5/single/rest-011011/bot""]}","[1,1,1,1,1,1]","[0,1,1,0,1,1]",4,0,7,1,home_win,home,1,89
802,1,"{""total"":[""solutions/game_1/total/rest-111111/top"",""solutions/game_1/total/rest-111111/bot""],""single"":[""solutions/game_1/single/rest-111111/top"",""solutions/game_1/single/rest-111111/bot""]}","[1,1,1,1,1,1]","[1,1,1,1,1,1]",0,0,10,7,home_win,home,0,101
802,2,"{""total"":[""solutions/game_2/total/rest-011001/top"",""solutions/game_2/total/rest-010000/bot""],""single"":[""solutions/game_2/single/rest-011001/top"",""solutions/game_2/single/rest-010000/bot""]}","[0,1,1,0,0,1]","[0,1,0,0,0,0]",1,0,5,6,away_win,away,0,82
802,3,"{""total"":[""solutions/game_3/total/rest-000111/top"",""solutions/game_3/total/rest-001111/bot""],""single"":[""solutions/game_3/single/rest-000111/top"",""solutions/game_3/single/rest-001111/bot""]}","[0,0,0,1,1,1]","[0,0,1,1,1,1]",1,1,5,1,home_win,home,0,72
802,4,"{""total"":[""solutions/game_4/total/rest-111010/top"",""solutions/game_4/total/rest-111110/bot""],""single"":[""solutions/game_4/single/rest-111010/top"",""solutions/game_4/single/rest-111110/bot""]}","[1,1,1,0,1,0]","[1,1,1,1,1,0]",2,1,2,6,away_win,away,0,82
802,5,"{""total"":[""solutions/game_5/single/rest-101111/top"",""solutions/game_5/single/rest-110111/bot""],""single"":[""solutions/game_5/single/rest-101111/top"",""solutions/game_5/single/rest-110111/bot""]}","[1,0,1,1,1,1]","[1,1,0,1,1,1]",2,2,6,4,home_win,home,0,77
803,1,"{""total"":[""solutions/game_1/total/rest-111111/top"",""solutions/game_1/total/rest-111111/bot""],""single"":[""solutions/game_1/single/rest-111111/top"",""solutions/game_1/single/rest-111111/bot""]}","[1,1,1,1,1,1]","[1,1,1,1,1,1]",0,0,0,1,away_win,away,0,73
803,2,"{""total"":[""solutions/game_2/total/rest-111111/top"",""solutions/game_2/total/rest-001010/bot""],""single"":[""solutions/game_2/single/rest-111111/top"",""solutions/game_2/single/rest-001010/bot""]}","[1,1,1,1,1,1]","[0,0,1,0,1,0]",0,1,11,6,home_win,home,0,90
803,3,"{""total"":[""solutions/game_3/total/rest-010011/top"",""solutions/game_3/total/rest-110101/bot""],""single"":[""solutions/game_3/single/rest-010011/top"",""solutions/game_3/single/rest-110101/bot""]}","[0,1,0,0,1,1]","[1,1,0,1,0,1]",1,1,11,3,home_win,home,0,74
803,4,"{""total"":[""solutions/game_4/total/rest-111111/top"",""solutions/game_4/total/rest-101011/bot""],""single"":[""solutions/game_4/single/rest-111111/top"",""solutions/game_4/single/rest-101011/bot""]}","[1,1,1,1,1,1]","[1,0,1,0,1,1]",2,1,8,14,away_win,away,0,97
803,5,"{""total"":[""solutions/game_5/single/rest-110001/top"",""solutions/game_5/single/rest-010101/bot""],""single"":[""solutions/game_5/single/rest-110001/top"",""solutions/game_5/single/rest-010101/bot""]}","[1,1,0,0,0,1]","[0,1,0,1,0,1]",2,2,7,11,away_win,away,0,98
804,1,"{""total"":[""solutions/game_1/total/rest-111111/top"",""solutions/game_1/total/rest-111111/bot""],""single"":[""solutions/game_1/single/rest-111111/top"",""solutions/game_1/single/rest-111111/bot""]}","[1,1,1,1,1,1]","[1,1,1,1,1,1]",0,0,5,3,home_win,home,0,86
804,2,"{""total"":[""solutions/game_2/total/rest-110101/top"",""solutions/game_2/total/rest-101010/bot""],""single"":[""solutions/game_2/single/rest-110101/top"",""solutions/game_2/single/rest-101010/bot""]}","[1,1,0,1,0,1]","[1,0,1,0,1,0]",1,0,4,3,home_win,home,0,76
804,3,"{""total"":[""solutions/game_3/total/rest-011010/top"",""solutions/game_3/total/rest-010111/bot""],""single"":[""solutions/game_3/single/rest-011010/top"",""solutions/game_3/single/rest-010111/bot""]}","[0,1,1,0,1,0]","[0,1,0,1,1,1]",2,0,5,8,away_win,away,0,92
804,4,"{""total"":[""solutions/game_4/total/rest-101111/top"",""solutions/game_4/total/rest-101010/bot""],""single"":[""solutions/game_4/single/rest-101111/top"",""solutions/game_4/single/rest-101010/bot""]}","[1,0,1,1,1,1]","[1,0,1,0,1,0]",2,1,1,9,away_win,away,0,62
804,5,"{""total"":[""solutions/game_5/single/rest-111110/top"",""solutions/game_5/single/rest-111101/bot""],""single"":[""solutions/game_5/single/rest-111110/top"",""solutions/game_5/single/rest-111101/bot""]}","[1,1,1,1,1,0]","[1,1,1,1,0,1]",2,2,1,9,away_win,away,0,52
805,1,"{""total"":[""solutions/game_1/total/rest-111111/top"",""solutions/game_1/total/rest-111111/bot""],""single"":[""solutions/game_1/single/rest-111111/top"",""solutions/game_1/single/rest-111111/bot""]}","[1,1,1,1,1,1]","[1,1,1,1,1,1]",0,0,5,1,home_win,home,0,80
805,2,"{""total"":[""solutions/game_2/total/rest-101001/top"",""solutions/game_2/total/rest-011010/bot""],""single"":[""solutions/game_2/single/rest-101001/top"",""solutions/game_2/single/rest-011010/bot""]}","[1,0,1,0,0,1]","[0,1,1,0,1,0]",1,0,6,4,home_win,home,0,75
805,3,"{""total"":[""solutions/game_3/total/rest-010110/top"",""solutions/game_3/total/rest-101101/bot""],""single"":[""solutions/game_3/single/rest-010110/top"",""solutions/game_3/single/rest-101101/bot""]}","[0,1,0,1,1,0]","[1,0,1,1,0,1]",2,0,2,8,away_win,away,0,82
805,4,"{""total"":[""solutions/game_4/total/rest-011111/top"",""solutions/game_4/total/rest-111010/bot""],""single"":[""solutions/game_4/single/rest-011111/top"",""solutions/game_4/single/rest-111010/bot""]}","[0,1,1,1,1,1]","[1,1,1,0,1,0]",2,1,5,4,home_win,home,0,82
805,5,"{""total"":[""solutions/game_5/single/rest-110001/top"",""solutions/game_5/single/rest-110101/bot""],""single"":[""solutions/game_5/single/rest-110001/top"",""solutions/game_5/single/rest-110101/bot""]}","[1,1,0,0,0,1]","[1,1,0,1,0,1]",3,1,5,1,home_win,home,1,74
806,1,"{""total"":[""solutions/game_1/total/rest-111111/top"",""solutions/game_1/total/rest-111111/bot""],""single"":[""solutions/game_1/single/rest-111111/top"",""solutions/game_1/single/rest-111111/bot""]}","[1,1,1,1,1,1]","[1,1,1,1,1,1]",0,0,5,3,home_win,home,0,83
806,2,"{""total"":[""solutions/game_2/total/rest-011111/top"",""solutions/game_2/total/rest-011110/bot""],""single"":[""solutions/game_2/single/rest-011111/top"",""solutions/game_2/single/rest-011110/bot""]}","[0,1,1,1,1,1]","[0,1,1,1,1,0]",1,0,3,2,home_win,home,0,74
806,3,"{""total"":[""solutions/game_3/total/rest-110001/top"",""solutions/game_3/total/rest-101001/bot""],""single"":[""solutions/game_3/single/rest-110001/top"",""solutions/game_3/single/rest-101001/bot""]}","[1,1,0,0,0,1]","[1,0,1,0,0,1]",2,0,6,3,home_win,home,0,80
806,4,"{""total"":[""solutions/game_4/total/rest-011110/top"",""solutions/game_4/total/rest-110111/bot""],""single"":[""solutions/game_4/single/rest-011110/top"",""solutions/game_4/single/rest-110111/bot""]}","[0,1,1,1,1,0]","[1,1,0,1,1,1]",3,0,4,3,home_win,home,1,80
806,5,"{""total"":[""solutions/game_5/single/rest-100101/top"",""solutions/game_5/single/rest-011010/bot""],""single"":[""solutions/game_5/single/rest-100101/top"",""solutions/game_5/single/rest-011010/bot""]}","[1,0,0,1,0,1]","[0,1,1,0,1,0]",4,0,7,6,home_win,home,1,85
807,1,"{""total"":[""solutions/game_1/total/rest-111111/top"",""solutions/game_1/total/rest-111111/bot""],""single"":[""solutions/game_1/single/rest-111111/top"",""solutions/game_1/single/rest-111111/bot""]}","[1,1,1,1,1,1]","[1,1,1,1,1,1]",0,0,1,9,away_win,away,0,46
807,2,"{""total"":[""solutions/game_2/total/rest-111111/top"",""solutions/game_2/total/rest-111111/bot""],""single"":[""solutions/game_2/single/rest-111111/top"",""solutions/game_2/single/rest-111111/bot""]}","[1,1,1,1,1,1]","[1,1,1,1,1,1]",0,1,7,7,tie,away,0,98
807,3,"{""total"":[""solutions/game_3/total/rest-011100/top"",""solutions/game_3/total/rest-110101/bot""],""single"":[""solutions/game_3/single/rest-011100/top"",""solutions/game_3/single/rest-110101/bot""]}","[0,1,1,1,0,0]","[1,1,0,1,0,1]",0,2,0,8,away_win,away,0,70
807,4,"{""total"":[""solutions/game_4/total/rest-101111/top"",""solutions/game_4/total/rest-111110/bot""],""single"":[""solutions/game_4/single/rest-101111/top"",""solutions/game_4/single/rest-111110/bot""]}","[1,0,1,1,1,1]","[1,1,1,1,1,0]",0,3,10,2,home_win,home,1,87
807,5,"{""total"":[""solutions/game_5/single/rest-111101/top"",""solutions/game_5/single/rest-001011/bot""],""single"":[""solutions/game_5/single/rest-111101/top"",""solutions/game_5/single/rest-001011/bot""]}","[1,1,1,1,0,1]","[0,0,1,0,1,1]",1,3,6,4,home_win,home,1,75
808,1,"{""total"":[""solutions/game_1/total/rest-111111/top"",""solutions/game_1/total/rest-111111/bot""],""single"":[""solutions/game_1/single/rest-111111/top"",""solutions/game_1/single/rest-111111/bot""]}","[1,1,1,1,1,1]","[1,1,1,1,1,1]",0,0,11,1,home_win,home,0,32
808,2,"{""total"":[""solutions/game_2/total/rest-111111/top"",""solutions/game_2/total/rest-111111/bot""],""single"":[""solutions/game_2/single/rest-111111/top"",""solutions/game_2/single/rest-111111/bot""]}","[1,1,1,1,1,1]","[1,1,1,1,1,1]",1,0,2,3,away_win,away,0,80
808,3,"{""total"":[""solutions/game_3/total/rest-111101/top"",""solutions/game_3/total/rest-001010/bot""],""single"":[""solutions/game_3/single/rest-111101/top"",""solutions/game_3/single/rest-001010/bot""]}","[1,1,1,1,0,1]","[0,0,1,0,1,0]",1,1,6,5,home_win,home,0,88
808,4,"{""total"":[""solutions/game_4/total/rest-010111/top"",""solutions/game_4/total/rest-111111/bot""],""single"":[""solutions/game_4/single/rest-010111/top"",""solutions/game_4/single/rest-111111/bot""]}","[0,1,0,1,1,1]","[1,1,1,1,1,1]",2,1,1,10,away_win,away,0,48
808,5,"{""total"":[""solutions/game_5/single/rest-111110/top"",""solutions/game_5/single/rest-111111/bot""],""single"":[""solutions/game_5/single/rest-111110/top"",""solutions/game_5/single/rest-111111/bot""]}","[1,1,1,1,1,0]","[1,1,1,1,1,1]",2,2,6,7,away_win,away,0,82
809,1,"{""total"":[""solutions/game_1/total/rest-111111/top"",""solutions/game_1/total/rest-111111/bot""],""single"":[""solutions/game_1/single/rest-111111/top"",""solutions/game_1/single/rest-111111/bot""]}","[1,1,1,1,1,1]","[1,1,1,1,1,1]",0,0,7,4,home_win,home,0,87
809,2,"{""total"":[""solutions/game_2/total/rest-111100/top"",""solutions/game_2/total/rest-001101/bot""],""single"":[""solutions/game_2/single/rest-111100/top"",""solutions/game_2/single/rest-001101/bot""]}","[1,1,1,1,0,0]","[0,0,1,1,0,1]",1,0,4,3,home_win,home,0,84
809,3,"{""total"":[""solutions/game_3/total/rest-000111/top"",""solutions/game_3/total/rest-111110/bot""],""single"":[""solutions/game_3/single/rest-000111/top"",""solutions/game_3/single/rest-111110/bot""]}","[0,0,0,1,1,1]","[1,1,1,1,1,0]",2,0,8,0,home_win,home,0,22
809,4,"{""total"":[""solutions/game_4/total/rest-111111/top"",""solutions/game_4/total/rest-111111/bot""],""single"":[""solutions/game_4/single/rest-111111/top"",""solutions/game_4/single/rest-111111/bot""]}","[1,1,1,1,1,1]","[1,1,1,1,1,1]",3,0,2,8,away_win,away,1,85
809,5,"{""total"":[""solutions/game_5/single/rest-111111/top"",""solutions/game_5/single/rest-001111/bot""],""single"":[""solutions/game_5/single/rest-111111/top"",""solutions/game_5/single/rest-001111/bot""]}","[1,1,1,1,1,1]","[0,0,1,1,1,1]",3,1,3,8,away_win,away,1,89
810,1,"{""total"":[""solutions/game_1/total/rest-111111/top"",""solutions/game_1/total/rest-111111/bot""],""single"":[""solutions/game_1/single/rest-111111/top"",""solutions/game_1/single/rest-111111/bot""]}","[1,1,1,1,1,1]","[1,1,1,1,1,1]",0,0,4,8,away_win,away,0,92
810,2,"{""total"":[""solutions/game_2/total/rest-101110/top"",""solutions/game_2/total/rest-011110/bot""],""single"":[""solutions/game_2/single/rest-101110/top"",""solutions/game_2/single/rest-011110/bot""]}","[1,0,1,1,1,0]","[0,1,1,1,1,0]",0,1,8,1,home_win,home,0,78
810,3,"{""total"":[""solutions/game_3/total/rest-111100/top"",""solutions/game_3/total/rest-111101/bot""],""single"":[""solutions/game_3/single/rest-111100/top"",""solutions/game_3/single/rest-111101/bot""]}","[1,1,1,1,0,0]","[1,1,1,1,0,1]",1,1,4,13,away_win,away,0,71
810,4,"{""total"":[""solutions/game_4/total/rest-101111/top"",""solutions/game_4/total/rest-001111/bot""],""single"":[""solutions/game_4/single/rest-101111/top"",""solutions/game_4/single/rest-001111/bot""]}","[1,0,1,1,1,1]","[0,0,1,1,1,1]",1,2,10,2,home_win,home,0,73
810,5,"{""total"":[""solutions/game_5/single/rest-111100/top"",""solutions/game_5/single/rest-111000/bot""],""single"":[""solutions/game_5/single/rest-111100/top"",""solutions/game_5/single/rest-111000/bot""]}","[1,1,1,1,0,0]","[1,1,1,0,0,0]",2,2,5,7,away_win,away,0,91
811,1,"{""total"":[""solutions/game_1/total/rest-111111/top"",""solutions/game_1/total/rest-111111/bot""],""single"":[""solutions/game_1/single/rest-111111/top"",""solutions/game_1/single/rest-111111/bot""]}","[1,1,1,1,1,1]","[1,1,1,1,1,1]",0,0,3,4,away_win,away,0,78
811,2,"{""total"":[""solutions/game_2/total/rest-100101/top"",""solutions/game_2/total/rest-101011/bot""],""single"":[""solutions/game_2/single/rest-100101/top"",""solutions/game_2/single/rest-101011/bot""]}","[1,0,0,1,0,1]","[1,0,1,0,1,1]",0,1,7,8,away_win,away,0,90
811,3,"{""total"":[""solutions/game_3/total/rest-011011/top"",""solutions/game_3/total/rest-011100/bot""],""single"":[""solutions/game_3/single/rest-011011/top"",""solutions/game_3/single/rest-011100/bot""]}","[0,1,1,0,1,1]","[0,1,1,1,0,0]",0,2,0,1,away_win,away,0,71
811,4,"{""total"":[""solutions/game_4/total/rest-110110/top"",""solutions/game_4/total/rest-100011/bot""],""single"":[""solutions/game_4/single/rest-110110/top"",""solutions/game_4/single/rest-100011/bot""]}","[1,1,0,1,1,0]","[1,0,0,0,1,1]",0,3,6,7,away_win,away,1,91
811,5,"{""total"":[""solutions/game_5/single/rest-101001/top"",""solutions/game_5/single/rest-011101/bot""],""single"":[""solutions/game_5/single/rest-101001/top"",""solutions/game_5/single/rest-011101/bot""]}","[1,0,1,0,0,1]","[0,1,1,1,0,1]",0,4,4,5,away_win,away,1,80
812,1,"{""total"":[""solutions/game_1/total/rest-111111/top"",""solutions/game_1/total/rest-111111/bot""],""single"":[""solutions/game_1/single/rest-111111/top"",""solutions/game_1/single/rest-111111/bot""]}","[1,1,1,1,1,1]","[1,1,1,1,1,1]",0,0,0,2,away_win,away,0,82
812,2,"{""total"":[""solutions/game_2/total/rest-110111/top"",""solutions/game_2/total/rest-011011/bot""],""single"":[""solutions/game_2/single/rest-110111/top"",""solutions/game_2/single/rest-011011/bot""]}","[1,1,0,1,1,1]","[0,1,1,0,1,1]",0,1,4,5,away_win,away,0,100
812,3,"{""total"":[""solutions/game_3/total/rest-001100/top"",""solutions/game_3/total/rest-110100/bot""],""single"":[""solutions/game_3/single/rest-001100/top"",""solutions/game_3/single/rest-110100/bot""]}","[0,0,1,1,0,0]","[1,1,0,1,0,0]",0,2,3,1,home_win,home,0,68
812,4,"{""total"":[""solutions/game_4/total/rest-010011/top"",""solutions/game_4/total/rest-111011/bot""],""single"":[""solutions/game_4/single/rest-010011/top"",""solutions/game_4/single/rest-111011/bot""]}","[0,1,0,0,1,1]","[1,1,1,0,1,1]",1,2,9,6,home_win,home,0,85
812,5,"{""total"":[""solutions/game_5/single/rest-101101/top"",""solutions/game_5/single/rest-001010/bot""],""single"":[""solutions/game_5/single/rest-101101/top"",""solutions/game_5/single/rest-001010/bot""]}","[1,0,1,1,0,1]","[0,0,1,0,1,0]",2,2,7,13,away_win,away,0,96
813,1,"{""total"":[""solutions/game_1/total/rest-111111/top"",""solutions/game_1/total/rest-111111/bot""],""single"":[""solutions/game_1/single/rest-111111/top"",""solutions/game_1/single/rest-111111/bot""]}","[1,1,1,1,1,1]","[1,1,1,1,1,1]",0,0,1,3,away_win,away,0,74
813,2,"{""total"":[""solutions/game_2/total/rest-111111/top"",""solutions/game_2/total/rest-001010/bot""],""single"":[""solutions/game_2/single/rest-111111/top"",""solutions/game_2/single/rest-001010/bot""]}","[1,1,1,1,1,1]","[0,0,1,0,1,0]",0,1,5,4,home_win,home,0,82
813,3,"{""total"":[""solutions/game_3/total/rest-110011/top"",""solutions/game_3/total/rest-110101/bot""],""single"":[""solutions/game_3/single/rest-110011/top"",""solutions/game_3/single/rest-110101/bot""]}","[1,1,0,0,1,1]","[1,1,0,1,0,1]",1,1,1,4,away_win,away,0,80
813,4,"{""total"":[""solutions/game_4/total/rest-111100/top"",""solutions/game_4/total/rest-001011/bot""],""single"":[""solutions/game_4/single/rest-111100/top"",""solutions/game_4/single/rest-001011/bot""]}","[1,1,1,1,0,0]","[0,0,1,0,1,1]",1,2,6,9,away_win,away,0,91
813,5,"{""total"":[""solutions/game_5/single/rest-011111/top"",""solutions/game_5/single/rest-110100/bot""],""single"":[""solutions/game_5/single/rest-011111/top"",""solutions/game_5/single/rest-110100/bot""]}","[0,1,1,1,1,1]","[1,1,0,1,0,0]",1,3,10,6,home_win,home,1,81
814,1,"{""total"":[""solutions/game_1/total/rest-111111/top"",""solutions/game_1/total/rest-111111/bot""],""single"":[""solutions/game_1/single/rest-111111/top"",""solutions/game_1/single/rest-111111/bot""]}","[1,1,1,1,1,1]","[1,1,1,1,1,1]",0,0,4,6,away_win,away,0,85
814,2,"{""total"":[""solutions/game_2/total/rest-111001/top"",""solutions/game_2/total/rest-001010/bot""],""single"":[""solutions/game_2/single/rest-111001/top"",""solutions/game_2/single/rest-001010/bot""]}","[1,1,1,0,0,1]","[0,0,1,0,1,0]",0,1,10,7,home_win,home,0,93
814,3,"{""total"":[""solutions/game_3/total/rest-001111/top"",""solutions/game_3/total/rest-110000/bot""],""single"":[""solutions/game_3/single/rest-001111/top"",""solutions/game_3/single/rest-110000/bot""]}","[0,0,1,1,1,1]","[1,1,0,0,0,0]",1,1,7,6,home_win,home,0,93
814,4,"{""total"":[""solutions/game_4/total/rest-110000/top"",""solutions/game_4/total/rest-001111/bot""],""single"":[""solutions/game_4/single/rest-110000/top"",""solutions/game_4/single/rest-001111/bot""]}","[1,1,0,0,0,0]","[0,0,1,1,1,1]",2,1,3,7,away_win,away,0,79
814,5,"{""total"":[""solutions/game_5/single/rest-111111/top"",""solutions/game_5/single/rest-111010/bot""],""single"":[""solutions/game_5/single/rest-111111/top"",""solutions/game_5/single/rest-111010/bot""]}","[1,1,1,1,1,1]","[1,1,1,0,1,0]",2,2,2,5,away_win,away,0,85
815,1,"{""total"":[""solutions/game_1/total/rest-111111/top"",""solutions/game_1/total/rest-111111/bot""],""single"":[""solutions/game_1/single/rest-111111/top"",""solutions/game_1/single/rest-111111/bot""]}","[1,1,1,1,1,1]","[1,1,1,1,1,1]",0,0,2,7,away_win,away,0,80
815,2,"{""total"":[""solutions/game_2/total/rest-111100/top"",""solutions/game_2/total/rest-111010/bot""],""single"":[""solutions/game_2/single/rest-111100/top"",""solutions/game_2/single/rest-111010/bot""]}","[1,1,1,1,0,0]","[1,1,1,0,1,0]",0,1,3,4,away_win,away,0,86
815,3,"{""total"":[""solutions/game_3/total/rest-110011/top"",""solutions/game_3/total/rest-001101/bot""],""single"":[""solutions/game_3/single/rest-110011/top"",""solutions/game_3/single/rest-001101/bot""]}","[1,1,0,0,1,1]","[0,0,1,1,0,1]",0,2,0,1,away_win,away,0,69
815,4,"{""total"":[""solutions/game_4/total/rest-011101/top"",""solutions/game_4/total/rest-111110/bot""],""single"":[""solutions/game_4/single/rest-011101/top"",""solutions/game_4/single/rest-111110/bot""]}","[0,1,1,1,0,1]","[1,1,1,1,1,0]",0,3,4,7,away_win,away,1,93
815,5,"{""total"":[""solutions/game_5/single/rest-101110/top"",""solutions/game_5/single/rest-001111/bot""],""single"":[""solutions/game_5/single/rest-101110/top"",""solutions/game_5/single/rest-001111/bot""]}","[1,0,1,1,1,0]","[0,0,1,1,1,1]",0,4,8,1,home_win,home,1,78
816,1,"{""total"":[""solutions/game_1/total/rest-111111/top"",""solutions/game_1/total/rest-111111/bot""],""single"":[""solutions/game_1/single/rest-111111/top"",""solutions/game_1/single/rest-111111/bot""]}","[1,1,1,1,1,1]","[1,1,1,1,1,1]",0,0,4,3,home_win,home,0,74
816,2,"{""total"":[""solutions/game_2/total/rest-111011/top"",""solutions/game_2/total/rest-001111/bot""],""single"":[""solutions/game_2/single/rest-111011/top"",""solutions/game_2/single/rest-001111/bot""]}","[1,1,1,0,1,1]","[0,0,1,1,1,1]",1,0,0,1,away_win,away,0,73
816,3,"{""total"":[""solutions/game_3/total/rest-111101/top"",""solutions/game_3/total/rest-100010/bot""],""single"":[""solutions/game_3/single/rest-111101/top"",""solutions/game_3/single/rest-100010/bot""]}","[1,1,1,1,0,1]","[1,0,0,0,1,0]",1,1,1,8,away_win,away,0,86
816,4,"{""total"":[""solutions/game_4/total/rest-111110/top"",""solutions/game_4/total/rest-111110/bot""],""single"":[""solutions/game_4/single/rest-111110/top"",""solutions/game_4/single/rest-111110/bot""]}","[1,1,1,1,1,0]","[1,1,1,1,1,0]",1,2,1,8,away_win,away,0,84
816,5,"{""total"":[""solutions/game_5/single/rest-001111/top"",""solutions/game_5/single/rest-111011/bot""],""single"":[""solutions/game_5/single/rest-001111/top"",""solutions/game_5/single/rest-111011/bot""]}","[0,0,1,1,1,1]","[1,1,1,0,1,1]",1,3,3,6,away_win,away,1,86
817,1,"{""total"":[""solutions/game_1/total/rest-111111/top"",""solutions/game_1/total/rest-111111/bot""],""single"":[""solutions/game_1/single/rest-111111/top"",""solutions/game_1/single/rest-111111/bot""]}","[1,1,1,1,1,1]","[1,1,1,1,1,1]",0,0,5,6,away_win,away,0,85
817,2,"{""total"":[""solutions/game_2/total/rest-110001/top"",""solutions/game_2/total/rest-011110/bot""],""single"":[""solutions/game_2/single/rest-110001/top"",""solutions/game_2/single/rest-011110/bot""]}","[1,1,0,0,0,1]","[0,1,1,1,1,0]",0,1,0,6,away_win,away,0,77
817,3,"{""total"":[""solutions/game_3/total/rest-011011/top"",""solutions/game_3/total/rest-101101/bot""],""single"":[""solutions/game_3/single/rest-011011/top"",""solutions/game_3/single/rest-101101/bot""]}","[0,1,1,0,1,1]","[1,0,1,1,0,1]",0,2,6,5,home_win,home,0,83
817,4,"{""total"":[""solutions/game_4/total/rest-110011/top"",""solutions/game_4/total/rest-010100/bot""],""single"":[""solutions/game_4/single/rest-110011/top"",""solutions/game_4/single/rest-010100/bot""]}","[1,1,0,0,1,1]","[0,1,0,1,0,0]",1,2,0,6,away_win,away,0,82
817,5,"{""total"":[""solutions/game_5/single/rest-011110/top"",""solutions/game_5/single/rest-101111/bot""],""single"":[""solutions/game_5/single/rest-011110/top"",""solutions/game_5/single/rest-101111/bot""]}","[0,1,1,1,1,0]","[1,0,1,1,1,1]",1,3,1,5,away_win,away,1,82
818,1,"{""total"":[""solutions/game_1/total/rest-111111/top"",""solutions/game_1/total/rest-111111/bot""],""single"":[""solutions/game_1/single/rest-111111/top"",""solutions/game_1/single/rest-111111/bot""]}","[1,1,1,1,1,1]","[1,1,1,1,1,1]",0,0,2,4,away_win,away,0,78
818,2,"{""total"":[""solutions/game_2/total/rest-111100/top"",""solutions/game_2/total/rest-100111/bot""],""single"":[""solutions/game_2/single/rest-111100/top"",""solutions/game_2/single/rest-100111/bot""]}","[1,1,1,1,0,0]","[1,0,0,1,1,1]",0,1,5,6,away_win,away,0,87
818,3,"{""total"":[""solutions/game_3/total/rest-010011/top"",""solutions/game_3/total/rest-011011/bot""],""single"":[""solutions/game_3/single/rest-010011/top"",""solutions/game_3/single/rest-011011/bot""]}","[0,1,0,0,1,1]","[0,1,1,0,1,1]",0,2,1,11,away_win,away,0,61
818,4,"{""total"":[""solutions/game_4/total/rest-101111/top"",""solutions/game_4/total/rest-111111/bot""],""single"":[""solutions/game_4/single/rest-101111/top"",""solutions/game_4/single/rest-111111/bot""]}","[1,0,1,1,1,1]","[1,1,1,1,1,1]",0,3,6,11,away_win,away,1,91
818,5,"{""total"":[""solutions/game_5/single/rest-001110/top"",""solutions/game_5/single/rest-100100/bot""],""single"":[""solutions/game_5/single/rest-001110/top"",""solutions/game_5/single/rest-100100/bot""]}","[0,0,1,1,1,0]","[1,0,0,1,0,0]",0,4,8,6,home_win,home,1,83
819,1,"{""total"":[""solutions/game_1/total/rest-111111/top"",""solutions/game_1/total/rest-111111/bot""],""single"":[""solutions/game_1/single/rest-111111/top"",""solutions/game_1/single/rest-111111/bot""]}","[1,1,1,1,1,1]","[1,1,1,1,1,1]",0,0,7,3,home_win,home,0,83
819,2,"{""total"":[""solutions/game_2/total/rest-110011/top"",""solutions/game_2/total/rest-011100/bot""],""single"":[""solutions/game_2/single/rest-110011/top"",""solutions/game_2/single/rest-011100/bot""]}","[1,1,0,0,1,1]","[0,1,1,1,0,0]",1,0,5,3,home_win,home,0,78
819,3,"{""total"":[""solutions/game_3/total/rest-011111/top"",""solutions/game_3/total/rest-101011/bot""],""single"":[""solutions/game_3/single/rest-011111/top"",""solutions/game_3/single/rest-101011/bot""]}","[0,1,1,1,1,1]","[1,0,1,0,1,1]",2,0,9,3,home_win,home,0,91
819,4,"{""total"":[""solutions/game_4/total/rest-011001/top"",""solutions/game_4/total/rest-110101/bot""],""single"":[""solutions/game_4/single/rest-011001/top"",""solutions/game_4/single/rest-110101/bot""]}","[0,1,1,0,0,1]","[1,1,0,1,0,1]",3,0,0,8,away_win,away,1,45
819,5,"{""total"":[""solutions/game_5/single/rest-111111/top"",""solutions/game_5/single/rest-111111/bot""],""single"":[""solutions/game_5/single/rest-111111/top"",""solutions/game_5/single/rest-111111/bot""]}","[1,1,1,1,1,1]","[1,1,1,1,1,1]",3,1,3,8,away_win,away,1,92
820,1,"{""total"":[""solutions/game_1/total/rest-111111/top"",""solutions/game_1/total/rest-111111/bot""],""single"":[""solutions/game_1/single/rest-111111/top"",""solutions/game_1/single/rest-111111/bot""]}","[1,1,1,1,1,1]","[1,1,1,1,1,1]",0,0,2,4,away_win,away,0,82
820,2,"{""total"":[""solutions/game_2/total/rest-110001/top"",""solutions/game_2/total/rest-001010/bot""],""single"":[""solutions/game_2/single/rest-110001/top"",""solutions/game_2/single/rest-001010/bot""]}","[1,1,0,0,0,1]","[0,0,1,0,1,0]",0,1,6,2,home_win,home,0,78
820,3,"{""total"":[""solutions/game_3/total/rest-101110/top"",""solutions/game_3/total/rest-111111/bot""],""single"":[""solutions/game_3/single/rest-101110/top"",""solutions/game_3/single/rest-111111/bot""]}","[1,0,1,1,1,0]","[1,1,1,1,1,1]",1,1,1,2,away_win,away,0,71
820,4,"{""total"":[""solutions/game_4/total/rest-111101/top"",""solutions/game_4/total/rest-111011/bot""],""single"":[""solutions/game_4/single/rest-111101/top"",""solutions/game_4/single/rest-111011/bot""]}","[1,1,1,1,0,1]","[1,1,1,0,1,1]",1,2,9,14,away_win,away,0,101
820,5,"{""total"":[""solutions/game_5/single/rest-011011/top"",""solutions/game_5/single/rest-100110/bot""],""single"":[""solutions/game_5/single/rest-011011/top"",""solutions/game_5/single/rest-100110/bot""]}","[0,1,1,0,1,1]","[1,0,0,1,1,0]",1,3,8,2,home_win,home,1,83
821,1,"{""total"":[""solutions/game_1/total/rest-111111/top"",""solutions/game_1/total/rest-111111/bot""],""single"":[""solutions/game_1/single/rest-111111/top"",""solutions/game_1/single/rest-111111/bot""]}","[1,1,1,1,1,1]","[1,1,1,1,1,1]",0,0,0,1,away_win,away,0,73
821,2,"{""total"":[""solutions/game_2/total/rest-010011/top"",""solutions/game_2/total/rest-001011/bot""],""single"":[""solutions/game_2/single/rest-010011/top"",""solutions/game_2/single/rest-001011/bot""]}","[0,1,0,0,1,1]","[0,0,1,0,1,1]",0,1,1,5,away_win,away,0,76
821,3,"{""total"":[""solutions/game_3/total/rest-111100/top"",""solutions/game_3/total/rest-110100/bot""],""single"":[""solutions/game_3/single/rest-111100/top"",""solutions/game_3/single/rest-110100/bot""]}","[1,1,1,1,0,0]","[1,1,0,1,0,0]",0,2,3,1,home_win,home,0,73
821,4,"{""total"":[""solutions/game_4/total/rest-010110/top"",""solutions/game_4/total/rest-101111/bot""],""single"":[""solutions/game_4/single/rest-010110/top"",""solutions/game_4/single/rest-101111/bot""]}","[0,1,0,1,1,0]","[1,0,1,1,1,1]",1,2,7,5,home_win,home,0,84
821,5,"{""total"":[""solutions/game_5/single/rest-101011/top"",""solutions/game_5/single/rest-110011/bot""],""single"":[""solutions/game_5/single/rest-101011/top"",""solutions/game_5/single/rest-110011/bot""]}","[1,0,1,0,1,1]","[1,1,0,0,1,1]",2,2,7,1,home_win,home,0,72
822,1,"{""total"":[""solutions/game_1/total/rest-111111/top"",""solutions/game_1/total/rest-111111/bot""],""single"":[""solutions/game_1/single/rest-111111/top"",""solutions/game_1/single/rest-111111/bot""]}","[1,1,1,1,1,1]","[1,1,1,1,1,1]",0,0,6,8,away_win,away,0,90
822,2,"{""total"":[""solutions/game_2/total/rest-111011/top"",""solutions/game_2/total/rest-111010/bot""],""single"":[""solutions/game_2/single/rest-111011/top"",""solutions/game_2/single/rest-111010/bot""]}","[1,1,1,0,1,1]","[1,1,1,0,1,0]",0,1,3,2,home_win,home,0,73
822,3,"{""total"":[""solutions/game_3/total/rest-110001/top"",""solutions/game_3/total/rest-111101/bot""],""single"":[""solutions/game_3/single/rest-110001/top"",""solutions/game_3/single/rest-111101/bot""]}","[1,1,0,0,0,1]","[1,1,1,1,0,1]",1,1,2,4,away_win,away,0,91
822,4,"{""total"":[""solutions/game_4/total/rest-011110/top"",""solutions/game_4/total/rest-001110/bot""],""single"":[""solutions/game_4/single/rest-011110/top"",""solutions/game_4/single/rest-001110/bot""]}","[0,1,1,1,1,0]","[0,0,1,1,1,0]",1,2,8,0,home_win,home,0,53
822,5,"{""total"":[""solutions/game_5/single/rest-111111/top"",""solutions/game_5/single/rest-111010/bot""],""single"":[""solutions/game_5/single/rest-111111/top"",""solutions/game_5/single/rest-111010/bot""]}","[1,1,1,1,1,1]","[1,1,1,0,1,0]",2,2,6,7,away_win,away,0,85
823,1,"{""total"":[""solutions/game_1/total/rest-111111/top"",""solutions/game_1/total/rest-111111/bot""],""single"":[""solutions/game_1/single/rest-111111/top"",""solutions/game_1/single/rest-111111/bot""]}","[1,1,1,1,1,1]","[1,1,1,1,1,1]",0,0,8,2,home_win,home,0,82
823,2,"{""total"":[""solutions/game_2/total/rest-101110/top"",""solutions/game_2/total/rest-000110/bot""],""single"":[""solutions/game_2/single/rest-101110/top"",""solutions/game_2/single/rest-000110/bot""]}","[1,0,1,1,1,0]","[0,0,0,1,1,0]",1,0,8,0,home_win,home,0,37
823,3,"{""total"":[""solutions/game_3/total/rest-111111/top"",""solutions/game_3/total/rest-111111/bot""],""single"":[""solutions/game_3/single/rest-111111/top"",""solutions/game_3/single/rest-111111/bot""]}","[1,1,1,1,1,1]","[1,1,1,1,1,1]",2,0,0,3,away_win,away,0,85
823,4,"{""total"":[""solutions/game_4/total/rest-010011/top"",""solutions/game_4/total/rest-010111/bot""],""single"":[""solutions/game_4/single/rest-010011/top"",""solutions/game_4/single/rest-010111/bot""]}","[0,1,0,0,1,1]","[0,1,0,1,1,1]",2,1,3,7,away_win,away,0,88
823,5,"{""total"":[""solutions/game_5/single/rest-101111/top"",""solutions/game_5/single/rest-101110/bot""],""single"":[""solutions/game_5/single/rest-101111/top"",""solutions/game_5/single/rest-101110/bot""]}","[1,0,1,1,1,1]","[1,0,1,1,1,0]",2,2,7,2,home_win,home,0,80
824,1,"{""total"":[""solutions/game_1/total/rest-111111/top"",""solutions/game_1/total/rest-111111/bot""],""single"":[""solutions/game_1/single/rest-111111/top"",""solutions/game_1/single/rest-111111/bot""]}","[1,1,1,1,1,1]","[1,1,1,1,1,1]",0,0,3,2,home_win,home,0,83
824,2,"{""total"":[""solutions/game_2/total/rest-011001/top"",""solutions/game_2/total/rest-101010/bot""],""single"":[""solutions/game_2/single/rest-011001/top"",""solutions/game_2/single/rest-101010/bot""]}","[0,1,1,0,0,1]","[1,0,1,0,1,0]",1,0,8,6,home_win,home,0,86
824,3,"{""total"":[""solutions/game_3/total/rest-000110/top"",""solutions/game_3/total/rest-111111/bot""],""single"":[""solutions/game_3/single/rest-000110/top"",""solutions/game_3/single/rest-111111/bot""]}","[0,0,0,1,1,0]","[1,1,1,1,1,1]",2,0,10,1,home_win,home,0,44
824,4,"{""total"":[""solutions/game_4/total/rest-111111/top"",""solutions/game_4/total/rest-111111/bot""],""single"":[""solutions/game_4/single/rest-111111/top"",""solutions/game_4/single/rest-111111/bot""]}","[1,1,1,1,1,1]","[1,1,1,1,1,1]",3,0,5,13,away_win,away,1,83
824,5,"{""total"":[""solutions/game_5/single/rest-111111/top"",""solutions/game_5/single/rest-011110/bot""],""single"":[""solutions/game_5/single/rest-111111/top"",""solutions/game_5/single/rest-011110/bot""]}","[1,1,1,1,1,1]","[0,1,1,1,1,0]",3,1,5,4,home_win,home,1,81
825,1,"{""total"":[""solutions/game_1/total/rest-111111/top"",""solutions/game_1/total/rest-111111/bot""],""single"":[""solutions/game_1/single/rest-111111/top"",""solutions/game_1/single/rest-111111/bot""]}","[1,1,1,1,1,1]","[1,1,1,1,1,1]",0,0,8,0,home_win,home,0,35
825,2,"{""total"":[""solutions/game_2/total/rest-111111/top"",""solutions/game_2/total/rest-111111/bot""],""single"":[""solutions/game_2/single/rest-111111/top"",""solutions/game_2/single/rest-111111/bot""]}","[1,1,1,1,1,1]","[1,1,1,1,1,1]",1,0,12,9,home_win,home,0,96
825,3,"{""total"":[""solutions/game_3/total/rest-001101/top"",""solutions/game_3/total/rest-001000/bot""],""single"":[""solutions/game_3/single/rest-001101/top"",""solutions/game_3/single/rest-001000/bot""]}","[0,0,1,1,0,1]","[0,0,1,0,0,0]",2,0,6,5,home_win,home,0,92
825,4,"{""total"":[""solutions/game_4/total/rest-110000/top"",""solutions/game_4/total/rest-110010/bot""],""single"":[""solutions/game_4/single/rest-110000/top"",""solutions/game_4/single/rest-110010/bot""]}","[1,1,0,0,0,0]","[1,1,0,0,1,0]",3,0,8,7,home_win,home,1,98
825,5,"{""total"":[""solutions/game_5/single/rest-001101/top"",""solutions/game_5/single/rest-001101/bot""],""single"":[""solutions/game_5/single/rest-001101/top"",""solutions/game_5/single/rest-001101/bot""]}","[0,0,1,1,0,1]","[0,0,1,1,0,1]",4,0,7,5,home_win,home,1,86
826,1,"{""total"":[""solutions/game_1/total/rest-111111/top"",""solutions/game_1/total/rest-111111/bot""],""single"":[""solutions/game_1/single/rest-111111/top"",""solutions/game_1/single/rest-111111/bot""]}","[1,1,1,1,1,1]","[1,1,1,1,1,1]",0,0,5,2,home_win,home,0,80
826,2,"{""total"":[""solutions/game_2/total/rest-111001/top"",""solutions/game_2/total/rest-001010/bot""],""single"":[""solutions/game_2/single/rest-111001/top"",""solutions/game_2/single/rest-001010/bot""]}","[1,1,1,0,0,1]","[0,0,1,0,1,0]",1,0,9,0,home_win,home,0,61
826,3,"{""total"":[""solutions/game_3/total/rest-111111/top"",""solutions/game_3/total/rest-110101/bot""],""single"":[""solutions/game_3/single/rest-111111/top"",""solutions/game_3/single/rest-110101/bot""]}","[1,1,1,1,1,1]","[1,1,0,1,0,1]",2,0,4,9,away_win,away,0,88
826,4,"{""total"":[""solutions/game_4/total/rest-111011/top"",""solutions/game_4/total/rest-101110/bot""],""single"":[""solutions/game_4/single/rest-111011/top"",""solutions/game_4/single/rest-101110/bot""]}","[1,1,1,0,1,1]","[1,0,1,1,1,0]",2,1,9,10,away_win,away,0,89
826,5,"{""total"":[""solutions/game_5/single/rest-011111/top"",""solutions/game_5/single/rest-000001/bot""],""single"":[""solutions/game_5/single/rest-011111/top"",""solutions/game_5/single/rest-000001/bot""]}","[0,1,1,1,1,1]","[0,0,0,0,0,1]",2,2,5,4,home_win,home,0,86
827,1,"{""total"":[""solutions/game_1/total/rest-111111/top"",""solutions/game_1/total/rest-111111/bot""],""single"":[""solutions/game_1/single/rest-111111/top"",""solutions/game_1/single/rest-111111/bot""]}","[1,1,1,1,1,1]","[1,1,1,1,1,1]",0,0,2,3,away_win,away,0,73
827,2,"{""total"":[""solutions/game_2/total/rest-111011/top"",""solutions/game_2/total/rest-101010/bot""],""single"":[""solutions/game_2/single/rest-111011/top"",""solutions/game_2/single/rest-101010/bot""]}","[1,1,1,0,1,1]","[1,0,1,0,1,0]",0,1,4,2,home_win,home,0,80
827,3,"{""total"":[""solutions/game_3/total/rest-011111/top"",""solutions/game_3/total/rest-110101/bot""],""single"":[""solutions/game_3/single/rest-011111/top"",""solutions/game_3/single/rest-110101/bot""]}","[0,1,1,1,1,1]","[1,1,0,1,0,1]",1,1,4,4,tie,away,0,93
827,4,"{""total"":[""solutions/game_4/total/rest-110111/top"",""solutions/game_4/total/rest-111011/bot""],""single"":[""solutions/game_4/single/rest-110111/top"",""solutions/game_4/single/rest-111011/bot""]}","[1,1,0,1,1,1]","[1,1,1,0,1,1]",1,2,3,4,away_win,away,0,71
827,5,"{""total"":[""solutions/game_5/single/rest-111101/top"",""solutions/game_5/single/rest-100111/bot""],""single"":[""solutions/game_5/single/rest-111101/top"",""solutions/game_5/single/rest-100111/bot""]}","[1,1,1,1,0,1]","[1,0,0,1,1,1]",1,3,9,7,home_win,home,1,90
828,1,"{""total"":[""solutions/game_1/total/rest-111111/top"",""solutions/game_1/total/rest-111111/bot""],""single"":[""solutions/game_1/single/rest-111111/top"",""solutions/game_1/single/rest-111111/bot""]}","[1,1,1,1,1,1]","[1,1,1,1,1,1]",0,0,3,2,home_win,home,0,80
828,2,"{""total"":[""solutions/game_2/total/rest-110011/top"",""solutions/game_2/total/rest-101010/bot""],""single"":[""solutions/game_2/single/rest-110011/top"",""solutions/game_2/single/rest-101010/bot""]}","[1,1,0,0,1,1]","[1,0,1,0,1,0]",1,0,7,4,home_win,home,0,78
828,3,"{""total"":[""solutions/game_3/total/rest-010101/top"",""solutions/game_3/total/rest-010011/bot""],""single"":[""solutions/game_3/single/rest-010101/top"",""solutions/game_3/single/rest-010011/bot""]}","[0,1,0,1,0,1]","[0,1,0,0,1,1]",2,0,6,10,away_win,away,0,88
828,4,"{""total"":[""solutions/game_4/total/rest-111111/top"",""solutions/game_4/total/rest-101100/bot""],""single"":[""solutions/game_4/single/rest-111111/top"",""solutions/game_4/single/rest-101100/bot""]}","[1,1,1,1,1,1]","[1,0,1,1,0,0]",2,1,2,1,home_win,home,0,65
828,5,"{""total"":[""solutions/game_5/single/rest-111111/top"",""solutions/game_5/single/rest-011011/bot""],""single"":[""solutions/game_5/single/rest-111111/top"",""solutions/game_5/single/rest-011011/bot""]}","[1,1,1,1,1,1]","[0,1,1,0,1,1]",3,1,7,6,home_win,home,1,87
829,1,"{""total"":[""solutions/game_1/total/rest-111111/top"",""solutions/game_1/total/rest-111111/bot""],""single"":[""solutions/game_1/single/rest-111111/top"",""solutions/game_1/single/rest-111111/bot""]}","[1,1,1,1,1,1]","[1,1,1,1,1,1]",0,0,8,3,home_win,home,0,82
829,2,"{""total"":[""solutions/game_2/total/rest-111011/top"",""solutions/game_2/total/rest-111011/bot""],""single"":[""solutions/game_2/single/rest-111011/top"",""solutions/game_2/single/rest-111011/bot""]}","[1,1,1,0,1,1]","[1,1,1,0,1,1]",1,0,2,8,away_win,away,0,79
829,3,"{""total"":[""solutions/game_3/total/rest-111101/top"",""solutions/game_3/total/rest-001110/bot""],""single"":[""solutions/game_3/single/rest-111101/top"",""solutions/game_3/single/rest-001110/bot""]}","[1,1,1,1,0,1]","[0,0,1,1,1,0]",1,1,4,3,home_win,home,0,80
829,4,"{""total"":[""solutions/game_4/total/rest-110111/top"",""solutions/game_4/total/rest-111101/bot""],""single"":[""solutions/game_4/single/rest-110111/top"",""solutions/game_4/single/rest-111101/bot""]}","[1,1,0,1,1,1]","[1,1,1,1,0,1]",2,1,4,11,away_win,away,0,88
829,5,"{""total"":[""solutions/game_5/single/rest-110101/top"",""solutions/game_5/single/rest-101110/bot""],""single"":[""solutions/game_5/single/rest-110101/top"",""solutions/game_5/single/rest-101110/bot""]}","[1,1,0,1,0,1]","[1,0,1,1,1,0]",2,2,1,5,away_win,away,0,76
830,1,"{""total"":[""solutions/game_1/total/rest-111111/top"",""solutions/game_1/total/rest-111111/bot""],""single"":[""solutions/game_1/single/rest-111111/top"",""solutions/game_1/single/rest-111111/bot""]}","[1,1,1,1,1,1]","[1,1,1,1,1,1]",0,0,8,5,home_win,home,0,89
830,2,"{""total"":[""solutions/game_2/total/rest-110011/top"",""solutions/game_2/total/rest-011010/bot""],""single"":[""solutions/game_2/single/rest-110011/top"",""solutions/game_2/single/rest-011010/bot""]}","[1,1,0,0,1,1]","[0,1,1,0,1,0]",1,0,8,1,home_win,home,0,76
830,3,"{""total"":[""solutions/game_3/total/rest-111100/top"",""solutions/game_3/total/rest-100111/bot""],""single"":[""solutions/game_3/single/rest-111100/top"",""solutions/game_3/single/rest-100111/bot""]}","[1,1,1,1,0,0]","[1,0,0,1,1,1]",2,0,5,3,home_win,home,0,74
830,4,"{""total"":[""solutions/game_4/total/rest-010111/top"",""solutions/game_4/total/rest-111010/bot""],""single"":[""solutions/game_4/single/rest-010111/top"",""solutions/game_4/single/rest-111010/bot""]}","[0,1,0,1,1,1]","[1,1,1,0,1,0]",3,0,3,5,away_win,away,1,78
830,5,"{""total"":[""solutions/game_5/single/rest-111101/top"",""solutions/game_5/single/rest-101111/bot""],""single"":[""solutions/game_5/single/rest-111101/top"",""solutions/game_5/single/rest-101111/bot""]}","[1,1,1,1,0,1]","[1,0,1,1,1,1]",3,1,4,5,away_win,away,1,78
831,1,"{""total"":[""solutions/game_1/total/rest-111111/top"",""solutions/game_1/total/rest-111111/bot""],""single"":[""solutions/game_1/single/rest-111111/top"",""solutions/game_1/single/rest-111111/bot""]}","[1,1,1,1,1,1]","[1,1,1,1,1,1]",0,0,4,1,home_win,home,0,76
831,2,"{""total"":[""solutions/game_2/total/rest-111101/top"",""solutions/game_2/total/rest-001010/bot""],""single"":[""solutions/game_2/single/rest-111101/top"",""solutions/game_2/single/rest-001010/bot""]}","[1,1,1,1,0,1]","[0,0,1,0,1,0]",1,0,0,8,away_win,away,0,60
831,3,"{""total"":[""solutions/game_3/total/rest-101101/top"",""solutions/game_3/total/rest-111111/bot""],""single"":[""solutions/game_3/single/rest-101101/top"",""solutions/game_3/single/rest-111111/bot""]}","[1,0,1,1,0,1]","[1,1,1,1,1,1]",1,1,2,1,home_win,home,0,75
831,4,"{""total"":[""solutions/game_4/total/rest-010011/top"",""solutions/game_4/total/rest-011010/bot""],""single"":[""solutions/game_4/single/rest-010011/top"",""solutions/game_4/single/rest-011010/bot""]}","[0,1,0,0,1,1]","[0,1,1,0,1,0]",2,1,7,3,home_win,home,0,81
831,5,"{""total"":[""solutions/game_5/single/rest-101100/top"",""solutions/game_5/single/rest-100100/bot""],""single"":[""solutions/game_5/single/rest-101100/top"",""solutions/game_5/single/rest-100100/bot""]}","[1,0,1,1,0,0]","[1,0,0,1,0,0]",3,1,4,3,home_win,home,1,86
832,1,"{""total"":[""solutions/game_1/total/rest-111111/top"",""solutions/game_1/total/rest-111111/bot""],""single"":[""solutions/game_1/single/rest-111111/top"",""solutions/game_1/single/rest-111111/bot""]}","[1,1,1,1,1,1]","[1,1,1,1,1,1]",0,0,1,2,away_win,away,0,74
832,2,"{""total"":[""solutions/game_2/total/rest-011011/top"",""solutions/game_2/total/rest-011011/bot""],""single"":[""solutions/game_2/single/rest-011011/top"",""solutions/game_2/single/rest-011011/bot""]}","[0,1,1,0,1,1]","[0,1,1,0,1,1]",0,1,4,5,away_win,away,0,80
832,3,"{""total"":[""solutions/game_3/total/rest-110100/top"",""solutions/game_3/total/rest-011100/bot""],""single"":[""solutions/game_3/single/rest-110100/top"",""solutions/game_3/single/rest-011100/bot""]}","[1,1,0,1,0,0]","[0,1,1,1,0,0]",0,2,0,8,away_win,away,0,35
832,4,"{""total"":[""solutions/game_4/total/rest-110111/top"",""solutions/game_4/total/rest-111111/bot""],""single"":[""solutions/game_4/single/rest-110111/top"",""solutions/game_4/single/rest-111111/bot""]}","[1,1,0,1,1,1]","[1,1,1,1,1,1]",0,3,5,1,home_win,home,1,77
832,5,"{""total"":[""solutions/game_5/single/rest-101111/top"",""solutions/game_5/single/rest-001010/bot""],""single"":[""solutions/game_5/single/rest-101111/top"",""solutions/game_5/single/rest-001010/bot""]}","[1,0,1,1,1,1]","[0,0,1,0,1,0]",1,3,5,4,home_win,home,1,96
833,1,"{""total"":[""solutions/game_1/total/rest-111111/top"",""solutions/game_1/total/rest-111111/bot""],""single"":[""solutions/game_1/single/rest-111111/top"",""solutions/game_1/single/rest-111111/bot""]}","[1,1,1,1,1,1]","[1,1,1,1,1,1]",0,0,3,6,away_win,away,0,82
833,2,"{""total"":[""solutions/game_2/total/rest-001110/top"",""solutions/game_2/total/rest-101011/bot""],""single"":[""solutions/game_2/single/rest-001110/top"",""solutions/game_2/single/rest-101011/bot""]}","[0,0,1,1,1,0]","[1,0,1,0,1,1]",0,1,5,0,home_win,home,0,79
833,3,"{""total"":[""solutions/game_3/total/rest-111001/top"",""solutions/game_3/total/rest-110111/bot""],""single"":[""solutions/game_3/single/rest-111001/top"",""solutions/game_3/single/rest-110111/bot""]}","[1,1,1,0,0,1]","[1,1,0,1,1,1]",1,1,8,3,home_win,home,0,85
833,4,"{""total"":[""solutions/game_4/total/rest-001111/top"",""solutions/game_4/total/rest-101010/bot""],""single"":[""solutions/game_4/single/rest-001111/top"",""solutions/game_4/single/rest-101010/bot""]}","[0,0,1,1,1,1]","[1,0,1,0,1,0]",2,1,7,3,home_win,home,0,87
833,5,"{""total"":[""solutions/game_5/single/rest-111001/top"",""solutions/game_5/single/rest-010101/bot""],""single"":[""solutions/game_5/single/rest-111001/top"",""solutions/game_5/single/rest-010101/bot""]}","[1,1,1,0,0,1]","[0,1,0,1,0,1]",3,1,5,6,away_win,away,1,86
834,1,"{""total"":[""solutions/game_1/total/rest-111111/top"",""solutions/game_1/total/rest-111111/bot""],""single"":[""solutions/game_1/single/rest-111111/top"",""solutions/game_1/single/rest-111111/bot""]}","[1,1,1,1,1,1]","[1,1,1,1,1,1]",0,0,4,3,home_win,home,0,79
834,2,"{""total"":[""solutions/game_2/total/rest-110011/top"",""solutions/game_2/total/rest-101010/bot""],""single"":[""solutions/game_2/single/rest-110011/top"",""solutions/game_2/single/rest-101010/bot""]}","[1,1,0,0,1,1]","[1,0,1,0,1,0]",1,0,9,1,home_win,home,0,69
834,3,"{""total"":[""solutions/game_3/total/rest-111100/top"",""solutions/game_3/total/rest-111111/bot""],""single"":[""solutions/game_3/single/rest-111100/top"",""solutions/game_3/single/rest-111111/bot""]}","[1,1,1,1,0,0]","[1,1,1,1,1,1]",2,0,4,8,away_win,away,0,90
834,4,"{""total"":[""solutions/game_4/total/rest-011100/top"",""solutions/game_4/total/rest-001010/bot""],""single"":[""solutions/game_4/single/rest-011100/top"",""solutions/game_4/single/rest-001010/bot""]}","[0,1,1,1,0,0]","[0,0,1,0,1,0]",2,1,8,6,home_win,home,0,91
834,5,"{""total"":[""solutions/game_5/single/rest-100011/top"",""solutions/game_5/single/rest-011100/bot""],""single"":[""solutions/game_5/single/rest-100011/top"",""solutions/game_5/single/rest-011100/bot""]}","[1,0,0,0,1,1]","[0,1,1,1,0,0]",3,1,6,5,home_win,home,1,92
835,1,"{""total"":[""solutions/game_1/total/rest-111111/top"",""solutions/game_1/total/rest-111111/bot""],""single"":[""solutions/game_1/single/rest-111111/top"",""solutions/game_1/single/rest-111111/bot""]}","[1,1,1,1,1,1]","[1,1,1,1,1,1]",0,0,6,3,home_win,home,0,84
835,2,"{""total"":[""solutions/game_2/total/rest-110011/top"",""solutions/game_2/total/rest-011011/bot""],""single"":[""solutions/game_2/single/rest-110011/top"",""solutions/game_2/single/rest-011011/bot""]}","[1,1,0,0,1,1]","[0,1,1,0,1,1]",1,0,8,0,home_win,home,0,36
835,3,"{""total"":[""solutions/game_3/total/rest-111111/top"",""solutions/game_3/total/rest-111111/bot""],""single"":[""solutions/game_3/single/rest-111111/top"",""solutions/game_3/single/rest-111111/bot""]}","[1,1,1,1,1,1]","[1,1,1,1,1,1]",2,0,6,4,home_win,home,0,83
835,4,"{""total"":[""solutions/game_4/total/rest-111101/top"",""solutions/game_4/total/rest-101010/bot""],""single"":[""solutions/game_4/single/rest-111101/top"",""solutions/game_4/single/rest-101010/bot""]}","[1,1,1,1,0,1]","[1,0,1,0,1,0]",3,0,3,4,away_win,away,1,78
835,5,"{""total"":[""solutions/game_5/single/rest-011111/top"",""solutions/game_5/single/rest-010011/bot""],""single"":[""solutions/game_5/single/rest-011111/top"",""solutions/game_5/single/rest-010011/bot""]}","[0,1,1,1,1,1]","[0,1,0,0,1,1]",3,1,1,5,away_win,away,1,80
836,1,"{""total"":[""solutions/game_1/total/rest-111111/top"",""solutions/game_1/total/rest-111111/bot""],""single"":[""solutions/game_1/single/rest-111111/top"",""solutions/game_1/single/rest-111111/bot""]}","[1,1,1,1,1,1]","[1,1,1,1,1,1]",0,0,6,3,home_win,home,0,77
836,2,"{""total"":[""solutions/game_2/total/rest-111010/top"",""solutions/game_2/total/rest-000011/bot""],""single"":[""solutions/game_2/single/rest-111010/top"",""solutions/game_2/single/rest-000011/bot""]}","[1,1,1,0,1,0]","[0,0,0,0,1,1]",1,0,6,7,away_win,away,0,93
836,3,"{""total"":[""solutions/game_3/total/rest-100101/top"",""solutions/game_3/total/rest-111101/bot""],""single"":[""solutions/game_3/single/rest-100101/top"",""solutions/game_3/single/rest-111101/bot""]}","[1,0,0,1,0,1]","[1,1,1,1,0,1]",1,1,1,8,away_win,away,0,81
836,4,"{""total"":[""solutions/game_4/total/rest-111111/top"",""solutions/game_4/total/rest-101011/bot""],""single"":[""solutions/game_4/single/rest-111111/top"",""solutions/game_4/single/rest-101011/bot""]}","[1,1,1,1,1,1]","[1,0,1,0,1,1]",1,2,7,6,home_win,home,0,92
836,5,"{""total"":[""solutions/game_5/single/rest-011001/top"",""solutions/game_5/single/rest-010110/bot""],""single"":[""solutions/game_5/single/rest-011001/top"",""solutions/game_5/single/rest-010110/bot""]}","[0,1,1,0,0,1]","[0,1,0,1,1,0]",2,2,6,3,home_win,home,0,75
837,1,"{""total"":[""solutions/game_1/total/rest-111111/top"",""solutions/game_1/total/rest-111111/bot""],""single"":[""solutions/game_1/single/rest-111111/top"",""solutions/game_1/single/rest-111111/bot""]}","[1,1,1,1,1,1]","[1,1,1,1,1,1]",0,0,9,1,home_win,home,0,61
837,2,"{""total"":[""solutions/game_2/total/rest-101111/top"",""solutions/game_2/total/rest-111010/bot""],""single"":[""solutions/game_2/single/rest-101111/top"",""solutions/game_2/single/rest-111010/bot""]}","[1,0,1,1,1,1]","[1,1,1,0,1,0]",1,0,9,8,home_win,home,0,96
837,3,"{""total"":[""solutions/game_3/total/rest-111110/top"",""solutions/game_3/total/rest-010001/bot""],""single"":[""solutions/game_3/single/rest-111110/top"",""solutions/game_3/single/rest-010001/bot""]}","[1,1,1,1,1,0]","[0,1,0,0,0,1]",2,0,1,0,home_win,home,0,69
837,4,"{""total"":[""solutions/game_4/total/rest-011100/top"",""solutions/game_4/total/rest-101111/bot""],""single"":[""solutions/game_4/single/rest-011100/top"",""solutions/game_4/single/rest-101111/bot""]}","[0,1,1,1,0,0]","[1,0,1,1,1,1]",3,0,3,8,away_win,away,1,82
837,5,"{""total"":[""solutions/game_5/single/rest-111111/top"",""solutions/game_5/single/rest-010110/bot""],""single"":[""solutions/game_5/single/rest-111111/top"",""solutions/game_5/single/rest-010110/bot""]}","[1,1,1,1,1,1]","[0,1,0,1,1,0]",3,1,8,0,home_win,home,1,30
838,1,"{""total"":[""solutions/game_1/total/rest-111111/top"",""solutions/game_1/total/rest-111111/bot""],""single"":[""solutions/game_1/single/rest-111111/top"",""solutions/game_1/single/rest-111111/bot""]}","[1,1,1,1,1,1]","[1,1,1,1,1,1]",0,0,5,14,away_win,away,0,87
838,2,"{""total"":[""solutions/game_2/total/rest-101111/top"",""solutions/game_2/total/rest-001100/bot""],""single"":[""solutions/game_2/single/rest-101111/top"",""solutions/game_2/single/rest-001100/bot""]}","[1,0,1,1,1,1]","[0,0,1,1,0,0]",0,1,1,2,away_win,away,0,75
838,3,"{""total"":[""solutions/game_3/total/rest-011011/top"",""solutions/game_3/total/rest-111100/bot""],""single"":[""solutions/game_3/single/rest-011011/top"",""solutions/game_3/single/rest-111100/bot""]}","[0,1,1,0,1,1]","[1,1,1,1,0,0]",0,2,1,9,away_win,away,0,67
838,4,"{""total"":[""solutions/game_4/total/rest-111111/top"",""solutions/game_4/total/rest-111111/bot""],""single"":[""solutions/game_4/single/rest-111111/top"",""solutions/game_4/single/rest-111111/bot""]}","[1,1,1,1,1,1]","[1,1,1,1,1,1]",0,3,3,5,away_win,away,1,82
838,5,"{""total"":[""solutions/game_5/single/rest-111001/top"",""solutions/game_5/single/rest-001010/bot""],""single"":[""solutions/game_5/single/rest-111001/top"",""solutions/game_5/single/rest-001010/bot""]}","[1,1,1,0,0,1]","[0,0,1,0,1,0]",0,4,10,6,home_win,home,1,94
839,1,"{""total"":[""solutions/game_1/total/rest-111111/top"",""solutions/game_1/total/rest-111111/bot""],""single"":[""solutions/game_1/single/rest-111111/top"",""solutions/game_1/single/rest-111111/bot""]}","[1,1,1,1,1,1]","[1,1,1,1,1,1]",0,0,1,9,away_win,away,0,80
839,2,"{""total"":[""solutions/game_2/total/rest-011111/top"",""solutions/game_2/total/rest-101011/bot""],""single"":[""solutions/game_2/single/rest-011111/top"",""solutions/game_2/single/rest-101011/bot""]}","[0,1,1,1,1,1]","[1,0,1,0,1,1]",0,1,7,5,home_win,home,0,86
839,3,"{""total"":[""solutions/game_3/total/rest-110111/top"",""solutions/game_3/total/rest-011010/bot""],""single"":[""solutions/game_3/single/rest-110111/top"",""solutions/game_3/single/rest-011010/bot""]}","[1,1,0,1,1,1]","[0,1,1,0,1,0]",1,1,6,4,home_win,home,0,85
839,4,"{""total"":[""solutions/game_4/total/rest-111101/top"",""solutions/game_4/total/rest-110101/bot""],""single"":[""solutions/game_4/single/rest-111101/top"",""solutions/game_4/single/rest-110101/bot""]}","[1,1,1,1,0,1]","[1,1,0,1,0,1]",2,1,1,9,away_win,away,0,47
839,5,"{""total"":[""solutions/game_5/single/rest-111111/top"",""solutions/game_5/single/rest-111111/bot""],""single"":[""solutions/game_5/single/rest-111111/top"",""solutions/game_5/single/rest-111111/bot""]}","[1,1,1,1,1,1]","[1,1,1,1,1,1]",2,2,1,2,away_win,away,0,78
840,1,"{""total"":[""solutions/game_1/total/rest-111111/top"",""solutions/game_1/total/rest-111111/bot""],""single"":[""solutions/game_1/single/rest-111111/top"",""solutions/game_1/single/rest-111111/bot""]}","[1,1,1,1,1,1]","[1,1,1,1,1,1]",0,0,3,1,home_win,home,0,74
840,2,"{""total"":[""solutions/game_2/total/rest-111001/top"",""solutions/game_2/total/rest-101011/bot""],""single"":[""solutions/game_2/single/rest-111001/top"",""solutions/game_2/single/rest-101011/bot""]}","[1,1,1,0,0,1]","[1,0,1,0,1,1]",1,0,6,7,away_win,away,0,90
840,3,"{""total"":[""solutions/game_3/total/rest-111001/top"",""solutions/game_3/total/rest-010111/bot""],""single"":[""solutions/game_3/single/rest-111001/top"",""solutions/game_3/single/rest-010111/bot""]}","[1,1,1,0,0,1]","[0,1,0,1,1,1]",1,1,0,6,away_win,away,0,76
840,4,"{""total"":[""solutions/game_4/total/rest-010111/top"",""solutions/game_4/total/rest-111010/bot""],""single"":[""solutions/game_4/single/rest-010111/top"",""solutions/game_4/single/rest-111010/bot""]}","[0,1,0,1,1,1]","[1,1,1,0,1,0]",1,2,3,2,home_win,home,0,74
840,5,"{""total"":[""solutions/game_5/single/rest-010011/top"",""solutions/game_5/single/rest-010101/bot""],""single"":[""solutions/game_5/single/rest-010011/top"",""solutions/game_5/single/rest-010101/bot""]}","[0,1,0,0,1,1]","[0,1,0,1,0,1]",2,2,3,9,away_win,away,0,87
841,1,"{""total"":[""solutions/game_1/total/rest-111111/top"",""solutions/game_1/total/rest-111111/bot""],""single"":[""solutions/game_1/single/rest-111111/top"",""solutions/game_1/single/rest-111111/bot""]}","[1,1,1,1,1,1]","[1,1,1,1,1,1]",0,0,2,3,away_win,away,0,81
841,2,"{""total"":[""solutions/game_2/total/rest-111101/top"",""solutions/game_2/total/rest-001010/bot""],""single"":[""solutions/game_2/single/rest-111101/top"",""solutions/game_2/single/rest-001010/bot""]}","[1,1,1,1,0,1]","[0,0,1,0,1,0]",0,1,8,4,home_win,home,0,82
841,3,"{""total"":[""solutions/game_3/total/rest-011010/top"",""solutions/game_3/total/rest-110101/bot""],""single"":[""solutions/game_3/single/rest-011010/top"",""solutions/game_3/single/rest-110101/bot""]}","[0,1,1,0,1,0]","[1,1,0,1,0,1]",1,1,7,6,home_win,home,0,87
841,4,"{""total"":[""solutions/game_4/total/rest-100101/top"",""solutions/game_4/total/rest-111111/bot""],""single"":[""solutions/game_4/single/rest-100101/top"",""solutions/game_4/single/rest-111111/bot""]}","[1,0,0,1,0,1]","[1,1,1,1,1,1]",2,1,13,5,home_win,home,0,52
841,5,"{""total"":[""solutions/game_5/single/rest-111111/top"",""solutions/game_5/single/rest-111111/bot""],""single"":[""solutions/game_5/single/rest-111111/top"",""solutions/game_5/single/rest-111111/bot""]}","[1,1,1,1,1,1]","[1,1,1,1,1,1]",3,1,6,2,home_win,home,1,80
842,1,"{""total"":[""solutions/game_1/total/rest-111111/top"",""solutions/game_1/total/rest-111111/bot""],""single"":[""solutions/game_1/single/rest-111111/top"",""solutions/game_1/single/rest-111111/bot""]}","[1,1,1,1,1,1]","[1,1,1,1,1,1]",0,0,3,10,away_win,away,0,90
842,2,"{""total"":[""solutions/game_2/total/rest-101111/top"",""solutions/game_2/total/rest-001010/bot""],""single"":[""solutions/game_2/single/rest-101111/top"",""solutions/game_2/single/rest-001010/bot""]}","[1,0,1,1,1,1]","[0,0,1,0,1,0]",0,1,5,4,home_win,home,0,83
842,3,"{""total"":[""solutions/game_3/total/rest-010111/top"",""solutions/game_3/total/rest-101111/bot""],""single"":[""solutions/game_3/single/rest-010111/top"",""solutions/game_3/single/rest-101111/bot""]}","[0,1,0,1,1,1]","[1,0,1,1,1,1]",1,1,5,7,away_win,away,0,85
842,4,"{""total"":[""solutions/game_4/total/rest-111101/top"",""solutions/game_4/total/rest-110010/bot""],""single"":[""solutions/game_4/single/rest-111101/top"",""solutions/game_4/single/rest-110010/bot""]}","[1,1,1,1,0,1]","[1,1,0,0,1,0]",1,2,8,0,home_win,home,0,57
842,5,"{""total"":[""solutions/game_5/single/rest-111110/top"",""solutions/game_5/single/rest-111101/bot""],""single"":[""solutions/game_5/single/rest-111110/top"",""solutions/game_5/single/rest-111101/bot""]}","[1,1,1,1,1,0]","[1,1,1,1,0,1]",2,2,10,1,home_win,home,0,50
843,1,"{""total"":[""solutions/game_1/total/rest-111111/top"",""solutions/game_1/total/rest-111111/bot""],""single"":[""solutions/game_1/single/rest-111111/top"",""solutions/game_1/single/rest-111111/bot""]}","[1,1,1,1,1,1]","[1,1,1,1,1,1]",0,0,0,4,away_win,away,0,72
843,2,"{""total"":[""solutions/game_2/total/rest-111101/top"",""solutions/game_2/total/rest-001111/bot""],""single"":[""solutions/game_2/single/rest-111101/top"",""solutions/game_2/single/rest-001111/bot""]}","[1,1,1,1,0,1]","[0,0,1,1,1,1]",0,1,6,7,away_win,away,0,93
843,3,"{""total"":[""solutions/game_3/total/rest-010111/top"",""solutions/game_3/total/rest-110010/bot""],""single"":[""solutions/game_3/single/rest-010111/top"",""solutions/game_3/single/rest-110010/bot""]}","[0,1,0,1,1,1]","[1,1,0,0,1,0]",0,2,4,7,away_win,away,0,84
843,4,"{""total"":[""solutions/game_4/total/rest-111101/top"",""solutions/game_4/total/rest-111111/bot""],""single"":[""solutions/game_4/single/rest-111101/top"",""solutions/game_4/single/rest-111111/bot""]}","[1,1,1,1,0,1]","[1,1,1,1,1,1]",0,3,5,4,home_win,home,1,72
843,5,"{""total"":[""solutions/game_5/single/rest-010011/top"",""solutions/game_5/single/rest-011011/bot""],""single"":[""solutions/game_5/single/rest-010011/top"",""solutions/game_5/single/rest-011011/bot""]}","[0,1,0,0,1,1]","[0,1,1,0,1,1]",1,3,9,0,home_win,home,1,38
844,1,"{""total"":[""solutions/game_1/total/rest-111111/top"",""solutions/game_1/total/rest-111111/bot""],""single"":[""solutions/game_1/single/rest-111111/top"",""solutions/game_1/single/rest-111111/bot""]}","[1,1,1,1,1,1]","[1,1,1,1,1,1]",0,0,0,8,away_win,away,0,33
844,2,"{""total"":[""solutions/game_2/total/rest-111111/top"",""solutions/game_2/total/rest-111111/bot""],""single"":[""solutions/game_2/single/rest-111111/top"",""solutions/game_2/single/rest-111111/bot""]}","[1,1,1,1,1,1]","[1,1,1,1,1,1]",0,1,11,3,home_win,home,0,52
844,3,"{""total"":[""solutions/game_3/total/rest-111101/top"",""solutions/game_3/total/rest-111011/bot""],""single"":[""solutions/game_3/single/rest-111101/top"",""solutions/game_3/single/rest-111011/bot""]}","[1,1,1,1,0,1]","[1,1,1,0,1,1]",1,1,2,7,away_win,away,0,92
844,4,"{""total"":[""solutions/game_4/total/rest-010011/top"",""solutions/game_4/total/rest-001100/bot""],""single"":[""solutions/game_4/single/rest-010011/top"",""solutions/game_4/single/rest-001100/bot""]}","[0,1,0,0,1,1]","[0,0,1,1,0,0]",1,2,6,4,home_win,home,0,86
844,5,"{""total"":[""solutions/game_5/single/rest-100100/top"",""solutions/game_5/single/rest-111011/bot""],""single"":[""solutions/game_5/single/rest-100100/top"",""solutions/game_5/single/rest-111011/bot""]}","[1,0,0,1,0,0]","[1,1,1,0,1,1]",2,2,11,10,home_win,home,0,101
845,1,"{""total"":[""solutions/game_1/total/rest-111111/top"",""solutions/game_1/total/rest-111111/bot""],""single"":[""solutions/game_1/single/rest-111111/top"",""solutions/game_1/single/rest-111111/bot""]}","[1,1,1,1,1,1]","[1,1,1,1,1,1]",0,0,7,6,home_win,home,0,85
845,2,"{""total"":[""solutions/game_2/total/rest-111110/top"",""solutions/game_2/total/rest-111110/bot""],""single"":[""solutions/game_2/single/rest-111110/top"",""solutions/game_2/single/rest-111110/bot""]}","[1,1,1,1,1,0]","[1,1,1,1,1,0]",1,0,16,12,home_win,home,0,109
845,3,"{""total"":[""solutions/game_3/total/rest-010111/top"",""solutions/game_3/total/rest-010101/bot""],""single"":[""solutions/game_3/single/rest-010111/top"",""solutions/game_3/single/rest-010101/bot""]}","[0,1,0,1,1,1]","[0,1,0,1,0,1]",2,0,1,3,away_win,away,0,72
845,4,"{""total"":[""solutions/game_4/total/rest-111111/top"",""solutions/game_4/total/rest-001010/bot""],""single"":[""solutions/game_4/single/rest-111111/top"",""solutions/game_4/single/rest-001010/bot""]}","[1,1,1,1,1,1]","[0,0,1,0,1,0]",2,1,8,9,away_win,away,0,94
845,5,"{""total"":[""solutions/game_5/single/rest-101101/top"",""solutions/game_5/single/rest-110101/bot""],""single"":[""solutions/game_5/single/rest-101101/top"",""solutions/game_5/single/rest-110101/bot""]}","[1,0,1,1,0,1]","[1,1,0,1,0,1]",2,2,8,8,tie,home,0,98
846,1,"{""total"":[""solutions/game_1/total/rest-111111/top"",""solutions/game_1/total/rest-111111/bot""],""single"":[""solutions/game_1/single/rest-111111/top"",""solutions/game_1/single/rest-111111/bot""]}","[1,1,1,1,1,1]","[1,1,1,1,1,1]",0,0,5,3,home_win,home,0,75
846,2,"{""total"":[""solutions/game_2/total/rest-110011/top"",""solutions/game_2/total/rest-011111/bot""],""single"":[""solutions/game_2/single/rest-110011/top"",""solutions/game_2/single/rest-011111/bot""]}","[1,1,0,0,1,1]","[0,1,1,1,1,1]",1,0,4,2,home_win,home,0,79
846,3,"{""total"":[""solutions/game_3/total/rest-111101/top"",""solutions/game_3/total/rest-000100/bot""],""single"":[""solutions/game_3/single/rest-111101/top"",""solutions/game_3/single/rest-000100/bot""]}","[1,1,1,1,0,1]","[0,0,0,1,0,0]",2,0,9,5,home_win,home,0,84
846,4,"{""total"":[""solutions/game_4/total/rest-111011/top"",""solutions/game_4/total/rest-111011/bot""],""single"":[""solutions/game_4/single/rest-111011/top"",""solutions/game_4/single/rest-111011/bot""]}","[1,1,1,0,1,1]","[1,1,1,0,1,1]",3,0,6,5,home_win,home,1,95
846,5,"{""total"":[""solutions/game_5/single/rest-110101/top"",""solutions/game_5/single/rest-010100/bot""],""single"":[""solutions/game_5/single/rest-110101/top"",""solutions/game_5/single/rest-010100/bot""]}","[1,1,0,1,0,1]","[0,1,0,1,0,0]",4,0,2,9,away_win,away,1,88
847,1,"{""total"":[""solutions/game_1/total/rest-111111/top"",""solutions/game_1/total/rest-111111/bot""],""single"":[""solutions/game_1/single/rest-111111/top"",""solutions/game_1/single/rest-111111/bot""]}","[1,1,1,1,1,1]","[1,1,1,1,1,1]",0,0,1,9,away_win,away,0,39
847,2,"{""total"":[""solutions/game_2/total/rest-111111/top"",""solutions/game_2/total/rest-111111/bot""],""single"":[""solutions/game_2/single/rest-111111/top"",""solutions/game_2/single/rest-111111/bot""]}","[1,1,1,1,1,1]","[1,1,1,1,1,1]",0,1,7,6,home_win,home,0,82
847,3,"{""total"":[""solutions/game_3/total/rest-111001/top"",""solutions/game_3/total/rest-001110/bot""],""single"":[""solutions/game_3/single/rest-111001/top"",""solutions/game_3/single/rest-001110/bot""]}","[1,1,1,0,0,1]","[0,0,1,1,1,0]",1,1,4,3,home_win,home,0,79
847,4,"{""total"":[""solutions/game_4/total/rest-011110/top"",""solutions/game_4/total/rest-101001/bot""],""single"":[""solutions/game_4/single/rest-011110/top"",""solutions/game_4/single/rest-101001/bot""]}","[0,1,1,1,1,0]","[1,0,1,0,0,1]",2,1,8,7,home_win,home,0,88
847,5,"{""total"":[""solutions/game_5/single/rest-101011/top"",""solutions/game_5/single/rest-010111/bot""],""single"":[""solutions/game_5/single/rest-101011/top"",""solutions/game_5/single/rest-010111/bot""]}","[1,0,1,0,1,1]","[0,1,0,1,1,1]",3,1,6,5,home_win,home,1,88
848,1,"{""total"":[""solutions/game_1/total/rest-111111/top"",""solutions/game_1/total/rest-111111/bot""],""single"":[""solutions/game_1/single/rest-111111/top"",""solutions/game_1/single/rest-111111/bot""]}","[1,1,1,1,1,1]","[1,1,1,1,1,1]",0,0,1,2,away_win,away,0,78
848,2,"{""total"":[""solutions/game_2/total/rest-110011/top"",""solutions/game_2/total/rest-011010/bot""],""single"":[""solutions/game_2/single/rest-110011/top"",""solutions/game_2/single/rest-011010/bot""]}","[1,1,0,0,1,1]","[0,1,1,0,1,0]",0,1,5,1,home_win,home,0,74
848,3,"{""total"":[""solutions/game_3/total/rest-101110/top"",""solutions/game_3/total/rest-101101/bot""],""single"":[""solutions/game_3/single/rest-101110/top"",""solutions/game_3/single/rest-101101/bot""]}","[1,0,1,1,1,0]","[1,0,1,1,0,1]",1,1,3,1,home_win,home,0,71
848,4,"{""total"":[""solutions/game_4/total/rest-111001/top"",""solutions/game_4/total/rest-011011/bot""],""single"":[""solutions/game_4/single/rest-111001/top"",""solutions/game_4/single/rest-011011/bot""]}","[1,1,1,0,0,1]","[0,1,1,0,1,1]",2,1,5,3,home_win,home,0,81
848,5,"{""total"":[""solutions/game_5/single/rest-110110/top"",""solutions/game_5/single/rest-101111/bot""],""single"":[""solutions/game_5/single/rest-110110/top"",""solutions/game_5/single/rest-101111/bot""]}","[1,1,0,1,1,0]","[1,0,1,1,1,1]",3,1,1,8,away_win,away,1,88
849,1,"{""total"":[""solutions/game_1/total/rest-111111/top"",""solutions/game_1/total/rest-111111/bot""],""single"":[""solutions/game_1/single/rest-111111/top"",""solutions/game_1/single/rest-111111/bot""]}","[1,1,1,1,1,1]","[1,1,1,1,1,1]",0,0,6,0,home_win,home,0,75
849,2,"{""total"":[""solutions/game_2/total/rest-011111/top"",""solutions/game_2/total/rest-011011/bot""],""single"":[""solutions/game_2/single/rest-011111/top"",""solutions/game_2/single/rest-011011/bot""]}","[0,1,1,1,1,1]","[0,1,1,0,1,1]",1,0,6,4,home_win,home,0,83
849,3,"{""total"":[""solutions/game_3/total/rest-110001/top"",""solutions/game_3/total/rest-100110/bot""],""single"":[""solutions/game_3/single/rest-110001/top"",""solutions/game_3/single/rest-100110/bot""]}","[1,1,0,0,0,1]","[1,0,0,1,1,0]",2,0,5,14,away_win,away,0,73
849,4,"{""total"":[""solutions/game_4/total/rest-111011/top"",""solutions/game_4/total/rest-101101/bot""],""single"":[""solutions/game_4/single/rest-111011/top"",""solutions/game_4/single/rest-101101/bot""]}","[1,1,1,0,1,1]","[1,0,1,1,0,1]",2,1,7,6,home_win,home,0,95
849,5,"{""total"":[""solutions/game_5/single/rest-011110/top"",""solutions/game_5/single/rest-000111/bot""],""single"":[""solutions/game_5/single/rest-011110/top"",""solutions/game_5/single/rest-000111/bot""]}","[0,1,1,1,1,0]","[0,0,0,1,1,1]",3,1,8,1,home_win,home,1,75
850,1,"{""total"":[""solutions/game_1/total/rest-111111/top"",""solutions/game_1/total/rest-111111/bot""],""single"":[""solutions/game_1/single/rest-111111/top"",""solutions/game_1/single/rest-111111/bot""]}","[1,1,1,1,1,1]","[1,1,1,1,1,1]",0,0,11,10,home_win,home,0,103
850,2,"{""total"":[""solutions/game_2/total/rest-011001/top"",""solutions/game_2/total/rest-010010/bot""],""single"":[""solutions/game_2/single/rest-011001/top"",""solutions/game_2/single/rest-010010/bot""]}","[0,1,1,0,0,1]","[0,1,0,0,1,0]",1,0,6,8,away_win,away,0,87
850,3,"{""total"":[""solutions/game_3/total/rest-011000/top"",""solutions/game_3/total/rest-101111/bot""],""single"":[""solutions/game_3/single/rest-011000/top"",""solutions/game_3/single/rest-101111/bot""]}","[0,1,1,0,0,0]","[1,0,1,1,1,1]",1,1,7,6,home_win,home,0,88
850,4,"{""total"":[""solutions/game_4/total/rest-101111/top"",""solutions/game_4/total/rest-011001/bot""],""single"":[""solutions/game_4/single/rest-101111/top"",""solutions/game_4/single/rest-011001/bot""]}","[1,0,1,1,1,1]","[0,1,1,0,0,1]",2,1,8,11,away_win,away,0,95
850,5,"{""total"":[""solutions/game_5/single/rest-011001/top"",""solutions/game_5/single/rest-111110/bot""],""single"":[""solutions/game_5/single/rest-011001/top"",""solutions/game_5/single/rest-111110/bot""]}","[0,1,1,0,0,1]","[1,1,1,1,1,0]",2,2,0,8,away_win,away,0,37
851,1,"{""total"":[""solutions/game_1/total/rest-111111/top"",""solutions/game_1/total/rest-111111/bot""],""single"":[""solutions/game_1/single/rest-111111/top"",""solutions/game_1/single/rest-111111/bot""]}","[1,1,1,1,1,1]","[1,1,1,1,1,1]",0,0,6,5,home_win,home,0,83
851,2,"{""total"":[""solutions/game_2/total/rest-010001/top"",""solutions/game_2/total/rest-101011/bot""],""single"":[""solutions/game_2/single/rest-010001/top"",""solutions/game_2/single/rest-101011/bot""]}","[0,1,0,0,0,1]","[1,0,1,0,1,1]",1,0,1,9,away_win,away,0,68
851,3,"{""total"":[""solutions/game_3/total/rest-111111/top"",""solutions/game_3/total/rest-011111/bot""],""single"":[""solutions/game_3/single/rest-111111/top"",""solutions/game_3/single/rest-011111/bot""]}","[1,1,1,1,1,1]","[0,1,1,1,1,1]",1,1,0,6,away_win,away,0,79
851,4,"{""total"":[""solutions/game_4/total/rest-111011/top"",""solutions/game_4/total/rest-111111/bot""],""single"":[""solutions/game_4/single/rest-111011/top"",""solutions/game_4/single/rest-111111/bot""]}","[1,1,1,0,1,1]","[1,1,1,1,1,1]",1,2,0,9,away_win,away,0,60
851,5,"{""total"":[""solutions/game_5/single/rest-111110/top"",""solutions/game_5/single/rest-101011/bot""],""single"":[""solutions/game_5/single/rest-111110/top"",""solutions/game_5/single/rest-101011/bot""]}","[1,1,1,1,1,0]","[1,0,1,0,1,1]",1,3,2,3,away_win,away,1,77
852,1,"{""total"":[""solutions/game_1/total/rest-111111/top"",""solutions/game_1/total/rest-111111/bot""],""single"":[""solutions/game_1/single/rest-111111/top"",""solutions/game_1/single/rest-111111/bot""]}","[1,1,1,1,1,1]","[1,1,1,1,1,1]",0,0,1,3,away_win,away,0,74
852,2,"{""total"":[""solutions/game_2/total/rest-111101/top"",""solutions/game_2/total/rest-101010/bot""],""single"":[""solutions/game_2/single/rest-111101/top"",""solutions/game_2/single/rest-101010/bot""]}","[1,1,1,1,0,1]","[1,0,1,0,1,0]",0,1,6,1,home_win,home,0,80
852,3,"{""total"":[""solutions/game_3/total/rest-011100/top"",""solutions/game_3/total/rest-111100/bot""],""single"":[""solutions/game_3/single/rest-011100/top"",""solutions/game_3/single/rest-111100/bot""]}","[0,1,1,1,0,0]","[1,1,1,1,0,0]",1,1,0,6,away_win,away,0,78
852,4,"{""total"":[""solutions/game_4/total/rest-111111/top"",""solutions/game_4/total/rest-110111/bot""],""single"":[""solutions/game_4/single/rest-111111/top"",""solutions/game_4/single/rest-110111/bot""]}","[1,1,1,1,1,1]","[1,1,0,1,1,1]",1,2,1,9,away_win,away,0,76
852,5,"{""total"":[""solutions/game_5/single/rest-111111/top"",""solutions/game_5/single/rest-001011/bot""],""single"":[""solutions/game_5/single/rest-111111/top"",""solutions/game_5/single/rest-001011/bot""]}","[1,1,1,1,1,1]","[0,0,1,0,1,1]",1,3,1,3,away_win,away,1,79
853,1,"{""total"":[""solutions/game_1/total/rest-111111/top"",""solutions/game_1/total/rest-111111/bot""],""single"":[""solutions/game_1/single/rest-111111/top"",""solutions/game_1/single/rest-111111/bot""]}","[1,1,1,1,1,1]","[1,1,1,1,1,1]",0,0,8,7,home_win,home,0,93
853,2,"{""total"":[""solutions/game_2/total/rest-111110/top"",""solutions/game_2/total/rest-111101/bot""],""single"":[""solutions/game_2/single/rest-111110/top"",""solutions/game_2/single/rest-111101/bot""]}","[1,1,1,1,1,0]","[1,1,1,1,0,1]",1,0,5,4,home_win,home,0,74
853,3,"{""total"":[""solutions/game_3/total/rest-111011/top"",""solutions/game_3/total/rest-011011/bot""],""single"":[""solutions/game_3/single/rest-111011/top"",""solutions/game_3/single/rest-011011/bot""]}","[1,1,1,0,1,1]","[0,1,1,0,1,1]",2,0,5,5,tie,home,0,89
853,4,"{""total"":[""solutions/game_4/total/rest-011101/top"",""solutions/game_4/total/rest-000100/bot""],""single"":[""solutions/game_4/single/rest-011101/top"",""solutions/game_4/single/rest-000100/bot""]}","[0,1,1,1,0,1]","[0,0,0,1,0,0]",3,0,4,8,away_win,away,1,85
853,5,"{""total"":[""solutions/game_5/single/rest-101110/top"",""solutions/game_5/single/rest-111111/bot""],""single"":[""solutions/game_5/single/rest-101110/top"",""solutions/game_5/single/rest-111111/bot""]}","[1,0,1,1,1,0]","[1,1,1,1,1,1]",3,1,7,3,home_win,home,1,81
854,1,"{""total"":[""solutions/game_1/total/rest-111111/top"",""solutions/game_1/total/rest-111111/bot""],""single"":[""solutions/game_1/single/rest-111111/top"",""solutions/game_1/single/rest-111111/bot""]}","[1,1,1,1,1,1]","[1,1,1,1,1,1]",0,0,3,0,home_win,home,0,70
854,2,"{""total"":[""solutions/game_2/total/rest-111011/top"",""solutions/game_2/total/rest-010110/bot""],""single"":[""solutions/game_2/single/rest-111011/top"",""solutions/game_2/single/rest-010110/bot""]}","[1,1,1,0,1,1]","[0,1,0,1,1,0]",1,0,1,0,home_win,home,0,65
854,3,"{""total"":[""solutions/game_3/total/rest-110111/top"",""solutions/game_3/total/rest-111101/bot""],""single"":[""solutions/game_3/single/rest-110111/top"",""solutions/game_3/single/rest-111101/bot""]}","[1,1,0,1,1,1]","[1,1,1,1,0,1]",2,0,4,0,home_win,home,0,72
854,4,"{""total"":[""solutions/game_4/total/rest-111101/top"",""solutions/game_4/total/rest-001010/bot""],""single"":[""solutions/game_4/single/rest-111101/top"",""solutions/game_4/single/rest-001010/bot""]}","[1,1,1,1,0,1]","[0,0,1,0,1,0]",3,0,6,1,home_win,home,1,71
854,5,"{""total"":[""solutions/game_5/single/rest-110011/top"",""solutions/game_5/single/rest-110001/bot""],""single"":[""solutions/game_5/single/rest-110011/top"",""solutions/game_5/single/rest-110001/bot""]}","[1,1,0,0,1,1]","[1,1,0,0,0,1]",4,0,5,3,home_win,home,1,75
855,1,"{""total"":[""solutions/game_1/total/rest-111111/top"",""solutions/game_1/total/rest-111111/bot""],""single"":[""solutions/game_1/single/rest-111111/top"",""solutions/game_1/single/rest-111111/bot""]}","[1,1,1,1,1,1]","[1,1,1,1,1,1]",0,0,5,4,home_win,home,0,85
855,2,"{""total"":[""solutions/game_2/total/rest-111001/top"",""solutions/game_2/total/rest-011111/bot""],""single"":[""solutions/game_2/single/rest-111001/top"",""solutions/game_2/single/rest-011111/bot""]}","[1,1,1,0,0,1]","[0,1,1,1,1,1]",1,0,2,4,away_win,away,0,76
855,3,"{""total"":[""solutions/game_3/total/rest-011111/top"",""solutions/game_3/total/rest-100110/bot""],""single"":[""solutions/game_3/single/rest-011111/top"",""solutions/game_3/single/rest-100110/bot""]}","[0,1,1,1,1,1]","[1,0,0,1,1,0]",1,1,0,6,away_win,away,0,80
855,4,"{""total"":[""solutions/game_4/total/rest-111100/top"",""solutions/game_4/total/rest-011011/bot""],""single"":[""solutions/game_4/single/rest-111100/top"",""solutions/game_4/single/rest-011011/bot""]}","[1,1,1,1,0,0]","[0,1,1,0,1,1]",1,2,8,7,home_win,home,0,100
855,5,"{""total"":[""solutions/game_5/single/rest-000011/top"",""solutions/game_5/single/rest-100111/bot""],""single"":[""solutions/game_5/single/rest-000011/top"",""solutions/game_5/single/rest-100111/bot""]}","[0,0,0,0,1,1]","[1,0,0,1,1,1]",2,2,2,5,away_win,away,0,83
856,1,"{""total"":[""solutions/game_1/total/rest-111111/top"",""solutions/game_1/total/rest-111111/bot""],""single"":[""solutions/game_1/single/rest-111111/top"",""solutions/game_1/single/rest-111111/bot""]}","[1,1,1,1,1,1]","[1,1,1,1,1,1]",0,0,8,3,home_win,home,0,87
856,2,"{""total"":[""solutions/game_2/total/rest-011001/top"",""solutions/game_2/total/rest-001011/bot""],""single"":[""solutions/game_2/single/rest-011001/top"",""solutions/game_2/single/rest-001011/bot""]}","[0,1,1,0,0,1]","[0,0,1,0,1,1]",1,0,2,3,away_win,away,0,80
856,3,"{""total"":[""solutions/game_3/total/rest-100110/top"",""solutions/game_3/total/rest-111110/bot""],""single"":[""solutions/game_3/single/rest-100110/top"",""solutions/game_3/single/rest-111110/bot""]}","[1,0,0,1,1,0]","[1,1,1,1,1,0]",1,1,9,1,home_win,home,0,39
856,4,"{""total"":[""solutions/game_4/total/rest-111111/top"",""solutions/game_4/total/rest-111111/bot""],""single"":[""solutions/game_4/single/rest-111111/top"",""solutions/game_4/single/rest-111111/bot""]}","[1,1,1,1,1,1]","[1,1,1,1,1,1]",2,1,2,6,away_win,away,0,75
856,5,"{""total"":[""solutions/game_5/single/rest-111110/top"",""solutions/game_5/single/rest-011011/bot""],""single"":[""solutions/game_5/single/rest-111110/top"",""solutions/game_5/single/rest-011011/bot""]}","[1,1,1,1,1,0]","[0,1,1,0,1,1]",2,2,8,2,home_win,home,0,73
857,1,"{""total"":[""solutions/game_1/total/rest-111111/top"",""solutions/game_1/total/rest-111111/bot""],""single"":[""solutions/game_1/single/rest-111111/top"",""solutions/game_1/single/rest-111111/bot""]}","[1,1,1,1,1,1]","[1,1,1,1,1,1]",0,0,3,4,away_win,away,0,86
857,2,"{""total"":[""solutions/game_2/total/rest-011001/top"",""solutions/game_2/total/rest-111010/bot""],""single"":[""solutions/game_2/single/rest-011001/top"",""solutions/game_2/single/rest-111010/bot""]}","[0,1,1,0,0,1]","[1,1,1,0,1,0]",0,1,2,0,home_win,home,0,67
857,3,"{""total"":[""solutions/game_3/total/rest-110110/top"",""solutions/game_3/total/rest-011111/bot""],""single"":[""solutions/game_3/single/rest-110110/top"",""solutions/game_3/single/rest-011111/bot""]}","[1,1,0,1,1,0]","[0,1,1,1,1,1]",1,1,6,7,away_win,away,0,94
857,4,"{""total"":[""solutions/game_4/total/rest-001111/top"",""solutions/game_4/total/rest-101001/bot""],""single"":[""solutions/game_4/single/rest-001111/top"",""solutions/game_4/single/rest-101001/bot""]}","[0,0,1,1,1,1]","[1,0,1,0,0,1]",1,2,4,3,home_win,home,0,82
857,5,"{""total"":[""solutions/game_5/single/rest-111001/top"",""solutions/game_5/single/rest-101010/bot""],""single"":[""solutions/game_5/single/rest-111001/top"",""solutions/game_5/single/rest-101010/bot""]}","[1,1,1,0,0,1]","[1,0,1,0,1,0]",2,2,10,2,home_win,home,0,50
858,1,"{""total"":[""solutions/game_1/total/rest-111111/top"",""solutions/game_1/total/rest-111111/bot""],""single"":[""solutions/game_1/single/rest-111111/top"",""solutions/game_1/single/rest-111111/bot""]}","[1,1,1,1,1,1]","[1,1,1,1,1,1]",0,0,8,3,home_win,home,0,81
858,2,"{""total"":[""solutions/game_2/total/rest-111011/top"",""solutions/game_2/total/rest-101010/bot""],""single"":[""solutions/game_2/single/rest-111011/top"",""solutions/game_2/single/rest-101010/bot""]}","[1,1,1,0,1,1]","[1,0,1,0,1,0]",1,0,5,4,home_win,home,0,89
858,3,"{""total"":[""solutions/game_3/total/rest-000101/top"",""solutions/game_3/total/rest-010101/bot""],""single"":[""solutions/game_3/single/rest-000101/top"",""solutions/game_3/single/rest-010101/bot""]}","[0,0,0,1,0,1]","[0,1,0,1,0,1]",2,0,8,0,home_win,home,0,66
858,4,"{""total"":[""solutions/game_4/total/rest-011111/top"",""solutions/game_4/total/rest-111111/bot""],""single"":[""solutions/game_4/single/rest-011111/top"",""solutions/game_4/single/rest-111111/bot""]}","[0,1,1,1,1,1]","[1,1,1,1,1,1]",3,0,5,3,home_win,home,1,88
858,5,"{""total"":[""solutions/game_5/single/rest-101101/top"",""solutions/game_5/single/rest-000001/bot""],""single"":[""solutions/game_5/single/rest-101101/top"",""solutions/game_5/single/rest-000001/bot""]}","[1,0,1,1,0,1]","[0,0,0,0,0,1]",4,0,6,4,home_win,home,1,84
859,1,"{""total"":[""solutions/game_1/total/rest-111111/top"",""solutions/game_1/total/rest-111111/bot""],""single"":[""solutions/game_1/single/rest-111111/top"",""solutions/game_1/single/rest-111111/bot""]}","[1,1,1,1,1,1]","[1,1,1,1,1,1]",0,0,2,6,away_win,away,0,75
859,2,"{""total"":[""solutions/game_2/total/rest-111111/top"",""solutions/game_2/total/rest-001111/bot""],""single"":[""solutions/game_2/single/rest-111111/top"",""solutions/game_2/single/rest-001111/bot""]}","[1,1,1,1,1,1]","[0,0,1,1,1,1]",0,1,0,9,away_win,away,0,76
859,3,"{""total"":[""solutions/game_3/total/rest-111100/top"",""solutions/game_3/total/rest-111111/bot""],""single"":[""solutions/game_3/single/rest-111100/top"",""solutions/game_3/single/rest-111111/bot""]}","[1,1,1,1,0,0]","[1,1,1,1,1,1]",0,2,3,1,home_win,home,0,73
859,4,"{""total"":[""solutions/game_4/total/rest-010111/top"",""solutions/game_4/total/rest-001110/bot""],""single"":[""solutions/game_4/single/rest-010111/top"",""solutions/game_4/single/rest-001110/bot""]}","[0,1,0,1,1,1]","[0,0,1,1,1,0]",1,2,8,12,away_win,away,0,98
859,5,"{""total"":[""solutions/game_5/single/rest-101101/top"",""solutions/game_5/single/rest-110101/bot""],""single"":[""solutions/game_5/single/rest-101101/top"",""solutions/game_5/single/rest-110101/bot""]}","[1,0,1,1,0,1]","[1,1,0,1,0,1]",1,3,4,7,away_win,away,1,87
860,1,"{""total"":[""solutions/game_1/total/rest-111111/top"",""solutions/game_1/total/rest-111111/bot""],""single"":[""solutions/game_1/single/rest-111111/top"",""solutions/game_1/single/rest-111111/bot""]}","[1,1,1,1,1,1]","[1,1,1,1,1,1]",0,0,8,7,home_win,home,0,91
860,2,"{""total"":[""solutions/game_2/total/rest-110001/top"",""solutions/game_2/total/rest-100010/bot""],""single"":[""solutions/game_2/single/rest-110001/top"",""solutions/game_2/single/rest-100010/bot""]}","[1,1,0,0,0,1]","[1,0,0,0,1,0]",1,0,7,4,home_win,home,0,85
860,3,"{""total"":[""solutions/game_3/total/rest-001110/top"",""solutions/game_3/total/rest-011101/bot""],""single"":[""solutions/game_3/single/rest-001110/top"",""solutions/game_3/single/rest-011101/bot""]}","[0,0,1,1,1,0]","[0,1,1,1,0,1]",2,0,0,3,away_win,away,0,87
860,4,"{""total"":[""solutions/game_4/total/rest-111001/top"",""solutions/game_4/total/rest-011111/bot""],""single"":[""solutions/game_4/single/rest-111001/top"",""solutions/game_4/single/rest-011111/bot""]}","[1,1,1,0,0,1]","[0,1,1,1,1,1]",2,1,3,8,away_win,away,0,85
860,5,"{""total"":[""solutions/game_5/single/rest-110111/top"",""solutions/game_5/single/rest-101010/bot""],""single"":[""solutions/game_5/single/rest-110111/top"",""solutions/game_5/single/rest-101010/bot""]}","[1,1,0,1,1,1]","[1,0,1,0,1,0]",2,2,6,2,home_win,home,0,80
861,1,"{""total"":[""solutions/game_1/total/rest-111111/top"",""solutions/game_1/total/rest-111111/bot""],""single"":[""solutions/game_1/single/rest-111111/top"",""solutions/game_1/single/rest-111111/bot""]}","[1,1,1,1,1,1]","[1,1,1,1,1,1]",0,0,1,9,away_win,away,0,62
861,2,"{""total"":[""solutions/game_2/total/rest-111111/top"",""solutions/game_2/total/rest-111111/bot""],""single"":[""solutions/game_2/single/rest-111111/top"",""solutions/game_2/single/rest-111111/bot""]}","[1,1,1,1,1,1]","[1,1,1,1,1,1]",0,1,6,3,home_win,home,0,82
861,3,"{""total"":[""solutions/game_3/total/rest-010101/top"",""solutions/game_3/total/rest-111010/bot""],""single"":[""solutions/game_3/single/rest-010101/top"",""solutions/game_3/single/rest-111010/bot""]}","[0,1,0,1,0,1]","[1,1,1,0,1,0]",1,1,5,4,home_win,home,0,77
861,4,"{""total"":[""solutions/game_4/total/rest-101011/top"",""solutions/game_4/total/rest-101100/bot""],""single"":[""solutions/game_4/single/rest-101011/top"",""solutions/game_4/single/rest-101100/bot""]}","[1,0,1,0,1,1]","[1,0,1,1,0,0]",2,1,4,6,away_win,away,0,84
861,5,"{""total"":[""solutions/game_5/single/rest-011111/top"",""solutions/game_5/single/rest-011011/bot""],""single"":[""solutions/game_5/single/rest-011111/top"",""solutions/game_5/single/rest-011011/bot""]}","[0,1,1,1,1,1]","[0,1,1,0,1,1]",2,2,7,4,home_win,home,0,79
862,1,"{""total"":[""solutions/game_1/total/rest-111111/top"",""solutions/game_1/total/rest-111111/bot""],""single"":[""solutions/game_1/single/rest-111111/top"",""solutions/game_1/single/rest-111111/bot""]}","[1,1,1,1,1,1]","[1,1,1,1,1,1]",0,0,7,4,home_win,home,0,81
862,2,"{""total"":[""solutions/game_2/total/rest-111001/top"",""solutions/game_2/total/rest-001011/bot""],""single"":[""solutions/game_2/single/rest-111001/top"",""solutions/game_2/single/rest-001011/bot""]}","[1,1,1,0,0,1]","[0,0,1,0,1,1]",1,0,3,2,home_win,home,0,79
862,3,"{""total"":[""solutions/game_3/total/rest-110111/top"",""solutions/game_3/total/rest-111000/bot""],""single"":[""solutions/game_3/single/rest-110111/top"",""solutions/game_3/single/rest-111000/bot""]}","[1,1,0,1,1,1]","[1,1,1,0,0,0]",2,0,2,5,away_win,away,0,91
862,4,"{""total"":[""solutions/game_4/total/rest-111111/top"",""solutions/game_4/total/rest-011110/bot""],""single"":[""solutions/game_4/single/rest-111111/top"",""solutions/game_4/single/rest-011110/bot""]}","[1,1,1,1,1,1]","[0,1,1,1,1,0]",2,1,12,9,home_win,home,0,106
862,5,"{""total"":[""solutions/game_5/single/rest-110101/top"",""solutions/game_5/single/rest-010111/bot""],""single"":[""solutions/game_5/single/rest-110101/top"",""solutions/game_5/single/rest-010111/bot""]}","[1,1,0,1,0,1]","[0,1,0,1,1,1]",3,1,6,7,away_win,away,1,85
863,1,"{""total"":[""solutions/game_1/total/rest-111111/top"",""solutions/game_1/total/rest-111111/bot""],""single"":[""solutions/game_1/single/rest-111111/top"",""solutions/game_1/single/rest-111111/bot""]}","[1,1,1,1,1,1]","[1,1,1,1,1,1]",0,0,2,10,away_win,away,0,85
863,2,"{""total"":[""solutions/game_2/total/rest-111111/top"",""solutions/game_2/total/rest-101010/bot""],""single"":[""solutions/game_2/single/rest-111111/top"",""solutions/game_2/single/rest-101010/bot""]}","[1,1,1,1,1,1]","[1,0,1,0,1,0]",0,1,8,5,home_win,home,0,88
863,3,"{""total"":[""solutions/game_3/total/rest-111110/top"",""solutions/game_3/total/rest-010001/bot""],""single"":[""solutions/game_3/single/rest-111110/top"",""solutions/game_3/single/rest-010001/bot""]}","[1,1,1,1,1,0]","[0,1,0,0,0,1]",1,1,5,6,away_win,away,0,83
863,4,"{""total"":[""solutions/game_4/total/rest-111001/top"",""solutions/game_4/total/rest-101111/bot""],""single"":[""solutions/game_4/single/rest-111001/top"",""solutions/game_4/single/rest-101111/bot""]}","[1,1,1,0,0,1]","[1,0,1,1,1,1]",1,2,9,1,home_win,home,0,31
863,5,"{""total"":[""solutions/game_5/single/rest-111111/top"",""solutions/game_5/single/rest-111111/bot""],""single"":[""solutions/game_5/single/rest-111111/top"",""solutions/game_5/single/rest-111111/bot""]}","[1,1,1,1,1,1]","[1,1,1,1,1,1]",2,2,8,5,home_win,home,0,82
864,1,"{""total"":[""solutions/game_1/total/rest-111111/top"",""solutions/game_1/total/rest-111111/bot""],""single"":[""solutions/game_1/single/rest-111111/top"",""solutions/game_1/single/rest-111111/bot""]}","[1,1,1,1,1,1]","[1,1,1,1,1,1]",0,0,6,5,home_win,home,0,79
864,2,"{""total"":[""solutions/game_2/total/rest-111010/top"",""solutions/game_2/total/rest-011011/bot""],""single"":[""solutions/game_2/single/rest-111010/top"",""solutions/game_2/single/rest-011011/bot""]}","[1,1,1,0,1,0]","[0,1,1,0,1,1]",1,0,4,2,home_win,home,0,71
864,3,"{""total"":[""solutions/game_3/total/rest-110111/top"",""solutions/game_3/total/rest-101101/bot""],""single"":[""solutions/game_3/single/rest-110111/top"",""solutions/game_3/single/rest-101101/bot""]}","[1,1,0,1,1,1]","[1,0,1,1,0,1]",2,0,4,9,away_win,away,0,86
864,4,"{""total"":[""solutions/game_4/total/rest-111010/top"",""solutions/game_4/total/rest-010010/bot""],""single"":[""solutions/game_4/single/rest-111010/top"",""solutions/game_4/single/rest-010010/bot""]}","[1,1,1,0,1,0]","[0,1,0,0,1,0]",2,1,3,2,home_win,home,0,79
864,5,"{""total"":[""solutions/game_5/single/rest-110101/top"",""solutions/game_5/single/rest-101101/bot""],""single"":[""solutions/game_5/single/rest-110101/top"",""solutions/game_5/single/rest-101101/bot""]}","[1,1,0,1,0,1]","[1,0,1,1,0,1]",3,1,6,4,home_win,home,1,76
865,1,"{""total"":[""solutions/game_1/total/rest-111111/top"",""solutions/game_1/total/rest-111111/bot""],""single"":[""solutions/game_1/single/rest-111111/top"",""solutions/game_1/single/rest-111111/bot""]}","[1,1,1,1,1,1]","[1,1,1,1,1,1]",0,0,2,6,away_win,away,0,86
865,2,"{""total"":[""solutions/game_2/total/rest-110001/top"",""solutions/game_2/total/rest-101111/bot""],""single"":[""solutions/game_2/single/rest-110001/top"",""solutions/game_2/single/rest-101111/bot""]}","[1,1,0,0,0,1]","[1,0,1,1,1,1]",0,1,11,1,home_win,home,0,75
865,3,"{""total"":[""solutions/game_3/total/rest-011111/top"",""solutions/game_3/total/rest-010011/bot""],""single"":[""solutions/game_3/single/rest-011111/top"",""solutions/game_3/single/rest-010011/bot""]}","[0,1,1,1,1,1]","[0,1,0,0,1,1]",1,1,4,12,away_win,away,0,83
865,4,"{""total"":[""solutions/game_4/total/rest-111101/top"",""solutions/game_4/total/rest-111110/bot""],""single"":[""solutions/game_4/single/rest-111101/top"",""solutions/game_4/single/rest-111110/bot""]}","[1,1,1,1,0,1]","[1,1,1,1,1,0]",1,2,7,2,home_win,home,0,87
865,5,"{""total"":[""solutions/game_5/single/rest-110011/top"",""solutions/game_5/single/rest-000001/bot""],""single"":[""solutions/game_5/single/rest-110011/top"",""solutions/game_5/single/rest-000001/bot""]}","[1,1,0,0,1,1]","[0,0,0,0,0,1]",2,2,12,8,home_win,home,0,102
866,1,"{""total"":[""solutions/game_1/total/rest-111111/top"",""solutions/game_1/total/rest-111111/bot""],""single"":[""solutions/game_1/single/rest-111111/top"",""solutions/game_1/single/rest-111111/bot""]}","[1,1,1,1,1,1]","[1,1,1,1,1,1]",0,0,9,6,home_win,home,0,92
866,2,"{""total"":[""solutions/game_2/total/rest-011110/top"",""solutions/game_2/total/rest-000110/bot""],""single"":[""solutions/game_2/single/rest-011110/top"",""solutions/game_2/single/rest-000110/bot""]}","[0,1,1,1,1,0]","[0,0,0,1,1,0]",1,0,9,1,home_win,home,0,59
866,3,"{""total"":[""solutions/game_3/total/rest-111111/top"",""solutions/game_3/total/rest-011011/bot""],""single"":[""solutions/game_3/single/rest-111111/top"",""solutions/game_3/single/rest-011011/bot""]}","[1,1,1,1,1,1]","[0,1,1,0,1,1]",2,0,7,3,home_win,home,0,72
866,4,"{""total"":[""solutions/game_4/total/rest-110001/top"",""solutions/game_4/total/rest-111111/bot""],""single"":[""solutions/game_4/single/rest-110001/top"",""solutions/game_4/single/rest-111111/bot""]}","[1,1,0,0,0,1]","[1,1,1,1,1,1]",3,0,4,12,away_win,away,1,72
866,5,"{""total"":[""solutions/game_5/single/rest-111111/top"",""solutions/game_5/single/rest-101101/bot""],""single"":[""solutions/game_5/single/rest-111111/top"",""solutions/game_5/single/rest-101101/bot""]}","[1,1,1,1,1,1]","[1,0,1,1,0,1]",3,1,2,8,away_win,away,1,87
867,1,"{""total"":[""solutions/game_1/total/rest-111111/top"",""solutions/game_1/total/rest-111111/bot""],""single"":[""solutions/game_1/single/rest-111111/top"",""solutions/game_1/single/rest-111111/bot""]}","[1,1,1,1,1,1]","[1,1,1,1,1,1]",0,0,2,4,away_win,away,0,82
867,2,"{""total"":[""solutions/game_2/total/rest-011011/top"",""solutions/game_2/total/rest-001011/bot""],""single"":[""solutions/game_2/single/rest-011011/top"",""solutions/game_2/single/rest-001011/bot""]}","[0,1,1,0,1,1]","[0,0,1,0,1,1]",0,1,5,4,home_win,home,0,77
867,3,"{""total"":[""solutions/game_3/total/rest-110111/top"",""solutions/game_3/total/rest-111111/bot""],""single"":[""solutions/game_3/single/rest-110111/top"",""solutions/game_3/single/rest-111111/bot""]}","[1,1,0,1,1,1]","[1,1,1,1,1,1]",1,1,2,11,away_win,away,0,80
867,4,"{""total"":[""solutions/game_4/total/rest-011111/top"",""solutions/game_4/total/rest-001101/bot""],""single"":[""solutions/game_4/single/rest-011111/top"",""solutions/game_4/single/rest-001101/bot""]}","[0,1,1,1,1,1]","[0,0,1,1,0,1]",1,2,12,11,home_win,home,0,103
867,5,"{""total"":[""solutions/game_5/single/rest-110011/top"",""solutions/game_5/single/rest-100011/bot""],""single"":[""solutions/game_5/single/rest-110011/top"",""solutions/game_5/single/rest-100011/bot""]}","[1,1,0,0,1,1]","[1,0,0,0,1,1]",2,2,4,10,away_win,away,0,87
868,1,"{""total"":[""solutions/game_1/total/rest-111111/top"",""solutions/game_1/total/rest-111111/bot""],""single"":[""solutions/game_1/single/rest-111111/top"",""solutions/game_1/single/rest-111111/bot""]}","[1,1,1,1,1,1]","[1,1,1,1,1,1]",0,0,3,3,tie,home,0,89
868,2,"{""total"":[""solutions/game_2/total/rest-011001/top"",""solutions/game_2/total/rest-101100/bot""],""single"":[""solutions/game_2/single/rest-011001/top"",""solutions/game_2/single/rest-101100/bot""]}","[0,1,1,0,0,1]","[1,0,1,1,0,0]",1,0,6,5,home_win,home,0,85
868,3,"{""total"":[""solutions/game_3/total/rest-110111/top"",""solutions/game_3/total/rest-011111/bot""],""single"":[""solutions/game_3/single/rest-110111/top"",""solutions/game_3/single/rest-011111/bot""]}","[1,1,0,1,1,1]","[0,1,1,1,1,1]",2,0,4,7,away_win,away,0,86
868,4,"{""total"":[""solutions/game_4/total/rest-011011/top"",""solutions/game_4/total/rest-100110/bot""],""single"":[""solutions/game_4/single/rest-011011/top"",""solutions/game_4/single/rest-100110/bot""]}","[0,1,1,0,1,1]","[1,0,0,1,1,0]",2,1,10,9,home_win,home,0,94
868,5,"{""total"":[""solutions/game_5/single/rest-111110/top"",""solutions/game_5/single/rest-011001/bot""],""single"":[""solutions/game_5/single/rest-111110/top"",""solutions/game_5/single/rest-011001/bot""]}","[1,1,1,1,1,0]","[0,1,1,0,0,1]",3,1,8,0,home_win,home,1,18
869,1,"{""total"":[""solutions/game_1/total/rest-111111/top"",""solutions/game_1/total/rest-111111/bot""],""single"":[""solutions/game_1/single/rest-111111/top"",""solutions/game_1/single/rest-111111/bot""]}","[1,1,1,1,1,1]","[1,1,1,1,1,1]",0,0,1,10,away_win,away,0,72
869,2,"{""total"":[""solutions/game_2/total/rest-111101/top"",""solutions/game_2/total/rest-111111/bot""],""single"":[""solutions/game_2/single/rest-111101/top"",""solutions/game_2/single/rest-111111/bot""]}","[1,1,1,1,0,1]","[1,1,1,1,1,1]",0,1,7,4,home_win,home,0,85
869,3,"{""total"":[""solutions/game_3/total/rest-010011/top"",""solutions/game_3/total/rest-111011/bot""],""single"":[""solutions/game_3/single/rest-010011/top"",""solutions/game_3/single/rest-111011/bot""]}","[0,1,0,0,1,1]","[1,1,1,0,1,1]",1,1,8,5,home_win,home,0,83
869,4,"{""total"":[""solutions/game_4/total/rest-101101/top"",""solutions/game_4/total/rest-001110/bot""],""single"":[""solutions/game_4/single/rest-101101/top"",""solutions/game_4/single/rest-001110/bot""]}","[1,0,1,1,0,1]","[0,0,1,1,1,0]",2,1,1,9,away_win,away,0,44
869,5,"{""total"":[""solutions/game_5/single/rest-111111/top"",""solutions/game_5/single/rest-111110/bot""],""single"":[""solutions/game_5/single/rest-111111/top"",""solutions/game_5/single/rest-111110/bot""]}","[1,1,1,1,1,1]","[1,1,1,1,1,0]",2,2,3,4,away_win,away,0,82
870,1,"{""total"":[""solutions/game_1/total/rest-111111/top"",""solutions/game_1/total/rest-111111/bot""],""single"":[""solutions/game_1/single/rest-111111/top"",""solutions/game_1/single/rest-111111/bot""]}","[1,1,1,1,1,1]","[1,1,1,1,1,1]",0,0,5,5,tie,home,0,89
870,2,"{""total"":[""solutions/game_2/total/rest-110001/top"",""solutions/game_2/total/rest-101011/bot""],""single"":[""solutions/game_2/single/rest-110001/top"",""solutions/game_2/single/rest-101011/bot""]}","[1,1,0,0,0,1]","[1,0,1,0,1,1]",1,0,9,8,home_win,home,0,92
870,3,"{""total"":[""solutions/game_3/total/rest-001111/top"",""solutions/game_3/total/rest-111100/bot""],""single"":[""solutions/game_3/single/rest-001111/top"",""solutions/game_3/single/rest-111100/bot""]}","[0,0,1,1,1,1]","[1,1,1,1,0,0]",2,0,7,3,home_win,home,0,84
870,4,"{""total"":[""solutions/game_4/total/rest-110011/top"",""solutions/game_4/total/rest-000011/bot""],""single"":[""solutions/game_4/single/rest-110011/top"",""solutions/game_4/single/rest-000011/bot""]}","[1,1,0,0,1,1]","[0,0,0,0,1,1]",3,0,8,4,home_win,home,1,82
870,5,"{""total"":[""solutions/game_5/single/rest-101000/top"",""solutions/game_5/single/rest-111111/bot""],""single"":[""solutions/game_5/single/rest-101000/top"",""solutions/game_5/single/rest-111111/bot""]}","[1,0,1,0,0,0]","[1,1,1,1,1,1]",4,0,6,5,home_win,home,1,89
871,1,"{""total"":[""solutions/game_1/total/rest-111111/top"",""solutions/game_1/total/rest-111111/bot""],""single"":[""solutions/game_1/single/rest-111111/top"",""solutions/game_1/single/rest-111111/bot""]}","[1,1,1,1,1,1]","[1,1,1,1,1,1]",0,0,3,11,away_win,away,0,66
871,2,"{""total"":[""solutions/game_2/total/rest-011111/top"",""solutions/game_2/total/rest-111101/bot""],""single"":[""solutions/game_2/single/rest-011111/top"",""solutions/game_2/single/rest-111101/bot""]}","[0,1,1,1,1,1]","[1,1,1,1,0,1]",0,1,2,11,away_win,away,0,58
871,3,"{""total"":[""solutions/game_3/total/rest-111110/top"",""solutions/game_3/total/rest-111011/bot""],""single"":[""solutions/game_3/single/rest-111110/top"",""solutions/game_3/single/rest-111011/bot""]}","[1,1,1,1,1,0]","[1,1,1,0,1,1]",0,2,3,1,home_win,home,0,72
871,4,"{""total"":[""solutions/game_4/total/rest-111111/top"",""solutions/game_4/total/rest-001001/bot""],""single"":[""solutions/game_4/single/rest-111111/top"",""solutions/game_4/single/rest-001001/bot""]}","[1,1,1,1,1,1]","[0,0,1,0,0,1]",1,2,1,11,away_win,away,0,67
871,5,"{""total"":[""solutions/game_5/single/rest-011111/top"",""solutions/game_5/single/rest-100111/bot""],""single"":[""solutions/game_5/single/rest-011111/top"",""solutions/game_5/single/rest-100111/bot""]}","[0,1,1,1,1,1]","[1,0,0,1,1,1]",1,3,2,1,home_win,home,1,70
872,1,"{""total"":[""solutions/game_1/total/rest-111111/top"",""solutions/game_1/total/rest-111111/bot""],""single"":[""solutions/game_1/single/rest-111111/top"",""solutions/game_1/single/rest-111111/bot""]}","[1,1,1,1,1,1]","[1,1,1,1,1,1]",0,0,7,8,away_win,away,0,98
872,2,"{""total"":[""solutions/game_2/total/rest-110010/top"",""solutions/game_2/total/rest-000001/bot""],""single"":[""solutions/game_2/single/rest-110010/top"",""solutions/game_2/single/rest-000001/bot""]}","[1,1,0,0,1,0]","[0,0,0,0,0,1]",0,1,11,3,home_win,home,0,72
872,3,"{""total"":[""solutions/game_3/total/rest-001110/top"",""solutions/game_3/total/rest-111110/bot""],""single"":[""solutions/game_3/single/rest-001110/top"",""solutions/game_3/single/rest-111110/bot""]}","[0,0,1,1,1,0]","[1,1,1,1,1,0]",1,1,1,10,away_win,away,0,56
872,4,"{""total"":[""solutions/game_4/total/rest-111101/top"",""solutions/game_4/total/rest-111110/bot""],""single"":[""solutions/game_4/single/rest-111101/top"",""solutions/game_4/single/rest-111110/bot""]}","[1,1,1,1,0,1]","[1,1,1,1,1,0]",1,2,8,0,home_win,home,0,36
872,5,"{""total"":[""solutions/game_5/single/rest-111111/top"",""solutions/game_5/single/rest-111111/bot""],""single"":[""solutions/game_5/single/rest-111111/top"",""solutions/game_5/single/rest-111111/bot""]}","[1,1,1,1,1,1]","[1,1,1,1,1,1]",2,2,7,4,home_win,home,0,86
873,1,"{""total"":[""solutions/game_1/total/rest-111111/top"",""solutions/game_1/total/rest-111111/bot""],""single"":[""solutions/game_1/single/rest-111111/top"",""solutions/game_1/single/rest-111111/bot""]}","[1,1,1,1,1,1]","[1,1,1,1,1,1]",0,0,3,11,away_win,away,0,57
873,2,"{""total"":[""solutions/game_2/total/rest-101011/top"",""solutions/game_2/total/rest-111111/bot""],""single"":[""solutions/game_2/single/rest-101011/top"",""solutions/game_2/single/rest-111111/bot""]}","[1,0,1,0,1,1]","[1,1,1,1,1,1]",0,1,0,10,away_win,away,0,72
873,3,"{""total"":[""solutions/game_3/total/rest-011111/top"",""solutions/game_3/total/rest-011110/bot""],""single"":[""solutions/game_3/single/rest-011111/top"",""solutions/game_3/single/rest-011110/bot""]}","[0,1,1,1,1,1]","[0,1,1,1,1,0]",0,2,10,8,home_win,home,0,93
873,4,"{""total"":[""solutions/game_4/total/rest-110001/top"",""solutions/game_4/total/rest-100101/bot""],""single"":[""solutions/game_4/single/rest-110001/top"",""solutions/game_4/single/rest-100101/bot""]}","[1,1,0,0,0,1]","[1,0,0,1,0,1]",1,2,3,11,away_win,away,0,84
873,5,"{""total"":[""solutions/game_5/single/rest-101011/top"",""solutions/game_5/single/rest-011111/bot""],""single"":[""solutions/game_5/single/rest-101011/top"",""solutions/game_5/single/rest-011111/bot""]}","[1,0,1,0,1,1]","[0,1,1,1,1,1]",1,3,11,10,home_win,home,1,99
874,1,"{""total"":[""solutions/game_1/total/rest-111111/top"",""solutions/game_1/total/rest-111111/bot""],""single"":[""solutions/game_1/single/rest-111111/top"",""solutions/game_1/single/rest-111111/bot""]}","[1,1,1,1,1,1]","[1,1,1,1,1,1]",0,0,6,1,home_win,home,0,78
874,2,"{""total"":[""solutions/game_2/total/rest-111010/top"",""solutions/game_2/total/rest-101001/bot""],""single"":[""solutions/game_2/single/rest-111010/top"",""solutions/game_2/single/rest-101001/bot""]}","[1,1,1,0,1,0]","[1,0,1,0,0,1]",1,0,5,6,away_win,away,0,81
874,3,"{""total"":[""solutions/game_3/total/rest-011111/top"",""solutions/game_3/total/rest-010111/bot""],""single"":[""solutions/game_3/single/rest-011111/top"",""solutions/game_3/single/rest-010111/bot""]}","[0,1,1,1,1,1]","[0,1,0,1,1,1]",1,1,9,8,home_win,home,0,93
874,4,"{""total"":[""solutions/game_4/total/rest-111001/top"",""solutions/game_4/total/rest-101010/bot""],""single"":[""solutions/game_4/single/rest-111001/top"",""solutions/game_4/single/rest-101010/bot""]}","[1,1,1,0,0,1]","[1,0,1,0,1,0]",2,1,0,1,away_win,away,0,76
874,5,"{""total"":[""solutions/game_5/single/rest-110111/top"",""solutions/game_5/single/rest-010101/bot""],""single"":[""solutions/game_5/single/rest-110111/top"",""solutions/game_5/single/rest-010101/bot""]}","[1,1,0,1,1,1]","[0,1,0,1,0,1]",2,2,4,7,away_win,away,0,85
875,1,"{""total"":[""solutions/game_1/total/rest-111111/top"",""solutions/game_1/total/rest-111111/bot""],""single"":[""solutions/game_1/single/rest-111111/top"",""solutions/game_1/single/rest-111111/bot""]}","[1,1,1,1,1,1]","[1,1,1,1,1,1]",0,0,2,5,away_win,away,0,81
875,2,"{""total"":[""solutions/game_2/total/rest-011110/top"",""solutions/game_2/total/rest-101010/bot""],""single"":[""solutions/game_2/single/rest-011110/top"",""solutions/game_2/single/rest-101010/bot""]}","[0,1,1,1,1,0]","[1,0,1,0,1,0]",0,1,3,1,home_win,home,0,71
875,3,"{""total"":[""solutions/game_3/total/rest-111011/top"",""solutions/game_3/total/rest-010111/bot""],""single"":[""solutions/game_3/single/rest-111011/top"",""solutions/game_3/single/rest-010111/bot""]}","[1,1,1,0,1,1]","[0,1,0,1,1,1]",1,1,3,0,home_win,home,0,67
875,4,"{""total"":[""solutions/game_4/total/rest-110011/top"",""solutions/game_4/total/rest-101011/bot""],""single"":[""solutions/game_4/single/rest-110011/top"",""solutions/game_4/single/rest-101011/bot""]}","[1,1,0,0,1,1]","[1,0,1,0,1,1]",2,1,4,13,away_win,away,0,64
875,5,"{""total"":[""solutions/game_5/single/rest-111111/top"",""solutions/game_5/single/rest-111111/bot""],""single"":[""solutions/game_5/single/rest-111111/top"",""solutions/game_5/single/rest-111111/bot""]}","[1,1,1,1,1,1]","[1,1,1,1,1,1]",2,2,5,7,away_win,away,0,82
876,1,"{""total"":[""solutions/game_1/total/rest-111111/top"",""solutions/game_1/total/rest-111111/bot""],""single"":[""solutions/game_1/single/rest-111111/top"",""solutions/game_1/single/rest-111111/bot""]}","[1,1,1,1,1,1]","[1,1,1,1,1,1]",0,0,3,2,home_win,home,0,74
876,2,"{""total"":[""solutions/game_2/total/rest-110001/top"",""solutions/game_2/total/rest-001011/bot""],""single"":[""solutions/game_2/single/rest-110001/top"",""solutions/game_2/single/rest-001011/bot""]}","[1,1,0,0,0,1]","[0,0,1,0,1,1]",1,0,9,17,away_win,away,0,97
876,3,"{""total"":[""solutions/game_3/total/rest-111110/top"",""solutions/game_3/total/rest-110100/bot""],""single"":[""solutions/game_3/single/rest-111110/top"",""solutions/game_3/single/rest-110100/bot""]}","[1,1,1,1,1,0]","[1,1,0,1,0,0]",1,1,6,7,away_win,away,0,85
876,4,"{""total"":[""solutions/game_4/total/rest-011101/top"",""solutions/game_4/total/rest-001110/bot""],""single"":[""solutions/game_4/single/rest-011101/top"",""solutions/game_4/single/rest-001110/bot""]}","[0,1,1,1,0,1]","[0,0,1,1,1,0]",1,2,0,8,away_win,away,0,25
876,5,"{""total"":[""solutions/game_5/single/rest-111111/top"",""solutions/game_5/single/rest-011111/bot""],""single"":[""solutions/game_5/single/rest-111111/top"",""solutions/game_5/single/rest-011111/bot""]}","[1,1,1,1,1,1]","[0,1,1,1,1,1]",1,3,5,7,away_win,away,1,90
877,1,"{""total"":[""solutions/game_1/total/rest-111111/top"",""solutions/game_1/total/rest-111111/bot""],""single"":[""solutions/game_1/single/rest-111111/top"",""solutions/game_1/single/rest-111111/bot""]}","[1,1,1,1,1,1]","[1,1,1,1,1,1]",0,0,3,12,away_win,away,0,81
877,2,"{""total"":[""solutions/game_2/total/rest-111110/top"",""solutions/game_2/total/rest-101111/bot""],""single"":[""solutions/game_2/single/rest-111110/top"",""solutions/game_2/single/rest-101111/bot""]}","[1,1,1,1,1,0]","[1,0,1,1,1,1]",0,1,5,2,home_win,home,0,80
877,3,"{""total"":[""solutions/game_3/total/rest-011011/top"",""solutions/game_3/total/rest-011011/bot""],""single"":[""solutions/game_3/single/rest-011011/top"",""solutions/game_3/single/rest-011011/bot""]}","[0,1,1,0,1,1]","[0,1,1,0,1,1]",1,1,11,1,home_win,home,0,47
877,4,"{""total"":[""solutions/game_4/total/rest-111111/top"",""solutions/game_4/total/rest-011110/bot""],""single"":[""solutions/game_4/single/rest-111111/top"",""solutions/game_4/single/rest-011110/bot""]}","[1,1,1,1,1,1]","[0,1,1,1,1,0]",2,1,1,9,away_win,away,0,50
877,5,"{""total"":[""solutions/game_5/single/rest-011111/top"",""solutions/game_5/single/rest-111111/bot""],""single"":[""solutions/game_5/single/rest-011111/top"",""solutions/game_5/single/rest-111111/bot""]}","[0,1,1,1,1,1]","[1,1,1,1,1,1]",2,2,5,6,away_win,away,0,87
878,1,"{""total"":[""solutions/game_1/total/rest-111111/top"",""solutions/game_1/total/rest-111111/bot""],""single"":[""solutions/game_1/single/rest-111111/top"",""solutions/game_1/single/rest-111111/bot""]}","[1,1,1,1,1,1]","[1,1,1,1,1,1]",0,0,9,0,home_win,home,0,67
878,2,"{""total"":[""solutions/game_2/total/rest-111001/top"",""solutions/game_2/total/rest-001011/bot""],""single"":[""solutions/game_2/single/rest-111001/top"",""solutions/game_2/single/rest-001011/bot""]}","[1,1,1,0,0,1]","[0,0,1,0,1,1]",1,0,1,2,away_win,away,0,77
878,3,"{""total"":[""solutions/game_3/total/rest-110110/top"",""solutions/game_3/total/rest-110110/bot""],""single"":[""solutions/game_3/single/rest-110110/top"",""solutions/game_3/single/rest-110110/bot""]}","[1,1,0,1,1,0]","[1,1,0,1,1,0]",1,1,0,8,away_win,away,0,33
878,4,"{""total"":[""solutions/game_4/total/rest-110111/top"",""solutions/game_4/total/rest-111111/bot""],""single"":[""solutions/game_4/single/rest-110111/top"",""solutions/game_4/single/rest-111111/bot""]}","[1,1,0,1,1,1]","[1,1,1,1,1,1]",1,2,6,3,home_win,home,0,73
878,5,"{""total"":[""solutions/game_5/single/rest-111001/top"",""solutions/game_5/single/rest-001011/bot""],""single"":[""solutions/game_5/single/rest-111001/top"",""solutions/game_5/single/rest-001011/bot""]}","[1,1,1,0,0,1]","[0,0,1,0,1,1]",2,2,4,8,away_win,away,0,89
879,1,"{""total"":[""solutions/game_1/total/rest-111111/top"",""solutions/game_1/total/rest-111111/bot""],""single"":[""solutions/game_1/single/rest-111111/top"",""solutions/game_1/single/rest-111111/bot""]}","[1,1,1,1,1,1]","[1,1,1,1,1,1]",0,0,2,4,away_win,away,0,87
879,2,"{""total"":[""solutions/game_2/total/rest-010011/top"",""solutions/game_2/total/rest-001010/bot""],""single"":[""solutions/game_2/single/rest-010011/top"",""solutions/game_2/single/rest-001010/bot""]}","[0,1,0,0,1,1]","[0,0,1,0,1,0]",0,1,7,12,away_win,away,0,95
879,3,"{""total"":[""solutions/game_3/total/rest-101111/top"",""solutions/game_3/total/rest-100101/bot""],""single"":[""solutions/game_3/single/rest-101111/top"",""solutions/game_3/single/rest-100101/bot""]}","[1,0,1,1,1,1]","[1,0,0,1,0,1]",0,2,3,2,home_win,home,0,74
879,4,"{""total"":[""solutions/game_4/total/rest-110101/top"",""solutions/game_4/total/rest-111010/bot""],""single"":[""solutions/game_4/single/rest-110101/top"",""solutions/game_4/single/rest-111010/bot""]}","[1,1,0,1,0,1]","[1,1,1,0,1,0]",1,2,5,10,away_win,away,0,89
879,5,"{""total"":[""solutions/game_5/single/rest-100111/top"",""solutions/game_5/single/rest-101111/bot""],""single"":[""solutions/game_5/single/rest-100111/top"",""solutions/game_5/single/rest-101111/bot""]}","[1,0,0,1,1,1]","[1,0,1,1,1,1]",1,3,6,5,home_win,home,1,84
880,1,"{""total"":[""solutions/game_1/total/rest-111111/top"",""solutions/game_1/total/rest-111111/bot""],""single"":[""solutions/game_1/single/rest-111111/top"",""solutions/game_1/single/rest-111111/bot""]}","[1,1,1,1,1,1]","[1,1,1,1,1,1]",0,0,1,4,away_win,away,0,84
880,2,"{""total"":[""solutions/game_2/total/rest-111011/top"",""solutions/game_2/total/rest-101111/bot""],""single"":[""solutions/game_2/single/rest-111011/top"",""solutions/game_2/single/rest-101111/bot""]}","[1,1,1,0,1,1]","[1,0,1,1,1,1]",0,1,2,2,tie,home,0,88
880,3,"{""total"":[""solutions/game_3/total/rest-001110/top"",""solutions/game_3/total/rest-011110/bot""],""single"":[""solutions/game_3/single/rest-001110/top"",""solutions/game_3/single/rest-011110/bot""]}","[0,0,1,1,1,0]","[0,1,1,1,1,0]",1,1,6,3,home_win,home,0,77
880,4,"{""total"":[""solutions/game_4/total/rest-110101/top"",""solutions/game_4/total/rest-111001/bot""],""single"":[""solutions/game_4/single/rest-110101/top"",""solutions/game_4/single/rest-111001/bot""]}","[1,1,0,1,0,1]","[1,1,1,0,0,1]",2,1,10,0,home_win,home,0,52
880,5,"{""total"":[""solutions/game_5/single/rest-111111/top"",""solutions/game_5/single/rest-111111/bot""],""single"":[""solutions/game_5/single/rest-111111/top"",""solutions/game_5/single/rest-111111/bot""]}","[1,1,1,1,1,1]","[1,1,1,1,1,1]",3,1,4,6,away_win,away,1,86
881,1,"{""total"":[""solutions/game_1/total/rest-111111/top"",""solutions/game_1/total/rest-111111/bot""],""single"":[""solutions/game_1/single/rest-111111/top"",""solutions/game_1/single/rest-111111/bot""]}","[1,1,1,1,1,1]","[1,1,1,1,1,1]",0,0,4,1,home_win,home,0,80
881,2,"{""total"":[""solutions/game_2/total/rest-011001/top"",""solutions/game_2/total/rest-001011/bot""],""single"":[""solutions/game_2/single/rest-011001/top"",""solutions/game_2/single/rest-001011/bot""]}","[0,1,1,0,0,1]","[0,0,1,0,1,1]",1,0,5,4,home_win,home,0,89
881,3,"{""total"":[""solutions/game_3/total/rest-100110/top"",""solutions/game_3/total/rest-110101/bot""],""single"":[""solutions/game_3/single/rest-100110/top"",""solutions/game_3/single/rest-110101/bot""]}","[1,0,0,1,1,0]","[1,1,0,1,0,1]",2,0,4,8,away_win,away,0,84
881,4,"{""total"":[""solutions/game_4/total/rest-111000/top"",""solutions/game_4/total/rest-011010/bot""],""single"":[""solutions/game_4/single/rest-111000/top"",""solutions/game_4/single/rest-011010/bot""]}","[1,1,1,0,0,0]","[0,1,1,0,1,0]",2,1,0,8,away_win,away,0,23
881,5,"{""total"":[""solutions/game_5/single/rest-111111/top"",""solutions/game_5/single/rest-111111/bot""],""single"":[""solutions/game_5/single/rest-111111/top"",""solutions/game_5/single/rest-111111/bot""]}","[1,1,1,1,1,1]","[1,1,1,1,1,1]",2,2,0,8,away_win,away,0,73
882,1,"{""total"":[""solutions/game_1/total/rest-111111/top"",""solutions/game_1/total/rest-111111/bot""],""single"":[""solutions/game_1/single/rest-111111/top"",""solutions/game_1/single/rest-111111/bot""]}","[1,1,1,1,1,1]","[1,1,1,1,1,1]",0,0,0,8,away_win,away,0,65
882,2,"{""total"":[""solutions/game_2/total/rest-111100/top"",""solutions/game_2/total/rest-011111/bot""],""single"":[""solutions/game_2/single/rest-111100/top"",""solutions/game_2/single/rest-011111/bot""]}","[1,1,1,1,0,0]","[0,1,1,1,1,1]",0,1,2,3,away_win,away,0,82
882,3,"{""total"":[""solutions/game_3/total/rest-110001/top"",""solutions/game_3/total/rest-100000/bot""],""single"":[""solutions/game_3/single/rest-110001/top"",""solutions/game_3/single/rest-100000/bot""]}","[1,1,0,0,0,1]","[1,0,0,0,0,0]",0,2,13,8,home_win,home,0,92
882,4,"{""total"":[""solutions/game_4/total/rest-001011/top"",""solutions/game_4/total/rest-101111/bot""],""single"":[""solutions/game_4/single/rest-001011/top"",""solutions/game_4/single/rest-101111/bot""]}","[0,0,1,0,1,1]","[1,0,1,1,1,1]",1,2,0,8,away_win,away,0,36
882,5,"{""total"":[""solutions/game_5/single/rest-101011/top"",""solutions/game_5/single/rest-111111/bot""],""single"":[""solutions/game_5/single/rest-101011/top"",""solutions/game_5/single/rest-111111/bot""]}","[1,0,1,0,1,1]","[1,1,1,1,1,1]",1,3,6,4,home_win,home,1,86
883,1,"{""total"":[""solutions/game_1/total/rest-111111/top"",""solutions/game_1/total/rest-111111/bot""],""single"":[""solutions/game_1/single/rest-111111/top"",""solutions/game_1/single/rest-111111/bot""]}","[1,1,1,1,1,1]","[1,1,1,1,1,1]",0,0,1,9,away_win,away,0,69
883,2,"{""total"":[""solutions/game_2/total/rest-111101/top"",""solutions/game_2/total/rest-101111/bot""],""single"":[""solutions/game_2/single/rest-111101/top"",""solutions/game_2/single/rest-101111/bot""]}","[1,1,1,1,0,1]","[1,0,1,1,1,1]",0,1,3,2,home_win,home,0,80
883,3,"{""total"":[""solutions/game_3/total/rest-011111/top"",""solutions/game_3/total/rest-110011/bot""],""single"":[""solutions/game_3/single/rest-011111/top"",""solutions/game_3/single/rest-110011/bot""]}","[0,1,1,1,1,1]","[1,1,0,0,1,1]",1,1,8,0,home_win,home,0,35
883,4,"{""total"":[""solutions/game_4/total/rest-011111/top"",""solutions/game_4/total/rest-111111/bot""],""single"":[""solutions/game_4/single/rest-011111/top"",""solutions/game_4/single/rest-111111/bot""]}","[0,1,1,1,1,1]","[1,1,1,1,1,1]",2,1,6,5,home_win,home,0,81
883,5,"{""total"":[""solutions/game_5/single/rest-110111/top"",""solutions/game_5/single/rest-101010/bot""],""single"":[""solutions/game_5/single/rest-110111/top"",""solutions/game_5/single/rest-101010/bot""]}","[1,1,0,1,1,1]","[1,0,1,0,1,0]",3,1,5,6,away_win,away,1,97
884,1,"{""total"":[""solutions/game_1/total/rest-111111/top"",""solutions/game_1/total/rest-111111/bot""],""single"":[""solutions/game_1/single/rest-111111/top"",""solutions/game_1/single/rest-111111/bot""]}","[1,1,1,1,1,1]","[1,1,1,1,1,1]",0,0,0,8,away_win,away,0,43
884,2,"{""total"":[""solutions/game_2/total/rest-111111/top"",""solutions/game_2/total/rest-111111/bot""],""single"":[""solutions/game_2/single/rest-111111/top"",""solutions/game_2/single/rest-111111/bot""]}","[1,1,1,1,1,1]","[1,1,1,1,1,1]",0,1,2,6,away_win,away,0,90
884,3,"{""total"":[""solutions/game_3/total/rest-111110/top"",""solutions/game_3/total/rest-001010/bot""],""single"":[""solutions/game_3/single/rest-111110/top"",""solutions/game_3/single/rest-001010/bot""]}","[1,1,1,1,1,0]","[0,0,1,0,1,0]",0,2,5,4,home_win,home,0,91
884,4,"{""total"":[""solutions/game_4/total/rest-111001/top"",""solutions/game_4/total/rest-110001/bot""],""single"":[""solutions/game_4/single/rest-111001/top"",""solutions/game_4/single/rest-110001/bot""]}","[1,1,1,0,0,1]","[1,1,0,0,0,1]",1,2,11,1,home_win,home,0,36
884,5,"{""total"":[""solutions/game_5/single/rest-111111/top"",""solutions/game_5/single/rest-111111/bot""],""single"":[""solutions/game_5/single/rest-111111/top"",""solutions/game_5/single/rest-111111/bot""]}","[1,1,1,1,1,1]","[1,1,1,1,1,1]",2,2,9,5,home_win,home,0,80
885,1,"{""total"":[""solutions/game_1/total/rest-111111/top"",""solutions/game_1/total/rest-111111/bot""],""single"":[""solutions/game_1/single/rest-111111/top"",""solutions/game_1/single/rest-111111/bot""]}","[1,1,1,1,1,1]","[1,1,1,1,1,1]",0,0,3,5,away_win,away,0,86
885,2,"{""total"":[""solutions/game_2/total/rest-010101/top"",""solutions/game_2/total/rest-011010/bot""],""single"":[""solutions/game_2/single/rest-010101/top"",""solutions/game_2/single/rest-011010/bot""]}","[0,1,0,1,0,1]","[0,1,1,0,1,0]",0,1,4,2,home_win,home,0,80
885,3,"{""total"":[""solutions/game_3/total/rest-101011/top"",""solutions/game_3/total/rest-101101/bot""],""single"":[""solutions/game_3/single/rest-101011/top"",""solutions/game_3/single/rest-101101/bot""]}","[1,0,1,0,1,1]","[1,0,1,1,0,1]",1,1,8,2,home_win,home,0,73
885,4,"{""total"":[""solutions/game_4/total/rest-111110/top"",""solutions/game_4/total/rest-011010/bot""],""single"":[""solutions/game_4/single/rest-111110/top"",""solutions/game_4/single/rest-011010/bot""]}","[1,1,1,1,1,0]","[0,1,1,0,1,0]",2,1,3,4,away_win,away,0,81
885,5,"{""total"":[""solutions/game_5/single/rest-010111/top"",""solutions/game_5/single/rest-101101/bot""],""single"":[""solutions/game_5/single/rest-010111/top"",""solutions/game_5/single/rest-101101/bot""]}","[0,1,0,1,1,1]","[1,0,1,1,0,1]",2,2,8,6,home_win,home,0,95
886,1,"{""total"":[""solutions/game_1/total/rest-111111/top"",""solutions/game_1/total/rest-111111/bot""],""single"":[""solutions/game_1/single/rest-111111/top"",""solutions/game_1/single/rest-111111/bot""]}","[1,1,1,1,1,1]","[1,1,1,1,1,1]",0,0,7,6,home_win,home,0,87
886,2,"{""total"":[""solutions/game_2/total/rest-011001/top"",""solutions/game_2/total/rest-001111/bot""],""single"":[""solutions/game_2/single/rest-011001/top"",""solutions/game_2/single/rest-001111/bot""]}","[0,1,1,0,0,1]","[0,0,1,1,1,1]",1,0,0,8,away_win,away,0,48
886,3,"{""total"":[""solutions/game_3/total/rest-111111/top"",""solutions/game_3/total/rest-111111/bot""],""single"":[""solutions/game_3/single/rest-111111/top"",""solutions/game_3/single/rest-111111/bot""]}","[1,1,1,1,1,1]","[1,1,1,1,1,1]",1,1,5,7,away_win,away,0,84
886,4,"{""total"":[""solutions/game_4/total/rest-111001/top"",""solutions/game_4/total/rest-011111/bot""],""single"":[""solutions/game_4/single/rest-111001/top"",""solutions/game_4/single/rest-011111/bot""]}","[1,1,1,0,0,1]","[0,1,1,1,1,1]",1,2,3,2,home_win,home,0,86
886,5,"{""total"":[""solutions/game_5/single/rest-011101/top"",""solutions/game_5/single/rest-100110/bot""],""single"":[""solutions/game_5/single/rest-011101/top"",""solutions/game_5/single/rest-100110/bot""]}","[0,1,1,1,0,1]","[1,0,0,1,1,0]",2,2,6,3,home_win,home,0,79
887,1,"{""total"":[""solutions/game_1/total/rest-111111/top"",""solutions/game_1/total/rest-111111/bot""],""single"":[""solutions/game_1/single/rest-111111/top"",""solutions/game_1/single/rest-111111/bot""]}","[1,1,1,1,1,1]","[1,1,1,1,1,1]",0,0,2,1,home_win,home,0,73
887,2,"{""total"":[""solutions/game_2/total/rest-110001/top"",""solutions/game_2/total/rest-011011/bot""],""single"":[""solutions/game_2/single/rest-110001/top"",""solutions/game_2/single/rest-011011/bot""]}","[1,1,0,0,0,1]","[0,1,1,0,1,1]",1,0,0,5,away_win,away,0,80
887,3,"{""total"":[""solutions/game_3/total/rest-110110/top"",""solutions/game_3/total/rest-101100/bot""],""single"":[""solutions/game_3/single/rest-110110/top"",""solutions/game_3/single/rest-101100/bot""]}","[1,1,0,1,1,0]","[1,0,1,1,0,0]",1,1,4,3,home_win,home,0,81
887,4,"{""total"":[""solutions/game_4/total/rest-111001/top"",""solutions/game_4/total/rest-010010/bot""],""single"":[""solutions/game_4/single/rest-111001/top"",""solutions/game_4/single/rest-010010/bot""]}","[1,1,1,0,0,1]","[0,1,0,0,1,0]",2,1,3,1,home_win,home,0,73
887,5,"{""total"":[""solutions/game_5/single/rest-010111/top"",""solutions/game_5/single/rest-101101/bot""],""single"":[""solutions/game_5/single/rest-010111/top"",""solutions/game_5/single/rest-101101/bot""]}","[0,1,0,1,1,1]","[1,0,1,1,0,1]",3,1,9,1,home_win,home,1,31
888,1,"{""total"":[""solutions/game_1/total/rest-111111/top"",""solutions/game_1/total/rest-111111/bot""],""single"":[""solutions/game_1/single/rest-111111/top"",""solutions/game_1/single/rest-111111/bot""]}","[1,1,1,1,1,1]","[1,1,1,1,1,1]",0,0,1,4,away_win,away,0,79
888,2,"{""total"":[""solutions/game_2/total/rest-101011/top"",""solutions/game_2/total/rest-001010/bot""],""single"":[""solutions/game_2/single/rest-101011/top"",""solutions/game_2/single/rest-001010/bot""]}","[1,0,1,0,1,1]","[0,0,1,0,1,0]",0,1,1,9,away_win,away,0,38
888,3,"{""total"":[""solutions/game_3/total/rest-111011/top"",""solutions/game_3/total/rest-111111/bot""],""single"":[""solutions/game_3/single/rest-111011/top"",""solutions/game_3/single/rest-111111/bot""]}","[1,1,1,0,1,1]","[1,1,1,1,1,1]",0,2,2,9,away_win,away,0,77
888,4,"{""total"":[""solutions/game_4/total/rest-111010/top"",""solutions/game_4/total/rest-101011/bot""],""single"":[""solutions/game_4/single/rest-111010/top"",""solutions/game_4/single/rest-101011/bot""]}","[1,1,1,0,1,0]","[1,0,1,0,1,1]",0,3,6,8,away_win,away,1,91
888,5,"{""total"":[""solutions/game_5/single/rest-101111/top"",""solutions/game_5/single/rest-011110/bot""],""single"":[""solutions/game_5/single/rest-101111/top"",""solutions/game_5/single/rest-011110/bot""]}","[1,0,1,1,1,1]","[0,1,1,1,1,0]",0,4,12,4,home_win,home,1,79
889,1,"{""total"":[""solutions/game_1/total/rest-111111/top"",""solutions/game_1/total/rest-111111/bot""],""single"":[""solutions/game_1/single/rest-111111/top"",""solutions/game_1/single/rest-111111/bot""]}","[1,1,1,1,1,1]","[1,1,1,1,1,1]",0,0,0,3,away_win,away,0,75
889,2,"{""total"":[""solutions/game_2/total/rest-110011/top"",""solutions/game_2/total/rest-011011/bot""],""single"":[""solutions/game_2/single/rest-110011/top"",""solutions/game_2/single/rest-011011/bot""]}","[1,1,0,0,1,1]","[0,1,1,0,1,1]",0,1,1,3,away_win,away,0,78
889,3,"{""total"":[""solutions/game_3/total/rest-011001/top"",""solutions/game_3/total/rest-100110/bot""],""single"":[""solutions/game_3/single/rest-011001/top"",""solutions/game_3/single/rest-100110/bot""]}","[0,1,1,0,0,1]","[1,0,0,1,1,0]",0,2,2,3,away_win,away,0,79
889,4,"{""total"":[""solutions/game_4/total/rest-110010/top"",""solutions/game_4/total/rest-011011/bot""],""single"":[""solutions/game_4/single/rest-110010/top"",""solutions/game_4/single/rest-011011/bot""]}","[1,1,0,0,1,0]","[0,1,1,0,1,1]",0,3,10,3,home_win,home,1,86
889,5,"{""total"":[""solutions/game_5/single/rest-011111/top"",""solutions/game_5/single/rest-100111/bot""],""single"":[""solutions/game_5/single/rest-011111/top"",""solutions/game_5/single/rest-100111/bot""]}","[0,1,1,1,1,1]","[1,0,0,1,1,1]",1,3,1,2,away_win,away,1,78
890,1,"{""total"":[""solutions/game_1/total/rest-111111/top"",""solutions/game_1/total/rest-111111/bot""],""single"":[""solutions/game_1/single/rest-111111/top"",""solutions/game_1/single/rest-111111/bot""]}","[1,1,1,1,1,1]","[1,1,1,1,1,1]",0,0,0,4,away_win,away,0,75
890,2,"{""total"":[""solutions/game_2/total/rest-111101/top"",""solutions/game_2/total/rest-011011/bot""],""single"":[""solutions/game_2/single/rest-111101/top"",""solutions/game_2/single/rest-011011/bot""]}","[1,1,1,1,0,1]","[0,1,1,0,1,1]",0,1,3,11,away_win,away,0,83
890,3,"{""total"":[""solutions/game_3/total/rest-111110/top"",""solutions/game_3/total/rest-101101/bot""],""single"":[""solutions/game_3/single/rest-111110/top"",""solutions/game_3/single/rest-101101/bot""]}","[1,1,1,1,1,0]","[1,0,1,1,0,1]",0,2,7,5,home_win,home,0,86
890,4,"{""total"":[""solutions/game_4/total/rest-110011/top"",""solutions/game_4/total/rest-000110/bot""],""single"":[""solutions/game_4/single/rest-110011/top"",""solutions/game_4/single/rest-000110/bot""]}","[1,1,0,0,1,1]","[0,0,0,1,1,0]",1,2,9,1,home_win,home,0,85
890,5,"{""total"":[""solutions/game_5/single/rest-101111/top"",""solutions/game_5/single/rest-111001/bot""],""single"":[""solutions/game_5/single/rest-101111/top"",""solutions/game_5/single/rest-111001/bot""]}","[1,0,1,1,1,1]","[1,1,1,0,0,1]",2,2,9,1,home_win,home,0,52
891,1,"{""total"":[""solutions/game_1/total/rest-111111/top"",""solutions/game_1/total/rest-111111/bot""],""single"":[""solutions/game_1/single/rest-111111/top"",""solutions/game_1/single/rest-111111/bot""]}","[1,1,1,1,1,1]","[1,1,1,1,1,1]",0,0,8,0,home_win,home,0,45
891,2,"{""total"":[""solutions/game_2/total/rest-111111/top"",""solutions/game_2/total/rest-011111/bot""],""single"":[""solutions/game_2/single/rest-111111/top"",""solutions/game_2/single/rest-011111/bot""]}","[1,1,1,1,1,1]","[0,1,1,1,1,1]",1,0,9,0,home_win,home,0,58
891,3,"{""total"":[""solutions/game_3/total/rest-111111/top"",""solutions/game_3/total/rest-111010/bot""],""single"":[""solutions/game_3/single/rest-111111/top"",""solutions/game_3/single/rest-111010/bot""]}","[1,1,1,1,1,1]","[1,1,1,0,1,0]",2,0,6,8,away_win,away,0,99
891,4,"{""total"":[""solutions/game_4/total/rest-010001/top"",""solutions/game_4/total/rest-100101/bot""],""single"":[""solutions/game_4/single/rest-010001/top"",""solutions/game_4/single/rest-100101/bot""]}","[0,1,0,0,0,1]","[1,0,0,1,0,1]",2,1,1,9,away_win,away,0,57
891,5,"{""total"":[""solutions/game_5/single/rest-111111/top"",""solutions/game_5/single/rest-111111/bot""],""single"":[""solutions/game_5/single/rest-111111/top"",""solutions/game_5/single/rest-111111/bot""]}","[1,1,1,1,1,1]","[1,1,1,1,1,1]",2,2,4,5,away_win,away,0,82
892,1,"{""total"":[""solutions/game_1/total/rest-111111/top"",""solutions/game_1/total/rest-111111/bot""],""single"":[""solutions/game_1/single/rest-111111/top"",""solutions/game_1/single/rest-111111/bot""]}","[1,1,1,1,1,1]","[1,1,1,1,1,1]",0,0,3,4,away_win,away,0,80
892,2,"{""total"":[""solutions/game_2/total/rest-001111/top"",""solutions/game_2/total/rest-101010/bot""],""single"":[""solutions/game_2/single/rest-001111/top"",""solutions/game_2/single/rest-101010/bot""]}","[0,0,1,1,1,1]","[1,0,1,0,1,0]",0,1,4,0,home_win,home,0,81
892,3,"{""total"":[""solutions/game_3/total/rest-111010/top"",""solutions/game_3/total/rest-011101/bot""],""single"":[""solutions/game_3/single/rest-111010/top"",""solutions/game_3/single/rest-011101/bot""]}","[1,1,1,0,1,0]","[0,1,1,1,0,1]",1,1,4,12,away_win,away,0,59
892,4,"{""total"":[""solutions/game_4/total/rest-101111/top"",""solutions/game_4/total/rest-111111/bot""],""single"":[""solutions/game_4/single/rest-101111/top"",""solutions/game_4/single/rest-111111/bot""]}","[1,0,1,1,1,1]","[1,1,1,1,1,1]",1,2,2,3,away_win,away,0,76
892,5,"{""total"":[""solutions/game_5/single/rest-110001/top"",""solutions/game_5/single/rest-011010/bot""],""single"":[""solutions/game_5/single/rest-110001/top"",""solutions/game_5/single/rest-011010/bot""]}","[1,1,0,0,0,1]","[0,1,1,0,1,0]",1,3,3,0,home_win,home,1,71
893,1,"{""total"":[""solutions/game_1/total/rest-111111/top"",""solutions/game_1/total/rest-111111/bot""],""single"":[""solutions/game_1/single/rest-111111/top"",""solutions/game_1/single/rest-111111/bot""]}","[1,1,1,1,1,1]","[1,1,1,1,1,1]",0,0,0,1,away_win,away,0,77
893,2,"{""total"":[""solutions/game_2/total/rest-111101/top"",""solutions/game_2/total/rest-001010/bot""],""single"":[""solutions/game_2/single/rest-111101/top"",""solutions/game_2/single/rest-001010/bot""]}","[1,1,1,1,0,1]","[0,0,1,0,1,0]",0,1,3,0,home_win,home,0,71
893,3,"{""total"":[""solutions/game_3/total/rest-111111/top"",""solutions/game_3/total/rest-111011/bot""],""single"":[""solutions/game_3/single/rest-111111/top"",""solutions/game_3/single/rest-111011/bot""]}","[1,1,1,1,1,1]","[1,1,1,0,1,1]",1,1,9,8,home_win,home,0,90
893,4,"{""total"":[""solutions/game_4/total/rest-110101/top"",""solutions/game_4/total/rest-001110/bot""],""single"":[""solutions/game_4/single/rest-110101/top"",""solutions/game_4/single/rest-001110/bot""]}","[1,1,0,1,0,1]","[0,0,1,1,1,0]",2,1,7,4,home_win,home,0,79
893,5,"{""total"":[""solutions/game_5/single/rest-111010/top"",""solutions/game_5/single/rest-111001/bot""],""single"":[""solutions/game_5/single/rest-111010/top"",""solutions/game_5/single/rest-111001/bot""]}","[1,1,1,0,1,0]","[1,1,1,0,0,1]",3,1,4,5,away_win,away,1,88
894,1,"{""total"":[""solutions/game_1/total/rest-111111/top"",""solutions/game_1/total/rest-111111/bot""],""single"":[""solutions/game_1/single/rest-111111/top"",""solutions/game_1/single/rest-111111/bot""]}","[1,1,1,1,1,1]","[1,1,1,1,1,1]",0,0,10,3,home_win,home,0,89
894,2,"{""total"":[""solutions/game_2/total/rest-111101/top"",""solutions/game_2/total/rest-000110/bot""],""single"":[""solutions/game_2/single/rest-111101/top"",""solutions/game_2/single/rest-000110/bot""]}","[1,1,1,1,0,1]","[0,0,0,1,1,0]",1,0,4,7,away_win,away,0,93
894,3,"{""total"":[""solutions/game_3/total/rest-011010/top"",""solutions/game_3/total/rest-111001/bot""],""single"":[""solutions/game_3/single/rest-011010/top"",""solutions/game_3/single/rest-111001/bot""]}","[0,1,1,0,1,0]","[1,1,1,0,0,1]",1,1,0,5,away_win,away,0,75
894,4,"{""total"":[""solutions/game_4/total/rest-000111/top"",""solutions/game_4/total/rest-011100/bot""],""single"":[""solutions/game_4/single/rest-000111/top"",""solutions/game_4/single/rest-011100/bot""]}","[0,0,0,1,1,1]","[0,1,1,1,0,0]",1,2,3,1,home_win,home,0,77
894,5,"{""total"":[""solutions/game_5/single/rest-111000/top"",""solutions/game_5/single/rest-110111/bot""],""single"":[""solutions/game_5/single/rest-111000/top"",""solutions/game_5/single/rest-110111/bot""]}","[1,1,1,0,0,0]","[1,1,0,1,1,1]",2,2,6,10,away_win,away,0,94
895,1,"{""total"":[""solutions/game_1/total/rest-111111/top"",""solutions/game_1/total/rest-111111/bot""],""single"":[""solutions/game_1/single/rest-111111/top"",""solutions/game_1/single/rest-111111/bot""]}","[1,1,1,1,1,1]","[1,1,1,1,1,1]",0,0,3,8,away_win,away,0,85
895,2,"{""total"":[""solutions/game_2/total/rest-011110/top"",""solutions/game_2/total/rest-111010/bot""],""single"":[""solutions/game_2/single/rest-011110/top"",""solutions/game_2/single/rest-111010/bot""]}","[0,1,1,1,1,0]","[1,1,1,0,1,0]",0,1,7,4,home_win,home,0,78
895,3,"{""total"":[""solutions/game_3/total/rest-111011/top"",""solutions/game_3/total/rest-000111/bot""],""single"":[""solutions/game_3/single/rest-111011/top"",""solutions/game_3/single/rest-000111/bot""]}","[1,1,1,0,1,1]","[0,0,0,1,1,1]",1,1,4,2,home_win,home,0,78
895,4,"{""total"":[""solutions/game_4/total/rest-110110/top"",""solutions/game_4/total/rest-101101/bot""],""single"":[""solutions/game_4/single/rest-110110/top"",""solutions/game_4/single/rest-101101/bot""]}","[1,1,0,1,1,0]","[1,0,1,1,0,1]",2,1,3,5,away_win,away,0,85
895,5,"{""total"":[""solutions/game_5/single/rest-001111/top"",""solutions/game_5/single/rest-010111/bot""],""single"":[""solutions/game_5/single/rest-001111/top"",""solutions/game_5/single/rest-010111/bot""]}","[0,0,1,1,1,1]","[0,1,0,1,1,1]",2,2,7,2,home_win,home,0,78
896,1,"{""total"":[""solutions/game_1/total/rest-111111/top"",""solutions/game_1/total/rest-111111/bot""],""single"":[""solutions/game_1/single/rest-111111/top"",""solutions/game_1/single/rest-111111/bot""]}","[1,1,1,1,1,1]","[1,1,1,1,1,1]",0,0,4,2,home_win,home,0,68
896,2,"{""total"":[""solutions/game_2/total/rest-110011/top"",""solutions/game_2/total/rest-101011/bot""],""single"":[""solutions/game_2/single/rest-110011/top"",""solutions/game_2/single/rest-101011/bot""]}","[1,1,0,0,1,1]","[1,0,1,0,1,1]",1,0,2,7,away_win,away,0,83
896,3,"{""total"":[""solutions/game_3/total/rest-101111/top"",""solutions/game_3/total/rest-011100/bot""],""single"":[""solutions/game_3/single/rest-101111/top"",""solutions/game_3/single/rest-011100/bot""]}","[1,0,1,1,1,1]","[0,1,1,1,0,0]",1,1,1,0,home_win,home,0,65
896,4,"{""total"":[""solutions/game_4/total/rest-110001/top"",""solutions/game_4/total/rest-111011/bot""],""single"":[""solutions/game_4/single/rest-110001/top"",""solutions/game_4/single/rest-111011/bot""]}","[1,1,0,0,0,1]","[1,1,1,0,1,1]",2,1,7,1,home_win,home,0,77
896,5,"{""total"":[""solutions/game_5/single/rest-011111/top"",""solutions/game_5/single/rest-100110/bot""],""single"":[""solutions/game_5/single/rest-011111/top"",""solutions/game_5/single/rest-100110/bot""]}","[0,1,1,1,1,1]","[1,0,0,1,1,0]",3,1,9,7,home_win,home,1,92
