sequence,game,policies,home_initial_rest,away_initial_rest,home_wins_before,away_wins_before,home_score,away_score,terminal_result,winner,post_clinch,decisions
55425,1,"{""series"":[""solutions/game_1/series/rest-111111/top"",""solutions/game_1/series/rest-111111/bot""],""single"":[""solutions/game_1/single/rest-111111/top"",""solutions/game_1/single/rest-111111/bot""]}","[1,1,1,1,1,1]","[1,1,1,1,1,1]",0,0,3,2,home_win,home,0,77
55425,2,"{""series"":[""solutions/game_2/series/home_wins_1/rest-110101/top"",""solutions/game_2/series/home_wins_1/rest-011011/bot""],""single"":[""solutions/game_2/single/rest-110101/top"",""solutions/game_2/single/rest-011011/bot""]}","[1,1,0,1,0,1]","[0,1,1,0,1,1]",1,0,0,4,away_win,away,0,79
55425,3,"{""series"":[""solutions/game_3/series/home_wins_1/rest-101100/top"",""solutions/game_3/series/home_wins_1/rest-101100/bot""],""single"":[""solutions/game_3/single/rest-101100/top"",""solutions/game_3/single/rest-101100/bot""]}","[1,0,1,1,0,0]","[1,0,1,1,0,0]",1,1,6,5,home_win,home,0,92
55425,4,"{""series"":[""solutions/game_4/series/home_wins_2/rest-010111/top"",""solutions/game_4/series/home_wins_2/rest-010011/bot""],""single"":[""solutions/game_4/single/rest-010111/top"",""solutions/game_4/single/rest-010011/bot""]}","[0,1,0,1,1,1]","[0,1,0,0,1,1]",2,1,0,8,away_win,away,0,28
55425,5,"{""series"":[""solutions/game_5/single/rest-111111/top"",""solutions/game_5/single/rest-111011/bot""],""single"":[""solutions/game_5/single/rest-111111/top"",""solutions/game_5/single/rest-111011/bot""]}","[1,1,1,1,1,1]","[1,1,1,0,1,1]",2,2,5,9,away_win,away,0,95
55426,1,"{""series"":[""solutions/game_1/series/rest-111111/top"",""solutions/game_1/series/rest-111111/bot""],""single"":[""solutions/game_1/single/rest-111111/top"",""solutions/game_1/single/rest-111111/bot""]}","[1,1,1,1,1,1]","[1,1,1,1,1,1]",0,0,5,4,home_win,home,0,78
55426,2,"{""series"":[""solutions/game_2/series/home_wins_1/rest-010011/top"",""solutions/game_2/series/home_wins_1/rest-111010/bot""],""single"":[""solutions/game_2/single/rest-010011/top"",""solutions/game_2/single/rest-111010/bot""]}","[0,1,0,0,1,1]","[1,1,1,0,1,0]",1,0,9,13,away_win,away,0,96
55426,3,"{""series"":[""solutions/game_3/series/home_wins_1/rest-101110/top"",""solutions/game_3/series/home_wins_1/rest-101111/bot""],""single"":[""solutions/game_3/single/rest-101110/top"",""solutions/game_3/single/rest-101111/bot""]}","[1,0,1,1,1,0]","[1,0,1,1,1,1]",1,1,5,2,home_win,home,0,84
55426,4,"{""series"":[""solutions/game_4/series/home_wins_2/rest-001011/top"",""solutions/game_4/series/home_wins_2/rest-010111/bot""],""single"":[""solutions/game_4/single/rest-001011/top"",""solutions/game_4/single/rest-010111/bot""]}","[0,0,1,0,1,1]","[0,1,0,1,1,1]",2,1,5,3,home_win,home,0,79
55426,5,"{""series"":[""solutions/game_5/single/rest-010100/top"",""solutions/game_5/single/rest-101010/bot""],""single"":[""solutions/game_5/single/rest-010100/top"",""solutions/game_5/single/rest-101010/bot""]}","[0,1,0,1,0,0]","[1,0,1,0,1,0]",3,1,6,2,home_win,home,1,89
55427,1,"{""series"":[""solutions/game_1/series/rest-111111/top"",""solutions/game_1/series/rest-111111/bot""],""single"":[""solutions/game_1/single/rest-111111/top"",""solutions/game_1/single/rest-111111/bot""]}","[1,1,1,1,1,1]","[1,1,1,1,1,1]",0,0,3,11,away_win,away,0,79
55427,2,"{""series"":[""solutions/game_2/series/home_wins_0/rest-111111/top"",""solutions/game_2/series/home_wins_0/rest-001111/bot""],""single"":[""solutions/game_2/single/rest-111111/top"",""solutions/game_2/single/rest-001111/bot""]}","[1,1,1,1,1,1]","[0,0,1,1,1,1]",0,1,2,3,away_win,away,0,77
55427,3,"{""series"":[""solutions/game_3/series/home_wins_0/rest-111111/top"",""solutions/game_3/series/home_wins_0/rest-011000/bot""],""single"":[""solutions/game_3/single/rest-111111/top"",""solutions/game_3/single/rest-011000/bot""]}","[1,1,1,1,1,1]","[0,1,1,0,0,0]",0,2,8,1,home_win,home,0,74
55427,4,"{""series"":[""solutions/game_4/series/home_wins_1/rest-111110/top"",""solutions/game_4/series/home_wins_1/rest-100111/bot""],""single"":[""solutions/game_4/single/rest-111110/top"",""solutions/game_4/single/rest-100111/bot""]}","[1,1,1,1,1,0]","[1,0,0,1,1,1]",1,2,1,7,away_win,away,0,81
55427,5,"{""series"":[""solutions/game_5/single/rest-110011/top"",""solutions/game_5/single/rest-110000/bot""],""single"":[""solutions/game_5/single/rest-110011/top"",""solutions/game_5/single/rest-110000/bot""]}","[1,1,0,0,1,1]","[1,1,0,0,0,0]",1,3,5,4,home_win,home,1,85
55428,1,"{""series"":[""solutions/game_1/series/rest-111111/top"",""solutions/game_1/series/rest-111111/bot""],""single"":[""solutions/game_1/single/rest-111111/top"",""solutions/game_1/single/rest-111111/bot""]}","[1,1,1,1,1,1]","[1,1,1,1,1,1]",0,0,1,5,away_win,away,0,76
55428,2,"{""series"":[""solutions/game_2/series/home_wins_0/rest-111110/top"",""solutions/game_2/series/home_wins_0/rest-101111/bot""],""single"":[""solutions/game_2/single/rest-111110/top"",""solutions/game_2/single/rest-101111/bot""]}","[1,1,1,1,1,0]","[1,0,1,1,1,1]",0,1,1,10,away_win,away,0,64
55428,3,"{""series"":[""solutions/game_3/series/home_wins_0/rest-111110/top"",""solutions/game_3/series/home_wins_0/rest-011111/bot""],""single"":[""solutions/game_3/single/rest-111110/top"",""solutions/game_3/single/rest-011111/bot""]}","[1,1,1,1,1,0]","[0,1,1,1,1,1]",0,2,1,9,away_win,away,0,42
55428,4,"{""series"":[""solutions/game_4/single/rest-111111/top"",""solutions/game_4/single/rest-111111/bot""],""single"":[""solutions/game_4/single/rest-111111/top"",""solutions/game_4/single/rest-111111/bot""]}","[1,1,1,1,1,1]","[1,1,1,1,1,1]",0,3,3,6,away_win,away,1,84
55428,5,"{""series"":[""solutions/game_5/single/rest-010101/top"",""solutions/game_5/single/rest-101011/bot""],""single"":[""solutions/game_5/single/rest-010101/top"",""solutions/game_5/single/rest-101011/bot""]}","[0,1,0,1,0,1]","[1,0,1,0,1,1]",0,4,0,1,away_win,away,1,74
55429,1,"{""series"":[""solutions/game_1/series/rest-111111/top"",""solutions/game_1/series/rest-111111/bot""],""single"":[""solutions/game_1/single/rest-111111/top"",""solutions/game_1/single/rest-111111/bot""]}","[1,1,1,1,1,1]","[1,1,1,1,1,1]",0,0,10,2,home_win,home,0,75
55429,2,"{""series"":[""solutions/game_2/series/home_wins_1/rest-111010/top"",""solutions/game_2/series/home_wins_1/rest-101011/bot""],""single"":[""solutions/game_2/single/rest-111010/top"",""solutions/game_2/single/rest-101011/bot""]}","[1,1,1,0,1,0]","[1,0,1,0,1,1]",1,0,11,2,home_win,home,0,82
55429,3,"{""series"":[""solutions/game_3/series/home_wins_2/rest-101110/top"",""solutions/game_3/series/home_wins_2/rest-010111/bot""],""single"":[""solutions/game_3/single/rest-101110/top"",""solutions/game_3/single/rest-010111/bot""]}","[1,0,1,1,1,0]","[0,1,0,1,1,1]",2,0,3,9,away_win,away,0,83
55429,4,"{""series"":[""solutions/game_4/series/home_wins_2/rest-101111/top"",""solutions/game_4/series/home_wins_2/rest-101011/bot""],""single"":[""solutions/game_4/single/rest-101111/top"",""solutions/game_4/single/rest-101011/bot""]}","[1,0,1,1,1,1]","[1,0,1,0,1,1]",2,1,3,4,away_win,away,0,82
55429,5,"{""series"":[""solutions/game_5/single/rest-101110/top"",""solutions/game_5/single/rest-010101/bot""],""single"":[""solutions/game_5/single/rest-101110/top"",""solutions/game_5/single/rest-010101/bot""]}","[1,0,1,1,1,0]","[0,1,0,1,0,1]",2,2,4,3,home_win,home,0,80
55430,1,"{""series"":[""solutions/game_1/series/rest-111111/top"",""solutions/game_1/series/rest-111111/bot""],""single"":[""solutions/game_1/single/rest-111111/top"",""solutions/game_1/single/rest-111111/bot""]}","[1,1,1,1,1,1]","[1,1,1,1,1,1]",0,0,4,4,tie,away,0,88
55430,2,"{""series"":[""solutions/game_2/series/home_wins_0/rest-111001/top"",""solutions/game_2/series/home_wins_0/rest-000110/bot""],""single"":[""solutions/game_2/single/rest-111001/top"",""solutions/game_2/single/rest-000110/bot""]}","[1,1,1,0,0,1]","[0,0,0,1,1,0]",0,1,2,11,away_win,away,0,82
55430,3,"{""series"":[""solutions/game_3/series/home_wins_0/rest-101110/top"",""solutions/game_3/series/home_wins_0/rest-111011/bot""],""single"":[""solutions/game_3/single/rest-101110/top"",""solutions/game_3/single/rest-111011/bot""]}","[1,0,1,1,1,0]","[1,1,1,0,1,1]",0,2,5,2,home_win,home,0,75
55430,4,"{""series"":[""solutions/game_4/series/home_wins_1/rest-011001/top"",""solutions/game_4/series/home_wins_1/rest-001111/bot""],""single"":[""solutions/game_4/single/rest-011001/top"",""solutions/game_4/single/rest-001111/bot""]}","[0,1,1,0,0,1]","[0,0,1,1,1,1]",1,2,4,8,away_win,away,0,86
55430,5,"{""series"":[""solutions/game_5/single/rest-101110/top"",""solutions/game_5/single/rest-111000/bot""],""single"":[""solutions/game_5/single/rest-101110/top"",""solutions/game_5/single/rest-111000/bot""]}","[1,0,1,1,1,0]","[1,1,1,0,0,0]",1,3,3,4,away_win,away,1,82
55431,1,"{""series"":[""solutions/game_1/series/rest-111111/top"",""solutions/game_1/series/rest-111111/bot""],""single"":[""solutions/game_1/single/rest-111111/top"",""solutions/game_1/single/rest-111111/bot""]}","[1,1,1,1,1,1]","[1,1,1,1,1,1]",0,0,8,2,home_win,home,0,78
55431,2,"{""series"":[""solutions/game_2/series/home_wins_1/rest-111101/top"",""solutions/game_2/series/home_wins_1/rest-001011/bot""],""single"":[""solutions/game_2/single/rest-111101/top"",""solutions/game_2/single/rest-001011/bot""]}","[1,1,1,1,0,1]","[0,0,1,0,1,1]",1,0,3,3,tie,home,0,91
55431,3,"{""series"":[""solutions/game_3/series/home_wins_2/rest-010111/top"",""solutions/game_3/series/home_wins_2/rest-110100/bot""],""single"":[""solutions/game_3/single/rest-010111/top"",""solutions/game_3/single/rest-110100/bot""]}","[0,1,0,1,1,1]","[1,1,0,1,0,0]",2,0,3,11,away_win,away,0,80
55431,4,"{""series"":[""solutions/game_4/series/home_wins_2/rest-101111/top"",""solutions/game_4/series/home_wins_2/rest-011011/bot""],""single"":[""solutions/game_4/single/rest-101111/top"",""solutions/game_4/single/rest-011011/bot""]}","[1,0,1,1,1,1]","[0,1,1,0,1,1]",2,1,5,3,home_win,home,0,77
55431,5,"{""series"":[""solutions/game_5/single/rest-010011/top"",""solutions/game_5/single/rest-100110/bot""],""single"":[""solutions/game_5/single/rest-010011/top"",""solutions/game_5/single/rest-100110/bot""]}","[0,1,0,0,1,1]","[1,0,0,1,1,0]",3,1,9,7,home_win,home,1,84
55432,1,"{""series"":[""solutions/game_1/series/rest-111111/top"",""solutions/game_1/series/rest-111111/bot""],""single"":[""solutions/game_1/single/rest-111111/top"",""solutions/game_1/single/rest-111111/bot""]}","[1,1,1,1,1,1]","[1,1,1,1,1,1]",0,0,8,7,home_win,home,0,86
55432,2,"{""series"":[""solutions/game_2/series/home_wins_1/rest-110011/top"",""solutions/game_2/series/home_wins_1/rest-001010/bot""],""single"":[""solutions/game_2/single/rest-110011/top"",""solutions/game_2/single/rest-001010/bot""]}","[1,1,0,0,1,1]","[0,0,1,0,1,0]",1,0,2,7,away_win,away,0,87
55432,3,"{""series"":[""solutions/game_3/series/home_wins_1/rest-011111/top"",""solutions/game_3/series/home_wins_1/rest-110101/bot""],""single"":[""solutions/game_3/single/rest-011111/top"",""solutions/game_3/single/rest-110101/bot""]}","[0,1,1,1,1,1]","[1,1,0,1,0,1]",1,1,8,0,home_win,home,0,19
55432,4,"{""series"":[""solutions/game_4/series/home_wins_2/rest-111111/top"",""solutions/game_4/series/home_wins_2/rest-111111/bot""],""single"":[""solutions/game_4/single/rest-111111/top"",""solutions/game_4/single/rest-111111/bot""]}","[1,1,1,1,1,1]","[1,1,1,1,1,1]",2,1,2,11,away_win,away,0,71
55432,5,"{""series"":[""solutions/game_5/single/rest-101111/top"",""solutions/game_5/single/rest-011111/bot""],""single"":[""solutions/game_5/single/rest-101111/top"",""solutions/game_5/single/rest-011111/bot""]}","[1,0,1,1,1,1]","[0,1,1,1,1,1]",2,2,0,3,away_win,away,0,77
55433,1,"{""series"":[""solutions/game_1/series/rest-111111/top"",""solutions/game_1/series/rest-111111/bot""],""single"":[""solutions/game_1/single/rest-111111/top"",""solutions/game_1/single/rest-111111/bot""]}","[1,1,1,1,1,1]","[1,1,1,1,1,1]",0,0,1,4,away_win,away,0,76
55433,2,"{""series"":[""solutions/game_2/series/home_wins_0/rest-110001/top"",""solutions/game_2/series/home_wins_0/rest-011010/bot""],""single"":[""solutions/game_2/single/rest-110001/top"",""solutions/game_2/single/rest-011010/bot""]}","[1,1,0,0,0,1]","[0,1,1,0,1,0]",0,1,2,4,away_win,away,0,74
55433,3,"{""series"":[""solutions/game_3/series/home_wins_0/rest-011110/top"",""solutions/game_3/series/home_wins_0/rest-100101/bot""],""single"":[""solutions/game_3/single/rest-011110/top"",""solutions/game_3/single/rest-100101/bot""]}","[0,1,1,1,1,0]","[1,0,0,1,0,1]",0,2,7,8,away_win,away,0,91
55433,4,"{""series"":[""solutions/game_4/single/rest-101011/top"",""solutions/game_4/single/rest-011011/bot""],""single"":[""solutions/game_4/single/rest-101011/top"",""solutions/game_4/single/rest-011011/bot""]}","[1,0,1,0,1,1]","[0,1,1,0,1,1]",0,3,5,4,home_win,home,1,80
55433,5,"{""series"":[""solutions/game_5/single/rest-010101/top"",""solutions/game_5/single/rest-100110/bot""],""single"":[""solutions/game_5/single/rest-010101/top"",""solutions/game_5/single/rest-100110/bot""]}","[0,1,0,1,0,1]","[1,0,0,1,1,0]",1,3,8,0,home_win,home,1,31
55434,1,"{""series"":[""solutions/game_1/series/rest-111111/top"",""solutions/game_1/series/rest-111111/bot""],""single"":[""solutions/game_1/single/rest-111111/top"",""solutions/game_1/single/rest-111111/bot""]}","[1,1,1,1,1,1]","[1,1,1,1,1,1]",0,0,1,3,away_win,away,0,79
55434,2,"{""series"":[""solutions/game_2/series/home_wins_0/rest-110101/top"",""solutions/game_2/series/home_wins_0/rest-001010/bot""],""single"":[""solutions/game_2/single/rest-110101/top"",""solutions/game_2/single/rest-001010/bot""]}","[1,1,0,1,0,1]","[0,0,1,0,1,0]",0,1,8,7,home_win,home,0,95
55434,3,"{""series"":[""solutions/game_3/series/home_wins_1/rest-001011/top"",""solutions/game_3/series/home_wins_1/rest-110101/bot""],""single"":[""solutions/game_3/single/rest-001011/top"",""solutions/game_3/single/rest-110101/bot""]}","[0,0,1,0,1,1]","[1,1,0,1,0,1]",1,1,0,8,away_win,away,0,31
55434,4,"{""series"":[""solutions/game_4/series/home_wins_1/rest-111111/top"",""solutions/game_4/series/home_wins_1/rest-111111/bot""],""single"":[""solutions/game_4/single/rest-111111/top"",""solutions/game_4/single/rest-111111/bot""]}","[1,1,1,1,1,1]","[1,1,1,1,1,1]",1,2,0,2,away_win,away,0,68
55434,5,"{""series"":[""solutions/game_5/single/rest-010111/top"",""solutions/game_5/single/rest-001010/bot""],""single"":[""solutions/game_5/single/rest-010111/top"",""solutions/game_5/single/rest-001010/bot""]}","[0,1,0,1,1,1]","[0,0,1,0,1,0]",1,3,5,3,home_win,home,1,71
55435,1,"{""series"":[""solutions/game_1/series/rest-111111/top"",""solutions/game_1/series/rest-111111/bot""],""single"":[""solutions/game_1/single/rest-111111/top"",""solutions/game_1/single/rest-111111/bot""]}","[1,1,1,1,1,1]","[1,1,1,1,1,1]",0,0,6,5,home_win,home,0,85
55435,2,"{""series"":[""solutions/game_2/series/home_wins_1/rest-110011/top"",""solutions/game_2/series/home_wins_1/rest-011110/bot""],""single"":[""solutions/game_2/single/rest-110011/top"",""solutions/game_2/single/rest-011110/bot""]}","[1,1,0,0,1,1]","[0,1,1,1,1,0]",1,0,7,8,away_win,away,0,94
55435,3,"{""series"":[""solutions/game_3/series/home_wins_1/rest-111110/top"",""solutions/game_3/series/home_wins_1/rest-101111/bot""],""single"":[""solutions/game_3/single/rest-111110/top"",""solutions/game_3/single/rest-101111/bot""]}","[1,1,1,1,1,0]","[1,0,1,1,1,1]",1,1,4,1,home_win,home,0,73
55435,4,"{""series"":[""solutions/game_4/series/home_wins_2/rest-111111/top"",""solutions/game_4/series/home_wins_2/rest-011010/bot""],""single"":[""solutions/game_4/single/rest-111111/top"",""solutions/game_4/single/rest-011010/bot""]}","[1,1,1,1,1,1]","[0,1,1,0,1,0]",2,1,4,3,home_win,home,0,80
55435,5,"{""series"":[""solutions/game_5/single/rest-010111/top"",""solutions/game_5/single/rest-100101/bot""],""single"":[""solutions/game_5/single/rest-010111/top"",""solutions/game_5/single/rest-100101/bot""]}","[0,1,0,1,1,1]","[1,0,0,1,0,1]",3,1,2,3,away_win,away,1,72
55436,1,"{""series"":[""solutions/game_1/series/rest-111111/top"",""solutions/game_1/series/rest-111111/bot""],""single"":[""solutions/game_1/single/rest-111111/top"",""solutions/game_1/single/rest-111111/bot""]}","[1,1,1,1,1,1]","[1,1,1,1,1,1]",0,0,1,4,away_win,away,0,80
55436,2,"{""series"":[""solutions/game_2/series/home_wins_0/rest-111100/top"",""solutions/game_2/series/home_wins_0/rest-011010/bot""],""single"":[""solutions/game_2/single/rest-111100/top"",""solutions/game_2/single/rest-011010/bot""]}","[1,1,1,1,0,0]","[0,1,1,0,1,0]",0,1,7,9,away_win,away,0,89
55436,3,"{""series"":[""solutions/game_3/series/home_wins_0/rest-010111/top"",""solutions/game_3/series/home_wins_0/rest-000111/bot""],""single"":[""solutions/game_3/single/rest-010111/top"",""solutions/game_3/single/rest-000111/bot""]}","[0,1,0,1,1,1]","[0,0,0,1,1,1]",0,2,5,4,home_win,home,0,82
55436,4,"{""series"":[""solutions/game_4/series/home_wins_1/rest-101000/top"",""solutions/game_4/series/home_wins_1/rest-111011/bot""],""single"":[""solutions/game_4/single/rest-101000/top"",""solutions/game_4/single/rest-111011/bot""]}","[1,0,1,0,0,0]","[1,1,1,0,1,1]",1,2,4,8,away_win,away,0,90
55436,5,"{""series"":[""solutions/game_5/single/rest-010011/top"",""solutions/game_5/single/rest-100110/bot""],""single"":[""solutions/game_5/single/rest-010011/top"",""solutions/game_5/single/rest-100110/bot""]}","[0,1,0,0,1,1]","[1,0,0,1,1,0]",1,3,1,10,away_win,away,1,73
55437,1,"{""series"":[""solutions/game_1/series/rest-111111/top"",""solutions/game_1/series/rest-111111/bot""],""single"":[""solutions/game_1/single/rest-111111/top"",""solutions/game_1/single/rest-111111/bot""]}","[1,1,1,1,1,1]","[1,1,1,1,1,1]",0,0,0,5,away_win,away,0,81
55437,2,"{""series"":[""solutions/game_2/series/home_wins_0/rest-111111/top"",""solutions/game_2/series/home_wins_0/rest-011011/bot""],""single"":[""solutions/game_2/single/rest-111111/top"",""solutions/game_2/single/rest-011011/bot""]}","[1,1,1,1,1,1]","[0,1,1,0,1,1]",0,1,9,7,home_win,home,0,86
55437,3,"{""series"":[""solutions/game_3/series/home_wins_1/rest-011111/top"",""solutions/game_3/series/home_wins_1/rest-111111/bot""],""single"":[""solutions/game_3/single/rest-011111/top"",""solutions/game_3/single/rest-111111/bot""]}","[0,1,1,1,1,1]","[1,1,1,1,1,1]",1,1,6,2,home_win,home,0,72
55437,4,"{""series"":[""solutions/game_4/series/home_wins_2/rest-111010/top"",""solutions/game_4/series/home_wins_2/rest-001111/bot""],""single"":[""solutions/game_4/single/rest-111010/top"",""solutions/game_4/single/rest-001111/bot""]}","[1,1,1,0,1,0]","[0,0,1,1,1,1]",2,1,9,1,home_win,home,0,66
55437,5,"{""series"":[""solutions/game_5/single/rest-010111/top"",""solutions/game_5/single/rest-110011/bot""],""single"":[""solutions/game_5/single/rest-010111/top"",""solutions/game_5/single/rest-110011/bot""]}","[0,1,0,1,1,1]","[1,1,0,0,1,1]",3,1,12,3,home_win,home,1,57
55438,1,"{""series"":[""solutions/game_1/series/rest-111111/top"",""solutions/game_1/series/rest-111111/bot""],""single"":[""solutions/game_1/single/rest-111111/top"",""solutions/game_1/single/rest-111111/bot""]}","[1,1,1,1,1,1]","[1,1,1,1,1,1]",0,0,4,0,home_win,home,0,73
55438,2,"{""series"":[""solutions/game_2/series/home_wins_1/rest-111100/top"",""solutions/game_2/series/home_wins_1/rest-001010/bot""],""single"":[""solutions/game_2/single/rest-111100/top"",""solutions/game_2/single/rest-001010/bot""]}","[1,1,1,1,0,0]","[0,0,1,0,1,0]",1,0,10,0,home_win,home,0,64
55438,3,"{""series"":[""solutions/game_3/series/home_wins_2/rest-111011/top"",""solutions/game_3/series/home_wins_2/rest-010111/bot""],""single"":[""solutions/game_3/single/rest-111011/top"",""solutions/game_3/single/rest-010111/bot""]}","[1,1,1,0,1,1]","[0,1,0,1,1,1]",2,0,6,5,home_win,home,0,77
55438,4,"{""series"":[""solutions/game_4/single/rest-011101/top"",""solutions/game_4/single/rest-111110/bot""],""single"":[""solutions/game_4/single/rest-011101/top"",""solutions/game_4/single/rest-111110/bot""]}","[0,1,1,1,0,1]","[1,1,1,1,1,0]",3,0,4,2,home_win,home,1,73
55438,5,"{""series"":[""solutions/game_5/single/rest-111011/top"",""solutions/game_5/single/rest-001111/bot""],""single"":[""solutions/game_5/single/rest-111011/top"",""solutions/game_5/single/rest-001111/bot""]}","[1,1,1,0,1,1]","[0,0,1,1,1,1]",4,0,1,6,away_win,away,1,82
55439,1,"{""series"":[""solutions/game_1/series/rest-111111/top"",""solutions/game_1/series/rest-111111/bot""],""single"":[""solutions/game_1/single/rest-111111/top"",""solutions/game_1/single/rest-111111/bot""]}","[1,1,1,1,1,1]","[1,1,1,1,1,1]",0,0,2,2,tie,away,0,86
55439,2,"{""series"":[""solutions/game_2/series/home_wins_0/rest-011101/top"",""solutions/game_2/series/home_wins_0/rest-101000/bot""],""single"":[""solutions/game_2/single/rest-011101/top"",""solutions/game_2/single/rest-101000/bot""]}","[0,1,1,1,0,1]","[1,0,1,0,0,0]",0,1,10,9,home_win,home,0,94
55439,3,"{""series"":[""solutions/game_3/series/home_wins_1/rest-100110/top"",""solutions/game_3/series/home_wins_1/rest-010111/bot""],""single"":[""solutions/game_3/single/rest-100110/top"",""solutions/game_3/single/rest-010111/bot""]}","[1,0,0,1,1,0]","[0,1,0,1,1,1]",1,1,6,3,home_win,home,0,80
55439,4,"{""series"":[""solutions/game_4/series/home_wins_2/rest-011001/top"",""solutions/game_4/series/home_wins_2/rest-111110/bot""],""single"":[""solutions/game_4/single/rest-011001/top"",""solutions/game_4/single/rest-111110/bot""]}","[0,1,1,0,0,1]","[1,1,1,1,1,0]",2,1,3,7,away_win,away,0,90
55439,5,"{""series"":[""solutions/game_5/single/rest-110110/top"",""solutions/game_5/single/rest-111011/bot""],""single"":[""solutions/game_5/single/rest-110110/top"",""solutions/game_5/single/rest-111011/bot""]}","[1,1,0,1,1,0]","[1,1,1,0,1,1]",2,2,3,2,home_win,home,0,73
55440,1,"{""series"":[""solutions/game_1/series/rest-111111/top"",""solutions/game_1/series/rest-111111/bot""],""single"":[""solutions/game_1/single/rest-111111/top"",""solutions/game_1/single/rest-111111/bot""]}","[1,1,1,1,1,1]","[1,1,1,1,1,1]",0,0,3,2,home_win,home,0,93
55440,2,"{""series"":[""solutions/game_2/series/home_wins_1/rest-110101/top"",""solutions/game_2/series/home_wins_1/rest-010010/bot""],""single"":[""solutions/game_2/single/rest-110101/top"",""solutions/game_2/single/rest-010010/bot""]}","[1,1,0,1,0,1]","[0,1,0,0,1,0]",1,0,4,12,away_win,away,0,85
55440,3,"{""series"":[""solutions/game_3/series/home_wins_1/rest-111010/top"",""solutions/game_3/series/home_wins_1/rest-111101/bot""],""single"":[""solutions/game_3/single/rest-111010/top"",""solutions/game_3/single/rest-111101/bot""]}","[1,1,1,0,1,0]","[1,1,1,1,0,1]",1,1,4,2,home_win,home,0,74
55440,4,"{""series"":[""solutions/game_4/series/home_wins_2/rest-110101/top"",""solutions/game_4/series/home_wins_2/rest-001110/bot""],""single"":[""solutions/game_4/single/rest-110101/top"",""solutions/game_4/single/rest-001110/bot""]}","[1,1,0,1,0,1]","[0,0,1,1,1,0]",2,1,4,5,away_win,away,0,93
55440,5,"{""series"":[""solutions/game_5/single/rest-101111/top"",""solutions/game_5/single/rest-110111/bot""],""single"":[""solutions/game_5/single/rest-101111/top"",""solutions/game_5/single/rest-110111/bot""]}","[1,0,1,1,1,1]","[1,1,0,1,1,1]",2,2,5,8,away_win,away,0,91
55441,1,"{""series"":[""solutions/game_1/series/rest-111111/top"",""solutions/game_1/series/rest-111111/bot""],""single"":[""solutions/game_1/single/rest-111111/top"",""solutions/game_1/single/rest-111111/bot""]}","[1,1,1,1,1,1]","[1,1,1,1,1,1]",0,0,1,9,away_win,away,0,62
55441,2,"{""series"":[""solutions/game_2/series/home_wins_0/rest-111110/top"",""solutions/game_2/series/home_wins_0/rest-111111/bot""],""single"":[""solutions/game_2/single/rest-111110/top"",""solutions/game_2/single/rest-111111/bot""]}","[1,1,1,1,1,0]","[1,1,1,1,1,1]",0,1,6,1,home_win,home,0,78
55441,3,"{""series"":[""solutions/game_3/series/home_wins_1/rest-001101/top"",""solutions/game_3/series/home_wins_1/rest-001011/bot""],""single"":[""solutions/game_3/single/rest-001101/top"",""solutions/game_3/single/rest-001011/bot""]}","[0,0,1,1,0,1]","[0,0,1,0,1,1]",1,1,0,8,away_win,away,0,40
55441,4,"{""series"":[""solutions/game_4/series/home_wins_1/rest-001111/top"",""solutions/game_4/series/home_wins_1/rest-111111/bot""],""single"":[""solutions/game_4/single/rest-001111/top"",""solutions/game_4/single/rest-111111/bot""]}","[0,0,1,1,1,1]","[1,1,1,1,1,1]",1,2,3,4,away_win,away,0,82
55441,5,"{""series"":[""solutions/game_5/single/rest-110001/top"",""solutions/game_5/single/rest-001010/bot""],""single"":[""solutions/game_5/single/rest-110001/top"",""solutions/game_5/single/rest-001010/bot""]}","[1,1,0,0,0,1]","[0,0,1,0,1,0]",1,3,4,3,home_win,home,1,77
55442,1,"{""series"":[""solutions/game_1/series/rest-111111/top"",""solutions/game_1/series/rest-111111/bot""],""single"":[""solutions/game_1/single/rest-111111/top"",""solutions/game_1/single/rest-111111/bot""]}","[1,1,1,1,1,1]","[1,1,1,1,1,1]",0,0,3,2,home_win,home,0,72
55442,2,"{""series"":[""solutions/game_2/series/home_wins_1/rest-110001/top"",""solutions/game_2/series/home_wins_1/rest-001111/bot""],""single"":[""solutions/game_2/single/rest-110001/top"",""solutions/game_2/single/rest-001111/bot""]}","[1,1,0,0,0,1]","[0,0,1,1,1,1]",1,0,10,2,home_win,home,0,83
55442,3,"{""series"":[""solutions/game_3/series/home_wins_2/rest-100111/top"",""solutions/game_3/series/home_wins_2/rest-111110/bot""],""single"":[""solutions/game_3/single/rest-100111/top"",""solutions/game_3/single/rest-111110/bot""]}","[1,0,0,1,1,1]","[1,1,1,1,1,0]",2,0,0,8,away_win,away,0,58
55442,4,"{""series"":[""solutions/game_4/series/home_wins_2/rest-011111/top"",""solutions/game_4/series/home_wins_2/rest-111110/bot""],""single"":[""solutions/game_4/single/rest-011111/top"",""solutions/game_4/single/rest-111110/bot""]}","[0,1,1,1,1,1]","[1,1,1,1,1,0]",2,1,3,4,away_win,away,0,84
55442,5,"{""series"":[""solutions/game_5/single/rest-101111/top"",""solutions/game_5/single/rest-010111/bot""],""single"":[""solutions/game_5/single/rest-101111/top"",""solutions/game_5/single/rest-010111/bot""]}","[1,0,1,1,1,1]","[0,1,0,1,1,1]",2,2,8,3,home_win,home,0,84
55443,1,"{""series"":[""solutions/game_1/series/rest-111111/top"",""solutions/game_1/series/rest-111111/bot""],""single"":[""solutions/game_1/single/rest-111111/top"",""solutions/game_1/single/rest-111111/bot""]}","[1,1,1,1,1,1]","[1,1,1,1,1,1]",0,0,3,1,home_win,home,0,78
55443,2,"{""series"":[""solutions/game_2/series/home_wins_1/rest-110101/top"",""solutions/game_2/series/home_wins_1/rest-001011/bot""],""single"":[""solutions/game_2/single/rest-110101/top"",""solutions/game_2/single/rest-001011/bot""]}","[1,1,0,1,0,1]","[0,0,1,0,1,1]",1,0,6,4,home_win,home,0,85
55443,3,"{""series"":[""solutions/game_3/series/home_wins_2/rest-011000/top"",""solutions/game_3/series/home_wins_2/rest-010110/bot""],""single"":[""solutions/game_3/single/rest-011000/top"",""solutions/game_3/single/rest-010110/bot""]}","[0,1,1,0,0,0]","[0,1,0,1,1,0]",2,0,5,4,home_win,home,0,89
55443,4,"{""series"":[""solutions/game_4/single/rest-101111/top"",""solutions/game_4/single/rest-101011/bot""],""single"":[""solutions/game_4/single/rest-101111/top"",""solutions/game_4/single/rest-101011/bot""]}","[1,0,1,1,1,1]","[1,0,1,0,1,1]",3,0,3,6,away_win,away,1,84
55443,5,"{""series"":[""solutions/game_5/single/rest-010110/top"",""solutions/game_5/single/rest-010110/bot""],""single"":[""solutions/game_5/single/rest-010110/top"",""solutions/game_5/single/rest-010110/bot""]}","[0,1,0,1,1,0]","[0,1,0,1,1,0]",3,1,1,10,away_win,away,1,62
55444,1,"{""series"":[""solutions/game_1/series/rest-111111/top"",""solutions/game_1/series/rest-111111/bot""],""single"":[""solutions/game_1/single/rest-111111/top"",""solutions/game_1/single/rest-111111/bot""]}","[1,1,1,1,1,1]","[1,1,1,1,1,1]",0,0,1,2,away_win,away,0,76
55444,2,"{""series"":[""solutions/game_2/series/home_wins_0/rest-110101/top"",""solutions/game_2/series/home_wins_0/rest-001010/bot""],""single"":[""solutions/game_2/single/rest-110101/top"",""solutions/game_2/single/rest-001010/bot""]}","[1,1,0,1,0,1]","[0,0,1,0,1,0]",0,1,8,0,home_win,home,0,37
55444,3,"{""series"":[""solutions/game_3/series/home_wins_1/rest-111111/top"",""solutions/game_3/series/home_wins_1/rest-111111/bot""],""single"":[""solutions/game_3/single/rest-111111/top"",""solutions/game_3/single/rest-111111/bot""]}","[1,1,1,1,1,1]","[1,1,1,1,1,1]",1,1,3,6,away_win,away,0,84
55444,4,"{""series"":[""solutions/game_4/series/home_wins_1/rest-011001/top"",""solutions/game_4/series/home_wins_1/rest-011011/bot""],""single"":[""solutions/game_4/single/rest-011001/top"",""solutions/game_4/single/rest-011011/bot""]}","[0,1,1,0,0,1]","[0,1,1,0,1,1]",1,2,5,13,away_win,away,0,81
55444,5,"{""series"":[""solutions/game_5/single/rest-111110/top"",""solutions/game_5/single/rest-110111/bot""],""single"":[""solutions/game_5/single/rest-111110/top"",""solutions/game_5/single/rest-110111/bot""]}","[1,1,1,1,1,0]","[1,1,0,1,1,1]",1,3,5,6,away_win,away,1,89
55445,1,"{""series"":[""solutions/game_1/series/rest-111111/top"",""solutions/game_1/series/rest-111111/bot""],""single"":[""solutions/game_1/single/rest-111111/top"",""solutions/game_1/single/rest-111111/bot""]}","[1,1,1,1,1,1]","[1,1,1,1,1,1]",0,0,0,8,away_win,away,0,45
55445,2,"{""series"":[""solutions/game_2/series/home_wins_0/rest-011111/top"",""solutions/game_2/series/home_wins_0/rest-111111/bot""],""single"":[""solutions/game_2/single/rest-011111/top"",""solutions/game_2/single/rest-111111/bot""]}","[0,1,1,1,1,1]","[1,1,1,1,1,1]",0,1,0,9,away_win,away,0,53
55445,3,"{""series"":[""solutions/game_3/series/home_wins_0/rest-111101/top"",""solutions/game_3/series/home_wins_0/rest-111111/bot""],""single"":[""solutions/game_3/single/rest-111101/top"",""solutions/game_3/single/rest-111111/bot""]}","[1,1,1,1,0,1]","[1,1,1,1,1,1]",0,2,4,3,home_win,home,0,79
55445,4,"{""series"":[""solutions/game_4/series/home_wins_1/rest-010001/top"",""solutions/game_4/series/home_wins_1/rest-001111/bot""],""single"":[""solutions/game_4/single/rest-010001/top"",""solutions/game_4/single/rest-001111/bot""]}","[0,1,0,0,0,1]","[0,0,1,1,1,1]",1,2,8,5,home_win,home,0,84
55445,5,"{""series"":[""solutions/game_5/single/rest-100110/top"",""solutions/game_5/single/rest-011010/bot""],""single"":[""solutions/game_5/single/rest-100110/top"",""solutions/game_5/single/rest-011010/bot""]}","[1,0,0,1,1,0]","[0,1,1,0,1,0]",2,2,5,1,home_win,home,0,74
55446,1,"{""series"":[""solutions/game_1/series/rest-111111/top"",""solutions/game_1/series/rest-111111/bot""],""single"":[""solutions/game_1/single/rest-111111/top"",""solutions/game_1/single/rest-111111/bot""]}","[1,1,1,1,1,1]","[1,1,1,1,1,1]",0,0,4,6,away_win,away,0,85
55446,2,"{""series"":[""solutions/game_2/series/home_wins_0/rest-101011/top"",""solutions/game_2/series/home_wins_0/rest-011111/bot""],""single"":[""solutions/game_2/single/rest-101011/top"",""solutions/game_2/single/rest-011111/bot""]}","[1,0,1,0,1,1]","[0,1,1,1,1,1]",0,1,6,3,home_win,home,0,79
55446,3,"{""series"":[""solutions/game_3/series/home_wins_1/rest-011001/top"",""solutions/game_3/series/home_wins_1/rest-110111/bot""],""single"":[""solutions/game_3/single/rest-011001/top"",""solutions/game_3/single/rest-110111/bot""]}","[0,1,1,0,0,1]","[1,1,0,1,1,1]",1,1,7,6,home_win,home,0,88
55446,4,"{""series"":[""solutions/game_4/series/home_wins_2/rest-100110/top"",""solutions/game_4/series/home_wins_2/rest-011111/bot""],""single"":[""solutions/game_4/single/rest-100110/top"",""solutions/game_4/single/rest-011111/bot""]}","[1,0,0,1,1,0]","[0,1,1,1,1,1]",2,1,2,8,away_win,away,0,82
55446,5,"{""series"":[""solutions/game_5/single/rest-111101/top"",""solutions/game_5/single/rest-111010/bot""],""single"":[""solutions/game_5/single/rest-111101/top"",""solutions/game_5/single/rest-111010/bot""]}","[1,1,1,1,0,1]","[1,1,1,0,1,0]",2,2,10,2,home_win,home,0,76
55447,1,"{""series"":[""solutions/game_1/series/rest-111111/top"",""solutions/game_1/series/rest-111111/bot""],""single"":[""solutions/game_1/single/rest-111111/top"",""solutions/game_1/single/rest-111111/bot""]}","[1,1,1,1,1,1]","[1,1,1,1,1,1]",0,0,2,7,away_win,away,0,79
55447,2,"{""series"":[""solutions/game_2/series/home_wins_0/rest-111110/top"",""solutions/game_2/series/home_wins_0/rest-101011/bot""],""single"":[""solutions/game_2/single/rest-111110/top"",""solutions/game_2/single/rest-101011/bot""]}","[1,1,1,1,1,0]","[1,0,1,0,1,1]",0,1,10,4,home_win,home,0,92
55447,3,"{""series"":[""solutions/game_3/series/home_wins_1/rest-011011/top"",""solutions/game_3/series/home_wins_1/rest-011100/bot""],""single"":[""solutions/game_3/single/rest-011011/top"",""solutions/game_3/single/rest-011100/bot""]}","[0,1,1,0,1,1]","[0,1,1,1,0,0]",1,1,0,8,away_win,away,0,60
55447,4,"{""series"":[""solutions/game_4/series/home_wins_1/rest-111011/top"",""solutions/game_4/series/home_wins_1/rest-101111/bot""],""single"":[""solutions/game_4/single/rest-111011/top"",""solutions/game_4/single/rest-101111/bot""]}","[1,1,1,0,1,1]","[1,0,1,1,1,1]",1,2,1,6,away_win,away,0,86
55447,5,"{""series"":[""solutions/game_5/single/rest-110110/top"",""solutions/game_5/single/rest-001010/bot""],""single"":[""solutions/game_5/single/rest-110110/top"",""solutions/game_5/single/rest-001010/bot""]}","[1,1,0,1,1,0]","[0,0,1,0,1,0]",1,3,1,0,home_win,home,1,72
55448,1,"{""series"":[""solutions/game_1/series/rest-111111/top"",""solutions/game_1/series/rest-111111/bot""],""single"":[""solutions/game_1/single/rest-111111/top"",""solutions/game_1/single/rest-111111/bot""]}","[1,1,1,1,1,1]","[1,1,1,1,1,1]",0,0,1,4,away_win,away,0,85
55448,2,"{""series"":[""solutions/game_2/series/home_wins_0/rest-101110/top"",""solutions/game_2/series/home_wins_0/rest-011110/bot""],""single"":[""solutions/game_2/single/rest-101110/top"",""solutions/game_2/single/rest-011110/bot""]}","[1,0,1,1,1,0]","[0,1,1,1,1,0]",0,1,1,3,away_win,away,0,75
55448,3,"{""series"":[""solutions/game_3/series/home_wins_0/rest-111011/top"",""solutions/game_3/series/home_wins_0/rest-101110/bot""],""single"":[""solutions/game_3/single/rest-111011/top"",""solutions/game_3/single/rest-101110/bot""]}","[1,1,1,0,1,1]","[1,0,1,1,1,0]",0,2,7,5,home_win,home,0,82
55448,4,"{""series"":[""solutions/game_4/series/home_wins_1/rest-110001/top"",""solutions/game_4/series/home_wins_1/rest-100011/bot""],""single"":[""solutions/game_4/single/rest-110001/top"",""solutions/game_4/single/rest-100011/bot""]}","[1,1,0,0,0,1]","[1,0,0,0,1,1]",1,2,5,3,home_win,home,0,81
55448,5,"{""series"":[""solutions/game_5/single/rest-101010/top"",""solutions/game_5/single/rest-011110/bot""],""single"":[""solutions/game_5/single/rest-101010/top"",""solutions/game_5/single/rest-011110/bot""]}","[1,0,1,0,1,0]","[0,1,1,1,1,0]",2,2,2,4,away_win,away,0,88
55449,1,"{""series"":[""solutions/game_1/series/rest-111111/top"",""solutions/game_1/series/rest-111111/bot""],""single"":[""solutions/game_1/single/rest-111111/top"",""solutions/game_1/single/rest-111111/bot""]}","[1,1,1,1,1,1]","[1,1,1,1,1,1]",0,0,3,4,away_win,away,0,81
55449,2,"{""series"":[""solutions/game_2/series/home_wins_0/rest-111011/top"",""solutions/game_2/series/home_wins_0/rest-000010/bot""],""single"":[""solutions/game_2/single/rest-111011/top"",""solutions/game_2/single/rest-000010/bot""]}","[1,1,1,0,1,1]","[0,0,0,0,1,0]",0,1,13,11,home_win,home,0,99
55449,3,"{""series"":[""solutions/game_3/series/home_wins_1/rest-011100/top"",""solutions/game_3/series/home_wins_1/rest-111100/bot""],""single"":[""solutions/game_3/single/rest-011100/top"",""solutions/game_3/single/rest-111100/bot""]}","[0,1,1,1,0,0]","[1,1,1,1,0,0]",1,1,5,3,home_win,home,0,74
55449,4,"{""series"":[""solutions/game_4/series/home_wins_2/rest-110110/top"",""solutions/game_4/series/home_wins_2/rest-110011/bot""],""single"":[""solutions/game_4/single/rest-110110/top"",""solutions/game_4/single/rest-110011/bot""]}","[1,1,0,1,1,0]","[1,1,0,0,1,1]",2,1,5,1,home_win,home,0,76
55449,5,"{""series"":[""solutions/game_5/single/rest-111011/top"",""solutions/game_5/single/rest-001110/bot""],""single"":[""solutions/game_5/single/rest-111011/top"",""solutions/game_5/single/rest-001110/bot""]}","[1,1,1,0,1,1]","[0,0,1,1,1,0]",3,1,8,3,home_win,home,1,78
55450,1,"{""series"":[""solutions/game_1/series/rest-111111/top"",""solutions/game_1/series/rest-111111/bot""],""single"":[""solutions/game_1/single/rest-111111/top"",""solutions/game_1/single/rest-111111/bot""]}","[1,1,1,1,1,1]","[1,1,1,1,1,1]",0,0,0,1,away_win,away,0,74
55450,2,"{""series"":[""solutions/game_2/series/home_wins_0/rest-111011/top"",""solutions/game_2/series/home_wins_0/rest-010111/bot""],""single"":[""solutions/game_2/single/rest-111011/top"",""solutions/game_2/single/rest-010111/bot""]}","[1,1,1,0,1,1]","[0,1,0,1,1,1]",0,1,6,3,home_win,home,0,84
55450,3,"{""series"":[""solutions/game_3/series/home_wins_1/rest-100100/top"",""solutions/game_3/series/home_wins_1/rest-101011/bot""],""single"":[""solutions/game_3/single/rest-100100/top"",""solutions/game_3/single/rest-101011/bot""]}","[1,0,0,1,0,0]","[1,0,1,0,1,1]",1,1,0,9,away_win,away,0,41
55450,4,"{""series"":[""solutions/game_4/series/home_wins_1/rest-111110/top"",""solutions/game_4/series/home_wins_1/rest-111111/bot""],""single"":[""solutions/game_4/single/rest-111110/top"",""solutions/game_4/single/rest-111111/bot""]}","[1,1,1,1,1,0]","[1,1,1,1,1,1]",1,2,0,3,away_win,away,0,80
55450,5,"{""series"":[""solutions/game_5/single/rest-110011/top"",""solutions/game_5/single/rest-001110/bot""],""single"":[""solutions/game_5/single/rest-110011/top"",""solutions/game_5/single/rest-001110/bot""]}","[1,1,0,0,1,1]","[0,0,1,1,1,0]",1,3,3,4,away_win,away,1,78
55451,1,"{""series"":[""solutions/game_1/series/rest-111111/top"",""solutions/game_1/series/rest-111111/bot""],""single"":[""solutions/game_1/single/rest-111111/top"",""solutions/game_1/single/rest-111111/bot""]}","[1,1,1,1,1,1]","[1,1,1,1,1,1]",0,0,4,1,home_win,home,0,83
55451,2,"{""series"":[""solutions/game_2/series/home_wins_1/rest-110001/top"",""solutions/game_2/series/home_wins_1/rest-001011/bot""],""single"":[""solutions/game_2/single/rest-110001/top"",""solutions/game_2/single/rest-001011/bot""]}","[1,1,0,0,0,1]","[0,0,1,0,1,1]",1,0,5,5,tie,home,0,85
55451,3,"{""series"":[""solutions/game_3/series/home_wins_2/rest-101110/top"",""solutions/game_3/series/home_wins_2/rest-110111/bot""],""single"":[""solutions/game_3/single/rest-101110/top"",""solutions/game_3/single/rest-110111/bot""]}","[1,0,1,1,1,0]","[1,1,0,1,1,1]",2,0,0,8,away_win,away,0,31
55451,4,"{""series"":[""solutions/game_4/series/home_wins_2/rest-111111/top"",""solutions/game_4/series/home_wins_2/rest-111111/bot""],""single"":[""solutions/game_4/single/rest-111111/top"",""solutions/game_4/single/rest-111111/bot""]}","[1,1,1,1,1,1]","[1,1,1,1,1,1]",2,1,4,9,away_win,away,0,91
55451,5,"{""series"":[""solutions/game_5/single/rest-111111/top"",""solutions/game_5/single/rest-001011/bot""],""single"":[""solutions/game_5/single/rest-111111/top"",""solutions/game_5/single/rest-001011/bot""]}","[1,1,1,1,1,1]","[0,0,1,0,1,1]",2,2,4,2,home_win,home,0,81
55452,1,"{""series"":[""solutions/game_1/series/rest-111111/top"",""solutions/game_1/series/rest-111111/bot""],""single"":[""solutions/game_1/single/rest-111111/top"",""solutions/game_1/single/rest-111111/bot""]}","[1,1,1,1,1,1]","[1,1,1,1,1,1]",0,0,7,4,home_win,home,0,86
55452,2,"{""series"":[""solutions/game_2/series/home_wins_1/rest-111101/top"",""solutions/game_2/series/home_wins_1/rest-101010/bot""],""single"":[""solutions/game_2/single/rest-111101/top"",""solutions/game_2/single/rest-101010/bot""]}","[1,1,1,1,0,1]","[1,0,1,0,1,0]",1,0,9,4,home_win,home,0,83
55452,3,"{""series"":[""solutions/game_3/series/home_wins_2/rest-110101/top"",""solutions/game_3/series/home_wins_2/rest-010101/bot""],""single"":[""solutions/game_3/single/rest-110101/top"",""solutions/game_3/single/rest-010101/bot""]}","[1,1,0,1,0,1]","[0,1,0,1,0,1]",2,0,5,6,away_win,away,0,81
55452,4,"{""series"":[""solutions/game_4/series/home_wins_2/rest-111011/top"",""solutions/game_4/series/home_wins_2/rest-110111/bot""],""single"":[""solutions/game_4/single/rest-111011/top"",""solutions/game_4/single/rest-110111/bot""]}","[1,1,1,0,1,1]","[1,1,0,1,1,1]",2,1,0,4,away_win,away,0,78
55452,5,"{""series"":[""solutions/game_5/single/rest-101110/top"",""solutions/game_5/single/rest-010010/bot""],""single"":[""solutions/game_5/single/rest-101110/top"",""solutions/game_5/single/rest-010010/bot""]}","[1,0,1,1,1,0]","[0,1,0,0,1,0]",2,2,15,16,away_win,away,0,123
55453,1,"{""series"":[""solutions/game_1/series/rest-111111/top"",""solutions/game_1/series/rest-111111/bot""],""single"":[""solutions/game_1/single/rest-111111/top"",""solutions/game_1/single/rest-111111/bot""]}","[1,1,1,1,1,1]","[1,1,1,1,1,1]",0,0,9,4,home_win,home,0,78
55453,2,"{""series"":[""solutions/game_2/series/home_wins_1/rest-111010/top"",""solutions/game_2/series/home_wins_1/rest-010011/bot""],""single"":[""solutions/game_2/single/rest-111010/top"",""solutions/game_2/single/rest-010011/bot""]}","[1,1,1,0,1,0]","[0,1,0,0,1,1]",1,0,5,4,home_win,home,0,81
55453,3,"{""series"":[""solutions/game_3/series/home_wins_2/rest-011101/top"",""solutions/game_3/series/home_wins_2/rest-101000/bot""],""single"":[""solutions/game_3/single/rest-011101/top"",""solutions/game_3/single/rest-101000/bot""]}","[0,1,1,1,0,1]","[1,0,1,0,0,0]",2,0,1,3,away_win,away,0,80
55453,4,"{""series"":[""solutions/game_4/series/home_wins_2/rest-001110/top"",""solutions/game_4/series/home_wins_2/rest-010111/bot""],""single"":[""solutions/game_4/single/rest-001110/top"",""solutions/game_4/single/rest-010111/bot""]}","[0,0,1,1,1,0]","[0,1,0,1,1,1]",2,1,7,6,home_win,home,0,98
55453,5,"{""series"":[""solutions/game_5/single/rest-110011/top"",""solutions/game_5/single/rest-111111/bot""],""single"":[""solutions/game_5/single/rest-110011/top"",""solutions/game_5/single/rest-111111/bot""]}","[1,1,0,0,1,1]","[1,1,1,1,1,1]",3,1,8,3,home_win,home,1,83
55454,1,"{""series"":[""solutions/game_1/series/rest-111111/top"",""solutions/game_1/series/rest-111111/bot""],""single"":[""solutions/game_1/single/rest-111111/top"",""solutions/game_1/single/rest-111111/bot""]}","[1,1,1,1,1,1]","[1,1,1,1,1,1]",0,0,1,4,away_win,away,0,77
55454,2,"{""series"":[""solutions/game_2/series/home_wins_0/rest-011001/top"",""solutions/game_2/series/home_wins_0/rest-001011/bot""],""single"":[""solutions/game_2/single/rest-011001/top"",""solutions/game_2/single/rest-001011/bot""]}","[0,1,1,0,0,1]","[0,0,1,0,1,1]",0,1,4,10,away_win,away,0,101
55454,3,"{""series"":[""solutions/game_3/series/home_wins_0/rest-101000/top"",""solutions/game_3/series/home_wins_0/rest-010101/bot""],""single"":[""solutions/game_3/single/rest-101000/top"",""solutions/game_3/single/rest-010101/bot""]}","[1,0,1,0,0,0]","[0,1,0,1,0,1]",0,2,9,3,home_win,home,0,82
55454,4,"{""series"":[""solutions/game_4/series/home_wins_1/rest-111111/top"",""solutions/game_4/series/home_wins_1/rest-111110/bot""],""single"":[""solutions/game_4/single/rest-111111/top"",""solutions/game_4/single/rest-111110/bot""]}","[1,1,1,1,1,1]","[1,1,1,1,1,0]",1,2,2,0,home_win,home,0,70
55454,5,"{""series"":[""solutions/game_5/single/rest-111001/top"",""solutions/game_5/single/rest-101111/bot""],""single"":[""solutions/game_5/single/rest-111001/top"",""solutions/game_5/single/rest-101111/bot""]}","[1,1,1,0,0,1]","[1,0,1,1,1,1]",2,2,7,5,home_win,home,0,81
55455,1,"{""series"":[""solutions/game_1/series/rest-111111/top"",""solutions/game_1/series/rest-111111/bot""],""single"":[""solutions/game_1/single/rest-111111/top"",""solutions/game_1/single/rest-111111/bot""]}","[1,1,1,1,1,1]","[1,1,1,1,1,1]",0,0,0,9,away_win,away,0,73
55455,2,"{""series"":[""solutions/game_2/series/home_wins_0/rest-111101/top"",""solutions/game_2/series/home_wins_0/rest-000111/bot""],""single"":[""solutions/game_2/single/rest-111101/top"",""solutions/game_2/single/rest-000111/bot""]}","[1,1,1,1,0,1]","[0,0,0,1,1,1]",0,1,8,1,home_win,home,0,78
55455,3,"{""series"":[""solutions/game_3/series/home_wins_1/rest-011111/top"",""solutions/game_3/series/home_wins_1/rest-111110/bot""],""single"":[""solutions/game_3/single/rest-011111/top"",""solutions/game_3/single/rest-111110/bot""]}","[0,1,1,1,1,1]","[1,1,1,1,1,0]",1,1,3,5,away_win,away,0,87
55455,4,"{""series"":[""solutions/game_4/series/home_wins_1/rest-110111/top"",""solutions/game_4/series/home_wins_1/rest-000011/bot""],""single"":[""solutions/game_4/single/rest-110111/top"",""solutions/game_4/single/rest-000011/bot""]}","[1,1,0,1,1,1]","[0,0,0,0,1,1]",1,2,3,8,away_win,away,0,87
55455,5,"{""series"":[""solutions/game_5/single/rest-011101/top"",""solutions/game_5/single/rest-111001/bot""],""single"":[""solutions/game_5/single/rest-011101/top"",""solutions/game_5/single/rest-111001/bot""]}","[0,1,1,1,0,1]","[1,1,1,0,0,1]",1,3,8,7,home_win,home,1,85
55456,1,"{""series"":[""solutions/game_1/series/rest-111111/top"",""solutions/game_1/series/rest-111111/bot""],""single"":[""solutions/game_1/single/rest-111111/top"",""solutions/game_1/single/rest-111111/bot""]}","[1,1,1,1,1,1]","[1,1,1,1,1,1]",0,0,0,1,away_win,away,0,69
55456,2,"{""series"":[""solutions/game_2/series/home_wins_0/rest-111111/top"",""solutions/game_2/series/home_wins_0/rest-000011/bot""],""single"":[""solutions/game_2/single/rest-111111/top"",""solutions/game_2/single/rest-000011/bot""]}","[1,1,1,1,1,1]","[0,0,0,0,1,1]",0,1,5,4,home_win,home,0,79
55456,3,"{""series"":[""solutions/game_3/series/home_wins_1/rest-011001/top"",""solutions/game_3/series/home_wins_1/rest-111010/bot""],""single"":[""solutions/game_3/single/rest-011001/top"",""solutions/game_3/single/rest-111010/bot""]}","[0,1,1,0,0,1]","[1,1,1,0,1,0]",1,1,0,8,away_win,away,0,35
55456,4,"{""series"":[""solutions/game_4/series/home_wins_1/rest-011111/top"",""solutions/game_4/series/home_wins_1/rest-111111/bot""],""single"":[""solutions/game_4/single/rest-011111/top"",""solutions/game_4/single/rest-111111/bot""]}","[0,1,1,1,1,1]","[1,1,1,1,1,1]",1,2,0,9,away_win,away,0,69
55456,5,"{""series"":[""solutions/game_5/single/rest-110011/top"",""solutions/game_5/single/rest-011111/bot""],""single"":[""solutions/game_5/single/rest-110011/top"",""solutions/game_5/single/rest-011111/bot""]}","[1,1,0,0,1,1]","[0,1,1,1,1,1]",1,3,7,9,away_win,away,1,95
55457,1,"{""series"":[""solutions/game_1/series/rest-111111/top"",""solutions/game_1/series/rest-111111/bot""],""single"":[""solutions/game_1/single/rest-111111/top"",""solutions/game_1/single/rest-111111/bot""]}","[1,1,1,1,1,1]","[1,1,1,1,1,1]",0,0,5,4,home_win,home,0,80
55457,2,"{""series"":[""solutions/game_2/series/home_wins_1/rest-111111/top"",""solutions/game_2/series/home_wins_1/rest-000011/bot""],""single"":[""solutions/game_2/single/rest-111111/top"",""solutions/game_2/single/rest-000011/bot""]}","[1,1,1,1,1,1]","[0,0,0,0,1,1]",1,0,8,4,home_win,home,0,90
55457,3,"{""series"":[""solutions/game_3/series/home_wins_2/rest-010101/top"",""solutions/game_3/series/home_wins_2/rest-110100/bot""],""single"":[""solutions/game_3/single/rest-010101/top"",""solutions/game_3/single/rest-110100/bot""]}","[0,1,0,1,0,1]","[1,1,0,1,0,0]",2,0,6,4,home_win,home,0,76
55457,4,"{""series"":[""solutions/game_4/single/rest-101010/top"",""solutions/game_4/single/rest-111101/bot""],""single"":[""solutions/game_4/single/rest-101010/top"",""solutions/game_4/single/rest-111101/bot""]}","[1,0,1,0,1,0]","[1,1,1,1,0,1]",3,0,6,5,home_win,home,1,81
55457,5,"{""series"":[""solutions/game_5/single/rest-010101/top"",""solutions/game_5/single/rest-000110/bot""],""single"":[""solutions/game_5/single/rest-010101/top"",""solutions/game_5/single/rest-000110/bot""]}","[0,1,0,1,0,1]","[0,0,0,1,1,0]",4,0,3,7,away_win,away,1,89
55458,1,"{""series"":[""solutions/game_1/series/rest-111111/top"",""solutions/game_1/series/rest-111111/bot""],""single"":[""solutions/game_1/single/rest-111111/top"",""solutions/game_1/single/rest-111111/bot""]}","[1,1,1,1,1,1]","[1,1,1,1,1,1]",0,0,6,5,home_win,home,0,87
55458,2,"{""series"":[""solutions/game_2/series/home_wins_1/rest-111001/top"",""solutions/game_2/series/home_wins_1/rest-001010/bot""],""single"":[""solutions/game_2/single/rest-111001/top"",""solutions/game_2/single/rest-001010/bot""]}","[1,1,1,0,0,1]","[0,0,1,0,1,0]",1,0,2,1,home_win,home,0,71
55458,3,"{""series"":[""solutions/game_3/series/home_wins_2/rest-010111/top"",""solutions/game_3/series/home_wins_2/rest-111110/bot""],""single"":[""solutions/game_3/single/rest-010111/top"",""solutions/game_3/single/rest-111110/bot""]}","[0,1,0,1,1,1]","[1,1,1,1,1,0]",2,0,4,2,home_win,home,0,76
55458,4,"{""series"":[""solutions/game_4/single/rest-111010/top"",""solutions/game_4/single/rest-101011/bot""],""single"":[""solutions/game_4/single/rest-111010/top"",""solutions/game_4/single/rest-101011/bot""]}","[1,1,1,0,1,0]","[1,0,1,0,1,1]",3,0,2,10,away_win,away,1,66
55458,5,"{""series"":[""solutions/game_5/single/rest-001101/top"",""solutions/game_5/single/rest-111011/bot""],""single"":[""solutions/game_5/single/rest-001101/top"",""solutions/game_5/single/rest-111011/bot""]}","[0,0,1,1,0,1]","[1,1,1,0,1,1]",3,1,9,7,home_win,home,1,88
55459,1,"{""series"":[""solutions/game_1/series/rest-111111/top"",""solutions/game_1/series/rest-111111/bot""],""single"":[""solutions/game_1/single/rest-111111/top"",""solutions/game_1/single/rest-111111/bot""]}","[1,1,1,1,1,1]","[1,1,1,1,1,1]",0,0,6,7,away_win,away,0,99
55459,2,"{""series"":[""solutions/game_2/series/home_wins_0/rest-111001/top"",""solutions/game_2/series/home_wins_0/rest-100000/bot""],""single"":[""solutions/game_2/single/rest-111001/top"",""solutions/game_2/single/rest-100000/bot""]}","[1,1,1,0,0,1]","[1,0,0,0,0,0]",0,1,1,5,away_win,away,0,76
55459,3,"{""series"":[""solutions/game_3/series/home_wins_0/rest-100111/top"",""solutions/game_3/series/home_wins_0/rest-011111/bot""],""single"":[""solutions/game_3/single/rest-100111/top"",""solutions/game_3/single/rest-011111/bot""]}","[1,0,0,1,1,1]","[0,1,1,1,1,1]",0,2,1,2,away_win,away,0,68
55459,4,"{""series"":[""solutions/game_4/single/rest-111110/top"",""solutions/game_4/single/rest-111110/bot""],""single"":[""solutions/game_4/single/rest-111110/top"",""solutions/game_4/single/rest-111110/bot""]}","[1,1,1,1,1,0]","[1,1,1,1,1,0]",0,3,3,3,tie,home,1,93
55459,5,"{""series"":[""solutions/game_5/single/rest-010001/top"",""solutions/game_5/single/rest-001001/bot""],""single"":[""solutions/game_5/single/rest-010001/top"",""solutions/game_5/single/rest-001001/bot""]}","[0,1,0,0,0,1]","[0,0,1,0,0,1]",1,3,6,8,away_win,away,1,85
55460,1,"{""series"":[""solutions/game_1/series/rest-111111/top"",""solutions/game_1/series/rest-111111/bot""],""single"":[""solutions/game_1/single/rest-111111/top"",""solutions/game_1/single/rest-111111/bot""]}","[1,1,1,1,1,1]","[1,1,1,1,1,1]",0,0,3,4,away_win,away,0,86
55460,2,"{""series"":[""solutions/game_2/series/home_wins_0/rest-101001/top"",""solutions/game_2/series/home_wins_0/rest-011011/bot""],""single"":[""solutions/game_2/single/rest-101001/top"",""solutions/game_2/single/rest-011011/bot""]}","[1,0,1,0,0,1]","[0,1,1,0,1,1]",0,1,6,0,home_win,home,0,78
55460,3,"{""series"":[""solutions/game_3/series/home_wins_1/rest-111111/top"",""solutions/game_3/series/home_wins_1/rest-101100/bot""],""single"":[""solutions/game_3/single/rest-111111/top"",""solutions/game_3/single/rest-101100/bot""]}","[1,1,1,1,1,1]","[1,0,1,1,0,0]",1,1,8,5,home_win,home,0,86
55460,4,"{""series"":[""solutions/game_4/series/home_wins_2/rest-111100/top"",""solutions/game_4/series/home_wins_2/rest-110011/bot""],""single"":[""solutions/game_4/single/rest-111100/top"",""solutions/game_4/single/rest-110011/bot""]}","[1,1,1,1,0,0]","[1,1,0,0,1,1]",2,1,7,1,home_win,home,0,76
55460,5,"{""series"":[""solutions/game_5/single/rest-010011/top"",""solutions/game_5/single/rest-000111/bot""],""single"":[""solutions/game_5/single/rest-010011/top"",""solutions/game_5/single/rest-000111/bot""]}","[0,1,0,0,1,1]","[0,0,0,1,1,1]",3,1,8,0,home_win,home,1,27
55461,1,"{""series"":[""solutions/game_1/series/rest-111111/top"",""solutions/game_1/series/rest-111111/bot""],""single"":[""solutions/game_1/single/rest-111111/top"",""solutions/game_1/single/rest-111111/bot""]}","[1,1,1,1,1,1]","[1,1,1,1,1,1]",0,0,3,1,home_win,home,0,74
55461,2,"{""series"":[""solutions/game_2/series/home_wins_1/rest-110011/top"",""solutions/game_2/series/home_wins_1/rest-001010/bot""],""single"":[""solutions/game_2/single/rest-110011/top"",""solutions/game_2/single/rest-001010/bot""]}","[1,1,0,0,1,1]","[0,0,1,0,1,0]",1,0,1,3,away_win,away,0,77
55461,3,"{""series"":[""solutions/game_3/series/home_wins_1/rest-101110/top"",""solutions/game_3/series/home_wins_1/rest-110101/bot""],""single"":[""solutions/game_3/single/rest-101110/top"",""solutions/game_3/single/rest-110101/bot""]}","[1,0,1,1,1,0]","[1,1,0,1,0,1]",1,1,0,8,away_win,away,0,27
55461,4,"{""series"":[""solutions/game_4/series/home_wins_1/rest-111111/top"",""solutions/game_4/series/home_wins_1/rest-111111/bot""],""single"":[""solutions/game_4/single/rest-111111/top"",""solutions/game_4/single/rest-111111/bot""]}","[1,1,1,1,1,1]","[1,1,1,1,1,1]",1,2,5,6,away_win,away,0,84
55461,5,"{""series"":[""solutions/game_5/single/rest-111001/top"",""solutions/game_5/single/rest-001001/bot""],""single"":[""solutions/game_5/single/rest-111001/top"",""solutions/game_5/single/rest-001001/bot""]}","[1,1,1,0,0,1]","[0,0,1,0,0,1]",1,3,6,5,home_win,home,1,98
55462,1,"{""series"":[""solutions/game_1/series/rest-111111/top"",""solutions/game_1/series/rest-111111/bot""],""single"":[""solutions/game_1/single/rest-111111/top"",""solutions/game_1/single/rest-111111/bot""]}","[1,1,1,1,1,1]","[1,1,1,1,1,1]",0,0,3,2,home_win,home,0,72
55462,2,"{""series"":[""solutions/game_2/series/home_wins_1/rest-111111/top"",""solutions/game_2/series/home_wins_1/rest-001010/bot""],""single"":[""solutions/game_2/single/rest-111111/top"",""solutions/game_2/single/rest-001010/bot""]}","[1,1,1,1,1,1]","[0,0,1,0,1,0]",1,0,6,5,home_win,home,0,80
55462,3,"{""series"":[""solutions/game_3/series/home_wins_2/rest-011011/top"",""solutions/game_3/series/home_wins_2/rest-111011/bot""],""single"":[""solutions/game_3/single/rest-011011/top"",""solutions/game_3/single/rest-111011/bot""]}","[0,1,1,0,1,1]","[1,1,1,0,1,1]",2,0,3,9,away_win,away,0,85
55462,4,"{""series"":[""solutions/game_4/series/home_wins_2/rest-111010/top"",""solutions/game_4/series/home_wins_2/rest-001101/bot""],""single"":[""solutions/game_4/single/rest-111010/top"",""solutions/game_4/single/rest-001101/bot""]}","[1,1,1,0,1,0]","[0,0,1,1,0,1]",2,1,0,8,away_win,away,0,63
55462,5,"{""series"":[""solutions/game_5/single/rest-111111/top"",""solutions/game_5/single/rest-101111/bot""],""single"":[""solutions/game_5/single/rest-111111/top"",""solutions/game_5/single/rest-101111/bot""]}","[1,1,1,1,1,1]","[1,0,1,1,1,1]",2,2,8,1,home_win,home,0,76
55463,1,"{""series"":[""solutions/game_1/series/rest-111111/top"",""solutions/game_1/series/rest-111111/bot""],""single"":[""solutions/game_1/single/rest-111111/top"",""solutions/game_1/single/rest-111111/bot""]}","[1,1,1,1,1,1]","[1,1,1,1,1,1]",0,0,2,4,away_win,away,0,85
55463,2,"{""series"":[""solutions/game_2/series/home_wins_0/rest-011010/top"",""solutions/game_2/series/home_wins_0/rest-101011/bot""],""single"":[""solutions/game_2/single/rest-011010/top"",""solutions/game_2/single/rest-101011/bot""]}","[0,1,1,0,1,0]","[1,0,1,0,1,1]",0,1,4,1,home_win,home,0,76
55463,3,"{""series"":[""solutions/game_3/series/home_wins_1/rest-111111/top"",""solutions/game_3/series/home_wins_1/rest-011100/bot""],""single"":[""solutions/game_3/single/rest-111111/top"",""solutions/game_3/single/rest-011100/bot""]}","[1,1,1,1,1,1]","[0,1,1,1,0,0]",1,1,4,7,away_win,away,0,78
55463,4,"{""series"":[""solutions/game_4/series/home_wins_1/rest-011110/top"",""solutions/game_4/series/home_wins_1/rest-101011/bot""],""single"":[""solutions/game_4/single/rest-011110/top"",""solutions/game_4/single/rest-101011/bot""]}","[0,1,1,1,1,0]","[1,0,1,0,1,1]",1,2,1,8,away_win,away,0,79
55463,5,"{""series"":[""solutions/game_5/single/rest-110101/top"",""solutions/game_5/single/rest-111111/bot""],""single"":[""solutions/game_5/single/rest-110101/top"",""solutions/game_5/single/rest-111111/bot""]}","[1,1,0,1,0,1]","[1,1,1,1,1,1]",1,3,4,6,away_win,away,1,86
55464,1,"{""series"":[""solutions/game_1/series/rest-111111/top"",""solutions/game_1/series/rest-111111/bot""],""single"":[""solutions/game_1/single/rest-111111/top"",""solutions/game_1/single/rest-111111/bot""]}","[1,1,1,1,1,1]","[1,1,1,1,1,1]",0,0,9,1,home_win,home,0,66
55464,2,"{""series"":[""solutions/game_2/series/home_wins_1/rest-111101/top"",""solutions/game_2/series/home_wins_1/rest-111011/bot""],""single"":[""solutions/game_2/single/rest-111101/top"",""solutions/game_2/single/rest-111011/bot""]}","[1,1,1,1,0,1]","[1,1,1,0,1,1]",1,0,7,2,home_win,home,0,83
55464,3,"{""series"":[""solutions/game_3/series/home_wins_2/rest-111010/top"",""solutions/game_3/series/home_wins_2/rest-000010/bot""],""single"":[""solutions/game_3/single/rest-111010/top"",""solutions/game_3/single/rest-000010/bot""]}","[1,1,1,0,1,0]","[0,0,0,0,1,0]",2,0,8,2,home_win,home,0,81
55464,4,"{""series"":[""solutions/game_4/single/rest-110111/top"",""solutions/game_4/single/rest-111101/bot""],""single"":[""solutions/game_4/single/rest-110111/top"",""solutions/game_4/single/rest-111101/bot""]}","[1,1,0,1,1,1]","[1,1,1,1,0,1]",3,0,6,2,home_win,home,1,75
55464,5,"{""series"":[""solutions/game_5/single/rest-110011/top"",""solutions/game_5/single/rest-011011/bot""],""single"":[""solutions/game_5/single/rest-110011/top"",""solutions/game_5/single/rest-011011/bot""]}","[1,1,0,0,1,1]","[0,1,1,0,1,1]",4,0,9,4,home_win,home,1,83
55465,1,"{""series"":[""solutions/game_1/series/rest-111111/top"",""solutions/game_1/series/rest-111111/bot""],""single"":[""solutions/game_1/single/rest-111111/top"",""solutions/game_1/single/rest-111111/bot""]}","[1,1,1,1,1,1]","[1,1,1,1,1,1]",0,0,6,14,away_win,away,0,99
55465,2,"{""series"":[""solutions/game_2/series/home_wins_0/rest-101101/top"",""solutions/game_2/series/home_wins_0/rest-101001/bot""],""single"":[""solutions/game_2/single/rest-101101/top"",""solutions/game_2/single/rest-101001/bot""]}","[1,0,1,1,0,1]","[1,0,1,0,0,1]",0,1,4,6,away_win,away,0,85
55465,3,"{""series"":[""solutions/game_3/series/home_wins_0/rest-011110/top"",""solutions/game_3/series/home_wins_0/rest-011110/bot""],""single"":[""solutions/game_3/single/rest-011110/top"",""solutions/game_3/single/rest-011110/bot""]}","[0,1,1,1,1,0]","[0,1,1,1,1,0]",0,2,5,1,home_win,home,0,69
55465,4,"{""series"":[""solutions/game_4/series/home_wins_1/rest-111110/top"",""solutions/game_4/series/home_wins_1/rest-110111/bot""],""single"":[""solutions/game_4/single/rest-111110/top"",""solutions/game_4/single/rest-110111/bot""]}","[1,1,1,1,1,0]","[1,1,0,1,1,1]",1,2,9,10,away_win,away,0,100
55465,5,"{""series"":[""solutions/game_5/single/rest-011001/top"",""solutions/game_5/single/rest-001011/bot""],""single"":[""solutions/game_5/single/rest-011001/top"",""solutions/game_5/single/rest-001011/bot""]}","[0,1,1,0,0,1]","[0,0,1,0,1,1]",1,3,9,6,home_win,home,1,90
55466,1,"{""series"":[""solutions/game_1/series/rest-111111/top"",""solutions/game_1/series/rest-111111/bot""],""single"":[""solutions/game_1/single/rest-111111/top"",""solutions/game_1/single/rest-111111/bot""]}","[1,1,1,1,1,1]","[1,1,1,1,1,1]",0,0,4,7,away_win,away,0,95
55466,2,"{""series"":[""solutions/game_2/series/home_wins_0/rest-100111/top"",""solutions/game_2/series/home_wins_0/rest-111111/bot""],""single"":[""solutions/game_2/single/rest-100111/top"",""solutions/game_2/single/rest-111111/bot""]}","[1,0,0,1,1,1]","[1,1,1,1,1,1]",0,1,5,2,home_win,home,0,81
55466,3,"{""series"":[""solutions/game_3/series/home_wins_1/rest-011111/top"",""solutions/game_3/series/home_wins_1/rest-001011/bot""],""single"":[""solutions/game_3/single/rest-011111/top"",""solutions/game_3/single/rest-001011/bot""]}","[0,1,1,1,1,1]","[0,0,1,0,1,1]",1,1,3,4,away_win,away,0,83
55466,4,"{""series"":[""solutions/game_4/series/home_wins_1/rest-111001/top"",""solutions/game_4/series/home_wins_1/rest-110000/bot""],""single"":[""solutions/game_4/single/rest-111001/top"",""solutions/game_4/single/rest-110000/bot""]}","[1,1,1,0,0,1]","[1,1,0,0,0,0]",1,2,2,4,away_win,away,0,76
55466,5,"{""series"":[""solutions/game_5/single/rest-010110/top"",""solutions/game_5/single/rest-101111/bot""],""single"":[""solutions/game_5/single/rest-010110/top"",""solutions/game_5/single/rest-101111/bot""]}","[0,1,0,1,1,0]","[1,0,1,1,1,1]",1,3,1,10,away_win,away,1,74
55467,1,"{""series"":[""solutions/game_1/series/rest-111111/top"",""solutions/game_1/series/rest-111111/bot""],""single"":[""solutions/game_1/single/rest-111111/top"",""solutions/game_1/single/rest-111111/bot""]}","[1,1,1,1,1,1]","[1,1,1,1,1,1]",0,0,10,15,away_win,away,0,99
55467,2,"{""series"":[""solutions/game_2/series/home_wins_0/rest-111101/top"",""solutions/game_2/series/home_wins_0/rest-001000/bot""],""single"":[""solutions/game_2/single/rest-111101/top"",""solutions/game_2/single/rest-001000/bot""]}","[1,1,1,1,0,1]","[0,0,1,0,0,0]",0,1,1,9,away_win,away,0,72
55467,3,"{""series"":[""solutions/game_3/series/home_wins_0/rest-101011/top"",""solutions/game_3/series/home_wins_0/rest-111011/bot""],""single"":[""solutions/game_3/single/rest-101011/top"",""solutions/game_3/single/rest-111011/bot""]}","[1,0,1,0,1,1]","[1,1,1,0,1,1]",0,2,0,4,away_win,away,0,78
55467,4,"{""series"":[""solutions/game_4/single/rest-010101/top"",""solutions/game_4/single/rest-011110/bot""],""single"":[""solutions/game_4/single/rest-010101/top"",""solutions/game_4/single/rest-011110/bot""]}","[0,1,0,1,0,1]","[0,1,1,1,1,0]",0,3,10,1,home_win,home,1,66
55467,5,"{""series"":[""solutions/game_5/single/rest-101111/top"",""solutions/game_5/single/rest-110111/bot""],""single"":[""solutions/game_5/single/rest-101111/top"",""solutions/game_5/single/rest-110111/bot""]}","[1,0,1,1,1,1]","[1,1,0,1,1,1]",1,3,10,8,home_win,home,1,93
55468,1,"{""series"":[""solutions/game_1/series/rest-111111/top"",""solutions/game_1/series/rest-111111/bot""],""single"":[""solutions/game_1/single/rest-111111/top"",""solutions/game_1/single/rest-111111/bot""]}","[1,1,1,1,1,1]","[1,1,1,1,1,1]",0,0,1,5,away_win,away,0,75
55468,2,"{""series"":[""solutions/game_2/series/home_wins_0/rest-111100/top"",""solutions/game_2/series/home_wins_0/rest-011010/bot""],""single"":[""solutions/game_2/single/rest-111100/top"",""solutions/game_2/single/rest-011010/bot""]}","[1,1,1,1,0,0]","[0,1,1,0,1,0]",0,1,4,4,tie,home,0,94
55468,3,"{""series"":[""solutions/game_3/series/home_wins_1/rest-000111/top"",""solutions/game_3/series/home_wins_1/rest-100111/bot""],""single"":[""solutions/game_3/single/rest-000111/top"",""solutions/game_3/single/rest-100111/bot""]}","[0,0,0,1,1,1]","[1,0,0,1,1,1]",1,1,6,5,home_win,home,0,81
55468,4,"{""series"":[""solutions/game_4/series/home_wins_2/rest-110101/top"",""solutions/game_4/series/home_wins_2/rest-010110/bot""],""single"":[""solutions/game_4/single/rest-110101/top"",""solutions/game_4/single/rest-010110/bot""]}","[1,1,0,1,0,1]","[0,1,0,1,1,0]",2,1,2,3,away_win,away,0,76
55468,5,"{""series"":[""solutions/game_5/single/rest-011100/top"",""solutions/game_5/single/rest-111011/bot""],""single"":[""solutions/game_5/single/rest-011100/top"",""solutions/game_5/single/rest-111011/bot""]}","[0,1,1,1,0,0]","[1,1,1,0,1,1]",2,2,1,4,away_win,away,0,73
55469,1,"{""series"":[""solutions/game_1/series/rest-111111/top"",""solutions/game_1/series/rest-111111/bot""],""single"":[""solutions/game_1/single/rest-111111/top"",""solutions/game_1/single/rest-111111/bot""]}","[1,1,1,1,1,1]","[1,1,1,1,1,1]",0,0,1,3,away_win,away,0,83
55469,2,"{""series"":[""solutions/game_2/series/home_wins_0/rest-111011/top"",""solutions/game_2/series/home_wins_0/rest-001110/bot""],""single"":[""solutions/game_2/single/rest-111011/top"",""solutions/game_2/single/rest-001110/bot""]}","[1,1,1,0,1,1]","[0,0,1,1,1,0]",0,1,2,1,home_win,home,0,79
55469,3,"{""series"":[""solutions/game_3/series/home_wins_1/rest-110111/top"",""solutions/game_3/series/home_wins_1/rest-111001/bot""],""single"":[""solutions/game_3/single/rest-110111/top"",""solutions/game_3/single/rest-111001/bot""]}","[1,1,0,1,1,1]","[1,1,1,0,0,1]",1,1,5,9,away_win,away,0,83
55469,4,"{""series"":[""solutions/game_4/series/home_wins_1/rest-101001/top"",""solutions/game_4/series/home_wins_1/rest-001111/bot""],""single"":[""solutions/game_4/single/rest-101001/top"",""solutions/game_4/single/rest-001111/bot""]}","[1,0,1,0,0,1]","[0,0,1,1,1,1]",1,2,1,3,away_win,away,0,85
55469,5,"{""series"":[""solutions/game_5/single/rest-010110/top"",""solutions/game_5/single/rest-110110/bot""],""single"":[""solutions/game_5/single/rest-010110/top"",""solutions/game_5/single/rest-110110/bot""]}","[0,1,0,1,1,0]","[1,1,0,1,1,0]",1,3,4,6,away_win,away,1,89
55470,1,"{""series"":[""solutions/game_1/series/rest-111111/top"",""solutions/game_1/series/rest-111111/bot""],""single"":[""solutions/game_1/single/rest-111111/top"",""solutions/game_1/single/rest-111111/bot""]}","[1,1,1,1,1,1]","[1,1,1,1,1,1]",0,0,2,3,away_win,away,0,82
55470,2,"{""series"":[""solutions/game_2/series/home_wins_0/rest-011001/top"",""solutions/game_2/series/home_wins_0/rest-101010/bot""],""single"":[""solutions/game_2/single/rest-011001/top"",""solutions/game_2/single/rest-101010/bot""]}","[0,1,1,0,0,1]","[1,0,1,0,1,0]",0,1,8,9,away_win,away,0,112
55470,3,"{""series"":[""solutions/game_3/series/home_wins_0/rest-110110/top"",""solutions/game_3/series/home_wins_0/rest-101101/bot""],""single"":[""solutions/game_3/single/rest-110110/top"",""solutions/game_3/single/rest-101101/bot""]}","[1,1,0,1,1,0]","[1,0,1,1,0,1]",0,2,2,7,away_win,away,0,87
55470,4,"{""series"":[""solutions/game_4/single/rest-011001/top"",""solutions/game_4/single/rest-011100/bot""],""single"":[""solutions/game_4/single/rest-011001/top"",""solutions/game_4/single/rest-011100/bot""]}","[0,1,1,0,0,1]","[0,1,1,1,0,0]",0,3,7,6,home_win,home,1,90
55470,5,"{""series"":[""solutions/game_5/single/rest-110010/top"",""solutions/game_5/single/rest-111110/bot""],""single"":[""solutions/game_5/single/rest-110010/top"",""solutions/game_5/single/rest-111110/bot""]}","[1,1,0,0,1,0]","[1,1,1,1,1,0]",1,3,7,8,away_win,away,1,104
55471,1,"{""series"":[""solutions/game_1/series/rest-111111/top"",""solutions/game_1/series/rest-111111/bot""],""single"":[""solutions/game_1/single/rest-111111/top"",""solutions/game_1/single/rest-111111/bot""]}","[1,1,1,1,1,1]","[1,1,1,1,1,1]",0,0,3,4,away_win,away,0,81
55471,2,"{""series"":[""solutions/game_2/series/home_wins_0/rest-011001/top"",""solutions/game_2/series/home_wins_0/rest-111110/bot""],""single"":[""solutions/game_2/single/rest-011001/top"",""solutions/game_2/single/rest-111110/bot""]}","[0,1,1,0,0,1]","[1,1,1,1,1,0]",0,1,6,2,home_win,home,0,80
55471,3,"{""series"":[""solutions/game_3/series/home_wins_1/rest-111110/top"",""solutions/game_3/series/home_wins_1/rest-011111/bot""],""single"":[""solutions/game_3/single/rest-111110/top"",""solutions/game_3/single/rest-011111/bot""]}","[1,1,1,1,1,0]","[0,1,1,1,1,1]",1,1,2,3,away_win,away,0,76
55471,4,"{""series"":[""solutions/game_4/series/home_wins_1/rest-011001/top"",""solutions/game_4/series/home_wins_1/rest-101010/bot""],""single"":[""solutions/game_4/single/rest-011001/top"",""solutions/game_4/single/rest-101010/bot""]}","[0,1,1,0,0,1]","[1,0,1,0,1,0]",1,2,1,7,away_win,away,0,79
55471,5,"{""series"":[""solutions/game_5/single/rest-111110/top"",""solutions/game_5/single/rest-111101/bot""],""single"":[""solutions/game_5/single/rest-111110/top"",""solutions/game_5/single/rest-111101/bot""]}","[1,1,1,1,1,0]","[1,1,1,1,0,1]",1,3,3,4,away_win,away,1,84
55472,1,"{""series"":[""solutions/game_1/series/rest-111111/top"",""solutions/game_1/series/rest-111111/bot""],""single"":[""solutions/game_1/single/rest-111111/top"",""solutions/game_1/single/rest-111111/bot""]}","[1,1,1,1,1,1]","[1,1,1,1,1,1]",0,0,2,4,away_win,away,0,74
55472,2,"{""series"":[""solutions/game_2/series/home_wins_0/rest-011011/top"",""solutions/game_2/series/home_wins_0/rest-011110/bot""],""single"":[""solutions/game_2/single/rest-011011/top"",""solutions/game_2/single/rest-011110/bot""]}","[0,1,1,0,1,1]","[0,1,1,1,1,0]",0,1,9,3,home_win,home,0,86
55472,3,"{""series"":[""solutions/game_3/series/home_wins_1/rest-111100/top"",""solutions/game_3/series/home_wins_1/rest-111101/bot""],""single"":[""solutions/game_3/single/rest-111100/top"",""solutions/game_3/single/rest-111101/bot""]}","[1,1,1,1,0,0]","[1,1,1,1,0,1]",1,1,4,8,away_win,away,0,82
55472,4,"{""series"":[""solutions/game_4/series/home_wins_1/rest-101111/top"",""solutions/game_4/series/home_wins_1/rest-001111/bot""],""single"":[""solutions/game_4/single/rest-101111/top"",""solutions/game_4/single/rest-001111/bot""]}","[1,0,1,1,1,1]","[0,0,1,1,1,1]",1,2,13,2,home_win,home,0,43
55472,5,"{""series"":[""solutions/game_5/single/rest-111111/top"",""solutions/game_5/single/rest-111111/bot""],""single"":[""solutions/game_5/single/rest-111111/top"",""solutions/game_5/single/rest-111111/bot""]}","[1,1,1,1,1,1]","[1,1,1,1,1,1]",2,2,6,9,away_win,away,0,97
55473,1,"{""series"":[""solutions/game_1/series/rest-111111/top"",""solutions/game_1/series/rest-111111/bot""],""single"":[""solutions/game_1/single/rest-111111/top"",""solutions/game_1/single/rest-111111/bot""]}","[1,1,1,1,1,1]","[1,1,1,1,1,1]",0,0,1,11,away_win,away,0,51
55473,2,"{""series"":[""solutions/game_2/series/home_wins_0/rest-111110/top"",""solutions/game_2/series/home_wins_0/rest-111111/bot""],""single"":[""solutions/game_2/single/rest-111110/top"",""solutions/game_2/single/rest-111111/bot""]}","[1,1,1,1,1,0]","[1,1,1,1,1,1]",0,1,3,2,home_win,home,0,79
55473,3,"{""series"":[""solutions/game_3/series/home_wins_1/rest-110101/top"",""solutions/game_3/series/home_wins_1/rest-001011/bot""],""single"":[""solutions/game_3/single/rest-110101/top"",""solutions/game_3/single/rest-001011/bot""]}","[1,1,0,1,0,1]","[0,0,1,0,1,1]",1,1,0,2,away_win,away,0,74
55473,4,"{""series"":[""solutions/game_4/series/home_wins_1/rest-011011/top"",""solutions/game_4/series/home_wins_1/rest-111100/bot""],""single"":[""solutions/game_4/single/rest-011011/top"",""solutions/game_4/single/rest-111100/bot""]}","[0,1,1,0,1,1]","[1,1,1,1,0,0]",1,2,1,4,away_win,away,0,80
55473,5,"{""series"":[""solutions/game_5/single/rest-110100/top"",""solutions/game_5/single/rest-011011/bot""],""single"":[""solutions/game_5/single/rest-110100/top"",""solutions/game_5/single/rest-011011/bot""]}","[1,1,0,1,0,0]","[0,1,1,0,1,1]",1,3,1,5,away_win,away,1,86
55474,1,"{""series"":[""solutions/game_1/series/rest-111111/top"",""solutions/game_1/series/rest-111111/bot""],""single"":[""solutions/game_1/single/rest-111111/top"",""solutions/game_1/single/rest-111111/bot""]}","[1,1,1,1,1,1]","[1,1,1,1,1,1]",0,0,2,5,away_win,away,0,89
55474,2,"{""series"":[""solutions/game_2/series/home_wins_0/rest-010111/top"",""solutions/game_2/series/home_wins_0/rest-001010/bot""],""single"":[""solutions/game_2/single/rest-010111/top"",""solutions/game_2/single/rest-001010/bot""]}","[0,1,0,1,1,1]","[0,0,1,0,1,0]",0,1,3,0,home_win,home,0,70
55474,3,"{""series"":[""solutions/game_3/series/home_wins_1/rest-110000/top"",""solutions/game_3/series/home_wins_1/rest-110111/bot""],""single"":[""solutions/game_3/single/rest-110000/top"",""solutions/game_3/single/rest-110111/bot""]}","[1,1,0,0,0,0]","[1,1,0,1,1,1]",1,1,3,13,away_win,away,0,75
55474,4,"{""series"":[""solutions/game_4/series/home_wins_1/rest-111101/top"",""solutions/game_4/series/home_wins_1/rest-011111/bot""],""single"":[""solutions/game_4/single/rest-111101/top"",""solutions/game_4/single/rest-011111/bot""]}","[1,1,1,1,0,1]","[0,1,1,1,1,1]",1,2,6,3,home_win,home,0,82
55474,5,"{""series"":[""solutions/game_5/single/rest-101111/top"",""solutions/game_5/single/rest-101110/bot""],""single"":[""solutions/game_5/single/rest-101111/top"",""solutions/game_5/single/rest-101110/bot""]}","[1,0,1,1,1,1]","[1,0,1,1,1,0]",2,2,10,7,home_win,home,0,89
55475,1,"{""series"":[""solutions/game_1/series/rest-111111/top"",""solutions/game_1/series/rest-111111/bot""],""single"":[""solutions/game_1/single/rest-111111/top"",""solutions/game_1/single/rest-111111/bot""]}","[1,1,1,1,1,1]","[1,1,1,1,1,1]",0,0,2,9,away_win,away,0,83
55475,2,"{""series"":[""solutions/game_2/series/home_wins_0/rest-111111/top"",""solutions/game_2/series/home_wins_0/rest-001011/bot""],""single"":[""solutions/game_2/single/rest-111111/top"",""solutions/game_2/single/rest-001011/bot""]}","[1,1,1,1,1,1]","[0,0,1,0,1,1]",0,1,5,8,away_win,away,0,87
55475,3,"{""series"":[""solutions/game_3/series/home_wins_0/rest-110101/top"",""solutions/game_3/series/home_wins_0/rest-110100/bot""],""single"":[""solutions/game_3/single/rest-110101/top"",""solutions/game_3/single/rest-110100/bot""]}","[1,1,0,1,0,1]","[1,1,0,1,0,0]",0,2,3,3,tie,home,0,83
55475,4,"{""series"":[""solutions/game_4/series/home_wins_1/rest-011011/top"",""solutions/game_4/series/home_wins_1/rest-101010/bot""],""single"":[""solutions/game_4/single/rest-011011/top"",""solutions/game_4/single/rest-101010/bot""]}","[0,1,1,0,1,1]","[1,0,1,0,1,0]",1,2,8,6,home_win,home,0,86
55475,5,"{""series"":[""solutions/game_5/single/rest-101101/top"",""solutions/game_5/single/rest-010101/bot""],""single"":[""solutions/game_5/single/rest-101101/top"",""solutions/game_5/single/rest-010101/bot""]}","[1,0,1,1,0,1]","[0,1,0,1,0,1]",2,2,1,9,away_win,away,0,83
55476,1,"{""series"":[""solutions/game_1/series/rest-111111/top"",""solutions/game_1/series/rest-111111/bot""],""single"":[""solutions/game_1/single/rest-111111/top"",""solutions/game_1/single/rest-111111/bot""]}","[1,1,1,1,1,1]","[1,1,1,1,1,1]",0,0,8,0,home_win,home,0,32
55476,2,"{""series"":[""solutions/game_2/series/home_wins_1/rest-111111/top"",""solutions/game_2/series/home_wins_1/rest-111111/bot""],""single"":[""solutions/game_2/single/rest-111111/top"",""solutions/game_2/single/rest-111111/bot""]}","[1,1,1,1,1,1]","[1,1,1,1,1,1]",1,0,8,0,home_win,home,0,39
55476,3,"{""series"":[""solutions/game_3/series/home_wins_2/rest-111111/top"",""solutions/game_3/series/home_wins_2/rest-111111/bot""],""single"":[""solutions/game_3/single/rest-111111/top"",""solutions/game_3/single/rest-111111/bot""]}","[1,1,1,1,1,1]","[1,1,1,1,1,1]",2,0,3,7,away_win,away,0,96
55476,4,"{""series"":[""solutions/game_4/series/home_wins_2/rest-111001/top"",""solutions/game_4/series/home_wins_2/rest-101001/bot""],""single"":[""solutions/game_4/single/rest-111001/top"",""solutions/game_4/single/rest-101001/bot""]}","[1,1,1,0,0,1]","[1,0,1,0,0,1]",2,1,0,8,away_win,away,0,71
55476,5,"{""series"":[""solutions/game_5/single/rest-111110/top"",""solutions/game_5/single/rest-101110/bot""],""single"":[""solutions/game_5/single/rest-111110/top"",""solutions/game_5/single/rest-101110/bot""]}","[1,1,1,1,1,0]","[1,0,1,1,1,0]",2,2,5,4,home_win,home,0,75
55477,1,"{""series"":[""solutions/game_1/series/rest-111111/top"",""solutions/game_1/series/rest-111111/bot""],""single"":[""solutions/game_1/single/rest-111111/top"",""solutions/game_1/single/rest-111111/bot""]}","[1,1,1,1,1,1]","[1,1,1,1,1,1]",0,0,4,8,away_win,away,0,83
55477,2,"{""series"":[""solutions/game_2/series/home_wins_0/rest-011101/top"",""solutions/game_2/series/home_wins_0/rest-101010/bot""],""single"":[""solutions/game_2/single/rest-011101/top"",""solutions/game_2/single/rest-101010/bot""]}","[0,1,1,1,0,1]","[1,0,1,0,1,0]",0,1,0,9,away_win,away,0,39
55477,3,"{""series"":[""solutions/game_3/series/home_wins_0/rest-111111/top"",""solutions/game_3/series/home_wins_0/rest-111111/bot""],""single"":[""solutions/game_3/single/rest-111111/top"",""solutions/game_3/single/rest-111111/bot""]}","[1,1,1,1,1,1]","[1,1,1,1,1,1]",0,2,10,12,away_win,away,0,112
55477,4,"{""series"":[""solutions/game_4/single/rest-011010/top"",""solutions/game_4/single/rest-111010/bot""],""single"":[""solutions/game_4/single/rest-011010/top"",""solutions/game_4/single/rest-111010/bot""]}","[0,1,1,0,1,0]","[1,1,1,0,1,0]",0,3,7,3,home_win,home,1,81
55477,5,"{""series"":[""solutions/game_5/single/rest-110101/top"",""solutions/game_5/single/rest-001110/bot""],""single"":[""solutions/game_5/single/rest-110101/top"",""solutions/game_5/single/rest-001110/bot""]}","[1,1,0,1,0,1]","[0,0,1,1,1,0]",1,3,4,0,home_win,home,1,75
55478,1,"{""series"":[""solutions/game_1/series/rest-111111/top"",""solutions/game_1/series/rest-111111/bot""],""single"":[""solutions/game_1/single/rest-111111/top"",""solutions/game_1/single/rest-111111/bot""]}","[1,1,1,1,1,1]","[1,1,1,1,1,1]",0,0,4,3,home_win,home,0,80
55478,2,"{""series"":[""solutions/game_2/series/home_wins_1/rest-110001/top"",""solutions/game_2/series/home_wins_1/rest-001010/bot""],""single"":[""solutions/game_2/single/rest-110001/top"",""solutions/game_2/single/rest-001010/bot""]}","[1,1,0,0,0,1]","[0,0,1,0,1,0]",1,0,5,4,home_win,home,0,77
55478,3,"{""series"":[""solutions/game_3/series/home_wins_2/rest-011111/top"",""solutions/game_3/series/home_wins_2/rest-111101/bot""],""single"":[""solutions/game_3/single/rest-011111/top"",""solutions/game_3/single/rest-111101/bot""]}","[0,1,1,1,1,1]","[1,1,1,1,0,1]",2,0,0,2,away_win,away,0,75
55478,4,"{""series"":[""solutions/game_4/series/home_wins_2/rest-011011/top"",""solutions/game_4/series/home_wins_2/rest-111111/bot""],""single"":[""solutions/game_4/single/rest-011011/top"",""solutions/game_4/single/rest-111111/bot""]}","[0,1,1,0,1,1]","[1,1,1,1,1,1]",2,1,2,7,away_win,away,0,85
55478,5,"{""series"":[""solutions/game_5/single/rest-111111/top"",""solutions/game_5/single/rest-001011/bot""],""single"":[""solutions/game_5/single/rest-111111/top"",""solutions/game_5/single/rest-001011/bot""]}","[1,1,1,1,1,1]","[0,0,1,0,1,1]",2,2,7,1,home_win,home,0,79
55479,1,"{""series"":[""solutions/game_1/series/rest-111111/top"",""solutions/game_1/series/rest-111111/bot""],""single"":[""solutions/game_1/single/rest-111111/top"",""solutions/game_1/single/rest-111111/bot""]}","[1,1,1,1,1,1]","[1,1,1,1,1,1]",0,0,2,2,tie,away,0,78
55479,2,"{""series"":[""solutions/game_2/series/home_wins_0/rest-110011/top"",""solutions/game_2/series/home_wins_0/rest-001010/bot""],""single"":[""solutions/game_2/single/rest-110011/top"",""solutions/game_2/single/rest-001010/bot""]}","[1,1,0,0,1,1]","[0,0,1,0,1,0]",0,1,2,1,home_win,home,0,66
55479,3,"{""series"":[""solutions/game_3/series/home_wins_1/rest-111111/top"",""solutions/game_3/series/home_wins_1/rest-111110/bot""],""single"":[""solutions/game_3/single/rest-111111/top"",""solutions/game_3/single/rest-111110/bot""]}","[1,1,1,1,1,1]","[1,1,1,1,1,0]",1,1,3,4,away_win,away,0,85
55479,4,"{""series"":[""solutions/game_4/series/home_wins_1/rest-111011/top"",""solutions/game_4/series/home_wins_1/rest-001111/bot""],""single"":[""solutions/game_4/single/rest-111011/top"",""solutions/game_4/single/rest-001111/bot""]}","[1,1,1,0,1,1]","[0,0,1,1,1,1]",1,2,0,8,away_win,away,0,30
55479,5,"{""series"":[""solutions/game_5/single/rest-111111/top"",""solutions/game_5/single/rest-111111/bot""],""single"":[""solutions/game_5/single/rest-111111/top"",""solutions/game_5/single/rest-111111/bot""]}","[1,1,1,1,1,1]","[1,1,1,1,1,1]",1,3,5,8,away_win,away,1,93
55480,1,"{""series"":[""solutions/game_1/series/rest-111111/top"",""solutions/game_1/series/rest-111111/bot""],""single"":[""solutions/game_1/single/rest-111111/top"",""solutions/game_1/single/rest-111111/bot""]}","[1,1,1,1,1,1]","[1,1,1,1,1,1]",0,0,2,5,away_win,away,0,77
55480,2,"{""series"":[""solutions/game_2/series/home_wins_0/rest-110101/top"",""solutions/game_2/series/home_wins_0/rest-011010/bot""],""single"":[""solutions/game_2/single/rest-110101/top"",""solutions/game_2/single/rest-011010/bot""]}","[1,1,0,1,0,1]","[0,1,1,0,1,0]",0,1,6,5,home_win,home,0,85
55480,3,"{""series"":[""solutions/game_3/series/home_wins_1/rest-011111/top"",""solutions/game_3/series/home_wins_1/rest-101101/bot""],""single"":[""solutions/game_3/single/rest-011111/top"",""solutions/game_3/single/rest-101101/bot""]}","[0,1,1,1,1,1]","[1,0,1,1,0,1]",1,1,5,4,home_win,home,0,72
55480,4,"{""series"":[""solutions/game_4/series/home_wins_2/rest-111011/top"",""solutions/game_4/series/home_wins_2/rest-111010/bot""],""single"":[""solutions/game_4/single/rest-111011/top"",""solutions/game_4/single/rest-111010/bot""]}","[1,1,1,0,1,1]","[1,1,1,0,1,0]",2,1,3,11,away_win,away,0,65
55480,5,"{""series"":[""solutions/game_5/single/rest-111111/top"",""solutions/game_5/single/rest-101011/bot""],""single"":[""solutions/game_5/single/rest-111111/top"",""solutions/game_5/single/rest-101011/bot""]}","[1,1,1,1,1,1]","[1,0,1,0,1,1]",2,2,4,3,home_win,home,0,78
55481,1,"{""series"":[""solutions/game_1/series/rest-111111/top"",""solutions/game_1/series/rest-111111/bot""],""single"":[""solutions/game_1/single/rest-111111/top"",""solutions/game_1/single/rest-111111/bot""]}","[1,1,1,1,1,1]","[1,1,1,1,1,1]",0,0,3,5,away_win,away,0,83
55481,2,"{""series"":[""solutions/game_2/series/home_wins_0/rest-110101/top"",""solutions/game_2/series/home_wins_0/rest-011011/bot""],""single"":[""solutions/game_2/single/rest-110101/top"",""solutions/game_2/single/rest-011011/bot""]}","[1,1,0,1,0,1]","[0,1,1,0,1,1]",0,1,1,11,away_win,away,0,61
55481,3,"{""series"":[""solutions/game_3/series/home_wins_0/rest-111111/top"",""solutions/game_3/series/home_wins_0/rest-111101/bot""],""single"":[""solutions/game_3/single/rest-111111/top"",""solutions/game_3/single/rest-111101/bot""]}","[1,1,1,1,1,1]","[1,1,1,1,0,1]",0,2,5,6,away_win,away,0,84
55481,4,"{""series"":[""solutions/game_4/single/rest-110101/top"",""solutions/game_4/single/rest-001000/bot""],""single"":[""solutions/game_4/single/rest-110101/top"",""solutions/game_4/single/rest-001000/bot""]}","[1,1,0,1,0,1]","[0,0,1,0,0,0]",0,3,8,2,home_win,home,1,78
55481,5,"{""series"":[""solutions/game_5/single/rest-111000/top"",""solutions/game_5/single/rest-111111/bot""],""single"":[""solutions/game_5/single/rest-111000/top"",""solutions/game_5/single/rest-111111/bot""]}","[1,1,1,0,0,0]","[1,1,1,1,1,1]",1,3,7,2,home_win,home,1,80
55482,1,"{""series"":[""solutions/game_1/series/rest-111111/top"",""solutions/game_1/series/rest-111111/bot""],""single"":[""solutions/game_1/single/rest-111111/top"",""solutions/game_1/single/rest-111111/bot""]}","[1,1,1,1,1,1]","[1,1,1,1,1,1]",0,0,2,1,home_win,home,0,66
55482,2,"{""series"":[""solutions/game_2/series/home_wins_1/rest-111011/top"",""solutions/game_2/series/home_wins_1/rest-101111/bot""],""single"":[""solutions/game_2/single/rest-111011/top"",""solutions/game_2/single/rest-101111/bot""]}","[1,1,1,0,1,1]","[1,0,1,1,1,1]",1,0,3,1,home_win,home,0,70
55482,3,"{""series"":[""solutions/game_3/series/home_wins_2/rest-111100/top"",""solutions/game_3/series/home_wins_2/rest-111011/bot""],""single"":[""solutions/game_3/single/rest-111100/top"",""solutions/game_3/single/rest-111011/bot""]}","[1,1,1,1,0,0]","[1,1,1,0,1,1]",2,0,5,2,home_win,home,0,78
55482,4,"{""series"":[""solutions/game_4/single/rest-110011/top"",""solutions/game_4/single/rest-011110/bot""],""single"":[""solutions/game_4/single/rest-110011/top"",""solutions/game_4/single/rest-011110/bot""]}","[1,1,0,0,1,1]","[0,1,1,1,1,0]",3,0,7,5,home_win,home,1,84
55482,5,"{""series"":[""solutions/game_5/single/rest-101111/top"",""solutions/game_5/single/rest-100011/bot""],""single"":[""solutions/game_5/single/rest-101111/top"",""solutions/game_5/single/rest-100011/bot""]}","[1,0,1,1,1,1]","[1,0,0,0,1,1]",4,0,5,4,home_win,home,1,84
55483,1,"{""series"":[""solutions/game_1/series/rest-111111/top"",""solutions/game_1/series/rest-111111/bot""],""single"":[""solutions/game_1/single/rest-111111/top"",""solutions/game_1/single/rest-111111/bot""]}","[1,1,1,1,1,1]","[1,1,1,1,1,1]",0,0,10,2,home_win,home,0,65
55483,2,"{""series"":[""solutions/game_2/series/home_wins_1/rest-111101/top"",""solutions/game_2/series/home_wins_1/rest-111111/bot""],""single"":[""solutions/game_2/single/rest-111101/top"",""solutions/game_2/single/rest-111111/bot""]}","[1,1,1,1,0,1]","[1,1,1,1,1,1]",1,0,2,10,away_win,away,0,53
55483,3,"{""series"":[""solutions/game_3/series/home_wins_1/rest-111111/top"",""solutions/game_3/series/home_wins_1/rest-111011/bot""],""single"":[""solutions/game_3/single/rest-111111/top"",""solutions/game_3/single/rest-111011/bot""]}","[1,1,1,1,1,1]","[1,1,1,0,1,1]",1,1,4,5,away_win,away,0,82
55483,4,"{""series"":[""solutions/game_4/series/home_wins_1/rest-111101/top"",""solutions/game_4/series/home_wins_1/rest-000110/bot""],""single"":[""solutions/game_4/single/rest-111101/top"",""solutions/game_4/single/rest-000110/bot""]}","[1,1,1,1,0,1]","[0,0,0,1,1,0]",1,2,2,1,home_win,home,0,74
55483,5,"{""series"":[""solutions/game_5/single/rest-110111/top"",""solutions/game_5/single/rest-100001/bot""],""single"":[""solutions/game_5/single/rest-110111/top"",""solutions/game_5/single/rest-100001/bot""]}","[1,1,0,1,1,1]","[1,0,0,0,0,1]",2,2,4,7,away_win,away,0,91
55484,1,"{""series"":[""solutions/game_1/series/rest-111111/top"",""solutions/game_1/series/rest-111111/bot""],""single"":[""solutions/game_1/single/rest-111111/top"",""solutions/game_1/single/rest-111111/bot""]}","[1,1,1,1,1,1]","[1,1,1,1,1,1]",0,0,4,3,home_win,home,0,83
55484,2,"{""series"":[""solutions/game_2/series/home_wins_1/rest-011011/top"",""solutions/game_2/series/home_wins_1/rest-101011/bot""],""single"":[""solutions/game_2/single/rest-011011/top"",""solutions/game_2/single/rest-101011/bot""]}","[0,1,1,0,1,1]","[1,0,1,0,1,1]",1,0,3,11,away_win,away,0,87
55484,3,"{""series"":[""solutions/game_3/series/home_wins_1/rest-110111/top"",""solutions/game_3/series/home_wins_1/rest-001100/bot""],""single"":[""solutions/game_3/single/rest-110111/top"",""solutions/game_3/single/rest-001100/bot""]}","[1,1,0,1,1,1]","[0,0,1,1,0,0]",1,1,3,10,away_win,away,0,86
55484,4,"{""series"":[""solutions/game_4/series/home_wins_1/rest-111101/top"",""solutions/game_4/series/home_wins_1/rest-011111/bot""],""single"":[""solutions/game_4/single/rest-111101/top"",""solutions/game_4/single/rest-011111/bot""]}","[1,1,1,1,0,1]","[0,1,1,1,1,1]",1,2,3,6,away_win,away,0,86
55484,5,"{""series"":[""solutions/game_5/single/rest-011011/top"",""solutions/game_5/single/rest-100110/bot""],""single"":[""solutions/game_5/single/rest-011011/top"",""solutions/game_5/single/rest-100110/bot""]}","[0,1,1,0,1,1]","[1,0,0,1,1,0]",1,3,8,4,home_win,home,1,78
55485,1,"{""series"":[""solutions/game_1/series/rest-111111/top"",""solutions/game_1/series/rest-111111/bot""],""single"":[""solutions/game_1/single/rest-111111/top"",""solutions/game_1/single/rest-111111/bot""]}","[1,1,1,1,1,1]","[1,1,1,1,1,1]",0,0,3,12,away_win,away,0,90
55485,2,"{""series"":[""solutions/game_2/series/home_wins_0/rest-111011/top"",""solutions/game_2/series/home_wins_0/rest-101010/bot""],""single"":[""solutions/game_2/single/rest-111011/top"",""solutions/game_2/single/rest-101010/bot""]}","[1,1,1,0,1,1]","[1,0,1,0,1,0]",0,1,0,8,away_win,away,0,52
55485,3,"{""series"":[""solutions/game_3/series/home_wins_0/rest-011111/top"",""solutions/game_3/series/home_wins_0/rest-111111/bot""],""single"":[""solutions/game_3/single/rest-011111/top"",""solutions/game_3/single/rest-111111/bot""]}","[0,1,1,1,1,1]","[1,1,1,1,1,1]",0,2,2,4,away_win,away,0,78
55485,4,"{""series"":[""solutions/game_4/single/rest-110001/top"",""solutions/game_4/single/rest-001011/bot""],""single"":[""solutions/game_4/single/rest-110001/top"",""solutions/game_4/single/rest-001011/bot""]}","[1,1,0,0,0,1]","[0,0,1,0,1,1]",0,3,3,0,home_win,home,1,69
55485,5,"{""series"":[""solutions/game_5/single/rest-011010/top"",""solutions/game_5/single/rest-111100/bot""],""single"":[""solutions/game_5/single/rest-011010/top"",""solutions/game_5/single/rest-111100/bot""]}","[0,1,1,0,1,0]","[1,1,1,1,0,0]",1,3,4,5,away_win,away,1,89
55486,1,"{""series"":[""solutions/game_1/series/rest-111111/top"",""solutions/game_1/series/rest-111111/bot""],""single"":[""solutions/game_1/single/rest-111111/top"",""solutions/game_1/single/rest-111111/bot""]}","[1,1,1,1,1,1]","[1,1,1,1,1,1]",0,0,7,4,home_win,home,0,87
55486,2,"{""series"":[""solutions/game_2/series/home_wins_1/rest-110001/top"",""solutions/game_2/series/home_wins_1/rest-100010/bot""],""single"":[""solutions/game_2/single/rest-110001/top"",""solutions/game_2/single/rest-100010/bot""]}","[1,1,0,0,0,1]","[1,0,0,0,1,0]",1,0,2,1,home_win,home,0,72
55486,3,"{""series"":[""solutions/game_3/series/home_wins_2/rest-111111/top"",""solutions/game_3/series/home_wins_2/rest-011101/bot""],""single"":[""solutions/game_3/single/rest-111111/top"",""solutions/game_3/single/rest-011101/bot""]}","[1,1,1,1,1,1]","[0,1,1,1,0,1]",2,0,7,3,home_win,home,0,83
55486,4,"{""series"":[""solutions/game_4/single/rest-010001/top"",""solutions/game_4/single/rest-100110/bot""],""single"":[""solutions/game_4/single/rest-010001/top"",""solutions/game_4/single/rest-100110/bot""]}","[0,1,0,0,0,1]","[1,0,0,1,1,0]",3,0,4,8,away_win,away,1,91
55486,5,"{""series"":[""solutions/game_5/single/rest-101110/top"",""solutions/game_5/single/rest-111001/bot""],""single"":[""solutions/game_5/single/rest-101110/top"",""solutions/game_5/single/rest-111001/bot""]}","[1,0,1,1,1,0]","[1,1,1,0,0,1]",3,1,3,4,away_win,away,1,82
55487,1,"{""series"":[""solutions/game_1/series/rest-111111/top"",""solutions/game_1/series/rest-111111/bot""],""single"":[""solutions/game_1/single/rest-111111/top"",""solutions/game_1/single/rest-111111/bot""]}","[1,1,1,1,1,1]","[1,1,1,1,1,1]",0,0,8,4,home_win,home,0,80
55487,2,"{""series"":[""solutions/game_2/series/home_wins_1/rest-111011/top"",""solutions/game_2/series/home_wins_1/rest-101110/bot""],""single"":[""solutions/game_2/single/rest-111011/top"",""solutions/game_2/single/rest-101110/bot""]}","[1,1,1,0,1,1]","[1,0,1,1,1,0]",1,0,2,6,away_win,away,0,83
55487,3,"{""series"":[""solutions/game_3/series/home_wins_1/rest-101111/top"",""solutions/game_3/series/home_wins_1/rest-110011/bot""],""single"":[""solutions/game_3/single/rest-101111/top"",""solutions/game_3/single/rest-110011/bot""]}","[1,0,1,1,1,1]","[1,1,0,0,1,1]",1,1,5,4,home_win,home,0,74
55487,4,"{""series"":[""solutions/game_4/series/home_wins_2/rest-011101/top"",""solutions/game_4/series/home_wins_2/rest-111110/bot""],""single"":[""solutions/game_4/single/rest-011101/top"",""solutions/game_4/single/rest-111110/bot""]}","[0,1,1,1,0,1]","[1,1,1,1,1,0]",2,1,4,8,away_win,away,0,87
55487,5,"{""series"":[""solutions/game_5/single/rest-101110/top"",""solutions/game_5/single/rest-101111/bot""],""single"":[""solutions/game_5/single/rest-101110/top"",""solutions/game_5/single/rest-101111/bot""]}","[1,0,1,1,1,0]","[1,0,1,1,1,1]",2,2,6,4,home_win,home,0,91
55488,1,"{""series"":[""solutions/game_1/series/rest-111111/top"",""solutions/game_1/series/rest-111111/bot""],""single"":[""solutions/game_1/single/rest-111111/top"",""solutions/game_1/single/rest-111111/bot""]}","[1,1,1,1,1,1]","[1,1,1,1,1,1]",0,0,2,5,away_win,away,0,86
55488,2,"{""series"":[""solutions/game_2/series/home_wins_0/rest-110101/top"",""solutions/game_2/series/home_wins_0/rest-001011/bot""],""single"":[""solutions/game_2/single/rest-110101/top"",""solutions/game_2/single/rest-001011/bot""]}","[1,1,0,1,0,1]","[0,0,1,0,1,1]",0,1,1,2,away_win,away,0,79
55488,3,"{""series"":[""solutions/game_3/series/home_wins_0/rest-101011/top"",""solutions/game_3/series/home_wins_0/rest-100100/bot""],""single"":[""solutions/game_3/single/rest-101011/top"",""solutions/game_3/single/rest-100100/bot""]}","[1,0,1,0,1,1]","[1,0,0,1,0,0]",0,2,13,5,home_win,home,0,60
55488,4,"{""series"":[""solutions/game_4/series/home_wins_1/rest-111101/top"",""solutions/game_4/series/home_wins_1/rest-011111/bot""],""single"":[""solutions/game_4/single/rest-111101/top"",""solutions/game_4/single/rest-011111/bot""]}","[1,1,1,1,0,1]","[0,1,1,1,1,1]",1,2,1,8,away_win,away,0,87
55488,5,"{""series"":[""solutions/game_5/single/rest-000011/top"",""solutions/game_5/single/rest-101111/bot""],""single"":[""solutions/game_5/single/rest-000011/top"",""solutions/game_5/single/rest-101111/bot""]}","[0,0,0,0,1,1]","[1,0,1,1,1,1]",1,3,0,2,away_win,away,1,73
55489,1,"{""series"":[""solutions/game_1/series/rest-111111/top"",""solutions/game_1/series/rest-111111/bot""],""single"":[""solutions/game_1/single/rest-111111/top"",""solutions/game_1/single/rest-111111/bot""]}","[1,1,1,1,1,1]","[1,1,1,1,1,1]",0,0,2,13,away_win,away,0,54
55489,2,"{""series"":[""solutions/game_2/series/home_wins_0/rest-111111/top"",""solutions/game_2/series/home_wins_0/rest-111111/bot""],""single"":[""solutions/game_2/single/rest-111111/top"",""solutions/game_2/single/rest-111111/bot""]}","[1,1,1,1,1,1]","[1,1,1,1,1,1]",0,1,9,4,home_win,home,0,83
55489,3,"{""series"":[""solutions/game_3/series/home_wins_1/rest-110011/top"",""solutions/game_3/series/home_wins_1/rest-011010/bot""],""single"":[""solutions/game_3/single/rest-110011/top"",""solutions/game_3/single/rest-011010/bot""]}","[1,1,0,0,1,1]","[0,1,1,0,1,0]",1,1,5,1,home_win,home,0,71
55489,4,"{""series"":[""solutions/game_4/series/home_wins_2/rest-101101/top"",""solutions/game_4/series/home_wins_2/rest-111101/bot""],""single"":[""solutions/game_4/single/rest-101101/top"",""solutions/game_4/single/rest-111101/bot""]}","[1,0,1,1,0,1]","[1,1,1,1,0,1]",2,1,9,1,home_win,home,0,74
55489,5,"{""series"":[""solutions/game_5/single/rest-110111/top"",""solutions/game_5/single/rest-110010/bot""],""single"":[""solutions/game_5/single/rest-110111/top"",""solutions/game_5/single/rest-110010/bot""]}","[1,1,0,1,1,1]","[1,1,0,0,1,0]",3,1,1,2,away_win,away,1,75
55490,1,"{""series"":[""solutions/game_1/series/rest-111111/top"",""solutions/game_1/series/rest-111111/bot""],""single"":[""solutions/game_1/single/rest-111111/top"",""solutions/game_1/single/rest-111111/bot""]}","[1,1,1,1,1,1]","[1,1,1,1,1,1]",0,0,2,4,away_win,away,0,78
55490,2,"{""series"":[""solutions/game_2/series/home_wins_0/rest-110011/top"",""solutions/game_2/series/home_wins_0/rest-011010/bot""],""single"":[""solutions/game_2/single/rest-110011/top"",""solutions/game_2/single/rest-011010/bot""]}","[1,1,0,0,1,1]","[0,1,1,0,1,0]",0,1,3,1,home_win,home,0,68
55490,3,"{""series"":[""solutions/game_3/series/home_wins_1/rest-111100/top"",""solutions/game_3/series/home_wins_1/rest-101101/bot""],""single"":[""solutions/game_3/single/rest-111100/top"",""solutions/game_3/single/rest-101101/bot""]}","[1,1,1,1,0,0]","[1,0,1,1,0,1]",1,1,3,1,home_win,home,0,71
55490,4,"{""series"":[""solutions/game_4/series/home_wins_2/rest-111111/top"",""solutions/game_4/series/home_wins_2/rest-011011/bot""],""single"":[""solutions/game_4/single/rest-111111/top"",""solutions/game_4/single/rest-011011/bot""]}","[1,1,1,1,1,1]","[0,1,1,0,1,1]",2,1,4,2,home_win,home,0,72
55490,5,"{""series"":[""solutions/game_5/single/rest-111101/top"",""solutions/game_5/single/rest-010110/bot""],""single"":[""solutions/game_5/single/rest-111101/top"",""solutions/game_5/single/rest-010110/bot""]}","[1,1,1,1,0,1]","[0,1,0,1,1,0]",3,1,3,6,away_win,away,1,84
55491,1,"{""series"":[""solutions/game_1/series/rest-111111/top"",""solutions/game_1/series/rest-111111/bot""],""single"":[""solutions/game_1/single/rest-111111/top"",""solutions/game_1/single/rest-111111/bot""]}","[1,1,1,1,1,1]","[1,1,1,1,1,1]",0,0,1,9,away_win,away,0,58
55491,2,"{""series"":[""solutions/game_2/series/home_wins_0/rest-011111/top"",""solutions/game_2/series/home_wins_0/rest-111011/bot""],""single"":[""solutions/game_2/single/rest-011111/top"",""solutions/game_2/single/rest-111011/bot""]}","[0,1,1,1,1,1]","[1,1,1,0,1,1]",0,1,3,6,away_win,away,0,81
55491,3,"{""series"":[""solutions/game_3/series/home_wins_0/rest-101100/top"",""solutions/game_3/series/home_wins_0/rest-011111/bot""],""single"":[""solutions/game_3/single/rest-101100/top"",""solutions/game_3/single/rest-011111/bot""]}","[1,0,1,1,0,0]","[0,1,1,1,1,1]",0,2,5,5,tie,away,0,99
55491,4,"{""series"":[""solutions/game_4/single/rest-010011/top"",""solutions/game_4/single/rest-100001/bot""],""single"":[""solutions/game_4/single/rest-010011/top"",""solutions/game_4/single/rest-100001/bot""]}","[0,1,0,0,1,1]","[1,0,0,0,0,1]",0,3,7,6,home_win,home,1,83
55491,5,"{""series"":[""solutions/game_5/single/rest-101101/top"",""solutions/game_5/single/rest-011110/bot""],""single"":[""solutions/game_5/single/rest-101101/top"",""solutions/game_5/single/rest-011110/bot""]}","[1,0,1,1,0,1]","[0,1,1,1,1,0]",1,3,1,0,home_win,home,1,68
55492,1,"{""series"":[""solutions/game_1/series/rest-111111/top"",""solutions/game_1/series/rest-111111/bot""],""single"":[""solutions/game_1/single/rest-111111/top"",""solutions/game_1/single/rest-111111/bot""]}","[1,1,1,1,1,1]","[1,1,1,1,1,1]",0,0,5,1,home_win,home,0,74
55492,2,"{""series"":[""solutions/game_2/series/home_wins_1/rest-111010/top"",""solutions/game_2/series/home_wins_1/rest-001011/bot""],""single"":[""solutions/game_2/single/rest-111010/top"",""solutions/game_2/single/rest-001011/bot""]}","[1,1,1,0,1,0]","[0,0,1,0,1,1]",1,0,6,1,home_win,home,0,85
55492,3,"{""series"":[""solutions/game_3/series/home_wins_2/rest-101101/top"",""solutions/game_3/series/home_wins_2/rest-110110/bot""],""single"":[""solutions/game_3/single/rest-101101/top"",""solutions/game_3/single/rest-110110/bot""]}","[1,0,1,1,0,1]","[1,1,0,1,1,0]",2,0,1,6,away_win,away,0,84
55492,4,"{""series"":[""solutions/game_4/series/home_wins_2/rest-111010/top"",""solutions/game_4/series/home_wins_2/rest-101011/bot""],""single"":[""solutions/game_4/single/rest-111010/top"",""solutions/game_4/single/rest-101011/bot""]}","[1,1,1,0,1,0]","[1,0,1,0,1,1]",2,1,5,8,away_win,away,0,87
55492,5,"{""series"":[""solutions/game_5/single/rest-001101/top"",""solutions/game_5/single/rest-011110/bot""],""single"":[""solutions/game_5/single/rest-001101/top"",""solutions/game_5/single/rest-011110/bot""]}","[0,0,1,1,0,1]","[0,1,1,1,1,0]",2,2,1,6,away_win,away,0,79
55493,1,"{""series"":[""solutions/game_1/series/rest-111111/top"",""solutions/game_1/series/rest-111111/bot""],""single"":[""solutions/game_1/single/rest-111111/top"",""solutions/game_1/single/rest-111111/bot""]}","[1,1,1,1,1,1]","[1,1,1,1,1,1]",0,0,6,3,home_win,home,0,83
55493,2,"{""series"":[""solutions/game_2/series/home_wins_1/rest-111000/top"",""solutions/game_2/series/home_wins_1/rest-001011/bot""],""single"":[""solutions/game_2/single/rest-111000/top"",""solutions/game_2/single/rest-001011/bot""]}","[1,1,1,0,0,0]","[0,0,1,0,1,1]",1,0,7,4,home_win,home,0,81
55493,3,"{""series"":[""solutions/game_3/series/home_wins_2/rest-010011/top"",""solutions/game_3/series/home_wins_2/rest-111000/bot""],""single"":[""solutions/game_3/single/rest-010011/top"",""solutions/game_3/single/rest-111000/bot""]}","[0,1,0,0,1,1]","[1,1,1,0,0,0]",2,0,2,11,away_win,away,0,32
55493,4,"{""series"":[""solutions/game_4/series/home_wins_2/rest-111111/top"",""solutions/game_4/series/home_wins_2/rest-111111/bot""],""single"":[""solutions/game_4/single/rest-111111/top"",""solutions/game_4/single/rest-111111/bot""]}","[1,1,1,1,1,1]","[1,1,1,1,1,1]",2,1,1,6,away_win,away,0,82
55493,5,"{""series"":[""solutions/game_5/single/rest-101110/top"",""solutions/game_5/single/rest-001011/bot""],""single"":[""solutions/game_5/single/rest-101110/top"",""solutions/game_5/single/rest-001011/bot""]}","[1,0,1,1,1,0]","[0,0,1,0,1,1]",2,2,8,15,away_win,away,0,108
55494,1,"{""series"":[""solutions/game_1/series/rest-111111/top"",""solutions/game_1/series/rest-111111/bot""],""single"":[""solutions/game_1/single/rest-111111/top"",""solutions/game_1/single/rest-111111/bot""]}","[1,1,1,1,1,1]","[1,1,1,1,1,1]",0,0,4,2,home_win,home,0,71
55494,2,"{""series"":[""solutions/game_2/series/home_wins_1/rest-110011/top"",""solutions/game_2/series/home_wins_1/rest-111110/bot""],""single"":[""solutions/game_2/single/rest-110011/top"",""solutions/game_2/single/rest-111110/bot""]}","[1,1,0,0,1,1]","[1,1,1,1,1,0]",1,0,3,6,away_win,away,0,86
55494,3,"{""series"":[""solutions/game_3/series/home_wins_1/rest-111111/top"",""solutions/game_3/series/home_wins_1/rest-000111/bot""],""single"":[""solutions/game_3/single/rest-111111/top"",""solutions/game_3/single/rest-000111/bot""]}","[1,1,1,1,1,1]","[0,0,0,1,1,1]",1,1,8,0,home_win,home,0,49
55494,4,"{""series"":[""solutions/game_4/series/home_wins_2/rest-111111/top"",""solutions/game_4/series/home_wins_2/rest-111110/bot""],""single"":[""solutions/game_4/single/rest-111111/top"",""solutions/game_4/single/rest-111110/bot""]}","[1,1,1,1,1,1]","[1,1,1,1,1,0]",2,1,0,8,away_win,away,0,56
55494,5,"{""series"":[""solutions/game_5/single/rest-111110/top"",""solutions/game_5/single/rest-111111/bot""],""single"":[""solutions/game_5/single/rest-111110/top"",""solutions/game_5/single/rest-111111/bot""]}","[1,1,1,1,1,0]","[1,1,1,1,1,1]",2,2,6,8,away_win,away,0,90
55495,1,"{""series"":[""solutions/game_1/series/rest-111111/top"",""solutions/game_1/series/rest-111111/bot""],""single"":[""solutions/game_1/single/rest-111111/top"",""solutions/game_1/single/rest-111111/bot""]}","[1,1,1,1,1,1]","[1,1,1,1,1,1]",0,0,0,5,away_win,away,0,80
55495,2,"{""series"":[""solutions/game_2/series/home_wins_0/rest-111111/top"",""solutions/game_2/series/home_wins_0/rest-011011/bot""],""single"":[""solutions/game_2/single/rest-111111/top"",""solutions/game_2/single/rest-011011/bot""]}","[1,1,1,1,1,1]","[0,1,1,0,1,1]",0,1,3,2,home_win,home,0,76
55495,3,"{""series"":[""solutions/game_3/series/home_wins_1/rest-111011/top"",""solutions/game_3/series/home_wins_1/rest-000101/bot""],""single"":[""solutions/game_3/single/rest-111011/top"",""solutions/game_3/single/rest-000101/bot""]}","[1,1,1,0,1,1]","[0,0,0,1,0,1]",1,1,9,9,tie,home,0,99
55495,4,"{""series"":[""solutions/game_4/series/home_wins_2/rest-010001/top"",""solutions/game_4/series/home_wins_2/rest-111110/bot""],""single"":[""solutions/game_4/single/rest-010001/top"",""solutions/game_4/single/rest-111110/bot""]}","[0,1,0,0,0,1]","[1,1,1,1,1,0]",2,1,4,2,home_win,home,0,77
55495,5,"{""series"":[""solutions/game_5/single/rest-111110/top"",""solutions/game_5/single/rest-001111/bot""],""single"":[""solutions/game_5/single/rest-111110/top"",""solutions/game_5/single/rest-001111/bot""]}","[1,1,1,1,1,0]","[0,0,1,1,1,1]",3,1,13,9,home_win,home,1,86
55496,1,"{""series"":[""solutions/game_1/series/rest-111111/top"",""solutions/game_1/series/rest-111111/bot""],""single"":[""solutions/game_1/single/rest-111111/top"",""solutions/game_1/single/rest-111111/bot""]}","[1,1,1,1,1,1]","[1,1,1,1,1,1]",0,0,5,5,tie,away,0,95
55496,2,"{""series"":[""solutions/game_2/series/home_wins_0/rest-011100/top"",""solutions/game_2/series/home_wins_0/rest-001100/bot""],""single"":[""solutions/game_2/single/rest-011100/top"",""solutions/game_2/single/rest-001100/bot""]}","[0,1,1,1,0,0]","[0,0,1,1,0,0]",0,1,9,1,home_win,home,0,47
55496,3,"{""series"":[""solutions/game_3/series/home_wins_1/rest-011101/top"",""solutions/game_3/series/home_wins_1/rest-100111/bot""],""single"":[""solutions/game_3/single/rest-011101/top"",""solutions/game_3/single/rest-100111/bot""]}","[0,1,1,1,0,1]","[1,0,0,1,1,1]",1,1,8,3,home_win,home,0,90
55496,4,"{""series"":[""solutions/game_4/series/home_wins_2/rest-101011/top"",""solutions/game_4/series/home_wins_2/rest-111100/bot""],""single"":[""solutions/game_4/single/rest-101011/top"",""solutions/game_4/single/rest-111100/bot""]}","[1,0,1,0,1,1]","[1,1,1,1,0,0]",2,1,4,1,home_win,home,0,76
55496,5,"{""series"":[""solutions/game_5/single/rest-110100/top"",""solutions/game_5/single/rest-110011/bot""],""single"":[""solutions/game_5/single/rest-110100/top"",""solutions/game_5/single/rest-110011/bot""]}","[1,1,0,1,0,0]","[1,1,0,0,1,1]",3,1,8,9,away_win,away,1,97
55497,1,"{""series"":[""solutions/game_1/series/rest-111111/top"",""solutions/game_1/series/rest-111111/bot""],""single"":[""solutions/game_1/single/rest-111111/top"",""solutions/game_1/single/rest-111111/bot""]}","[1,1,1,1,1,1]","[1,1,1,1,1,1]",0,0,4,6,away_win,away,0,91
55497,2,"{""series"":[""solutions/game_2/series/home_wins_0/rest-010111/top"",""solutions/game_2/series/home_wins_0/rest-000111/bot""],""single"":[""solutions/game_2/single/rest-010111/top"",""solutions/game_2/single/rest-000111/bot""]}","[0,1,0,1,1,1]","[0,0,0,1,1,1]",0,1,5,2,home_win,home,0,72
55497,3,"{""series"":[""solutions/game_3/series/home_wins_1/rest-111010/top"",""solutions/game_3/series/home_wins_1/rest-011110/bot""],""single"":[""solutions/game_3/single/rest-111010/top"",""solutions/game_3/single/rest-011110/bot""]}","[1,1,1,0,1,0]","[0,1,1,1,1,0]",1,1,5,11,away_win,away,0,93
55497,4,"{""series"":[""solutions/game_4/series/home_wins_1/rest-011101/top"",""solutions/game_4/series/home_wins_1/rest-100011/bot""],""single"":[""solutions/game_4/single/rest-011101/top"",""solutions/game_4/single/rest-100011/bot""]}","[0,1,1,1,0,1]","[1,0,0,0,1,1]",1,2,10,1,home_win,home,0,40
55497,5,"{""series"":[""solutions/game_5/single/rest-011111/top"",""solutions/game_5/single/rest-101111/bot""],""single"":[""solutions/game_5/single/rest-011111/top"",""solutions/game_5/single/rest-101111/bot""]}","[0,1,1,1,1,1]","[1,0,1,1,1,1]",2,2,5,4,home_win,home,0,85
55498,1,"{""series"":[""solutions/game_1/series/rest-111111/top"",""solutions/game_1/series/rest-111111/bot""],""single"":[""solutions/game_1/single/rest-111111/top"",""solutions/game_1/single/rest-111111/bot""]}","[1,1,1,1,1,1]","[1,1,1,1,1,1]",0,0,8,0,home_win,home,0,66
55498,2,"{""series"":[""solutions/game_2/series/home_wins_1/rest-101111/top"",""solutions/game_2/series/home_wins_1/rest-001111/bot""],""single"":[""solutions/game_2/single/rest-101111/top"",""solutions/game_2/single/rest-001111/bot""]}","[1,0,1,1,1,1]","[0,0,1,1,1,1]",1,0,4,6,away_win,away,0,80
55498,3,"{""series"":[""solutions/game_3/series/home_wins_1/rest-111111/top"",""solutions/game_3/series/home_wins_1/rest-111010/bot""],""single"":[""solutions/game_3/single/rest-111111/top"",""solutions/game_3/single/rest-111010/bot""]}","[1,1,1,1,1,1]","[1,1,1,0,1,0]",1,1,10,5,home_win,home,0,88
55498,4,"{""series"":[""solutions/game_4/series/home_wins_2/rest-101110/top"",""solutions/game_4/series/home_wins_2/rest-010111/bot""],""single"":[""solutions/game_4/single/rest-101110/top"",""solutions/game_4/single/rest-010111/bot""]}","[1,0,1,1,1,0]","[0,1,0,1,1,1]",2,1,3,7,away_win,away,0,86
55498,5,"{""series"":[""solutions/game_5/single/rest-111101/top"",""solutions/game_5/single/rest-110010/bot""],""single"":[""solutions/game_5/single/rest-111101/top"",""solutions/game_5/single/rest-110010/bot""]}","[1,1,1,1,0,1]","[1,1,0,0,1,0]",2,2,3,2,home_win,home,0,67
55499,1,"{""series"":[""solutions/game_1/series/rest-111111/top"",""solutions/game_1/series/rest-111111/bot""],""single"":[""solutions/game_1/single/rest-111111/top"",""solutions/game_1/single/rest-111111/bot""]}","[1,1,1,1,1,1]","[1,1,1,1,1,1]",0,0,5,13,away_win,away,0,83
55499,2,"{""series"":[""solutions/game_2/series/home_wins_0/rest-011110/top"",""solutions/game_2/series/home_wins_0/rest-011101/bot""],""single"":[""solutions/game_2/single/rest-011110/top"",""solutions/game_2/single/rest-011101/bot""]}","[0,1,1,1,1,0]","[0,1,1,1,0,1]",0,1,8,9,away_win,away,0,98
55499,3,"{""series"":[""solutions/game_3/series/home_wins_0/rest-110011/top"",""solutions/game_3/series/home_wins_0/rest-100011/bot""],""single"":[""solutions/game_3/single/rest-110011/top"",""solutions/game_3/single/rest-100011/bot""]}","[1,1,0,0,1,1]","[1,0,0,0,1,1]",0,2,4,11,away_win,away,0,86
55499,4,"{""series"":[""solutions/game_4/single/rest-011100/top"",""solutions/game_4/single/rest-111100/bot""],""single"":[""solutions/game_4/single/rest-011100/top"",""solutions/game_4/single/rest-111100/bot""]}","[0,1,1,1,0,0]","[1,1,1,1,0,0]",0,3,2,9,away_win,away,1,86
55499,5,"{""series"":[""solutions/game_5/single/rest-101111/top"",""solutions/game_5/single/rest-011011/bot""],""single"":[""solutions/game_5/single/rest-101111/top"",""solutions/game_5/single/rest-011011/bot""]}","[1,0,1,1,1,1]","[0,1,1,0,1,1]",0,4,3,7,away_win,away,1,91
55500,1,"{""series"":[""solutions/game_1/series/rest-111111/top"",""solutions/game_1/series/rest-111111/bot""],""single"":[""solutions/game_1/single/rest-111111/top"",""solutions/game_1/single/rest-111111/bot""]}","[1,1,1,1,1,1]","[1,1,1,1,1,1]",0,0,9,4,home_win,home,0,82
55500,2,"{""series"":[""solutions/game_2/series/home_wins_1/rest-111101/top"",""solutions/game_2/series/home_wins_1/rest-001110/bot""],""single"":[""solutions/game_2/single/rest-111101/top"",""solutions/game_2/single/rest-001110/bot""]}","[1,1,1,1,0,1]","[0,0,1,1,1,0]",1,0,7,3,home_win,home,0,84
55500,3,"{""series"":[""solutions/game_3/series/home_wins_2/rest-111110/top"",""solutions/game_3/series/home_wins_2/rest-111000/bot""],""single"":[""solutions/game_3/single/rest-111110/top"",""solutions/game_3/single/rest-111000/bot""]}","[1,1,1,1,1,0]","[1,1,1,0,0,0]",2,0,2,10,away_win,away,0,51
55500,4,"{""series"":[""solutions/game_4/series/home_wins_2/rest-111111/top"",""solutions/game_4/series/home_wins_2/rest-111111/bot""],""single"":[""solutions/game_4/single/rest-111111/top"",""solutions/game_4/single/rest-111111/bot""]}","[1,1,1,1,1,1]","[1,1,1,1,1,1]",2,1,3,8,away_win,away,0,86
55500,5,"{""series"":[""solutions/game_5/single/rest-011111/top"",""solutions/game_5/single/rest-101110/bot""],""single"":[""solutions/game_5/single/rest-011111/top"",""solutions/game_5/single/rest-101110/bot""]}","[0,1,1,1,1,1]","[1,0,1,1,1,0]",2,2,1,2,away_win,away,0,84
55501,1,"{""series"":[""solutions/game_1/series/rest-111111/top"",""solutions/game_1/series/rest-111111/bot""],""single"":[""solutions/game_1/single/rest-111111/top"",""solutions/game_1/single/rest-111111/bot""]}","[1,1,1,1,1,1]","[1,1,1,1,1,1]",0,0,3,5,away_win,away,0,85
55501,2,"{""series"":[""solutions/game_2/series/home_wins_0/rest-110101/top"",""solutions/game_2/series/home_wins_0/rest-011110/bot""],""single"":[""solutions/game_2/single/rest-110101/top"",""solutions/game_2/single/rest-011110/bot""]}","[1,1,0,1,0,1]","[0,1,1,1,1,0]",0,1,3,4,away_win,away,0,77
55501,3,"{""series"":[""solutions/game_3/series/home_wins_0/rest-011110/top"",""solutions/game_3/series/home_wins_0/rest-101001/bot""],""single"":[""solutions/game_3/single/rest-011110/top"",""solutions/game_3/single/rest-101001/bot""]}","[0,1,1,1,1,0]","[1,0,1,0,0,1]",0,2,2,3,away_win,away,0,77
55501,4,"{""series"":[""solutions/game_4/single/rest-010101/top"",""solutions/game_4/single/rest-011110/bot""],""single"":[""solutions/game_4/single/rest-010101/top"",""solutions/game_4/single/rest-011110/bot""]}","[0,1,0,1,0,1]","[0,1,1,1,1,0]",0,3,4,5,away_win,away,1,86
55501,5,"{""series"":[""solutions/game_5/single/rest-101110/top"",""solutions/game_5/single/rest-010101/bot""],""single"":[""solutions/game_5/single/rest-101110/top"",""solutions/game_5/single/rest-010101/bot""]}","[1,0,1,1,1,0]","[0,1,0,1,0,1]",0,4,4,8,away_win,away,1,93
55502,1,"{""series"":[""solutions/game_1/series/rest-111111/top"",""solutions/game_1/series/rest-111111/bot""],""single"":[""solutions/game_1/single/rest-111111/top"",""solutions/game_1/single/rest-111111/bot""]}","[1,1,1,1,1,1]","[1,1,1,1,1,1]",0,0,3,5,away_win,away,0,76
55502,2,"{""series"":[""solutions/game_2/series/home_wins_0/rest-111111/top"",""solutions/game_2/series/home_wins_0/rest-001010/bot""],""single"":[""solutions/game_2/single/rest-111111/top"",""solutions/game_2/single/rest-001010/bot""]}","[1,1,1,1,1,1]","[0,0,1,0,1,0]",0,1,0,8,away_win,away,0,34
55502,3,"{""series"":[""solutions/game_3/series/home_wins_0/rest-111111/top"",""solutions/game_3/series/home_wins_0/rest-111111/bot""],""single"":[""solutions/game_3/single/rest-111111/top"",""solutions/game_3/single/rest-111111/bot""]}","[1,1,1,1,1,1]","[1,1,1,1,1,1]",0,2,7,4,home_win,home,0,77
55502,4,"{""series"":[""solutions/game_4/series/home_wins_1/rest-111101/top"",""solutions/game_4/series/home_wins_1/rest-111110/bot""],""single"":[""solutions/game_4/single/rest-111101/top"",""solutions/game_4/single/rest-111110/bot""]}","[1,1,1,1,0,1]","[1,1,1,1,1,0]",1,2,4,3,home_win,home,0,88
55502,5,"{""series"":[""solutions/game_5/single/rest-010111/top"",""solutions/game_5/single/rest-010011/bot""],""single"":[""solutions/game_5/single/rest-010111/top"",""solutions/game_5/single/rest-010011/bot""]}","[0,1,0,1,1,1]","[0,1,0,0,1,1]",2,2,6,4,home_win,home,0,88
55503,1,"{""series"":[""solutions/game_1/series/rest-111111/top"",""solutions/game_1/series/rest-111111/bot""],""single"":[""solutions/game_1/single/rest-111111/top"",""solutions/game_1/single/rest-111111/bot""]}","[1,1,1,1,1,1]","[1,1,1,1,1,1]",0,0,5,4,home_win,home,0,78
55503,2,"{""series"":[""solutions/game_2/series/home_wins_1/rest-011001/top"",""solutions/game_2/series/home_wins_1/rest-101111/bot""],""single"":[""solutions/game_2/single/rest-011001/top"",""solutions/game_2/single/rest-101111/bot""]}","[0,1,1,0,0,1]","[1,0,1,1,1,1]",1,0,8,0,home_win,home,0,42
55503,3,"{""series"":[""solutions/game_3/series/home_wins_2/rest-111011/top"",""solutions/game_3/series/home_wins_2/rest-111111/bot""],""single"":[""solutions/game_3/single/rest-111011/top"",""solutions/game_3/single/rest-111111/bot""]}","[1,1,1,0,1,1]","[1,1,1,1,1,1]",2,0,4,8,away_win,away,0,84
55503,4,"{""series"":[""solutions/game_4/series/home_wins_2/rest-111110/top"",""solutions/game_4/series/home_wins_2/rest-101010/bot""],""single"":[""solutions/game_4/single/rest-111110/top"",""solutions/game_4/single/rest-101010/bot""]}","[1,1,1,1,1,0]","[1,0,1,0,1,0]",2,1,6,5,home_win,home,0,99
55503,5,"{""series"":[""solutions/game_5/single/rest-101001/top"",""solutions/game_5/single/rest-011100/bot""],""single"":[""solutions/game_5/single/rest-101001/top"",""solutions/game_5/single/rest-011100/bot""]}","[1,0,1,0,0,1]","[0,1,1,1,0,0]",3,1,8,6,home_win,home,1,86
55504,1,"{""series"":[""solutions/game_1/series/rest-111111/top"",""solutions/game_1/series/rest-111111/bot""],""single"":[""solutions/game_1/single/rest-111111/top"",""solutions/game_1/single/rest-111111/bot""]}","[1,1,1,1,1,1]","[1,1,1,1,1,1]",0,0,6,3,home_win,home,0,87
55504,2,"{""series"":[""solutions/game_2/series/home_wins_1/rest-010011/top"",""solutions/game_2/series/home_wins_1/rest-001011/bot""],""single"":[""solutions/game_2/single/rest-010011/top"",""solutions/game_2/single/rest-001011/bot""]}","[0,1,0,0,1,1]","[0,0,1,0,1,1]",1,0,1,8,away_win,away,0,81
55504,3,"{""series"":[""solutions/game_3/series/home_wins_1/rest-101111/top"",""solutions/game_3/series/home_wins_1/rest-111100/bot""],""single"":[""solutions/game_3/single/rest-101111/top"",""solutions/game_3/single/rest-111100/bot""]}","[1,0,1,1,1,1]","[1,1,1,1,0,0]",1,1,2,5,away_win,away,0,80
55504,4,"{""series"":[""solutions/game_4/series/home_wins_1/rest-111011/top"",""solutions/game_4/series/home_wins_1/rest-000011/bot""],""single"":[""solutions/game_4/single/rest-111011/top"",""solutions/game_4/single/rest-000011/bot""]}","[1,1,1,0,1,1]","[0,0,0,0,1,1]",1,2,1,9,away_win,away,0,48
55504,5,"{""series"":[""solutions/game_5/single/rest-111101/top"",""solutions/game_5/single/rest-111111/bot""],""single"":[""solutions/game_5/single/rest-111101/top"",""solutions/game_5/single/rest-111111/bot""]}","[1,1,1,1,0,1]","[1,1,1,1,1,1]",1,3,9,0,home_win,home,1,53
55505,1,"{""series"":[""solutions/game_1/series/rest-111111/top"",""solutions/game_1/series/rest-111111/bot""],""single"":[""solutions/game_1/single/rest-111111/top"",""solutions/game_1/single/rest-111111/bot""]}","[1,1,1,1,1,1]","[1,1,1,1,1,1]",0,0,5,10,away_win,away,0,86
55505,2,"{""series"":[""solutions/game_2/series/home_wins_0/rest-111110/top"",""solutions/game_2/series/home_wins_0/rest-111010/bot""],""single"":[""solutions/game_2/single/rest-111110/top"",""solutions/game_2/single/rest-111010/bot""]}","[1,1,1,1,1,0]","[1,1,1,0,1,0]",0,1,1,3,away_win,away,0,77
55505,3,"{""series"":[""solutions/game_3/series/home_wins_0/rest-011001/top"",""solutions/game_3/series/home_wins_0/rest-111101/bot""],""single"":[""solutions/game_3/single/rest-011001/top"",""solutions/game_3/single/rest-111101/bot""]}","[0,1,1,0,0,1]","[1,1,1,1,0,1]",0,2,4,3,home_win,home,0,80
55505,4,"{""series"":[""solutions/game_4/series/home_wins_1/rest-111110/top"",""solutions/game_4/series/home_wins_1/rest-111110/bot""],""single"":[""solutions/game_4/single/rest-111110/top"",""solutions/game_4/single/rest-111110/bot""]}","[1,1,1,1,1,0]","[1,1,1,1,1,0]",1,2,6,14,away_win,away,0,89
55505,5,"{""series"":[""solutions/game_5/single/rest-100001/top"",""solutions/game_5/single/rest-001011/bot""],""single"":[""solutions/game_5/single/rest-100001/top"",""solutions/game_5/single/rest-001011/bot""]}","[1,0,0,0,0,1]","[0,0,1,0,1,1]",1,3,1,0,home_win,home,1,72
55506,1,"{""series"":[""solutions/game_1/series/rest-111111/top"",""solutions/game_1/series/rest-111111/bot""],""single"":[""solutions/game_1/single/rest-111111/top"",""solutions/game_1/single/rest-111111/bot""]}","[1,1,1,1,1,1]","[1,1,1,1,1,1]",0,0,0,4,away_win,away,0,76
55506,2,"{""series"":[""solutions/game_2/series/home_wins_0/rest-111001/top"",""solutions/game_2/series/home_wins_0/rest-101010/bot""],""single"":[""solutions/game_2/single/rest-111001/top"",""solutions/game_2/single/rest-101010/bot""]}","[1,1,1,0,0,1]","[1,0,1,0,1,0]",0,1,0,9,away_win,away,0,75
55506,3,"{""series"":[""solutions/game_3/series/home_wins_0/rest-111110/top"",""solutions/game_3/series/home_wins_0/rest-111111/bot""],""single"":[""solutions/game_3/single/rest-111110/top"",""solutions/game_3/single/rest-111111/bot""]}","[1,1,1,1,1,0]","[1,1,1,1,1,1]",0,2,4,2,home_win,home,0,76
55506,4,"{""series"":[""solutions/game_4/series/home_wins_1/rest-111011/top"",""solutions/game_4/series/home_wins_1/rest-001011/bot""],""single"":[""solutions/game_4/single/rest-111011/top"",""solutions/game_4/single/rest-001011/bot""]}","[1,1,1,0,1,1]","[0,0,1,0,1,1]",1,2,1,3,away_win,away,0,82
55506,5,"{""series"":[""solutions/game_5/single/rest-011101/top"",""solutions/game_5/single/rest-011111/bot""],""single"":[""solutions/game_5/single/rest-011101/top"",""solutions/game_5/single/rest-011111/bot""]}","[0,1,1,1,0,1]","[0,1,1,1,1,1]",1,3,9,7,home_win,home,1,87
55507,1,"{""series"":[""solutions/game_1/series/rest-111111/top"",""solutions/game_1/series/rest-111111/bot""],""single"":[""solutions/game_1/single/rest-111111/top"",""solutions/game_1/single/rest-111111/bot""]}","[1,1,1,1,1,1]","[1,1,1,1,1,1]",0,0,5,3,home_win,home,0,87
55507,2,"{""series"":[""solutions/game_2/series/home_wins_1/rest-010001/top"",""solutions/game_2/series/home_wins_1/rest-011011/bot""],""single"":[""solutions/game_2/single/rest-010001/top"",""solutions/game_2/single/rest-011011/bot""]}","[0,1,0,0,0,1]","[0,1,1,0,1,1]",1,0,2,3,away_win,away,0,86
55507,3,"{""series"":[""solutions/game_3/series/home_wins_1/rest-101110/top"",""solutions/game_3/series/home_wins_1/rest-101001/bot""],""single"":[""solutions/game_3/single/rest-101110/top"",""solutions/game_3/single/rest-101001/bot""]}","[1,0,1,1,1,0]","[1,0,1,0,0,1]",1,1,5,4,home_win,home,0,74
55507,4,"{""series"":[""solutions/game_4/series/home_wins_2/rest-110011/top"",""solutions/game_4/series/home_wins_2/rest-011110/bot""],""single"":[""solutions/game_4/single/rest-110011/top"",""solutions/game_4/single/rest-011110/bot""]}","[1,1,0,0,1,1]","[0,1,1,1,1,0]",2,1,4,3,home_win,home,0,79
55507,5,"{""series"":[""solutions/game_5/single/rest-011110/top"",""solutions/game_5/single/rest-101011/bot""],""single"":[""solutions/game_5/single/rest-011110/top"",""solutions/game_5/single/rest-101011/bot""]}","[0,1,1,1,1,0]","[1,0,1,0,1,1]",3,1,12,4,home_win,home,1,86
55508,1,"{""series"":[""solutions/game_1/series/rest-111111/top"",""solutions/game_1/series/rest-111111/bot""],""single"":[""solutions/game_1/single/rest-111111/top"",""solutions/game_1/single/rest-111111/bot""]}","[1,1,1,1,1,1]","[1,1,1,1,1,1]",0,0,2,10,away_win,away,0,61
55508,2,"{""series"":[""solutions/game_2/series/home_wins_0/rest-111110/top"",""solutions/game_2/series/home_wins_0/rest-111011/bot""],""single"":[""solutions/game_2/single/rest-111110/top"",""solutions/game_2/single/rest-111011/bot""]}","[1,1,1,1,1,0]","[1,1,1,0,1,1]",0,1,0,0,tie,home,0,76
55508,3,"{""series"":[""solutions/game_3/series/home_wins_1/rest-011111/top"",""solutions/game_3/series/home_wins_1/rest-100111/bot""],""single"":[""solutions/game_3/single/rest-011111/top"",""solutions/game_3/single/rest-100111/bot""]}","[0,1,1,1,1,1]","[1,0,0,1,1,1]",1,1,2,0,home_win,home,0,66
55508,4,"{""series"":[""solutions/game_4/series/home_wins_2/rest-111111/top"",""solutions/game_4/series/home_wins_2/rest-011111/bot""],""single"":[""solutions/game_4/single/rest-111111/top"",""solutions/game_4/single/rest-011111/bot""]}","[1,1,1,1,1,1]","[0,1,1,1,1,1]",2,1,3,8,away_win,away,0,90
55508,5,"{""series"":[""solutions/game_5/single/rest-011110/top"",""solutions/game_5/single/rest-101110/bot""],""single"":[""solutions/game_5/single/rest-011110/top"",""solutions/game_5/single/rest-101110/bot""]}","[0,1,1,1,1,0]","[1,0,1,1,1,0]",2,2,2,3,away_win,away,0,77
55509,1,"{""series"":[""solutions/game_1/series/rest-111111/top"",""solutions/game_1/series/rest-111111/bot""],""single"":[""solutions/game_1/single/rest-111111/top"",""solutions/game_1/single/rest-111111/bot""]}","[1,1,1,1,1,1]","[1,1,1,1,1,1]",0,0,8,2,home_win,home,0,79
55509,2,"{""series"":[""solutions/game_2/series/home_wins_1/rest-111101/top"",""solutions/game_2/series/home_wins_1/rest-011110/bot""],""single"":[""solutions/game_2/single/rest-111101/top"",""solutions/game_2/single/rest-011110/bot""]}","[1,1,1,1,0,1]","[0,1,1,1,1,0]",1,0,2,1,home_win,home,0,74
55509,3,"{""series"":[""solutions/game_3/series/home_wins_2/rest-111011/top"",""solutions/game_3/series/home_wins_2/rest-101000/bot""],""single"":[""solutions/game_3/single/rest-111011/top"",""solutions/game_3/single/rest-101000/bot""]}","[1,1,1,0,1,1]","[1,0,1,0,0,0]",2,0,6,7,away_win,away,0,101
55509,4,"{""series"":[""solutions/game_4/series/home_wins_2/rest-010101/top"",""solutions/game_4/series/home_wins_2/rest-110111/bot""],""single"":[""solutions/game_4/single/rest-010101/top"",""solutions/game_4/single/rest-110111/bot""]}","[0,1,0,1,0,1]","[1,1,0,1,1,1]",2,1,10,4,home_win,home,0,88
55509,5,"{""series"":[""solutions/game_5/single/rest-111111/top"",""solutions/game_5/single/rest-011100/bot""],""single"":[""solutions/game_5/single/rest-111111/top"",""solutions/game_5/single/rest-011100/bot""]}","[1,1,1,1,1,1]","[0,1,1,1,0,0]",3,1,5,4,home_win,home,1,79
55510,1,"{""series"":[""solutions/game_1/series/rest-111111/top"",""solutions/game_1/series/rest-111111/bot""],""single"":[""solutions/game_1/single/rest-111111/top"",""solutions/game_1/single/rest-111111/bot""]}","[1,1,1,1,1,1]","[1,1,1,1,1,1]",0,0,0,8,away_win,away,0,25
55510,2,"{""series"":[""solutions/game_2/series/home_wins_0/rest-111111/top"",""solutions/game_2/series/home_wins_0/rest-111111/bot""],""single"":[""solutions/game_2/single/rest-111111/top"",""solutions/game_2/single/rest-111111/bot""]}","[1,1,1,1,1,1]","[1,1,1,1,1,1]",0,1,4,2,home_win,home,0,76
55510,3,"{""series"":[""solutions/game_3/series/home_wins_1/rest-111011/top"",""solutions/game_3/series/home_wins_1/rest-001110/bot""],""single"":[""solutions/game_3/single/rest-111011/top"",""solutions/game_3/single/rest-001110/bot""]}","[1,1,1,0,1,1]","[0,0,1,1,1,0]",1,1,4,6,away_win,away,0,92
55510,4,"{""series"":[""solutions/game_4/series/home_wins_1/rest-100101/top"",""solutions/game_4/series/home_wins_1/rest-110101/bot""],""single"":[""solutions/game_4/single/rest-100101/top"",""solutions/game_4/single/rest-110101/bot""]}","[1,0,0,1,0,1]","[1,1,0,1,0,1]",1,2,6,3,home_win,home,0,77
55510,5,"{""series"":[""solutions/game_5/single/rest-100110/top"",""solutions/game_5/single/rest-111110/bot""],""single"":[""solutions/game_5/single/rest-100110/top"",""solutions/game_5/single/rest-111110/bot""]}","[1,0,0,1,1,0]","[1,1,1,1,1,0]",2,2,4,5,away_win,away,0,78
55511,1,"{""series"":[""solutions/game_1/series/rest-111111/top"",""solutions/game_1/series/rest-111111/bot""],""single"":[""solutions/game_1/single/rest-111111/top"",""solutions/game_1/single/rest-111111/bot""]}","[1,1,1,1,1,1]","[1,1,1,1,1,1]",0,0,6,2,home_win,home,0,86
55511,2,"{""series"":[""solutions/game_2/series/home_wins_1/rest-011011/top"",""solutions/game_2/series/home_wins_1/rest-111000/bot""],""single"":[""solutions/game_2/single/rest-011011/top"",""solutions/game_2/single/rest-111000/bot""]}","[0,1,1,0,1,1]","[1,1,1,0,0,0]",1,0,0,8,away_win,away,0,43
55511,3,"{""series"":[""solutions/game_3/series/home_wins_1/rest-111111/top"",""solutions/game_3/series/home_wins_1/rest-111111/bot""],""single"":[""solutions/game_3/single/rest-111111/top"",""solutions/game_3/single/rest-111111/bot""]}","[1,1,1,1,1,1]","[1,1,1,1,1,1]",1,1,6,5,home_win,home,0,88
55511,4,"{""series"":[""solutions/game_4/series/home_wins_2/rest-110011/top"",""solutions/game_4/series/home_wins_2/rest-011010/bot""],""single"":[""solutions/game_4/single/rest-110011/top"",""solutions/game_4/single/rest-011010/bot""]}","[1,1,0,0,1,1]","[0,1,1,0,1,0]",2,1,3,2,home_win,home,0,76
55511,5,"{""series"":[""solutions/game_5/single/rest-111100/top"",""solutions/game_5/single/rest-110111/bot""],""single"":[""solutions/game_5/single/rest-111100/top"",""solutions/game_5/single/rest-110111/bot""]}","[1,1,1,1,0,0]","[1,1,0,1,1,1]",3,1,1,2,away_win,away,1,72
55512,1,"{""series"":[""solutions/game_1/series/rest-111111/top"",""solutions/game_1/series/rest-111111/bot""],""single"":[""solutions/game_1/single/rest-111111/top"",""solutions/game_1/single/rest-111111/bot""]}","[1,1,1,1,1,1]","[1,1,1,1,1,1]",0,0,5,4,home_win,home,0,84
55512,2,"{""series"":[""solutions/game_2/series/home_wins_1/rest-010011/top"",""solutions/game_2/series/home_wins_1/rest-101111/bot""],""single"":[""solutions/game_2/single/rest-010011/top"",""solutions/game_2/single/rest-101111/bot""]}","[0,1,0,0,1,1]","[1,0,1,1,1,1]",1,0,6,4,home_win,home,0,86
55512,3,"{""series"":[""solutions/game_3/series/home_wins_2/rest-101110/top"",""solutions/game_3/series/home_wins_2/rest-000011/bot""],""single"":[""solutions/game_3/single/rest-101110/top"",""solutions/game_3/single/rest-000011/bot""]}","[1,0,1,1,1,0]","[0,0,0,0,1,1]",2,0,3,2,home_win,home,0,89
55512,4,"{""series"":[""solutions/game_4/single/rest-010101/top"",""solutions/game_4/single/rest-111110/bot""],""single"":[""solutions/game_4/single/rest-010101/top"",""solutions/game_4/single/rest-111110/bot""]}","[0,1,0,1,0,1]","[1,1,1,1,1,0]",3,0,5,7,away_win,away,1,86
55512,5,"{""series"":[""solutions/game_5/single/rest-101011/top"",""solutions/game_5/single/rest-000011/bot""],""single"":[""solutions/game_5/single/rest-101011/top"",""solutions/game_5/single/rest-000011/bot""]}","[1,0,1,0,1,1]","[0,0,0,0,1,1]",3,1,6,3,home_win,home,1,93
55513,1,"{""series"":[""solutions/game_1/series/rest-111111/top"",""solutions/game_1/series/rest-111111/bot""],""single"":[""solutions/game_1/single/rest-111111/top"",""solutions/game_1/single/rest-111111/bot""]}","[1,1,1,1,1,1]","[1,1,1,1,1,1]",0,0,6,5,home_win,home,0,78
55513,2,"{""series"":[""solutions/game_2/series/home_wins_1/rest-111111/top"",""solutions/game_2/series/home_wins_1/rest-101011/bot""],""single"":[""solutions/game_2/single/rest-111111/top"",""solutions/game_2/single/rest-101011/bot""]}","[1,1,1,1,1,1]","[1,0,1,0,1,1]",1,0,6,1,home_win,home,0,70
55513,3,"{""series"":[""solutions/game_3/series/home_wins_2/rest-111101/top"",""solutions/game_3/series/home_wins_2/rest-110110/bot""],""single"":[""solutions/game_3/single/rest-111101/top"",""solutions/game_3/single/rest-110110/bot""]}","[1,1,1,1,0,1]","[1,1,0,1,1,0]",2,0,5,1,home_win,home,0,77
55513,4,"{""series"":[""solutions/game_4/single/rest-010011/top"",""solutions/game_4/single/rest-101011/bot""],""single"":[""solutions/game_4/single/rest-010011/top"",""solutions/game_4/single/rest-101011/bot""]}","[0,1,0,0,1,1]","[1,0,1,0,1,1]",3,0,16,15,home_win,home,1,113
55513,5,"{""series"":[""solutions/game_5/single/rest-111101/top"",""solutions/game_5/single/rest-110100/bot""],""single"":[""solutions/game_5/single/rest-111101/top"",""solutions/game_5/single/rest-110100/bot""]}","[1,1,1,1,0,1]","[1,1,0,1,0,0]",4,0,11,3,home_win,home,1,77
55514,1,"{""series"":[""solutions/game_1/series/rest-111111/top"",""solutions/game_1/series/rest-111111/bot""],""single"":[""solutions/game_1/single/rest-111111/top"",""solutions/game_1/single/rest-111111/bot""]}","[1,1,1,1,1,1]","[1,1,1,1,1,1]",0,0,3,0,home_win,home,0,66
55514,2,"{""series"":[""solutions/game_2/series/home_wins_1/rest-110111/top"",""solutions/game_2/series/home_wins_1/rest-001011/bot""],""single"":[""solutions/game_2/single/rest-110111/top"",""solutions/game_2/single/rest-001011/bot""]}","[1,1,0,1,1,1]","[0,0,1,0,1,1]",1,0,4,12,away_win,away,0,89
55514,3,"{""series"":[""solutions/game_3/series/home_wins_1/rest-011100/top"",""solutions/game_3/series/home_wins_1/rest-011111/bot""],""single"":[""solutions/game_3/single/rest-011100/top"",""solutions/game_3/single/rest-011111/bot""]}","[0,1,1,1,0,0]","[0,1,1,1,1,1]",1,1,5,0,home_win,home,0,77
55514,4,"{""series"":[""solutions/game_4/series/home_wins_2/rest-111011/top"",""solutions/game_4/series/home_wins_2/rest-101001/bot""],""single"":[""solutions/game_4/single/rest-111011/top"",""solutions/game_4/single/rest-101001/bot""]}","[1,1,1,0,1,1]","[1,0,1,0,0,1]",2,1,1,11,away_win,away,0,44
55514,5,"{""series"":[""solutions/game_5/single/rest-111111/top"",""solutions/game_5/single/rest-111111/bot""],""single"":[""solutions/game_5/single/rest-111111/top"",""solutions/game_5/single/rest-111111/bot""]}","[1,1,1,1,1,1]","[1,1,1,1,1,1]",2,2,3,6,away_win,away,0,82
55515,1,"{""series"":[""solutions/game_1/series/rest-111111/top"",""solutions/game_1/series/rest-111111/bot""],""single"":[""solutions/game_1/single/rest-111111/top"",""solutions/game_1/single/rest-111111/bot""]}","[1,1,1,1,1,1]","[1,1,1,1,1,1]",0,0,4,5,away_win,away,0,87
55515,2,"{""series"":[""solutions/game_2/series/home_wins_0/rest-010101/top"",""solutions/game_2/series/home_wins_0/rest-001010/bot""],""single"":[""solutions/game_2/single/rest-010101/top"",""solutions/game_2/single/rest-001010/bot""]}","[0,1,0,1,0,1]","[0,0,1,0,1,0]",0,1,7,11,away_win,away,0,91
55515,3,"{""series"":[""solutions/game_3/series/home_wins_0/rest-101011/top"",""solutions/game_3/series/home_wins_0/rest-111100/bot""],""single"":[""solutions/game_3/single/rest-101011/top"",""solutions/game_3/single/rest-111100/bot""]}","[1,0,1,0,1,1]","[1,1,1,1,0,0]",0,2,13,7,home_win,home,0,94
55515,4,"{""series"":[""solutions/game_4/series/home_wins_1/rest-101110/top"",""solutions/game_4/series/home_wins_1/rest-010011/bot""],""single"":[""solutions/game_4/single/rest-101110/top"",""solutions/game_4/single/rest-010011/bot""]}","[1,0,1,1,1,0]","[0,1,0,0,1,1]",1,2,1,9,away_win,away,0,51
55515,5,"{""series"":[""solutions/game_5/single/rest-011111/top"",""solutions/game_5/single/rest-110111/bot""],""single"":[""solutions/game_5/single/rest-011111/top"",""solutions/game_5/single/rest-110111/bot""]}","[0,1,1,1,1,1]","[1,1,0,1,1,1]",1,3,11,5,home_win,home,1,91
55516,1,"{""series"":[""solutions/game_1/series/rest-111111/top"",""solutions/game_1/series/rest-111111/bot""],""single"":[""solutions/game_1/single/rest-111111/top"",""solutions/game_1/single/rest-111111/bot""]}","[1,1,1,1,1,1]","[1,1,1,1,1,1]",0,0,8,7,home_win,home,0,89
55516,2,"{""series"":[""solutions/game_2/series/home_wins_1/rest-010000/top"",""solutions/game_2/series/home_wins_1/rest-001011/bot""],""single"":[""solutions/game_2/single/rest-010000/top"",""solutions/game_2/single/rest-001011/bot""]}","[0,1,0,0,0,0]","[0,0,1,0,1,1]",1,0,7,11,away_win,away,0,91
55516,3,"{""series"":[""solutions/game_3/series/home_wins_1/rest-111111/top"",""solutions/game_3/series/home_wins_1/rest-111100/bot""],""single"":[""solutions/game_3/single/rest-111111/top"",""solutions/game_3/single/rest-111100/bot""]}","[1,1,1,1,1,1]","[1,1,1,1,0,0]",1,1,6,7,away_win,away,0,87
55516,4,"{""series"":[""solutions/game_4/series/home_wins_1/rest-010011/top"",""solutions/game_4/series/home_wins_1/rest-000011/bot""],""single"":[""solutions/game_4/single/rest-010011/top"",""solutions/game_4/single/rest-000011/bot""]}","[0,1,0,0,1,1]","[0,0,0,0,1,1]",1,2,1,4,away_win,away,0,71
55516,5,"{""series"":[""solutions/game_5/single/rest-111110/top"",""solutions/game_5/single/rest-101101/bot""],""single"":[""solutions/game_5/single/rest-111110/top"",""solutions/game_5/single/rest-101101/bot""]}","[1,1,1,1,1,0]","[1,0,1,1,0,1]",1,3,8,0,home_win,home,1,43
55517,1,"{""series"":[""solutions/game_1/series/rest-111111/top"",""solutions/game_1/series/rest-111111/bot""],""single"":[""solutions/game_1/single/rest-111111/top"",""solutions/game_1/single/rest-111111/bot""]}","[1,1,1,1,1,1]","[1,1,1,1,1,1]",0,0,1,4,away_win,away,0,79
55517,2,"{""series"":[""solutions/game_2/series/home_wins_0/rest-111110/top"",""solutions/game_2/series/home_wins_0/rest-001010/bot""],""single"":[""solutions/game_2/single/rest-111110/top"",""solutions/game_2/single/rest-001010/bot""]}","[1,1,1,1,1,0]","[0,0,1,0,1,0]",0,1,4,7,away_win,away,0,84
55517,3,"{""series"":[""solutions/game_3/series/home_wins_0/rest-101101/top"",""solutions/game_3/series/home_wins_0/rest-111111/bot""],""single"":[""solutions/game_3/single/rest-101101/top"",""solutions/game_3/single/rest-111111/bot""]}","[1,0,1,1,0,1]","[1,1,1,1,1,1]",0,2,5,1,home_win,home,0,78
55517,4,"{""series"":[""solutions/game_4/series/home_wins_1/rest-011111/top"",""solutions/game_4/series/home_wins_1/rest-101110/bot""],""single"":[""solutions/game_4/single/rest-011111/top"",""solutions/game_4/single/rest-101110/bot""]}","[0,1,1,1,1,1]","[1,0,1,1,1,0]",1,2,11,3,home_win,home,0,59
55517,5,"{""series"":[""solutions/game_5/single/rest-111111/top"",""solutions/game_5/single/rest-111111/bot""],""single"":[""solutions/game_5/single/rest-111111/top"",""solutions/game_5/single/rest-111111/bot""]}","[1,1,1,1,1,1]","[1,1,1,1,1,1]",2,2,5,0,home_win,home,0,75
55518,1,"{""series"":[""solutions/game_1/series/rest-111111/top"",""solutions/game_1/series/rest-111111/bot""],""single"":[""solutions/game_1/single/rest-111111/top"",""solutions/game_1/single/rest-111111/bot""]}","[1,1,1,1,1,1]","[1,1,1,1,1,1]",0,0,5,3,home_win,home,0,75
55518,2,"{""series"":[""solutions/game_2/series/home_wins_1/rest-111011/top"",""solutions/game_2/series/home_wins_1/rest-001011/bot""],""single"":[""solutions/game_2/single/rest-111011/top"",""solutions/game_2/single/rest-001011/bot""]}","[1,1,1,0,1,1]","[0,0,1,0,1,1]",1,0,4,2,home_win,home,0,69
55518,3,"{""series"":[""solutions/game_3/series/home_wins_2/rest-110101/top"",""solutions/game_3/series/home_wins_2/rest-111100/bot""],""single"":[""solutions/game_3/single/rest-110101/top"",""solutions/game_3/single/rest-111100/bot""]}","[1,1,0,1,0,1]","[1,1,1,1,0,0]",2,0,6,7,away_win,away,0,87
55518,4,"{""series"":[""solutions/game_4/series/home_wins_2/rest-011111/top"",""solutions/game_4/series/home_wins_2/rest-001010/bot""],""single"":[""solutions/game_4/single/rest-011111/top"",""solutions/game_4/single/rest-001010/bot""]}","[0,1,1,1,1,1]","[0,0,1,0,1,0]",2,1,4,1,home_win,home,0,83
55518,5,"{""series"":[""solutions/game_5/single/rest-010000/top"",""solutions/game_5/single/rest-110101/bot""],""single"":[""solutions/game_5/single/rest-010000/top"",""solutions/game_5/single/rest-110101/bot""]}","[0,1,0,0,0,0]","[1,1,0,1,0,1]",3,1,9,8,home_win,home,1,89
55519,1,"{""series"":[""solutions/game_1/series/rest-111111/top"",""solutions/game_1/series/rest-111111/bot""],""single"":[""solutions/game_1/single/rest-111111/top"",""solutions/game_1/single/rest-111111/bot""]}","[1,1,1,1,1,1]","[1,1,1,1,1,1]",0,0,3,4,away_win,away,0,78
55519,2,"{""series"":[""solutions/game_2/series/home_wins_0/rest-110011/top"",""solutions/game_2/series/home_wins_0/rest-001010/bot""],""single"":[""solutions/game_2/single/rest-110011/top"",""solutions/game_2/single/rest-001010/bot""]}","[1,1,0,0,1,1]","[0,0,1,0,1,0]",0,1,5,4,home_win,home,0,72
55519,3,"{""series"":[""solutions/game_3/series/home_wins_1/rest-011100/top"",""solutions/game_3/series/home_wins_1/rest-110011/bot""],""single"":[""solutions/game_3/single/rest-011100/top"",""solutions/game_3/single/rest-110011/bot""]}","[0,1,1,1,0,0]","[1,1,0,0,1,1]",1,1,4,5,away_win,away,0,79
55519,4,"{""series"":[""solutions/game_4/series/home_wins_1/rest-110010/top"",""solutions/game_4/series/home_wins_1/rest-111110/bot""],""single"":[""solutions/game_4/single/rest-110010/top"",""solutions/game_4/single/rest-111110/bot""]}","[1,1,0,0,1,0]","[1,1,1,1,1,0]",1,2,2,8,away_win,away,0,84
55519,5,"{""series"":[""solutions/game_5/single/rest-011111/top"",""solutions/game_5/single/rest-010101/bot""],""single"":[""solutions/game_5/single/rest-011111/top"",""solutions/game_5/single/rest-010101/bot""]}","[0,1,1,1,1,1]","[0,1,0,1,0,1]",1,3,6,7,away_win,away,1,98
55520,1,"{""series"":[""solutions/game_1/series/rest-111111/top"",""solutions/game_1/series/rest-111111/bot""],""single"":[""solutions/game_1/single/rest-111111/top"",""solutions/game_1/single/rest-111111/bot""]}","[1,1,1,1,1,1]","[1,1,1,1,1,1]",0,0,4,3,home_win,home,0,80
55520,2,"{""series"":[""solutions/game_2/series/home_wins_1/rest-010011/top"",""solutions/game_2/series/home_wins_1/rest-100111/bot""],""single"":[""solutions/game_2/single/rest-010011/top"",""solutions/game_2/single/rest-100111/bot""]}","[0,1,0,0,1,1]","[1,0,0,1,1,1]",1,0,2,10,away_win,away,0,82
55520,3,"{""series"":[""solutions/game_3/series/home_wins_1/rest-111111/top"",""solutions/game_3/series/home_wins_1/rest-011110/bot""],""single"":[""solutions/game_3/single/rest-111111/top"",""solutions/game_3/single/rest-011110/bot""]}","[1,1,1,1,1,1]","[0,1,1,1,1,0]",1,1,2,6,away_win,away,0,86
55520,4,"{""series"":[""solutions/game_4/series/home_wins_1/rest-100101/top"",""solutions/game_4/series/home_wins_1/rest-100101/bot""],""single"":[""solutions/game_4/single/rest-100101/top"",""solutions/game_4/single/rest-100101/bot""]}","[1,0,0,1,0,1]","[1,0,0,1,0,1]",1,2,8,11,away_win,away,0,96
55520,5,"{""series"":[""solutions/game_5/single/rest-010000/top"",""solutions/game_5/single/rest-010010/bot""],""single"":[""solutions/game_5/single/rest-010000/top"",""solutions/game_5/single/rest-010010/bot""]}","[0,1,0,0,0,0]","[0,1,0,0,1,0]",1,3,3,4,away_win,away,1,86
55521,1,"{""series"":[""solutions/game_1/series/rest-111111/top"",""solutions/game_1/series/rest-111111/bot""],""single"":[""solutions/game_1/single/rest-111111/top"",""solutions/game_1/single/rest-111111/bot""]}","[1,1,1,1,1,1]","[1,1,1,1,1,1]",0,0,2,4,away_win,away,0,72
55521,2,"{""series"":[""solutions/game_2/series/home_wins_0/rest-111101/top"",""solutions/game_2/series/home_wins_0/rest-011010/bot""],""single"":[""solutions/game_2/single/rest-111101/top"",""solutions/game_2/single/rest-011010/bot""]}","[1,1,1,1,0,1]","[0,1,1,0,1,0]",0,1,0,4,away_win,away,0,80
55521,3,"{""series"":[""solutions/game_3/series/home_wins_0/rest-000111/top"",""solutions/game_3/series/home_wins_0/rest-111101/bot""],""single"":[""solutions/game_3/single/rest-000111/top"",""solutions/game_3/single/rest-111101/bot""]}","[0,0,0,1,1,1]","[1,1,1,1,0,1]",0,2,4,0,home_win,home,0,76
55521,4,"{""series"":[""solutions/game_4/series/home_wins_1/rest-111010/top"",""solutions/game_4/series/home_wins_1/rest-001010/bot""],""single"":[""solutions/game_4/single/rest-111010/top"",""solutions/game_4/single/rest-001010/bot""]}","[1,1,1,0,1,0]","[0,0,1,0,1,0]",1,2,4,6,away_win,away,0,92
55521,5,"{""series"":[""solutions/game_5/single/rest-100111/top"",""solutions/game_5/single/rest-001110/bot""],""single"":[""solutions/game_5/single/rest-100111/top"",""solutions/game_5/single/rest-001110/bot""]}","[1,0,0,1,1,1]","[0,0,1,1,1,0]",1,3,7,5,home_win,home,1,83
55522,1,"{""series"":[""solutions/game_1/series/rest-111111/top"",""solutions/game_1/series/rest-111111/bot""],""single"":[""solutions/game_1/single/rest-111111/top"",""solutions/game_1/single/rest-111111/bot""]}","[1,1,1,1,1,1]","[1,1,1,1,1,1]",0,0,8,0,home_win,home,0,56
55522,2,"{""series"":[""solutions/game_2/series/home_wins_1/rest-111111/top"",""solutions/game_2/series/home_wins_1/rest-101011/bot""],""single"":[""solutions/game_2/single/rest-111111/top"",""solutions/game_2/single/rest-101011/bot""]}","[1,1,1,1,1,1]","[1,0,1,0,1,1]",1,0,9,4,home_win,home,0,91
55522,3,"{""series"":[""solutions/game_3/series/home_wins_2/rest-111110/top"",""solutions/game_3/series/home_wins_2/rest-110110/bot""],""single"":[""solutions/game_3/single/rest-111110/top"",""solutions/game_3/single/rest-110110/bot""]}","[1,1,1,1,1,0]","[1,1,0,1,1,0]",2,0,2,4,away_win,away,0,70
55522,4,"{""series"":[""solutions/game_4/series/home_wins_2/rest-111111/top"",""solutions/game_4/series/home_wins_2/rest-001010/bot""],""single"":[""solutions/game_4/single/rest-111111/top"",""solutions/game_4/single/rest-001010/bot""]}","[1,1,1,1,1,1]","[0,0,1,0,1,0]",2,1,1,9,away_win,away,0,78
55522,5,"{""series"":[""solutions/game_5/single/rest-101110/top"",""solutions/game_5/single/rest-110110/bot""],""single"":[""solutions/game_5/single/rest-101110/top"",""solutions/game_5/single/rest-110110/bot""]}","[1,0,1,1,1,0]","[1,1,0,1,1,0]",2,2,10,4,home_win,home,0,93
55523,1,"{""series"":[""solutions/game_1/series/rest-111111/top"",""solutions/game_1/series/rest-111111/bot""],""single"":[""solutions/game_1/single/rest-111111/top"",""solutions/game_1/single/rest-111111/bot""]}","[1,1,1,1,1,1]","[1,1,1,1,1,1]",0,0,5,3,home_win,home,0,75
55523,2,"{""series"":[""solutions/game_2/series/home_wins_1/rest-111011/top"",""solutions/game_2/series/home_wins_1/rest-000111/bot""],""single"":[""solutions/game_2/single/rest-111011/top"",""solutions/game_2/single/rest-000111/bot""]}","[1,1,1,0,1,1]","[0,0,0,1,1,1]",1,0,0,1,away_win,away,0,74
55523,3,"{""series"":[""solutions/game_3/series/home_wins_1/rest-101110/top"",""solutions/game_3/series/home_wins_1/rest-111000/bot""],""single"":[""solutions/game_3/single/rest-101110/top"",""solutions/game_3/single/rest-111000/bot""]}","[1,0,1,1,1,0]","[1,1,1,0,0,0]",1,1,6,1,home_win,home,0,74
55523,4,"{""series"":[""solutions/game_4/series/home_wins_2/rest-111001/top"",""solutions/game_4/series/home_wins_2/rest-010111/bot""],""single"":[""solutions/game_4/single/rest-111001/top"",""solutions/game_4/single/rest-010111/bot""]}","[1,1,1,0,0,1]","[0,1,0,1,1,1]",2,1,2,5,away_win,away,0,79
55523,5,"{""series"":[""solutions/game_5/single/rest-111110/top"",""solutions/game_5/single/rest-101011/bot""],""single"":[""solutions/game_5/single/rest-111110/top"",""solutions/game_5/single/rest-101011/bot""]}","[1,1,1,1,1,0]","[1,0,1,0,1,1]",2,2,6,10,away_win,away,0,93
55524,1,"{""series"":[""solutions/game_1/series/rest-111111/top"",""solutions/game_1/series/rest-111111/bot""],""single"":[""solutions/game_1/single/rest-111111/top"",""solutions/game_1/single/rest-111111/bot""]}","[1,1,1,1,1,1]","[1,1,1,1,1,1]",0,0,6,3,home_win,home,0,82
55524,2,"{""series"":[""solutions/game_2/series/home_wins_1/rest-011001/top"",""solutions/game_2/series/home_wins_1/rest-001010/bot""],""single"":[""solutions/game_2/single/rest-011001/top"",""solutions/game_2/single/rest-001010/bot""]}","[0,1,1,0,0,1]","[0,0,1,0,1,0]",1,0,0,4,away_win,away,0,76
55524,3,"{""series"":[""solutions/game_3/series/home_wins_1/rest-011110/top"",""solutions/game_3/series/home_wins_1/rest-110101/bot""],""single"":[""solutions/game_3/single/rest-011110/top"",""solutions/game_3/single/rest-110101/bot""]}","[0,1,1,1,1,0]","[1,1,0,1,0,1]",1,1,4,0,home_win,home,0,72
55524,4,"{""series"":[""solutions/game_4/series/home_wins_2/rest-101111/top"",""solutions/game_4/series/home_wins_2/rest-011110/bot""],""single"":[""solutions/game_4/single/rest-101111/top"",""solutions/game_4/single/rest-011110/bot""]}","[1,0,1,1,1,1]","[0,1,1,1,1,0]",2,1,3,0,home_win,home,0,72
55524,5,"{""series"":[""solutions/game_5/single/rest-011001/top"",""solutions/game_5/single/rest-101001/bot""],""single"":[""solutions/game_5/single/rest-011001/top"",""solutions/game_5/single/rest-101001/bot""]}","[0,1,1,0,0,1]","[1,0,1,0,0,1]",3,1,4,5,away_win,away,1,80
55525,1,"{""series"":[""solutions/game_1/series/rest-111111/top"",""solutions/game_1/series/rest-111111/bot""],""single"":[""solutions/game_1/single/rest-111111/top"",""solutions/game_1/single/rest-111111/bot""]}","[1,1,1,1,1,1]","[1,1,1,1,1,1]",0,0,3,4,away_win,away,0,83
55525,2,"{""series"":[""solutions/game_2/series/home_wins_0/rest-111011/top"",""solutions/game_2/series/home_wins_0/rest-001010/bot""],""single"":[""solutions/game_2/single/rest-111011/top"",""solutions/game_2/single/rest-001010/bot""]}","[1,1,1,0,1,1]","[0,0,1,0,1,0]",0,1,12,6,home_win,home,0,88
55525,3,"{""series"":[""solutions/game_3/series/home_wins_1/rest-110101/top"",""solutions/game_3/series/home_wins_1/rest-110101/bot""],""single"":[""solutions/game_3/single/rest-110101/top"",""solutions/game_3/single/rest-110101/bot""]}","[1,1,0,1,0,1]","[1,1,0,1,0,1]",1,1,5,7,away_win,away,0,93
55525,4,"{""series"":[""solutions/game_4/series/home_wins_1/rest-101010/top"",""solutions/game_4/series/home_wins_1/rest-011011/bot""],""single"":[""solutions/game_4/single/rest-101010/top"",""solutions/game_4/single/rest-011011/bot""]}","[1,0,1,0,1,0]","[0,1,1,0,1,1]",1,2,5,4,home_win,home,0,86
55525,5,"{""series"":[""solutions/game_5/single/rest-000111/top"",""solutions/game_5/single/rest-100111/bot""],""single"":[""solutions/game_5/single/rest-000111/top"",""solutions/game_5/single/rest-100111/bot""]}","[0,0,0,1,1,1]","[1,0,0,1,1,1]",2,2,8,0,home_win,home,0,65
55526,1,"{""series"":[""solutions/game_1/series/rest-111111/top"",""solutions/game_1/series/rest-111111/bot""],""single"":[""solutions/game_1/single/rest-111111/top"",""solutions/game_1/single/rest-111111/bot""]}","[1,1,1,1,1,1]","[1,1,1,1,1,1]",0,0,3,6,away_win,away,0,90
55526,2,"{""series"":[""solutions/game_2/series/home_wins_0/rest-011101/top"",""solutions/game_2/series/home_wins_0/rest-101110/bot""],""single"":[""solutions/game_2/single/rest-011101/top"",""solutions/game_2/single/rest-101110/bot""]}","[0,1,1,1,0,1]","[1,0,1,1,1,0]",0,1,4,4,tie,away,0,81
55526,3,"{""series"":[""solutions/game_3/series/home_wins_0/rest-100011/top"",""solutions/game_3/series/home_wins_0/rest-010111/bot""],""single"":[""solutions/game_3/single/rest-100011/top"",""solutions/game_3/single/rest-010111/bot""]}","[1,0,0,0,1,1]","[0,1,0,1,1,1]",0,2,6,9,away_win,away,0,90
55526,4,"{""series"":[""solutions/game_4/single/rest-011000/top"",""solutions/game_4/single/rest-101101/bot""],""single"":[""solutions/game_4/single/rest-011000/top"",""solutions/game_4/single/rest-101101/bot""]}","[0,1,1,0,0,0]","[1,0,1,1,0,1]",0,3,2,7,away_win,away,1,90
55526,5,"{""series"":[""solutions/game_5/single/rest-110111/top"",""solutions/game_5/single/rest-011011/bot""],""single"":[""solutions/game_5/single/rest-110111/top"",""solutions/game_5/single/rest-011011/bot""]}","[1,1,0,1,1,1]","[0,1,1,0,1,1]",0,4,6,8,away_win,away,1,103
55527,1,"{""series"":[""solutions/game_1/series/rest-111111/top"",""solutions/game_1/series/rest-111111/bot""],""single"":[""solutions/game_1/single/rest-111111/top"",""solutions/game_1/single/rest-111111/bot""]}","[1,1,1,1,1,1]","[1,1,1,1,1,1]",0,0,8,0,home_win,home,0,70
55527,2,"{""series"":[""solutions/game_2/series/home_wins_1/rest-111111/top"",""solutions/game_2/series/home_wins_1/rest-110001/bot""],""single"":[""solutions/game_2/single/rest-111111/top"",""solutions/game_2/single/rest-110001/bot""]}","[1,1,1,1,1,1]","[1,1,0,0,0,1]",1,0,5,4,home_win,home,0,84
55527,3,"{""series"":[""solutions/game_3/series/home_wins_2/rest-011011/top"",""solutions/game_3/series/home_wins_2/rest-101101/bot""],""single"":[""solutions/game_3/single/rest-011011/top"",""solutions/game_3/single/rest-101101/bot""]}","[0,1,1,0,1,1]","[1,0,1,1,0,1]",2,0,2,4,away_win,away,0,82
55527,4,"{""series"":[""solutions/game_4/series/home_wins_2/rest-111110/top"",""solutions/game_4/series/home_wins_2/rest-110010/bot""],""single"":[""solutions/game_4/single/rest-111110/top"",""solutions/game_4/single/rest-110010/bot""]}","[1,1,1,1,1,0]","[1,1,0,0,1,0]",2,1,4,1,home_win,home,0,70
55527,5,"{""series"":[""solutions/game_5/single/rest-110010/top"",""solutions/game_5/single/rest-001111/bot""],""single"":[""solutions/game_5/single/rest-110010/top"",""solutions/game_5/single/rest-001111/bot""]}","[1,1,0,0,1,0]","[0,0,1,1,1,1]",3,1,7,7,tie,home,1,95
55528,1,"{""series"":[""solutions/game_1/series/rest-111111/top"",""solutions/game_1/series/rest-111111/bot""],""single"":[""solutions/game_1/single/rest-111111/top"",""solutions/game_1/single/rest-111111/bot""]}","[1,1,1,1,1,1]","[1,1,1,1,1,1]",0,0,10,1,home_win,home,0,39
55528,2,"{""series"":[""solutions/game_2/series/home_wins_1/rest-111111/top"",""solutions/game_2/series/home_wins_1/rest-111111/bot""],""single"":[""solutions/game_2/single/rest-111111/top"",""solutions/game_2/single/rest-111111/bot""]}","[1,1,1,1,1,1]","[1,1,1,1,1,1]",1,0,4,1,home_win,home,0,78
55528,3,"{""series"":[""solutions/game_3/series/home_wins_2/rest-011001/top"",""solutions/game_3/series/home_wins_2/rest-111011/bot""],""single"":[""solutions/game_3/single/rest-011001/top"",""solutions/game_3/single/rest-111011/bot""]}","[0,1,1,0,0,1]","[1,1,1,0,1,1]",2,0,6,8,away_win,away,0,89
55528,4,"{""series"":[""solutions/game_4/series/home_wins_2/rest-111010/top"",""solutions/game_4/series/home_wins_2/rest-001100/bot""],""single"":[""solutions/game_4/single/rest-111010/top"",""solutions/game_4/single/rest-001100/bot""]}","[1,1,1,0,1,0]","[0,0,1,1,0,0]",2,1,1,3,away_win,away,0,86
55528,5,"{""series"":[""solutions/game_5/single/rest-010111/top"",""solutions/game_5/single/rest-110110/bot""],""single"":[""solutions/game_5/single/rest-010111/top"",""solutions/game_5/single/rest-110110/bot""]}","[0,1,0,1,1,1]","[1,1,0,1,1,0]",2,2,5,6,away_win,away,0,83
55529,1,"{""series"":[""solutions/game_1/series/rest-111111/top"",""solutions/game_1/series/rest-111111/bot""],""single"":[""solutions/game_1/single/rest-111111/top"",""solutions/game_1/single/rest-111111/bot""]}","[1,1,1,1,1,1]","[1,1,1,1,1,1]",0,0,1,10,away_win,away,0,74
55529,2,"{""series"":[""solutions/game_2/series/home_wins_0/rest-111111/top"",""solutions/game_2/series/home_wins_0/rest-001011/bot""],""single"":[""solutions/game_2/single/rest-111111/top"",""solutions/game_2/single/rest-001011/bot""]}","[1,1,1,1,1,1]","[0,0,1,0,1,1]",0,1,9,7,home_win,home,0,81
55529,3,"{""series"":[""solutions/game_3/series/home_wins_1/rest-110011/top"",""solutions/game_3/series/home_wins_1/rest-101111/bot""],""single"":[""solutions/game_3/single/rest-110011/top"",""solutions/game_3/single/rest-101111/bot""]}","[1,1,0,0,1,1]","[1,0,1,1,1,1]",1,1,5,4,home_win,home,0,86
55529,4,"{""series"":[""solutions/game_4/series/home_wins_2/rest-101101/top"",""solutions/game_4/series/home_wins_2/rest-111010/bot""],""single"":[""solutions/game_4/single/rest-101101/top"",""solutions/game_4/single/rest-111010/bot""]}","[1,0,1,1,0,1]","[1,1,1,0,1,0]",2,1,5,4,home_win,home,0,77
55529,5,"{""series"":[""solutions/game_5/single/rest-011110/top"",""solutions/game_5/single/rest-111111/bot""],""single"":[""solutions/game_5/single/rest-011110/top"",""solutions/game_5/single/rest-111111/bot""]}","[0,1,1,1,1,0]","[1,1,1,1,1,1]",3,1,7,10,away_win,away,1,89
55530,1,"{""series"":[""solutions/game_1/series/rest-111111/top"",""solutions/game_1/series/rest-111111/bot""],""single"":[""solutions/game_1/single/rest-111111/top"",""solutions/game_1/single/rest-111111/bot""]}","[1,1,1,1,1,1]","[1,1,1,1,1,1]",0,0,1,0,home_win,home,0,69
55530,2,"{""series"":[""solutions/game_2/series/home_wins_1/rest-111111/top"",""solutions/game_2/series/home_wins_1/rest-001011/bot""],""single"":[""solutions/game_2/single/rest-111111/top"",""solutions/game_2/single/rest-001011/bot""]}","[1,1,1,1,1,1]","[0,0,1,0,1,1]",1,0,7,1,home_win,home,0,81
55530,3,"{""series"":[""solutions/game_3/series/home_wins_2/rest-111110/top"",""solutions/game_3/series/home_wins_2/rest-100110/bot""],""single"":[""solutions/game_3/single/rest-111110/top"",""solutions/game_3/single/rest-100110/bot""]}","[1,1,1,1,1,0]","[1,0,0,1,1,0]",2,0,0,8,away_win,away,0,10
55530,4,"{""series"":[""solutions/game_4/series/home_wins_2/rest-111110/top"",""solutions/game_4/series/home_wins_2/rest-110110/bot""],""single"":[""solutions/game_4/single/rest-111110/top"",""solutions/game_4/single/rest-110110/bot""]}","[1,1,1,1,1,0]","[1,1,0,1,1,0]",2,1,1,0,home_win,home,0,67
55530,5,"{""series"":[""solutions/game_5/single/rest-011110/top"",""solutions/game_5/single/rest-101011/bot""],""single"":[""solutions/game_5/single/rest-011110/top"",""solutions/game_5/single/rest-101011/bot""]}","[0,1,1,1,1,0]","[1,0,1,0,1,1]",3,1,5,11,away_win,away,1,89
55531,1,"{""series"":[""solutions/game_1/series/rest-111111/top"",""solutions/game_1/series/rest-111111/bot""],""single"":[""solutions/game_1/single/rest-111111/top"",""solutions/game_1/single/rest-111111/bot""]}","[1,1,1,1,1,1]","[1,1,1,1,1,1]",0,0,4,13,away_win,away,0,82
55531,2,"{""series"":[""solutions/game_2/series/home_wins_0/rest-111100/top"",""solutions/game_2/series/home_wins_0/rest-011010/bot""],""single"":[""solutions/game_2/single/rest-111100/top"",""solutions/game_2/single/rest-011010/bot""]}","[1,1,1,1,0,0]","[0,1,1,0,1,0]",0,1,6,13,away_win,away,0,94
55531,3,"{""series"":[""solutions/game_3/series/home_wins_0/rest-110111/top"",""solutions/game_3/series/home_wins_0/rest-100101/bot""],""single"":[""solutions/game_3/single/rest-110111/top"",""solutions/game_3/single/rest-100101/bot""]}","[1,1,0,1,1,1]","[1,0,0,1,0,1]",0,2,7,6,home_win,home,0,86
55531,4,"{""series"":[""solutions/game_4/series/home_wins_1/rest-011101/top"",""solutions/game_4/series/home_wins_1/rest-011110/bot""],""single"":[""solutions/game_4/single/rest-011101/top"",""solutions/game_4/single/rest-011110/bot""]}","[0,1,1,1,0,1]","[0,1,1,1,1,0]",1,2,12,8,home_win,home,0,91
55531,5,"{""series"":[""solutions/game_5/single/rest-111010/top"",""solutions/game_5/single/rest-101010/bot""],""single"":[""solutions/game_5/single/rest-111010/top"",""solutions/game_5/single/rest-101010/bot""]}","[1,1,1,0,1,0]","[1,0,1,0,1,0]",2,2,7,6,home_win,home,0,89
55532,1,"{""series"":[""solutions/game_1/series/rest-111111/top"",""solutions/game_1/series/rest-111111/bot""],""single"":[""solutions/game_1/single/rest-111111/top"",""solutions/game_1/single/rest-111111/bot""]}","[1,1,1,1,1,1]","[1,1,1,1,1,1]",0,0,7,6,home_win,home,0,87
55532,2,"{""series"":[""solutions/game_2/series/home_wins_1/rest-110011/top"",""solutions/game_2/series/home_wins_1/rest-100010/bot""],""single"":[""solutions/game_2/single/rest-110011/top"",""solutions/game_2/single/rest-100010/bot""]}","[1,1,0,0,1,1]","[1,0,0,0,1,0]",1,0,10,8,home_win,home,0,84
55532,3,"{""series"":[""solutions/game_3/series/home_wins_2/rest-101111/top"",""solutions/game_3/series/home_wins_2/rest-011101/bot""],""single"":[""solutions/game_3/single/rest-101111/top"",""solutions/game_3/single/rest-011101/bot""]}","[1,0,1,1,1,1]","[0,1,1,1,0,1]",2,0,1,9,away_win,away,0,68
55532,4,"{""series"":[""solutions/game_4/series/home_wins_2/rest-111111/top"",""solutions/game_4/series/home_wins_2/rest-111011/bot""],""single"":[""solutions/game_4/single/rest-111111/top"",""solutions/game_4/single/rest-111011/bot""]}","[1,1,1,1,1,1]","[1,1,1,0,1,1]",2,1,4,9,away_win,away,0,84
55532,5,"{""series"":[""solutions/game_5/single/rest-111110/top"",""solutions/game_5/single/rest-000001/bot""],""single"":[""solutions/game_5/single/rest-111110/top"",""solutions/game_5/single/rest-000001/bot""]}","[1,1,1,1,1,0]","[0,0,0,0,0,1]",2,2,11,7,home_win,home,0,95
55533,1,"{""series"":[""solutions/game_1/series/rest-111111/top"",""solutions/game_1/series/rest-111111/bot""],""single"":[""solutions/game_1/single/rest-111111/top"",""solutions/game_1/single/rest-111111/bot""]}","[1,1,1,1,1,1]","[1,1,1,1,1,1]",0,0,3,2,home_win,home,0,72
55533,2,"{""series"":[""solutions/game_2/series/home_wins_1/rest-110001/top"",""solutions/game_2/series/home_wins_1/rest-011111/bot""],""single"":[""solutions/game_2/single/rest-110001/top"",""solutions/game_2/single/rest-011111/bot""]}","[1,1,0,0,0,1]","[0,1,1,1,1,1]",1,0,0,8,away_win,away,0,48
55533,3,"{""series"":[""solutions/game_3/series/home_wins_1/rest-111001/top"",""solutions/game_3/series/home_wins_1/rest-111111/bot""],""single"":[""solutions/game_3/single/rest-111001/top"",""solutions/game_3/single/rest-111111/bot""]}","[1,1,1,0,0,1]","[1,1,1,1,1,1]",1,1,3,5,away_win,away,0,92
55533,4,"{""series"":[""solutions/game_4/series/home_wins_1/rest-010100/top"",""solutions/game_4/series/home_wins_1/rest-000100/bot""],""single"":[""solutions/game_4/single/rest-010100/top"",""solutions/game_4/single/rest-000100/bot""]}","[0,1,0,1,0,0]","[0,0,0,1,0,0]",1,2,4,12,away_win,away,0,93
55533,5,"{""series"":[""solutions/game_5/single/rest-101011/top"",""solutions/game_5/single/rest-101111/bot""],""single"":[""solutions/game_5/single/rest-101011/top"",""solutions/game_5/single/rest-101111/bot""]}","[1,0,1,0,1,1]","[1,0,1,1,1,1]",1,3,6,4,home_win,home,1,84
55534,1,"{""series"":[""solutions/game_1/series/rest-111111/top"",""solutions/game_1/series/rest-111111/bot""],""single"":[""solutions/game_1/single/rest-111111/top"",""solutions/game_1/single/rest-111111/bot""]}","[1,1,1,1,1,1]","[1,1,1,1,1,1]",0,0,3,8,away_win,away,0,80
55534,2,"{""series"":[""solutions/game_2/series/home_wins_0/rest-101111/top"",""solutions/game_2/series/home_wins_0/rest-101010/bot""],""single"":[""solutions/game_2/single/rest-101111/top"",""solutions/game_2/single/rest-101010/bot""]}","[1,0,1,1,1,1]","[1,0,1,0,1,0]",0,1,2,3,away_win,away,0,71
55534,3,"{""series"":[""solutions/game_3/series/home_wins_0/rest-101011/top"",""solutions/game_3/series/home_wins_0/rest-111111/bot""],""single"":[""solutions/game_3/single/rest-101011/top"",""solutions/game_3/single/rest-111111/bot""]}","[1,0,1,0,1,1]","[1,1,1,1,1,1]",0,2,4,4,tie,home,0,99
55534,4,"{""series"":[""solutions/game_4/series/home_wins_1/rest-010000/top"",""solutions/game_4/series/home_wins_1/rest-000000/bot""],""single"":[""solutions/game_4/single/rest-010000/top"",""solutions/game_4/single/rest-000000/bot""]}","[0,1,0,0,0,0]","[0,0,0,0,0,0]",1,2,12,4,home_win,home,0,77
55534,5,"{""series"":[""solutions/game_5/single/rest-111111/top"",""solutions/game_5/single/rest-111111/bot""],""single"":[""solutions/game_5/single/rest-111111/top"",""solutions/game_5/single/rest-111111/bot""]}","[1,1,1,1,1,1]","[1,1,1,1,1,1]",2,2,6,1,home_win,home,0,76
55535,1,"{""series"":[""solutions/game_1/series/rest-111111/top"",""solutions/game_1/series/rest-111111/bot""],""single"":[""solutions/game_1/single/rest-111111/top"",""solutions/game_1/single/rest-111111/bot""]}","[1,1,1,1,1,1]","[1,1,1,1,1,1]",0,0,3,4,away_win,away,0,80
55535,2,"{""series"":[""solutions/game_2/series/home_wins_0/rest-011011/top"",""solutions/game_2/series/home_wins_0/rest-001011/bot""],""single"":[""solutions/game_2/single/rest-011011/top"",""solutions/game_2/single/rest-001011/bot""]}","[0,1,1,0,1,1]","[0,0,1,0,1,1]",0,1,0,8,away_win,away,0,32
55535,3,"{""series"":[""solutions/game_3/series/home_wins_0/rest-111111/top"",""solutions/game_3/series/home_wins_0/rest-101111/bot""],""single"":[""solutions/game_3/single/rest-111111/top"",""solutions/game_3/single/rest-101111/bot""]}","[1,1,1,1,1,1]","[1,0,1,1,1,1]",0,2,4,3,home_win,home,0,71
55535,4,"{""series"":[""solutions/game_4/series/home_wins_1/rest-111101/top"",""solutions/game_4/series/home_wins_1/rest-011011/bot""],""single"":[""solutions/game_4/single/rest-111101/top"",""solutions/game_4/single/rest-011011/bot""]}","[1,1,1,1,0,1]","[0,1,1,0,1,1]",1,2,5,4,home_win,home,0,78
55535,5,"{""series"":[""solutions/game_5/single/rest-100011/top"",""solutions/game_5/single/rest-101100/bot""],""single"":[""solutions/game_5/single/rest-100011/top"",""solutions/game_5/single/rest-101100/bot""]}","[1,0,0,0,1,1]","[1,0,1,1,0,0]",2,2,3,7,away_win,away,0,90
55536,1,"{""series"":[""solutions/game_1/series/rest-111111/top"",""solutions/game_1/series/rest-111111/bot""],""single"":[""solutions/game_1/single/rest-111111/top"",""solutions/game_1/single/rest-111111/bot""]}","[1,1,1,1,1,1]","[1,1,1,1,1,1]",0,0,0,3,away_win,away,0,85
55536,2,"{""series"":[""solutions/game_2/series/home_wins_0/rest-001111/top"",""solutions/game_2/series/home_wins_0/rest-111011/bot""],""single"":[""solutions/game_2/single/rest-001111/top"",""solutions/game_2/single/rest-111011/bot""]}","[0,0,1,1,1,1]","[1,1,1,0,1,1]",0,1,2,5,away_win,away,0,72
55536,3,"{""series"":[""solutions/game_3/series/home_wins_0/rest-011011/top"",""solutions/game_3/series/home_wins_0/rest-001110/bot""],""single"":[""solutions/game_3/single/rest-011011/top"",""solutions/game_3/single/rest-001110/bot""]}","[0,1,1,0,1,1]","[0,0,1,1,1,0]",0,2,12,7,home_win,home,0,97
55536,4,"{""series"":[""solutions/game_4/series/home_wins_1/rest-110100/top"",""solutions/game_4/series/home_wins_1/rest-110111/bot""],""single"":[""solutions/game_4/single/rest-110100/top"",""solutions/game_4/single/rest-110111/bot""]}","[1,1,0,1,0,0]","[1,1,0,1,1,1]",1,2,7,3,home_win,home,0,83
55536,5,"{""series"":[""solutions/game_5/single/rest-011111/top"",""solutions/game_5/single/rest-100100/bot""],""single"":[""solutions/game_5/single/rest-011111/top"",""solutions/game_5/single/rest-100100/bot""]}","[0,1,1,1,1,1]","[1,0,0,1,0,0]",2,2,5,7,away_win,away,0,80
55537,1,"{""series"":[""solutions/game_1/series/rest-111111/top"",""solutions/game_1/series/rest-111111/bot""],""single"":[""solutions/game_1/single/rest-111111/top"",""solutions/game_1/single/rest-111111/bot""]}","[1,1,1,1,1,1]","[1,1,1,1,1,1]",0,0,2,3,away_win,away,0,88
55537,2,"{""series"":[""solutions/game_2/series/home_wins_0/rest-110001/top"",""solutions/game_2/series/home_wins_0/rest-011110/bot""],""single"":[""solutions/game_2/single/rest-110001/top"",""solutions/game_2/single/rest-011110/bot""]}","[1,1,0,0,0,1]","[0,1,1,1,1,0]",0,1,4,5,away_win,away,0,77
55537,3,"{""series"":[""solutions/game_3/series/home_wins_0/rest-000110/top"",""solutions/game_3/series/home_wins_0/rest-101001/bot""],""single"":[""solutions/game_3/single/rest-000110/top"",""solutions/game_3/single/rest-101001/bot""]}","[0,0,0,1,1,0]","[1,0,1,0,0,1]",0,2,4,5,away_win,away,0,84
55537,4,"{""series"":[""solutions/game_4/single/rest-111001/top"",""solutions/game_4/single/rest-001100/bot""],""single"":[""solutions/game_4/single/rest-111001/top"",""solutions/game_4/single/rest-001100/bot""]}","[1,1,1,0,0,1]","[0,0,1,1,0,0]",0,3,3,5,away_win,away,1,80
55537,5,"{""series"":[""solutions/game_5/single/rest-101110/top"",""solutions/game_5/single/rest-110111/bot""],""single"":[""solutions/game_5/single/rest-101110/top"",""solutions/game_5/single/rest-110111/bot""]}","[1,0,1,1,1,0]","[1,1,0,1,1,1]",0,4,6,7,away_win,away,1,86
55538,1,"{""series"":[""solutions/game_1/series/rest-111111/top"",""solutions/game_1/series/rest-111111/bot""],""single"":[""solutions/game_1/single/rest-111111/top"",""solutions/game_1/single/rest-111111/bot""]}","[1,1,1,1,1,1]","[1,1,1,1,1,1]",0,0,5,3,home_win,home,0,74
55538,2,"{""series"":[""solutions/game_2/series/home_wins_1/rest-111111/top"",""solutions/game_2/series/home_wins_1/rest-001111/bot""],""single"":[""solutions/game_2/single/rest-111111/top"",""solutions/game_2/single/rest-001111/bot""]}","[1,1,1,1,1,1]","[0,0,1,1,1,1]",1,0,1,7,away_win,away,0,82
55538,3,"{""series"":[""solutions/game_3/series/home_wins_1/rest-111100/top"",""solutions/game_3/series/home_wins_1/rest-110001/bot""],""single"":[""solutions/game_3/single/rest-111100/top"",""solutions/game_3/single/rest-110001/bot""]}","[1,1,1,1,0,0]","[1,1,0,0,0,1]",1,1,7,0,home_win,home,0,76
55538,4,"{""series"":[""solutions/game_4/series/home_wins_2/rest-111111/top"",""solutions/game_4/series/home_wins_2/rest-011111/bot""],""single"":[""solutions/game_4/single/rest-111111/top"",""solutions/game_4/single/rest-011111/bot""]}","[1,1,1,1,1,1]","[0,1,1,1,1,1]",2,1,1,9,away_win,away,0,51
55538,5,"{""series"":[""solutions/game_5/single/rest-111111/top"",""solutions/game_5/single/rest-111111/bot""],""single"":[""solutions/game_5/single/rest-111111/top"",""solutions/game_5/single/rest-111111/bot""]}","[1,1,1,1,1,1]","[1,1,1,1,1,1]",2,2,2,3,away_win,away,0,87
55539,1,"{""series"":[""solutions/game_1/series/rest-111111/top"",""solutions/game_1/series/rest-111111/bot""],""single"":[""solutions/game_1/single/rest-111111/top"",""solutions/game_1/single/rest-111111/bot""]}","[1,1,1,1,1,1]","[1,1,1,1,1,1]",0,0,7,6,home_win,home,0,89
55539,2,"{""series"":[""solutions/game_2/series/home_wins_1/rest-010001/top"",""solutions/game_2/series/home_wins_1/rest-001010/bot""],""single"":[""solutions/game_2/single/rest-010001/top"",""solutions/game_2/single/rest-001010/bot""]}","[0,1,0,0,0,1]","[0,0,1,0,1,0]",1,0,5,7,away_win,away,0,100
55539,3,"{""series"":[""solutions/game_3/series/home_wins_1/rest-101100/top"",""solutions/game_3/series/home_wins_1/rest-111111/bot""],""single"":[""solutions/game_3/single/rest-101100/top"",""solutions/game_3/single/rest-111111/bot""]}","[1,0,1,1,0,0]","[1,1,1,1,1,1]",1,1,4,8,away_win,away,0,91
55539,4,"{""series"":[""solutions/game_4/series/home_wins_1/rest-111011/top"",""solutions/game_4/series/home_wins_1/rest-001000/bot""],""single"":[""solutions/game_4/single/rest-111011/top"",""solutions/game_4/single/rest-001000/bot""]}","[1,1,1,0,1,1]","[0,0,1,0,0,0]",1,2,6,5,home_win,home,0,87
55539,5,"{""series"":[""solutions/game_5/single/rest-111110/top"",""solutions/game_5/single/rest-010111/bot""],""single"":[""solutions/game_5/single/rest-111110/top"",""solutions/game_5/single/rest-010111/bot""]}","[1,1,1,1,1,0]","[0,1,0,1,1,1]",2,2,1,4,away_win,away,0,74
55540,1,"{""series"":[""solutions/game_1/series/rest-111111/top"",""solutions/game_1/series/rest-111111/bot""],""single"":[""solutions/game_1/single/rest-111111/top"",""solutions/game_1/single/rest-111111/bot""]}","[1,1,1,1,1,1]","[1,1,1,1,1,1]",0,0,3,5,away_win,away,0,90
55540,2,"{""series"":[""solutions/game_2/series/home_wins_0/rest-010011/top"",""solutions/game_2/series/home_wins_0/rest-100111/bot""],""single"":[""solutions/game_2/single/rest-010011/top"",""solutions/game_2/single/rest-100111/bot""]}","[0,1,0,0,1,1]","[1,0,0,1,1,1]",0,1,5,4,home_win,home,0,79
55540,3,"{""series"":[""solutions/game_3/series/home_wins_1/rest-101101/top"",""solutions/game_3/series/home_wins_1/rest-011111/bot""],""single"":[""solutions/game_3/single/rest-101101/top"",""solutions/game_3/single/rest-011111/bot""]}","[1,0,1,1,0,1]","[0,1,1,1,1,1]",1,1,1,2,away_win,away,0,78
55540,4,"{""series"":[""solutions/game_4/series/home_wins_1/rest-110010/top"",""solutions/game_4/series/home_wins_1/rest-101100/bot""],""single"":[""solutions/game_4/single/rest-110010/top"",""solutions/game_4/single/rest-101100/bot""]}","[1,1,0,0,1,0]","[1,0,1,1,0,0]",1,2,3,0,home_win,home,0,61
55540,5,"{""series"":[""solutions/game_5/single/rest-111101/top"",""solutions/game_5/single/rest-111000/bot""],""single"":[""solutions/game_5/single/rest-111101/top"",""solutions/game_5/single/rest-111000/bot""]}","[1,1,1,1,0,1]","[1,1,1,0,0,0]",2,2,3,4,away_win,away,0,87
55541,1,"{""series"":[""solutions/game_1/series/rest-111111/top"",""solutions/game_1/series/rest-111111/bot""],""single"":[""solutions/game_1/single/rest-111111/top"",""solutions/game_1/single/rest-111111/bot""]}","[1,1,1,1,1,1]","[1,1,1,1,1,1]",0,0,4,3,home_win,home,0,88
55541,2,"{""series"":[""solutions/game_2/series/home_wins_1/rest-010001/top"",""solutions/game_2/series/home_wins_1/rest-011111/bot""],""single"":[""solutions/game_2/single/rest-010001/top"",""solutions/game_2/single/rest-011111/bot""]}","[0,1,0,0,0,1]","[0,1,1,1,1,1]",1,0,3,5,away_win,away,0,76
55541,3,"{""series"":[""solutions/game_3/series/home_wins_1/rest-101111/top"",""solutions/game_3/series/home_wins_1/rest-101011/bot""],""single"":[""solutions/game_3/single/rest-101111/top"",""solutions/game_3/single/rest-101011/bot""]}","[1,0,1,1,1,1]","[1,0,1,0,1,1]",1,1,5,6,away_win,away,0,85
55541,4,"{""series"":[""solutions/game_4/series/home_wins_1/rest-010101/top"",""solutions/game_4/series/home_wins_1/rest-001100/bot""],""single"":[""solutions/game_4/single/rest-010101/top"",""solutions/game_4/single/rest-001100/bot""]}","[0,1,0,1,0,1]","[0,0,1,1,0,0]",1,2,5,2,home_win,home,0,70
55541,5,"{""series"":[""solutions/game_5/single/rest-101110/top"",""solutions/game_5/single/rest-111011/bot""],""single"":[""solutions/game_5/single/rest-101110/top"",""solutions/game_5/single/rest-111011/bot""]}","[1,0,1,1,1,0]","[1,1,1,0,1,1]",2,2,1,9,away_win,away,0,81
55542,1,"{""series"":[""solutions/game_1/series/rest-111111/top"",""solutions/game_1/series/rest-111111/bot""],""single"":[""solutions/game_1/single/rest-111111/top"",""solutions/game_1/single/rest-111111/bot""]}","[1,1,1,1,1,1]","[1,1,1,1,1,1]",0,0,1,3,away_win,away,0,78
55542,2,"{""series"":[""solutions/game_2/series/home_wins_0/rest-010101/top"",""solutions/game_2/series/home_wins_0/rest-011011/bot""],""single"":[""solutions/game_2/single/rest-010101/top"",""solutions/game_2/single/rest-011011/bot""]}","[0,1,0,1,0,1]","[0,1,1,0,1,1]",0,1,3,12,away_win,away,0,82
55542,3,"{""series"":[""solutions/game_3/series/home_wins_0/rest-101011/top"",""solutions/game_3/series/home_wins_0/rest-111101/bot""],""single"":[""solutions/game_3/single/rest-101011/top"",""solutions/game_3/single/rest-111101/bot""]}","[1,0,1,0,1,1]","[1,1,1,1,0,1]",0,2,4,5,away_win,away,0,85
55542,4,"{""series"":[""solutions/game_4/single/rest-110111/top"",""solutions/game_4/single/rest-111011/bot""],""single"":[""solutions/game_4/single/rest-110111/top"",""solutions/game_4/single/rest-111011/bot""]}","[1,1,0,1,1,1]","[1,1,1,0,1,1]",0,3,3,5,away_win,away,1,96
55542,5,"{""series"":[""solutions/game_5/single/rest-011100/top"",""solutions/game_5/single/rest-000101/bot""],""single"":[""solutions/game_5/single/rest-011100/top"",""solutions/game_5/single/rest-000101/bot""]}","[0,1,1,1,0,0]","[0,0,0,1,0,1]",0,4,0,3,away_win,away,1,78
55543,1,"{""series"":[""solutions/game_1/series/rest-111111/top"",""solutions/game_1/series/rest-111111/bot""],""single"":[""solutions/game_1/single/rest-111111/top"",""solutions/game_1/single/rest-111111/bot""]}","[1,1,1,1,1,1]","[1,1,1,1,1,1]",0,0,4,5,away_win,away,0,86
55543,2,"{""series"":[""solutions/game_2/series/home_wins_0/rest-010001/top"",""solutions/game_2/series/home_wins_0/rest-000111/bot""],""single"":[""solutions/game_2/single/rest-010001/top"",""solutions/game_2/single/rest-000111/bot""]}","[0,1,0,0,0,1]","[0,0,0,1,1,1]",0,1,8,6,home_win,home,0,91
55543,3,"{""series"":[""solutions/game_3/series/home_wins_1/rest-111111/top"",""solutions/game_3/series/home_wins_1/rest-111011/bot""],""single"":[""solutions/game_3/single/rest-111111/top"",""solutions/game_3/single/rest-111011/bot""]}","[1,1,1,1,1,1]","[1,1,1,0,1,1]",1,1,10,2,home_win,home,0,39
55543,4,"{""series"":[""solutions/game_4/series/home_wins_2/rest-111111/top"",""solutions/game_4/series/home_wins_2/rest-111111/bot""],""single"":[""solutions/game_4/single/rest-111111/top"",""solutions/game_4/single/rest-111111/bot""]}","[1,1,1,1,1,1]","[1,1,1,1,1,1]",2,1,4,5,away_win,away,0,93
55543,5,"{""series"":[""solutions/game_5/single/rest-110001/top"",""solutions/game_5/single/rest-101100/bot""],""single"":[""solutions/game_5/single/rest-110001/top"",""solutions/game_5/single/rest-101100/bot""]}","[1,1,0,0,0,1]","[1,0,1,1,0,0]",2,2,9,1,home_win,home,0,55
55544,1,"{""series"":[""solutions/game_1/series/rest-111111/top"",""solutions/game_1/series/rest-111111/bot""],""single"":[""solutions/game_1/single/rest-111111/top"",""solutions/game_1/single/rest-111111/bot""]}","[1,1,1,1,1,1]","[1,1,1,1,1,1]",0,0,10,5,home_win,home,0,87
55544,2,"{""series"":[""solutions/game_2/series/home_wins_1/rest-101010/top"",""solutions/game_2/series/home_wins_1/rest-001010/bot""],""single"":[""solutions/game_2/single/rest-101010/top"",""solutions/game_2/single/rest-001010/bot""]}","[1,0,1,0,1,0]","[0,0,1,0,1,0]",1,0,11,3,home_win,home,0,85
55544,3,"{""series"":[""solutions/game_3/series/home_wins_2/rest-111101/top"",""solutions/game_3/series/home_wins_2/rest-110101/bot""],""single"":[""solutions/game_3/single/rest-111101/top"",""solutions/game_3/single/rest-110101/bot""]}","[1,1,1,1,0,1]","[1,1,0,1,0,1]",2,0,5,7,away_win,away,0,91
55544,4,"{""series"":[""solutions/game_4/series/home_wins_2/rest-010101/top"",""solutions/game_4/series/home_wins_2/rest-001110/bot""],""single"":[""solutions/game_4/single/rest-010101/top"",""solutions/game_4/single/rest-001110/bot""]}","[0,1,0,1,0,1]","[0,0,1,1,1,0]",2,1,3,9,away_win,away,0,91
55544,5,"{""series"":[""solutions/game_5/single/rest-101111/top"",""solutions/game_5/single/rest-010001/bot""],""single"":[""solutions/game_5/single/rest-101111/top"",""solutions/game_5/single/rest-010001/bot""]}","[1,0,1,1,1,1]","[0,1,0,0,0,1]",2,2,2,4,away_win,away,0,83
55545,1,"{""series"":[""solutions/game_1/series/rest-111111/top"",""solutions/game_1/series/rest-111111/bot""],""single"":[""solutions/game_1/single/rest-111111/top"",""solutions/game_1/single/rest-111111/bot""]}","[1,1,1,1,1,1]","[1,1,1,1,1,1]",0,0,8,4,home_win,home,0,84
55545,2,"{""series"":[""solutions/game_2/series/home_wins_1/rest-111111/top"",""solutions/game_2/series/home_wins_1/rest-111100/bot""],""single"":[""solutions/game_2/single/rest-111111/top"",""solutions/game_2/single/rest-111100/bot""]}","[1,1,1,1,1,1]","[1,1,1,1,0,0]",1,0,4,2,home_win,home,0,73
55545,3,"{""series"":[""solutions/game_3/series/home_wins_2/rest-111111/top"",""solutions/game_3/series/home_wins_2/rest-101011/bot""],""single"":[""solutions/game_3/single/rest-111111/top"",""solutions/game_3/single/rest-101011/bot""]}","[1,1,1,1,1,1]","[1,0,1,0,1,1]",2,0,9,1,home_win,home,0,57
55545,4,"{""series"":[""solutions/game_4/single/rest-111011/top"",""solutions/game_4/single/rest-111111/bot""],""single"":[""solutions/game_4/single/rest-111011/top"",""solutions/game_4/single/rest-111111/bot""]}","[1,1,1,0,1,1]","[1,1,1,1,1,1]",3,0,12,8,home_win,home,1,100
55545,5,"{""series"":[""solutions/game_5/single/rest-101101/top"",""solutions/game_5/single/rest-000110/bot""],""single"":[""solutions/game_5/single/rest-101101/top"",""solutions/game_5/single/rest-000110/bot""]}","[1,0,1,1,0,1]","[0,0,0,1,1,0]",4,0,10,5,home_win,home,1,89
55546,1,"{""series"":[""solutions/game_1/series/rest-111111/top"",""solutions/game_1/series/rest-111111/bot""],""single"":[""solutions/game_1/single/rest-111111/top"",""solutions/game_1/single/rest-111111/bot""]}","[1,1,1,1,1,1]","[1,1,1,1,1,1]",0,0,5,9,away_win,away,0,96
55546,2,"{""series"":[""solutions/game_2/series/home_wins_0/rest-011011/top"",""solutions/game_2/series/home_wins_0/rest-001011/bot""],""single"":[""solutions/game_2/single/rest-011011/top"",""solutions/game_2/single/rest-001011/bot""]}","[0,1,1,0,1,1]","[0,0,1,0,1,1]",0,1,4,3,home_win,home,0,70
55546,3,"{""series"":[""solutions/game_3/series/home_wins_1/rest-110101/top"",""solutions/game_3/series/home_wins_1/rest-111110/bot""],""single"":[""solutions/game_3/single/rest-110101/top"",""solutions/game_3/single/rest-111110/bot""]}","[1,1,0,1,0,1]","[1,1,1,1,1,0]",1,1,6,9,away_win,away,0,86
55546,4,"{""series"":[""solutions/game_4/series/home_wins_1/rest-111110/top"",""solutions/game_4/series/home_wins_1/rest-101011/bot""],""single"":[""solutions/game_4/single/rest-111110/top"",""solutions/game_4/single/rest-101011/bot""]}","[1,1,1,1,1,0]","[1,0,1,0,1,1]",1,2,2,3,away_win,away,0,86
55546,5,"{""series"":[""solutions/game_5/single/rest-010101/top"",""solutions/game_5/single/rest-110110/bot""],""single"":[""solutions/game_5/single/rest-010101/top"",""solutions/game_5/single/rest-110110/bot""]}","[0,1,0,1,0,1]","[1,1,0,1,1,0]",1,3,2,5,away_win,away,1,76
55547,1,"{""series"":[""solutions/game_1/series/rest-111111/top"",""solutions/game_1/series/rest-111111/bot""],""single"":[""solutions/game_1/single/rest-111111/top"",""solutions/game_1/single/rest-111111/bot""]}","[1,1,1,1,1,1]","[1,1,1,1,1,1]",0,0,7,1,home_win,home,0,81
55547,2,"{""series"":[""solutions/game_2/series/home_wins_1/rest-011001/top"",""solutions/game_2/series/home_wins_1/rest-001111/bot""],""single"":[""solutions/game_2/single/rest-011001/top"",""solutions/game_2/single/rest-001111/bot""]}","[0,1,1,0,0,1]","[0,0,1,1,1,1]",1,0,2,4,away_win,away,0,86
55547,3,"{""series"":[""solutions/game_3/series/home_wins_1/rest-101010/top"",""solutions/game_3/series/home_wins_1/rest-010001/bot""],""single"":[""solutions/game_3/single/rest-101010/top"",""solutions/game_3/single/rest-010001/bot""]}","[1,0,1,0,1,0]","[0,1,0,0,0,1]",1,1,9,8,home_win,home,0,90
55547,4,"{""series"":[""solutions/game_4/series/home_wins_2/rest-011101/top"",""solutions/game_4/series/home_wins_2/rest-101110/bot""],""single"":[""solutions/game_4/single/rest-011101/top"",""solutions/game_4/single/rest-101110/bot""]}","[0,1,1,1,0,1]","[1,0,1,1,1,0]",2,1,4,7,away_win,away,0,80
55547,5,"{""series"":[""solutions/game_5/single/rest-111110/top"",""solutions/game_5/single/rest-011101/bot""],""single"":[""solutions/game_5/single/rest-111110/top"",""solutions/game_5/single/rest-011101/bot""]}","[1,1,1,1,1,0]","[0,1,1,1,0,1]",2,2,8,1,home_win,home,0,82
55548,1,"{""series"":[""solutions/game_1/series/rest-111111/top"",""solutions/game_1/series/rest-111111/bot""],""single"":[""solutions/game_1/single/rest-111111/top"",""solutions/game_1/single/rest-111111/bot""]}","[1,1,1,1,1,1]","[1,1,1,1,1,1]",0,0,8,0,home_win,home,0,27
55548,2,"{""series"":[""solutions/game_2/series/home_wins_1/rest-111111/top"",""solutions/game_2/series/home_wins_1/rest-111111/bot""],""single"":[""solutions/game_2/single/rest-111111/top"",""solutions/game_2/single/rest-111111/bot""]}","[1,1,1,1,1,1]","[1,1,1,1,1,1]",1,0,1,9,away_win,away,0,77
55548,3,"{""series"":[""solutions/game_3/series/home_wins_1/rest-011111/top"",""solutions/game_3/series/home_wins_1/rest-011111/bot""],""single"":[""solutions/game_3/single/rest-011111/top"",""solutions/game_3/single/rest-011111/bot""]}","[0,1,1,1,1,1]","[0,1,1,1,1,1]",1,1,12,11,home_win,home,0,93
55548,4,"{""series"":[""solutions/game_4/series/home_wins_2/rest-110011/top"",""solutions/game_4/series/home_wins_2/rest-110110/bot""],""single"":[""solutions/game_4/single/rest-110011/top"",""solutions/game_4/single/rest-110110/bot""]}","[1,1,0,0,1,1]","[1,1,0,1,1,0]",2,1,1,9,away_win,away,0,79
55548,5,"{""series"":[""solutions/game_5/single/rest-111110/top"",""solutions/game_5/single/rest-011111/bot""],""single"":[""solutions/game_5/single/rest-111110/top"",""solutions/game_5/single/rest-011111/bot""]}","[1,1,1,1,1,0]","[0,1,1,1,1,1]",2,2,0,8,away_win,away,0,24
55549,1,"{""series"":[""solutions/game_1/series/rest-111111/top"",""solutions/game_1/series/rest-111111/bot""],""single"":[""solutions/game_1/single/rest-111111/top"",""solutions/game_1/single/rest-111111/bot""]}","[1,1,1,1,1,1]","[1,1,1,1,1,1]",0,0,7,6,home_win,home,0,94
55549,2,"{""series"":[""solutions/game_2/series/home_wins_1/rest-011011/top"",""solutions/game_2/series/home_wins_1/rest-100110/bot""],""single"":[""solutions/game_2/single/rest-011011/top"",""solutions/game_2/single/rest-100110/bot""]}","[0,1,1,0,1,1]","[1,0,0,1,1,0]",1,0,8,4,home_win,home,0,84
55549,3,"{""series"":[""solutions/game_3/series/home_wins_2/rest-111100/top"",""solutions/game_3/series/home_wins_2/rest-011001/bot""],""single"":[""solutions/game_3/single/rest-111100/top"",""solutions/game_3/single/rest-011001/bot""]}","[1,1,1,1,0,0]","[0,1,1,0,0,1]",2,0,1,2,away_win,away,0,68
55549,4,"{""series"":[""solutions/game_4/series/home_wins_2/rest-110011/top"",""solutions/game_4/series/home_wins_2/rest-101010/bot""],""single"":[""solutions/game_4/single/rest-110011/top"",""solutions/game_4/single/rest-101010/bot""]}","[1,1,0,0,1,1]","[1,0,1,0,1,0]",2,1,7,5,home_win,home,0,93
55549,5,"{""series"":[""solutions/game_5/single/rest-011100/top"",""solutions/game_5/single/rest-000101/bot""],""single"":[""solutions/game_5/single/rest-011100/top"",""solutions/game_5/single/rest-000101/bot""]}","[0,1,1,1,0,0]","[0,0,0,1,0,1]",3,1,7,11,away_win,away,1,88
55550,1,"{""series"":[""solutions/game_1/series/rest-111111/top"",""solutions/game_1/series/rest-111111/bot""],""single"":[""solutions/game_1/single/rest-111111/top"",""solutions/game_1/single/rest-111111/bot""]}","[1,1,1,1,1,1]","[1,1,1,1,1,1]",0,0,0,9,away_win,away,0,54
55550,2,"{""series"":[""solutions/game_2/series/home_wins_0/rest-111111/top"",""solutions/game_2/series/home_wins_0/rest-111111/bot""],""single"":[""solutions/game_2/single/rest-111111/top"",""solutions/game_2/single/rest-111111/bot""]}","[1,1,1,1,1,1]","[1,1,1,1,1,1]",0,1,6,7,away_win,away,0,95
55550,3,"{""series"":[""solutions/game_3/series/home_wins_0/rest-011011/top"",""solutions/game_3/series/home_wins_0/rest-001000/bot""],""single"":[""solutions/game_3/single/rest-011011/top"",""solutions/game_3/single/rest-001000/bot""]}","[0,1,1,0,1,1]","[0,0,1,0,0,0]",0,2,6,5,home_win,home,0,88
55550,4,"{""series"":[""solutions/game_4/series/home_wins_1/rest-010110/top"",""solutions/game_4/series/home_wins_1/rest-110011/bot""],""single"":[""solutions/game_4/single/rest-010110/top"",""solutions/game_4/single/rest-110011/bot""]}","[0,1,0,1,1,0]","[1,1,0,0,1,1]",1,2,3,9,away_win,away,0,90
55550,5,"{""series"":[""solutions/game_5/single/rest-101011/top"",""solutions/game_5/single/rest-001000/bot""],""single"":[""solutions/game_5/single/rest-101011/top"",""solutions/game_5/single/rest-001000/bot""]}","[1,0,1,0,1,1]","[0,0,1,0,0,0]",1,3,9,0,home_win,home,1,47
55551,1,"{""series"":[""solutions/game_1/series/rest-111111/top"",""solutions/game_1/series/rest-111111/bot""],""single"":[""solutions/game_1/single/rest-111111/top"",""solutions/game_1/single/rest-111111/bot""]}","[1,1,1,1,1,1]","[1,1,1,1,1,1]",0,0,4,12,away_win,away,0,74
55551,2,"{""series"":[""solutions/game_2/series/home_wins_0/rest-101110/top"",""solutions/game_2/series/home_wins_0/rest-101111/bot""],""single"":[""solutions/game_2/single/rest-101110/top"",""solutions/game_2/single/rest-101111/bot""]}","[1,0,1,1,1,0]","[1,0,1,1,1,1]",0,1,6,1,home_win,home,0,77
55551,3,"{""series"":[""solutions/game_3/series/home_wins_1/rest-101001/top"",""solutions/game_3/series/home_wins_1/rest-110111/bot""],""single"":[""solutions/game_3/single/rest-101001/top"",""solutions/game_3/single/rest-110111/bot""]}","[1,0,1,0,0,1]","[1,1,0,1,1,1]",1,1,2,0,home_win,home,0,72
55551,4,"{""series"":[""solutions/game_4/series/home_wins_2/rest-100111/top"",""solutions/game_4/series/home_wins_2/rest-001110/bot""],""single"":[""solutions/game_4/single/rest-100111/top"",""solutions/game_4/single/rest-001110/bot""]}","[1,0,0,1,1,1]","[0,0,1,1,1,0]",2,1,2,0,home_win,home,0,69
55551,5,"{""series"":[""solutions/game_5/single/rest-111001/top"",""solutions/game_5/single/rest-101011/bot""],""single"":[""solutions/game_5/single/rest-111001/top"",""solutions/game_5/single/rest-101011/bot""]}","[1,1,1,0,0,1]","[1,0,1,0,1,1]",3,1,0,5,away_win,away,1,79
55552,1,"{""series"":[""solutions/game_1/series/rest-111111/top"",""solutions/game_1/series/rest-111111/bot""],""single"":[""solutions/game_1/single/rest-111111/top"",""solutions/game_1/single/rest-111111/bot""]}","[1,1,1,1,1,1]","[1,1,1,1,1,1]",0,0,6,5,home_win,home,0,85
55552,2,"{""series"":[""solutions/game_2/series/home_wins_1/rest-111100/top"",""solutions/game_2/series/home_wins_1/rest-101010/bot""],""single"":[""solutions/game_2/single/rest-111100/top"",""solutions/game_2/single/rest-101010/bot""]}","[1,1,1,1,0,0]","[1,0,1,0,1,0]",1,0,5,4,home_win,home,0,87
55552,3,"{""series"":[""solutions/game_3/series/home_wins_2/rest-011001/top"",""solutions/game_3/series/home_wins_2/rest-111101/bot""],""single"":[""solutions/game_3/single/rest-011001/top"",""solutions/game_3/single/rest-111101/bot""]}","[0,1,1,0,0,1]","[1,1,1,1,0,1]",2,0,4,3,home_win,home,0,72
55552,4,"{""series"":[""solutions/game_4/single/rest-110110/top"",""solutions/game_4/single/rest-001111/bot""],""single"":[""solutions/game_4/single/rest-110110/top"",""solutions/game_4/single/rest-001111/bot""]}","[1,1,0,1,1,0]","[0,0,1,1,1,1]",3,0,5,0,home_win,home,1,73
55552,5,"{""series"":[""solutions/game_5/single/rest-011001/top"",""solutions/game_5/single/rest-111111/bot""],""single"":[""solutions/game_5/single/rest-011001/top"",""solutions/game_5/single/rest-111111/bot""]}","[0,1,1,0,0,1]","[1,1,1,1,1,1]",4,0,8,4,home_win,home,1,85
