sequence,after_game,team,player,starting_rest,used,next_rest
2561,1,home,547973,1,0,1
2561,1,home,641329,1,0,1
2561,1,home,671922,1,1,0
2561,1,home,656876,1,1,1
2561,1,home,656641,1,1,1
2561,1,home,686973,1,0,1
2561,1,away,695505,1,1,0
2561,1,away,666200,1,1,0
2561,1,away,661395,1,0,1
2561,1,away,695243,1,1,1
2561,1,away,628452,1,0,1
2561,1,away,808967,1,0,1
2561,2,home,547973,1,1,0
2561,2,home,641329,1,0,1
2561,2,home,671922,0,0,1
2561,2,home,656876,1,1,0
2561,2,home,656641,1,1,0
2561,2,home,686973,1,1,0
2561,2,away,695505,0,0,1
2561,2,away,666200,0,0,1
2561,2,away,661395,1,1,1
2561,2,away,695243,1,0,1
2561,2,away,628452,1,0,1
2561,2,away,808967,1,1,1
2561,3,home,547973,0,0,0
2561,3,home,641329,1,0,1
2561,3,home,671922,1,1,0
2561,3,home,656876,0,0,1
2561,3,home,656641,0,0,1
2561,3,home,686973,0,0,1
2561,3,away,695505,1,0,1
2561,3,away,666200,1,0,1
2561,3,away,661395,1,1,0
2561,3,away,695243,1,0,1
2561,3,away,628452,1,1,0
2561,3,away,808967,1,0,1
2561,4,home,547973,0,0,1
2561,4,home,641329,1,1,1
2561,4,home,671922,0,0,1
2561,4,home,656876,1,1,1
2561,4,home,656641,1,1,0
2561,4,home,686973,1,1,0
2561,4,away,695505,1,1,0
2561,4,away,666200,1,1,0
2561,4,away,661395,0,0,1
2561,4,away,695243,1,1,1
2561,4,away,628452,0,0,1
2561,4,away,808967,1,1,0
2562,1,home,547973,1,1,0
2562,1,home,641329,1,0,1
2562,1,home,671922,1,1,0
2562,1,home,656876,1,1,1
2562,1,home,656641,1,1,1
2562,1,home,686973,1,0,1
2562,1,away,695505,1,1,0
2562,1,away,666200,1,1,1
2562,1,away,661395,1,0,1
2562,1,away,695243,1,1,0
2562,1,away,628452,1,0,1
2562,1,away,808967,1,0,1
2562,2,home,547973,0,0,1
2562,2,home,641329,1,1,0
2562,2,home,671922,0,0,1
2562,2,home,656876,1,1,1
2562,2,home,656641,1,1,0
2562,2,home,686973,1,1,0
2562,2,away,695505,0,0,1
2562,2,away,666200,1,1,0
2562,2,away,661395,1,0,1
2562,2,away,695243,0,0,1
2562,2,away,628452,1,0,1
2562,2,away,808967,1,1,0
2562,3,home,547973,1,1,0
2562,3,home,641329,0,0,1
2562,3,home,671922,1,1,0
2562,3,home,656876,1,1,0
2562,3,home,656641,0,0,1
2562,3,home,686973,0,0,1
2562,3,away,695505,1,1,0
2562,3,away,666200,0,0,1
2562,3,away,661395,1,1,0
2562,3,away,695243,1,1,1
2562,3,away,628452,1,0,1
2562,3,away,808967,0,0,1
2562,4,home,547973,0,0,1
2562,4,home,641329,1,1,0
2562,4,home,671922,0,0,1
2562,4,home,656876,0,0,0
2562,4,home,656641,1,1,0
2562,4,home,686973,1,1,0
2562,4,away,695505,0,0,1
2562,4,away,666200,1,1,0
2562,4,away,661395,0,0,1
2562,4,away,695243,1,0,1
2562,4,away,628452,1,1,0
2562,4,away,808967,1,1,1
2563,1,home,547973,1,1,0
2563,1,home,641329,1,0,1
2563,1,home,671922,1,0,1
2563,1,home,656876,1,1,1
2563,1,home,656641,1,1,0
2563,1,home,686973,1,0,1
2563,1,away,695505,1,1,1
2563,1,away,666200,1,1,0
2563,1,away,661395,1,0,1
2563,1,away,695243,1,0,1
2563,1,away,628452,1,0,1
2563,1,away,808967,1,1,0
2563,2,home,547973,0,0,1
2563,2,home,641329,1,1,0
2563,2,home,671922,1,1,0
2563,2,home,656876,1,1,0
2563,2,home,656641,0,0,1
2563,2,home,686973,1,1,1
2563,2,away,695505,1,0,1
2563,2,away,666200,0,0,1
2563,2,away,661395,1,1,0
2563,2,away,695243,1,1,1
2563,2,away,628452,1,1,0
2563,2,away,808967,0,0,0
2563,3,home,547973,1,1,0
2563,3,home,641329,0,0,1
2563,3,home,671922,0,0,1
2563,3,home,656876,0,0,1
2563,3,home,656641,1,1,1
2563,3,home,686973,1,1,0
2563,3,away,695505,1,1,0
2563,3,away,666200,1,0,1
2563,3,away,661395,0,0,1
2563,3,away,695243,1,1,0
2563,3,away,628452,0,0,1
2563,3,away,808967,0,0,1
2563,4,home,547973,0,0,1
2563,4,home,641329,1,0,1
2563,4,home,671922,1,1,1
2563,4,home,656876,1,1,0
2563,4,home,656641,1,1,1
2563,4,home,686973,0,0,1
2563,4,away,695505,0,0,1
2563,4,away,666200,1,0,1
2563,4,away,661395,1,0,1
2563,4,away,695243,0,0,0
2563,4,away,628452,1,0,1
2563,4,away,808967,1,1,0
2564,1,home,547973,1,1,0
2564,1,home,641329,1,0,1
2564,1,home,671922,1,1,0
2564,1,home,656876,1,1,0
2564,1,home,656641,1,1,0
2564,1,home,686973,1,1,1
2564,1,away,695505,1,1,0
2564,1,away,666200,1,1,1
2564,1,away,661395,1,0,1
2564,1,away,695243,1,1,0
2564,1,away,628452,1,0,1
2564,1,away,808967,1,1,1
2564,2,home,547973,0,0,1
2564,2,home,641329,1,1,1
2564,2,home,671922,0,0,1
2564,2,home,656876,0,0,1
2564,2,home,656641,0,0,1
2564,2,home,686973,1,1,0
2564,2,away,695505,0,0,1
2564,2,away,666200,1,1,0
2564,2,away,661395,1,0,1
2564,2,away,695243,0,0,1
2564,2,away,628452,1,1,0
2564,2,away,808967,1,1,0
2564,3,home,547973,1,1,0
2564,3,home,641329,1,0,1
2564,3,home,671922,1,1,0
2564,3,home,656876,1,1,0
2564,3,home,656641,1,1,1
2564,3,home,686973,0,0,1
2564,3,away,695505,1,1,0
2564,3,away,666200,0,0,1
2564,3,away,661395,1,1,0
2564,3,away,695243,1,0,1
2564,3,away,628452,0,0,1
2564,3,away,808967,0,0,1
2564,4,home,547973,0,0,1
2564,4,home,641329,1,0,1
2564,4,home,671922,0,0,1
2564,4,home,656876,0,0,1
2564,4,home,656641,1,1,1
2564,4,home,686973,1,1,1
2564,4,away,695505,0,0,1
2564,4,away,666200,1,0,1
2564,4,away,661395,0,0,1
2564,4,away,695243,1,0,1
2564,4,away,628452,1,1,1
2564,4,away,808967,1,0,1
2565,1,home,547973,1,1,0
2565,1,home,641329,1,0,1
2565,1,home,671922,1,1,1
2565,1,home,656876,1,1,0
2565,1,home,656641,1,1,0
2565,1,home,686973,1,0,1
2565,1,away,695505,1,0,1
2565,1,away,666200,1,0,1
2565,1,away,661395,1,0,1
2565,1,away,695243,1,0,1
2565,1,away,628452,1,0,1
2565,1,away,808967,1,0,1
2565,2,home,547973,0,0,1
2565,2,home,641329,1,1,0
2565,2,home,671922,1,1,0
2565,2,home,656876,0,0,1
2565,2,home,656641,0,0,1
2565,2,home,686973,1,1,1
2565,2,away,695505,1,1,0
2565,2,away,666200,1,0,1
2565,2,away,661395,1,0,1
2565,2,away,695243,1,0,1
2565,2,away,628452,1,1,0
2565,2,away,808967,1,1,0
2565,3,home,547973,1,1,1
2565,3,home,641329,0,0,1
2565,3,home,671922,0,0,0
2565,3,home,656876,1,1,0
2565,3,home,656641,1,1,1
2565,3,home,686973,1,1,1
2565,3,away,695505,0,0,1
2565,3,away,666200,1,0,1
2565,3,away,661395,1,1,0
2565,3,away,695243,1,1,0
2565,3,away,628452,0,0,1
2565,3,away,808967,0,0,1
2565,4,home,547973,1,1,0
2565,4,home,641329,1,1,1
2565,4,home,671922,0,0,1
2565,4,home,656876,0,0,1
2565,4,home,656641,1,1,0
2565,4,home,686973,1,1,0
2565,4,away,695505,1,1,0
2565,4,away,666200,1,1,0
2565,4,away,661395,0,0,1
2565,4,away,695243,0,0,1
2565,4,away,628452,1,0,1
2565,4,away,808967,1,1,0
2566,1,home,547973,1,1,0
2566,1,home,641329,1,0,1
2566,1,home,671922,1,1,0
2566,1,home,656876,1,1,0
2566,1,home,656641,1,0,1
2566,1,home,686973,1,1,0
2566,1,away,695505,1,0,1
2566,1,away,666200,1,0,1
2566,1,away,661395,1,0,1
2566,1,away,695243,1,1,0
2566,1,away,628452,1,0,1
2566,1,away,808967,1,1,0
2566,2,home,547973,0,0,1
2566,2,home,641329,1,1,0
2566,2,home,671922,0,0,1
2566,2,home,656876,0,0,1
2566,2,home,656641,1,1,0
2566,2,home,686973,0,0,1
2566,2,away,695505,1,1,1
2566,2,away,666200,1,1,0
2566,2,away,661395,1,1,0
2566,2,away,695243,0,0,1
2566,2,away,628452,1,0,1
2566,2,away,808967,0,0,1
2566,3,home,547973,1,1,0
2566,3,home,641329,0,0,1
2566,3,home,671922,1,1,1
2566,3,home,656876,1,1,0
2566,3,home,656641,0,0,1
2566,3,home,686973,1,0,1
2566,3,away,695505,1,1,1
2566,3,away,666200,0,0,1
2566,3,away,661395,0,0,1
2566,3,away,695243,1,1,1
2566,3,away,628452,1,0,1
2566,3,away,808967,1,1,0
2566,4,home,547973,0,0,1
2566,4,home,641329,1,1,1
2566,4,home,671922,1,1,0
2566,4,home,656876,0,0,0
2566,4,home,656641,1,1,1
2566,4,home,686973,1,0,1
2566,4,away,695505,1,0,1
2566,4,away,666200,1,0,1
2566,4,away,661395,1,0,1
2566,4,away,695243,1,0,1
2566,4,away,628452,1,1,0
2566,4,away,808967,0,0,1
2567,1,home,547973,1,1,1
2567,1,home,641329,1,0,1
2567,1,home,671922,1,1,0
2567,1,home,656876,1,1,1
2567,1,home,656641,1,0,1
2567,1,home,686973,1,0,1
2567,1,away,695505,1,0,1
2567,1,away,666200,1,0,1
2567,1,away,661395,1,0,1
2567,1,away,695243,1,0,1
2567,1,away,628452,1,0,1
2567,1,away,808967,1,1,0
2567,2,home,547973,1,1,1
2567,2,home,641329,1,1,0
2567,2,home,671922,0,0,0
2567,2,home,656876,1,1,1
2567,2,home,656641,1,1,0
2567,2,home,686973,1,0,1
2567,2,away,695505,1,1,0
2567,2,away,666200,1,1,1
2567,2,away,661395,1,1,0
2567,2,away,695243,1,0,1
2567,2,away,628452,1,0,1
2567,2,away,808967,0,0,1
2567,3,home,547973,1,1,1
2567,3,home,641329,0,0,1
2567,3,home,671922,0,0,1
2567,3,home,656876,1,1,0
2567,3,home,656641,0,0,1
2567,3,home,686973,1,1,0
2567,3,away,695505,0,0,1
2567,3,away,666200,1,1,0
2567,3,away,661395,0,0,0
2567,3,away,695243,1,1,0
2567,3,away,628452,1,0,1
2567,3,away,808967,1,1,1
2567,4,home,547973,1,1,0
2567,4,home,641329,1,1,0
2567,4,home,671922,1,1,0
2567,4,home,656876,0,0,1
2567,4,home,656641,1,1,1
2567,4,home,686973,0,0,1
2567,4,away,695505,1,1,0
2567,4,away,666200,0,0,1
2567,4,away,661395,0,0,1
2567,4,away,695243,0,0,1
2567,4,away,628452,1,1,0
2567,4,away,808967,1,1,0
2568,1,home,547973,1,1,0
2568,1,home,641329,1,1,0
2568,1,home,671922,1,1,1
2568,1,home,656876,1,1,0
2568,1,home,656641,1,1,0
2568,1,home,686973,1,0,1
2568,1,away,695505,1,1,1
2568,1,away,666200,1,1,0
2568,1,away,661395,1,1,0
2568,1,away,695243,1,1,1
2568,1,away,628452,1,0,1
2568,1,away,808967,1,1,0
2568,2,home,547973,0,0,1
2568,2,home,641329,0,0,1
2568,2,home,671922,1,1,0
2568,2,home,656876,0,0,1
2568,2,home,656641,0,0,1
2568,2,home,686973,1,1,0
2568,2,away,695505,1,1,0
2568,2,away,666200,0,0,1
2568,2,away,661395,0,0,1
2568,2,away,695243,1,1,0
2568,2,away,628452,1,1,1
2568,2,away,808967,0,0,1
2568,3,home,547973,1,1,1
2568,3,home,641329,1,0,1
2568,3,home,671922,0,0,1
2568,3,home,656876,1,1,1
2568,3,home,656641,1,1,0
2568,3,home,686973,0,0,1
2568,3,away,695505,0,0,1
2568,3,away,666200,1,1,0
2568,3,away,661395,1,0,1
2568,3,away,695243,0,0,1
2568,3,away,628452,1,1,1
2568,3,away,808967,1,0,1
2568,4,home,547973,1,1,0
2568,4,home,641329,1,1,0
2568,4,home,671922,1,1,0
2568,4,home,656876,1,1,0
2568,4,home,656641,0,0,1
2568,4,home,686973,1,1,0
2568,4,away,695505,1,1,0
2568,4,away,666200,0,0,1
2568,4,away,661395,1,1,0
2568,4,away,695243,1,0,1
2568,4,away,628452,1,0,1
2568,4,away,808967,1,0,1
2569,1,home,547973,1,1,0
2569,1,home,641329,1,0,1
2569,1,home,671922,1,0,1
2569,1,home,656876,1,1,0
2569,1,home,656641,1,1,0
2569,1,home,686973,1,0,1
2569,1,away,695505,1,0,1
2569,1,away,666200,1,1,0
2569,1,away,661395,1,0,1
2569,1,away,695243,1,0,1
2569,1,away,628452,1,1,0
2569,1,away,808967,1,1,0
2569,2,home,547973,0,0,1
2569,2,home,641329,1,1,1
2569,2,home,671922,1,1,0
2569,2,home,656876,0,0,1
2569,2,home,656641,0,0,1
2569,2,home,686973,1,1,0
2569,2,away,695505,1,1,1
2569,2,away,666200,0,0,1
2569,2,away,661395,1,1,0
2569,2,away,695243,1,0,1
2569,2,away,628452,0,0,1
2569,2,away,808967,0,0,1
2569,3,home,547973,1,1,1
2569,3,home,641329,1,1,1
2569,3,home,671922,0,0,1
2569,3,home,656876,1,1,0
2569,3,home,656641,1,1,1
2569,3,home,686973,0,0,1
2569,3,away,695505,1,1,0
2569,3,away,666200,1,1,0
2569,3,away,661395,0,0,1
2569,3,away,695243,1,1,0
2569,3,away,628452,1,0,1
2569,3,away,808967,1,1,0
2569,4,home,547973,1,1,0
2569,4,home,641329,1,1,0
2569,4,home,671922,1,0,1
2569,4,home,656876,0,0,1
2569,4,home,656641,1,1,1
2569,4,home,686973,1,1,1
2569,4,away,695505,0,0,1
2569,4,away,666200,0,0,1
2569,4,away,661395,1,1,0
2569,4,away,695243,0,0,1
2569,4,away,628452,1,1,1
2569,4,away,808967,0,0,1
2570,1,home,547973,1,1,0
2570,1,home,641329,1,0,1
2570,1,home,671922,1,1,0
2570,1,home,656876,1,1,1
2570,1,home,656641,1,1,0
2570,1,home,686973,1,1,0
2570,1,away,695505,1,1,0
2570,1,away,666200,1,1,0
2570,1,away,661395,1,0,1
2570,1,away,695243,1,0,1
2570,1,away,628452,1,0,1
2570,1,away,808967,1,1,1
2570,2,home,547973,0,0,1
2570,2,home,641329,1,1,0
2570,2,home,671922,0,0,1
2570,2,home,656876,1,1,0
2570,2,home,656641,0,0,1
2570,2,home,686973,0,0,1
2570,2,away,695505,0,0,1
2570,2,away,666200,0,0,0
2570,2,away,661395,1,1,1
2570,2,away,695243,1,1,0
2570,2,away,628452,1,1,0
2570,2,away,808967,1,1,0
2570,3,home,547973,1,0,1
2570,3,home,641329,0,0,1
2570,3,home,671922,1,1,0
2570,3,home,656876,0,0,1
2570,3,home,656641,1,1,0
2570,3,home,686973,1,0,1
2570,3,away,695505,1,0,1
2570,3,away,666200,0,0,1
2570,3,away,661395,1,1,0
2570,3,away,695243,0,0,1
2570,3,away,628452,0,0,1
2570,3,away,808967,0,0,1
2570,4,home,547973,1,1,0
2570,4,home,641329,1,0,1
2570,4,home,671922,0,0,1
2570,4,home,656876,1,0,1
2570,4,home,656641,0,0,1
2570,4,home,686973,1,1,0
2570,4,away,695505,1,1,0
2570,4,away,666200,1,1,0
2570,4,away,661395,0,0,0
2570,4,away,695243,1,0,1
2570,4,away,628452,1,0,1
2570,4,away,808967,1,0,1
2571,1,home,547973,1,1,0
2571,1,home,641329,1,0,1
2571,1,home,671922,1,1,0
2571,1,home,656876,1,1,0
2571,1,home,656641,1,1,0
2571,1,home,686973,1,0,1
2571,1,away,695505,1,0,1
2571,1,away,666200,1,1,0
2571,1,away,661395,1,0,1
2571,1,away,695243,1,1,0
2571,1,away,628452,1,0,1
2571,1,away,808967,1,0,1
2571,2,home,547973,0,0,1
2571,2,home,641329,1,0,1
2571,2,home,671922,0,0,1
2571,2,home,656876,0,0,1
2571,2,home,656641,0,0,1
2571,2,home,686973,1,0,1
2571,2,away,695505,1,0,1
2571,2,away,666200,0,0,1
2571,2,away,661395,1,0,1
2571,2,away,695243,0,0,1
2571,2,away,628452,1,0,1
2571,2,away,808967,1,0,1
2571,3,home,547973,1,1,1
2571,3,home,641329,1,0,1
2571,3,home,671922,1,1,0
2571,3,home,656876,1,1,0
2571,3,home,656641,1,1,0
2571,3,home,686973,1,0,1
2571,3,away,695505,1,0,1
2571,3,away,666200,1,1,0
2571,3,away,661395,1,0,1
2571,3,away,695243,1,1,0
2571,3,away,628452,1,0,1
2571,3,away,808967,1,0,1
2571,4,home,547973,1,0,1
2571,4,home,641329,1,0,1
2571,4,home,671922,0,0,1
2571,4,home,656876,0,0,1
2571,4,home,656641,0,0,1
2571,4,home,686973,1,0,1
2571,4,away,695505,1,0,1
2571,4,away,666200,0,0,1
2571,4,away,661395,1,0,1
2571,4,away,695243,0,0,1
2571,4,away,628452,1,0,1
2571,4,away,808967,1,0,1
2572,1,home,547973,1,1,0
2572,1,home,641329,1,0,1
2572,1,home,671922,1,0,1
2572,1,home,656876,1,1,1
2572,1,home,656641,1,1,0
2572,1,home,686973,1,0,1
2572,1,away,695505,1,0,1
2572,1,away,666200,1,1,0
2572,1,away,661395,1,0,1
2572,1,away,695243,1,1,1
2572,1,away,628452,1,1,0
2572,1,away,808967,1,1,0
2572,2,home,547973,0,0,1
2572,2,home,641329,1,0,1
2572,2,home,671922,1,1,0
2572,2,home,656876,1,1,0
2572,2,home,656641,0,0,0
2572,2,home,686973,1,0,1
2572,2,away,695505,1,0,1
2572,2,away,666200,0,0,1
2572,2,away,661395,1,1,0
2572,2,away,695243,1,0,1
2572,2,away,628452,0,0,1
2572,2,away,808967,0,0,1
2572,3,home,547973,1,1,0
2572,3,home,641329,1,1,0
2572,3,home,671922,0,0,1
2572,3,home,656876,0,0,1
2572,3,home,656641,0,0,1
2572,3,home,686973,1,1,1
2572,3,away,695505,1,1,0
2572,3,away,666200,1,1,1
2572,3,away,661395,0,0,1
2572,3,away,695243,1,1,1
2572,3,away,628452,1,0,1
2572,3,away,808967,1,0,1
2572,4,home,547973,0,0,1
2572,4,home,641329,0,0,1
2572,4,home,671922,1,1,1
2572,4,home,656876,1,1,0
2572,4,home,656641,1,1,0
2572,4,home,686973,1,0,1
2572,4,away,695505,0,0,1
2572,4,away,666200,1,1,0
2572,4,away,661395,1,0,1
2572,4,away,695243,1,0,1
2572,4,away,628452,1,1,0
2572,4,away,808967,1,0,1
2573,1,home,547973,1,1,1
2573,1,home,641329,1,1,0
2573,1,home,671922,1,1,1
2573,1,home,656876,1,1,1
2573,1,home,656641,1,1,0
2573,1,home,686973,1,1,0
2573,1,away,695505,1,0,1
2573,1,away,666200,1,0,1
2573,1,away,661395,1,0,1
2573,1,away,695243,1,0,1
2573,1,away,628452,1,1,0
2573,1,away,808967,1,1,1
2573,2,home,547973,1,1,0
2573,2,home,641329,0,0,1
2573,2,home,671922,1,1,0
2573,2,home,656876,1,1,0
2573,2,home,656641,0,0,1
2573,2,home,686973,0,0,1
2573,2,away,695505,1,0,1
2573,2,away,666200,1,1,0
2573,2,away,661395,1,0,1
2573,2,away,695243,1,1,0
2573,2,away,628452,0,0,1
2573,2,away,808967,1,1,1
2573,3,home,547973,0,0,1
2573,3,home,641329,1,1,1
2573,3,home,671922,0,0,0
2573,3,home,656876,0,0,1
2573,3,home,656641,1,1,1
2573,3,home,686973,1,1,0
2573,3,away,695505,1,0,1
2573,3,away,666200,0,0,1
2573,3,away,661395,1,1,0
2573,3,away,695243,0,0,0
2573,3,away,628452,1,1,0
2573,3,away,808967,1,1,1
2573,4,home,547973,1,1,0
2573,4,home,641329,1,1,0
2573,4,home,671922,0,0,1
2573,4,home,656876,1,1,0
2573,4,home,656641,1,1,0
2573,4,home,686973,0,0,1
2573,4,away,695505,1,0,1
2573,4,away,666200,1,0,1
2573,4,away,661395,0,0,1
2573,4,away,695243,0,0,0
2573,4,away,628452,0,0,1
2573,4,away,808967,1,1,1
2574,1,home,547973,1,0,1
2574,1,home,641329,1,0,1
2574,1,home,671922,1,1,0
2574,1,home,656876,1,1,0
2574,1,home,656641,1,1,0
2574,1,home,686973,1,0,1
2574,1,away,695505,1,0,1
2574,1,away,666200,1,0,1
2574,1,away,661395,1,1,0
2574,1,away,695243,1,0,1
2574,1,away,628452,1,0,1
2574,1,away,808967,1,1,1
2574,2,home,547973,1,1,1
2574,2,home,641329,1,1,0
2574,2,home,671922,0,0,1
2574,2,home,656876,0,0,1
2574,2,home,656641,0,0,1
2574,2,home,686973,1,1,0
2574,2,away,695505,1,1,0
2574,2,away,666200,1,1,0
2574,2,away,661395,0,0,1
2574,2,away,695243,1,1,1
2574,2,away,628452,1,0,1
2574,2,away,808967,1,1,1
2574,3,home,547973,1,1,0
2574,3,home,641329,0,0,1
2574,3,home,671922,1,0,1
2574,3,home,656876,1,1,0
2574,3,home,656641,1,1,1
2574,3,home,686973,0,0,1
2574,3,away,695505,0,0,0
2574,3,away,666200,0,0,1
2574,3,away,661395,1,0,1
2574,3,away,695243,1,0,1
2574,3,away,628452,1,1,0
2574,3,away,808967,1,0,1
2574,4,home,547973,0,0,1
2574,4,home,641329,1,1,0
2574,4,home,671922,1,1,0
2574,4,home,656876,0,0,1
2574,4,home,656641,1,1,0
2574,4,home,686973,1,1,0
2574,4,away,695505,0,0,1
2574,4,away,666200,1,1,1
2574,4,away,661395,1,1,1
2574,4,away,695243,1,1,0
2574,4,away,628452,0,0,0
2574,4,away,808967,1,1,0
2575,1,home,547973,1,1,1
2575,1,home,641329,1,0,1
2575,1,home,671922,1,1,1
2575,1,home,656876,1,1,0
2575,1,home,656641,1,1,1
2575,1,home,686973,1,0,1
2575,1,away,695505,1,0,1
2575,1,away,666200,1,1,1
2575,1,away,661395,1,0,1
2575,1,away,695243,1,1,1
2575,1,away,628452,1,0,1
2575,1,away,808967,1,0,1
2575,2,home,547973,1,1,1
2575,2,home,641329,1,0,1
2575,2,home,671922,1,1,0
2575,2,home,656876,0,0,1
2575,2,home,656641,1,1,0
2575,2,home,686973,1,1,1
2575,2,away,695505,1,1,0
2575,2,away,666200,1,0,1
2575,2,away,661395,1,0,1
2575,2,away,695243,1,0,1
2575,2,away,628452,1,1,0
2575,2,away,808967,1,0,1
2575,3,home,547973,1,1,0
2575,3,home,641329,1,0,1
2575,3,home,671922,0,0,1
2575,3,home,656876,1,1,0
2575,3,home,656641,0,0,1
2575,3,home,686973,1,1,1
2575,3,away,695505,0,0,1
2575,3,away,666200,1,1,0
2575,3,away,661395,1,1,0
2575,3,away,695243,1,1,0
2575,3,away,628452,0,0,1
2575,3,away,808967,1,1,0
2575,4,home,547973,0,0,1
2575,4,home,641329,1,1,0
2575,4,home,671922,1,0,1
2575,4,home,656876,0,0,1
2575,4,home,656641,1,1,1
2575,4,home,686973,1,1,0
2575,4,away,695505,1,0,1
2575,4,away,666200,0,0,1
2575,4,away,661395,0,0,1
2575,4,away,695243,0,0,1
2575,4,away,628452,1,0,1
2575,4,away,808967,0,0,1
2576,1,home,547973,1,1,0
2576,1,home,641329,1,0,1
2576,1,home,671922,1,1,0
2576,1,home,656876,1,1,1
2576,1,home,656641,1,1,0
2576,1,home,686973,1,0,1
2576,1,away,695505,1,1,0
2576,1,away,666200,1,1,0
2576,1,away,661395,1,0,1
2576,1,away,695243,1,0,1
2576,1,away,628452,1,0,1
2576,1,away,808967,1,1,0
2576,2,home,547973,0,0,1
2576,2,home,641329,1,1,1
2576,2,home,671922,0,0,1
2576,2,home,656876,1,1,0
2576,2,home,656641,0,0,1
2576,2,home,686973,1,1,0
2576,2,away,695505,0,0,1
2576,2,away,666200,0,0,1
2576,2,away,661395,1,0,1
2576,2,away,695243,1,1,0
2576,2,away,628452,1,1,0
2576,2,away,808967,0,0,1
2576,3,home,547973,1,1,1
2576,3,home,641329,1,1,0
2576,3,home,671922,1,1,0
2576,3,home,656876,0,0,1
2576,3,home,656641,1,1,1
2576,3,home,686973,0,0,1
2576,3,away,695505,1,1,0
2576,3,away,666200,1,1,1
2576,3,away,661395,1,0,1
2576,3,away,695243,0,0,1
2576,3,away,628452,0,0,1
2576,3,away,808967,1,1,0
2576,4,home,547973,1,0,1
2576,4,home,641329,0,0,1
2576,4,home,671922,0,0,1
2576,4,home,656876,1,1,0
2576,4,home,656641,1,1,0
2576,4,home,686973,1,1,0
2576,4,away,695505,0,0,1
2576,4,away,666200,1,0,1
2576,4,away,661395,1,1,0
2576,4,away,695243,1,0,1
2576,4,away,628452,1,0,1
2576,4,away,808967,0,0,0
2577,1,home,547973,1,1,1
2577,1,home,641329,1,0,1
2577,1,home,671922,1,0,1
2577,1,home,656876,1,1,0
2577,1,home,656641,1,1,0
2577,1,home,686973,1,0,1
2577,1,away,695505,1,1,0
2577,1,away,666200,1,1,1
2577,1,away,661395,1,0,1
2577,1,away,695243,1,1,0
2577,1,away,628452,1,0,1
2577,1,away,808967,1,1,0
2577,2,home,547973,1,1,0
2577,2,home,641329,1,1,0
2577,2,home,671922,1,1,1
2577,2,home,656876,0,0,1
2577,2,home,656641,0,0,1
2577,2,home,686973,1,1,0
2577,2,away,695505,0,0,0
2577,2,away,666200,1,0,1
2577,2,away,661395,1,1,0
2577,2,away,695243,0,0,1
2577,2,away,628452,1,1,0
2577,2,away,808967,0,0,1
2577,3,home,547973,0,0,1
2577,3,home,641329,0,0,1
2577,3,home,671922,1,1,0
2577,3,home,656876,1,1,0
2577,3,home,656641,1,1,0
2577,3,home,686973,0,0,1
2577,3,away,695505,0,0,1
2577,3,away,666200,1,1,0
2577,3,away,661395,0,0,1
2577,3,away,695243,1,1,0
2577,3,away,628452,0,0,1
2577,3,away,808967,1,1,0
2577,4,home,547973,1,1,0
2577,4,home,641329,1,1,1
2577,4,home,671922,0,0,1
2577,4,home,656876,0,0,1
2577,4,home,656641,0,0,1
2577,4,home,686973,1,1,0
2577,4,away,695505,1,0,1
2577,4,away,666200,0,0,1
2577,4,away,661395,1,1,1
2577,4,away,695243,0,0,1
2577,4,away,628452,1,0,1
2577,4,away,808967,0,0,1
2578,1,home,547973,1,0,1
2578,1,home,641329,1,0,1
2578,1,home,671922,1,1,1
2578,1,home,656876,1,1,0
2578,1,home,656641,1,1,0
2578,1,home,686973,1,0,1
2578,1,away,695505,1,0,1
2578,1,away,666200,1,0,1
2578,1,away,661395,1,0,1
2578,1,away,695243,1,0,1
2578,1,away,628452,1,1,1
2578,1,away,808967,1,1,1
2578,2,home,547973,1,1,0
2578,2,home,641329,1,1,0
2578,2,home,671922,1,1,1
2578,2,home,656876,0,0,0
2578,2,home,656641,0,0,1
2578,2,home,686973,1,1,1
2578,2,away,695505,1,0,1
2578,2,away,666200,1,1,0
2578,2,away,661395,1,0,1
2578,2,away,695243,1,1,0
2578,2,away,628452,1,0,1
2578,2,away,808967,1,0,1
2578,3,home,547973,0,0,1
2578,3,home,641329,0,0,1
2578,3,home,671922,1,1,1
2578,3,home,656876,0,0,1
2578,3,home,656641,1,1,0
2578,3,home,686973,1,1,1
2578,3,away,695505,1,1,0
2578,3,away,666200,0,0,1
2578,3,away,661395,1,1,1
2578,3,away,695243,0,0,1
2578,3,away,628452,1,0,1
2578,3,away,808967,1,1,1
2578,4,home,547973,1,0,1
2578,4,home,641329,1,0,1
2578,4,home,671922,1,1,0
2578,4,home,656876,1,1,1
2578,4,home,656641,0,0,1
2578,4,home,686973,1,1,0
2578,4,away,695505,0,0,1
2578,4,away,666200,1,0,1
2578,4,away,661395,1,0,1
2578,4,away,695243,1,0,1
2578,4,away,628452,1,0,1
2578,4,away,808967,1,1,0
2579,1,home,547973,1,0,1
2579,1,home,641329,1,0,1
2579,1,home,671922,1,0,1
2579,1,home,656876,1,1,1
2579,1,home,656641,1,1,1
2579,1,home,686973,1,0,1
2579,1,away,695505,1,0,1
2579,1,away,666200,1,0,1
2579,1,away,661395,1,0,1
2579,1,away,695243,1,0,1
2579,1,away,628452,1,0,1
2579,1,away,808967,1,1,1
2579,2,home,547973,1,1,1
2579,2,home,641329,1,0,1
2579,2,home,671922,1,1,0
2579,2,home,656876,1,1,1
2579,2,home,656641,1,0,1
2579,2,home,686973,1,0,1
2579,2,away,695505,1,0,1
2579,2,away,666200,1,0,1
2579,2,away,661395,1,0,1
2579,2,away,695243,1,0,1
2579,2,away,628452,1,0,1
2579,2,away,808967,1,0,1
2579,3,home,547973,1,0,1
2579,3,home,641329,1,0,1
2579,3,home,671922,0,0,1
2579,3,home,656876,1,1,1
2579,3,home,656641,1,1,0
2579,3,home,686973,1,1,0
2579,3,away,695505,1,1,0
2579,3,away,666200,1,1,0
2579,3,away,661395,1,0,1
2579,3,away,695243,1,1,0
2579,3,away,628452,1,0,1
2579,3,away,808967,1,1,0
2579,4,home,547973,1,0,1
2579,4,home,641329,1,0,1
2579,4,home,671922,1,0,1
2579,4,home,656876,1,0,1
2579,4,home,656641,0,0,1
2579,4,home,686973,0,0,1
2579,4,away,695505,0,0,0
2579,4,away,666200,0,0,1
2579,4,away,661395,1,0,1
2579,4,away,695243,0,0,1
2579,4,away,628452,1,0,1
2579,4,away,808967,0,0,1
2580,1,home,547973,1,1,0
2580,1,home,641329,1,0,1
2580,1,home,671922,1,1,0
2580,1,home,656876,1,1,1
2580,1,home,656641,1,1,0
2580,1,home,686973,1,0,1
2580,1,away,695505,1,1,0
2580,1,away,666200,1,0,1
2580,1,away,661395,1,0,1
2580,1,away,695243,1,0,1
2580,1,away,628452,1,0,1
2580,1,away,808967,1,1,0
2580,2,home,547973,0,0,1
2580,2,home,641329,1,0,1
2580,2,home,671922,0,0,1
2580,2,home,656876,1,1,0
2580,2,home,656641,0,0,1
2580,2,home,686973,1,0,1
2580,2,away,695505,0,0,1
2580,2,away,666200,1,0,1
2580,2,away,661395,1,1,0
2580,2,away,695243,1,0,1
2580,2,away,628452,1,0,1
2580,2,away,808967,0,0,1
2580,3,home,547973,1,1,0
2580,3,home,641329,1,1,1
2580,3,home,671922,1,1,0
2580,3,home,656876,0,0,1
2580,3,home,656641,1,1,0
2580,3,home,686973,1,1,0
2580,3,away,695505,1,1,0
2580,3,away,666200,1,1,0
2580,3,away,661395,0,0,1
2580,3,away,695243,1,1,0
2580,3,away,628452,1,0,1
2580,3,away,808967,1,1,0
2580,4,home,547973,0,0,1
2580,4,home,641329,1,1,0
2580,4,home,671922,0,0,1
2580,4,home,656876,1,1,0
2580,4,home,656641,0,0,1
2580,4,home,686973,0,0,0
2580,4,away,695505,0,0,1
2580,4,away,666200,0,0,1
2580,4,away,661395,1,0,1
2580,4,away,695243,0,0,1
2580,4,away,628452,1,1,1
2580,4,away,808967,0,0,0
2581,1,home,547973,1,0,1
2581,1,home,641329,1,0,1
2581,1,home,671922,1,0,1
2581,1,home,656876,1,1,0
2581,1,home,656641,1,1,0
2581,1,home,686973,1,0,1
2581,1,away,695505,1,1,1
2581,1,away,666200,1,0,1
2581,1,away,661395,1,0,1
2581,1,away,695243,1,0,1
2581,1,away,628452,1,0,1
2581,1,away,808967,1,1,0
2581,2,home,547973,1,0,1
2581,2,home,641329,1,0,1
2581,2,home,671922,1,1,0
2581,2,home,656876,0,0,1
2581,2,home,656641,0,0,1
2581,2,home,686973,1,1,0
2581,2,away,695505,1,1,0
2581,2,away,666200,1,1,0
2581,2,away,661395,1,0,1
2581,2,away,695243,1,0,1
2581,2,away,628452,1,0,1
2581,2,away,808967,0,0,1
2581,3,home,547973,1,0,1
2581,3,home,641329,1,0,1
2581,3,home,671922,0,0,1
2581,3,home,656876,1,1,1
2581,3,home,656641,1,1,1
2581,3,home,686973,0,0,1
2581,3,away,695505,0,0,0
2581,3,away,666200,0,0,1
2581,3,away,661395,1,0,1
2581,3,away,695243,1,0,1
2581,3,away,628452,1,0,1
2581,3,away,808967,1,1,0
2581,4,home,547973,1,0,1
2581,4,home,641329,1,0,1
2581,4,home,671922,1,0,1
2581,4,home,656876,1,0,1
2581,4,home,656641,1,1,0
2581,4,home,686973,1,0,1
2581,4,away,695505,0,0,1
2581,4,away,666200,1,0,1
2581,4,away,661395,1,0,1
2581,4,away,695243,1,0,1
2581,4,away,628452,1,0,1
2581,4,away,808967,0,0,1
2582,1,home,547973,1,1,1
2582,1,home,641329,1,0,1
2582,1,home,671922,1,1,0
2582,1,home,656876,1,1,0
2582,1,home,656641,1,1,0
2582,1,home,686973,1,0,1
2582,1,away,695505,1,1,1
2582,1,away,666200,1,1,1
2582,1,away,661395,1,0,1
2582,1,away,695243,1,1,0
2582,1,away,628452,1,0,1
2582,1,away,808967,1,1,0
2582,2,home,547973,1,1,0
2582,2,home,641329,1,1,0
2582,2,home,671922,0,0,1
2582,2,home,656876,0,0,1
2582,2,home,656641,0,0,1
2582,2,home,686973,1,1,1
2582,2,away,695505,1,0,1
2582,2,away,666200,1,0,1
2582,2,away,661395,1,0,1
2582,2,away,695243,0,0,0
2582,2,away,628452,1,1,0
2582,2,away,808967,0,0,1
2582,3,home,547973,0,0,0
2582,3,home,641329,0,0,1
2582,3,home,671922,1,1,1
2582,3,home,656876,1,1,0
2582,3,home,656641,1,1,0
2582,3,home,686973,1,0,1
2582,3,away,695505,1,0,1
2582,3,away,666200,1,1,1
2582,3,away,661395,1,0,1
2582,3,away,695243,0,0,1
2582,3,away,628452,0,0,1
2582,3,away,808967,1,1,0
2582,4,home,547973,0,0,1
2582,4,home,641329,1,0,1
2582,4,home,671922,1,1,0
2582,4,home,656876,0,0,1
2582,4,home,656641,0,0,1
2582,4,home,686973,1,1,0
2582,4,away,695505,1,1,0
2582,4,away,666200,1,1,0
2582,4,away,661395,1,1,0
2582,4,away,695243,1,0,1
2582,4,away,628452,1,1,0
2582,4,away,808967,0,0,1
2583,1,home,547973,1,0,1
2583,1,home,641329,1,0,1
2583,1,home,671922,1,1,0
2583,1,home,656876,1,1,0
2583,1,home,656641,1,1,0
2583,1,home,686973,1,0,1
2583,1,away,695505,1,0,1
2583,1,away,666200,1,0,1
2583,1,away,661395,1,0,1
2583,1,away,695243,1,0,1
2583,1,away,628452,1,0,1
2583,1,away,808967,1,1,1
2583,2,home,547973,1,1,0
2583,2,home,641329,1,1,0
2583,2,home,671922,0,0,1
2583,2,home,656876,0,0,1
2583,2,home,656641,0,0,1
2583,2,home,686973,1,1,0
2583,2,away,695505,1,1,0
2583,2,away,666200,1,0,1
2583,2,away,661395,1,0,1
2583,2,away,695243,1,0,1
2583,2,away,628452,1,1,0
2583,2,away,808967,1,0,1
2583,3,home,547973,0,0,0
2583,3,home,641329,0,0,1
2583,3,home,671922,1,1,0
2583,3,home,656876,1,1,0
2583,3,home,656641,1,1,1
2583,3,home,686973,0,0,1
2583,3,away,695505,0,0,1
2583,3,away,666200,1,1,0
2583,3,away,661395,1,1,0
2583,3,away,695243,1,1,0
2583,3,away,628452,0,0,1
2583,3,away,808967,1,0,1
2583,4,home,547973,0,0,1
2583,4,home,641329,1,1,0
2583,4,home,671922,0,0,0
2583,4,home,656876,0,0,1
2583,4,home,656641,1,1,0
2583,4,home,686973,1,1,0
2583,4,away,695505,1,1,0
2583,4,away,666200,0,0,1
2583,4,away,661395,0,0,1
2583,4,away,695243,0,0,1
2583,4,away,628452,1,0,1
2583,4,away,808967,1,1,0
2584,1,home,547973,1,0,1
2584,1,home,641329,1,0,1
2584,1,home,671922,1,1,0
2584,1,home,656876,1,1,0
2584,1,home,656641,1,1,1
2584,1,home,686973,1,0,1
2584,1,away,695505,1,0,1
2584,1,away,666200,1,0,1
2584,1,away,661395,1,0,1
2584,1,away,695243,1,0,1
2584,1,away,628452,1,1,0
2584,1,away,808967,1,1,0
2584,2,home,547973,1,0,1
2584,2,home,641329,1,0,1
2584,2,home,671922,0,0,1
2584,2,home,656876,0,0,1
2584,2,home,656641,1,1,0
2584,2,home,686973,1,1,1
2584,2,away,695505,1,0,1
2584,2,away,666200,1,0,1
2584,2,away,661395,1,1,1
2584,2,away,695243,1,1,0
2584,2,away,628452,0,0,1
2584,2,away,808967,0,0,1
2584,3,home,547973,1,1,0
2584,3,home,641329,1,0,1
2584,3,home,671922,1,1,0
2584,3,home,656876,1,1,0
2584,3,home,656641,0,0,0
2584,3,home,686973,1,1,1
2584,3,away,695505,1,0,1
2584,3,away,666200,1,1,1
2584,3,away,661395,1,1,1
2584,3,away,695243,0,0,1
2584,3,away,628452,1,0,1
2584,3,away,808967,1,1,0
2584,4,home,547973,0,0,0
2584,4,home,641329,1,1,1
2584,4,home,671922,0,0,1
2584,4,home,656876,0,0,1
2584,4,home,656641,0,0,1
2584,4,home,686973,1,1,0
2584,4,away,695505,1,0,1
2584,4,away,666200,1,0,1
2584,4,away,661395,1,1,1
2584,4,away,695243,1,0,1
2584,4,away,628452,1,1,0
2584,4,away,808967,0,0,1
2585,1,home,547973,1,0,1
2585,1,home,641329,1,0,1
2585,1,home,671922,1,1,0
2585,1,home,656876,1,1,0
2585,1,home,656641,1,1,1
2585,1,home,686973,1,0,1
2585,1,away,695505,1,1,1
2585,1,away,666200,1,1,1
2585,1,away,661395,1,0,1
2585,1,away,695243,1,0,1
2585,1,away,628452,1,0,1
2585,1,away,808967,1,0,1
2585,2,home,547973,1,0,1
2585,2,home,641329,1,0,1
2585,2,home,671922,0,0,1
2585,2,home,656876,0,0,1
2585,2,home,656641,1,0,1
2585,2,home,686973,1,0,1
2585,2,away,695505,1,0,1
2585,2,away,666200,1,0,1
2585,2,away,661395,1,0,1
2585,2,away,695243,1,0,1
2585,2,away,628452,1,0,1
2585,2,away,808967,1,0,1
2585,3,home,547973,1,1,0
2585,3,home,641329,1,0,1
2585,3,home,671922,1,1,0
2585,3,home,656876,1,1,1
2585,3,home,656641,1,1,0
2585,3,home,686973,1,0,1
2585,3,away,695505,1,0,1
2585,3,away,666200,1,0,1
2585,3,away,661395,1,0,1
2585,3,away,695243,1,0,1
2585,3,away,628452,1,1,0
2585,3,away,808967,1,1,0
2585,4,home,547973,0,0,1
2585,4,home,641329,1,0,1
2585,4,home,671922,0,0,1
2585,4,home,656876,1,1,0
2585,4,home,656641,0,0,1
2585,4,home,686973,1,1,0
2585,4,away,695505,1,1,1
2585,4,away,666200,1,1,0
2585,4,away,661395,1,0,1
2585,4,away,695243,1,1,0
2585,4,away,628452,0,0,1
2585,4,away,808967,0,0,0
2586,1,home,547973,1,0,1
2586,1,home,641329,1,0,1
2586,1,home,671922,1,1,1
2586,1,home,656876,1,1,0
2586,1,home,656641,1,1,1
2586,1,home,686973,1,0,1
2586,1,away,695505,1,0,1
2586,1,away,666200,1,0,1
2586,1,away,661395,1,1,0
2586,1,away,695243,1,0,1
2586,1,away,628452,1,1,0
2586,1,away,808967,1,0,1
2586,2,home,547973,1,1,0
2586,2,home,641329,1,0,1
2586,2,home,671922,1,1,0
2586,2,home,656876,0,0,1
2586,2,home,656641,1,1,1
2586,2,home,686973,1,0,1
2586,2,away,695505,1,1,0
2586,2,away,666200,1,1,0
2586,2,away,661395,0,0,1
2586,2,away,695243,1,1,1
2586,2,away,628452,0,0,1
2586,2,away,808967,1,1,0
2586,3,home,547973,0,0,1
2586,3,home,641329,1,1,0
2586,3,home,671922,0,0,1
2586,3,home,656876,1,1,0
2586,3,home,656641,1,1,1
2586,3,home,686973,1,1,0
2586,3,away,695505,0,0,1
2586,3,away,666200,0,0,1
2586,3,away,661395,1,1,0
2586,3,away,695243,1,1,0
2586,3,away,628452,1,1,0
2586,3,away,808967,0,0,1
2586,4,home,547973,1,1,0
2586,4,home,641329,0,0,1
2586,4,home,671922,1,1,1
2586,4,home,656876,0,0,1
2586,4,home,656641,1,1,0
2586,4,home,686973,0,0,0
2586,4,away,695505,1,0,1
2586,4,away,666200,1,0,1
2586,4,away,661395,0,0,1
2586,4,away,695243,0,0,1
2586,4,away,628452,0,0,1
2586,4,away,808967,1,0,1
2587,1,home,547973,1,1,1
2587,1,home,641329,1,1,0
2587,1,home,671922,1,1,0
2587,1,home,656876,1,1,0
2587,1,home,656641,1,1,1
2587,1,home,686973,1,0,1
2587,1,away,695505,1,1,0
2587,1,away,666200,1,1,0
2587,1,away,661395,1,1,0
2587,1,away,695243,1,1,0
2587,1,away,628452,1,1,0
2587,1,away,808967,1,0,1
2587,2,home,547973,1,1,0
2587,2,home,641329,0,0,1
2587,2,home,671922,0,0,1
2587,2,home,656876,0,0,1
2587,2,home,656641,1,1,0
2587,2,home,686973,1,1,1
2587,2,away,695505,0,0,1
2587,2,away,666200,0,0,1
2587,2,away,661395,0,0,1
2587,2,away,695243,0,0,1
2587,2,away,628452,0,0,1
2587,2,away,808967,1,1,1
2587,3,home,547973,0,0,1
2587,3,home,641329,1,0,1
2587,3,home,671922,1,1,0
2587,3,home,656876,1,0,1
2587,3,home,656641,0,0,1
2587,3,home,686973,1,1,1
2587,3,away,695505,1,0,1
2587,3,away,666200,1,0,1
2587,3,away,661395,1,0,1
2587,3,away,695243,1,0,1
2587,3,away,628452,1,0,1
2587,3,away,808967,1,0,1
2587,4,home,547973,1,0,1
2587,4,home,641329,1,1,0
2587,4,home,671922,0,0,1
2587,4,home,656876,1,1,0
2587,4,home,656641,1,1,0
2587,4,home,686973,1,1,0
2587,4,away,695505,1,0,1
2587,4,away,666200,1,0,1
2587,4,away,661395,1,0,1
2587,4,away,695243,1,0,1
2587,4,away,628452,1,1,0
2587,4,away,808967,1,0,1
2588,1,home,547973,1,0,1
2588,1,home,641329,1,0,1
2588,1,home,671922,1,1,0
2588,1,home,656876,1,1,0
2588,1,home,656641,1,0,1
2588,1,home,686973,1,0,1
2588,1,away,695505,1,0,1
2588,1,away,666200,1,0,1
2588,1,away,661395,1,1,0
2588,1,away,695243,1,0,1
2588,1,away,628452,1,0,1
2588,1,away,808967,1,1,1
2588,2,home,547973,1,1,0
2588,2,home,641329,1,1,0
2588,2,home,671922,0,0,1
2588,2,home,656876,0,0,1
2588,2,home,656641,1,1,0
2588,2,home,686973,1,1,0
2588,2,away,695505,1,1,1
2588,2,away,666200,1,1,0
2588,2,away,661395,0,0,1
2588,2,away,695243,1,1,0
2588,2,away,628452,1,1,0
2588,2,away,808967,1,1,0
2588,3,home,547973,0,0,1
2588,3,home,641329,0,0,1
2588,3,home,671922,1,1,0
2588,3,home,656876,1,1,1
2588,3,home,656641,0,0,1
2588,3,home,686973,0,0,1
2588,3,away,695505,1,1,1
2588,3,away,666200,0,0,1
2588,3,away,661395,1,1,0
2588,3,away,695243,0,0,1
2588,3,away,628452,0,0,1
2588,3,away,808967,0,0,1
2588,4,home,547973,1,1,0
2588,4,home,641329,1,0,1
2588,4,home,671922,0,0,1
2588,4,home,656876,1,1,0
2588,4,home,656641,1,1,0
2588,4,home,686973,1,1,0
2588,4,away,695505,1,1,0
2588,4,away,666200,1,0,1
2588,4,away,661395,0,0,1
2588,4,away,695243,1,0,1
2588,4,away,628452,1,1,0
2588,4,away,808967,1,0,1
2589,1,home,547973,1,1,0
2589,1,home,641329,1,0,1
2589,1,home,671922,1,1,0
2589,1,home,656876,1,1,1
2589,1,home,656641,1,1,0
2589,1,home,686973,1,0,1
2589,1,away,695505,1,0,1
2589,1,away,666200,1,1,0
2589,1,away,661395,1,0,1
2589,1,away,695243,1,1,0
2589,1,away,628452,1,0,1
2589,1,away,808967,1,0,1
2589,2,home,547973,0,0,1
2589,2,home,641329,1,1,0
2589,2,home,671922,0,0,1
2589,2,home,656876,1,1,0
2589,2,home,656641,0,0,1
2589,2,home,686973,1,1,1
2589,2,away,695505,1,1,0
2589,2,away,666200,0,0,1
2589,2,away,661395,1,1,0
2589,2,away,695243,0,0,1
2589,2,away,628452,1,1,0
2589,2,away,808967,1,1,0
2589,3,home,547973,1,0,1
2589,3,home,641329,0,0,1
2589,3,home,671922,1,1,0
2589,3,home,656876,0,0,1
2589,3,home,656641,1,1,0
2589,3,home,686973,1,1,0
2589,3,away,695505,0,0,1
2589,3,away,666200,1,1,0
2589,3,away,661395,0,0,1
2589,3,away,695243,1,0,1
2589,3,away,628452,0,0,0
2589,3,away,808967,0,0,1
2589,4,home,547973,1,1,0
2589,4,home,641329,1,0,1
2589,4,home,671922,0,0,1
2589,4,home,656876,1,0,1
2589,4,home,656641,0,0,1
2589,4,home,686973,0,0,1
2589,4,away,695505,1,0,1
2589,4,away,666200,0,0,1
2589,4,away,661395,1,0,1
2589,4,away,695243,1,0,1
2589,4,away,628452,0,0,1
2589,4,away,808967,1,0,1
2590,1,home,547973,1,1,0
2590,1,home,641329,1,0,1
2590,1,home,671922,1,1,1
2590,1,home,656876,1,1,1
2590,1,home,656641,1,1,0
2590,1,home,686973,1,0,1
2590,1,away,695505,1,0,1
2590,1,away,666200,1,0,1
2590,1,away,661395,1,0,1
2590,1,away,695243,1,1,0
2590,1,away,628452,1,0,1
2590,1,away,808967,1,1,0
2590,2,home,547973,0,0,1
2590,2,home,641329,1,1,0
2590,2,home,671922,1,1,0
2590,2,home,656876,1,1,0
2590,2,home,656641,0,0,1
2590,2,home,686973,1,1,0
2590,2,away,695505,1,1,1
2590,2,away,666200,1,1,0
2590,2,away,661395,1,1,0
2590,2,away,695243,0,0,1
2590,2,away,628452,1,0,1
2590,2,away,808967,0,0,1
2590,3,home,547973,1,1,0
2590,3,home,641329,0,0,0
2590,3,home,671922,0,0,1
2590,3,home,656876,0,0,0
2590,3,home,656641,1,0,1
2590,3,home,686973,0,0,1
2590,3,away,695505,1,0,1
2590,3,away,666200,0,0,1
2590,3,away,661395,0,0,1
2590,3,away,695243,1,0,1
2590,3,away,628452,1,0,1
2590,3,away,808967,1,0,1
2590,4,home,547973,0,0,1
2590,4,home,641329,0,0,1
2590,4,home,671922,1,1,1
2590,4,home,656876,0,0,1
2590,4,home,656641,1,1,0
2590,4,home,686973,1,1,0
2590,4,away,695505,1,0,1
2590,4,away,666200,1,1,0
2590,4,away,661395,1,0,1
2590,4,away,695243,1,1,1
2590,4,away,628452,1,0,1
2590,4,away,808967,1,1,0
2591,1,home,547973,1,0,1
2591,1,home,641329,1,0,1
2591,1,home,671922,1,0,1
2591,1,home,656876,1,1,0
2591,1,home,656641,1,0,1
2591,1,home,686973,1,0,1
2591,1,away,695505,1,1,0
2591,1,away,666200,1,0,1
2591,1,away,661395,1,1,0
2591,1,away,695243,1,0,1
2591,1,away,628452,1,0,1
2591,1,away,808967,1,0,1
2591,2,home,547973,1,1,0
2591,2,home,641329,1,0,1
2591,2,home,671922,1,1,0
2591,2,home,656876,0,0,1
2591,2,home,656641,1,0,1
2591,2,home,686973,1,1,0
2591,2,away,695505,0,0,1
2591,2,away,666200,1,0,1
2591,2,away,661395,0,0,1
2591,2,away,695243,1,0,1
2591,2,away,628452,1,0,1
2591,2,away,808967,1,1,1
2591,3,home,547973,0,0,1
2591,3,home,641329,1,0,1
2591,3,home,671922,0,0,1
2591,3,home,656876,1,0,1
2591,3,home,656641,1,1,0
2591,3,home,686973,0,0,1
2591,3,away,695505,1,0,1
2591,3,away,666200,1,0,1
2591,3,away,661395,1,0,1
2591,3,away,695243,1,0,1
2591,3,away,628452,1,0,1
2591,3,away,808967,1,0,1
2591,4,home,547973,1,1,0
2591,4,home,641329,1,0,1
2591,4,home,671922,1,1,1
2591,4,home,656876,1,1,0
2591,4,home,656641,0,0,1
2591,4,home,686973,1,1,1
2591,4,away,695505,1,0,1
2591,4,away,666200,1,1,1
2591,4,away,661395,1,0,1
2591,4,away,695243,1,0,1
2591,4,away,628452,1,1,1
2591,4,away,808967,1,1,0
2592,1,home,547973,1,1,0
2592,1,home,641329,1,0,1
2592,1,home,671922,1,1,1
2592,1,home,656876,1,1,0
2592,1,home,656641,1,1,1
2592,1,home,686973,1,0,1
2592,1,away,695505,1,1,1
2592,1,away,666200,1,1,0
2592,1,away,661395,1,0,1
2592,1,away,695243,1,1,0
2592,1,away,628452,1,0,1
2592,1,away,808967,1,0,1
2592,2,home,547973,0,0,1
2592,2,home,641329,1,0,1
2592,2,home,671922,1,1,0
2592,2,home,656876,0,0,1
2592,2,home,656641,1,1,1
2592,2,home,686973,1,1,0
2592,2,away,695505,1,1,0
2592,2,away,666200,0,0,1
2592,2,away,661395,1,1,0
2592,2,away,695243,0,0,1
2592,2,away,628452,1,0,1
2592,2,away,808967,1,1,0
2592,3,home,547973,1,0,1
2592,3,home,641329,1,0,1
2592,3,home,671922,0,0,1
2592,3,home,656876,1,0,1
2592,3,home,656641,1,0,1
2592,3,home,686973,0,0,0
2592,3,away,695505,0,0,1
2592,3,away,666200,1,0,1
2592,3,away,661395,0,0,0
2592,3,away,695243,1,0,1
2592,3,away,628452,1,0,1
2592,3,away,808967,0,0,1
2592,4,home,547973,1,0,1
2592,4,home,641329,1,0,1
2592,4,home,671922,1,1,0
2592,4,home,656876,1,0,1
2592,4,home,656641,1,1,0
2592,4,home,686973,0,0,1
2592,4,away,695505,1,0,1
2592,4,away,666200,1,0,1
2592,4,away,661395,0,0,1
2592,4,away,695243,1,0,1
2592,4,away,628452,1,0,1
2592,4,away,808967,1,1,0
2593,1,home,547973,1,0,1
2593,1,home,641329,1,0,1
2593,1,home,671922,1,0,1
2593,1,home,656876,1,1,0
2593,1,home,656641,1,1,0
2593,1,home,686973,1,0,1
2593,1,away,695505,1,1,1
2593,1,away,666200,1,0,1
2593,1,away,661395,1,1,1
2593,1,away,695243,1,0,1
2593,1,away,628452,1,1,1
2593,1,away,808967,1,0,1
2593,2,home,547973,1,1,1
2593,2,home,641329,1,0,1
2593,2,home,671922,1,0,1
2593,2,home,656876,0,0,1
2593,2,home,656641,0,0,1
2593,2,home,686973,1,0,1
2593,2,away,695505,1,0,1
2593,2,away,666200,1,0,1
2593,2,away,661395,1,0,1
2593,2,away,695243,1,0,1
2593,2,away,628452,1,0,1
2593,2,away,808967,1,0,1
2593,3,home,547973,1,1,0
2593,3,home,641329,1,1,0
2593,3,home,671922,1,1,0
2593,3,home,656876,1,1,1
2593,3,home,656641,1,1,0
2593,3,home,686973,1,0,1
2593,3,away,695505,1,0,1
2593,3,away,666200,1,0,1
2593,3,away,661395,1,0,1
2593,3,away,695243,1,1,0
2593,3,away,628452,1,0,1
2593,3,away,808967,1,1,0
2593,4,home,547973,0,0,1
2593,4,home,641329,0,0,1
2593,4,home,671922,0,0,1
2593,4,home,656876,1,1,1
2593,4,home,656641,0,0,1
2593,4,home,686973,1,1,0
2593,4,away,695505,1,1,0
2593,4,away,666200,1,1,1
2593,4,away,661395,1,1,0
2593,4,away,695243,0,0,1
2593,4,away,628452,1,1,1
2593,4,away,808967,0,0,1
2594,1,home,547973,1,1,1
2594,1,home,641329,1,0,1
2594,1,home,671922,1,1,1
2594,1,home,656876,1,1,1
2594,1,home,656641,1,1,0
2594,1,home,686973,1,0,1
2594,1,away,695505,1,1,0
2594,1,away,666200,1,1,0
2594,1,away,661395,1,0,1
2594,1,away,695243,1,1,0
2594,1,away,628452,1,0,1
2594,1,away,808967,1,1,0
2594,2,home,547973,1,1,0
2594,2,home,641329,1,0,1
2594,2,home,671922,1,1,0
2594,2,home,656876,1,1,1
2594,2,home,656641,0,0,1
2594,2,home,686973,1,0,1
2594,2,away,695505,0,0,1
2594,2,away,666200,0,0,1
2594,2,away,661395,1,1,0
2594,2,away,695243,0,0,1
2594,2,away,628452,1,1,0
2594,2,away,808967,0,0,1
2594,3,home,547973,0,0,1
2594,3,home,641329,1,0,1
2594,3,home,671922,0,0,1
2594,3,home,656876,1,1,0
2594,3,home,656641,1,1,0
2594,3,home,686973,1,1,1
2594,3,away,695505,1,1,0
2594,3,away,666200,1,1,1
2594,3,away,661395,0,0,1
2594,3,away,695243,1,1,0
2594,3,away,628452,0,0,0
2594,3,away,808967,1,0,1
2594,4,home,547973,1,1,0
2594,4,home,641329,1,0,1
2594,4,home,671922,1,1,1
2594,4,home,656876,0,0,1
2594,4,home,656641,0,0,1
2594,4,home,686973,1,1,0
2594,4,away,695505,0,0,0
2594,4,away,666200,1,1,1
2594,4,away,661395,1,1,0
2594,4,away,695243,0,0,1
2594,4,away,628452,0,0,1
2594,4,away,808967,1,1,1
2595,1,home,547973,1,1,0
2595,1,home,641329,1,0,1
2595,1,home,671922,1,1,0
2595,1,home,656876,1,1,1
2595,1,home,656641,1,1,0
2595,1,home,686973,1,0,1
2595,1,away,695505,1,1,0
2595,1,away,666200,1,1,0
2595,1,away,661395,1,0,1
2595,1,away,695243,1,0,1
2595,1,away,628452,1,0,1
2595,1,away,808967,1,1,0
2595,2,home,547973,0,0,0
2595,2,home,641329,1,1,1
2595,2,home,671922,0,0,1
2595,2,home,656876,1,1,0
2595,2,home,656641,0,0,1
2595,2,home,686973,1,1,1
2595,2,away,695505,0,0,1
2595,2,away,666200,0,0,1
2595,2,away,661395,1,1,1
2595,2,away,695243,1,1,0
2595,2,away,628452,1,0,1
2595,2,away,808967,0,0,1
2595,3,home,547973,0,0,1
2595,3,home,641329,1,0,1
2595,3,home,671922,1,1,1
2595,3,home,656876,0,0,1
2595,3,home,656641,1,1,0
2595,3,home,686973,1,1,0
2595,3,away,695505,1,1,0
2595,3,away,666200,1,0,1
2595,3,away,661395,1,1,1
2595,3,away,695243,0,0,1
2595,3,away,628452,1,0,1
2595,3,away,808967,1,1,0
2595,4,home,547973,1,1,1
2595,4,home,641329,1,0,1
2595,4,home,671922,1,1,1
2595,4,home,656876,1,1,0
2595,4,home,656641,0,0,1
2595,4,home,686973,0,0,1
2595,4,away,695505,0,0,1
2595,4,away,666200,1,0,1
2595,4,away,661395,1,1,0
2595,4,away,695243,1,1,1
2595,4,away,628452,1,1,1
2595,4,away,808967,0,0,1
2596,1,home,547973,1,1,0
2596,1,home,641329,1,0,1
2596,1,home,671922,1,1,0
2596,1,home,656876,1,1,0
2596,1,home,656641,1,1,0
2596,1,home,686973,1,0,1
2596,1,away,695505,1,1,1
2596,1,away,666200,1,1,1
2596,1,away,661395,1,1,0
2596,1,away,695243,1,1,0
2596,1,away,628452,1,0,1
2596,1,away,808967,1,1,0
2596,2,home,547973,0,0,1
2596,2,home,641329,1,0,1
2596,2,home,671922,0,0,1
2596,2,home,656876,0,0,1
2596,2,home,656641,0,0,1
2596,2,home,686973,1,0,1
2596,2,away,695505,1,0,1
2596,2,away,666200,1,0,1
2596,2,away,661395,0,0,1
2596,2,away,695243,0,0,1
2596,2,away,628452,1,0,1
2596,2,away,808967,0,0,1
2596,3,home,547973,1,1,0
2596,3,home,641329,1,0,1
2596,3,home,671922,1,1,0
2596,3,home,656876,1,1,0
2596,3,home,656641,1,0,1
2596,3,home,686973,1,0,1
2596,3,away,695505,1,1,1
2596,3,away,666200,1,1,0
2596,3,away,661395,1,0,1
2596,3,away,695243,1,1,0
2596,3,away,628452,1,0,1
2596,3,away,808967,1,1,0
2596,4,home,547973,0,0,1
2596,4,home,641329,1,0,1
2596,4,home,671922,0,0,0
2596,4,home,656876,0,0,1
2596,4,home,656641,1,0,1
2596,4,home,686973,1,0,1
2596,4,away,695505,1,0,1
2596,4,away,666200,0,0,1
2596,4,away,661395,1,0,1
2596,4,away,695243,0,0,1
2596,4,away,628452,1,0,1
2596,4,away,808967,0,0,1
2597,1,home,547973,1,1,0
2597,1,home,641329,1,0,1
2597,1,home,671922,1,1,1
2597,1,home,656876,1,1,1
2597,1,home,656641,1,1,0
2597,1,home,686973,1,0,1
2597,1,away,695505,1,1,0
2597,1,away,666200,1,1,0
2597,1,away,661395,1,0,1
2597,1,away,695243,1,1,0
2597,1,away,628452,1,0,1
2597,1,away,808967,1,0,1
2597,2,home,547973,0,0,1
2597,2,home,641329,1,1,0
2597,2,home,671922,1,1,1
2597,2,home,656876,1,1,0
2597,2,home,656641,0,0,1
2597,2,home,686973,1,0,1
2597,2,away,695505,0,0,1
2597,2,away,666200,0,0,1
2597,2,away,661395,1,1,0
2597,2,away,695243,0,0,1
2597,2,away,628452,1,1,1
2597,2,away,808967,1,0,1
2597,3,home,547973,1,0,1
2597,3,home,641329,0,0,1
2597,3,home,671922,1,1,0
2597,3,home,656876,0,0,1
2597,3,home,656641,1,1,1
2597,3,home,686973,1,1,0
2597,3,away,695505,1,0,1
2597,3,away,666200,1,0,1
2597,3,away,661395,0,0,1
2597,3,away,695243,1,0,1
2597,3,away,628452,1,0,1
2597,3,away,808967,1,1,1
2597,4,home,547973,1,0,1
2597,4,home,641329,1,0,1
2597,4,home,671922,0,0,1
2597,4,home,656876,1,1,0
2597,4,home,656641,1,1,0
2597,4,home,686973,0,0,1
2597,4,away,695505,1,0,1
2597,4,away,666200,1,0,1
2597,4,away,661395,1,1,1
2597,4,away,695243,1,0,1
2597,4,away,628452,1,0,1
2597,4,away,808967,1,0,1
2598,1,home,547973,1,1,1
2598,1,home,641329,1,0,1
2598,1,home,671922,1,1,1
2598,1,home,656876,1,1,0
2598,1,home,656641,1,1,0
2598,1,home,686973,1,0,1
2598,1,away,695505,1,1,0
2598,1,away,666200,1,1,1
2598,1,away,661395,1,0,1
2598,1,away,695243,1,1,0
2598,1,away,628452,1,0,1
2598,1,away,808967,1,0,1
2598,2,home,547973,1,1,1
2598,2,home,641329,1,0,1
2598,2,home,671922,1,1,0
2598,2,home,656876,0,0,1
2598,2,home,656641,0,0,1
2598,2,home,686973,1,1,0
2598,2,away,695505,0,0,1
2598,2,away,666200,1,0,1
2598,2,away,661395,1,1,0
2598,2,away,695243,0,0,1
2598,2,away,628452,1,1,0
2598,2,away,808967,1,1,1
2598,3,home,547973,1,1,0
2598,3,home,641329,1,0,1
2598,3,home,671922,0,0,1
2598,3,home,656876,1,1,0
2598,3,home,656641,1,1,0
2598,3,home,686973,0,0,1
2598,3,away,695505,1,1,1
2598,3,away,666200,1,1,0
2598,3,away,661395,0,0,1
2598,3,away,695243,1,1,0
2598,3,away,628452,0,0,1
2598,3,away,808967,1,0,1
2598,4,home,547973,0,0,1
2598,4,home,641329,1,1,0
2598,4,home,671922,1,1,0
2598,4,home,656876,0,0,1
2598,4,home,656641,0,0,0
2598,4,home,686973,1,1,0
2598,4,away,695505,1,1,0
2598,4,away,666200,0,0,1
2598,4,away,661395,1,1,0
2598,4,away,695243,0,0,0
2598,4,away,628452,1,1,1
2598,4,away,808967,1,0,1
2599,1,home,547973,1,0,1
2599,1,home,641329,1,0,1
2599,1,home,671922,1,1,1
2599,1,home,656876,1,0,1
2599,1,home,656641,1,1,0
2599,1,home,686973,1,0,1
2599,1,away,695505,1,0,1
2599,1,away,666200,1,0,1
2599,1,away,661395,1,1,0
2599,1,away,695243,1,0,1
2599,1,away,628452,1,1,0
2599,1,away,808967,1,0,1
2599,2,home,547973,1,1,0
2599,2,home,641329,1,0,1
2599,2,home,671922,1,1,0
2599,2,home,656876,1,1,0
2599,2,home,656641,0,0,1
2599,2,home,686973,1,0,1
2599,2,away,695505,1,0,1
2599,2,away,666200,1,0,1
2599,2,away,661395,0,0,1
2599,2,away,695243,1,0,1
2599,2,away,628452,0,0,0
2599,2,away,808967,1,1,1
2599,3,home,547973,0,0,1
2599,3,home,641329,1,1,1
2599,3,home,671922,0,0,1
2599,3,home,656876,0,0,1
2599,3,home,656641,1,1,1
2599,3,home,686973,1,1,1
2599,3,away,695505,1,1,0
2599,3,away,666200,1,1,1
2599,3,away,661395,1,0,1
2599,3,away,695243,1,1,0
2599,3,away,628452,0,0,1
2599,3,away,808967,1,1,0
2599,4,home,547973,1,1,0
2599,4,home,641329,1,1,0
2599,4,home,671922,1,1,0
2599,4,home,656876,1,1,0
2599,4,home,656641,1,1,0
2599,4,home,686973,1,1,1
2599,4,away,695505,0,0,1
2599,4,away,666200,1,1,1
2599,4,away,661395,1,1,1
2599,4,away,695243,0,0,1
2599,4,away,628452,1,1,0
2599,4,away,808967,0,0,1
2600,1,home,547973,1,1,0
2600,1,home,641329,1,0,1
2600,1,home,671922,1,1,1
2600,1,home,656876,1,1,0
2600,1,home,656641,1,1,1
2600,1,home,686973,1,0,1
2600,1,away,695505,1,0,1
2600,1,away,666200,1,0,1
2600,1,away,661395,1,0,1
2600,1,away,695243,1,0,1
2600,1,away,628452,1,0,1
2600,1,away,808967,1,1,0
2600,2,home,547973,0,0,1
2600,2,home,641329,1,0,1
2600,2,home,671922,1,1,0
2600,2,home,656876,0,0,0
2600,2,home,656641,1,0,1
2600,2,home,686973,1,1,0
2600,2,away,695505,1,0,1
2600,2,away,666200,1,0,1
2600,2,away,661395,1,0,1
2600,2,away,695243,1,0,1
2600,2,away,628452,1,0,1
2600,2,away,808967,0,0,1
2600,3,home,547973,1,1,1
2600,3,home,641329,1,1,0
2600,3,home,671922,0,0,1
2600,3,home,656876,0,0,1
2600,3,home,656641,1,1,0
2600,3,home,686973,0,0,1
2600,3,away,695505,1,1,1
2600,3,away,666200,1,1,0
2600,3,away,661395,1,1,0
2600,3,away,695243,1,1,1
2600,3,away,628452,1,0,1
2600,3,away,808967,1,1,0
2600,4,home,547973,1,1,0
2600,4,home,641329,0,0,1
2600,4,home,671922,1,1,0
2600,4,home,656876,1,1,0
2600,4,home,656641,0,0,1
2600,4,home,686973,1,1,1
2600,4,away,695505,1,0,1
2600,4,away,666200,0,0,1
2600,4,away,661395,0,0,0
2600,4,away,695243,1,0,1
2600,4,away,628452,1,1,0
2600,4,away,808967,0,0,1
2601,1,home,547973,1,1,0
2601,1,home,641329,1,1,0
2601,1,home,671922,1,1,1
2601,1,home,656876,1,1,0
2601,1,home,656641,1,1,1
2601,1,home,686973,1,0,1
2601,1,away,695505,1,0,1
2601,1,away,666200,1,1,1
2601,1,away,661395,1,0,1
2601,1,away,695243,1,1,0
2601,1,away,628452,1,0,1
2601,1,away,808967,1,1,1
2601,2,home,547973,0,0,1
2601,2,home,641329,0,0,1
2601,2,home,671922,1,1,1
2601,2,home,656876,0,0,1
2601,2,home,656641,1,1,1
2601,2,home,686973,1,0,1
2601,2,away,695505,1,1,0
2601,2,away,666200,1,1,1
2601,2,away,661395,1,0,1
2601,2,away,695243,0,0,1
2601,2,away,628452,1,1,1
2601,2,away,808967,1,1,0
2601,3,home,547973,1,1,1
2601,3,home,641329,1,0,1
2601,3,home,671922,1,1,0
2601,3,home,656876,1,1,0
2601,3,home,656641,1,1,0
2601,3,home,686973,1,0,1
2601,3,away,695505,0,0,1
2601,3,away,666200,1,1,0
2601,3,away,661395,1,1,0
2601,3,away,695243,1,0,1
2601,3,away,628452,1,1,1
2601,3,away,808967,0,0,1
2601,4,home,547973,1,1,0
2601,4,home,641329,1,1,0
2601,4,home,671922,0,0,1
2601,4,home,656876,0,0,1
2601,4,home,656641,0,0,0
2601,4,home,686973,1,1,0
2601,4,away,695505,1,1,0
2601,4,away,666200,0,0,1
2601,4,away,661395,0,0,1
2601,4,away,695243,1,0,1
2601,4,away,628452,1,1,0
2601,4,away,808967,1,1,0
2602,1,home,547973,1,1,1
2602,1,home,641329,1,0,1
2602,1,home,671922,1,1,1
2602,1,home,656876,1,1,0
2602,1,home,656641,1,1,0
2602,1,home,686973,1,0,1
2602,1,away,695505,1,1,0
2602,1,away,666200,1,1,0
2602,1,away,661395,1,0,1
2602,1,away,695243,1,1,0
2602,1,away,628452,1,0,1
2602,1,away,808967,1,0,1
2602,2,home,547973,1,1,0
2602,2,home,641329,1,1,0
2602,2,home,671922,1,1,0
2602,2,home,656876,0,0,1
2602,2,home,656641,0,0,1
2602,2,home,686973,1,1,0
2602,2,away,695505,0,0,1
2602,2,away,666200,0,0,1
2602,2,away,661395,1,0,1
2602,2,away,695243,0,0,1
2602,2,away,628452,1,1,0
2602,2,away,808967,1,1,0
2602,3,home,547973,0,0,1
2602,3,home,641329,0,0,1
2602,3,home,671922,0,0,1
2602,3,home,656876,1,1,0
2602,3,home,656641,1,1,0
2602,3,home,686973,0,0,1
2602,3,away,695505,1,1,0
2602,3,away,666200,1,1,0
2602,3,away,661395,1,0,1
2602,3,away,695243,1,1,0
2602,3,away,628452,0,0,1
2602,3,away,808967,0,0,1
2602,4,home,547973,1,1,1
2602,4,home,641329,1,0,1
2602,4,home,671922,1,1,1
2602,4,home,656876,0,0,1
2602,4,home,656641,0,0,1
2602,4,home,686973,1,1,0
2602,4,away,695505,0,0,1
2602,4,away,666200,0,0,1
2602,4,away,661395,1,1,0
2602,4,away,695243,0,0,1
2602,4,away,628452,1,1,0
2602,4,away,808967,1,1,0
2603,1,home,547973,1,0,1
2603,1,home,641329,1,0,1
2603,1,home,671922,1,0,1
2603,1,home,656876,1,0,1
2603,1,home,656641,1,0,1
2603,1,home,686973,1,0,1
2603,1,away,695505,1,0,1
2603,1,away,666200,1,0,1
2603,1,away,661395,1,0,1
2603,1,away,695243,1,0,1
2603,1,away,628452,1,0,1
2603,1,away,808967,1,0,1
2603,2,home,547973,1,1,1
2603,2,home,641329,1,0,1
2603,2,home,671922,1,1,0
2603,2,home,656876,1,1,0
2603,2,home,656641,1,1,0
2603,2,home,686973,1,0,1
2603,2,away,695505,1,1,1
2603,2,away,666200,1,1,1
2603,2,away,661395,1,0,1
2603,2,away,695243,1,1,0
2603,2,away,628452,1,0,1
2603,2,away,808967,1,0,1
2603,3,home,547973,1,1,1
2603,3,home,641329,1,0,1
2603,3,home,671922,0,0,1
2603,3,home,656876,0,0,1
2603,3,home,656641,0,0,1
2603,3,home,686973,1,1,0
2603,3,away,695505,1,1,0
2603,3,away,666200,1,0,1
2603,3,away,661395,1,0,1
2603,3,away,695243,0,0,1
2603,3,away,628452,1,0,1
2603,3,away,808967,1,1,1
2603,4,home,547973,1,0,1
2603,4,home,641329,1,0,1
2603,4,home,671922,1,1,0
2603,4,home,656876,1,1,1
2603,4,home,656641,1,1,0
2603,4,home,686973,0,0,1
2603,4,away,695505,0,0,1
2603,4,away,666200,1,0,1
2603,4,away,661395,1,0,1
2603,4,away,695243,1,0,1
2603,4,away,628452,1,1,0
2603,4,away,808967,1,1,0
2604,1,home,547973,1,1,1
2604,1,home,641329,1,0,1
2604,1,home,671922,1,0,1
2604,1,home,656876,1,1,1
2604,1,home,656641,1,1,0
2604,1,home,686973,1,0,1
2604,1,away,695505,1,0,1
2604,1,away,666200,1,0,1
2604,1,away,661395,1,0,1
2604,1,away,695243,1,0,1
2604,1,away,628452,1,1,0
2604,1,away,808967,1,0,1
2604,2,home,547973,1,1,0
2604,2,home,641329,1,1,0
2604,2,home,671922,1,1,0
2604,2,home,656876,1,1,0
2604,2,home,656641,0,0,1
2604,2,home,686973,1,1,1
2604,2,away,695505,1,1,0
2604,2,away,666200,1,0,1
2604,2,away,661395,1,1,0
2604,2,away,695243,1,1,0
2604,2,away,628452,0,0,1
2604,2,away,808967,1,1,1
2604,3,home,547973,0,0,1
2604,3,home,641329,0,0,1
2604,3,home,671922,0,0,1
2604,3,home,656876,0,0,1
2604,3,home,656641,1,1,0
2604,3,home,686973,1,1,0
2604,3,away,695505,0,0,1
2604,3,away,666200,1,0,1
2604,3,away,661395,0,0,1
2604,3,away,695243,0,0,1
2604,3,away,628452,1,1,0
2604,3,away,808967,1,1,0
2604,4,home,547973,1,1,0
2604,4,home,641329,1,1,0
2604,4,home,671922,1,1,1
2604,4,home,656876,1,1,0
2604,4,home,656641,0,0,1
2604,4,home,686973,0,0,0
2604,4,away,695505,1,1,0
2604,4,away,666200,1,1,0
2604,4,away,661395,1,1,0
2604,4,away,695243,1,1,0
2604,4,away,628452,0,0,1
2604,4,away,808967,0,0,1
2605,1,home,547973,1,1,0
2605,1,home,641329,1,0,1
2605,1,home,671922,1,1,1
2605,1,home,656876,1,1,0
2605,1,home,656641,1,1,0
2605,1,home,686973,1,0,1
2605,1,away,695505,1,0,1
2605,1,away,666200,1,0,1
2605,1,away,661395,1,1,0
2605,1,away,695243,1,0,1
2605,1,away,628452,1,1,1
2605,1,away,808967,1,1,0
2605,2,home,547973,0,0,1
2605,2,home,641329,1,1,0
2605,2,home,671922,1,1,0
2605,2,home,656876,0,0,1
2605,2,home,656641,0,0,1
2605,2,home,686973,1,1,0
2605,2,away,695505,1,1,0
2605,2,away,666200,1,1,1
2605,2,away,661395,0,0,1
2605,2,away,695243,1,1,1
2605,2,away,628452,1,1,0
2605,2,away,808967,0,0,1
2605,3,home,547973,1,0,1
2605,3,home,641329,0,0,1
2605,3,home,671922,0,0,1
2605,3,home,656876,1,0,1
2605,3,home,656641,1,1,0
2605,3,home,686973,0,0,1
2605,3,away,695505,0,0,1
2605,3,away,666200,1,0,1
2605,3,away,661395,1,0,1
2605,3,away,695243,1,0,1
2605,3,away,628452,0,0,1
2605,3,away,808967,1,0,1
2605,4,home,547973,1,1,0
2605,4,home,641329,1,0,1
2605,4,home,671922,1,1,0
2605,4,home,656876,1,1,0
2605,4,home,656641,0,0,1
2605,4,home,686973,1,1,0
2605,4,away,695505,1,0,1
2605,4,away,666200,1,0,1
2605,4,away,661395,1,0,1
2605,4,away,695243,1,0,1
2605,4,away,628452,1,1,1
2605,4,away,808967,1,1,0
2606,1,home,547973,1,0,1
2606,1,home,641329,1,0,1
2606,1,home,671922,1,1,0
2606,1,home,656876,1,1,0
2606,1,home,656641,1,1,1
2606,1,home,686973,1,0,1
2606,1,away,695505,1,1,1
2606,1,away,666200,1,0,1
2606,1,away,661395,1,0,1
2606,1,away,695243,1,0,1
2606,1,away,628452,1,1,1
2606,1,away,808967,1,1,0
2606,2,home,547973,1,1,1
2606,2,home,641329,1,0,1
2606,2,home,671922,0,0,1
2606,2,home,656876,0,0,1
2606,2,home,656641,1,1,0
2606,2,home,686973,1,1,1
2606,2,away,695505,1,0,1
2606,2,away,666200,1,1,0
2606,2,away,661395,1,1,1
2606,2,away,695243,1,0,1
2606,2,away,628452,1,0,1
2606,2,away,808967,0,0,1
2606,3,home,547973,1,1,0
2606,3,home,641329,1,1,1
2606,3,home,671922,1,1,0
2606,3,home,656876,1,1,0
2606,3,home,656641,0,0,1
2606,3,home,686973,1,1,0
2606,3,away,695505,1,1,0
2606,3,away,666200,0,0,1
2606,3,away,661395,1,0,1
2606,3,away,695243,1,0,1
2606,3,away,628452,1,0,1
2606,3,away,808967,1,1,0
2606,4,home,547973,0,0,1
2606,4,home,641329,1,1,0
2606,4,home,671922,0,0,1
2606,4,home,656876,0,0,1
2606,4,home,656641,1,1,1
2606,4,home,686973,0,0,1
2606,4,away,695505,0,0,1
2606,4,away,666200,1,0,1
2606,4,away,661395,1,1,0
2606,4,away,695243,1,0,1
2606,4,away,628452,1,1,1
2606,4,away,808967,0,0,1
2607,1,home,547973,1,0,1
2607,1,home,641329,1,0,1
2607,1,home,671922,1,0,1
2607,1,home,656876,1,0,1
2607,1,home,656641,1,0,1
2607,1,home,686973,1,0,1
2607,1,away,695505,1,0,1
2607,1,away,666200,1,0,1
2607,1,away,661395,1,0,1
2607,1,away,695243,1,0,1
2607,1,away,628452,1,0,1
2607,1,away,808967,1,0,1
2607,2,home,547973,1,0,1
2607,2,home,641329,1,0,1
2607,2,home,671922,1,0,1
2607,2,home,656876,1,0,1
2607,2,home,656641,1,0,1
2607,2,home,686973,1,0,1
2607,2,away,695505,1,0,1
2607,2,away,666200,1,0,1
2607,2,away,661395,1,0,1
2607,2,away,695243,1,0,1
2607,2,away,628452,1,0,1
2607,2,away,808967,1,0,1
2607,3,home,547973,1,1,1
2607,3,home,641329,1,1,0
2607,3,home,671922,1,1,1
2607,3,home,656876,1,1,0
2607,3,home,656641,1,1,1
2607,3,home,686973,1,0,1
2607,3,away,695505,1,1,0
2607,3,away,666200,1,1,0
2607,3,away,661395,1,0,1
2607,3,away,695243,1,1,0
2607,3,away,628452,1,0,1
2607,3,away,808967,1,0,1
2607,4,home,547973,1,1,0
2607,4,home,641329,0,0,1
2607,4,home,671922,1,1,0
2607,4,home,656876,0,0,1
2607,4,home,656641,1,1,0
2607,4,home,686973,1,1,0
2607,4,away,695505,0,0,1
2607,4,away,666200,0,0,1
2607,4,away,661395,1,1,0
2607,4,away,695243,0,0,1
2607,4,away,628452,1,1,0
2607,4,away,808967,1,1,0
2608,1,home,547973,1,1,0
2608,1,home,641329,1,0,1
2608,1,home,671922,1,1,0
2608,1,home,656876,1,1,0
2608,1,home,656641,1,1,0
2608,1,home,686973,1,0,1
2608,1,away,695505,1,1,0
2608,1,away,666200,1,1,0
2608,1,away,661395,1,0,1
2608,1,away,695243,1,1,0
2608,1,away,628452,1,0,1
2608,1,away,808967,1,1,1
2608,2,home,547973,0,0,1
2608,2,home,641329,1,0,1
2608,2,home,671922,0,0,1
2608,2,home,656876,0,0,1
2608,2,home,656641,0,0,1
2608,2,home,686973,1,0,1
2608,2,away,695505,0,0,1
2608,2,away,666200,0,0,1
2608,2,away,661395,1,0,1
2608,2,away,695243,0,0,1
2608,2,away,628452,1,0,1
2608,2,away,808967,1,0,1
2608,3,home,547973,1,0,1
2608,3,home,641329,1,0,1
2608,3,home,671922,1,0,1
2608,3,home,656876,1,0,1
2608,3,home,656641,1,0,1
2608,3,home,686973,1,0,1
2608,3,away,695505,1,0,1
2608,3,away,666200,1,0,1
2608,3,away,661395,1,0,1
2608,3,away,695243,1,0,1
2608,3,away,628452,1,0,1
2608,3,away,808967,1,0,1
2608,4,home,547973,1,0,1
2608,4,home,641329,1,1,0
2608,4,home,671922,1,1,0
2608,4,home,656876,1,1,0
2608,4,home,656641,1,1,0
2608,4,home,686973,1,1,0
2608,4,away,695505,1,1,0
2608,4,away,666200,1,1,0
2608,4,away,661395,1,0,1
2608,4,away,695243,1,0,1
2608,4,away,628452,1,0,1
2608,4,away,808967,1,1,0
2609,1,home,547973,1,1,0
2609,1,home,641329,1,0,1
2609,1,home,671922,1,1,0
2609,1,home,656876,1,1,0
2609,1,home,656641,1,1,0
2609,1,home,686973,1,0,1
2609,1,away,695505,1,0,1
2609,1,away,666200,1,0,1
2609,1,away,661395,1,0,1
2609,1,away,695243,1,1,1
2609,1,away,628452,1,0,1
2609,1,away,808967,1,1,1
2609,2,home,547973,0,0,1
2609,2,home,641329,1,1,0
2609,2,home,671922,0,0,1
2609,2,home,656876,0,0,1
2609,2,home,656641,0,0,1
2609,2,home,686973,1,1,1
2609,2,away,695505,1,1,0
2609,2,away,666200,1,1,0
2609,2,away,661395,1,0,1
2609,2,away,695243,1,1,0
2609,2,away,628452,1,0,1
2609,2,away,808967,1,0,1
2609,3,home,547973,1,0,1
2609,3,home,641329,0,0,1
2609,3,home,671922,1,1,0
2609,3,home,656876,1,1,1
2609,3,home,656641,1,1,0
2609,3,home,686973,1,0,1
2609,3,away,695505,0,0,1
2609,3,away,666200,0,0,1
2609,3,away,661395,1,1,1
2609,3,away,695243,0,0,1
2609,3,away,628452,1,1,0
2609,3,away,808967,1,0,1
2609,4,home,547973,1,1,1
2609,4,home,641329,1,1,0
2609,4,home,671922,0,0,1
2609,4,home,656876,1,1,0
2609,4,home,656641,0,0,1
2609,4,home,686973,1,1,1
2609,4,away,695505,1,0,1
2609,4,away,666200,1,1,0
2609,4,away,661395,1,1,0
2609,4,away,695243,1,1,0
2609,4,away,628452,0,0,1
2609,4,away,808967,1,0,1
2610,1,home,547973,1,0,1
2610,1,home,641329,1,0,1
2610,1,home,671922,1,1,0
2610,1,home,656876,1,1,0
2610,1,home,656641,1,1,0
2610,1,home,686973,1,0,1
2610,1,away,695505,1,1,0
2610,1,away,666200,1,0,1
2610,1,away,661395,1,1,0
2610,1,away,695243,1,0,1
2610,1,away,628452,1,0,1
2610,1,away,808967,1,1,0
2610,2,home,547973,1,1,1
2610,2,home,641329,1,1,0
2610,2,home,671922,0,0,1
2610,2,home,656876,0,0,1
2610,2,home,656641,0,0,1
2610,2,home,686973,1,1,0
2610,2,away,695505,0,0,0
2610,2,away,666200,1,1,0
2610,2,away,661395,0,0,1
2610,2,away,695243,1,1,0
2610,2,away,628452,1,1,0
2610,2,away,808967,0,0,1
2610,3,home,547973,1,0,1
2610,3,home,641329,0,0,0
2610,3,home,671922,1,1,0
2610,3,home,656876,1,1,1
2610,3,home,656641,1,1,0
2610,3,home,686973,0,0,1
2610,3,away,695505,0,0,1
2610,3,away,666200,0,0,1
2610,3,away,661395,1,1,0
2610,3,away,695243,0,0,1
2610,3,away,628452,0,0,1
2610,3,away,808967,1,1,1
2610,4,home,547973,1,1,1
2610,4,home,641329,0,0,1
2610,4,home,671922,0,0,1
2610,4,home,656876,1,1,0
2610,4,home,656641,0,0,1
2610,4,home,686973,1,0,1
2610,4,away,695505,1,0,1
2610,4,away,666200,1,0,1
2610,4,away,661395,0,0,1
2610,4,away,695243,1,0,1
2610,4,away,628452,1,1,0
2610,4,away,808967,1,1,1
2611,1,home,547973,1,1,1
2611,1,home,641329,1,0,1
2611,1,home,671922,1,0,1
2611,1,home,656876,1,1,0
2611,1,home,656641,1,1,1
2611,1,home,686973,1,0,1
2611,1,away,695505,1,1,1
2611,1,away,666200,1,0,1
2611,1,away,661395,1,0,1
2611,1,away,695243,1,0,1
2611,1,away,628452,1,0,1
2611,1,away,808967,1,1,1
2611,2,home,547973,1,1,0
2611,2,home,641329,1,0,1
2611,2,home,671922,1,1,0
2611,2,home,656876,0,0,1
2611,2,home,656641,1,1,0
2611,2,home,686973,1,0,1
2611,2,away,695505,1,1,0
2611,2,away,666200,1,0,1
2611,2,away,661395,1,1,0
2611,2,away,695243,1,0,1
2611,2,away,628452,1,0,1
2611,2,away,808967,1,1,0
2611,3,home,547973,0,0,1
2611,3,home,641329,1,1,0
2611,3,home,671922,0,0,1
2611,3,home,656876,1,1,0
2611,3,home,656641,0,0,1
2611,3,home,686973,1,1,0
2611,3,away,695505,0,0,1
2611,3,away,666200,1,0,1
2611,3,away,661395,0,0,1
2611,3,away,695243,1,0,1
2611,3,away,628452,1,1,0
2611,3,away,808967,0,0,1
2611,4,home,547973,1,0,1
2611,4,home,641329,0,0,1
2611,4,home,671922,1,0,1
2611,4,home,656876,0,0,1
2611,4,home,656641,1,0,1
2611,4,home,686973,0,0,1
2611,4,away,695505,1,1,1
2611,4,away,666200,1,0,1
2611,4,away,661395,1,0,1
2611,4,away,695243,1,0,1
2611,4,away,628452,0,0,0
2611,4,away,808967,1,0,1
2612,1,home,547973,1,1,0
2612,1,home,641329,1,0,1
2612,1,home,671922,1,0,1
2612,1,home,656876,1,1,0
2612,1,home,656641,1,1,0
2612,1,home,686973,1,0,1
2612,1,away,695505,1,1,1
2612,1,away,666200,1,0,1
2612,1,away,661395,1,1,1
2612,1,away,695243,1,0,1
2612,1,away,628452,1,0,1
2612,1,away,808967,1,1,1
2612,2,home,547973,0,0,1
2612,2,home,641329,1,0,1
2612,2,home,671922,1,0,1
2612,2,home,656876,0,0,1
2612,2,home,656641,0,0,1
2612,2,home,686973,1,0,1
2612,2,away,695505,1,0,1
2612,2,away,666200,1,0,1
2612,2,away,661395,1,0,1
2612,2,away,695243,1,0,1
2612,2,away,628452,1,1,0
2612,2,away,808967,1,0,1
2612,3,home,547973,1,1,1
2612,3,home,641329,1,0,1
2612,3,home,671922,1,1,0
2612,3,home,656876,1,1,0
2612,3,home,656641,1,1,1
2612,3,home,686973,1,0,1
2612,3,away,695505,1,0,1
2612,3,away,666200,1,1,0
2612,3,away,661395,1,0,1
2612,3,away,695243,1,1,0
2612,3,away,628452,0,0,1
2612,3,away,808967,1,1,0
2612,4,home,547973,1,1,0
2612,4,home,641329,1,1,0
2612,4,home,671922,0,0,1
2612,4,home,656876,0,0,1
2612,4,home,656641,1,1,0
2612,4,home,686973,1,1,1
2612,4,away,695505,1,0,1
2612,4,away,666200,0,0,1
2612,4,away,661395,1,1,1
2612,4,away,695243,0,0,1
2612,4,away,628452,1,1,0
2612,4,away,808967,0,0,1
2613,1,home,547973,1,0,1
2613,1,home,641329,1,0,1
2613,1,home,671922,1,1,0
2613,1,home,656876,1,1,0
2613,1,home,656641,1,0,1
2613,1,home,686973,1,0,1
2613,1,away,695505,1,0,1
2613,1,away,666200,1,1,0
2613,1,away,661395,1,0,1
2613,1,away,695243,1,0,1
2613,1,away,628452,1,1,0
2613,1,away,808967,1,1,1
2613,2,home,547973,1,1,0
2613,2,home,641329,1,1,1
2613,2,home,671922,0,0,1
2613,2,home,656876,0,0,0
2613,2,home,656641,1,1,0
2613,2,home,686973,1,0,1
2613,2,away,695505,1,1,1
2613,2,away,666200,0,0,1
2613,2,away,661395,1,0,1
2613,2,away,695243,1,0,1
2613,2,away,628452,0,0,0
2613,2,away,808967,1,0,1
2613,3,home,547973,0,0,1
2613,3,home,641329,1,1,1
2613,3,home,671922,1,1,0
2613,3,home,656876,0,0,1
2613,3,home,656641,0,0,1
2613,3,home,686973,1,1,0
2613,3,away,695505,1,1,0
2613,3,away,666200,1,1,0
2613,3,away,661395,1,0,1
2613,3,away,695243,1,0,1
2613,3,away,628452,0,0,1
2613,3,away,808967,1,1,1
2613,4,home,547973,1,0,1
2613,4,home,641329,1,0,1
2613,4,home,671922,0,0,1
2613,4,home,656876,1,0,1
2613,4,home,656641,1,0,1
2613,4,home,686973,0,0,1
2613,4,away,695505,0,0,1
2613,4,away,666200,0,0,1
2613,4,away,661395,1,0,1
2613,4,away,695243,1,0,1
2613,4,away,628452,1,0,1
2613,4,away,808967,1,0,1
2614,1,home,547973,1,0,1
2614,1,home,641329,1,0,1
2614,1,home,671922,1,1,1
2614,1,home,656876,1,1,0
2614,1,home,656641,1,1,0
2614,1,home,686973,1,0,1
2614,1,away,695505,1,0,1
2614,1,away,666200,1,0,1
2614,1,away,661395,1,0,1
2614,1,away,695243,1,0,1
2614,1,away,628452,1,0,1
2614,1,away,808967,1,1,0
2614,2,home,547973,1,1,0
2614,2,home,641329,1,1,0
2614,2,home,671922,1,1,0
2614,2,home,656876,0,0,1
2614,2,home,656641,0,0,1
2614,2,home,686973,1,1,1
2614,2,away,695505,1,1,0
2614,2,away,666200,1,1,0
2614,2,away,661395,1,1,1
2614,2,away,695243,1,1,1
2614,2,away,628452,1,0,1
2614,2,away,808967,0,0,1
2614,3,home,547973,0,0,0
2614,3,home,641329,0,0,1
2614,3,home,671922,0,0,1
2614,3,home,656876,1,1,0
2614,3,home,656641,1,1,0
2614,3,home,686973,1,0,1
2614,3,away,695505,0,0,1
2614,3,away,666200,0,0,1
2614,3,away,661395,1,1,0
2614,3,away,695243,1,1,0
2614,3,away,628452,1,0,1
2614,3,away,808967,1,1,1
2614,4,home,547973,0,0,0
2614,4,home,641329,1,1,1
2614,4,home,671922,1,1,0
2614,4,home,656876,0,0,1
2614,4,home,656641,0,0,1
2614,4,home,686973,1,1,0
2614,4,away,695505,1,1,1
2614,4,away,666200,1,0,1
2614,4,away,661395,0,0,1
2614,4,away,695243,0,0,0
2614,4,away,628452,1,0,1
2614,4,away,808967,1,1,0
2615,1,home,547973,1,1,1
2615,1,home,641329,1,0,1
2615,1,home,671922,1,1,0
2615,1,home,656876,1,1,0
2615,1,home,656641,1,1,1
2615,1,home,686973,1,0,1
2615,1,away,695505,1,1,0
2615,1,away,666200,1,1,0
2615,1,away,661395,1,0,1
2615,1,away,695243,1,1,1
2615,1,away,628452,1,0,1
2615,1,away,808967,1,0,1
2615,2,home,547973,1,0,1
2615,2,home,641329,1,0,1
2615,2,home,671922,0,0,1
2615,2,home,656876,0,0,1
2615,2,home,656641,1,1,1
2615,2,home,686973,1,1,0
2615,2,away,695505,0,0,1
2615,2,away,666200,0,0,1
2615,2,away,661395,1,1,1
2615,2,away,695243,1,0,1
2615,2,away,628452,1,1,0
2615,2,away,808967,1,0,1
2615,3,home,547973,1,1,0
2615,3,home,641329,1,0,1
2615,3,home,671922,1,1,0
2615,3,home,656876,1,1,0
2615,3,home,656641,1,1,0
2615,3,home,686973,0,0,1
2615,3,away,695505,1,1,0
2615,3,away,666200,1,0,1
2615,3,away,661395,1,1,1
2615,3,away,695243,1,0,1
2615,3,away,628452,0,0,1
2615,3,away,808967,1,1,0
2615,4,home,547973,0,0,1
2615,4,home,641329,1,1,0
2615,4,home,671922,0,0,1
2615,4,home,656876,0,0,1
2615,4,home,656641,0,0,1
2615,4,home,686973,1,1,1
2615,4,away,695505,0,0,1
2615,4,away,666200,1,1,0
2615,4,away,661395,1,1,0
2615,4,away,695243,1,0,1
2615,4,away,628452,1,1,0
2615,4,away,808967,0,0,1
2616,1,home,547973,1,1,0
2616,1,home,641329,1,0,1
2616,1,home,671922,1,1,1
2616,1,home,656876,1,1,1
2616,1,home,656641,1,1,0
2616,1,home,686973,1,0,1
2616,1,away,695505,1,1,0
2616,1,away,666200,1,1,0
2616,1,away,661395,1,0,1
2616,1,away,695243,1,0,1
2616,1,away,628452,1,1,0
2616,1,away,808967,1,1,1
2616,2,home,547973,0,0,1
2616,2,home,641329,1,0,1
2616,2,home,671922,1,1,1
2616,2,home,656876,1,0,1
2616,2,home,656641,0,0,1
2616,2,home,686973,1,1,0
2616,2,away,695505,0,0,1
2616,2,away,666200,0,0,1
2616,2,away,661395,1,1,0
2616,2,away,695243,1,0,1
2616,2,away,628452,0,0,1
2616,2,away,808967,1,0,1
2616,3,home,547973,1,1,0
2616,3,home,641329,1,1,0
2616,3,home,671922,1,1,0
2616,3,home,656876,1,1,0
2616,3,home,656641,1,1,0
2616,3,home,686973,0,0,1
2616,3,away,695505,1,1,0
2616,3,away,666200,1,0,1
2616,3,away,661395,0,0,1
2616,3,away,695243,1,0,1
2616,3,away,628452,1,1,0
2616,3,away,808967,1,0,1
2616,4,home,547973,0,0,1
2616,4,home,641329,0,0,1
2616,4,home,671922,0,0,0
2616,4,home,656876,0,0,1
2616,4,home,656641,0,0,1
2616,4,home,686973,1,1,1
2616,4,away,695505,0,0,1
2616,4,away,666200,1,0,1
2616,4,away,661395,1,0,1
2616,4,away,695243,1,0,1
2616,4,away,628452,0,0,1
2616,4,away,808967,1,1,1
2617,1,home,547973,1,1,0
2617,1,home,641329,1,0,1
2617,1,home,671922,1,1,1
2617,1,home,656876,1,1,0
2617,1,home,656641,1,0,1
2617,1,home,686973,1,0,1
2617,1,away,695505,1,1,0
2617,1,away,666200,1,1,0
2617,1,away,661395,1,0,1
2617,1,away,695243,1,0,1
2617,1,away,628452,1,0,1
2617,1,away,808967,1,0,1
2617,2,home,547973,0,0,1
2617,2,home,641329,1,1,1
2617,2,home,671922,1,0,1
2617,2,home,656876,0,0,1
2617,2,home,656641,1,0,1
2617,2,home,686973,1,0,1
2617,2,away,695505,0,0,1
2617,2,away,666200,0,0,1
2617,2,away,661395,1,0,1
2617,2,away,695243,1,1,0
2617,2,away,628452,1,0,1
2617,2,away,808967,1,0,1
2617,3,home,547973,1,1,0
2617,3,home,641329,1,0,1
2617,3,home,671922,1,1,1
2617,3,home,656876,1,1,0
2617,3,home,656641,1,1,0
2617,3,home,686973,1,1,0
2617,3,away,695505,1,1,0
2617,3,away,666200,1,1,0
2617,3,away,661395,1,1,0
2617,3,away,695243,0,0,1
2617,3,away,628452,1,0,1
2617,3,away,808967,1,0,1
2617,4,home,547973,0,0,1
2617,4,home,641329,1,1,1
2617,4,home,671922,1,1,0
2617,4,home,656876,0,0,1
2617,4,home,656641,0,0,1
2617,4,home,686973,0,0,1
2617,4,away,695505,0,0,1
2617,4,away,666200,0,0,1
2617,4,away,661395,0,0,0
2617,4,away,695243,1,1,0
2617,4,away,628452,1,1,1
2617,4,away,808967,1,1,0
2618,1,home,547973,1,0,1
2618,1,home,641329,1,0,1
2618,1,home,671922,1,1,0
2618,1,home,656876,1,1,0
2618,1,home,656641,1,1,1
2618,1,home,686973,1,1,0
2618,1,away,695505,1,1,0
2618,1,away,666200,1,1,1
2618,1,away,661395,1,0,1
2618,1,away,695243,1,0,1
2618,1,away,628452,1,0,1
2618,1,away,808967,1,1,1
2618,2,home,547973,1,1,0
2618,2,home,641329,1,1,0
2618,2,home,671922,0,0,0
2618,2,home,656876,0,0,1
2618,2,home,656641,1,1,0
2618,2,home,686973,0,0,1
2618,2,away,695505,0,0,1
2618,2,away,666200,1,1,0
2618,2,away,661395,1,1,0
2618,2,away,695243,1,0,1
2618,2,away,628452,1,1,0
2618,2,away,808967,1,1,0
2618,3,home,547973,0,0,1
2618,3,home,641329,0,0,1
2618,3,home,671922,0,0,0
2618,3,home,656876,1,1,0
2618,3,home,656641,0,0,1
2618,3,home,686973,1,1,1
2618,3,away,695505,1,1,1
2618,3,away,666200,0,0,1
2618,3,away,661395,0,0,1
2618,3,away,695243,1,1,0
2618,3,away,628452,0,0,1
2618,3,away,808967,0,0,1
2618,4,home,547973,1,0,1
2618,4,home,641329,1,1,0
2618,4,home,671922,0,0,1
2618,4,home,656876,0,0,1
2618,4,home,656641,1,1,0
2618,4,home,686973,1,0,1
2618,4,away,695505,1,0,1
2618,4,away,666200,1,0,1
2618,4,away,661395,1,0,1
2618,4,away,695243,0,0,1
2618,4,away,628452,1,0,1
2618,4,away,808967,1,1,1
2619,1,home,547973,1,1,0
2619,1,home,641329,1,0,1
2619,1,home,671922,1,1,0
2619,1,home,656876,1,1,0
2619,1,home,656641,1,0,1
2619,1,home,686973,1,0,1
2619,1,away,695505,1,1,0
2619,1,away,666200,1,1,0
2619,1,away,661395,1,0,1
2619,1,away,695243,1,1,1
2619,1,away,628452,1,0,1
2619,1,away,808967,1,0,1
2619,2,home,547973,0,0,1
2619,2,home,641329,1,0,1
2619,2,home,671922,0,0,1
2619,2,home,656876,0,0,1
2619,2,home,656641,1,1,0
2619,2,home,686973,1,1,1
2619,2,away,695505,0,0,1
2619,2,away,666200,0,0,1
2619,2,away,661395,1,1,0
2619,2,away,695243,1,1,1
2619,2,away,628452,1,0,1
2619,2,away,808967,1,1,0
2619,3,home,547973,1,1,0
2619,3,home,641329,1,0,1
2619,3,home,671922,1,1,1
2619,3,home,656876,1,1,0
2619,3,home,656641,0,0,1
2619,3,home,686973,1,0,1
2619,3,away,695505,1,0,1
2619,3,away,666200,1,0,1
2619,3,away,661395,0,0,0
2619,3,away,695243,1,0,1
2619,3,away,628452,1,1,0
2619,3,away,808967,0,0,1
2619,4,home,547973,0,0,1
2619,4,home,641329,1,1,0
2619,4,home,671922,1,1,0
2619,4,home,656876,0,0,1
2619,4,home,656641,1,1,1
2619,4,home,686973,1,1,0
2619,4,away,695505,1,1,0
2619,4,away,666200,1,1,0
2619,4,away,661395,0,0,1
2619,4,away,695243,1,0,1
2619,4,away,628452,0,0,1
2619,4,away,808967,1,1,0
2620,1,home,547973,1,1,0
2620,1,home,641329,1,0,1
2620,1,home,671922,1,1,0
2620,1,home,656876,1,1,0
2620,1,home,656641,1,0,1
2620,1,home,686973,1,0,1
2620,1,away,695505,1,0,1
2620,1,away,666200,1,0,1
2620,1,away,661395,1,0,1
2620,1,away,695243,1,0,1
2620,1,away,628452,1,1,1
2620,1,away,808967,1,1,0
2620,2,home,547973,0,0,1
2620,2,home,641329,1,1,1
2620,2,home,671922,0,0,1
2620,2,home,656876,0,0,1
2620,2,home,656641,1,1,0
2620,2,home,686973,1,0,1
2620,2,away,695505,1,0,1
2620,2,away,666200,1,0,1
2620,2,away,661395,1,1,1
2620,2,away,695243,1,0,1
2620,2,away,628452,1,1,1
2620,2,away,808967,0,0,1
2620,3,home,547973,1,1,0
2620,3,home,641329,1,0,1
2620,3,home,671922,1,1,0
2620,3,home,656876,1,1,1
2620,3,home,656641,0,0,1
2620,3,home,686973,1,1,1
2620,3,away,695505,1,0,1
2620,3,away,666200,1,0,1
2620,3,away,661395,1,1,0
2620,3,away,695243,1,0,1
2620,3,away,628452,1,1,1
2620,3,away,808967,1,0,1
2620,4,home,547973,0,0,1
2620,4,home,641329,1,1,0
2620,4,home,671922,0,0,1
2620,4,home,656876,1,1,1
2620,4,home,656641,1,1,0
2620,4,home,686973,1,1,0
2620,4,away,695505,1,1,1
2620,4,away,666200,1,1,0
2620,4,away,661395,0,0,1
2620,4,away,695243,1,1,0
2620,4,away,628452,1,1,0
2620,4,away,808967,1,1,1
2621,1,home,547973,1,1,0
2621,1,home,641329,1,0,1
2621,1,home,671922,1,1,0
2621,1,home,656876,1,1,0
2621,1,home,656641,1,0,1
2621,1,home,686973,1,0,1
2621,1,away,695505,1,0,1
2621,1,away,666200,1,1,0
2621,1,away,661395,1,0,1
2621,1,away,695243,1,1,0
2621,1,away,628452,1,0,1
2621,1,away,808967,1,1,1
2621,2,home,547973,0,0,1
2621,2,home,641329,1,1,1
2621,2,home,671922,0,0,1
2621,2,home,656876,0,0,1
2621,2,home,656641,1,1,0
2621,2,home,686973,1,1,1
2621,2,away,695505,1,1,0
2621,2,away,666200,0,0,1
2621,2,away,661395,1,1,0
2621,2,away,695243,0,0,1
2621,2,away,628452,1,1,0
2621,2,away,808967,1,0,1
2621,3,home,547973,1,0,1
2621,3,home,641329,1,0,1
2621,3,home,671922,1,1,0
2621,3,home,656876,1,0,1
2621,3,home,656641,0,0,1
2621,3,home,686973,1,0,1
2621,3,away,695505,0,0,1
2621,3,away,666200,1,0,1
2621,3,away,661395,0,0,1
2621,3,away,695243,1,0,1
2621,3,away,628452,0,0,1
2621,3,away,808967,1,0,1
2621,4,home,547973,1,1,0
2621,4,home,641329,1,1,1
2621,4,home,671922,0,0,1
2621,4,home,656876,1,1,0
2621,4,home,656641,1,1,0
2621,4,home,686973,1,1,1
2621,4,away,695505,1,0,1
2621,4,away,666200,1,1,0
2621,4,away,661395,1,0,1
2621,4,away,695243,1,0,1
2621,4,away,628452,1,0,1
2621,4,away,808967,1,1,0
2622,1,home,547973,1,1,1
2622,1,home,641329,1,0,1
2622,1,home,671922,1,0,1
2622,1,home,656876,1,1,1
2622,1,home,656641,1,1,0
2622,1,home,686973,1,0,1
2622,1,away,695505,1,0,1
2622,1,away,666200,1,0,1
2622,1,away,661395,1,1,1
2622,1,away,695243,1,1,0
2622,1,away,628452,1,1,1
2622,1,away,808967,1,0,1
2622,2,home,547973,1,0,1
2622,2,home,641329,1,0,1
2622,2,home,671922,1,1,1
2622,2,home,656876,1,1,0
2622,2,home,656641,0,0,1
2622,2,home,686973,1,0,1
2622,2,away,695505,1,1,0
2622,2,away,666200,1,1,1
2622,2,away,661395,1,0,1
2622,2,away,695243,0,0,1
2622,2,away,628452,1,0,1
2622,2,away,808967,1,0,1
2622,3,home,547973,1,1,0
2622,3,home,641329,1,1,0
2622,3,home,671922,1,1,0
2622,3,home,656876,0,0,1
2622,3,home,656641,1,1,0
2622,3,home,686973,1,1,0
2622,3,away,695505,0,0,1
2622,3,away,666200,1,1,0
2622,3,away,661395,1,0,1
2622,3,away,695243,1,1,0
2622,3,away,628452,1,0,1
2622,3,away,808967,1,1,1
2622,4,home,547973,0,0,1
2622,4,home,641329,0,0,1
2622,4,home,671922,0,0,1
2622,4,home,656876,1,1,0
2622,4,home,656641,0,0,1
2622,4,home,686973,0,0,1
2622,4,away,695505,1,0,1
2622,4,away,666200,0,0,1
2622,4,away,661395,1,1,0
2622,4,away,695243,0,0,1
2622,4,away,628452,1,1,0
2622,4,away,808967,1,0,1
2623,1,home,547973,1,1,1
2623,1,home,641329,1,0,1
2623,1,home,671922,1,0,1
2623,1,home,656876,1,1,1
2623,1,home,656641,1,1,0
2623,1,home,686973,1,1,0
2623,1,away,695505,1,1,0
2623,1,away,666200,1,0,1
2623,1,away,661395,1,0,1
2623,1,away,695243,1,0,1
2623,1,away,628452,1,1,1
2623,1,away,808967,1,1,0
2623,2,home,547973,1,1,1
2623,2,home,641329,1,1,0
2623,2,home,671922,1,1,0
2623,2,home,656876,1,1,0
2623,2,home,656641,0,0,1
2623,2,home,686973,0,0,1
2623,2,away,695505,0,0,1
2623,2,away,666200,1,1,0
2623,2,away,661395,1,1,0
2623,2,away,695243,1,0,1
2623,2,away,628452,1,1,0
2623,2,away,808967,0,0,1
2623,3,home,547973,1,1,0
2623,3,home,641329,0,0,1
2623,3,home,671922,0,0,1
2623,3,home,656876,0,0,1
2623,3,home,656641,1,1,1
2623,3,home,686973,1,1,1
2623,3,away,695505,1,1,0
2623,3,away,666200,0,0,0
2623,3,away,661395,0,0,1
2623,3,away,695243,1,0,1
2623,3,away,628452,0,0,1
2623,3,away,808967,1,1,0
2623,4,home,547973,0,0,1
2623,4,home,641329,1,0,1
2623,4,home,671922,1,1,0
2623,4,home,656876,1,1,1
2623,4,home,656641,1,1,0
2623,4,home,686973,1,1,1
2623,4,away,695505,0,0,1
2623,4,away,666200,0,0,1
2623,4,away,661395,1,1,1
2623,4,away,695243,1,0,1
2623,4,away,628452,1,1,0
2623,4,away,808967,0,0,1
2624,1,home,547973,1,0,1
2624,1,home,641329,1,0,1
2624,1,home,671922,1,1,0
2624,1,home,656876,1,1,0
2624,1,home,656641,1,1,0
2624,1,home,686973,1,0,1
2624,1,away,695505,1,0,1
2624,1,away,666200,1,0,1
2624,1,away,661395,1,0,1
2624,1,away,695243,1,0,1
2624,1,away,628452,1,1,0
2624,1,away,808967,1,1,0
2624,2,home,547973,1,1,1
2624,2,home,641329,1,1,0
2624,2,home,671922,0,0,1
2624,2,home,656876,0,0,1
2624,2,home,656641,0,0,1
2624,2,home,686973,1,1,1
2624,2,away,695505,1,1,0
2624,2,away,666200,1,1,1
2624,2,away,661395,1,1,0
2624,2,away,695243,1,1,0
2624,2,away,628452,0,0,1
2624,2,away,808967,0,0,0
2624,3,home,547973,1,1,0
2624,3,home,641329,0,0,1
2624,3,home,671922,1,1,0
2624,3,home,656876,1,1,0
2624,3,home,656641,1,1,0
2624,3,home,686973,1,1,0
2624,3,away,695505,0,0,1
2624,3,away,666200,1,1,0
2624,3,away,661395,0,0,0
2624,3,away,695243,0,0,1
2624,3,away,628452,1,1,0
2624,3,away,808967,0,0,1
2624,4,home,547973,0,0,0
2624,4,home,641329,1,1,0
2624,4,home,671922,0,0,1
2624,4,home,656876,0,0,1
2624,4,home,656641,0,0,1
2624,4,home,686973,0,0,1
2624,4,away,695505,1,1,0
2624,4,away,666200,0,0,1
2624,4,away,661395,0,0,1
2624,4,away,695243,1,1,0
2624,4,away,628452,0,0,1
2624,4,away,808967,1,1,0
2625,1,home,547973,1,1,1
2625,1,home,641329,1,0,1
2625,1,home,671922,1,1,1
2625,1,home,656876,1,1,0
2625,1,home,656641,1,1,0
2625,1,home,686973,1,0,1
2625,1,away,695505,1,1,1
2625,1,away,666200,1,1,0
2625,1,away,661395,1,0,1
2625,1,away,695243,1,1,0
2625,1,away,628452,1,0,1
2625,1,away,808967,1,0,1
2625,2,home,547973,1,1,1
2625,2,home,641329,1,1,1
2625,2,home,671922,1,1,1
2625,2,home,656876,0,0,1
2625,2,home,656641,0,0,1
2625,2,home,686973,1,0,1
2625,2,away,695505,1,1,0
2625,2,away,666200,0,0,1
2625,2,away,661395,1,0,1
2625,2,away,695243,0,0,1
2625,2,away,628452,1,1,1
2625,2,away,808967,1,0,1
2625,3,home,547973,1,0,1
2625,3,home,641329,1,0,1
2625,3,home,671922,1,1,0
2625,3,home,656876,1,1,1
2625,3,home,656641,1,1,0
2625,3,home,686973,1,1,0
2625,3,away,695505,0,0,1
2625,3,away,666200,1,1,1
2625,3,away,661395,1,0,1
2625,3,away,695243,1,1,1
2625,3,away,628452,1,0,1
2625,3,away,808967,1,1,0
2625,4,home,547973,1,1,0
2625,4,home,641329,1,0,1
2625,4,home,671922,0,0,1
2625,4,home,656876,1,1,0
2625,4,home,656641,0,0,0
2625,4,home,686973,0,0,0
2625,4,away,695505,1,0,1
2625,4,away,666200,1,1,1
2625,4,away,661395,1,1,1
2625,4,away,695243,1,0,1
2625,4,away,628452,1,0,1
2625,4,away,808967,0,0,1
2626,1,home,547973,1,1,0
2626,1,home,641329,1,1,0
2626,1,home,671922,1,1,0
2626,1,home,656876,1,1,1
2626,1,home,656641,1,1,1
2626,1,home,686973,1,0,1
2626,1,away,695505,1,1,0
2626,1,away,666200,1,1,0
2626,1,away,661395,1,0,1
2626,1,away,695243,1,1,0
2626,1,away,628452,1,0,1
2626,1,away,808967,1,1,0
2626,2,home,547973,0,0,1
2626,2,home,641329,0,0,1
2626,2,home,671922,0,0,1
2626,2,home,656876,1,1,0
2626,2,home,656641,1,1,0
2626,2,home,686973,1,0,1
2626,2,away,695505,0,0,1
2626,2,away,666200,0,0,1
2626,2,away,661395,1,0,1
2626,2,away,695243,0,0,1
2626,2,away,628452,1,1,1
2626,2,away,808967,0,0,1
2626,3,home,547973,1,1,0
2626,3,home,641329,1,0,1
2626,3,home,671922,1,1,0
2626,3,home,656876,0,0,1
2626,3,home,656641,0,0,1
2626,3,home,686973,1,1,0
2626,3,away,695505,1,0,1
2626,3,away,666200,1,0,1
2626,3,away,661395,1,0,1
2626,3,away,695243,1,0,1
2626,3,away,628452,1,1,1
2626,3,away,808967,1,1,0
2626,4,home,547973,0,0,1
2626,4,home,641329,1,1,0
2626,4,home,671922,0,0,1
2626,4,home,656876,1,1,0
2626,4,home,656641,1,1,0
2626,4,home,686973,0,0,1
2626,4,away,695505,1,1,0
2626,4,away,666200,1,1,0
2626,4,away,661395,1,1,0
2626,4,away,695243,1,0,1
2626,4,away,628452,1,0,1
2626,4,away,808967,0,0,1
2627,1,home,547973,1,1,0
2627,1,home,641329,1,0,1
2627,1,home,671922,1,1,0
2627,1,home,656876,1,1,1
2627,1,home,656641,1,1,0
2627,1,home,686973,1,0,1
2627,1,away,695505,1,0,1
2627,1,away,666200,1,1,0
2627,1,away,661395,1,0,1
2627,1,away,695243,1,0,1
2627,1,away,628452,1,1,0
2627,1,away,808967,1,0,1
2627,2,home,547973,0,0,1
2627,2,home,641329,1,0,1
2627,2,home,671922,0,0,1
2627,2,home,656876,1,1,0
2627,2,home,656641,0,0,1
2627,2,home,686973,1,1,0
2627,2,away,695505,1,1,0
2627,2,away,666200,0,0,1
2627,2,away,661395,1,1,1
2627,2,away,695243,1,0,1
2627,2,away,628452,0,0,1
2627,2,away,808967,1,0,1
2627,3,home,547973,1,1,0
2627,3,home,641329,1,0,1
2627,3,home,671922,1,1,0
2627,3,home,656876,0,0,1
2627,3,home,656641,1,1,1
2627,3,home,686973,0,0,0
2627,3,away,695505,0,0,1
2627,3,away,666200,1,0,1
2627,3,away,661395,1,0,1
2627,3,away,695243,1,1,0
2627,3,away,628452,1,0,1
2627,3,away,808967,1,1,0
2627,4,home,547973,0,0,1
2627,4,home,641329,1,0,1
2627,4,home,671922,0,0,1
2627,4,home,656876,1,1,1
2627,4,home,656641,1,1,0
2627,4,home,686973,0,0,1
2627,4,away,695505,1,1,1
2627,4,away,666200,1,1,0
2627,4,away,661395,1,1,0
2627,4,away,695243,0,0,1
2627,4,away,628452,1,0,1
2627,4,away,808967,0,0,1
2628,1,home,547973,1,0,1
2628,1,home,641329,1,0,1
2628,1,home,671922,1,0,1
2628,1,home,656876,1,0,1
2628,1,home,656641,1,0,1
2628,1,home,686973,1,0,1
2628,1,away,695505,1,0,1
2628,1,away,666200,1,0,1
2628,1,away,661395,1,0,1
2628,1,away,695243,1,0,1
2628,1,away,628452,1,0,1
2628,1,away,808967,1,0,1
2628,2,home,547973,1,1,0
2628,2,home,641329,1,0,1
2628,2,home,671922,1,1,0
2628,2,home,656876,1,1,0
2628,2,home,656641,1,1,0
2628,2,home,686973,1,0,1
2628,2,away,695505,1,1,0
2628,2,away,666200,1,1,0
2628,2,away,661395,1,0,1
2628,2,away,695243,1,1,0
2628,2,away,628452,1,0,1
2628,2,away,808967,1,1,0
2628,3,home,547973,0,0,1
2628,3,home,641329,1,0,1
2628,3,home,671922,0,0,1
2628,3,home,656876,0,0,1
2628,3,home,656641,0,0,1
2628,3,home,686973,1,0,1
2628,3,away,695505,0,0,1
2628,3,away,666200,0,0,1
2628,3,away,661395,1,0,1
2628,3,away,695243,0,0,1
2628,3,away,628452,1,0,1
2628,3,away,808967,0,0,1
2628,4,home,547973,1,1,0
2628,4,home,641329,1,1,0
2628,4,home,671922,1,1,0
2628,4,home,656876,1,1,0
2628,4,home,656641,1,1,0
2628,4,home,686973,1,0,1
2628,4,away,695505,1,0,1
2628,4,away,666200,1,0,1
2628,4,away,661395,1,0,1
2628,4,away,695243,1,1,1
2628,4,away,628452,1,0,1
2628,4,away,808967,1,1,1
2629,1,home,547973,1,1,0
2629,1,home,641329,1,0,1
2629,1,home,671922,1,1,0
2629,1,home,656876,1,1,1
2629,1,home,656641,1,1,0
2629,1,home,686973,1,0,1
2629,1,away,695505,1,1,0
2629,1,away,666200,1,1,0
2629,1,away,661395,1,0,1
2629,1,away,695243,1,0,1
2629,1,away,628452,1,0,1
2629,1,away,808967,1,1,0
2629,2,home,547973,0,0,1
2629,2,home,641329,1,1,1
2629,2,home,671922,0,0,1
2629,2,home,656876,1,1,0
2629,2,home,656641,0,0,1
2629,2,home,686973,1,1,0
2629,2,away,695505,0,0,1
2629,2,away,666200,0,0,1
2629,2,away,661395,1,1,0
2629,2,away,695243,1,1,1
2629,2,away,628452,1,1,0
2629,2,away,808967,0,0,1
2629,3,home,547973,1,1,0
2629,3,home,641329,1,0,1
2629,3,home,671922,1,1,0
2629,3,home,656876,0,0,1
2629,3,home,656641,1,1,1
2629,3,home,686973,0,0,0
2629,3,away,695505,1,1,0
2629,3,away,666200,1,1,1
2629,3,away,661395,0,0,1
2629,3,away,695243,1,0,1
2629,3,away,628452,0,0,1
2629,3,away,808967,1,0,1
2629,4,home,547973,0,0,0
2629,4,home,641329,1,1,0
2629,4,home,671922,0,0,1
2629,4,home,656876,1,1,0
2629,4,home,656641,1,1,1
2629,4,home,686973,0,0,1
2629,4,away,695505,0,0,1
2629,4,away,666200,1,1,1
2629,4,away,661395,1,0,1
2629,4,away,695243,1,1,0
2629,4,away,628452,1,1,0
2629,4,away,808967,1,1,0
2630,1,home,547973,1,1,1
2630,1,home,641329,1,0,1
2630,1,home,671922,1,1,0
2630,1,home,656876,1,1,0
2630,1,home,656641,1,1,0
2630,1,home,686973,1,0,1
2630,1,away,695505,1,1,0
2630,1,away,666200,1,0,1
2630,1,away,661395,1,0,1
2630,1,away,695243,1,0,1
2630,1,away,628452,1,0,1
2630,1,away,808967,1,1,0
2630,2,home,547973,1,1,0
2630,2,home,641329,1,0,1
2630,2,home,671922,0,0,1
2630,2,home,656876,0,0,0
2630,2,home,656641,0,0,1
2630,2,home,686973,1,1,0
2630,2,away,695505,0,0,1
2630,2,away,666200,1,0,1
2630,2,away,661395,1,1,0
2630,2,away,695243,1,1,1
2630,2,away,628452,1,0,1
2630,2,away,808967,0,0,1
2630,3,home,547973,0,0,0
2630,3,home,641329,1,1,0
2630,3,home,671922,1,1,1
2630,3,home,656876,0,0,1
2630,3,home,656641,1,1,0
2630,3,home,686973,0,0,1
2630,3,away,695505,1,0,1
2630,3,away,666200,1,0,1
2630,3,away,661395,0,0,1
2630,3,away,695243,1,1,0
2630,3,away,628452,1,0,1
2630,3,away,808967,1,1,1
2630,4,home,547973,0,0,1
2630,4,home,641329,0,0,1
2630,4,home,671922,1,1,0
2630,4,home,656876,1,1,0
2630,4,home,656641,0,0,1
2630,4,home,686973,1,1,0
2630,4,away,695505,1,1,1
2630,4,away,666200,1,1,0
2630,4,away,661395,1,0,1
2630,4,away,695243,0,0,1
2630,4,away,628452,1,0,1
2630,4,away,808967,1,1,0
2631,1,home,547973,1,1,1
2631,1,home,641329,1,1,1
2631,1,home,671922,1,1,0
2631,1,home,656876,1,1,0
2631,1,home,656641,1,1,0
2631,1,home,686973,1,1,1
2631,1,away,695505,1,0,1
2631,1,away,666200,1,0,1
2631,1,away,661395,1,1,1
2631,1,away,695243,1,0,1
2631,1,away,628452,1,1,0
2631,1,away,808967,1,0,1
2631,2,home,547973,1,1,1
2631,2,home,641329,1,1,0
2631,2,home,671922,0,0,1
2631,2,home,656876,0,0,1
2631,2,home,656641,0,0,1
2631,2,home,686973,1,1,0
2631,2,away,695505,1,0,1
2631,2,away,666200,1,1,0
2631,2,away,661395,1,1,1
2631,2,away,695243,1,1,0
2631,2,away,628452,0,0,1
2631,2,away,808967,1,1,1
2631,3,home,547973,1,0,1
2631,3,home,641329,0,0,1
2631,3,home,671922,1,1,0
2631,3,home,656876,1,1,0
2631,3,home,656641,1,1,1
2631,3,home,686973,0,0,1
2631,3,away,695505,1,1,0
2631,3,away,666200,0,0,1
2631,3,away,661395,1,1,1
2631,3,away,695243,0,0,1
2631,3,away,628452,1,0,1
2631,3,away,808967,1,0,1
2631,4,home,547973,1,1,1
2631,4,home,641329,1,0,1
2631,4,home,671922,0,0,1
2631,4,home,656876,0,0,1
2631,4,home,656641,1,1,1
2631,4,home,686973,1,1,1
2631,4,away,695505,0,0,1
2631,4,away,666200,1,0,1
2631,4,away,661395,1,1,1
2631,4,away,695243,1,0,1
2631,4,away,628452,1,1,1
2631,4,away,808967,1,0,1
2632,1,home,547973,1,1,0
2632,1,home,641329,1,0,1
2632,1,home,671922,1,1,0
2632,1,home,656876,1,1,0
2632,1,home,656641,1,1,1
2632,1,home,686973,1,1,0
2632,1,away,695505,1,0,1
2632,1,away,666200,1,0,1
2632,1,away,661395,1,1,0
2632,1,away,695243,1,1,0
2632,1,away,628452,1,1,0
2632,1,away,808967,1,0,1
2632,2,home,547973,0,0,1
2632,2,home,641329,1,1,0
2632,2,home,671922,0,0,1
2632,2,home,656876,0,0,1
2632,2,home,656641,1,1,0
2632,2,home,686973,0,0,1
2632,2,away,695505,1,1,1
2632,2,away,666200,1,0,1
2632,2,away,661395,0,0,1
2632,2,away,695243,0,0,1
2632,2,away,628452,0,0,1
2632,2,away,808967,1,0,1
2632,3,home,547973,1,1,0
2632,3,home,641329,0,0,1
2632,3,home,671922,1,1,0
2632,3,home,656876,1,1,0
2632,3,home,656641,0,0,1
2632,3,home,686973,1,0,1
2632,3,away,695505,1,1,0
2632,3,away,666200,1,1,0
2632,3,away,661395,1,1,0
2632,3,away,695243,1,0,1
2632,3,away,628452,1,0,1
2632,3,away,808967,1,1,0
2632,4,home,547973,0,0,1
2632,4,home,641329,1,1,0
2632,4,home,671922,0,0,1
2632,4,home,656876,0,0,1
2632,4,home,656641,1,1,0
2632,4,home,686973,1,1,1
2632,4,away,695505,0,0,1
2632,4,away,666200,0,0,1
2632,4,away,661395,0,0,1
2632,4,away,695243,1,0,1
2632,4,away,628452,1,0,1
2632,4,away,808967,0,0,1
2633,1,home,547973,1,1,0
2633,1,home,641329,1,0,1
2633,1,home,671922,1,1,0
2633,1,home,656876,1,1,0
2633,1,home,656641,1,1,0
2633,1,home,686973,1,1,0
2633,1,away,695505,1,1,0
2633,1,away,666200,1,1,0
2633,1,away,661395,1,0,1
2633,1,away,695243,1,1,0
2633,1,away,628452,1,0,1
2633,1,away,808967,1,1,0
2633,2,home,547973,0,0,1
2633,2,home,641329,1,1,1
2633,2,home,671922,0,0,1
2633,2,home,656876,0,0,1
2633,2,home,656641,0,0,0
2633,2,home,686973,0,0,1
2633,2,away,695505,0,0,1
2633,2,away,666200,0,0,1
2633,2,away,661395,1,0,1
2633,2,away,695243,0,0,1
2633,2,away,628452,1,1,1
2633,2,away,808967,0,0,1
2633,3,home,547973,1,1,1
2633,3,home,641329,1,0,1
2633,3,home,671922,1,1,0
2633,3,home,656876,1,1,0
2633,3,home,656641,0,0,1
2633,3,home,686973,1,0,1
2633,3,away,695505,1,1,0
2633,3,away,666200,1,1,0
2633,3,away,661395,1,0,1
2633,3,away,695243,1,0,1
2633,3,away,628452,1,0,1
2633,3,away,808967,1,0,1
2633,4,home,547973,1,1,1
2633,4,home,641329,1,1,0
2633,4,home,671922,0,0,0
2633,4,home,656876,0,0,1
2633,4,home,656641,1,1,0
2633,4,home,686973,1,1,0
2633,4,away,695505,0,0,1
2633,4,away,666200,0,0,1
2633,4,away,661395,1,1,1
2633,4,away,695243,1,1,0
2633,4,away,628452,1,0,1
2633,4,away,808967,1,0,1
2634,1,home,547973,1,0,1
2634,1,home,641329,1,0,1
2634,1,home,671922,1,1,0
2634,1,home,656876,1,1,1
2634,1,home,656641,1,1,0
2634,1,home,686973,1,0,1
2634,1,away,695505,1,0,1
2634,1,away,666200,1,0,1
2634,1,away,661395,1,0,1
2634,1,away,695243,1,0,1
2634,1,away,628452,1,0,1
2634,1,away,808967,1,1,1
2634,2,home,547973,1,1,0
2634,2,home,641329,1,1,1
2634,2,home,671922,0,0,1
2634,2,home,656876,1,1,1
2634,2,home,656641,0,0,1
2634,2,home,686973,1,1,0
2634,2,away,695505,1,1,1
2634,2,away,666200,1,0,1
2634,2,away,661395,1,0,1
2634,2,away,695243,1,0,1
2634,2,away,628452,1,0,1
2634,2,away,808967,1,1,0
2634,3,home,547973,0,0,1
2634,3,home,641329,1,0,1
2634,3,home,671922,1,0,1
2634,3,home,656876,1,1,0
2634,3,home,656641,1,1,0
2634,3,home,686973,0,0,1
2634,3,away,695505,1,0,1
2634,3,away,666200,1,0,1
2634,3,away,661395,1,1,0
2634,3,away,695243,1,0,1
2634,3,away,628452,1,0,1
2634,3,away,808967,0,0,1
2634,4,home,547973,1,1,0
2634,4,home,641329,1,1,0
2634,4,home,671922,1,1,0
2634,4,home,656876,0,0,1
2634,4,home,656641,0,0,1
2634,4,home,686973,1,1,1
2634,4,away,695505,1,0,1
2634,4,away,666200,1,1,0
2634,4,away,661395,0,0,1
2634,4,away,695243,1,1,0
2634,4,away,628452,1,1,0
2634,4,away,808967,1,1,0
2635,1,home,547973,1,1,0
2635,1,home,641329,1,0,1
2635,1,home,671922,1,1,0
2635,1,home,656876,1,1,1
2635,1,home,656641,1,1,0
2635,1,home,686973,1,1,0
2635,1,away,695505,1,1,0
2635,1,away,666200,1,0,1
2635,1,away,661395,1,0,1
2635,1,away,695243,1,1,1
2635,1,away,628452,1,0,1
2635,1,away,808967,1,1,0
2635,2,home,547973,0,0,1
2635,2,home,641329,1,1,0
2635,2,home,671922,0,0,1
2635,2,home,656876,1,1,0
2635,2,home,656641,0,0,1
2635,2,home,686973,0,0,1
2635,2,away,695505,0,0,1
2635,2,away,666200,1,0,1
2635,2,away,661395,1,1,0
2635,2,away,695243,1,1,0
2635,2,away,628452,1,1,0
2635,2,away,808967,0,0,1
2635,3,home,547973,1,1,0
2635,3,home,641329,0,0,1
2635,3,home,671922,1,1,1
2635,3,home,656876,0,0,0
2635,3,home,656641,1,1,0
2635,3,home,686973,1,0,1
2635,3,away,695505,1,1,0
2635,3,away,666200,1,0,1
2635,3,away,661395,0,0,1
2635,3,away,695243,0,0,1
2635,3,away,628452,0,0,1
2635,3,away,808967,1,1,1
2635,4,home,547973,0,0,1
2635,4,home,641329,1,0,1
2635,4,home,671922,1,1,0
2635,4,home,656876,0,0,1
2635,4,home,656641,0,0,1
2635,4,home,686973,1,1,1
2635,4,away,695505,0,0,1
2635,4,away,666200,1,0,1
2635,4,away,661395,1,0,1
2635,4,away,695243,1,0,1
2635,4,away,628452,1,1,1
2635,4,away,808967,1,1,0
2636,1,home,547973,1,1,1
2636,1,home,641329,1,0,1
2636,1,home,671922,1,1,1
2636,1,home,656876,1,1,0
2636,1,home,656641,1,1,0
2636,1,home,686973,1,0,1
2636,1,away,695505,1,1,0
2636,1,away,666200,1,1,0
2636,1,away,661395,1,0,1
2636,1,away,695243,1,1,1
2636,1,away,628452,1,0,1
2636,1,away,808967,1,1,0
2636,2,home,547973,1,1,0
2636,2,home,641329,1,0,1
2636,2,home,671922,1,1,0
2636,2,home,656876,0,0,1
2636,2,home,656641,0,0,1
2636,2,home,686973,1,1,1
2636,2,away,695505,0,0,1
2636,2,away,666200,0,0,1
2636,2,away,661395,1,1,0
2636,2,away,695243,1,1,0
2636,2,away,628452,1,1,0
2636,2,away,808967,0,0,1
2636,3,home,547973,0,0,1
2636,3,home,641329,1,0,1
2636,3,home,671922,0,0,1
2636,3,home,656876,1,1,1
2636,3,home,656641,1,1,0
2636,3,home,686973,1,1,1
2636,3,away,695505,1,1,0
2636,3,away,666200,1,1,0
2636,3,away,661395,0,0,1
2636,3,away,695243,0,0,1
2636,3,away,628452,0,0,1
2636,3,away,808967,1,1,1
2636,4,home,547973,1,1,0
2636,4,home,641329,1,0,1
2636,4,home,671922,1,1,1
2636,4,home,656876,1,1,1
2636,4,home,656641,0,0,1
2636,4,home,686973,1,0,1
2636,4,away,695505,0,0,1
2636,4,away,666200,0,0,1
2636,4,away,661395,1,1,1
2636,4,away,695243,1,0,1
2636,4,away,628452,1,1,1
2636,4,away,808967,1,0,1
2637,1,home,547973,1,1,0
2637,1,home,641329,1,0,1
2637,1,home,671922,1,1,0
2637,1,home,656876,1,0,1
2637,1,home,656641,1,0,1
2637,1,home,686973,1,0,1
2637,1,away,695505,1,1,1
2637,1,away,666200,1,0,1
2637,1,away,661395,1,0,1
2637,1,away,695243,1,0,1
2637,1,away,628452,1,0,1
2637,1,away,808967,1,0,1
2637,2,home,547973,0,0,1
2637,2,home,641329,1,1,0
2637,2,home,671922,0,0,1
2637,2,home,656876,1,1,0
2637,2,home,656641,1,1,0
2637,2,home,686973,1,1,0
2637,2,away,695505,1,0,1
2637,2,away,666200,1,0,1
2637,2,away,661395,1,0,1
2637,2,away,695243,1,0,1
2637,2,away,628452,1,1,0
2637,2,away,808967,1,1,1
2637,3,home,547973,1,1,0
2637,3,home,641329,0,0,1
2637,3,home,671922,1,1,0
2637,3,home,656876,0,0,1
2637,3,home,656641,0,0,1
2637,3,home,686973,0,0,1
2637,3,away,695505,1,0,1
2637,3,away,666200,1,1,0
2637,3,away,661395,1,0,1
2637,3,away,695243,1,1,0
2637,3,away,628452,0,0,1
2637,3,away,808967,1,1,0
2637,4,home,547973,0,0,1
2637,4,home,641329,1,1,0
2637,4,home,671922,0,0,1
2637,4,home,656876,1,1,0
2637,4,home,656641,1,1,1
2637,4,home,686973,1,0,1
2637,4,away,695505,1,1,0
2637,4,away,666200,0,0,1
2637,4,away,661395,1,1,0
2637,4,away,695243,0,0,0
2637,4,away,628452,1,1,1
2637,4,away,808967,0,0,0
2638,1,home,547973,1,1,0
2638,1,home,641329,1,0,1
2638,1,home,671922,1,1,0
2638,1,home,656876,1,1,0
2638,1,home,656641,1,1,0
2638,1,home,686973,1,0,1
2638,1,away,695505,1,0,1
2638,1,away,666200,1,0,1
2638,1,away,661395,1,0,1
2638,1,away,695243,1,0,1
2638,1,away,628452,1,1,1
2638,1,away,808967,1,1,0
2638,2,home,547973,0,0,1
2638,2,home,641329,1,1,1
2638,2,home,671922,0,0,1
2638,2,home,656876,0,0,1
2638,2,home,656641,0,0,1
2638,2,home,686973,1,1,1
2638,2,away,695505,1,1,1
2638,2,away,666200,1,1,0
2638,2,away,661395,1,0,1
2638,2,away,695243,1,0,1
2638,2,away,628452,1,0,1
2638,2,away,808967,0,0,1
2638,3,home,547973,1,1,1
2638,3,home,641329,1,0,1
2638,3,home,671922,1,1,0
2638,3,home,656876,1,1,0
2638,3,home,656641,1,1,1
2638,3,home,686973,1,1,0
2638,3,away,695505,1,0,1
2638,3,away,666200,0,0,1
2638,3,away,661395,1,1,0
2638,3,away,695243,1,0,1
2638,3,away,628452,1,0,1
2638,3,away,808967,1,0,1
2638,4,home,547973,1,1,0
2638,4,home,641329,1,1,0
2638,4,home,671922,0,0,1
2638,4,home,656876,0,0,0
2638,4,home,656641,1,1,0
2638,4,home,686973,0,0,0
2638,4,away,695505,1,1,0
2638,4,away,666200,1,0,1
2638,4,away,661395,0,0,1
2638,4,away,695243,1,0,1
2638,4,away,628452,1,1,0
2638,4,away,808967,1,0,1
2639,1,home,547973,1,1,1
2639,1,home,641329,1,0,1
2639,1,home,671922,1,0,1
2639,1,home,656876,1,1,0
2639,1,home,656641,1,1,1
2639,1,home,686973,1,0,1
2639,1,away,695505,1,0,1
2639,1,away,666200,1,0,1
2639,1,away,661395,1,1,0
2639,1,away,695243,1,0,1
2639,1,away,628452,1,1,1
2639,1,away,808967,1,0,1
2639,2,home,547973,1,1,0
2639,2,home,641329,1,0,1
2639,2,home,671922,1,1,0
2639,2,home,656876,0,0,1
2639,2,home,656641,1,1,0
2639,2,home,686973,1,1,0
2639,2,away,695505,1,1,0
2639,2,away,666200,1,1,0
2639,2,away,661395,0,0,1
2639,2,away,695243,1,1,0
2639,2,away,628452,1,0,1
2639,2,away,808967,1,0,1
2639,3,home,547973,0,0,1
2639,3,home,641329,1,0,1
2639,3,home,671922,0,0,1
2639,3,home,656876,1,0,1
2639,3,home,656641,0,0,1
2639,3,home,686973,0,0,1
2639,3,away,695505,0,0,1
2639,3,away,666200,0,0,1
2639,3,away,661395,1,0,1
2639,3,away,695243,0,0,1
2639,3,away,628452,1,0,1
2639,3,away,808967,1,0,1
2639,4,home,547973,1,1,1
2639,4,home,641329,1,0,1
2639,4,home,671922,1,1,1
2639,4,home,656876,1,1,0
2639,4,home,656641,1,1,0
2639,4,home,686973,1,0,1
2639,4,away,695505,1,1,1
2639,4,away,666200,1,0,1
2639,4,away,661395,1,0,1
2639,4,away,695243,1,0,1
2639,4,away,628452,1,1,0
2639,4,away,808967,1,0,1
2640,1,home,547973,1,1,0
2640,1,home,641329,1,1,1
2640,1,home,671922,1,1,0
2640,1,home,656876,1,1,0
2640,1,home,656641,1,1,0
2640,1,home,686973,1,0,1
2640,1,away,695505,1,1,1
2640,1,away,666200,1,1,1
2640,1,away,661395,1,0,1
2640,1,away,695243,1,1,0
2640,1,away,628452,1,0,1
2640,1,away,808967,1,1,1
2640,2,home,547973,0,0,1
2640,2,home,641329,1,1,1
2640,2,home,671922,0,0,1
2640,2,home,656876,0,0,1
2640,2,home,656641,0,0,1
2640,2,home,686973,1,1,1
2640,2,away,695505,1,1,0
2640,2,away,666200,1,1,0
2640,2,away,661395,1,0,1
2640,2,away,695243,0,0,1
2640,2,away,628452,1,0,1
2640,2,away,808967,1,1,0
2640,3,home,547973,1,1,0
2640,3,home,641329,1,0,1
2640,3,home,671922,1,1,1
2640,3,home,656876,1,1,0
2640,3,home,656641,1,1,0
2640,3,home,686973,1,0,1
2640,3,away,695505,0,0,1
2640,3,away,666200,0,0,0
2640,3,away,661395,1,1,0
2640,3,away,695243,1,0,1
2640,3,away,628452,1,0,1
2640,3,away,808967,0,0,1
2640,4,home,547973,0,0,0
2640,4,home,641329,1,1,0
2640,4,home,671922,1,1,1
2640,4,home,656876,0,0,1
2640,4,home,656641,0,0,1
2640,4,home,686973,1,1,1
2640,4,away,695505,1,0,1
2640,4,away,666200,0,0,1
2640,4,away,661395,0,0,1
2640,4,away,695243,1,0,1
2640,4,away,628452,1,0,1
2640,4,away,808967,1,1,0
2641,1,home,547973,1,1,0
2641,1,home,641329,1,0,1
2641,1,home,671922,1,1,1
2641,1,home,656876,1,1,0
2641,1,home,656641,1,1,0
2641,1,home,686973,1,0,1
2641,1,away,695505,1,1,0
2641,1,away,666200,1,1,0
2641,1,away,661395,1,0,1
2641,1,away,695243,1,1,1
2641,1,away,628452,1,0,1
2641,1,away,808967,1,0,1
2641,2,home,547973,0,0,1
2641,2,home,641329,1,0,1
2641,2,home,671922,1,1,0
2641,2,home,656876,0,0,1
2641,2,home,656641,0,0,1
2641,2,home,686973,1,1,1
2641,2,away,695505,0,0,1
2641,2,away,666200,0,0,1
2641,2,away,661395,1,1,0
2641,2,away,695243,1,1,1
2641,2,away,628452,1,1,1
2641,2,away,808967,1,0,1
2641,3,home,547973,1,1,0
2641,3,home,641329,1,0,1
2641,3,home,671922,0,0,1
2641,3,home,656876,1,1,0
2641,3,home,656641,1,1,0
2641,3,home,686973,1,1,0
2641,3,away,695505,1,1,0
2641,3,away,666200,1,1,1
2641,3,away,661395,0,0,1
2641,3,away,695243,1,0,1
2641,3,away,628452,1,1,1
2641,3,away,808967,1,0,1
2641,4,home,547973,0,0,0
2641,4,home,641329,1,1,0
2641,4,home,671922,1,1,0
2641,4,home,656876,0,0,1
2641,4,home,656641,0,0,1
2641,4,home,686973,0,0,1
2641,4,away,695505,0,0,0
2641,4,away,666200,1,0,1
2641,4,away,661395,1,0,1
2641,4,away,695243,1,0,1
2641,4,away,628452,1,1,0
2641,4,away,808967,1,0,1
2642,1,home,547973,1,0,1
2642,1,home,641329,1,0,1
2642,1,home,671922,1,0,1
2642,1,home,656876,1,0,1
2642,1,home,656641,1,0,1
2642,1,home,686973,1,0,1
2642,1,away,695505,1,0,1
2642,1,away,666200,1,0,1
2642,1,away,661395,1,0,1
2642,1,away,695243,1,0,1
2642,1,away,628452,1,1,0
2642,1,away,808967,1,0,1
2642,2,home,547973,1,1,0
2642,2,home,641329,1,0,1
2642,2,home,671922,1,0,1
2642,2,home,656876,1,0,1
2642,2,home,656641,1,0,1
2642,2,home,686973,1,0,1
2642,2,away,695505,1,0,1
2642,2,away,666200,1,0,1
2642,2,away,661395,1,0,1
2642,2,away,695243,1,0,1
2642,2,away,628452,0,0,1
2642,2,away,808967,1,0,1
2642,3,home,547973,0,0,1
2642,3,home,641329,1,0,1
2642,3,home,671922,1,1,0
2642,3,home,656876,1,1,1
2642,3,home,656641,1,0,1
2642,3,home,686973,1,0,1
2642,3,away,695505,1,0,1
2642,3,away,666200,1,0,1
2642,3,away,661395,1,1,0
2642,3,away,695243,1,0,1
2642,3,away,628452,1,0,1
2642,3,away,808967,1,0,1
2642,4,home,547973,1,1,0
2642,4,home,641329,1,0,1
2642,4,home,671922,0,0,1
2642,4,home,656876,1,0,1
2642,4,home,656641,1,1,0
2642,4,home,686973,1,1,0
2642,4,away,695505,1,1,0
2642,4,away,666200,1,0,1
2642,4,away,661395,0,0,1
2642,4,away,695243,1,0,1
2642,4,away,628452,1,0,1
2642,4,away,808967,1,0,1
2643,1,home,547973,1,0,1
2643,1,home,641329,1,0,1
2643,1,home,671922,1,0,1
2643,1,home,656876,1,1,0
2643,1,home,656641,1,1,0
2643,1,home,686973,1,0,1
2643,1,away,695505,1,0,1
2643,1,away,666200,1,0,1
2643,1,away,661395,1,1,0
2643,1,away,695243,1,0,1
2643,1,away,628452,1,0,1
2643,1,away,808967,1,0,1
2643,2,home,547973,1,1,0
2643,2,home,641329,1,0,1
2643,2,home,671922,1,1,1
2643,2,home,656876,0,0,1
2643,2,home,656641,0,0,1
2643,2,home,686973,1,0,1
2643,2,away,695505,1,1,0
2643,2,away,666200,1,0,1
2643,2,away,661395,0,0,1
2643,2,away,695243,1,0,1
2643,2,away,628452,1,0,1
2643,2,away,808967,1,0,1
2643,3,home,547973,0,0,1
2643,3,home,641329,1,0,1
2643,3,home,671922,1,1,1
2643,3,home,656876,1,1,0
2643,3,home,656641,1,1,0
2643,3,home,686973,1,1,0
2643,3,away,695505,0,0,1
2643,3,away,666200,1,1,0
2643,3,away,661395,1,0,1
2643,3,away,695243,1,1,1
2643,3,away,628452,1,0,1
2643,3,away,808967,1,1,0
2643,4,home,547973,1,1,1
2643,4,home,641329,1,1,0
2643,4,home,671922,1,1,1
2643,4,home,656876,0,0,1
2643,4,home,656641,0,0,1
2643,4,home,686973,0,0,1
2643,4,away,695505,1,1,1
2643,4,away,666200,0,0,1
2643,4,away,661395,1,1,0
2643,4,away,695243,1,1,0
2643,4,away,628452,1,0,1
2643,4,away,808967,0,0,1
2644,1,home,547973,1,0,1
2644,1,home,641329,1,0,1
2644,1,home,671922,1,1,0
2644,1,home,656876,1,1,1
2644,1,home,656641,1,1,0
2644,1,home,686973,1,0,1
2644,1,away,695505,1,0,1
2644,1,away,666200,1,0,1
2644,1,away,661395,1,0,1
2644,1,away,695243,1,0,1
2644,1,away,628452,1,1,0
2644,1,away,808967,1,1,0
2644,2,home,547973,1,1,0
2644,2,home,641329,1,1,0
2644,2,home,671922,0,0,1
2644,2,home,656876,1,1,0
2644,2,home,656641,0,0,1
2644,2,home,686973,1,0,1
2644,2,away,695505,1,0,1
2644,2,away,666200,1,0,1
2644,2,away,661395,1,1,1
2644,2,away,695243,1,0,1
2644,2,away,628452,0,0,1
2644,2,away,808967,0,0,1
2644,3,home,547973,0,0,1
2644,3,home,641329,0,0,1
2644,3,home,671922,1,1,0
2644,3,home,656876,0,0,1
2644,3,home,656641,1,1,0
2644,3,home,686973,1,1,0
2644,3,away,695505,1,1,1
2644,3,away,666200,1,1,0
2644,3,away,661395,1,0,1
2644,3,away,695243,1,0,1
2644,3,away,628452,1,1,0
2644,3,away,808967,1,0,1
2644,4,home,547973,1,1,0
2644,4,home,641329,1,1,0
2644,4,home,671922,0,0,1
2644,4,home,656876,1,1,1
2644,4,home,656641,0,0,1
2644,4,home,686973,0,0,1
2644,4,away,695505,1,1,1
2644,4,away,666200,0,0,1
2644,4,away,661395,1,1,1
2644,4,away,695243,1,0,1
2644,4,away,628452,0,0,1
2644,4,away,808967,1,0,1
2645,1,home,547973,1,1,0
2645,1,home,641329,1,0,1
2645,1,home,671922,1,1,0
2645,1,home,656876,1,1,1
2645,1,home,656641,1,1,1
2645,1,home,686973,1,0,1
2645,1,away,695505,1,1,1
2645,1,away,666200,1,1,1
2645,1,away,661395,1,0,1
2645,1,away,695243,1,1,1
2645,1,away,628452,1,0,1
2645,1,away,808967,1,1,0
2645,2,home,547973,0,0,1
2645,2,home,641329,1,0,1
2645,2,home,671922,0,0,1
2645,2,home,656876,1,1,0
2645,2,home,656641,1,1,0
2645,2,home,686973,1,1,1
2645,2,away,695505,1,0,1
2645,2,away,666200,1,1,0
2645,2,away,661395,1,1,0
2645,2,away,695243,1,1,0
2645,2,away,628452,1,0,1
2645,2,away,808967,0,0,1
2645,3,home,547973,1,0,1
2645,3,home,641329,1,0,1
2645,3,home,671922,1,1,1
2645,3,home,656876,0,0,1
2645,3,home,656641,0,0,1
2645,3,home,686973,1,1,0
2645,3,away,695505,1,0,1
2645,3,away,666200,0,0,1
2645,3,away,661395,0,0,0
2645,3,away,695243,0,0,0
2645,3,away,628452,1,1,0
2645,3,away,808967,1,0,1
2645,4,home,547973,1,1,0
2645,4,home,641329,1,1,0
2645,4,home,671922,1,1,0
2645,4,home,656876,1,1,0
2645,4,home,656641,1,1,0
2645,4,home,686973,0,0,1
2645,4,away,695505,1,1,0
2645,4,away,666200,1,1,0
2645,4,away,661395,0,0,0
2645,4,away,695243,0,0,1
2645,4,away,628452,0,0,1
2645,4,away,808967,1,1,1
2646,1,home,547973,1,0,1
2646,1,home,641329,1,0,1
2646,1,home,671922,1,1,0
2646,1,home,656876,1,1,1
2646,1,home,656641,1,1,0
2646,1,home,686973,1,0,1
2646,1,away,695505,1,1,1
2646,1,away,666200,1,0,1
2646,1,away,661395,1,0,1
2646,1,away,695243,1,0,1
2646,1,away,628452,1,0,1
2646,1,away,808967,1,1,0
2646,2,home,547973,1,1,1
2646,2,home,641329,1,0,1
2646,2,home,671922,0,0,1
2646,2,home,656876,1,1,0
2646,2,home,656641,0,0,0
2646,2,home,686973,1,1,0
2646,2,away,695505,1,1,0
2646,2,away,666200,1,0,1
2646,2,away,661395,1,1,0
2646,2,away,695243,1,0,1
2646,2,away,628452,1,0,1
2646,2,away,808967,0,0,0
2646,3,home,547973,1,0,1
2646,3,home,641329,1,0,1
2646,3,home,671922,1,0,1
2646,3,home,656876,0,0,1
2646,3,home,656641,0,0,1
2646,3,home,686973,0,0,0
2646,3,away,695505,0,0,1
2646,3,away,666200,1,0,1
2646,3,away,661395,0,0,1
2646,3,away,695243,1,0,1
2646,3,away,628452,1,0,1
2646,3,away,808967,0,0,1
2646,4,home,547973,1,1,1
2646,4,home,641329,1,1,0
2646,4,home,671922,1,1,0
2646,4,home,656876,1,1,1
2646,4,home,656641,1,1,0
2646,4,home,686973,0,0,1
2646,4,away,695505,1,1,0
2646,4,away,666200,1,1,0
2646,4,away,661395,1,0,1
2646,4,away,695243,1,1,0
2646,4,away,628452,1,0,1
2646,4,away,808967,1,1,1
2647,1,home,547973,1,1,1
2647,1,home,641329,1,1,0
2647,1,home,671922,1,1,1
2647,1,home,656876,1,1,0
2647,1,home,656641,1,1,1
2647,1,home,686973,1,0,1
2647,1,away,695505,1,1,0
2647,1,away,666200,1,1,0
2647,1,away,661395,1,0,1
2647,1,away,695243,1,1,0
2647,1,away,628452,1,0,1
2647,1,away,808967,1,1,0
2647,2,home,547973,1,0,1
2647,2,home,641329,0,0,1
2647,2,home,671922,1,1,1
2647,2,home,656876,0,0,0
2647,2,home,656641,1,1,0
2647,2,home,686973,1,1,0
2647,2,away,695505,0,0,1
2647,2,away,666200,0,0,1
2647,2,away,661395,1,1,1
2647,2,away,695243,0,0,1
2647,2,away,628452,1,0,1
2647,2,away,808967,0,0,1
2647,3,home,547973,1,1,0
2647,3,home,641329,1,1,0
2647,3,home,671922,1,1,0
2647,3,home,656876,0,0,1
2647,3,home,656641,0,0,1
2647,3,home,686973,0,0,1
2647,3,away,695505,1,1,1
2647,3,away,666200,1,1,0
2647,3,away,661395,1,0,1
2647,3,away,695243,1,0,1
2647,3,away,628452,1,0,1
2647,3,away,808967,1,1,0
2647,4,home,547973,0,0,0
2647,4,home,641329,0,0,1
2647,4,home,671922,0,0,1
2647,4,home,656876,1,1,1
2647,4,home,656641,1,1,0
2647,4,home,686973,1,1,0
2647,4,away,695505,1,0,1
2647,4,away,666200,0,0,1
2647,4,away,661395,1,1,0
2647,4,away,695243,1,0,1
2647,4,away,628452,1,1,1
2647,4,away,808967,0,0,1
2648,1,home,547973,1,1,1
2648,1,home,641329,1,1,0
2648,1,home,671922,1,1,0
2648,1,home,656876,1,1,0
2648,1,home,656641,1,1,0
2648,1,home,686973,1,0,1
2648,1,away,695505,1,0,1
2648,1,away,666200,1,1,0
2648,1,away,661395,1,0,1
2648,1,away,695243,1,1,0
2648,1,away,628452,1,0,1
2648,1,away,808967,1,0,1
2648,2,home,547973,1,1,1
2648,2,home,641329,0,0,1
2648,2,home,671922,0,0,1
2648,2,home,656876,0,0,1
2648,2,home,656641,0,0,1
2648,2,home,686973,1,1,1
2648,2,away,695505,1,1,0
2648,2,away,666200,0,0,1
2648,2,away,661395,1,1,0
2648,2,away,695243,0,0,0
2648,2,away,628452,1,0,1
2648,2,away,808967,1,1,1
2648,3,home,547973,1,0,1
2648,3,home,641329,1,0,1
2648,3,home,671922,1,1,0
2648,3,home,656876,1,1,0
2648,3,home,656641,1,1,0
2648,3,home,686973,1,0,1
2648,3,away,695505,0,0,1
2648,3,away,666200,1,0,1
2648,3,away,661395,0,0,1
2648,3,away,695243,0,0,1
2648,3,away,628452,1,1,1
2648,3,away,808967,1,0,1
2648,4,home,547973,1,1,1
2648,4,home,641329,1,1,0
2648,4,home,671922,0,0,1
2648,4,home,656876,0,0,1
2648,4,home,656641,0,0,1
2648,4,home,686973,1,1,0
2648,4,away,695505,1,1,0
2648,4,away,666200,1,0,1
2648,4,away,661395,1,1,1
2648,4,away,695243,1,0,1
2648,4,away,628452,1,0,1
2648,4,away,808967,1,1,0
2649,1,home,547973,1,0,1
2649,1,home,641329,1,0,1
2649,1,home,671922,1,1,0
2649,1,home,656876,1,1,1
2649,1,home,656641,1,1,0
2649,1,home,686973,1,0,1
2649,1,away,695505,1,0,1
2649,1,away,666200,1,0,1
2649,1,away,661395,1,1,0
2649,1,away,695243,1,0,1
2649,1,away,628452,1,0,1
2649,1,away,808967,1,0,1
2649,2,home,547973,1,1,1
2649,2,home,641329,1,0,1
2649,2,home,671922,0,0,1
2649,2,home,656876,1,1,0
2649,2,home,656641,0,0,1
2649,2,home,686973,1,1,0
2649,2,away,695505,1,0,1
2649,2,away,666200,1,1,0
2649,2,away,661395,0,0,1
2649,2,away,695243,1,1,0
2649,2,away,628452,1,1,0
2649,2,away,808967,1,0,1
2649,3,home,547973,1,0,1
2649,3,home,641329,1,0,1
2649,3,home,671922,1,0,1
2649,3,home,656876,0,0,1
2649,3,home,656641,1,0,1
2649,3,home,686973,0,0,1
2649,3,away,695505,1,0,1
2649,3,away,666200,0,0,0
2649,3,away,661395,1,0,1
2649,3,away,695243,0,0,1
2649,3,away,628452,0,0,1
2649,3,away,808967,1,0,1
2649,4,home,547973,1,1,0
2649,4,home,641329,1,0,1
2649,4,home,671922,1,1,0
2649,4,home,656876,1,1,1
2649,4,home,656641,1,1,0
2649,4,home,686973,1,1,0
2649,4,away,695505,1,1,0
2649,4,away,666200,0,0,0
2649,4,away,661395,1,1,0
2649,4,away,695243,1,0,1
2649,4,away,628452,1,0,1
2649,4,away,808967,1,1,0
2650,1,home,547973,1,1,0
2650,1,home,641329,1,0,1
2650,1,home,671922,1,1,0
2650,1,home,656876,1,1,0
2650,1,home,656641,1,1,0
2650,1,home,686973,1,0,1
2650,1,away,695505,1,0,1
2650,1,away,666200,1,0,1
2650,1,away,661395,1,0,1
2650,1,away,695243,1,0,1
2650,1,away,628452,1,1,0
2650,1,away,808967,1,1,0
2650,2,home,547973,0,0,1
2650,2,home,641329,1,1,0
2650,2,home,671922,0,0,1
2650,2,home,656876,0,0,0
2650,2,home,656641,0,0,1
2650,2,home,686973,1,1,0
2650,2,away,695505,1,1,0
2650,2,away,666200,1,0,1
2650,2,away,661395,1,1,1
2650,2,away,695243,1,0,1
2650,2,away,628452,0,0,0
2650,2,away,808967,0,0,1
2650,3,home,547973,1,0,1
2650,3,home,641329,0,0,1
2650,3,home,671922,1,1,0
2650,3,home,656876,0,0,0
2650,3,home,656641,1,1,0
2650,3,home,686973,0,0,1
2650,3,away,695505,0,0,0
2650,3,away,666200,1,0,1
2650,3,away,661395,1,0,1
2650,3,away,695243,1,0,1
2650,3,away,628452,0,0,1
2650,3,away,808967,1,1,0
2650,4,home,547973,1,0,1
2650,4,home,641329,1,1,0
2650,4,home,671922,0,0,1
2650,4,home,656876,0,0,1
2650,4,home,656641,0,0,0
2650,4,home,686973,1,0,1
2650,4,away,695505,0,0,0
2650,4,away,666200,1,0,1
2650,4,away,661395,1,0,1
2650,4,away,695243,1,0,1
2650,4,away,628452,1,0,1
2650,4,away,808967,0,0,1
2651,1,home,547973,1,0,1
2651,1,home,641329,1,0,1
2651,1,home,671922,1,0,1
2651,1,home,656876,1,1,0
2651,1,home,656641,1,1,0
2651,1,home,686973,1,0,1
2651,1,away,695505,1,1,0
2651,1,away,666200,1,1,0
2651,1,away,661395,1,0,1
2651,1,away,695243,1,0,1
2651,1,away,628452,1,0,1
2651,1,away,808967,1,0,1
2651,2,home,547973,1,1,1
2651,2,home,641329,1,1,1
2651,2,home,671922,1,1,0
2651,2,home,656876,0,0,1
2651,2,home,656641,0,0,1
2651,2,home,686973,1,1,0
2651,2,away,695505,0,0,1
2651,2,away,666200,0,0,1
2651,2,away,661395,1,1,1
2651,2,away,695243,1,1,1
2651,2,away,628452,1,1,1
2651,2,away,808967,1,1,1
2651,3,home,547973,1,1,0
2651,3,home,641329,1,1,0
2651,3,home,671922,0,0,1
2651,3,home,656876,1,1,0
2651,3,home,656641,1,1,0
2651,3,home,686973,0,0,1
2651,3,away,695505,1,1,1
2651,3,away,666200,1,1,0
2651,3,away,661395,1,0,1
2651,3,away,695243,1,0,1
2651,3,away,628452,1,0,1
2651,3,away,808967,1,1,1
2651,4,home,547973,0,0,1
2651,4,home,641329,0,0,1
2651,4,home,671922,1,1,0
2651,4,home,656876,0,0,1
2651,4,home,656641,0,0,1
2651,4,home,686973,1,1,1
2651,4,away,695505,1,0,1
2651,4,away,666200,0,0,1
2651,4,away,661395,1,1,1
2651,4,away,695243,1,0,1
2651,4,away,628452,1,0,1
2651,4,away,808967,1,0,1
2652,1,home,547973,1,0,1
2652,1,home,641329,1,0,1
2652,1,home,671922,1,1,0
2652,1,home,656876,1,0,1
2652,1,home,656641,1,1,0
2652,1,home,686973,1,0,1
2652,1,away,695505,1,0,1
2652,1,away,666200,1,0,1
2652,1,away,661395,1,0,1
2652,1,away,695243,1,1,1
2652,1,away,628452,1,1,0
2652,1,away,808967,1,0,1
2652,2,home,547973,1,0,1
2652,2,home,641329,1,0,1
2652,2,home,671922,0,0,1
2652,2,home,656876,1,0,1
2652,2,home,656641,0,0,1
2652,2,home,686973,1,0,1
2652,2,away,695505,1,0,1
2652,2,away,666200,1,0,1
2652,2,away,661395,1,0,1
2652,2,away,695243,1,0,1
2652,2,away,628452,0,0,1
2652,2,away,808967,1,0,1
2652,3,home,547973,1,0,1
2652,3,home,641329,1,0,1
2652,3,home,671922,1,1,0
2652,3,home,656876,1,1,0
2652,3,home,656641,1,1,0
2652,3,home,686973,1,0,1
2652,3,away,695505,1,0,1
2652,3,away,666200,1,0,1
2652,3,away,661395,1,0,1
2652,3,away,695243,1,0,1
2652,3,away,628452,1,0,1
2652,3,away,808967,1,1,0
2652,4,home,547973,1,0,1
2652,4,home,641329,1,0,1
2652,4,home,671922,0,0,1
2652,4,home,656876,0,0,1
2652,4,home,656641,0,0,1
2652,4,home,686973,1,0,1
2652,4,away,695505,1,0,1
2652,4,away,666200,1,0,1
2652,4,away,661395,1,0,1
2652,4,away,695243,1,0,1
2652,4,away,628452,1,0,1
2652,4,away,808967,0,0,1
2653,1,home,547973,1,1,1
2653,1,home,641329,1,0,1
2653,1,home,671922,1,1,1
2653,1,home,656876,1,1,1
2653,1,home,656641,1,1,0
2653,1,home,686973,1,0,1
2653,1,away,695505,1,0,1
2653,1,away,666200,1,1,1
2653,1,away,661395,1,0,1
2653,1,away,695243,1,1,1
2653,1,away,628452,1,0,1
2653,1,away,808967,1,1,0
2653,2,home,547973,1,1,0
2653,2,home,641329,1,0,1
2653,2,home,671922,1,1,1
2653,2,home,656876,1,1,0
2653,2,home,656641,0,0,1
2653,2,home,686973,1,1,0
2653,2,away,695505,1,1,0
2653,2,away,666200,1,0,1
2653,2,away,661395,1,1,0
2653,2,away,695243,1,0,1
2653,2,away,628452,1,0,1
2653,2,away,808967,0,0,1
2653,3,home,547973,0,0,1
2653,3,home,641329,1,1,1
2653,3,home,671922,1,1,1
2653,3,home,656876,0,0,0
2653,3,home,656641,1,0,1
2653,3,home,686973,0,0,1
2653,3,away,695505,0,0,1
2653,3,away,666200,1,0,1
2653,3,away,661395,0,0,1
2653,3,away,695243,1,0,1
2653,3,away,628452,1,0,1
2653,3,away,808967,1,1,1
2653,4,home,547973,1,1,1
2653,4,home,641329,1,0,1
2653,4,home,671922,1,1,0
2653,4,home,656876,0,0,1
2653,4,home,656641,1,1,0
2653,4,home,686973,1,1,1
2653,4,away,695505,1,1,1
2653,4,away,666200,1,0,1
2653,4,away,661395,1,0,1
2653,4,away,695243,1,0,1
2653,4,away,628452,1,1,0
2653,4,away,808967,1,0,1
2654,1,home,547973,1,0,1
2654,1,home,641329,1,0,1
2654,1,home,671922,1,0,1
2654,1,home,656876,1,1,0
2654,1,home,656641,1,1,1
2654,1,home,686973,1,1,0
2654,1,away,695505,1,1,1
2654,1,away,666200,1,0,1
2654,1,away,661395,1,1,0
2654,1,away,695243,1,0,1
2654,1,away,628452,1,0,1
2654,1,away,808967,1,1,1
2654,2,home,547973,1,0,1
2654,2,home,641329,1,0,1
2654,2,home,671922,1,0,1
2654,2,home,656876,0,0,1
2654,2,home,656641,1,0,1
2654,2,home,686973,0,0,1
2654,2,away,695505,1,0,1
2654,2,away,666200,1,0,1
2654,2,away,661395,0,0,1
2654,2,away,695243,1,0,1
2654,2,away,628452,1,0,1
2654,2,away,808967,1,0,1
2654,3,home,547973,1,1,0
2654,3,home,641329,1,0,1
2654,3,home,671922,1,1,0
2654,3,home,656876,1,1,1
2654,3,home,656641,1,1,1
2654,3,home,686973,1,0,1
2654,3,away,695505,1,0,1
2654,3,away,666200,1,1,0
2654,3,away,661395,1,0,1
2654,3,away,695243,1,0,1
2654,3,away,628452,1,0,1
2654,3,away,808967,1,1,0
2654,4,home,547973,0,0,1
2654,4,home,641329,1,1,0
2654,4,home,671922,0,0,1
2654,4,home,656876,1,1,0
2654,4,home,656641,1,1,1
2654,4,home,686973,1,1,1
2654,4,away,695505,1,1,0
2654,4,away,666200,0,0,0
2654,4,away,661395,1,1,0
2654,4,away,695243,1,1,0
2654,4,away,628452,1,1,0
2654,4,away,808967,0,0,1
2655,1,home,547973,1,1,0
2655,1,home,641329,1,1,1
2655,1,home,671922,1,1,0
2655,1,home,656876,1,1,0
2655,1,home,656641,1,1,1
2655,1,home,686973,1,0,1
2655,1,away,695505,1,1,1
2655,1,away,666200,1,1,0
2655,1,away,661395,1,0,1
2655,1,away,695243,1,1,1
2655,1,away,628452,1,0,1
2655,1,away,808967,1,1,0
2655,2,home,547973,0,0,1
2655,2,home,641329,1,1,0
2655,2,home,671922,0,0,1
2655,2,home,656876,0,0,1
2655,2,home,656641,1,1,0
2655,2,home,686973,1,1,0
2655,2,away,695505,1,1,0
2655,2,away,666200,0,0,1
2655,2,away,661395,1,1,0
2655,2,away,695243,1,1,1
2655,2,away,628452,1,1,1
2655,2,away,808967,0,0,1
2655,3,home,547973,1,1,0
2655,3,home,641329,0,0,1
2655,3,home,671922,1,1,0
2655,3,home,656876,1,1,0
2655,3,home,656641,0,0,1
2655,3,home,686973,0,0,1
2655,3,away,695505,0,0,1
2655,3,away,666200,1,1,0
2655,3,away,661395,0,0,1
2655,3,away,695243,1,1,0
2655,3,away,628452,1,0,1
2655,3,away,808967,1,1,0
2655,4,home,547973,0,0,1
2655,4,home,641329,1,1,0
2655,4,home,671922,0,0,1
2655,4,home,656876,0,0,1
2655,4,home,656641,1,1,0
2655,4,home,686973,1,1,0
2655,4,away,695505,1,0,1
2655,4,away,666200,0,0,1
2655,4,away,661395,1,1,0
2655,4,away,695243,0,0,1
2655,4,away,628452,1,1,1
2655,4,away,808967,0,0,1
2656,1,home,547973,1,1,0
2656,1,home,641329,1,0,1
2656,1,home,671922,1,1,0
2656,1,home,656876,1,0,1
2656,1,home,656641,1,1,0
2656,1,home,686973,1,0,1
2656,1,away,695505,1,0,1
2656,1,away,666200,1,1,0
2656,1,away,661395,1,0,1
2656,1,away,695243,1,1,0
2656,1,away,628452,1,0,1
2656,1,away,808967,1,1,0
2656,2,home,547973,0,0,1
2656,2,home,641329,1,1,0
2656,2,home,671922,0,0,1
2656,2,home,656876,1,1,1
2656,2,home,656641,0,0,1
2656,2,home,686973,1,1,0
2656,2,away,695505,1,0,1
2656,2,away,666200,0,0,1
2656,2,away,661395,1,1,1
2656,2,away,695243,0,0,1
2656,2,away,628452,1,1,0
2656,2,away,808967,0,0,1
2656,3,home,547973,1,1,1
2656,3,home,641329,0,0,1
2656,3,home,671922,1,0,1
2656,3,home,656876,1,0,1
2656,3,home,656641,1,0,1
2656,3,home,686973,0,0,1
2656,3,away,695505,1,0,1
2656,3,away,666200,1,0,1
2656,3,away,661395,1,0,1
2656,3,away,695243,1,0,1
2656,3,away,628452,0,0,1
2656,3,away,808967,1,0,1
2656,4,home,547973,1,1,0
2656,4,home,641329,1,1,0
2656,4,home,671922,1,1,0
2656,4,home,656876,1,1,0
2656,4,home,656641,1,1,0
2656,4,home,686973,1,0,1
2656,4,away,695505,1,0,1
2656,4,away,666200,1,1,0
2656,4,away,661395,1,1,0
2656,4,away,695243,1,1,0
2656,4,away,628452,1,1,0
2656,4,away,808967,1,1,0
2657,1,home,547973,1,1,0
2657,1,home,641329,1,1,0
2657,1,home,671922,1,1,1
2657,1,home,656876,1,1,0
2657,1,home,656641,1,1,0
2657,1,home,686973,1,0,1
2657,1,away,695505,1,1,1
2657,1,away,666200,1,1,0
2657,1,away,661395,1,0,1
2657,1,away,695243,1,1,0
2657,1,away,628452,1,0,1
2657,1,away,808967,1,1,0
2657,2,home,547973,0,0,1
2657,2,home,641329,0,0,1
2657,2,home,671922,1,1,0
2657,2,home,656876,0,0,1
2657,2,home,656641,0,0,1
2657,2,home,686973,1,1,1
2657,2,away,695505,1,0,1
2657,2,away,666200,0,0,1
2657,2,away,661395,1,0,1
2657,2,away,695243,0,0,1
2657,2,away,628452,1,1,0
2657,2,away,808967,0,0,1
2657,3,home,547973,1,1,0
2657,3,home,641329,1,1,0
2657,3,home,671922,0,0,1
2657,3,home,656876,1,1,1
2657,3,home,656641,1,1,0
2657,3,home,686973,1,1,0
2657,3,away,695505,1,1,0
2657,3,away,666200,1,1,0
2657,3,away,661395,1,0,1
2657,3,away,695243,1,0,1
2657,3,away,628452,0,0,1
2657,3,away,808967,1,0,1
2657,4,home,547973,0,0,1
2657,4,home,641329,0,0,1
2657,4,home,671922,1,1,0
2657,4,home,656876,1,1,0
2657,4,home,656641,0,0,1
2657,4,home,686973,0,0,1
2657,4,away,695505,0,0,1
2657,4,away,666200,0,0,1
2657,4,away,661395,1,0,1
2657,4,away,695243,1,1,0
2657,4,away,628452,1,0,1
2657,4,away,808967,1,1,0
2658,1,home,547973,1,1,0
2658,1,home,641329,1,0,1
2658,1,home,671922,1,1,0
2658,1,home,656876,1,0,1
2658,1,home,656641,1,1,0
2658,1,home,686973,1,0,1
2658,1,away,695505,1,0,1
2658,1,away,666200,1,1,0
2658,1,away,661395,1,0,1
2658,1,away,695243,1,1,1
2658,1,away,628452,1,0,1
2658,1,away,808967,1,1,0
2658,2,home,547973,0,0,1
2658,2,home,641329,1,1,0
2658,2,home,671922,0,0,0
2658,2,home,656876,1,1,0
2658,2,home,656641,0,0,1
2658,2,home,686973,1,1,1
2658,2,away,695505,1,0,1
2658,2,away,666200,0,0,1
2658,2,away,661395,1,1,0
2658,2,away,695243,1,0,1
2658,2,away,628452,1,1,0
2658,2,away,808967,0,0,1
2658,3,home,547973,1,1,1
2658,3,home,641329,0,0,1
2658,3,home,671922,0,0,1
2658,3,home,656876,0,0,1
2658,3,home,656641,1,1,0
2658,3,home,686973,1,1,0
2658,3,away,695505,1,0,1
2658,3,away,666200,1,1,0
2658,3,away,661395,0,0,1
2658,3,away,695243,1,1,0
2658,3,away,628452,0,0,1
2658,3,away,808967,1,1,0
2658,4,home,547973,1,1,0
2658,4,home,641329,1,1,1
2658,4,home,671922,1,1,0
2658,4,home,656876,1,1,0
2658,4,home,656641,0,0,0
2658,4,home,686973,0,0,1
2658,4,away,695505,1,1,0
2658,4,away,666200,0,0,1
2658,4,away,661395,1,1,0
2658,4,away,695243,0,0,1
2658,4,away,628452,1,0,1
2658,4,away,808967,0,0,1
2659,1,home,547973,1,0,1
2659,1,home,641329,1,0,1
2659,1,home,671922,1,0,1
2659,1,home,656876,1,0,1
2659,1,home,656641,1,0,1
2659,1,home,686973,1,0,1
2659,1,away,695505,1,0,1
2659,1,away,666200,1,0,1
2659,1,away,661395,1,0,1
2659,1,away,695243,1,0,1
2659,1,away,628452,1,0,1
2659,1,away,808967,1,0,1
2659,2,home,547973,1,0,1
2659,2,home,641329,1,0,1
2659,2,home,671922,1,0,1
2659,2,home,656876,1,1,1
2659,2,home,656641,1,1,0
2659,2,home,686973,1,0,1
2659,2,away,695505,1,0,1
2659,2,away,666200,1,0,1
2659,2,away,661395,1,0,1
2659,2,away,695243,1,0,1
2659,2,away,628452,1,1,0
2659,2,away,808967,1,0,1
2659,3,home,547973,1,1,0
2659,3,home,641329,1,0,1
2659,3,home,671922,1,1,1
2659,3,home,656876,1,1,1
2659,3,home,656641,0,0,1
2659,3,home,686973,1,1,1
2659,3,away,695505,1,0,1
2659,3,away,666200,1,1,0
2659,3,away,661395,1,0,1
2659,3,away,695243,1,1,0
2659,3,away,628452,0,0,1
2659,3,away,808967,1,1,1
2659,4,home,547973,0,0,1
2659,4,home,641329,1,1,0
2659,4,home,671922,1,1,0
2659,4,home,656876,1,1,0
2659,4,home,656641,1,1,0
2659,4,home,686973,1,1,0
2659,4,away,695505,1,1,0
2659,4,away,666200,0,0,1
2659,4,away,661395,1,1,0
2659,4,away,695243,0,0,0
2659,4,away,628452,1,0,1
2659,4,away,808967,1,1,0
2660,1,home,547973,1,1,0
2660,1,home,641329,1,0,1
2660,1,home,671922,1,0,1
2660,1,home,656876,1,1,0
2660,1,home,656641,1,1,1
2660,1,home,686973,1,0,1
2660,1,away,695505,1,1,0
2660,1,away,666200,1,0,1
2660,1,away,661395,1,0,1
2660,1,away,695243,1,0,1
2660,1,away,628452,1,0,1
2660,1,away,808967,1,1,1
2660,2,home,547973,0,0,1
2660,2,home,641329,1,1,0
2660,2,home,671922,1,1,1
2660,2,home,656876,0,0,1
2660,2,home,656641,1,1,1
2660,2,home,686973,1,1,0
2660,2,away,695505,0,0,0
2660,2,away,666200,1,1,0
2660,2,away,661395,1,0,1
2660,2,away,695243,1,1,0
2660,2,away,628452,1,1,0
2660,2,away,808967,1,1,0
2660,3,home,547973,1,1,0
2660,3,home,641329,0,0,1
2660,3,home,671922,1,1,1
2660,3,home,656876,1,1,1
2660,3,home,656641,1,1,1
2660,3,home,686973,0,0,1
2660,3,away,695505,0,0,1
2660,3,away,666200,0,0,1
2660,3,away,661395,1,1,0
2660,3,away,695243,0,0,1
2660,3,away,628452,0,0,1
2660,3,away,808967,0,0,1
2660,4,home,547973,0,0,0
2660,4,home,641329,1,0,1
2660,4,home,671922,1,1,1
2660,4,home,656876,1,1,1
2660,4,home,656641,1,1,1
2660,4,home,686973,1,1,0
2660,4,away,695505,1,1,0
2660,4,away,666200,1,0,1
2660,4,away,661395,0,0,1
2660,4,away,695243,1,0,1
2660,4,away,628452,1,1,1
2660,4,away,808967,1,0,1
2661,1,home,547973,1,0,1
2661,1,home,641329,1,0,1
2661,1,home,671922,1,1,0
2661,1,home,656876,1,1,1
2661,1,home,656641,1,1,0
2661,1,home,686973,1,0,1
2661,1,away,695505,1,0,1
2661,1,away,666200,1,1,0
2661,1,away,661395,1,1,1
2661,1,away,695243,1,0,1
2661,1,away,628452,1,0,1
2661,1,away,808967,1,0,1
2661,2,home,547973,1,1,0
2661,2,home,641329,1,1,1
2661,2,home,671922,0,0,1
2661,2,home,656876,1,1,0
2661,2,home,656641,0,0,0
2661,2,home,686973,1,0,1
2661,2,away,695505,1,1,0
2661,2,away,666200,0,0,1
2661,2,away,661395,1,1,1
2661,2,away,695243,1,1,0
2661,2,away,628452,1,0,1
2661,2,away,808967,1,1,1
2661,3,home,547973,0,0,1
2661,3,home,641329,1,1,1
2661,3,home,671922,1,1,0
2661,3,home,656876,0,0,1
2661,3,home,656641,0,0,1
2661,3,home,686973,1,1,1
2661,3,away,695505,0,0,1
2661,3,away,666200,1,0,1
2661,3,away,661395,1,1,0
2661,3,away,695243,0,0,1
2661,3,away,628452,1,1,0
2661,3,away,808967,1,0,1
2661,4,home,547973,1,1,0
2661,4,home,641329,1,1,0
2661,4,home,671922,0,0,1
2661,4,home,656876,1,1,0
2661,4,home,656641,1,1,0
2661,4,home,686973,1,1,0
2661,4,away,695505,1,0,1
2661,4,away,666200,1,0,1
2661,4,away,661395,0,0,1
2661,4,away,695243,1,0,1
2661,4,away,628452,0,0,0
2661,4,away,808967,1,1,0
2662,1,home,547973,1,1,1
2662,1,home,641329,1,1,0
2662,1,home,671922,1,1,0
2662,1,home,656876,1,1,0
2662,1,home,656641,1,1,0
2662,1,home,686973,1,0,1
2662,1,away,695505,1,1,0
2662,1,away,666200,1,1,0
2662,1,away,661395,1,0,1
2662,1,away,695243,1,1,0
2662,1,away,628452,1,0,1
2662,1,away,808967,1,1,0
2662,2,home,547973,1,1,0
2662,2,home,641329,0,0,1
2662,2,home,671922,0,0,1
2662,2,home,656876,0,0,1
2662,2,home,656641,0,0,1
2662,2,home,686973,1,1,0
2662,2,away,695505,0,0,1
2662,2,away,666200,0,0,1
2662,2,away,661395,1,1,0
2662,2,away,695243,0,0,1
2662,2,away,628452,1,1,0
2662,2,away,808967,0,0,1
2662,3,home,547973,0,0,1
2662,3,home,641329,1,0,1
2662,3,home,671922,1,0,1
2662,3,home,656876,1,1,1
2662,3,home,656641,1,1,0
2662,3,home,686973,0,0,1
2662,3,away,695505,1,1,0
2662,3,away,666200,1,0,1
2662,3,away,661395,0,0,1
2662,3,away,695243,1,0,1
2662,3,away,628452,0,0,1
2662,3,away,808967,1,1,0
2662,4,home,547973,1,1,0
2662,4,home,641329,1,0,1
2662,4,home,671922,1,1,0
2662,4,home,656876,1,1,0
2662,4,home,656641,0,0,1
2662,4,home,686973,1,1,0
2662,4,away,695505,0,0,1
2662,4,away,666200,1,1,0
2662,4,away,661395,1,1,0
2662,4,away,695243,1,0,1
2662,4,away,628452,1,1,1
2662,4,away,808967,0,0,1
2663,1,home,547973,1,1,0
2663,1,home,641329,1,0,1
2663,1,home,671922,1,1,1
2663,1,home,656876,1,1,0
2663,1,home,656641,1,1,0
2663,1,home,686973,1,0,1
2663,1,away,695505,1,1,0
2663,1,away,666200,1,0,1
2663,1,away,661395,1,0,1
2663,1,away,695243,1,0,1
2663,1,away,628452,1,0,1
2663,1,away,808967,1,1,0
2663,2,home,547973,0,0,1
2663,2,home,641329,1,1,0
2663,2,home,671922,1,0,1
2663,2,home,656876,0,0,0
2663,2,home,656641,0,0,1
2663,2,home,686973,1,1,1
2663,2,away,695505,0,0,1
2663,2,away,666200,1,0,1
2663,2,away,661395,1,0,1
2663,2,away,695243,1,0,1
2663,2,away,628452,1,1,1
2663,2,away,808967,0,0,0
2663,3,home,547973,1,0,1
2663,3,home,641329,0,0,1
2663,3,home,671922,1,0,1
2663,3,home,656876,0,0,1
2663,3,home,656641,1,1,0
2663,3,home,686973,1,0,1
2663,3,away,695505,1,0,1
2663,3,away,666200,1,0,1
2663,3,away,661395,1,1,0
2663,3,away,695243,1,0,1
2663,3,away,628452,1,0,1
2663,3,away,808967,0,0,1
2663,4,home,547973,1,1,0
2663,4,home,641329,1,1,0
2663,4,home,671922,1,1,0
2663,4,home,656876,1,1,0
2663,4,home,656641,0,0,1
2663,4,home,686973,1,1,0
2663,4,away,695505,1,0,1
2663,4,away,666200,1,0,1
2663,4,away,661395,0,0,1
2663,4,away,695243,1,0,1
2663,4,away,628452,1,1,1
2663,4,away,808967,1,1,0
2664,1,home,547973,1,1,0
2664,1,home,641329,1,0,1
2664,1,home,671922,1,1,0
2664,1,home,656876,1,0,1
2664,1,home,656641,1,1,0
2664,1,home,686973,1,0,1
2664,1,away,695505,1,1,0
2664,1,away,666200,1,1,1
2664,1,away,661395,1,0,1
2664,1,away,695243,1,1,1
2664,1,away,628452,1,0,1
2664,1,away,808967,1,1,1
2664,2,home,547973,0,0,1
2664,2,home,641329,1,1,0
2664,2,home,671922,0,0,1
2664,2,home,656876,1,1,1
2664,2,home,656641,0,0,1
2664,2,home,686973,1,1,1
2664,2,away,695505,0,0,0
2664,2,away,666200,1,0,1
2664,2,away,661395,1,1,0
2664,2,away,695243,1,0,1
2664,2,away,628452,1,1,0
2664,2,away,808967,1,0,1
2664,3,home,547973,1,0,1
2664,3,home,641329,0,0,1
2664,3,home,671922,1,1,0
2664,3,home,656876,1,0,1
2664,3,home,656641,1,0,1
2664,3,home,686973,1,0,1
2664,3,away,695505,0,0,1
2664,3,away,666200,1,0,1
2664,3,away,661395,0,0,1
2664,3,away,695243,1,0,1
2664,3,away,628452,0,0,1
2664,3,away,808967,1,0,1
2664,4,home,547973,1,1,1
2664,4,home,641329,1,1,0
2664,4,home,671922,0,0,1
2664,4,home,656876,1,1,0
2664,4,home,656641,1,1,1
2664,4,home,686973,1,1,0
2664,4,away,695505,1,1,0
2664,4,away,666200,1,1,0
2664,4,away,661395,1,0,1
2664,4,away,695243,1,1,0
2664,4,away,628452,1,0,1
2664,4,away,808967,1,1,0
2665,1,home,547973,1,0,1
2665,1,home,641329,1,0,1
2665,1,home,671922,1,1,0
2665,1,home,656876,1,1,1
2665,1,home,656641,1,1,0
2665,1,home,686973,1,0,1
2665,1,away,695505,1,1,1
2665,1,away,666200,1,0,1
2665,1,away,661395,1,0,1
2665,1,away,695243,1,0,1
2665,1,away,628452,1,0,1
2665,1,away,808967,1,1,0
2665,2,home,547973,1,1,0
2665,2,home,641329,1,1,1
2665,2,home,671922,0,0,1
2665,2,home,656876,1,1,1
2665,2,home,656641,0,0,1
2665,2,home,686973,1,1,0
2665,2,away,695505,1,1,0
2665,2,away,666200,1,1,1
2665,2,away,661395,1,0,1
2665,2,away,695243,1,1,0
2665,2,away,628452,1,0,1
2665,2,away,808967,0,0,1
2665,3,home,547973,0,0,1
2665,3,home,641329,1,1,0
2665,3,home,671922,1,1,0
2665,3,home,656876,1,1,0
2665,3,home,656641,1,1,0
2665,3,home,686973,0,0,1
2665,3,away,695505,0,0,1
2665,3,away,666200,1,0,1
2665,3,away,661395,1,0,1
2665,3,away,695243,0,0,1
2665,3,away,628452,1,1,1
2665,3,away,808967,1,1,0
2665,4,home,547973,1,1,0
2665,4,home,641329,0,0,1
2665,4,home,671922,0,0,1
2665,4,home,656876,0,0,1
2665,4,home,656641,0,0,1
2665,4,home,686973,1,1,1
2665,4,away,695505,1,0,1
2665,4,away,666200,1,0,1
2665,4,away,661395,1,1,0
2665,4,away,695243,1,0,1
2665,4,away,628452,1,1,0
2665,4,away,808967,0,0,1
2666,1,home,547973,1,1,1
2666,1,home,641329,1,0,1
2666,1,home,671922,1,1,0
2666,1,home,656876,1,1,1
2666,1,home,656641,1,1,0
2666,1,home,686973,1,1,0
2666,1,away,695505,1,0,1
2666,1,away,666200,1,0,1
2666,1,away,661395,1,0,1
2666,1,away,695243,1,0,1
2666,1,away,628452,1,1,0
2666,1,away,808967,1,1,0
2666,2,home,547973,1,1,0
2666,2,home,641329,1,1,1
2666,2,home,671922,0,0,1
2666,2,home,656876,1,1,1
2666,2,home,656641,0,0,1
2666,2,home,686973,0,0,1
2666,2,away,695505,1,1,1
2666,2,away,666200,1,0,1
2666,2,away,661395,1,0,1
2666,2,away,695243,1,0,1
2666,2,away,628452,0,0,1
2666,2,away,808967,0,0,1
2666,3,home,547973,0,0,1
2666,3,home,641329,1,1,0
2666,3,home,671922,1,1,1
2666,3,home,656876,1,1,0
2666,3,home,656641,1,1,0
2666,3,home,686973,1,1,1
2666,3,away,695505,1,1,0
2666,3,away,666200,1,1,0
2666,3,away,661395,1,0,1
2666,3,away,695243,1,1,0
2666,3,away,628452,1,0,1
2666,3,away,808967,1,1,1
2666,4,home,547973,1,1,0
2666,4,home,641329,0,0,1
2666,4,home,671922,1,1,0
2666,4,home,656876,0,0,1
2666,4,home,656641,0,0,1
2666,4,home,686973,1,1,0
2666,4,away,695505,0,0,1
2666,4,away,666200,0,0,1
2666,4,away,661395,1,1,0
2666,4,away,695243,0,0,1
2666,4,away,628452,1,1,0
2666,4,away,808967,1,1,1
2667,1,home,547973,1,0,1
2667,1,home,641329,1,0,1
2667,1,home,671922,1,1,0
2667,1,home,656876,1,1,0
2667,1,home,656641,1,1,0
2667,1,home,686973,1,0,1
2667,1,away,695505,1,1,0
2667,1,away,666200,1,1,1
2667,1,away,661395,1,0,1
2667,1,away,695243,1,1,1
2667,1,away,628452,1,0,1
2667,1,away,808967,1,1,0
2667,2,home,547973,1,1,1
2667,2,home,641329,1,1,0
2667,2,home,671922,0,0,1
2667,2,home,656876,0,0,1
2667,2,home,656641,0,0,1
2667,2,home,686973,1,1,0
2667,2,away,695505,0,0,1
2667,2,away,666200,1,1,0
2667,2,away,661395,1,1,0
2667,2,away,695243,1,1,0
2667,2,away,628452,1,0,1
2667,2,away,808967,0,0,1
2667,3,home,547973,1,0,1
2667,3,home,641329,0,0,1
2667,3,home,671922,1,0,1
2667,3,home,656876,1,1,0
2667,3,home,656641,1,1,0
2667,3,home,686973,0,0,1
2667,3,away,695505,1,1,0
2667,3,away,666200,0,0,1
2667,3,away,661395,0,0,1
2667,3,away,695243,0,0,1
2667,3,away,628452,1,1,0
2667,3,away,808967,1,0,1
2667,4,home,547973,1,1,0
2667,4,home,641329,1,1,1
2667,4,home,671922,1,1,0
2667,4,home,656876,0,0,1
2667,4,home,656641,0,0,1
2667,4,home,686973,1,1,0
2667,4,away,695505,0,0,1
2667,4,away,666200,1,0,1
2667,4,away,661395,1,1,1
2667,4,away,695243,1,1,0
2667,4,away,628452,0,0,1
2667,4,away,808967,1,1,1
2668,1,home,547973,1,0,1
2668,1,home,641329,1,0,1
2668,1,home,671922,1,0,1
2668,1,home,656876,1,1,0
2668,1,home,656641,1,1,0
2668,1,home,686973,1,0,1
2668,1,away,695505,1,0,1
2668,1,away,666200,1,0,1
2668,1,away,661395,1,0,1
2668,1,away,695243,1,0,1
2668,1,away,628452,1,0,1
2668,1,away,808967,1,1,0
2668,2,home,547973,1,1,1
2668,2,home,641329,1,1,1
2668,2,home,671922,1,1,0
2668,2,home,656876,0,0,1
2668,2,home,656641,0,0,1
2668,2,home,686973,1,1,1
2668,2,away,695505,1,1,0
2668,2,away,666200,1,1,0
2668,2,away,661395,1,1,0
2668,2,away,695243,1,1,0
2668,2,away,628452,1,0,1
2668,2,away,808967,0,0,1
2668,3,home,547973,1,0,1
2668,3,home,641329,1,0,1
2668,3,home,671922,0,0,1
2668,3,home,656876,1,1,0
2668,3,home,656641,1,1,0
2668,3,home,686973,1,1,0
2668,3,away,695505,0,0,1
2668,3,away,666200,0,0,1
2668,3,away,661395,0,0,1
2668,3,away,695243,0,0,1
2668,3,away,628452,1,1,0
2668,3,away,808967,1,1,0
2668,4,home,547973,1,1,0
2668,4,home,641329,1,1,1
2668,4,home,671922,1,1,0
2668,4,home,656876,0,0,1
2668,4,home,656641,0,0,0
2668,4,home,686973,0,0,1
2668,4,away,695505,1,1,0
2668,4,away,666200,1,1,0
2668,4,away,661395,1,0,1
2668,4,away,695243,1,1,0
2668,4,away,628452,0,0,1
2668,4,away,808967,0,0,1
2669,1,home,547973,1,0,1
2669,1,home,641329,1,0,1
2669,1,home,671922,1,1,0
2669,1,home,656876,1,0,1
2669,1,home,656641,1,1,0
2669,1,home,686973,1,0,1
2669,1,away,695505,1,0,1
2669,1,away,666200,1,0,1
2669,1,away,661395,1,1,0
2669,1,away,695243,1,0,1
2669,1,away,628452,1,0,1
2669,1,away,808967,1,1,0
2669,2,home,547973,1,1,1
2669,2,home,641329,1,1,1
2669,2,home,671922,0,0,1
2669,2,home,656876,1,1,1
2669,2,home,656641,0,0,0
2669,2,home,686973,1,1,0
2669,2,away,695505,1,1,0
2669,2,away,666200,1,1,0
2669,2,away,661395,0,0,0
2669,2,away,695243,1,1,1
2669,2,away,628452,1,0,1
2669,2,away,808967,0,0,1
2669,3,home,547973,1,0,1
2669,3,home,641329,1,0,1
2669,3,home,671922,1,0,1
2669,3,home,656876,1,1,0
2669,3,home,656641,0,0,1
2669,3,home,686973,0,0,1
2669,3,away,695505,0,0,1
2669,3,away,666200,0,0,1
2669,3,away,661395,0,0,1
2669,3,away,695243,1,0,1
2669,3,away,628452,1,0,1
2669,3,away,808967,1,0,1
2669,4,home,547973,1,1,1
2669,4,home,641329,1,1,0
2669,4,home,671922,1,1,0
2669,4,home,656876,0,0,1
2669,4,home,656641,1,1,1
2669,4,home,686973,1,1,0
2669,4,away,695505,1,0,1
2669,4,away,666200,1,1,1
2669,4,away,661395,1,0,1
2669,4,away,695243,1,1,0
2669,4,away,628452,1,0,1
2669,4,away,808967,1,1,1
2670,1,home,547973,1,1,1
2670,1,home,641329,1,0,1
2670,1,home,671922,1,1,1
2670,1,home,656876,1,1,1
2670,1,home,656641,1,0,1
2670,1,home,686973,1,0,1
2670,1,away,695505,1,0,1
2670,1,away,666200,1,0,1
2670,1,away,661395,1,1,0
2670,1,away,695243,1,0,1
2670,1,away,628452,1,0,1
2670,1,away,808967,1,0,1
2670,2,home,547973,1,1,0
2670,2,home,641329,1,0,1
2670,2,home,671922,1,1,0
2670,2,home,656876,1,1,0
2670,2,home,656641,1,1,0
2670,2,home,686973,1,1,0
2670,2,away,695505,1,1,0
2670,2,away,666200,1,1,1
2670,2,away,661395,0,0,1
2670,2,away,695243,1,1,0
2670,2,away,628452,1,0,1
2670,2,away,808967,1,0,1
2670,3,home,547973,0,0,1
2670,3,home,641329,1,1,0
2670,3,home,671922,0,0,1
2670,3,home,656876,0,0,1
2670,3,home,656641,0,0,1
2670,3,home,686973,0,0,1
2670,3,away,695505,0,0,1
2670,3,away,666200,1,1,0
2670,3,away,661395,1,0,1
2670,3,away,695243,0,0,0
2670,3,away,628452,1,1,0
2670,3,away,808967,1,1,0
2670,4,home,547973,1,0,1
2670,4,home,641329,0,0,0
2670,4,home,671922,1,1,0
2670,4,home,656876,1,1,1
2670,4,home,656641,1,1,1
2670,4,home,686973,1,0,1
2670,4,away,695505,1,1,0
2670,4,away,666200,0,0,1
2670,4,away,661395,1,1,1
2670,4,away,695243,0,0,1
2670,4,away,628452,0,0,1
2670,4,away,808967,0,0,0
2671,1,home,547973,1,0,1
2671,1,home,641329,1,0,1
2671,1,home,671922,1,1,0
2671,1,home,656876,1,1,0
2671,1,home,656641,1,1,0
2671,1,home,686973,1,0,1
2671,1,away,695505,1,0,1
2671,1,away,666200,1,0,1
2671,1,away,661395,1,1,0
2671,1,away,695243,1,0,1
2671,1,away,628452,1,1,0
2671,1,away,808967,1,0,1
2671,2,home,547973,1,1,1
2671,2,home,641329,1,1,0
2671,2,home,671922,0,0,1
2671,2,home,656876,0,0,1
2671,2,home,656641,0,0,1
2671,2,home,686973,1,1,1
2671,2,away,695505,1,0,1
2671,2,away,666200,1,0,1
2671,2,away,661395,0,0,1
2671,2,away,695243,1,0,1
2671,2,away,628452,0,0,1
2671,2,away,808967,1,0,1
2671,3,home,547973,1,1,0
2671,3,home,641329,0,0,1
2671,3,home,671922,1,1,0
2671,3,home,656876,1,1,0
2671,3,home,656641,1,1,1
2671,3,home,686973,1,0,1
2671,3,away,695505,1,0,1
2671,3,away,666200,1,1,1
2671,3,away,661395,1,0,1
2671,3,away,695243,1,0,1
2671,3,away,628452,1,0,1
2671,3,away,808967,1,1,0
2671,4,home,547973,0,0,1
2671,4,home,641329,1,0,1
2671,4,home,671922,0,0,1
2671,4,home,656876,0,0,0
2671,4,home,656641,1,0,1
2671,4,home,686973,1,0,1
2671,4,away,695505,1,0,1
2671,4,away,666200,1,0,1
2671,4,away,661395,1,0,1
2671,4,away,695243,1,0,1
2671,4,away,628452,1,0,1
2671,4,away,808967,0,0,0
2672,1,home,547973,1,0,1
2672,1,home,641329,1,0,1
2672,1,home,671922,1,1,0
2672,1,home,656876,1,1,0
2672,1,home,656641,1,1,0
2672,1,home,686973,1,0,1
2672,1,away,695505,1,1,1
2672,1,away,666200,1,1,1
2672,1,away,661395,1,0,1
2672,1,away,695243,1,1,0
2672,1,away,628452,1,0,1
2672,1,away,808967,1,0,1
2672,2,home,547973,1,1,0
2672,2,home,641329,1,1,0
2672,2,home,671922,0,0,0
2672,2,home,656876,0,0,1
2672,2,home,656641,0,0,1
2672,2,home,686973,1,1,0
2672,2,away,695505,1,0,1
2672,2,away,666200,1,0,1
2672,2,away,661395,1,1,0
2672,2,away,695243,0,0,1
2672,2,away,628452,1,0,1
2672,2,away,808967,1,0,1
2672,3,home,547973,0,0,1
2672,3,home,641329,0,0,1
2672,3,home,671922,0,0,1
2672,3,home,656876,1,1,1
2672,3,home,656641,1,1,1
2672,3,home,686973,0,0,1
2672,3,away,695505,1,0,1
2672,3,away,666200,1,1,1
2672,3,away,661395,0,0,1
2672,3,away,695243,1,1,1
2672,3,away,628452,1,0,1
2672,3,away,808967,1,1,0
2672,4,home,547973,1,1,0
2672,4,home,641329,1,0,1
2672,4,home,671922,1,1,0
2672,4,home,656876,1,1,1
2672,4,home,656641,1,1,0
2672,4,home,686973,1,0,1
2672,4,away,695505,1,1,0
2672,4,away,666200,1,0,1
2672,4,away,661395,1,1,0
2672,4,away,695243,1,0,1
2672,4,away,628452,1,0,1
2672,4,away,808967,0,0,1
2673,1,home,547973,1,0,1
2673,1,home,641329,1,0,1
2673,1,home,671922,1,1,0
2673,1,home,656876,1,1,0
2673,1,home,656641,1,1,1
2673,1,home,686973,1,0,1
2673,1,away,695505,1,0,1
2673,1,away,666200,1,0,1
2673,1,away,661395,1,0,1
2673,1,away,695243,1,0,1
2673,1,away,628452,1,1,1
2673,1,away,808967,1,1,1
2673,2,home,547973,1,0,1
2673,2,home,641329,1,1,1
2673,2,home,671922,0,0,0
2673,2,home,656876,0,0,1
2673,2,home,656641,1,1,0
2673,2,home,686973,1,1,0
2673,2,away,695505,1,1,0
2673,2,away,666200,1,1,0
2673,2,away,661395,1,0,1
2673,2,away,695243,1,0,1
2673,2,away,628452,1,0,1
2673,2,away,808967,1,0,1
2673,3,home,547973,1,1,0
2673,3,home,641329,1,0,1
2673,3,home,671922,0,0,1
2673,3,home,656876,1,1,0
2673,3,home,656641,0,0,1
2673,3,home,686973,0,0,1
2673,3,away,695505,0,0,1
2673,3,away,666200,0,0,0
2673,3,away,661395,1,1,0
2673,3,away,695243,1,1,0
2673,3,away,628452,1,0,1
2673,3,away,808967,1,1,0
2673,4,home,547973,0,0,0
2673,4,home,641329,1,1,1
2673,4,home,671922,1,1,0
2673,4,home,656876,0,0,1
2673,4,home,656641,1,1,0
2673,4,home,686973,1,1,0
2673,4,away,695505,1,1,0
2673,4,away,666200,0,0,0
2673,4,away,661395,0,0,0
2673,4,away,695243,0,0,1
2673,4,away,628452,1,1,1
2673,4,away,808967,0,0,1
2674,1,home,547973,1,0,1
2674,1,home,641329,1,0,1
2674,1,home,671922,1,0,1
2674,1,home,656876,1,1,0
2674,1,home,656641,1,1,0
2674,1,home,686973,1,0,1
2674,1,away,695505,1,1,1
2674,1,away,666200,1,0,1
2674,1,away,661395,1,0,1
2674,1,away,695243,1,0,1
2674,1,away,628452,1,0,1
2674,1,away,808967,1,1,0
2674,2,home,547973,1,1,0
2674,2,home,641329,1,1,1
2674,2,home,671922,1,1,0
2674,2,home,656876,0,0,1
2674,2,home,656641,0,0,1
2674,2,home,686973,1,1,0
2674,2,away,695505,1,1,0
2674,2,away,666200,1,1,0
2674,2,away,661395,1,1,0
2674,2,away,695243,1,1,1
2674,2,away,628452,1,0,1
2674,2,away,808967,0,0,1
2674,3,home,547973,0,0,1
2674,3,home,641329,1,0,1
2674,3,home,671922,0,0,1
2674,3,home,656876,1,0,1
2674,3,home,656641,1,0,1
2674,3,home,686973,0,0,0
2674,3,away,695505,0,0,0
2674,3,away,666200,0,0,1
2674,3,away,661395,0,0,1
2674,3,away,695243,1,0,1
2674,3,away,628452,1,0,1
2674,3,away,808967,1,0,1
2674,4,home,547973,1,1,0
2674,4,home,641329,1,0,1
2674,4,home,671922,1,1,0
2674,4,home,656876,1,1,0
2674,4,home,656641,1,1,1
2674,4,home,686973,0,0,1
2674,4,away,695505,0,0,1
2674,4,away,666200,1,0,1
2674,4,away,661395,1,0,1
2674,4,away,695243,1,1,0
2674,4,away,628452,1,0,1
2674,4,away,808967,1,1,0
2675,1,home,547973,1,1,1
2675,1,home,641329,1,0,1
2675,1,home,671922,1,1,0
2675,1,home,656876,1,1,0
2675,1,home,656641,1,0,1
2675,1,home,686973,1,1,0
2675,1,away,695505,1,1,1
2675,1,away,666200,1,1,1
2675,1,away,661395,1,0,1
2675,1,away,695243,1,0,1
2675,1,away,628452,1,0,1
2675,1,away,808967,1,1,1
2675,2,home,547973,1,1,0
2675,2,home,641329,1,1,0
2675,2,home,671922,0,0,1
2675,2,home,656876,0,0,1
2675,2,home,656641,1,1,0
2675,2,home,686973,0,0,1
2675,2,away,695505,1,0,1
2675,2,away,666200,1,0,1
2675,2,away,661395,1,1,0
2675,2,away,695243,1,1,1
2675,2,away,628452,1,0,1
2675,2,away,808967,1,0,1
2675,3,home,547973,0,0,1
2675,3,home,641329,0,0,1
2675,3,home,671922,1,1,1
2675,3,home,656876,1,1,1
2675,3,home,656641,0,0,1
2675,3,home,686973,1,1,0
2675,3,away,695505,1,1,1
2675,3,away,666200,1,1,0
2675,3,away,661395,0,0,1
2675,3,away,695243,1,0,1
2675,3,away,628452,1,0,1
2675,3,away,808967,1,0,1
2675,4,home,547973,1,1,0
2675,4,home,641329,1,0,1
2675,4,home,671922,1,1,0
2675,4,home,656876,1,1,1
2675,4,home,656641,1,1,0
2675,4,home,686973,0,0,1
2675,4,away,695505,1,0,1
2675,4,away,666200,0,0,1
2675,4,away,661395,1,1,0
2675,4,away,695243,1,0,1
2675,4,away,628452,1,1,0
2675,4,away,808967,1,0,1
2676,1,home,547973,1,1,0
2676,1,home,641329,1,0,1
2676,1,home,671922,1,1,0
2676,1,home,656876,1,1,0
2676,1,home,656641,1,0,1
2676,1,home,686973,1,0,1
2676,1,away,695505,1,0,1
2676,1,away,666200,1,0,1
2676,1,away,661395,1,0,1
2676,1,away,695243,1,0,1
2676,1,away,628452,1,0,1
2676,1,away,808967,1,0,1
2676,2,home,547973,0,0,1
2676,2,home,641329,1,1,1
2676,2,home,671922,0,0,1
2676,2,home,656876,0,0,1
2676,2,home,656641,1,1,1
2676,2,home,686973,1,1,0
2676,2,away,695505,1,1,0
2676,2,away,666200,1,1,0
2676,2,away,661395,1,0,1
2676,2,away,695243,1,1,0
2676,2,away,628452,1,0,1
2676,2,away,808967,1,1,0
2676,3,home,547973,1,1,0
2676,3,home,641329,1,0,1
2676,3,home,671922,1,1,0
2676,3,home,656876,1,1,0
2676,3,home,656641,1,0,1
2676,3,home,686973,0,0,1
2676,3,away,695505,0,0,1
2676,3,away,666200,0,0,1
2676,3,away,661395,1,0,1
2676,3,away,695243,0,0,1
2676,3,away,628452,1,1,0
2676,3,away,808967,0,0,1
2676,4,home,547973,0,0,1
2676,4,home,641329,1,0,1
2676,4,home,671922,0,0,1
2676,4,home,656876,0,0,1
2676,4,home,656641,1,0,1
2676,4,home,686973,1,0,1
2676,4,away,695505,1,0,1
2676,4,away,666200,1,0,1
2676,4,away,661395,1,0,1
2676,4,away,695243,1,0,1
2676,4,away,628452,0,0,1
2676,4,away,808967,1,0,1
2677,1,home,547973,1,0,1
2677,1,home,641329,1,0,1
2677,1,home,671922,1,0,1
2677,1,home,656876,1,0,1
2677,1,home,656641,1,1,0
2677,1,home,686973,1,0,1
2677,1,away,695505,1,0,1
2677,1,away,666200,1,0,1
2677,1,away,661395,1,1,0
2677,1,away,695243,1,0,1
2677,1,away,628452,1,0,1
2677,1,away,808967,1,0,1
2677,2,home,547973,1,1,0
2677,2,home,641329,1,0,1
2677,2,home,671922,1,1,1
2677,2,home,656876,1,1,0
2677,2,home,656641,0,0,1
2677,2,home,686973,1,1,1
2677,2,away,695505,1,0,1
2677,2,away,666200,1,0,1
2677,2,away,661395,0,0,1
2677,2,away,695243,1,0,1
2677,2,away,628452,1,0,1
2677,2,away,808967,1,1,0
2677,3,home,547973,0,0,1
2677,3,home,641329,1,0,1
2677,3,home,671922,1,1,0
2677,3,home,656876,0,0,1
2677,3,home,656641,1,1,0
2677,3,home,686973,1,1,0
2677,3,away,695505,1,0,1
2677,3,away,666200,1,1,0
2677,3,away,661395,1,0,1
2677,3,away,695243,1,1,1
2677,3,away,628452,1,0,1
2677,3,away,808967,0,0,1
2677,4,home,547973,1,1,0
2677,4,home,641329,1,1,1
2677,4,home,671922,0,0,1
2677,4,home,656876,1,1,0
2677,4,home,656641,0,0,1
2677,4,home,686973,0,0,1
2677,4,away,695505,1,0,1
2677,4,away,666200,0,0,1
2677,4,away,661395,1,1,0
2677,4,away,695243,1,1,0
2677,4,away,628452,1,0,1
2677,4,away,808967,1,1,0
2678,1,home,547973,1,0,1
2678,1,home,641329,1,0,1
2678,1,home,671922,1,0,1
2678,1,home,656876,1,0,1
2678,1,home,656641,1,0,1
2678,1,home,686973,1,0,1
2678,1,away,695505,1,0,1
2678,1,away,666200,1,0,1
2678,1,away,661395,1,0,1
2678,1,away,695243,1,0,1
2678,1,away,628452,1,0,1
2678,1,away,808967,1,0,1
2678,2,home,547973,1,1,1
2678,2,home,641329,1,0,1
2678,2,home,671922,1,0,1
2678,2,home,656876,1,0,1
2678,2,home,656641,1,0,1
2678,2,home,686973,1,1,0
2678,2,away,695505,1,0,1
2678,2,away,666200,1,0,1
2678,2,away,661395,1,1,1
2678,2,away,695243,1,0,1
2678,2,away,628452,1,0,1
2678,2,away,808967,1,0,1
2678,3,home,547973,1,1,1
2678,3,home,641329,1,1,1
2678,3,home,671922,1,1,1
2678,3,home,656876,1,1,0
2678,3,home,656641,1,1,0
2678,3,home,686973,0,0,1
2678,3,away,695505,1,1,0
2678,3,away,666200,1,1,0
2678,3,away,661395,1,0,1
2678,3,away,695243,1,1,1
2678,3,away,628452,1,1,0
2678,3,away,808967,1,1,0
2678,4,home,547973,1,1,0
2678,4,home,641329,1,0,1
2678,4,home,671922,1,1,0
2678,4,home,656876,0,0,1
2678,4,home,656641,0,0,1
2678,4,home,686973,1,1,0
2678,4,away,695505,0,0,0
2678,4,away,666200,0,0,1
2678,4,away,661395,1,1,0
2678,4,away,695243,1,0,1
2678,4,away,628452,0,0,1
2678,4,away,808967,0,0,1
2679,1,home,547973,1,0,1
2679,1,home,641329,1,0,1
2679,1,home,671922,1,1,0
2679,1,home,656876,1,1,1
2679,1,home,656641,1,1,0
2679,1,home,686973,1,0,1
2679,1,away,695505,1,1,0
2679,1,away,666200,1,1,0
2679,1,away,661395,1,1,0
2679,1,away,695243,1,0,1
2679,1,away,628452,1,0,1
2679,1,away,808967,1,1,0
2679,2,home,547973,1,0,1
2679,2,home,641329,1,0,1
2679,2,home,671922,0,0,1
2679,2,home,656876,1,0,1
2679,2,home,656641,0,0,0
2679,2,home,686973,1,1,0
2679,2,away,695505,0,0,1
2679,2,away,666200,0,0,1
2679,2,away,661395,0,0,1
2679,2,away,695243,1,0,1
2679,2,away,628452,1,1,0
2679,2,away,808967,0,0,1
2679,3,home,547973,1,1,0
2679,3,home,641329,1,0,1
2679,3,home,671922,1,1,1
2679,3,home,656876,1,1,1
2679,3,home,656641,0,0,1
2679,3,home,686973,0,0,1
2679,3,away,695505,1,1,1
2679,3,away,666200,1,0,1
2679,3,away,661395,1,1,0
2679,3,away,695243,1,0,1
2679,3,away,628452,0,0,1
2679,3,away,808967,1,0,1
2679,4,home,547973,0,0,1
2679,4,home,641329,1,0,1
2679,4,home,671922,1,1,0
2679,4,home,656876,1,1,1
2679,4,home,656641,1,1,0
2679,4,home,686973,1,1,1
2679,4,away,695505,1,1,0
2679,4,away,666200,1,0,1
2679,4,away,661395,0,0,1
2679,4,away,695243,1,0,1
2679,4,away,628452,1,1,0
2679,4,away,808967,1,0,1
2680,1,home,547973,1,0,1
2680,1,home,641329,1,0,1
2680,1,home,671922,1,1,0
2680,1,home,656876,1,1,0
2680,1,home,656641,1,1,1
2680,1,home,686973,1,0,1
2680,1,away,695505,1,0,1
2680,1,away,666200,1,1,0
2680,1,away,661395,1,0,1
2680,1,away,695243,1,0,1
2680,1,away,628452,1,1,0
2680,1,away,808967,1,0,1
2680,2,home,547973,1,1,0
2680,2,home,641329,1,0,1
2680,2,home,671922,0,0,1
2680,2,home,656876,0,0,1
2680,2,home,656641,1,1,0
2680,2,home,686973,1,1,0
2680,2,away,695505,1,1,0
2680,2,away,666200,0,0,0
2680,2,away,661395,1,0,1
2680,2,away,695243,1,1,1
2680,2,away,628452,0,0,0
2680,2,away,808967,1,1,0
2680,3,home,547973,0,0,1
2680,3,home,641329,1,1,1
2680,3,home,671922,1,0,1
2680,3,home,656876,1,1,0
2680,3,home,656641,0,0,1
2680,3,home,686973,0,0,1
2680,3,away,695505,0,0,1
2680,3,away,666200,0,0,1
2680,3,away,661395,1,0,1
2680,3,away,695243,1,1,0
2680,3,away,628452,0,0,1
2680,3,away,808967,0,0,1
2680,4,home,547973,1,0,1
2680,4,home,641329,1,0,1
2680,4,home,671922,1,1,0
2680,4,home,656876,0,0,1
2680,4,home,656641,1,0,1
2680,4,home,686973,1,0,1
2680,4,away,695505,1,0,1
2680,4,away,666200,1,0,1
2680,4,away,661395,1,1,0
2680,4,away,695243,0,0,1
2680,4,away,628452,1,0,1
2680,4,away,808967,1,0,1
2681,1,home,547973,1,1,1
2681,1,home,641329,1,0,1
2681,1,home,671922,1,1,1
2681,1,home,656876,1,1,0
2681,1,home,656641,1,1,0
2681,1,home,686973,1,0,1
2681,1,away,695505,1,0,1
2681,1,away,666200,1,1,0
2681,1,away,661395,1,0,1
2681,1,away,695243,1,1,1
2681,1,away,628452,1,0,1
2681,1,away,808967,1,1,0
2681,2,home,547973,1,1,1
2681,2,home,641329,1,0,1
2681,2,home,671922,1,1,0
2681,2,home,656876,0,0,1
2681,2,home,656641,0,0,1
2681,2,home,686973,1,0,1
2681,2,away,695505,1,1,1
2681,2,away,666200,0,0,0
2681,2,away,661395,1,1,1
2681,2,away,695243,1,0,1
2681,2,away,628452,1,0,1
2681,2,away,808967,0,0,1
2681,3,home,547973,1,0,1
2681,3,home,641329,1,0,1
2681,3,home,671922,0,0,1
2681,3,home,656876,1,0,1
2681,3,home,656641,1,1,0
2681,3,home,686973,1,1,0
2681,3,away,695505,1,0,1
2681,3,away,666200,0,0,1
2681,3,away,661395,1,1,0
2681,3,away,695243,1,0,1
2681,3,away,628452,1,0,1
2681,3,away,808967,1,0,1
2681,4,home,547973,1,1,0
2681,4,home,641329,1,1,1
2681,4,home,671922,1,1,1
2681,4,home,656876,1,1,0
2681,4,home,656641,0,0,0
2681,4,home,686973,0,0,0
2681,4,away,695505,1,1,0
2681,4,away,666200,1,1,1
2681,4,away,661395,0,0,1
2681,4,away,695243,1,1,1
2681,4,away,628452,1,0,1
2681,4,away,808967,1,1,0
2682,1,home,547973,1,0,1
2682,1,home,641329,1,0,1
2682,1,home,671922,1,0,1
2682,1,home,656876,1,0,1
2682,1,home,656641,1,0,1
2682,1,home,686973,1,0,1
2682,1,away,695505,1,0,1
2682,1,away,666200,1,0,1
2682,1,away,661395,1,0,1
2682,1,away,695243,1,0,1
2682,1,away,628452,1,0,1
2682,1,away,808967,1,0,1
2682,2,home,547973,1,0,1
2682,2,home,641329,1,0,1
2682,2,home,671922,1,0,1
2682,2,home,656876,1,1,0
2682,2,home,656641,1,1,1
2682,2,home,686973,1,0,1
2682,2,away,695505,1,1,0
2682,2,away,666200,1,0,1
2682,2,away,661395,1,1,0
2682,2,away,695243,1,0,1
2682,2,away,628452,1,0,1
2682,2,away,808967,1,0,1
2682,3,home,547973,1,1,0
2682,3,home,641329,1,0,1
2682,3,home,671922,1,1,0
2682,3,home,656876,0,0,1
2682,3,home,656641,1,1,0
2682,3,home,686973,1,1,0
2682,3,away,695505,0,0,1
2682,3,away,666200,1,1,0
2682,3,away,661395,0,0,1
2682,3,away,695243,1,1,0
2682,3,away,628452,1,0,1
2682,3,away,808967,1,1,0
2682,4,home,547973,0,0,1
2682,4,home,641329,1,1,0
2682,4,home,671922,0,0,1
2682,4,home,656876,1,1,0
2682,4,home,656641,0,0,1
2682,4,home,686973,0,0,1
2682,4,away,695505,1,1,1
2682,4,away,666200,0,0,1
2682,4,away,661395,1,1,0
2682,4,away,695243,0,0,1
2682,4,away,628452,1,1,0
2682,4,away,808967,0,0,1
2683,1,home,547973,1,1,0
2683,1,home,641329,1,0,1
2683,1,home,671922,1,1,0
2683,1,home,656876,1,1,1
2683,1,home,656641,1,1,0
2683,1,home,686973,1,1,0
2683,1,away,695505,1,1,1
2683,1,away,666200,1,1,0
2683,1,away,661395,1,0,1
2683,1,away,695243,1,0,1
2683,1,away,628452,1,1,0
2683,1,away,808967,1,0,1
2683,2,home,547973,0,0,1
2683,2,home,641329,1,1,0
2683,2,home,671922,0,0,0
2683,2,home,656876,1,1,0
2683,2,home,656641,0,0,1
2683,2,home,686973,0,0,1
2683,2,away,695505,1,1,1
2683,2,away,666200,0,0,1
2683,2,away,661395,1,0,1
2683,2,away,695243,1,1,1
2683,2,away,628452,0,0,1
2683,2,away,808967,1,1,1
2683,3,home,547973,1,1,1
2683,3,home,641329,0,0,1
2683,3,home,671922,0,0,1
2683,3,home,656876,0,0,1
2683,3,home,656641,1,1,0
2683,3,home,686973,1,1,0
2683,3,away,695505,1,1,0
2683,3,away,666200,1,0,1
2683,3,away,661395,1,1,0
2683,3,away,695243,1,0,1
2683,3,away,628452,1,1,0
2683,3,away,808967,1,0,1
2683,4,home,547973,1,0,1
2683,4,home,641329,1,0,1
2683,4,home,671922,1,0,1
2683,4,home,656876,1,0,1
2683,4,home,656641,0,0,1
2683,4,home,686973,0,0,1
2683,4,away,695505,0,0,1
2683,4,away,666200,1,0,1
2683,4,away,661395,0,0,1
2683,4,away,695243,1,0,1
2683,4,away,628452,0,0,1
2683,4,away,808967,1,0,1
2684,1,home,547973,1,1,0
2684,1,home,641329,1,0,1
2684,1,home,671922,1,1,1
2684,1,home,656876,1,1,1
2684,1,home,656641,1,1,0
2684,1,home,686973,1,0,1
2684,1,away,695505,1,0,1
2684,1,away,666200,1,0,1
2684,1,away,661395,1,1,0
2684,1,away,695243,1,0,1
2684,1,away,628452,1,1,0
2684,1,away,808967,1,0,1
2684,2,home,547973,0,0,1
2684,2,home,641329,1,0,1
2684,2,home,671922,1,1,0
2684,2,home,656876,1,1,1
2684,2,home,656641,0,0,0
2684,2,home,686973,1,1,0
2684,2,away,695505,1,1,0
2684,2,away,666200,1,0,1
2684,2,away,661395,0,0,1
2684,2,away,695243,1,0,1
2684,2,away,628452,0,0,1
2684,2,away,808967,1,1,1
2684,3,home,547973,1,0,1
2684,3,home,641329,1,0,1
2684,3,home,671922,0,0,1
2684,3,home,656876,1,0,1
2684,3,home,656641,0,0,1
2684,3,home,686973,0,0,0
2684,3,away,695505,0,0,1
2684,3,away,666200,1,0,1
2684,3,away,661395,1,0,1
2684,3,away,695243,1,0,1
2684,3,away,628452,1,0,1
2684,3,away,808967,1,0,1
2684,4,home,547973,1,1,1
2684,4,home,641329,1,0,1
2684,4,home,671922,1,1,0
2684,4,home,656876,1,1,0
2684,4,home,656641,1,1,1
2684,4,home,686973,0,0,1
2684,4,away,695505,1,1,0
2684,4,away,666200,1,1,0
2684,4,away,661395,1,0,1
2684,4,away,695243,1,0,1
2684,4,away,628452,1,0,1
2684,4,away,808967,1,1,0
2685,1,home,547973,1,1,0
2685,1,home,641329,1,0,1
2685,1,home,671922,1,1,0
2685,1,home,656876,1,1,0
2685,1,home,656641,1,1,0
2685,1,home,686973,1,0,1
2685,1,away,695505,1,1,0
2685,1,away,666200,1,1,0
2685,1,away,661395,1,1,0
2685,1,away,695243,1,1,1
2685,1,away,628452,1,0,1
2685,1,away,808967,1,1,0
2685,2,home,547973,0,0,1
2685,2,home,641329,1,1,1
2685,2,home,671922,0,0,1
2685,2,home,656876,0,0,1
2685,2,home,656641,0,0,1
2685,2,home,686973,1,0,1
2685,2,away,695505,0,0,1
2685,2,away,666200,0,0,1
2685,2,away,661395,0,0,1
2685,2,away,695243,1,0,1
2685,2,away,628452,1,0,1
2685,2,away,808967,0,0,1
2685,3,home,547973,1,1,1
2685,3,home,641329,1,0,1
2685,3,home,671922,1,1,0
2685,3,home,656876,1,1,0
2685,3,home,656641,1,1,0
2685,3,home,686973,1,0,1
2685,3,away,695505,1,1,1
2685,3,away,666200,1,1,0
2685,3,away,661395,1,0,1
2685,3,away,695243,1,1,1
2685,3,away,628452,1,0,1
2685,3,away,808967,1,0,1
2685,4,home,547973,1,1,0
2685,4,home,641329,1,1,1
2685,4,home,671922,0,0,1
2685,4,home,656876,0,0,1
2685,4,home,656641,0,0,1
2685,4,home,686973,1,1,1
2685,4,away,695505,1,1,0
2685,4,away,666200,0,0,1
2685,4,away,661395,1,1,1
2685,4,away,695243,1,1,0
2685,4,away,628452,1,0,1
2685,4,away,808967,1,1,0
2686,1,home,547973,1,1,0
2686,1,home,641329,1,0,1
2686,1,home,671922,1,1,0
2686,1,home,656876,1,0,1
2686,1,home,656641,1,1,1
2686,1,home,686973,1,0,1
2686,1,away,695505,1,0,1
2686,1,away,666200,1,0,1
2686,1,away,661395,1,0,1
2686,1,away,695243,1,0,1
2686,1,away,628452,1,0,1
2686,1,away,808967,1,1,0
2686,2,home,547973,0,0,1
2686,2,home,641329,1,0,1
2686,2,home,671922,0,0,1
2686,2,home,656876,1,1,0
2686,2,home,656641,1,1,1
2686,2,home,686973,1,1,0
2686,2,away,695505,1,1,1
2686,2,away,666200,1,1,0
2686,2,away,661395,1,1,0
2686,2,away,695243,1,0,1
2686,2,away,628452,1,0,1
2686,2,away,808967,0,0,1
2686,3,home,547973,1,1,1
2686,3,home,641329,1,1,0
2686,3,home,671922,1,1,1
2686,3,home,656876,0,0,1
2686,3,home,656641,1,1,0
2686,3,home,686973,0,0,1
2686,3,away,695505,1,0,1
2686,3,away,666200,0,0,1
2686,3,away,661395,0,0,1
2686,3,away,695243,1,1,1
2686,3,away,628452,1,1,1
2686,3,away,808967,1,1,1
2686,4,home,547973,1,0,1
2686,4,home,641329,0,0,1
2686,4,home,671922,1,0,1
2686,4,home,656876,1,0,1
2686,4,home,656641,0,0,1
2686,4,home,686973,1,0,1
2686,4,away,695505,1,0,1
2686,4,away,666200,1,0,1
2686,4,away,661395,1,0,1
2686,4,away,695243,1,0,1
2686,4,away,628452,1,0,1
2686,4,away,808967,1,0,1
2687,1,home,547973,1,0,1
2687,1,home,641329,1,0,1
2687,1,home,671922,1,1,0
2687,1,home,656876,1,1,0
2687,1,home,656641,1,1,0
2687,1,home,686973,1,0,1
2687,1,away,695505,1,0,1
2687,1,away,666200,1,0,1
2687,1,away,661395,1,0,1
2687,1,away,695243,1,0,1
2687,1,away,628452,1,1,1
2687,1,away,808967,1,0,1
2687,2,home,547973,1,1,0
2687,2,home,641329,1,1,0
2687,2,home,671922,0,0,0
2687,2,home,656876,0,0,1
2687,2,home,656641,0,0,1
2687,2,home,686973,1,1,1
2687,2,away,695505,1,1,1
2687,2,away,666200,1,1,0
2687,2,away,661395,1,0,1
2687,2,away,695243,1,1,0
2687,2,away,628452,1,0,1
2687,2,away,808967,1,0,1
2687,3,home,547973,0,0,1
2687,3,home,641329,0,0,1
2687,3,home,671922,0,0,1
2687,3,home,656876,1,1,1
2687,3,home,656641,1,1,0
2687,3,home,686973,1,1,1
2687,3,away,695505,1,0,1
2687,3,away,666200,0,0,1
2687,3,away,661395,1,1,0
2687,3,away,695243,0,0,1
2687,3,away,628452,1,0,1
2687,3,away,808967,1,0,1
2687,4,home,547973,1,1,0
2687,4,home,641329,1,0,1
2687,4,home,671922,1,1,0
2687,4,home,656876,1,1,0
2687,4,home,656641,0,0,1
2687,4,home,686973,1,0,1
2687,4,away,695505,1,1,0
2687,4,away,666200,1,0,1
2687,4,away,661395,0,0,1
2687,4,away,695243,1,0,1
2687,4,away,628452,1,0,1
2687,4,away,808967,1,1,1
2688,1,home,547973,1,0,1
2688,1,home,641329,1,0,1
2688,1,home,671922,1,1,0
2688,1,home,656876,1,1,0
2688,1,home,656641,1,1,0
2688,1,home,686973,1,0,1
2688,1,away,695505,1,0,1
2688,1,away,666200,1,1,1
2688,1,away,661395,1,0,1
2688,1,away,695243,1,1,0
2688,1,away,628452,1,0,1
2688,1,away,808967,1,0,1
2688,2,home,547973,1,1,0
2688,2,home,641329,1,1,0
2688,2,home,671922,0,0,1
2688,2,home,656876,0,0,1
2688,2,home,656641,0,0,1
2688,2,home,686973,1,1,0
2688,2,away,695505,1,1,0
2688,2,away,666200,1,0,1
2688,2,away,661395,1,1,0
2688,2,away,695243,0,0,1
2688,2,away,628452,1,0,1
2688,2,away,808967,1,0,1
2688,3,home,547973,0,0,1
2688,3,home,641329,0,0,1
2688,3,home,671922,1,1,0
2688,3,home,656876,1,1,0
2688,3,home,656641,1,1,1
2688,3,home,686973,0,0,1
2688,3,away,695505,0,0,1
2688,3,away,666200,1,1,0
2688,3,away,661395,0,0,1
2688,3,away,695243,1,0,1
2688,3,away,628452,1,0,1
2688,3,away,808967,1,1,0
2688,4,home,547973,1,1,0
2688,4,home,641329,1,1,0
2688,4,home,671922,0,0,0
2688,4,home,656876,0,0,1
2688,4,home,656641,1,1,0
2688,4,home,686973,1,1,0
2688,4,away,695505,1,0,1
2688,4,away,666200,0,0,0
2688,4,away,661395,1,0,1
2688,4,away,695243,1,1,0
2688,4,away,628452,1,1,0
2688,4,away,808967,0,0,1
