sequence,game,policies,home_initial_rest,away_initial_rest,home_wins_before,away_wins_before,home_score,away_score,terminal_result,winner,post_clinch,decisions
28929,1,"{""total"":[""solutions/game_1/total/rest-111111/top"",""solutions/game_1/total/rest-111111/bot""],""single"":[""solutions/game_1/single/rest-111111/top"",""solutions/game_1/single/rest-111111/bot""]}","[1,1,1,1,1,1]","[1,1,1,1,1,1]",0,0,3,7,away_win,away,0,88
28929,2,"{""total"":[""solutions/game_2/total/rest-011101/top"",""solutions/game_2/total/rest-001010/bot""],""single"":[""solutions/game_2/single/rest-011101/top"",""solutions/game_2/single/rest-001010/bot""]}","[0,1,1,1,0,1]","[0,0,1,0,1,0]",0,1,9,0,home_win,home,0,35
28929,3,"{""total"":[""solutions/game_3/total/rest-111111/top"",""solutions/game_3/total/rest-111011/bot""],""single"":[""solutions/game_3/single/rest-111111/top"",""solutions/game_3/single/rest-111011/bot""]}","[1,1,1,1,1,1]","[1,1,1,0,1,1]",1,1,8,15,away_win,away,0,103
28929,4,"{""total"":[""solutions/game_4/total/rest-011011/top"",""solutions/game_4/total/rest-011110/bot""],""single"":[""solutions/game_4/single/rest-011011/top"",""solutions/game_4/single/rest-011110/bot""]}","[0,1,1,0,1,1]","[0,1,1,1,1,0]",1,2,0,6,away_win,away,0,85
28929,5,"{""total"":[""solutions/game_5/single/rest-101111/top"",""solutions/game_5/single/rest-101001/bot""],""single"":[""solutions/game_5/single/rest-101111/top"",""solutions/game_5/single/rest-101001/bot""]}","[1,0,1,1,1,1]","[1,0,1,0,0,1]",1,3,3,5,away_win,away,1,93
28930,1,"{""total"":[""solutions/game_1/total/rest-111111/top"",""solutions/game_1/total/rest-111111/bot""],""single"":[""solutions/game_1/single/rest-111111/top"",""solutions/game_1/single/rest-111111/bot""]}","[1,1,1,1,1,1]","[1,1,1,1,1,1]",0,0,6,2,home_win,home,0,83
28930,2,"{""total"":[""solutions/game_2/total/rest-111001/top"",""solutions/game_2/total/rest-011010/bot""],""single"":[""solutions/game_2/single/rest-111001/top"",""solutions/game_2/single/rest-011010/bot""]}","[1,1,1,0,0,1]","[0,1,1,0,1,0]",1,0,3,11,away_win,away,0,79
28930,3,"{""total"":[""solutions/game_3/total/rest-111110/top"",""solutions/game_3/total/rest-111111/bot""],""single"":[""solutions/game_3/single/rest-111110/top"",""solutions/game_3/single/rest-111111/bot""]}","[1,1,1,1,1,0]","[1,1,1,1,1,1]",1,1,3,5,away_win,away,0,93
28930,4,"{""total"":[""solutions/game_4/total/rest-010001/top"",""solutions/game_4/total/rest-110010/bot""],""single"":[""solutions/game_4/single/rest-010001/top"",""solutions/game_4/single/rest-110010/bot""]}","[0,1,0,0,0,1]","[1,1,0,0,1,0]",1,2,6,5,home_win,home,0,88
28930,5,"{""total"":[""solutions/game_5/single/rest-101110/top"",""solutions/game_5/single/rest-000101/bot""],""single"":[""solutions/game_5/single/rest-101110/top"",""solutions/game_5/single/rest-000101/bot""]}","[1,0,1,1,1,0]","[0,0,0,1,0,1]",2,2,4,0,home_win,home,0,76
28931,1,"{""total"":[""solutions/game_1/total/rest-111111/top"",""solutions/game_1/total/rest-111111/bot""],""single"":[""solutions/game_1/single/rest-111111/top"",""solutions/game_1/single/rest-111111/bot""]}","[1,1,1,1,1,1]","[1,1,1,1,1,1]",0,0,0,2,away_win,away,0,79
28931,2,"{""total"":[""solutions/game_2/total/rest-111101/top"",""solutions/game_2/total/rest-111111/bot""],""single"":[""solutions/game_2/single/rest-111101/top"",""solutions/game_2/single/rest-111111/bot""]}","[1,1,1,1,0,1]","[1,1,1,1,1,1]",0,1,8,9,away_win,away,0,98
28931,3,"{""total"":[""solutions/game_3/total/rest-110010/top"",""solutions/game_3/total/rest-100100/bot""],""single"":[""solutions/game_3/single/rest-110010/top"",""solutions/game_3/single/rest-100100/bot""]}","[1,1,0,0,1,0]","[1,0,0,1,0,0]",0,2,9,5,home_win,home,0,81
28931,4,"{""total"":[""solutions/game_4/total/rest-101101/top"",""solutions/game_4/total/rest-011111/bot""],""single"":[""solutions/game_4/single/rest-101101/top"",""solutions/game_4/single/rest-011111/bot""]}","[1,0,1,1,0,1]","[0,1,1,1,1,1]",1,2,7,3,home_win,home,0,79
28931,5,"{""total"":[""solutions/game_5/single/rest-101010/top"",""solutions/game_5/single/rest-011110/bot""],""single"":[""solutions/game_5/single/rest-101010/top"",""solutions/game_5/single/rest-011110/bot""]}","[1,0,1,0,1,0]","[0,1,1,1,1,0]",2,2,7,5,home_win,home,0,84
28932,1,"{""total"":[""solutions/game_1/total/rest-111111/top"",""solutions/game_1/total/rest-111111/bot""],""single"":[""solutions/game_1/single/rest-111111/top"",""solutions/game_1/single/rest-111111/bot""]}","[1,1,1,1,1,1]","[1,1,1,1,1,1]",0,0,1,5,away_win,away,0,77
28932,2,"{""total"":[""solutions/game_2/total/rest-110111/top"",""solutions/game_2/total/rest-001011/bot""],""single"":[""solutions/game_2/single/rest-110111/top"",""solutions/game_2/single/rest-001011/bot""]}","[1,1,0,1,1,1]","[0,0,1,0,1,1]",0,1,2,0,home_win,home,0,75
28932,3,"{""total"":[""solutions/game_3/total/rest-111001/top"",""solutions/game_3/total/rest-110100/bot""],""single"":[""solutions/game_3/single/rest-111001/top"",""solutions/game_3/single/rest-110100/bot""]}","[1,1,1,0,0,1]","[1,1,0,1,0,0]",1,1,10,2,home_win,home,0,66
28932,4,"{""total"":[""solutions/game_4/total/rest-011101/top"",""solutions/game_4/total/rest-101001/bot""],""single"":[""solutions/game_4/single/rest-011101/top"",""solutions/game_4/single/rest-101001/bot""]}","[0,1,1,1,0,1]","[1,0,1,0,0,1]",2,1,9,11,away_win,away,0,106
28932,5,"{""total"":[""solutions/game_5/single/rest-100010/top"",""solutions/game_5/single/rest-010100/bot""],""single"":[""solutions/game_5/single/rest-100010/top"",""solutions/game_5/single/rest-010100/bot""]}","[1,0,0,0,1,0]","[0,1,0,1,0,0]",2,2,5,13,away_win,away,0,92
28933,1,"{""total"":[""solutions/game_1/total/rest-111111/top"",""solutions/game_1/total/rest-111111/bot""],""single"":[""solutions/game_1/single/rest-111111/top"",""solutions/game_1/single/rest-111111/bot""]}","[1,1,1,1,1,1]","[1,1,1,1,1,1]",0,0,0,5,away_win,away,0,80
28933,2,"{""total"":[""solutions/game_2/total/rest-111100/top"",""solutions/game_2/total/rest-011110/bot""],""single"":[""solutions/game_2/single/rest-111100/top"",""solutions/game_2/single/rest-011110/bot""]}","[1,1,1,1,0,0]","[0,1,1,1,1,0]",0,1,4,5,away_win,away,0,82
28933,3,"{""total"":[""solutions/game_3/total/rest-011111/top"",""solutions/game_3/total/rest-100001/bot""],""single"":[""solutions/game_3/single/rest-011111/top"",""solutions/game_3/single/rest-100001/bot""]}","[0,1,1,1,1,1]","[1,0,0,0,0,1]",0,2,1,9,away_win,away,0,71
28933,4,"{""total"":[""solutions/game_4/total/rest-111110/top"",""solutions/game_4/total/rest-111011/bot""],""single"":[""solutions/game_4/single/rest-111110/top"",""solutions/game_4/single/rest-111011/bot""]}","[1,1,1,1,1,0]","[1,1,1,0,1,1]",0,3,2,10,away_win,away,1,83
28933,5,"{""total"":[""solutions/game_5/single/rest-101111/top"",""solutions/game_5/single/rest-111110/bot""],""single"":[""solutions/game_5/single/rest-101111/top"",""solutions/game_5/single/rest-111110/bot""]}","[1,0,1,1,1,1]","[1,1,1,1,1,0]",0,4,5,1,home_win,home,1,79
28934,1,"{""total"":[""solutions/game_1/total/rest-111111/top"",""solutions/game_1/total/rest-111111/bot""],""single"":[""solutions/game_1/single/rest-111111/top"",""solutions/game_1/single/rest-111111/bot""]}","[1,1,1,1,1,1]","[1,1,1,1,1,1]",0,0,5,5,tie,home,0,89
28934,2,"{""total"":[""solutions/game_2/total/rest-111011/top"",""solutions/game_2/total/rest-111111/bot""],""single"":[""solutions/game_2/single/rest-111011/top"",""solutions/game_2/single/rest-111111/bot""]}","[1,1,1,0,1,1]","[1,1,1,1,1,1]",1,0,1,9,away_win,away,0,78
28934,3,"{""total"":[""solutions/game_3/total/rest-011000/top"",""solutions/game_3/total/rest-111011/bot""],""single"":[""solutions/game_3/single/rest-011000/top"",""solutions/game_3/single/rest-111011/bot""]}","[0,1,1,0,0,0]","[1,1,1,0,1,1]",1,1,3,4,away_win,away,0,82
28934,4,"{""total"":[""solutions/game_4/total/rest-110101/top"",""solutions/game_4/total/rest-000101/bot""],""single"":[""solutions/game_4/single/rest-110101/top"",""solutions/game_4/single/rest-000101/bot""]}","[1,1,0,1,0,1]","[0,0,0,1,0,1]",1,2,4,2,home_win,home,0,74
28934,5,"{""total"":[""solutions/game_5/single/rest-011001/top"",""solutions/game_5/single/rest-111010/bot""],""single"":[""solutions/game_5/single/rest-011001/top"",""solutions/game_5/single/rest-111010/bot""]}","[0,1,1,0,0,1]","[1,1,1,0,1,0]",2,2,5,5,tie,away,0,91
28935,1,"{""total"":[""solutions/game_1/total/rest-111111/top"",""solutions/game_1/total/rest-111111/bot""],""single"":[""solutions/game_1/single/rest-111111/top"",""solutions/game_1/single/rest-111111/bot""]}","[1,1,1,1,1,1]","[1,1,1,1,1,1]",0,0,1,6,away_win,away,0,79
28935,2,"{""total"":[""solutions/game_2/total/rest-011101/top"",""solutions/game_2/total/rest-101010/bot""],""single"":[""solutions/game_2/single/rest-011101/top"",""solutions/game_2/single/rest-101010/bot""]}","[0,1,1,1,0,1]","[1,0,1,0,1,0]",0,1,5,3,home_win,home,0,80
28935,3,"{""total"":[""solutions/game_3/total/rest-001010/top"",""solutions/game_3/total/rest-010111/bot""],""single"":[""solutions/game_3/single/rest-001010/top"",""solutions/game_3/single/rest-010111/bot""]}","[0,0,1,0,1,0]","[0,1,0,1,1,1]",1,1,5,4,home_win,home,0,78
28935,4,"{""total"":[""solutions/game_4/total/rest-110101/top"",""solutions/game_4/total/rest-101010/bot""],""single"":[""solutions/game_4/single/rest-110101/top"",""solutions/game_4/single/rest-101010/bot""]}","[1,1,0,1,0,1]","[1,0,1,0,1,0]",2,1,1,9,away_win,away,0,72
28935,5,"{""total"":[""solutions/game_5/single/rest-111110/top"",""solutions/game_5/single/rest-111111/bot""],""single"":[""solutions/game_5/single/rest-111110/top"",""solutions/game_5/single/rest-111111/bot""]}","[1,1,1,1,1,0]","[1,1,1,1,1,1]",2,2,8,5,home_win,home,0,84
28936,1,"{""total"":[""solutions/game_1/total/rest-111111/top"",""solutions/game_1/total/rest-111111/bot""],""single"":[""solutions/game_1/single/rest-111111/top"",""solutions/game_1/single/rest-111111/bot""]}","[1,1,1,1,1,1]","[1,1,1,1,1,1]",0,0,3,6,away_win,away,0,90
28936,2,"{""total"":[""solutions/game_2/total/rest-010011/top"",""solutions/game_2/total/rest-101011/bot""],""single"":[""solutions/game_2/single/rest-010011/top"",""solutions/game_2/single/rest-101011/bot""]}","[0,1,0,0,1,1]","[1,0,1,0,1,1]",0,1,9,1,home_win,home,0,57
28936,3,"{""total"":[""solutions/game_3/total/rest-011001/top"",""solutions/game_3/total/rest-111110/bot""],""single"":[""solutions/game_3/single/rest-011001/top"",""solutions/game_3/single/rest-111110/bot""]}","[0,1,1,0,0,1]","[1,1,1,1,1,0]",1,1,1,9,away_win,away,0,50
28936,4,"{""total"":[""solutions/game_4/total/rest-111111/top"",""solutions/game_4/total/rest-111111/bot""],""single"":[""solutions/game_4/single/rest-111111/top"",""solutions/game_4/single/rest-111111/bot""]}","[1,1,1,1,1,1]","[1,1,1,1,1,1]",1,2,6,3,home_win,home,0,79
28936,5,"{""total"":[""solutions/game_5/single/rest-011110/top"",""solutions/game_5/single/rest-101010/bot""],""single"":[""solutions/game_5/single/rest-011110/top"",""solutions/game_5/single/rest-101010/bot""]}","[0,1,1,1,1,0]","[1,0,1,0,1,0]",2,2,11,3,home_win,home,0,68
28937,1,"{""total"":[""solutions/game_1/total/rest-111111/top"",""solutions/game_1/total/rest-111111/bot""],""single"":[""solutions/game_1/single/rest-111111/top"",""solutions/game_1/single/rest-111111/bot""]}","[1,1,1,1,1,1]","[1,1,1,1,1,1]",0,0,2,3,away_win,away,0,83
28937,2,"{""total"":[""solutions/game_2/total/rest-010001/top"",""solutions/game_2/total/rest-010010/bot""],""single"":[""solutions/game_2/single/rest-010001/top"",""solutions/game_2/single/rest-010010/bot""]}","[0,1,0,0,0,1]","[0,1,0,0,1,0]",0,1,14,16,away_win,away,0,113
28937,3,"{""total"":[""solutions/game_3/total/rest-101111/top"",""solutions/game_3/total/rest-011101/bot""],""single"":[""solutions/game_3/single/rest-101111/top"",""solutions/game_3/single/rest-011101/bot""]}","[1,0,1,1,1,1]","[0,1,1,1,0,1]",0,2,0,10,away_win,away,0,37
28937,4,"{""total"":[""solutions/game_4/total/rest-111111/top"",""solutions/game_4/total/rest-111111/bot""],""single"":[""solutions/game_4/single/rest-111111/top"",""solutions/game_4/single/rest-111111/bot""]}","[1,1,1,1,1,1]","[1,1,1,1,1,1]",0,3,4,1,home_win,home,1,76
28937,5,"{""total"":[""solutions/game_5/single/rest-111001/top"",""solutions/game_5/single/rest-001111/bot""],""single"":[""solutions/game_5/single/rest-111001/top"",""solutions/game_5/single/rest-001111/bot""]}","[1,1,1,0,0,1]","[0,0,1,1,1,1]",1,3,4,7,away_win,away,1,79
28938,1,"{""total"":[""solutions/game_1/total/rest-111111/top"",""solutions/game_1/total/rest-111111/bot""],""single"":[""solutions/game_1/single/rest-111111/top"",""solutions/game_1/single/rest-111111/bot""]}","[1,1,1,1,1,1]","[1,1,1,1,1,1]",0,0,5,7,away_win,away,0,91
28938,2,"{""total"":[""solutions/game_2/total/rest-111001/top"",""solutions/game_2/total/rest-000010/bot""],""single"":[""solutions/game_2/single/rest-111001/top"",""solutions/game_2/single/rest-000010/bot""]}","[1,1,1,0,0,1]","[0,0,0,0,1,0]",0,1,3,5,away_win,away,0,82
28938,3,"{""total"":[""solutions/game_3/total/rest-101110/top"",""solutions/game_3/total/rest-101111/bot""],""single"":[""solutions/game_3/single/rest-101110/top"",""solutions/game_3/single/rest-101111/bot""]}","[1,0,1,1,1,0]","[1,0,1,1,1,1]",0,2,9,1,home_win,home,0,25
28938,4,"{""total"":[""solutions/game_4/total/rest-111111/top"",""solutions/game_4/total/rest-111111/bot""],""single"":[""solutions/game_4/single/rest-111111/top"",""solutions/game_4/single/rest-111111/bot""]}","[1,1,1,1,1,1]","[1,1,1,1,1,1]",1,2,3,6,away_win,away,0,91
28938,5,"{""total"":[""solutions/game_5/single/rest-111101/top"",""solutions/game_5/single/rest-001110/bot""],""single"":[""solutions/game_5/single/rest-111101/top"",""solutions/game_5/single/rest-001110/bot""]}","[1,1,1,1,0,1]","[0,0,1,1,1,0]",1,3,4,5,away_win,away,1,94
28939,1,"{""total"":[""solutions/game_1/total/rest-111111/top"",""solutions/game_1/total/rest-111111/bot""],""single"":[""solutions/game_1/single/rest-111111/top"",""solutions/game_1/single/rest-111111/bot""]}","[1,1,1,1,1,1]","[1,1,1,1,1,1]",0,0,4,3,home_win,home,0,86
28939,2,"{""total"":[""solutions/game_2/total/rest-011011/top"",""solutions/game_2/total/rest-011110/bot""],""single"":[""solutions/game_2/single/rest-011011/top"",""solutions/game_2/single/rest-011110/bot""]}","[0,1,1,0,1,1]","[0,1,1,1,1,0]",1,0,4,6,away_win,away,0,88
28939,3,"{""total"":[""solutions/game_3/total/rest-100111/top"",""solutions/game_3/total/rest-110011/bot""],""single"":[""solutions/game_3/single/rest-100111/top"",""solutions/game_3/single/rest-110011/bot""]}","[1,0,0,1,1,1]","[1,1,0,0,1,1]",1,1,2,5,away_win,away,0,77
28939,4,"{""total"":[""solutions/game_4/total/rest-011011/top"",""solutions/game_4/total/rest-101111/bot""],""single"":[""solutions/game_4/single/rest-011011/top"",""solutions/game_4/single/rest-101111/bot""]}","[0,1,1,0,1,1]","[1,0,1,1,1,1]",1,2,4,7,away_win,away,0,85
28939,5,"{""total"":[""solutions/game_5/single/rest-111110/top"",""solutions/game_5/single/rest-110011/bot""],""single"":[""solutions/game_5/single/rest-111110/top"",""solutions/game_5/single/rest-110011/bot""]}","[1,1,1,1,1,0]","[1,1,0,0,1,1]",1,3,6,8,away_win,away,1,98
28940,1,"{""total"":[""solutions/game_1/total/rest-111111/top"",""solutions/game_1/total/rest-111111/bot""],""single"":[""solutions/game_1/single/rest-111111/top"",""solutions/game_1/single/rest-111111/bot""]}","[1,1,1,1,1,1]","[1,1,1,1,1,1]",0,0,5,4,home_win,home,0,79
28940,2,"{""total"":[""solutions/game_2/total/rest-010111/top"",""solutions/game_2/total/rest-001011/bot""],""single"":[""solutions/game_2/single/rest-010111/top"",""solutions/game_2/single/rest-001011/bot""]}","[0,1,0,1,1,1]","[0,0,1,0,1,1]",1,0,4,3,home_win,home,0,80
28940,3,"{""total"":[""solutions/game_3/total/rest-110000/top"",""solutions/game_3/total/rest-110101/bot""],""single"":[""solutions/game_3/single/rest-110000/top"",""solutions/game_3/single/rest-110101/bot""]}","[1,1,0,0,0,0]","[1,1,0,1,0,1]",2,0,0,1,away_win,away,0,77
28940,4,"{""total"":[""solutions/game_4/total/rest-001011/top"",""solutions/game_4/total/rest-101110/bot""],""single"":[""solutions/game_4/single/rest-001011/top"",""solutions/game_4/single/rest-101110/bot""]}","[0,0,1,0,1,1]","[1,0,1,1,1,0]",2,1,0,8,away_win,away,0,66
28940,5,"{""total"":[""solutions/game_5/single/rest-111011/top"",""solutions/game_5/single/rest-011111/bot""],""single"":[""solutions/game_5/single/rest-111011/top"",""solutions/game_5/single/rest-011111/bot""]}","[1,1,1,0,1,1]","[0,1,1,1,1,1]",2,2,5,1,home_win,home,0,72
28941,1,"{""total"":[""solutions/game_1/total/rest-111111/top"",""solutions/game_1/total/rest-111111/bot""],""single"":[""solutions/game_1/single/rest-111111/top"",""solutions/game_1/single/rest-111111/bot""]}","[1,1,1,1,1,1]","[1,1,1,1,1,1]",0,0,5,8,away_win,away,0,93
28941,2,"{""total"":[""solutions/game_2/total/rest-011110/top"",""solutions/game_2/total/rest-001010/bot""],""single"":[""solutions/game_2/single/rest-011110/top"",""solutions/game_2/single/rest-001010/bot""]}","[0,1,1,1,1,0]","[0,0,1,0,1,0]",0,1,1,9,away_win,away,0,33
28941,3,"{""total"":[""solutions/game_3/total/rest-111111/top"",""solutions/game_3/total/rest-111111/bot""],""single"":[""solutions/game_3/single/rest-111111/top"",""solutions/game_3/single/rest-111111/bot""]}","[1,1,1,1,1,1]","[1,1,1,1,1,1]",0,2,6,4,home_win,home,0,81
28941,4,"{""total"":[""solutions/game_4/total/rest-110100/top"",""solutions/game_4/total/rest-000111/bot""],""single"":[""solutions/game_4/single/rest-110100/top"",""solutions/game_4/single/rest-000111/bot""]}","[1,1,0,1,0,0]","[0,0,0,1,1,1]",1,2,0,8,away_win,away,0,45
28941,5,"{""total"":[""solutions/game_5/single/rest-111111/top"",""solutions/game_5/single/rest-111111/bot""],""single"":[""solutions/game_5/single/rest-111111/top"",""solutions/game_5/single/rest-111111/bot""]}","[1,1,1,1,1,1]","[1,1,1,1,1,1]",1,3,7,8,away_win,away,1,93
28942,1,"{""total"":[""solutions/game_1/total/rest-111111/top"",""solutions/game_1/total/rest-111111/bot""],""single"":[""solutions/game_1/single/rest-111111/top"",""solutions/game_1/single/rest-111111/bot""]}","[1,1,1,1,1,1]","[1,1,1,1,1,1]",0,0,7,7,tie,away,0,94
28942,2,"{""total"":[""solutions/game_2/total/rest-110011/top"",""solutions/game_2/total/rest-001110/bot""],""single"":[""solutions/game_2/single/rest-110011/top"",""solutions/game_2/single/rest-001110/bot""]}","[1,1,0,0,1,1]","[0,0,1,1,1,0]",0,1,5,2,home_win,home,0,77
28942,3,"{""total"":[""solutions/game_3/total/rest-101100/top"",""solutions/game_3/total/rest-010011/bot""],""single"":[""solutions/game_3/single/rest-101100/top"",""solutions/game_3/single/rest-010011/bot""]}","[1,0,1,1,0,0]","[0,1,0,0,1,1]",1,1,4,11,away_win,away,0,95
28942,4,"{""total"":[""solutions/game_4/total/rest-110100/top"",""solutions/game_4/total/rest-101101/bot""],""single"":[""solutions/game_4/single/rest-110100/top"",""solutions/game_4/single/rest-101101/bot""]}","[1,1,0,1,0,0]","[1,0,1,1,0,1]",1,2,9,5,home_win,home,0,84
28942,5,"{""total"":[""solutions/game_5/single/rest-001011/top"",""solutions/game_5/single/rest-000110/bot""],""single"":[""solutions/game_5/single/rest-001011/top"",""solutions/game_5/single/rest-000110/bot""]}","[0,0,1,0,1,1]","[0,0,0,1,1,0]",2,2,10,2,home_win,home,0,67
28943,1,"{""total"":[""solutions/game_1/total/rest-111111/top"",""solutions/game_1/total/rest-111111/bot""],""single"":[""solutions/game_1/single/rest-111111/top"",""solutions/game_1/single/rest-111111/bot""]}","[1,1,1,1,1,1]","[1,1,1,1,1,1]",0,0,1,2,away_win,away,0,77
28943,2,"{""total"":[""solutions/game_2/total/rest-010101/top"",""solutions/game_2/total/rest-011010/bot""],""single"":[""solutions/game_2/single/rest-010101/top"",""solutions/game_2/single/rest-011010/bot""]}","[0,1,0,1,0,1]","[0,1,1,0,1,0]",0,1,8,2,home_win,home,0,78
28943,3,"{""total"":[""solutions/game_3/total/rest-111111/top"",""solutions/game_3/total/rest-100101/bot""],""single"":[""solutions/game_3/single/rest-111111/top"",""solutions/game_3/single/rest-100101/bot""]}","[1,1,1,1,1,1]","[1,0,0,1,0,1]",1,1,9,4,home_win,home,0,85
28943,4,"{""total"":[""solutions/game_4/total/rest-111110/top"",""solutions/game_4/total/rest-011111/bot""],""single"":[""solutions/game_4/single/rest-111110/top"",""solutions/game_4/single/rest-011111/bot""]}","[1,1,1,1,1,0]","[0,1,1,1,1,1]",2,1,1,4,away_win,away,0,75
28943,5,"{""total"":[""solutions/game_5/single/rest-111101/top"",""solutions/game_5/single/rest-101001/bot""],""single"":[""solutions/game_5/single/rest-111101/top"",""solutions/game_5/single/rest-101001/bot""]}","[1,1,1,1,0,1]","[1,0,1,0,0,1]",2,2,3,2,home_win,home,0,81
28944,1,"{""total"":[""solutions/game_1/total/rest-111111/top"",""solutions/game_1/total/rest-111111/bot""],""single"":[""solutions/game_1/single/rest-111111/top"",""solutions/game_1/single/rest-111111/bot""]}","[1,1,1,1,1,1]","[1,1,1,1,1,1]",0,0,3,9,away_win,away,0,85
28944,2,"{""total"":[""solutions/game_2/total/rest-111110/top"",""solutions/game_2/total/rest-011100/bot""],""single"":[""solutions/game_2/single/rest-111110/top"",""solutions/game_2/single/rest-011100/bot""]}","[1,1,1,1,1,0]","[0,1,1,1,0,0]",0,1,2,1,home_win,home,0,78
28944,3,"{""total"":[""solutions/game_3/total/rest-111011/top"",""solutions/game_3/total/rest-110011/bot""],""single"":[""solutions/game_3/single/rest-111011/top"",""solutions/game_3/single/rest-110011/bot""]}","[1,1,1,0,1,1]","[1,1,0,0,1,1]",1,1,11,4,home_win,home,0,89
28944,4,"{""total"":[""solutions/game_4/total/rest-101010/top"",""solutions/game_4/total/rest-011000/bot""],""single"":[""solutions/game_4/single/rest-101010/top"",""solutions/game_4/single/rest-011000/bot""]}","[1,0,1,0,1,0]","[0,1,1,0,0,0]",2,1,2,11,away_win,away,0,36
28944,5,"{""total"":[""solutions/game_5/single/rest-111111/top"",""solutions/game_5/single/rest-111111/bot""],""single"":[""solutions/game_5/single/rest-111111/top"",""solutions/game_5/single/rest-111111/bot""]}","[1,1,1,1,1,1]","[1,1,1,1,1,1]",2,2,1,3,away_win,away,0,81
28945,1,"{""total"":[""solutions/game_1/total/rest-111111/top"",""solutions/game_1/total/rest-111111/bot""],""single"":[""solutions/game_1/single/rest-111111/top"",""solutions/game_1/single/rest-111111/bot""]}","[1,1,1,1,1,1]","[1,1,1,1,1,1]",0,0,0,2,away_win,away,0,69
28945,2,"{""total"":[""solutions/game_2/total/rest-111101/top"",""solutions/game_2/total/rest-001111/bot""],""single"":[""solutions/game_2/single/rest-111101/top"",""solutions/game_2/single/rest-001111/bot""]}","[1,1,1,1,0,1]","[0,0,1,1,1,1]",0,1,4,3,home_win,home,0,86
28945,3,"{""total"":[""solutions/game_3/total/rest-011111/top"",""solutions/game_3/total/rest-111010/bot""],""single"":[""solutions/game_3/single/rest-011111/top"",""solutions/game_3/single/rest-111010/bot""]}","[0,1,1,1,1,1]","[1,1,1,0,1,0]",1,1,1,0,home_win,home,0,63
28945,4,"{""total"":[""solutions/game_4/total/rest-110011/top"",""solutions/game_4/total/rest-101111/bot""],""single"":[""solutions/game_4/single/rest-110011/top"",""solutions/game_4/single/rest-101111/bot""]}","[1,1,0,0,1,1]","[1,0,1,1,1,1]",2,1,1,7,away_win,away,0,89
28945,5,"{""total"":[""solutions/game_5/single/rest-111111/top"",""solutions/game_5/single/rest-101000/bot""],""single"":[""solutions/game_5/single/rest-111111/top"",""solutions/game_5/single/rest-101000/bot""]}","[1,1,1,1,1,1]","[1,0,1,0,0,0]",2,2,12,17,away_win,away,0,110
28946,1,"{""total"":[""solutions/game_1/total/rest-111111/top"",""solutions/game_1/total/rest-111111/bot""],""single"":[""solutions/game_1/single/rest-111111/top"",""solutions/game_1/single/rest-111111/bot""]}","[1,1,1,1,1,1]","[1,1,1,1,1,1]",0,0,1,2,away_win,away,0,77
28946,2,"{""total"":[""solutions/game_2/total/rest-111001/top"",""solutions/game_2/total/rest-101010/bot""],""single"":[""solutions/game_2/single/rest-111001/top"",""solutions/game_2/single/rest-101010/bot""]}","[1,1,1,0,0,1]","[1,0,1,0,1,0]",0,1,8,3,home_win,home,0,86
28946,3,"{""total"":[""solutions/game_3/total/rest-001110/top"",""solutions/game_3/total/rest-110101/bot""],""single"":[""solutions/game_3/single/rest-001110/top"",""solutions/game_3/single/rest-110101/bot""]}","[0,0,1,1,1,0]","[1,1,0,1,0,1]",1,1,3,1,home_win,home,0,73
28946,4,"{""total"":[""solutions/game_4/total/rest-110111/top"",""solutions/game_4/total/rest-001011/bot""],""single"":[""solutions/game_4/single/rest-110111/top"",""solutions/game_4/single/rest-001011/bot""]}","[1,1,0,1,1,1]","[0,0,1,0,1,1]",2,1,3,7,away_win,away,0,78
28946,5,"{""total"":[""solutions/game_5/single/rest-001110/top"",""solutions/game_5/single/rest-010111/bot""],""single"":[""solutions/game_5/single/rest-001110/top"",""solutions/game_5/single/rest-010111/bot""]}","[0,0,1,1,1,0]","[0,1,0,1,1,1]",2,2,1,5,away_win,away,0,80
28947,1,"{""total"":[""solutions/game_1/total/rest-111111/top"",""solutions/game_1/total/rest-111111/bot""],""single"":[""solutions/game_1/single/rest-111111/top"",""solutions/game_1/single/rest-111111/bot""]}","[1,1,1,1,1,1]","[1,1,1,1,1,1]",0,0,10,2,home_win,home,0,74
28947,2,"{""total"":[""solutions/game_2/total/rest-110101/top"",""solutions/game_2/total/rest-001010/bot""],""single"":[""solutions/game_2/single/rest-110101/top"",""solutions/game_2/single/rest-001010/bot""]}","[1,1,0,1,0,1]","[0,0,1,0,1,0]",1,0,5,8,away_win,away,0,88
28947,3,"{""total"":[""solutions/game_3/total/rest-111110/top"",""solutions/game_3/total/rest-110101/bot""],""single"":[""solutions/game_3/single/rest-111110/top"",""solutions/game_3/single/rest-110101/bot""]}","[1,1,1,1,1,0]","[1,1,0,1,0,1]",1,1,3,8,away_win,away,0,82
28947,4,"{""total"":[""solutions/game_4/total/rest-001111/top"",""solutions/game_4/total/rest-111010/bot""],""single"":[""solutions/game_4/single/rest-001111/top"",""solutions/game_4/single/rest-111010/bot""]}","[0,0,1,1,1,1]","[1,1,1,0,1,0]",1,2,4,2,home_win,home,0,76
28947,5,"{""total"":[""solutions/game_5/single/rest-111001/top"",""solutions/game_5/single/rest-010111/bot""],""single"":[""solutions/game_5/single/rest-111001/top"",""solutions/game_5/single/rest-010111/bot""]}","[1,1,1,0,0,1]","[0,1,0,1,1,1]",2,2,4,4,tie,home,0,97
28948,1,"{""total"":[""solutions/game_1/total/rest-111111/top"",""solutions/game_1/total/rest-111111/bot""],""single"":[""solutions/game_1/single/rest-111111/top"",""solutions/game_1/single/rest-111111/bot""]}","[1,1,1,1,1,1]","[1,1,1,1,1,1]",0,0,5,2,home_win,home,0,76
28948,2,"{""total"":[""solutions/game_2/total/rest-111111/top"",""solutions/game_2/total/rest-000010/bot""],""single"":[""solutions/game_2/single/rest-111111/top"",""solutions/game_2/single/rest-000010/bot""]}","[1,1,1,1,1,1]","[0,0,0,0,1,0]",1,0,0,8,away_win,away,0,38
28948,3,"{""total"":[""solutions/game_3/total/rest-111111/top"",""solutions/game_3/total/rest-111011/bot""],""single"":[""solutions/game_3/single/rest-111111/top"",""solutions/game_3/single/rest-111011/bot""]}","[1,1,1,1,1,1]","[1,1,1,0,1,1]",1,1,1,10,away_win,away,0,56
28948,4,"{""total"":[""solutions/game_4/total/rest-011111/top"",""solutions/game_4/total/rest-111011/bot""],""single"":[""solutions/game_4/single/rest-011111/top"",""solutions/game_4/single/rest-111011/bot""]}","[0,1,1,1,1,1]","[1,1,1,0,1,1]",1,2,13,6,home_win,home,0,87
28948,5,"{""total"":[""solutions/game_5/single/rest-011011/top"",""solutions/game_5/single/rest-001110/bot""],""single"":[""solutions/game_5/single/rest-011011/top"",""solutions/game_5/single/rest-001110/bot""]}","[0,1,1,0,1,1]","[0,0,1,1,1,0]",2,2,7,3,home_win,home,0,76
28949,1,"{""total"":[""solutions/game_1/total/rest-111111/top"",""solutions/game_1/total/rest-111111/bot""],""single"":[""solutions/game_1/single/rest-111111/top"",""solutions/game_1/single/rest-111111/bot""]}","[1,1,1,1,1,1]","[1,1,1,1,1,1]",0,0,4,9,away_win,away,0,93
28949,2,"{""total"":[""solutions/game_2/total/rest-111011/top"",""solutions/game_2/total/rest-101110/bot""],""single"":[""solutions/game_2/single/rest-111011/top"",""solutions/game_2/single/rest-101110/bot""]}","[1,1,1,0,1,1]","[1,0,1,1,1,0]",0,1,7,1,home_win,home,0,74
28949,3,"{""total"":[""solutions/game_3/total/rest-111001/top"",""solutions/game_3/total/rest-010111/bot""],""single"":[""solutions/game_3/single/rest-111001/top"",""solutions/game_3/single/rest-010111/bot""]}","[1,1,1,0,0,1]","[0,1,0,1,1,1]",1,1,6,3,home_win,home,0,78
28949,4,"{""total"":[""solutions/game_4/total/rest-010011/top"",""solutions/game_4/total/rest-111010/bot""],""single"":[""solutions/game_4/single/rest-010011/top"",""solutions/game_4/single/rest-111010/bot""]}","[0,1,0,0,1,1]","[1,1,1,0,1,0]",2,1,2,4,away_win,away,0,78
28949,5,"{""total"":[""solutions/game_5/single/rest-101101/top"",""solutions/game_5/single/rest-101011/bot""],""single"":[""solutions/game_5/single/rest-101101/top"",""solutions/game_5/single/rest-101011/bot""]}","[1,0,1,1,0,1]","[1,0,1,0,1,1]",2,2,4,5,away_win,away,0,76
28950,1,"{""total"":[""solutions/game_1/total/rest-111111/top"",""solutions/game_1/total/rest-111111/bot""],""single"":[""solutions/game_1/single/rest-111111/top"",""solutions/game_1/single/rest-111111/bot""]}","[1,1,1,1,1,1]","[1,1,1,1,1,1]",0,0,0,9,away_win,away,0,77
28950,2,"{""total"":[""solutions/game_2/total/rest-101110/top"",""solutions/game_2/total/rest-001011/bot""],""single"":[""solutions/game_2/single/rest-101110/top"",""solutions/game_2/single/rest-001011/bot""]}","[1,0,1,1,1,0]","[0,0,1,0,1,1]",0,1,3,3,tie,away,0,84
28950,3,"{""total"":[""solutions/game_3/total/rest-110111/top"",""solutions/game_3/total/rest-110100/bot""],""single"":[""solutions/game_3/single/rest-110111/top"",""solutions/game_3/single/rest-110100/bot""]}","[1,1,0,1,1,1]","[1,1,0,1,0,0]",0,2,11,4,home_win,home,0,96
28950,4,"{""total"":[""solutions/game_4/total/rest-111111/top"",""solutions/game_4/total/rest-001011/bot""],""single"":[""solutions/game_4/single/rest-111111/top"",""solutions/game_4/single/rest-001011/bot""]}","[1,1,1,1,1,1]","[0,0,1,0,1,1]",1,2,6,5,home_win,home,0,84
28950,5,"{""total"":[""solutions/game_5/single/rest-100001/top"",""solutions/game_5/single/rest-111110/bot""],""single"":[""solutions/game_5/single/rest-100001/top"",""solutions/game_5/single/rest-111110/bot""]}","[1,0,0,0,0,1]","[1,1,1,1,1,0]",2,2,1,5,away_win,away,0,81
28951,1,"{""total"":[""solutions/game_1/total/rest-111111/top"",""solutions/game_1/total/rest-111111/bot""],""single"":[""solutions/game_1/single/rest-111111/top"",""solutions/game_1/single/rest-111111/bot""]}","[1,1,1,1,1,1]","[1,1,1,1,1,1]",0,0,4,3,home_win,home,0,75
28951,2,"{""total"":[""solutions/game_2/total/rest-110001/top"",""solutions/game_2/total/rest-011011/bot""],""single"":[""solutions/game_2/single/rest-110001/top"",""solutions/game_2/single/rest-011011/bot""]}","[1,1,0,0,0,1]","[0,1,1,0,1,1]",1,0,8,6,home_win,home,0,84
28951,3,"{""total"":[""solutions/game_3/total/rest-011110/top"",""solutions/game_3/total/rest-111110/bot""],""single"":[""solutions/game_3/single/rest-011110/top"",""solutions/game_3/single/rest-111110/bot""]}","[0,1,1,1,1,0]","[1,1,1,1,1,0]",2,0,8,2,home_win,home,0,76
28951,4,"{""total"":[""solutions/game_4/total/rest-111111/top"",""solutions/game_4/total/rest-100111/bot""],""single"":[""solutions/game_4/single/rest-111111/top"",""solutions/game_4/single/rest-100111/bot""]}","[1,1,1,1,1,1]","[1,0,0,1,1,1]",3,0,9,6,home_win,home,1,88
28951,5,"{""total"":[""solutions/game_5/single/rest-111100/top"",""solutions/game_5/single/rest-111010/bot""],""single"":[""solutions/game_5/single/rest-111100/top"",""solutions/game_5/single/rest-111010/bot""]}","[1,1,1,1,0,0]","[1,1,1,0,1,0]",4,0,3,5,away_win,away,1,84
28952,1,"{""total"":[""solutions/game_1/total/rest-111111/top"",""solutions/game_1/total/rest-111111/bot""],""single"":[""solutions/game_1/single/rest-111111/top"",""solutions/game_1/single/rest-111111/bot""]}","[1,1,1,1,1,1]","[1,1,1,1,1,1]",0,0,6,3,home_win,home,0,83
28952,2,"{""total"":[""solutions/game_2/total/rest-111010/top"",""solutions/game_2/total/rest-001011/bot""],""single"":[""solutions/game_2/single/rest-111010/top"",""solutions/game_2/single/rest-001011/bot""]}","[1,1,1,0,1,0]","[0,0,1,0,1,1]",1,0,3,4,away_win,away,0,89
28952,3,"{""total"":[""solutions/game_3/total/rest-010101/top"",""solutions/game_3/total/rest-110100/bot""],""single"":[""solutions/game_3/single/rest-010101/top"",""solutions/game_3/single/rest-110100/bot""]}","[0,1,0,1,0,1]","[1,1,0,1,0,0]",1,1,0,3,away_win,away,0,70
28952,4,"{""total"":[""solutions/game_4/total/rest-111110/top"",""solutions/game_4/total/rest-111111/bot""],""single"":[""solutions/game_4/single/rest-111110/top"",""solutions/game_4/single/rest-111111/bot""]}","[1,1,1,1,1,0]","[1,1,1,1,1,1]",1,2,4,2,home_win,home,0,69
28952,5,"{""total"":[""solutions/game_5/single/rest-110111/top"",""solutions/game_5/single/rest-001111/bot""],""single"":[""solutions/game_5/single/rest-110111/top"",""solutions/game_5/single/rest-001111/bot""]}","[1,1,0,1,1,1]","[0,0,1,1,1,1]",2,2,15,15,tie,home,0,121
28953,1,"{""total"":[""solutions/game_1/total/rest-111111/top"",""solutions/game_1/total/rest-111111/bot""],""single"":[""solutions/game_1/single/rest-111111/top"",""solutions/game_1/single/rest-111111/bot""]}","[1,1,1,1,1,1]","[1,1,1,1,1,1]",0,0,5,3,home_win,home,0,89
28953,2,"{""total"":[""solutions/game_2/total/rest-010011/top"",""solutions/game_2/total/rest-111000/bot""],""single"":[""solutions/game_2/single/rest-010011/top"",""solutions/game_2/single/rest-111000/bot""]}","[0,1,0,0,1,1]","[1,1,1,0,0,0]",1,0,10,5,home_win,home,0,81
28953,3,"{""total"":[""solutions/game_3/total/rest-001001/top"",""solutions/game_3/total/rest-011111/bot""],""single"":[""solutions/game_3/single/rest-001001/top"",""solutions/game_3/single/rest-011111/bot""]}","[0,0,1,0,0,1]","[0,1,1,1,1,1]",2,0,0,9,away_win,away,0,60
28953,4,"{""total"":[""solutions/game_4/total/rest-111110/top"",""solutions/game_4/total/rest-111111/bot""],""single"":[""solutions/game_4/single/rest-111110/top"",""solutions/game_4/single/rest-111111/bot""]}","[1,1,1,1,1,0]","[1,1,1,1,1,1]",2,1,9,1,home_win,home,0,46
28953,5,"{""total"":[""solutions/game_5/single/rest-111111/top"",""solutions/game_5/single/rest-101011/bot""],""single"":[""solutions/game_5/single/rest-111111/top"",""solutions/game_5/single/rest-101011/bot""]}","[1,1,1,1,1,1]","[1,0,1,0,1,1]",3,1,7,15,away_win,away,1,96
28954,1,"{""total"":[""solutions/game_1/total/rest-111111/top"",""solutions/game_1/total/rest-111111/bot""],""single"":[""solutions/game_1/single/rest-111111/top"",""solutions/game_1/single/rest-111111/bot""]}","[1,1,1,1,1,1]","[1,1,1,1,1,1]",0,0,6,1,home_win,home,0,74
28954,2,"{""total"":[""solutions/game_2/total/rest-111110/top"",""solutions/game_2/total/rest-101011/bot""],""single"":[""solutions/game_2/single/rest-111110/top"",""solutions/game_2/single/rest-101011/bot""]}","[1,1,1,1,1,0]","[1,0,1,0,1,1]",1,0,9,11,away_win,away,0,99
28954,3,"{""total"":[""solutions/game_3/total/rest-110001/top"",""solutions/game_3/total/rest-110100/bot""],""single"":[""solutions/game_3/single/rest-110001/top"",""solutions/game_3/single/rest-110100/bot""]}","[1,1,0,0,0,1]","[1,1,0,1,0,0]",1,1,0,3,away_win,away,0,80
28954,4,"{""total"":[""solutions/game_4/total/rest-101111/top"",""solutions/game_4/total/rest-101011/bot""],""single"":[""solutions/game_4/single/rest-101111/top"",""solutions/game_4/single/rest-101011/bot""]}","[1,0,1,1,1,1]","[1,0,1,0,1,1]",1,2,0,8,away_win,away,0,25
28954,5,"{""total"":[""solutions/game_5/single/rest-111111/top"",""solutions/game_5/single/rest-111011/bot""],""single"":[""solutions/game_5/single/rest-111111/top"",""solutions/game_5/single/rest-111011/bot""]}","[1,1,1,1,1,1]","[1,1,1,0,1,1]",1,3,7,5,home_win,home,1,99
28955,1,"{""total"":[""solutions/game_1/total/rest-111111/top"",""solutions/game_1/total/rest-111111/bot""],""single"":[""solutions/game_1/single/rest-111111/top"",""solutions/game_1/single/rest-111111/bot""]}","[1,1,1,1,1,1]","[1,1,1,1,1,1]",0,0,3,5,away_win,away,0,82
28955,2,"{""total"":[""solutions/game_2/total/rest-111010/top"",""solutions/game_2/total/rest-001110/bot""],""single"":[""solutions/game_2/single/rest-111010/top"",""solutions/game_2/single/rest-001110/bot""]}","[1,1,1,0,1,0]","[0,0,1,1,1,0]",0,1,2,5,away_win,away,0,77
28955,3,"{""total"":[""solutions/game_3/total/rest-110101/top"",""solutions/game_3/total/rest-010001/bot""],""single"":[""solutions/game_3/single/rest-110101/top"",""solutions/game_3/single/rest-010001/bot""]}","[1,1,0,1,0,1]","[0,1,0,0,0,1]",0,2,5,4,home_win,home,0,89
28955,4,"{""total"":[""solutions/game_4/total/rest-111110/top"",""solutions/game_4/total/rest-101101/bot""],""single"":[""solutions/game_4/single/rest-111110/top"",""solutions/game_4/single/rest-101101/bot""]}","[1,1,1,1,1,0]","[1,0,1,1,0,1]",1,2,2,8,away_win,away,0,85
28955,5,"{""total"":[""solutions/game_5/single/rest-111111/top"",""solutions/game_5/single/rest-011010/bot""],""single"":[""solutions/game_5/single/rest-111111/top"",""solutions/game_5/single/rest-011010/bot""]}","[1,1,1,1,1,1]","[0,1,1,0,1,0]",1,3,5,7,away_win,away,1,91
28956,1,"{""total"":[""solutions/game_1/total/rest-111111/top"",""solutions/game_1/total/rest-111111/bot""],""single"":[""solutions/game_1/single/rest-111111/top"",""solutions/game_1/single/rest-111111/bot""]}","[1,1,1,1,1,1]","[1,1,1,1,1,1]",0,0,1,6,away_win,away,0,81
28956,2,"{""total"":[""solutions/game_2/total/rest-011111/top"",""solutions/game_2/total/rest-011011/bot""],""single"":[""solutions/game_2/single/rest-011111/top"",""solutions/game_2/single/rest-011011/bot""]}","[0,1,1,1,1,1]","[0,1,1,0,1,1]",0,1,7,1,home_win,home,0,73
28956,3,"{""total"":[""solutions/game_3/total/rest-111100/top"",""solutions/game_3/total/rest-001010/bot""],""single"":[""solutions/game_3/single/rest-111100/top"",""solutions/game_3/single/rest-001010/bot""]}","[1,1,1,1,0,0]","[0,0,1,0,1,0]",1,1,16,13,home_win,home,0,105
28956,4,"{""total"":[""solutions/game_4/total/rest-001011/top"",""solutions/game_4/total/rest-110111/bot""],""single"":[""solutions/game_4/single/rest-001011/top"",""solutions/game_4/single/rest-110111/bot""]}","[0,0,1,0,1,1]","[1,1,0,1,1,1]",2,1,3,6,away_win,away,0,85
28956,5,"{""total"":[""solutions/game_5/single/rest-110110/top"",""solutions/game_5/single/rest-001010/bot""],""single"":[""solutions/game_5/single/rest-110110/top"",""solutions/game_5/single/rest-001010/bot""]}","[1,1,0,1,1,0]","[0,0,1,0,1,0]",2,2,3,6,away_win,away,0,82
28957,1,"{""total"":[""solutions/game_1/total/rest-111111/top"",""solutions/game_1/total/rest-111111/bot""],""single"":[""solutions/game_1/single/rest-111111/top"",""solutions/game_1/single/rest-111111/bot""]}","[1,1,1,1,1,1]","[1,1,1,1,1,1]",0,0,3,4,away_win,away,0,81
28957,2,"{""total"":[""solutions/game_2/total/rest-111011/top"",""solutions/game_2/total/rest-011011/bot""],""single"":[""solutions/game_2/single/rest-111011/top"",""solutions/game_2/single/rest-011011/bot""]}","[1,1,1,0,1,1]","[0,1,1,0,1,1]",0,1,0,9,away_win,away,0,65
28957,3,"{""total"":[""solutions/game_3/total/rest-111111/top"",""solutions/game_3/total/rest-111111/bot""],""single"":[""solutions/game_3/single/rest-111111/top"",""solutions/game_3/single/rest-111111/bot""]}","[1,1,1,1,1,1]","[1,1,1,1,1,1]",0,2,6,2,home_win,home,0,72
28957,4,"{""total"":[""solutions/game_4/total/rest-111111/top"",""solutions/game_4/total/rest-011011/bot""],""single"":[""solutions/game_4/single/rest-111111/top"",""solutions/game_4/single/rest-011011/bot""]}","[1,1,1,1,1,1]","[0,1,1,0,1,1]",1,2,8,6,home_win,home,0,90
28957,5,"{""total"":[""solutions/game_5/single/rest-111000/top"",""solutions/game_5/single/rest-101111/bot""],""single"":[""solutions/game_5/single/rest-111000/top"",""solutions/game_5/single/rest-101111/bot""]}","[1,1,1,0,0,0]","[1,0,1,1,1,1]",2,2,5,6,away_win,away,0,90
28958,1,"{""total"":[""solutions/game_1/total/rest-111111/top"",""solutions/game_1/total/rest-111111/bot""],""single"":[""solutions/game_1/single/rest-111111/top"",""solutions/game_1/single/rest-111111/bot""]}","[1,1,1,1,1,1]","[1,1,1,1,1,1]",0,0,1,2,away_win,away,0,81
28958,2,"{""total"":[""solutions/game_2/total/rest-010011/top"",""solutions/game_2/total/rest-001110/bot""],""single"":[""solutions/game_2/single/rest-010011/top"",""solutions/game_2/single/rest-001110/bot""]}","[0,1,0,0,1,1]","[0,0,1,1,1,0]",0,1,5,10,away_win,away,0,92
28958,3,"{""total"":[""solutions/game_3/total/rest-101111/top"",""solutions/game_3/total/rest-110001/bot""],""single"":[""solutions/game_3/single/rest-101111/top"",""solutions/game_3/single/rest-110001/bot""]}","[1,0,1,1,1,1]","[1,1,0,0,0,1]",0,2,2,11,away_win,away,0,73
28958,4,"{""total"":[""solutions/game_4/total/rest-111100/top"",""solutions/game_4/total/rest-011111/bot""],""single"":[""solutions/game_4/single/rest-111100/top"",""solutions/game_4/single/rest-011111/bot""]}","[1,1,1,1,0,0]","[0,1,1,1,1,1]",0,3,7,5,home_win,home,1,87
28958,5,"{""total"":[""solutions/game_5/single/rest-010111/top"",""solutions/game_5/single/rest-011110/bot""],""single"":[""solutions/game_5/single/rest-010111/top"",""solutions/game_5/single/rest-011110/bot""]}","[0,1,0,1,1,1]","[0,1,1,1,1,0]",1,3,3,4,away_win,away,1,84
28959,1,"{""total"":[""solutions/game_1/total/rest-111111/top"",""solutions/game_1/total/rest-111111/bot""],""single"":[""solutions/game_1/single/rest-111111/top"",""solutions/game_1/single/rest-111111/bot""]}","[1,1,1,1,1,1]","[1,1,1,1,1,1]",0,0,5,4,home_win,home,0,82
28959,2,"{""total"":[""solutions/game_2/total/rest-111001/top"",""solutions/game_2/total/rest-001110/bot""],""single"":[""solutions/game_2/single/rest-111001/top"",""solutions/game_2/single/rest-001110/bot""]}","[1,1,1,0,0,1]","[0,0,1,1,1,0]",1,0,3,4,away_win,away,0,82
28959,3,"{""total"":[""solutions/game_3/total/rest-001011/top"",""solutions/game_3/total/rest-111001/bot""],""single"":[""solutions/game_3/single/rest-001011/top"",""solutions/game_3/single/rest-111001/bot""]}","[0,0,1,0,1,1]","[1,1,1,0,0,1]",1,1,1,9,away_win,away,0,37
28959,4,"{""total"":[""solutions/game_4/total/rest-001111/top"",""solutions/game_4/total/rest-111011/bot""],""single"":[""solutions/game_4/single/rest-001111/top"",""solutions/game_4/single/rest-111011/bot""]}","[0,0,1,1,1,1]","[1,1,1,0,1,1]",1,2,5,5,tie,home,0,95
28959,5,"{""total"":[""solutions/game_5/single/rest-010010/top"",""solutions/game_5/single/rest-101110/bot""],""single"":[""solutions/game_5/single/rest-010010/top"",""solutions/game_5/single/rest-101110/bot""]}","[0,1,0,0,1,0]","[1,0,1,1,1,0]",2,2,3,5,away_win,away,0,87
28960,1,"{""total"":[""solutions/game_1/total/rest-111111/top"",""solutions/game_1/total/rest-111111/bot""],""single"":[""solutions/game_1/single/rest-111111/top"",""solutions/game_1/single/rest-111111/bot""]}","[1,1,1,1,1,1]","[1,1,1,1,1,1]",0,0,2,5,away_win,away,0,83
28960,2,"{""total"":[""solutions/game_2/total/rest-011001/top"",""solutions/game_2/total/rest-111011/bot""],""single"":[""solutions/game_2/single/rest-011001/top"",""solutions/game_2/single/rest-111011/bot""]}","[0,1,1,0,0,1]","[1,1,1,0,1,1]",0,1,3,2,home_win,home,0,75
28960,3,"{""total"":[""solutions/game_3/total/rest-110111/top"",""solutions/game_3/total/rest-001011/bot""],""single"":[""solutions/game_3/single/rest-110111/top"",""solutions/game_3/single/rest-001011/bot""]}","[1,1,0,1,1,1]","[0,0,1,0,1,1]",1,1,0,8,away_win,away,0,39
28960,4,"{""total"":[""solutions/game_4/total/rest-111111/top"",""solutions/game_4/total/rest-101111/bot""],""single"":[""solutions/game_4/single/rest-111111/top"",""solutions/game_4/single/rest-101111/bot""]}","[1,1,1,1,1,1]","[1,0,1,1,1,1]",1,2,4,7,away_win,away,0,76
28960,5,"{""total"":[""solutions/game_5/single/rest-111110/top"",""solutions/game_5/single/rest-011010/bot""],""single"":[""solutions/game_5/single/rest-111110/top"",""solutions/game_5/single/rest-011010/bot""]}","[1,1,1,1,1,0]","[0,1,1,0,1,0]",1,3,7,4,home_win,home,1,75
28961,1,"{""total"":[""solutions/game_1/total/rest-111111/top"",""solutions/game_1/total/rest-111111/bot""],""single"":[""solutions/game_1/single/rest-111111/top"",""solutions/game_1/single/rest-111111/bot""]}","[1,1,1,1,1,1]","[1,1,1,1,1,1]",0,0,6,3,home_win,home,0,79
28961,2,"{""total"":[""solutions/game_2/total/rest-111100/top"",""solutions/game_2/total/rest-011011/bot""],""single"":[""solutions/game_2/single/rest-111100/top"",""solutions/game_2/single/rest-011011/bot""]}","[1,1,1,1,0,0]","[0,1,1,0,1,1]",1,0,3,4,away_win,away,0,76
28961,3,"{""total"":[""solutions/game_3/total/rest-010110/top"",""solutions/game_3/total/rest-101111/bot""],""single"":[""solutions/game_3/single/rest-010110/top"",""solutions/game_3/single/rest-101111/bot""]}","[0,1,0,1,1,0]","[1,0,1,1,1,1]",1,1,7,4,home_win,home,0,77
28961,4,"{""total"":[""solutions/game_4/total/rest-111001/top"",""solutions/game_4/total/rest-010011/bot""],""single"":[""solutions/game_4/single/rest-111001/top"",""solutions/game_4/single/rest-010011/bot""]}","[1,1,1,0,0,1]","[0,1,0,0,1,1]",2,1,2,10,away_win,away,0,77
28961,5,"{""total"":[""solutions/game_5/single/rest-101100/top"",""solutions/game_5/single/rest-101111/bot""],""single"":[""solutions/game_5/single/rest-101100/top"",""solutions/game_5/single/rest-101111/bot""]}","[1,0,1,1,0,0]","[1,0,1,1,1,1]",2,2,4,5,away_win,away,0,86
28962,1,"{""total"":[""solutions/game_1/total/rest-111111/top"",""solutions/game_1/total/rest-111111/bot""],""single"":[""solutions/game_1/single/rest-111111/top"",""solutions/game_1/single/rest-111111/bot""]}","[1,1,1,1,1,1]","[1,1,1,1,1,1]",0,0,0,6,away_win,away,0,80
28962,2,"{""total"":[""solutions/game_2/total/rest-110101/top"",""solutions/game_2/total/rest-101111/bot""],""single"":[""solutions/game_2/single/rest-110101/top"",""solutions/game_2/single/rest-101111/bot""]}","[1,1,0,1,0,1]","[1,0,1,1,1,1]",0,1,0,8,away_win,away,0,69
28962,3,"{""total"":[""solutions/game_3/total/rest-111111/top"",""solutions/game_3/total/rest-011110/bot""],""single"":[""solutions/game_3/single/rest-111111/top"",""solutions/game_3/single/rest-011110/bot""]}","[1,1,1,1,1,1]","[0,1,1,1,1,0]",0,2,5,6,away_win,away,0,84
28962,4,"{""total"":[""solutions/game_4/total/rest-111001/top"",""solutions/game_4/total/rest-100111/bot""],""single"":[""solutions/game_4/single/rest-111001/top"",""solutions/game_4/single/rest-100111/bot""]}","[1,1,1,0,0,1]","[1,0,0,1,1,1]",0,3,1,9,away_win,away,1,77
28962,5,"{""total"":[""solutions/game_5/single/rest-101110/top"",""solutions/game_5/single/rest-011111/bot""],""single"":[""solutions/game_5/single/rest-101110/top"",""solutions/game_5/single/rest-011111/bot""]}","[1,0,1,1,1,0]","[0,1,1,1,1,1]",0,4,2,8,away_win,away,1,82
28963,1,"{""total"":[""solutions/game_1/total/rest-111111/top"",""solutions/game_1/total/rest-111111/bot""],""single"":[""solutions/game_1/single/rest-111111/top"",""solutions/game_1/single/rest-111111/bot""]}","[1,1,1,1,1,1]","[1,1,1,1,1,1]",0,0,5,2,home_win,home,0,75
28963,2,"{""total"":[""solutions/game_2/total/rest-111001/top"",""solutions/game_2/total/rest-011111/bot""],""single"":[""solutions/game_2/single/rest-111001/top"",""solutions/game_2/single/rest-011111/bot""]}","[1,1,1,0,0,1]","[0,1,1,1,1,1]",1,0,3,7,away_win,away,0,84
28963,3,"{""total"":[""solutions/game_3/total/rest-110111/top"",""solutions/game_3/total/rest-100110/bot""],""single"":[""solutions/game_3/single/rest-110111/top"",""solutions/game_3/single/rest-100110/bot""]}","[1,1,0,1,1,1]","[1,0,0,1,1,0]",1,1,3,2,home_win,home,0,67
28963,4,"{""total"":[""solutions/game_4/total/rest-111001/top"",""solutions/game_4/total/rest-111011/bot""],""single"":[""solutions/game_4/single/rest-111001/top"",""solutions/game_4/single/rest-111011/bot""]}","[1,1,1,0,0,1]","[1,1,1,0,1,1]",2,1,5,4,home_win,home,0,93
28963,5,"{""total"":[""solutions/game_5/single/rest-101110/top"",""solutions/game_5/single/rest-100110/bot""],""single"":[""solutions/game_5/single/rest-101110/top"",""solutions/game_5/single/rest-100110/bot""]}","[1,0,1,1,1,0]","[1,0,0,1,1,0]",3,1,3,2,home_win,home,1,74
28964,1,"{""total"":[""solutions/game_1/total/rest-111111/top"",""solutions/game_1/total/rest-111111/bot""],""single"":[""solutions/game_1/single/rest-111111/top"",""solutions/game_1/single/rest-111111/bot""]}","[1,1,1,1,1,1]","[1,1,1,1,1,1]",0,0,7,3,home_win,home,0,77
28964,2,"{""total"":[""solutions/game_2/total/rest-101011/top"",""solutions/game_2/total/rest-111010/bot""],""single"":[""solutions/game_2/single/rest-101011/top"",""solutions/game_2/single/rest-111010/bot""]}","[1,0,1,0,1,1]","[1,1,1,0,1,0]",1,0,3,7,away_win,away,0,87
28964,3,"{""total"":[""solutions/game_3/total/rest-111110/top"",""solutions/game_3/total/rest-100111/bot""],""single"":[""solutions/game_3/single/rest-111110/top"",""solutions/game_3/single/rest-100111/bot""]}","[1,1,1,1,1,0]","[1,0,0,1,1,1]",1,1,7,5,home_win,home,0,97
28964,4,"{""total"":[""solutions/game_4/total/rest-010010/top"",""solutions/game_4/total/rest-011100/bot""],""single"":[""solutions/game_4/single/rest-010010/top"",""solutions/game_4/single/rest-011100/bot""]}","[0,1,0,0,1,0]","[0,1,1,1,0,0]",2,1,2,0,home_win,home,0,74
28964,5,"{""total"":[""solutions/game_5/single/rest-111011/top"",""solutions/game_5/single/rest-111111/bot""],""single"":[""solutions/game_5/single/rest-111011/top"",""solutions/game_5/single/rest-111111/bot""]}","[1,1,1,0,1,1]","[1,1,1,1,1,1]",3,1,2,3,away_win,away,1,91
28965,1,"{""total"":[""solutions/game_1/total/rest-111111/top"",""solutions/game_1/total/rest-111111/bot""],""single"":[""solutions/game_1/single/rest-111111/top"",""solutions/game_1/single/rest-111111/bot""]}","[1,1,1,1,1,1]","[1,1,1,1,1,1]",0,0,7,6,home_win,home,0,87
28965,2,"{""total"":[""solutions/game_2/total/rest-110011/top"",""solutions/game_2/total/rest-001011/bot""],""single"":[""solutions/game_2/single/rest-110011/top"",""solutions/game_2/single/rest-001011/bot""]}","[1,1,0,0,1,1]","[0,0,1,0,1,1]",1,0,0,3,away_win,away,0,78
28965,3,"{""total"":[""solutions/game_3/total/rest-111101/top"",""solutions/game_3/total/rest-111100/bot""],""single"":[""solutions/game_3/single/rest-111101/top"",""solutions/game_3/single/rest-111100/bot""]}","[1,1,1,1,0,1]","[1,1,1,1,0,0]",1,1,6,3,home_win,home,0,75
28965,4,"{""total"":[""solutions/game_4/total/rest-010111/top"",""solutions/game_4/total/rest-000111/bot""],""single"":[""solutions/game_4/single/rest-010111/top"",""solutions/game_4/single/rest-000111/bot""]}","[0,1,0,1,1,1]","[0,0,0,1,1,1]",2,1,6,4,home_win,home,0,85
28965,5,"{""total"":[""solutions/game_5/single/rest-111010/top"",""solutions/game_5/single/rest-110010/bot""],""single"":[""solutions/game_5/single/rest-111010/top"",""solutions/game_5/single/rest-110010/bot""]}","[1,1,1,0,1,0]","[1,1,0,0,1,0]",3,1,0,1,away_win,away,1,72
28966,1,"{""total"":[""solutions/game_1/total/rest-111111/top"",""solutions/game_1/total/rest-111111/bot""],""single"":[""solutions/game_1/single/rest-111111/top"",""solutions/game_1/single/rest-111111/bot""]}","[1,1,1,1,1,1]","[1,1,1,1,1,1]",0,0,4,1,home_win,home,0,74
28966,2,"{""total"":[""solutions/game_2/total/rest-101111/top"",""solutions/game_2/total/rest-101111/bot""],""single"":[""solutions/game_2/single/rest-101111/top"",""solutions/game_2/single/rest-101111/bot""]}","[1,0,1,1,1,1]","[1,0,1,1,1,1]",1,0,4,5,away_win,away,0,83
28966,3,"{""total"":[""solutions/game_3/total/rest-110101/top"",""solutions/game_3/total/rest-110111/bot""],""single"":[""solutions/game_3/single/rest-110101/top"",""solutions/game_3/single/rest-110111/bot""]}","[1,1,0,1,0,1]","[1,1,0,1,1,1]",1,1,3,2,home_win,home,0,77
28966,4,"{""total"":[""solutions/game_4/total/rest-011011/top"",""solutions/game_4/total/rest-011010/bot""],""single"":[""solutions/game_4/single/rest-011011/top"",""solutions/game_4/single/rest-011010/bot""]}","[0,1,1,0,1,1]","[0,1,1,0,1,0]",2,1,0,8,away_win,away,0,47
28966,5,"{""total"":[""solutions/game_5/single/rest-111111/top"",""solutions/game_5/single/rest-111111/bot""],""single"":[""solutions/game_5/single/rest-111111/top"",""solutions/game_5/single/rest-111111/bot""]}","[1,1,1,1,1,1]","[1,1,1,1,1,1]",2,2,6,3,home_win,home,0,79
28967,1,"{""total"":[""solutions/game_1/total/rest-111111/top"",""solutions/game_1/total/rest-111111/bot""],""single"":[""solutions/game_1/single/rest-111111/top"",""solutions/game_1/single/rest-111111/bot""]}","[1,1,1,1,1,1]","[1,1,1,1,1,1]",0,0,5,1,home_win,home,0,83
28967,2,"{""total"":[""solutions/game_2/total/rest-110011/top"",""solutions/game_2/total/rest-001000/bot""],""single"":[""solutions/game_2/single/rest-110011/top"",""solutions/game_2/single/rest-001000/bot""]}","[1,1,0,0,1,1]","[0,0,1,0,0,0]",1,0,5,5,tie,home,0,94
28967,3,"{""total"":[""solutions/game_3/total/rest-011101/top"",""solutions/game_3/total/rest-110111/bot""],""single"":[""solutions/game_3/single/rest-011101/top"",""solutions/game_3/single/rest-110111/bot""]}","[0,1,1,1,0,1]","[1,1,0,1,1,1]",2,0,8,4,home_win,home,0,87
28967,4,"{""total"":[""solutions/game_4/total/rest-011110/top"",""solutions/game_4/total/rest-101011/bot""],""single"":[""solutions/game_4/single/rest-011110/top"",""solutions/game_4/single/rest-101011/bot""]}","[0,1,1,1,1,0]","[1,0,1,0,1,1]",3,0,6,10,away_win,away,1,86
28967,5,"{""total"":[""solutions/game_5/single/rest-101110/top"",""solutions/game_5/single/rest-011110/bot""],""single"":[""solutions/game_5/single/rest-101110/top"",""solutions/game_5/single/rest-011110/bot""]}","[1,0,1,1,1,0]","[0,1,1,1,1,0]",3,1,3,6,away_win,away,1,79
28968,1,"{""total"":[""solutions/game_1/total/rest-111111/top"",""solutions/game_1/total/rest-111111/bot""],""single"":[""solutions/game_1/single/rest-111111/top"",""solutions/game_1/single/rest-111111/bot""]}","[1,1,1,1,1,1]","[1,1,1,1,1,1]",0,0,3,6,away_win,away,0,84
28968,2,"{""total"":[""solutions/game_2/total/rest-110101/top"",""solutions/game_2/total/rest-101010/bot""],""single"":[""solutions/game_2/single/rest-110101/top"",""solutions/game_2/single/rest-101010/bot""]}","[1,1,0,1,0,1]","[1,0,1,0,1,0]",0,1,5,4,home_win,home,0,78
28968,3,"{""total"":[""solutions/game_3/total/rest-111110/top"",""solutions/game_3/total/rest-111101/bot""],""single"":[""solutions/game_3/single/rest-111110/top"",""solutions/game_3/single/rest-111101/bot""]}","[1,1,1,1,1,0]","[1,1,1,1,0,1]",1,1,8,4,home_win,home,0,77
28968,4,"{""total"":[""solutions/game_4/total/rest-110111/top"",""solutions/game_4/total/rest-001010/bot""],""single"":[""solutions/game_4/single/rest-110111/top"",""solutions/game_4/single/rest-001010/bot""]}","[1,1,0,1,1,1]","[0,0,1,0,1,0]",2,1,4,3,home_win,home,0,81
28968,5,"{""total"":[""solutions/game_5/single/rest-001011/top"",""solutions/game_5/single/rest-110101/bot""],""single"":[""solutions/game_5/single/rest-001011/top"",""solutions/game_5/single/rest-110101/bot""]}","[0,0,1,0,1,1]","[1,1,0,1,0,1]",3,1,4,1,home_win,home,1,76
28969,1,"{""total"":[""solutions/game_1/total/rest-111111/top"",""solutions/game_1/total/rest-111111/bot""],""single"":[""solutions/game_1/single/rest-111111/top"",""solutions/game_1/single/rest-111111/bot""]}","[1,1,1,1,1,1]","[1,1,1,1,1,1]",0,0,6,4,home_win,home,0,89
28969,2,"{""total"":[""solutions/game_2/total/rest-111000/top"",""solutions/game_2/total/rest-010010/bot""],""single"":[""solutions/game_2/single/rest-111000/top"",""solutions/game_2/single/rest-010010/bot""]}","[1,1,1,0,0,0]","[0,1,0,0,1,0]",1,0,4,7,away_win,away,0,85
28969,3,"{""total"":[""solutions/game_3/total/rest-010101/top"",""solutions/game_3/total/rest-011101/bot""],""single"":[""solutions/game_3/single/rest-010101/top"",""solutions/game_3/single/rest-011101/bot""]}","[0,1,0,1,0,1]","[0,1,1,1,0,1]",1,1,5,2,home_win,home,0,77
28969,4,"{""total"":[""solutions/game_4/total/rest-001101/top"",""solutions/game_4/total/rest-101110/bot""],""single"":[""solutions/game_4/single/rest-001101/top"",""solutions/game_4/single/rest-101110/bot""]}","[0,0,1,1,0,1]","[1,0,1,1,1,0]",2,1,3,5,away_win,away,0,90
28969,5,"{""total"":[""solutions/game_5/single/rest-011110/top"",""solutions/game_5/single/rest-010001/bot""],""single"":[""solutions/game_5/single/rest-011110/top"",""solutions/game_5/single/rest-010001/bot""]}","[0,1,1,1,1,0]","[0,1,0,0,0,1]",2,2,11,3,home_win,home,0,66
28970,1,"{""total"":[""solutions/game_1/total/rest-111111/top"",""solutions/game_1/total/rest-111111/bot""],""single"":[""solutions/game_1/single/rest-111111/top"",""solutions/game_1/single/rest-111111/bot""]}","[1,1,1,1,1,1]","[1,1,1,1,1,1]",0,0,3,2,home_win,home,0,78
28970,2,"{""total"":[""solutions/game_2/total/rest-111001/top"",""solutions/game_2/total/rest-011010/bot""],""single"":[""solutions/game_2/single/rest-111001/top"",""solutions/game_2/single/rest-011010/bot""]}","[1,1,1,0,0,1]","[0,1,1,0,1,0]",1,0,7,5,home_win,home,0,84
28970,3,"{""total"":[""solutions/game_3/total/rest-010110/top"",""solutions/game_3/total/rest-110111/bot""],""single"":[""solutions/game_3/single/rest-010110/top"",""solutions/game_3/single/rest-110111/bot""]}","[0,1,0,1,1,0]","[1,1,0,1,1,1]",2,0,5,1,home_win,home,0,76
28970,4,"{""total"":[""solutions/game_4/total/rest-111110/top"",""solutions/game_4/total/rest-011110/bot""],""single"":[""solutions/game_4/single/rest-111110/top"",""solutions/game_4/single/rest-011110/bot""]}","[1,1,1,1,1,0]","[0,1,1,1,1,0]",3,0,1,10,away_win,away,1,84
28970,5,"{""total"":[""solutions/game_5/single/rest-001111/top"",""solutions/game_5/single/rest-101111/bot""],""single"":[""solutions/game_5/single/rest-001111/top"",""solutions/game_5/single/rest-101111/bot""]}","[0,0,1,1,1,1]","[1,0,1,1,1,1]",3,1,3,5,away_win,away,1,80
28971,1,"{""total"":[""solutions/game_1/total/rest-111111/top"",""solutions/game_1/total/rest-111111/bot""],""single"":[""solutions/game_1/single/rest-111111/top"",""solutions/game_1/single/rest-111111/bot""]}","[1,1,1,1,1,1]","[1,1,1,1,1,1]",0,0,6,5,home_win,home,0,92
28971,2,"{""total"":[""solutions/game_2/total/rest-010101/top"",""solutions/game_2/total/rest-000010/bot""],""single"":[""solutions/game_2/single/rest-010101/top"",""solutions/game_2/single/rest-000010/bot""]}","[0,1,0,1,0,1]","[0,0,0,0,1,0]",1,0,4,2,home_win,home,0,78
28971,3,"{""total"":[""solutions/game_3/total/rest-101110/top"",""solutions/game_3/total/rest-111101/bot""],""single"":[""solutions/game_3/single/rest-101110/top"",""solutions/game_3/single/rest-111101/bot""]}","[1,0,1,1,1,0]","[1,1,1,1,0,1]",2,0,7,8,away_win,away,0,93
28971,4,"{""total"":[""solutions/game_4/total/rest-011001/top"",""solutions/game_4/total/rest-001011/bot""],""single"":[""solutions/game_4/single/rest-011001/top"",""solutions/game_4/single/rest-001011/bot""]}","[0,1,1,0,0,1]","[0,0,1,0,1,1]",2,1,9,10,away_win,away,0,108
28971,5,"{""total"":[""solutions/game_5/single/rest-001010/top"",""solutions/game_5/single/rest-001100/bot""],""single"":[""solutions/game_5/single/rest-001010/top"",""solutions/game_5/single/rest-001100/bot""]}","[0,0,1,0,1,0]","[0,0,1,1,0,0]",2,2,1,9,away_win,away,0,71
28972,1,"{""total"":[""solutions/game_1/total/rest-111111/top"",""solutions/game_1/total/rest-111111/bot""],""single"":[""solutions/game_1/single/rest-111111/top"",""solutions/game_1/single/rest-111111/bot""]}","[1,1,1,1,1,1]","[1,1,1,1,1,1]",0,0,0,9,away_win,away,0,25
28972,2,"{""total"":[""solutions/game_2/total/rest-111111/top"",""solutions/game_2/total/rest-111111/bot""],""single"":[""solutions/game_2/single/rest-111111/top"",""solutions/game_2/single/rest-111111/bot""]}","[1,1,1,1,1,1]","[1,1,1,1,1,1]",0,1,5,5,tie,away,0,92
28972,3,"{""total"":[""solutions/game_3/total/rest-011101/top"",""solutions/game_3/total/rest-001010/bot""],""single"":[""solutions/game_3/single/rest-011101/top"",""solutions/game_3/single/rest-001010/bot""]}","[0,1,1,1,0,1]","[0,0,1,0,1,0]",0,2,5,6,away_win,away,0,80
28972,4,"{""total"":[""solutions/game_4/total/rest-110111/top"",""solutions/game_4/total/rest-100100/bot""],""single"":[""solutions/game_4/single/rest-110111/top"",""solutions/game_4/single/rest-100100/bot""]}","[1,1,0,1,1,1]","[1,0,0,1,0,0]",0,3,6,0,home_win,home,1,78
28972,5,"{""total"":[""solutions/game_5/single/rest-111111/top"",""solutions/game_5/single/rest-011111/bot""],""single"":[""solutions/game_5/single/rest-111111/top"",""solutions/game_5/single/rest-011111/bot""]}","[1,1,1,1,1,1]","[0,1,1,1,1,1]",1,3,0,8,away_win,away,1,68
28973,1,"{""total"":[""solutions/game_1/total/rest-111111/top"",""solutions/game_1/total/rest-111111/bot""],""single"":[""solutions/game_1/single/rest-111111/top"",""solutions/game_1/single/rest-111111/bot""]}","[1,1,1,1,1,1]","[1,1,1,1,1,1]",0,0,2,5,away_win,away,0,83
28973,2,"{""total"":[""solutions/game_2/total/rest-110101/top"",""solutions/game_2/total/rest-101010/bot""],""single"":[""solutions/game_2/single/rest-110101/top"",""solutions/game_2/single/rest-101010/bot""]}","[1,1,0,1,0,1]","[1,0,1,0,1,0]",0,1,3,5,away_win,away,0,89
28973,3,"{""total"":[""solutions/game_3/total/rest-001111/top"",""solutions/game_3/total/rest-111101/bot""],""single"":[""solutions/game_3/single/rest-001111/top"",""solutions/game_3/single/rest-111101/bot""]}","[0,0,1,1,1,1]","[1,1,1,1,0,1]",0,2,7,3,home_win,home,0,87
28973,4,"{""total"":[""solutions/game_4/total/rest-110010/top"",""solutions/game_4/total/rest-101110/bot""],""single"":[""solutions/game_4/single/rest-110010/top"",""solutions/game_4/single/rest-101110/bot""]}","[1,1,0,0,1,0]","[1,0,1,1,1,0]",1,2,8,9,away_win,away,0,96
28973,5,"{""total"":[""solutions/game_5/single/rest-001101/top"",""solutions/game_5/single/rest-011001/bot""],""single"":[""solutions/game_5/single/rest-001101/top"",""solutions/game_5/single/rest-011001/bot""]}","[0,0,1,1,0,1]","[0,1,1,0,0,1]",1,3,6,1,home_win,home,1,77
28974,1,"{""total"":[""solutions/game_1/total/rest-111111/top"",""solutions/game_1/total/rest-111111/bot""],""single"":[""solutions/game_1/single/rest-111111/top"",""solutions/game_1/single/rest-111111/bot""]}","[1,1,1,1,1,1]","[1,1,1,1,1,1]",0,0,6,5,home_win,home,0,96
28974,2,"{""total"":[""solutions/game_2/total/rest-010011/top"",""solutions/game_2/total/rest-011010/bot""],""single"":[""solutions/game_2/single/rest-010011/top"",""solutions/game_2/single/rest-011010/bot""]}","[0,1,0,0,1,1]","[0,1,1,0,1,0]",1,0,4,8,away_win,away,0,94
28974,3,"{""total"":[""solutions/game_3/total/rest-100101/top"",""solutions/game_3/total/rest-000101/bot""],""single"":[""solutions/game_3/single/rest-100101/top"",""solutions/game_3/single/rest-000101/bot""]}","[1,0,0,1,0,1]","[0,0,0,1,0,1]",1,1,3,1,home_win,home,0,70
28974,4,"{""total"":[""solutions/game_4/total/rest-001111/top"",""solutions/game_4/total/rest-111010/bot""],""single"":[""solutions/game_4/single/rest-001111/top"",""solutions/game_4/single/rest-111010/bot""]}","[0,0,1,1,1,1]","[1,1,1,0,1,0]",2,1,5,3,home_win,home,0,76
28974,5,"{""total"":[""solutions/game_5/single/rest-010101/top"",""solutions/game_5/single/rest-101101/bot""],""single"":[""solutions/game_5/single/rest-010101/top"",""solutions/game_5/single/rest-101101/bot""]}","[0,1,0,1,0,1]","[1,0,1,1,0,1]",3,1,2,7,away_win,away,1,82
28975,1,"{""total"":[""solutions/game_1/total/rest-111111/top"",""solutions/game_1/total/rest-111111/bot""],""single"":[""solutions/game_1/single/rest-111111/top"",""solutions/game_1/single/rest-111111/bot""]}","[1,1,1,1,1,1]","[1,1,1,1,1,1]",0,0,5,6,away_win,away,0,89
28975,2,"{""total"":[""solutions/game_2/total/rest-111111/top"",""solutions/game_2/total/rest-100010/bot""],""single"":[""solutions/game_2/single/rest-111111/top"",""solutions/game_2/single/rest-100010/bot""]}","[1,1,1,1,1,1]","[1,0,0,0,1,0]",0,1,3,1,home_win,home,0,79
28975,3,"{""total"":[""solutions/game_3/total/rest-010001/top"",""solutions/game_3/total/rest-011101/bot""],""single"":[""solutions/game_3/single/rest-010001/top"",""solutions/game_3/single/rest-011101/bot""]}","[0,1,0,0,0,1]","[0,1,1,1,0,1]",1,1,8,1,home_win,home,0,88
28975,4,"{""total"":[""solutions/game_4/total/rest-101111/top"",""solutions/game_4/total/rest-110110/bot""],""single"":[""solutions/game_4/single/rest-101111/top"",""solutions/game_4/single/rest-110110/bot""]}","[1,0,1,1,1,1]","[1,1,0,1,1,0]",2,1,6,3,home_win,home,0,86
28975,5,"{""total"":[""solutions/game_5/single/rest-010011/top"",""solutions/game_5/single/rest-001001/bot""],""single"":[""solutions/game_5/single/rest-010011/top"",""solutions/game_5/single/rest-001001/bot""]}","[0,1,0,0,1,1]","[0,0,1,0,0,1]",3,1,8,0,home_win,home,1,43
28976,1,"{""total"":[""solutions/game_1/total/rest-111111/top"",""solutions/game_1/total/rest-111111/bot""],""single"":[""solutions/game_1/single/rest-111111/top"",""solutions/game_1/single/rest-111111/bot""]}","[1,1,1,1,1,1]","[1,1,1,1,1,1]",0,0,3,2,home_win,home,0,77
28976,2,"{""total"":[""solutions/game_2/total/rest-010101/top"",""solutions/game_2/total/rest-001011/bot""],""single"":[""solutions/game_2/single/rest-010101/top"",""solutions/game_2/single/rest-001011/bot""]}","[0,1,0,1,0,1]","[0,0,1,0,1,1]",1,0,9,7,home_win,home,0,90
28976,3,"{""total"":[""solutions/game_3/total/rest-101110/top"",""solutions/game_3/total/rest-010110/bot""],""single"":[""solutions/game_3/single/rest-101110/top"",""solutions/game_3/single/rest-010110/bot""]}","[1,0,1,1,1,0]","[0,1,0,1,1,0]",2,0,6,3,home_win,home,0,78
28976,4,"{""total"":[""solutions/game_4/total/rest-110011/top"",""solutions/game_4/total/rest-101101/bot""],""single"":[""solutions/game_4/single/rest-110011/top"",""solutions/game_4/single/rest-101101/bot""]}","[1,1,0,0,1,1]","[1,0,1,1,0,1]",3,0,0,9,away_win,away,1,64
28976,5,"{""total"":[""solutions/game_5/single/rest-111111/top"",""solutions/game_5/single/rest-111110/bot""],""single"":[""solutions/game_5/single/rest-111111/top"",""solutions/game_5/single/rest-111110/bot""]}","[1,1,1,1,1,1]","[1,1,1,1,1,0]",3,1,12,11,home_win,home,1,108
28977,1,"{""total"":[""solutions/game_1/total/rest-111111/top"",""solutions/game_1/total/rest-111111/bot""],""single"":[""solutions/game_1/single/rest-111111/top"",""solutions/game_1/single/rest-111111/bot""]}","[1,1,1,1,1,1]","[1,1,1,1,1,1]",0,0,7,5,home_win,home,0,83
28977,2,"{""total"":[""solutions/game_2/total/rest-011101/top"",""solutions/game_2/total/rest-101111/bot""],""single"":[""solutions/game_2/single/rest-011101/top"",""solutions/game_2/single/rest-101111/bot""]}","[0,1,1,1,0,1]","[1,0,1,1,1,1]",1,0,10,9,home_win,home,0,95
28977,3,"{""total"":[""solutions/game_3/total/rest-101010/top"",""solutions/game_3/total/rest-011010/bot""],""single"":[""solutions/game_3/single/rest-101010/top"",""solutions/game_3/single/rest-011010/bot""]}","[1,0,1,0,1,0]","[0,1,1,0,1,0]",2,0,1,7,away_win,away,0,83
28977,4,"{""total"":[""solutions/game_4/total/rest-001101/top"",""solutions/game_4/total/rest-001111/bot""],""single"":[""solutions/game_4/single/rest-001101/top"",""solutions/game_4/single/rest-001111/bot""]}","[0,0,1,1,0,1]","[0,0,1,1,1,1]",2,1,2,1,home_win,home,0,71
28977,5,"{""total"":[""solutions/game_5/single/rest-110011/top"",""solutions/game_5/single/rest-110010/bot""],""single"":[""solutions/game_5/single/rest-110011/top"",""solutions/game_5/single/rest-110010/bot""]}","[1,1,0,0,1,1]","[1,1,0,0,1,0]",3,1,5,14,away_win,away,1,91
28978,1,"{""total"":[""solutions/game_1/total/rest-111111/top"",""solutions/game_1/total/rest-111111/bot""],""single"":[""solutions/game_1/single/rest-111111/top"",""solutions/game_1/single/rest-111111/bot""]}","[1,1,1,1,1,1]","[1,1,1,1,1,1]",0,0,0,8,away_win,away,0,44
28978,2,"{""total"":[""solutions/game_2/total/rest-111110/top"",""solutions/game_2/total/rest-111111/bot""],""single"":[""solutions/game_2/single/rest-111110/top"",""solutions/game_2/single/rest-111111/bot""]}","[1,1,1,1,1,0]","[1,1,1,1,1,1]",0,1,2,10,away_win,away,0,78
28978,3,"{""total"":[""solutions/game_3/total/rest-001111/top"",""solutions/game_3/total/rest-111011/bot""],""single"":[""solutions/game_3/single/rest-001111/top"",""solutions/game_3/single/rest-111011/bot""]}","[0,0,1,1,1,1]","[1,1,1,0,1,1]",0,2,2,1,home_win,home,0,72
28978,4,"{""total"":[""solutions/game_4/total/rest-110011/top"",""solutions/game_4/total/rest-001011/bot""],""single"":[""solutions/game_4/single/rest-110011/top"",""solutions/game_4/single/rest-001011/bot""]}","[1,1,0,0,1,1]","[0,0,1,0,1,1]",1,2,3,2,home_win,home,0,73
28978,5,"{""total"":[""solutions/game_5/single/rest-101101/top"",""solutions/game_5/single/rest-010100/bot""],""single"":[""solutions/game_5/single/rest-101101/top"",""solutions/game_5/single/rest-010100/bot""]}","[1,0,1,1,0,1]","[0,1,0,1,0,0]",2,2,4,13,away_win,away,0,79
28979,1,"{""total"":[""solutions/game_1/total/rest-111111/top"",""solutions/game_1/total/rest-111111/bot""],""single"":[""solutions/game_1/single/rest-111111/top"",""solutions/game_1/single/rest-111111/bot""]}","[1,1,1,1,1,1]","[1,1,1,1,1,1]",0,0,7,14,away_win,away,0,102
28979,2,"{""total"":[""solutions/game_2/total/rest-111011/top"",""solutions/game_2/total/rest-101000/bot""],""single"":[""solutions/game_2/single/rest-111011/top"",""solutions/game_2/single/rest-101000/bot""]}","[1,1,1,0,1,1]","[1,0,1,0,0,0]",0,1,10,3,home_win,home,0,80
28979,3,"{""total"":[""solutions/game_3/total/rest-111011/top"",""solutions/game_3/total/rest-011111/bot""],""single"":[""solutions/game_3/single/rest-111011/top"",""solutions/game_3/single/rest-011111/bot""]}","[1,1,1,0,1,1]","[0,1,1,1,1,1]",1,1,3,1,home_win,home,0,74
28979,4,"{""total"":[""solutions/game_4/total/rest-110001/top"",""solutions/game_4/total/rest-101010/bot""],""single"":[""solutions/game_4/single/rest-110001/top"",""solutions/game_4/single/rest-101010/bot""]}","[1,1,0,0,0,1]","[1,0,1,0,1,0]",2,1,1,9,away_win,away,0,48
28979,5,"{""total"":[""solutions/game_5/single/rest-111111/top"",""solutions/game_5/single/rest-111111/bot""],""single"":[""solutions/game_5/single/rest-111111/top"",""solutions/game_5/single/rest-111111/bot""]}","[1,1,1,1,1,1]","[1,1,1,1,1,1]",2,2,3,1,home_win,home,0,78
28980,1,"{""total"":[""solutions/game_1/total/rest-111111/top"",""solutions/game_1/total/rest-111111/bot""],""single"":[""solutions/game_1/single/rest-111111/top"",""solutions/game_1/single/rest-111111/bot""]}","[1,1,1,1,1,1]","[1,1,1,1,1,1]",0,0,2,1,home_win,home,0,74
28980,2,"{""total"":[""solutions/game_2/total/rest-010111/top"",""solutions/game_2/total/rest-001011/bot""],""single"":[""solutions/game_2/single/rest-010111/top"",""solutions/game_2/single/rest-001011/bot""]}","[0,1,0,1,1,1]","[0,0,1,0,1,1]",1,0,1,4,away_win,away,0,76
28980,3,"{""total"":[""solutions/game_3/total/rest-111100/top"",""solutions/game_3/total/rest-110110/bot""],""single"":[""solutions/game_3/single/rest-111100/top"",""solutions/game_3/single/rest-110110/bot""]}","[1,1,1,1,0,0]","[1,1,0,1,1,0]",1,1,5,3,home_win,home,0,73
28980,4,"{""total"":[""solutions/game_4/total/rest-111111/top"",""solutions/game_4/total/rest-111111/bot""],""single"":[""solutions/game_4/single/rest-111111/top"",""solutions/game_4/single/rest-111111/bot""]}","[1,1,1,1,1,1]","[1,1,1,1,1,1]",2,1,8,0,home_win,home,0,60
28980,5,"{""total"":[""solutions/game_5/single/rest-111111/top"",""solutions/game_5/single/rest-011110/bot""],""single"":[""solutions/game_5/single/rest-111111/top"",""solutions/game_5/single/rest-011110/bot""]}","[1,1,1,1,1,1]","[0,1,1,1,1,0]",3,1,3,6,away_win,away,1,81
28981,1,"{""total"":[""solutions/game_1/total/rest-111111/top"",""solutions/game_1/total/rest-111111/bot""],""single"":[""solutions/game_1/single/rest-111111/top"",""solutions/game_1/single/rest-111111/bot""]}","[1,1,1,1,1,1]","[1,1,1,1,1,1]",0,0,4,2,home_win,home,0,80
28981,2,"{""total"":[""solutions/game_2/total/rest-110001/top"",""solutions/game_2/total/rest-111011/bot""],""single"":[""solutions/game_2/single/rest-110001/top"",""solutions/game_2/single/rest-111011/bot""]}","[1,1,0,0,0,1]","[1,1,1,0,1,1]",1,0,8,4,home_win,home,0,91
28981,3,"{""total"":[""solutions/game_3/total/rest-001110/top"",""solutions/game_3/total/rest-001110/bot""],""single"":[""solutions/game_3/single/rest-001110/top"",""solutions/game_3/single/rest-001110/bot""]}","[0,0,1,1,1,0]","[0,0,1,1,1,0]",2,0,7,3,home_win,home,0,74
28981,4,"{""total"":[""solutions/game_4/total/rest-111001/top"",""solutions/game_4/total/rest-111001/bot""],""single"":[""solutions/game_4/single/rest-111001/top"",""solutions/game_4/single/rest-111001/bot""]}","[1,1,1,0,0,1]","[1,1,1,0,0,1]",3,0,6,4,home_win,home,1,86
28981,5,"{""total"":[""solutions/game_5/single/rest-100110/top"",""solutions/game_5/single/rest-011110/bot""],""single"":[""solutions/game_5/single/rest-100110/top"",""solutions/game_5/single/rest-011110/bot""]}","[1,0,0,1,1,0]","[0,1,1,1,1,0]",4,0,8,3,home_win,home,1,77
28982,1,"{""total"":[""solutions/game_1/total/rest-111111/top"",""solutions/game_1/total/rest-111111/bot""],""single"":[""solutions/game_1/single/rest-111111/top"",""solutions/game_1/single/rest-111111/bot""]}","[1,1,1,1,1,1]","[1,1,1,1,1,1]",0,0,9,0,home_win,home,0,45
28982,2,"{""total"":[""solutions/game_2/total/rest-111111/top"",""solutions/game_2/total/rest-111110/bot""],""single"":[""solutions/game_2/single/rest-111111/top"",""solutions/game_2/single/rest-111110/bot""]}","[1,1,1,1,1,1]","[1,1,1,1,1,0]",1,0,3,5,away_win,away,0,77
28982,3,"{""total"":[""solutions/game_3/total/rest-111001/top"",""solutions/game_3/total/rest-001011/bot""],""single"":[""solutions/game_3/single/rest-111001/top"",""solutions/game_3/single/rest-001011/bot""]}","[1,1,1,0,0,1]","[0,0,1,0,1,1]",1,1,2,1,home_win,home,0,78
28982,4,"{""total"":[""solutions/game_4/total/rest-010110/top"",""solutions/game_4/total/rest-101110/bot""],""single"":[""solutions/game_4/single/rest-010110/top"",""solutions/game_4/single/rest-101110/bot""]}","[0,1,0,1,1,0]","[1,0,1,1,1,0]",2,1,5,3,home_win,home,0,74
28982,5,"{""total"":[""solutions/game_5/single/rest-000011/top"",""solutions/game_5/single/rest-111111/bot""],""single"":[""solutions/game_5/single/rest-000011/top"",""solutions/game_5/single/rest-111111/bot""]}","[0,0,0,0,1,1]","[1,1,1,1,1,1]",3,1,7,5,home_win,home,1,85
28983,1,"{""total"":[""solutions/game_1/total/rest-111111/top"",""solutions/game_1/total/rest-111111/bot""],""single"":[""solutions/game_1/single/rest-111111/top"",""solutions/game_1/single/rest-111111/bot""]}","[1,1,1,1,1,1]","[1,1,1,1,1,1]",0,0,5,2,home_win,home,0,72
28983,2,"{""total"":[""solutions/game_2/total/rest-010011/top"",""solutions/game_2/total/rest-101111/bot""],""single"":[""solutions/game_2/single/rest-010011/top"",""solutions/game_2/single/rest-101111/bot""]}","[0,1,0,0,1,1]","[1,0,1,1,1,1]",1,0,4,13,away_win,away,0,97
28983,3,"{""total"":[""solutions/game_3/total/rest-111110/top"",""solutions/game_3/total/rest-011110/bot""],""single"":[""solutions/game_3/single/rest-111110/top"",""solutions/game_3/single/rest-011110/bot""]}","[1,1,1,1,1,0]","[0,1,1,1,1,0]",1,1,0,1,away_win,away,0,76
28983,4,"{""total"":[""solutions/game_4/total/rest-111100/top"",""solutions/game_4/total/rest-100011/bot""],""single"":[""solutions/game_4/single/rest-111100/top"",""solutions/game_4/single/rest-100011/bot""]}","[1,1,1,1,0,0]","[1,0,0,0,1,1]",1,2,4,2,home_win,home,0,70
28983,5,"{""total"":[""solutions/game_5/single/rest-110011/top"",""solutions/game_5/single/rest-111010/bot""],""single"":[""solutions/game_5/single/rest-110011/top"",""solutions/game_5/single/rest-111010/bot""]}","[1,1,0,0,1,1]","[1,1,1,0,1,0]",2,2,9,1,home_win,home,0,40
28984,1,"{""total"":[""solutions/game_1/total/rest-111111/top"",""solutions/game_1/total/rest-111111/bot""],""single"":[""solutions/game_1/single/rest-111111/top"",""solutions/game_1/single/rest-111111/bot""]}","[1,1,1,1,1,1]","[1,1,1,1,1,1]",0,0,2,6,away_win,away,0,84
28984,2,"{""total"":[""solutions/game_2/total/rest-001111/top"",""solutions/game_2/total/rest-001010/bot""],""single"":[""solutions/game_2/single/rest-001111/top"",""solutions/game_2/single/rest-001010/bot""]}","[0,0,1,1,1,1]","[0,0,1,0,1,0]",0,1,4,2,home_win,home,0,74
28984,3,"{""total"":[""solutions/game_3/total/rest-011001/top"",""solutions/game_3/total/rest-110011/bot""],""single"":[""solutions/game_3/single/rest-011001/top"",""solutions/game_3/single/rest-110011/bot""]}","[0,1,1,0,0,1]","[1,1,0,0,1,1]",1,1,4,2,home_win,home,0,75
28984,4,"{""total"":[""solutions/game_4/total/rest-110110/top"",""solutions/game_4/total/rest-111100/bot""],""single"":[""solutions/game_4/single/rest-110110/top"",""solutions/game_4/single/rest-111100/bot""]}","[1,1,0,1,1,0]","[1,1,1,1,0,0]",2,1,3,1,home_win,home,0,71
28984,5,"{""total"":[""solutions/game_5/single/rest-111001/top"",""solutions/game_5/single/rest-011011/bot""],""single"":[""solutions/game_5/single/rest-111001/top"",""solutions/game_5/single/rest-011011/bot""]}","[1,1,1,0,0,1]","[0,1,1,0,1,1]",3,1,4,12,away_win,away,1,87
28985,1,"{""total"":[""solutions/game_1/total/rest-111111/top"",""solutions/game_1/total/rest-111111/bot""],""single"":[""solutions/game_1/single/rest-111111/top"",""solutions/game_1/single/rest-111111/bot""]}","[1,1,1,1,1,1]","[1,1,1,1,1,1]",0,0,8,3,home_win,home,0,84
28985,2,"{""total"":[""solutions/game_2/total/rest-111100/top"",""solutions/game_2/total/rest-100010/bot""],""single"":[""solutions/game_2/single/rest-111100/top"",""solutions/game_2/single/rest-100010/bot""]}","[1,1,1,1,0,0]","[1,0,0,0,1,0]",1,0,5,2,home_win,home,0,76
28985,3,"{""total"":[""solutions/game_3/total/rest-101011/top"",""solutions/game_3/total/rest-011101/bot""],""single"":[""solutions/game_3/single/rest-101011/top"",""solutions/game_3/single/rest-011101/bot""]}","[1,0,1,0,1,1]","[0,1,1,1,0,1]",2,0,9,7,home_win,home,0,98
28985,4,"{""total"":[""solutions/game_4/total/rest-000101/top"",""solutions/game_4/total/rest-100110/bot""],""single"":[""solutions/game_4/single/rest-000101/top"",""solutions/game_4/single/rest-100110/bot""]}","[0,0,0,1,0,1]","[1,0,0,1,1,0]",3,0,5,6,away_win,away,1,93
28985,5,"{""total"":[""solutions/game_5/single/rest-111111/top"",""solutions/game_5/single/rest-011001/bot""],""single"":[""solutions/game_5/single/rest-111111/top"",""solutions/game_5/single/rest-011001/bot""]}","[1,1,1,1,1,1]","[0,1,1,0,0,1]",3,1,3,11,away_win,away,1,47
28986,1,"{""total"":[""solutions/game_1/total/rest-111111/top"",""solutions/game_1/total/rest-111111/bot""],""single"":[""solutions/game_1/single/rest-111111/top"",""solutions/game_1/single/rest-111111/bot""]}","[1,1,1,1,1,1]","[1,1,1,1,1,1]",0,0,1,7,away_win,away,0,79
28986,2,"{""total"":[""solutions/game_2/total/rest-111101/top"",""solutions/game_2/total/rest-001011/bot""],""single"":[""solutions/game_2/single/rest-111101/top"",""solutions/game_2/single/rest-001011/bot""]}","[1,1,1,1,0,1]","[0,0,1,0,1,1]",0,1,0,8,away_win,away,0,67
28986,3,"{""total"":[""solutions/game_3/total/rest-101110/top"",""solutions/game_3/total/rest-111101/bot""],""single"":[""solutions/game_3/single/rest-101110/top"",""solutions/game_3/single/rest-111101/bot""]}","[1,0,1,1,1,0]","[1,1,1,1,0,1]",0,2,5,13,away_win,away,0,87
28986,4,"{""total"":[""solutions/game_4/total/rest-000111/top"",""solutions/game_4/total/rest-001011/bot""],""single"":[""solutions/game_4/single/rest-000111/top"",""solutions/game_4/single/rest-001011/bot""]}","[0,0,0,1,1,1]","[0,0,1,0,1,1]",0,3,2,3,away_win,away,1,75
28986,5,"{""total"":[""solutions/game_5/single/rest-111100/top"",""solutions/game_5/single/rest-111100/bot""],""single"":[""solutions/game_5/single/rest-111100/top"",""solutions/game_5/single/rest-111100/bot""]}","[1,1,1,1,0,0]","[1,1,1,1,0,0]",0,4,6,5,home_win,home,1,95
28987,1,"{""total"":[""solutions/game_1/total/rest-111111/top"",""solutions/game_1/total/rest-111111/bot""],""single"":[""solutions/game_1/single/rest-111111/top"",""solutions/game_1/single/rest-111111/bot""]}","[1,1,1,1,1,1]","[1,1,1,1,1,1]",0,0,8,3,home_win,home,0,81
28987,2,"{""total"":[""solutions/game_2/total/rest-111011/top"",""solutions/game_2/total/rest-001110/bot""],""single"":[""solutions/game_2/single/rest-111011/top"",""solutions/game_2/single/rest-001110/bot""]}","[1,1,1,0,1,1]","[0,0,1,1,1,0]",1,0,2,5,away_win,away,0,78
28987,3,"{""total"":[""solutions/game_3/total/rest-111101/top"",""solutions/game_3/total/rest-110101/bot""],""single"":[""solutions/game_3/single/rest-111101/top"",""solutions/game_3/single/rest-110101/bot""]}","[1,1,1,1,0,1]","[1,1,0,1,0,1]",1,1,4,2,home_win,home,0,78
28987,4,"{""total"":[""solutions/game_4/total/rest-010011/top"",""solutions/game_4/total/rest-101111/bot""],""single"":[""solutions/game_4/single/rest-010011/top"",""solutions/game_4/single/rest-101111/bot""]}","[0,1,0,0,1,1]","[1,0,1,1,1,1]",2,1,5,3,home_win,home,0,75
28987,5,"{""total"":[""solutions/game_5/single/rest-111110/top"",""solutions/game_5/single/rest-111010/bot""],""single"":[""solutions/game_5/single/rest-111110/top"",""solutions/game_5/single/rest-111010/bot""]}","[1,1,1,1,1,0]","[1,1,1,0,1,0]",3,1,10,9,home_win,home,1,94
28988,1,"{""total"":[""solutions/game_1/total/rest-111111/top"",""solutions/game_1/total/rest-111111/bot""],""single"":[""solutions/game_1/single/rest-111111/top"",""solutions/game_1/single/rest-111111/bot""]}","[1,1,1,1,1,1]","[1,1,1,1,1,1]",0,0,5,3,home_win,home,0,79
28988,2,"{""total"":[""solutions/game_2/total/rest-111001/top"",""solutions/game_2/total/rest-101010/bot""],""single"":[""solutions/game_2/single/rest-111001/top"",""solutions/game_2/single/rest-101010/bot""]}","[1,1,1,0,0,1]","[1,0,1,0,1,0]",1,0,10,2,home_win,home,0,45
28988,3,"{""total"":[""solutions/game_3/total/rest-111111/top"",""solutions/game_3/total/rest-111111/bot""],""single"":[""solutions/game_3/single/rest-111111/top"",""solutions/game_3/single/rest-111111/bot""]}","[1,1,1,1,1,1]","[1,1,1,1,1,1]",2,0,4,7,away_win,away,0,89
28988,4,"{""total"":[""solutions/game_4/total/rest-010011/top"",""solutions/game_4/total/rest-011010/bot""],""single"":[""solutions/game_4/single/rest-010011/top"",""solutions/game_4/single/rest-011010/bot""]}","[0,1,0,0,1,1]","[0,1,1,0,1,0]",2,1,10,6,home_win,home,0,88
28988,5,"{""total"":[""solutions/game_5/single/rest-110000/top"",""solutions/game_5/single/rest-100111/bot""],""single"":[""solutions/game_5/single/rest-110000/top"",""solutions/game_5/single/rest-100111/bot""]}","[1,1,0,0,0,0]","[1,0,0,1,1,1]",3,1,3,1,home_win,home,1,74
28989,1,"{""total"":[""solutions/game_1/total/rest-111111/top"",""solutions/game_1/total/rest-111111/bot""],""single"":[""solutions/game_1/single/rest-111111/top"",""solutions/game_1/single/rest-111111/bot""]}","[1,1,1,1,1,1]","[1,1,1,1,1,1]",0,0,4,3,home_win,home,0,70
28989,2,"{""total"":[""solutions/game_2/total/rest-110011/top"",""solutions/game_2/total/rest-111011/bot""],""single"":[""solutions/game_2/single/rest-110011/top"",""solutions/game_2/single/rest-111011/bot""]}","[1,1,0,0,1,1]","[1,1,1,0,1,1]",1,0,8,0,home_win,home,0,43
28989,3,"{""total"":[""solutions/game_3/total/rest-111111/top"",""solutions/game_3/total/rest-011111/bot""],""single"":[""solutions/game_3/single/rest-111111/top"",""solutions/game_3/single/rest-011111/bot""]}","[1,1,1,1,1,1]","[0,1,1,1,1,1]",2,0,3,11,away_win,away,0,69
28989,4,"{""total"":[""solutions/game_4/total/rest-101011/top"",""solutions/game_4/total/rest-100111/bot""],""single"":[""solutions/game_4/single/rest-101011/top"",""solutions/game_4/single/rest-100111/bot""]}","[1,0,1,0,1,1]","[1,0,0,1,1,1]",2,1,5,4,home_win,home,0,73
28989,5,"{""total"":[""solutions/game_5/single/rest-010101/top"",""solutions/game_5/single/rest-111111/bot""],""single"":[""solutions/game_5/single/rest-010101/top"",""solutions/game_5/single/rest-111111/bot""]}","[0,1,0,1,0,1]","[1,1,1,1,1,1]",3,1,2,9,away_win,away,1,78
28990,1,"{""total"":[""solutions/game_1/total/rest-111111/top"",""solutions/game_1/total/rest-111111/bot""],""single"":[""solutions/game_1/single/rest-111111/top"",""solutions/game_1/single/rest-111111/bot""]}","[1,1,1,1,1,1]","[1,1,1,1,1,1]",0,0,10,5,home_win,home,0,83
28990,2,"{""total"":[""solutions/game_2/total/rest-111001/top"",""solutions/game_2/total/rest-001110/bot""],""single"":[""solutions/game_2/single/rest-111001/top"",""solutions/game_2/single/rest-001110/bot""]}","[1,1,1,0,0,1]","[0,0,1,1,1,0]",1,0,3,11,away_win,away,0,80
28990,3,"{""total"":[""solutions/game_3/total/rest-101111/top"",""solutions/game_3/total/rest-111101/bot""],""single"":[""solutions/game_3/single/rest-101111/top"",""solutions/game_3/single/rest-111101/bot""]}","[1,0,1,1,1,1]","[1,1,1,1,0,1]",1,1,1,9,away_win,away,0,65
28990,4,"{""total"":[""solutions/game_4/total/rest-111011/top"",""solutions/game_4/total/rest-011111/bot""],""single"":[""solutions/game_4/single/rest-111011/top"",""solutions/game_4/single/rest-011111/bot""]}","[1,1,1,0,1,1]","[0,1,1,1,1,1]",1,2,3,2,home_win,home,0,82
28990,5,"{""total"":[""solutions/game_5/single/rest-001111/top"",""solutions/game_5/single/rest-100011/bot""],""single"":[""solutions/game_5/single/rest-001111/top"",""solutions/game_5/single/rest-100011/bot""]}","[0,0,1,1,1,1]","[1,0,0,0,1,1]",2,2,1,3,away_win,away,0,78
28991,1,"{""total"":[""solutions/game_1/total/rest-111111/top"",""solutions/game_1/total/rest-111111/bot""],""single"":[""solutions/game_1/single/rest-111111/top"",""solutions/game_1/single/rest-111111/bot""]}","[1,1,1,1,1,1]","[1,1,1,1,1,1]",0,0,2,1,home_win,home,0,86
28991,2,"{""total"":[""solutions/game_2/total/rest-010001/top"",""solutions/game_2/total/rest-001110/bot""],""single"":[""solutions/game_2/single/rest-010001/top"",""solutions/game_2/single/rest-001110/bot""]}","[0,1,0,0,0,1]","[0,0,1,1,1,0]",1,0,2,9,away_win,away,0,81
28991,3,"{""total"":[""solutions/game_3/total/rest-111110/top"",""solutions/game_3/total/rest-101001/bot""],""single"":[""solutions/game_3/single/rest-111110/top"",""solutions/game_3/single/rest-101001/bot""]}","[1,1,1,1,1,0]","[1,0,1,0,0,1]",1,1,7,3,home_win,home,0,78
28991,4,"{""total"":[""solutions/game_4/total/rest-101001/top"",""solutions/game_4/total/rest-110110/bot""],""single"":[""solutions/game_4/single/rest-101001/top"",""solutions/game_4/single/rest-110110/bot""]}","[1,0,1,0,0,1]","[1,1,0,1,1,0]",2,1,1,4,away_win,away,0,76
28991,5,"{""total"":[""solutions/game_5/single/rest-111010/top"",""solutions/game_5/single/rest-001111/bot""],""single"":[""solutions/game_5/single/rest-111010/top"",""solutions/game_5/single/rest-001111/bot""]}","[1,1,1,0,1,0]","[0,0,1,1,1,1]",2,2,6,6,tie,away,0,99
28992,1,"{""total"":[""solutions/game_1/total/rest-111111/top"",""solutions/game_1/total/rest-111111/bot""],""single"":[""solutions/game_1/single/rest-111111/top"",""solutions/game_1/single/rest-111111/bot""]}","[1,1,1,1,1,1]","[1,1,1,1,1,1]",0,0,8,2,home_win,home,0,76
28992,2,"{""total"":[""solutions/game_2/total/rest-111101/top"",""solutions/game_2/total/rest-001011/bot""],""single"":[""solutions/game_2/single/rest-111101/top"",""solutions/game_2/single/rest-001011/bot""]}","[1,1,1,1,0,1]","[0,0,1,0,1,1]",1,0,3,4,away_win,away,0,74
28992,3,"{""total"":[""solutions/game_3/total/rest-110011/top"",""solutions/game_3/total/rest-100110/bot""],""single"":[""solutions/game_3/single/rest-110011/top"",""solutions/game_3/single/rest-100110/bot""]}","[1,1,0,0,1,1]","[1,0,0,1,1,0]",1,1,2,6,away_win,away,0,82
28992,4,"{""total"":[""solutions/game_4/total/rest-101110/top"",""solutions/game_4/total/rest-111101/bot""],""single"":[""solutions/game_4/single/rest-101110/top"",""solutions/game_4/single/rest-111101/bot""]}","[1,0,1,1,1,0]","[1,1,1,1,0,1]",1,2,11,6,home_win,home,0,83
28992,5,"{""total"":[""solutions/game_5/single/rest-111101/top"",""solutions/game_5/single/rest-001111/bot""],""single"":[""solutions/game_5/single/rest-111101/top"",""solutions/game_5/single/rest-001111/bot""]}","[1,1,1,1,0,1]","[0,0,1,1,1,1]",2,2,11,3,home_win,home,0,87
28993,1,"{""total"":[""solutions/game_1/total/rest-111111/top"",""solutions/game_1/total/rest-111111/bot""],""single"":[""solutions/game_1/single/rest-111111/top"",""solutions/game_1/single/rest-111111/bot""]}","[1,1,1,1,1,1]","[1,1,1,1,1,1]",0,0,1,4,away_win,away,0,77
28993,2,"{""total"":[""solutions/game_2/total/rest-110101/top"",""solutions/game_2/total/rest-101011/bot""],""single"":[""solutions/game_2/single/rest-110101/top"",""solutions/game_2/single/rest-101011/bot""]}","[1,1,0,1,0,1]","[1,0,1,0,1,1]",0,1,3,7,away_win,away,0,84
28993,3,"{""total"":[""solutions/game_3/total/rest-011111/top"",""solutions/game_3/total/rest-010110/bot""],""single"":[""solutions/game_3/single/rest-011111/top"",""solutions/game_3/single/rest-010110/bot""]}","[0,1,1,1,1,1]","[0,1,0,1,1,0]",0,2,3,7,away_win,away,0,80
28993,4,"{""total"":[""solutions/game_4/total/rest-111011/top"",""solutions/game_4/total/rest-111101/bot""],""single"":[""solutions/game_4/single/rest-111011/top"",""solutions/game_4/single/rest-111101/bot""]}","[1,1,1,0,1,1]","[1,1,1,1,0,1]",0,3,4,1,home_win,home,1,75
28993,5,"{""total"":[""solutions/game_5/single/rest-101101/top"",""solutions/game_5/single/rest-101010/bot""],""single"":[""solutions/game_5/single/rest-101101/top"",""solutions/game_5/single/rest-101010/bot""]}","[1,0,1,1,0,1]","[1,0,1,0,1,0]",1,3,3,11,away_win,away,1,85
28994,1,"{""total"":[""solutions/game_1/total/rest-111111/top"",""solutions/game_1/total/rest-111111/bot""],""single"":[""solutions/game_1/single/rest-111111/top"",""solutions/game_1/single/rest-111111/bot""]}","[1,1,1,1,1,1]","[1,1,1,1,1,1]",0,0,4,0,home_win,home,0,69
28994,2,"{""total"":[""solutions/game_2/total/rest-111010/top"",""solutions/game_2/total/rest-001011/bot""],""single"":[""solutions/game_2/single/rest-111010/top"",""solutions/game_2/single/rest-001011/bot""]}","[1,1,1,0,1,0]","[0,0,1,0,1,1]",1,0,5,3,home_win,home,0,78
28994,3,"{""total"":[""solutions/game_3/total/rest-011111/top"",""solutions/game_3/total/rest-111110/bot""],""single"":[""solutions/game_3/single/rest-011111/top"",""solutions/game_3/single/rest-111110/bot""]}","[0,1,1,1,1,1]","[1,1,1,1,1,0]",2,0,1,9,away_win,away,0,72
28994,4,"{""total"":[""solutions/game_4/total/rest-111101/top"",""solutions/game_4/total/rest-011111/bot""],""single"":[""solutions/game_4/single/rest-111101/top"",""solutions/game_4/single/rest-011111/bot""]}","[1,1,1,1,0,1]","[0,1,1,1,1,1]",2,1,4,8,away_win,away,0,86
28994,5,"{""total"":[""solutions/game_5/single/rest-110011/top"",""solutions/game_5/single/rest-110110/bot""],""single"":[""solutions/game_5/single/rest-110011/top"",""solutions/game_5/single/rest-110110/bot""]}","[1,1,0,0,1,1]","[1,1,0,1,1,0]",2,2,2,3,away_win,away,0,78
28995,1,"{""total"":[""solutions/game_1/total/rest-111111/top"",""solutions/game_1/total/rest-111111/bot""],""single"":[""solutions/game_1/single/rest-111111/top"",""solutions/game_1/single/rest-111111/bot""]}","[1,1,1,1,1,1]","[1,1,1,1,1,1]",0,0,8,2,home_win,home,0,74
28995,2,"{""total"":[""solutions/game_2/total/rest-111010/top"",""solutions/game_2/total/rest-101010/bot""],""single"":[""solutions/game_2/single/rest-111010/top"",""solutions/game_2/single/rest-101010/bot""]}","[1,1,1,0,1,0]","[1,0,1,0,1,0]",1,0,3,3,tie,away,0,87
28995,3,"{""total"":[""solutions/game_3/total/rest-111101/top"",""solutions/game_3/total/rest-010101/bot""],""single"":[""solutions/game_3/single/rest-111101/top"",""solutions/game_3/single/rest-010101/bot""]}","[1,1,1,1,0,1]","[0,1,0,1,0,1]",1,1,6,4,home_win,home,0,80
28995,4,"{""total"":[""solutions/game_4/total/rest-011011/top"",""solutions/game_4/total/rest-110011/bot""],""single"":[""solutions/game_4/single/rest-011011/top"",""solutions/game_4/single/rest-110011/bot""]}","[0,1,1,0,1,1]","[1,1,0,0,1,1]",2,1,4,2,home_win,home,0,76
28995,5,"{""total"":[""solutions/game_5/single/rest-011110/top"",""solutions/game_5/single/rest-011010/bot""],""single"":[""solutions/game_5/single/rest-011110/top"",""solutions/game_5/single/rest-011010/bot""]}","[0,1,1,1,1,0]","[0,1,1,0,1,0]",3,1,3,11,away_win,away,1,87
28996,1,"{""total"":[""solutions/game_1/total/rest-111111/top"",""solutions/game_1/total/rest-111111/bot""],""single"":[""solutions/game_1/single/rest-111111/top"",""solutions/game_1/single/rest-111111/bot""]}","[1,1,1,1,1,1]","[1,1,1,1,1,1]",0,0,3,4,away_win,away,0,87
28996,2,"{""total"":[""solutions/game_2/total/rest-110001/top"",""solutions/game_2/total/rest-001010/bot""],""single"":[""solutions/game_2/single/rest-110001/top"",""solutions/game_2/single/rest-001010/bot""]}","[1,1,0,0,0,1]","[0,0,1,0,1,0]",0,1,5,4,home_win,home,0,79
28996,3,"{""total"":[""solutions/game_3/total/rest-001111/top"",""solutions/game_3/total/rest-110101/bot""],""single"":[""solutions/game_3/single/rest-001111/top"",""solutions/game_3/single/rest-110101/bot""]}","[0,0,1,1,1,1]","[1,1,0,1,0,1]",1,1,5,2,home_win,home,0,75
28996,4,"{""total"":[""solutions/game_4/total/rest-110101/top"",""solutions/game_4/total/rest-111011/bot""],""single"":[""solutions/game_4/single/rest-110101/top"",""solutions/game_4/single/rest-111011/bot""]}","[1,1,0,1,0,1]","[1,1,1,0,1,1]",2,1,2,7,away_win,away,0,83
28996,5,"{""total"":[""solutions/game_5/single/rest-111011/top"",""solutions/game_5/single/rest-111110/bot""],""single"":[""solutions/game_5/single/rest-111011/top"",""solutions/game_5/single/rest-111110/bot""]}","[1,1,1,0,1,1]","[1,1,1,1,1,0]",2,2,1,2,away_win,away,0,79
28997,1,"{""total"":[""solutions/game_1/total/rest-111111/top"",""solutions/game_1/total/rest-111111/bot""],""single"":[""solutions/game_1/single/rest-111111/top"",""solutions/game_1/single/rest-111111/bot""]}","[1,1,1,1,1,1]","[1,1,1,1,1,1]",0,0,9,0,home_win,home,0,73
28997,2,"{""total"":[""solutions/game_2/total/rest-101111/top"",""solutions/game_2/total/rest-011011/bot""],""single"":[""solutions/game_2/single/rest-101111/top"",""solutions/game_2/single/rest-011011/bot""]}","[1,0,1,1,1,1]","[0,1,1,0,1,1]",1,0,7,8,away_win,away,0,104
28997,3,"{""total"":[""solutions/game_3/total/rest-010001/top"",""solutions/game_3/total/rest-100110/bot""],""single"":[""solutions/game_3/single/rest-010001/top"",""solutions/game_3/single/rest-100110/bot""]}","[0,1,0,0,0,1]","[1,0,0,1,1,0]",1,1,8,5,home_win,home,0,93
28997,4,"{""total"":[""solutions/game_4/total/rest-111111/top"",""solutions/game_4/total/rest-011001/bot""],""single"":[""solutions/game_4/single/rest-111111/top"",""solutions/game_4/single/rest-011001/bot""]}","[1,1,1,1,1,1]","[0,1,1,0,0,1]",2,1,3,12,away_win,away,0,60
28997,5,"{""total"":[""solutions/game_5/single/rest-111110/top"",""solutions/game_5/single/rest-110011/bot""],""single"":[""solutions/game_5/single/rest-111110/top"",""solutions/game_5/single/rest-110011/bot""]}","[1,1,1,1,1,0]","[1,1,0,0,1,1]",2,2,9,7,home_win,home,0,84
28998,1,"{""total"":[""solutions/game_1/total/rest-111111/top"",""solutions/game_1/total/rest-111111/bot""],""single"":[""solutions/game_1/single/rest-111111/top"",""solutions/game_1/single/rest-111111/bot""]}","[1,1,1,1,1,1]","[1,1,1,1,1,1]",0,0,0,8,away_win,away,0,65
28998,2,"{""total"":[""solutions/game_2/total/rest-011111/top"",""solutions/game_2/total/rest-101011/bot""],""single"":[""solutions/game_2/single/rest-011111/top"",""solutions/game_2/single/rest-101011/bot""]}","[0,1,1,1,1,1]","[1,0,1,0,1,1]",0,1,7,5,home_win,home,0,82
28998,3,"{""total"":[""solutions/game_3/total/rest-110001/top"",""solutions/game_3/total/rest-110110/bot""],""single"":[""solutions/game_3/single/rest-110001/top"",""solutions/game_3/single/rest-110110/bot""]}","[1,1,0,0,0,1]","[1,1,0,1,1,0]",1,1,6,3,home_win,home,0,88
28998,4,"{""total"":[""solutions/game_4/total/rest-001110/top"",""solutions/game_4/total/rest-111001/bot""],""single"":[""solutions/game_4/single/rest-001110/top"",""solutions/game_4/single/rest-111001/bot""]}","[0,0,1,1,1,0]","[1,1,1,0,0,1]",2,1,3,10,away_win,away,0,79
28998,5,"{""total"":[""solutions/game_5/single/rest-101011/top"",""solutions/game_5/single/rest-101110/bot""],""single"":[""solutions/game_5/single/rest-101011/top"",""solutions/game_5/single/rest-101110/bot""]}","[1,0,1,0,1,1]","[1,0,1,1,1,0]",2,2,2,7,away_win,away,0,83
28999,1,"{""total"":[""solutions/game_1/total/rest-111111/top"",""solutions/game_1/total/rest-111111/bot""],""single"":[""solutions/game_1/single/rest-111111/top"",""solutions/game_1/single/rest-111111/bot""]}","[1,1,1,1,1,1]","[1,1,1,1,1,1]",0,0,6,2,home_win,home,0,88
28999,2,"{""total"":[""solutions/game_2/total/rest-010001/top"",""solutions/game_2/total/rest-000011/bot""],""single"":[""solutions/game_2/single/rest-010001/top"",""solutions/game_2/single/rest-000011/bot""]}","[0,1,0,0,0,1]","[0,0,0,0,1,1]",1,0,3,4,away_win,away,0,85
28999,3,"{""total"":[""solutions/game_3/total/rest-101111/top"",""solutions/game_3/total/rest-111101/bot""],""single"":[""solutions/game_3/single/rest-101111/top"",""solutions/game_3/single/rest-111101/bot""]}","[1,0,1,1,1,1]","[1,1,1,1,0,1]",1,1,7,2,home_win,home,0,85
28999,4,"{""total"":[""solutions/game_4/total/rest-101110/top"",""solutions/game_4/total/rest-111010/bot""],""single"":[""solutions/game_4/single/rest-101110/top"",""solutions/game_4/single/rest-111010/bot""]}","[1,0,1,1,1,0]","[1,1,1,0,1,0]",2,1,2,1,home_win,home,0,71
28999,5,"{""total"":[""solutions/game_5/single/rest-011101/top"",""solutions/game_5/single/rest-100110/bot""],""single"":[""solutions/game_5/single/rest-011101/top"",""solutions/game_5/single/rest-100110/bot""]}","[0,1,1,1,0,1]","[1,0,0,1,1,0]",3,1,8,4,home_win,home,1,80
29000,1,"{""total"":[""solutions/game_1/total/rest-111111/top"",""solutions/game_1/total/rest-111111/bot""],""single"":[""solutions/game_1/single/rest-111111/top"",""solutions/game_1/single/rest-111111/bot""]}","[1,1,1,1,1,1]","[1,1,1,1,1,1]",0,0,5,3,home_win,home,0,75
29000,2,"{""total"":[""solutions/game_2/total/rest-111011/top"",""solutions/game_2/total/rest-110110/bot""],""single"":[""solutions/game_2/single/rest-111011/top"",""solutions/game_2/single/rest-110110/bot""]}","[1,1,1,0,1,1]","[1,1,0,1,1,0]",1,0,6,2,home_win,home,0,77
29000,3,"{""total"":[""solutions/game_3/total/rest-111110/top"",""solutions/game_3/total/rest-101101/bot""],""single"":[""solutions/game_3/single/rest-111110/top"",""solutions/game_3/single/rest-101101/bot""]}","[1,1,1,1,1,0]","[1,0,1,1,0,1]",2,0,4,13,away_win,away,0,86
29000,4,"{""total"":[""solutions/game_4/total/rest-010101/top"",""solutions/game_4/total/rest-110111/bot""],""single"":[""solutions/game_4/single/rest-010101/top"",""solutions/game_4/single/rest-110111/bot""]}","[0,1,0,1,0,1]","[1,1,0,1,1,1]",2,1,5,3,home_win,home,0,72
29000,5,"{""total"":[""solutions/game_5/single/rest-111010/top"",""solutions/game_5/single/rest-001010/bot""],""single"":[""solutions/game_5/single/rest-111010/top"",""solutions/game_5/single/rest-001010/bot""]}","[1,1,1,0,1,0]","[0,0,1,0,1,0]",3,1,0,8,away_win,away,1,19
29001,1,"{""total"":[""solutions/game_1/total/rest-111111/top"",""solutions/game_1/total/rest-111111/bot""],""single"":[""solutions/game_1/single/rest-111111/top"",""solutions/game_1/single/rest-111111/bot""]}","[1,1,1,1,1,1]","[1,1,1,1,1,1]",0,0,4,1,home_win,home,0,73
29001,2,"{""total"":[""solutions/game_2/total/rest-111011/top"",""solutions/game_2/total/rest-001010/bot""],""single"":[""solutions/game_2/single/rest-111011/top"",""solutions/game_2/single/rest-001010/bot""]}","[1,1,1,0,1,1]","[0,0,1,0,1,0]",1,0,6,5,home_win,home,0,88
29001,3,"{""total"":[""solutions/game_3/total/rest-010001/top"",""solutions/game_3/total/rest-110101/bot""],""single"":[""solutions/game_3/single/rest-010001/top"",""solutions/game_3/single/rest-110101/bot""]}","[0,1,0,0,0,1]","[1,1,0,1,0,1]",2,0,3,7,away_win,away,0,90
29001,4,"{""total"":[""solutions/game_4/total/rest-101110/top"",""solutions/game_4/total/rest-100000/bot""],""single"":[""solutions/game_4/single/rest-101110/top"",""solutions/game_4/single/rest-100000/bot""]}","[1,0,1,1,1,0]","[1,0,0,0,0,0]",2,1,5,2,home_win,home,0,71
29001,5,"{""total"":[""solutions/game_5/single/rest-111101/top"",""solutions/game_5/single/rest-011111/bot""],""single"":[""solutions/game_5/single/rest-111101/top"",""solutions/game_5/single/rest-011111/bot""]}","[1,1,1,1,0,1]","[0,1,1,1,1,1]",3,1,4,3,home_win,home,1,80
29002,1,"{""total"":[""solutions/game_1/total/rest-111111/top"",""solutions/game_1/total/rest-111111/bot""],""single"":[""solutions/game_1/single/rest-111111/top"",""solutions/game_1/single/rest-111111/bot""]}","[1,1,1,1,1,1]","[1,1,1,1,1,1]",0,0,4,4,tie,away,0,93
29002,2,"{""total"":[""solutions/game_2/total/rest-000001/top"",""solutions/game_2/total/rest-011010/bot""],""single"":[""solutions/game_2/single/rest-000001/top"",""solutions/game_2/single/rest-011010/bot""]}","[0,0,0,0,0,1]","[0,1,1,0,1,0]",0,1,1,10,away_win,away,0,78
29002,3,"{""total"":[""solutions/game_3/total/rest-111010/top"",""solutions/game_3/total/rest-011100/bot""],""single"":[""solutions/game_3/single/rest-111010/top"",""solutions/game_3/single/rest-011100/bot""]}","[1,1,1,0,1,0]","[0,1,1,1,0,0]",0,2,12,11,home_win,home,0,103
29002,4,"{""total"":[""solutions/game_4/total/rest-100111/top"",""solutions/game_4/total/rest-010001/bot""],""single"":[""solutions/game_4/single/rest-100111/top"",""solutions/game_4/single/rest-010001/bot""]}","[1,0,0,1,1,1]","[0,1,0,0,0,1]",1,2,4,3,home_win,home,0,86
29002,5,"{""total"":[""solutions/game_5/single/rest-111000/top"",""solutions/game_5/single/rest-001110/bot""],""single"":[""solutions/game_5/single/rest-111000/top"",""solutions/game_5/single/rest-001110/bot""]}","[1,1,1,0,0,0]","[0,0,1,1,1,0]",2,2,6,12,away_win,away,0,96
29003,1,"{""total"":[""solutions/game_1/total/rest-111111/top"",""solutions/game_1/total/rest-111111/bot""],""single"":[""solutions/game_1/single/rest-111111/top"",""solutions/game_1/single/rest-111111/bot""]}","[1,1,1,1,1,1]","[1,1,1,1,1,1]",0,0,2,8,away_win,away,0,91
29003,2,"{""total"":[""solutions/game_2/total/rest-101111/top"",""solutions/game_2/total/rest-011110/bot""],""single"":[""solutions/game_2/single/rest-101111/top"",""solutions/game_2/single/rest-011110/bot""]}","[1,0,1,1,1,1]","[0,1,1,1,1,0]",0,1,2,5,away_win,away,0,83
29003,3,"{""total"":[""solutions/game_3/total/rest-011110/top"",""solutions/game_3/total/rest-101001/bot""],""single"":[""solutions/game_3/single/rest-011110/top"",""solutions/game_3/single/rest-101001/bot""]}","[0,1,1,1,1,0]","[1,0,1,0,0,1]",0,2,7,10,away_win,away,0,100
29003,4,"{""total"":[""solutions/game_4/total/rest-101001/top"",""solutions/game_4/total/rest-110111/bot""],""single"":[""solutions/game_4/single/rest-101001/top"",""solutions/game_4/single/rest-110111/bot""]}","[1,0,1,0,0,1]","[1,1,0,1,1,1]",0,3,1,6,away_win,away,1,80
29003,5,"{""total"":[""solutions/game_5/single/rest-111101/top"",""solutions/game_5/single/rest-001010/bot""],""single"":[""solutions/game_5/single/rest-111101/top"",""solutions/game_5/single/rest-001010/bot""]}","[1,1,1,1,0,1]","[0,0,1,0,1,0]",0,4,6,3,home_win,home,1,88
29004,1,"{""total"":[""solutions/game_1/total/rest-111111/top"",""solutions/game_1/total/rest-111111/bot""],""single"":[""solutions/game_1/single/rest-111111/top"",""solutions/game_1/single/rest-111111/bot""]}","[1,1,1,1,1,1]","[1,1,1,1,1,1]",0,0,3,3,tie,away,0,91
29004,2,"{""total"":[""solutions/game_2/total/rest-110001/top"",""solutions/game_2/total/rest-011010/bot""],""single"":[""solutions/game_2/single/rest-110001/top"",""solutions/game_2/single/rest-011010/bot""]}","[1,1,0,0,0,1]","[0,1,1,0,1,0]",0,1,3,1,home_win,home,0,73
29004,3,"{""total"":[""solutions/game_3/total/rest-011110/top"",""solutions/game_3/total/rest-101101/bot""],""single"":[""solutions/game_3/single/rest-011110/top"",""solutions/game_3/single/rest-101101/bot""]}","[0,1,1,1,1,0]","[1,0,1,1,0,1]",1,1,5,4,home_win,home,0,93
29004,4,"{""total"":[""solutions/game_4/total/rest-100000/top"",""solutions/game_4/total/rest-010011/bot""],""single"":[""solutions/game_4/single/rest-100000/top"",""solutions/game_4/single/rest-010011/bot""]}","[1,0,0,0,0,0]","[0,1,0,0,1,1]",2,1,7,12,away_win,away,0,94
29004,5,"{""total"":[""solutions/game_5/single/rest-001111/top"",""solutions/game_5/single/rest-101110/bot""],""single"":[""solutions/game_5/single/rest-001111/top"",""solutions/game_5/single/rest-101110/bot""]}","[0,0,1,1,1,1]","[1,0,1,1,1,0]",2,2,6,5,home_win,home,0,88
29005,1,"{""total"":[""solutions/game_1/total/rest-111111/top"",""solutions/game_1/total/rest-111111/bot""],""single"":[""solutions/game_1/single/rest-111111/top"",""solutions/game_1/single/rest-111111/bot""]}","[1,1,1,1,1,1]","[1,1,1,1,1,1]",0,0,4,2,home_win,home,0,77
29005,2,"{""total"":[""solutions/game_2/total/rest-110111/top"",""solutions/game_2/total/rest-101011/bot""],""single"":[""solutions/game_2/single/rest-110111/top"",""solutions/game_2/single/rest-101011/bot""]}","[1,1,0,1,1,1]","[1,0,1,0,1,1]",1,0,1,2,away_win,away,0,74
29005,3,"{""total"":[""solutions/game_3/total/rest-111001/top"",""solutions/game_3/total/rest-011100/bot""],""single"":[""solutions/game_3/single/rest-111001/top"",""solutions/game_3/single/rest-011100/bot""]}","[1,1,1,0,0,1]","[0,1,1,1,0,0]",1,1,8,0,home_win,home,0,41
29005,4,"{""total"":[""solutions/game_4/total/rest-111111/top"",""solutions/game_4/total/rest-111111/bot""],""single"":[""solutions/game_4/single/rest-111111/top"",""solutions/game_4/single/rest-111111/bot""]}","[1,1,1,1,1,1]","[1,1,1,1,1,1]",2,1,6,9,away_win,away,0,91
29005,5,"{""total"":[""solutions/game_5/single/rest-110001/top"",""solutions/game_5/single/rest-001010/bot""],""single"":[""solutions/game_5/single/rest-110001/top"",""solutions/game_5/single/rest-001010/bot""]}","[1,1,0,0,0,1]","[0,0,1,0,1,0]",2,2,5,4,home_win,home,0,87
29006,1,"{""total"":[""solutions/game_1/total/rest-111111/top"",""solutions/game_1/total/rest-111111/bot""],""single"":[""solutions/game_1/single/rest-111111/top"",""solutions/game_1/single/rest-111111/bot""]}","[1,1,1,1,1,1]","[1,1,1,1,1,1]",0,0,0,3,away_win,away,0,84
29006,2,"{""total"":[""solutions/game_2/total/rest-011011/top"",""solutions/game_2/total/rest-011010/bot""],""single"":[""solutions/game_2/single/rest-011011/top"",""solutions/game_2/single/rest-011010/bot""]}","[0,1,1,0,1,1]","[0,1,1,0,1,0]",0,1,5,1,home_win,home,0,74
29006,3,"{""total"":[""solutions/game_3/total/rest-000101/top"",""solutions/game_3/total/rest-111111/bot""],""single"":[""solutions/game_3/single/rest-000101/top"",""solutions/game_3/single/rest-111111/bot""]}","[0,0,0,1,0,1]","[1,1,1,1,1,1]",1,1,3,6,away_win,away,0,85
29006,4,"{""total"":[""solutions/game_4/total/rest-110111/top"",""solutions/game_4/total/rest-010011/bot""],""single"":[""solutions/game_4/single/rest-110111/top"",""solutions/game_4/single/rest-010011/bot""]}","[1,1,0,1,1,1]","[0,1,0,0,1,1]",1,2,3,11,away_win,away,0,81
29006,5,"{""total"":[""solutions/game_5/single/rest-011110/top"",""solutions/game_5/single/rest-110001/bot""],""single"":[""solutions/game_5/single/rest-011110/top"",""solutions/game_5/single/rest-110001/bot""]}","[0,1,1,1,1,0]","[1,1,0,0,0,1]",1,3,11,10,home_win,home,1,102
29007,1,"{""total"":[""solutions/game_1/total/rest-111111/top"",""solutions/game_1/total/rest-111111/bot""],""single"":[""solutions/game_1/single/rest-111111/top"",""solutions/game_1/single/rest-111111/bot""]}","[1,1,1,1,1,1]","[1,1,1,1,1,1]",0,0,8,0,home_win,home,0,40
29007,2,"{""total"":[""solutions/game_2/total/rest-111111/top"",""solutions/game_2/total/rest-111111/bot""],""single"":[""solutions/game_2/single/rest-111111/top"",""solutions/game_2/single/rest-111111/bot""]}","[1,1,1,1,1,1]","[1,1,1,1,1,1]",1,0,0,8,away_win,away,0,69
29007,3,"{""total"":[""solutions/game_3/total/rest-101111/top"",""solutions/game_3/total/rest-011110/bot""],""single"":[""solutions/game_3/single/rest-101111/top"",""solutions/game_3/single/rest-011110/bot""]}","[1,0,1,1,1,1]","[0,1,1,1,1,0]",1,1,10,10,tie,away,0,110
29007,4,"{""total"":[""solutions/game_4/total/rest-010001/top"",""solutions/game_4/total/rest-100001/bot""],""single"":[""solutions/game_4/single/rest-010001/top"",""solutions/game_4/single/rest-100001/bot""]}","[0,1,0,0,0,1]","[1,0,0,0,0,1]",1,2,6,3,home_win,home,0,87
29007,5,"{""total"":[""solutions/game_5/single/rest-100101/top"",""solutions/game_5/single/rest-101110/bot""],""single"":[""solutions/game_5/single/rest-100101/top"",""solutions/game_5/single/rest-101110/bot""]}","[1,0,0,1,0,1]","[1,0,1,1,1,0]",2,2,4,6,away_win,away,0,83
29008,1,"{""total"":[""solutions/game_1/total/rest-111111/top"",""solutions/game_1/total/rest-111111/bot""],""single"":[""solutions/game_1/single/rest-111111/top"",""solutions/game_1/single/rest-111111/bot""]}","[1,1,1,1,1,1]","[1,1,1,1,1,1]",0,0,2,4,away_win,away,0,84
29008,2,"{""total"":[""solutions/game_2/total/rest-111101/top"",""solutions/game_2/total/rest-001110/bot""],""single"":[""solutions/game_2/single/rest-111101/top"",""solutions/game_2/single/rest-001110/bot""]}","[1,1,1,1,0,1]","[0,0,1,1,1,0]",0,1,0,4,away_win,away,0,73
29008,3,"{""total"":[""solutions/game_3/total/rest-001011/top"",""solutions/game_3/total/rest-101111/bot""],""single"":[""solutions/game_3/single/rest-001011/top"",""solutions/game_3/single/rest-101111/bot""]}","[0,0,1,0,1,1]","[1,0,1,1,1,1]",0,2,2,4,away_win,away,0,79
29008,4,"{""total"":[""solutions/game_4/total/rest-110100/top"",""solutions/game_4/total/rest-011010/bot""],""single"":[""solutions/game_4/single/rest-110100/top"",""solutions/game_4/single/rest-011010/bot""]}","[1,1,0,1,0,0]","[0,1,1,0,1,0]",0,3,7,4,home_win,home,1,79
29008,5,"{""total"":[""solutions/game_5/single/rest-001111/top"",""solutions/game_5/single/rest-100111/bot""],""single"":[""solutions/game_5/single/rest-001111/top"",""solutions/game_5/single/rest-100111/bot""]}","[0,0,1,1,1,1]","[1,0,0,1,1,1]",1,3,6,7,away_win,away,1,96
29009,1,"{""total"":[""solutions/game_1/total/rest-111111/top"",""solutions/game_1/total/rest-111111/bot""],""single"":[""solutions/game_1/single/rest-111111/top"",""solutions/game_1/single/rest-111111/bot""]}","[1,1,1,1,1,1]","[1,1,1,1,1,1]",0,0,8,0,home_win,home,0,22
29009,2,"{""total"":[""solutions/game_2/total/rest-111111/top"",""solutions/game_2/total/rest-111111/bot""],""single"":[""solutions/game_2/single/rest-111111/top"",""solutions/game_2/single/rest-111111/bot""]}","[1,1,1,1,1,1]","[1,1,1,1,1,1]",1,0,1,0,home_win,home,0,65
29009,3,"{""total"":[""solutions/game_3/total/rest-111111/top"",""solutions/game_3/total/rest-001111/bot""],""single"":[""solutions/game_3/single/rest-111111/top"",""solutions/game_3/single/rest-001111/bot""]}","[1,1,1,1,1,1]","[0,0,1,1,1,1]",2,0,7,3,home_win,home,0,75
29009,4,"{""total"":[""solutions/game_4/total/rest-101001/top"",""solutions/game_4/total/rest-110111/bot""],""single"":[""solutions/game_4/single/rest-101001/top"",""solutions/game_4/single/rest-110111/bot""]}","[1,0,1,0,0,1]","[1,1,0,1,1,1]",3,0,6,3,home_win,home,1,80
29009,5,"{""total"":[""solutions/game_5/single/rest-010111/top"",""solutions/game_5/single/rest-011111/bot""],""single"":[""solutions/game_5/single/rest-010111/top"",""solutions/game_5/single/rest-011111/bot""]}","[0,1,0,1,1,1]","[0,1,1,1,1,1]",4,0,1,10,away_win,away,1,73
29010,1,"{""total"":[""solutions/game_1/total/rest-111111/top"",""solutions/game_1/total/rest-111111/bot""],""single"":[""solutions/game_1/single/rest-111111/top"",""solutions/game_1/single/rest-111111/bot""]}","[1,1,1,1,1,1]","[1,1,1,1,1,1]",0,0,5,2,home_win,home,0,75
29010,2,"{""total"":[""solutions/game_2/total/rest-111111/top"",""solutions/game_2/total/rest-111110/bot""],""single"":[""solutions/game_2/single/rest-111111/top"",""solutions/game_2/single/rest-111110/bot""]}","[1,1,1,1,1,1]","[1,1,1,1,1,0]",1,0,1,0,home_win,home,0,66
29010,3,"{""total"":[""solutions/game_3/total/rest-110111/top"",""solutions/game_3/total/rest-101111/bot""],""single"":[""solutions/game_3/single/rest-110111/top"",""solutions/game_3/single/rest-101111/bot""]}","[1,1,0,1,1,1]","[1,0,1,1,1,1]",2,0,0,4,away_win,away,0,76
29010,4,"{""total"":[""solutions/game_4/total/rest-111011/top"",""solutions/game_4/total/rest-011011/bot""],""single"":[""solutions/game_4/single/rest-111011/top"",""solutions/game_4/single/rest-011011/bot""]}","[1,1,1,0,1,1]","[0,1,1,0,1,1]",2,1,1,4,away_win,away,0,74
29010,5,"{""total"":[""solutions/game_5/single/rest-111101/top"",""solutions/game_5/single/rest-110011/bot""],""single"":[""solutions/game_5/single/rest-111101/top"",""solutions/game_5/single/rest-110011/bot""]}","[1,1,1,1,0,1]","[1,1,0,0,1,1]",2,2,9,1,home_win,home,0,78
29011,1,"{""total"":[""solutions/game_1/total/rest-111111/top"",""solutions/game_1/total/rest-111111/bot""],""single"":[""solutions/game_1/single/rest-111111/top"",""solutions/game_1/single/rest-111111/bot""]}","[1,1,1,1,1,1]","[1,1,1,1,1,1]",0,0,0,3,away_win,away,0,78
29011,2,"{""total"":[""solutions/game_2/total/rest-111100/top"",""solutions/game_2/total/rest-111110/bot""],""single"":[""solutions/game_2/single/rest-111100/top"",""solutions/game_2/single/rest-111110/bot""]}","[1,1,1,1,0,0]","[1,1,1,1,1,0]",0,1,8,12,away_win,away,0,103
29011,3,"{""total"":[""solutions/game_3/total/rest-001011/top"",""solutions/game_3/total/rest-010000/bot""],""single"":[""solutions/game_3/single/rest-001011/top"",""solutions/game_3/single/rest-010000/bot""]}","[0,0,1,0,1,1]","[0,1,0,0,0,0]",0,2,2,1,home_win,home,0,67
29011,4,"{""total"":[""solutions/game_4/total/rest-110101/top"",""solutions/game_4/total/rest-111111/bot""],""single"":[""solutions/game_4/single/rest-110101/top"",""solutions/game_4/single/rest-111111/bot""]}","[1,1,0,1,0,1]","[1,1,1,1,1,1]",1,2,4,3,home_win,home,0,77
29011,5,"{""total"":[""solutions/game_5/single/rest-011111/top"",""solutions/game_5/single/rest-001010/bot""],""single"":[""solutions/game_5/single/rest-011111/top"",""solutions/game_5/single/rest-001010/bot""]}","[0,1,1,1,1,1]","[0,0,1,0,1,0]",2,2,5,2,home_win,home,0,87
29012,1,"{""total"":[""solutions/game_1/total/rest-111111/top"",""solutions/game_1/total/rest-111111/bot""],""single"":[""solutions/game_1/single/rest-111111/top"",""solutions/game_1/single/rest-111111/bot""]}","[1,1,1,1,1,1]","[1,1,1,1,1,1]",0,0,5,0,home_win,home,0,74
29012,2,"{""total"":[""solutions/game_2/total/rest-111111/top"",""solutions/game_2/total/rest-001010/bot""],""single"":[""solutions/game_2/single/rest-111111/top"",""solutions/game_2/single/rest-001010/bot""]}","[1,1,1,1,1,1]","[0,0,1,0,1,0]",1,0,3,6,away_win,away,0,83
29012,3,"{""total"":[""solutions/game_3/total/rest-011110/top"",""solutions/game_3/total/rest-101101/bot""],""single"":[""solutions/game_3/single/rest-011110/top"",""solutions/game_3/single/rest-101101/bot""]}","[0,1,1,1,1,0]","[1,0,1,1,0,1]",1,1,2,10,away_win,away,0,64
29012,4,"{""total"":[""solutions/game_4/total/rest-101111/top"",""solutions/game_4/total/rest-011111/bot""],""single"":[""solutions/game_4/single/rest-101111/top"",""solutions/game_4/single/rest-011111/bot""]}","[1,0,1,1,1,1]","[0,1,1,1,1,1]",1,2,7,6,home_win,home,0,92
29012,5,"{""total"":[""solutions/game_5/single/rest-010101/top"",""solutions/game_5/single/rest-111101/bot""],""single"":[""solutions/game_5/single/rest-010101/top"",""solutions/game_5/single/rest-111101/bot""]}","[0,1,0,1,0,1]","[1,1,1,1,0,1]",2,2,9,7,home_win,home,0,92
29013,1,"{""total"":[""solutions/game_1/total/rest-111111/top"",""solutions/game_1/total/rest-111111/bot""],""single"":[""solutions/game_1/single/rest-111111/top"",""solutions/game_1/single/rest-111111/bot""]}","[1,1,1,1,1,1]","[1,1,1,1,1,1]",0,0,4,3,home_win,home,0,87
29013,2,"{""total"":[""solutions/game_2/total/rest-010001/top"",""solutions/game_2/total/rest-001011/bot""],""single"":[""solutions/game_2/single/rest-010001/top"",""solutions/game_2/single/rest-001011/bot""]}","[0,1,0,0,0,1]","[0,0,1,0,1,1]",1,0,0,10,away_win,away,0,74
29013,3,"{""total"":[""solutions/game_3/total/rest-111111/top"",""solutions/game_3/total/rest-101101/bot""],""single"":[""solutions/game_3/single/rest-111111/top"",""solutions/game_3/single/rest-101101/bot""]}","[1,1,1,1,1,1]","[1,0,1,1,0,1]",1,1,3,6,away_win,away,0,82
29013,4,"{""total"":[""solutions/game_4/total/rest-001111/top"",""solutions/game_4/total/rest-010110/bot""],""single"":[""solutions/game_4/single/rest-001111/top"",""solutions/game_4/single/rest-010110/bot""]}","[0,0,1,1,1,1]","[0,1,0,1,1,0]",1,2,0,3,away_win,away,0,72
29013,5,"{""total"":[""solutions/game_5/single/rest-111100/top"",""solutions/game_5/single/rest-110011/bot""],""single"":[""solutions/game_5/single/rest-111100/top"",""solutions/game_5/single/rest-110011/bot""]}","[1,1,1,1,0,0]","[1,1,0,0,1,1]",1,3,9,5,home_win,home,1,89
29014,1,"{""total"":[""solutions/game_1/total/rest-111111/top"",""solutions/game_1/total/rest-111111/bot""],""single"":[""solutions/game_1/single/rest-111111/top"",""solutions/game_1/single/rest-111111/bot""]}","[1,1,1,1,1,1]","[1,1,1,1,1,1]",0,0,0,8,away_win,away,0,66
29014,2,"{""total"":[""solutions/game_2/total/rest-111101/top"",""solutions/game_2/total/rest-011111/bot""],""single"":[""solutions/game_2/single/rest-111101/top"",""solutions/game_2/single/rest-011111/bot""]}","[1,1,1,1,0,1]","[0,1,1,1,1,1]",0,1,2,3,away_win,away,0,73
29014,3,"{""total"":[""solutions/game_3/total/rest-010111/top"",""solutions/game_3/total/rest-101110/bot""],""single"":[""solutions/game_3/single/rest-010111/top"",""solutions/game_3/single/rest-101110/bot""]}","[0,1,0,1,1,1]","[1,0,1,1,1,0]",0,2,5,4,home_win,home,0,82
29014,4,"{""total"":[""solutions/game_4/total/rest-111001/top"",""solutions/game_4/total/rest-011111/bot""],""single"":[""solutions/game_4/single/rest-111001/top"",""solutions/game_4/single/rest-011111/bot""]}","[1,1,1,0,0,1]","[0,1,1,1,1,1]",1,2,4,3,home_win,home,0,79
29014,5,"{""total"":[""solutions/game_5/single/rest-111110/top"",""solutions/game_5/single/rest-110110/bot""],""single"":[""solutions/game_5/single/rest-111110/top"",""solutions/game_5/single/rest-110110/bot""]}","[1,1,1,1,1,0]","[1,1,0,1,1,0]",2,2,2,1,home_win,home,0,75
29015,1,"{""total"":[""solutions/game_1/total/rest-111111/top"",""solutions/game_1/total/rest-111111/bot""],""single"":[""solutions/game_1/single/rest-111111/top"",""solutions/game_1/single/rest-111111/bot""]}","[1,1,1,1,1,1]","[1,1,1,1,1,1]",0,0,5,3,home_win,home,0,74
29015,2,"{""total"":[""solutions/game_2/total/rest-110101/top"",""solutions/game_2/total/rest-101111/bot""],""single"":[""solutions/game_2/single/rest-110101/top"",""solutions/game_2/single/rest-101111/bot""]}","[1,1,0,1,0,1]","[1,0,1,1,1,1]",1,0,2,7,away_win,away,0,80
29015,3,"{""total"":[""solutions/game_3/total/rest-111110/top"",""solutions/game_3/total/rest-010011/bot""],""single"":[""solutions/game_3/single/rest-111110/top"",""solutions/game_3/single/rest-010011/bot""]}","[1,1,1,1,1,0]","[0,1,0,0,1,1]",1,1,7,3,home_win,home,0,90
29015,4,"{""total"":[""solutions/game_4/total/rest-011011/top"",""solutions/game_4/total/rest-101100/bot""],""single"":[""solutions/game_4/single/rest-011011/top"",""solutions/game_4/single/rest-101100/bot""]}","[0,1,1,0,1,1]","[1,0,1,1,0,0]",2,1,2,3,away_win,away,0,73
29015,5,"{""total"":[""solutions/game_5/single/rest-110101/top"",""solutions/game_5/single/rest-110111/bot""],""single"":[""solutions/game_5/single/rest-110101/top"",""solutions/game_5/single/rest-110111/bot""]}","[1,1,0,1,0,1]","[1,1,0,1,1,1]",2,2,5,4,home_win,home,0,80
29016,1,"{""total"":[""solutions/game_1/total/rest-111111/top"",""solutions/game_1/total/rest-111111/bot""],""single"":[""solutions/game_1/single/rest-111111/top"",""solutions/game_1/single/rest-111111/bot""]}","[1,1,1,1,1,1]","[1,1,1,1,1,1]",0,0,4,3,home_win,home,0,81
29016,2,"{""total"":[""solutions/game_2/total/rest-111011/top"",""solutions/game_2/total/rest-011000/bot""],""single"":[""solutions/game_2/single/rest-111011/top"",""solutions/game_2/single/rest-011000/bot""]}","[1,1,1,0,1,1]","[0,1,1,0,0,0]",1,0,9,12,away_win,away,0,97
29016,3,"{""total"":[""solutions/game_3/total/rest-101110/top"",""solutions/game_3/total/rest-110010/bot""],""single"":[""solutions/game_3/single/rest-101110/top"",""solutions/game_3/single/rest-110010/bot""]}","[1,0,1,1,1,0]","[1,1,0,0,1,0]",1,1,7,6,home_win,home,0,84
29016,4,"{""total"":[""solutions/game_4/total/rest-110101/top"",""solutions/game_4/total/rest-011111/bot""],""single"":[""solutions/game_4/single/rest-110101/top"",""solutions/game_4/single/rest-011111/bot""]}","[1,1,0,1,0,1]","[0,1,1,1,1,1]",2,1,4,5,away_win,away,0,84
29016,5,"{""total"":[""solutions/game_5/single/rest-101111/top"",""solutions/game_5/single/rest-100111/bot""],""single"":[""solutions/game_5/single/rest-101111/top"",""solutions/game_5/single/rest-100111/bot""]}","[1,0,1,1,1,1]","[1,0,0,1,1,1]",2,2,7,1,home_win,home,0,77
29017,1,"{""total"":[""solutions/game_1/total/rest-111111/top"",""solutions/game_1/total/rest-111111/bot""],""single"":[""solutions/game_1/single/rest-111111/top"",""solutions/game_1/single/rest-111111/bot""]}","[1,1,1,1,1,1]","[1,1,1,1,1,1]",0,0,4,2,home_win,home,0,78
29017,2,"{""total"":[""solutions/game_2/total/rest-110011/top"",""solutions/game_2/total/rest-011110/bot""],""single"":[""solutions/game_2/single/rest-110011/top"",""solutions/game_2/single/rest-011110/bot""]}","[1,1,0,0,1,1]","[0,1,1,1,1,0]",1,0,2,10,away_win,away,0,46
29017,3,"{""total"":[""solutions/game_3/total/rest-111111/top"",""solutions/game_3/total/rest-111111/bot""],""single"":[""solutions/game_3/single/rest-111111/top"",""solutions/game_3/single/rest-111111/bot""]}","[1,1,1,1,1,1]","[1,1,1,1,1,1]",1,1,8,0,home_win,home,0,23
29017,4,"{""total"":[""solutions/game_4/total/rest-111111/top"",""solutions/game_4/total/rest-111111/bot""],""single"":[""solutions/game_4/single/rest-111111/top"",""solutions/game_4/single/rest-111111/bot""]}","[1,1,1,1,1,1]","[1,1,1,1,1,1]",2,1,3,5,away_win,away,0,83
29017,5,"{""total"":[""solutions/game_5/single/rest-110101/top"",""solutions/game_5/single/rest-001010/bot""],""single"":[""solutions/game_5/single/rest-110101/top"",""solutions/game_5/single/rest-001010/bot""]}","[1,1,0,1,0,1]","[0,0,1,0,1,0]",2,2,6,1,home_win,home,0,76
29018,1,"{""total"":[""solutions/game_1/total/rest-111111/top"",""solutions/game_1/total/rest-111111/bot""],""single"":[""solutions/game_1/single/rest-111111/top"",""solutions/game_1/single/rest-111111/bot""]}","[1,1,1,1,1,1]","[1,1,1,1,1,1]",0,0,4,3,home_win,home,0,73
29018,2,"{""total"":[""solutions/game_2/total/rest-110101/top"",""solutions/game_2/total/rest-011011/bot""],""single"":[""solutions/game_2/single/rest-110101/top"",""solutions/game_2/single/rest-011011/bot""]}","[1,1,0,1,0,1]","[0,1,1,0,1,1]",1,0,4,8,away_win,away,0,86
29018,3,"{""total"":[""solutions/game_3/total/rest-111010/top"",""solutions/game_3/total/rest-111110/bot""],""single"":[""solutions/game_3/single/rest-111010/top"",""solutions/game_3/single/rest-111110/bot""]}","[1,1,1,0,1,0]","[1,1,1,1,1,0]",1,1,8,2,home_win,home,0,81
29018,4,"{""total"":[""solutions/game_4/total/rest-111111/top"",""solutions/game_4/total/rest-001011/bot""],""single"":[""solutions/game_4/single/rest-111111/top"",""solutions/game_4/single/rest-001011/bot""]}","[1,1,1,1,1,1]","[0,0,1,0,1,1]",2,1,6,12,away_win,away,0,90
29018,5,"{""total"":[""solutions/game_5/single/rest-111110/top"",""solutions/game_5/single/rest-111101/bot""],""single"":[""solutions/game_5/single/rest-111110/top"",""solutions/game_5/single/rest-111101/bot""]}","[1,1,1,1,1,0]","[1,1,1,1,0,1]",2,2,1,9,away_win,away,0,39
29019,1,"{""total"":[""solutions/game_1/total/rest-111111/top"",""solutions/game_1/total/rest-111111/bot""],""single"":[""solutions/game_1/single/rest-111111/top"",""solutions/game_1/single/rest-111111/bot""]}","[1,1,1,1,1,1]","[1,1,1,1,1,1]",0,0,1,9,away_win,away,0,78
29019,2,"{""total"":[""solutions/game_2/total/rest-111111/top"",""solutions/game_2/total/rest-101011/bot""],""single"":[""solutions/game_2/single/rest-111111/top"",""solutions/game_2/single/rest-101011/bot""]}","[1,1,1,1,1,1]","[1,0,1,0,1,1]",0,1,4,2,home_win,home,0,78
29019,3,"{""total"":[""solutions/game_3/total/rest-111001/top"",""solutions/game_3/total/rest-110111/bot""],""single"":[""solutions/game_3/single/rest-111001/top"",""solutions/game_3/single/rest-110111/bot""]}","[1,1,1,0,0,1]","[1,1,0,1,1,1]",1,1,6,1,home_win,home,0,77
29019,4,"{""total"":[""solutions/game_4/total/rest-101111/top"",""solutions/game_4/total/rest-001010/bot""],""single"":[""solutions/game_4/single/rest-101111/top"",""solutions/game_4/single/rest-001010/bot""]}","[1,0,1,1,1,1]","[0,0,1,0,1,0]",2,1,0,8,away_win,away,0,56
29019,5,"{""total"":[""solutions/game_5/single/rest-111111/top"",""solutions/game_5/single/rest-001111/bot""],""single"":[""solutions/game_5/single/rest-111111/top"",""solutions/game_5/single/rest-001111/bot""]}","[1,1,1,1,1,1]","[0,0,1,1,1,1]",2,2,1,5,away_win,away,0,84
29020,1,"{""total"":[""solutions/game_1/total/rest-111111/top"",""solutions/game_1/total/rest-111111/bot""],""single"":[""solutions/game_1/single/rest-111111/top"",""solutions/game_1/single/rest-111111/bot""]}","[1,1,1,1,1,1]","[1,1,1,1,1,1]",0,0,3,2,home_win,home,0,87
29020,2,"{""total"":[""solutions/game_2/total/rest-110011/top"",""solutions/game_2/total/rest-001011/bot""],""single"":[""solutions/game_2/single/rest-110011/top"",""solutions/game_2/single/rest-001011/bot""]}","[1,1,0,0,1,1]","[0,0,1,0,1,1]",1,0,6,3,home_win,home,0,80
29020,3,"{""total"":[""solutions/game_3/total/rest-111100/top"",""solutions/game_3/total/rest-110100/bot""],""single"":[""solutions/game_3/single/rest-111100/top"",""solutions/game_3/single/rest-110100/bot""]}","[1,1,1,1,0,0]","[1,1,0,1,0,0]",2,0,8,2,home_win,home,0,83
29020,4,"{""total"":[""solutions/game_4/total/rest-011111/top"",""solutions/game_4/total/rest-001101/bot""],""single"":[""solutions/game_4/single/rest-011111/top"",""solutions/game_4/single/rest-001101/bot""]}","[0,1,1,1,1,1]","[0,0,1,1,0,1]",3,0,6,7,away_win,away,1,91
29020,5,"{""total"":[""solutions/game_5/single/rest-111100/top"",""solutions/game_5/single/rest-010111/bot""],""single"":[""solutions/game_5/single/rest-111100/top"",""solutions/game_5/single/rest-010111/bot""]}","[1,1,1,1,0,0]","[0,1,0,1,1,1]",3,1,3,6,away_win,away,1,80
29021,1,"{""total"":[""solutions/game_1/total/rest-111111/top"",""solutions/game_1/total/rest-111111/bot""],""single"":[""solutions/game_1/single/rest-111111/top"",""solutions/game_1/single/rest-111111/bot""]}","[1,1,1,1,1,1]","[1,1,1,1,1,1]",0,0,4,7,away_win,away,0,84
29021,2,"{""total"":[""solutions/game_2/total/rest-011011/top"",""solutions/game_2/total/rest-101010/bot""],""single"":[""solutions/game_2/single/rest-011011/top"",""solutions/game_2/single/rest-101010/bot""]}","[0,1,1,0,1,1]","[1,0,1,0,1,0]",0,1,7,6,home_win,home,0,95
29021,3,"{""total"":[""solutions/game_3/total/rest-110101/top"",""solutions/game_3/total/rest-010101/bot""],""single"":[""solutions/game_3/single/rest-110101/top"",""solutions/game_3/single/rest-010101/bot""]}","[1,1,0,1,0,1]","[0,1,0,1,0,1]",1,1,4,12,away_win,away,0,88
29021,4,"{""total"":[""solutions/game_4/total/rest-111110/top"",""solutions/game_4/total/rest-111010/bot""],""single"":[""solutions/game_4/single/rest-111110/top"",""solutions/game_4/single/rest-111010/bot""]}","[1,1,1,1,1,0]","[1,1,1,0,1,0]",1,2,9,8,home_win,home,0,97
29021,5,"{""total"":[""solutions/game_5/single/rest-000101/top"",""solutions/game_5/single/rest-000101/bot""],""single"":[""solutions/game_5/single/rest-000101/top"",""solutions/game_5/single/rest-000101/bot""]}","[0,0,0,1,0,1]","[0,0,0,1,0,1]",2,2,2,1,home_win,home,0,67
29022,1,"{""total"":[""solutions/game_1/total/rest-111111/top"",""solutions/game_1/total/rest-111111/bot""],""single"":[""solutions/game_1/single/rest-111111/top"",""solutions/game_1/single/rest-111111/bot""]}","[1,1,1,1,1,1]","[1,1,1,1,1,1]",0,0,4,5,away_win,away,0,80
29022,2,"{""total"":[""solutions/game_2/total/rest-010011/top"",""solutions/game_2/total/rest-011010/bot""],""single"":[""solutions/game_2/single/rest-010011/top"",""solutions/game_2/single/rest-011010/bot""]}","[0,1,0,0,1,1]","[0,1,1,0,1,0]",0,1,12,10,home_win,home,0,97
29022,3,"{""total"":[""solutions/game_3/total/rest-101110/top"",""solutions/game_3/total/rest-100101/bot""],""single"":[""solutions/game_3/single/rest-101110/top"",""solutions/game_3/single/rest-100101/bot""]}","[1,0,1,1,1,0]","[1,0,0,1,0,1]",1,1,4,3,home_win,home,0,82
29022,4,"{""total"":[""solutions/game_4/total/rest-001011/top"",""solutions/game_4/total/rest-011101/bot""],""single"":[""solutions/game_4/single/rest-001011/top"",""solutions/game_4/single/rest-011101/bot""]}","[0,0,1,0,1,1]","[0,1,1,1,0,1]",2,1,4,0,home_win,home,0,74
29022,5,"{""total"":[""solutions/game_5/single/rest-111110/top"",""solutions/game_5/single/rest-100111/bot""],""single"":[""solutions/game_5/single/rest-111110/top"",""solutions/game_5/single/rest-100111/bot""]}","[1,1,1,1,1,0]","[1,0,0,1,1,1]",3,1,5,4,home_win,home,1,89
29023,1,"{""total"":[""solutions/game_1/total/rest-111111/top"",""solutions/game_1/total/rest-111111/bot""],""single"":[""solutions/game_1/single/rest-111111/top"",""solutions/game_1/single/rest-111111/bot""]}","[1,1,1,1,1,1]","[1,1,1,1,1,1]",0,0,5,3,home_win,home,0,87
29023,2,"{""total"":[""solutions/game_2/total/rest-010001/top"",""solutions/game_2/total/rest-001110/bot""],""single"":[""solutions/game_2/single/rest-010001/top"",""solutions/game_2/single/rest-001110/bot""]}","[0,1,0,0,0,1]","[0,0,1,1,1,0]",1,0,9,7,home_win,home,0,79
29023,3,"{""total"":[""solutions/game_3/total/rest-100110/top"",""solutions/game_3/total/rest-111101/bot""],""single"":[""solutions/game_3/single/rest-100110/top"",""solutions/game_3/single/rest-111101/bot""]}","[1,0,0,1,1,0]","[1,1,1,1,0,1]",2,0,1,8,away_win,away,0,82
29023,4,"{""total"":[""solutions/game_4/total/rest-111111/top"",""solutions/game_4/total/rest-001011/bot""],""single"":[""solutions/game_4/single/rest-111111/top"",""solutions/game_4/single/rest-001011/bot""]}","[1,1,1,1,1,1]","[0,0,1,0,1,1]",2,1,4,5,away_win,away,0,83
29023,5,"{""total"":[""solutions/game_5/single/rest-010101/top"",""solutions/game_5/single/rest-111110/bot""],""single"":[""solutions/game_5/single/rest-010101/top"",""solutions/game_5/single/rest-111110/bot""]}","[0,1,0,1,0,1]","[1,1,1,1,1,0]",2,2,1,2,away_win,away,0,78
29024,1,"{""total"":[""solutions/game_1/total/rest-111111/top"",""solutions/game_1/total/rest-111111/bot""],""single"":[""solutions/game_1/single/rest-111111/top"",""solutions/game_1/single/rest-111111/bot""]}","[1,1,1,1,1,1]","[1,1,1,1,1,1]",0,0,6,7,away_win,away,0,85
29024,2,"{""total"":[""solutions/game_2/total/rest-011010/top"",""solutions/game_2/total/rest-001010/bot""],""single"":[""solutions/game_2/single/rest-011010/top"",""solutions/game_2/single/rest-001010/bot""]}","[0,1,1,0,1,0]","[0,0,1,0,1,0]",0,1,9,5,home_win,home,0,87
29024,3,"{""total"":[""solutions/game_3/total/rest-100101/top"",""solutions/game_3/total/rest-110101/bot""],""single"":[""solutions/game_3/single/rest-100101/top"",""solutions/game_3/single/rest-110101/bot""]}","[1,0,0,1,0,1]","[1,1,0,1,0,1]",1,1,4,10,away_win,away,0,91
29024,4,"{""total"":[""solutions/game_4/total/rest-111111/top"",""solutions/game_4/total/rest-111111/bot""],""single"":[""solutions/game_4/single/rest-111111/top"",""solutions/game_4/single/rest-111111/bot""]}","[1,1,1,1,1,1]","[1,1,1,1,1,1]",1,2,9,5,home_win,home,0,83
29024,5,"{""total"":[""solutions/game_5/single/rest-101111/top"",""solutions/game_5/single/rest-000010/bot""],""single"":[""solutions/game_5/single/rest-101111/top"",""solutions/game_5/single/rest-000010/bot""]}","[1,0,1,1,1,1]","[0,0,0,0,1,0]",2,2,6,4,home_win,home,0,86
29025,1,"{""total"":[""solutions/game_1/total/rest-111111/top"",""solutions/game_1/total/rest-111111/bot""],""single"":[""solutions/game_1/single/rest-111111/top"",""solutions/game_1/single/rest-111111/bot""]}","[1,1,1,1,1,1]","[1,1,1,1,1,1]",0,0,3,2,home_win,home,0,77
29025,2,"{""total"":[""solutions/game_2/total/rest-010101/top"",""solutions/game_2/total/rest-110011/bot""],""single"":[""solutions/game_2/single/rest-010101/top"",""solutions/game_2/single/rest-110011/bot""]}","[0,1,0,1,0,1]","[1,1,0,0,1,1]",1,0,2,4,away_win,away,0,81
29025,3,"{""total"":[""solutions/game_3/total/rest-100011/top"",""solutions/game_3/total/rest-011111/bot""],""single"":[""solutions/game_3/single/rest-100011/top"",""solutions/game_3/single/rest-011111/bot""]}","[1,0,0,0,1,1]","[0,1,1,1,1,1]",1,1,7,4,home_win,home,0,88
29025,4,"{""total"":[""solutions/game_4/total/rest-011100/top"",""solutions/game_4/total/rest-100001/bot""],""single"":[""solutions/game_4/single/rest-011100/top"",""solutions/game_4/single/rest-100001/bot""]}","[0,1,1,1,0,0]","[1,0,0,0,0,1]",2,1,10,5,home_win,home,0,88
29025,5,"{""total"":[""solutions/game_5/single/rest-100111/top"",""solutions/game_5/single/rest-111111/bot""],""single"":[""solutions/game_5/single/rest-100111/top"",""solutions/game_5/single/rest-111111/bot""]}","[1,0,0,1,1,1]","[1,1,1,1,1,1]",3,1,1,2,away_win,away,1,80
29026,1,"{""total"":[""solutions/game_1/total/rest-111111/top"",""solutions/game_1/total/rest-111111/bot""],""single"":[""solutions/game_1/single/rest-111111/top"",""solutions/game_1/single/rest-111111/bot""]}","[1,1,1,1,1,1]","[1,1,1,1,1,1]",0,0,8,3,home_win,home,0,83
29026,2,"{""total"":[""solutions/game_2/total/rest-101001/top"",""solutions/game_2/total/rest-111010/bot""],""single"":[""solutions/game_2/single/rest-101001/top"",""solutions/game_2/single/rest-111010/bot""]}","[1,0,1,0,0,1]","[1,1,1,0,1,0]",1,0,3,4,away_win,away,0,102
29026,3,"{""total"":[""solutions/game_3/total/rest-010110/top"",""solutions/game_3/total/rest-001101/bot""],""single"":[""solutions/game_3/single/rest-010110/top"",""solutions/game_3/single/rest-001101/bot""]}","[0,1,0,1,1,0]","[0,0,1,1,0,1]",1,1,1,5,away_win,away,0,83
29026,4,"{""total"":[""solutions/game_4/total/rest-101111/top"",""solutions/game_4/total/rest-110000/bot""],""single"":[""solutions/game_4/single/rest-101111/top"",""solutions/game_4/single/rest-110000/bot""]}","[1,0,1,1,1,1]","[1,1,0,0,0,0]",1,2,12,4,home_win,home,0,69
29026,5,"{""total"":[""solutions/game_5/single/rest-111101/top"",""solutions/game_5/single/rest-101111/bot""],""single"":[""solutions/game_5/single/rest-111101/top"",""solutions/game_5/single/rest-101111/bot""]}","[1,1,1,1,0,1]","[1,0,1,1,1,1]",2,2,1,10,away_win,away,0,56
29027,1,"{""total"":[""solutions/game_1/total/rest-111111/top"",""solutions/game_1/total/rest-111111/bot""],""single"":[""solutions/game_1/single/rest-111111/top"",""solutions/game_1/single/rest-111111/bot""]}","[1,1,1,1,1,1]","[1,1,1,1,1,1]",0,0,3,4,away_win,away,0,87
29027,2,"{""total"":[""solutions/game_2/total/rest-010111/top"",""solutions/game_2/total/rest-010100/bot""],""single"":[""solutions/game_2/single/rest-010111/top"",""solutions/game_2/single/rest-010100/bot""]}","[0,1,0,1,1,1]","[0,1,0,1,0,0]",0,1,1,9,away_win,away,0,30
29027,3,"{""total"":[""solutions/game_3/total/rest-111111/top"",""solutions/game_3/total/rest-111111/bot""],""single"":[""solutions/game_3/single/rest-111111/top"",""solutions/game_3/single/rest-111111/bot""]}","[1,1,1,1,1,1]","[1,1,1,1,1,1]",0,2,8,4,home_win,home,0,94
29027,4,"{""total"":[""solutions/game_4/total/rest-001111/top"",""solutions/game_4/total/rest-011010/bot""],""single"":[""solutions/game_4/single/rest-001111/top"",""solutions/game_4/single/rest-011010/bot""]}","[0,0,1,1,1,1]","[0,1,1,0,1,0]",1,2,4,4,tie,away,0,90
29027,5,"{""total"":[""solutions/game_5/single/rest-111001/top"",""solutions/game_5/single/rest-100101/bot""],""single"":[""solutions/game_5/single/rest-111001/top"",""solutions/game_5/single/rest-100101/bot""]}","[1,1,1,0,0,1]","[1,0,0,1,0,1]",1,3,8,2,home_win,home,1,74
29028,1,"{""total"":[""solutions/game_1/total/rest-111111/top"",""solutions/game_1/total/rest-111111/bot""],""single"":[""solutions/game_1/single/rest-111111/top"",""solutions/game_1/single/rest-111111/bot""]}","[1,1,1,1,1,1]","[1,1,1,1,1,1]",0,0,2,10,away_win,away,0,89
29028,2,"{""total"":[""solutions/game_2/total/rest-010111/top"",""solutions/game_2/total/rest-101011/bot""],""single"":[""solutions/game_2/single/rest-010111/top"",""solutions/game_2/single/rest-101011/bot""]}","[0,1,0,1,1,1]","[1,0,1,0,1,1]",0,1,0,4,away_win,away,0,75
29028,3,"{""total"":[""solutions/game_3/total/rest-011110/top"",""solutions/game_3/total/rest-010110/bot""],""single"":[""solutions/game_3/single/rest-011110/top"",""solutions/game_3/single/rest-010110/bot""]}","[0,1,1,1,1,0]","[0,1,0,1,1,0]",0,2,3,2,home_win,home,0,71
29028,4,"{""total"":[""solutions/game_4/total/rest-110001/top"",""solutions/game_4/total/rest-101011/bot""],""single"":[""solutions/game_4/single/rest-110001/top"",""solutions/game_4/single/rest-101011/bot""]}","[1,1,0,0,0,1]","[1,0,1,0,1,1]",1,2,0,9,away_win,away,0,11
29028,5,"{""total"":[""solutions/game_5/single/rest-111111/top"",""solutions/game_5/single/rest-111111/bot""],""single"":[""solutions/game_5/single/rest-111111/top"",""solutions/game_5/single/rest-111111/bot""]}","[1,1,1,1,1,1]","[1,1,1,1,1,1]",1,3,8,10,away_win,away,1,101
29029,1,"{""total"":[""solutions/game_1/total/rest-111111/top"",""solutions/game_1/total/rest-111111/bot""],""single"":[""solutions/game_1/single/rest-111111/top"",""solutions/game_1/single/rest-111111/bot""]}","[1,1,1,1,1,1]","[1,1,1,1,1,1]",0,0,3,2,home_win,home,0,70
29029,2,"{""total"":[""solutions/game_2/total/rest-110011/top"",""solutions/game_2/total/rest-101011/bot""],""single"":[""solutions/game_2/single/rest-110011/top"",""solutions/game_2/single/rest-101011/bot""]}","[1,1,0,0,1,1]","[1,0,1,0,1,1]",1,0,7,6,home_win,home,0,90
29029,3,"{""total"":[""solutions/game_3/total/rest-001110/top"",""solutions/game_3/total/rest-010100/bot""],""single"":[""solutions/game_3/single/rest-001110/top"",""solutions/game_3/single/rest-010100/bot""]}","[0,0,1,1,1,0]","[0,1,0,1,0,0]",2,0,8,5,home_win,home,0,88
29029,4,"{""total"":[""solutions/game_4/total/rest-110001/top"",""solutions/game_4/total/rest-111011/bot""],""single"":[""solutions/game_4/single/rest-110001/top"",""solutions/game_4/single/rest-111011/bot""]}","[1,1,0,0,0,1]","[1,1,1,0,1,1]",3,0,0,8,away_win,away,1,49
29029,5,"{""total"":[""solutions/game_5/single/rest-111111/top"",""solutions/game_5/single/rest-111111/bot""],""single"":[""solutions/game_5/single/rest-111111/top"",""solutions/game_5/single/rest-111111/bot""]}","[1,1,1,1,1,1]","[1,1,1,1,1,1]",3,1,6,5,home_win,home,1,83
29030,1,"{""total"":[""solutions/game_1/total/rest-111111/top"",""solutions/game_1/total/rest-111111/bot""],""single"":[""solutions/game_1/single/rest-111111/top"",""solutions/game_1/single/rest-111111/bot""]}","[1,1,1,1,1,1]","[1,1,1,1,1,1]",0,0,2,3,away_win,away,0,83
29030,2,"{""total"":[""solutions/game_2/total/rest-110111/top"",""solutions/game_2/total/rest-010111/bot""],""single"":[""solutions/game_2/single/rest-110111/top"",""solutions/game_2/single/rest-010111/bot""]}","[1,1,0,1,1,1]","[0,1,0,1,1,1]",0,1,1,9,away_win,away,0,54
29030,3,"{""total"":[""solutions/game_3/total/rest-101111/top"",""solutions/game_3/total/rest-110111/bot""],""single"":[""solutions/game_3/single/rest-101111/top"",""solutions/game_3/single/rest-110111/bot""]}","[1,0,1,1,1,1]","[1,1,0,1,1,1]",0,2,8,5,home_win,home,0,83
29030,4,"{""total"":[""solutions/game_4/total/rest-111110/top"",""solutions/game_4/total/rest-111010/bot""],""single"":[""solutions/game_4/single/rest-111110/top"",""solutions/game_4/single/rest-111010/bot""]}","[1,1,1,1,1,0]","[1,1,1,0,1,0]",1,2,0,8,away_win,away,0,25
29030,5,"{""total"":[""solutions/game_5/single/rest-111111/top"",""solutions/game_5/single/rest-111111/bot""],""single"":[""solutions/game_5/single/rest-111111/top"",""solutions/game_5/single/rest-111111/bot""]}","[1,1,1,1,1,1]","[1,1,1,1,1,1]",1,3,7,9,away_win,away,1,94
29031,1,"{""total"":[""solutions/game_1/total/rest-111111/top"",""solutions/game_1/total/rest-111111/bot""],""single"":[""solutions/game_1/single/rest-111111/top"",""solutions/game_1/single/rest-111111/bot""]}","[1,1,1,1,1,1]","[1,1,1,1,1,1]",0,0,9,10,away_win,away,0,99
29031,2,"{""total"":[""solutions/game_2/total/rest-010111/top"",""solutions/game_2/total/rest-001010/bot""],""single"":[""solutions/game_2/single/rest-010111/top"",""solutions/game_2/single/rest-001010/bot""]}","[0,1,0,1,1,1]","[0,0,1,0,1,0]",0,1,1,9,away_win,away,0,75
29031,3,"{""total"":[""solutions/game_3/total/rest-111110/top"",""solutions/game_3/total/rest-110101/bot""],""single"":[""solutions/game_3/single/rest-111110/top"",""solutions/game_3/single/rest-110101/bot""]}","[1,1,1,1,1,0]","[1,1,0,1,0,1]",0,2,8,7,home_win,home,0,87
29031,4,"{""total"":[""solutions/game_4/total/rest-111101/top"",""solutions/game_4/total/rest-011111/bot""],""single"":[""solutions/game_4/single/rest-111101/top"",""solutions/game_4/single/rest-011111/bot""]}","[1,1,1,1,0,1]","[0,1,1,1,1,1]",1,2,9,0,home_win,home,0,60
29031,5,"{""total"":[""solutions/game_5/single/rest-111111/top"",""solutions/game_5/single/rest-111110/bot""],""single"":[""solutions/game_5/single/rest-111111/top"",""solutions/game_5/single/rest-111110/bot""]}","[1,1,1,1,1,1]","[1,1,1,1,1,0]",2,2,7,1,home_win,home,0,81
29032,1,"{""total"":[""solutions/game_1/total/rest-111111/top"",""solutions/game_1/total/rest-111111/bot""],""single"":[""solutions/game_1/single/rest-111111/top"",""solutions/game_1/single/rest-111111/bot""]}","[1,1,1,1,1,1]","[1,1,1,1,1,1]",0,0,6,0,home_win,home,0,72
29032,2,"{""total"":[""solutions/game_2/total/rest-111100/top"",""solutions/game_2/total/rest-101011/bot""],""single"":[""solutions/game_2/single/rest-111100/top"",""solutions/game_2/single/rest-101011/bot""]}","[1,1,1,1,0,0]","[1,0,1,0,1,1]",1,0,3,4,away_win,away,0,82
29032,3,"{""total"":[""solutions/game_3/total/rest-110010/top"",""solutions/game_3/total/rest-010101/bot""],""single"":[""solutions/game_3/single/rest-110010/top"",""solutions/game_3/single/rest-010101/bot""]}","[1,1,0,0,1,0]","[0,1,0,1,0,1]",1,1,4,2,home_win,home,0,73
29032,4,"{""total"":[""solutions/game_4/total/rest-101111/top"",""solutions/game_4/total/rest-101011/bot""],""single"":[""solutions/game_4/single/rest-101111/top"",""solutions/game_4/single/rest-101011/bot""]}","[1,0,1,1,1,1]","[1,0,1,0,1,1]",2,1,4,5,away_win,away,0,92
29032,5,"{""total"":[""solutions/game_5/single/rest-110101/top"",""solutions/game_5/single/rest-010100/bot""],""single"":[""solutions/game_5/single/rest-110101/top"",""solutions/game_5/single/rest-010100/bot""]}","[1,1,0,1,0,1]","[0,1,0,1,0,0]",2,2,1,3,away_win,away,0,80
29033,1,"{""total"":[""solutions/game_1/total/rest-111111/top"",""solutions/game_1/total/rest-111111/bot""],""single"":[""solutions/game_1/single/rest-111111/top"",""solutions/game_1/single/rest-111111/bot""]}","[1,1,1,1,1,1]","[1,1,1,1,1,1]",0,0,2,4,away_win,away,0,83
29033,2,"{""total"":[""solutions/game_2/total/rest-010111/top"",""solutions/game_2/total/rest-001010/bot""],""single"":[""solutions/game_2/single/rest-010111/top"",""solutions/game_2/single/rest-001010/bot""]}","[0,1,0,1,1,1]","[0,0,1,0,1,0]",0,1,7,8,away_win,away,0,97
29033,3,"{""total"":[""solutions/game_3/total/rest-111010/top"",""solutions/game_3/total/rest-100101/bot""],""single"":[""solutions/game_3/single/rest-111010/top"",""solutions/game_3/single/rest-100101/bot""]}","[1,1,1,0,1,0]","[1,0,0,1,0,1]",0,2,3,1,home_win,home,0,72
29033,4,"{""total"":[""solutions/game_4/total/rest-110101/top"",""solutions/game_4/total/rest-111010/bot""],""single"":[""solutions/game_4/single/rest-110101/top"",""solutions/game_4/single/rest-111010/bot""]}","[1,1,0,1,0,1]","[1,1,1,0,1,0]",1,2,3,13,away_win,away,0,75
29033,5,"{""total"":[""solutions/game_5/single/rest-011110/top"",""solutions/game_5/single/rest-111101/bot""],""single"":[""solutions/game_5/single/rest-011110/top"",""solutions/game_5/single/rest-111101/bot""]}","[0,1,1,1,1,0]","[1,1,1,1,0,1]",1,3,3,2,home_win,home,1,74
29034,1,"{""total"":[""solutions/game_1/total/rest-111111/top"",""solutions/game_1/total/rest-111111/bot""],""single"":[""solutions/game_1/single/rest-111111/top"",""solutions/game_1/single/rest-111111/bot""]}","[1,1,1,1,1,1]","[1,1,1,1,1,1]",0,0,4,6,away_win,away,0,83
29034,2,"{""total"":[""solutions/game_2/total/rest-111011/top"",""solutions/game_2/total/rest-101010/bot""],""single"":[""solutions/game_2/single/rest-111011/top"",""solutions/game_2/single/rest-101010/bot""]}","[1,1,1,0,1,1]","[1,0,1,0,1,0]",0,1,7,6,home_win,home,0,86
29034,3,"{""total"":[""solutions/game_3/total/rest-010010/top"",""solutions/game_3/total/rest-111101/bot""],""single"":[""solutions/game_3/single/rest-010010/top"",""solutions/game_3/single/rest-111101/bot""]}","[0,1,0,0,1,0]","[1,1,1,1,0,1]",1,1,1,2,away_win,away,0,71
29034,4,"{""total"":[""solutions/game_4/total/rest-101101/top"",""solutions/game_4/total/rest-001011/bot""],""single"":[""solutions/game_4/single/rest-101101/top"",""solutions/game_4/single/rest-001011/bot""]}","[1,0,1,1,0,1]","[0,0,1,0,1,1]",1,2,1,6,away_win,away,0,83
29034,5,"{""total"":[""solutions/game_5/single/rest-111110/top"",""solutions/game_5/single/rest-110101/bot""],""single"":[""solutions/game_5/single/rest-111110/top"",""solutions/game_5/single/rest-110101/bot""]}","[1,1,1,1,1,0]","[1,1,0,1,0,1]",1,3,4,3,home_win,home,1,73
29035,1,"{""total"":[""solutions/game_1/total/rest-111111/top"",""solutions/game_1/total/rest-111111/bot""],""single"":[""solutions/game_1/single/rest-111111/top"",""solutions/game_1/single/rest-111111/bot""]}","[1,1,1,1,1,1]","[1,1,1,1,1,1]",0,0,8,6,home_win,home,0,94
29035,2,"{""total"":[""solutions/game_2/total/rest-111001/top"",""solutions/game_2/total/rest-011100/bot""],""single"":[""solutions/game_2/single/rest-111001/top"",""solutions/game_2/single/rest-011100/bot""]}","[1,1,1,0,0,1]","[0,1,1,1,0,0]",1,0,5,12,away_win,away,0,94
29035,3,"{""total"":[""solutions/game_3/total/rest-111010/top"",""solutions/game_3/total/rest-100011/bot""],""single"":[""solutions/game_3/single/rest-111010/top"",""solutions/game_3/single/rest-100011/bot""]}","[1,1,1,0,1,0]","[1,0,0,0,1,1]",1,1,8,5,home_win,home,0,81
29035,4,"{""total"":[""solutions/game_4/total/rest-110101/top"",""solutions/game_4/total/rest-111110/bot""],""single"":[""solutions/game_4/single/rest-110101/top"",""solutions/game_4/single/rest-111110/bot""]}","[1,1,0,1,0,1]","[1,1,1,1,1,0]",2,1,5,2,home_win,home,0,76
29035,5,"{""total"":[""solutions/game_5/single/rest-111010/top"",""solutions/game_5/single/rest-000010/bot""],""single"":[""solutions/game_5/single/rest-111010/top"",""solutions/game_5/single/rest-000010/bot""]}","[1,1,1,0,1,0]","[0,0,0,0,1,0]",3,1,9,0,home_win,home,1,15
29036,1,"{""total"":[""solutions/game_1/total/rest-111111/top"",""solutions/game_1/total/rest-111111/bot""],""single"":[""solutions/game_1/single/rest-111111/top"",""solutions/game_1/single/rest-111111/bot""]}","[1,1,1,1,1,1]","[1,1,1,1,1,1]",0,0,7,6,home_win,home,0,78
29036,2,"{""total"":[""solutions/game_2/total/rest-110011/top"",""solutions/game_2/total/rest-011011/bot""],""single"":[""solutions/game_2/single/rest-110011/top"",""solutions/game_2/single/rest-011011/bot""]}","[1,1,0,0,1,1]","[0,1,1,0,1,1]",1,0,6,8,away_win,away,0,90
29036,3,"{""total"":[""solutions/game_3/total/rest-001100/top"",""solutions/game_3/total/rest-011111/bot""],""single"":[""solutions/game_3/single/rest-001100/top"",""solutions/game_3/single/rest-011111/bot""]}","[0,0,1,1,0,0]","[0,1,1,1,1,1]",1,1,4,7,away_win,away,0,85
29036,4,"{""total"":[""solutions/game_4/total/rest-110010/top"",""solutions/game_4/total/rest-110010/bot""],""single"":[""solutions/game_4/single/rest-110010/top"",""solutions/game_4/single/rest-110010/bot""]}","[1,1,0,0,1,0]","[1,1,0,0,1,0]",1,2,5,4,home_win,home,0,82
29036,5,"{""total"":[""solutions/game_5/single/rest-011111/top"",""solutions/game_5/single/rest-101111/bot""],""single"":[""solutions/game_5/single/rest-011111/top"",""solutions/game_5/single/rest-101111/bot""]}","[0,1,1,1,1,1]","[1,0,1,1,1,1]",2,2,3,6,away_win,away,0,80
29037,1,"{""total"":[""solutions/game_1/total/rest-111111/top"",""solutions/game_1/total/rest-111111/bot""],""single"":[""solutions/game_1/single/rest-111111/top"",""solutions/game_1/single/rest-111111/bot""]}","[1,1,1,1,1,1]","[1,1,1,1,1,1]",0,0,5,3,home_win,home,0,85
29037,2,"{""total"":[""solutions/game_2/total/rest-011101/top"",""solutions/game_2/total/rest-101011/bot""],""single"":[""solutions/game_2/single/rest-011101/top"",""solutions/game_2/single/rest-101011/bot""]}","[0,1,1,1,0,1]","[1,0,1,0,1,1]",1,0,5,6,away_win,away,0,83
29037,3,"{""total"":[""solutions/game_3/total/rest-110010/top"",""solutions/game_3/total/rest-011010/bot""],""single"":[""solutions/game_3/single/rest-110010/top"",""solutions/game_3/single/rest-011010/bot""]}","[1,1,0,0,1,0]","[0,1,1,0,1,0]",1,1,4,5,away_win,away,0,82
29037,4,"{""total"":[""solutions/game_4/total/rest-001111/top"",""solutions/game_4/total/rest-100101/bot""],""single"":[""solutions/game_4/single/rest-001111/top"",""solutions/game_4/single/rest-100101/bot""]}","[0,0,1,1,1,1]","[1,0,0,1,0,1]",1,2,2,1,home_win,home,0,79
29037,5,"{""total"":[""solutions/game_5/single/rest-110001/top"",""solutions/game_5/single/rest-010011/bot""],""single"":[""solutions/game_5/single/rest-110001/top"",""solutions/game_5/single/rest-010011/bot""]}","[1,1,0,0,0,1]","[0,1,0,0,1,1]",2,2,2,5,away_win,away,0,82
29038,1,"{""total"":[""solutions/game_1/total/rest-111111/top"",""solutions/game_1/total/rest-111111/bot""],""single"":[""solutions/game_1/single/rest-111111/top"",""solutions/game_1/single/rest-111111/bot""]}","[1,1,1,1,1,1]","[1,1,1,1,1,1]",0,0,2,4,away_win,away,0,81
29038,2,"{""total"":[""solutions/game_2/total/rest-111011/top"",""solutions/game_2/total/rest-001110/bot""],""single"":[""solutions/game_2/single/rest-111011/top"",""solutions/game_2/single/rest-001110/bot""]}","[1,1,1,0,1,1]","[0,0,1,1,1,0]",0,1,8,1,home_win,home,0,77
29038,3,"{""total"":[""solutions/game_3/total/rest-101111/top"",""solutions/game_3/total/rest-110010/bot""],""single"":[""solutions/game_3/single/rest-101111/top"",""solutions/game_3/single/rest-110010/bot""]}","[1,0,1,1,1,1]","[1,1,0,0,1,0]",1,1,1,7,away_win,away,0,85
29038,4,"{""total"":[""solutions/game_4/total/rest-110111/top"",""solutions/game_4/total/rest-111110/bot""],""single"":[""solutions/game_4/single/rest-110111/top"",""solutions/game_4/single/rest-111110/bot""]}","[1,1,0,1,1,1]","[1,1,1,1,1,0]",1,2,4,5,away_win,away,0,84
29038,5,"{""total"":[""solutions/game_5/single/rest-001101/top"",""solutions/game_5/single/rest-010111/bot""],""single"":[""solutions/game_5/single/rest-001101/top"",""solutions/game_5/single/rest-010111/bot""]}","[0,0,1,1,0,1]","[0,1,0,1,1,1]",1,3,9,5,home_win,home,1,83
29039,1,"{""total"":[""solutions/game_1/total/rest-111111/top"",""solutions/game_1/total/rest-111111/bot""],""single"":[""solutions/game_1/single/rest-111111/top"",""solutions/game_1/single/rest-111111/bot""]}","[1,1,1,1,1,1]","[1,1,1,1,1,1]",0,0,4,3,home_win,home,0,78
29039,2,"{""total"":[""solutions/game_2/total/rest-101001/top"",""solutions/game_2/total/rest-011010/bot""],""single"":[""solutions/game_2/single/rest-101001/top"",""solutions/game_2/single/rest-011010/bot""]}","[1,0,1,0,0,1]","[0,1,1,0,1,0]",1,0,1,3,away_win,away,0,84
29039,3,"{""total"":[""solutions/game_3/total/rest-111111/top"",""solutions/game_3/total/rest-001101/bot""],""single"":[""solutions/game_3/single/rest-111111/top"",""solutions/game_3/single/rest-001101/bot""]}","[1,1,1,1,1,1]","[0,0,1,1,0,1]",1,1,3,8,away_win,away,0,83
29039,4,"{""total"":[""solutions/game_4/total/rest-111111/top"",""solutions/game_4/total/rest-111011/bot""],""single"":[""solutions/game_4/single/rest-111111/top"",""solutions/game_4/single/rest-111011/bot""]}","[1,1,1,1,1,1]","[1,1,1,0,1,1]",1,2,1,4,away_win,away,0,76
29039,5,"{""total"":[""solutions/game_5/single/rest-111110/top"",""solutions/game_5/single/rest-001101/bot""],""single"":[""solutions/game_5/single/rest-111110/top"",""solutions/game_5/single/rest-001101/bot""]}","[1,1,1,1,1,0]","[0,0,1,1,0,1]",1,3,6,2,home_win,home,1,74
29040,1,"{""total"":[""solutions/game_1/total/rest-111111/top"",""solutions/game_1/total/rest-111111/bot""],""single"":[""solutions/game_1/single/rest-111111/top"",""solutions/game_1/single/rest-111111/bot""]}","[1,1,1,1,1,1]","[1,1,1,1,1,1]",0,0,3,5,away_win,away,0,94
29040,2,"{""total"":[""solutions/game_2/total/rest-011111/top"",""solutions/game_2/total/rest-111011/bot""],""single"":[""solutions/game_2/single/rest-011111/top"",""solutions/game_2/single/rest-111011/bot""]}","[0,1,1,1,1,1]","[1,1,1,0,1,1]",0,1,2,6,away_win,away,0,82
29040,3,"{""total"":[""solutions/game_3/total/rest-101101/top"",""solutions/game_3/total/rest-111110/bot""],""single"":[""solutions/game_3/single/rest-101101/top"",""solutions/game_3/single/rest-111110/bot""]}","[1,0,1,1,0,1]","[1,1,1,1,1,0]",0,2,5,3,home_win,home,0,79
29040,4,"{""total"":[""solutions/game_4/total/rest-011010/top"",""solutions/game_4/total/rest-101011/bot""],""single"":[""solutions/game_4/single/rest-011010/top"",""solutions/game_4/single/rest-101011/bot""]}","[0,1,1,0,1,0]","[1,0,1,0,1,1]",1,2,1,9,away_win,away,0,57
29040,5,"{""total"":[""solutions/game_5/single/rest-111011/top"",""solutions/game_5/single/rest-111111/bot""],""single"":[""solutions/game_5/single/rest-111011/top"",""solutions/game_5/single/rest-111111/bot""]}","[1,1,1,0,1,1]","[1,1,1,1,1,1]",1,3,6,2,home_win,home,1,71
29041,1,"{""total"":[""solutions/game_1/total/rest-111111/top"",""solutions/game_1/total/rest-111111/bot""],""single"":[""solutions/game_1/single/rest-111111/top"",""solutions/game_1/single/rest-111111/bot""]}","[1,1,1,1,1,1]","[1,1,1,1,1,1]",0,0,4,13,away_win,away,0,79
29041,2,"{""total"":[""solutions/game_2/total/rest-010111/top"",""solutions/game_2/total/rest-001011/bot""],""single"":[""solutions/game_2/single/rest-010111/top"",""solutions/game_2/single/rest-001011/bot""]}","[0,1,0,1,1,1]","[0,0,1,0,1,1]",0,1,6,5,home_win,home,0,81
29041,3,"{""total"":[""solutions/game_3/total/rest-111111/top"",""solutions/game_3/total/rest-101010/bot""],""single"":[""solutions/game_3/single/rest-111111/top"",""solutions/game_3/single/rest-101010/bot""]}","[1,1,1,1,1,1]","[1,0,1,0,1,0]",1,1,4,12,away_win,away,0,63
29041,4,"{""total"":[""solutions/game_4/total/rest-111111/top"",""solutions/game_4/total/rest-111101/bot""],""single"":[""solutions/game_4/single/rest-111111/top"",""solutions/game_4/single/rest-111101/bot""]}","[1,1,1,1,1,1]","[1,1,1,1,0,1]",1,2,5,10,away_win,away,0,95
29041,5,"{""total"":[""solutions/game_5/single/rest-011101/top"",""solutions/game_5/single/rest-001011/bot""],""single"":[""solutions/game_5/single/rest-011101/top"",""solutions/game_5/single/rest-001011/bot""]}","[0,1,1,1,0,1]","[0,0,1,0,1,1]",1,3,4,1,home_win,home,1,84
29042,1,"{""total"":[""solutions/game_1/total/rest-111111/top"",""solutions/game_1/total/rest-111111/bot""],""single"":[""solutions/game_1/single/rest-111111/top"",""solutions/game_1/single/rest-111111/bot""]}","[1,1,1,1,1,1]","[1,1,1,1,1,1]",0,0,1,10,away_win,away,0,65
29042,2,"{""total"":[""solutions/game_2/total/rest-111110/top"",""solutions/game_2/total/rest-111111/bot""],""single"":[""solutions/game_2/single/rest-111110/top"",""solutions/game_2/single/rest-111111/bot""]}","[1,1,1,1,1,0]","[1,1,1,1,1,1]",0,1,10,2,home_win,home,0,75
29042,3,"{""total"":[""solutions/game_3/total/rest-101111/top"",""solutions/game_3/total/rest-001111/bot""],""single"":[""solutions/game_3/single/rest-101111/top"",""solutions/game_3/single/rest-001111/bot""]}","[1,0,1,1,1,1]","[0,0,1,1,1,1]",1,1,0,8,away_win,away,0,32
29042,4,"{""total"":[""solutions/game_4/total/rest-111111/top"",""solutions/game_4/total/rest-111111/bot""],""single"":[""solutions/game_4/single/rest-111111/top"",""solutions/game_4/single/rest-111111/bot""]}","[1,1,1,1,1,1]","[1,1,1,1,1,1]",1,2,1,0,home_win,home,0,72
29042,5,"{""total"":[""solutions/game_5/single/rest-111001/top"",""solutions/game_5/single/rest-101111/bot""],""single"":[""solutions/game_5/single/rest-111001/top"",""solutions/game_5/single/rest-101111/bot""]}","[1,1,1,0,0,1]","[1,0,1,1,1,1]",2,2,7,5,home_win,home,0,81
29043,1,"{""total"":[""solutions/game_1/total/rest-111111/top"",""solutions/game_1/total/rest-111111/bot""],""single"":[""solutions/game_1/single/rest-111111/top"",""solutions/game_1/single/rest-111111/bot""]}","[1,1,1,1,1,1]","[1,1,1,1,1,1]",0,0,1,8,away_win,away,0,85
29043,2,"{""total"":[""solutions/game_2/total/rest-111110/top"",""solutions/game_2/total/rest-001010/bot""],""single"":[""solutions/game_2/single/rest-111110/top"",""solutions/game_2/single/rest-001010/bot""]}","[1,1,1,1,1,0]","[0,0,1,0,1,0]",0,1,5,9,away_win,away,0,93
29043,3,"{""total"":[""solutions/game_3/total/rest-011111/top"",""solutions/game_3/total/rest-111111/bot""],""single"":[""solutions/game_3/single/rest-011111/top"",""solutions/game_3/single/rest-111111/bot""]}","[0,1,1,1,1,1]","[1,1,1,1,1,1]",0,2,8,0,home_win,home,0,15
29043,4,"{""total"":[""solutions/game_4/total/rest-111111/top"",""solutions/game_4/total/rest-111111/bot""],""single"":[""solutions/game_4/single/rest-111111/top"",""solutions/game_4/single/rest-111111/bot""]}","[1,1,1,1,1,1]","[1,1,1,1,1,1]",1,2,2,10,away_win,away,0,55
29043,5,"{""total"":[""solutions/game_5/single/rest-111111/top"",""solutions/game_5/single/rest-111111/bot""],""single"":[""solutions/game_5/single/rest-111111/top"",""solutions/game_5/single/rest-111111/bot""]}","[1,1,1,1,1,1]","[1,1,1,1,1,1]",1,3,5,3,home_win,home,1,80
29044,1,"{""total"":[""solutions/game_1/total/rest-111111/top"",""solutions/game_1/total/rest-111111/bot""],""single"":[""solutions/game_1/single/rest-111111/top"",""solutions/game_1/single/rest-111111/bot""]}","[1,1,1,1,1,1]","[1,1,1,1,1,1]",0,0,7,5,home_win,home,0,84
29044,2,"{""total"":[""solutions/game_2/total/rest-010001/top"",""solutions/game_2/total/rest-001011/bot""],""single"":[""solutions/game_2/single/rest-010001/top"",""solutions/game_2/single/rest-001011/bot""]}","[0,1,0,0,0,1]","[0,0,1,0,1,1]",1,0,11,6,home_win,home,0,92
29044,3,"{""total"":[""solutions/game_3/total/rest-101111/top"",""solutions/game_3/total/rest-110100/bot""],""single"":[""solutions/game_3/single/rest-101111/top"",""solutions/game_3/single/rest-110100/bot""]}","[1,0,1,1,1,1]","[1,1,0,1,0,0]",2,0,0,8,away_win,away,0,60
29044,4,"{""total"":[""solutions/game_4/total/rest-101111/top"",""solutions/game_4/total/rest-111111/bot""],""single"":[""solutions/game_4/single/rest-101111/top"",""solutions/game_4/single/rest-111111/bot""]}","[1,0,1,1,1,1]","[1,1,1,1,1,1]",2,1,5,1,home_win,home,0,81
29044,5,"{""total"":[""solutions/game_5/single/rest-011011/top"",""solutions/game_5/single/rest-001011/bot""],""single"":[""solutions/game_5/single/rest-011011/top"",""solutions/game_5/single/rest-001011/bot""]}","[0,1,1,0,1,1]","[0,0,1,0,1,1]",3,1,8,0,home_win,home,1,75
29045,1,"{""total"":[""solutions/game_1/total/rest-111111/top"",""solutions/game_1/total/rest-111111/bot""],""single"":[""solutions/game_1/single/rest-111111/top"",""solutions/game_1/single/rest-111111/bot""]}","[1,1,1,1,1,1]","[1,1,1,1,1,1]",0,0,0,8,away_win,away,0,59
29045,2,"{""total"":[""solutions/game_2/total/rest-011011/top"",""solutions/game_2/total/rest-011111/bot""],""single"":[""solutions/game_2/single/rest-011011/top"",""solutions/game_2/single/rest-011111/bot""]}","[0,1,1,0,1,1]","[0,1,1,1,1,1]",0,1,8,5,home_win,home,0,81
29045,3,"{""total"":[""solutions/game_3/total/rest-110101/top"",""solutions/game_3/total/rest-101011/bot""],""single"":[""solutions/game_3/single/rest-110101/top"",""solutions/game_3/single/rest-101011/bot""]}","[1,1,0,1,0,1]","[1,0,1,0,1,1]",1,1,0,1,away_win,away,0,78
29045,4,"{""total"":[""solutions/game_4/total/rest-001111/top"",""solutions/game_4/total/rest-110100/bot""],""single"":[""solutions/game_4/single/rest-001111/top"",""solutions/game_4/single/rest-110100/bot""]}","[0,0,1,1,1,1]","[1,1,0,1,0,0]",1,2,7,5,home_win,home,0,79
29045,5,"{""total"":[""solutions/game_5/single/rest-010101/top"",""solutions/game_5/single/rest-000111/bot""],""single"":[""solutions/game_5/single/rest-010101/top"",""solutions/game_5/single/rest-000111/bot""]}","[0,1,0,1,0,1]","[0,0,0,1,1,1]",2,2,4,5,away_win,away,0,85
29046,1,"{""total"":[""solutions/game_1/total/rest-111111/top"",""solutions/game_1/total/rest-111111/bot""],""single"":[""solutions/game_1/single/rest-111111/top"",""solutions/game_1/single/rest-111111/bot""]}","[1,1,1,1,1,1]","[1,1,1,1,1,1]",0,0,6,2,home_win,home,0,78
29046,2,"{""total"":[""solutions/game_2/total/rest-111001/top"",""solutions/game_2/total/rest-001111/bot""],""single"":[""solutions/game_2/single/rest-111001/top"",""solutions/game_2/single/rest-001111/bot""]}","[1,1,1,0,0,1]","[0,0,1,1,1,1]",1,0,2,6,away_win,away,0,88
29046,3,"{""total"":[""solutions/game_3/total/rest-011101/top"",""solutions/game_3/total/rest-111001/bot""],""single"":[""solutions/game_3/single/rest-011101/top"",""solutions/game_3/single/rest-111001/bot""]}","[0,1,1,1,0,1]","[1,1,1,0,0,1]",1,1,9,2,home_win,home,0,71
29046,4,"{""total"":[""solutions/game_4/total/rest-111011/top"",""solutions/game_4/total/rest-001111/bot""],""single"":[""solutions/game_4/single/rest-111011/top"",""solutions/game_4/single/rest-001111/bot""]}","[1,1,1,0,1,1]","[0,0,1,1,1,1]",2,1,10,8,home_win,home,0,103
29046,5,"{""total"":[""solutions/game_5/single/rest-110100/top"",""solutions/game_5/single/rest-110000/bot""],""single"":[""solutions/game_5/single/rest-110100/top"",""solutions/game_5/single/rest-110000/bot""]}","[1,1,0,1,0,0]","[1,1,0,0,0,0]",3,1,2,4,away_win,away,1,82
29047,1,"{""total"":[""solutions/game_1/total/rest-111111/top"",""solutions/game_1/total/rest-111111/bot""],""single"":[""solutions/game_1/single/rest-111111/top"",""solutions/game_1/single/rest-111111/bot""]}","[1,1,1,1,1,1]","[1,1,1,1,1,1]",0,0,5,12,away_win,away,0,93
29047,2,"{""total"":[""solutions/game_2/total/rest-011111/top"",""solutions/game_2/total/rest-001011/bot""],""single"":[""solutions/game_2/single/rest-011111/top"",""solutions/game_2/single/rest-001011/bot""]}","[0,1,1,1,1,1]","[0,0,1,0,1,1]",0,1,1,5,away_win,away,0,67
29047,3,"{""total"":[""solutions/game_3/total/rest-111110/top"",""solutions/game_3/total/rest-111110/bot""],""single"":[""solutions/game_3/single/rest-111110/top"",""solutions/game_3/single/rest-111110/bot""]}","[1,1,1,1,1,0]","[1,1,1,1,1,0]",0,2,6,3,home_win,home,0,79
29047,4,"{""total"":[""solutions/game_4/total/rest-111101/top"",""solutions/game_4/total/rest-111011/bot""],""single"":[""solutions/game_4/single/rest-111101/top"",""solutions/game_4/single/rest-111011/bot""]}","[1,1,1,1,0,1]","[1,1,1,0,1,1]",1,2,4,2,home_win,home,0,76
29047,5,"{""total"":[""solutions/game_5/single/rest-111101/top"",""solutions/game_5/single/rest-111100/bot""],""single"":[""solutions/game_5/single/rest-111101/top"",""solutions/game_5/single/rest-111100/bot""]}","[1,1,1,1,0,1]","[1,1,1,1,0,0]",2,2,3,2,home_win,home,0,75
29048,1,"{""total"":[""solutions/game_1/total/rest-111111/top"",""solutions/game_1/total/rest-111111/bot""],""single"":[""solutions/game_1/single/rest-111111/top"",""solutions/game_1/single/rest-111111/bot""]}","[1,1,1,1,1,1]","[1,1,1,1,1,1]",0,0,6,4,home_win,home,0,77
29048,2,"{""total"":[""solutions/game_2/total/rest-111001/top"",""solutions/game_2/total/rest-011011/bot""],""single"":[""solutions/game_2/single/rest-111001/top"",""solutions/game_2/single/rest-011011/bot""]}","[1,1,1,0,0,1]","[0,1,1,0,1,1]",1,0,4,5,away_win,away,0,86
29048,3,"{""total"":[""solutions/game_3/total/rest-001111/top"",""solutions/game_3/total/rest-111010/bot""],""single"":[""solutions/game_3/single/rest-001111/top"",""solutions/game_3/single/rest-111010/bot""]}","[0,0,1,1,1,1]","[1,1,1,0,1,0]",1,1,1,8,away_win,away,0,82
29048,4,"{""total"":[""solutions/game_4/total/rest-111101/top"",""solutions/game_4/total/rest-111111/bot""],""single"":[""solutions/game_4/single/rest-111101/top"",""solutions/game_4/single/rest-111111/bot""]}","[1,1,1,1,0,1]","[1,1,1,1,1,1]",1,2,7,8,away_win,away,0,95
29048,5,"{""total"":[""solutions/game_5/single/rest-111111/top"",""solutions/game_5/single/rest-001001/bot""],""single"":[""solutions/game_5/single/rest-111111/top"",""solutions/game_5/single/rest-001001/bot""]}","[1,1,1,1,1,1]","[0,0,1,0,0,1]",1,3,7,0,home_win,home,1,84
29049,1,"{""total"":[""solutions/game_1/total/rest-111111/top"",""solutions/game_1/total/rest-111111/bot""],""single"":[""solutions/game_1/single/rest-111111/top"",""solutions/game_1/single/rest-111111/bot""]}","[1,1,1,1,1,1]","[1,1,1,1,1,1]",0,0,5,6,away_win,away,0,91
29049,2,"{""total"":[""solutions/game_2/total/rest-101001/top"",""solutions/game_2/total/rest-001010/bot""],""single"":[""solutions/game_2/single/rest-101001/top"",""solutions/game_2/single/rest-001010/bot""]}","[1,0,1,0,0,1]","[0,0,1,0,1,0]",0,1,5,2,home_win,home,0,84
29049,3,"{""total"":[""solutions/game_3/total/rest-010110/top"",""solutions/game_3/total/rest-110101/bot""],""single"":[""solutions/game_3/single/rest-010110/top"",""solutions/game_3/single/rest-110101/bot""]}","[0,1,0,1,1,0]","[1,1,0,1,0,1]",1,1,4,8,away_win,away,0,92
29049,4,"{""total"":[""solutions/game_4/total/rest-011101/top"",""solutions/game_4/total/rest-111011/bot""],""single"":[""solutions/game_4/single/rest-011101/top"",""solutions/game_4/single/rest-111011/bot""]}","[0,1,1,1,0,1]","[1,1,1,0,1,1]",1,2,6,11,away_win,away,0,94
29049,5,"{""total"":[""solutions/game_5/single/rest-111111/top"",""solutions/game_5/single/rest-011100/bot""],""single"":[""solutions/game_5/single/rest-111111/top"",""solutions/game_5/single/rest-011100/bot""]}","[1,1,1,1,1,1]","[0,1,1,1,0,0]",1,3,5,4,home_win,home,1,86
29050,1,"{""total"":[""solutions/game_1/total/rest-111111/top"",""solutions/game_1/total/rest-111111/bot""],""single"":[""solutions/game_1/single/rest-111111/top"",""solutions/game_1/single/rest-111111/bot""]}","[1,1,1,1,1,1]","[1,1,1,1,1,1]",0,0,1,5,away_win,away,0,81
29050,2,"{""total"":[""solutions/game_2/total/rest-111111/top"",""solutions/game_2/total/rest-011011/bot""],""single"":[""solutions/game_2/single/rest-111111/top"",""solutions/game_2/single/rest-011011/bot""]}","[1,1,1,1,1,1]","[0,1,1,0,1,1]",0,1,5,4,home_win,home,0,93
29050,3,"{""total"":[""solutions/game_3/total/rest-010001/top"",""solutions/game_3/total/rest-110101/bot""],""single"":[""solutions/game_3/single/rest-010001/top"",""solutions/game_3/single/rest-110101/bot""]}","[0,1,0,0,0,1]","[1,1,0,1,0,1]",1,1,5,1,home_win,home,0,68
29050,4,"{""total"":[""solutions/game_4/total/rest-101111/top"",""solutions/game_4/total/rest-001111/bot""],""single"":[""solutions/game_4/single/rest-101111/top"",""solutions/game_4/single/rest-001111/bot""]}","[1,0,1,1,1,1]","[0,0,1,1,1,1]",2,1,4,2,home_win,home,0,74
29050,5,"{""total"":[""solutions/game_5/single/rest-111011/top"",""solutions/game_5/single/rest-111010/bot""],""single"":[""solutions/game_5/single/rest-111011/top"",""solutions/game_5/single/rest-111010/bot""]}","[1,1,1,0,1,1]","[1,1,1,0,1,0]",3,1,9,10,away_win,away,1,104
29051,1,"{""total"":[""solutions/game_1/total/rest-111111/top"",""solutions/game_1/total/rest-111111/bot""],""single"":[""solutions/game_1/single/rest-111111/top"",""solutions/game_1/single/rest-111111/bot""]}","[1,1,1,1,1,1]","[1,1,1,1,1,1]",0,0,3,0,home_win,home,0,66
29051,2,"{""total"":[""solutions/game_2/total/rest-111101/top"",""solutions/game_2/total/rest-011111/bot""],""single"":[""solutions/game_2/single/rest-111101/top"",""solutions/game_2/single/rest-011111/bot""]}","[1,1,1,1,0,1]","[0,1,1,1,1,1]",1,0,4,3,home_win,home,0,76
29051,3,"{""total"":[""solutions/game_3/total/rest-010111/top"",""solutions/game_3/total/rest-101110/bot""],""single"":[""solutions/game_3/single/rest-010111/top"",""solutions/game_3/single/rest-101110/bot""]}","[0,1,0,1,1,1]","[1,0,1,1,1,0]",2,0,1,10,away_win,away,0,76
29051,4,"{""total"":[""solutions/game_4/total/rest-111110/top"",""solutions/game_4/total/rest-011101/bot""],""single"":[""solutions/game_4/single/rest-111110/top"",""solutions/game_4/single/rest-011101/bot""]}","[1,1,1,1,1,0]","[0,1,1,1,0,1]",2,1,6,4,home_win,home,0,79
29051,5,"{""total"":[""solutions/game_5/single/rest-010011/top"",""solutions/game_5/single/rest-001111/bot""],""single"":[""solutions/game_5/single/rest-010011/top"",""solutions/game_5/single/rest-001111/bot""]}","[0,1,0,0,1,1]","[0,0,1,1,1,1]",3,1,2,4,away_win,away,1,80
29052,1,"{""total"":[""solutions/game_1/total/rest-111111/top"",""solutions/game_1/total/rest-111111/bot""],""single"":[""solutions/game_1/single/rest-111111/top"",""solutions/game_1/single/rest-111111/bot""]}","[1,1,1,1,1,1]","[1,1,1,1,1,1]",0,0,4,1,home_win,home,0,70
29052,2,"{""total"":[""solutions/game_2/total/rest-111101/top"",""solutions/game_2/total/rest-000110/bot""],""single"":[""solutions/game_2/single/rest-111101/top"",""solutions/game_2/single/rest-000110/bot""]}","[1,1,1,1,0,1]","[0,0,0,1,1,0]",1,0,3,6,away_win,away,0,88
29052,3,"{""total"":[""solutions/game_3/total/rest-001110/top"",""solutions/game_3/total/rest-111001/bot""],""single"":[""solutions/game_3/single/rest-001110/top"",""solutions/game_3/single/rest-111001/bot""]}","[0,0,1,1,1,0]","[1,1,1,0,0,1]",1,1,2,0,home_win,home,0,70
29052,4,"{""total"":[""solutions/game_4/total/rest-110001/top"",""solutions/game_4/total/rest-011101/bot""],""single"":[""solutions/game_4/single/rest-110001/top"",""solutions/game_4/single/rest-011101/bot""]}","[1,1,0,0,0,1]","[0,1,1,1,0,1]",2,1,1,0,home_win,home,0,66
29052,5,"{""total"":[""solutions/game_5/single/rest-111101/top"",""solutions/game_5/single/rest-111011/bot""],""single"":[""solutions/game_5/single/rest-111101/top"",""solutions/game_5/single/rest-111011/bot""]}","[1,1,1,1,0,1]","[1,1,1,0,1,1]",3,1,8,0,home_win,home,1,41
29053,1,"{""total"":[""solutions/game_1/total/rest-111111/top"",""solutions/game_1/total/rest-111111/bot""],""single"":[""solutions/game_1/single/rest-111111/top"",""solutions/game_1/single/rest-111111/bot""]}","[1,1,1,1,1,1]","[1,1,1,1,1,1]",0,0,0,8,away_win,away,0,78
29053,2,"{""total"":[""solutions/game_2/total/rest-011110/top"",""solutions/game_2/total/rest-001111/bot""],""single"":[""solutions/game_2/single/rest-011110/top"",""solutions/game_2/single/rest-001111/bot""]}","[0,1,1,1,1,0]","[0,0,1,1,1,1]",0,1,1,9,away_win,away,0,42
29053,3,"{""total"":[""solutions/game_3/total/rest-111111/top"",""solutions/game_3/total/rest-111111/bot""],""single"":[""solutions/game_3/single/rest-111111/top"",""solutions/game_3/single/rest-111111/bot""]}","[1,1,1,1,1,1]","[1,1,1,1,1,1]",0,2,5,6,away_win,away,0,89
29053,4,"{""total"":[""solutions/game_4/total/rest-111111/top"",""solutions/game_4/total/rest-001000/bot""],""single"":[""solutions/game_4/single/rest-111111/top"",""solutions/game_4/single/rest-001000/bot""]}","[1,1,1,1,1,1]","[0,0,1,0,0,0]",0,3,6,7,away_win,away,1,87
29053,5,"{""total"":[""solutions/game_5/single/rest-111001/top"",""solutions/game_5/single/rest-100111/bot""],""single"":[""solutions/game_5/single/rest-111001/top"",""solutions/game_5/single/rest-100111/bot""]}","[1,1,1,0,0,1]","[1,0,0,1,1,1]",0,4,10,7,home_win,home,1,87
29054,1,"{""total"":[""solutions/game_1/total/rest-111111/top"",""solutions/game_1/total/rest-111111/bot""],""single"":[""solutions/game_1/single/rest-111111/top"",""solutions/game_1/single/rest-111111/bot""]}","[1,1,1,1,1,1]","[1,1,1,1,1,1]",0,0,10,5,home_win,home,0,88
29054,2,"{""total"":[""solutions/game_2/total/rest-111110/top"",""solutions/game_2/total/rest-101110/bot""],""single"":[""solutions/game_2/single/rest-111110/top"",""solutions/game_2/single/rest-101110/bot""]}","[1,1,1,1,1,0]","[1,0,1,1,1,0]",1,0,5,2,home_win,home,0,77
29054,3,"{""total"":[""solutions/game_3/total/rest-010101/top"",""solutions/game_3/total/rest-010111/bot""],""single"":[""solutions/game_3/single/rest-010101/top"",""solutions/game_3/single/rest-010111/bot""]}","[0,1,0,1,0,1]","[0,1,0,1,1,1]",2,0,2,8,away_win,away,0,85
29054,4,"{""total"":[""solutions/game_4/total/rest-101101/top"",""solutions/game_4/total/rest-101111/bot""],""single"":[""solutions/game_4/single/rest-101101/top"",""solutions/game_4/single/rest-101111/bot""]}","[1,0,1,1,0,1]","[1,0,1,1,1,1]",2,1,3,0,home_win,home,0,66
29054,5,"{""total"":[""solutions/game_5/single/rest-110011/top"",""solutions/game_5/single/rest-011010/bot""],""single"":[""solutions/game_5/single/rest-110011/top"",""solutions/game_5/single/rest-011010/bot""]}","[1,1,0,0,1,1]","[0,1,1,0,1,0]",3,1,4,3,home_win,home,1,75
29055,1,"{""total"":[""solutions/game_1/total/rest-111111/top"",""solutions/game_1/total/rest-111111/bot""],""single"":[""solutions/game_1/single/rest-111111/top"",""solutions/game_1/single/rest-111111/bot""]}","[1,1,1,1,1,1]","[1,1,1,1,1,1]",0,0,4,8,away_win,away,0,88
29055,2,"{""total"":[""solutions/game_2/total/rest-110011/top"",""solutions/game_2/total/rest-001010/bot""],""single"":[""solutions/game_2/single/rest-110011/top"",""solutions/game_2/single/rest-001010/bot""]}","[1,1,0,0,1,1]","[0,0,1,0,1,0]",0,1,8,4,home_win,home,0,90
29055,3,"{""total"":[""solutions/game_3/total/rest-111100/top"",""solutions/game_3/total/rest-110101/bot""],""single"":[""solutions/game_3/single/rest-111100/top"",""solutions/game_3/single/rest-110101/bot""]}","[1,1,1,1,0,0]","[1,1,0,1,0,1]",1,1,6,2,home_win,home,0,78
29055,4,"{""total"":[""solutions/game_4/total/rest-111011/top"",""solutions/game_4/total/rest-111010/bot""],""single"":[""solutions/game_4/single/rest-111011/top"",""solutions/game_4/single/rest-111010/bot""]}","[1,1,1,0,1,1]","[1,1,1,0,1,0]",2,1,2,4,away_win,away,0,79
29055,5,"{""total"":[""solutions/game_5/single/rest-111111/top"",""solutions/game_5/single/rest-111101/bot""],""single"":[""solutions/game_5/single/rest-111111/top"",""solutions/game_5/single/rest-111101/bot""]}","[1,1,1,1,1,1]","[1,1,1,1,0,1]",2,2,6,7,away_win,away,0,88
29056,1,"{""total"":[""solutions/game_1/total/rest-111111/top"",""solutions/game_1/total/rest-111111/bot""],""single"":[""solutions/game_1/single/rest-111111/top"",""solutions/game_1/single/rest-111111/bot""]}","[1,1,1,1,1,1]","[1,1,1,1,1,1]",0,0,8,7,home_win,home,0,89
29056,2,"{""total"":[""solutions/game_2/total/rest-111010/top"",""solutions/game_2/total/rest-011100/bot""],""single"":[""solutions/game_2/single/rest-111010/top"",""solutions/game_2/single/rest-011100/bot""]}","[1,1,1,0,1,0]","[0,1,1,1,0,0]",1,0,0,10,away_win,away,0,61
29056,3,"{""total"":[""solutions/game_3/total/rest-111111/top"",""solutions/game_3/total/rest-111111/bot""],""single"":[""solutions/game_3/single/rest-111111/top"",""solutions/game_3/single/rest-111111/bot""]}","[1,1,1,1,1,1]","[1,1,1,1,1,1]",1,1,8,0,home_win,home,0,61
29056,4,"{""total"":[""solutions/game_4/total/rest-111101/top"",""solutions/game_4/total/rest-001011/bot""],""single"":[""solutions/game_4/single/rest-111101/top"",""solutions/game_4/single/rest-001011/bot""]}","[1,1,1,1,0,1]","[0,0,1,0,1,1]",2,1,6,1,home_win,home,0,83
29056,5,"{""total"":[""solutions/game_5/single/rest-111110/top"",""solutions/game_5/single/rest-111100/bot""],""single"":[""solutions/game_5/single/rest-111110/top"",""solutions/game_5/single/rest-111100/bot""]}","[1,1,1,1,1,0]","[1,1,1,1,0,0]",3,1,2,6,away_win,away,1,85
