sequence,game,policies,home_initial_rest,away_initial_rest,home_wins_before,away_wins_before,home_score,away_score,terminal_result,winner,post_clinch,decisions
29569,1,"{""series"":[""solutions/game_1/series/rest-111111/top"",""solutions/game_1/series/rest-111111/bot""],""total"":[""solutions/game_1/total/rest-111111/top"",""solutions/game_1/total/rest-111111/bot""]}","[1,1,1,1,1,1]","[1,1,1,1,1,1]",0,0,3,6,away_win,away,0,77
29569,2,"{""series"":[""solutions/game_2/series/home_wins_0/rest-111110/top"",""solutions/game_2/series/home_wins_0/rest-011111/bot""],""total"":[""solutions/game_2/total/rest-111110/top"",""solutions/game_2/total/rest-011111/bot""]}","[1,1,1,1,1,0]","[0,1,1,1,1,1]",0,1,10,0,home_win,home,0,26
29569,3,"{""series"":[""solutions/game_3/series/home_wins_1/rest-111111/top"",""solutions/game_3/series/home_wins_1/rest-111111/bot""],""total"":[""solutions/game_3/total/rest-111111/top"",""solutions/game_3/total/rest-111111/bot""]}","[1,1,1,1,1,1]","[1,1,1,1,1,1]",1,1,9,10,away_win,away,0,102
29569,4,"{""series"":[""solutions/game_4/series/home_wins_1/rest-110001/top"",""solutions/game_4/series/home_wins_1/rest-110111/bot""],""total"":[""solutions/game_4/total/rest-110001/top"",""solutions/game_4/total/rest-110111/bot""]}","[1,1,0,0,0,1]","[1,1,0,1,1,1]",1,2,5,2,home_win,home,0,83
29569,5,"{""series"":[""solutions/game_5/single/rest-011110/top"",""solutions/game_5/single/rest-111111/bot""],""total"":[""solutions/game_5/single/rest-011110/top"",""solutions/game_5/single/rest-111111/bot""]}","[0,1,1,1,1,0]","[1,1,1,1,1,1]",2,2,2,11,away_win,away,0,70
29570,1,"{""series"":[""solutions/game_1/series/rest-111111/top"",""solutions/game_1/series/rest-111111/bot""],""total"":[""solutions/game_1/total/rest-111111/top"",""solutions/game_1/total/rest-111111/bot""]}","[1,1,1,1,1,1]","[1,1,1,1,1,1]",0,0,1,8,away_win,away,0,77
29570,2,"{""series"":[""solutions/game_2/series/home_wins_0/rest-110111/top"",""solutions/game_2/series/home_wins_0/rest-001111/bot""],""total"":[""solutions/game_2/total/rest-110111/top"",""solutions/game_2/total/rest-001111/bot""]}","[1,1,0,1,1,1]","[0,0,1,1,1,1]",0,1,8,5,home_win,home,0,86
29570,3,"{""series"":[""solutions/game_3/series/home_wins_1/rest-111010/top"",""solutions/game_3/series/home_wins_1/rest-111100/bot""],""total"":[""solutions/game_3/total/rest-111010/top"",""solutions/game_3/total/rest-111100/bot""]}","[1,1,1,0,1,0]","[1,1,1,1,0,0]",1,1,2,1,home_win,home,0,80
29570,4,"{""series"":[""solutions/game_4/series/home_wins_2/rest-000100/top"",""solutions/game_4/series/home_wins_2/rest-100111/bot""],""total"":[""solutions/game_4/total/rest-000100/top"",""solutions/game_4/total/rest-100111/bot""]}","[0,0,0,1,0,0]","[1,0,0,1,1,1]",2,1,4,3,home_win,home,0,76
29570,5,"{""series"":[""solutions/game_5/single/rest-111011/top"",""solutions/game_5/single/rest-110101/bot""],""total"":[""solutions/game_5/single/rest-111011/top"",""solutions/game_5/single/rest-110101/bot""]}","[1,1,1,0,1,1]","[1,1,0,1,0,1]",3,1,10,5,home_win,home,1,85
29571,1,"{""series"":[""solutions/game_1/series/rest-111111/top"",""solutions/game_1/series/rest-111111/bot""],""total"":[""solutions/game_1/total/rest-111111/top"",""solutions/game_1/total/rest-111111/bot""]}","[1,1,1,1,1,1]","[1,1,1,1,1,1]",0,0,3,6,away_win,away,0,82
29571,2,"{""series"":[""solutions/game_2/series/home_wins_0/rest-111111/top"",""solutions/game_2/series/home_wins_0/rest-101110/bot""],""total"":[""solutions/game_2/total/rest-111111/top"",""solutions/game_2/total/rest-101110/bot""]}","[1,1,1,1,1,1]","[1,0,1,1,1,0]",0,1,10,10,tie,away,0,100
29571,3,"{""series"":[""solutions/game_3/series/home_wins_0/rest-001101/top"",""solutions/game_3/series/home_wins_0/rest-001111/bot""],""total"":[""solutions/game_3/total/rest-001101/top"",""solutions/game_3/total/rest-001111/bot""]}","[0,0,1,1,0,1]","[0,0,1,1,1,1]",0,2,4,3,home_win,home,0,75
29571,4,"{""series"":[""solutions/game_4/series/home_wins_1/rest-110110/top"",""solutions/game_4/series/home_wins_1/rest-110010/bot""],""total"":[""solutions/game_4/total/rest-110110/top"",""solutions/game_4/total/rest-110010/bot""]}","[1,1,0,1,1,0]","[1,1,0,0,1,0]",1,2,3,2,home_win,home,0,73
29571,5,"{""series"":[""solutions/game_5/single/rest-011001/top"",""solutions/game_5/single/rest-011101/bot""],""total"":[""solutions/game_5/single/rest-011001/top"",""solutions/game_5/single/rest-011101/bot""]}","[0,1,1,0,0,1]","[0,1,1,1,0,1]",2,2,3,9,away_win,away,0,87
29572,1,"{""series"":[""solutions/game_1/series/rest-111111/top"",""solutions/game_1/series/rest-111111/bot""],""total"":[""solutions/game_1/total/rest-111111/top"",""solutions/game_1/total/rest-111111/bot""]}","[1,1,1,1,1,1]","[1,1,1,1,1,1]",0,0,3,2,home_win,home,0,74
29572,2,"{""series"":[""solutions/game_2/series/home_wins_1/rest-011101/top"",""solutions/game_2/series/home_wins_1/rest-111110/bot""],""total"":[""solutions/game_2/total/rest-011101/top"",""solutions/game_2/total/rest-111110/bot""]}","[0,1,1,1,0,1]","[1,1,1,1,1,0]",1,0,4,1,home_win,home,0,74
29572,3,"{""series"":[""solutions/game_3/series/home_wins_2/rest-110111/top"",""solutions/game_3/series/home_wins_2/rest-110101/bot""],""total"":[""solutions/game_3/total/rest-110111/top"",""solutions/game_3/total/rest-110101/bot""]}","[1,1,0,1,1,1]","[1,1,0,1,0,1]",2,0,2,1,home_win,home,0,72
29572,4,"{""series"":[""solutions/game_4/single/rest-001001/top"",""solutions/game_4/single/rest-111011/bot""],""total"":[""solutions/game_4/total/rest-001001/top"",""solutions/game_4/total/rest-111011/bot""]}","[0,0,1,0,0,1]","[1,1,1,0,1,1]",3,0,6,3,home_win,home,1,84
29572,5,"{""series"":[""solutions/game_5/single/rest-110110/top"",""solutions/game_5/single/rest-110011/bot""],""total"":[""solutions/game_5/single/rest-110110/top"",""solutions/game_5/single/rest-110011/bot""]}","[1,1,0,1,1,0]","[1,1,0,0,1,1]",4,0,4,2,home_win,home,1,77
29573,1,"{""series"":[""solutions/game_1/series/rest-111111/top"",""solutions/game_1/series/rest-111111/bot""],""total"":[""solutions/game_1/total/rest-111111/top"",""solutions/game_1/total/rest-111111/bot""]}","[1,1,1,1,1,1]","[1,1,1,1,1,1]",0,0,3,1,home_win,home,0,68
29573,2,"{""series"":[""solutions/game_2/series/home_wins_1/rest-011111/top"",""solutions/game_2/series/home_wins_1/rest-111110/bot""],""total"":[""solutions/game_2/total/rest-011111/top"",""solutions/game_2/total/rest-111110/bot""]}","[0,1,1,1,1,1]","[1,1,1,1,1,0]",1,0,5,0,home_win,home,0,70
29573,3,"{""series"":[""solutions/game_3/series/home_wins_2/rest-111100/top"",""solutions/game_3/series/home_wins_2/rest-011111/bot""],""total"":[""solutions/game_3/total/rest-111100/top"",""solutions/game_3/total/rest-011111/bot""]}","[1,1,1,1,0,0]","[0,1,1,1,1,1]",2,0,9,1,home_win,home,0,55
29573,4,"{""series"":[""solutions/game_4/single/rest-111110/top"",""solutions/game_4/single/rest-010111/bot""],""total"":[""solutions/game_4/total/rest-111110/top"",""solutions/game_4/total/rest-010111/bot""]}","[1,1,1,1,1,0]","[0,1,0,1,1,1]",3,0,2,1,home_win,home,1,73
29573,5,"{""series"":[""solutions/game_5/single/rest-010001/top"",""solutions/game_5/single/rest-111111/bot""],""total"":[""solutions/game_5/single/rest-010001/top"",""solutions/game_5/single/rest-111111/bot""]}","[0,1,0,0,0,1]","[1,1,1,1,1,1]",4,0,10,0,home_win,home,1,38
29574,1,"{""series"":[""solutions/game_1/series/rest-111111/top"",""solutions/game_1/series/rest-111111/bot""],""total"":[""solutions/game_1/total/rest-111111/top"",""solutions/game_1/total/rest-111111/bot""]}","[1,1,1,1,1,1]","[1,1,1,1,1,1]",0,0,4,3,home_win,home,0,67
29574,2,"{""series"":[""solutions/game_2/series/home_wins_1/rest-110011/top"",""solutions/game_2/series/home_wins_1/rest-011111/bot""],""total"":[""solutions/game_2/total/rest-110011/top"",""solutions/game_2/total/rest-011111/bot""]}","[1,1,0,0,1,1]","[0,1,1,1,1,1]",1,0,11,6,home_win,home,0,88
29574,3,"{""series"":[""solutions/game_3/series/home_wins_2/rest-011111/top"",""solutions/game_3/series/home_wins_2/rest-111100/bot""],""total"":[""solutions/game_3/total/rest-011111/top"",""solutions/game_3/total/rest-111100/bot""]}","[0,1,1,1,1,1]","[1,1,1,1,0,0]",2,0,4,7,away_win,away,0,83
29574,4,"{""series"":[""solutions/game_4/series/home_wins_2/rest-101011/top"",""solutions/game_4/series/home_wins_2/rest-100011/bot""],""total"":[""solutions/game_4/total/rest-101011/top"",""solutions/game_4/total/rest-100011/bot""]}","[1,0,1,0,1,1]","[1,0,0,0,1,1]",2,1,6,8,away_win,away,0,93
29574,5,"{""series"":[""solutions/game_5/single/rest-010101/top"",""solutions/game_5/single/rest-011100/bot""],""total"":[""solutions/game_5/single/rest-010101/top"",""solutions/game_5/single/rest-011100/bot""]}","[0,1,0,1,0,1]","[0,1,1,1,0,0]",2,2,7,8,away_win,away,0,92
29575,1,"{""series"":[""solutions/game_1/series/rest-111111/top"",""solutions/game_1/series/rest-111111/bot""],""total"":[""solutions/game_1/total/rest-111111/top"",""solutions/game_1/total/rest-111111/bot""]}","[1,1,1,1,1,1]","[1,1,1,1,1,1]",0,0,4,8,away_win,away,0,91
29575,2,"{""series"":[""solutions/game_2/series/home_wins_0/rest-110001/top"",""solutions/game_2/series/home_wins_0/rest-001110/bot""],""total"":[""solutions/game_2/total/rest-110001/top"",""solutions/game_2/total/rest-001110/bot""]}","[1,1,0,0,0,1]","[0,0,1,1,1,0]",0,1,2,0,home_win,home,0,73
29575,3,"{""series"":[""solutions/game_3/series/home_wins_1/rest-011110/top"",""solutions/game_3/series/home_wins_1/rest-111101/bot""],""total"":[""solutions/game_3/total/rest-011110/top"",""solutions/game_3/total/rest-111101/bot""]}","[0,1,1,1,1,0]","[1,1,1,1,0,1]",1,1,9,6,home_win,home,0,81
29575,4,"{""series"":[""solutions/game_4/series/home_wins_2/rest-111101/top"",""solutions/game_4/series/home_wins_2/rest-111111/bot""],""total"":[""solutions/game_4/total/rest-111101/top"",""solutions/game_4/total/rest-111111/bot""]}","[1,1,1,1,0,1]","[1,1,1,1,1,1]",2,1,4,5,away_win,away,0,87
29575,5,"{""series"":[""solutions/game_5/single/rest-101101/top"",""solutions/game_5/single/rest-011011/bot""],""total"":[""solutions/game_5/single/rest-101101/top"",""solutions/game_5/single/rest-011011/bot""]}","[1,0,1,1,0,1]","[0,1,1,0,1,1]",2,2,6,5,home_win,home,0,79
29576,1,"{""series"":[""solutions/game_1/series/rest-111111/top"",""solutions/game_1/series/rest-111111/bot""],""total"":[""solutions/game_1/total/rest-111111/top"",""solutions/game_1/total/rest-111111/bot""]}","[1,1,1,1,1,1]","[1,1,1,1,1,1]",0,0,8,4,home_win,home,0,73
29576,2,"{""series"":[""solutions/game_2/series/home_wins_1/rest-110101/top"",""solutions/game_2/series/home_wins_1/rest-111110/bot""],""total"":[""solutions/game_2/total/rest-110101/top"",""solutions/game_2/total/rest-111110/bot""]}","[1,1,0,1,0,1]","[1,1,1,1,1,0]",1,0,8,10,away_win,away,0,96
29576,3,"{""series"":[""solutions/game_3/series/home_wins_1/rest-001011/top"",""solutions/game_3/series/home_wins_1/rest-001010/bot""],""total"":[""solutions/game_3/total/rest-001011/top"",""solutions/game_3/total/rest-001010/bot""]}","[0,0,1,0,1,1]","[0,0,1,0,1,0]",1,1,6,3,home_win,home,0,84
29576,4,"{""series"":[""solutions/game_4/series/home_wins_2/rest-110100/top"",""solutions/game_4/series/home_wins_2/rest-111101/bot""],""total"":[""solutions/game_4/total/rest-110100/top"",""solutions/game_4/total/rest-111101/bot""]}","[1,1,0,1,0,0]","[1,1,1,1,0,1]",2,1,4,2,home_win,home,0,72
29576,5,"{""series"":[""solutions/game_5/single/rest-111111/top"",""solutions/game_5/single/rest-101011/bot""],""total"":[""solutions/game_5/single/rest-111111/top"",""solutions/game_5/single/rest-101011/bot""]}","[1,1,1,1,1,1]","[1,0,1,0,1,1]",3,1,1,4,away_win,away,1,87
29577,1,"{""series"":[""solutions/game_1/series/rest-111111/top"",""solutions/game_1/series/rest-111111/bot""],""total"":[""solutions/game_1/total/rest-111111/top"",""solutions/game_1/total/rest-111111/bot""]}","[1,1,1,1,1,1]","[1,1,1,1,1,1]",0,0,1,5,away_win,away,0,76
29577,2,"{""series"":[""solutions/game_2/series/home_wins_0/rest-111100/top"",""solutions/game_2/series/home_wins_0/rest-111111/bot""],""total"":[""solutions/game_2/total/rest-111100/top"",""solutions/game_2/total/rest-111111/bot""]}","[1,1,1,1,0,0]","[1,1,1,1,1,1]",0,1,7,1,home_win,home,0,79
29577,3,"{""series"":[""solutions/game_3/series/home_wins_1/rest-011111/top"",""solutions/game_3/series/home_wins_1/rest-111101/bot""],""total"":[""solutions/game_3/total/rest-011111/top"",""solutions/game_3/total/rest-111101/bot""]}","[0,1,1,1,1,1]","[1,1,1,1,0,1]",1,1,2,3,away_win,away,0,83
29577,4,"{""series"":[""solutions/game_4/series/home_wins_1/rest-110011/top"",""solutions/game_4/series/home_wins_1/rest-101110/bot""],""total"":[""solutions/game_4/total/rest-110011/top"",""solutions/game_4/total/rest-101110/bot""]}","[1,1,0,0,1,1]","[1,0,1,1,1,0]",1,2,5,5,tie,home,0,87
29577,5,"{""series"":[""solutions/game_5/single/rest-111011/top"",""solutions/game_5/single/rest-001111/bot""],""total"":[""solutions/game_5/single/rest-111011/top"",""solutions/game_5/single/rest-001111/bot""]}","[1,1,1,0,1,1]","[0,0,1,1,1,1]",2,2,4,8,away_win,away,0,84
29578,1,"{""series"":[""solutions/game_1/series/rest-111111/top"",""solutions/game_1/series/rest-111111/bot""],""total"":[""solutions/game_1/total/rest-111111/top"",""solutions/game_1/total/rest-111111/bot""]}","[1,1,1,1,1,1]","[1,1,1,1,1,1]",0,0,1,3,away_win,away,0,73
29578,2,"{""series"":[""solutions/game_2/series/home_wins_0/rest-110111/top"",""solutions/game_2/series/home_wins_0/rest-101110/bot""],""total"":[""solutions/game_2/total/rest-110111/top"",""solutions/game_2/total/rest-101110/bot""]}","[1,1,0,1,1,1]","[1,0,1,1,1,0]",0,1,1,9,away_win,away,0,73
29578,3,"{""series"":[""solutions/game_3/series/home_wins_0/rest-111110/top"",""solutions/game_3/series/home_wins_0/rest-111111/bot""],""total"":[""solutions/game_3/total/rest-111110/top"",""solutions/game_3/total/rest-111111/bot""]}","[1,1,1,1,1,0]","[1,1,1,1,1,1]",0,2,3,5,away_win,away,0,90
29578,4,"{""series"":[""solutions/game_4/single/rest-010101/top"",""solutions/game_4/single/rest-001110/bot""],""total"":[""solutions/game_4/total/rest-010101/top"",""solutions/game_4/total/rest-001110/bot""]}","[0,1,0,1,0,1]","[0,0,1,1,1,0]",0,3,8,4,home_win,home,1,83
29578,5,"{""series"":[""solutions/game_5/single/rest-111110/top"",""solutions/game_5/single/rest-110101/bot""],""total"":[""solutions/game_5/single/rest-111110/top"",""solutions/game_5/single/rest-110101/bot""]}","[1,1,1,1,1,0]","[1,1,0,1,0,1]",1,3,8,5,home_win,home,1,80
29579,1,"{""series"":[""solutions/game_1/series/rest-111111/top"",""solutions/game_1/series/rest-111111/bot""],""total"":[""solutions/game_1/total/rest-111111/top"",""solutions/game_1/total/rest-111111/bot""]}","[1,1,1,1,1,1]","[1,1,1,1,1,1]",0,0,5,4,home_win,home,0,93
29579,2,"{""series"":[""solutions/game_2/series/home_wins_1/rest-010101/top"",""solutions/game_2/series/home_wins_1/rest-011110/bot""],""total"":[""solutions/game_2/total/rest-010101/top"",""solutions/game_2/total/rest-011110/bot""]}","[0,1,0,1,0,1]","[0,1,1,1,1,0]",1,0,1,9,away_win,away,0,87
29579,3,"{""series"":[""solutions/game_3/series/home_wins_1/rest-111111/top"",""solutions/game_3/series/home_wins_1/rest-101001/bot""],""total"":[""solutions/game_3/total/rest-111111/top"",""solutions/game_3/total/rest-101001/bot""]}","[1,1,1,1,1,1]","[1,0,1,0,0,1]",1,1,4,5,away_win,away,0,79
29579,4,"{""series"":[""solutions/game_4/series/home_wins_1/rest-010111/top"",""solutions/game_4/series/home_wins_1/rest-011110/bot""],""total"":[""solutions/game_4/total/rest-010111/top"",""solutions/game_4/total/rest-011110/bot""]}","[0,1,0,1,1,1]","[0,1,1,1,1,0]",1,2,8,0,home_win,home,0,70
29579,5,"{""series"":[""solutions/game_5/single/rest-011110/top"",""solutions/game_5/single/rest-111111/bot""],""total"":[""solutions/game_5/single/rest-011110/top"",""solutions/game_5/single/rest-111111/bot""]}","[0,1,1,1,1,0]","[1,1,1,1,1,1]",2,2,8,4,home_win,home,0,83
29580,1,"{""series"":[""solutions/game_1/series/rest-111111/top"",""solutions/game_1/series/rest-111111/bot""],""total"":[""solutions/game_1/total/rest-111111/top"",""solutions/game_1/total/rest-111111/bot""]}","[1,1,1,1,1,1]","[1,1,1,1,1,1]",0,0,4,8,away_win,away,0,91
29580,2,"{""series"":[""solutions/game_2/series/home_wins_0/rest-011111/top"",""solutions/game_2/series/home_wins_0/rest-011101/bot""],""total"":[""solutions/game_2/total/rest-011111/top"",""solutions/game_2/total/rest-011101/bot""]}","[0,1,1,1,1,1]","[0,1,1,1,0,1]",0,1,4,2,home_win,home,0,78
29580,3,"{""series"":[""solutions/game_3/series/home_wins_1/rest-111101/top"",""solutions/game_3/series/home_wins_1/rest-110110/bot""],""total"":[""solutions/game_3/total/rest-111101/top"",""solutions/game_3/total/rest-110110/bot""]}","[1,1,1,1,0,1]","[1,1,0,1,1,0]",1,1,3,1,home_win,home,0,74
29580,4,"{""series"":[""solutions/game_4/series/home_wins_2/rest-110011/top"",""solutions/game_4/series/home_wins_2/rest-101010/bot""],""total"":[""solutions/game_4/total/rest-110011/top"",""solutions/game_4/total/rest-101010/bot""]}","[1,1,0,0,1,1]","[1,0,1,0,1,0]",2,1,10,5,home_win,home,0,85
29580,5,"{""series"":[""solutions/game_5/single/rest-000101/top"",""solutions/game_5/single/rest-111100/bot""],""total"":[""solutions/game_5/single/rest-000101/top"",""solutions/game_5/single/rest-111100/bot""]}","[0,0,0,1,0,1]","[1,1,1,1,0,0]",3,1,6,1,home_win,home,1,79
29581,1,"{""series"":[""solutions/game_1/series/rest-111111/top"",""solutions/game_1/series/rest-111111/bot""],""total"":[""solutions/game_1/total/rest-111111/top"",""solutions/game_1/total/rest-111111/bot""]}","[1,1,1,1,1,1]","[1,1,1,1,1,1]",0,0,4,8,away_win,away,0,90
29581,2,"{""series"":[""solutions/game_2/series/home_wins_0/rest-101110/top"",""solutions/game_2/series/home_wins_0/rest-001101/bot""],""total"":[""solutions/game_2/total/rest-101110/top"",""solutions/game_2/total/rest-001101/bot""]}","[1,0,1,1,1,0]","[0,0,1,1,0,1]",0,1,5,9,away_win,away,0,88
29581,3,"{""series"":[""solutions/game_3/series/home_wins_0/rest-011101/top"",""solutions/game_3/series/home_wins_0/rest-111010/bot""],""total"":[""solutions/game_3/total/rest-011101/top"",""solutions/game_3/total/rest-111010/bot""]}","[0,1,1,1,0,1]","[1,1,1,0,1,0]",0,2,6,10,away_win,away,0,96
29581,4,"{""series"":[""solutions/game_4/single/rest-100010/top"",""solutions/game_4/single/rest-110101/bot""],""total"":[""solutions/game_4/total/rest-100010/top"",""solutions/game_4/total/rest-110101/bot""]}","[1,0,0,0,1,0]","[1,1,0,1,0,1]",0,3,8,6,home_win,home,1,86
29581,5,"{""series"":[""solutions/game_5/single/rest-011101/top"",""solutions/game_5/single/rest-111010/bot""],""total"":[""solutions/game_5/single/rest-011101/top"",""solutions/game_5/single/rest-111010/bot""]}","[0,1,1,1,0,1]","[1,1,1,0,1,0]",1,3,0,9,away_win,away,1,43
29582,1,"{""series"":[""solutions/game_1/series/rest-111111/top"",""solutions/game_1/series/rest-111111/bot""],""total"":[""solutions/game_1/total/rest-111111/top"",""solutions/game_1/total/rest-111111/bot""]}","[1,1,1,1,1,1]","[1,1,1,1,1,1]",0,0,8,3,home_win,home,0,81
29582,2,"{""series"":[""solutions/game_2/series/home_wins_1/rest-101111/top"",""solutions/game_2/series/home_wins_1/rest-111111/bot""],""total"":[""solutions/game_2/total/rest-101111/top"",""solutions/game_2/total/rest-111111/bot""]}","[1,0,1,1,1,1]","[1,1,1,1,1,1]",1,0,5,7,away_win,away,0,89
29582,3,"{""series"":[""solutions/game_3/series/home_wins_1/rest-110100/top"",""solutions/game_3/series/home_wins_1/rest-101010/bot""],""total"":[""solutions/game_3/total/rest-110100/top"",""solutions/game_3/total/rest-101010/bot""]}","[1,1,0,1,0,0]","[1,0,1,0,1,0]",1,1,9,1,home_win,home,0,57
29582,4,"{""series"":[""solutions/game_4/series/home_wins_2/rest-111101/top"",""solutions/game_4/series/home_wins_2/rest-101111/bot""],""total"":[""solutions/game_4/total/rest-111101/top"",""solutions/game_4/total/rest-101111/bot""]}","[1,1,1,1,0,1]","[1,0,1,1,1,1]",2,1,3,2,home_win,home,0,75
29582,5,"{""series"":[""solutions/game_5/single/rest-111001/top"",""solutions/game_5/single/rest-110011/bot""],""total"":[""solutions/game_5/single/rest-111001/top"",""solutions/game_5/single/rest-110011/bot""]}","[1,1,1,0,0,1]","[1,1,0,0,1,1]",3,1,5,0,home_win,home,1,71
29583,1,"{""series"":[""solutions/game_1/series/rest-111111/top"",""solutions/game_1/series/rest-111111/bot""],""total"":[""solutions/game_1/total/rest-111111/top"",""solutions/game_1/total/rest-111111/bot""]}","[1,1,1,1,1,1]","[1,1,1,1,1,1]",0,0,6,2,home_win,home,0,74
29583,2,"{""series"":[""solutions/game_2/series/home_wins_1/rest-101111/top"",""solutions/game_2/series/home_wins_1/rest-111110/bot""],""total"":[""solutions/game_2/total/rest-101111/top"",""solutions/game_2/total/rest-111110/bot""]}","[1,0,1,1,1,1]","[1,1,1,1,1,0]",1,0,3,4,away_win,away,0,80
29583,3,"{""series"":[""solutions/game_3/series/home_wins_1/rest-011010/top"",""solutions/game_3/series/home_wins_1/rest-011011/bot""],""total"":[""solutions/game_3/total/rest-011010/top"",""solutions/game_3/total/rest-011011/bot""]}","[0,1,1,0,1,0]","[0,1,1,0,1,1]",1,1,4,3,home_win,home,0,85
29583,4,"{""series"":[""solutions/game_4/series/home_wins_2/rest-100101/top"",""solutions/game_4/series/home_wins_2/rest-010111/bot""],""total"":[""solutions/game_4/total/rest-100101/top"",""solutions/game_4/total/rest-010111/bot""]}","[1,0,0,1,0,1]","[0,1,0,1,1,1]",2,1,3,4,away_win,away,0,76
29583,5,"{""series"":[""solutions/game_5/single/rest-111111/top"",""solutions/game_5/single/rest-111011/bot""],""total"":[""solutions/game_5/single/rest-111111/top"",""solutions/game_5/single/rest-111011/bot""]}","[1,1,1,1,1,1]","[1,1,1,0,1,1]",2,2,6,4,home_win,home,0,87
29584,1,"{""series"":[""solutions/game_1/series/rest-111111/top"",""solutions/game_1/series/rest-111111/bot""],""total"":[""solutions/game_1/total/rest-111111/top"",""solutions/game_1/total/rest-111111/bot""]}","[1,1,1,1,1,1]","[1,1,1,1,1,1]",0,0,5,8,away_win,away,0,92
29584,2,"{""series"":[""solutions/game_2/series/home_wins_0/rest-011001/top"",""solutions/game_2/series/home_wins_0/rest-001110/bot""],""total"":[""solutions/game_2/total/rest-011001/top"",""solutions/game_2/total/rest-001110/bot""]}","[0,1,1,0,0,1]","[0,0,1,1,1,0]",0,1,7,11,away_win,away,0,108
29584,3,"{""series"":[""solutions/game_3/series/home_wins_0/rest-101110/top"",""solutions/game_3/series/home_wins_0/rest-110001/bot""],""total"":[""solutions/game_3/total/rest-101110/top"",""solutions/game_3/total/rest-110001/bot""]}","[1,0,1,1,1,0]","[1,1,0,0,0,1]",0,2,6,4,home_win,home,0,86
29584,4,"{""series"":[""solutions/game_4/series/home_wins_1/rest-010101/top"",""solutions/game_4/series/home_wins_1/rest-101111/bot""],""total"":[""solutions/game_4/total/rest-010101/top"",""solutions/game_4/total/rest-101111/bot""]}","[0,1,0,1,0,1]","[1,0,1,1,1,1]",1,2,5,8,away_win,away,0,94
29584,5,"{""series"":[""solutions/game_5/single/rest-101111/top"",""solutions/game_5/single/rest-110001/bot""],""total"":[""solutions/game_5/single/rest-101111/top"",""solutions/game_5/single/rest-110001/bot""]}","[1,0,1,1,1,1]","[1,1,0,0,0,1]",1,3,1,9,away_win,away,1,70
29585,1,"{""series"":[""solutions/game_1/series/rest-111111/top"",""solutions/game_1/series/rest-111111/bot""],""total"":[""solutions/game_1/total/rest-111111/top"",""solutions/game_1/total/rest-111111/bot""]}","[1,1,1,1,1,1]","[1,1,1,1,1,1]",0,0,1,9,away_win,away,0,55
29585,2,"{""series"":[""solutions/game_2/series/home_wins_0/rest-011111/top"",""solutions/game_2/series/home_wins_0/rest-111111/bot""],""total"":[""solutions/game_2/total/rest-011111/top"",""solutions/game_2/total/rest-111111/bot""]}","[0,1,1,1,1,1]","[1,1,1,1,1,1]",0,1,0,3,away_win,away,0,77
29585,3,"{""series"":[""solutions/game_3/series/home_wins_0/rest-110011/top"",""solutions/game_3/series/home_wins_0/rest-011011/bot""],""total"":[""solutions/game_3/total/rest-110011/top"",""solutions/game_3/total/rest-011011/bot""]}","[1,1,0,0,1,1]","[0,1,1,0,1,1]",0,2,9,0,home_win,home,0,53
29585,4,"{""series"":[""solutions/game_4/series/home_wins_1/rest-111111/top"",""solutions/game_4/series/home_wins_1/rest-111111/bot""],""total"":[""solutions/game_4/total/rest-111111/top"",""solutions/game_4/total/rest-111111/bot""]}","[1,1,1,1,1,1]","[1,1,1,1,1,1]",1,2,6,2,home_win,home,0,74
29585,5,"{""series"":[""solutions/game_5/single/rest-101111/top"",""solutions/game_5/single/rest-110111/bot""],""total"":[""solutions/game_5/single/rest-101111/top"",""solutions/game_5/single/rest-110111/bot""]}","[1,0,1,1,1,1]","[1,1,0,1,1,1]",2,2,2,5,away_win,away,0,82
29586,1,"{""series"":[""solutions/game_1/series/rest-111111/top"",""solutions/game_1/series/rest-111111/bot""],""total"":[""solutions/game_1/total/rest-111111/top"",""solutions/game_1/total/rest-111111/bot""]}","[1,1,1,1,1,1]","[1,1,1,1,1,1]",0,0,3,4,away_win,away,0,79
29586,2,"{""series"":[""solutions/game_2/series/home_wins_0/rest-111001/top"",""solutions/game_2/series/home_wins_0/rest-111010/bot""],""total"":[""solutions/game_2/total/rest-111001/top"",""solutions/game_2/total/rest-111010/bot""]}","[1,1,1,0,0,1]","[1,1,1,0,1,0]",0,1,7,6,home_win,home,0,91
29586,3,"{""series"":[""solutions/game_3/series/home_wins_1/rest-000111/top"",""solutions/game_3/series/home_wins_1/rest-000110/bot""],""total"":[""solutions/game_3/total/rest-000111/top"",""solutions/game_3/total/rest-000110/bot""]}","[0,0,0,1,1,1]","[0,0,0,1,1,0]",1,1,5,8,away_win,away,0,87
29586,4,"{""series"":[""solutions/game_4/series/home_wins_1/rest-111101/top"",""solutions/game_4/series/home_wins_1/rest-110001/bot""],""total"":[""solutions/game_4/total/rest-111101/top"",""solutions/game_4/total/rest-110001/bot""]}","[1,1,1,1,0,1]","[1,1,0,0,0,1]",1,2,8,0,home_win,home,0,56
29586,5,"{""series"":[""solutions/game_5/single/rest-111111/top"",""solutions/game_5/single/rest-111101/bot""],""total"":[""solutions/game_5/single/rest-111111/top"",""solutions/game_5/single/rest-111101/bot""]}","[1,1,1,1,1,1]","[1,1,1,1,0,1]",2,2,9,10,away_win,away,0,99
29587,1,"{""series"":[""solutions/game_1/series/rest-111111/top"",""solutions/game_1/series/rest-111111/bot""],""total"":[""solutions/game_1/total/rest-111111/top"",""solutions/game_1/total/rest-111111/bot""]}","[1,1,1,1,1,1]","[1,1,1,1,1,1]",0,0,4,6,away_win,away,0,92
29587,2,"{""series"":[""solutions/game_2/series/home_wins_0/rest-111001/top"",""solutions/game_2/series/home_wins_0/rest-001010/bot""],""total"":[""solutions/game_2/total/rest-111001/top"",""solutions/game_2/total/rest-001010/bot""]}","[1,1,1,0,0,1]","[0,0,1,0,1,0]",0,1,9,4,home_win,home,0,83
29587,3,"{""series"":[""solutions/game_3/series/home_wins_1/rest-011110/top"",""solutions/game_3/series/home_wins_1/rest-011101/bot""],""total"":[""solutions/game_3/total/rest-011110/top"",""solutions/game_3/total/rest-011101/bot""]}","[0,1,1,1,1,0]","[0,1,1,1,0,1]",1,1,4,3,home_win,home,0,78
29587,4,"{""series"":[""solutions/game_4/series/home_wins_2/rest-111001/top"",""solutions/game_4/series/home_wins_2/rest-101011/bot""],""total"":[""solutions/game_4/total/rest-111001/top"",""solutions/game_4/total/rest-101011/bot""]}","[1,1,1,0,0,1]","[1,0,1,0,1,1]",2,1,10,3,home_win,home,0,85
29587,5,"{""series"":[""solutions/game_5/single/rest-111111/top"",""solutions/game_5/single/rest-110111/bot""],""total"":[""solutions/game_5/single/rest-111111/top"",""solutions/game_5/single/rest-110111/bot""]}","[1,1,1,1,1,1]","[1,1,0,1,1,1]",3,1,10,2,home_win,home,1,69
29588,1,"{""series"":[""solutions/game_1/series/rest-111111/top"",""solutions/game_1/series/rest-111111/bot""],""total"":[""solutions/game_1/total/rest-111111/top"",""solutions/game_1/total/rest-111111/bot""]}","[1,1,1,1,1,1]","[1,1,1,1,1,1]",0,0,7,4,home_win,home,0,81
29588,2,"{""series"":[""solutions/game_2/series/home_wins_1/rest-111011/top"",""solutions/game_2/series/home_wins_1/rest-111100/bot""],""total"":[""solutions/game_2/total/rest-111011/top"",""solutions/game_2/total/rest-111100/bot""]}","[1,1,1,0,1,1]","[1,1,1,1,0,0]",1,0,2,10,away_win,away,0,80
29588,3,"{""series"":[""solutions/game_3/series/home_wins_1/rest-011111/top"",""solutions/game_3/series/home_wins_1/rest-011111/bot""],""total"":[""solutions/game_3/total/rest-011111/top"",""solutions/game_3/total/rest-011111/bot""]}","[0,1,1,1,1,1]","[0,1,1,1,1,1]",1,1,4,1,home_win,home,0,80
29588,4,"{""series"":[""solutions/game_4/series/home_wins_2/rest-110000/top"",""solutions/game_4/series/home_wins_2/rest-101011/bot""],""total"":[""solutions/game_4/total/rest-110000/top"",""solutions/game_4/total/rest-101011/bot""]}","[1,1,0,0,0,0]","[1,0,1,0,1,1]",2,1,4,3,home_win,home,0,81
29588,5,"{""series"":[""solutions/game_5/single/rest-001011/top"",""solutions/game_5/single/rest-111100/bot""],""total"":[""solutions/game_5/single/rest-001011/top"",""solutions/game_5/single/rest-111100/bot""]}","[0,0,1,0,1,1]","[1,1,1,1,0,0]",3,1,4,8,away_win,away,1,90
29589,1,"{""series"":[""solutions/game_1/series/rest-111111/top"",""solutions/game_1/series/rest-111111/bot""],""total"":[""solutions/game_1/total/rest-111111/top"",""solutions/game_1/total/rest-111111/bot""]}","[1,1,1,1,1,1]","[1,1,1,1,1,1]",0,0,9,0,home_win,home,0,71
29589,2,"{""series"":[""solutions/game_2/series/home_wins_1/rest-111110/top"",""solutions/game_2/series/home_wins_1/rest-011111/bot""],""total"":[""solutions/game_2/total/rest-111110/top"",""solutions/game_2/total/rest-011111/bot""]}","[1,1,1,1,1,0]","[0,1,1,1,1,1]",1,0,4,9,away_win,away,0,86
29589,3,"{""series"":[""solutions/game_3/series/home_wins_1/rest-001111/top"",""solutions/game_3/series/home_wins_1/rest-101110/bot""],""total"":[""solutions/game_3/total/rest-001111/top"",""solutions/game_3/total/rest-101110/bot""]}","[0,0,1,1,1,1]","[1,0,1,1,1,0]",1,1,9,0,home_win,home,0,60
29589,4,"{""series"":[""solutions/game_4/series/home_wins_2/rest-011111/top"",""solutions/game_4/series/home_wins_2/rest-100111/bot""],""total"":[""solutions/game_4/total/rest-011111/top"",""solutions/game_4/total/rest-100111/bot""]}","[0,1,1,1,1,1]","[1,0,0,1,1,1]",2,1,2,3,away_win,away,0,77
29589,5,"{""series"":[""solutions/game_5/single/rest-111111/top"",""solutions/game_5/single/rest-101011/bot""],""total"":[""solutions/game_5/single/rest-111111/top"",""solutions/game_5/single/rest-101011/bot""]}","[1,1,1,1,1,1]","[1,0,1,0,1,1]",2,2,7,3,home_win,home,0,78
29590,1,"{""series"":[""solutions/game_1/series/rest-111111/top"",""solutions/game_1/series/rest-111111/bot""],""total"":[""solutions/game_1/total/rest-111111/top"",""solutions/game_1/total/rest-111111/bot""]}","[1,1,1,1,1,1]","[1,1,1,1,1,1]",0,0,6,9,away_win,away,0,92
29590,2,"{""series"":[""solutions/game_2/series/home_wins_0/rest-010011/top"",""solutions/game_2/series/home_wins_0/rest-011010/bot""],""total"":[""solutions/game_2/total/rest-010011/top"",""solutions/game_2/total/rest-011010/bot""]}","[0,1,0,0,1,1]","[0,1,1,0,1,0]",0,1,1,4,away_win,away,0,80
29590,3,"{""series"":[""solutions/game_3/series/home_wins_0/rest-001111/top"",""solutions/game_3/series/home_wins_0/rest-011101/bot""],""total"":[""solutions/game_3/total/rest-001111/top"",""solutions/game_3/total/rest-011101/bot""]}","[0,0,1,1,1,1]","[0,1,1,1,0,1]",0,2,3,4,away_win,away,0,82
29590,4,"{""series"":[""solutions/game_4/single/rest-110000/top"",""solutions/game_4/single/rest-011110/bot""],""total"":[""solutions/game_4/total/rest-110000/top"",""solutions/game_4/total/rest-011110/bot""]}","[1,1,0,0,0,0]","[0,1,1,1,1,0]",0,3,8,7,home_win,home,1,91
29590,5,"{""series"":[""solutions/game_5/single/rest-001011/top"",""solutions/game_5/single/rest-101101/bot""],""total"":[""solutions/game_5/single/rest-001011/top"",""solutions/game_5/single/rest-101101/bot""]}","[0,0,1,0,1,1]","[1,0,1,1,0,1]",1,3,6,6,tie,home,1,91
29591,1,"{""series"":[""solutions/game_1/series/rest-111111/top"",""solutions/game_1/series/rest-111111/bot""],""total"":[""solutions/game_1/total/rest-111111/top"",""solutions/game_1/total/rest-111111/bot""]}","[1,1,1,1,1,1]","[1,1,1,1,1,1]",0,0,6,5,home_win,home,0,80
29591,2,"{""series"":[""solutions/game_2/series/home_wins_1/rest-111011/top"",""solutions/game_2/series/home_wins_1/rest-011110/bot""],""total"":[""solutions/game_2/total/rest-111011/top"",""solutions/game_2/total/rest-011110/bot""]}","[1,1,1,0,1,1]","[0,1,1,1,1,0]",1,0,8,8,tie,away,0,106
29591,3,"{""series"":[""solutions/game_3/series/home_wins_1/rest-110111/top"",""solutions/game_3/series/home_wins_1/rest-100011/bot""],""total"":[""solutions/game_3/total/rest-110111/top"",""solutions/game_3/total/rest-100011/bot""]}","[1,1,0,1,1,1]","[1,0,0,0,1,1]",1,1,2,5,away_win,away,0,86
29591,4,"{""series"":[""solutions/game_4/series/home_wins_1/rest-101110/top"",""solutions/game_4/series/home_wins_1/rest-011111/bot""],""total"":[""solutions/game_4/total/rest-101110/top"",""solutions/game_4/total/rest-011111/bot""]}","[1,0,1,1,1,0]","[0,1,1,1,1,1]",1,2,2,6,away_win,away,0,75
29591,5,"{""series"":[""solutions/game_5/single/rest-101001/top"",""solutions/game_5/single/rest-111101/bot""],""total"":[""solutions/game_5/single/rest-101001/top"",""solutions/game_5/single/rest-111101/bot""]}","[1,0,1,0,0,1]","[1,1,1,1,0,1]",1,3,0,4,away_win,away,1,84
29592,1,"{""series"":[""solutions/game_1/series/rest-111111/top"",""solutions/game_1/series/rest-111111/bot""],""total"":[""solutions/game_1/total/rest-111111/top"",""solutions/game_1/total/rest-111111/bot""]}","[1,1,1,1,1,1]","[1,1,1,1,1,1]",0,0,6,12,away_win,away,0,91
29592,2,"{""series"":[""solutions/game_2/series/home_wins_0/rest-111010/top"",""solutions/game_2/series/home_wins_0/rest-111110/bot""],""total"":[""solutions/game_2/total/rest-111010/top"",""solutions/game_2/total/rest-111110/bot""]}","[1,1,1,0,1,0]","[1,1,1,1,1,0]",0,1,5,7,away_win,away,0,96
29592,3,"{""series"":[""solutions/game_3/series/home_wins_0/rest-000101/top"",""solutions/game_3/series/home_wins_0/rest-100001/bot""],""total"":[""solutions/game_3/total/rest-000101/top"",""solutions/game_3/total/rest-100001/bot""]}","[0,0,0,1,0,1]","[1,0,0,0,0,1]",0,2,7,2,home_win,home,0,74
29592,4,"{""series"":[""solutions/game_4/series/home_wins_1/rest-111111/top"",""solutions/game_4/series/home_wins_1/rest-011111/bot""],""total"":[""solutions/game_4/total/rest-111111/top"",""solutions/game_4/total/rest-011111/bot""]}","[1,1,1,1,1,1]","[0,1,1,1,1,1]",1,2,0,8,away_win,away,0,70
29592,5,"{""series"":[""solutions/game_5/single/rest-011101/top"",""solutions/game_5/single/rest-110111/bot""],""total"":[""solutions/game_5/single/rest-011101/top"",""solutions/game_5/single/rest-110111/bot""]}","[0,1,1,1,0,1]","[1,1,0,1,1,1]",1,3,7,9,away_win,away,1,98
29593,1,"{""series"":[""solutions/game_1/series/rest-111111/top"",""solutions/game_1/series/rest-111111/bot""],""total"":[""solutions/game_1/total/rest-111111/top"",""solutions/game_1/total/rest-111111/bot""]}","[1,1,1,1,1,1]","[1,1,1,1,1,1]",0,0,5,6,away_win,away,0,83
29593,2,"{""series"":[""solutions/game_2/series/home_wins_0/rest-111011/top"",""solutions/game_2/series/home_wins_0/rest-111011/bot""],""total"":[""solutions/game_2/total/rest-111011/top"",""solutions/game_2/total/rest-111011/bot""]}","[1,1,1,0,1,1]","[1,1,1,0,1,1]",0,1,10,3,home_win,home,0,75
29593,3,"{""series"":[""solutions/game_3/series/home_wins_1/rest-111011/top"",""solutions/game_3/series/home_wins_1/rest-111111/bot""],""total"":[""solutions/game_3/total/rest-111011/top"",""solutions/game_3/total/rest-111111/bot""]}","[1,1,1,0,1,1]","[1,1,1,1,1,1]",1,1,4,4,tie,away,0,84
29593,4,"{""series"":[""solutions/game_4/series/home_wins_1/rest-100001/top"",""solutions/game_4/series/home_wins_1/rest-111010/bot""],""total"":[""solutions/game_4/total/rest-100001/top"",""solutions/game_4/total/rest-111010/bot""]}","[1,0,0,0,0,1]","[1,1,1,0,1,0]",1,2,3,0,home_win,home,0,65
29593,5,"{""series"":[""solutions/game_5/single/rest-011110/top"",""solutions/game_5/single/rest-110110/bot""],""total"":[""solutions/game_5/single/rest-011110/top"",""solutions/game_5/single/rest-110110/bot""]}","[0,1,1,1,1,0]","[1,1,0,1,1,0]",2,2,6,11,away_win,away,0,91
29594,1,"{""series"":[""solutions/game_1/series/rest-111111/top"",""solutions/game_1/series/rest-111111/bot""],""total"":[""solutions/game_1/total/rest-111111/top"",""solutions/game_1/total/rest-111111/bot""]}","[1,1,1,1,1,1]","[1,1,1,1,1,1]",0,0,4,3,home_win,home,0,79
29594,2,"{""series"":[""solutions/game_2/series/home_wins_1/rest-011101/top"",""solutions/game_2/series/home_wins_1/rest-111010/bot""],""total"":[""solutions/game_2/total/rest-011101/top"",""solutions/game_2/total/rest-111010/bot""]}","[0,1,1,1,0,1]","[1,1,1,0,1,0]",1,0,2,1,home_win,home,0,65
29594,3,"{""series"":[""solutions/game_3/series/home_wins_2/rest-110011/top"",""solutions/game_3/series/home_wins_2/rest-111001/bot""],""total"":[""solutions/game_3/total/rest-110011/top"",""solutions/game_3/total/rest-111001/bot""]}","[1,1,0,0,1,1]","[1,1,1,0,0,1]",2,0,10,2,home_win,home,0,62
29594,4,"{""series"":[""solutions/game_4/single/rest-111101/top"",""solutions/game_4/single/rest-110111/bot""],""total"":[""solutions/game_4/total/rest-111101/top"",""solutions/game_4/total/rest-110111/bot""]}","[1,1,1,1,0,1]","[1,1,0,1,1,1]",3,0,8,5,home_win,home,1,88
29594,5,"{""series"":[""solutions/game_5/single/rest-111111/top"",""solutions/game_5/single/rest-111100/bot""],""total"":[""solutions/game_5/single/rest-111111/top"",""solutions/game_5/single/rest-111100/bot""]}","[1,1,1,1,1,1]","[1,1,1,1,0,0]",4,0,2,6,away_win,away,1,85
29595,1,"{""series"":[""solutions/game_1/series/rest-111111/top"",""solutions/game_1/series/rest-111111/bot""],""total"":[""solutions/game_1/total/rest-111111/top"",""solutions/game_1/total/rest-111111/bot""]}","[1,1,1,1,1,1]","[1,1,1,1,1,1]",0,0,3,2,home_win,home,0,69
29595,2,"{""series"":[""solutions/game_2/series/home_wins_1/rest-110011/top"",""solutions/game_2/series/home_wins_1/rest-001111/bot""],""total"":[""solutions/game_2/total/rest-110011/top"",""solutions/game_2/total/rest-001111/bot""]}","[1,1,0,0,1,1]","[0,0,1,1,1,1]",1,0,9,0,home_win,home,0,74
29595,3,"{""series"":[""solutions/game_3/series/home_wins_2/rest-111111/top"",""solutions/game_3/series/home_wins_2/rest-110111/bot""],""total"":[""solutions/game_3/total/rest-111111/top"",""solutions/game_3/total/rest-110111/bot""]}","[1,1,1,1,1,1]","[1,1,0,1,1,1]",2,0,8,0,home_win,home,0,73
29595,4,"{""series"":[""solutions/game_4/single/rest-111111/top"",""solutions/game_4/single/rest-111110/bot""],""total"":[""solutions/game_4/total/rest-111111/top"",""solutions/game_4/total/rest-111110/bot""]}","[1,1,1,1,1,1]","[1,1,1,1,1,0]",3,0,6,4,home_win,home,1,83
29595,5,"{""series"":[""solutions/game_5/single/rest-110101/top"",""solutions/game_5/single/rest-001011/bot""],""total"":[""solutions/game_5/single/rest-110101/top"",""solutions/game_5/single/rest-001011/bot""]}","[1,1,0,1,0,1]","[0,0,1,0,1,1]",4,0,5,4,home_win,home,1,77
29596,1,"{""series"":[""solutions/game_1/series/rest-111111/top"",""solutions/game_1/series/rest-111111/bot""],""total"":[""solutions/game_1/total/rest-111111/top"",""solutions/game_1/total/rest-111111/bot""]}","[1,1,1,1,1,1]","[1,1,1,1,1,1]",0,0,3,11,away_win,away,0,85
29596,2,"{""series"":[""solutions/game_2/series/home_wins_0/rest-110011/top"",""solutions/game_2/series/home_wins_0/rest-111101/bot""],""total"":[""solutions/game_2/total/rest-110011/top"",""solutions/game_2/total/rest-111101/bot""]}","[1,1,0,0,1,1]","[1,1,1,1,0,1]",0,1,9,4,home_win,home,0,86
29596,3,"{""series"":[""solutions/game_3/series/home_wins_1/rest-011100/top"",""solutions/game_3/series/home_wins_1/rest-110111/bot""],""total"":[""solutions/game_3/total/rest-011100/top"",""solutions/game_3/total/rest-110111/bot""]}","[0,1,1,1,0,0]","[1,1,0,1,1,1]",1,1,3,14,away_win,away,0,80
29596,4,"{""series"":[""solutions/game_4/series/home_wins_1/rest-111011/top"",""solutions/game_4/series/home_wins_1/rest-111101/bot""],""total"":[""solutions/game_4/total/rest-111011/top"",""solutions/game_4/total/rest-111101/bot""]}","[1,1,1,0,1,1]","[1,1,1,1,0,1]",1,2,2,3,away_win,away,0,75
29596,5,"{""series"":[""solutions/game_5/single/rest-011101/top"",""solutions/game_5/single/rest-101110/bot""],""total"":[""solutions/game_5/single/rest-011101/top"",""solutions/game_5/single/rest-101110/bot""]}","[0,1,1,1,0,1]","[1,0,1,1,1,0]",1,3,2,10,away_win,away,1,80
29597,1,"{""series"":[""solutions/game_1/series/rest-111111/top"",""solutions/game_1/series/rest-111111/bot""],""total"":[""solutions/game_1/total/rest-111111/top"",""solutions/game_1/total/rest-111111/bot""]}","[1,1,1,1,1,1]","[1,1,1,1,1,1]",0,0,10,2,home_win,home,0,73
29597,2,"{""series"":[""solutions/game_2/series/home_wins_1/rest-111111/top"",""solutions/game_2/series/home_wins_1/rest-011110/bot""],""total"":[""solutions/game_2/total/rest-111111/top"",""solutions/game_2/total/rest-011110/bot""]}","[1,1,1,1,1,1]","[0,1,1,1,1,0]",1,0,11,3,home_win,home,0,68
29597,3,"{""series"":[""solutions/game_3/series/home_wins_2/rest-111011/top"",""solutions/game_3/series/home_wins_2/rest-110111/bot""],""total"":[""solutions/game_3/total/rest-111011/top"",""solutions/game_3/total/rest-110111/bot""]}","[1,1,1,0,1,1]","[1,1,0,1,1,1]",2,0,5,1,home_win,home,0,71
29597,4,"{""series"":[""solutions/game_4/single/rest-110111/top"",""solutions/game_4/single/rest-111101/bot""],""total"":[""solutions/game_4/total/rest-110111/top"",""solutions/game_4/total/rest-111101/bot""]}","[1,1,0,1,1,1]","[1,1,1,1,0,1]",3,0,0,9,away_win,away,1,24
29597,5,"{""series"":[""solutions/game_5/single/rest-111111/top"",""solutions/game_5/single/rest-111111/bot""],""total"":[""solutions/game_5/single/rest-111111/top"",""solutions/game_5/single/rest-111111/bot""]}","[1,1,1,1,1,1]","[1,1,1,1,1,1]",3,1,8,0,home_win,home,1,21
29598,1,"{""series"":[""solutions/game_1/series/rest-111111/top"",""solutions/game_1/series/rest-111111/bot""],""total"":[""solutions/game_1/total/rest-111111/top"",""solutions/game_1/total/rest-111111/bot""]}","[1,1,1,1,1,1]","[1,1,1,1,1,1]",0,0,6,7,away_win,away,0,87
29598,2,"{""series"":[""solutions/game_2/series/home_wins_0/rest-011001/top"",""solutions/game_2/series/home_wins_0/rest-001110/bot""],""total"":[""solutions/game_2/total/rest-011001/top"",""solutions/game_2/total/rest-001110/bot""]}","[0,1,1,0,0,1]","[0,0,1,1,1,0]",0,1,2,10,away_win,away,0,79
29598,3,"{""series"":[""solutions/game_3/series/home_wins_0/rest-111110/top"",""solutions/game_3/series/home_wins_0/rest-111101/bot""],""total"":[""solutions/game_3/total/rest-111110/top"",""solutions/game_3/total/rest-111101/bot""]}","[1,1,1,1,1,0]","[1,1,1,1,0,1]",0,2,2,6,away_win,away,0,83
29598,4,"{""series"":[""solutions/game_4/single/rest-111101/top"",""solutions/game_4/single/rest-011110/bot""],""total"":[""solutions/game_4/total/rest-111101/top"",""solutions/game_4/total/rest-011110/bot""]}","[1,1,1,1,0,1]","[0,1,1,1,1,0]",0,3,8,8,tie,away,1,100
29598,5,"{""series"":[""solutions/game_5/single/rest-010010/top"",""solutions/game_5/single/rest-101000/bot""],""total"":[""solutions/game_5/single/rest-010010/top"",""solutions/game_5/single/rest-101000/bot""]}","[0,1,0,0,1,0]","[1,0,1,0,0,0]",0,4,1,9,away_win,away,1,58
29599,1,"{""series"":[""solutions/game_1/series/rest-111111/top"",""solutions/game_1/series/rest-111111/bot""],""total"":[""solutions/game_1/total/rest-111111/top"",""solutions/game_1/total/rest-111111/bot""]}","[1,1,1,1,1,1]","[1,1,1,1,1,1]",0,0,4,5,away_win,away,0,101
29599,2,"{""series"":[""solutions/game_2/series/home_wins_0/rest-000101/top"",""solutions/game_2/series/home_wins_0/rest-001010/bot""],""total"":[""solutions/game_2/total/rest-000101/top"",""solutions/game_2/total/rest-001010/bot""]}","[0,0,0,1,0,1]","[0,0,1,0,1,0]",0,1,7,11,away_win,away,0,89
29599,3,"{""series"":[""solutions/game_3/series/home_wins_0/rest-101110/top"",""solutions/game_3/series/home_wins_0/rest-111101/bot""],""total"":[""solutions/game_3/total/rest-101110/top"",""solutions/game_3/total/rest-111101/bot""]}","[1,0,1,1,1,0]","[1,1,1,1,0,1]",0,2,5,11,away_win,away,0,87
29599,4,"{""series"":[""solutions/game_4/single/rest-011101/top"",""solutions/game_4/single/rest-111110/bot""],""total"":[""solutions/game_4/total/rest-011101/top"",""solutions/game_4/total/rest-111110/bot""]}","[0,1,1,1,0,1]","[1,1,1,1,1,0]",0,3,10,13,away_win,away,1,108
29599,5,"{""series"":[""solutions/game_5/single/rest-111000/top"",""solutions/game_5/single/rest-000111/bot""],""total"":[""solutions/game_5/single/rest-111000/top"",""solutions/game_5/single/rest-000111/bot""]}","[1,1,1,0,0,0]","[0,0,0,1,1,1]",0,4,5,7,away_win,away,1,97
29600,1,"{""series"":[""solutions/game_1/series/rest-111111/top"",""solutions/game_1/series/rest-111111/bot""],""total"":[""solutions/game_1/total/rest-111111/top"",""solutions/game_1/total/rest-111111/bot""]}","[1,1,1,1,1,1]","[1,1,1,1,1,1]",0,0,5,3,home_win,home,0,83
29600,2,"{""series"":[""solutions/game_2/series/home_wins_1/rest-110111/top"",""solutions/game_2/series/home_wins_1/rest-000011/bot""],""total"":[""solutions/game_2/total/rest-110111/top"",""solutions/game_2/total/rest-000011/bot""]}","[1,1,0,1,1,1]","[0,0,0,0,1,1]",1,0,1,9,away_win,away,0,56
29600,3,"{""series"":[""solutions/game_3/series/home_wins_1/rest-111110/top"",""solutions/game_3/series/home_wins_1/rest-111111/bot""],""total"":[""solutions/game_3/total/rest-111110/top"",""solutions/game_3/total/rest-111111/bot""]}","[1,1,1,1,1,0]","[1,1,1,1,1,1]",1,1,2,1,home_win,home,0,86
29600,4,"{""series"":[""solutions/game_4/series/home_wins_2/rest-011000/top"",""solutions/game_4/series/home_wins_2/rest-001010/bot""],""total"":[""solutions/game_4/total/rest-011000/top"",""solutions/game_4/total/rest-001010/bot""]}","[0,1,1,0,0,0]","[0,0,1,0,1,0]",2,1,9,1,home_win,home,0,61
29600,5,"{""series"":[""solutions/game_5/single/rest-111111/top"",""solutions/game_5/single/rest-111111/bot""],""total"":[""solutions/game_5/single/rest-111111/top"",""solutions/game_5/single/rest-111111/bot""]}","[1,1,1,1,1,1]","[1,1,1,1,1,1]",3,1,4,3,home_win,home,1,80
29601,1,"{""series"":[""solutions/game_1/series/rest-111111/top"",""solutions/game_1/series/rest-111111/bot""],""total"":[""solutions/game_1/total/rest-111111/top"",""solutions/game_1/total/rest-111111/bot""]}","[1,1,1,1,1,1]","[1,1,1,1,1,1]",0,0,2,0,home_win,home,0,68
29601,2,"{""series"":[""solutions/game_2/series/home_wins_1/rest-111011/top"",""solutions/game_2/series/home_wins_1/rest-111110/bot""],""total"":[""solutions/game_2/total/rest-111011/top"",""solutions/game_2/total/rest-111110/bot""]}","[1,1,1,0,1,1]","[1,1,1,1,1,0]",1,0,7,5,home_win,home,0,94
29601,3,"{""series"":[""solutions/game_3/series/home_wins_2/rest-010101/top"",""solutions/game_3/series/home_wins_2/rest-000111/bot""],""total"":[""solutions/game_3/total/rest-010101/top"",""solutions/game_3/total/rest-000111/bot""]}","[0,1,0,1,0,1]","[0,0,0,1,1,1]",2,0,11,9,home_win,home,0,101
29601,4,"{""series"":[""solutions/game_4/single/rest-111000/top"",""solutions/game_4/single/rest-111000/bot""],""total"":[""solutions/game_4/total/rest-111000/top"",""solutions/game_4/total/rest-111000/bot""]}","[1,1,1,0,0,0]","[1,1,1,0,0,0]",3,0,3,4,away_win,away,1,90
29601,5,"{""series"":[""solutions/game_5/single/rest-100111/top"",""solutions/game_5/single/rest-000111/bot""],""total"":[""solutions/game_5/single/rest-100111/top"",""solutions/game_5/single/rest-000111/bot""]}","[1,0,0,1,1,1]","[0,0,0,1,1,1]",3,1,5,4,home_win,home,1,81
29602,1,"{""series"":[""solutions/game_1/series/rest-111111/top"",""solutions/game_1/series/rest-111111/bot""],""total"":[""solutions/game_1/total/rest-111111/top"",""solutions/game_1/total/rest-111111/bot""]}","[1,1,1,1,1,1]","[1,1,1,1,1,1]",0,0,7,4,home_win,home,0,87
29602,2,"{""series"":[""solutions/game_2/series/home_wins_1/rest-110101/top"",""solutions/game_2/series/home_wins_1/rest-110111/bot""],""total"":[""solutions/game_2/total/rest-110101/top"",""solutions/game_2/total/rest-110111/bot""]}","[1,1,0,1,0,1]","[1,1,0,1,1,1]",1,0,6,5,home_win,home,0,80
29602,3,"{""series"":[""solutions/game_3/series/home_wins_2/rest-001011/top"",""solutions/game_3/series/home_wins_2/rest-110101/bot""],""total"":[""solutions/game_3/total/rest-001011/top"",""solutions/game_3/total/rest-110101/bot""]}","[0,0,1,0,1,1]","[1,1,0,1,0,1]",2,0,3,5,away_win,away,0,89
29602,4,"{""series"":[""solutions/game_4/series/home_wins_2/rest-110100/top"",""solutions/game_4/series/home_wins_2/rest-111100/bot""],""total"":[""solutions/game_4/total/rest-110100/top"",""solutions/game_4/total/rest-111100/bot""]}","[1,1,0,1,0,0]","[1,1,1,1,0,0]",2,1,10,10,tie,home,0,108
29602,5,"{""series"":[""solutions/game_5/single/rest-001111/top"",""solutions/game_5/single/rest-100111/bot""],""total"":[""solutions/game_5/single/rest-001111/top"",""solutions/game_5/single/rest-100111/bot""]}","[0,0,1,1,1,1]","[1,0,0,1,1,1]",3,1,7,1,home_win,home,1,79
29603,1,"{""series"":[""solutions/game_1/series/rest-111111/top"",""solutions/game_1/series/rest-111111/bot""],""total"":[""solutions/game_1/total/rest-111111/top"",""solutions/game_1/total/rest-111111/bot""]}","[1,1,1,1,1,1]","[1,1,1,1,1,1]",0,0,5,2,home_win,home,0,77
29603,2,"{""series"":[""solutions/game_2/series/home_wins_1/rest-110011/top"",""solutions/game_2/series/home_wins_1/rest-111111/bot""],""total"":[""solutions/game_2/total/rest-110011/top"",""solutions/game_2/total/rest-111111/bot""]}","[1,1,0,0,1,1]","[1,1,1,1,1,1]",1,0,6,6,tie,away,0,98
29603,3,"{""series"":[""solutions/game_3/series/home_wins_1/rest-011100/top"",""solutions/game_3/series/home_wins_1/rest-100101/bot""],""total"":[""solutions/game_3/total/rest-011100/top"",""solutions/game_3/total/rest-100101/bot""]}","[0,1,1,1,0,0]","[1,0,0,1,0,1]",1,1,4,0,home_win,home,0,72
29603,4,"{""series"":[""solutions/game_4/series/home_wins_2/rest-010000/top"",""solutions/game_4/series/home_wins_2/rest-011111/bot""],""total"":[""solutions/game_4/total/rest-010000/top"",""solutions/game_4/total/rest-011111/bot""]}","[0,1,0,0,0,0]","[0,1,1,1,1,1]",2,1,11,12,away_win,away,0,92
29603,5,"{""series"":[""solutions/game_5/single/rest-101111/top"",""solutions/game_5/single/rest-010010/bot""],""total"":[""solutions/game_5/single/rest-101111/top"",""solutions/game_5/single/rest-010010/bot""]}","[1,0,1,1,1,1]","[0,1,0,0,1,0]",2,2,4,7,away_win,away,0,92
29604,1,"{""series"":[""solutions/game_1/series/rest-111111/top"",""solutions/game_1/series/rest-111111/bot""],""total"":[""solutions/game_1/total/rest-111111/top"",""solutions/game_1/total/rest-111111/bot""]}","[1,1,1,1,1,1]","[1,1,1,1,1,1]",0,0,4,0,home_win,home,0,66
29604,2,"{""series"":[""solutions/game_2/series/home_wins_1/rest-111110/top"",""solutions/game_2/series/home_wins_1/rest-110111/bot""],""total"":[""solutions/game_2/total/rest-111110/top"",""solutions/game_2/total/rest-110111/bot""]}","[1,1,1,1,1,0]","[1,1,0,1,1,1]",1,0,4,8,away_win,away,0,84
29604,3,"{""series"":[""solutions/game_3/series/home_wins_1/rest-111011/top"",""solutions/game_3/series/home_wins_1/rest-001111/bot""],""total"":[""solutions/game_3/total/rest-111011/top"",""solutions/game_3/total/rest-001111/bot""]}","[1,1,1,0,1,1]","[0,0,1,1,1,1]",1,1,6,7,away_win,away,0,91
29604,4,"{""series"":[""solutions/game_4/series/home_wins_1/rest-101110/top"",""solutions/game_4/series/home_wins_1/rest-111001/bot""],""total"":[""solutions/game_4/total/rest-101110/top"",""solutions/game_4/total/rest-111001/bot""]}","[1,0,1,1,1,0]","[1,1,1,0,0,1]",1,2,4,2,home_win,home,0,74
29604,5,"{""series"":[""solutions/game_5/single/rest-110011/top"",""solutions/game_5/single/rest-001110/bot""],""total"":[""solutions/game_5/single/rest-110011/top"",""solutions/game_5/single/rest-001110/bot""]}","[1,1,0,0,1,1]","[0,0,1,1,1,0]",2,2,5,6,away_win,away,0,88
29605,1,"{""series"":[""solutions/game_1/series/rest-111111/top"",""solutions/game_1/series/rest-111111/bot""],""total"":[""solutions/game_1/total/rest-111111/top"",""solutions/game_1/total/rest-111111/bot""]}","[1,1,1,1,1,1]","[1,1,1,1,1,1]",0,0,4,1,home_win,home,0,80
29605,2,"{""series"":[""solutions/game_2/series/home_wins_1/rest-101000/top"",""solutions/game_2/series/home_wins_1/rest-111111/bot""],""total"":[""solutions/game_2/total/rest-101000/top"",""solutions/game_2/total/rest-111111/bot""]}","[1,0,1,0,0,0]","[1,1,1,1,1,1]",1,0,6,7,away_win,away,0,88
29605,3,"{""series"":[""solutions/game_3/series/home_wins_1/rest-011101/top"",""solutions/game_3/series/home_wins_1/rest-101000/bot""],""total"":[""solutions/game_3/total/rest-011101/top"",""solutions/game_3/total/rest-101000/bot""]}","[0,1,1,1,0,1]","[1,0,1,0,0,0]",1,1,4,3,home_win,home,0,73
29605,4,"{""series"":[""solutions/game_4/series/home_wins_2/rest-110011/top"",""solutions/game_4/series/home_wins_2/rest-110111/bot""],""total"":[""solutions/game_4/total/rest-110011/top"",""solutions/game_4/total/rest-110111/bot""]}","[1,1,0,0,1,1]","[1,1,0,1,1,1]",2,1,13,5,home_win,home,0,82
29605,5,"{""series"":[""solutions/game_5/single/rest-100100/top"",""solutions/game_5/single/rest-011110/bot""],""total"":[""solutions/game_5/single/rest-100100/top"",""solutions/game_5/single/rest-011110/bot""]}","[1,0,0,1,0,0]","[0,1,1,1,1,0]",3,1,2,6,away_win,away,1,89
29606,1,"{""series"":[""solutions/game_1/series/rest-111111/top"",""solutions/game_1/series/rest-111111/bot""],""total"":[""solutions/game_1/total/rest-111111/top"",""solutions/game_1/total/rest-111111/bot""]}","[1,1,1,1,1,1]","[1,1,1,1,1,1]",0,0,1,3,away_win,away,0,88
29606,2,"{""series"":[""solutions/game_2/series/home_wins_0/rest-111110/top"",""solutions/game_2/series/home_wins_0/rest-111010/bot""],""total"":[""solutions/game_2/total/rest-111110/top"",""solutions/game_2/total/rest-111010/bot""]}","[1,1,1,1,1,0]","[1,1,1,0,1,0]",0,1,7,3,home_win,home,0,78
29606,3,"{""series"":[""solutions/game_3/series/home_wins_1/rest-011011/top"",""solutions/game_3/series/home_wins_1/rest-111110/bot""],""total"":[""solutions/game_3/total/rest-011011/top"",""solutions/game_3/total/rest-111110/bot""]}","[0,1,1,0,1,1]","[1,1,1,1,1,0]",1,1,7,3,home_win,home,0,88
29606,4,"{""series"":[""solutions/game_4/series/home_wins_2/rest-111101/top"",""solutions/game_4/series/home_wins_2/rest-000111/bot""],""total"":[""solutions/game_4/total/rest-111101/top"",""solutions/game_4/total/rest-000111/bot""]}","[1,1,1,1,0,1]","[0,0,0,1,1,1]",2,1,4,6,away_win,away,0,82
29606,5,"{""series"":[""solutions/game_5/single/rest-001011/top"",""solutions/game_5/single/rest-111010/bot""],""total"":[""solutions/game_5/single/rest-001011/top"",""solutions/game_5/single/rest-111010/bot""]}","[0,0,1,0,1,1]","[1,1,1,0,1,0]",2,2,4,5,away_win,away,0,86
29607,1,"{""series"":[""solutions/game_1/series/rest-111111/top"",""solutions/game_1/series/rest-111111/bot""],""total"":[""solutions/game_1/total/rest-111111/top"",""solutions/game_1/total/rest-111111/bot""]}","[1,1,1,1,1,1]","[1,1,1,1,1,1]",0,0,5,1,home_win,home,0,73
29607,2,"{""series"":[""solutions/game_2/series/home_wins_1/rest-111001/top"",""solutions/game_2/series/home_wins_1/rest-110101/bot""],""total"":[""solutions/game_2/total/rest-111001/top"",""solutions/game_2/total/rest-110101/bot""]}","[1,1,1,0,0,1]","[1,1,0,1,0,1]",1,0,6,4,home_win,home,0,76
29607,3,"{""series"":[""solutions/game_3/series/home_wins_2/rest-110111/top"",""solutions/game_3/series/home_wins_2/rest-110110/bot""],""total"":[""solutions/game_3/total/rest-110111/top"",""solutions/game_3/total/rest-110110/bot""]}","[1,1,0,1,1,1]","[1,1,0,1,1,0]",2,0,5,4,home_win,home,0,80
29607,4,"{""series"":[""solutions/game_4/single/rest-101011/top"",""solutions/game_4/single/rest-011011/bot""],""total"":[""solutions/game_4/total/rest-101011/top"",""solutions/game_4/total/rest-011011/bot""]}","[1,0,1,0,1,1]","[0,1,1,0,1,1]",3,0,5,8,away_win,away,1,93
29607,5,"{""series"":[""solutions/game_5/single/rest-010100/top"",""solutions/game_5/single/rest-010100/bot""],""total"":[""solutions/game_5/single/rest-010100/top"",""solutions/game_5/single/rest-010100/bot""]}","[0,1,0,1,0,0]","[0,1,0,1,0,0]",3,1,3,4,away_win,away,1,89
29608,1,"{""series"":[""solutions/game_1/series/rest-111111/top"",""solutions/game_1/series/rest-111111/bot""],""total"":[""solutions/game_1/total/rest-111111/top"",""solutions/game_1/total/rest-111111/bot""]}","[1,1,1,1,1,1]","[1,1,1,1,1,1]",0,0,0,2,away_win,away,0,71
29608,2,"{""series"":[""solutions/game_2/series/home_wins_0/rest-110101/top"",""solutions/game_2/series/home_wins_0/rest-111111/bot""],""total"":[""solutions/game_2/total/rest-110101/top"",""solutions/game_2/total/rest-111111/bot""]}","[1,1,0,1,0,1]","[1,1,1,1,1,1]",0,1,6,7,away_win,away,0,92
29608,3,"{""series"":[""solutions/game_3/series/home_wins_0/rest-010111/top"",""solutions/game_3/series/home_wins_0/rest-101000/bot""],""total"":[""solutions/game_3/total/rest-010111/top"",""solutions/game_3/total/rest-101000/bot""]}","[0,1,0,1,1,1]","[1,0,1,0,0,0]",0,2,8,6,home_win,home,0,94
29608,4,"{""series"":[""solutions/game_4/series/home_wins_1/rest-011111/top"",""solutions/game_4/series/home_wins_1/rest-010111/bot""],""total"":[""solutions/game_4/total/rest-011111/top"",""solutions/game_4/total/rest-010111/bot""]}","[0,1,1,1,1,1]","[0,1,0,1,1,1]",1,2,3,9,away_win,away,0,80
29608,5,"{""series"":[""solutions/game_5/single/rest-110101/top"",""solutions/game_5/single/rest-111111/bot""],""total"":[""solutions/game_5/single/rest-110101/top"",""solutions/game_5/single/rest-111111/bot""]}","[1,1,0,1,0,1]","[1,1,1,1,1,1]",1,3,6,2,home_win,home,1,80
29609,1,"{""series"":[""solutions/game_1/series/rest-111111/top"",""solutions/game_1/series/rest-111111/bot""],""total"":[""solutions/game_1/total/rest-111111/top"",""solutions/game_1/total/rest-111111/bot""]}","[1,1,1,1,1,1]","[1,1,1,1,1,1]",0,0,8,6,home_win,home,0,82
29609,2,"{""series"":[""solutions/game_2/series/home_wins_1/rest-111001/top"",""solutions/game_2/series/home_wins_1/rest-110101/bot""],""total"":[""solutions/game_2/total/rest-111001/top"",""solutions/game_2/total/rest-110101/bot""]}","[1,1,1,0,0,1]","[1,1,0,1,0,1]",1,0,3,11,away_win,away,0,79
29609,3,"{""series"":[""solutions/game_3/series/home_wins_1/rest-111110/top"",""solutions/game_3/series/home_wins_1/rest-111101/bot""],""total"":[""solutions/game_3/total/rest-111110/top"",""solutions/game_3/total/rest-111101/bot""]}","[1,1,1,1,1,0]","[1,1,1,1,0,1]",1,1,7,10,away_win,away,0,93
29609,4,"{""series"":[""solutions/game_4/series/home_wins_1/rest-001111/top"",""solutions/game_4/series/home_wins_1/rest-111110/bot""],""total"":[""solutions/game_4/total/rest-001111/top"",""solutions/game_4/total/rest-111110/bot""]}","[0,0,1,1,1,1]","[1,1,1,1,1,0]",1,2,4,0,home_win,home,0,68
29609,5,"{""series"":[""solutions/game_5/single/rest-111100/top"",""solutions/game_5/single/rest-111111/bot""],""total"":[""solutions/game_5/single/rest-111100/top"",""solutions/game_5/single/rest-111111/bot""]}","[1,1,1,1,0,0]","[1,1,1,1,1,1]",2,2,2,3,away_win,away,0,74
29610,1,"{""series"":[""solutions/game_1/series/rest-111111/top"",""solutions/game_1/series/rest-111111/bot""],""total"":[""solutions/game_1/total/rest-111111/top"",""solutions/game_1/total/rest-111111/bot""]}","[1,1,1,1,1,1]","[1,1,1,1,1,1]",0,0,4,8,away_win,away,0,92
29610,2,"{""series"":[""solutions/game_2/series/home_wins_0/rest-111001/top"",""solutions/game_2/series/home_wins_0/rest-101001/bot""],""total"":[""solutions/game_2/total/rest-111001/top"",""solutions/game_2/total/rest-101001/bot""]}","[1,1,1,0,0,1]","[1,0,1,0,0,1]",0,1,1,2,away_win,away,0,86
29610,3,"{""series"":[""solutions/game_3/series/home_wins_0/rest-000111/top"",""solutions/game_3/series/home_wins_0/rest-010011/bot""],""total"":[""solutions/game_3/total/rest-000111/top"",""solutions/game_3/total/rest-010011/bot""]}","[0,0,0,1,1,1]","[0,1,0,0,1,1]",0,2,7,8,away_win,away,0,88
29610,4,"{""series"":[""solutions/game_4/single/rest-111001/top"",""solutions/game_4/single/rest-101100/bot""],""total"":[""solutions/game_4/total/rest-111001/top"",""solutions/game_4/total/rest-101100/bot""]}","[1,1,1,0,0,1]","[1,0,1,1,0,0]",0,3,7,9,away_win,away,1,91
29610,5,"{""series"":[""solutions/game_5/single/rest-000110/top"",""solutions/game_5/single/rest-011011/bot""],""total"":[""solutions/game_5/single/rest-000110/top"",""solutions/game_5/single/rest-011011/bot""]}","[0,0,0,1,1,0]","[0,1,1,0,1,1]",0,4,4,1,home_win,home,1,72
29611,1,"{""series"":[""solutions/game_1/series/rest-111111/top"",""solutions/game_1/series/rest-111111/bot""],""total"":[""solutions/game_1/total/rest-111111/top"",""solutions/game_1/total/rest-111111/bot""]}","[1,1,1,1,1,1]","[1,1,1,1,1,1]",0,0,6,5,home_win,home,0,87
29611,2,"{""series"":[""solutions/game_2/series/home_wins_1/rest-110011/top"",""solutions/game_2/series/home_wins_1/rest-001010/bot""],""total"":[""solutions/game_2/total/rest-110011/top"",""solutions/game_2/total/rest-001010/bot""]}","[1,1,0,0,1,1]","[0,0,1,0,1,0]",1,0,13,4,home_win,home,0,83
29611,3,"{""series"":[""solutions/game_3/series/home_wins_2/rest-001110/top"",""solutions/game_3/series/home_wins_2/rest-111111/bot""],""total"":[""solutions/game_3/total/rest-001110/top"",""solutions/game_3/total/rest-111111/bot""]}","[0,0,1,1,1,0]","[1,1,1,1,1,1]",2,0,4,2,home_win,home,0,76
29611,4,"{""series"":[""solutions/game_4/single/rest-111101/top"",""solutions/game_4/single/rest-111110/bot""],""total"":[""solutions/game_4/total/rest-111101/top"",""solutions/game_4/total/rest-111110/bot""]}","[1,1,1,1,0,1]","[1,1,1,1,1,0]",3,0,8,10,away_win,away,1,91
29611,5,"{""series"":[""solutions/game_5/single/rest-110010/top"",""solutions/game_5/single/rest-101110/bot""],""total"":[""solutions/game_5/single/rest-110010/top"",""solutions/game_5/single/rest-101110/bot""]}","[1,1,0,0,1,0]","[1,0,1,1,1,0]",3,1,1,7,away_win,away,1,82
29612,1,"{""series"":[""solutions/game_1/series/rest-111111/top"",""solutions/game_1/series/rest-111111/bot""],""total"":[""solutions/game_1/total/rest-111111/top"",""solutions/game_1/total/rest-111111/bot""]}","[1,1,1,1,1,1]","[1,1,1,1,1,1]",0,0,8,0,home_win,home,0,45
29612,2,"{""series"":[""solutions/game_2/series/home_wins_1/rest-111111/top"",""solutions/game_2/series/home_wins_1/rest-111111/bot""],""total"":[""solutions/game_2/total/rest-111111/top"",""solutions/game_2/total/rest-111111/bot""]}","[1,1,1,1,1,1]","[1,1,1,1,1,1]",1,0,6,12,away_win,away,0,95
29612,3,"{""series"":[""solutions/game_3/series/home_wins_1/rest-101001/top"",""solutions/game_3/series/home_wins_1/rest-001011/bot""],""total"":[""solutions/game_3/total/rest-101001/top"",""solutions/game_3/total/rest-001011/bot""]}","[1,0,1,0,0,1]","[0,0,1,0,1,1]",1,1,3,3,tie,away,0,86
29612,4,"{""series"":[""solutions/game_4/series/home_wins_1/rest-011110/top"",""solutions/game_4/series/home_wins_1/rest-111100/bot""],""total"":[""solutions/game_4/total/rest-011110/top"",""solutions/game_4/total/rest-111100/bot""]}","[0,1,1,1,1,0]","[1,1,1,1,0,0]",1,2,6,4,home_win,home,0,76
29612,5,"{""series"":[""solutions/game_5/single/rest-000001/top"",""solutions/game_5/single/rest-011111/bot""],""total"":[""solutions/game_5/single/rest-000001/top"",""solutions/game_5/single/rest-011111/bot""]}","[0,0,0,0,0,1]","[0,1,1,1,1,1]",2,2,8,10,away_win,away,0,93
29613,1,"{""series"":[""solutions/game_1/series/rest-111111/top"",""solutions/game_1/series/rest-111111/bot""],""total"":[""solutions/game_1/total/rest-111111/top"",""solutions/game_1/total/rest-111111/bot""]}","[1,1,1,1,1,1]","[1,1,1,1,1,1]",0,0,2,5,away_win,away,0,75
29613,2,"{""series"":[""solutions/game_2/series/home_wins_0/rest-111001/top"",""solutions/game_2/series/home_wins_0/rest-111111/bot""],""total"":[""solutions/game_2/total/rest-111001/top"",""solutions/game_2/total/rest-111111/bot""]}","[1,1,1,0,0,1]","[1,1,1,1,1,1]",0,1,2,6,away_win,away,0,78
29613,3,"{""series"":[""solutions/game_3/series/home_wins_0/rest-101110/top"",""solutions/game_3/series/home_wins_0/rest-111110/bot""],""total"":[""solutions/game_3/total/rest-101110/top"",""solutions/game_3/total/rest-111110/bot""]}","[1,0,1,1,1,0]","[1,1,1,1,1,0]",0,2,2,3,away_win,away,0,83
29613,4,"{""series"":[""solutions/game_4/single/rest-001001/top"",""solutions/game_4/single/rest-001111/bot""],""total"":[""solutions/game_4/total/rest-001001/top"",""solutions/game_4/total/rest-001111/bot""]}","[0,0,1,0,0,1]","[0,0,1,1,1,1]",0,3,9,1,home_win,home,1,55
29613,5,"{""series"":[""solutions/game_5/single/rest-111111/top"",""solutions/game_5/single/rest-111101/bot""],""total"":[""solutions/game_5/single/rest-111111/top"",""solutions/game_5/single/rest-111101/bot""]}","[1,1,1,1,1,1]","[1,1,1,1,0,1]",1,3,1,9,away_win,away,1,62
29614,1,"{""series"":[""solutions/game_1/series/rest-111111/top"",""solutions/game_1/series/rest-111111/bot""],""total"":[""solutions/game_1/total/rest-111111/top"",""solutions/game_1/total/rest-111111/bot""]}","[1,1,1,1,1,1]","[1,1,1,1,1,1]",0,0,5,9,away_win,away,0,89
29614,2,"{""series"":[""solutions/game_2/series/home_wins_0/rest-110001/top"",""solutions/game_2/series/home_wins_0/rest-101001/bot""],""total"":[""solutions/game_2/total/rest-110001/top"",""solutions/game_2/total/rest-101001/bot""]}","[1,1,0,0,0,1]","[1,0,1,0,0,1]",0,1,10,1,home_win,home,0,44
29614,3,"{""series"":[""solutions/game_3/series/home_wins_1/rest-111111/top"",""solutions/game_3/series/home_wins_1/rest-111111/bot""],""total"":[""solutions/game_3/total/rest-111111/top"",""solutions/game_3/total/rest-111111/bot""]}","[1,1,1,1,1,1]","[1,1,1,1,1,1]",1,1,4,6,away_win,away,0,82
29614,4,"{""series"":[""solutions/game_4/series/home_wins_1/rest-111101/top"",""solutions/game_4/series/home_wins_1/rest-101101/bot""],""total"":[""solutions/game_4/total/rest-111101/top"",""solutions/game_4/total/rest-101101/bot""]}","[1,1,1,1,0,1]","[1,0,1,1,0,1]",1,2,5,5,tie,home,0,91
29614,5,"{""series"":[""solutions/game_5/single/rest-000011/top"",""solutions/game_5/single/rest-110010/bot""],""total"":[""solutions/game_5/single/rest-000011/top"",""solutions/game_5/single/rest-110010/bot""]}","[0,0,0,0,1,1]","[1,1,0,0,1,0]",2,2,7,3,home_win,home,0,77
29615,1,"{""series"":[""solutions/game_1/series/rest-111111/top"",""solutions/game_1/series/rest-111111/bot""],""total"":[""solutions/game_1/total/rest-111111/top"",""solutions/game_1/total/rest-111111/bot""]}","[1,1,1,1,1,1]","[1,1,1,1,1,1]",0,0,8,0,home_win,home,0,52
29615,2,"{""series"":[""solutions/game_2/series/home_wins_1/rest-111111/top"",""solutions/game_2/series/home_wins_1/rest-111111/bot""],""total"":[""solutions/game_2/total/rest-111111/top"",""solutions/game_2/total/rest-111111/bot""]}","[1,1,1,1,1,1]","[1,1,1,1,1,1]",1,0,4,3,home_win,home,0,73
29615,3,"{""series"":[""solutions/game_3/series/home_wins_2/rest-010011/top"",""solutions/game_3/series/home_wins_2/rest-101101/bot""],""total"":[""solutions/game_3/total/rest-010011/top"",""solutions/game_3/total/rest-101101/bot""]}","[0,1,0,0,1,1]","[1,0,1,1,0,1]",2,0,6,7,away_win,away,0,105
29615,4,"{""series"":[""solutions/game_4/series/home_wins_2/rest-111100/top"",""solutions/game_4/series/home_wins_2/rest-011010/bot""],""total"":[""solutions/game_4/total/rest-111100/top"",""solutions/game_4/total/rest-011010/bot""]}","[1,1,1,1,0,0]","[0,1,1,0,1,0]",2,1,12,8,home_win,home,0,82
29615,5,"{""series"":[""solutions/game_5/single/rest-111011/top"",""solutions/game_5/single/rest-111111/bot""],""total"":[""solutions/game_5/single/rest-111011/top"",""solutions/game_5/single/rest-111111/bot""]}","[1,1,1,0,1,1]","[1,1,1,1,1,1]",3,1,3,6,away_win,away,1,85
29616,1,"{""series"":[""solutions/game_1/series/rest-111111/top"",""solutions/game_1/series/rest-111111/bot""],""total"":[""solutions/game_1/total/rest-111111/top"",""solutions/game_1/total/rest-111111/bot""]}","[1,1,1,1,1,1]","[1,1,1,1,1,1]",0,0,4,10,away_win,away,0,81
29616,2,"{""series"":[""solutions/game_2/series/home_wins_0/rest-110011/top"",""solutions/game_2/series/home_wins_0/rest-111010/bot""],""total"":[""solutions/game_2/total/rest-110011/top"",""solutions/game_2/total/rest-111010/bot""]}","[1,1,0,0,1,1]","[1,1,1,0,1,0]",0,1,6,7,away_win,away,0,92
29616,3,"{""series"":[""solutions/game_3/series/home_wins_0/rest-101111/top"",""solutions/game_3/series/home_wins_0/rest-110111/bot""],""total"":[""solutions/game_3/total/rest-101111/top"",""solutions/game_3/total/rest-110111/bot""]}","[1,0,1,1,1,1]","[1,1,0,1,1,1]",0,2,8,4,home_win,home,0,88
29616,4,"{""series"":[""solutions/game_4/series/home_wins_1/rest-111111/top"",""solutions/game_4/series/home_wins_1/rest-111101/bot""],""total"":[""solutions/game_4/total/rest-111111/top"",""solutions/game_4/total/rest-111101/bot""]}","[1,1,1,1,1,1]","[1,1,1,1,0,1]",1,2,7,6,home_win,home,0,86
29616,5,"{""series"":[""solutions/game_5/single/rest-010011/top"",""solutions/game_5/single/rest-010110/bot""],""total"":[""solutions/game_5/single/rest-010011/top"",""solutions/game_5/single/rest-010110/bot""]}","[0,1,0,0,1,1]","[0,1,0,1,1,0]",2,2,9,6,home_win,home,0,87
29617,1,"{""series"":[""solutions/game_1/series/rest-111111/top"",""solutions/game_1/series/rest-111111/bot""],""total"":[""solutions/game_1/total/rest-111111/top"",""solutions/game_1/total/rest-111111/bot""]}","[1,1,1,1,1,1]","[1,1,1,1,1,1]",0,0,0,8,away_win,away,0,43
29617,2,"{""series"":[""solutions/game_2/series/home_wins_0/rest-111111/top"",""solutions/game_2/series/home_wins_0/rest-111111/bot""],""total"":[""solutions/game_2/total/rest-111111/top"",""solutions/game_2/total/rest-111111/bot""]}","[1,1,1,1,1,1]","[1,1,1,1,1,1]",0,1,0,9,away_win,away,0,42
29617,3,"{""series"":[""solutions/game_3/series/home_wins_0/rest-111110/top"",""solutions/game_3/series/home_wins_0/rest-111111/bot""],""total"":[""solutions/game_3/total/rest-111110/top"",""solutions/game_3/total/rest-111111/bot""]}","[1,1,1,1,1,0]","[1,1,1,1,1,1]",0,2,4,6,away_win,away,0,84
29617,4,"{""series"":[""solutions/game_4/single/rest-010011/top"",""solutions/game_4/single/rest-101010/bot""],""total"":[""solutions/game_4/total/rest-010011/top"",""solutions/game_4/total/rest-101010/bot""]}","[0,1,0,0,1,1]","[1,0,1,0,1,0]",0,3,2,5,away_win,away,1,80
29617,5,"{""series"":[""solutions/game_5/single/rest-111110/top"",""solutions/game_5/single/rest-101111/bot""],""total"":[""solutions/game_5/single/rest-111110/top"",""solutions/game_5/single/rest-101111/bot""]}","[1,1,1,1,1,0]","[1,0,1,1,1,1]",0,4,5,1,home_win,home,1,82
29618,1,"{""series"":[""solutions/game_1/series/rest-111111/top"",""solutions/game_1/series/rest-111111/bot""],""total"":[""solutions/game_1/total/rest-111111/top"",""solutions/game_1/total/rest-111111/bot""]}","[1,1,1,1,1,1]","[1,1,1,1,1,1]",0,0,4,6,away_win,away,0,93
29618,2,"{""series"":[""solutions/game_2/series/home_wins_0/rest-010111/top"",""solutions/game_2/series/home_wins_0/rest-011011/bot""],""total"":[""solutions/game_2/total/rest-010111/top"",""solutions/game_2/total/rest-011011/bot""]}","[0,1,0,1,1,1]","[0,1,1,0,1,1]",0,1,1,2,away_win,away,0,86
29618,3,"{""series"":[""solutions/game_3/series/home_wins_0/rest-101001/top"",""solutions/game_3/series/home_wins_0/rest-000100/bot""],""total"":[""solutions/game_3/total/rest-101001/top"",""solutions/game_3/total/rest-000100/bot""]}","[1,0,1,0,0,1]","[0,0,0,1,0,0]",0,2,7,2,home_win,home,0,80
29618,4,"{""series"":[""solutions/game_4/series/home_wins_1/rest-010111/top"",""solutions/game_4/series/home_wins_1/rest-111011/bot""],""total"":[""solutions/game_4/total/rest-010111/top"",""solutions/game_4/total/rest-111011/bot""]}","[0,1,0,1,1,1]","[1,1,1,0,1,1]",1,2,6,7,away_win,away,0,97
29618,5,"{""series"":[""solutions/game_5/single/rest-101000/top"",""solutions/game_5/single/rest-010100/bot""],""total"":[""solutions/game_5/single/rest-101000/top"",""solutions/game_5/single/rest-010100/bot""]}","[1,0,1,0,0,0]","[0,1,0,1,0,0]",1,3,5,4,home_win,home,1,87
29619,1,"{""series"":[""solutions/game_1/series/rest-111111/top"",""solutions/game_1/series/rest-111111/bot""],""total"":[""solutions/game_1/total/rest-111111/top"",""solutions/game_1/total/rest-111111/bot""]}","[1,1,1,1,1,1]","[1,1,1,1,1,1]",0,0,3,7,away_win,away,0,86
29619,2,"{""series"":[""solutions/game_2/series/home_wins_0/rest-001011/top"",""solutions/game_2/series/home_wins_0/rest-111100/bot""],""total"":[""solutions/game_2/total/rest-001011/top"",""solutions/game_2/total/rest-111100/bot""]}","[0,0,1,0,1,1]","[1,1,1,1,0,0]",0,1,3,5,away_win,away,0,82
29619,3,"{""series"":[""solutions/game_3/series/home_wins_0/rest-111101/top"",""solutions/game_3/series/home_wins_0/rest-000010/bot""],""total"":[""solutions/game_3/total/rest-111101/top"",""solutions/game_3/total/rest-000010/bot""]}","[1,1,1,1,0,1]","[0,0,0,0,1,0]",0,2,0,4,away_win,away,0,74
29619,4,"{""series"":[""solutions/game_4/single/rest-011011/top"",""solutions/game_4/single/rest-111111/bot""],""total"":[""solutions/game_4/total/rest-011011/top"",""solutions/game_4/total/rest-111111/bot""]}","[0,1,1,0,1,1]","[1,1,1,1,1,1]",0,3,0,8,away_win,away,1,43
29619,5,"{""series"":[""solutions/game_5/single/rest-111110/top"",""solutions/game_5/single/rest-111111/bot""],""total"":[""solutions/game_5/single/rest-111110/top"",""solutions/game_5/single/rest-111111/bot""]}","[1,1,1,1,1,0]","[1,1,1,1,1,1]",0,4,1,3,away_win,away,1,86
29620,1,"{""series"":[""solutions/game_1/series/rest-111111/top"",""solutions/game_1/series/rest-111111/bot""],""total"":[""solutions/game_1/total/rest-111111/top"",""solutions/game_1/total/rest-111111/bot""]}","[1,1,1,1,1,1]","[1,1,1,1,1,1]",0,0,0,8,away_win,away,0,32
29620,2,"{""series"":[""solutions/game_2/series/home_wins_0/rest-111111/top"",""solutions/game_2/series/home_wins_0/rest-111111/bot""],""total"":[""solutions/game_2/total/rest-111111/top"",""solutions/game_2/total/rest-111111/bot""]}","[1,1,1,1,1,1]","[1,1,1,1,1,1]",0,1,3,4,away_win,away,0,86
29620,3,"{""series"":[""solutions/game_3/series/home_wins_0/rest-110101/top"",""solutions/game_3/series/home_wins_0/rest-001111/bot""],""total"":[""solutions/game_3/total/rest-110101/top"",""solutions/game_3/total/rest-001111/bot""]}","[1,1,0,1,0,1]","[0,0,1,1,1,1]",0,2,2,7,away_win,away,0,89
29620,4,"{""series"":[""solutions/game_4/single/rest-011011/top"",""solutions/game_4/single/rest-100100/bot""],""total"":[""solutions/game_4/total/rest-011011/top"",""solutions/game_4/total/rest-100100/bot""]}","[0,1,1,0,1,1]","[1,0,0,1,0,0]",0,3,1,4,away_win,away,1,78
29620,5,"{""series"":[""solutions/game_5/single/rest-110000/top"",""solutions/game_5/single/rest-011111/bot""],""total"":[""solutions/game_5/single/rest-110000/top"",""solutions/game_5/single/rest-011111/bot""]}","[1,1,0,0,0,0]","[0,1,1,1,1,1]",0,4,5,4,home_win,home,1,82
29621,1,"{""series"":[""solutions/game_1/series/rest-111111/top"",""solutions/game_1/series/rest-111111/bot""],""total"":[""solutions/game_1/total/rest-111111/top"",""solutions/game_1/total/rest-111111/bot""]}","[1,1,1,1,1,1]","[1,1,1,1,1,1]",0,0,4,2,home_win,home,0,75
29621,2,"{""series"":[""solutions/game_2/series/home_wins_1/rest-111101/top"",""solutions/game_2/series/home_wins_1/rest-110101/bot""],""total"":[""solutions/game_2/total/rest-111101/top"",""solutions/game_2/total/rest-110101/bot""]}","[1,1,1,1,0,1]","[1,1,0,1,0,1]",1,0,3,4,away_win,away,0,80
29621,3,"{""series"":[""solutions/game_3/series/home_wins_1/rest-010011/top"",""solutions/game_3/series/home_wins_1/rest-101110/bot""],""total"":[""solutions/game_3/total/rest-010011/top"",""solutions/game_3/total/rest-101110/bot""]}","[0,1,0,0,1,1]","[1,0,1,1,1,0]",1,1,4,7,away_win,away,0,78
29621,4,"{""series"":[""solutions/game_4/series/home_wins_1/rest-111110/top"",""solutions/game_4/series/home_wins_1/rest-111001/bot""],""total"":[""solutions/game_4/total/rest-111110/top"",""solutions/game_4/total/rest-111001/bot""]}","[1,1,1,1,1,0]","[1,1,1,0,0,1]",1,2,0,2,away_win,away,0,75
29621,5,"{""series"":[""solutions/game_5/single/rest-111011/top"",""solutions/game_5/single/rest-001100/bot""],""total"":[""solutions/game_5/single/rest-111011/top"",""solutions/game_5/single/rest-001100/bot""]}","[1,1,1,0,1,1]","[0,0,1,1,0,0]",1,3,3,8,away_win,away,1,90
29622,1,"{""series"":[""solutions/game_1/series/rest-111111/top"",""solutions/game_1/series/rest-111111/bot""],""total"":[""solutions/game_1/total/rest-111111/top"",""solutions/game_1/total/rest-111111/bot""]}","[1,1,1,1,1,1]","[1,1,1,1,1,1]",0,0,0,8,away_win,away,0,76
29622,2,"{""series"":[""solutions/game_2/series/home_wins_0/rest-011111/top"",""solutions/game_2/series/home_wins_0/rest-111111/bot""],""total"":[""solutions/game_2/total/rest-011111/top"",""solutions/game_2/total/rest-111111/bot""]}","[0,1,1,1,1,1]","[1,1,1,1,1,1]",0,1,2,5,away_win,away,0,75
29622,3,"{""series"":[""solutions/game_3/series/home_wins_0/rest-111101/top"",""solutions/game_3/series/home_wins_0/rest-101111/bot""],""total"":[""solutions/game_3/total/rest-111101/top"",""solutions/game_3/total/rest-101111/bot""]}","[1,1,1,1,0,1]","[1,0,1,1,1,1]",0,2,3,4,away_win,away,0,83
29622,4,"{""series"":[""solutions/game_4/single/rest-010011/top"",""solutions/game_4/single/rest-110110/bot""],""total"":[""solutions/game_4/total/rest-010011/top"",""solutions/game_4/total/rest-110110/bot""]}","[0,1,0,0,1,1]","[1,1,0,1,1,0]",0,3,1,10,away_win,away,1,45
29622,5,"{""series"":[""solutions/game_5/single/rest-111111/top"",""solutions/game_5/single/rest-111110/bot""],""total"":[""solutions/game_5/single/rest-111111/top"",""solutions/game_5/single/rest-111110/bot""]}","[1,1,1,1,1,1]","[1,1,1,1,1,0]",0,4,9,1,home_win,home,1,39
29623,1,"{""series"":[""solutions/game_1/series/rest-111111/top"",""solutions/game_1/series/rest-111111/bot""],""total"":[""solutions/game_1/total/rest-111111/top"",""solutions/game_1/total/rest-111111/bot""]}","[1,1,1,1,1,1]","[1,1,1,1,1,1]",0,0,6,2,home_win,home,0,82
29623,2,"{""series"":[""solutions/game_2/series/home_wins_1/rest-111011/top"",""solutions/game_2/series/home_wins_1/rest-010111/bot""],""total"":[""solutions/game_2/total/rest-111011/top"",""solutions/game_2/total/rest-010111/bot""]}","[1,1,1,0,1,1]","[0,1,0,1,1,1]",1,0,8,0,home_win,home,0,63
29623,3,"{""series"":[""solutions/game_3/series/home_wins_2/rest-111111/top"",""solutions/game_3/series/home_wins_2/rest-111111/bot""],""total"":[""solutions/game_3/total/rest-111111/top"",""solutions/game_3/total/rest-111111/bot""]}","[1,1,1,1,1,1]","[1,1,1,1,1,1]",2,0,7,3,home_win,home,0,87
29623,4,"{""series"":[""solutions/game_4/single/rest-110101/top"",""solutions/game_4/single/rest-111111/bot""],""total"":[""solutions/game_4/total/rest-110101/top"",""solutions/game_4/total/rest-111111/bot""]}","[1,1,0,1,0,1]","[1,1,1,1,1,1]",3,0,5,2,home_win,home,1,72
29623,5,"{""series"":[""solutions/game_5/single/rest-111110/top"",""solutions/game_5/single/rest-111101/bot""],""total"":[""solutions/game_5/single/rest-111110/top"",""solutions/game_5/single/rest-111101/bot""]}","[1,1,1,1,1,0]","[1,1,1,1,0,1]",4,0,3,2,home_win,home,1,75
29624,1,"{""series"":[""solutions/game_1/series/rest-111111/top"",""solutions/game_1/series/rest-111111/bot""],""total"":[""solutions/game_1/total/rest-111111/top"",""solutions/game_1/total/rest-111111/bot""]}","[1,1,1,1,1,1]","[1,1,1,1,1,1]",0,0,2,1,home_win,home,0,75
29624,2,"{""series"":[""solutions/game_2/series/home_wins_1/rest-110011/top"",""solutions/game_2/series/home_wins_1/rest-001011/bot""],""total"":[""solutions/game_2/total/rest-110011/top"",""solutions/game_2/total/rest-001011/bot""]}","[1,1,0,0,1,1]","[0,0,1,0,1,1]",1,0,11,6,home_win,home,0,85
29624,3,"{""series"":[""solutions/game_3/series/home_wins_2/rest-001110/top"",""solutions/game_3/series/home_wins_2/rest-101111/bot""],""total"":[""solutions/game_3/total/rest-001110/top"",""solutions/game_3/total/rest-101111/bot""]}","[0,0,1,1,1,0]","[1,0,1,1,1,1]",2,0,9,0,home_win,home,0,52
29624,4,"{""series"":[""solutions/game_4/single/rest-111111/top"",""solutions/game_4/single/rest-111101/bot""],""total"":[""solutions/game_4/total/rest-111111/top"",""solutions/game_4/total/rest-111101/bot""]}","[1,1,1,1,1,1]","[1,1,1,1,0,1]",3,0,0,9,away_win,away,1,56
29624,5,"{""series"":[""solutions/game_5/single/rest-111001/top"",""solutions/game_5/single/rest-111111/bot""],""total"":[""solutions/game_5/single/rest-111001/top"",""solutions/game_5/single/rest-111111/bot""]}","[1,1,1,0,0,1]","[1,1,1,1,1,1]",3,1,1,6,away_win,away,1,85
29625,1,"{""series"":[""solutions/game_1/series/rest-111111/top"",""solutions/game_1/series/rest-111111/bot""],""total"":[""solutions/game_1/total/rest-111111/top"",""solutions/game_1/total/rest-111111/bot""]}","[1,1,1,1,1,1]","[1,1,1,1,1,1]",0,0,10,2,home_win,home,0,66
29625,2,"{""series"":[""solutions/game_2/series/home_wins_1/rest-101111/top"",""solutions/game_2/series/home_wins_1/rest-111111/bot""],""total"":[""solutions/game_2/total/rest-101111/top"",""solutions/game_2/total/rest-111111/bot""]}","[1,0,1,1,1,1]","[1,1,1,1,1,1]",1,0,9,7,home_win,home,0,87
29625,3,"{""series"":[""solutions/game_3/series/home_wins_2/rest-111011/top"",""solutions/game_3/series/home_wins_2/rest-111110/bot""],""total"":[""solutions/game_3/total/rest-111011/top"",""solutions/game_3/total/rest-111110/bot""]}","[1,1,1,0,1,1]","[1,1,1,1,1,0]",2,0,6,6,tie,away,0,98
29625,4,"{""series"":[""solutions/game_4/series/home_wins_2/rest-011101/top"",""solutions/game_4/series/home_wins_2/rest-000011/bot""],""total"":[""solutions/game_4/total/rest-011101/top"",""solutions/game_4/total/rest-000011/bot""]}","[0,1,1,1,0,1]","[0,0,0,0,1,1]",2,1,7,4,home_win,home,0,82
29625,5,"{""series"":[""solutions/game_5/single/rest-100011/top"",""solutions/game_5/single/rest-111111/bot""],""total"":[""solutions/game_5/single/rest-100011/top"",""solutions/game_5/single/rest-111111/bot""]}","[1,0,0,0,1,1]","[1,1,1,1,1,1]",3,1,7,5,home_win,home,1,86
29626,1,"{""series"":[""solutions/game_1/series/rest-111111/top"",""solutions/game_1/series/rest-111111/bot""],""total"":[""solutions/game_1/total/rest-111111/top"",""solutions/game_1/total/rest-111111/bot""]}","[1,1,1,1,1,1]","[1,1,1,1,1,1]",0,0,1,9,away_win,away,0,68
29626,2,"{""series"":[""solutions/game_2/series/home_wins_0/rest-111110/top"",""solutions/game_2/series/home_wins_0/rest-110111/bot""],""total"":[""solutions/game_2/total/rest-111110/top"",""solutions/game_2/total/rest-110111/bot""]}","[1,1,1,1,1,0]","[1,1,0,1,1,1]",0,1,4,5,away_win,away,0,76
29626,3,"{""series"":[""solutions/game_3/series/home_wins_0/rest-010111/top"",""solutions/game_3/series/home_wins_0/rest-101111/bot""],""total"":[""solutions/game_3/total/rest-010111/top"",""solutions/game_3/total/rest-101111/bot""]}","[0,1,0,1,1,1]","[1,0,1,1,1,1]",0,2,8,0,home_win,home,0,49
29626,4,"{""series"":[""solutions/game_4/series/home_wins_1/rest-111111/top"",""solutions/game_4/series/home_wins_1/rest-111101/bot""],""total"":[""solutions/game_4/total/rest-111111/top"",""solutions/game_4/total/rest-111101/bot""]}","[1,1,1,1,1,1]","[1,1,1,1,0,1]",1,2,2,4,away_win,away,0,82
29626,5,"{""series"":[""solutions/game_5/single/rest-010001/top"",""solutions/game_5/single/rest-101010/bot""],""total"":[""solutions/game_5/single/rest-010001/top"",""solutions/game_5/single/rest-101010/bot""]}","[0,1,0,0,0,1]","[1,0,1,0,1,0]",1,3,15,5,home_win,home,1,47
29627,1,"{""series"":[""solutions/game_1/series/rest-111111/top"",""solutions/game_1/series/rest-111111/bot""],""total"":[""solutions/game_1/total/rest-111111/top"",""solutions/game_1/total/rest-111111/bot""]}","[1,1,1,1,1,1]","[1,1,1,1,1,1]",0,0,2,4,away_win,away,0,78
29627,2,"{""series"":[""solutions/game_2/series/home_wins_0/rest-101111/top"",""solutions/game_2/series/home_wins_0/rest-101110/bot""],""total"":[""solutions/game_2/total/rest-101111/top"",""solutions/game_2/total/rest-101110/bot""]}","[1,0,1,1,1,1]","[1,0,1,1,1,0]",0,1,3,0,home_win,home,0,70
29627,3,"{""series"":[""solutions/game_3/series/home_wins_1/rest-111110/top"",""solutions/game_3/series/home_wins_1/rest-110110/bot""],""total"":[""solutions/game_3/total/rest-111110/top"",""solutions/game_3/total/rest-110110/bot""]}","[1,1,1,1,1,0]","[1,1,0,1,1,0]",1,1,2,4,away_win,away,0,85
29627,4,"{""series"":[""solutions/game_4/series/home_wins_1/rest-010111/top"",""solutions/game_4/series/home_wins_1/rest-001100/bot""],""total"":[""solutions/game_4/total/rest-010111/top"",""solutions/game_4/total/rest-001100/bot""]}","[0,1,0,1,1,1]","[0,0,1,1,0,0]",1,2,1,4,away_win,away,0,79
29627,5,"{""series"":[""solutions/game_5/single/rest-110011/top"",""solutions/game_5/single/rest-110010/bot""],""total"":[""solutions/game_5/single/rest-110011/top"",""solutions/game_5/single/rest-110010/bot""]}","[1,1,0,0,1,1]","[1,1,0,0,1,0]",1,3,3,7,away_win,away,1,83
29628,1,"{""series"":[""solutions/game_1/series/rest-111111/top"",""solutions/game_1/series/rest-111111/bot""],""total"":[""solutions/game_1/total/rest-111111/top"",""solutions/game_1/total/rest-111111/bot""]}","[1,1,1,1,1,1]","[1,1,1,1,1,1]",0,0,1,2,away_win,away,0,78
29628,2,"{""series"":[""solutions/game_2/series/home_wins_0/rest-011001/top"",""solutions/game_2/series/home_wins_0/rest-001111/bot""],""total"":[""solutions/game_2/total/rest-011001/top"",""solutions/game_2/total/rest-001111/bot""]}","[0,1,1,0,0,1]","[0,0,1,1,1,1]",0,1,3,2,home_win,home,0,79
29628,3,"{""series"":[""solutions/game_3/series/home_wins_1/rest-100110/top"",""solutions/game_3/series/home_wins_1/rest-110110/bot""],""total"":[""solutions/game_3/total/rest-100110/top"",""solutions/game_3/total/rest-110110/bot""]}","[1,0,0,1,1,0]","[1,1,0,1,1,0]",1,1,5,4,home_win,home,0,93
29628,4,"{""series"":[""solutions/game_4/series/home_wins_2/rest-010001/top"",""solutions/game_4/series/home_wins_2/rest-001001/bot""],""total"":[""solutions/game_4/total/rest-010001/top"",""solutions/game_4/total/rest-001001/bot""]}","[0,1,0,0,0,1]","[0,0,1,0,0,1]",2,1,9,1,home_win,home,0,40
29628,5,"{""series"":[""solutions/game_5/single/rest-111101/top"",""solutions/game_5/single/rest-111111/bot""],""total"":[""solutions/game_5/single/rest-111101/top"",""solutions/game_5/single/rest-111111/bot""]}","[1,1,1,1,0,1]","[1,1,1,1,1,1]",3,1,4,0,home_win,home,1,70
29629,1,"{""series"":[""solutions/game_1/series/rest-111111/top"",""solutions/game_1/series/rest-111111/bot""],""total"":[""solutions/game_1/total/rest-111111/top"",""solutions/game_1/total/rest-111111/bot""]}","[1,1,1,1,1,1]","[1,1,1,1,1,1]",0,0,7,0,home_win,home,0,74
29629,2,"{""series"":[""solutions/game_2/series/home_wins_1/rest-111110/top"",""solutions/game_2/series/home_wins_1/rest-111111/bot""],""total"":[""solutions/game_2/total/rest-111110/top"",""solutions/game_2/total/rest-111111/bot""]}","[1,1,1,1,1,0]","[1,1,1,1,1,1]",1,0,2,4,away_win,away,0,77
29629,3,"{""series"":[""solutions/game_3/series/home_wins_1/rest-010001/top"",""solutions/game_3/series/home_wins_1/rest-001011/bot""],""total"":[""solutions/game_3/total/rest-010001/top"",""solutions/game_3/total/rest-001011/bot""]}","[0,1,0,0,0,1]","[0,0,1,0,1,1]",1,1,8,7,home_win,home,0,93
29629,4,"{""series"":[""solutions/game_4/series/home_wins_2/rest-111110/top"",""solutions/game_4/series/home_wins_2/rest-111110/bot""],""total"":[""solutions/game_4/total/rest-111110/top"",""solutions/game_4/total/rest-111110/bot""]}","[1,1,1,1,1,0]","[1,1,1,1,1,0]",2,1,3,6,away_win,away,0,78
29629,5,"{""series"":[""solutions/game_5/single/rest-100101/top"",""solutions/game_5/single/rest-101011/bot""],""total"":[""solutions/game_5/single/rest-100101/top"",""solutions/game_5/single/rest-101011/bot""]}","[1,0,0,1,0,1]","[1,0,1,0,1,1]",2,2,6,3,home_win,home,0,79
29630,1,"{""series"":[""solutions/game_1/series/rest-111111/top"",""solutions/game_1/series/rest-111111/bot""],""total"":[""solutions/game_1/total/rest-111111/top"",""solutions/game_1/total/rest-111111/bot""]}","[1,1,1,1,1,1]","[1,1,1,1,1,1]",0,0,3,10,away_win,away,0,89
29630,2,"{""series"":[""solutions/game_2/series/home_wins_0/rest-111100/top"",""solutions/game_2/series/home_wins_0/rest-011111/bot""],""total"":[""solutions/game_2/total/rest-111100/top"",""solutions/game_2/total/rest-011111/bot""]}","[1,1,1,1,0,0]","[0,1,1,1,1,1]",0,1,2,5,away_win,away,0,79
29630,3,"{""series"":[""solutions/game_3/series/home_wins_0/rest-111111/top"",""solutions/game_3/series/home_wins_0/rest-101011/bot""],""total"":[""solutions/game_3/total/rest-111111/top"",""solutions/game_3/total/rest-101011/bot""]}","[1,1,1,1,1,1]","[1,0,1,0,1,1]",0,2,3,11,away_win,away,0,80
29630,4,"{""series"":[""solutions/game_4/single/rest-111101/top"",""solutions/game_4/single/rest-111111/bot""],""total"":[""solutions/game_4/total/rest-111101/top"",""solutions/game_4/total/rest-111111/bot""]}","[1,1,1,1,0,1]","[1,1,1,1,1,1]",0,3,6,1,home_win,home,1,78
29630,5,"{""series"":[""solutions/game_5/single/rest-011010/top"",""solutions/game_5/single/rest-110111/bot""],""total"":[""solutions/game_5/single/rest-011010/top"",""solutions/game_5/single/rest-110111/bot""]}","[0,1,1,0,1,0]","[1,1,0,1,1,1]",1,3,4,6,away_win,away,1,88
29631,1,"{""series"":[""solutions/game_1/series/rest-111111/top"",""solutions/game_1/series/rest-111111/bot""],""total"":[""solutions/game_1/total/rest-111111/top"",""solutions/game_1/total/rest-111111/bot""]}","[1,1,1,1,1,1]","[1,1,1,1,1,1]",0,0,3,2,home_win,home,0,74
29631,2,"{""series"":[""solutions/game_2/series/home_wins_1/rest-110101/top"",""solutions/game_2/series/home_wins_1/rest-001111/bot""],""total"":[""solutions/game_2/total/rest-110101/top"",""solutions/game_2/total/rest-001111/bot""]}","[1,1,0,1,0,1]","[0,0,1,1,1,1]",1,0,6,8,away_win,away,0,84
29631,3,"{""series"":[""solutions/game_3/series/home_wins_1/rest-011110/top"",""solutions/game_3/series/home_wins_1/rest-110011/bot""],""total"":[""solutions/game_3/total/rest-011110/top"",""solutions/game_3/total/rest-110011/bot""]}","[0,1,1,1,1,0]","[1,1,0,0,1,1]",1,1,6,10,away_win,away,0,92
29631,4,"{""series"":[""solutions/game_4/series/home_wins_1/rest-111111/top"",""solutions/game_4/series/home_wins_1/rest-011111/bot""],""total"":[""solutions/game_4/total/rest-111111/top"",""solutions/game_4/total/rest-011111/bot""]}","[1,1,1,1,1,1]","[0,1,1,1,1,1]",1,2,3,8,away_win,away,0,81
29631,5,"{""series"":[""solutions/game_5/single/rest-111011/top"",""solutions/game_5/single/rest-101110/bot""],""total"":[""solutions/game_5/single/rest-111011/top"",""solutions/game_5/single/rest-101110/bot""]}","[1,1,1,0,1,1]","[1,0,1,1,1,0]",1,3,2,1,home_win,home,1,82
29632,1,"{""series"":[""solutions/game_1/series/rest-111111/top"",""solutions/game_1/series/rest-111111/bot""],""total"":[""solutions/game_1/total/rest-111111/top"",""solutions/game_1/total/rest-111111/bot""]}","[1,1,1,1,1,1]","[1,1,1,1,1,1]",0,0,2,1,home_win,home,0,68
29632,2,"{""series"":[""solutions/game_2/series/home_wins_1/rest-111011/top"",""solutions/game_2/series/home_wins_1/rest-011110/bot""],""total"":[""solutions/game_2/total/rest-111011/top"",""solutions/game_2/total/rest-011110/bot""]}","[1,1,1,0,1,1]","[0,1,1,1,1,0]",1,0,4,2,home_win,home,0,81
29632,3,"{""series"":[""solutions/game_3/series/home_wins_2/rest-111101/top"",""solutions/game_3/series/home_wins_2/rest-111001/bot""],""total"":[""solutions/game_3/total/rest-111101/top"",""solutions/game_3/total/rest-111001/bot""]}","[1,1,1,1,0,1]","[1,1,1,0,0,1]",2,0,1,5,away_win,away,0,69
29632,4,"{""series"":[""solutions/game_4/series/home_wins_2/rest-111111/top"",""solutions/game_4/series/home_wins_2/rest-111110/bot""],""total"":[""solutions/game_4/total/rest-111111/top"",""solutions/game_4/total/rest-111110/bot""]}","[1,1,1,1,1,1]","[1,1,1,1,1,0]",2,1,1,3,away_win,away,0,81
29632,5,"{""series"":[""solutions/game_5/single/rest-010011/top"",""solutions/game_5/single/rest-101111/bot""],""total"":[""solutions/game_5/single/rest-010011/top"",""solutions/game_5/single/rest-101111/bot""]}","[0,1,0,0,1,1]","[1,0,1,1,1,1]",2,2,9,6,home_win,home,0,86
29633,1,"{""series"":[""solutions/game_1/series/rest-111111/top"",""solutions/game_1/series/rest-111111/bot""],""total"":[""solutions/game_1/total/rest-111111/top"",""solutions/game_1/total/rest-111111/bot""]}","[1,1,1,1,1,1]","[1,1,1,1,1,1]",0,0,5,7,away_win,away,0,92
29633,2,"{""series"":[""solutions/game_2/series/home_wins_0/rest-001101/top"",""solutions/game_2/series/home_wins_0/rest-011110/bot""],""total"":[""solutions/game_2/total/rest-001101/top"",""solutions/game_2/total/rest-011110/bot""]}","[0,0,1,1,0,1]","[0,1,1,1,1,0]",0,1,1,9,away_win,away,0,75
29633,3,"{""series"":[""solutions/game_3/series/home_wins_0/rest-101110/top"",""solutions/game_3/series/home_wins_0/rest-110101/bot""],""total"":[""solutions/game_3/total/rest-101110/top"",""solutions/game_3/total/rest-110101/bot""]}","[1,0,1,1,1,0]","[1,1,0,1,0,1]",0,2,4,1,home_win,home,0,72
29633,4,"{""series"":[""solutions/game_4/series/home_wins_1/rest-100011/top"",""solutions/game_4/series/home_wins_1/rest-100010/bot""],""total"":[""solutions/game_4/total/rest-100011/top"",""solutions/game_4/total/rest-100010/bot""]}","[1,0,0,0,1,1]","[1,0,0,0,1,0]",1,2,2,4,away_win,away,0,79
29633,5,"{""series"":[""solutions/game_5/single/rest-001100/top"",""solutions/game_5/single/rest-011111/bot""],""total"":[""solutions/game_5/single/rest-001100/top"",""solutions/game_5/single/rest-011111/bot""]}","[0,0,1,1,0,0]","[0,1,1,1,1,1]",1,3,4,6,away_win,away,1,82
29634,1,"{""series"":[""solutions/game_1/series/rest-111111/top"",""solutions/game_1/series/rest-111111/bot""],""total"":[""solutions/game_1/total/rest-111111/top"",""solutions/game_1/total/rest-111111/bot""]}","[1,1,1,1,1,1]","[1,1,1,1,1,1]",0,0,6,4,home_win,home,0,75
29634,2,"{""series"":[""solutions/game_2/series/home_wins_1/rest-110011/top"",""solutions/game_2/series/home_wins_1/rest-011111/bot""],""total"":[""solutions/game_2/total/rest-110011/top"",""solutions/game_2/total/rest-011111/bot""]}","[1,1,0,0,1,1]","[0,1,1,1,1,1]",1,0,2,12,away_win,away,0,42
29634,3,"{""series"":[""solutions/game_3/series/home_wins_1/rest-111111/top"",""solutions/game_3/series/home_wins_1/rest-111111/bot""],""total"":[""solutions/game_3/total/rest-111111/top"",""solutions/game_3/total/rest-111111/bot""]}","[1,1,1,1,1,1]","[1,1,1,1,1,1]",1,1,4,2,home_win,home,0,65
29634,4,"{""series"":[""solutions/game_4/series/home_wins_2/rest-110011/top"",""solutions/game_4/series/home_wins_2/rest-111111/bot""],""total"":[""solutions/game_4/total/rest-110011/top"",""solutions/game_4/total/rest-111111/bot""]}","[1,1,0,0,1,1]","[1,1,1,1,1,1]",2,1,8,1,home_win,home,0,75
29634,5,"{""series"":[""solutions/game_5/single/rest-111100/top"",""solutions/game_5/single/rest-111111/bot""],""total"":[""solutions/game_5/single/rest-111100/top"",""solutions/game_5/single/rest-111111/bot""]}","[1,1,1,1,0,0]","[1,1,1,1,1,1]",3,1,4,2,home_win,home,1,67
29635,1,"{""series"":[""solutions/game_1/series/rest-111111/top"",""solutions/game_1/series/rest-111111/bot""],""total"":[""solutions/game_1/total/rest-111111/top"",""solutions/game_1/total/rest-111111/bot""]}","[1,1,1,1,1,1]","[1,1,1,1,1,1]",0,0,7,4,home_win,home,0,79
29635,2,"{""series"":[""solutions/game_2/series/home_wins_1/rest-101101/top"",""solutions/game_2/series/home_wins_1/rest-111100/bot""],""total"":[""solutions/game_2/total/rest-101101/top"",""solutions/game_2/total/rest-111100/bot""]}","[1,0,1,1,0,1]","[1,1,1,1,0,0]",1,0,4,3,home_win,home,0,77
29635,3,"{""series"":[""solutions/game_3/series/home_wins_2/rest-011011/top"",""solutions/game_3/series/home_wins_2/rest-001111/bot""],""total"":[""solutions/game_3/total/rest-011011/top"",""solutions/game_3/total/rest-001111/bot""]}","[0,1,1,0,1,1]","[0,0,1,1,1,1]",2,0,4,1,home_win,home,0,76
29635,4,"{""series"":[""solutions/game_4/single/rest-110101/top"",""solutions/game_4/single/rest-101110/bot""],""total"":[""solutions/game_4/total/rest-110101/top"",""solutions/game_4/total/rest-101110/bot""]}","[1,1,0,1,0,1]","[1,0,1,1,1,0]",3,0,5,5,tie,away,1,98
29635,5,"{""series"":[""solutions/game_5/single/rest-000011/top"",""solutions/game_5/single/rest-010001/bot""],""total"":[""solutions/game_5/single/rest-000011/top"",""solutions/game_5/single/rest-010001/bot""]}","[0,0,0,0,1,1]","[0,1,0,0,0,1]",3,1,0,8,away_win,away,1,25
29636,1,"{""series"":[""solutions/game_1/series/rest-111111/top"",""solutions/game_1/series/rest-111111/bot""],""total"":[""solutions/game_1/total/rest-111111/top"",""solutions/game_1/total/rest-111111/bot""]}","[1,1,1,1,1,1]","[1,1,1,1,1,1]",0,0,1,3,away_win,away,0,77
29636,2,"{""series"":[""solutions/game_2/series/home_wins_0/rest-010101/top"",""solutions/game_2/series/home_wins_0/rest-111111/bot""],""total"":[""solutions/game_2/total/rest-010101/top"",""solutions/game_2/total/rest-111111/bot""]}","[0,1,0,1,0,1]","[1,1,1,1,1,1]",0,1,2,1,home_win,home,0,80
29636,3,"{""series"":[""solutions/game_3/series/home_wins_1/rest-101000/top"",""solutions/game_3/series/home_wins_1/rest-001011/bot""],""total"":[""solutions/game_3/total/rest-101000/top"",""solutions/game_3/total/rest-001011/bot""]}","[1,0,1,0,0,0]","[0,0,1,0,1,1]",1,1,7,2,home_win,home,0,86
29636,4,"{""series"":[""solutions/game_4/series/home_wins_2/rest-111111/top"",""solutions/game_4/series/home_wins_2/rest-110111/bot""],""total"":[""solutions/game_4/total/rest-111111/top"",""solutions/game_4/total/rest-110111/bot""]}","[1,1,1,1,1,1]","[1,1,0,1,1,1]",2,1,4,7,away_win,away,0,87
29636,5,"{""series"":[""solutions/game_5/single/rest-101111/top"",""solutions/game_5/single/rest-111110/bot""],""total"":[""solutions/game_5/single/rest-101111/top"",""solutions/game_5/single/rest-111110/bot""]}","[1,0,1,1,1,1]","[1,1,1,1,1,0]",2,2,8,0,home_win,home,0,19
29637,1,"{""series"":[""solutions/game_1/series/rest-111111/top"",""solutions/game_1/series/rest-111111/bot""],""total"":[""solutions/game_1/total/rest-111111/top"",""solutions/game_1/total/rest-111111/bot""]}","[1,1,1,1,1,1]","[1,1,1,1,1,1]",0,0,9,1,home_win,home,0,71
29637,2,"{""series"":[""solutions/game_2/series/home_wins_1/rest-111101/top"",""solutions/game_2/series/home_wins_1/rest-101111/bot""],""total"":[""solutions/game_2/total/rest-111101/top"",""solutions/game_2/total/rest-101111/bot""]}","[1,1,1,1,0,1]","[1,0,1,1,1,1]",1,0,7,3,home_win,home,0,80
29637,3,"{""series"":[""solutions/game_3/series/home_wins_2/rest-011011/top"",""solutions/game_3/series/home_wins_2/rest-110101/bot""],""total"":[""solutions/game_3/total/rest-011011/top"",""solutions/game_3/total/rest-110101/bot""]}","[0,1,1,0,1,1]","[1,1,0,1,0,1]",2,0,1,11,away_win,away,0,50
29637,4,"{""series"":[""solutions/game_4/series/home_wins_2/rest-111111/top"",""solutions/game_4/series/home_wins_2/rest-111111/bot""],""total"":[""solutions/game_4/total/rest-111111/top"",""solutions/game_4/total/rest-111111/bot""]}","[1,1,1,1,1,1]","[1,1,1,1,1,1]",2,1,7,10,away_win,away,0,99
29637,5,"{""series"":[""solutions/game_5/single/rest-011100/top"",""solutions/game_5/single/rest-101010/bot""],""total"":[""solutions/game_5/single/rest-011100/top"",""solutions/game_5/single/rest-101010/bot""]}","[0,1,1,1,0,0]","[1,0,1,0,1,0]",2,2,0,8,away_win,away,0,65
29638,1,"{""series"":[""solutions/game_1/series/rest-111111/top"",""solutions/game_1/series/rest-111111/bot""],""total"":[""solutions/game_1/total/rest-111111/top"",""solutions/game_1/total/rest-111111/bot""]}","[1,1,1,1,1,1]","[1,1,1,1,1,1]",0,0,2,3,away_win,away,0,79
29638,2,"{""series"":[""solutions/game_2/series/home_wins_0/rest-110111/top"",""solutions/game_2/series/home_wins_0/rest-001010/bot""],""total"":[""solutions/game_2/total/rest-110111/top"",""solutions/game_2/total/rest-001010/bot""]}","[1,1,0,1,1,1]","[0,0,1,0,1,0]",0,1,5,4,home_win,home,0,77
29638,3,"{""series"":[""solutions/game_3/series/home_wins_1/rest-011101/top"",""solutions/game_3/series/home_wins_1/rest-110101/bot""],""total"":[""solutions/game_3/total/rest-011101/top"",""solutions/game_3/total/rest-110101/bot""]}","[0,1,1,1,0,1]","[1,1,0,1,0,1]",1,1,6,5,home_win,home,0,94
29638,4,"{""series"":[""solutions/game_4/series/home_wins_2/rest-100010/top"",""solutions/game_4/series/home_wins_2/rest-111111/bot""],""total"":[""solutions/game_4/total/rest-100010/top"",""solutions/game_4/total/rest-111111/bot""]}","[1,0,0,0,1,0]","[1,1,1,1,1,1]",2,1,5,4,home_win,home,0,89
29638,5,"{""series"":[""solutions/game_5/single/rest-011111/top"",""solutions/game_5/single/rest-101010/bot""],""total"":[""solutions/game_5/single/rest-011111/top"",""solutions/game_5/single/rest-101010/bot""]}","[0,1,1,1,1,1]","[1,0,1,0,1,0]",3,1,2,7,away_win,away,1,84
29639,1,"{""series"":[""solutions/game_1/series/rest-111111/top"",""solutions/game_1/series/rest-111111/bot""],""total"":[""solutions/game_1/total/rest-111111/top"",""solutions/game_1/total/rest-111111/bot""]}","[1,1,1,1,1,1]","[1,1,1,1,1,1]",0,0,2,1,home_win,home,0,71
29639,2,"{""series"":[""solutions/game_2/series/home_wins_1/rest-110111/top"",""solutions/game_2/series/home_wins_1/rest-011110/bot""],""total"":[""solutions/game_2/total/rest-110111/top"",""solutions/game_2/total/rest-011110/bot""]}","[1,1,0,1,1,1]","[0,1,1,1,1,0]",1,0,2,1,home_win,home,0,73
29639,3,"{""series"":[""solutions/game_3/series/home_wins_2/rest-111001/top"",""solutions/game_3/series/home_wins_2/rest-100111/bot""],""total"":[""solutions/game_3/total/rest-111001/top"",""solutions/game_3/total/rest-100111/bot""]}","[1,1,1,0,0,1]","[1,0,0,1,1,1]",2,0,4,7,away_win,away,0,81
29639,4,"{""series"":[""solutions/game_4/series/home_wins_2/rest-111110/top"",""solutions/game_4/series/home_wins_2/rest-011101/bot""],""total"":[""solutions/game_4/total/rest-111110/top"",""solutions/game_4/total/rest-011101/bot""]}","[1,1,1,1,1,0]","[0,1,1,1,0,1]",2,1,15,5,home_win,home,0,72
29639,5,"{""series"":[""solutions/game_5/single/rest-110101/top"",""solutions/game_5/single/rest-110111/bot""],""total"":[""solutions/game_5/single/rest-110101/top"",""solutions/game_5/single/rest-110111/bot""]}","[1,1,0,1,0,1]","[1,1,0,1,1,1]",3,1,9,10,away_win,away,1,102
29640,1,"{""series"":[""solutions/game_1/series/rest-111111/top"",""solutions/game_1/series/rest-111111/bot""],""total"":[""solutions/game_1/total/rest-111111/top"",""solutions/game_1/total/rest-111111/bot""]}","[1,1,1,1,1,1]","[1,1,1,1,1,1]",0,0,9,0,home_win,home,0,41
29640,2,"{""series"":[""solutions/game_2/series/home_wins_1/rest-111111/top"",""solutions/game_2/series/home_wins_1/rest-111111/bot""],""total"":[""solutions/game_2/total/rest-111111/top"",""solutions/game_2/total/rest-111111/bot""]}","[1,1,1,1,1,1]","[1,1,1,1,1,1]",1,0,3,3,tie,away,0,87
29640,3,"{""series"":[""solutions/game_3/series/home_wins_1/rest-010011/top"",""solutions/game_3/series/home_wins_1/rest-001011/bot""],""total"":[""solutions/game_3/total/rest-010011/top"",""solutions/game_3/total/rest-001011/bot""]}","[0,1,0,0,1,1]","[0,0,1,0,1,1]",1,1,3,6,away_win,away,0,79
29640,4,"{""series"":[""solutions/game_4/series/home_wins_1/rest-101111/top"",""solutions/game_4/series/home_wins_1/rest-010101/bot""],""total"":[""solutions/game_4/total/rest-101111/top"",""solutions/game_4/total/rest-010101/bot""]}","[1,0,1,1,1,1]","[0,1,0,1,0,1]",1,2,9,5,home_win,home,0,93
29640,5,"{""series"":[""solutions/game_5/single/rest-010100/top"",""solutions/game_5/single/rest-101011/bot""],""total"":[""solutions/game_5/single/rest-010100/top"",""solutions/game_5/single/rest-101011/bot""]}","[0,1,0,1,0,0]","[1,0,1,0,1,1]",2,2,4,10,away_win,away,0,89
29641,1,"{""series"":[""solutions/game_1/series/rest-111111/top"",""solutions/game_1/series/rest-111111/bot""],""total"":[""solutions/game_1/total/rest-111111/top"",""solutions/game_1/total/rest-111111/bot""]}","[1,1,1,1,1,1]","[1,1,1,1,1,1]",0,0,4,6,away_win,away,0,90
29641,2,"{""series"":[""solutions/game_2/series/home_wins_0/rest-111101/top"",""solutions/game_2/series/home_wins_0/rest-100111/bot""],""total"":[""solutions/game_2/total/rest-111101/top"",""solutions/game_2/total/rest-100111/bot""]}","[1,1,1,1,0,1]","[1,0,0,1,1,1]",0,1,14,11,home_win,home,0,96
29641,3,"{""series"":[""solutions/game_3/series/home_wins_1/rest-001110/top"",""solutions/game_3/series/home_wins_1/rest-111101/bot""],""total"":[""solutions/game_3/total/rest-001110/top"",""solutions/game_3/total/rest-111101/bot""]}","[0,0,1,1,1,0]","[1,1,1,1,0,1]",1,1,7,6,home_win,home,0,83
29641,4,"{""series"":[""solutions/game_4/series/home_wins_2/rest-110101/top"",""solutions/game_4/series/home_wins_2/rest-111110/bot""],""total"":[""solutions/game_4/total/rest-110101/top"",""solutions/game_4/total/rest-111110/bot""]}","[1,1,0,1,0,1]","[1,1,1,1,1,0]",2,1,5,6,away_win,away,0,78
29641,5,"{""series"":[""solutions/game_5/single/rest-001100/top"",""solutions/game_5/single/rest-001111/bot""],""total"":[""solutions/game_5/single/rest-001100/top"",""solutions/game_5/single/rest-001111/bot""]}","[0,0,1,1,0,0]","[0,0,1,1,1,1]",2,2,7,6,home_win,home,0,79
29642,1,"{""series"":[""solutions/game_1/series/rest-111111/top"",""solutions/game_1/series/rest-111111/bot""],""total"":[""solutions/game_1/total/rest-111111/top"",""solutions/game_1/total/rest-111111/bot""]}","[1,1,1,1,1,1]","[1,1,1,1,1,1]",0,0,2,5,away_win,away,0,83
29642,2,"{""series"":[""solutions/game_2/series/home_wins_0/rest-111101/top"",""solutions/game_2/series/home_wins_0/rest-101010/bot""],""total"":[""solutions/game_2/total/rest-111101/top"",""solutions/game_2/total/rest-101010/bot""]}","[1,1,1,1,0,1]","[1,0,1,0,1,0]",0,1,6,4,home_win,home,0,81
29642,3,"{""series"":[""solutions/game_3/series/home_wins_1/rest-111010/top"",""solutions/game_3/series/home_wins_1/rest-110111/bot""],""total"":[""solutions/game_3/total/rest-111010/top"",""solutions/game_3/total/rest-110111/bot""]}","[1,1,1,0,1,0]","[1,1,0,1,1,1]",1,1,6,3,home_win,home,0,70
29642,4,"{""series"":[""solutions/game_4/series/home_wins_2/rest-111101/top"",""solutions/game_4/series/home_wins_2/rest-111101/bot""],""total"":[""solutions/game_4/total/rest-111101/top"",""solutions/game_4/total/rest-111101/bot""]}","[1,1,1,1,0,1]","[1,1,1,1,0,1]",2,1,1,5,away_win,away,0,82
29642,5,"{""series"":[""solutions/game_5/single/rest-110111/top"",""solutions/game_5/single/rest-110110/bot""],""total"":[""solutions/game_5/single/rest-110111/top"",""solutions/game_5/single/rest-110110/bot""]}","[1,1,0,1,1,1]","[1,1,0,1,1,0]",2,2,5,6,away_win,away,0,88
29643,1,"{""series"":[""solutions/game_1/series/rest-111111/top"",""solutions/game_1/series/rest-111111/bot""],""total"":[""solutions/game_1/total/rest-111111/top"",""solutions/game_1/total/rest-111111/bot""]}","[1,1,1,1,1,1]","[1,1,1,1,1,1]",0,0,2,1,home_win,home,0,77
29643,2,"{""series"":[""solutions/game_2/series/home_wins_1/rest-010011/top"",""solutions/game_2/series/home_wins_1/rest-011010/bot""],""total"":[""solutions/game_2/total/rest-010011/top"",""solutions/game_2/total/rest-011010/bot""]}","[0,1,0,0,1,1]","[0,1,1,0,1,0]",1,0,6,1,home_win,home,0,78
29643,3,"{""series"":[""solutions/game_3/series/home_wins_2/rest-101110/top"",""solutions/game_3/series/home_wins_2/rest-111111/bot""],""total"":[""solutions/game_3/total/rest-101110/top"",""solutions/game_3/total/rest-111111/bot""]}","[1,0,1,1,1,0]","[1,1,1,1,1,1]",2,0,3,2,home_win,home,0,75
29643,4,"{""series"":[""solutions/game_4/single/rest-011111/top"",""solutions/game_4/single/rest-011111/bot""],""total"":[""solutions/game_4/total/rest-011111/top"",""solutions/game_4/total/rest-011111/bot""]}","[0,1,1,1,1,1]","[0,1,1,1,1,1]",3,0,5,4,home_win,home,1,81
29643,5,"{""series"":[""solutions/game_5/single/rest-110000/top"",""solutions/game_5/single/rest-110110/bot""],""total"":[""solutions/game_5/single/rest-110000/top"",""solutions/game_5/single/rest-110110/bot""]}","[1,1,0,0,0,0]","[1,1,0,1,1,0]",4,0,2,4,away_win,away,1,88
29644,1,"{""series"":[""solutions/game_1/series/rest-111111/top"",""solutions/game_1/series/rest-111111/bot""],""total"":[""solutions/game_1/total/rest-111111/top"",""solutions/game_1/total/rest-111111/bot""]}","[1,1,1,1,1,1]","[1,1,1,1,1,1]",0,0,10,1,home_win,home,0,65
29644,2,"{""series"":[""solutions/game_2/series/home_wins_1/rest-111110/top"",""solutions/game_2/series/home_wins_1/rest-111111/bot""],""total"":[""solutions/game_2/total/rest-111110/top"",""solutions/game_2/total/rest-111111/bot""]}","[1,1,1,1,1,0]","[1,1,1,1,1,1]",1,0,0,9,away_win,away,0,42
29644,3,"{""series"":[""solutions/game_3/series/home_wins_1/rest-111111/top"",""solutions/game_3/series/home_wins_1/rest-111111/bot""],""total"":[""solutions/game_3/total/rest-111111/top"",""solutions/game_3/total/rest-111111/bot""]}","[1,1,1,1,1,1]","[1,1,1,1,1,1]",1,1,10,2,home_win,home,0,50
29644,4,"{""series"":[""solutions/game_4/series/home_wins_2/rest-111111/top"",""solutions/game_4/series/home_wins_2/rest-111111/bot""],""total"":[""solutions/game_4/total/rest-111111/top"",""solutions/game_4/total/rest-111111/bot""]}","[1,1,1,1,1,1]","[1,1,1,1,1,1]",2,1,2,1,home_win,home,0,83
29644,5,"{""series"":[""solutions/game_5/single/rest-011001/top"",""solutions/game_5/single/rest-101010/bot""],""total"":[""solutions/game_5/single/rest-011001/top"",""solutions/game_5/single/rest-101010/bot""]}","[0,1,1,0,0,1]","[1,0,1,0,1,0]",3,1,7,4,home_win,home,1,77
29645,1,"{""series"":[""solutions/game_1/series/rest-111111/top"",""solutions/game_1/series/rest-111111/bot""],""total"":[""solutions/game_1/total/rest-111111/top"",""solutions/game_1/total/rest-111111/bot""]}","[1,1,1,1,1,1]","[1,1,1,1,1,1]",0,0,4,3,home_win,home,0,70
29645,2,"{""series"":[""solutions/game_2/series/home_wins_1/rest-111111/top"",""solutions/game_2/series/home_wins_1/rest-110110/bot""],""total"":[""solutions/game_2/total/rest-111111/top"",""solutions/game_2/total/rest-110110/bot""]}","[1,1,1,1,1,1]","[1,1,0,1,1,0]",1,0,11,12,away_win,away,0,108
29645,3,"{""series"":[""solutions/game_3/series/home_wins_1/rest-110100/top"",""solutions/game_3/series/home_wins_1/rest-101111/bot""],""total"":[""solutions/game_3/total/rest-110100/top"",""solutions/game_3/total/rest-101111/bot""]}","[1,1,0,1,0,0]","[1,0,1,1,1,1]",1,1,9,1,home_win,home,0,54
29645,4,"{""series"":[""solutions/game_4/series/home_wins_2/rest-111111/top"",""solutions/game_4/series/home_wins_2/rest-111111/bot""],""total"":[""solutions/game_4/total/rest-111111/top"",""solutions/game_4/total/rest-111111/bot""]}","[1,1,1,1,1,1]","[1,1,1,1,1,1]",2,1,8,5,home_win,home,0,82
29645,5,"{""series"":[""solutions/game_5/single/rest-011101/top"",""solutions/game_5/single/rest-110111/bot""],""total"":[""solutions/game_5/single/rest-011101/top"",""solutions/game_5/single/rest-110111/bot""]}","[0,1,1,1,0,1]","[1,1,0,1,1,1]",3,1,0,8,away_win,away,1,33
29646,1,"{""series"":[""solutions/game_1/series/rest-111111/top"",""solutions/game_1/series/rest-111111/bot""],""total"":[""solutions/game_1/total/rest-111111/top"",""solutions/game_1/total/rest-111111/bot""]}","[1,1,1,1,1,1]","[1,1,1,1,1,1]",0,0,8,3,home_win,home,0,78
29646,2,"{""series"":[""solutions/game_2/series/home_wins_1/rest-111001/top"",""solutions/game_2/series/home_wins_1/rest-110101/bot""],""total"":[""solutions/game_2/total/rest-111001/top"",""solutions/game_2/total/rest-110101/bot""]}","[1,1,1,0,0,1]","[1,1,0,1,0,1]",1,0,3,4,away_win,away,0,94
29646,3,"{""series"":[""solutions/game_3/series/home_wins_1/rest-101111/top"",""solutions/game_3/series/home_wins_1/rest-001010/bot""],""total"":[""solutions/game_3/total/rest-101111/top"",""solutions/game_3/total/rest-001010/bot""]}","[1,0,1,1,1,1]","[0,0,1,0,1,0]",1,1,1,10,away_win,away,0,68
29646,4,"{""series"":[""solutions/game_4/series/home_wins_1/rest-111111/top"",""solutions/game_4/series/home_wins_1/rest-111011/bot""],""total"":[""solutions/game_4/total/rest-111111/top"",""solutions/game_4/total/rest-111011/bot""]}","[1,1,1,1,1,1]","[1,1,1,0,1,1]",1,2,8,6,home_win,home,0,80
29646,5,"{""series"":[""solutions/game_5/single/rest-110101/top"",""solutions/game_5/single/rest-110110/bot""],""total"":[""solutions/game_5/single/rest-110101/top"",""solutions/game_5/single/rest-110110/bot""]}","[1,1,0,1,0,1]","[1,1,0,1,1,0]",2,2,2,10,away_win,away,0,81
29647,1,"{""series"":[""solutions/game_1/series/rest-111111/top"",""solutions/game_1/series/rest-111111/bot""],""total"":[""solutions/game_1/total/rest-111111/top"",""solutions/game_1/total/rest-111111/bot""]}","[1,1,1,1,1,1]","[1,1,1,1,1,1]",0,0,2,7,away_win,away,0,81
29647,2,"{""series"":[""solutions/game_2/series/home_wins_0/rest-011110/top"",""solutions/game_2/series/home_wins_0/rest-111100/bot""],""total"":[""solutions/game_2/total/rest-011110/top"",""solutions/game_2/total/rest-111100/bot""]}","[0,1,1,1,1,0]","[1,1,1,1,0,0]",0,1,15,7,home_win,home,0,63
29647,3,"{""series"":[""solutions/game_3/series/home_wins_1/rest-111100/top"",""solutions/game_3/series/home_wins_1/rest-110111/bot""],""total"":[""solutions/game_3/total/rest-111100/top"",""solutions/game_3/total/rest-110111/bot""]}","[1,1,1,1,0,0]","[1,1,0,1,1,1]",1,1,4,2,home_win,home,0,73
29647,4,"{""series"":[""solutions/game_4/series/home_wins_2/rest-010010/top"",""solutions/game_4/series/home_wins_2/rest-111110/bot""],""total"":[""solutions/game_4/total/rest-010010/top"",""solutions/game_4/total/rest-111110/bot""]}","[0,1,0,0,1,0]","[1,1,1,1,1,0]",2,1,5,6,away_win,away,0,86
29647,5,"{""series"":[""solutions/game_5/single/rest-111101/top"",""solutions/game_5/single/rest-000110/bot""],""total"":[""solutions/game_5/single/rest-111101/top"",""solutions/game_5/single/rest-000110/bot""]}","[1,1,1,1,0,1]","[0,0,0,1,1,0]",2,2,1,6,away_win,away,0,85
29648,1,"{""series"":[""solutions/game_1/series/rest-111111/top"",""solutions/game_1/series/rest-111111/bot""],""total"":[""solutions/game_1/total/rest-111111/top"",""solutions/game_1/total/rest-111111/bot""]}","[1,1,1,1,1,1]","[1,1,1,1,1,1]",0,0,5,4,home_win,home,0,82
29648,2,"{""series"":[""solutions/game_2/series/home_wins_1/rest-111011/top"",""solutions/game_2/series/home_wins_1/rest-001010/bot""],""total"":[""solutions/game_2/total/rest-111011/top"",""solutions/game_2/total/rest-001010/bot""]}","[1,1,1,0,1,1]","[0,0,1,0,1,0]",1,0,4,6,away_win,away,0,92
29648,3,"{""series"":[""solutions/game_3/series/home_wins_1/rest-000101/top"",""solutions/game_3/series/home_wins_1/rest-110110/bot""],""total"":[""solutions/game_3/total/rest-000101/top"",""solutions/game_3/total/rest-110110/bot""]}","[0,0,0,1,0,1]","[1,1,0,1,1,0]",1,1,7,3,home_win,home,0,80
29648,4,"{""series"":[""solutions/game_4/series/home_wins_2/rest-111010/top"",""solutions/game_4/series/home_wins_2/rest-011101/bot""],""total"":[""solutions/game_4/total/rest-111010/top"",""solutions/game_4/total/rest-011101/bot""]}","[1,1,1,0,1,0]","[0,1,1,1,0,1]",2,1,3,4,away_win,away,0,83
29648,5,"{""series"":[""solutions/game_5/single/rest-011101/top"",""solutions/game_5/single/rest-101010/bot""],""total"":[""solutions/game_5/single/rest-011101/top"",""solutions/game_5/single/rest-101010/bot""]}","[0,1,1,1,0,1]","[1,0,1,0,1,0]",2,2,3,5,away_win,away,0,84
29649,1,"{""series"":[""solutions/game_1/series/rest-111111/top"",""solutions/game_1/series/rest-111111/bot""],""total"":[""solutions/game_1/total/rest-111111/top"",""solutions/game_1/total/rest-111111/bot""]}","[1,1,1,1,1,1]","[1,1,1,1,1,1]",0,0,4,1,home_win,home,0,79
29649,2,"{""series"":[""solutions/game_2/series/home_wins_1/rest-010111/top"",""solutions/game_2/series/home_wins_1/rest-110101/bot""],""total"":[""solutions/game_2/total/rest-010111/top"",""solutions/game_2/total/rest-110101/bot""]}","[0,1,0,1,1,1]","[1,1,0,1,0,1]",1,0,1,3,away_win,away,0,81
29649,3,"{""series"":[""solutions/game_3/series/home_wins_1/rest-100001/top"",""solutions/game_3/series/home_wins_1/rest-001011/bot""],""total"":[""solutions/game_3/total/rest-100001/top"",""solutions/game_3/total/rest-001011/bot""]}","[1,0,0,0,0,1]","[0,0,1,0,1,1]",1,1,7,6,home_win,home,0,100
29649,4,"{""series"":[""solutions/game_4/series/home_wins_2/rest-111110/top"",""solutions/game_4/series/home_wins_2/rest-110100/bot""],""total"":[""solutions/game_4/total/rest-111110/top"",""solutions/game_4/total/rest-110100/bot""]}","[1,1,1,1,1,0]","[1,1,0,1,0,0]",2,1,1,9,away_win,away,0,42
29649,5,"{""series"":[""solutions/game_5/single/rest-111111/top"",""solutions/game_5/single/rest-111111/bot""],""total"":[""solutions/game_5/single/rest-111111/top"",""solutions/game_5/single/rest-111111/bot""]}","[1,1,1,1,1,1]","[1,1,1,1,1,1]",2,2,5,1,home_win,home,0,86
29650,1,"{""series"":[""solutions/game_1/series/rest-111111/top"",""solutions/game_1/series/rest-111111/bot""],""total"":[""solutions/game_1/total/rest-111111/top"",""solutions/game_1/total/rest-111111/bot""]}","[1,1,1,1,1,1]","[1,1,1,1,1,1]",0,0,4,5,away_win,away,0,90
29650,2,"{""series"":[""solutions/game_2/series/home_wins_0/rest-000101/top"",""solutions/game_2/series/home_wins_0/rest-101110/bot""],""total"":[""solutions/game_2/total/rest-000101/top"",""solutions/game_2/total/rest-101110/bot""]}","[0,0,0,1,0,1]","[1,0,1,1,1,0]",0,1,7,4,home_win,home,0,79
29650,3,"{""series"":[""solutions/game_3/series/home_wins_1/rest-111110/top"",""solutions/game_3/series/home_wins_1/rest-001111/bot""],""total"":[""solutions/game_3/total/rest-111110/top"",""solutions/game_3/total/rest-001111/bot""]}","[1,1,1,1,1,0]","[0,0,1,1,1,1]",1,1,6,7,away_win,away,0,94
29650,4,"{""series"":[""solutions/game_4/series/home_wins_1/rest-010101/top"",""solutions/game_4/series/home_wins_1/rest-011010/bot""],""total"":[""solutions/game_4/total/rest-010101/top"",""solutions/game_4/total/rest-011010/bot""]}","[0,1,0,1,0,1]","[0,1,1,0,1,0]",1,2,9,8,home_win,home,0,87
29650,5,"{""series"":[""solutions/game_5/single/rest-001000/top"",""solutions/game_5/single/rest-010001/bot""],""total"":[""solutions/game_5/single/rest-001000/top"",""solutions/game_5/single/rest-010001/bot""]}","[0,0,1,0,0,0]","[0,1,0,0,0,1]",2,2,1,7,away_win,away,0,83
29651,1,"{""series"":[""solutions/game_1/series/rest-111111/top"",""solutions/game_1/series/rest-111111/bot""],""total"":[""solutions/game_1/total/rest-111111/top"",""solutions/game_1/total/rest-111111/bot""]}","[1,1,1,1,1,1]","[1,1,1,1,1,1]",0,0,8,0,home_win,home,0,23
29651,2,"{""series"":[""solutions/game_2/series/home_wins_1/rest-111111/top"",""solutions/game_2/series/home_wins_1/rest-111111/bot""],""total"":[""solutions/game_2/total/rest-111111/top"",""solutions/game_2/total/rest-111111/bot""]}","[1,1,1,1,1,1]","[1,1,1,1,1,1]",1,0,4,3,home_win,home,0,83
29651,3,"{""series"":[""solutions/game_3/series/home_wins_2/rest-011010/top"",""solutions/game_3/series/home_wins_2/rest-001011/bot""],""total"":[""solutions/game_3/total/rest-011010/top"",""solutions/game_3/total/rest-001011/bot""]}","[0,1,1,0,1,0]","[0,0,1,0,1,1]",2,0,10,2,home_win,home,0,72
29651,4,"{""series"":[""solutions/game_4/single/rest-111101/top"",""solutions/game_4/single/rest-010111/bot""],""total"":[""solutions/game_4/total/rest-111101/top"",""solutions/game_4/total/rest-010111/bot""]}","[1,1,1,1,0,1]","[0,1,0,1,1,1]",3,0,8,1,home_win,home,1,77
29651,5,"{""series"":[""solutions/game_5/single/rest-110011/top"",""solutions/game_5/single/rest-111110/bot""],""total"":[""solutions/game_5/single/rest-110011/top"",""solutions/game_5/single/rest-111110/bot""]}","[1,1,0,0,1,1]","[1,1,1,1,1,0]",4,0,4,3,home_win,home,1,83
29652,1,"{""series"":[""solutions/game_1/series/rest-111111/top"",""solutions/game_1/series/rest-111111/bot""],""total"":[""solutions/game_1/total/rest-111111/top"",""solutions/game_1/total/rest-111111/bot""]}","[1,1,1,1,1,1]","[1,1,1,1,1,1]",0,0,14,5,home_win,home,0,65
29652,2,"{""series"":[""solutions/game_2/series/home_wins_1/rest-111111/top"",""solutions/game_2/series/home_wins_1/rest-110111/bot""],""total"":[""solutions/game_2/total/rest-111111/top"",""solutions/game_2/total/rest-110111/bot""]}","[1,1,1,1,1,1]","[1,1,0,1,1,1]",1,0,4,6,away_win,away,0,87
29652,3,"{""series"":[""solutions/game_3/series/home_wins_1/rest-110011/top"",""solutions/game_3/series/home_wins_1/rest-001010/bot""],""total"":[""solutions/game_3/total/rest-110011/top"",""solutions/game_3/total/rest-001010/bot""]}","[1,1,0,0,1,1]","[0,0,1,0,1,0]",1,1,6,1,home_win,home,0,73
29652,4,"{""series"":[""solutions/game_4/series/home_wins_2/rest-111101/top"",""solutions/game_4/series/home_wins_2/rest-111111/bot""],""total"":[""solutions/game_4/total/rest-111101/top"",""solutions/game_4/total/rest-111111/bot""]}","[1,1,1,1,0,1]","[1,1,1,1,1,1]",2,1,4,9,away_win,away,0,92
29652,5,"{""series"":[""solutions/game_5/single/rest-110111/top"",""solutions/game_5/single/rest-111110/bot""],""total"":[""solutions/game_5/single/rest-110111/top"",""solutions/game_5/single/rest-111110/bot""]}","[1,1,0,1,1,1]","[1,1,1,1,1,0]",2,2,5,4,home_win,home,0,87
29653,1,"{""series"":[""solutions/game_1/series/rest-111111/top"",""solutions/game_1/series/rest-111111/bot""],""total"":[""solutions/game_1/total/rest-111111/top"",""solutions/game_1/total/rest-111111/bot""]}","[1,1,1,1,1,1]","[1,1,1,1,1,1]",0,0,2,1,home_win,home,0,72
29653,2,"{""series"":[""solutions/game_2/series/home_wins_1/rest-010111/top"",""solutions/game_2/series/home_wins_1/rest-111110/bot""],""total"":[""solutions/game_2/total/rest-010111/top"",""solutions/game_2/total/rest-111110/bot""]}","[0,1,0,1,1,1]","[1,1,1,1,1,0]",1,0,10,1,home_win,home,0,77
29653,3,"{""series"":[""solutions/game_3/series/home_wins_2/rest-001110/top"",""solutions/game_3/series/home_wins_2/rest-111101/bot""],""total"":[""solutions/game_3/total/rest-001110/top"",""solutions/game_3/total/rest-111101/bot""]}","[0,0,1,1,1,0]","[1,1,1,1,0,1]",2,0,6,8,away_win,away,0,94
29653,4,"{""series"":[""solutions/game_4/series/home_wins_2/rest-110001/top"",""solutions/game_4/series/home_wins_2/rest-100110/bot""],""total"":[""solutions/game_4/total/rest-110001/top"",""solutions/game_4/total/rest-100110/bot""]}","[1,1,0,0,0,1]","[1,0,0,1,1,0]",2,1,5,4,home_win,home,0,84
29653,5,"{""series"":[""solutions/game_5/single/rest-111011/top"",""solutions/game_5/single/rest-111101/bot""],""total"":[""solutions/game_5/single/rest-111011/top"",""solutions/game_5/single/rest-111101/bot""]}","[1,1,1,0,1,1]","[1,1,1,1,0,1]",3,1,7,5,home_win,home,1,84
29654,1,"{""series"":[""solutions/game_1/series/rest-111111/top"",""solutions/game_1/series/rest-111111/bot""],""total"":[""solutions/game_1/total/rest-111111/top"",""solutions/game_1/total/rest-111111/bot""]}","[1,1,1,1,1,1]","[1,1,1,1,1,1]",0,0,2,1,home_win,home,0,76
29654,2,"{""series"":[""solutions/game_2/series/home_wins_1/rest-110111/top"",""solutions/game_2/series/home_wins_1/rest-101011/bot""],""total"":[""solutions/game_2/total/rest-110111/top"",""solutions/game_2/total/rest-101011/bot""]}","[1,1,0,1,1,1]","[1,0,1,0,1,1]",1,0,5,2,home_win,home,0,78
29654,3,"{""series"":[""solutions/game_3/series/home_wins_2/rest-011001/top"",""solutions/game_3/series/home_wins_2/rest-111001/bot""],""total"":[""solutions/game_3/total/rest-011001/top"",""solutions/game_3/total/rest-111001/bot""]}","[0,1,1,0,0,1]","[1,1,1,0,0,1]",2,0,2,3,away_win,away,0,79
29654,4,"{""series"":[""solutions/game_4/series/home_wins_2/rest-110010/top"",""solutions/game_4/series/home_wins_2/rest-001010/bot""],""total"":[""solutions/game_4/total/rest-110010/top"",""solutions/game_4/total/rest-001010/bot""]}","[1,1,0,0,1,0]","[0,0,1,0,1,0]",2,1,6,2,home_win,home,0,78
29654,5,"{""series"":[""solutions/game_5/single/rest-011101/top"",""solutions/game_5/single/rest-111110/bot""],""total"":[""solutions/game_5/single/rest-011101/top"",""solutions/game_5/single/rest-111110/bot""]}","[0,1,1,1,0,1]","[1,1,1,1,1,0]",3,1,7,5,home_win,home,1,75
29655,1,"{""series"":[""solutions/game_1/series/rest-111111/top"",""solutions/game_1/series/rest-111111/bot""],""total"":[""solutions/game_1/total/rest-111111/top"",""solutions/game_1/total/rest-111111/bot""]}","[1,1,1,1,1,1]","[1,1,1,1,1,1]",0,0,4,3,home_win,home,0,80
29655,2,"{""series"":[""solutions/game_2/series/home_wins_1/rest-011101/top"",""solutions/game_2/series/home_wins_1/rest-011110/bot""],""total"":[""solutions/game_2/total/rest-011101/top"",""solutions/game_2/total/rest-011110/bot""]}","[0,1,1,1,0,1]","[0,1,1,1,1,0]",1,0,8,0,home_win,home,0,57
29655,3,"{""series"":[""solutions/game_3/series/home_wins_2/rest-101111/top"",""solutions/game_3/series/home_wins_2/rest-011111/bot""],""total"":[""solutions/game_3/total/rest-101111/top"",""solutions/game_3/total/rest-011111/bot""]}","[1,0,1,1,1,1]","[0,1,1,1,1,1]",2,0,2,10,away_win,away,0,80
29655,4,"{""series"":[""solutions/game_4/series/home_wins_2/rest-111111/top"",""solutions/game_4/series/home_wins_2/rest-110101/bot""],""total"":[""solutions/game_4/total/rest-111111/top"",""solutions/game_4/total/rest-110101/bot""]}","[1,1,1,1,1,1]","[1,1,0,1,0,1]",2,1,8,6,home_win,home,0,97
29655,5,"{""series"":[""solutions/game_5/single/rest-011000/top"",""solutions/game_5/single/rest-001110/bot""],""total"":[""solutions/game_5/single/rest-011000/top"",""solutions/game_5/single/rest-001110/bot""]}","[0,1,1,0,0,0]","[0,0,1,1,1,0]",3,1,8,2,home_win,home,1,81
29656,1,"{""series"":[""solutions/game_1/series/rest-111111/top"",""solutions/game_1/series/rest-111111/bot""],""total"":[""solutions/game_1/total/rest-111111/top"",""solutions/game_1/total/rest-111111/bot""]}","[1,1,1,1,1,1]","[1,1,1,1,1,1]",0,0,2,10,away_win,away,0,80
29656,2,"{""series"":[""solutions/game_2/series/home_wins_0/rest-111100/top"",""solutions/game_2/series/home_wins_0/rest-111101/bot""],""total"":[""solutions/game_2/total/rest-111100/top"",""solutions/game_2/total/rest-111101/bot""]}","[1,1,1,1,0,0]","[1,1,1,1,0,1]",0,1,2,0,home_win,home,0,72
29656,3,"{""series"":[""solutions/game_3/series/home_wins_1/rest-011111/top"",""solutions/game_3/series/home_wins_1/rest-010111/bot""],""total"":[""solutions/game_3/total/rest-011111/top"",""solutions/game_3/total/rest-010111/bot""]}","[0,1,1,1,1,1]","[0,1,0,1,1,1]",1,1,6,4,home_win,home,0,73
29656,4,"{""series"":[""solutions/game_4/series/home_wins_2/rest-010101/top"",""solutions/game_4/series/home_wins_2/rest-111011/bot""],""total"":[""solutions/game_4/total/rest-010101/top"",""solutions/game_4/total/rest-111011/bot""]}","[0,1,0,1,0,1]","[1,1,1,0,1,1]",2,1,0,8,away_win,away,0,55
29656,5,"{""series"":[""solutions/game_5/single/rest-111110/top"",""solutions/game_5/single/rest-111111/bot""],""total"":[""solutions/game_5/single/rest-111110/top"",""solutions/game_5/single/rest-111111/bot""]}","[1,1,1,1,1,0]","[1,1,1,1,1,1]",2,2,4,10,away_win,away,0,84
29657,1,"{""series"":[""solutions/game_1/series/rest-111111/top"",""solutions/game_1/series/rest-111111/bot""],""total"":[""solutions/game_1/total/rest-111111/top"",""solutions/game_1/total/rest-111111/bot""]}","[1,1,1,1,1,1]","[1,1,1,1,1,1]",0,0,5,7,away_win,away,0,84
29657,2,"{""series"":[""solutions/game_2/series/home_wins_0/rest-111111/top"",""solutions/game_2/series/home_wins_0/rest-111110/bot""],""total"":[""solutions/game_2/total/rest-111111/top"",""solutions/game_2/total/rest-111110/bot""]}","[1,1,1,1,1,1]","[1,1,1,1,1,0]",0,1,8,4,home_win,home,0,80
29657,3,"{""series"":[""solutions/game_3/series/home_wins_1/rest-111110/top"",""solutions/game_3/series/home_wins_1/rest-110111/bot""],""total"":[""solutions/game_3/total/rest-111110/top"",""solutions/game_3/total/rest-110111/bot""]}","[1,1,1,1,1,0]","[1,1,0,1,1,1]",1,1,1,8,away_win,away,0,83
29657,4,"{""series"":[""solutions/game_4/series/home_wins_1/rest-111101/top"",""solutions/game_4/series/home_wins_1/rest-111101/bot""],""total"":[""solutions/game_4/total/rest-111101/top"",""solutions/game_4/total/rest-111101/bot""]}","[1,1,1,1,0,1]","[1,1,1,1,0,1]",1,2,4,5,away_win,away,0,83
29657,5,"{""series"":[""solutions/game_5/single/rest-010011/top"",""solutions/game_5/single/rest-101110/bot""],""total"":[""solutions/game_5/single/rest-010011/top"",""solutions/game_5/single/rest-101110/bot""]}","[0,1,0,0,1,1]","[1,0,1,1,1,0]",1,3,2,10,away_win,away,1,68
29658,1,"{""series"":[""solutions/game_1/series/rest-111111/top"",""solutions/game_1/series/rest-111111/bot""],""total"":[""solutions/game_1/total/rest-111111/top"",""solutions/game_1/total/rest-111111/bot""]}","[1,1,1,1,1,1]","[1,1,1,1,1,1]",0,0,9,1,home_win,home,0,30
29658,2,"{""series"":[""solutions/game_2/series/home_wins_1/rest-111111/top"",""solutions/game_2/series/home_wins_1/rest-111111/bot""],""total"":[""solutions/game_2/total/rest-111111/top"",""solutions/game_2/total/rest-111111/bot""]}","[1,1,1,1,1,1]","[1,1,1,1,1,1]",1,0,6,10,away_win,away,0,92
29658,3,"{""series"":[""solutions/game_3/series/home_wins_1/rest-011011/top"",""solutions/game_3/series/home_wins_1/rest-001110/bot""],""total"":[""solutions/game_3/total/rest-011011/top"",""solutions/game_3/total/rest-001110/bot""]}","[0,1,1,0,1,1]","[0,0,1,1,1,0]",1,1,5,4,home_win,home,0,82
29658,4,"{""series"":[""solutions/game_4/series/home_wins_2/rest-111110/top"",""solutions/game_4/series/home_wins_2/rest-011001/bot""],""total"":[""solutions/game_4/total/rest-111110/top"",""solutions/game_4/total/rest-011001/bot""]}","[1,1,1,1,1,0]","[0,1,1,0,0,1]",2,1,8,10,away_win,away,0,99
29658,5,"{""series"":[""solutions/game_5/single/rest-000111/top"",""solutions/game_5/single/rest-100111/bot""],""total"":[""solutions/game_5/single/rest-000111/top"",""solutions/game_5/single/rest-100111/bot""]}","[0,0,0,1,1,1]","[1,0,0,1,1,1]",2,2,7,6,home_win,home,0,82
29659,1,"{""series"":[""solutions/game_1/series/rest-111111/top"",""solutions/game_1/series/rest-111111/bot""],""total"":[""solutions/game_1/total/rest-111111/top"",""solutions/game_1/total/rest-111111/bot""]}","[1,1,1,1,1,1]","[1,1,1,1,1,1]",0,0,8,0,home_win,home,0,54
29659,2,"{""series"":[""solutions/game_2/series/home_wins_1/rest-111111/top"",""solutions/game_2/series/home_wins_1/rest-111101/bot""],""total"":[""solutions/game_2/total/rest-111111/top"",""solutions/game_2/total/rest-111101/bot""]}","[1,1,1,1,1,1]","[1,1,1,1,0,1]",1,0,1,5,away_win,away,0,77
29659,3,"{""series"":[""solutions/game_3/series/home_wins_1/rest-011110/top"",""solutions/game_3/series/home_wins_1/rest-111010/bot""],""total"":[""solutions/game_3/total/rest-011110/top"",""solutions/game_3/total/rest-111010/bot""]}","[0,1,1,1,1,0]","[1,1,1,0,1,0]",1,1,0,1,away_win,away,0,74
29659,4,"{""series"":[""solutions/game_4/series/home_wins_1/rest-110011/top"",""solutions/game_4/series/home_wins_1/rest-001011/bot""],""total"":[""solutions/game_4/total/rest-110011/top"",""solutions/game_4/total/rest-001011/bot""]}","[1,1,0,0,1,1]","[0,0,1,0,1,1]",1,2,4,7,away_win,away,0,86
29659,5,"{""series"":[""solutions/game_5/single/rest-011100/top"",""solutions/game_5/single/rest-110101/bot""],""total"":[""solutions/game_5/single/rest-011100/top"",""solutions/game_5/single/rest-110101/bot""]}","[0,1,1,1,0,0]","[1,1,0,1,0,1]",1,3,1,7,away_win,away,1,91
29660,1,"{""series"":[""solutions/game_1/series/rest-111111/top"",""solutions/game_1/series/rest-111111/bot""],""total"":[""solutions/game_1/total/rest-111111/top"",""solutions/game_1/total/rest-111111/bot""]}","[1,1,1,1,1,1]","[1,1,1,1,1,1]",0,0,6,5,home_win,home,0,87
29660,2,"{""series"":[""solutions/game_2/series/home_wins_1/rest-010110/top"",""solutions/game_2/series/home_wins_1/rest-110111/bot""],""total"":[""solutions/game_2/total/rest-010110/top"",""solutions/game_2/total/rest-110111/bot""]}","[0,1,0,1,1,0]","[1,1,0,1,1,1]",1,0,1,7,away_win,away,0,88
29660,3,"{""series"":[""solutions/game_3/series/home_wins_1/rest-111101/top"",""solutions/game_3/series/home_wins_1/rest-111010/bot""],""total"":[""solutions/game_3/total/rest-111101/top"",""solutions/game_3/total/rest-111010/bot""]}","[1,1,1,1,0,1]","[1,1,1,0,1,0]",1,1,5,3,home_win,home,0,78
29660,4,"{""series"":[""solutions/game_4/series/home_wins_2/rest-011001/top"",""solutions/game_4/series/home_wins_2/rest-100111/bot""],""total"":[""solutions/game_4/total/rest-011001/top"",""solutions/game_4/total/rest-100111/bot""]}","[0,1,1,0,0,1]","[1,0,0,1,1,1]",2,1,5,4,home_win,home,0,79
29660,5,"{""series"":[""solutions/game_5/single/rest-100110/top"",""solutions/game_5/single/rest-111100/bot""],""total"":[""solutions/game_5/single/rest-100110/top"",""solutions/game_5/single/rest-111100/bot""]}","[1,0,0,1,1,0]","[1,1,1,1,0,0]",3,1,1,4,away_win,away,1,77
29661,1,"{""series"":[""solutions/game_1/series/rest-111111/top"",""solutions/game_1/series/rest-111111/bot""],""total"":[""solutions/game_1/total/rest-111111/top"",""solutions/game_1/total/rest-111111/bot""]}","[1,1,1,1,1,1]","[1,1,1,1,1,1]",0,0,2,1,home_win,home,0,71
29661,2,"{""series"":[""solutions/game_2/series/home_wins_1/rest-110101/top"",""solutions/game_2/series/home_wins_1/rest-011111/bot""],""total"":[""solutions/game_2/total/rest-110101/top"",""solutions/game_2/total/rest-011111/bot""]}","[1,1,0,1,0,1]","[0,1,1,1,1,1]",1,0,8,2,home_win,home,0,75
29661,3,"{""series"":[""solutions/game_3/series/home_wins_2/rest-111000/top"",""solutions/game_3/series/home_wins_2/rest-111011/bot""],""total"":[""solutions/game_3/total/rest-111000/top"",""solutions/game_3/total/rest-111011/bot""]}","[1,1,1,0,0,0]","[1,1,1,0,1,1]",2,0,4,12,away_win,away,0,61
29661,4,"{""series"":[""solutions/game_4/series/home_wins_2/rest-111111/top"",""solutions/game_4/series/home_wins_2/rest-111111/bot""],""total"":[""solutions/game_4/total/rest-111111/top"",""solutions/game_4/total/rest-111111/bot""]}","[1,1,1,1,1,1]","[1,1,1,1,1,1]",2,1,11,4,home_win,home,0,88
29661,5,"{""series"":[""solutions/game_5/single/rest-110001/top"",""solutions/game_5/single/rest-110111/bot""],""total"":[""solutions/game_5/single/rest-110001/top"",""solutions/game_5/single/rest-110111/bot""]}","[1,1,0,0,0,1]","[1,1,0,1,1,1]",3,1,8,5,home_win,home,1,83
29662,1,"{""series"":[""solutions/game_1/series/rest-111111/top"",""solutions/game_1/series/rest-111111/bot""],""total"":[""solutions/game_1/total/rest-111111/top"",""solutions/game_1/total/rest-111111/bot""]}","[1,1,1,1,1,1]","[1,1,1,1,1,1]",0,0,3,9,away_win,away,0,95
29662,2,"{""series"":[""solutions/game_2/series/home_wins_0/rest-011111/top"",""solutions/game_2/series/home_wins_0/rest-111100/bot""],""total"":[""solutions/game_2/total/rest-011111/top"",""solutions/game_2/total/rest-111100/bot""]}","[0,1,1,1,1,1]","[1,1,1,1,0,0]",0,1,6,7,away_win,away,0,93
29662,3,"{""series"":[""solutions/game_3/series/home_wins_0/rest-100001/top"",""solutions/game_3/series/home_wins_0/rest-000011/bot""],""total"":[""solutions/game_3/total/rest-100001/top"",""solutions/game_3/total/rest-000011/bot""]}","[1,0,0,0,0,1]","[0,0,0,0,1,1]",0,2,11,7,home_win,home,0,92
29662,4,"{""series"":[""solutions/game_4/series/home_wins_1/rest-011110/top"",""solutions/game_4/series/home_wins_1/rest-111101/bot""],""total"":[""solutions/game_4/total/rest-011110/top"",""solutions/game_4/total/rest-111101/bot""]}","[0,1,1,1,1,0]","[1,1,1,1,0,1]",1,2,3,5,away_win,away,0,83
29662,5,"{""series"":[""solutions/game_5/single/rest-100001/top"",""solutions/game_5/single/rest-101010/bot""],""total"":[""solutions/game_5/single/rest-100001/top"",""solutions/game_5/single/rest-101010/bot""]}","[1,0,0,0,0,1]","[1,0,1,0,1,0]",1,3,6,2,home_win,home,1,81
29663,1,"{""series"":[""solutions/game_1/series/rest-111111/top"",""solutions/game_1/series/rest-111111/bot""],""total"":[""solutions/game_1/total/rest-111111/top"",""solutions/game_1/total/rest-111111/bot""]}","[1,1,1,1,1,1]","[1,1,1,1,1,1]",0,0,11,3,home_win,home,0,53
29663,2,"{""series"":[""solutions/game_2/series/home_wins_1/rest-111111/top"",""solutions/game_2/series/home_wins_1/rest-111111/bot""],""total"":[""solutions/game_2/total/rest-111111/top"",""solutions/game_2/total/rest-111111/bot""]}","[1,1,1,1,1,1]","[1,1,1,1,1,1]",1,0,6,10,away_win,away,0,93
29663,3,"{""series"":[""solutions/game_3/series/home_wins_1/rest-111101/top"",""solutions/game_3/series/home_wins_1/rest-111100/bot""],""total"":[""solutions/game_3/total/rest-111101/top"",""solutions/game_3/total/rest-111100/bot""]}","[1,1,1,1,0,1]","[1,1,1,1,0,0]",1,1,2,4,away_win,away,0,86
29663,4,"{""series"":[""solutions/game_4/series/home_wins_1/rest-101011/top"",""solutions/game_4/series/home_wins_1/rest-110011/bot""],""total"":[""solutions/game_4/total/rest-101011/top"",""solutions/game_4/total/rest-110011/bot""]}","[1,0,1,0,1,1]","[1,1,0,0,1,1]",1,2,9,1,home_win,home,0,56
29663,5,"{""series"":[""solutions/game_5/single/rest-111111/top"",""solutions/game_5/single/rest-111111/bot""],""total"":[""solutions/game_5/single/rest-111111/top"",""solutions/game_5/single/rest-111111/bot""]}","[1,1,1,1,1,1]","[1,1,1,1,1,1]",2,2,0,1,away_win,away,0,78
29664,1,"{""series"":[""solutions/game_1/series/rest-111111/top"",""solutions/game_1/series/rest-111111/bot""],""total"":[""solutions/game_1/total/rest-111111/top"",""solutions/game_1/total/rest-111111/bot""]}","[1,1,1,1,1,1]","[1,1,1,1,1,1]",0,0,9,1,home_win,home,0,74
29664,2,"{""series"":[""solutions/game_2/series/home_wins_1/rest-111110/top"",""solutions/game_2/series/home_wins_1/rest-111101/bot""],""total"":[""solutions/game_2/total/rest-111110/top"",""solutions/game_2/total/rest-111101/bot""]}","[1,1,1,1,1,0]","[1,1,1,1,0,1]",1,0,8,5,home_win,home,0,84
29664,3,"{""series"":[""solutions/game_3/series/home_wins_2/rest-100001/top"",""solutions/game_3/series/home_wins_2/rest-110111/bot""],""total"":[""solutions/game_3/total/rest-100001/top"",""solutions/game_3/total/rest-110111/bot""]}","[1,0,0,0,0,1]","[1,1,0,1,1,1]",2,0,7,10,away_win,away,0,97
29664,4,"{""series"":[""solutions/game_4/series/home_wins_2/rest-111111/top"",""solutions/game_4/series/home_wins_2/rest-001011/bot""],""total"":[""solutions/game_4/total/rest-111111/top"",""solutions/game_4/total/rest-001011/bot""]}","[1,1,1,1,1,1]","[0,0,1,0,1,1]",2,1,4,7,away_win,away,0,83
29664,5,"{""series"":[""solutions/game_5/single/rest-001110/top"",""solutions/game_5/single/rest-010100/bot""],""total"":[""solutions/game_5/single/rest-001110/top"",""solutions/game_5/single/rest-010100/bot""]}","[0,0,1,1,1,0]","[0,1,0,1,0,0]",2,2,9,4,home_win,home,0,78
29665,1,"{""series"":[""solutions/game_1/series/rest-111111/top"",""solutions/game_1/series/rest-111111/bot""],""total"":[""solutions/game_1/total/rest-111111/top"",""solutions/game_1/total/rest-111111/bot""]}","[1,1,1,1,1,1]","[1,1,1,1,1,1]",0,0,5,1,home_win,home,0,75
29665,2,"{""series"":[""solutions/game_2/series/home_wins_1/rest-101101/top"",""solutions/game_2/series/home_wins_1/rest-011101/bot""],""total"":[""solutions/game_2/total/rest-101101/top"",""solutions/game_2/total/rest-011101/bot""]}","[1,0,1,1,0,1]","[0,1,1,1,0,1]",1,0,10,1,home_win,home,0,63
29665,3,"{""series"":[""solutions/game_3/series/home_wins_2/rest-111011/top"",""solutions/game_3/series/home_wins_2/rest-110111/bot""],""total"":[""solutions/game_3/total/rest-111011/top"",""solutions/game_3/total/rest-110111/bot""]}","[1,1,1,0,1,1]","[1,1,0,1,1,1]",2,0,2,10,away_win,away,0,83
29665,4,"{""series"":[""solutions/game_4/series/home_wins_2/rest-111110/top"",""solutions/game_4/series/home_wins_2/rest-111101/bot""],""total"":[""solutions/game_4/total/rest-111110/top"",""solutions/game_4/total/rest-111101/bot""]}","[1,1,1,1,1,0]","[1,1,1,1,0,1]",2,1,3,6,away_win,away,0,87
29665,5,"{""series"":[""solutions/game_5/single/rest-100111/top"",""solutions/game_5/single/rest-111010/bot""],""total"":[""solutions/game_5/single/rest-100111/top"",""solutions/game_5/single/rest-111010/bot""]}","[1,0,0,1,1,1]","[1,1,1,0,1,0]",2,2,9,1,home_win,home,0,45
29666,1,"{""series"":[""solutions/game_1/series/rest-111111/top"",""solutions/game_1/series/rest-111111/bot""],""total"":[""solutions/game_1/total/rest-111111/top"",""solutions/game_1/total/rest-111111/bot""]}","[1,1,1,1,1,1]","[1,1,1,1,1,1]",0,0,2,11,away_win,away,0,81
29666,2,"{""series"":[""solutions/game_2/series/home_wins_0/rest-111011/top"",""solutions/game_2/series/home_wins_0/rest-011111/bot""],""total"":[""solutions/game_2/total/rest-111011/top"",""solutions/game_2/total/rest-011111/bot""]}","[1,1,1,0,1,1]","[0,1,1,1,1,1]",0,1,10,2,home_win,home,0,73
29666,3,"{""series"":[""solutions/game_3/series/home_wins_1/rest-111001/top"",""solutions/game_3/series/home_wins_1/rest-010111/bot""],""total"":[""solutions/game_3/total/rest-111001/top"",""solutions/game_3/total/rest-010111/bot""]}","[1,1,1,0,0,1]","[0,1,0,1,1,1]",1,1,9,7,home_win,home,0,84
29666,4,"{""series"":[""solutions/game_4/series/home_wins_2/rest-000111/top"",""solutions/game_4/series/home_wins_2/rest-001010/bot""],""total"":[""solutions/game_4/total/rest-000111/top"",""solutions/game_4/total/rest-001010/bot""]}","[0,0,0,1,1,1]","[0,0,1,0,1,0]",2,1,12,3,home_win,home,0,76
29666,5,"{""series"":[""solutions/game_5/single/rest-111010/top"",""solutions/game_5/single/rest-111101/bot""],""total"":[""solutions/game_5/single/rest-111010/top"",""solutions/game_5/single/rest-111101/bot""]}","[1,1,1,0,1,0]","[1,1,1,1,0,1]",3,1,4,1,home_win,home,1,81
29667,1,"{""series"":[""solutions/game_1/series/rest-111111/top"",""solutions/game_1/series/rest-111111/bot""],""total"":[""solutions/game_1/total/rest-111111/top"",""solutions/game_1/total/rest-111111/bot""]}","[1,1,1,1,1,1]","[1,1,1,1,1,1]",0,0,0,8,away_win,away,0,47
29667,2,"{""series"":[""solutions/game_2/series/home_wins_0/rest-111111/top"",""solutions/game_2/series/home_wins_0/rest-111111/bot""],""total"":[""solutions/game_2/total/rest-111111/top"",""solutions/game_2/total/rest-111111/bot""]}","[1,1,1,1,1,1]","[1,1,1,1,1,1]",0,1,2,4,away_win,away,0,87
29667,3,"{""series"":[""solutions/game_3/series/home_wins_0/rest-011001/top"",""solutions/game_3/series/home_wins_0/rest-101010/bot""],""total"":[""solutions/game_3/total/rest-011001/top"",""solutions/game_3/total/rest-101010/bot""]}","[0,1,1,0,0,1]","[1,0,1,0,1,0]",0,2,3,8,away_win,away,0,80
29667,4,"{""series"":[""solutions/game_4/single/rest-100100/top"",""solutions/game_4/single/rest-011111/bot""],""total"":[""solutions/game_4/total/rest-100100/top"",""solutions/game_4/total/rest-011111/bot""]}","[1,0,0,1,0,0]","[0,1,1,1,1,1]",0,3,3,2,home_win,home,1,70
29667,5,"{""series"":[""solutions/game_5/single/rest-011111/top"",""solutions/game_5/single/rest-001010/bot""],""total"":[""solutions/game_5/single/rest-011111/top"",""solutions/game_5/single/rest-001010/bot""]}","[0,1,1,1,1,1]","[0,0,1,0,1,0]",1,3,0,4,away_win,away,1,81
29668,1,"{""series"":[""solutions/game_1/series/rest-111111/top"",""solutions/game_1/series/rest-111111/bot""],""total"":[""solutions/game_1/total/rest-111111/top"",""solutions/game_1/total/rest-111111/bot""]}","[1,1,1,1,1,1]","[1,1,1,1,1,1]",0,0,5,9,away_win,away,0,82
29668,2,"{""series"":[""solutions/game_2/series/home_wins_0/rest-111001/top"",""solutions/game_2/series/home_wins_0/rest-110110/bot""],""total"":[""solutions/game_2/total/rest-111001/top"",""solutions/game_2/total/rest-110110/bot""]}","[1,1,1,0,0,1]","[1,1,0,1,1,0]",0,1,5,2,home_win,home,0,83
29668,3,"{""series"":[""solutions/game_3/series/home_wins_1/rest-101110/top"",""solutions/game_3/series/home_wins_1/rest-011101/bot""],""total"":[""solutions/game_3/total/rest-101110/top"",""solutions/game_3/total/rest-011101/bot""]}","[1,0,1,1,1,0]","[0,1,1,1,0,1]",1,1,6,14,away_win,away,0,78
29668,4,"{""series"":[""solutions/game_4/series/home_wins_1/rest-111001/top"",""solutions/game_4/series/home_wins_1/rest-110111/bot""],""total"":[""solutions/game_4/total/rest-111001/top"",""solutions/game_4/total/rest-110111/bot""]}","[1,1,1,0,0,1]","[1,1,0,1,1,1]",1,2,2,7,away_win,away,0,82
29668,5,"{""series"":[""solutions/game_5/single/rest-000011/top"",""solutions/game_5/single/rest-111111/bot""],""total"":[""solutions/game_5/single/rest-000011/top"",""solutions/game_5/single/rest-111111/bot""]}","[0,0,0,0,1,1]","[1,1,1,1,1,1]",1,3,6,5,home_win,home,1,82
29669,1,"{""series"":[""solutions/game_1/series/rest-111111/top"",""solutions/game_1/series/rest-111111/bot""],""total"":[""solutions/game_1/total/rest-111111/top"",""solutions/game_1/total/rest-111111/bot""]}","[1,1,1,1,1,1]","[1,1,1,1,1,1]",0,0,4,3,home_win,home,0,79
29669,2,"{""series"":[""solutions/game_2/series/home_wins_1/rest-010111/top"",""solutions/game_2/series/home_wins_1/rest-111110/bot""],""total"":[""solutions/game_2/total/rest-010111/top"",""solutions/game_2/total/rest-111110/bot""]}","[0,1,0,1,1,1]","[1,1,1,1,1,0]",1,0,3,9,away_win,away,0,93
29669,3,"{""series"":[""solutions/game_3/series/home_wins_1/rest-111111/top"",""solutions/game_3/series/home_wins_1/rest-010111/bot""],""total"":[""solutions/game_3/total/rest-111111/top"",""solutions/game_3/total/rest-010111/bot""]}","[1,1,1,1,1,1]","[0,1,0,1,1,1]",1,1,9,2,home_win,home,0,88
29669,4,"{""series"":[""solutions/game_4/series/home_wins_2/rest-110111/top"",""solutions/game_4/series/home_wins_2/rest-110011/bot""],""total"":[""solutions/game_4/total/rest-110111/top"",""solutions/game_4/total/rest-110011/bot""]}","[1,1,0,1,1,1]","[1,1,0,0,1,1]",2,1,5,5,tie,home,0,92
29669,5,"{""series"":[""solutions/game_5/single/rest-011011/top"",""solutions/game_5/single/rest-001100/bot""],""total"":[""solutions/game_5/single/rest-011011/top"",""solutions/game_5/single/rest-001100/bot""]}","[0,1,1,0,1,1]","[0,0,1,1,0,0]",3,1,4,3,home_win,home,1,83
29670,1,"{""series"":[""solutions/game_1/series/rest-111111/top"",""solutions/game_1/series/rest-111111/bot""],""total"":[""solutions/game_1/total/rest-111111/top"",""solutions/game_1/total/rest-111111/bot""]}","[1,1,1,1,1,1]","[1,1,1,1,1,1]",0,0,2,6,away_win,away,0,86
29670,2,"{""series"":[""solutions/game_2/series/home_wins_0/rest-001011/top"",""solutions/game_2/series/home_wins_0/rest-111011/bot""],""total"":[""solutions/game_2/total/rest-001011/top"",""solutions/game_2/total/rest-111011/bot""]}","[0,0,1,0,1,1]","[1,1,1,0,1,1]",0,1,8,0,home_win,home,0,49
29670,3,"{""series"":[""solutions/game_3/series/home_wins_1/rest-111011/top"",""solutions/game_3/series/home_wins_1/rest-111111/bot""],""total"":[""solutions/game_3/total/rest-111011/top"",""solutions/game_3/total/rest-111111/bot""]}","[1,1,1,0,1,1]","[1,1,1,1,1,1]",1,1,1,11,away_win,away,0,80
29670,4,"{""series"":[""solutions/game_4/series/home_wins_1/rest-101111/top"",""solutions/game_4/series/home_wins_1/rest-110101/bot""],""total"":[""solutions/game_4/total/rest-101111/top"",""solutions/game_4/total/rest-110101/bot""]}","[1,0,1,1,1,1]","[1,1,0,1,0,1]",1,2,2,1,home_win,home,0,70
29670,5,"{""series"":[""solutions/game_5/single/rest-111011/top"",""solutions/game_5/single/rest-111000/bot""],""total"":[""solutions/game_5/single/rest-111011/top"",""solutions/game_5/single/rest-111000/bot""]}","[1,1,1,0,1,1]","[1,1,1,0,0,0]",2,2,0,8,away_win,away,0,60
29671,1,"{""series"":[""solutions/game_1/series/rest-111111/top"",""solutions/game_1/series/rest-111111/bot""],""total"":[""solutions/game_1/total/rest-111111/top"",""solutions/game_1/total/rest-111111/bot""]}","[1,1,1,1,1,1]","[1,1,1,1,1,1]",0,0,3,5,away_win,away,0,79
29671,2,"{""series"":[""solutions/game_2/series/home_wins_0/rest-010111/top"",""solutions/game_2/series/home_wins_0/rest-111010/bot""],""total"":[""solutions/game_2/total/rest-010111/top"",""solutions/game_2/total/rest-111010/bot""]}","[0,1,0,1,1,1]","[1,1,1,0,1,0]",0,1,8,0,home_win,home,0,66
29671,3,"{""series"":[""solutions/game_3/series/home_wins_1/rest-111111/top"",""solutions/game_3/series/home_wins_1/rest-111111/bot""],""total"":[""solutions/game_3/total/rest-111111/top"",""solutions/game_3/total/rest-111111/bot""]}","[1,1,1,1,1,1]","[1,1,1,1,1,1]",1,1,1,1,tie,home,0,81
29671,4,"{""series"":[""solutions/game_4/series/home_wins_2/rest-110011/top"",""solutions/game_4/series/home_wins_2/rest-101011/bot""],""total"":[""solutions/game_4/total/rest-110011/top"",""solutions/game_4/total/rest-101011/bot""]}","[1,1,0,0,1,1]","[1,0,1,0,1,1]",2,1,3,7,away_win,away,0,84
29671,5,"{""series"":[""solutions/game_5/single/rest-111110/top"",""solutions/game_5/single/rest-000110/bot""],""total"":[""solutions/game_5/single/rest-111110/top"",""solutions/game_5/single/rest-000110/bot""]}","[1,1,1,1,1,0]","[0,0,0,1,1,0]",2,2,13,5,home_win,home,0,73
29672,1,"{""series"":[""solutions/game_1/series/rest-111111/top"",""solutions/game_1/series/rest-111111/bot""],""total"":[""solutions/game_1/total/rest-111111/top"",""solutions/game_1/total/rest-111111/bot""]}","[1,1,1,1,1,1]","[1,1,1,1,1,1]",0,0,7,6,home_win,home,0,90
29672,2,"{""series"":[""solutions/game_2/series/home_wins_1/rest-011011/top"",""solutions/game_2/series/home_wins_1/rest-011101/bot""],""total"":[""solutions/game_2/total/rest-011011/top"",""solutions/game_2/total/rest-011101/bot""]}","[0,1,1,0,1,1]","[0,1,1,1,0,1]",1,0,6,5,home_win,home,0,84
29672,3,"{""series"":[""solutions/game_3/series/home_wins_2/rest-110110/top"",""solutions/game_3/series/home_wins_2/rest-110111/bot""],""total"":[""solutions/game_3/total/rest-110110/top"",""solutions/game_3/total/rest-110111/bot""]}","[1,1,0,1,1,0]","[1,1,0,1,1,1]",2,0,3,6,away_win,away,0,77
29672,4,"{""series"":[""solutions/game_4/series/home_wins_2/rest-001111/top"",""solutions/game_4/series/home_wins_2/rest-111111/bot""],""total"":[""solutions/game_4/total/rest-001111/top"",""solutions/game_4/total/rest-111111/bot""]}","[0,0,1,1,1,1]","[1,1,1,1,1,1]",2,1,11,10,home_win,home,0,90
29672,5,"{""series"":[""solutions/game_5/single/rest-011001/top"",""solutions/game_5/single/rest-111110/bot""],""total"":[""solutions/game_5/single/rest-011001/top"",""solutions/game_5/single/rest-111110/bot""]}","[0,1,1,0,0,1]","[1,1,1,1,1,0]",3,1,8,6,home_win,home,1,82
29673,1,"{""series"":[""solutions/game_1/series/rest-111111/top"",""solutions/game_1/series/rest-111111/bot""],""total"":[""solutions/game_1/total/rest-111111/top"",""solutions/game_1/total/rest-111111/bot""]}","[1,1,1,1,1,1]","[1,1,1,1,1,1]",0,0,3,0,home_win,home,0,73
29673,2,"{""series"":[""solutions/game_2/series/home_wins_1/rest-111101/top"",""solutions/game_2/series/home_wins_1/rest-110110/bot""],""total"":[""solutions/game_2/total/rest-111101/top"",""solutions/game_2/total/rest-110110/bot""]}","[1,1,1,1,0,1]","[1,1,0,1,1,0]",1,0,3,5,away_win,away,0,86
29673,3,"{""series"":[""solutions/game_3/series/home_wins_1/rest-110111/top"",""solutions/game_3/series/home_wins_1/rest-011011/bot""],""total"":[""solutions/game_3/total/rest-110111/top"",""solutions/game_3/total/rest-011011/bot""]}","[1,1,0,1,1,1]","[0,1,1,0,1,1]",1,1,5,7,away_win,away,0,85
29673,4,"{""series"":[""solutions/game_4/series/home_wins_1/rest-111100/top"",""solutions/game_4/series/home_wins_1/rest-101100/bot""],""total"":[""solutions/game_4/total/rest-111100/top"",""solutions/game_4/total/rest-101100/bot""]}","[1,1,1,1,0,0]","[1,0,1,1,0,0]",1,2,8,4,home_win,home,0,82
29673,5,"{""series"":[""solutions/game_5/single/rest-001111/top"",""solutions/game_5/single/rest-110111/bot""],""total"":[""solutions/game_5/single/rest-001111/top"",""solutions/game_5/single/rest-110111/bot""]}","[0,0,1,1,1,1]","[1,1,0,1,1,1]",2,2,0,2,away_win,away,0,73
29674,1,"{""series"":[""solutions/game_1/series/rest-111111/top"",""solutions/game_1/series/rest-111111/bot""],""total"":[""solutions/game_1/total/rest-111111/top"",""solutions/game_1/total/rest-111111/bot""]}","[1,1,1,1,1,1]","[1,1,1,1,1,1]",0,0,5,6,away_win,away,0,85
29674,2,"{""series"":[""solutions/game_2/series/home_wins_0/rest-101101/top"",""solutions/game_2/series/home_wins_0/rest-111110/bot""],""total"":[""solutions/game_2/total/rest-101101/top"",""solutions/game_2/total/rest-111110/bot""]}","[1,0,1,1,0,1]","[1,1,1,1,1,0]",0,1,1,9,away_win,away,0,49
29674,3,"{""series"":[""solutions/game_3/series/home_wins_0/rest-111111/top"",""solutions/game_3/series/home_wins_0/rest-111111/bot""],""total"":[""solutions/game_3/total/rest-111111/top"",""solutions/game_3/total/rest-111111/bot""]}","[1,1,1,1,1,1]","[1,1,1,1,1,1]",0,2,2,6,away_win,away,0,79
29674,4,"{""series"":[""solutions/game_4/single/rest-110001/top"",""solutions/game_4/single/rest-111110/bot""],""total"":[""solutions/game_4/total/rest-110001/top"",""solutions/game_4/total/rest-111110/bot""]}","[1,1,0,0,0,1]","[1,1,1,1,1,0]",0,3,5,8,away_win,away,1,90
29674,5,"{""series"":[""solutions/game_5/single/rest-011100/top"",""solutions/game_5/single/rest-010101/bot""],""total"":[""solutions/game_5/single/rest-011100/top"",""solutions/game_5/single/rest-010101/bot""]}","[0,1,1,1,0,0]","[0,1,0,1,0,1]",0,4,6,7,away_win,away,1,85
29675,1,"{""series"":[""solutions/game_1/series/rest-111111/top"",""solutions/game_1/series/rest-111111/bot""],""total"":[""solutions/game_1/total/rest-111111/top"",""solutions/game_1/total/rest-111111/bot""]}","[1,1,1,1,1,1]","[1,1,1,1,1,1]",0,0,4,12,away_win,away,0,84
29675,2,"{""series"":[""solutions/game_2/series/home_wins_0/rest-010011/top"",""solutions/game_2/series/home_wins_0/rest-111010/bot""],""total"":[""solutions/game_2/total/rest-010011/top"",""solutions/game_2/total/rest-111010/bot""]}","[0,1,0,0,1,1]","[1,1,1,0,1,0]",0,1,2,7,away_win,away,0,92
29675,3,"{""series"":[""solutions/game_3/series/home_wins_0/rest-101101/top"",""solutions/game_3/series/home_wins_0/rest-000111/bot""],""total"":[""solutions/game_3/total/rest-101101/top"",""solutions/game_3/total/rest-000111/bot""]}","[1,0,1,1,0,1]","[0,0,0,1,1,1]",0,2,0,8,away_win,away,0,47
29675,4,"{""series"":[""solutions/game_4/single/rest-011101/top"",""solutions/game_4/single/rest-111111/bot""],""total"":[""solutions/game_4/total/rest-011101/top"",""solutions/game_4/total/rest-111111/bot""]}","[0,1,1,1,0,1]","[1,1,1,1,1,1]",0,3,9,1,home_win,home,1,58
29675,5,"{""series"":[""solutions/game_5/single/rest-101111/top"",""solutions/game_5/single/rest-111101/bot""],""total"":[""solutions/game_5/single/rest-101111/top"",""solutions/game_5/single/rest-111101/bot""]}","[1,0,1,1,1,1]","[1,1,1,1,0,1]",1,3,4,6,away_win,away,1,95
29676,1,"{""series"":[""solutions/game_1/series/rest-111111/top"",""solutions/game_1/series/rest-111111/bot""],""total"":[""solutions/game_1/total/rest-111111/top"",""solutions/game_1/total/rest-111111/bot""]}","[1,1,1,1,1,1]","[1,1,1,1,1,1]",0,0,2,13,away_win,away,0,53
29676,2,"{""series"":[""solutions/game_2/series/home_wins_0/rest-111111/top"",""solutions/game_2/series/home_wins_0/rest-111111/bot""],""total"":[""solutions/game_2/total/rest-111111/top"",""solutions/game_2/total/rest-111111/bot""]}","[1,1,1,1,1,1]","[1,1,1,1,1,1]",0,1,4,10,away_win,away,0,92
29676,3,"{""series"":[""solutions/game_3/series/home_wins_0/rest-111110/top"",""solutions/game_3/series/home_wins_0/rest-111101/bot""],""total"":[""solutions/game_3/total/rest-111110/top"",""solutions/game_3/total/rest-111101/bot""]}","[1,1,1,1,1,0]","[1,1,1,1,0,1]",0,2,2,10,away_win,away,0,76
29676,4,"{""series"":[""solutions/game_4/single/rest-010001/top"",""solutions/game_4/single/rest-010111/bot""],""total"":[""solutions/game_4/total/rest-010001/top"",""solutions/game_4/total/rest-010111/bot""]}","[0,1,0,0,0,1]","[0,1,0,1,1,1]",0,3,10,2,home_win,home,1,65
29676,5,"{""series"":[""solutions/game_5/single/rest-111111/top"",""solutions/game_5/single/rest-111101/bot""],""total"":[""solutions/game_5/single/rest-111111/top"",""solutions/game_5/single/rest-111101/bot""]}","[1,1,1,1,1,1]","[1,1,1,1,0,1]",1,3,13,10,home_win,home,1,101
29677,1,"{""series"":[""solutions/game_1/series/rest-111111/top"",""solutions/game_1/series/rest-111111/bot""],""total"":[""solutions/game_1/total/rest-111111/top"",""solutions/game_1/total/rest-111111/bot""]}","[1,1,1,1,1,1]","[1,1,1,1,1,1]",0,0,8,6,home_win,home,0,87
29677,2,"{""series"":[""solutions/game_2/series/home_wins_1/rest-110001/top"",""solutions/game_2/series/home_wins_1/rest-001011/bot""],""total"":[""solutions/game_2/total/rest-110001/top"",""solutions/game_2/total/rest-001011/bot""]}","[1,1,0,0,0,1]","[0,0,1,0,1,1]",1,0,4,7,away_win,away,0,93
29677,3,"{""series"":[""solutions/game_3/series/home_wins_1/rest-011110/top"",""solutions/game_3/series/home_wins_1/rest-110101/bot""],""total"":[""solutions/game_3/total/rest-011110/top"",""solutions/game_3/total/rest-110101/bot""]}","[0,1,1,1,1,0]","[1,1,0,1,0,1]",1,1,0,8,away_win,away,0,67
29677,4,"{""series"":[""solutions/game_4/series/home_wins_1/rest-101110/top"",""solutions/game_4/series/home_wins_1/rest-111110/bot""],""total"":[""solutions/game_4/total/rest-101110/top"",""solutions/game_4/total/rest-111110/bot""]}","[1,0,1,1,1,0]","[1,1,1,1,1,0]",1,2,1,0,home_win,home,0,69
29677,5,"{""series"":[""solutions/game_5/single/rest-010001/top"",""solutions/game_5/single/rest-001110/bot""],""total"":[""solutions/game_5/single/rest-010001/top"",""solutions/game_5/single/rest-001110/bot""]}","[0,1,0,0,0,1]","[0,0,1,1,1,0]",2,2,4,2,home_win,home,0,84
29678,1,"{""series"":[""solutions/game_1/series/rest-111111/top"",""solutions/game_1/series/rest-111111/bot""],""total"":[""solutions/game_1/total/rest-111111/top"",""solutions/game_1/total/rest-111111/bot""]}","[1,1,1,1,1,1]","[1,1,1,1,1,1]",0,0,8,0,home_win,home,0,65
29678,2,"{""series"":[""solutions/game_2/series/home_wins_1/rest-110111/top"",""solutions/game_2/series/home_wins_1/rest-110111/bot""],""total"":[""solutions/game_2/total/rest-110111/top"",""solutions/game_2/total/rest-110111/bot""]}","[1,1,0,1,1,1]","[1,1,0,1,1,1]",1,0,4,5,away_win,away,0,83
29678,3,"{""series"":[""solutions/game_3/series/home_wins_1/rest-011010/top"",""solutions/game_3/series/home_wins_1/rest-111010/bot""],""total"":[""solutions/game_3/total/rest-011010/top"",""solutions/game_3/total/rest-111010/bot""]}","[0,1,1,0,1,0]","[1,1,1,0,1,0]",1,1,5,7,away_win,away,0,83
29678,4,"{""series"":[""solutions/game_4/series/home_wins_1/rest-101111/top"",""solutions/game_4/series/home_wins_1/rest-001111/bot""],""total"":[""solutions/game_4/total/rest-101111/top"",""solutions/game_4/total/rest-001111/bot""]}","[1,0,1,1,1,1]","[0,0,1,1,1,1]",1,2,9,6,home_win,home,0,87
29678,5,"{""series"":[""solutions/game_5/single/rest-110000/top"",""solutions/game_5/single/rest-110111/bot""],""total"":[""solutions/game_5/single/rest-110000/top"",""solutions/game_5/single/rest-110111/bot""]}","[1,1,0,0,0,0]","[1,1,0,1,1,1]",2,2,4,5,away_win,away,0,92
29679,1,"{""series"":[""solutions/game_1/series/rest-111111/top"",""solutions/game_1/series/rest-111111/bot""],""total"":[""solutions/game_1/total/rest-111111/top"",""solutions/game_1/total/rest-111111/bot""]}","[1,1,1,1,1,1]","[1,1,1,1,1,1]",0,0,9,5,home_win,home,0,86
29679,2,"{""series"":[""solutions/game_2/series/home_wins_1/rest-011011/top"",""solutions/game_2/series/home_wins_1/rest-110100/bot""],""total"":[""solutions/game_2/total/rest-011011/top"",""solutions/game_2/total/rest-110100/bot""]}","[0,1,1,0,1,1]","[1,1,0,1,0,0]",1,0,4,9,away_win,away,0,89
29679,3,"{""series"":[""solutions/game_3/series/home_wins_1/rest-111110/top"",""solutions/game_3/series/home_wins_1/rest-010011/bot""],""total"":[""solutions/game_3/total/rest-111110/top"",""solutions/game_3/total/rest-010011/bot""]}","[1,1,1,1,1,0]","[0,1,0,0,1,1]",1,1,8,0,home_win,home,0,67
29679,4,"{""series"":[""solutions/game_4/series/home_wins_2/rest-111001/top"",""solutions/game_4/series/home_wins_2/rest-111111/bot""],""total"":[""solutions/game_4/total/rest-111001/top"",""solutions/game_4/total/rest-111111/bot""]}","[1,1,1,0,0,1]","[1,1,1,1,1,1]",2,1,12,3,home_win,home,0,79
29679,5,"{""series"":[""solutions/game_5/single/rest-011111/top"",""solutions/game_5/single/rest-110111/bot""],""total"":[""solutions/game_5/single/rest-011111/top"",""solutions/game_5/single/rest-110111/bot""]}","[0,1,1,1,1,1]","[1,1,0,1,1,1]",3,1,6,14,away_win,away,1,87
29680,1,"{""series"":[""solutions/game_1/series/rest-111111/top"",""solutions/game_1/series/rest-111111/bot""],""total"":[""solutions/game_1/total/rest-111111/top"",""solutions/game_1/total/rest-111111/bot""]}","[1,1,1,1,1,1]","[1,1,1,1,1,1]",0,0,3,1,home_win,home,0,75
29680,2,"{""series"":[""solutions/game_2/series/home_wins_1/rest-110001/top"",""solutions/game_2/series/home_wins_1/rest-001011/bot""],""total"":[""solutions/game_2/total/rest-110001/top"",""solutions/game_2/total/rest-001011/bot""]}","[1,1,0,0,0,1]","[0,0,1,0,1,1]",1,0,5,1,home_win,home,0,88
29680,3,"{""series"":[""solutions/game_3/series/home_wins_2/rest-001111/top"",""solutions/game_3/series/home_wins_2/rest-110111/bot""],""total"":[""solutions/game_3/total/rest-001111/top"",""solutions/game_3/total/rest-110111/bot""]}","[0,0,1,1,1,1]","[1,1,0,1,1,1]",2,0,3,2,home_win,home,0,75
29680,4,"{""series"":[""solutions/game_4/single/rest-111101/top"",""solutions/game_4/single/rest-101010/bot""],""total"":[""solutions/game_4/total/rest-111101/top"",""solutions/game_4/total/rest-101010/bot""]}","[1,1,1,1,0,1]","[1,0,1,0,1,0]",3,0,7,11,away_win,away,1,84
29680,5,"{""series"":[""solutions/game_5/single/rest-010011/top"",""solutions/game_5/single/rest-011101/bot""],""total"":[""solutions/game_5/single/rest-010011/top"",""solutions/game_5/single/rest-011101/bot""]}","[0,1,0,0,1,1]","[0,1,1,1,0,1]",3,1,9,4,home_win,home,1,84
29681,1,"{""series"":[""solutions/game_1/series/rest-111111/top"",""solutions/game_1/series/rest-111111/bot""],""total"":[""solutions/game_1/total/rest-111111/top"",""solutions/game_1/total/rest-111111/bot""]}","[1,1,1,1,1,1]","[1,1,1,1,1,1]",0,0,7,1,home_win,home,0,79
29681,2,"{""series"":[""solutions/game_2/series/home_wins_1/rest-111011/top"",""solutions/game_2/series/home_wins_1/rest-111100/bot""],""total"":[""solutions/game_2/total/rest-111011/top"",""solutions/game_2/total/rest-111100/bot""]}","[1,1,1,0,1,1]","[1,1,1,1,0,0]",1,0,5,7,away_win,away,0,93
29681,3,"{""series"":[""solutions/game_3/series/home_wins_1/rest-101110/top"",""solutions/game_3/series/home_wins_1/rest-001111/bot""],""total"":[""solutions/game_3/total/rest-101110/top"",""solutions/game_3/total/rest-001111/bot""]}","[1,0,1,1,1,0]","[0,0,1,1,1,1]",1,1,3,4,away_win,away,0,75
29681,4,"{""series"":[""solutions/game_4/series/home_wins_1/rest-100101/top"",""solutions/game_4/series/home_wins_1/rest-110111/bot""],""total"":[""solutions/game_4/total/rest-100101/top"",""solutions/game_4/total/rest-110111/bot""]}","[1,0,0,1,0,1]","[1,1,0,1,1,1]",1,2,5,7,away_win,away,0,86
29681,5,"{""series"":[""solutions/game_5/single/rest-111010/top"",""solutions/game_5/single/rest-111000/bot""],""total"":[""solutions/game_5/single/rest-111010/top"",""solutions/game_5/single/rest-111000/bot""]}","[1,1,1,0,1,0]","[1,1,1,0,0,0]",1,3,4,7,away_win,away,1,89
29682,1,"{""series"":[""solutions/game_1/series/rest-111111/top"",""solutions/game_1/series/rest-111111/bot""],""total"":[""solutions/game_1/total/rest-111111/top"",""solutions/game_1/total/rest-111111/bot""]}","[1,1,1,1,1,1]","[1,1,1,1,1,1]",0,0,3,7,away_win,away,0,86
29682,2,"{""series"":[""solutions/game_2/series/home_wins_0/rest-010011/top"",""solutions/game_2/series/home_wins_0/rest-101011/bot""],""total"":[""solutions/game_2/total/rest-010011/top"",""solutions/game_2/total/rest-101011/bot""]}","[0,1,0,0,1,1]","[1,0,1,0,1,1]",0,1,1,9,away_win,away,0,62
29682,3,"{""series"":[""solutions/game_3/series/home_wins_0/rest-111111/top"",""solutions/game_3/series/home_wins_0/rest-111011/bot""],""total"":[""solutions/game_3/total/rest-111111/top"",""solutions/game_3/total/rest-111011/bot""]}","[1,1,1,1,1,1]","[1,1,1,0,1,1]",0,2,1,9,away_win,away,0,47
29682,4,"{""series"":[""solutions/game_4/single/rest-011011/top"",""solutions/game_4/single/rest-111111/bot""],""total"":[""solutions/game_4/total/rest-011011/top"",""solutions/game_4/total/rest-111111/bot""]}","[0,1,1,0,1,1]","[1,1,1,1,1,1]",0,3,2,10,away_win,away,1,79
29682,5,"{""series"":[""solutions/game_5/single/rest-100110/top"",""solutions/game_5/single/rest-010111/bot""],""total"":[""solutions/game_5/single/rest-100110/top"",""solutions/game_5/single/rest-010111/bot""]}","[1,0,0,1,1,0]","[0,1,0,1,1,1]",0,4,11,6,home_win,home,1,92
29683,1,"{""series"":[""solutions/game_1/series/rest-111111/top"",""solutions/game_1/series/rest-111111/bot""],""total"":[""solutions/game_1/total/rest-111111/top"",""solutions/game_1/total/rest-111111/bot""]}","[1,1,1,1,1,1]","[1,1,1,1,1,1]",0,0,6,5,home_win,home,0,95
29683,2,"{""series"":[""solutions/game_2/series/home_wins_1/rest-010011/top"",""solutions/game_2/series/home_wins_1/rest-011110/bot""],""total"":[""solutions/game_2/total/rest-010011/top"",""solutions/game_2/total/rest-011110/bot""]}","[0,1,0,0,1,1]","[0,1,1,1,1,0]",1,0,7,10,away_win,away,0,94
29683,3,"{""series"":[""solutions/game_3/series/home_wins_1/rest-111110/top"",""solutions/game_3/series/home_wins_1/rest-100011/bot""],""total"":[""solutions/game_3/total/rest-111110/top"",""solutions/game_3/total/rest-100011/bot""]}","[1,1,1,1,1,0]","[1,0,0,0,1,1]",1,1,6,5,home_win,home,0,88
29683,4,"{""series"":[""solutions/game_4/series/home_wins_2/rest-111111/top"",""solutions/game_4/series/home_wins_2/rest-011100/bot""],""total"":[""solutions/game_4/total/rest-111111/top"",""solutions/game_4/total/rest-011100/bot""]}","[1,1,1,1,1,1]","[0,1,1,1,0,0]",2,1,11,3,home_win,home,0,61
29683,5,"{""series"":[""solutions/game_5/single/rest-111101/top"",""solutions/game_5/single/rest-111111/bot""],""total"":[""solutions/game_5/single/rest-111101/top"",""solutions/game_5/single/rest-111111/bot""]}","[1,1,1,1,0,1]","[1,1,1,1,1,1]",3,1,9,8,home_win,home,1,99
29684,1,"{""series"":[""solutions/game_1/series/rest-111111/top"",""solutions/game_1/series/rest-111111/bot""],""total"":[""solutions/game_1/total/rest-111111/top"",""solutions/game_1/total/rest-111111/bot""]}","[1,1,1,1,1,1]","[1,1,1,1,1,1]",0,0,1,1,tie,home,0,88
29684,2,"{""series"":[""solutions/game_2/series/home_wins_1/rest-010101/top"",""solutions/game_2/series/home_wins_1/rest-111000/bot""],""total"":[""solutions/game_2/total/rest-010101/top"",""solutions/game_2/total/rest-111000/bot""]}","[0,1,0,1,0,1]","[1,1,1,0,0,0]",1,0,9,2,home_win,home,0,77
29684,3,"{""series"":[""solutions/game_3/series/home_wins_2/rest-111010/top"",""solutions/game_3/series/home_wins_2/rest-111111/bot""],""total"":[""solutions/game_3/total/rest-111010/top"",""solutions/game_3/total/rest-111111/bot""]}","[1,1,1,0,1,0]","[1,1,1,1,1,1]",2,0,5,5,tie,away,0,92
29684,4,"{""series"":[""solutions/game_4/series/home_wins_2/rest-011111/top"",""solutions/game_4/series/home_wins_2/rest-110001/bot""],""total"":[""solutions/game_4/total/rest-011111/top"",""solutions/game_4/total/rest-110001/bot""]}","[0,1,1,1,1,1]","[1,1,0,0,0,1]",2,1,10,7,home_win,home,0,96
29684,5,"{""series"":[""solutions/game_5/single/rest-110100/top"",""solutions/game_5/single/rest-011010/bot""],""total"":[""solutions/game_5/single/rest-110100/top"",""solutions/game_5/single/rest-011010/bot""]}","[1,1,0,1,0,0]","[0,1,1,0,1,0]",3,1,8,2,home_win,home,1,74
29685,1,"{""series"":[""solutions/game_1/series/rest-111111/top"",""solutions/game_1/series/rest-111111/bot""],""total"":[""solutions/game_1/total/rest-111111/top"",""solutions/game_1/total/rest-111111/bot""]}","[1,1,1,1,1,1]","[1,1,1,1,1,1]",0,0,8,8,tie,home,0,95
29685,2,"{""series"":[""solutions/game_2/series/home_wins_1/rest-010110/top"",""solutions/game_2/series/home_wins_1/rest-001011/bot""],""total"":[""solutions/game_2/total/rest-010110/top"",""solutions/game_2/total/rest-001011/bot""]}","[0,1,0,1,1,0]","[0,0,1,0,1,1]",1,0,13,17,away_win,away,0,111
29685,3,"{""series"":[""solutions/game_3/series/home_wins_1/rest-111101/top"",""solutions/game_3/series/home_wins_1/rest-100100/bot""],""total"":[""solutions/game_3/total/rest-111101/top"",""solutions/game_3/total/rest-100100/bot""]}","[1,1,1,1,0,1]","[1,0,0,1,0,0]",1,1,0,10,away_win,away,0,65
29685,4,"{""series"":[""solutions/game_4/series/home_wins_1/rest-111110/top"",""solutions/game_4/series/home_wins_1/rest-111111/bot""],""total"":[""solutions/game_4/total/rest-111110/top"",""solutions/game_4/total/rest-111111/bot""]}","[1,1,1,1,1,0]","[1,1,1,1,1,1]",1,2,7,1,home_win,home,0,74
29685,5,"{""series"":[""solutions/game_5/single/rest-101111/top"",""solutions/game_5/single/rest-111101/bot""],""total"":[""solutions/game_5/single/rest-101111/top"",""solutions/game_5/single/rest-111101/bot""]}","[1,0,1,1,1,1]","[1,1,1,1,0,1]",2,2,11,2,home_win,home,0,66
29686,1,"{""series"":[""solutions/game_1/series/rest-111111/top"",""solutions/game_1/series/rest-111111/bot""],""total"":[""solutions/game_1/total/rest-111111/top"",""solutions/game_1/total/rest-111111/bot""]}","[1,1,1,1,1,1]","[1,1,1,1,1,1]",0,0,1,6,away_win,away,0,81
29686,2,"{""series"":[""solutions/game_2/series/home_wins_0/rest-011011/top"",""solutions/game_2/series/home_wins_0/rest-001111/bot""],""total"":[""solutions/game_2/total/rest-011011/top"",""solutions/game_2/total/rest-001111/bot""]}","[0,1,1,0,1,1]","[0,0,1,1,1,1]",0,1,7,6,home_win,home,0,84
29686,3,"{""series"":[""solutions/game_3/series/home_wins_1/rest-110101/top"",""solutions/game_3/series/home_wins_1/rest-111111/bot""],""total"":[""solutions/game_3/total/rest-110101/top"",""solutions/game_3/total/rest-111111/bot""]}","[1,1,0,1,0,1]","[1,1,1,1,1,1]",1,1,9,1,home_win,home,0,62
29686,4,"{""series"":[""solutions/game_4/series/home_wins_2/rest-111111/top"",""solutions/game_4/series/home_wins_2/rest-111111/bot""],""total"":[""solutions/game_4/total/rest-111111/top"",""solutions/game_4/total/rest-111111/bot""]}","[1,1,1,1,1,1]","[1,1,1,1,1,1]",2,1,2,3,away_win,away,0,82
29686,5,"{""series"":[""solutions/game_5/single/rest-001111/top"",""solutions/game_5/single/rest-001111/bot""],""total"":[""solutions/game_5/single/rest-001111/top"",""solutions/game_5/single/rest-001111/bot""]}","[0,0,1,1,1,1]","[0,0,1,1,1,1]",2,2,5,3,home_win,home,0,79
29687,1,"{""series"":[""solutions/game_1/series/rest-111111/top"",""solutions/game_1/series/rest-111111/bot""],""total"":[""solutions/game_1/total/rest-111111/top"",""solutions/game_1/total/rest-111111/bot""]}","[1,1,1,1,1,1]","[1,1,1,1,1,1]",0,0,0,9,away_win,away,0,73
29687,2,"{""series"":[""solutions/game_2/series/home_wins_0/rest-111111/top"",""solutions/game_2/series/home_wins_0/rest-111110/bot""],""total"":[""solutions/game_2/total/rest-111111/top"",""solutions/game_2/total/rest-111110/bot""]}","[1,1,1,1,1,1]","[1,1,1,1,1,0]",0,1,0,7,away_win,away,0,78
29687,3,"{""series"":[""solutions/game_3/series/home_wins_0/rest-011110/top"",""solutions/game_3/series/home_wins_0/rest-011111/bot""],""total"":[""solutions/game_3/total/rest-011110/top"",""solutions/game_3/total/rest-011111/bot""]}","[0,1,1,1,1,0]","[0,1,1,1,1,1]",0,2,4,1,home_win,home,0,78
29687,4,"{""series"":[""solutions/game_4/series/home_wins_1/rest-101001/top"",""solutions/game_4/series/home_wins_1/rest-111101/bot""],""total"":[""solutions/game_4/total/rest-101001/top"",""solutions/game_4/total/rest-111101/bot""]}","[1,0,1,0,0,1]","[1,1,1,1,0,1]",1,2,6,5,home_win,home,0,88
29687,5,"{""series"":[""solutions/game_5/single/rest-010011/top"",""solutions/game_5/single/rest-010111/bot""],""total"":[""solutions/game_5/single/rest-010011/top"",""solutions/game_5/single/rest-010111/bot""]}","[0,1,0,0,1,1]","[0,1,0,1,1,1]",2,2,5,4,home_win,home,0,77
29688,1,"{""series"":[""solutions/game_1/series/rest-111111/top"",""solutions/game_1/series/rest-111111/bot""],""total"":[""solutions/game_1/total/rest-111111/top"",""solutions/game_1/total/rest-111111/bot""]}","[1,1,1,1,1,1]","[1,1,1,1,1,1]",0,0,7,2,home_win,home,0,78
29688,2,"{""series"":[""solutions/game_2/series/home_wins_1/rest-101110/top"",""solutions/game_2/series/home_wins_1/rest-110111/bot""],""total"":[""solutions/game_2/total/rest-101110/top"",""solutions/game_2/total/rest-110111/bot""]}","[1,0,1,1,1,0]","[1,1,0,1,1,1]",1,0,7,7,tie,home,0,102
29688,3,"{""series"":[""solutions/game_3/series/home_wins_2/rest-011001/top"",""solutions/game_3/series/home_wins_2/rest-110000/bot""],""total"":[""solutions/game_3/total/rest-011001/top"",""solutions/game_3/total/rest-110000/bot""]}","[0,1,1,0,0,1]","[1,1,0,0,0,0]",2,0,0,9,away_win,away,0,42
29688,4,"{""series"":[""solutions/game_4/series/home_wins_2/rest-111111/top"",""solutions/game_4/series/home_wins_2/rest-111101/bot""],""total"":[""solutions/game_4/total/rest-111111/top"",""solutions/game_4/total/rest-111101/bot""]}","[1,1,1,1,1,1]","[1,1,1,1,0,1]",2,1,2,13,away_win,away,0,44
29688,5,"{""series"":[""solutions/game_5/single/rest-111111/top"",""solutions/game_5/single/rest-111111/bot""],""total"":[""solutions/game_5/single/rest-111111/top"",""solutions/game_5/single/rest-111111/bot""]}","[1,1,1,1,1,1]","[1,1,1,1,1,1]",2,2,3,8,away_win,away,0,86
29689,1,"{""series"":[""solutions/game_1/series/rest-111111/top"",""solutions/game_1/series/rest-111111/bot""],""total"":[""solutions/game_1/total/rest-111111/top"",""solutions/game_1/total/rest-111111/bot""]}","[1,1,1,1,1,1]","[1,1,1,1,1,1]",0,0,4,5,away_win,away,0,80
29689,2,"{""series"":[""solutions/game_2/series/home_wins_0/rest-011011/top"",""solutions/game_2/series/home_wins_0/rest-101010/bot""],""total"":[""solutions/game_2/total/rest-011011/top"",""solutions/game_2/total/rest-101010/bot""]}","[0,1,1,0,1,1]","[1,0,1,0,1,0]",0,1,11,3,home_win,home,0,78
29689,3,"{""series"":[""solutions/game_3/series/home_wins_1/rest-101111/top"",""solutions/game_3/series/home_wins_1/rest-111111/bot""],""total"":[""solutions/game_3/total/rest-101111/top"",""solutions/game_3/total/rest-111111/bot""]}","[1,0,1,1,1,1]","[1,1,1,1,1,1]",1,1,6,10,away_win,away,0,98
29689,4,"{""series"":[""solutions/game_4/series/home_wins_1/rest-010000/top"",""solutions/game_4/series/home_wins_1/rest-001110/bot""],""total"":[""solutions/game_4/total/rest-010000/top"",""solutions/game_4/total/rest-001110/bot""]}","[0,1,0,0,0,0]","[0,0,1,1,1,0]",1,2,5,4,home_win,home,0,81
29689,5,"{""series"":[""solutions/game_5/single/rest-101101/top"",""solutions/game_5/single/rest-110101/bot""],""total"":[""solutions/game_5/single/rest-101101/top"",""solutions/game_5/single/rest-110101/bot""]}","[1,0,1,1,0,1]","[1,1,0,1,0,1]",2,2,4,3,home_win,home,0,74
29690,1,"{""series"":[""solutions/game_1/series/rest-111111/top"",""solutions/game_1/series/rest-111111/bot""],""total"":[""solutions/game_1/total/rest-111111/top"",""solutions/game_1/total/rest-111111/bot""]}","[1,1,1,1,1,1]","[1,1,1,1,1,1]",0,0,3,6,away_win,away,0,77
29690,2,"{""series"":[""solutions/game_2/series/home_wins_0/rest-110111/top"",""solutions/game_2/series/home_wins_0/rest-001110/bot""],""total"":[""solutions/game_2/total/rest-110111/top"",""solutions/game_2/total/rest-001110/bot""]}","[1,1,0,1,1,1]","[0,0,1,1,1,0]",0,1,14,4,home_win,home,0,61
29690,3,"{""series"":[""solutions/game_3/series/home_wins_1/rest-111111/top"",""solutions/game_3/series/home_wins_1/rest-111111/bot""],""total"":[""solutions/game_3/total/rest-111111/top"",""solutions/game_3/total/rest-111111/bot""]}","[1,1,1,1,1,1]","[1,1,1,1,1,1]",1,1,8,1,home_win,home,0,82
29690,4,"{""series"":[""solutions/game_4/series/home_wins_2/rest-111111/top"",""solutions/game_4/series/home_wins_2/rest-111111/bot""],""total"":[""solutions/game_4/total/rest-111111/top"",""solutions/game_4/total/rest-111111/bot""]}","[1,1,1,1,1,1]","[1,1,1,1,1,1]",2,1,1,2,away_win,away,0,73
29690,5,"{""series"":[""solutions/game_5/single/rest-111111/top"",""solutions/game_5/single/rest-101010/bot""],""total"":[""solutions/game_5/single/rest-111111/top"",""solutions/game_5/single/rest-101010/bot""]}","[1,1,1,1,1,1]","[1,0,1,0,1,0]",2,2,8,0,home_win,home,0,71
29691,1,"{""series"":[""solutions/game_1/series/rest-111111/top"",""solutions/game_1/series/rest-111111/bot""],""total"":[""solutions/game_1/total/rest-111111/top"",""solutions/game_1/total/rest-111111/bot""]}","[1,1,1,1,1,1]","[1,1,1,1,1,1]",0,0,0,5,away_win,away,0,76
29691,2,"{""series"":[""solutions/game_2/series/home_wins_0/rest-111110/top"",""solutions/game_2/series/home_wins_0/rest-001111/bot""],""total"":[""solutions/game_2/total/rest-111110/top"",""solutions/game_2/total/rest-001111/bot""]}","[1,1,1,1,1,0]","[0,0,1,1,1,1]",0,1,2,4,away_win,away,0,80
29691,3,"{""series"":[""solutions/game_3/series/home_wins_0/rest-110101/top"",""solutions/game_3/series/home_wins_0/rest-110010/bot""],""total"":[""solutions/game_3/total/rest-110101/top"",""solutions/game_3/total/rest-110010/bot""]}","[1,1,0,1,0,1]","[1,1,0,0,1,0]",0,2,7,4,home_win,home,0,82
29691,4,"{""series"":[""solutions/game_4/series/home_wins_1/rest-111100/top"",""solutions/game_4/series/home_wins_1/rest-111101/bot""],""total"":[""solutions/game_4/total/rest-111100/top"",""solutions/game_4/total/rest-111101/bot""]}","[1,1,1,1,0,0]","[1,1,1,1,0,1]",1,2,1,10,away_win,away,0,60
29691,5,"{""series"":[""solutions/game_5/single/rest-010111/top"",""solutions/game_5/single/rest-111111/bot""],""total"":[""solutions/game_5/single/rest-010111/top"",""solutions/game_5/single/rest-111111/bot""]}","[0,1,0,1,1,1]","[1,1,1,1,1,1]",1,3,7,4,home_win,home,1,78
29692,1,"{""series"":[""solutions/game_1/series/rest-111111/top"",""solutions/game_1/series/rest-111111/bot""],""total"":[""solutions/game_1/total/rest-111111/top"",""solutions/game_1/total/rest-111111/bot""]}","[1,1,1,1,1,1]","[1,1,1,1,1,1]",0,0,0,7,away_win,away,0,70
29692,2,"{""series"":[""solutions/game_2/series/home_wins_0/rest-111101/top"",""solutions/game_2/series/home_wins_0/rest-111111/bot""],""total"":[""solutions/game_2/total/rest-111101/top"",""solutions/game_2/total/rest-111111/bot""]}","[1,1,1,1,0,1]","[1,1,1,1,1,1]",0,1,0,9,away_win,away,0,32
29692,3,"{""series"":[""solutions/game_3/series/home_wins_0/rest-111111/top"",""solutions/game_3/series/home_wins_0/rest-111111/bot""],""total"":[""solutions/game_3/total/rest-111111/top"",""solutions/game_3/total/rest-111111/bot""]}","[1,1,1,1,1,1]","[1,1,1,1,1,1]",0,2,13,5,home_win,home,0,79
29692,4,"{""series"":[""solutions/game_4/series/home_wins_1/rest-111101/top"",""solutions/game_4/series/home_wins_1/rest-111101/bot""],""total"":[""solutions/game_4/total/rest-111101/top"",""solutions/game_4/total/rest-111101/bot""]}","[1,1,1,1,0,1]","[1,1,1,1,0,1]",1,2,9,1,home_win,home,0,64
29692,5,"{""series"":[""solutions/game_5/single/rest-111011/top"",""solutions/game_5/single/rest-110111/bot""],""total"":[""solutions/game_5/single/rest-111011/top"",""solutions/game_5/single/rest-110111/bot""]}","[1,1,1,0,1,1]","[1,1,0,1,1,1]",2,2,5,6,away_win,away,0,92
29693,1,"{""series"":[""solutions/game_1/series/rest-111111/top"",""solutions/game_1/series/rest-111111/bot""],""total"":[""solutions/game_1/total/rest-111111/top"",""solutions/game_1/total/rest-111111/bot""]}","[1,1,1,1,1,1]","[1,1,1,1,1,1]",0,0,0,6,away_win,away,0,81
29693,2,"{""series"":[""solutions/game_2/series/home_wins_0/rest-111110/top"",""solutions/game_2/series/home_wins_0/rest-111101/bot""],""total"":[""solutions/game_2/total/rest-111110/top"",""solutions/game_2/total/rest-111101/bot""]}","[1,1,1,1,1,0]","[1,1,1,1,0,1]",0,1,7,6,home_win,home,0,83
29693,3,"{""series"":[""solutions/game_3/series/home_wins_1/rest-110011/top"",""solutions/game_3/series/home_wins_1/rest-001011/bot""],""total"":[""solutions/game_3/total/rest-110011/top"",""solutions/game_3/total/rest-001011/bot""]}","[1,1,0,0,1,1]","[0,0,1,0,1,1]",1,1,7,4,home_win,home,0,81
29693,4,"{""series"":[""solutions/game_4/series/home_wins_2/rest-011000/top"",""solutions/game_4/series/home_wins_2/rest-111101/bot""],""total"":[""solutions/game_4/total/rest-011000/top"",""solutions/game_4/total/rest-111101/bot""]}","[0,1,1,0,0,0]","[1,1,1,1,0,1]",2,1,5,9,away_win,away,0,85
29693,5,"{""series"":[""solutions/game_5/single/rest-101111/top"",""solutions/game_5/single/rest-001111/bot""],""total"":[""solutions/game_5/single/rest-101111/top"",""solutions/game_5/single/rest-001111/bot""]}","[1,0,1,1,1,1]","[0,0,1,1,1,1]",2,2,8,0,home_win,home,0,50
29694,1,"{""series"":[""solutions/game_1/series/rest-111111/top"",""solutions/game_1/series/rest-111111/bot""],""total"":[""solutions/game_1/total/rest-111111/top"",""solutions/game_1/total/rest-111111/bot""]}","[1,1,1,1,1,1]","[1,1,1,1,1,1]",0,0,6,5,home_win,home,0,85
29694,2,"{""series"":[""solutions/game_2/series/home_wins_1/rest-101110/top"",""solutions/game_2/series/home_wins_1/rest-101011/bot""],""total"":[""solutions/game_2/total/rest-101110/top"",""solutions/game_2/total/rest-101011/bot""]}","[1,0,1,1,1,0]","[1,0,1,0,1,1]",1,0,1,2,away_win,away,0,70
29694,3,"{""series"":[""solutions/game_3/series/home_wins_1/rest-111000/top"",""solutions/game_3/series/home_wins_1/rest-011111/bot""],""total"":[""solutions/game_3/total/rest-111000/top"",""solutions/game_3/total/rest-011111/bot""]}","[1,1,1,0,0,0]","[0,1,1,1,1,1]",1,1,3,2,home_win,home,0,80
29694,4,"{""series"":[""solutions/game_4/series/home_wins_2/rest-100111/top"",""solutions/game_4/series/home_wins_2/rest-100011/bot""],""total"":[""solutions/game_4/total/rest-100111/top"",""solutions/game_4/total/rest-100011/bot""]}","[1,0,0,1,1,1]","[1,0,0,0,1,1]",2,1,7,2,home_win,home,0,85
29694,5,"{""series"":[""solutions/game_5/single/rest-110110/top"",""solutions/game_5/single/rest-011111/bot""],""total"":[""solutions/game_5/single/rest-110110/top"",""solutions/game_5/single/rest-011111/bot""]}","[1,1,0,1,1,0]","[0,1,1,1,1,1]",3,1,5,4,home_win,home,1,84
29695,1,"{""series"":[""solutions/game_1/series/rest-111111/top"",""solutions/game_1/series/rest-111111/bot""],""total"":[""solutions/game_1/total/rest-111111/top"",""solutions/game_1/total/rest-111111/bot""]}","[1,1,1,1,1,1]","[1,1,1,1,1,1]",0,0,8,4,home_win,home,0,74
29695,2,"{""series"":[""solutions/game_2/series/home_wins_1/rest-111110/top"",""solutions/game_2/series/home_wins_1/rest-110111/bot""],""total"":[""solutions/game_2/total/rest-111110/top"",""solutions/game_2/total/rest-110111/bot""]}","[1,1,1,1,1,0]","[1,1,0,1,1,1]",1,0,1,8,away_win,away,0,92
29695,3,"{""series"":[""solutions/game_3/series/home_wins_1/rest-111001/top"",""solutions/game_3/series/home_wins_1/rest-010100/bot""],""total"":[""solutions/game_3/total/rest-111001/top"",""solutions/game_3/total/rest-010100/bot""]}","[1,1,1,0,0,1]","[0,1,0,1,0,0]",1,1,5,4,home_win,home,0,84
29695,4,"{""series"":[""solutions/game_4/series/home_wins_2/rest-010110/top"",""solutions/game_4/series/home_wins_2/rest-101111/bot""],""total"":[""solutions/game_4/total/rest-010110/top"",""solutions/game_4/total/rest-101111/bot""]}","[0,1,0,1,1,0]","[1,0,1,1,1,1]",2,1,2,11,away_win,away,0,80
29695,5,"{""series"":[""solutions/game_5/single/rest-111011/top"",""solutions/game_5/single/rest-101011/bot""],""total"":[""solutions/game_5/single/rest-111011/top"",""solutions/game_5/single/rest-101011/bot""]}","[1,1,1,0,1,1]","[1,0,1,0,1,1]",2,2,2,0,home_win,home,0,69
29696,1,"{""series"":[""solutions/game_1/series/rest-111111/top"",""solutions/game_1/series/rest-111111/bot""],""total"":[""solutions/game_1/total/rest-111111/top"",""solutions/game_1/total/rest-111111/bot""]}","[1,1,1,1,1,1]","[1,1,1,1,1,1]",0,0,9,1,home_win,home,0,54
29696,2,"{""series"":[""solutions/game_2/series/home_wins_1/rest-111111/top"",""solutions/game_2/series/home_wins_1/rest-111111/bot""],""total"":[""solutions/game_2/total/rest-111111/top"",""solutions/game_2/total/rest-111111/bot""]}","[1,1,1,1,1,1]","[1,1,1,1,1,1]",1,0,5,7,away_win,away,0,92
29696,3,"{""series"":[""solutions/game_3/series/home_wins_1/rest-011001/top"",""solutions/game_3/series/home_wins_1/rest-111010/bot""],""total"":[""solutions/game_3/total/rest-011001/top"",""solutions/game_3/total/rest-111010/bot""]}","[0,1,1,0,0,1]","[1,1,1,0,1,0]",1,1,2,10,away_win,away,0,84
29696,4,"{""series"":[""solutions/game_4/series/home_wins_1/rest-111111/top"",""solutions/game_4/series/home_wins_1/rest-100111/bot""],""total"":[""solutions/game_4/total/rest-111111/top"",""solutions/game_4/total/rest-100111/bot""]}","[1,1,1,1,1,1]","[1,0,0,1,1,1]",1,2,9,2,home_win,home,0,79
29696,5,"{""series"":[""solutions/game_5/single/rest-110011/top"",""solutions/game_5/single/rest-110111/bot""],""total"":[""solutions/game_5/single/rest-110011/top"",""solutions/game_5/single/rest-110111/bot""]}","[1,1,0,0,1,1]","[1,1,0,1,1,1]",2,2,7,2,home_win,home,0,75
