sequence,game,policies,home_initial_rest,away_initial_rest,home_wins_before,away_wins_before,home_score,away_score,terminal_result,winner,post_clinch,decisions
18177,1,"{""single"":[""solutions/game_1/single/rest-111111/top"",""solutions/game_1/single/rest-111111/bot""]}","[1,1,1,1,1,1]","[1,1,1,1,1,1]",0,0,0,5,away_win,away,0,80
18177,2,"{""single"":[""solutions/game_2/single/rest-010101/top"",""solutions/game_2/single/rest-001011/bot""]}","[0,1,0,1,0,1]","[0,0,1,0,1,1]",0,1,4,5,away_win,away,0,80
18177,3,"{""single"":[""solutions/game_3/single/rest-101010/top"",""solutions/game_3/single/rest-100110/bot""]}","[1,0,1,0,1,0]","[1,0,0,1,1,0]",0,2,1,7,away_win,away,0,85
18177,4,"{""single"":[""solutions/game_4/single/rest-010101/top"",""solutions/game_4/single/rest-111001/bot""]}","[0,1,0,1,0,1]","[1,1,1,0,0,1]",0,3,4,1,home_win,home,1,74
18177,5,"{""single"":[""solutions/game_5/single/rest-100011/top"",""solutions/game_5/single/rest-111110/bot""]}","[1,0,0,0,1,1]","[1,1,1,1,1,0]",1,3,10,2,home_win,home,1,73
18178,1,"{""single"":[""solutions/game_1/single/rest-111111/top"",""solutions/game_1/single/rest-111111/bot""]}","[1,1,1,1,1,1]","[1,1,1,1,1,1]",0,0,3,1,home_win,home,0,69
18178,2,"{""single"":[""solutions/game_2/single/rest-110001/top"",""solutions/game_2/single/rest-011011/bot""]}","[1,1,0,0,0,1]","[0,1,1,0,1,1]",1,0,1,5,away_win,away,0,89
18178,3,"{""single"":[""solutions/game_3/single/rest-001110/top"",""solutions/game_3/single/rest-101111/bot""]}","[0,0,1,1,1,0]","[1,0,1,1,1,1]",1,1,3,6,away_win,away,0,92
18178,4,"{""single"":[""solutions/game_4/single/rest-110001/top"",""solutions/game_4/single/rest-011010/bot""]}","[1,1,0,0,0,1]","[0,1,1,0,1,0]",1,2,1,9,away_win,away,0,50
18178,5,"{""single"":[""solutions/game_5/single/rest-011111/top"",""solutions/game_5/single/rest-111111/bot""]}","[0,1,1,1,1,1]","[1,1,1,1,1,1]",1,3,4,3,home_win,home,1,83
18179,1,"{""single"":[""solutions/game_1/single/rest-111111/top"",""solutions/game_1/single/rest-111111/bot""]}","[1,1,1,1,1,1]","[1,1,1,1,1,1]",0,0,10,1,home_win,home,0,61
18179,2,"{""single"":[""solutions/game_2/single/rest-111101/top"",""solutions/game_2/single/rest-100111/bot""]}","[1,1,1,1,0,1]","[1,0,0,1,1,1]",1,0,3,4,away_win,away,0,78
18179,3,"{""single"":[""solutions/game_3/single/rest-011111/top"",""solutions/game_3/single/rest-010010/bot""]}","[0,1,1,1,1,1]","[0,1,0,0,1,0]",1,1,3,6,away_win,away,0,83
18179,4,"{""single"":[""solutions/game_4/single/rest-100011/top"",""solutions/game_4/single/rest-101111/bot""]}","[1,0,0,0,1,1]","[1,0,1,1,1,1]",1,2,2,5,away_win,away,0,87
18179,5,"{""single"":[""solutions/game_5/single/rest-001100/top"",""solutions/game_5/single/rest-010110/bot""]}","[0,0,1,1,0,0]","[0,1,0,1,1,0]",1,3,2,5,away_win,away,1,85
18180,1,"{""single"":[""solutions/game_1/single/rest-111111/top"",""solutions/game_1/single/rest-111111/bot""]}","[1,1,1,1,1,1]","[1,1,1,1,1,1]",0,0,3,11,away_win,away,0,74
18180,2,"{""single"":[""solutions/game_2/single/rest-110001/top"",""solutions/game_2/single/rest-011011/bot""]}","[1,1,0,0,0,1]","[0,1,1,0,1,1]",0,1,3,8,away_win,away,0,84
18180,3,"{""single"":[""solutions/game_3/single/rest-101111/top"",""solutions/game_3/single/rest-111111/bot""]}","[1,0,1,1,1,1]","[1,1,1,1,1,1]",0,2,7,4,home_win,home,0,82
18180,4,"{""single"":[""solutions/game_4/single/rest-110011/top"",""solutions/game_4/single/rest-001100/bot""]}","[1,1,0,0,1,1]","[0,0,1,1,0,0]",1,2,7,6,home_win,home,0,85
18180,5,"{""single"":[""solutions/game_5/single/rest-101111/top"",""solutions/game_5/single/rest-110111/bot""]}","[1,0,1,1,1,1]","[1,1,0,1,1,1]",2,2,4,2,home_win,home,0,79
18181,1,"{""single"":[""solutions/game_1/single/rest-111111/top"",""solutions/game_1/single/rest-111111/bot""]}","[1,1,1,1,1,1]","[1,1,1,1,1,1]",0,0,13,10,home_win,home,0,95
18181,2,"{""single"":[""solutions/game_2/single/rest-010101/top"",""solutions/game_2/single/rest-001110/bot""]}","[0,1,0,1,0,1]","[0,0,1,1,1,0]",1,0,8,5,home_win,home,0,88
18181,3,"{""single"":[""solutions/game_3/single/rest-101111/top"",""solutions/game_3/single/rest-111011/bot""]}","[1,0,1,1,1,1]","[1,1,1,0,1,1]",2,0,9,10,away_win,away,0,101
18181,4,"{""single"":[""solutions/game_4/single/rest-011010/top"",""solutions/game_4/single/rest-001100/bot""]}","[0,1,1,0,1,0]","[0,0,1,1,0,0]",2,1,8,0,home_win,home,0,34
18181,5,"{""single"":[""solutions/game_5/single/rest-011111/top"",""solutions/game_5/single/rest-111111/bot""]}","[0,1,1,1,1,1]","[1,1,1,1,1,1]",3,1,7,10,away_win,away,1,94
18182,1,"{""single"":[""solutions/game_1/single/rest-111111/top"",""solutions/game_1/single/rest-111111/bot""]}","[1,1,1,1,1,1]","[1,1,1,1,1,1]",0,0,4,6,away_win,away,0,83
18182,2,"{""single"":[""solutions/game_2/single/rest-110010/top"",""solutions/game_2/single/rest-001010/bot""]}","[1,1,0,0,1,0]","[0,0,1,0,1,0]",0,1,6,7,away_win,away,0,93
18182,3,"{""single"":[""solutions/game_3/single/rest-001101/top"",""solutions/game_3/single/rest-110100/bot""]}","[0,0,1,1,0,1]","[1,1,0,1,0,0]",0,2,4,6,away_win,away,0,88
18182,4,"{""single"":[""solutions/game_4/single/rest-110010/top"",""solutions/game_4/single/rest-011011/bot""]}","[1,1,0,0,1,0]","[0,1,1,0,1,1]",0,3,2,3,away_win,away,1,74
18182,5,"{""single"":[""solutions/game_5/single/rest-001101/top"",""solutions/game_5/single/rest-101100/bot""]}","[0,0,1,1,0,1]","[1,0,1,1,0,0]",0,4,12,16,away_win,away,1,102
18183,1,"{""single"":[""solutions/game_1/single/rest-111111/top"",""solutions/game_1/single/rest-111111/bot""]}","[1,1,1,1,1,1]","[1,1,1,1,1,1]",0,0,1,5,away_win,away,0,82
18183,2,"{""single"":[""solutions/game_2/single/rest-011111/top"",""solutions/game_2/single/rest-101010/bot""]}","[0,1,1,1,1,1]","[1,0,1,0,1,0]",0,1,0,8,away_win,away,0,27
18183,3,"{""single"":[""solutions/game_3/single/rest-111111/top"",""solutions/game_3/single/rest-111011/bot""]}","[1,1,1,1,1,1]","[1,1,1,0,1,1]",0,2,0,8,away_win,away,0,34
18183,4,"{""single"":[""solutions/game_4/single/rest-111111/top"",""solutions/game_4/single/rest-111111/bot""]}","[1,1,1,1,1,1]","[1,1,1,1,1,1]",0,3,7,2,home_win,home,1,86
18183,5,"{""single"":[""solutions/game_5/single/rest-111011/top"",""solutions/game_5/single/rest-100111/bot""]}","[1,1,1,0,1,1]","[1,0,0,1,1,1]",1,3,6,8,away_win,away,1,94
18184,1,"{""single"":[""solutions/game_1/single/rest-111111/top"",""solutions/game_1/single/rest-111111/bot""]}","[1,1,1,1,1,1]","[1,1,1,1,1,1]",0,0,4,6,away_win,away,0,83
18184,2,"{""single"":[""solutions/game_2/single/rest-010011/top"",""solutions/game_2/single/rest-101010/bot""]}","[0,1,0,0,1,1]","[1,0,1,0,1,0]",0,1,7,1,home_win,home,0,83
18184,3,"{""single"":[""solutions/game_3/single/rest-101001/top"",""solutions/game_3/single/rest-010101/bot""]}","[1,0,1,0,0,1]","[0,1,0,1,0,1]",1,1,4,1,home_win,home,0,72
18184,4,"{""single"":[""solutions/game_4/single/rest-000111/top"",""solutions/game_4/single/rest-111110/bot""]}","[0,0,0,1,1,1]","[1,1,1,1,1,0]",2,1,3,11,away_win,away,0,80
18184,5,"{""single"":[""solutions/game_5/single/rest-111111/top"",""solutions/game_5/single/rest-111001/bot""]}","[1,1,1,1,1,1]","[1,1,1,0,0,1]",2,2,4,10,away_win,away,0,94
18185,1,"{""single"":[""solutions/game_1/single/rest-111111/top"",""solutions/game_1/single/rest-111111/bot""]}","[1,1,1,1,1,1]","[1,1,1,1,1,1]",0,0,4,0,home_win,home,0,76
18185,2,"{""single"":[""solutions/game_2/single/rest-110000/top"",""solutions/game_2/single/rest-011010/bot""]}","[1,1,0,0,0,0]","[0,1,1,0,1,0]",1,0,0,10,away_win,away,0,27
18185,3,"{""single"":[""solutions/game_3/single/rest-111111/top"",""solutions/game_3/single/rest-111110/bot""]}","[1,1,1,1,1,1]","[1,1,1,1,1,0]",1,1,3,0,home_win,home,0,82
18185,4,"{""single"":[""solutions/game_4/single/rest-011011/top"",""solutions/game_4/single/rest-111001/bot""]}","[0,1,1,0,1,1]","[1,1,1,0,0,1]",2,1,3,4,away_win,away,0,86
18185,5,"{""single"":[""solutions/game_5/single/rest-100111/top"",""solutions/game_5/single/rest-001110/bot""]}","[1,0,0,1,1,1]","[0,0,1,1,1,0]",2,2,5,4,home_win,home,0,80
18186,1,"{""single"":[""solutions/game_1/single/rest-111111/top"",""solutions/game_1/single/rest-111111/bot""]}","[1,1,1,1,1,1]","[1,1,1,1,1,1]",0,0,1,3,away_win,away,0,77
18186,2,"{""single"":[""solutions/game_2/single/rest-011001/top"",""solutions/game_2/single/rest-011010/bot""]}","[0,1,1,0,0,1]","[0,1,1,0,1,0]",0,1,3,1,home_win,home,0,68
18186,3,"{""single"":[""solutions/game_3/single/rest-110111/top"",""solutions/game_3/single/rest-001101/bot""]}","[1,1,0,1,1,1]","[0,0,1,1,0,1]",1,1,6,4,home_win,home,0,84
18186,4,"{""single"":[""solutions/game_4/single/rest-011011/top"",""solutions/game_4/single/rest-100011/bot""]}","[0,1,1,0,1,1]","[1,0,0,0,1,1]",2,1,2,10,away_win,away,0,79
18186,5,"{""single"":[""solutions/game_5/single/rest-100100/top"",""solutions/game_5/single/rest-111111/bot""]}","[1,0,0,1,0,0]","[1,1,1,1,1,1]",2,2,5,4,home_win,home,0,87
18187,1,"{""single"":[""solutions/game_1/single/rest-111111/top"",""solutions/game_1/single/rest-111111/bot""]}","[1,1,1,1,1,1]","[1,1,1,1,1,1]",0,0,3,5,away_win,away,0,80
18187,2,"{""single"":[""solutions/game_2/single/rest-011001/top"",""solutions/game_2/single/rest-001010/bot""]}","[0,1,1,0,0,1]","[0,0,1,0,1,0]",0,1,8,7,home_win,home,0,91
18187,3,"{""single"":[""solutions/game_3/single/rest-100011/top"",""solutions/game_3/single/rest-100101/bot""]}","[1,0,0,0,1,1]","[1,0,0,1,0,1]",1,1,4,3,home_win,home,0,79
18187,4,"{""single"":[""solutions/game_4/single/rest-111101/top"",""solutions/game_4/single/rest-111111/bot""]}","[1,1,1,1,0,1]","[1,1,1,1,1,1]",2,1,5,3,home_win,home,0,87
18187,5,"{""single"":[""solutions/game_5/single/rest-110010/top"",""solutions/game_5/single/rest-111000/bot""]}","[1,1,0,0,1,0]","[1,1,1,0,0,0]",3,1,5,6,away_win,away,1,86
18188,1,"{""single"":[""solutions/game_1/single/rest-111111/top"",""solutions/game_1/single/rest-111111/bot""]}","[1,1,1,1,1,1]","[1,1,1,1,1,1]",0,0,2,2,tie,away,0,89
18188,2,"{""single"":[""solutions/game_2/single/rest-110001/top"",""solutions/game_2/single/rest-101001/bot""]}","[1,1,0,0,0,1]","[1,0,1,0,0,1]",0,1,7,0,home_win,home,0,73
18188,3,"{""single"":[""solutions/game_3/single/rest-011110/top"",""solutions/game_3/single/rest-111110/bot""]}","[0,1,1,1,1,0]","[1,1,1,1,1,0]",1,1,3,6,away_win,away,0,82
18188,4,"{""single"":[""solutions/game_4/single/rest-110001/top"",""solutions/game_4/single/rest-000011/bot""]}","[1,1,0,0,0,1]","[0,0,0,0,1,1]",1,2,6,4,home_win,home,0,81
18188,5,"{""single"":[""solutions/game_5/single/rest-011111/top"",""solutions/game_5/single/rest-001100/bot""]}","[0,1,1,1,1,1]","[0,0,1,1,0,0]",2,2,6,4,home_win,home,0,83
18189,1,"{""single"":[""solutions/game_1/single/rest-111111/top"",""solutions/game_1/single/rest-111111/bot""]}","[1,1,1,1,1,1]","[1,1,1,1,1,1]",0,0,5,3,home_win,home,0,91
18189,2,"{""single"":[""solutions/game_2/single/rest-010100/top"",""solutions/game_2/single/rest-001010/bot""]}","[0,1,0,1,0,0]","[0,0,1,0,1,0]",1,0,1,6,away_win,away,0,81
18189,3,"{""single"":[""solutions/game_3/single/rest-101011/top"",""solutions/game_3/single/rest-111111/bot""]}","[1,0,1,0,1,1]","[1,1,1,1,1,1]",1,1,6,4,home_win,home,0,86
18189,4,"{""single"":[""solutions/game_4/single/rest-110101/top"",""solutions/game_4/single/rest-111010/bot""]}","[1,1,0,1,0,1]","[1,1,1,0,1,0]",2,1,2,3,away_win,away,0,84
18189,5,"{""single"":[""solutions/game_5/single/rest-011011/top"",""solutions/game_5/single/rest-001111/bot""]}","[0,1,1,0,1,1]","[0,0,1,1,1,1]",2,2,4,1,home_win,home,0,75
18190,1,"{""single"":[""solutions/game_1/single/rest-111111/top"",""solutions/game_1/single/rest-111111/bot""]}","[1,1,1,1,1,1]","[1,1,1,1,1,1]",0,0,2,6,away_win,away,0,88
18190,2,"{""single"":[""solutions/game_2/single/rest-011011/top"",""solutions/game_2/single/rest-011110/bot""]}","[0,1,1,0,1,1]","[0,1,1,1,1,0]",0,1,16,15,home_win,home,0,118
18190,3,"{""single"":[""solutions/game_3/single/rest-101100/top"",""solutions/game_3/single/rest-001011/bot""]}","[1,0,1,1,0,0]","[0,0,1,0,1,1]",1,1,8,2,home_win,home,0,77
18190,4,"{""single"":[""solutions/game_4/single/rest-110011/top"",""solutions/game_4/single/rest-101110/bot""]}","[1,1,0,0,1,1]","[1,0,1,1,1,0]",2,1,2,8,away_win,away,0,86
18190,5,"{""single"":[""solutions/game_5/single/rest-001111/top"",""solutions/game_5/single/rest-110111/bot""]}","[0,0,1,1,1,1]","[1,1,0,1,1,1]",2,2,3,5,away_win,away,0,82
18191,1,"{""single"":[""solutions/game_1/single/rest-111111/top"",""solutions/game_1/single/rest-111111/bot""]}","[1,1,1,1,1,1]","[1,1,1,1,1,1]",0,0,6,5,home_win,home,0,84
18191,2,"{""single"":[""solutions/game_2/single/rest-111001/top"",""solutions/game_2/single/rest-011011/bot""]}","[1,1,1,0,0,1]","[0,1,1,0,1,1]",1,0,6,3,home_win,home,0,79
18191,3,"{""single"":[""solutions/game_3/single/rest-111110/top"",""solutions/game_3/single/rest-110110/bot""]}","[1,1,1,1,1,0]","[1,1,0,1,1,0]",2,0,7,9,away_win,away,0,91
18191,4,"{""single"":[""solutions/game_4/single/rest-101011/top"",""solutions/game_4/single/rest-111001/bot""]}","[1,0,1,0,1,1]","[1,1,1,0,0,1]",2,1,8,0,home_win,home,0,51
18191,5,"{""single"":[""solutions/game_5/single/rest-111111/top"",""solutions/game_5/single/rest-111111/bot""]}","[1,1,1,1,1,1]","[1,1,1,1,1,1]",3,1,10,4,home_win,home,1,91
18192,1,"{""single"":[""solutions/game_1/single/rest-111111/top"",""solutions/game_1/single/rest-111111/bot""]}","[1,1,1,1,1,1]","[1,1,1,1,1,1]",0,0,2,10,away_win,away,0,85
18192,2,"{""single"":[""solutions/game_2/single/rest-110000/top"",""solutions/game_2/single/rest-111111/bot""]}","[1,1,0,0,0,0]","[1,1,1,1,1,1]",0,1,1,3,away_win,away,0,76
18192,3,"{""single"":[""solutions/game_3/single/rest-000111/top"",""solutions/game_3/single/rest-001110/bot""]}","[0,0,0,1,1,1]","[0,0,1,1,1,0]",0,2,12,11,home_win,home,0,94
18192,4,"{""single"":[""solutions/game_4/single/rest-111100/top"",""solutions/game_4/single/rest-110101/bot""]}","[1,1,1,1,0,0]","[1,1,0,1,0,1]",1,2,4,5,away_win,away,0,79
18192,5,"{""single"":[""solutions/game_5/single/rest-010010/top"",""solutions/game_5/single/rest-001011/bot""]}","[0,1,0,0,1,0]","[0,0,1,0,1,1]",1,3,11,5,home_win,home,1,89
18193,1,"{""single"":[""solutions/game_1/single/rest-111111/top"",""solutions/game_1/single/rest-111111/bot""]}","[1,1,1,1,1,1]","[1,1,1,1,1,1]",0,0,2,4,away_win,away,0,77
18193,2,"{""single"":[""solutions/game_2/single/rest-111111/top"",""solutions/game_2/single/rest-001010/bot""]}","[1,1,1,1,1,1]","[0,0,1,0,1,0]",0,1,4,0,home_win,home,0,73
18193,3,"{""single"":[""solutions/game_3/single/rest-111011/top"",""solutions/game_3/single/rest-110011/bot""]}","[1,1,1,0,1,1]","[1,1,0,0,1,1]",1,1,1,9,away_win,away,0,80
18193,4,"{""single"":[""solutions/game_4/single/rest-000101/top"",""solutions/game_4/single/rest-111000/bot""]}","[0,0,0,1,0,1]","[1,1,1,0,0,0]",1,2,3,8,away_win,away,0,88
18193,5,"{""single"":[""solutions/game_5/single/rest-111001/top"",""solutions/game_5/single/rest-101011/bot""]}","[1,1,1,0,0,1]","[1,0,1,0,1,1]",1,3,4,7,away_win,away,1,84
18194,1,"{""single"":[""solutions/game_1/single/rest-111111/top"",""solutions/game_1/single/rest-111111/bot""]}","[1,1,1,1,1,1]","[1,1,1,1,1,1]",0,0,3,8,away_win,away,0,86
18194,2,"{""single"":[""solutions/game_2/single/rest-010001/top"",""solutions/game_2/single/rest-001011/bot""]}","[0,1,0,0,0,1]","[0,0,1,0,1,1]",0,1,1,12,away_win,away,0,63
18194,3,"{""single"":[""solutions/game_3/single/rest-101110/top"",""solutions/game_3/single/rest-111110/bot""]}","[1,0,1,1,1,0]","[1,1,1,1,1,0]",0,2,2,4,away_win,away,0,83
18194,4,"{""single"":[""solutions/game_4/single/rest-010101/top"",""solutions/game_4/single/rest-100111/bot""]}","[0,1,0,1,0,1]","[1,0,0,1,1,1]",0,3,1,2,away_win,away,1,71
18194,5,"{""single"":[""solutions/game_5/single/rest-111010/top"",""solutions/game_5/single/rest-111011/bot""]}","[1,1,1,0,1,0]","[1,1,1,0,1,1]",0,4,6,2,home_win,home,1,77
18195,1,"{""single"":[""solutions/game_1/single/rest-111111/top"",""solutions/game_1/single/rest-111111/bot""]}","[1,1,1,1,1,1]","[1,1,1,1,1,1]",0,0,3,5,away_win,away,0,80
18195,2,"{""single"":[""solutions/game_2/single/rest-011101/top"",""solutions/game_2/single/rest-101010/bot""]}","[0,1,1,1,0,1]","[1,0,1,0,1,0]",0,1,2,5,away_win,away,0,92
18195,3,"{""single"":[""solutions/game_3/single/rest-110010/top"",""solutions/game_3/single/rest-010101/bot""]}","[1,1,0,0,1,0]","[0,1,0,1,0,1]",0,2,1,9,away_win,away,0,68
18195,4,"{""single"":[""solutions/game_4/single/rest-001111/top"",""solutions/game_4/single/rest-111100/bot""]}","[0,0,1,1,1,1]","[1,1,1,1,0,0]",0,3,12,5,home_win,home,1,82
18195,5,"{""single"":[""solutions/game_5/single/rest-111111/top"",""solutions/game_5/single/rest-000111/bot""]}","[1,1,1,1,1,1]","[0,0,0,1,1,1]",1,3,4,12,away_win,away,1,91
18196,1,"{""single"":[""solutions/game_1/single/rest-111111/top"",""solutions/game_1/single/rest-111111/bot""]}","[1,1,1,1,1,1]","[1,1,1,1,1,1]",0,0,9,6,home_win,home,0,95
18196,2,"{""single"":[""solutions/game_2/single/rest-000101/top"",""solutions/game_2/single/rest-000001/bot""]}","[0,0,0,1,0,1]","[0,0,0,0,0,1]",1,0,9,4,home_win,home,0,82
18196,3,"{""single"":[""solutions/game_3/single/rest-111101/top"",""solutions/game_3/single/rest-111110/bot""]}","[1,1,1,1,0,1]","[1,1,1,1,1,0]",2,0,3,11,away_win,away,0,91
18196,4,"{""single"":[""solutions/game_4/single/rest-100010/top"",""solutions/game_4/single/rest-111011/bot""]}","[1,0,0,0,1,0]","[1,1,1,0,1,1]",2,1,4,13,away_win,away,0,96
18196,5,"{""single"":[""solutions/game_5/single/rest-111111/top"",""solutions/game_5/single/rest-001101/bot""]}","[1,1,1,1,1,1]","[0,0,1,1,0,1]",2,2,4,4,tie,home,0,85
18197,1,"{""single"":[""solutions/game_1/single/rest-111111/top"",""solutions/game_1/single/rest-111111/bot""]}","[1,1,1,1,1,1]","[1,1,1,1,1,1]",0,0,2,6,away_win,away,0,80
18197,2,"{""single"":[""solutions/game_2/single/rest-110101/top"",""solutions/game_2/single/rest-001010/bot""]}","[1,1,0,1,0,1]","[0,0,1,0,1,0]",0,1,4,8,away_win,away,0,87
18197,3,"{""single"":[""solutions/game_3/single/rest-101110/top"",""solutions/game_3/single/rest-110101/bot""]}","[1,0,1,1,1,0]","[1,1,0,1,0,1]",0,2,7,6,home_win,home,0,88
18197,4,"{""single"":[""solutions/game_4/single/rest-010011/top"",""solutions/game_4/single/rest-111000/bot""]}","[0,1,0,0,1,1]","[1,1,1,0,0,0]",1,2,9,1,home_win,home,0,63
18197,5,"{""single"":[""solutions/game_5/single/rest-111011/top"",""solutions/game_5/single/rest-010101/bot""]}","[1,1,1,0,1,1]","[0,1,0,1,0,1]",2,2,3,5,away_win,away,0,81
18198,1,"{""single"":[""solutions/game_1/single/rest-111111/top"",""solutions/game_1/single/rest-111111/bot""]}","[1,1,1,1,1,1]","[1,1,1,1,1,1]",0,0,3,2,home_win,home,0,88
18198,2,"{""single"":[""solutions/game_2/single/rest-110001/top"",""solutions/game_2/single/rest-000011/bot""]}","[1,1,0,0,0,1]","[0,0,0,0,1,1]",1,0,8,4,home_win,home,0,87
18198,3,"{""single"":[""solutions/game_3/single/rest-001110/top"",""solutions/game_3/single/rest-101101/bot""]}","[0,0,1,1,1,0]","[1,0,1,1,0,1]",2,0,5,3,home_win,home,0,82
18198,4,"{""single"":[""solutions/game_4/single/rest-110001/top"",""solutions/game_4/single/rest-010100/bot""]}","[1,1,0,0,0,1]","[0,1,0,1,0,0]",3,0,13,5,home_win,home,1,92
18198,5,"{""single"":[""solutions/game_5/single/rest-011110/top"",""solutions/game_5/single/rest-100010/bot""]}","[0,1,1,1,1,0]","[1,0,0,0,1,0]",4,0,4,1,home_win,home,1,75
18199,1,"{""single"":[""solutions/game_1/single/rest-111111/top"",""solutions/game_1/single/rest-111111/bot""]}","[1,1,1,1,1,1]","[1,1,1,1,1,1]",0,0,3,4,away_win,away,0,81
18199,2,"{""single"":[""solutions/game_2/single/rest-010001/top"",""solutions/game_2/single/rest-101010/bot""]}","[0,1,0,0,0,1]","[1,0,1,0,1,0]",0,1,1,0,home_win,home,0,65
18199,3,"{""single"":[""solutions/game_3/single/rest-111110/top"",""solutions/game_3/single/rest-111101/bot""]}","[1,1,1,1,1,0]","[1,1,1,1,0,1]",1,1,8,3,home_win,home,0,82
18199,4,"{""single"":[""solutions/game_4/single/rest-110101/top"",""solutions/game_4/single/rest-111011/bot""]}","[1,1,0,1,0,1]","[1,1,1,0,1,1]",2,1,8,5,home_win,home,0,83
18199,5,"{""single"":[""solutions/game_5/single/rest-001010/top"",""solutions/game_5/single/rest-010111/bot""]}","[0,0,1,0,1,0]","[0,1,0,1,1,1]",3,1,2,9,away_win,away,1,85
18200,1,"{""single"":[""solutions/game_1/single/rest-111111/top"",""solutions/game_1/single/rest-111111/bot""]}","[1,1,1,1,1,1]","[1,1,1,1,1,1]",0,0,7,12,away_win,away,0,104
18200,2,"{""single"":[""solutions/game_2/single/rest-000010/top"",""solutions/game_2/single/rest-011001/bot""]}","[0,0,0,0,1,0]","[0,1,1,0,0,1]",0,1,6,3,home_win,home,0,81
18200,3,"{""single"":[""solutions/game_3/single/rest-110101/top"",""solutions/game_3/single/rest-101110/bot""]}","[1,1,0,1,0,1]","[1,0,1,1,1,0]",1,1,0,3,away_win,away,0,70
18200,4,"{""single"":[""solutions/game_4/single/rest-011010/top"",""solutions/game_4/single/rest-000111/bot""]}","[0,1,1,0,1,0]","[0,0,0,1,1,1]",1,2,7,2,home_win,home,0,86
18200,5,"{""single"":[""solutions/game_5/single/rest-100101/top"",""solutions/game_5/single/rest-110000/bot""]}","[1,0,0,1,0,1]","[1,1,0,0,0,0]",2,2,1,4,away_win,away,0,83
18201,1,"{""single"":[""solutions/game_1/single/rest-111111/top"",""solutions/game_1/single/rest-111111/bot""]}","[1,1,1,1,1,1]","[1,1,1,1,1,1]",0,0,0,8,away_win,away,0,74
18201,2,"{""single"":[""solutions/game_2/single/rest-110011/top"",""solutions/game_2/single/rest-111111/bot""]}","[1,1,0,0,1,1]","[1,1,1,1,1,1]",0,1,5,7,away_win,away,0,91
18201,3,"{""single"":[""solutions/game_3/single/rest-001100/top"",""solutions/game_3/single/rest-001110/bot""]}","[0,0,1,1,0,0]","[0,0,1,1,1,0]",0,2,1,10,away_win,away,0,69
18201,4,"{""single"":[""solutions/game_4/single/rest-010011/top"",""solutions/game_4/single/rest-110111/bot""]}","[0,1,0,0,1,1]","[1,1,0,1,1,1]",0,3,2,5,away_win,away,1,82
18201,5,"{""single"":[""solutions/game_5/single/rest-011100/top"",""solutions/game_5/single/rest-101110/bot""]}","[0,1,1,1,0,0]","[1,0,1,1,1,0]",0,4,4,6,away_win,away,1,86
18202,1,"{""single"":[""solutions/game_1/single/rest-111111/top"",""solutions/game_1/single/rest-111111/bot""]}","[1,1,1,1,1,1]","[1,1,1,1,1,1]",0,0,4,3,home_win,home,0,79
18202,2,"{""single"":[""solutions/game_2/single/rest-010001/top"",""solutions/game_2/single/rest-001110/bot""]}","[0,1,0,0,0,1]","[0,0,1,1,1,0]",1,0,6,12,away_win,away,0,104
18202,3,"{""single"":[""solutions/game_3/single/rest-101001/top"",""solutions/game_3/single/rest-010101/bot""]}","[1,0,1,0,0,1]","[0,1,0,1,0,1]",1,1,5,4,home_win,home,0,96
18202,4,"{""single"":[""solutions/game_4/single/rest-011010/top"",""solutions/game_4/single/rest-101110/bot""]}","[0,1,1,0,1,0]","[1,0,1,1,1,0]",2,1,4,6,away_win,away,0,82
18202,5,"{""single"":[""solutions/game_5/single/rest-010111/top"",""solutions/game_5/single/rest-110001/bot""]}","[0,1,0,1,1,1]","[1,1,0,0,0,1]",2,2,4,3,home_win,home,0,75
18203,1,"{""single"":[""solutions/game_1/single/rest-111111/top"",""solutions/game_1/single/rest-111111/bot""]}","[1,1,1,1,1,1]","[1,1,1,1,1,1]",0,0,6,8,away_win,away,0,98
18203,2,"{""single"":[""solutions/game_2/single/rest-011100/top"",""solutions/game_2/single/rest-001010/bot""]}","[0,1,1,1,0,0]","[0,0,1,0,1,0]",0,1,9,12,away_win,away,0,103
18203,3,"{""single"":[""solutions/game_3/single/rest-000111/top"",""solutions/game_3/single/rest-110111/bot""]}","[0,0,0,1,1,1]","[1,1,0,1,1,1]",0,2,3,11,away_win,away,0,51
18203,4,"{""single"":[""solutions/game_4/single/rest-111101/top"",""solutions/game_4/single/rest-111111/bot""]}","[1,1,1,1,0,1]","[1,1,1,1,1,1]",0,3,0,7,away_win,away,1,81
18203,5,"{""single"":[""solutions/game_5/single/rest-010010/top"",""solutions/game_5/single/rest-001011/bot""]}","[0,1,0,0,1,0]","[0,0,1,0,1,1]",0,4,7,4,home_win,home,1,82
18204,1,"{""single"":[""solutions/game_1/single/rest-111111/top"",""solutions/game_1/single/rest-111111/bot""]}","[1,1,1,1,1,1]","[1,1,1,1,1,1]",0,0,2,3,away_win,away,0,81
18204,2,"{""single"":[""solutions/game_2/single/rest-011001/top"",""solutions/game_2/single/rest-101011/bot""]}","[0,1,1,0,0,1]","[1,0,1,0,1,1]",0,1,2,9,away_win,away,0,80
18204,3,"{""single"":[""solutions/game_3/single/rest-111110/top"",""solutions/game_3/single/rest-011011/bot""]}","[1,1,1,1,1,0]","[0,1,1,0,1,1]",0,2,4,2,home_win,home,0,75
18204,4,"{""single"":[""solutions/game_4/single/rest-010011/top"",""solutions/game_4/single/rest-111110/bot""]}","[0,1,0,0,1,1]","[1,1,1,1,1,0]",1,2,2,5,away_win,away,0,84
18204,5,"{""single"":[""solutions/game_5/single/rest-100100/top"",""solutions/game_5/single/rest-001011/bot""]}","[1,0,0,1,0,0]","[0,0,1,0,1,1]",1,3,4,11,away_win,away,1,94
18205,1,"{""single"":[""solutions/game_1/single/rest-111111/top"",""solutions/game_1/single/rest-111111/bot""]}","[1,1,1,1,1,1]","[1,1,1,1,1,1]",0,0,2,0,home_win,home,0,75
18205,2,"{""single"":[""solutions/game_2/single/rest-110011/top"",""solutions/game_2/single/rest-001010/bot""]}","[1,1,0,0,1,1]","[0,0,1,0,1,0]",1,0,5,4,home_win,home,0,97
18205,3,"{""single"":[""solutions/game_3/single/rest-010100/top"",""solutions/game_3/single/rest-011001/bot""]}","[0,1,0,1,0,0]","[0,1,1,0,0,1]",2,0,2,10,away_win,away,0,73
18205,4,"{""single"":[""solutions/game_4/single/rest-111111/top"",""solutions/game_4/single/rest-111111/bot""]}","[1,1,1,1,1,1]","[1,1,1,1,1,1]",2,1,1,7,away_win,away,0,82
18205,5,"{""single"":[""solutions/game_5/single/rest-100101/top"",""solutions/game_5/single/rest-001101/bot""]}","[1,0,0,1,0,1]","[0,0,1,1,0,1]",2,2,5,10,away_win,away,0,89
18206,1,"{""single"":[""solutions/game_1/single/rest-111111/top"",""solutions/game_1/single/rest-111111/bot""]}","[1,1,1,1,1,1]","[1,1,1,1,1,1]",0,0,4,1,home_win,home,0,74
18206,2,"{""single"":[""solutions/game_2/single/rest-111101/top"",""solutions/game_2/single/rest-011011/bot""]}","[1,1,1,1,0,1]","[0,1,1,0,1,1]",1,0,8,1,home_win,home,0,84
18206,3,"{""single"":[""solutions/game_3/single/rest-010010/top"",""solutions/game_3/single/rest-011100/bot""]}","[0,1,0,0,1,0]","[0,1,1,1,0,0]",2,0,3,6,away_win,away,0,86
18206,4,"{""single"":[""solutions/game_4/single/rest-101101/top"",""solutions/game_4/single/rest-101000/bot""]}","[1,0,1,1,0,1]","[1,0,1,0,0,0]",2,1,6,2,home_win,home,0,75
18206,5,"{""single"":[""solutions/game_5/single/rest-110111/top"",""solutions/game_5/single/rest-111101/bot""]}","[1,1,0,1,1,1]","[1,1,1,1,0,1]",3,1,9,12,away_win,away,1,104
18207,1,"{""single"":[""solutions/game_1/single/rest-111111/top"",""solutions/game_1/single/rest-111111/bot""]}","[1,1,1,1,1,1]","[1,1,1,1,1,1]",0,0,4,2,home_win,home,0,77
18207,2,"{""single"":[""solutions/game_2/single/rest-011001/top"",""solutions/game_2/single/rest-001011/bot""]}","[0,1,1,0,0,1]","[0,0,1,0,1,1]",1,0,9,0,home_win,home,0,37
18207,3,"{""single"":[""solutions/game_3/single/rest-111111/top"",""solutions/game_3/single/rest-011111/bot""]}","[1,1,1,1,1,1]","[0,1,1,1,1,1]",2,0,0,1,away_win,away,0,69
18207,4,"{""single"":[""solutions/game_4/single/rest-011001/top"",""solutions/game_4/single/rest-001110/bot""]}","[0,1,1,0,0,1]","[0,0,1,1,1,0]",2,1,9,6,home_win,home,0,83
18207,5,"{""single"":[""solutions/game_5/single/rest-111110/top"",""solutions/game_5/single/rest-111111/bot""]}","[1,1,1,1,1,0]","[1,1,1,1,1,1]",3,1,7,8,away_win,away,1,96
18208,1,"{""single"":[""solutions/game_1/single/rest-111111/top"",""solutions/game_1/single/rest-111111/bot""]}","[1,1,1,1,1,1]","[1,1,1,1,1,1]",0,0,7,5,home_win,home,0,84
18208,2,"{""single"":[""solutions/game_2/single/rest-110111/top"",""solutions/game_2/single/rest-101010/bot""]}","[1,1,0,1,1,1]","[1,0,1,0,1,0]",1,0,10,4,home_win,home,0,91
18208,3,"{""single"":[""solutions/game_3/single/rest-011010/top"",""solutions/game_3/single/rest-010101/bot""]}","[0,1,1,0,1,0]","[0,1,0,1,0,1]",2,0,2,6,away_win,away,0,82
18208,4,"{""single"":[""solutions/game_4/single/rest-001101/top"",""solutions/game_4/single/rest-101010/bot""]}","[0,0,1,1,0,1]","[1,0,1,0,1,0]",2,1,7,5,home_win,home,0,80
18208,5,"{""single"":[""solutions/game_5/single/rest-110011/top"",""solutions/game_5/single/rest-100101/bot""]}","[1,1,0,0,1,1]","[1,0,0,1,0,1]",3,1,4,3,home_win,home,1,83
18209,1,"{""single"":[""solutions/game_1/single/rest-111111/top"",""solutions/game_1/single/rest-111111/bot""]}","[1,1,1,1,1,1]","[1,1,1,1,1,1]",0,0,0,8,away_win,away,0,34
18209,2,"{""single"":[""solutions/game_2/single/rest-111111/top"",""solutions/game_2/single/rest-111111/bot""]}","[1,1,1,1,1,1]","[1,1,1,1,1,1]",0,1,2,2,tie,home,0,95
18209,3,"{""single"":[""solutions/game_3/single/rest-110001/top"",""solutions/game_3/single/rest-011110/bot""]}","[1,1,0,0,0,1]","[0,1,1,1,1,0]",1,1,2,8,away_win,away,0,83
18209,4,"{""single"":[""solutions/game_4/single/rest-101111/top"",""solutions/game_4/single/rest-100111/bot""]}","[1,0,1,1,1,1]","[1,0,0,1,1,1]",1,2,7,5,home_win,home,0,91
18209,5,"{""single"":[""solutions/game_5/single/rest-010000/top"",""solutions/game_5/single/rest-011010/bot""]}","[0,1,0,0,0,0]","[0,1,1,0,1,0]",2,2,5,6,away_win,away,0,82
18210,1,"{""single"":[""solutions/game_1/single/rest-111111/top"",""solutions/game_1/single/rest-111111/bot""]}","[1,1,1,1,1,1]","[1,1,1,1,1,1]",0,0,0,3,away_win,away,0,81
18210,2,"{""single"":[""solutions/game_2/single/rest-010000/top"",""solutions/game_2/single/rest-001010/bot""]}","[0,1,0,0,0,0]","[0,0,1,0,1,0]",0,1,5,3,home_win,home,0,86
18210,3,"{""single"":[""solutions/game_3/single/rest-111101/top"",""solutions/game_3/single/rest-111101/bot""]}","[1,1,1,1,0,1]","[1,1,1,1,0,1]",1,1,2,5,away_win,away,0,79
18210,4,"{""single"":[""solutions/game_4/single/rest-011111/top"",""solutions/game_4/single/rest-001010/bot""]}","[0,1,1,1,1,1]","[0,0,1,0,1,0]",1,2,4,5,away_win,away,0,89
18210,5,"{""single"":[""solutions/game_5/single/rest-100000/top"",""solutions/game_5/single/rest-110111/bot""]}","[1,0,0,0,0,0]","[1,1,0,1,1,1]",1,3,6,5,home_win,home,1,81
18211,1,"{""single"":[""solutions/game_1/single/rest-111111/top"",""solutions/game_1/single/rest-111111/bot""]}","[1,1,1,1,1,1]","[1,1,1,1,1,1]",0,0,4,5,away_win,away,0,88
18211,2,"{""single"":[""solutions/game_2/single/rest-010000/top"",""solutions/game_2/single/rest-001010/bot""]}","[0,1,0,0,0,0]","[0,0,1,0,1,0]",0,1,11,9,home_win,home,0,95
18211,3,"{""single"":[""solutions/game_3/single/rest-101111/top"",""solutions/game_3/single/rest-110101/bot""]}","[1,0,1,1,1,1]","[1,1,0,1,0,1]",1,1,1,3,away_win,away,0,73
18211,4,"{""single"":[""solutions/game_4/single/rest-110001/top"",""solutions/game_4/single/rest-001011/bot""]}","[1,1,0,0,0,1]","[0,0,1,0,1,1]",1,2,4,9,away_win,away,0,79
18211,5,"{""single"":[""solutions/game_5/single/rest-011110/top"",""solutions/game_5/single/rest-111100/bot""]}","[0,1,1,1,1,0]","[1,1,1,1,0,0]",1,3,8,4,home_win,home,1,87
18212,1,"{""single"":[""solutions/game_1/single/rest-111111/top"",""solutions/game_1/single/rest-111111/bot""]}","[1,1,1,1,1,1]","[1,1,1,1,1,1]",0,0,4,7,away_win,away,0,91
18212,2,"{""single"":[""solutions/game_2/single/rest-110001/top"",""solutions/game_2/single/rest-011110/bot""]}","[1,1,0,0,0,1]","[0,1,1,1,1,0]",0,1,7,2,home_win,home,0,85
18212,3,"{""single"":[""solutions/game_3/single/rest-001010/top"",""solutions/game_3/single/rest-110000/bot""]}","[0,0,1,0,1,0]","[1,1,0,0,0,0]",1,1,6,5,home_win,home,0,95
18212,4,"{""single"":[""solutions/game_4/single/rest-110111/top"",""solutions/game_4/single/rest-001011/bot""]}","[1,1,0,1,1,1]","[0,0,1,0,1,1]",2,1,1,6,away_win,away,0,83
18212,5,"{""single"":[""solutions/game_5/single/rest-111001/top"",""solutions/game_5/single/rest-100000/bot""]}","[1,1,1,0,0,1]","[1,0,0,0,0,0]",2,2,15,5,home_win,home,0,76
18213,1,"{""single"":[""solutions/game_1/single/rest-111111/top"",""solutions/game_1/single/rest-111111/bot""]}","[1,1,1,1,1,1]","[1,1,1,1,1,1]",0,0,2,5,away_win,away,0,83
18213,2,"{""single"":[""solutions/game_2/single/rest-010000/top"",""solutions/game_2/single/rest-101010/bot""]}","[0,1,0,0,0,0]","[1,0,1,0,1,0]",0,1,5,7,away_win,away,0,84
18213,3,"{""single"":[""solutions/game_3/single/rest-100111/top"",""solutions/game_3/single/rest-010101/bot""]}","[1,0,0,1,1,1]","[0,1,0,1,0,1]",0,2,5,4,home_win,home,0,83
18213,4,"{""single"":[""solutions/game_4/single/rest-011001/top"",""solutions/game_4/single/rest-101010/bot""]}","[0,1,1,0,0,1]","[1,0,1,0,1,0]",1,2,10,2,home_win,home,0,65
18213,5,"{""single"":[""solutions/game_5/single/rest-111110/top"",""solutions/game_5/single/rest-010110/bot""]}","[1,1,1,1,1,0]","[0,1,0,1,1,0]",2,2,5,6,away_win,away,0,91
18214,1,"{""single"":[""solutions/game_1/single/rest-111111/top"",""solutions/game_1/single/rest-111111/bot""]}","[1,1,1,1,1,1]","[1,1,1,1,1,1]",0,0,7,3,home_win,home,0,76
18214,2,"{""single"":[""solutions/game_2/single/rest-010011/top"",""solutions/game_2/single/rest-001010/bot""]}","[0,1,0,0,1,1]","[0,0,1,0,1,0]",1,0,1,0,home_win,home,0,70
18214,3,"{""single"":[""solutions/game_3/single/rest-111001/top"",""solutions/game_3/single/rest-111101/bot""]}","[1,1,1,0,0,1]","[1,1,1,1,0,1]",2,0,5,5,tie,away,0,90
18214,4,"{""single"":[""solutions/game_4/single/rest-111110/top"",""solutions/game_4/single/rest-001110/bot""]}","[1,1,1,1,1,0]","[0,0,1,1,1,0]",2,1,0,9,away_win,away,0,48
18214,5,"{""single"":[""solutions/game_5/single/rest-010111/top"",""solutions/game_5/single/rest-111111/bot""]}","[0,1,0,1,1,1]","[1,1,1,1,1,1]",2,2,9,8,home_win,home,0,93
18215,1,"{""single"":[""solutions/game_1/single/rest-111111/top"",""solutions/game_1/single/rest-111111/bot""]}","[1,1,1,1,1,1]","[1,1,1,1,1,1]",0,0,4,3,home_win,home,0,83
18215,2,"{""single"":[""solutions/game_2/single/rest-110001/top"",""solutions/game_2/single/rest-001111/bot""]}","[1,1,0,0,0,1]","[0,0,1,1,1,1]",1,0,4,2,home_win,home,0,82
18215,3,"{""single"":[""solutions/game_3/single/rest-011110/top"",""solutions/game_3/single/rest-011010/bot""]}","[0,1,1,1,1,0]","[0,1,1,0,1,0]",2,0,2,1,home_win,home,0,69
18215,4,"{""single"":[""solutions/game_4/single/rest-110101/top"",""solutions/game_4/single/rest-111111/bot""]}","[1,1,0,1,0,1]","[1,1,1,1,1,1]",3,0,0,9,away_win,away,1,41
18215,5,"{""single"":[""solutions/game_5/single/rest-011111/top"",""solutions/game_5/single/rest-111111/bot""]}","[0,1,1,1,1,1]","[1,1,1,1,1,1]",3,1,5,4,home_win,home,1,97
18216,1,"{""single"":[""solutions/game_1/single/rest-111111/top"",""solutions/game_1/single/rest-111111/bot""]}","[1,1,1,1,1,1]","[1,1,1,1,1,1]",0,0,1,0,home_win,home,0,70
18216,2,"{""single"":[""solutions/game_2/single/rest-010101/top"",""solutions/game_2/single/rest-101111/bot""]}","[0,1,0,1,0,1]","[1,0,1,1,1,1]",1,0,8,0,home_win,home,0,55
18216,3,"{""single"":[""solutions/game_3/single/rest-111111/top"",""solutions/game_3/single/rest-011110/bot""]}","[1,1,1,1,1,1]","[0,1,1,1,1,0]",2,0,6,5,home_win,home,0,85
18216,4,"{""single"":[""solutions/game_4/single/rest-010111/top"",""solutions/game_4/single/rest-100111/bot""]}","[0,1,0,1,1,1]","[1,0,0,1,1,1]",3,0,3,12,away_win,away,1,81
18216,5,"{""single"":[""solutions/game_5/single/rest-111100/top"",""solutions/game_5/single/rest-011110/bot""]}","[1,1,1,1,0,0]","[0,1,1,1,1,0]",3,1,5,10,away_win,away,1,95
18217,1,"{""single"":[""solutions/game_1/single/rest-111111/top"",""solutions/game_1/single/rest-111111/bot""]}","[1,1,1,1,1,1]","[1,1,1,1,1,1]",0,0,10,6,home_win,home,0,88
18217,2,"{""single"":[""solutions/game_2/single/rest-010001/top"",""solutions/game_2/single/rest-001110/bot""]}","[0,1,0,0,0,1]","[0,0,1,1,1,0]",1,0,1,2,away_win,away,0,73
18217,3,"{""single"":[""solutions/game_3/single/rest-101110/top"",""solutions/game_3/single/rest-100011/bot""]}","[1,0,1,1,1,0]","[1,0,0,0,1,1]",1,1,9,11,away_win,away,0,101
18217,4,"{""single"":[""solutions/game_4/single/rest-110001/top"",""solutions/game_4/single/rest-011000/bot""]}","[1,1,0,0,0,1]","[0,1,1,0,0,0]",1,2,1,8,away_win,away,0,85
18217,5,"{""single"":[""solutions/game_5/single/rest-001111/top"",""solutions/game_5/single/rest-110111/bot""]}","[0,0,1,1,1,1]","[1,1,0,1,1,1]",1,3,10,4,home_win,home,1,92
18218,1,"{""single"":[""solutions/game_1/single/rest-111111/top"",""solutions/game_1/single/rest-111111/bot""]}","[1,1,1,1,1,1]","[1,1,1,1,1,1]",0,0,7,5,home_win,home,0,88
18218,2,"{""single"":[""solutions/game_2/single/rest-010000/top"",""solutions/game_2/single/rest-001010/bot""]}","[0,1,0,0,0,0]","[0,0,1,0,1,0]",1,0,6,4,home_win,home,0,80
18218,3,"{""single"":[""solutions/game_3/single/rest-101110/top"",""solutions/game_3/single/rest-111101/bot""]}","[1,0,1,1,1,0]","[1,1,1,1,0,1]",2,0,5,8,away_win,away,0,92
18218,4,"{""single"":[""solutions/game_4/single/rest-010001/top"",""solutions/game_4/single/rest-101010/bot""]}","[0,1,0,0,0,1]","[1,0,1,0,1,0]",2,1,0,2,away_win,away,0,75
18218,5,"{""single"":[""solutions/game_5/single/rest-101100/top"",""solutions/game_5/single/rest-010001/bot""]}","[1,0,1,1,0,0]","[0,1,0,0,0,1]",2,2,4,5,away_win,away,0,78
18219,1,"{""single"":[""solutions/game_1/single/rest-111111/top"",""solutions/game_1/single/rest-111111/bot""]}","[1,1,1,1,1,1]","[1,1,1,1,1,1]",0,0,4,3,home_win,home,0,89
18219,2,"{""single"":[""solutions/game_2/single/rest-010111/top"",""solutions/game_2/single/rest-001001/bot""]}","[0,1,0,1,1,1]","[0,0,1,0,0,1]",1,0,13,12,home_win,home,0,103
18219,3,"{""single"":[""solutions/game_3/single/rest-101010/top"",""solutions/game_3/single/rest-100110/bot""]}","[1,0,1,0,1,0]","[1,0,0,1,1,0]",2,0,5,2,home_win,home,0,68
18219,4,"{""single"":[""solutions/game_4/single/rest-110111/top"",""solutions/game_4/single/rest-111111/bot""]}","[1,1,0,1,1,1]","[1,1,1,1,1,1]",3,0,6,2,home_win,home,1,79
18219,5,"{""single"":[""solutions/game_5/single/rest-111100/top"",""solutions/game_5/single/rest-001010/bot""]}","[1,1,1,1,0,0]","[0,0,1,0,1,0]",4,0,6,2,home_win,home,1,78
18220,1,"{""single"":[""solutions/game_1/single/rest-111111/top"",""solutions/game_1/single/rest-111111/bot""]}","[1,1,1,1,1,1]","[1,1,1,1,1,1]",0,0,6,3,home_win,home,0,75
18220,2,"{""single"":[""solutions/game_2/single/rest-110101/top"",""solutions/game_2/single/rest-011111/bot""]}","[1,1,0,1,0,1]","[0,1,1,1,1,1]",1,0,2,5,away_win,away,0,79
18220,3,"{""single"":[""solutions/game_3/single/rest-011110/top"",""solutions/game_3/single/rest-101110/bot""]}","[0,1,1,1,1,0]","[1,0,1,1,1,0]",1,1,7,1,home_win,home,0,83
18220,4,"{""single"":[""solutions/game_4/single/rest-110001/top"",""solutions/game_4/single/rest-010111/bot""]}","[1,1,0,0,0,1]","[0,1,0,1,1,1]",2,1,7,5,home_win,home,0,79
18220,5,"{""single"":[""solutions/game_5/single/rest-000111/top"",""solutions/game_5/single/rest-111011/bot""]}","[0,0,0,1,1,1]","[1,1,1,0,1,1]",3,1,9,5,home_win,home,1,85
18221,1,"{""single"":[""solutions/game_1/single/rest-111111/top"",""solutions/game_1/single/rest-111111/bot""]}","[1,1,1,1,1,1]","[1,1,1,1,1,1]",0,0,0,8,away_win,away,0,43
18221,2,"{""single"":[""solutions/game_2/single/rest-111101/top"",""solutions/game_2/single/rest-111111/bot""]}","[1,1,1,1,0,1]","[1,1,1,1,1,1]",0,1,5,5,tie,away,0,94
18221,3,"{""single"":[""solutions/game_3/single/rest-000011/top"",""solutions/game_3/single/rest-011001/bot""]}","[0,0,0,0,1,1]","[0,1,1,0,0,1]",0,2,0,2,away_win,away,0,72
18221,4,"{""single"":[""solutions/game_4/single/rest-111100/top"",""solutions/game_4/single/rest-010111/bot""]}","[1,1,1,1,0,0]","[0,1,0,1,1,1]",0,3,5,7,away_win,away,1,81
18221,5,"{""single"":[""solutions/game_5/single/rest-010010/top"",""solutions/game_5/single/rest-101010/bot""]}","[0,1,0,0,1,0]","[1,0,1,0,1,0]",0,4,6,5,home_win,home,1,84
18222,1,"{""single"":[""solutions/game_1/single/rest-111111/top"",""solutions/game_1/single/rest-111111/bot""]}","[1,1,1,1,1,1]","[1,1,1,1,1,1]",0,0,5,4,home_win,home,0,77
18222,2,"{""single"":[""solutions/game_2/single/rest-011101/top"",""solutions/game_2/single/rest-001111/bot""]}","[0,1,1,1,0,1]","[0,0,1,1,1,1]",1,0,2,1,home_win,home,0,78
18222,3,"{""single"":[""solutions/game_3/single/rest-011111/top"",""solutions/game_3/single/rest-110000/bot""]}","[0,1,1,1,1,1]","[1,1,0,0,0,0]",2,0,5,4,home_win,home,0,93
18222,4,"{""single"":[""solutions/game_4/single/rest-100101/top"",""solutions/game_4/single/rest-011110/bot""]}","[1,0,0,1,0,1]","[0,1,1,1,1,0]",3,0,4,3,home_win,home,1,75
18222,5,"{""single"":[""solutions/game_5/single/rest-010111/top"",""solutions/game_5/single/rest-101001/bot""]}","[0,1,0,1,1,1]","[1,0,1,0,0,1]",4,0,7,4,home_win,home,1,86
18223,1,"{""single"":[""solutions/game_1/single/rest-111111/top"",""solutions/game_1/single/rest-111111/bot""]}","[1,1,1,1,1,1]","[1,1,1,1,1,1]",0,0,5,0,home_win,home,0,76
18223,2,"{""single"":[""solutions/game_2/single/rest-110011/top"",""solutions/game_2/single/rest-011010/bot""]}","[1,1,0,0,1,1]","[0,1,1,0,1,0]",1,0,1,10,away_win,away,0,84
18223,3,"{""single"":[""solutions/game_3/single/rest-101101/top"",""solutions/game_3/single/rest-110111/bot""]}","[1,0,1,1,0,1]","[1,1,0,1,1,1]",1,1,5,7,away_win,away,0,95
18223,4,"{""single"":[""solutions/game_4/single/rest-111010/top"",""solutions/game_4/single/rest-001010/bot""]}","[1,1,1,0,1,0]","[0,0,1,0,1,0]",1,2,10,9,home_win,home,0,94
18223,5,"{""single"":[""solutions/game_5/single/rest-000101/top"",""solutions/game_5/single/rest-110101/bot""]}","[0,0,0,1,0,1]","[1,1,0,1,0,1]",2,2,0,3,away_win,away,0,78
18224,1,"{""single"":[""solutions/game_1/single/rest-111111/top"",""solutions/game_1/single/rest-111111/bot""]}","[1,1,1,1,1,1]","[1,1,1,1,1,1]",0,0,7,8,away_win,away,0,102
18224,2,"{""single"":[""solutions/game_2/single/rest-001000/top"",""solutions/game_2/single/rest-101001/bot""]}","[0,0,1,0,0,0]","[1,0,1,0,0,1]",0,1,1,9,away_win,away,0,55
18224,3,"{""single"":[""solutions/game_3/single/rest-111111/top"",""solutions/game_3/single/rest-111111/bot""]}","[1,1,1,1,1,1]","[1,1,1,1,1,1]",0,2,2,1,home_win,home,0,76
18224,4,"{""single"":[""solutions/game_4/single/rest-110001/top"",""solutions/game_4/single/rest-101011/bot""]}","[1,1,0,0,0,1]","[1,0,1,0,1,1]",1,2,6,2,home_win,home,0,75
18224,5,"{""single"":[""solutions/game_5/single/rest-111111/top"",""solutions/game_5/single/rest-011110/bot""]}","[1,1,1,1,1,1]","[0,1,1,1,1,0]",2,2,5,5,tie,home,0,96
18225,1,"{""single"":[""solutions/game_1/single/rest-111111/top"",""solutions/game_1/single/rest-111111/bot""]}","[1,1,1,1,1,1]","[1,1,1,1,1,1]",0,0,7,0,home_win,home,0,82
18225,2,"{""single"":[""solutions/game_2/single/rest-110101/top"",""solutions/game_2/single/rest-101110/bot""]}","[1,1,0,1,0,1]","[1,0,1,1,1,0]",1,0,7,1,home_win,home,0,78
18225,3,"{""single"":[""solutions/game_3/single/rest-111010/top"",""solutions/game_3/single/rest-010101/bot""]}","[1,1,1,0,1,0]","[0,1,0,1,0,1]",2,0,1,6,away_win,away,0,84
18225,4,"{""single"":[""solutions/game_4/single/rest-010111/top"",""solutions/game_4/single/rest-111011/bot""]}","[0,1,0,1,1,1]","[1,1,1,0,1,1]",2,1,0,8,away_win,away,0,63
18225,5,"{""single"":[""solutions/game_5/single/rest-101001/top"",""solutions/game_5/single/rest-001111/bot""]}","[1,0,1,0,0,1]","[0,0,1,1,1,1]",2,2,10,2,home_win,home,0,74
18226,1,"{""single"":[""solutions/game_1/single/rest-111111/top"",""solutions/game_1/single/rest-111111/bot""]}","[1,1,1,1,1,1]","[1,1,1,1,1,1]",0,0,3,2,home_win,home,0,77
18226,2,"{""single"":[""solutions/game_2/single/rest-011001/top"",""solutions/game_2/single/rest-101010/bot""]}","[0,1,1,0,0,1]","[1,0,1,0,1,0]",1,0,9,1,home_win,home,0,60
18226,3,"{""single"":[""solutions/game_3/single/rest-111111/top"",""solutions/game_3/single/rest-010111/bot""]}","[1,1,1,1,1,1]","[0,1,0,1,1,1]",2,0,4,0,home_win,home,0,72
18226,4,"{""single"":[""solutions/game_4/single/rest-010011/top"",""solutions/game_4/single/rest-111110/bot""]}","[0,1,0,0,1,1]","[1,1,1,1,1,0]",3,0,4,5,away_win,away,1,82
18226,5,"{""single"":[""solutions/game_5/single/rest-101101/top"",""solutions/game_5/single/rest-001111/bot""]}","[1,0,1,1,0,1]","[0,0,1,1,1,1]",3,1,3,4,away_win,away,1,79
18227,1,"{""single"":[""solutions/game_1/single/rest-111111/top"",""solutions/game_1/single/rest-111111/bot""]}","[1,1,1,1,1,1]","[1,1,1,1,1,1]",0,0,7,3,home_win,home,0,92
18227,2,"{""single"":[""solutions/game_2/single/rest-111010/top"",""solutions/game_2/single/rest-000011/bot""]}","[1,1,1,0,1,0]","[0,0,0,0,1,1]",1,0,3,5,away_win,away,0,92
18227,3,"{""single"":[""solutions/game_3/single/rest-000101/top"",""solutions/game_3/single/rest-111101/bot""]}","[0,0,0,1,0,1]","[1,1,1,1,0,1]",1,1,8,0,home_win,home,0,58
18227,4,"{""single"":[""solutions/game_4/single/rest-111111/top"",""solutions/game_4/single/rest-101111/bot""]}","[1,1,1,1,1,1]","[1,0,1,1,1,1]",2,1,8,0,home_win,home,0,32
18227,5,"{""single"":[""solutions/game_5/single/rest-111111/top"",""solutions/game_5/single/rest-111111/bot""]}","[1,1,1,1,1,1]","[1,1,1,1,1,1]",3,1,9,4,home_win,home,1,83
18228,1,"{""single"":[""solutions/game_1/single/rest-111111/top"",""solutions/game_1/single/rest-111111/bot""]}","[1,1,1,1,1,1]","[1,1,1,1,1,1]",0,0,0,3,away_win,away,0,78
18228,2,"{""single"":[""solutions/game_2/single/rest-010101/top"",""solutions/game_2/single/rest-011011/bot""]}","[0,1,0,1,0,1]","[0,1,1,0,1,1]",0,1,3,6,away_win,away,0,94
18228,3,"{""single"":[""solutions/game_3/single/rest-101110/top"",""solutions/game_3/single/rest-101100/bot""]}","[1,0,1,1,1,0]","[1,0,1,1,0,0]",0,2,1,0,home_win,home,0,67
18228,4,"{""single"":[""solutions/game_4/single/rest-110001/top"",""solutions/game_4/single/rest-110011/bot""]}","[1,1,0,0,0,1]","[1,1,0,0,1,1]",1,2,9,4,home_win,home,0,80
18228,5,"{""single"":[""solutions/game_5/single/rest-011110/top"",""solutions/game_5/single/rest-101101/bot""]}","[0,1,1,1,1,0]","[1,0,1,1,0,1]",2,2,0,8,away_win,away,0,28
18229,1,"{""single"":[""solutions/game_1/single/rest-111111/top"",""solutions/game_1/single/rest-111111/bot""]}","[1,1,1,1,1,1]","[1,1,1,1,1,1]",0,0,0,5,away_win,away,0,73
18229,2,"{""single"":[""solutions/game_2/single/rest-110001/top"",""solutions/game_2/single/rest-111011/bot""]}","[1,1,0,0,0,1]","[1,1,1,0,1,1]",0,1,8,7,home_win,home,0,87
18229,3,"{""single"":[""solutions/game_3/single/rest-000110/top"",""solutions/game_3/single/rest-101100/bot""]}","[0,0,0,1,1,0]","[1,0,1,1,0,0]",1,1,4,4,tie,away,0,99
18229,4,"{""single"":[""solutions/game_4/single/rest-111011/top"",""solutions/game_4/single/rest-111011/bot""]}","[1,1,1,0,1,1]","[1,1,1,0,1,1]",1,2,0,9,away_win,away,0,40
18229,5,"{""single"":[""solutions/game_5/single/rest-111111/top"",""solutions/game_5/single/rest-111111/bot""]}","[1,1,1,1,1,1]","[1,1,1,1,1,1]",1,3,3,1,home_win,home,1,79
18230,1,"{""single"":[""solutions/game_1/single/rest-111111/top"",""solutions/game_1/single/rest-111111/bot""]}","[1,1,1,1,1,1]","[1,1,1,1,1,1]",0,0,4,6,away_win,away,0,83
18230,2,"{""single"":[""solutions/game_2/single/rest-111001/top"",""solutions/game_2/single/rest-011100/bot""]}","[1,1,1,0,0,1]","[0,1,1,1,0,0]",0,1,1,4,away_win,away,0,78
18230,3,"{""single"":[""solutions/game_3/single/rest-010110/top"",""solutions/game_3/single/rest-101011/bot""]}","[0,1,0,1,1,0]","[1,0,1,0,1,1]",0,2,2,6,away_win,away,0,79
18230,4,"{""single"":[""solutions/game_4/single/rest-101100/top"",""solutions/game_4/single/rest-011111/bot""]}","[1,0,1,1,0,0]","[0,1,1,1,1,1]",0,3,5,11,away_win,away,1,98
18230,5,"{""single"":[""solutions/game_5/single/rest-011111/top"",""solutions/game_5/single/rest-101000/bot""]}","[0,1,1,1,1,1]","[1,0,1,0,0,0]",0,4,5,3,home_win,home,1,73
18231,1,"{""single"":[""solutions/game_1/single/rest-111111/top"",""solutions/game_1/single/rest-111111/bot""]}","[1,1,1,1,1,1]","[1,1,1,1,1,1]",0,0,8,4,home_win,home,0,86
18231,2,"{""single"":[""solutions/game_2/single/rest-011101/top"",""solutions/game_2/single/rest-010110/bot""]}","[0,1,1,1,0,1]","[0,1,0,1,1,0]",1,0,10,2,home_win,home,0,78
18231,3,"{""single"":[""solutions/game_3/single/rest-110011/top"",""solutions/game_3/single/rest-101111/bot""]}","[1,1,0,0,1,1]","[1,0,1,1,1,1]",2,0,4,3,home_win,home,0,81
18231,4,"{""single"":[""solutions/game_4/single/rest-011111/top"",""solutions/game_4/single/rest-010110/bot""]}","[0,1,1,1,1,1]","[0,1,0,1,1,0]",3,0,4,0,home_win,home,1,73
18231,5,"{""single"":[""solutions/game_5/single/rest-110011/top"",""solutions/game_5/single/rest-101111/bot""]}","[1,1,0,0,1,1]","[1,0,1,1,1,1]",4,0,2,10,away_win,away,1,64
18232,1,"{""single"":[""solutions/game_1/single/rest-111111/top"",""solutions/game_1/single/rest-111111/bot""]}","[1,1,1,1,1,1]","[1,1,1,1,1,1]",0,0,3,1,home_win,home,0,69
18232,2,"{""single"":[""solutions/game_2/single/rest-010011/top"",""solutions/game_2/single/rest-111011/bot""]}","[0,1,0,0,1,1]","[1,1,1,0,1,1]",1,0,3,3,tie,home,0,98
18232,3,"{""single"":[""solutions/game_3/single/rest-111100/top"",""solutions/game_3/single/rest-001100/bot""]}","[1,1,1,1,0,0]","[0,0,1,1,0,0]",2,0,8,2,home_win,home,0,78
18232,4,"{""single"":[""solutions/game_4/single/rest-010111/top"",""solutions/game_4/single/rest-111011/bot""]}","[0,1,0,1,1,1]","[1,1,1,0,1,1]",3,0,1,5,away_win,away,1,80
18232,5,"{""single"":[""solutions/game_5/single/rest-111000/top"",""solutions/game_5/single/rest-001010/bot""]}","[1,1,1,0,0,0]","[0,0,1,0,1,0]",3,1,12,11,home_win,home,1,93
18233,1,"{""single"":[""solutions/game_1/single/rest-111111/top"",""solutions/game_1/single/rest-111111/bot""]}","[1,1,1,1,1,1]","[1,1,1,1,1,1]",0,0,3,1,home_win,home,0,77
18233,2,"{""single"":[""solutions/game_2/single/rest-010011/top"",""solutions/game_2/single/rest-011011/bot""]}","[0,1,0,0,1,1]","[0,1,1,0,1,1]",1,0,14,6,home_win,home,0,92
18233,3,"{""single"":[""solutions/game_3/single/rest-111110/top"",""solutions/game_3/single/rest-111110/bot""]}","[1,1,1,1,1,0]","[1,1,1,1,1,0]",2,0,3,1,home_win,home,0,73
18233,4,"{""single"":[""solutions/game_4/single/rest-110011/top"",""solutions/game_4/single/rest-100111/bot""]}","[1,1,0,0,1,1]","[1,0,0,1,1,1]",3,0,3,5,away_win,away,1,86
18233,5,"{""single"":[""solutions/game_5/single/rest-011101/top"",""solutions/game_5/single/rest-111000/bot""]}","[0,1,1,1,0,1]","[1,1,1,0,0,0]",3,1,5,13,away_win,away,1,81
18234,1,"{""single"":[""solutions/game_1/single/rest-111111/top"",""solutions/game_1/single/rest-111111/bot""]}","[1,1,1,1,1,1]","[1,1,1,1,1,1]",0,0,3,2,home_win,home,0,79
18234,2,"{""single"":[""solutions/game_2/single/rest-010011/top"",""solutions/game_2/single/rest-001010/bot""]}","[0,1,0,0,1,1]","[0,0,1,0,1,0]",1,0,6,3,home_win,home,0,76
18234,3,"{""single"":[""solutions/game_3/single/rest-000110/top"",""solutions/game_3/single/rest-110101/bot""]}","[0,0,0,1,1,0]","[1,1,0,1,0,1]",2,0,2,9,away_win,away,0,83
18234,4,"{""single"":[""solutions/game_4/single/rest-111011/top"",""solutions/game_4/single/rest-111011/bot""]}","[1,1,1,0,1,1]","[1,1,1,0,1,1]",2,1,1,2,away_win,away,0,76
18234,5,"{""single"":[""solutions/game_5/single/rest-011110/top"",""solutions/game_5/single/rest-001111/bot""]}","[0,1,1,1,1,0]","[0,0,1,1,1,1]",2,2,3,7,away_win,away,0,86
18235,1,"{""single"":[""solutions/game_1/single/rest-111111/top"",""solutions/game_1/single/rest-111111/bot""]}","[1,1,1,1,1,1]","[1,1,1,1,1,1]",0,0,5,0,home_win,home,0,73
18235,2,"{""single"":[""solutions/game_2/single/rest-110101/top"",""solutions/game_2/single/rest-101110/bot""]}","[1,1,0,1,0,1]","[1,0,1,1,1,0]",1,0,2,10,away_win,away,0,68
18235,3,"{""single"":[""solutions/game_3/single/rest-111010/top"",""solutions/game_3/single/rest-011110/bot""]}","[1,1,1,0,1,0]","[0,1,1,1,1,0]",1,1,5,4,home_win,home,0,81
18235,4,"{""single"":[""solutions/game_4/single/rest-000101/top"",""solutions/game_4/single/rest-100111/bot""]}","[0,0,0,1,0,1]","[1,0,0,1,1,1]",2,1,6,3,home_win,home,0,78
18235,5,"{""single"":[""solutions/game_5/single/rest-111011/top"",""solutions/game_5/single/rest-011010/bot""]}","[1,1,1,0,1,1]","[0,1,1,0,1,0]",3,1,5,3,home_win,home,1,74
18236,1,"{""single"":[""solutions/game_1/single/rest-111111/top"",""solutions/game_1/single/rest-111111/bot""]}","[1,1,1,1,1,1]","[1,1,1,1,1,1]",0,0,4,5,away_win,away,0,90
18236,2,"{""single"":[""solutions/game_2/single/rest-100001/top"",""solutions/game_2/single/rest-000110/bot""]}","[1,0,0,0,0,1]","[0,0,0,1,1,0]",0,1,5,2,home_win,home,0,73
18236,3,"{""single"":[""solutions/game_3/single/rest-111110/top"",""solutions/game_3/single/rest-111001/bot""]}","[1,1,1,1,1,0]","[1,1,1,0,0,1]",1,1,3,2,home_win,home,0,76
18236,4,"{""single"":[""solutions/game_4/single/rest-010001/top"",""solutions/game_4/single/rest-101111/bot""]}","[0,1,0,0,0,1]","[1,0,1,1,1,1]",2,1,2,4,away_win,away,0,89
18236,5,"{""single"":[""solutions/game_5/single/rest-111110/top"",""solutions/game_5/single/rest-110010/bot""]}","[1,1,1,1,1,0]","[1,1,0,0,1,0]",2,2,3,2,home_win,home,0,74
18237,1,"{""single"":[""solutions/game_1/single/rest-111111/top"",""solutions/game_1/single/rest-111111/bot""]}","[1,1,1,1,1,1]","[1,1,1,1,1,1]",0,0,3,2,home_win,home,0,77
18237,2,"{""single"":[""solutions/game_2/single/rest-010101/top"",""solutions/game_2/single/rest-010011/bot""]}","[0,1,0,1,0,1]","[0,1,0,0,1,1]",1,0,3,2,home_win,home,0,78
18237,3,"{""single"":[""solutions/game_3/single/rest-101110/top"",""solutions/game_3/single/rest-101110/bot""]}","[1,0,1,1,1,0]","[1,0,1,1,1,0]",2,0,4,5,away_win,away,0,84
18237,4,"{""single"":[""solutions/game_4/single/rest-110011/top"",""solutions/game_4/single/rest-010001/bot""]}","[1,1,0,0,1,1]","[0,1,0,0,0,1]",2,1,0,8,away_win,away,0,44
18237,5,"{""single"":[""solutions/game_5/single/rest-111111/top"",""solutions/game_5/single/rest-111111/bot""]}","[1,1,1,1,1,1]","[1,1,1,1,1,1]",2,2,4,5,away_win,away,0,89
18238,1,"{""single"":[""solutions/game_1/single/rest-111111/top"",""solutions/game_1/single/rest-111111/bot""]}","[1,1,1,1,1,1]","[1,1,1,1,1,1]",0,0,5,6,away_win,away,0,93
18238,2,"{""single"":[""solutions/game_2/single/rest-010011/top"",""solutions/game_2/single/rest-000000/bot""]}","[0,1,0,0,1,1]","[0,0,0,0,0,0]",0,1,4,3,home_win,home,0,72
18238,3,"{""single"":[""solutions/game_3/single/rest-001101/top"",""solutions/game_3/single/rest-111111/bot""]}","[0,0,1,1,0,1]","[1,1,1,1,1,1]",1,1,3,5,away_win,away,0,83
18238,4,"{""single"":[""solutions/game_4/single/rest-111010/top"",""solutions/game_4/single/rest-011010/bot""]}","[1,1,1,0,1,0]","[0,1,1,0,1,0]",1,2,4,3,home_win,home,0,76
18238,5,"{""single"":[""solutions/game_5/single/rest-110111/top"",""solutions/game_5/single/rest-111101/bot""]}","[1,1,0,1,1,1]","[1,1,1,1,0,1]",2,2,3,1,home_win,home,0,74
18239,1,"{""single"":[""solutions/game_1/single/rest-111111/top"",""solutions/game_1/single/rest-111111/bot""]}","[1,1,1,1,1,1]","[1,1,1,1,1,1]",0,0,7,9,away_win,away,0,92
18239,2,"{""single"":[""solutions/game_2/single/rest-110001/top"",""solutions/game_2/single/rest-001111/bot""]}","[1,1,0,0,0,1]","[0,0,1,1,1,1]",0,1,8,7,home_win,home,0,87
18239,3,"{""single"":[""solutions/game_3/single/rest-011110/top"",""solutions/game_3/single/rest-110000/bot""]}","[0,1,1,1,1,0]","[1,1,0,0,0,0]",1,1,8,6,home_win,home,0,91
18239,4,"{""single"":[""solutions/game_4/single/rest-100101/top"",""solutions/game_4/single/rest-001111/bot""]}","[1,0,0,1,0,1]","[0,0,1,1,1,1]",2,1,3,2,home_win,home,0,81
18239,5,"{""single"":[""solutions/game_5/single/rest-111010/top"",""solutions/game_5/single/rest-111000/bot""]}","[1,1,1,0,1,0]","[1,1,1,0,0,0]",3,1,9,3,home_win,home,1,83
18240,1,"{""single"":[""solutions/game_1/single/rest-111111/top"",""solutions/game_1/single/rest-111111/bot""]}","[1,1,1,1,1,1]","[1,1,1,1,1,1]",0,0,7,6,home_win,home,0,86
18240,2,"{""single"":[""solutions/game_2/single/rest-010000/top"",""solutions/game_2/single/rest-111110/bot""]}","[0,1,0,0,0,0]","[1,1,1,1,1,0]",1,0,6,9,away_win,away,0,95
18240,3,"{""single"":[""solutions/game_3/single/rest-111111/top"",""solutions/game_3/single/rest-101011/bot""]}","[1,1,1,1,1,1]","[1,0,1,0,1,1]",1,1,4,5,away_win,away,0,82
18240,4,"{""single"":[""solutions/game_4/single/rest-110001/top"",""solutions/game_4/single/rest-011101/bot""]}","[1,1,0,0,0,1]","[0,1,1,1,0,1]",1,2,6,1,home_win,home,0,80
18240,5,"{""single"":[""solutions/game_5/single/rest-011111/top"",""solutions/game_5/single/rest-100111/bot""]}","[0,1,1,1,1,1]","[1,0,0,1,1,1]",2,2,8,0,home_win,home,0,37
18241,1,"{""single"":[""solutions/game_1/single/rest-111111/top"",""solutions/game_1/single/rest-111111/bot""]}","[1,1,1,1,1,1]","[1,1,1,1,1,1]",0,0,5,2,home_win,home,0,83
18241,2,"{""single"":[""solutions/game_2/single/rest-010100/top"",""solutions/game_2/single/rest-001011/bot""]}","[0,1,0,1,0,0]","[0,0,1,0,1,1]",1,0,5,6,away_win,away,0,86
18241,3,"{""single"":[""solutions/game_3/single/rest-101011/top"",""solutions/game_3/single/rest-110100/bot""]}","[1,0,1,0,1,1]","[1,1,0,1,0,0]",1,1,8,7,home_win,home,0,83
18241,4,"{""single"":[""solutions/game_4/single/rest-110011/top"",""solutions/game_4/single/rest-101011/bot""]}","[1,1,0,0,1,1]","[1,0,1,0,1,1]",2,1,1,2,away_win,away,0,77
18241,5,"{""single"":[""solutions/game_5/single/rest-111110/top"",""solutions/game_5/single/rest-010111/bot""]}","[1,1,1,1,1,0]","[0,1,0,1,1,1]",2,2,5,3,home_win,home,0,81
18242,1,"{""single"":[""solutions/game_1/single/rest-111111/top"",""solutions/game_1/single/rest-111111/bot""]}","[1,1,1,1,1,1]","[1,1,1,1,1,1]",0,0,3,4,away_win,away,0,80
18242,2,"{""single"":[""solutions/game_2/single/rest-011011/top"",""solutions/game_2/single/rest-001010/bot""]}","[0,1,1,0,1,1]","[0,0,1,0,1,0]",0,1,7,6,home_win,home,0,89
18242,3,"{""single"":[""solutions/game_3/single/rest-100110/top"",""solutions/game_3/single/rest-110101/bot""]}","[1,0,0,1,1,0]","[1,1,0,1,0,1]",1,1,2,3,away_win,away,0,95
18242,4,"{""single"":[""solutions/game_4/single/rest-011001/top"",""solutions/game_4/single/rest-001010/bot""]}","[0,1,1,0,0,1]","[0,0,1,0,1,0]",1,2,4,11,away_win,away,0,104
18242,5,"{""single"":[""solutions/game_5/single/rest-110111/top"",""solutions/game_5/single/rest-110111/bot""]}","[1,1,0,1,1,1]","[1,1,0,1,1,1]",1,3,4,4,tie,home,1,99
18243,1,"{""single"":[""solutions/game_1/single/rest-111111/top"",""solutions/game_1/single/rest-111111/bot""]}","[1,1,1,1,1,1]","[1,1,1,1,1,1]",0,0,1,5,away_win,away,0,82
18243,2,"{""single"":[""solutions/game_2/single/rest-010000/top"",""solutions/game_2/single/rest-001011/bot""]}","[0,1,0,0,0,0]","[0,0,1,0,1,1]",0,1,3,11,away_win,away,0,52
18243,3,"{""single"":[""solutions/game_3/single/rest-111111/top"",""solutions/game_3/single/rest-111011/bot""]}","[1,1,1,1,1,1]","[1,1,1,0,1,1]",0,2,8,7,home_win,home,0,99
18243,4,"{""single"":[""solutions/game_4/single/rest-010011/top"",""solutions/game_4/single/rest-111111/bot""]}","[0,1,0,0,1,1]","[1,1,1,1,1,1]",1,2,12,11,home_win,home,0,109
18243,5,"{""single"":[""solutions/game_5/single/rest-111101/top"",""solutions/game_5/single/rest-100011/bot""]}","[1,1,1,1,0,1]","[1,0,0,0,1,1]",2,2,3,1,home_win,home,0,68
18244,1,"{""single"":[""solutions/game_1/single/rest-111111/top"",""solutions/game_1/single/rest-111111/bot""]}","[1,1,1,1,1,1]","[1,1,1,1,1,1]",0,0,9,7,home_win,home,0,94
18244,2,"{""single"":[""solutions/game_2/single/rest-110100/top"",""solutions/game_2/single/rest-001100/bot""]}","[1,1,0,1,0,0]","[0,0,1,1,0,0]",1,0,5,1,home_win,home,0,72
18244,3,"{""single"":[""solutions/game_3/single/rest-111011/top"",""solutions/game_3/single/rest-111001/bot""]}","[1,1,1,0,1,1]","[1,1,1,0,0,1]",2,0,6,4,home_win,home,0,75
18244,4,"{""single"":[""solutions/game_4/single/rest-010101/top"",""solutions/game_4/single/rest-011110/bot""]}","[0,1,0,1,0,1]","[0,1,1,1,1,0]",3,0,6,8,away_win,away,1,90
18244,5,"{""single"":[""solutions/game_5/single/rest-101010/top"",""solutions/game_5/single/rest-101101/bot""]}","[1,0,1,0,1,0]","[1,0,1,1,0,1]",3,1,10,4,home_win,home,1,90
18245,1,"{""single"":[""solutions/game_1/single/rest-111111/top"",""solutions/game_1/single/rest-111111/bot""]}","[1,1,1,1,1,1]","[1,1,1,1,1,1]",0,0,1,3,away_win,away,0,80
18245,2,"{""single"":[""solutions/game_2/single/rest-110111/top"",""solutions/game_2/single/rest-011000/bot""]}","[1,1,0,1,1,1]","[0,1,1,0,0,0]",0,1,8,9,away_win,away,0,95
18245,3,"{""single"":[""solutions/game_3/single/rest-011010/top"",""solutions/game_3/single/rest-011111/bot""]}","[0,1,1,0,1,0]","[0,1,1,1,1,1]",0,2,8,0,home_win,home,0,70
18245,4,"{""single"":[""solutions/game_4/single/rest-111011/top"",""solutions/game_4/single/rest-101010/bot""]}","[1,1,1,0,1,1]","[1,0,1,0,1,0]",1,2,3,6,away_win,away,0,84
18245,5,"{""single"":[""solutions/game_5/single/rest-100111/top"",""solutions/game_5/single/rest-110101/bot""]}","[1,0,0,1,1,1]","[1,1,0,1,0,1]",1,3,0,4,away_win,away,1,74
18246,1,"{""single"":[""solutions/game_1/single/rest-111111/top"",""solutions/game_1/single/rest-111111/bot""]}","[1,1,1,1,1,1]","[1,1,1,1,1,1]",0,0,8,4,home_win,home,0,88
18246,2,"{""single"":[""solutions/game_2/single/rest-010111/top"",""solutions/game_2/single/rest-101010/bot""]}","[0,1,0,1,1,1]","[1,0,1,0,1,0]",1,0,1,6,away_win,away,0,75
18246,3,"{""single"":[""solutions/game_3/single/rest-111000/top"",""solutions/game_3/single/rest-011101/bot""]}","[1,1,1,0,0,0]","[0,1,1,1,0,1]",1,1,11,3,home_win,home,0,80
18246,4,"{""single"":[""solutions/game_4/single/rest-101111/top"",""solutions/game_4/single/rest-111011/bot""]}","[1,0,1,1,1,1]","[1,1,1,0,1,1]",2,1,2,6,away_win,away,0,83
18246,5,"{""single"":[""solutions/game_5/single/rest-010001/top"",""solutions/game_5/single/rest-100111/bot""]}","[0,1,0,0,0,1]","[1,0,0,1,1,1]",2,2,7,12,away_win,away,0,93
18247,1,"{""single"":[""solutions/game_1/single/rest-111111/top"",""solutions/game_1/single/rest-111111/bot""]}","[1,1,1,1,1,1]","[1,1,1,1,1,1]",0,0,6,8,away_win,away,0,89
18247,2,"{""single"":[""solutions/game_2/single/rest-110101/top"",""solutions/game_2/single/rest-001110/bot""]}","[1,1,0,1,0,1]","[0,0,1,1,1,0]",0,1,0,3,away_win,away,0,75
18247,3,"{""single"":[""solutions/game_3/single/rest-111011/top"",""solutions/game_3/single/rest-110011/bot""]}","[1,1,1,0,1,1]","[1,1,0,0,1,1]",0,2,0,8,away_win,away,0,53
18247,4,"{""single"":[""solutions/game_4/single/rest-010111/top"",""solutions/game_4/single/rest-110111/bot""]}","[0,1,0,1,1,1]","[1,1,0,1,1,1]",0,3,5,4,home_win,home,1,79
18247,5,"{""single"":[""solutions/game_5/single/rest-111000/top"",""solutions/game_5/single/rest-001100/bot""]}","[1,1,1,0,0,0]","[0,0,1,1,0,0]",1,3,5,4,home_win,home,1,76
18248,1,"{""single"":[""solutions/game_1/single/rest-111111/top"",""solutions/game_1/single/rest-111111/bot""]}","[1,1,1,1,1,1]","[1,1,1,1,1,1]",0,0,8,4,home_win,home,0,91
18248,2,"{""single"":[""solutions/game_2/single/rest-010000/top"",""solutions/game_2/single/rest-101000/bot""]}","[0,1,0,0,0,0]","[1,0,1,0,0,0]",1,0,4,8,away_win,away,0,87
18248,3,"{""single"":[""solutions/game_3/single/rest-101011/top"",""solutions/game_3/single/rest-110111/bot""]}","[1,0,1,0,1,1]","[1,1,0,1,1,1]",1,1,4,2,home_win,home,0,80
18248,4,"{""single"":[""solutions/game_4/single/rest-010101/top"",""solutions/game_4/single/rest-001010/bot""]}","[0,1,0,1,0,1]","[0,0,1,0,1,0]",2,1,6,9,away_win,away,0,92
18248,5,"{""single"":[""solutions/game_5/single/rest-101010/top"",""solutions/game_5/single/rest-110101/bot""]}","[1,0,1,0,1,0]","[1,1,0,1,0,1]",2,2,8,2,home_win,home,0,84
18249,1,"{""single"":[""solutions/game_1/single/rest-111111/top"",""solutions/game_1/single/rest-111111/bot""]}","[1,1,1,1,1,1]","[1,1,1,1,1,1]",0,0,3,1,home_win,home,0,69
18249,2,"{""single"":[""solutions/game_2/single/rest-111111/top"",""solutions/game_2/single/rest-011011/bot""]}","[1,1,1,1,1,1]","[0,1,1,0,1,1]",1,0,0,5,away_win,away,0,79
18249,3,"{""single"":[""solutions/game_3/single/rest-110001/top"",""solutions/game_3/single/rest-101110/bot""]}","[1,1,0,0,0,1]","[1,0,1,1,1,0]",1,1,0,4,away_win,away,0,80
18249,4,"{""single"":[""solutions/game_4/single/rest-001110/top"",""solutions/game_4/single/rest-001001/bot""]}","[0,0,1,1,1,0]","[0,0,1,0,0,1]",1,2,0,8,away_win,away,0,25
18249,5,"{""single"":[""solutions/game_5/single/rest-111111/top"",""solutions/game_5/single/rest-111111/bot""]}","[1,1,1,1,1,1]","[1,1,1,1,1,1]",1,3,2,10,away_win,away,1,45
18250,1,"{""single"":[""solutions/game_1/single/rest-111111/top"",""solutions/game_1/single/rest-111111/bot""]}","[1,1,1,1,1,1]","[1,1,1,1,1,1]",0,0,2,0,home_win,home,0,66
18250,2,"{""single"":[""solutions/game_2/single/rest-111011/top"",""solutions/game_2/single/rest-101011/bot""]}","[1,1,1,0,1,1]","[1,0,1,0,1,1]",1,0,7,6,home_win,home,0,105
18250,3,"{""single"":[""solutions/game_3/single/rest-101100/top"",""solutions/game_3/single/rest-010110/bot""]}","[1,0,1,1,0,0]","[0,1,0,1,1,0]",2,0,2,8,away_win,away,0,88
18250,4,"{""single"":[""solutions/game_4/single/rest-000110/top"",""solutions/game_4/single/rest-101011/bot""]}","[0,0,0,1,1,0]","[1,0,1,0,1,1]",2,1,0,4,away_win,away,0,70
18250,5,"{""single"":[""solutions/game_5/single/rest-101001/top"",""solutions/game_5/single/rest-011110/bot""]}","[1,0,1,0,0,1]","[0,1,1,1,1,0]",2,2,4,12,away_win,away,0,56
18251,1,"{""single"":[""solutions/game_1/single/rest-111111/top"",""solutions/game_1/single/rest-111111/bot""]}","[1,1,1,1,1,1]","[1,1,1,1,1,1]",0,0,11,2,home_win,home,0,48
18251,2,"{""single"":[""solutions/game_2/single/rest-111111/top"",""solutions/game_2/single/rest-111111/bot""]}","[1,1,1,1,1,1]","[1,1,1,1,1,1]",1,0,6,4,home_win,home,0,90
18251,3,"{""single"":[""solutions/game_3/single/rest-011101/top"",""solutions/game_3/single/rest-001101/bot""]}","[0,1,1,1,0,1]","[0,0,1,1,0,1]",2,0,2,9,away_win,away,0,91
18251,4,"{""single"":[""solutions/game_4/single/rest-101000/top"",""solutions/game_4/single/rest-101011/bot""]}","[1,0,1,0,0,0]","[1,0,1,0,1,1]",2,1,3,5,away_win,away,0,83
18251,5,"{""single"":[""solutions/game_5/single/rest-011111/top"",""solutions/game_5/single/rest-111110/bot""]}","[0,1,1,1,1,1]","[1,1,1,1,1,0]",2,2,2,6,away_win,away,0,77
18252,1,"{""single"":[""solutions/game_1/single/rest-111111/top"",""solutions/game_1/single/rest-111111/bot""]}","[1,1,1,1,1,1]","[1,1,1,1,1,1]",0,0,3,2,home_win,home,0,78
18252,2,"{""single"":[""solutions/game_2/single/rest-011100/top"",""solutions/game_2/single/rest-001011/bot""]}","[0,1,1,1,0,0]","[0,0,1,0,1,1]",1,0,4,1,home_win,home,0,72
18252,3,"{""single"":[""solutions/game_3/single/rest-010111/top"",""solutions/game_3/single/rest-111100/bot""]}","[0,1,0,1,1,1]","[1,1,1,1,0,0]",2,0,11,10,home_win,home,0,90
18252,4,"{""single"":[""solutions/game_4/single/rest-111111/top"",""solutions/game_4/single/rest-001111/bot""]}","[1,1,1,1,1,1]","[0,0,1,1,1,1]",3,0,7,8,away_win,away,1,91
18252,5,"{""single"":[""solutions/game_5/single/rest-010000/top"",""solutions/game_5/single/rest-110000/bot""]}","[0,1,0,0,0,0]","[1,1,0,0,0,0]",3,1,2,3,away_win,away,1,83
18253,1,"{""single"":[""solutions/game_1/single/rest-111111/top"",""solutions/game_1/single/rest-111111/bot""]}","[1,1,1,1,1,1]","[1,1,1,1,1,1]",0,0,1,6,away_win,away,0,80
18253,2,"{""single"":[""solutions/game_2/single/rest-110101/top"",""solutions/game_2/single/rest-101011/bot""]}","[1,1,0,1,0,1]","[1,0,1,0,1,1]",0,1,6,5,home_win,home,0,81
18253,3,"{""single"":[""solutions/game_3/single/rest-010110/top"",""solutions/game_3/single/rest-101110/bot""]}","[0,1,0,1,1,0]","[1,0,1,1,1,0]",1,1,4,1,home_win,home,0,74
18253,4,"{""single"":[""solutions/game_4/single/rest-110101/top"",""solutions/game_4/single/rest-010100/bot""]}","[1,1,0,1,0,1]","[0,1,0,1,0,0]",2,1,7,5,home_win,home,0,81
18253,5,"{""single"":[""solutions/game_5/single/rest-001010/top"",""solutions/game_5/single/rest-101111/bot""]}","[0,0,1,0,1,0]","[1,0,1,1,1,1]",3,1,8,4,home_win,home,1,84
18254,1,"{""single"":[""solutions/game_1/single/rest-111111/top"",""solutions/game_1/single/rest-111111/bot""]}","[1,1,1,1,1,1]","[1,1,1,1,1,1]",0,0,5,1,home_win,home,0,76
18254,2,"{""single"":[""solutions/game_2/single/rest-111011/top"",""solutions/game_2/single/rest-010110/bot""]}","[1,1,1,0,1,1]","[0,1,0,1,1,0]",1,0,6,1,home_win,home,0,83
18254,3,"{""single"":[""solutions/game_3/single/rest-111000/top"",""solutions/game_3/single/rest-111011/bot""]}","[1,1,1,0,0,0]","[1,1,1,0,1,1]",2,0,8,7,home_win,home,0,85
18254,4,"{""single"":[""solutions/game_4/single/rest-000011/top"",""solutions/game_4/single/rest-001100/bot""]}","[0,0,0,0,1,1]","[0,0,1,1,0,0]",3,0,10,2,home_win,home,1,57
18254,5,"{""single"":[""solutions/game_5/single/rest-111111/top"",""solutions/game_5/single/rest-111111/bot""]}","[1,1,1,1,1,1]","[1,1,1,1,1,1]",4,0,0,2,away_win,away,1,77
18255,1,"{""single"":[""solutions/game_1/single/rest-111111/top"",""solutions/game_1/single/rest-111111/bot""]}","[1,1,1,1,1,1]","[1,1,1,1,1,1]",0,0,1,5,away_win,away,0,82
18255,2,"{""single"":[""solutions/game_2/single/rest-011001/top"",""solutions/game_2/single/rest-101011/bot""]}","[0,1,1,0,0,1]","[1,0,1,0,1,1]",0,1,12,5,home_win,home,0,86
18255,3,"{""single"":[""solutions/game_3/single/rest-101101/top"",""solutions/game_3/single/rest-111100/bot""]}","[1,0,1,1,0,1]","[1,1,1,1,0,0]",1,1,11,10,home_win,home,0,114
18255,4,"{""single"":[""solutions/game_4/single/rest-110011/top"",""solutions/game_4/single/rest-000001/bot""]}","[1,1,0,0,1,1]","[0,0,0,0,0,1]",2,1,8,0,home_win,home,0,23
18255,5,"{""single"":[""solutions/game_5/single/rest-111111/top"",""solutions/game_5/single/rest-101111/bot""]}","[1,1,1,1,1,1]","[1,0,1,1,1,1]",3,1,11,8,home_win,home,1,88
18256,1,"{""single"":[""solutions/game_1/single/rest-111111/top"",""solutions/game_1/single/rest-111111/bot""]}","[1,1,1,1,1,1]","[1,1,1,1,1,1]",0,0,2,8,away_win,away,0,83
18256,2,"{""single"":[""solutions/game_2/single/rest-011001/top"",""solutions/game_2/single/rest-001110/bot""]}","[0,1,1,0,0,1]","[0,0,1,1,1,0]",0,1,3,4,away_win,away,0,83
18256,3,"{""single"":[""solutions/game_3/single/rest-100110/top"",""solutions/game_3/single/rest-110010/bot""]}","[1,0,0,1,1,0]","[1,1,0,0,1,0]",0,2,1,5,away_win,away,0,78
18256,4,"{""single"":[""solutions/game_4/single/rest-011101/top"",""solutions/game_4/single/rest-011101/bot""]}","[0,1,1,1,0,1]","[0,1,1,1,0,1]",0,3,3,4,away_win,away,1,74
18256,5,"{""single"":[""solutions/game_5/single/rest-111110/top"",""solutions/game_5/single/rest-110011/bot""]}","[1,1,1,1,1,0]","[1,1,0,0,1,1]",0,4,4,7,away_win,away,1,88
18257,1,"{""single"":[""solutions/game_1/single/rest-111111/top"",""solutions/game_1/single/rest-111111/bot""]}","[1,1,1,1,1,1]","[1,1,1,1,1,1]",0,0,3,4,away_win,away,0,83
18257,2,"{""single"":[""solutions/game_2/single/rest-111101/top"",""solutions/game_2/single/rest-101010/bot""]}","[1,1,1,1,0,1]","[1,0,1,0,1,0]",0,1,9,4,home_win,home,0,86
18257,3,"{""single"":[""solutions/game_3/single/rest-110011/top"",""solutions/game_3/single/rest-011111/bot""]}","[1,1,0,0,1,1]","[0,1,1,1,1,1]",1,1,6,9,away_win,away,0,100
18257,4,"{""single"":[""solutions/game_4/single/rest-001110/top"",""solutions/game_4/single/rest-101100/bot""]}","[0,0,1,1,1,0]","[1,0,1,1,0,0]",1,2,5,2,home_win,home,0,77
18257,5,"{""single"":[""solutions/game_5/single/rest-111001/top"",""solutions/game_5/single/rest-010010/bot""]}","[1,1,1,0,0,1]","[0,1,0,0,1,0]",2,2,1,5,away_win,away,0,83
18258,1,"{""single"":[""solutions/game_1/single/rest-111111/top"",""solutions/game_1/single/rest-111111/bot""]}","[1,1,1,1,1,1]","[1,1,1,1,1,1]",0,0,1,3,away_win,away,0,82
18258,2,"{""single"":[""solutions/game_2/single/rest-010011/top"",""solutions/game_2/single/rest-001011/bot""]}","[0,1,0,0,1,1]","[0,0,1,0,1,1]",0,1,2,10,away_win,away,0,60
18258,3,"{""single"":[""solutions/game_3/single/rest-101110/top"",""solutions/game_3/single/rest-111111/bot""]}","[1,0,1,1,1,0]","[1,1,1,1,1,1]",0,2,4,5,away_win,away,0,79
18258,4,"{""single"":[""solutions/game_4/single/rest-110000/top"",""solutions/game_4/single/rest-001011/bot""]}","[1,1,0,0,0,0]","[0,0,1,0,1,1]",0,3,6,5,home_win,home,1,75
18258,5,"{""single"":[""solutions/game_5/single/rest-001111/top"",""solutions/game_5/single/rest-011101/bot""]}","[0,0,1,1,1,1]","[0,1,1,1,0,1]",1,3,3,11,away_win,away,1,80
18259,1,"{""single"":[""solutions/game_1/single/rest-111111/top"",""solutions/game_1/single/rest-111111/bot""]}","[1,1,1,1,1,1]","[1,1,1,1,1,1]",0,0,2,12,away_win,away,0,81
18259,2,"{""single"":[""solutions/game_2/single/rest-110001/top"",""solutions/game_2/single/rest-011111/bot""]}","[1,1,0,0,0,1]","[0,1,1,1,1,1]",0,1,10,2,home_win,home,0,73
18259,3,"{""single"":[""solutions/game_3/single/rest-101111/top"",""solutions/game_3/single/rest-111000/bot""]}","[1,0,1,1,1,1]","[1,1,1,0,0,0]",1,1,3,1,home_win,home,0,81
18259,4,"{""single"":[""solutions/game_4/single/rest-000101/top"",""solutions/game_4/single/rest-001111/bot""]}","[0,0,0,1,0,1]","[0,0,1,1,1,1]",2,1,9,1,home_win,home,0,37
18259,5,"{""single"":[""solutions/game_5/single/rest-110111/top"",""solutions/game_5/single/rest-011111/bot""]}","[1,1,0,1,1,1]","[0,1,1,1,1,1]",3,1,7,2,home_win,home,1,78
18260,1,"{""single"":[""solutions/game_1/single/rest-111111/top"",""solutions/game_1/single/rest-111111/bot""]}","[1,1,1,1,1,1]","[1,1,1,1,1,1]",0,0,11,1,home_win,home,0,70
18260,2,"{""single"":[""solutions/game_2/single/rest-110111/top"",""solutions/game_2/single/rest-100111/bot""]}","[1,1,0,1,1,1]","[1,0,0,1,1,1]",1,0,8,4,home_win,home,0,85
18260,3,"{""single"":[""solutions/game_3/single/rest-101000/top"",""solutions/game_3/single/rest-011010/bot""]}","[1,0,1,0,0,0]","[0,1,1,0,1,0]",2,0,9,12,away_win,away,0,104
18260,4,"{""single"":[""solutions/game_4/single/rest-111111/top"",""solutions/game_4/single/rest-100101/bot""]}","[1,1,1,1,1,1]","[1,0,0,1,0,1]",2,1,3,2,home_win,home,0,77
18260,5,"{""single"":[""solutions/game_5/single/rest-010000/top"",""solutions/game_5/single/rest-111011/bot""]}","[0,1,0,0,0,0]","[1,1,1,0,1,1]",3,1,0,8,away_win,away,1,50
18261,1,"{""single"":[""solutions/game_1/single/rest-111111/top"",""solutions/game_1/single/rest-111111/bot""]}","[1,1,1,1,1,1]","[1,1,1,1,1,1]",0,0,1,0,home_win,home,0,68
18261,2,"{""single"":[""solutions/game_2/single/rest-110011/top"",""solutions/game_2/single/rest-101011/bot""]}","[1,1,0,0,1,1]","[1,0,1,0,1,1]",1,0,8,2,home_win,home,0,85
18261,3,"{""single"":[""solutions/game_3/single/rest-001101/top"",""solutions/game_3/single/rest-010111/bot""]}","[0,0,1,1,0,1]","[0,1,0,1,1,1]",2,0,5,3,home_win,home,0,77
18261,4,"{""single"":[""solutions/game_4/single/rest-110110/top"",""solutions/game_4/single/rest-101010/bot""]}","[1,1,0,1,1,0]","[1,0,1,0,1,0]",3,0,11,7,home_win,home,1,93
18261,5,"{""single"":[""solutions/game_5/single/rest-101001/top"",""solutions/game_5/single/rest-010101/bot""]}","[1,0,1,0,0,1]","[0,1,0,1,0,1]",4,0,2,10,away_win,away,1,80
18262,1,"{""single"":[""solutions/game_1/single/rest-111111/top"",""solutions/game_1/single/rest-111111/bot""]}","[1,1,1,1,1,1]","[1,1,1,1,1,1]",0,0,8,1,home_win,home,0,79
18262,2,"{""single"":[""solutions/game_2/single/rest-010011/top"",""solutions/game_2/single/rest-011011/bot""]}","[0,1,0,0,1,1]","[0,1,1,0,1,1]",1,0,1,2,away_win,away,0,76
18262,3,"{""single"":[""solutions/game_3/single/rest-101111/top"",""solutions/game_3/single/rest-111100/bot""]}","[1,0,1,1,1,1]","[1,1,1,1,0,0]",1,1,5,6,away_win,away,0,90
18262,4,"{""single"":[""solutions/game_4/single/rest-010000/top"",""solutions/game_4/single/rest-010011/bot""]}","[0,1,0,0,0,0]","[0,1,0,0,1,1]",1,2,5,3,home_win,home,0,78
18262,5,"{""single"":[""solutions/game_5/single/rest-101101/top"",""solutions/game_5/single/rest-111100/bot""]}","[1,0,1,1,0,1]","[1,1,1,1,0,0]",2,2,4,3,home_win,home,0,82
18263,1,"{""single"":[""solutions/game_1/single/rest-111111/top"",""solutions/game_1/single/rest-111111/bot""]}","[1,1,1,1,1,1]","[1,1,1,1,1,1]",0,0,1,9,away_win,away,0,18
18263,2,"{""single"":[""solutions/game_2/single/rest-111111/top"",""solutions/game_2/single/rest-111111/bot""]}","[1,1,1,1,1,1]","[1,1,1,1,1,1]",0,1,0,10,away_win,away,0,54
18263,3,"{""single"":[""solutions/game_3/single/rest-010011/top"",""solutions/game_3/single/rest-111111/bot""]}","[0,1,0,0,1,1]","[1,1,1,1,1,1]",0,2,7,2,home_win,home,0,76
18263,4,"{""single"":[""solutions/game_4/single/rest-111100/top"",""solutions/game_4/single/rest-101110/bot""]}","[1,1,1,1,0,0]","[1,0,1,1,1,0]",1,2,3,7,away_win,away,0,86
18263,5,"{""single"":[""solutions/game_5/single/rest-010011/top"",""solutions/game_5/single/rest-110011/bot""]}","[0,1,0,0,1,1]","[1,1,0,0,1,1]",1,3,4,8,away_win,away,1,90
18264,1,"{""single"":[""solutions/game_1/single/rest-111111/top"",""solutions/game_1/single/rest-111111/bot""]}","[1,1,1,1,1,1]","[1,1,1,1,1,1]",0,0,0,4,away_win,away,0,82
18264,2,"{""single"":[""solutions/game_2/single/rest-110010/top"",""solutions/game_2/single/rest-101010/bot""]}","[1,1,0,0,1,0]","[1,0,1,0,1,0]",0,1,5,3,home_win,home,0,79
18264,3,"{""single"":[""solutions/game_3/single/rest-111111/top"",""solutions/game_3/single/rest-010111/bot""]}","[1,1,1,1,1,1]","[0,1,0,1,1,1]",1,1,7,4,home_win,home,0,89
18264,4,"{""single"":[""solutions/game_4/single/rest-010000/top"",""solutions/game_4/single/rest-001010/bot""]}","[0,1,0,0,0,0]","[0,0,1,0,1,0]",2,1,2,10,away_win,away,0,28
18264,5,"{""single"":[""solutions/game_5/single/rest-111111/top"",""solutions/game_5/single/rest-111111/bot""]}","[1,1,1,1,1,1]","[1,1,1,1,1,1]",2,2,2,10,away_win,away,0,83
18265,1,"{""single"":[""solutions/game_1/single/rest-111111/top"",""solutions/game_1/single/rest-111111/bot""]}","[1,1,1,1,1,1]","[1,1,1,1,1,1]",0,0,2,10,away_win,away,0,63
18265,2,"{""single"":[""solutions/game_2/single/rest-011000/top"",""solutions/game_2/single/rest-111111/bot""]}","[0,1,1,0,0,0]","[1,1,1,1,1,1]",0,1,10,7,home_win,home,0,87
18265,3,"{""single"":[""solutions/game_3/single/rest-010111/top"",""solutions/game_3/single/rest-001010/bot""]}","[0,1,0,1,1,1]","[0,0,1,0,1,0]",1,1,1,3,away_win,away,0,78
18265,4,"{""single"":[""solutions/game_4/single/rest-111100/top"",""solutions/game_4/single/rest-110111/bot""]}","[1,1,1,1,0,0]","[1,1,0,1,1,1]",1,2,5,1,home_win,home,0,77
18265,5,"{""single"":[""solutions/game_5/single/rest-010011/top"",""solutions/game_5/single/rest-011111/bot""]}","[0,1,0,0,1,1]","[0,1,1,1,1,1]",2,2,2,1,home_win,home,0,70
18266,1,"{""single"":[""solutions/game_1/single/rest-111111/top"",""solutions/game_1/single/rest-111111/bot""]}","[1,1,1,1,1,1]","[1,1,1,1,1,1]",0,0,3,0,home_win,home,0,68
18266,2,"{""single"":[""solutions/game_2/single/rest-110011/top"",""solutions/game_2/single/rest-011011/bot""]}","[1,1,0,0,1,1]","[0,1,1,0,1,1]",1,0,6,3,home_win,home,0,77
18266,3,"{""single"":[""solutions/game_3/single/rest-011101/top"",""solutions/game_3/single/rest-101100/bot""]}","[0,1,1,1,0,1]","[1,0,1,1,0,0]",2,0,4,7,away_win,away,0,79
18266,4,"{""single"":[""solutions/game_4/single/rest-110010/top"",""solutions/game_4/single/rest-110111/bot""]}","[1,1,0,0,1,0]","[1,1,0,1,1,1]",2,1,3,9,away_win,away,0,83
18266,5,"{""single"":[""solutions/game_5/single/rest-001101/top"",""solutions/game_5/single/rest-011011/bot""]}","[0,0,1,1,0,1]","[0,1,1,0,1,1]",2,2,7,10,away_win,away,0,96
18267,1,"{""single"":[""solutions/game_1/single/rest-111111/top"",""solutions/game_1/single/rest-111111/bot""]}","[1,1,1,1,1,1]","[1,1,1,1,1,1]",0,0,4,3,home_win,home,0,79
18267,2,"{""single"":[""solutions/game_2/single/rest-011111/top"",""solutions/game_2/single/rest-001011/bot""]}","[0,1,1,1,1,1]","[0,0,1,0,1,1]",1,0,9,8,home_win,home,0,94
18267,3,"{""single"":[""solutions/game_3/single/rest-110110/top"",""solutions/game_3/single/rest-110101/bot""]}","[1,1,0,1,1,0]","[1,1,0,1,0,1]",2,0,8,0,home_win,home,0,56
18267,4,"{""single"":[""solutions/game_4/single/rest-111110/top"",""solutions/game_4/single/rest-101011/bot""]}","[1,1,1,1,1,0]","[1,0,1,0,1,1]",3,0,3,4,away_win,away,1,80
18267,5,"{""single"":[""solutions/game_5/single/rest-010111/top"",""solutions/game_5/single/rest-110111/bot""]}","[0,1,0,1,1,1]","[1,1,0,1,1,1]",3,1,1,8,away_win,away,1,79
18268,1,"{""single"":[""solutions/game_1/single/rest-111111/top"",""solutions/game_1/single/rest-111111/bot""]}","[1,1,1,1,1,1]","[1,1,1,1,1,1]",0,0,6,5,home_win,home,0,81
18268,2,"{""single"":[""solutions/game_2/single/rest-111011/top"",""solutions/game_2/single/rest-100110/bot""]}","[1,1,1,0,1,1]","[1,0,0,1,1,0]",1,0,5,6,away_win,away,0,81
18268,3,"{""single"":[""solutions/game_3/single/rest-010111/top"",""solutions/game_3/single/rest-111011/bot""]}","[0,1,0,1,1,1]","[1,1,1,0,1,1]",1,1,5,1,home_win,home,0,70
18268,4,"{""single"":[""solutions/game_4/single/rest-101001/top"",""solutions/game_4/single/rest-000111/bot""]}","[1,0,1,0,0,1]","[0,0,0,1,1,1]",2,1,6,3,home_win,home,0,86
18268,5,"{""single"":[""solutions/game_5/single/rest-010110/top"",""solutions/game_5/single/rest-111000/bot""]}","[0,1,0,1,1,0]","[1,1,1,0,0,0]",3,1,11,7,home_win,home,1,91
18269,1,"{""single"":[""solutions/game_1/single/rest-111111/top"",""solutions/game_1/single/rest-111111/bot""]}","[1,1,1,1,1,1]","[1,1,1,1,1,1]",0,0,7,2,home_win,home,0,77
18269,2,"{""single"":[""solutions/game_2/single/rest-110111/top"",""solutions/game_2/single/rest-001010/bot""]}","[1,1,0,1,1,1]","[0,0,1,0,1,0]",1,0,1,5,away_win,away,0,81
18269,3,"{""single"":[""solutions/game_3/single/rest-101100/top"",""solutions/game_3/single/rest-110101/bot""]}","[1,0,1,1,0,0]","[1,1,0,1,0,1]",1,1,10,2,home_win,home,0,27
18269,4,"{""single"":[""solutions/game_4/single/rest-111111/top"",""solutions/game_4/single/rest-111111/bot""]}","[1,1,1,1,1,1]","[1,1,1,1,1,1]",2,1,1,9,away_win,away,0,26
18269,5,"{""single"":[""solutions/game_5/single/rest-111111/top"",""solutions/game_5/single/rest-111111/bot""]}","[1,1,1,1,1,1]","[1,1,1,1,1,1]",2,2,7,8,away_win,away,0,90
18270,1,"{""single"":[""solutions/game_1/single/rest-111111/top"",""solutions/game_1/single/rest-111111/bot""]}","[1,1,1,1,1,1]","[1,1,1,1,1,1]",0,0,4,5,away_win,away,0,95
18270,2,"{""single"":[""solutions/game_2/single/rest-010001/top"",""solutions/game_2/single/rest-001011/bot""]}","[0,1,0,0,0,1]","[0,0,1,0,1,1]",0,1,10,6,home_win,home,0,94
18270,3,"{""single"":[""solutions/game_3/single/rest-101110/top"",""solutions/game_3/single/rest-111100/bot""]}","[1,0,1,1,1,0]","[1,1,1,1,0,0]",1,1,4,5,away_win,away,0,85
18270,4,"{""single"":[""solutions/game_4/single/rest-010001/top"",""solutions/game_4/single/rest-001011/bot""]}","[0,1,0,0,0,1]","[0,0,1,0,1,1]",1,2,9,10,away_win,away,0,92
18270,5,"{""single"":[""solutions/game_5/single/rest-101111/top"",""solutions/game_5/single/rest-110100/bot""]}","[1,0,1,1,1,1]","[1,1,0,1,0,0]",1,3,7,6,home_win,home,1,80
18271,1,"{""single"":[""solutions/game_1/single/rest-111111/top"",""solutions/game_1/single/rest-111111/bot""]}","[1,1,1,1,1,1]","[1,1,1,1,1,1]",0,0,6,4,home_win,home,0,85
18271,2,"{""single"":[""solutions/game_2/single/rest-110001/top"",""solutions/game_2/single/rest-101010/bot""]}","[1,1,0,0,0,1]","[1,0,1,0,1,0]",1,0,4,2,home_win,home,0,70
18271,3,"{""single"":[""solutions/game_3/single/rest-011110/top"",""solutions/game_3/single/rest-010111/bot""]}","[0,1,1,1,1,0]","[0,1,0,1,1,1]",2,0,9,13,away_win,away,0,96
18271,4,"{""single"":[""solutions/game_4/single/rest-011001/top"",""solutions/game_4/single/rest-111011/bot""]}","[0,1,1,0,0,1]","[1,1,1,0,1,1]",2,1,4,3,home_win,home,0,82
18271,5,"{""single"":[""solutions/game_5/single/rest-110110/top"",""solutions/game_5/single/rest-000010/bot""]}","[1,1,0,1,1,0]","[0,0,0,0,1,0]",3,1,7,5,home_win,home,1,87
18272,1,"{""single"":[""solutions/game_1/single/rest-111111/top"",""solutions/game_1/single/rest-111111/bot""]}","[1,1,1,1,1,1]","[1,1,1,1,1,1]",0,0,6,4,home_win,home,0,84
18272,2,"{""single"":[""solutions/game_2/single/rest-011011/top"",""solutions/game_2/single/rest-001110/bot""]}","[0,1,1,0,1,1]","[0,0,1,1,1,0]",1,0,9,1,home_win,home,0,72
18272,3,"{""single"":[""solutions/game_3/single/rest-101111/top"",""solutions/game_3/single/rest-111001/bot""]}","[1,0,1,1,1,1]","[1,1,1,0,0,1]",2,0,1,5,away_win,away,0,79
18272,4,"{""single"":[""solutions/game_4/single/rest-000001/top"",""solutions/game_4/single/rest-001111/bot""]}","[0,0,0,0,0,1]","[0,0,1,1,1,1]",2,1,2,6,away_win,away,0,74
18272,5,"{""single"":[""solutions/game_5/single/rest-111110/top"",""solutions/game_5/single/rest-111111/bot""]}","[1,1,1,1,1,0]","[1,1,1,1,1,1]",2,2,10,0,home_win,home,0,29
18273,1,"{""single"":[""solutions/game_1/single/rest-111111/top"",""solutions/game_1/single/rest-111111/bot""]}","[1,1,1,1,1,1]","[1,1,1,1,1,1]",0,0,1,1,tie,away,0,83
18273,2,"{""single"":[""solutions/game_2/single/rest-010011/top"",""solutions/game_2/single/rest-100100/bot""]}","[0,1,0,0,1,1]","[1,0,0,1,0,0]",0,1,12,7,home_win,home,0,85
18273,3,"{""single"":[""solutions/game_3/single/rest-101110/top"",""solutions/game_3/single/rest-110001/bot""]}","[1,0,1,1,1,0]","[1,1,0,0,0,1]",1,1,2,5,away_win,away,0,72
18273,4,"{""single"":[""solutions/game_4/single/rest-110001/top"",""solutions/game_4/single/rest-011100/bot""]}","[1,1,0,0,0,1]","[0,1,1,1,0,0]",1,2,8,4,home_win,home,0,86
18273,5,"{""single"":[""solutions/game_5/single/rest-001110/top"",""solutions/game_5/single/rest-110011/bot""]}","[0,0,1,1,1,0]","[1,1,0,0,1,1]",2,2,5,7,away_win,away,0,85
18274,1,"{""single"":[""solutions/game_1/single/rest-111111/top"",""solutions/game_1/single/rest-111111/bot""]}","[1,1,1,1,1,1]","[1,1,1,1,1,1]",0,0,2,2,tie,away,0,79
18274,2,"{""single"":[""solutions/game_2/single/rest-010101/top"",""solutions/game_2/single/rest-001110/bot""]}","[0,1,0,1,0,1]","[0,0,1,1,1,0]",0,1,9,5,home_win,home,0,85
18274,3,"{""single"":[""solutions/game_3/single/rest-110011/top"",""solutions/game_3/single/rest-110011/bot""]}","[1,1,0,0,1,1]","[1,1,0,0,1,1]",1,1,6,2,home_win,home,0,79
18274,4,"{""single"":[""solutions/game_4/single/rest-101111/top"",""solutions/game_4/single/rest-101111/bot""]}","[1,0,1,1,1,1]","[1,0,1,1,1,1]",2,1,3,4,away_win,away,0,73
18274,5,"{""single"":[""solutions/game_5/single/rest-110001/top"",""solutions/game_5/single/rest-011010/bot""]}","[1,1,0,0,0,1]","[0,1,1,0,1,0]",2,2,9,8,home_win,home,0,84
18275,1,"{""single"":[""solutions/game_1/single/rest-111111/top"",""solutions/game_1/single/rest-111111/bot""]}","[1,1,1,1,1,1]","[1,1,1,1,1,1]",0,0,13,12,home_win,home,0,90
18275,2,"{""single"":[""solutions/game_2/single/rest-110001/top"",""solutions/game_2/single/rest-001010/bot""]}","[1,1,0,0,0,1]","[0,0,1,0,1,0]",1,0,1,9,away_win,away,0,58
18275,3,"{""single"":[""solutions/game_3/single/rest-011111/top"",""solutions/game_3/single/rest-111111/bot""]}","[0,1,1,1,1,1]","[1,1,1,1,1,1]",1,1,3,4,away_win,away,0,81
18275,4,"{""single"":[""solutions/game_4/single/rest-110111/top"",""solutions/game_4/single/rest-011111/bot""]}","[1,1,0,1,1,1]","[0,1,1,1,1,1]",1,2,8,7,home_win,home,0,90
18275,5,"{""single"":[""solutions/game_5/single/rest-011001/top"",""solutions/game_5/single/rest-101100/bot""]}","[0,1,1,0,0,1]","[1,0,1,1,0,0]",2,2,1,3,away_win,away,0,81
18276,1,"{""single"":[""solutions/game_1/single/rest-111111/top"",""solutions/game_1/single/rest-111111/bot""]}","[1,1,1,1,1,1]","[1,1,1,1,1,1]",0,0,8,2,home_win,home,0,73
18276,2,"{""single"":[""solutions/game_2/single/rest-111011/top"",""solutions/game_2/single/rest-011010/bot""]}","[1,1,1,0,1,1]","[0,1,1,0,1,0]",1,0,8,0,home_win,home,0,67
18276,3,"{""single"":[""solutions/game_3/single/rest-011111/top"",""solutions/game_3/single/rest-110101/bot""]}","[0,1,1,1,1,1]","[1,1,0,1,0,1]",2,0,2,5,away_win,away,0,79
18276,4,"{""single"":[""solutions/game_4/single/rest-110100/top"",""solutions/game_4/single/rest-001010/bot""]}","[1,1,0,1,0,0]","[0,0,1,0,1,0]",2,1,3,7,away_win,away,0,85
18276,5,"{""single"":[""solutions/game_5/single/rest-101011/top"",""solutions/game_5/single/rest-110111/bot""]}","[1,0,1,0,1,1]","[1,1,0,1,1,1]",2,2,0,3,away_win,away,0,76
18277,1,"{""single"":[""solutions/game_1/single/rest-111111/top"",""solutions/game_1/single/rest-111111/bot""]}","[1,1,1,1,1,1]","[1,1,1,1,1,1]",0,0,5,0,home_win,home,0,73
18277,2,"{""single"":[""solutions/game_2/single/rest-111101/top"",""solutions/game_2/single/rest-101010/bot""]}","[1,1,1,1,0,1]","[1,0,1,0,1,0]",1,0,3,4,away_win,away,0,78
18277,3,"{""single"":[""solutions/game_3/single/rest-010011/top"",""solutions/game_3/single/rest-011101/bot""]}","[0,1,0,0,1,1]","[0,1,1,1,0,1]",1,1,3,5,away_win,away,0,79
18277,4,"{""single"":[""solutions/game_4/single/rest-111100/top"",""solutions/game_4/single/rest-101110/bot""]}","[1,1,1,1,0,0]","[1,0,1,1,1,0]",1,2,6,5,home_win,home,0,87
18277,5,"{""single"":[""solutions/game_5/single/rest-110011/top"",""solutions/game_5/single/rest-011101/bot""]}","[1,1,0,0,1,1]","[0,1,1,1,0,1]",2,2,10,4,home_win,home,0,82
18278,1,"{""single"":[""solutions/game_1/single/rest-111111/top"",""solutions/game_1/single/rest-111111/bot""]}","[1,1,1,1,1,1]","[1,1,1,1,1,1]",0,0,5,0,home_win,home,0,69
18278,2,"{""single"":[""solutions/game_2/single/rest-111111/top"",""solutions/game_2/single/rest-111011/bot""]}","[1,1,1,1,1,1]","[1,1,1,0,1,1]",1,0,13,11,home_win,home,0,101
18278,3,"{""single"":[""solutions/game_3/single/rest-111101/top"",""solutions/game_3/single/rest-001110/bot""]}","[1,1,1,1,0,1]","[0,0,1,1,1,0]",2,0,11,8,home_win,home,0,94
18278,4,"{""single"":[""solutions/game_4/single/rest-010011/top"",""solutions/game_4/single/rest-110101/bot""]}","[0,1,0,0,1,1]","[1,1,0,1,0,1]",3,0,2,3,away_win,away,1,81
18278,5,"{""single"":[""solutions/game_5/single/rest-101100/top"",""solutions/game_5/single/rest-001010/bot""]}","[1,0,1,1,0,0]","[0,0,1,0,1,0]",3,1,3,4,away_win,away,1,82
18279,1,"{""single"":[""solutions/game_1/single/rest-111111/top"",""solutions/game_1/single/rest-111111/bot""]}","[1,1,1,1,1,1]","[1,1,1,1,1,1]",0,0,4,12,away_win,away,0,80
18279,2,"{""single"":[""solutions/game_2/single/rest-010100/top"",""solutions/game_2/single/rest-001101/bot""]}","[0,1,0,1,0,0]","[0,0,1,1,0,1]",0,1,9,8,home_win,home,0,84
18279,3,"{""single"":[""solutions/game_3/single/rest-101011/top"",""solutions/game_3/single/rest-110111/bot""]}","[1,0,1,0,1,1]","[1,1,0,1,1,1]",1,1,6,4,home_win,home,0,81
18279,4,"{""single"":[""solutions/game_4/single/rest-110101/top"",""solutions/game_4/single/rest-001011/bot""]}","[1,1,0,1,0,1]","[0,0,1,0,1,1]",2,1,6,0,home_win,home,0,74
18279,5,"{""single"":[""solutions/game_5/single/rest-111100/top"",""solutions/game_5/single/rest-111100/bot""]}","[1,1,1,1,0,0]","[1,1,1,1,0,0]",3,1,4,7,away_win,away,1,99
18280,1,"{""single"":[""solutions/game_1/single/rest-111111/top"",""solutions/game_1/single/rest-111111/bot""]}","[1,1,1,1,1,1]","[1,1,1,1,1,1]",0,0,4,5,away_win,away,0,90
18280,2,"{""single"":[""solutions/game_2/single/rest-010011/top"",""solutions/game_2/single/rest-001010/bot""]}","[0,1,0,0,1,1]","[0,0,1,0,1,0]",0,1,0,7,away_win,away,0,73
18280,3,"{""single"":[""solutions/game_3/single/rest-001100/top"",""solutions/game_3/single/rest-110111/bot""]}","[0,0,1,1,0,0]","[1,1,0,1,1,1]",0,2,3,8,away_win,away,0,91
18280,4,"{""single"":[""solutions/game_4/single/rest-110011/top"",""solutions/game_4/single/rest-101010/bot""]}","[1,1,0,0,1,1]","[1,0,1,0,1,0]",0,3,9,4,home_win,home,1,82
18280,5,"{""single"":[""solutions/game_5/single/rest-001100/top"",""solutions/game_5/single/rest-110101/bot""]}","[0,0,1,1,0,0]","[1,1,0,1,0,1]",1,3,6,1,home_win,home,1,81
18281,1,"{""single"":[""solutions/game_1/single/rest-111111/top"",""solutions/game_1/single/rest-111111/bot""]}","[1,1,1,1,1,1]","[1,1,1,1,1,1]",0,0,5,2,home_win,home,0,80
18281,2,"{""single"":[""solutions/game_2/single/rest-010111/top"",""solutions/game_2/single/rest-101111/bot""]}","[0,1,0,1,1,1]","[1,0,1,1,1,1]",1,0,1,4,away_win,away,0,81
18281,3,"{""single"":[""solutions/game_3/single/rest-111000/top"",""solutions/game_3/single/rest-010010/bot""]}","[1,1,1,0,0,0]","[0,1,0,0,1,0]",1,1,2,3,away_win,away,0,80
18281,4,"{""single"":[""solutions/game_4/single/rest-100111/top"",""solutions/game_4/single/rest-100101/bot""]}","[1,0,0,1,1,1]","[1,0,0,1,0,1]",1,2,5,2,home_win,home,0,79
18281,5,"{""single"":[""solutions/game_5/single/rest-011111/top"",""solutions/game_5/single/rest-011011/bot""]}","[0,1,1,1,1,1]","[0,1,1,0,1,1]",2,2,0,7,away_win,away,0,84
18282,1,"{""single"":[""solutions/game_1/single/rest-111111/top"",""solutions/game_1/single/rest-111111/bot""]}","[1,1,1,1,1,1]","[1,1,1,1,1,1]",0,0,6,7,away_win,away,0,92
18282,2,"{""single"":[""solutions/game_2/single/rest-010000/top"",""solutions/game_2/single/rest-001111/bot""]}","[0,1,0,0,0,0]","[0,0,1,1,1,1]",0,1,2,5,away_win,away,0,81
18282,3,"{""single"":[""solutions/game_3/single/rest-001111/top"",""solutions/game_3/single/rest-111011/bot""]}","[0,0,1,1,1,1]","[1,1,1,0,1,1]",0,2,3,9,away_win,away,0,85
18282,4,"{""single"":[""solutions/game_4/single/rest-110100/top"",""solutions/game_4/single/rest-101101/bot""]}","[1,1,0,1,0,0]","[1,0,1,1,0,1]",0,3,2,2,tie,away,1,79
18282,5,"{""single"":[""solutions/game_5/single/rest-001101/top"",""solutions/game_5/single/rest-110010/bot""]}","[0,0,1,1,0,1]","[1,1,0,0,1,0]",0,4,0,9,away_win,away,1,34
18283,1,"{""single"":[""solutions/game_1/single/rest-111111/top"",""solutions/game_1/single/rest-111111/bot""]}","[1,1,1,1,1,1]","[1,1,1,1,1,1]",0,0,3,1,home_win,home,0,72
18283,2,"{""single"":[""solutions/game_2/single/rest-110011/top"",""solutions/game_2/single/rest-001011/bot""]}","[1,1,0,0,1,1]","[0,0,1,0,1,1]",1,0,1,9,away_win,away,0,71
18283,3,"{""single"":[""solutions/game_3/single/rest-011100/top"",""solutions/game_3/single/rest-011110/bot""]}","[0,1,1,1,0,0]","[0,1,1,1,1,0]",1,1,2,2,tie,home,0,89
18283,4,"{""single"":[""solutions/game_4/single/rest-110101/top"",""solutions/game_4/single/rest-111011/bot""]}","[1,1,0,1,0,1]","[1,1,1,0,1,1]",2,1,5,7,away_win,away,0,88
18283,5,"{""single"":[""solutions/game_5/single/rest-001110/top"",""solutions/game_5/single/rest-001100/bot""]}","[0,0,1,1,1,0]","[0,0,1,1,0,0]",2,2,7,5,home_win,home,0,78
18284,1,"{""single"":[""solutions/game_1/single/rest-111111/top"",""solutions/game_1/single/rest-111111/bot""]}","[1,1,1,1,1,1]","[1,1,1,1,1,1]",0,0,2,3,away_win,away,0,80
18284,2,"{""single"":[""solutions/game_2/single/rest-110001/top"",""solutions/game_2/single/rest-001011/bot""]}","[1,1,0,0,0,1]","[0,0,1,0,1,1]",0,1,7,3,home_win,home,0,84
18284,3,"{""single"":[""solutions/game_3/single/rest-111111/top"",""solutions/game_3/single/rest-111101/bot""]}","[1,1,1,1,1,1]","[1,1,1,1,0,1]",1,1,2,10,away_win,away,0,63
18284,4,"{""single"":[""solutions/game_4/single/rest-010011/top"",""solutions/game_4/single/rest-111111/bot""]}","[0,1,0,0,1,1]","[1,1,1,1,1,1]",1,2,5,2,home_win,home,0,74
18284,5,"{""single"":[""solutions/game_5/single/rest-110110/top"",""solutions/game_5/single/rest-001011/bot""]}","[1,1,0,1,1,0]","[0,0,1,0,1,1]",2,2,8,0,home_win,home,0,73
18285,1,"{""single"":[""solutions/game_1/single/rest-111111/top"",""solutions/game_1/single/rest-111111/bot""]}","[1,1,1,1,1,1]","[1,1,1,1,1,1]",0,0,3,5,away_win,away,0,87
18285,2,"{""single"":[""solutions/game_2/single/rest-011001/top"",""solutions/game_2/single/rest-101010/bot""]}","[0,1,1,0,0,1]","[1,0,1,0,1,0]",0,1,2,10,away_win,away,0,48
18285,3,"{""single"":[""solutions/game_3/single/rest-110011/top"",""solutions/game_3/single/rest-111111/bot""]}","[1,1,0,0,1,1]","[1,1,1,1,1,1]",0,2,7,10,away_win,away,0,103
18285,4,"{""single"":[""solutions/game_4/single/rest-111100/top"",""solutions/game_4/single/rest-100010/bot""]}","[1,1,1,1,0,0]","[1,0,0,0,1,0]",0,3,8,7,home_win,home,1,102
18285,5,"{""single"":[""solutions/game_5/single/rest-000111/top"",""solutions/game_5/single/rest-011111/bot""]}","[0,0,0,1,1,1]","[0,1,1,1,1,1]",1,3,6,7,away_win,away,1,95
18286,1,"{""single"":[""solutions/game_1/single/rest-111111/top"",""solutions/game_1/single/rest-111111/bot""]}","[1,1,1,1,1,1]","[1,1,1,1,1,1]",0,0,1,5,away_win,away,0,84
18286,2,"{""single"":[""solutions/game_2/single/rest-010101/top"",""solutions/game_2/single/rest-001100/bot""]}","[0,1,0,1,0,1]","[0,0,1,1,0,0]",0,1,7,11,away_win,away,0,98
18286,3,"{""single"":[""solutions/game_3/single/rest-111110/top"",""solutions/game_3/single/rest-110011/bot""]}","[1,1,1,1,1,0]","[1,1,0,0,1,1]",0,2,4,3,home_win,home,0,77
18286,4,"{""single"":[""solutions/game_4/single/rest-010001/top"",""solutions/game_4/single/rest-001110/bot""]}","[0,1,0,0,0,1]","[0,0,1,1,1,0]",1,2,7,4,home_win,home,0,83
18286,5,"{""single"":[""solutions/game_5/single/rest-111110/top"",""solutions/game_5/single/rest-110111/bot""]}","[1,1,1,1,1,0]","[1,1,0,1,1,1]",2,2,4,6,away_win,away,0,85
18287,1,"{""single"":[""solutions/game_1/single/rest-111111/top"",""solutions/game_1/single/rest-111111/bot""]}","[1,1,1,1,1,1]","[1,1,1,1,1,1]",0,0,2,5,away_win,away,0,83
18287,2,"{""single"":[""solutions/game_2/single/rest-110100/top"",""solutions/game_2/single/rest-001111/bot""]}","[1,1,0,1,0,0]","[0,0,1,1,1,1]",0,1,2,4,away_win,away,0,80
18287,3,"{""single"":[""solutions/game_3/single/rest-011011/top"",""solutions/game_3/single/rest-110010/bot""]}","[0,1,1,0,1,1]","[1,1,0,0,1,0]",0,2,2,1,home_win,home,0,67
18287,4,"{""single"":[""solutions/game_4/single/rest-110010/top"",""solutions/game_4/single/rest-111100/bot""]}","[1,1,0,0,1,0]","[1,1,1,1,0,0]",1,2,8,10,away_win,away,0,105
18287,5,"{""single"":[""solutions/game_5/single/rest-001111/top"",""solutions/game_5/single/rest-010011/bot""]}","[0,0,1,1,1,1]","[0,1,0,0,1,1]",1,3,2,10,away_win,away,1,44
18288,1,"{""single"":[""solutions/game_1/single/rest-111111/top"",""solutions/game_1/single/rest-111111/bot""]}","[1,1,1,1,1,1]","[1,1,1,1,1,1]",0,0,5,7,away_win,away,0,87
18288,2,"{""single"":[""solutions/game_2/single/rest-011111/top"",""solutions/game_2/single/rest-001011/bot""]}","[0,1,1,1,1,1]","[0,0,1,0,1,1]",0,1,4,2,home_win,home,0,78
18288,3,"{""single"":[""solutions/game_3/single/rest-111111/top"",""solutions/game_3/single/rest-110110/bot""]}","[1,1,1,1,1,1]","[1,1,0,1,1,0]",1,1,2,6,away_win,away,0,90
18288,4,"{""single"":[""solutions/game_4/single/rest-010010/top"",""solutions/game_4/single/rest-001111/bot""]}","[0,1,0,0,1,0]","[0,0,1,1,1,1]",1,2,5,3,home_win,home,0,75
18288,5,"{""single"":[""solutions/game_5/single/rest-111101/top"",""solutions/game_5/single/rest-111010/bot""]}","[1,1,1,1,0,1]","[1,1,1,0,1,0]",2,2,4,7,away_win,away,0,90
18289,1,"{""single"":[""solutions/game_1/single/rest-111111/top"",""solutions/game_1/single/rest-111111/bot""]}","[1,1,1,1,1,1]","[1,1,1,1,1,1]",0,0,3,1,home_win,home,0,78
18289,2,"{""single"":[""solutions/game_2/single/rest-011011/top"",""solutions/game_2/single/rest-010110/bot""]}","[0,1,1,0,1,1]","[0,1,0,1,1,0]",1,0,3,2,home_win,home,0,77
18289,3,"{""single"":[""solutions/game_3/single/rest-000101/top"",""solutions/game_3/single/rest-111011/bot""]}","[0,0,0,1,0,1]","[1,1,1,0,1,1]",2,0,6,5,home_win,home,0,87
18289,4,"{""single"":[""solutions/game_4/single/rest-111010/top"",""solutions/game_4/single/rest-001101/bot""]}","[1,1,1,0,1,0]","[0,0,1,1,0,1]",3,0,4,4,tie,home,1,85
18289,5,"{""single"":[""solutions/game_5/single/rest-000011/top"",""solutions/game_5/single/rest-111011/bot""]}","[0,0,0,0,1,1]","[1,1,1,0,1,1]",4,0,5,9,away_win,away,1,95
18290,1,"{""single"":[""solutions/game_1/single/rest-111111/top"",""solutions/game_1/single/rest-111111/bot""]}","[1,1,1,1,1,1]","[1,1,1,1,1,1]",0,0,4,3,home_win,home,0,86
18290,2,"{""single"":[""solutions/game_2/single/rest-000001/top"",""solutions/game_2/single/rest-011011/bot""]}","[0,0,0,0,0,1]","[0,1,1,0,1,1]",1,0,7,9,away_win,away,0,94
18290,3,"{""single"":[""solutions/game_3/single/rest-101110/top"",""solutions/game_3/single/rest-111110/bot""]}","[1,0,1,1,1,0]","[1,1,1,1,1,0]",1,1,12,6,home_win,home,0,92
18290,4,"{""single"":[""solutions/game_4/single/rest-110011/top"",""solutions/game_4/single/rest-101111/bot""]}","[1,1,0,0,1,1]","[1,0,1,1,1,1]",2,1,7,6,home_win,home,0,83
18290,5,"{""single"":[""solutions/game_5/single/rest-011011/top"",""solutions/game_5/single/rest-010010/bot""]}","[0,1,1,0,1,1]","[0,1,0,0,1,0]",3,1,7,5,home_win,home,1,79
18291,1,"{""single"":[""solutions/game_1/single/rest-111111/top"",""solutions/game_1/single/rest-111111/bot""]}","[1,1,1,1,1,1]","[1,1,1,1,1,1]",0,0,5,3,home_win,home,0,80
18291,2,"{""single"":[""solutions/game_2/single/rest-110001/top"",""solutions/game_2/single/rest-001010/bot""]}","[1,1,0,0,0,1]","[0,0,1,0,1,0]",1,0,3,7,away_win,away,0,96
18291,3,"{""single"":[""solutions/game_3/single/rest-111110/top"",""solutions/game_3/single/rest-110101/bot""]}","[1,1,1,1,1,0]","[1,1,0,1,0,1]",1,1,5,8,away_win,away,0,93
18291,4,"{""single"":[""solutions/game_4/single/rest-000001/top"",""solutions/game_4/single/rest-001010/bot""]}","[0,0,0,0,0,1]","[0,0,1,0,1,0]",1,2,15,17,away_win,away,0,110
18291,5,"{""single"":[""solutions/game_5/single/rest-110111/top"",""solutions/game_5/single/rest-000100/bot""]}","[1,1,0,1,1,1]","[0,0,0,1,0,0]",1,3,4,3,home_win,home,1,82
18292,1,"{""single"":[""solutions/game_1/single/rest-111111/top"",""solutions/game_1/single/rest-111111/bot""]}","[1,1,1,1,1,1]","[1,1,1,1,1,1]",0,0,5,2,home_win,home,0,77
18292,2,"{""single"":[""solutions/game_2/single/rest-110001/top"",""solutions/game_2/single/rest-101010/bot""]}","[1,1,0,0,0,1]","[1,0,1,0,1,0]",1,0,5,3,home_win,home,0,76
18292,3,"{""single"":[""solutions/game_3/single/rest-001110/top"",""solutions/game_3/single/rest-010011/bot""]}","[0,0,1,1,1,0]","[0,1,0,0,1,1]",2,0,3,12,away_win,away,0,69
18292,4,"{""single"":[""solutions/game_4/single/rest-110101/top"",""solutions/game_4/single/rest-111110/bot""]}","[1,1,0,1,0,1]","[1,1,1,1,1,0]",2,1,6,4,home_win,home,0,77
18292,5,"{""single"":[""solutions/game_5/single/rest-111011/top"",""solutions/game_5/single/rest-001011/bot""]}","[1,1,1,0,1,1]","[0,0,1,0,1,1]",3,1,10,2,home_win,home,1,73
18293,1,"{""single"":[""solutions/game_1/single/rest-111111/top"",""solutions/game_1/single/rest-111111/bot""]}","[1,1,1,1,1,1]","[1,1,1,1,1,1]",0,0,1,5,away_win,away,0,85
18293,2,"{""single"":[""solutions/game_2/single/rest-011001/top"",""solutions/game_2/single/rest-011110/bot""]}","[0,1,1,0,0,1]","[0,1,1,1,1,0]",0,1,5,6,away_win,away,0,97
18293,3,"{""single"":[""solutions/game_3/single/rest-100111/top"",""solutions/game_3/single/rest-100101/bot""]}","[1,0,0,1,1,1]","[1,0,0,1,0,1]",0,2,2,4,away_win,away,0,79
18293,4,"{""single"":[""solutions/game_4/single/rest-011100/top"",""solutions/game_4/single/rest-111111/bot""]}","[0,1,1,1,0,0]","[1,1,1,1,1,1]",0,3,7,5,home_win,home,1,83
18293,5,"{""single"":[""solutions/game_5/single/rest-101110/top"",""solutions/game_5/single/rest-100111/bot""]}","[1,0,1,1,1,0]","[1,0,0,1,1,1]",1,3,11,6,home_win,home,1,90
18294,1,"{""single"":[""solutions/game_1/single/rest-111111/top"",""solutions/game_1/single/rest-111111/bot""]}","[1,1,1,1,1,1]","[1,1,1,1,1,1]",0,0,13,8,home_win,home,0,91
18294,2,"{""single"":[""solutions/game_2/single/rest-010101/top"",""solutions/game_2/single/rest-001110/bot""]}","[0,1,0,1,0,1]","[0,0,1,1,1,0]",1,0,9,0,home_win,home,0,50
18294,3,"{""single"":[""solutions/game_3/single/rest-111111/top"",""solutions/game_3/single/rest-111100/bot""]}","[1,1,1,1,1,1]","[1,1,1,1,0,0]",2,0,7,3,home_win,home,0,79
18294,4,"{""single"":[""solutions/game_4/single/rest-110000/top"",""solutions/game_4/single/rest-110111/bot""]}","[1,1,0,0,0,0]","[1,1,0,1,1,1]",3,0,2,8,away_win,away,1,87
18294,5,"{""single"":[""solutions/game_5/single/rest-101110/top"",""solutions/game_5/single/rest-001011/bot""]}","[1,0,1,1,1,0]","[0,0,1,0,1,1]",3,1,8,6,home_win,home,1,80
18295,1,"{""single"":[""solutions/game_1/single/rest-111111/top"",""solutions/game_1/single/rest-111111/bot""]}","[1,1,1,1,1,1]","[1,1,1,1,1,1]",0,0,1,3,away_win,away,0,79
18295,2,"{""single"":[""solutions/game_2/single/rest-011011/top"",""solutions/game_2/single/rest-000010/bot""]}","[0,1,1,0,1,1]","[0,0,0,0,1,0]",0,1,2,5,away_win,away,0,85
18295,3,"{""single"":[""solutions/game_3/single/rest-111101/top"",""solutions/game_3/single/rest-111101/bot""]}","[1,1,1,1,0,1]","[1,1,1,1,0,1]",0,2,2,3,away_win,away,0,80
18295,4,"{""single"":[""solutions/game_4/single/rest-010010/top"",""solutions/game_4/single/rest-101010/bot""]}","[0,1,0,0,1,0]","[1,0,1,0,1,0]",0,3,6,4,home_win,home,1,85
18295,5,"{""single"":[""solutions/game_5/single/rest-111111/top"",""solutions/game_5/single/rest-011111/bot""]}","[1,1,1,1,1,1]","[0,1,1,1,1,1]",1,3,2,3,away_win,away,1,86
18296,1,"{""single"":[""solutions/game_1/single/rest-111111/top"",""solutions/game_1/single/rest-111111/bot""]}","[1,1,1,1,1,1]","[1,1,1,1,1,1]",0,0,8,0,home_win,home,0,34
18296,2,"{""single"":[""solutions/game_2/single/rest-111111/top"",""solutions/game_2/single/rest-111111/bot""]}","[1,1,1,1,1,1]","[1,1,1,1,1,1]",1,0,3,1,home_win,home,0,78
18296,3,"{""single"":[""solutions/game_3/single/rest-110001/top"",""solutions/game_3/single/rest-101111/bot""]}","[1,1,0,0,0,1]","[1,0,1,1,1,1]",2,0,4,2,home_win,home,0,79
18296,4,"{""single"":[""solutions/game_4/single/rest-001010/top"",""solutions/game_4/single/rest-011110/bot""]}","[0,0,1,0,1,0]","[0,1,1,1,1,0]",3,0,4,12,away_win,away,1,77
18296,5,"{""single"":[""solutions/game_5/single/rest-110101/top"",""solutions/game_5/single/rest-111111/bot""]}","[1,1,0,1,0,1]","[1,1,1,1,1,1]",3,1,10,1,home_win,home,1,73
18297,1,"{""single"":[""solutions/game_1/single/rest-111111/top"",""solutions/game_1/single/rest-111111/bot""]}","[1,1,1,1,1,1]","[1,1,1,1,1,1]",0,0,0,1,away_win,away,0,69
18297,2,"{""single"":[""solutions/game_2/single/rest-010011/top"",""solutions/game_2/single/rest-011010/bot""]}","[0,1,0,0,1,1]","[0,1,1,0,1,0]",0,1,3,4,away_win,away,0,80
18297,3,"{""single"":[""solutions/game_3/single/rest-101101/top"",""solutions/game_3/single/rest-001101/bot""]}","[1,0,1,1,0,1]","[0,0,1,1,0,1]",0,2,2,3,away_win,away,0,79
18297,4,"{""single"":[""solutions/game_4/single/rest-010011/top"",""solutions/game_4/single/rest-001010/bot""]}","[0,1,0,0,1,1]","[0,0,1,0,1,0]",0,3,7,4,home_win,home,1,89
18297,5,"{""single"":[""solutions/game_5/single/rest-111110/top"",""solutions/game_5/single/rest-111101/bot""]}","[1,1,1,1,1,0]","[1,1,1,1,0,1]",1,3,3,5,away_win,away,1,89
18298,1,"{""single"":[""solutions/game_1/single/rest-111111/top"",""solutions/game_1/single/rest-111111/bot""]}","[1,1,1,1,1,1]","[1,1,1,1,1,1]",0,0,4,3,home_win,home,0,77
18298,2,"{""single"":[""solutions/game_2/single/rest-010011/top"",""solutions/game_2/single/rest-001111/bot""]}","[0,1,0,0,1,1]","[0,0,1,1,1,1]",1,0,10,11,away_win,away,0,106
18298,3,"{""single"":[""solutions/game_3/single/rest-111100/top"",""solutions/game_3/single/rest-100011/bot""]}","[1,1,1,1,0,0]","[1,0,0,0,1,1]",1,1,3,6,away_win,away,0,87
18298,4,"{""single"":[""solutions/game_4/single/rest-011011/top"",""solutions/game_4/single/rest-011001/bot""]}","[0,1,1,0,1,1]","[0,1,1,0,0,1]",1,2,8,4,home_win,home,0,84
18298,5,"{""single"":[""solutions/game_5/single/rest-111110/top"",""solutions/game_5/single/rest-100101/bot""]}","[1,1,1,1,1,0]","[1,0,0,1,0,1]",2,2,3,5,away_win,away,0,84
18299,1,"{""single"":[""solutions/game_1/single/rest-111111/top"",""solutions/game_1/single/rest-111111/bot""]}","[1,1,1,1,1,1]","[1,1,1,1,1,1]",0,0,2,4,away_win,away,0,83
18299,2,"{""single"":[""solutions/game_2/single/rest-110001/top"",""solutions/game_2/single/rest-011110/bot""]}","[1,1,0,0,0,1]","[0,1,1,1,1,0]",0,1,3,9,away_win,away,0,86
18299,3,"{""single"":[""solutions/game_3/single/rest-001110/top"",""solutions/game_3/single/rest-000101/bot""]}","[0,0,1,1,1,0]","[0,0,0,1,0,1]",0,2,2,11,away_win,away,0,68
18299,4,"{""single"":[""solutions/game_4/single/rest-110011/top"",""solutions/game_4/single/rest-111111/bot""]}","[1,1,0,0,1,1]","[1,1,1,1,1,1]",0,3,2,6,away_win,away,1,84
18299,5,"{""single"":[""solutions/game_5/single/rest-011101/top"",""solutions/game_5/single/rest-001101/bot""]}","[0,1,1,1,0,1]","[0,0,1,1,0,1]",0,4,4,3,home_win,home,1,89
18300,1,"{""single"":[""solutions/game_1/single/rest-111111/top"",""solutions/game_1/single/rest-111111/bot""]}","[1,1,1,1,1,1]","[1,1,1,1,1,1]",0,0,5,3,home_win,home,0,79
18300,2,"{""single"":[""solutions/game_2/single/rest-011101/top"",""solutions/game_2/single/rest-101110/bot""]}","[0,1,1,1,0,1]","[1,0,1,1,1,0]",1,0,2,3,away_win,away,0,86
18300,3,"{""single"":[""solutions/game_3/single/rest-110010/top"",""solutions/game_3/single/rest-110001/bot""]}","[1,1,0,0,1,0]","[1,1,0,0,0,1]",1,1,14,12,home_win,home,0,109
18300,4,"{""single"":[""solutions/game_4/single/rest-101101/top"",""solutions/game_4/single/rest-011110/bot""]}","[1,0,1,1,0,1]","[0,1,1,1,1,0]",2,1,6,8,away_win,away,0,95
18300,5,"{""single"":[""solutions/game_5/single/rest-110111/top"",""solutions/game_5/single/rest-100000/bot""]}","[1,1,0,1,1,1]","[1,0,0,0,0,0]",2,2,4,5,away_win,away,0,84
18301,1,"{""single"":[""solutions/game_1/single/rest-111111/top"",""solutions/game_1/single/rest-111111/bot""]}","[1,1,1,1,1,1]","[1,1,1,1,1,1]",0,0,5,4,home_win,home,0,86
18301,2,"{""single"":[""solutions/game_2/single/rest-111001/top"",""solutions/game_2/single/rest-101101/bot""]}","[1,1,1,0,0,1]","[1,0,1,1,0,1]",1,0,6,0,home_win,home,0,77
18301,3,"{""single"":[""solutions/game_3/single/rest-110110/top"",""solutions/game_3/single/rest-111110/bot""]}","[1,1,0,1,1,0]","[1,1,1,1,1,0]",2,0,3,1,home_win,home,0,77
18301,4,"{""single"":[""solutions/game_4/single/rest-111100/top"",""solutions/game_4/single/rest-110111/bot""]}","[1,1,1,1,0,0]","[1,1,0,1,1,1]",3,0,4,2,home_win,home,1,74
18301,5,"{""single"":[""solutions/game_5/single/rest-110011/top"",""solutions/game_5/single/rest-001011/bot""]}","[1,1,0,0,1,1]","[0,0,1,0,1,1]",4,0,2,10,away_win,away,1,69
18302,1,"{""single"":[""solutions/game_1/single/rest-111111/top"",""solutions/game_1/single/rest-111111/bot""]}","[1,1,1,1,1,1]","[1,1,1,1,1,1]",0,0,5,2,home_win,home,0,76
18302,2,"{""single"":[""solutions/game_2/single/rest-110001/top"",""solutions/game_2/single/rest-011110/bot""]}","[1,1,0,0,0,1]","[0,1,1,1,1,0]",1,0,10,1,home_win,home,0,74
18302,3,"{""single"":[""solutions/game_3/single/rest-100111/top"",""solutions/game_3/single/rest-101101/bot""]}","[1,0,0,1,1,1]","[1,0,1,1,0,1]",2,0,6,4,home_win,home,0,76
18302,4,"{""single"":[""solutions/game_4/single/rest-111001/top"",""solutions/game_4/single/rest-011011/bot""]}","[1,1,1,0,0,1]","[0,1,1,0,1,1]",3,0,2,0,home_win,home,1,68
18302,5,"{""single"":[""solutions/game_5/single/rest-010100/top"",""solutions/game_5/single/rest-101101/bot""]}","[0,1,0,1,0,0]","[1,0,1,1,0,1]",4,0,6,1,home_win,home,1,76
18303,1,"{""single"":[""solutions/game_1/single/rest-111111/top"",""solutions/game_1/single/rest-111111/bot""]}","[1,1,1,1,1,1]","[1,1,1,1,1,1]",0,0,1,3,away_win,away,0,78
18303,2,"{""single"":[""solutions/game_2/single/rest-010001/top"",""solutions/game_2/single/rest-001010/bot""]}","[0,1,0,0,0,1]","[0,0,1,0,1,0]",0,1,2,8,away_win,away,0,87
18303,3,"{""single"":[""solutions/game_3/single/rest-011011/top"",""solutions/game_3/single/rest-111101/bot""]}","[0,1,1,0,1,1]","[1,1,1,1,0,1]",0,2,9,1,home_win,home,0,69
18303,4,"{""single"":[""solutions/game_4/single/rest-111111/top"",""solutions/game_4/single/rest-101010/bot""]}","[1,1,1,1,1,1]","[1,0,1,0,1,0]",1,2,4,6,away_win,away,0,86
18303,5,"{""single"":[""solutions/game_5/single/rest-010110/top"",""solutions/game_5/single/rest-110101/bot""]}","[0,1,0,1,1,0]","[1,1,0,1,0,1]",1,3,8,7,home_win,home,1,91
18304,1,"{""single"":[""solutions/game_1/single/rest-111111/top"",""solutions/game_1/single/rest-111111/bot""]}","[1,1,1,1,1,1]","[1,1,1,1,1,1]",0,0,6,5,home_win,home,0,81
18304,2,"{""single"":[""solutions/game_2/single/rest-010111/top"",""solutions/game_2/single/rest-000011/bot""]}","[0,1,0,1,1,1]","[0,0,0,0,1,1]",1,0,4,2,home_win,home,0,67
18304,3,"{""single"":[""solutions/game_3/single/rest-111111/top"",""solutions/game_3/single/rest-111100/bot""]}","[1,1,1,1,1,1]","[1,1,1,1,0,0]",2,0,8,3,home_win,home,0,89
18304,4,"{""single"":[""solutions/game_4/single/rest-110001/top"",""solutions/game_4/single/rest-100011/bot""]}","[1,1,0,0,0,1]","[1,0,0,0,1,1]",3,0,3,12,away_win,away,1,76
18304,5,"{""single"":[""solutions/game_5/single/rest-001110/top"",""solutions/game_5/single/rest-111110/bot""]}","[0,0,1,1,1,0]","[1,1,1,1,1,0]",3,1,5,3,home_win,home,1,78
