sequence,game,policies,home_initial_rest,away_initial_rest,home_wins_before,away_wins_before,home_score,away_score,terminal_result,winner,post_clinch,decisions
21505,1,"{""single"":[""solutions/game_1/single/rest-111111/top"",""solutions/game_1/single/rest-111111/bot""],""series"":[""solutions/game_1/series/rest-111111/top"",""solutions/game_1/series/rest-111111/bot""]}","[1,1,1,1,1,1]","[1,1,1,1,1,1]",0,0,7,3,home_win,home,0,87
21505,2,"{""single"":[""solutions/game_2/single/rest-010101/top"",""solutions/game_2/single/rest-111100/bot""],""series"":[""solutions/game_2/series/home_wins_1/rest-010101/top"",""solutions/game_2/series/home_wins_1/rest-111100/bot""]}","[0,1,0,1,0,1]","[1,1,1,1,0,0]",1,0,5,6,away_win,away,0,88
21505,3,"{""single"":[""solutions/game_3/single/rest-101011/top"",""solutions/game_3/single/rest-000011/bot""],""series"":[""solutions/game_3/series/home_wins_1/rest-101011/top"",""solutions/game_3/series/home_wins_1/rest-000011/bot""]}","[1,0,1,0,1,1]","[0,0,0,0,1,1]",1,1,7,8,away_win,away,0,98
21505,4,"{""single"":[""solutions/game_4/single/rest-010010/top"",""solutions/game_4/single/rest-111111/bot""],""series"":[""solutions/game_4/series/home_wins_1/rest-010010/top"",""solutions/game_4/series/home_wins_1/rest-111111/bot""]}","[0,1,0,0,1,0]","[1,1,1,1,1,1]",1,2,10,5,home_win,home,0,87
21505,5,"{""single"":[""solutions/game_5/single/rest-101100/top"",""solutions/game_5/single/rest-110111/bot""],""series"":[""solutions/game_5/single/rest-101100/top"",""solutions/game_5/single/rest-110111/bot""]}","[1,0,1,1,0,0]","[1,1,0,1,1,1]",2,2,8,7,home_win,home,0,85
21506,1,"{""single"":[""solutions/game_1/single/rest-111111/top"",""solutions/game_1/single/rest-111111/bot""],""series"":[""solutions/game_1/series/rest-111111/top"",""solutions/game_1/series/rest-111111/bot""]}","[1,1,1,1,1,1]","[1,1,1,1,1,1]",0,0,5,2,home_win,home,0,79
21506,2,"{""single"":[""solutions/game_2/single/rest-110011/top"",""solutions/game_2/single/rest-111110/bot""],""series"":[""solutions/game_2/series/home_wins_1/rest-110011/top"",""solutions/game_2/series/home_wins_1/rest-111110/bot""]}","[1,1,0,0,1,1]","[1,1,1,1,1,0]",1,0,2,6,away_win,away,0,87
21506,3,"{""single"":[""solutions/game_3/single/rest-001110/top"",""solutions/game_3/single/rest-111110/bot""],""series"":[""solutions/game_3/series/home_wins_1/rest-001110/top"",""solutions/game_3/series/home_wins_1/rest-111110/bot""]}","[0,0,1,1,1,0]","[1,1,1,1,1,0]",1,1,2,0,home_win,home,0,71
21506,4,"{""single"":[""solutions/game_4/single/rest-110111/top"",""solutions/game_4/single/rest-010111/bot""],""series"":[""solutions/game_4/series/home_wins_2/rest-110111/top"",""solutions/game_4/series/home_wins_2/rest-010111/bot""]}","[1,1,0,1,1,1]","[0,1,0,1,1,1]",2,1,4,2,home_win,home,0,75
21506,5,"{""single"":[""solutions/game_5/single/rest-011001/top"",""solutions/game_5/single/rest-101111/bot""],""series"":[""solutions/game_5/single/rest-011001/top"",""solutions/game_5/single/rest-101111/bot""]}","[0,1,1,0,0,1]","[1,0,1,1,1,1]",3,1,2,8,away_win,away,1,88
21507,1,"{""single"":[""solutions/game_1/single/rest-111111/top"",""solutions/game_1/single/rest-111111/bot""],""series"":[""solutions/game_1/series/rest-111111/top"",""solutions/game_1/series/rest-111111/bot""]}","[1,1,1,1,1,1]","[1,1,1,1,1,1]",0,0,0,8,away_win,away,0,64
21507,2,"{""single"":[""solutions/game_2/single/rest-111000/top"",""solutions/game_2/single/rest-111101/bot""],""series"":[""solutions/game_2/series/home_wins_0/rest-111000/top"",""solutions/game_2/series/home_wins_0/rest-111101/bot""]}","[1,1,1,0,0,0]","[1,1,1,1,0,1]",0,1,5,3,home_win,home,0,76
21507,3,"{""single"":[""solutions/game_3/single/rest-110111/top"",""solutions/game_3/single/rest-110111/bot""],""series"":[""solutions/game_3/series/home_wins_1/rest-110111/top"",""solutions/game_3/series/home_wins_1/rest-110111/bot""]}","[1,1,0,1,1,1]","[1,1,0,1,1,1]",1,1,1,4,away_win,away,0,75
21507,4,"{""single"":[""solutions/game_4/single/rest-111000/top"",""solutions/game_4/single/rest-111111/bot""],""series"":[""solutions/game_4/series/home_wins_1/rest-111000/top"",""solutions/game_4/series/home_wins_1/rest-111111/bot""]}","[1,1,1,0,0,0]","[1,1,1,1,1,1]",1,2,9,0,home_win,home,0,53
21507,5,"{""single"":[""solutions/game_5/single/rest-111011/top"",""solutions/game_5/single/rest-111111/bot""],""series"":[""solutions/game_5/single/rest-111011/top"",""solutions/game_5/single/rest-111111/bot""]}","[1,1,1,0,1,1]","[1,1,1,1,1,1]",2,2,7,8,away_win,away,0,101
21508,1,"{""single"":[""solutions/game_1/single/rest-111111/top"",""solutions/game_1/single/rest-111111/bot""],""series"":[""solutions/game_1/series/rest-111111/top"",""solutions/game_1/series/rest-111111/bot""]}","[1,1,1,1,1,1]","[1,1,1,1,1,1]",0,0,5,4,home_win,home,0,74
21508,2,"{""single"":[""solutions/game_2/single/rest-111001/top"",""solutions/game_2/single/rest-111011/bot""],""series"":[""solutions/game_2/series/home_wins_1/rest-111001/top"",""solutions/game_2/series/home_wins_1/rest-111011/bot""]}","[1,1,1,0,0,1]","[1,1,1,0,1,1]",1,0,4,9,away_win,away,0,86
21508,3,"{""single"":[""solutions/game_3/single/rest-010100/top"",""solutions/game_3/single/rest-111101/bot""],""series"":[""solutions/game_3/series/home_wins_1/rest-010100/top"",""solutions/game_3/series/home_wins_1/rest-111101/bot""]}","[0,1,0,1,0,0]","[1,1,1,1,0,1]",1,1,9,1,home_win,home,0,64
21508,4,"{""single"":[""solutions/game_4/single/rest-101111/top"",""solutions/game_4/single/rest-110111/bot""],""series"":[""solutions/game_4/series/home_wins_2/rest-101111/top"",""solutions/game_4/series/home_wins_2/rest-110111/bot""]}","[1,0,1,1,1,1]","[1,1,0,1,1,1]",2,1,7,3,home_win,home,0,82
21508,5,"{""single"":[""solutions/game_5/single/rest-110100/top"",""solutions/game_5/single/rest-001111/bot""],""series"":[""solutions/game_5/single/rest-110100/top"",""solutions/game_5/single/rest-001111/bot""]}","[1,1,0,1,0,0]","[0,0,1,1,1,1]",3,1,9,1,home_win,home,1,38
21509,1,"{""single"":[""solutions/game_1/single/rest-111111/top"",""solutions/game_1/single/rest-111111/bot""],""series"":[""solutions/game_1/series/rest-111111/top"",""solutions/game_1/series/rest-111111/bot""]}","[1,1,1,1,1,1]","[1,1,1,1,1,1]",0,0,0,3,away_win,away,0,76
21509,2,"{""single"":[""solutions/game_2/single/rest-011100/top"",""solutions/game_2/single/rest-111110/bot""],""series"":[""solutions/game_2/series/home_wins_0/rest-011100/top"",""solutions/game_2/series/home_wins_0/rest-111110/bot""]}","[0,1,1,1,0,0]","[1,1,1,1,1,0]",0,1,2,8,away_win,away,0,81
21509,3,"{""single"":[""solutions/game_3/single/rest-110011/top"",""solutions/game_3/single/rest-010111/bot""],""series"":[""solutions/game_3/series/home_wins_0/rest-110011/top"",""solutions/game_3/series/home_wins_0/rest-010111/bot""]}","[1,1,0,0,1,1]","[0,1,0,1,1,1]",0,2,3,12,away_win,away,0,84
21509,4,"{""single"":[""solutions/game_4/single/rest-001100/top"",""solutions/game_4/single/rest-101011/bot""],""series"":[""solutions/game_4/single/rest-001100/top"",""solutions/game_4/single/rest-101011/bot""]}","[0,0,1,1,0,0]","[1,0,1,0,1,1]",0,3,4,6,away_win,away,1,83
21509,5,"{""single"":[""solutions/game_5/single/rest-110111/top"",""solutions/game_5/single/rest-110110/bot""],""series"":[""solutions/game_5/single/rest-110111/top"",""solutions/game_5/single/rest-110110/bot""]}","[1,1,0,1,1,1]","[1,1,0,1,1,0]",0,4,5,3,home_win,home,1,80
21510,1,"{""single"":[""solutions/game_1/single/rest-111111/top"",""solutions/game_1/single/rest-111111/bot""],""series"":[""solutions/game_1/series/rest-111111/top"",""solutions/game_1/series/rest-111111/bot""]}","[1,1,1,1,1,1]","[1,1,1,1,1,1]",0,0,2,0,home_win,home,0,65
21510,2,"{""single"":[""solutions/game_2/single/rest-110101/top"",""solutions/game_2/single/rest-010111/bot""],""series"":[""solutions/game_2/series/home_wins_1/rest-110101/top"",""solutions/game_2/series/home_wins_1/rest-010111/bot""]}","[1,1,0,1,0,1]","[0,1,0,1,1,1]",1,0,3,7,away_win,away,0,100
21510,3,"{""single"":[""solutions/game_3/single/rest-001110/top"",""solutions/game_3/single/rest-101001/bot""],""series"":[""solutions/game_3/series/home_wins_1/rest-001110/top"",""solutions/game_3/series/home_wins_1/rest-101001/bot""]}","[0,0,1,1,1,0]","[1,0,1,0,0,1]",1,1,8,6,home_win,home,0,90
21510,4,"{""single"":[""solutions/game_4/single/rest-110101/top"",""solutions/game_4/single/rest-110011/bot""],""series"":[""solutions/game_4/series/home_wins_2/rest-110101/top"",""solutions/game_4/series/home_wins_2/rest-110011/bot""]}","[1,1,0,1,0,1]","[1,1,0,0,1,1]",2,1,2,7,away_win,away,0,90
21510,5,"{""single"":[""solutions/game_5/single/rest-101111/top"",""solutions/game_5/single/rest-001011/bot""],""series"":[""solutions/game_5/single/rest-101111/top"",""solutions/game_5/single/rest-001011/bot""]}","[1,0,1,1,1,1]","[0,0,1,0,1,1]",2,2,4,8,away_win,away,0,88
21511,1,"{""single"":[""solutions/game_1/single/rest-111111/top"",""solutions/game_1/single/rest-111111/bot""],""series"":[""solutions/game_1/series/rest-111111/top"",""solutions/game_1/series/rest-111111/bot""]}","[1,1,1,1,1,1]","[1,1,1,1,1,1]",0,0,5,4,home_win,home,0,86
21511,2,"{""single"":[""solutions/game_2/single/rest-001001/top"",""solutions/game_2/single/rest-111100/bot""],""series"":[""solutions/game_2/series/home_wins_1/rest-001001/top"",""solutions/game_2/series/home_wins_1/rest-111100/bot""]}","[0,0,1,0,0,1]","[1,1,1,1,0,0]",1,0,5,8,away_win,away,0,90
21511,3,"{""single"":[""solutions/game_3/single/rest-010100/top"",""solutions/game_3/single/rest-101011/bot""],""series"":[""solutions/game_3/series/home_wins_1/rest-010100/top"",""solutions/game_3/series/home_wins_1/rest-101011/bot""]}","[0,1,0,1,0,0]","[1,0,1,0,1,1]",1,1,5,7,away_win,away,0,77
21511,4,"{""single"":[""solutions/game_4/single/rest-101011/top"",""solutions/game_4/single/rest-010110/bot""],""series"":[""solutions/game_4/series/home_wins_1/rest-101011/top"",""solutions/game_4/series/home_wins_1/rest-010110/bot""]}","[1,0,1,0,1,1]","[0,1,0,1,1,0]",1,2,1,2,away_win,away,0,74
21511,5,"{""single"":[""solutions/game_5/single/rest-111100/top"",""solutions/game_5/single/rest-110001/bot""],""series"":[""solutions/game_5/single/rest-111100/top"",""solutions/game_5/single/rest-110001/bot""]}","[1,1,1,1,0,0]","[1,1,0,0,0,1]",1,3,3,8,away_win,away,1,83
21512,1,"{""single"":[""solutions/game_1/single/rest-111111/top"",""solutions/game_1/single/rest-111111/bot""],""series"":[""solutions/game_1/series/rest-111111/top"",""solutions/game_1/series/rest-111111/bot""]}","[1,1,1,1,1,1]","[1,1,1,1,1,1]",0,0,5,3,home_win,home,0,89
21512,2,"{""single"":[""solutions/game_2/single/rest-110101/top"",""solutions/game_2/single/rest-011111/bot""],""series"":[""solutions/game_2/series/home_wins_1/rest-110101/top"",""solutions/game_2/series/home_wins_1/rest-011111/bot""]}","[1,1,0,1,0,1]","[0,1,1,1,1,1]",1,0,5,3,home_win,home,0,87
21512,3,"{""single"":[""solutions/game_3/single/rest-101010/top"",""solutions/game_3/single/rest-101010/bot""],""series"":[""solutions/game_3/series/home_wins_2/rest-101010/top"",""solutions/game_3/series/home_wins_2/rest-101010/bot""]}","[1,0,1,0,1,0]","[1,0,1,0,1,0]",2,0,5,1,home_win,home,0,72
21512,4,"{""single"":[""solutions/game_4/single/rest-110101/top"",""solutions/game_4/single/rest-110111/bot""],""series"":[""solutions/game_4/single/rest-110101/top"",""solutions/game_4/single/rest-110111/bot""]}","[1,1,0,1,0,1]","[1,1,0,1,1,1]",3,0,7,2,home_win,home,1,78
21512,5,"{""single"":[""solutions/game_5/single/rest-011111/top"",""solutions/game_5/single/rest-101011/bot""],""series"":[""solutions/game_5/single/rest-011111/top"",""solutions/game_5/single/rest-101011/bot""]}","[0,1,1,1,1,1]","[1,0,1,0,1,1]",4,0,4,8,away_win,away,1,83
21513,1,"{""single"":[""solutions/game_1/single/rest-111111/top"",""solutions/game_1/single/rest-111111/bot""],""series"":[""solutions/game_1/series/rest-111111/top"",""solutions/game_1/series/rest-111111/bot""]}","[1,1,1,1,1,1]","[1,1,1,1,1,1]",0,0,7,2,home_win,home,0,80
21513,2,"{""single"":[""solutions/game_2/single/rest-111011/top"",""solutions/game_2/single/rest-111111/bot""],""series"":[""solutions/game_2/series/home_wins_1/rest-111011/top"",""solutions/game_2/series/home_wins_1/rest-111111/bot""]}","[1,1,1,0,1,1]","[1,1,1,1,1,1]",1,0,7,6,home_win,home,0,84
21513,3,"{""single"":[""solutions/game_3/single/rest-111110/top"",""solutions/game_3/single/rest-110110/bot""],""series"":[""solutions/game_3/series/home_wins_2/rest-111110/top"",""solutions/game_3/series/home_wins_2/rest-110110/bot""]}","[1,1,1,1,1,0]","[1,1,0,1,1,0]",2,0,8,10,away_win,away,0,96
21513,4,"{""single"":[""solutions/game_4/single/rest-000001/top"",""solutions/game_4/single/rest-011001/bot""],""series"":[""solutions/game_4/series/home_wins_2/rest-000001/top"",""solutions/game_4/series/home_wins_2/rest-011001/bot""]}","[0,0,0,0,0,1]","[0,1,1,0,0,1]",2,1,2,10,away_win,away,0,81
21513,5,"{""single"":[""solutions/game_5/single/rest-111111/top"",""solutions/game_5/single/rest-111111/bot""],""series"":[""solutions/game_5/single/rest-111111/top"",""solutions/game_5/single/rest-111111/bot""]}","[1,1,1,1,1,1]","[1,1,1,1,1,1]",2,2,3,2,home_win,home,0,76
21514,1,"{""single"":[""solutions/game_1/single/rest-111111/top"",""solutions/game_1/single/rest-111111/bot""],""series"":[""solutions/game_1/series/rest-111111/top"",""solutions/game_1/series/rest-111111/bot""]}","[1,1,1,1,1,1]","[1,1,1,1,1,1]",0,0,9,1,home_win,home,0,70
21514,2,"{""single"":[""solutions/game_2/single/rest-010111/top"",""solutions/game_2/single/rest-111111/bot""],""series"":[""solutions/game_2/series/home_wins_1/rest-010111/top"",""solutions/game_2/series/home_wins_1/rest-111111/bot""]}","[0,1,0,1,1,1]","[1,1,1,1,1,1]",1,0,6,2,home_win,home,0,78
21514,3,"{""single"":[""solutions/game_3/single/rest-111011/top"",""solutions/game_3/single/rest-010111/bot""],""series"":[""solutions/game_3/series/home_wins_2/rest-111011/top"",""solutions/game_3/series/home_wins_2/rest-010111/bot""]}","[1,1,1,0,1,1]","[0,1,0,1,1,1]",2,0,2,1,home_win,home,0,74
21514,4,"{""single"":[""solutions/game_4/single/rest-010100/top"",""solutions/game_4/single/rest-111011/bot""],""series"":[""solutions/game_4/single/rest-010100/top"",""solutions/game_4/single/rest-111011/bot""]}","[0,1,0,1,0,0]","[1,1,1,0,1,1]",3,0,1,3,away_win,away,1,77
21514,5,"{""single"":[""solutions/game_5/single/rest-101011/top"",""solutions/game_5/single/rest-001111/bot""],""series"":[""solutions/game_5/single/rest-101011/top"",""solutions/game_5/single/rest-001111/bot""]}","[1,0,1,0,1,1]","[0,0,1,1,1,1]",3,1,4,1,home_win,home,1,77
21515,1,"{""single"":[""solutions/game_1/single/rest-111111/top"",""solutions/game_1/single/rest-111111/bot""],""series"":[""solutions/game_1/series/rest-111111/top"",""solutions/game_1/series/rest-111111/bot""]}","[1,1,1,1,1,1]","[1,1,1,1,1,1]",0,0,2,3,away_win,away,0,78
21515,2,"{""single"":[""solutions/game_2/single/rest-110101/top"",""solutions/game_2/single/rest-111010/bot""],""series"":[""solutions/game_2/series/home_wins_0/rest-110101/top"",""solutions/game_2/series/home_wins_0/rest-111010/bot""]}","[1,1,0,1,0,1]","[1,1,1,0,1,0]",0,1,1,3,away_win,away,0,88
21515,3,"{""single"":[""solutions/game_3/single/rest-011110/top"",""solutions/game_3/single/rest-100111/bot""],""series"":[""solutions/game_3/series/home_wins_0/rest-011110/top"",""solutions/game_3/series/home_wins_0/rest-100111/bot""]}","[0,1,1,1,1,0]","[1,0,0,1,1,1]",0,2,2,7,away_win,away,0,87
21515,4,"{""single"":[""solutions/game_4/single/rest-100000/top"",""solutions/game_4/single/rest-101110/bot""],""series"":[""solutions/game_4/single/rest-100000/top"",""solutions/game_4/single/rest-101110/bot""]}","[1,0,0,0,0,0]","[1,0,1,1,1,0]",0,3,6,7,away_win,away,1,97
21515,5,"{""single"":[""solutions/game_5/single/rest-011101/top"",""solutions/game_5/single/rest-010101/bot""],""series"":[""solutions/game_5/single/rest-011101/top"",""solutions/game_5/single/rest-010101/bot""]}","[0,1,1,1,0,1]","[0,1,0,1,0,1]",0,4,0,10,away_win,away,1,76
21516,1,"{""single"":[""solutions/game_1/single/rest-111111/top"",""solutions/game_1/single/rest-111111/bot""],""series"":[""solutions/game_1/series/rest-111111/top"",""solutions/game_1/series/rest-111111/bot""]}","[1,1,1,1,1,1]","[1,1,1,1,1,1]",0,0,13,5,home_win,home,0,85
21516,2,"{""single"":[""solutions/game_2/single/rest-010101/top"",""solutions/game_2/single/rest-011110/bot""],""series"":[""solutions/game_2/series/home_wins_1/rest-010101/top"",""solutions/game_2/series/home_wins_1/rest-011110/bot""]}","[0,1,0,1,0,1]","[0,1,1,1,1,0]",1,0,5,8,away_win,away,0,92
21516,3,"{""single"":[""solutions/game_3/single/rest-001011/top"",""solutions/game_3/single/rest-101011/bot""],""series"":[""solutions/game_3/series/home_wins_1/rest-001011/top"",""solutions/game_3/series/home_wins_1/rest-101011/bot""]}","[0,0,1,0,1,1]","[1,0,1,0,1,1]",1,1,2,3,away_win,away,0,76
21516,4,"{""single"":[""solutions/game_4/single/rest-011110/top"",""solutions/game_4/single/rest-111010/bot""],""series"":[""solutions/game_4/series/home_wins_1/rest-011110/top"",""solutions/game_4/series/home_wins_1/rest-111010/bot""]}","[0,1,1,1,1,0]","[1,1,1,0,1,0]",1,2,3,4,away_win,away,0,84
21516,5,"{""single"":[""solutions/game_5/single/rest-111001/top"",""solutions/game_5/single/rest-110111/bot""],""series"":[""solutions/game_5/single/rest-111001/top"",""solutions/game_5/single/rest-110111/bot""]}","[1,1,1,0,0,1]","[1,1,0,1,1,1]",1,3,2,6,away_win,away,1,82
21517,1,"{""single"":[""solutions/game_1/single/rest-111111/top"",""solutions/game_1/single/rest-111111/bot""],""series"":[""solutions/game_1/series/rest-111111/top"",""solutions/game_1/series/rest-111111/bot""]}","[1,1,1,1,1,1]","[1,1,1,1,1,1]",0,0,5,8,away_win,away,0,84
21517,2,"{""single"":[""solutions/game_2/single/rest-010001/top"",""solutions/game_2/single/rest-011010/bot""],""series"":[""solutions/game_2/series/home_wins_0/rest-010001/top"",""solutions/game_2/series/home_wins_0/rest-011010/bot""]}","[0,1,0,0,0,1]","[0,1,1,0,1,0]",0,1,12,6,home_win,home,0,92
21517,3,"{""single"":[""solutions/game_3/single/rest-101110/top"",""solutions/game_3/single/rest-111111/bot""],""series"":[""solutions/game_3/series/home_wins_1/rest-101110/top"",""solutions/game_3/series/home_wins_1/rest-111111/bot""]}","[1,0,1,1,1,0]","[1,1,1,1,1,1]",1,1,2,7,away_win,away,0,86
21517,4,"{""single"":[""solutions/game_4/single/rest-011001/top"",""solutions/game_4/single/rest-111110/bot""],""series"":[""solutions/game_4/series/home_wins_1/rest-011001/top"",""solutions/game_4/series/home_wins_1/rest-111110/bot""]}","[0,1,1,0,0,1]","[1,1,1,1,1,0]",1,2,11,6,home_win,home,0,85
21517,5,"{""single"":[""solutions/game_5/single/rest-101110/top"",""solutions/game_5/single/rest-111101/bot""],""series"":[""solutions/game_5/single/rest-101110/top"",""solutions/game_5/single/rest-111101/bot""]}","[1,0,1,1,1,0]","[1,1,1,1,0,1]",2,2,6,5,home_win,home,0,82
21518,1,"{""single"":[""solutions/game_1/single/rest-111111/top"",""solutions/game_1/single/rest-111111/bot""],""series"":[""solutions/game_1/series/rest-111111/top"",""solutions/game_1/series/rest-111111/bot""]}","[1,1,1,1,1,1]","[1,1,1,1,1,1]",0,0,5,10,away_win,away,0,94
21518,2,"{""single"":[""solutions/game_2/single/rest-000000/top"",""solutions/game_2/single/rest-111011/bot""],""series"":[""solutions/game_2/series/home_wins_0/rest-000000/top"",""solutions/game_2/series/home_wins_0/rest-111011/bot""]}","[0,0,0,0,0,0]","[1,1,1,0,1,1]",0,1,5,7,away_win,away,0,89
21518,3,"{""single"":[""solutions/game_3/single/rest-111111/top"",""solutions/game_3/single/rest-001010/bot""],""series"":[""solutions/game_3/series/home_wins_0/rest-111111/top"",""solutions/game_3/series/home_wins_0/rest-001010/bot""]}","[1,1,1,1,1,1]","[0,0,1,0,1,0]",0,2,4,5,away_win,away,0,83
21518,4,"{""single"":[""solutions/game_4/single/rest-111001/top"",""solutions/game_4/single/rest-110101/bot""],""series"":[""solutions/game_4/single/rest-111001/top"",""solutions/game_4/single/rest-110101/bot""]}","[1,1,1,0,0,1]","[1,1,0,1,0,1]",0,3,0,6,away_win,away,1,79
21518,5,"{""single"":[""solutions/game_5/single/rest-000111/top"",""solutions/game_5/single/rest-111110/bot""],""series"":[""solutions/game_5/single/rest-000111/top"",""solutions/game_5/single/rest-111110/bot""]}","[0,0,0,1,1,1]","[1,1,1,1,1,0]",0,4,6,5,home_win,home,1,84
21519,1,"{""single"":[""solutions/game_1/single/rest-111111/top"",""solutions/game_1/single/rest-111111/bot""],""series"":[""solutions/game_1/series/rest-111111/top"",""solutions/game_1/series/rest-111111/bot""]}","[1,1,1,1,1,1]","[1,1,1,1,1,1]",0,0,2,10,away_win,away,0,83
21519,2,"{""single"":[""solutions/game_2/single/rest-110000/top"",""solutions/game_2/single/rest-101110/bot""],""series"":[""solutions/game_2/series/home_wins_0/rest-110000/top"",""solutions/game_2/series/home_wins_0/rest-101110/bot""]}","[1,1,0,0,0,0]","[1,0,1,1,1,0]",0,1,5,6,away_win,away,0,87
21519,3,"{""single"":[""solutions/game_3/single/rest-001111/top"",""solutions/game_3/single/rest-100101/bot""],""series"":[""solutions/game_3/series/home_wins_0/rest-001111/top"",""solutions/game_3/series/home_wins_0/rest-100101/bot""]}","[0,0,1,1,1,1]","[1,0,0,1,0,1]",0,2,7,0,home_win,home,0,78
21519,4,"{""single"":[""solutions/game_4/single/rest-111101/top"",""solutions/game_4/single/rest-101111/bot""],""series"":[""solutions/game_4/series/home_wins_1/rest-111101/top"",""solutions/game_4/series/home_wins_1/rest-101111/bot""]}","[1,1,1,1,0,1]","[1,0,1,1,1,1]",1,2,8,6,home_win,home,0,86
21519,5,"{""single"":[""solutions/game_5/single/rest-010011/top"",""solutions/game_5/single/rest-011110/bot""],""series"":[""solutions/game_5/single/rest-010011/top"",""solutions/game_5/single/rest-011110/bot""]}","[0,1,0,0,1,1]","[0,1,1,1,1,0]",2,2,6,4,home_win,home,0,72
21520,1,"{""single"":[""solutions/game_1/single/rest-111111/top"",""solutions/game_1/single/rest-111111/bot""],""series"":[""solutions/game_1/series/rest-111111/top"",""solutions/game_1/series/rest-111111/bot""]}","[1,1,1,1,1,1]","[1,1,1,1,1,1]",0,0,8,2,home_win,home,0,88
21520,2,"{""single"":[""solutions/game_2/single/rest-110001/top"",""solutions/game_2/single/rest-110101/bot""],""series"":[""solutions/game_2/series/home_wins_1/rest-110001/top"",""solutions/game_2/series/home_wins_1/rest-110101/bot""]}","[1,1,0,0,0,1]","[1,1,0,1,0,1]",1,0,6,5,home_win,home,0,86
21520,3,"{""single"":[""solutions/game_3/single/rest-101110/top"",""solutions/game_3/single/rest-001111/bot""],""series"":[""solutions/game_3/series/home_wins_2/rest-101110/top"",""solutions/game_3/series/home_wins_2/rest-001111/bot""]}","[1,0,1,1,1,0]","[0,0,1,1,1,1]",2,0,5,7,away_win,away,0,92
21520,4,"{""single"":[""solutions/game_4/single/rest-010001/top"",""solutions/game_4/single/rest-100100/bot""],""series"":[""solutions/game_4/series/home_wins_2/rest-010001/top"",""solutions/game_4/series/home_wins_2/rest-100100/bot""]}","[0,1,0,0,0,1]","[1,0,0,1,0,0]",2,1,7,2,home_win,home,0,81
21520,5,"{""single"":[""solutions/game_5/single/rest-111110/top"",""solutions/game_5/single/rest-011011/bot""],""series"":[""solutions/game_5/single/rest-111110/top"",""solutions/game_5/single/rest-011011/bot""]}","[1,1,1,1,1,0]","[0,1,1,0,1,1]",3,1,1,6,away_win,away,1,80
21521,1,"{""single"":[""solutions/game_1/single/rest-111111/top"",""solutions/game_1/single/rest-111111/bot""],""series"":[""solutions/game_1/series/rest-111111/top"",""solutions/game_1/series/rest-111111/bot""]}","[1,1,1,1,1,1]","[1,1,1,1,1,1]",0,0,0,8,away_win,away,0,34
21521,2,"{""single"":[""solutions/game_2/single/rest-111111/top"",""solutions/game_2/single/rest-111111/bot""],""series"":[""solutions/game_2/series/home_wins_0/rest-111111/top"",""solutions/game_2/series/home_wins_0/rest-111111/bot""]}","[1,1,1,1,1,1]","[1,1,1,1,1,1]",0,1,3,2,home_win,home,0,77
21521,3,"{""single"":[""solutions/game_3/single/rest-011011/top"",""solutions/game_3/single/rest-111111/bot""],""series"":[""solutions/game_3/series/home_wins_1/rest-011011/top"",""solutions/game_3/series/home_wins_1/rest-111111/bot""]}","[0,1,1,0,1,1]","[1,1,1,1,1,1]",1,1,2,9,away_win,away,0,87
21521,4,"{""single"":[""solutions/game_4/single/rest-111110/top"",""solutions/game_4/single/rest-111111/bot""],""series"":[""solutions/game_4/series/home_wins_1/rest-111110/top"",""solutions/game_4/series/home_wins_1/rest-111111/bot""]}","[1,1,1,1,1,0]","[1,1,1,1,1,1]",1,2,3,5,away_win,away,0,80
21521,5,"{""single"":[""solutions/game_5/single/rest-111011/top"",""solutions/game_5/single/rest-001010/bot""],""series"":[""solutions/game_5/single/rest-111011/top"",""solutions/game_5/single/rest-001010/bot""]}","[1,1,1,0,1,1]","[0,0,1,0,1,0]",1,3,9,8,home_win,home,1,98
21522,1,"{""single"":[""solutions/game_1/single/rest-111111/top"",""solutions/game_1/single/rest-111111/bot""],""series"":[""solutions/game_1/series/rest-111111/top"",""solutions/game_1/series/rest-111111/bot""]}","[1,1,1,1,1,1]","[1,1,1,1,1,1]",0,0,3,5,away_win,away,0,80
21522,2,"{""single"":[""solutions/game_2/single/rest-110001/top"",""solutions/game_2/single/rest-111011/bot""],""series"":[""solutions/game_2/series/home_wins_0/rest-110001/top"",""solutions/game_2/series/home_wins_0/rest-111011/bot""]}","[1,1,0,0,0,1]","[1,1,1,0,1,1]",0,1,4,1,home_win,home,0,77
21522,3,"{""single"":[""solutions/game_3/single/rest-111111/top"",""solutions/game_3/single/rest-111111/bot""],""series"":[""solutions/game_3/series/home_wins_1/rest-111111/top"",""solutions/game_3/series/home_wins_1/rest-111111/bot""]}","[1,1,1,1,1,1]","[1,1,1,1,1,1]",1,1,5,8,away_win,away,0,86
21522,4,"{""single"":[""solutions/game_4/single/rest-000011/top"",""solutions/game_4/single/rest-111111/bot""],""series"":[""solutions/game_4/series/home_wins_1/rest-000011/top"",""solutions/game_4/series/home_wins_1/rest-111111/bot""]}","[0,0,0,0,1,1]","[1,1,1,1,1,1]",1,2,10,0,home_win,home,0,45
21522,5,"{""single"":[""solutions/game_5/single/rest-111111/top"",""solutions/game_5/single/rest-111111/bot""],""series"":[""solutions/game_5/single/rest-111111/top"",""solutions/game_5/single/rest-111111/bot""]}","[1,1,1,1,1,1]","[1,1,1,1,1,1]",2,2,3,4,away_win,away,0,78
21523,1,"{""single"":[""solutions/game_1/single/rest-111111/top"",""solutions/game_1/single/rest-111111/bot""],""series"":[""solutions/game_1/series/rest-111111/top"",""solutions/game_1/series/rest-111111/bot""]}","[1,1,1,1,1,1]","[1,1,1,1,1,1]",0,0,5,6,away_win,away,0,93
21523,2,"{""single"":[""solutions/game_2/single/rest-011101/top"",""solutions/game_2/single/rest-011011/bot""],""series"":[""solutions/game_2/series/home_wins_0/rest-011101/top"",""solutions/game_2/series/home_wins_0/rest-011011/bot""]}","[0,1,1,1,0,1]","[0,1,1,0,1,1]",0,1,8,0,home_win,home,0,35
21523,3,"{""single"":[""solutions/game_3/single/rest-111111/top"",""solutions/game_3/single/rest-111111/bot""],""series"":[""solutions/game_3/series/home_wins_1/rest-111111/top"",""solutions/game_3/series/home_wins_1/rest-111111/bot""]}","[1,1,1,1,1,1]","[1,1,1,1,1,1]",1,1,4,6,away_win,away,0,83
21523,4,"{""single"":[""solutions/game_4/single/rest-011000/top"",""solutions/game_4/single/rest-111011/bot""],""series"":[""solutions/game_4/series/home_wins_1/rest-011000/top"",""solutions/game_4/series/home_wins_1/rest-111011/bot""]}","[0,1,1,0,0,0]","[1,1,1,0,1,1]",1,2,8,17,away_win,away,0,92
21523,5,"{""single"":[""solutions/game_5/single/rest-101101/top"",""solutions/game_5/single/rest-000111/bot""],""series"":[""solutions/game_5/single/rest-101101/top"",""solutions/game_5/single/rest-000111/bot""]}","[1,0,1,1,0,1]","[0,0,0,1,1,1]",1,3,7,5,home_win,home,1,91
21524,1,"{""single"":[""solutions/game_1/single/rest-111111/top"",""solutions/game_1/single/rest-111111/bot""],""series"":[""solutions/game_1/series/rest-111111/top"",""solutions/game_1/series/rest-111111/bot""]}","[1,1,1,1,1,1]","[1,1,1,1,1,1]",0,0,9,3,home_win,home,0,88
21524,2,"{""single"":[""solutions/game_2/single/rest-110001/top"",""solutions/game_2/single/rest-111111/bot""],""series"":[""solutions/game_2/series/home_wins_1/rest-110001/top"",""solutions/game_2/series/home_wins_1/rest-111111/bot""]}","[1,1,0,0,0,1]","[1,1,1,1,1,1]",1,0,10,6,home_win,home,0,89
21524,3,"{""single"":[""solutions/game_3/single/rest-001110/top"",""solutions/game_3/single/rest-111110/bot""],""series"":[""solutions/game_3/series/home_wins_2/rest-001110/top"",""solutions/game_3/series/home_wins_2/rest-111110/bot""]}","[0,0,1,1,1,0]","[1,1,1,1,1,0]",2,0,7,3,home_win,home,0,84
21524,4,"{""single"":[""solutions/game_4/single/rest-100011/top"",""solutions/game_4/single/rest-011011/bot""],""series"":[""solutions/game_4/single/rest-100011/top"",""solutions/game_4/single/rest-011011/bot""]}","[1,0,0,0,1,1]","[0,1,1,0,1,1]",3,0,10,5,home_win,home,1,85
21524,5,"{""single"":[""solutions/game_5/single/rest-110101/top"",""solutions/game_5/single/rest-111110/bot""],""series"":[""solutions/game_5/single/rest-110101/top"",""solutions/game_5/single/rest-111110/bot""]}","[1,1,0,1,0,1]","[1,1,1,1,1,0]",4,0,4,0,home_win,home,1,71
21525,1,"{""single"":[""solutions/game_1/single/rest-111111/top"",""solutions/game_1/single/rest-111111/bot""],""series"":[""solutions/game_1/series/rest-111111/top"",""solutions/game_1/series/rest-111111/bot""]}","[1,1,1,1,1,1]","[1,1,1,1,1,1]",0,0,3,3,tie,home,0,79
21525,2,"{""single"":[""solutions/game_2/single/rest-010001/top"",""solutions/game_2/single/rest-101110/bot""],""series"":[""solutions/game_2/series/home_wins_1/rest-010001/top"",""solutions/game_2/series/home_wins_1/rest-101110/bot""]}","[0,1,0,0,0,1]","[1,0,1,1,1,0]",1,0,11,12,away_win,away,0,100
21525,3,"{""single"":[""solutions/game_3/single/rest-111110/top"",""solutions/game_3/single/rest-111101/bot""],""series"":[""solutions/game_3/series/home_wins_1/rest-111110/top"",""solutions/game_3/series/home_wins_1/rest-111101/bot""]}","[1,1,1,1,1,0]","[1,1,1,1,0,1]",1,1,4,6,away_win,away,0,87
21525,4,"{""single"":[""solutions/game_4/single/rest-011000/top"",""solutions/game_4/single/rest-101110/bot""],""series"":[""solutions/game_4/series/home_wins_1/rest-011000/top"",""solutions/game_4/series/home_wins_1/rest-101110/bot""]}","[0,1,1,0,0,0]","[1,0,1,1,1,0]",1,2,0,9,away_win,away,0,86
21525,5,"{""single"":[""solutions/game_5/single/rest-100111/top"",""solutions/game_5/single/rest-101011/bot""],""series"":[""solutions/game_5/single/rest-100111/top"",""solutions/game_5/single/rest-101011/bot""]}","[1,0,0,1,1,1]","[1,0,1,0,1,1]",1,3,2,7,away_win,away,1,75
21526,1,"{""single"":[""solutions/game_1/single/rest-111111/top"",""solutions/game_1/single/rest-111111/bot""],""series"":[""solutions/game_1/series/rest-111111/top"",""solutions/game_1/series/rest-111111/bot""]}","[1,1,1,1,1,1]","[1,1,1,1,1,1]",0,0,9,0,home_win,home,0,36
21526,2,"{""single"":[""solutions/game_2/single/rest-111111/top"",""solutions/game_2/single/rest-111111/bot""],""series"":[""solutions/game_2/series/home_wins_1/rest-111111/top"",""solutions/game_2/series/home_wins_1/rest-111111/bot""]}","[1,1,1,1,1,1]","[1,1,1,1,1,1]",1,0,1,9,away_win,away,0,72
21526,3,"{""single"":[""solutions/game_3/single/rest-100001/top"",""solutions/game_3/single/rest-111101/bot""],""series"":[""solutions/game_3/series/home_wins_1/rest-100001/top"",""solutions/game_3/series/home_wins_1/rest-111101/bot""]}","[1,0,0,0,0,1]","[1,1,1,1,0,1]",1,1,11,3,home_win,home,0,77
21526,4,"{""single"":[""solutions/game_4/single/rest-110110/top"",""solutions/game_4/single/rest-111111/bot""],""series"":[""solutions/game_4/series/home_wins_2/rest-110110/top"",""solutions/game_4/series/home_wins_2/rest-111111/bot""]}","[1,1,0,1,1,0]","[1,1,1,1,1,1]",2,1,8,3,home_win,home,0,86
21526,5,"{""single"":[""solutions/game_5/single/rest-111010/top"",""solutions/game_5/single/rest-101010/bot""],""series"":[""solutions/game_5/single/rest-111010/top"",""solutions/game_5/single/rest-101010/bot""]}","[1,1,1,0,1,0]","[1,0,1,0,1,0]",3,1,10,13,away_win,away,1,99
21527,1,"{""single"":[""solutions/game_1/single/rest-111111/top"",""solutions/game_1/single/rest-111111/bot""],""series"":[""solutions/game_1/series/rest-111111/top"",""solutions/game_1/series/rest-111111/bot""]}","[1,1,1,1,1,1]","[1,1,1,1,1,1]",0,0,0,2,away_win,away,0,71
21527,2,"{""single"":[""solutions/game_2/single/rest-111011/top"",""solutions/game_2/single/rest-011011/bot""],""series"":[""solutions/game_2/series/home_wins_0/rest-111011/top"",""solutions/game_2/series/home_wins_0/rest-011011/bot""]}","[1,1,1,0,1,1]","[0,1,1,0,1,1]",0,1,10,2,home_win,home,0,71
21527,3,"{""single"":[""solutions/game_3/single/rest-110101/top"",""solutions/game_3/single/rest-111111/bot""],""series"":[""solutions/game_3/series/home_wins_1/rest-110101/top"",""solutions/game_3/series/home_wins_1/rest-111111/bot""]}","[1,1,0,1,0,1]","[1,1,1,1,1,1]",1,1,3,5,away_win,away,0,81
21527,4,"{""single"":[""solutions/game_4/single/rest-001011/top"",""solutions/game_4/single/rest-101111/bot""],""series"":[""solutions/game_4/series/home_wins_1/rest-001011/top"",""solutions/game_4/series/home_wins_1/rest-101111/bot""]}","[0,0,1,0,1,1]","[1,0,1,1,1,1]",1,2,1,10,away_win,away,0,54
21527,5,"{""single"":[""solutions/game_5/single/rest-110111/top"",""solutions/game_5/single/rest-111111/bot""],""series"":[""solutions/game_5/single/rest-110111/top"",""solutions/game_5/single/rest-111111/bot""]}","[1,1,0,1,1,1]","[1,1,1,1,1,1]",1,3,0,9,away_win,away,1,40
21528,1,"{""single"":[""solutions/game_1/single/rest-111111/top"",""solutions/game_1/single/rest-111111/bot""],""series"":[""solutions/game_1/series/rest-111111/top"",""solutions/game_1/series/rest-111111/bot""]}","[1,1,1,1,1,1]","[1,1,1,1,1,1]",0,0,6,4,home_win,home,0,88
21528,2,"{""single"":[""solutions/game_2/single/rest-110000/top"",""solutions/game_2/single/rest-011111/bot""],""series"":[""solutions/game_2/series/home_wins_1/rest-110000/top"",""solutions/game_2/series/home_wins_1/rest-011111/bot""]}","[1,1,0,0,0,0]","[0,1,1,1,1,1]",1,0,4,6,away_win,away,0,85
21528,3,"{""single"":[""solutions/game_3/single/rest-001001/top"",""solutions/game_3/single/rest-111010/bot""],""series"":[""solutions/game_3/series/home_wins_1/rest-001001/top"",""solutions/game_3/series/home_wins_1/rest-111010/bot""]}","[0,0,1,0,0,1]","[1,1,1,0,1,0]",1,1,7,3,home_win,home,0,83
21528,4,"{""single"":[""solutions/game_4/single/rest-110110/top"",""solutions/game_4/single/rest-111101/bot""],""series"":[""solutions/game_4/series/home_wins_2/rest-110110/top"",""solutions/game_4/series/home_wins_2/rest-111101/bot""]}","[1,1,0,1,1,0]","[1,1,1,1,0,1]",2,1,6,2,home_win,home,0,72
21528,5,"{""single"":[""solutions/game_5/single/rest-111101/top"",""solutions/game_5/single/rest-111010/bot""],""series"":[""solutions/game_5/single/rest-111101/top"",""solutions/game_5/single/rest-111010/bot""]}","[1,1,1,1,0,1]","[1,1,1,0,1,0]",3,1,2,3,away_win,away,1,78
21529,1,"{""single"":[""solutions/game_1/single/rest-111111/top"",""solutions/game_1/single/rest-111111/bot""],""series"":[""solutions/game_1/series/rest-111111/top"",""solutions/game_1/series/rest-111111/bot""]}","[1,1,1,1,1,1]","[1,1,1,1,1,1]",0,0,6,5,home_win,home,0,93
21529,2,"{""single"":[""solutions/game_2/single/rest-000001/top"",""solutions/game_2/single/rest-001011/bot""],""series"":[""solutions/game_2/series/home_wins_1/rest-000001/top"",""solutions/game_2/series/home_wins_1/rest-001011/bot""]}","[0,0,0,0,0,1]","[0,0,1,0,1,1]",1,0,0,6,away_win,away,0,82
21529,3,"{""single"":[""solutions/game_3/single/rest-111110/top"",""solutions/game_3/single/rest-111101/bot""],""series"":[""solutions/game_3/series/home_wins_1/rest-111110/top"",""solutions/game_3/series/home_wins_1/rest-111101/bot""]}","[1,1,1,1,1,0]","[1,1,1,1,0,1]",1,1,5,8,away_win,away,0,93
21529,4,"{""single"":[""solutions/game_4/single/rest-000010/top"",""solutions/game_4/single/rest-001000/bot""],""series"":[""solutions/game_4/series/home_wins_1/rest-000010/top"",""solutions/game_4/series/home_wins_1/rest-001000/bot""]}","[0,0,0,0,1,0]","[0,0,1,0,0,0]",1,2,6,9,away_win,away,0,93
21529,5,"{""single"":[""solutions/game_5/single/rest-111101/top"",""solutions/game_5/single/rest-110111/bot""],""series"":[""solutions/game_5/single/rest-111101/top"",""solutions/game_5/single/rest-110111/bot""]}","[1,1,1,1,0,1]","[1,1,0,1,1,1]",1,3,2,3,away_win,away,1,92
21530,1,"{""single"":[""solutions/game_1/single/rest-111111/top"",""solutions/game_1/single/rest-111111/bot""],""series"":[""solutions/game_1/series/rest-111111/top"",""solutions/game_1/series/rest-111111/bot""]}","[1,1,1,1,1,1]","[1,1,1,1,1,1]",0,0,6,6,tie,away,0,95
21530,2,"{""single"":[""solutions/game_2/single/rest-011001/top"",""solutions/game_2/single/rest-001010/bot""],""series"":[""solutions/game_2/series/home_wins_0/rest-011001/top"",""solutions/game_2/series/home_wins_0/rest-001010/bot""]}","[0,1,1,0,0,1]","[0,0,1,0,1,0]",0,1,0,4,away_win,away,0,85
21530,3,"{""single"":[""solutions/game_3/single/rest-100111/top"",""solutions/game_3/single/rest-110101/bot""],""series"":[""solutions/game_3/series/home_wins_0/rest-100111/top"",""solutions/game_3/series/home_wins_0/rest-110101/bot""]}","[1,0,0,1,1,1]","[1,1,0,1,0,1]",0,2,3,4,away_win,away,0,80
21530,4,"{""single"":[""solutions/game_4/single/rest-001111/top"",""solutions/game_4/single/rest-001111/bot""],""series"":[""solutions/game_4/single/rest-001111/top"",""solutions/game_4/single/rest-001111/bot""]}","[0,0,1,1,1,1]","[0,0,1,1,1,1]",0,3,2,4,away_win,away,1,76
21530,5,"{""single"":[""solutions/game_5/single/rest-010011/top"",""solutions/game_5/single/rest-111011/bot""],""series"":[""solutions/game_5/single/rest-010011/top"",""solutions/game_5/single/rest-111011/bot""]}","[0,1,0,0,1,1]","[1,1,1,0,1,1]",0,4,5,7,away_win,away,1,89
21531,1,"{""single"":[""solutions/game_1/single/rest-111111/top"",""solutions/game_1/single/rest-111111/bot""],""series"":[""solutions/game_1/series/rest-111111/top"",""solutions/game_1/series/rest-111111/bot""]}","[1,1,1,1,1,1]","[1,1,1,1,1,1]",0,0,3,0,home_win,home,0,66
21531,2,"{""single"":[""solutions/game_2/single/rest-110001/top"",""solutions/game_2/single/rest-111111/bot""],""series"":[""solutions/game_2/series/home_wins_1/rest-110001/top"",""solutions/game_2/series/home_wins_1/rest-111111/bot""]}","[1,1,0,0,0,1]","[1,1,1,1,1,1]",1,0,1,9,away_win,away,0,49
21531,3,"{""single"":[""solutions/game_3/single/rest-111111/top"",""solutions/game_3/single/rest-111111/bot""],""series"":[""solutions/game_3/series/home_wins_1/rest-111111/top"",""solutions/game_3/series/home_wins_1/rest-111111/bot""]}","[1,1,1,1,1,1]","[1,1,1,1,1,1]",1,1,2,6,away_win,away,0,86
21531,4,"{""single"":[""solutions/game_4/single/rest-110000/top"",""solutions/game_4/single/rest-111110/bot""],""series"":[""solutions/game_4/series/home_wins_1/rest-110000/top"",""solutions/game_4/series/home_wins_1/rest-111110/bot""]}","[1,1,0,0,0,0]","[1,1,1,1,1,0]",1,2,9,6,home_win,home,0,83
21531,5,"{""single"":[""solutions/game_5/single/rest-101111/top"",""solutions/game_5/single/rest-011111/bot""],""series"":[""solutions/game_5/single/rest-101111/top"",""solutions/game_5/single/rest-011111/bot""]}","[1,0,1,1,1,1]","[0,1,1,1,1,1]",2,2,3,7,away_win,away,0,82
21532,1,"{""single"":[""solutions/game_1/single/rest-111111/top"",""solutions/game_1/single/rest-111111/bot""],""series"":[""solutions/game_1/series/rest-111111/top"",""solutions/game_1/series/rest-111111/bot""]}","[1,1,1,1,1,1]","[1,1,1,1,1,1]",0,0,9,10,away_win,away,0,99
21532,2,"{""single"":[""solutions/game_2/single/rest-010111/top"",""solutions/game_2/single/rest-010010/bot""],""series"":[""solutions/game_2/series/home_wins_0/rest-010111/top"",""solutions/game_2/series/home_wins_0/rest-010010/bot""]}","[0,1,0,1,1,1]","[0,1,0,0,1,0]",0,1,9,3,home_win,home,0,86
21532,3,"{""single"":[""solutions/game_3/single/rest-111001/top"",""solutions/game_3/single/rest-100011/bot""],""series"":[""solutions/game_3/series/home_wins_1/rest-111001/top"",""solutions/game_3/series/home_wins_1/rest-100011/bot""]}","[1,1,1,0,0,1]","[1,0,0,0,1,1]",1,1,8,0,home_win,home,0,48
21532,4,"{""single"":[""solutions/game_4/single/rest-111111/top"",""solutions/game_4/single/rest-111111/bot""],""series"":[""solutions/game_4/series/home_wins_2/rest-111111/top"",""solutions/game_4/series/home_wins_2/rest-111111/bot""]}","[1,1,1,1,1,1]","[1,1,1,1,1,1]",2,1,10,9,home_win,home,0,93
21532,5,"{""single"":[""solutions/game_5/single/rest-110100/top"",""solutions/game_5/single/rest-001010/bot""],""series"":[""solutions/game_5/single/rest-110100/top"",""solutions/game_5/single/rest-001010/bot""]}","[1,1,0,1,0,0]","[0,0,1,0,1,0]",3,1,1,9,away_win,away,1,62
21533,1,"{""single"":[""solutions/game_1/single/rest-111111/top"",""solutions/game_1/single/rest-111111/bot""],""series"":[""solutions/game_1/series/rest-111111/top"",""solutions/game_1/series/rest-111111/bot""]}","[1,1,1,1,1,1]","[1,1,1,1,1,1]",0,0,2,3,away_win,away,0,85
21533,2,"{""single"":[""solutions/game_2/single/rest-111001/top"",""solutions/game_2/single/rest-001011/bot""],""series"":[""solutions/game_2/series/home_wins_0/rest-111001/top"",""solutions/game_2/series/home_wins_0/rest-001011/bot""]}","[1,1,1,0,0,1]","[0,0,1,0,1,1]",0,1,3,5,away_win,away,0,80
21533,3,"{""single"":[""solutions/game_3/single/rest-011110/top"",""solutions/game_3/single/rest-010011/bot""],""series"":[""solutions/game_3/series/home_wins_0/rest-011110/top"",""solutions/game_3/series/home_wins_0/rest-010011/bot""]}","[0,1,1,1,1,0]","[0,1,0,0,1,1]",0,2,3,0,home_win,home,0,72
21533,4,"{""single"":[""solutions/game_4/single/rest-110101/top"",""solutions/game_4/single/rest-101101/bot""],""series"":[""solutions/game_4/series/home_wins_1/rest-110101/top"",""solutions/game_4/series/home_wins_1/rest-101101/bot""]}","[1,1,0,1,0,1]","[1,0,1,1,0,1]",1,2,11,3,home_win,home,0,43
21533,5,"{""single"":[""solutions/game_5/single/rest-111111/top"",""solutions/game_5/single/rest-111111/bot""],""series"":[""solutions/game_5/single/rest-111111/top"",""solutions/game_5/single/rest-111111/bot""]}","[1,1,1,1,1,1]","[1,1,1,1,1,1]",2,2,2,7,away_win,away,0,86
21534,1,"{""single"":[""solutions/game_1/single/rest-111111/top"",""solutions/game_1/single/rest-111111/bot""],""series"":[""solutions/game_1/series/rest-111111/top"",""solutions/game_1/series/rest-111111/bot""]}","[1,1,1,1,1,1]","[1,1,1,1,1,1]",0,0,7,3,home_win,home,0,85
21534,2,"{""single"":[""solutions/game_2/single/rest-010101/top"",""solutions/game_2/single/rest-011110/bot""],""series"":[""solutions/game_2/series/home_wins_1/rest-010101/top"",""solutions/game_2/series/home_wins_1/rest-011110/bot""]}","[0,1,0,1,0,1]","[0,1,1,1,1,0]",1,0,1,11,away_win,away,0,37
21534,3,"{""single"":[""solutions/game_3/single/rest-111111/top"",""solutions/game_3/single/rest-111111/bot""],""series"":[""solutions/game_3/series/home_wins_1/rest-111111/top"",""solutions/game_3/series/home_wins_1/rest-111111/bot""]}","[1,1,1,1,1,1]","[1,1,1,1,1,1]",1,1,5,7,away_win,away,0,94
21534,4,"{""single"":[""solutions/game_4/single/rest-110000/top"",""solutions/game_4/single/rest-101010/bot""],""series"":[""solutions/game_4/series/home_wins_1/rest-110000/top"",""solutions/game_4/series/home_wins_1/rest-101010/bot""]}","[1,1,0,0,0,0]","[1,0,1,0,1,0]",1,2,7,10,away_win,away,0,94
21534,5,"{""single"":[""solutions/game_5/single/rest-001101/top"",""solutions/game_5/single/rest-110101/bot""],""series"":[""solutions/game_5/single/rest-001101/top"",""solutions/game_5/single/rest-110101/bot""]}","[0,0,1,1,0,1]","[1,1,0,1,0,1]",1,3,9,9,tie,away,1,103
21535,1,"{""single"":[""solutions/game_1/single/rest-111111/top"",""solutions/game_1/single/rest-111111/bot""],""series"":[""solutions/game_1/series/rest-111111/top"",""solutions/game_1/series/rest-111111/bot""]}","[1,1,1,1,1,1]","[1,1,1,1,1,1]",0,0,7,6,home_win,home,0,89
21535,2,"{""single"":[""solutions/game_2/single/rest-011101/top"",""solutions/game_2/single/rest-001001/bot""],""series"":[""solutions/game_2/series/home_wins_1/rest-011101/top"",""solutions/game_2/series/home_wins_1/rest-001001/bot""]}","[0,1,1,1,0,1]","[0,0,1,0,0,1]",1,0,2,3,away_win,away,0,81
21535,3,"{""single"":[""solutions/game_3/single/rest-111011/top"",""solutions/game_3/single/rest-110100/bot""],""series"":[""solutions/game_3/series/home_wins_1/rest-111011/top"",""solutions/game_3/series/home_wins_1/rest-110100/bot""]}","[1,1,1,0,1,1]","[1,1,0,1,0,0]",1,1,0,2,away_win,away,0,76
21535,4,"{""single"":[""solutions/game_4/single/rest-010101/top"",""solutions/game_4/single/rest-001111/bot""],""series"":[""solutions/game_4/series/home_wins_1/rest-010101/top"",""solutions/game_4/series/home_wins_1/rest-001111/bot""]}","[0,1,0,1,0,1]","[0,0,1,1,1,1]",1,2,5,4,home_win,home,0,83
21535,5,"{""single"":[""solutions/game_5/single/rest-011010/top"",""solutions/game_5/single/rest-111101/bot""],""series"":[""solutions/game_5/single/rest-011010/top"",""solutions/game_5/single/rest-111101/bot""]}","[0,1,1,0,1,0]","[1,1,1,1,0,1]",2,2,2,8,away_win,away,0,83
21536,1,"{""single"":[""solutions/game_1/single/rest-111111/top"",""solutions/game_1/single/rest-111111/bot""],""series"":[""solutions/game_1/series/rest-111111/top"",""solutions/game_1/series/rest-111111/bot""]}","[1,1,1,1,1,1]","[1,1,1,1,1,1]",0,0,5,3,home_win,home,0,73
21536,2,"{""single"":[""solutions/game_2/single/rest-010001/top"",""solutions/game_2/single/rest-111110/bot""],""series"":[""solutions/game_2/series/home_wins_1/rest-010001/top"",""solutions/game_2/series/home_wins_1/rest-111110/bot""]}","[0,1,0,0,0,1]","[1,1,1,1,1,0]",1,0,6,6,tie,away,0,98
21536,3,"{""single"":[""solutions/game_3/single/rest-101111/top"",""solutions/game_3/single/rest-110001/bot""],""series"":[""solutions/game_3/series/home_wins_1/rest-101111/top"",""solutions/game_3/series/home_wins_1/rest-110001/bot""]}","[1,0,1,1,1,1]","[1,1,0,0,0,1]",1,1,7,3,home_win,home,0,74
21536,4,"{""single"":[""solutions/game_4/single/rest-110001/top"",""solutions/game_4/single/rest-001111/bot""],""series"":[""solutions/game_4/series/home_wins_2/rest-110001/top"",""solutions/game_4/series/home_wins_2/rest-001111/bot""]}","[1,1,0,0,0,1]","[0,0,1,1,1,1]",2,1,4,6,away_win,away,0,82
21536,5,"{""single"":[""solutions/game_5/single/rest-001110/top"",""solutions/game_5/single/rest-111010/bot""],""series"":[""solutions/game_5/single/rest-001110/top"",""solutions/game_5/single/rest-111010/bot""]}","[0,0,1,1,1,0]","[1,1,1,0,1,0]",2,2,3,7,away_win,away,0,82
21537,1,"{""single"":[""solutions/game_1/single/rest-111111/top"",""solutions/game_1/single/rest-111111/bot""],""series"":[""solutions/game_1/series/rest-111111/top"",""solutions/game_1/series/rest-111111/bot""]}","[1,1,1,1,1,1]","[1,1,1,1,1,1]",0,0,11,4,home_win,home,0,93
21537,2,"{""single"":[""solutions/game_2/single/rest-010000/top"",""solutions/game_2/single/rest-011110/bot""],""series"":[""solutions/game_2/series/home_wins_1/rest-010000/top"",""solutions/game_2/series/home_wins_1/rest-011110/bot""]}","[0,1,0,0,0,0]","[0,1,1,1,1,0]",1,0,5,7,away_win,away,0,88
21537,3,"{""single"":[""solutions/game_3/single/rest-101111/top"",""solutions/game_3/single/rest-100011/bot""],""series"":[""solutions/game_3/series/home_wins_1/rest-101111/top"",""solutions/game_3/series/home_wins_1/rest-100011/bot""]}","[1,0,1,1,1,1]","[1,0,0,0,1,1]",1,1,4,5,away_win,away,0,96
21537,4,"{""single"":[""solutions/game_4/single/rest-011000/top"",""solutions/game_4/single/rest-011101/bot""],""series"":[""solutions/game_4/series/home_wins_1/rest-011000/top"",""solutions/game_4/series/home_wins_1/rest-011101/bot""]}","[0,1,1,0,0,0]","[0,1,1,1,0,1]",1,2,1,0,home_win,home,0,66
21537,5,"{""single"":[""solutions/game_5/single/rest-110111/top"",""solutions/game_5/single/rest-110111/bot""],""series"":[""solutions/game_5/single/rest-110111/top"",""solutions/game_5/single/rest-110111/bot""]}","[1,1,0,1,1,1]","[1,1,0,1,1,1]",2,2,3,1,home_win,home,0,82
21538,1,"{""single"":[""solutions/game_1/single/rest-111111/top"",""solutions/game_1/single/rest-111111/bot""],""series"":[""solutions/game_1/series/rest-111111/top"",""solutions/game_1/series/rest-111111/bot""]}","[1,1,1,1,1,1]","[1,1,1,1,1,1]",0,0,1,0,home_win,home,0,66
21538,2,"{""single"":[""solutions/game_2/single/rest-011011/top"",""solutions/game_2/single/rest-011110/bot""],""series"":[""solutions/game_2/series/home_wins_1/rest-011011/top"",""solutions/game_2/series/home_wins_1/rest-011110/bot""]}","[0,1,1,0,1,1]","[0,1,1,1,1,0]",1,0,9,1,home_win,home,0,59
21538,3,"{""single"":[""solutions/game_3/single/rest-111011/top"",""solutions/game_3/single/rest-111111/bot""],""series"":[""solutions/game_3/series/home_wins_2/rest-111011/top"",""solutions/game_3/series/home_wins_2/rest-111111/bot""]}","[1,1,1,0,1,1]","[1,1,1,1,1,1]",2,0,3,3,tie,home,0,90
21538,4,"{""single"":[""solutions/game_4/single/rest-001110/top"",""solutions/game_4/single/rest-101011/bot""],""series"":[""solutions/game_4/single/rest-001110/top"",""solutions/game_4/single/rest-101011/bot""]}","[0,0,1,1,1,0]","[1,0,1,0,1,1]",3,0,7,9,away_win,away,1,98
21538,5,"{""single"":[""solutions/game_5/single/rest-110001/top"",""solutions/game_5/single/rest-010110/bot""],""series"":[""solutions/game_5/single/rest-110001/top"",""solutions/game_5/single/rest-010110/bot""]}","[1,1,0,0,0,1]","[0,1,0,1,1,0]",3,1,8,7,home_win,home,1,85
21539,1,"{""single"":[""solutions/game_1/single/rest-111111/top"",""solutions/game_1/single/rest-111111/bot""],""series"":[""solutions/game_1/series/rest-111111/top"",""solutions/game_1/series/rest-111111/bot""]}","[1,1,1,1,1,1]","[1,1,1,1,1,1]",0,0,2,7,away_win,away,0,82
21539,2,"{""single"":[""solutions/game_2/single/rest-111011/top"",""solutions/game_2/single/rest-011110/bot""],""series"":[""solutions/game_2/series/home_wins_0/rest-111011/top"",""solutions/game_2/series/home_wins_0/rest-011110/bot""]}","[1,1,1,0,1,1]","[0,1,1,1,1,0]",0,1,8,2,home_win,home,0,80
21539,3,"{""single"":[""solutions/game_3/single/rest-110110/top"",""solutions/game_3/single/rest-011111/bot""],""series"":[""solutions/game_3/series/home_wins_1/rest-110110/top"",""solutions/game_3/series/home_wins_1/rest-011111/bot""]}","[1,1,0,1,1,0]","[0,1,1,1,1,1]",1,1,3,5,away_win,away,0,81
21539,4,"{""single"":[""solutions/game_4/single/rest-110011/top"",""solutions/game_4/single/rest-101101/bot""],""series"":[""solutions/game_4/series/home_wins_1/rest-110011/top"",""solutions/game_4/series/home_wins_1/rest-101101/bot""]}","[1,1,0,0,1,1]","[1,0,1,1,0,1]",1,2,3,7,away_win,away,0,76
21539,5,"{""single"":[""solutions/game_5/single/rest-001110/top"",""solutions/game_5/single/rest-011110/bot""],""series"":[""solutions/game_5/single/rest-001110/top"",""solutions/game_5/single/rest-011110/bot""]}","[0,0,1,1,1,0]","[0,1,1,1,1,0]",1,3,4,3,home_win,home,1,75
21540,1,"{""single"":[""solutions/game_1/single/rest-111111/top"",""solutions/game_1/single/rest-111111/bot""],""series"":[""solutions/game_1/series/rest-111111/top"",""solutions/game_1/series/rest-111111/bot""]}","[1,1,1,1,1,1]","[1,1,1,1,1,1]",0,0,2,8,away_win,away,0,82
21540,2,"{""single"":[""solutions/game_2/single/rest-010010/top"",""solutions/game_2/single/rest-111100/bot""],""series"":[""solutions/game_2/series/home_wins_0/rest-010010/top"",""solutions/game_2/series/home_wins_0/rest-111100/bot""]}","[0,1,0,0,1,0]","[1,1,1,1,0,0]",0,1,4,5,away_win,away,0,81
21540,3,"{""single"":[""solutions/game_3/single/rest-101101/top"",""solutions/game_3/single/rest-111011/bot""],""series"":[""solutions/game_3/series/home_wins_0/rest-101101/top"",""solutions/game_3/series/home_wins_0/rest-111011/bot""]}","[1,0,1,1,0,1]","[1,1,1,0,1,1]",0,2,3,3,tie,away,0,79
21540,4,"{""single"":[""solutions/game_4/single/rest-010011/top"",""solutions/game_4/single/rest-001010/bot""],""series"":[""solutions/game_4/single/rest-010011/top"",""solutions/game_4/single/rest-001010/bot""]}","[0,1,0,0,1,1]","[0,0,1,0,1,0]",0,3,4,2,home_win,home,1,73
21540,5,"{""single"":[""solutions/game_5/single/rest-111101/top"",""solutions/game_5/single/rest-110101/bot""],""series"":[""solutions/game_5/single/rest-111101/top"",""solutions/game_5/single/rest-110101/bot""]}","[1,1,1,1,0,1]","[1,1,0,1,0,1]",1,3,7,5,home_win,home,1,91
21541,1,"{""single"":[""solutions/game_1/single/rest-111111/top"",""solutions/game_1/single/rest-111111/bot""],""series"":[""solutions/game_1/series/rest-111111/top"",""solutions/game_1/series/rest-111111/bot""]}","[1,1,1,1,1,1]","[1,1,1,1,1,1]",0,0,8,1,home_win,home,0,76
21541,2,"{""single"":[""solutions/game_2/single/rest-011010/top"",""solutions/game_2/single/rest-111111/bot""],""series"":[""solutions/game_2/series/home_wins_1/rest-011010/top"",""solutions/game_2/series/home_wins_1/rest-111111/bot""]}","[0,1,1,0,1,0]","[1,1,1,1,1,1]",1,0,1,2,away_win,away,0,79
21541,3,"{""single"":[""solutions/game_3/single/rest-100111/top"",""solutions/game_3/single/rest-001011/bot""],""series"":[""solutions/game_3/series/home_wins_1/rest-100111/top"",""solutions/game_3/series/home_wins_1/rest-001011/bot""]}","[1,0,0,1,1,1]","[0,0,1,0,1,1]",1,1,2,7,away_win,away,0,82
21541,4,"{""single"":[""solutions/game_4/single/rest-010000/top"",""solutions/game_4/single/rest-111101/bot""],""series"":[""solutions/game_4/series/home_wins_1/rest-010000/top"",""solutions/game_4/series/home_wins_1/rest-111101/bot""]}","[0,1,0,0,0,0]","[1,1,1,1,0,1]",1,2,2,6,away_win,away,0,84
21541,5,"{""single"":[""solutions/game_5/single/rest-101111/top"",""solutions/game_5/single/rest-111011/bot""],""series"":[""solutions/game_5/single/rest-101111/top"",""solutions/game_5/single/rest-111011/bot""]}","[1,0,1,1,1,1]","[1,1,1,0,1,1]",1,3,5,2,home_win,home,1,72
21542,1,"{""single"":[""solutions/game_1/single/rest-111111/top"",""solutions/game_1/single/rest-111111/bot""],""series"":[""solutions/game_1/series/rest-111111/top"",""solutions/game_1/series/rest-111111/bot""]}","[1,1,1,1,1,1]","[1,1,1,1,1,1]",0,0,7,4,home_win,home,0,80
21542,2,"{""single"":[""solutions/game_2/single/rest-011001/top"",""solutions/game_2/single/rest-110110/bot""],""series"":[""solutions/game_2/series/home_wins_1/rest-011001/top"",""solutions/game_2/series/home_wins_1/rest-110110/bot""]}","[0,1,1,0,0,1]","[1,1,0,1,1,0]",1,0,9,7,home_win,home,0,85
21542,3,"{""single"":[""solutions/game_3/single/rest-101110/top"",""solutions/game_3/single/rest-111111/bot""],""series"":[""solutions/game_3/series/home_wins_2/rest-101110/top"",""solutions/game_3/series/home_wins_2/rest-111111/bot""]}","[1,0,1,1,1,0]","[1,1,1,1,1,1]",2,0,10,4,home_win,home,0,82
21542,4,"{""single"":[""solutions/game_4/single/rest-011101/top"",""solutions/game_4/single/rest-001011/bot""],""series"":[""solutions/game_4/single/rest-011101/top"",""solutions/game_4/single/rest-001011/bot""]}","[0,1,1,1,0,1]","[0,0,1,0,1,1]",3,0,3,11,away_win,away,1,61
21542,5,"{""single"":[""solutions/game_5/single/rest-010110/top"",""solutions/game_5/single/rest-111110/bot""],""series"":[""solutions/game_5/single/rest-010110/top"",""solutions/game_5/single/rest-111110/bot""]}","[0,1,0,1,1,0]","[1,1,1,1,1,0]",3,1,5,4,home_win,home,1,76
21543,1,"{""single"":[""solutions/game_1/single/rest-111111/top"",""solutions/game_1/single/rest-111111/bot""],""series"":[""solutions/game_1/series/rest-111111/top"",""solutions/game_1/series/rest-111111/bot""]}","[1,1,1,1,1,1]","[1,1,1,1,1,1]",0,0,8,0,home_win,home,0,30
21543,2,"{""single"":[""solutions/game_2/single/rest-111111/top"",""solutions/game_2/single/rest-111111/bot""],""series"":[""solutions/game_2/series/home_wins_1/rest-111111/top"",""solutions/game_2/series/home_wins_1/rest-111111/bot""]}","[1,1,1,1,1,1]","[1,1,1,1,1,1]",1,0,4,8,away_win,away,0,87
21543,3,"{""single"":[""solutions/game_3/single/rest-010001/top"",""solutions/game_3/single/rest-011111/bot""],""series"":[""solutions/game_3/series/home_wins_1/rest-010001/top"",""solutions/game_3/series/home_wins_1/rest-011111/bot""]}","[0,1,0,0,0,1]","[0,1,1,1,1,1]",1,1,5,5,tie,away,0,97
21543,4,"{""single"":[""solutions/game_4/single/rest-101111/top"",""solutions/game_4/single/rest-100010/bot""],""series"":[""solutions/game_4/series/home_wins_1/rest-101111/top"",""solutions/game_4/series/home_wins_1/rest-100010/bot""]}","[1,0,1,1,1,1]","[1,0,0,0,1,0]",1,2,6,4,home_win,home,0,78
21543,5,"{""single"":[""solutions/game_5/single/rest-110101/top"",""solutions/game_5/single/rest-110101/bot""],""series"":[""solutions/game_5/single/rest-110101/top"",""solutions/game_5/single/rest-110101/bot""]}","[1,1,0,1,0,1]","[1,1,0,1,0,1]",2,2,4,3,home_win,home,0,75
21544,1,"{""single"":[""solutions/game_1/single/rest-111111/top"",""solutions/game_1/single/rest-111111/bot""],""series"":[""solutions/game_1/series/rest-111111/top"",""solutions/game_1/series/rest-111111/bot""]}","[1,1,1,1,1,1]","[1,1,1,1,1,1]",0,0,4,5,away_win,away,0,89
21544,2,"{""single"":[""solutions/game_2/single/rest-110011/top"",""solutions/game_2/single/rest-101011/bot""],""series"":[""solutions/game_2/series/home_wins_0/rest-110011/top"",""solutions/game_2/series/home_wins_0/rest-101011/bot""]}","[1,1,0,0,1,1]","[1,0,1,0,1,1]",0,1,4,2,home_win,home,0,79
21544,3,"{""single"":[""solutions/game_3/single/rest-011100/top"",""solutions/game_3/single/rest-010111/bot""],""series"":[""solutions/game_3/series/home_wins_1/rest-011100/top"",""solutions/game_3/series/home_wins_1/rest-010111/bot""]}","[0,1,1,1,0,0]","[0,1,0,1,1,1]",1,1,2,6,away_win,away,0,81
21544,4,"{""single"":[""solutions/game_4/single/rest-100111/top"",""solutions/game_4/single/rest-011100/bot""],""series"":[""solutions/game_4/series/home_wins_1/rest-100111/top"",""solutions/game_4/series/home_wins_1/rest-011100/bot""]}","[1,0,0,1,1,1]","[0,1,1,1,0,0]",1,2,7,5,home_win,home,0,82
21544,5,"{""single"":[""solutions/game_5/single/rest-111000/top"",""solutions/game_5/single/rest-100011/bot""],""series"":[""solutions/game_5/single/rest-111000/top"",""solutions/game_5/single/rest-100011/bot""]}","[1,1,1,0,0,0]","[1,0,0,0,1,1]",2,2,7,1,home_win,home,0,75
21545,1,"{""single"":[""solutions/game_1/single/rest-111111/top"",""solutions/game_1/single/rest-111111/bot""],""series"":[""solutions/game_1/series/rest-111111/top"",""solutions/game_1/series/rest-111111/bot""]}","[1,1,1,1,1,1]","[1,1,1,1,1,1]",0,0,10,3,home_win,home,0,80
21545,2,"{""single"":[""solutions/game_2/single/rest-110101/top"",""solutions/game_2/single/rest-110111/bot""],""series"":[""solutions/game_2/series/home_wins_1/rest-110101/top"",""solutions/game_2/series/home_wins_1/rest-110111/bot""]}","[1,1,0,1,0,1]","[1,1,0,1,1,1]",1,0,4,10,away_win,away,0,91
21545,3,"{""single"":[""solutions/game_3/single/rest-111000/top"",""solutions/game_3/single/rest-111100/bot""],""series"":[""solutions/game_3/series/home_wins_1/rest-111000/top"",""solutions/game_3/series/home_wins_1/rest-111100/bot""]}","[1,1,1,0,0,0]","[1,1,1,1,0,0]",1,1,2,11,away_win,away,0,55
21545,4,"{""single"":[""solutions/game_4/single/rest-011111/top"",""solutions/game_4/single/rest-111110/bot""],""series"":[""solutions/game_4/series/home_wins_1/rest-011111/top"",""solutions/game_4/series/home_wins_1/rest-111110/bot""]}","[0,1,1,1,1,1]","[1,1,1,1,1,0]",1,2,3,6,away_win,away,0,78
21545,5,"{""single"":[""solutions/game_5/single/rest-110010/top"",""solutions/game_5/single/rest-101101/bot""],""series"":[""solutions/game_5/single/rest-110010/top"",""solutions/game_5/single/rest-101101/bot""]}","[1,1,0,0,1,0]","[1,0,1,1,0,1]",1,3,8,7,home_win,home,1,104
21546,1,"{""single"":[""solutions/game_1/single/rest-111111/top"",""solutions/game_1/single/rest-111111/bot""],""series"":[""solutions/game_1/series/rest-111111/top"",""solutions/game_1/series/rest-111111/bot""]}","[1,1,1,1,1,1]","[1,1,1,1,1,1]",0,0,6,4,home_win,home,0,83
21546,2,"{""single"":[""solutions/game_2/single/rest-110101/top"",""solutions/game_2/single/rest-110110/bot""],""series"":[""solutions/game_2/series/home_wins_1/rest-110101/top"",""solutions/game_2/series/home_wins_1/rest-110110/bot""]}","[1,1,0,1,0,1]","[1,1,0,1,1,0]",1,0,5,4,home_win,home,0,78
21546,3,"{""single"":[""solutions/game_3/single/rest-111101/top"",""solutions/game_3/single/rest-110011/bot""],""series"":[""solutions/game_3/series/home_wins_2/rest-111101/top"",""solutions/game_3/series/home_wins_2/rest-110011/bot""]}","[1,1,1,1,0,1]","[1,1,0,0,1,1]",2,0,4,3,home_win,home,0,82
21546,4,"{""single"":[""solutions/game_4/single/rest-110111/top"",""solutions/game_4/single/rest-000110/bot""],""series"":[""solutions/game_4/single/rest-110111/top"",""solutions/game_4/single/rest-000110/bot""]}","[1,1,0,1,1,1]","[0,0,0,1,1,0]",3,0,8,0,home_win,home,1,52
21546,5,"{""single"":[""solutions/game_5/single/rest-111011/top"",""solutions/game_5/single/rest-101111/bot""],""series"":[""solutions/game_5/single/rest-111011/top"",""solutions/game_5/single/rest-101111/bot""]}","[1,1,1,0,1,1]","[1,0,1,1,1,1]",4,0,5,8,away_win,away,1,85
21547,1,"{""single"":[""solutions/game_1/single/rest-111111/top"",""solutions/game_1/single/rest-111111/bot""],""series"":[""solutions/game_1/series/rest-111111/top"",""solutions/game_1/series/rest-111111/bot""]}","[1,1,1,1,1,1]","[1,1,1,1,1,1]",0,0,3,0,home_win,home,0,73
21547,2,"{""single"":[""solutions/game_2/single/rest-110001/top"",""solutions/game_2/single/rest-111101/bot""],""series"":[""solutions/game_2/series/home_wins_1/rest-110001/top"",""solutions/game_2/series/home_wins_1/rest-111101/bot""]}","[1,1,0,0,0,1]","[1,1,1,1,0,1]",1,0,0,8,away_win,away,0,25
21547,3,"{""single"":[""solutions/game_3/single/rest-111111/top"",""solutions/game_3/single/rest-111111/bot""],""series"":[""solutions/game_3/series/home_wins_1/rest-111111/top"",""solutions/game_3/series/home_wins_1/rest-111111/bot""]}","[1,1,1,1,1,1]","[1,1,1,1,1,1]",1,1,3,2,home_win,home,0,78
21547,4,"{""single"":[""solutions/game_4/single/rest-010001/top"",""solutions/game_4/single/rest-001010/bot""],""series"":[""solutions/game_4/series/home_wins_2/rest-010001/top"",""solutions/game_4/series/home_wins_2/rest-001010/bot""]}","[0,1,0,0,0,1]","[0,0,1,0,1,0]",2,1,8,4,home_win,home,0,87
21547,5,"{""single"":[""solutions/game_5/single/rest-001111/top"",""solutions/game_5/single/rest-111101/bot""],""series"":[""solutions/game_5/single/rest-001111/top"",""solutions/game_5/single/rest-111101/bot""]}","[0,0,1,1,1,1]","[1,1,1,1,0,1]",3,1,14,4,home_win,home,1,46
21548,1,"{""single"":[""solutions/game_1/single/rest-111111/top"",""solutions/game_1/single/rest-111111/bot""],""series"":[""solutions/game_1/series/rest-111111/top"",""solutions/game_1/series/rest-111111/bot""]}","[1,1,1,1,1,1]","[1,1,1,1,1,1]",0,0,4,6,away_win,away,0,86
21548,2,"{""single"":[""solutions/game_2/single/rest-010001/top"",""solutions/game_2/single/rest-001010/bot""],""series"":[""solutions/game_2/series/home_wins_0/rest-010001/top"",""solutions/game_2/series/home_wins_0/rest-001010/bot""]}","[0,1,0,0,0,1]","[0,0,1,0,1,0]",0,1,9,1,home_win,home,0,77
21548,3,"{""single"":[""solutions/game_3/single/rest-111110/top"",""solutions/game_3/single/rest-010111/bot""],""series"":[""solutions/game_3/series/home_wins_1/rest-111110/top"",""solutions/game_3/series/home_wins_1/rest-010111/bot""]}","[1,1,1,1,1,0]","[0,1,0,1,1,1]",1,1,8,7,home_win,home,0,94
21548,4,"{""single"":[""solutions/game_4/single/rest-000100/top"",""solutions/game_4/single/rest-101100/bot""],""series"":[""solutions/game_4/series/home_wins_2/rest-000100/top"",""solutions/game_4/series/home_wins_2/rest-101100/bot""]}","[0,0,0,1,0,0]","[1,0,1,1,0,0]",2,1,8,11,away_win,away,0,91
21548,5,"{""single"":[""solutions/game_5/single/rest-111111/top"",""solutions/game_5/single/rest-111111/bot""],""series"":[""solutions/game_5/single/rest-111111/top"",""solutions/game_5/single/rest-111111/bot""]}","[1,1,1,1,1,1]","[1,1,1,1,1,1]",2,2,0,8,away_win,away,0,32
21549,1,"{""single"":[""solutions/game_1/single/rest-111111/top"",""solutions/game_1/single/rest-111111/bot""],""series"":[""solutions/game_1/series/rest-111111/top"",""solutions/game_1/series/rest-111111/bot""]}","[1,1,1,1,1,1]","[1,1,1,1,1,1]",0,0,10,6,home_win,home,0,88
21549,2,"{""single"":[""solutions/game_2/single/rest-011001/top"",""solutions/game_2/single/rest-110111/bot""],""series"":[""solutions/game_2/series/home_wins_1/rest-011001/top"",""solutions/game_2/series/home_wins_1/rest-110111/bot""]}","[0,1,1,0,0,1]","[1,1,0,1,1,1]",1,0,4,7,away_win,away,0,88
21549,3,"{""single"":[""solutions/game_3/single/rest-100010/top"",""solutions/game_3/single/rest-111010/bot""],""series"":[""solutions/game_3/series/home_wins_1/rest-100010/top"",""solutions/game_3/series/home_wins_1/rest-111010/bot""]}","[1,0,0,0,1,0]","[1,1,1,0,1,0]",1,1,6,3,home_win,home,0,90
21549,4,"{""single"":[""solutions/game_4/single/rest-011101/top"",""solutions/game_4/single/rest-110011/bot""],""series"":[""solutions/game_4/series/home_wins_2/rest-011101/top"",""solutions/game_4/series/home_wins_2/rest-110011/bot""]}","[0,1,1,1,0,1]","[1,1,0,0,1,1]",2,1,8,5,home_win,home,0,88
21549,5,"{""single"":[""solutions/game_5/single/rest-101011/top"",""solutions/game_5/single/rest-010111/bot""],""series"":[""solutions/game_5/single/rest-101011/top"",""solutions/game_5/single/rest-010111/bot""]}","[1,0,1,0,1,1]","[0,1,0,1,1,1]",3,1,11,8,home_win,home,1,88
21550,1,"{""single"":[""solutions/game_1/single/rest-111111/top"",""solutions/game_1/single/rest-111111/bot""],""series"":[""solutions/game_1/series/rest-111111/top"",""solutions/game_1/series/rest-111111/bot""]}","[1,1,1,1,1,1]","[1,1,1,1,1,1]",0,0,2,7,away_win,away,0,84
21550,2,"{""single"":[""solutions/game_2/single/rest-010001/top"",""solutions/game_2/single/rest-111111/bot""],""series"":[""solutions/game_2/series/home_wins_0/rest-010001/top"",""solutions/game_2/series/home_wins_0/rest-111111/bot""]}","[0,1,0,0,0,1]","[1,1,1,1,1,1]",0,1,9,0,home_win,home,0,52
21550,3,"{""single"":[""solutions/game_3/single/rest-110011/top"",""solutions/game_3/single/rest-111111/bot""],""series"":[""solutions/game_3/series/home_wins_1/rest-110011/top"",""solutions/game_3/series/home_wins_1/rest-111111/bot""]}","[1,1,0,0,1,1]","[1,1,1,1,1,1]",1,1,5,4,home_win,home,0,81
21550,4,"{""single"":[""solutions/game_4/single/rest-001111/top"",""solutions/game_4/single/rest-101111/bot""],""series"":[""solutions/game_4/series/home_wins_2/rest-001111/top"",""solutions/game_4/series/home_wins_2/rest-101111/bot""]}","[0,0,1,1,1,1]","[1,0,1,1,1,1]",2,1,7,11,away_win,away,0,91
21550,5,"{""single"":[""solutions/game_5/single/rest-110001/top"",""solutions/game_5/single/rest-011100/bot""],""series"":[""solutions/game_5/single/rest-110001/top"",""solutions/game_5/single/rest-011100/bot""]}","[1,1,0,0,0,1]","[0,1,1,1,0,0]",2,2,5,5,tie,away,0,91
21551,1,"{""single"":[""solutions/game_1/single/rest-111111/top"",""solutions/game_1/single/rest-111111/bot""],""series"":[""solutions/game_1/series/rest-111111/top"",""solutions/game_1/series/rest-111111/bot""]}","[1,1,1,1,1,1]","[1,1,1,1,1,1]",0,0,8,4,home_win,home,0,72
21551,2,"{""single"":[""solutions/game_2/single/rest-111001/top"",""solutions/game_2/single/rest-111111/bot""],""series"":[""solutions/game_2/series/home_wins_1/rest-111001/top"",""solutions/game_2/series/home_wins_1/rest-111111/bot""]}","[1,1,1,0,0,1]","[1,1,1,1,1,1]",1,0,0,4,away_win,away,0,82
21551,3,"{""single"":[""solutions/game_3/single/rest-111110/top"",""solutions/game_3/single/rest-111001/bot""],""series"":[""solutions/game_3/series/home_wins_1/rest-111110/top"",""solutions/game_3/series/home_wins_1/rest-111001/bot""]}","[1,1,1,1,1,0]","[1,1,1,0,0,1]",1,1,3,1,home_win,home,0,67
21551,4,"{""single"":[""solutions/game_4/single/rest-111001/top"",""solutions/game_4/single/rest-110111/bot""],""series"":[""solutions/game_4/series/home_wins_2/rest-111001/top"",""solutions/game_4/series/home_wins_2/rest-110111/bot""]}","[1,1,1,0,0,1]","[1,1,0,1,1,1]",2,1,9,1,home_win,home,0,31
21551,5,"{""single"":[""solutions/game_5/single/rest-111111/top"",""solutions/game_5/single/rest-111111/bot""],""series"":[""solutions/game_5/single/rest-111111/top"",""solutions/game_5/single/rest-111111/bot""]}","[1,1,1,1,1,1]","[1,1,1,1,1,1]",3,1,7,2,home_win,home,1,77
21552,1,"{""single"":[""solutions/game_1/single/rest-111111/top"",""solutions/game_1/single/rest-111111/bot""],""series"":[""solutions/game_1/series/rest-111111/top"",""solutions/game_1/series/rest-111111/bot""]}","[1,1,1,1,1,1]","[1,1,1,1,1,1]",0,0,3,5,away_win,away,0,85
21552,2,"{""single"":[""solutions/game_2/single/rest-010101/top"",""solutions/game_2/single/rest-111011/bot""],""series"":[""solutions/game_2/series/home_wins_0/rest-010101/top"",""solutions/game_2/series/home_wins_0/rest-111011/bot""]}","[0,1,0,1,0,1]","[1,1,1,0,1,1]",0,1,2,2,tie,away,0,80
21552,3,"{""single"":[""solutions/game_3/single/rest-101010/top"",""solutions/game_3/single/rest-000111/bot""],""series"":[""solutions/game_3/series/home_wins_0/rest-101010/top"",""solutions/game_3/series/home_wins_0/rest-000111/bot""]}","[1,0,1,0,1,0]","[0,0,0,1,1,1]",0,2,5,1,home_win,home,0,84
21552,4,"{""single"":[""solutions/game_4/single/rest-011101/top"",""solutions/game_4/single/rest-111101/bot""],""series"":[""solutions/game_4/series/home_wins_1/rest-011101/top"",""solutions/game_4/series/home_wins_1/rest-111101/bot""]}","[0,1,1,1,0,1]","[1,1,1,1,0,1]",1,2,2,4,away_win,away,0,86
21552,5,"{""single"":[""solutions/game_5/single/rest-100110/top"",""solutions/game_5/single/rest-111110/bot""],""series"":[""solutions/game_5/single/rest-100110/top"",""solutions/game_5/single/rest-111110/bot""]}","[1,0,0,1,1,0]","[1,1,1,1,1,0]",1,3,4,3,home_win,home,1,70
21553,1,"{""single"":[""solutions/game_1/single/rest-111111/top"",""solutions/game_1/single/rest-111111/bot""],""series"":[""solutions/game_1/series/rest-111111/top"",""solutions/game_1/series/rest-111111/bot""]}","[1,1,1,1,1,1]","[1,1,1,1,1,1]",0,0,2,3,away_win,away,0,80
21553,2,"{""single"":[""solutions/game_2/single/rest-111011/top"",""solutions/game_2/single/rest-111111/bot""],""series"":[""solutions/game_2/series/home_wins_0/rest-111011/top"",""solutions/game_2/series/home_wins_0/rest-111111/bot""]}","[1,1,1,0,1,1]","[1,1,1,1,1,1]",0,1,0,1,away_win,away,0,70
21553,3,"{""single"":[""solutions/game_3/single/rest-110011/top"",""solutions/game_3/single/rest-011011/bot""],""series"":[""solutions/game_3/series/home_wins_0/rest-110011/top"",""solutions/game_3/series/home_wins_0/rest-011011/bot""]}","[1,1,0,0,1,1]","[0,1,1,0,1,1]",0,2,2,1,home_win,home,0,67
21553,4,"{""single"":[""solutions/game_4/single/rest-010100/top"",""solutions/game_4/single/rest-111111/bot""],""series"":[""solutions/game_4/series/home_wins_1/rest-010100/top"",""solutions/game_4/series/home_wins_1/rest-111111/bot""]}","[0,1,0,1,0,0]","[1,1,1,1,1,1]",1,2,2,10,away_win,away,0,77
21553,5,"{""single"":[""solutions/game_5/single/rest-101111/top"",""solutions/game_5/single/rest-111010/bot""],""series"":[""solutions/game_5/single/rest-101111/top"",""solutions/game_5/single/rest-111010/bot""]}","[1,0,1,1,1,1]","[1,1,1,0,1,0]",1,3,4,6,away_win,away,1,88
21554,1,"{""single"":[""solutions/game_1/single/rest-111111/top"",""solutions/game_1/single/rest-111111/bot""],""series"":[""solutions/game_1/series/rest-111111/top"",""solutions/game_1/series/rest-111111/bot""]}","[1,1,1,1,1,1]","[1,1,1,1,1,1]",0,0,5,3,home_win,home,0,74
21554,2,"{""single"":[""solutions/game_2/single/rest-110101/top"",""solutions/game_2/single/rest-110111/bot""],""series"":[""solutions/game_2/series/home_wins_1/rest-110101/top"",""solutions/game_2/series/home_wins_1/rest-110111/bot""]}","[1,1,0,1,0,1]","[1,1,0,1,1,1]",1,0,3,1,home_win,home,0,70
21554,3,"{""single"":[""solutions/game_3/single/rest-011011/top"",""solutions/game_3/single/rest-111000/bot""],""series"":[""solutions/game_3/series/home_wins_2/rest-011011/top"",""solutions/game_3/series/home_wins_2/rest-111000/bot""]}","[0,1,1,0,1,1]","[1,1,1,0,0,0]",2,0,10,0,home_win,home,0,76
21554,4,"{""single"":[""solutions/game_4/single/rest-110110/top"",""solutions/game_4/single/rest-001111/bot""],""series"":[""solutions/game_4/single/rest-110110/top"",""solutions/game_4/single/rest-001111/bot""]}","[1,1,0,1,1,0]","[0,0,1,1,1,1]",3,0,7,4,home_win,home,1,80
21554,5,"{""single"":[""solutions/game_5/single/rest-111001/top"",""solutions/game_5/single/rest-111010/bot""],""series"":[""solutions/game_5/single/rest-111001/top"",""solutions/game_5/single/rest-111010/bot""]}","[1,1,1,0,0,1]","[1,1,1,0,1,0]",4,0,2,1,home_win,home,1,77
21555,1,"{""single"":[""solutions/game_1/single/rest-111111/top"",""solutions/game_1/single/rest-111111/bot""],""series"":[""solutions/game_1/series/rest-111111/top"",""solutions/game_1/series/rest-111111/bot""]}","[1,1,1,1,1,1]","[1,1,1,1,1,1]",0,0,0,1,away_win,away,0,77
21555,2,"{""single"":[""solutions/game_2/single/rest-011001/top"",""solutions/game_2/single/rest-101011/bot""],""series"":[""solutions/game_2/series/home_wins_0/rest-011001/top"",""solutions/game_2/series/home_wins_0/rest-101011/bot""]}","[0,1,1,0,0,1]","[1,0,1,0,1,1]",0,1,6,8,away_win,away,0,92
21555,3,"{""single"":[""solutions/game_3/single/rest-010110/top"",""solutions/game_3/single/rest-010110/bot""],""series"":[""solutions/game_3/series/home_wins_0/rest-010110/top"",""solutions/game_3/series/home_wins_0/rest-010110/bot""]}","[0,1,0,1,1,0]","[0,1,0,1,1,0]",0,2,11,1,home_win,home,0,16
21555,4,"{""single"":[""solutions/game_4/single/rest-111111/top"",""solutions/game_4/single/rest-111111/bot""],""series"":[""solutions/game_4/series/home_wins_1/rest-111111/top"",""solutions/game_4/series/home_wins_1/rest-111111/bot""]}","[1,1,1,1,1,1]","[1,1,1,1,1,1]",1,2,0,8,away_win,away,0,56
21555,5,"{""single"":[""solutions/game_5/single/rest-010011/top"",""solutions/game_5/single/rest-111111/bot""],""series"":[""solutions/game_5/single/rest-010011/top"",""solutions/game_5/single/rest-111111/bot""]}","[0,1,0,0,1,1]","[1,1,1,1,1,1]",1,3,7,1,home_win,home,1,83
21556,1,"{""single"":[""solutions/game_1/single/rest-111111/top"",""solutions/game_1/single/rest-111111/bot""],""series"":[""solutions/game_1/series/rest-111111/top"",""solutions/game_1/series/rest-111111/bot""]}","[1,1,1,1,1,1]","[1,1,1,1,1,1]",0,0,2,0,home_win,home,0,61
21556,2,"{""single"":[""solutions/game_2/single/rest-110011/top"",""solutions/game_2/single/rest-111111/bot""],""series"":[""solutions/game_2/series/home_wins_1/rest-110011/top"",""solutions/game_2/series/home_wins_1/rest-111111/bot""]}","[1,1,0,0,1,1]","[1,1,1,1,1,1]",1,0,0,8,away_win,away,0,20
21556,3,"{""single"":[""solutions/game_3/single/rest-111111/top"",""solutions/game_3/single/rest-111111/bot""],""series"":[""solutions/game_3/series/home_wins_1/rest-111111/top"",""solutions/game_3/series/home_wins_1/rest-111111/bot""]}","[1,1,1,1,1,1]","[1,1,1,1,1,1]",1,1,5,1,home_win,home,0,73
21556,4,"{""single"":[""solutions/game_4/single/rest-010001/top"",""solutions/game_4/single/rest-110111/bot""],""series"":[""solutions/game_4/series/home_wins_2/rest-010001/top"",""solutions/game_4/series/home_wins_2/rest-110111/bot""]}","[0,1,0,0,0,1]","[1,1,0,1,1,1]",2,1,10,10,tie,away,0,104
21556,5,"{""single"":[""solutions/game_5/single/rest-001010/top"",""solutions/game_5/single/rest-001110/bot""],""series"":[""solutions/game_5/single/rest-001010/top"",""solutions/game_5/single/rest-001110/bot""]}","[0,0,1,0,1,0]","[0,0,1,1,1,0]",2,2,10,2,home_win,home,0,78
21557,1,"{""single"":[""solutions/game_1/single/rest-111111/top"",""solutions/game_1/single/rest-111111/bot""],""series"":[""solutions/game_1/series/rest-111111/top"",""solutions/game_1/series/rest-111111/bot""]}","[1,1,1,1,1,1]","[1,1,1,1,1,1]",0,0,5,7,away_win,away,0,99
21557,2,"{""single"":[""solutions/game_2/single/rest-011111/top"",""solutions/game_2/single/rest-001110/bot""],""series"":[""solutions/game_2/series/home_wins_0/rest-011111/top"",""solutions/game_2/series/home_wins_0/rest-001110/bot""]}","[0,1,1,1,1,1]","[0,0,1,1,1,0]",0,1,3,1,home_win,home,0,76
21557,3,"{""single"":[""solutions/game_3/single/rest-010001/top"",""solutions/game_3/single/rest-110111/bot""],""series"":[""solutions/game_3/series/home_wins_1/rest-010001/top"",""solutions/game_3/series/home_wins_1/rest-110111/bot""]}","[0,1,0,0,0,1]","[1,1,0,1,1,1]",1,1,3,9,away_win,away,0,82
21557,4,"{""single"":[""solutions/game_4/single/rest-111110/top"",""solutions/game_4/single/rest-111101/bot""],""series"":[""solutions/game_4/series/home_wins_1/rest-111110/top"",""solutions/game_4/series/home_wins_1/rest-111101/bot""]}","[1,1,1,1,1,0]","[1,1,1,1,0,1]",1,2,10,2,home_win,home,0,73
21557,5,"{""single"":[""solutions/game_5/single/rest-110101/top"",""solutions/game_5/single/rest-111111/bot""],""series"":[""solutions/game_5/single/rest-110101/top"",""solutions/game_5/single/rest-111111/bot""]}","[1,1,0,1,0,1]","[1,1,1,1,1,1]",2,2,7,4,home_win,home,0,88
21558,1,"{""single"":[""solutions/game_1/single/rest-111111/top"",""solutions/game_1/single/rest-111111/bot""],""series"":[""solutions/game_1/series/rest-111111/top"",""solutions/game_1/series/rest-111111/bot""]}","[1,1,1,1,1,1]","[1,1,1,1,1,1]",0,0,6,5,home_win,home,0,77
21558,2,"{""single"":[""solutions/game_2/single/rest-111011/top"",""solutions/game_2/single/rest-001101/bot""],""series"":[""solutions/game_2/series/home_wins_1/rest-111011/top"",""solutions/game_2/series/home_wins_1/rest-001101/bot""]}","[1,1,1,0,1,1]","[0,0,1,1,0,1]",1,0,0,6,away_win,away,0,82
21558,3,"{""single"":[""solutions/game_3/single/rest-110100/top"",""solutions/game_3/single/rest-010110/bot""],""series"":[""solutions/game_3/series/home_wins_1/rest-110100/top"",""solutions/game_3/series/home_wins_1/rest-010110/bot""]}","[1,1,0,1,0,0]","[0,1,0,1,1,0]",1,1,8,12,away_win,away,0,105
21558,4,"{""single"":[""solutions/game_4/single/rest-001010/top"",""solutions/game_4/single/rest-101101/bot""],""series"":[""solutions/game_4/series/home_wins_1/rest-001010/top"",""solutions/game_4/series/home_wins_1/rest-101101/bot""]}","[0,0,1,0,1,0]","[1,0,1,1,0,1]",1,2,2,5,away_win,away,0,84
21558,5,"{""single"":[""solutions/game_5/single/rest-111101/top"",""solutions/game_5/single/rest-100011/bot""],""series"":[""solutions/game_5/single/rest-111101/top"",""solutions/game_5/single/rest-100011/bot""]}","[1,1,1,1,0,1]","[1,0,0,0,1,1]",1,3,9,5,home_win,home,1,85
21559,1,"{""single"":[""solutions/game_1/single/rest-111111/top"",""solutions/game_1/single/rest-111111/bot""],""series"":[""solutions/game_1/series/rest-111111/top"",""solutions/game_1/series/rest-111111/bot""]}","[1,1,1,1,1,1]","[1,1,1,1,1,1]",0,0,2,3,away_win,away,0,78
21559,2,"{""single"":[""solutions/game_2/single/rest-011101/top"",""solutions/game_2/single/rest-101111/bot""],""series"":[""solutions/game_2/series/home_wins_0/rest-011101/top"",""solutions/game_2/series/home_wins_0/rest-101111/bot""]}","[0,1,1,1,0,1]","[1,0,1,1,1,1]",0,1,8,0,home_win,home,0,53
21559,3,"{""single"":[""solutions/game_3/single/rest-111111/top"",""solutions/game_3/single/rest-110111/bot""],""series"":[""solutions/game_3/series/home_wins_1/rest-111111/top"",""solutions/game_3/series/home_wins_1/rest-110111/bot""]}","[1,1,1,1,1,1]","[1,1,0,1,1,1]",1,1,9,5,home_win,home,0,84
21559,4,"{""single"":[""solutions/game_4/single/rest-010100/top"",""solutions/game_4/single/rest-011101/bot""],""series"":[""solutions/game_4/series/home_wins_2/rest-010100/top"",""solutions/game_4/series/home_wins_2/rest-011101/bot""]}","[0,1,0,1,0,0]","[0,1,1,1,0,1]",2,1,1,9,away_win,away,0,67
21559,5,"{""single"":[""solutions/game_5/single/rest-101011/top"",""solutions/game_5/single/rest-110111/bot""],""series"":[""solutions/game_5/single/rest-101011/top"",""solutions/game_5/single/rest-110111/bot""]}","[1,0,1,0,1,1]","[1,1,0,1,1,1]",2,2,2,8,away_win,away,0,88
21560,1,"{""single"":[""solutions/game_1/single/rest-111111/top"",""solutions/game_1/single/rest-111111/bot""],""series"":[""solutions/game_1/series/rest-111111/top"",""solutions/game_1/series/rest-111111/bot""]}","[1,1,1,1,1,1]","[1,1,1,1,1,1]",0,0,7,1,home_win,home,0,84
21560,2,"{""single"":[""solutions/game_2/single/rest-110111/top"",""solutions/game_2/single/rest-011110/bot""],""series"":[""solutions/game_2/series/home_wins_1/rest-110111/top"",""solutions/game_2/series/home_wins_1/rest-011110/bot""]}","[1,1,0,1,1,1]","[0,1,1,1,1,0]",1,0,7,6,home_win,home,0,80
21560,3,"{""single"":[""solutions/game_3/single/rest-111001/top"",""solutions/game_3/single/rest-101001/bot""],""series"":[""solutions/game_3/series/home_wins_2/rest-111001/top"",""solutions/game_3/series/home_wins_2/rest-101001/bot""]}","[1,1,1,0,0,1]","[1,0,1,0,0,1]",2,0,12,4,home_win,home,0,74
21560,4,"{""single"":[""solutions/game_4/single/rest-011011/top"",""solutions/game_4/single/rest-110110/bot""],""series"":[""solutions/game_4/single/rest-011011/top"",""solutions/game_4/single/rest-110110/bot""]}","[0,1,1,0,1,1]","[1,1,0,1,1,0]",3,0,12,4,home_win,home,1,76
21560,5,"{""single"":[""solutions/game_5/single/rest-111110/top"",""solutions/game_5/single/rest-101001/bot""],""series"":[""solutions/game_5/single/rest-111110/top"",""solutions/game_5/single/rest-101001/bot""]}","[1,1,1,1,1,0]","[1,0,1,0,0,1]",4,0,2,7,away_win,away,1,84
21561,1,"{""single"":[""solutions/game_1/single/rest-111111/top"",""solutions/game_1/single/rest-111111/bot""],""series"":[""solutions/game_1/series/rest-111111/top"",""solutions/game_1/series/rest-111111/bot""]}","[1,1,1,1,1,1]","[1,1,1,1,1,1]",0,0,3,7,away_win,away,0,90
21561,2,"{""single"":[""solutions/game_2/single/rest-011000/top"",""solutions/game_2/single/rest-001110/bot""],""series"":[""solutions/game_2/series/home_wins_0/rest-011000/top"",""solutions/game_2/series/home_wins_0/rest-001110/bot""]}","[0,1,1,0,0,0]","[0,0,1,1,1,0]",0,1,1,6,away_win,away,0,81
21561,3,"{""single"":[""solutions/game_3/single/rest-110111/top"",""solutions/game_3/single/rest-110101/bot""],""series"":[""solutions/game_3/series/home_wins_0/rest-110111/top"",""solutions/game_3/series/home_wins_0/rest-110101/bot""]}","[1,1,0,1,1,1]","[1,1,0,1,0,1]",0,2,9,1,home_win,home,0,21
21561,4,"{""single"":[""solutions/game_4/single/rest-111111/top"",""solutions/game_4/single/rest-111111/bot""],""series"":[""solutions/game_4/series/home_wins_1/rest-111111/top"",""solutions/game_4/series/home_wins_1/rest-111111/bot""]}","[1,1,1,1,1,1]","[1,1,1,1,1,1]",1,2,4,3,home_win,home,0,82
21561,5,"{""single"":[""solutions/game_5/single/rest-010000/top"",""solutions/game_5/single/rest-111110/bot""],""series"":[""solutions/game_5/single/rest-010000/top"",""solutions/game_5/single/rest-111110/bot""]}","[0,1,0,0,0,0]","[1,1,1,1,1,0]",2,2,7,8,away_win,away,0,91
21562,1,"{""single"":[""solutions/game_1/single/rest-111111/top"",""solutions/game_1/single/rest-111111/bot""],""series"":[""solutions/game_1/series/rest-111111/top"",""solutions/game_1/series/rest-111111/bot""]}","[1,1,1,1,1,1]","[1,1,1,1,1,1]",0,0,10,1,home_win,home,0,57
21562,2,"{""single"":[""solutions/game_2/single/rest-111111/top"",""solutions/game_2/single/rest-111111/bot""],""series"":[""solutions/game_2/series/home_wins_1/rest-111111/top"",""solutions/game_2/series/home_wins_1/rest-111111/bot""]}","[1,1,1,1,1,1]","[1,1,1,1,1,1]",1,0,1,6,away_win,away,0,75
21562,3,"{""single"":[""solutions/game_3/single/rest-010011/top"",""solutions/game_3/single/rest-101011/bot""],""series"":[""solutions/game_3/series/home_wins_1/rest-010011/top"",""solutions/game_3/series/home_wins_1/rest-101011/bot""]}","[0,1,0,0,1,1]","[1,0,1,0,1,1]",1,1,7,11,away_win,away,0,95
21562,4,"{""single"":[""solutions/game_4/single/rest-111110/top"",""solutions/game_4/single/rest-010111/bot""],""series"":[""solutions/game_4/series/home_wins_1/rest-111110/top"",""solutions/game_4/series/home_wins_1/rest-010111/bot""]}","[1,1,1,1,1,0]","[0,1,0,1,1,1]",1,2,6,10,away_win,away,0,83
21562,5,"{""single"":[""solutions/game_5/single/rest-010001/top"",""solutions/game_5/single/rest-101110/bot""],""series"":[""solutions/game_5/single/rest-010001/top"",""solutions/game_5/single/rest-101110/bot""]}","[0,1,0,0,0,1]","[1,0,1,1,1,0]",1,3,3,1,home_win,home,1,80
21563,1,"{""single"":[""solutions/game_1/single/rest-111111/top"",""solutions/game_1/single/rest-111111/bot""],""series"":[""solutions/game_1/series/rest-111111/top"",""solutions/game_1/series/rest-111111/bot""]}","[1,1,1,1,1,1]","[1,1,1,1,1,1]",0,0,6,5,home_win,home,0,86
21563,2,"{""single"":[""solutions/game_2/single/rest-011010/top"",""solutions/game_2/single/rest-101010/bot""],""series"":[""solutions/game_2/series/home_wins_1/rest-011010/top"",""solutions/game_2/series/home_wins_1/rest-101010/bot""]}","[0,1,1,0,1,0]","[1,0,1,0,1,0]",1,0,3,11,away_win,away,0,82
21563,3,"{""single"":[""solutions/game_3/single/rest-100101/top"",""solutions/game_3/single/rest-110101/bot""],""series"":[""solutions/game_3/series/home_wins_1/rest-100101/top"",""solutions/game_3/series/home_wins_1/rest-110101/bot""]}","[1,0,0,1,0,1]","[1,1,0,1,0,1]",1,1,4,4,tie,away,0,82
21563,4,"{""single"":[""solutions/game_4/single/rest-101010/top"",""solutions/game_4/single/rest-111110/bot""],""series"":[""solutions/game_4/series/home_wins_1/rest-101010/top"",""solutions/game_4/series/home_wins_1/rest-111110/bot""]}","[1,0,1,0,1,0]","[1,1,1,1,1,0]",1,2,9,1,home_win,home,0,38
21563,5,"{""single"":[""solutions/game_5/single/rest-111111/top"",""solutions/game_5/single/rest-111111/bot""],""series"":[""solutions/game_5/single/rest-111111/top"",""solutions/game_5/single/rest-111111/bot""]}","[1,1,1,1,1,1]","[1,1,1,1,1,1]",2,2,1,4,away_win,away,0,86
21564,1,"{""single"":[""solutions/game_1/single/rest-111111/top"",""solutions/game_1/single/rest-111111/bot""],""series"":[""solutions/game_1/series/rest-111111/top"",""solutions/game_1/series/rest-111111/bot""]}","[1,1,1,1,1,1]","[1,1,1,1,1,1]",0,0,4,4,tie,home,0,94
21564,2,"{""single"":[""solutions/game_2/single/rest-000011/top"",""solutions/game_2/single/rest-010111/bot""],""series"":[""solutions/game_2/series/home_wins_1/rest-000011/top"",""solutions/game_2/series/home_wins_1/rest-010111/bot""]}","[0,0,0,0,1,1]","[0,1,0,1,1,1]",1,0,3,4,away_win,away,0,82
21564,3,"{""single"":[""solutions/game_3/single/rest-111100/top"",""solutions/game_3/single/rest-100011/bot""],""series"":[""solutions/game_3/series/home_wins_1/rest-111100/top"",""solutions/game_3/series/home_wins_1/rest-100011/bot""]}","[1,1,1,1,0,0]","[1,0,0,0,1,1]",1,1,0,2,away_win,away,0,77
21564,4,"{""single"":[""solutions/game_4/single/rest-011101/top"",""solutions/game_4/single/rest-111100/bot""],""series"":[""solutions/game_4/series/home_wins_1/rest-011101/top"",""solutions/game_4/series/home_wins_1/rest-111100/bot""]}","[0,1,1,1,0,1]","[1,1,1,1,0,0]",1,2,0,1,away_win,away,0,72
21564,5,"{""single"":[""solutions/game_5/single/rest-110011/top"",""solutions/game_5/single/rest-011010/bot""],""series"":[""solutions/game_5/single/rest-110011/top"",""solutions/game_5/single/rest-011010/bot""]}","[1,1,0,0,1,1]","[0,1,1,0,1,0]",1,3,1,6,away_win,away,1,81
21565,1,"{""single"":[""solutions/game_1/single/rest-111111/top"",""solutions/game_1/single/rest-111111/bot""],""series"":[""solutions/game_1/series/rest-111111/top"",""solutions/game_1/series/rest-111111/bot""]}","[1,1,1,1,1,1]","[1,1,1,1,1,1]",0,0,7,2,home_win,home,0,76
21565,2,"{""single"":[""solutions/game_2/single/rest-110011/top"",""solutions/game_2/single/rest-110111/bot""],""series"":[""solutions/game_2/series/home_wins_1/rest-110011/top"",""solutions/game_2/series/home_wins_1/rest-110111/bot""]}","[1,1,0,0,1,1]","[1,1,0,1,1,1]",1,0,9,0,home_win,home,0,59
21565,3,"{""single"":[""solutions/game_3/single/rest-110011/top"",""solutions/game_3/single/rest-000111/bot""],""series"":[""solutions/game_3/series/home_wins_2/rest-110011/top"",""solutions/game_3/series/home_wins_2/rest-000111/bot""]}","[1,1,0,0,1,1]","[0,0,0,1,1,1]",2,0,9,1,home_win,home,0,57
21565,4,"{""single"":[""solutions/game_4/single/rest-111111/top"",""solutions/game_4/single/rest-111101/bot""],""series"":[""solutions/game_4/single/rest-111111/top"",""solutions/game_4/single/rest-111101/bot""]}","[1,1,1,1,1,1]","[1,1,1,1,0,1]",3,0,3,8,away_win,away,1,89
21565,5,"{""single"":[""solutions/game_5/single/rest-011001/top"",""solutions/game_5/single/rest-011010/bot""],""series"":[""solutions/game_5/single/rest-011001/top"",""solutions/game_5/single/rest-011010/bot""]}","[0,1,1,0,0,1]","[0,1,1,0,1,0]",3,1,4,0,home_win,home,1,65
21566,1,"{""single"":[""solutions/game_1/single/rest-111111/top"",""solutions/game_1/single/rest-111111/bot""],""series"":[""solutions/game_1/series/rest-111111/top"",""solutions/game_1/series/rest-111111/bot""]}","[1,1,1,1,1,1]","[1,1,1,1,1,1]",0,0,3,4,away_win,away,0,83
21566,2,"{""single"":[""solutions/game_2/single/rest-011011/top"",""solutions/game_2/single/rest-001110/bot""],""series"":[""solutions/game_2/series/home_wins_0/rest-011011/top"",""solutions/game_2/series/home_wins_0/rest-001110/bot""]}","[0,1,1,0,1,1]","[0,0,1,1,1,0]",0,1,7,6,home_win,home,0,91
21566,3,"{""single"":[""solutions/game_3/single/rest-100101/top"",""solutions/game_3/single/rest-111001/bot""],""series"":[""solutions/game_3/series/home_wins_1/rest-100101/top"",""solutions/game_3/series/home_wins_1/rest-111001/bot""]}","[1,0,0,1,0,1]","[1,1,1,0,0,1]",1,1,8,0,home_win,home,0,23
21566,4,"{""single"":[""solutions/game_4/single/rest-111101/top"",""solutions/game_4/single/rest-111111/bot""],""series"":[""solutions/game_4/series/home_wins_2/rest-111101/top"",""solutions/game_4/series/home_wins_2/rest-111111/bot""]}","[1,1,1,1,0,1]","[1,1,1,1,1,1]",2,1,4,5,away_win,away,0,89
21566,5,"{""single"":[""solutions/game_5/single/rest-000110/top"",""solutions/game_5/single/rest-110110/bot""],""series"":[""solutions/game_5/single/rest-000110/top"",""solutions/game_5/single/rest-110110/bot""]}","[0,0,0,1,1,0]","[1,1,0,1,1,0]",2,2,1,7,away_win,away,0,81
21567,1,"{""single"":[""solutions/game_1/single/rest-111111/top"",""solutions/game_1/single/rest-111111/bot""],""series"":[""solutions/game_1/series/rest-111111/top"",""solutions/game_1/series/rest-111111/bot""]}","[1,1,1,1,1,1]","[1,1,1,1,1,1]",0,0,1,4,away_win,away,0,84
21567,2,"{""single"":[""solutions/game_2/single/rest-111011/top"",""solutions/game_2/single/rest-111010/bot""],""series"":[""solutions/game_2/series/home_wins_0/rest-111011/top"",""solutions/game_2/series/home_wins_0/rest-111010/bot""]}","[1,1,1,0,1,1]","[1,1,1,0,1,0]",0,1,3,7,away_win,away,0,88
21567,3,"{""single"":[""solutions/game_3/single/rest-000101/top"",""solutions/game_3/single/rest-100101/bot""],""series"":[""solutions/game_3/series/home_wins_0/rest-000101/top"",""solutions/game_3/series/home_wins_0/rest-100101/bot""]}","[0,0,0,1,0,1]","[1,0,0,1,0,1]",0,2,2,6,away_win,away,0,77
21567,4,"{""single"":[""solutions/game_4/single/rest-111111/top"",""solutions/game_4/single/rest-011010/bot""],""series"":[""solutions/game_4/single/rest-111111/top"",""solutions/game_4/single/rest-011010/bot""]}","[1,1,1,1,1,1]","[0,1,1,0,1,0]",0,3,0,8,away_win,away,1,52
21567,5,"{""single"":[""solutions/game_5/single/rest-110011/top"",""solutions/game_5/single/rest-111111/bot""],""series"":[""solutions/game_5/single/rest-110011/top"",""solutions/game_5/single/rest-111111/bot""]}","[1,1,0,0,1,1]","[1,1,1,1,1,1]",0,4,2,7,away_win,away,1,89
21568,1,"{""single"":[""solutions/game_1/single/rest-111111/top"",""solutions/game_1/single/rest-111111/bot""],""series"":[""solutions/game_1/series/rest-111111/top"",""solutions/game_1/series/rest-111111/bot""]}","[1,1,1,1,1,1]","[1,1,1,1,1,1]",0,0,9,1,home_win,home,0,78
21568,2,"{""single"":[""solutions/game_2/single/rest-110101/top"",""solutions/game_2/single/rest-110111/bot""],""series"":[""solutions/game_2/series/home_wins_1/rest-110101/top"",""solutions/game_2/series/home_wins_1/rest-110111/bot""]}","[1,1,0,1,0,1]","[1,1,0,1,1,1]",1,0,6,5,home_win,home,0,84
21568,3,"{""single"":[""solutions/game_3/single/rest-011111/top"",""solutions/game_3/single/rest-001010/bot""],""series"":[""solutions/game_3/series/home_wins_2/rest-011111/top"",""solutions/game_3/series/home_wins_2/rest-001010/bot""]}","[0,1,1,1,1,1]","[0,0,1,0,1,0]",2,0,5,6,away_win,away,0,97
21568,4,"{""single"":[""solutions/game_4/single/rest-110000/top"",""solutions/game_4/single/rest-111101/bot""],""series"":[""solutions/game_4/series/home_wins_2/rest-110000/top"",""solutions/game_4/series/home_wins_2/rest-111101/bot""]}","[1,1,0,0,0,0]","[1,1,1,1,0,1]",2,1,3,11,away_win,away,0,79
21568,5,"{""single"":[""solutions/game_5/single/rest-001111/top"",""solutions/game_5/single/rest-110101/bot""],""series"":[""solutions/game_5/single/rest-001111/top"",""solutions/game_5/single/rest-110101/bot""]}","[0,0,1,1,1,1]","[1,1,0,1,0,1]",2,2,1,3,away_win,away,0,83
21569,1,"{""single"":[""solutions/game_1/single/rest-111111/top"",""solutions/game_1/single/rest-111111/bot""],""series"":[""solutions/game_1/series/rest-111111/top"",""solutions/game_1/series/rest-111111/bot""]}","[1,1,1,1,1,1]","[1,1,1,1,1,1]",0,0,10,7,home_win,home,0,91
21569,2,"{""single"":[""solutions/game_2/single/rest-110001/top"",""solutions/game_2/single/rest-001011/bot""],""series"":[""solutions/game_2/series/home_wins_1/rest-110001/top"",""solutions/game_2/series/home_wins_1/rest-001011/bot""]}","[1,1,0,0,0,1]","[0,0,1,0,1,1]",1,0,5,6,away_win,away,0,86
21569,3,"{""single"":[""solutions/game_3/single/rest-011110/top"",""solutions/game_3/single/rest-110100/bot""],""series"":[""solutions/game_3/series/home_wins_1/rest-011110/top"",""solutions/game_3/series/home_wins_1/rest-110100/bot""]}","[0,1,1,1,1,0]","[1,1,0,1,0,0]",1,1,10,3,home_win,home,0,85
21569,4,"{""single"":[""solutions/game_4/single/rest-100101/top"",""solutions/game_4/single/rest-110111/bot""],""series"":[""solutions/game_4/series/home_wins_2/rest-100101/top"",""solutions/game_4/series/home_wins_2/rest-110111/bot""]}","[1,0,0,1,0,1]","[1,1,0,1,1,1]",2,1,4,6,away_win,away,0,76
21569,5,"{""single"":[""solutions/game_5/single/rest-111011/top"",""solutions/game_5/single/rest-101110/bot""],""series"":[""solutions/game_5/single/rest-111011/top"",""solutions/game_5/single/rest-101110/bot""]}","[1,1,1,0,1,1]","[1,0,1,1,1,0]",2,2,12,4,home_win,home,0,36
21570,1,"{""single"":[""solutions/game_1/single/rest-111111/top"",""solutions/game_1/single/rest-111111/bot""],""series"":[""solutions/game_1/series/rest-111111/top"",""solutions/game_1/series/rest-111111/bot""]}","[1,1,1,1,1,1]","[1,1,1,1,1,1]",0,0,2,5,away_win,away,0,82
21570,2,"{""single"":[""solutions/game_2/single/rest-110000/top"",""solutions/game_2/single/rest-001111/bot""],""series"":[""solutions/game_2/series/home_wins_0/rest-110000/top"",""solutions/game_2/series/home_wins_0/rest-001111/bot""]}","[1,1,0,0,0,0]","[0,0,1,1,1,1]",0,1,6,0,home_win,home,0,78
21570,3,"{""single"":[""solutions/game_3/single/rest-001111/top"",""solutions/game_3/single/rest-111111/bot""],""series"":[""solutions/game_3/series/home_wins_1/rest-001111/top"",""solutions/game_3/series/home_wins_1/rest-111111/bot""]}","[0,0,1,1,1,1]","[1,1,1,1,1,1]",1,1,4,8,away_win,away,0,86
21570,4,"{""single"":[""solutions/game_4/single/rest-011111/top"",""solutions/game_4/single/rest-001010/bot""],""series"":[""solutions/game_4/series/home_wins_1/rest-011111/top"",""solutions/game_4/series/home_wins_1/rest-001010/bot""]}","[0,1,1,1,1,1]","[0,0,1,0,1,0]",1,2,5,3,home_win,home,0,88
21570,5,"{""single"":[""solutions/game_5/single/rest-100000/top"",""solutions/game_5/single/rest-111101/bot""],""series"":[""solutions/game_5/single/rest-100000/top"",""solutions/game_5/single/rest-111101/bot""]}","[1,0,0,0,0,0]","[1,1,1,1,0,1]",2,2,8,6,home_win,home,0,87
21571,1,"{""single"":[""solutions/game_1/single/rest-111111/top"",""solutions/game_1/single/rest-111111/bot""],""series"":[""solutions/game_1/series/rest-111111/top"",""solutions/game_1/series/rest-111111/bot""]}","[1,1,1,1,1,1]","[1,1,1,1,1,1]",0,0,4,7,away_win,away,0,92
21571,2,"{""single"":[""solutions/game_2/single/rest-111100/top"",""solutions/game_2/single/rest-011010/bot""],""series"":[""solutions/game_2/series/home_wins_0/rest-111100/top"",""solutions/game_2/series/home_wins_0/rest-011010/bot""]}","[1,1,1,1,0,0]","[0,1,1,0,1,0]",0,1,5,2,home_win,home,0,78
21571,3,"{""single"":[""solutions/game_3/single/rest-011111/top"",""solutions/game_3/single/rest-011111/bot""],""series"":[""solutions/game_3/series/home_wins_1/rest-011111/top"",""solutions/game_3/series/home_wins_1/rest-011111/bot""]}","[0,1,1,1,1,1]","[0,1,1,1,1,1]",1,1,4,3,home_win,home,0,79
21571,4,"{""single"":[""solutions/game_4/single/rest-110100/top"",""solutions/game_4/single/rest-011111/bot""],""series"":[""solutions/game_4/series/home_wins_2/rest-110100/top"",""solutions/game_4/series/home_wins_2/rest-011111/bot""]}","[1,1,0,1,0,0]","[0,1,1,1,1,1]",2,1,7,2,home_win,home,0,85
21571,5,"{""single"":[""solutions/game_5/single/rest-001011/top"",""solutions/game_5/single/rest-111101/bot""],""series"":[""solutions/game_5/single/rest-001011/top"",""solutions/game_5/single/rest-111101/bot""]}","[0,0,1,0,1,1]","[1,1,1,1,0,1]",3,1,1,9,away_win,away,1,20
21572,1,"{""single"":[""solutions/game_1/single/rest-111111/top"",""solutions/game_1/single/rest-111111/bot""],""series"":[""solutions/game_1/series/rest-111111/top"",""solutions/game_1/series/rest-111111/bot""]}","[1,1,1,1,1,1]","[1,1,1,1,1,1]",0,0,0,3,away_win,away,0,69
21572,2,"{""single"":[""solutions/game_2/single/rest-011011/top"",""solutions/game_2/single/rest-011111/bot""],""series"":[""solutions/game_2/series/home_wins_0/rest-011011/top"",""solutions/game_2/series/home_wins_0/rest-011111/bot""]}","[0,1,1,0,1,1]","[0,1,1,1,1,1]",0,1,11,2,home_win,home,0,75
21572,3,"{""single"":[""solutions/game_3/single/rest-110111/top"",""solutions/game_3/single/rest-111100/bot""],""series"":[""solutions/game_3/series/home_wins_1/rest-110111/top"",""solutions/game_3/series/home_wins_1/rest-111100/bot""]}","[1,1,0,1,1,1]","[1,1,1,1,0,0]",1,1,8,0,home_win,home,0,65
21572,4,"{""single"":[""solutions/game_4/single/rest-111011/top"",""solutions/game_4/single/rest-010110/bot""],""series"":[""solutions/game_4/series/home_wins_2/rest-111011/top"",""solutions/game_4/series/home_wins_2/rest-010110/bot""]}","[1,1,1,0,1,1]","[0,1,0,1,1,0]",2,1,5,8,away_win,away,0,93
21572,5,"{""single"":[""solutions/game_5/single/rest-011110/top"",""solutions/game_5/single/rest-111111/bot""],""series"":[""solutions/game_5/single/rest-011110/top"",""solutions/game_5/single/rest-111111/bot""]}","[0,1,1,1,1,0]","[1,1,1,1,1,1]",2,2,6,5,home_win,home,0,84
21573,1,"{""single"":[""solutions/game_1/single/rest-111111/top"",""solutions/game_1/single/rest-111111/bot""],""series"":[""solutions/game_1/series/rest-111111/top"",""solutions/game_1/series/rest-111111/bot""]}","[1,1,1,1,1,1]","[1,1,1,1,1,1]",0,0,10,4,home_win,home,0,85
21573,2,"{""single"":[""solutions/game_2/single/rest-010101/top"",""solutions/game_2/single/rest-011110/bot""],""series"":[""solutions/game_2/series/home_wins_1/rest-010101/top"",""solutions/game_2/series/home_wins_1/rest-011110/bot""]}","[0,1,0,1,0,1]","[0,1,1,1,1,0]",1,0,10,14,away_win,away,0,108
21573,3,"{""single"":[""solutions/game_3/single/rest-111010/top"",""solutions/game_3/single/rest-100011/bot""],""series"":[""solutions/game_3/series/home_wins_1/rest-111010/top"",""solutions/game_3/series/home_wins_1/rest-100011/bot""]}","[1,1,1,0,1,0]","[1,0,0,0,1,1]",1,1,4,5,away_win,away,0,87
21573,4,"{""single"":[""solutions/game_4/single/rest-010101/top"",""solutions/game_4/single/rest-111110/bot""],""series"":[""solutions/game_4/series/home_wins_1/rest-010101/top"",""solutions/game_4/series/home_wins_1/rest-111110/bot""]}","[0,1,0,1,0,1]","[1,1,1,1,1,0]",1,2,5,5,tie,home,0,90
21573,5,"{""single"":[""solutions/game_5/single/rest-011010/top"",""solutions/game_5/single/rest-001001/bot""],""series"":[""solutions/game_5/single/rest-011010/top"",""solutions/game_5/single/rest-001001/bot""]}","[0,1,1,0,1,0]","[0,0,1,0,0,1]",2,2,5,4,home_win,home,0,91
21574,1,"{""single"":[""solutions/game_1/single/rest-111111/top"",""solutions/game_1/single/rest-111111/bot""],""series"":[""solutions/game_1/series/rest-111111/top"",""solutions/game_1/series/rest-111111/bot""]}","[1,1,1,1,1,1]","[1,1,1,1,1,1]",0,0,4,3,home_win,home,0,88
21574,2,"{""single"":[""solutions/game_2/single/rest-010001/top"",""solutions/game_2/single/rest-001011/bot""],""series"":[""solutions/game_2/series/home_wins_1/rest-010001/top"",""solutions/game_2/series/home_wins_1/rest-001011/bot""]}","[0,1,0,0,0,1]","[0,0,1,0,1,1]",1,0,8,5,home_win,home,0,84
21574,3,"{""single"":[""solutions/game_3/single/rest-100111/top"",""solutions/game_3/single/rest-111101/bot""],""series"":[""solutions/game_3/series/home_wins_2/rest-100111/top"",""solutions/game_3/series/home_wins_2/rest-111101/bot""]}","[1,0,0,1,1,1]","[1,1,1,1,0,1]",2,0,10,6,home_win,home,0,89
21574,4,"{""single"":[""solutions/game_4/single/rest-101000/top"",""solutions/game_4/single/rest-111010/bot""],""series"":[""solutions/game_4/single/rest-101000/top"",""solutions/game_4/single/rest-111010/bot""]}","[1,0,1,0,0,0]","[1,1,1,0,1,0]",3,0,6,9,away_win,away,1,92
21574,5,"{""single"":[""solutions/game_5/single/rest-010111/top"",""solutions/game_5/single/rest-010100/bot""],""series"":[""solutions/game_5/single/rest-010111/top"",""solutions/game_5/single/rest-010100/bot""]}","[0,1,0,1,1,1]","[0,1,0,1,0,0]",3,1,8,9,away_win,away,1,89
21575,1,"{""single"":[""solutions/game_1/single/rest-111111/top"",""solutions/game_1/single/rest-111111/bot""],""series"":[""solutions/game_1/series/rest-111111/top"",""solutions/game_1/series/rest-111111/bot""]}","[1,1,1,1,1,1]","[1,1,1,1,1,1]",0,0,7,2,home_win,home,0,81
21575,2,"{""single"":[""solutions/game_2/single/rest-110101/top"",""solutions/game_2/single/rest-111101/bot""],""series"":[""solutions/game_2/series/home_wins_1/rest-110101/top"",""solutions/game_2/series/home_wins_1/rest-111101/bot""]}","[1,1,0,1,0,1]","[1,1,1,1,0,1]",1,0,9,7,home_win,home,0,87
21575,3,"{""single"":[""solutions/game_3/single/rest-001010/top"",""solutions/game_3/single/rest-111001/bot""],""series"":[""solutions/game_3/series/home_wins_2/rest-001010/top"",""solutions/game_3/series/home_wins_2/rest-111001/bot""]}","[0,0,1,0,1,0]","[1,1,1,0,0,1]",2,0,6,5,home_win,home,0,83
21575,4,"{""single"":[""solutions/game_4/single/rest-111101/top"",""solutions/game_4/single/rest-011111/bot""],""series"":[""solutions/game_4/single/rest-111101/top"",""solutions/game_4/single/rest-011111/bot""]}","[1,1,1,1,0,1]","[0,1,1,1,1,1]",3,0,6,5,home_win,home,1,80
21575,5,"{""single"":[""solutions/game_5/single/rest-110111/top"",""solutions/game_5/single/rest-100111/bot""],""series"":[""solutions/game_5/single/rest-110111/top"",""solutions/game_5/single/rest-100111/bot""]}","[1,1,0,1,1,1]","[1,0,0,1,1,1]",4,0,7,2,home_win,home,1,75
21576,1,"{""single"":[""solutions/game_1/single/rest-111111/top"",""solutions/game_1/single/rest-111111/bot""],""series"":[""solutions/game_1/series/rest-111111/top"",""solutions/game_1/series/rest-111111/bot""]}","[1,1,1,1,1,1]","[1,1,1,1,1,1]",0,0,4,1,home_win,home,0,71
21576,2,"{""single"":[""solutions/game_2/single/rest-111011/top"",""solutions/game_2/single/rest-111100/bot""],""series"":[""solutions/game_2/series/home_wins_1/rest-111011/top"",""solutions/game_2/series/home_wins_1/rest-111100/bot""]}","[1,1,1,0,1,1]","[1,1,1,1,0,0]",1,0,10,7,home_win,home,0,90
21576,3,"{""single"":[""solutions/game_3/single/rest-010101/top"",""solutions/game_3/single/rest-011011/bot""],""series"":[""solutions/game_3/series/home_wins_2/rest-010101/top"",""solutions/game_3/series/home_wins_2/rest-011011/bot""]}","[0,1,0,1,0,1]","[0,1,1,0,1,1]",2,0,7,2,home_win,home,0,83
21576,4,"{""single"":[""solutions/game_4/single/rest-101011/top"",""solutions/game_4/single/rest-110111/bot""],""series"":[""solutions/game_4/single/rest-101011/top"",""solutions/game_4/single/rest-110111/bot""]}","[1,0,1,0,1,1]","[1,1,0,1,1,1]",3,0,6,8,away_win,away,1,102
21576,5,"{""single"":[""solutions/game_5/single/rest-011110/top"",""solutions/game_5/single/rest-111110/bot""],""series"":[""solutions/game_5/single/rest-011110/top"",""solutions/game_5/single/rest-111110/bot""]}","[0,1,1,1,1,0]","[1,1,1,1,1,0]",3,1,6,2,home_win,home,1,83
21577,1,"{""single"":[""solutions/game_1/single/rest-111111/top"",""solutions/game_1/single/rest-111111/bot""],""series"":[""solutions/game_1/series/rest-111111/top"",""solutions/game_1/series/rest-111111/bot""]}","[1,1,1,1,1,1]","[1,1,1,1,1,1]",0,0,2,5,away_win,away,0,73
21577,2,"{""single"":[""solutions/game_2/single/rest-111001/top"",""solutions/game_2/single/rest-011110/bot""],""series"":[""solutions/game_2/series/home_wins_0/rest-111001/top"",""solutions/game_2/series/home_wins_0/rest-011110/bot""]}","[1,1,1,0,0,1]","[0,1,1,1,1,0]",0,1,10,9,home_win,home,0,105
21577,3,"{""single"":[""solutions/game_3/single/rest-000110/top"",""solutions/game_3/single/rest-110000/bot""],""series"":[""solutions/game_3/series/home_wins_1/rest-000110/top"",""solutions/game_3/series/home_wins_1/rest-110000/bot""]}","[0,0,0,1,1,0]","[1,1,0,0,0,0]",1,1,4,6,away_win,away,0,80
21577,4,"{""single"":[""solutions/game_4/single/rest-111001/top"",""solutions/game_4/single/rest-001110/bot""],""series"":[""solutions/game_4/series/home_wins_1/rest-111001/top"",""solutions/game_4/series/home_wins_1/rest-001110/bot""]}","[1,1,1,0,0,1]","[0,0,1,1,1,0]",1,2,3,4,away_win,away,0,81
21577,5,"{""single"":[""solutions/game_5/single/rest-011110/top"",""solutions/game_5/single/rest-110111/bot""],""series"":[""solutions/game_5/single/rest-011110/top"",""solutions/game_5/single/rest-110111/bot""]}","[0,1,1,1,1,0]","[1,1,0,1,1,1]",1,3,0,8,away_win,away,1,55
21578,1,"{""single"":[""solutions/game_1/single/rest-111111/top"",""solutions/game_1/single/rest-111111/bot""],""series"":[""solutions/game_1/series/rest-111111/top"",""solutions/game_1/series/rest-111111/bot""]}","[1,1,1,1,1,1]","[1,1,1,1,1,1]",0,0,1,7,away_win,away,0,81
21578,2,"{""single"":[""solutions/game_2/single/rest-010000/top"",""solutions/game_2/single/rest-111101/bot""],""series"":[""solutions/game_2/series/home_wins_0/rest-010000/top"",""solutions/game_2/series/home_wins_0/rest-111101/bot""]}","[0,1,0,0,0,0]","[1,1,1,1,0,1]",0,1,6,8,away_win,away,0,88
21578,3,"{""single"":[""solutions/game_3/single/rest-011011/top"",""solutions/game_3/single/rest-000101/bot""],""series"":[""solutions/game_3/series/home_wins_0/rest-011011/top"",""solutions/game_3/series/home_wins_0/rest-000101/bot""]}","[0,1,1,0,1,1]","[0,0,0,1,0,1]",0,2,3,4,away_win,away,0,79
21578,4,"{""single"":[""solutions/game_4/single/rest-101100/top"",""solutions/game_4/single/rest-111011/bot""],""series"":[""solutions/game_4/single/rest-101100/top"",""solutions/game_4/single/rest-111011/bot""]}","[1,0,1,1,0,0]","[1,1,1,0,1,1]",0,3,4,3,home_win,home,1,86
21578,5,"{""single"":[""solutions/game_5/single/rest-111111/top"",""solutions/game_5/single/rest-000100/bot""],""series"":[""solutions/game_5/single/rest-111111/top"",""solutions/game_5/single/rest-000100/bot""]}","[1,1,1,1,1,1]","[0,0,0,1,0,0]",1,3,5,8,away_win,away,1,93
21579,1,"{""single"":[""solutions/game_1/single/rest-111111/top"",""solutions/game_1/single/rest-111111/bot""],""series"":[""solutions/game_1/series/rest-111111/top"",""solutions/game_1/series/rest-111111/bot""]}","[1,1,1,1,1,1]","[1,1,1,1,1,1]",0,0,7,4,home_win,home,0,81
21579,2,"{""single"":[""solutions/game_2/single/rest-011001/top"",""solutions/game_2/single/rest-111110/bot""],""series"":[""solutions/game_2/series/home_wins_1/rest-011001/top"",""solutions/game_2/series/home_wins_1/rest-111110/bot""]}","[0,1,1,0,0,1]","[1,1,1,1,1,0]",1,0,10,0,home_win,home,0,66
21579,3,"{""single"":[""solutions/game_3/single/rest-101111/top"",""solutions/game_3/single/rest-111111/bot""],""series"":[""solutions/game_3/series/home_wins_2/rest-101111/top"",""solutions/game_3/series/home_wins_2/rest-111111/bot""]}","[1,0,1,1,1,1]","[1,1,1,1,1,1]",2,0,6,12,away_win,away,0,99
21579,4,"{""single"":[""solutions/game_4/single/rest-000000/top"",""solutions/game_4/single/rest-111011/bot""],""series"":[""solutions/game_4/series/home_wins_2/rest-000000/top"",""solutions/game_4/series/home_wins_2/rest-111011/bot""]}","[0,0,0,0,0,0]","[1,1,1,0,1,1]",2,1,3,6,away_win,away,0,80
21579,5,"{""single"":[""solutions/game_5/single/rest-111111/top"",""solutions/game_5/single/rest-111110/bot""],""series"":[""solutions/game_5/single/rest-111111/top"",""solutions/game_5/single/rest-111110/bot""]}","[1,1,1,1,1,1]","[1,1,1,1,1,0]",2,2,11,3,home_win,home,0,62
21580,1,"{""single"":[""solutions/game_1/single/rest-111111/top"",""solutions/game_1/single/rest-111111/bot""],""series"":[""solutions/game_1/series/rest-111111/top"",""solutions/game_1/series/rest-111111/bot""]}","[1,1,1,1,1,1]","[1,1,1,1,1,1]",0,0,7,2,home_win,home,0,76
21580,2,"{""single"":[""solutions/game_2/single/rest-110011/top"",""solutions/game_2/single/rest-011111/bot""],""series"":[""solutions/game_2/series/home_wins_1/rest-110011/top"",""solutions/game_2/series/home_wins_1/rest-011111/bot""]}","[1,1,0,0,1,1]","[0,1,1,1,1,1]",1,0,11,5,home_win,home,0,88
21580,3,"{""single"":[""solutions/game_3/single/rest-011100/top"",""solutions/game_3/single/rest-110110/bot""],""series"":[""solutions/game_3/series/home_wins_2/rest-011100/top"",""solutions/game_3/series/home_wins_2/rest-110110/bot""]}","[0,1,1,1,0,0]","[1,1,0,1,1,0]",2,0,1,5,away_win,away,0,72
21580,4,"{""single"":[""solutions/game_4/single/rest-101111/top"",""solutions/game_4/single/rest-111110/bot""],""series"":[""solutions/game_4/series/home_wins_2/rest-101111/top"",""solutions/game_4/series/home_wins_2/rest-111110/bot""]}","[1,0,1,1,1,1]","[1,1,1,1,1,0]",2,1,2,9,away_win,away,0,83
21580,5,"{""single"":[""solutions/game_5/single/rest-010001/top"",""solutions/game_5/single/rest-111111/bot""],""series"":[""solutions/game_5/single/rest-010001/top"",""solutions/game_5/single/rest-111111/bot""]}","[0,1,0,0,0,1]","[1,1,1,1,1,1]",2,2,11,1,home_win,home,0,67
21581,1,"{""single"":[""solutions/game_1/single/rest-111111/top"",""solutions/game_1/single/rest-111111/bot""],""series"":[""solutions/game_1/series/rest-111111/top"",""solutions/game_1/series/rest-111111/bot""]}","[1,1,1,1,1,1]","[1,1,1,1,1,1]",0,0,1,3,away_win,away,0,76
21581,2,"{""single"":[""solutions/game_2/single/rest-011001/top"",""solutions/game_2/single/rest-011011/bot""],""series"":[""solutions/game_2/series/home_wins_0/rest-011001/top"",""solutions/game_2/series/home_wins_0/rest-011011/bot""]}","[0,1,1,0,0,1]","[0,1,1,0,1,1]",0,1,9,1,home_win,home,0,40
21581,3,"{""single"":[""solutions/game_3/single/rest-111111/top"",""solutions/game_3/single/rest-111111/bot""],""series"":[""solutions/game_3/series/home_wins_1/rest-111111/top"",""solutions/game_3/series/home_wins_1/rest-111111/bot""]}","[1,1,1,1,1,1]","[1,1,1,1,1,1]",1,1,3,7,away_win,away,0,85
21581,4,"{""single"":[""solutions/game_4/single/rest-010101/top"",""solutions/game_4/single/rest-111101/bot""],""series"":[""solutions/game_4/series/home_wins_1/rest-010101/top"",""solutions/game_4/series/home_wins_1/rest-111101/bot""]}","[0,1,0,1,0,1]","[1,1,1,1,0,1]",1,2,1,9,away_win,away,0,47
21581,5,"{""single"":[""solutions/game_5/single/rest-011011/top"",""solutions/game_5/single/rest-111101/bot""],""series"":[""solutions/game_5/single/rest-011011/top"",""solutions/game_5/single/rest-111101/bot""]}","[0,1,1,0,1,1]","[1,1,1,1,0,1]",1,3,8,0,home_win,home,1,44
21582,1,"{""single"":[""solutions/game_1/single/rest-111111/top"",""solutions/game_1/single/rest-111111/bot""],""series"":[""solutions/game_1/series/rest-111111/top"",""solutions/game_1/series/rest-111111/bot""]}","[1,1,1,1,1,1]","[1,1,1,1,1,1]",0,0,2,3,away_win,away,0,84
21582,2,"{""single"":[""solutions/game_2/single/rest-110001/top"",""solutions/game_2/single/rest-101010/bot""],""series"":[""solutions/game_2/series/home_wins_0/rest-110001/top"",""solutions/game_2/series/home_wins_0/rest-101010/bot""]}","[1,1,0,0,0,1]","[1,0,1,0,1,0]",0,1,0,8,away_win,away,0,73
21582,3,"{""single"":[""solutions/game_3/single/rest-011110/top"",""solutions/game_3/single/rest-111101/bot""],""series"":[""solutions/game_3/series/home_wins_0/rest-011110/top"",""solutions/game_3/series/home_wins_0/rest-111101/bot""]}","[0,1,1,1,1,0]","[1,1,1,1,0,1]",0,2,4,10,away_win,away,0,84
21582,4,"{""single"":[""solutions/game_4/single/rest-100011/top"",""solutions/game_4/single/rest-111110/bot""],""series"":[""solutions/game_4/single/rest-100011/top"",""solutions/game_4/single/rest-111110/bot""]}","[1,0,0,0,1,1]","[1,1,1,1,1,0]",0,3,4,5,away_win,away,1,90
21582,5,"{""single"":[""solutions/game_5/single/rest-011000/top"",""solutions/game_5/single/rest-000101/bot""],""series"":[""solutions/game_5/single/rest-011000/top"",""solutions/game_5/single/rest-000101/bot""]}","[0,1,1,0,0,0]","[0,0,0,1,0,1]",0,4,4,5,away_win,away,1,89
21583,1,"{""single"":[""solutions/game_1/single/rest-111111/top"",""solutions/game_1/single/rest-111111/bot""],""series"":[""solutions/game_1/series/rest-111111/top"",""solutions/game_1/series/rest-111111/bot""]}","[1,1,1,1,1,1]","[1,1,1,1,1,1]",0,0,3,4,away_win,away,0,84
21583,2,"{""single"":[""solutions/game_2/single/rest-111001/top"",""solutions/game_2/single/rest-011011/bot""],""series"":[""solutions/game_2/series/home_wins_0/rest-111001/top"",""solutions/game_2/series/home_wins_0/rest-011011/bot""]}","[1,1,1,0,0,1]","[0,1,1,0,1,1]",0,1,9,5,home_win,home,0,93
21583,3,"{""single"":[""solutions/game_3/single/rest-011110/top"",""solutions/game_3/single/rest-111100/bot""],""series"":[""solutions/game_3/series/home_wins_1/rest-011110/top"",""solutions/game_3/series/home_wins_1/rest-111100/bot""]}","[0,1,1,1,1,0]","[1,1,1,1,0,0]",1,1,1,3,away_win,away,0,77
21583,4,"{""single"":[""solutions/game_4/single/rest-110001/top"",""solutions/game_4/single/rest-011011/bot""],""series"":[""solutions/game_4/series/home_wins_1/rest-110001/top"",""solutions/game_4/series/home_wins_1/rest-011011/bot""]}","[1,1,0,0,0,1]","[0,1,1,0,1,1]",1,2,4,6,away_win,away,0,90
21583,5,"{""single"":[""solutions/game_5/single/rest-001011/top"",""solutions/game_5/single/rest-101110/bot""],""series"":[""solutions/game_5/single/rest-001011/top"",""solutions/game_5/single/rest-101110/bot""]}","[0,0,1,0,1,1]","[1,0,1,1,1,0]",1,3,3,7,away_win,away,1,86
21584,1,"{""single"":[""solutions/game_1/single/rest-111111/top"",""solutions/game_1/single/rest-111111/bot""],""series"":[""solutions/game_1/series/rest-111111/top"",""solutions/game_1/series/rest-111111/bot""]}","[1,1,1,1,1,1]","[1,1,1,1,1,1]",0,0,6,10,away_win,away,0,97
21584,2,"{""single"":[""solutions/game_2/single/rest-100101/top"",""solutions/game_2/single/rest-001011/bot""],""series"":[""solutions/game_2/series/home_wins_0/rest-100101/top"",""solutions/game_2/series/home_wins_0/rest-001011/bot""]}","[1,0,0,1,0,1]","[0,0,1,0,1,1]",0,1,5,0,home_win,home,0,70
21584,3,"{""single"":[""solutions/game_3/single/rest-111011/top"",""solutions/game_3/single/rest-111110/bot""],""series"":[""solutions/game_3/series/home_wins_1/rest-111011/top"",""solutions/game_3/series/home_wins_1/rest-111110/bot""]}","[1,1,1,0,1,1]","[1,1,1,1,1,0]",1,1,3,2,home_win,home,0,73
21584,4,"{""single"":[""solutions/game_4/single/rest-111100/top"",""solutions/game_4/single/rest-011011/bot""],""series"":[""solutions/game_4/series/home_wins_2/rest-111100/top"",""solutions/game_4/series/home_wins_2/rest-011011/bot""]}","[1,1,1,1,0,0]","[0,1,1,0,1,1]",2,1,5,2,home_win,home,0,75
21584,5,"{""single"":[""solutions/game_5/single/rest-011011/top"",""solutions/game_5/single/rest-111111/bot""],""series"":[""solutions/game_5/single/rest-011011/top"",""solutions/game_5/single/rest-111111/bot""]}","[0,1,1,0,1,1]","[1,1,1,1,1,1]",3,1,8,0,home_win,home,1,33
21585,1,"{""single"":[""solutions/game_1/single/rest-111111/top"",""solutions/game_1/single/rest-111111/bot""],""series"":[""solutions/game_1/series/rest-111111/top"",""solutions/game_1/series/rest-111111/bot""]}","[1,1,1,1,1,1]","[1,1,1,1,1,1]",0,0,2,2,tie,home,0,82
21585,2,"{""single"":[""solutions/game_2/single/rest-010111/top"",""solutions/game_2/single/rest-111110/bot""],""series"":[""solutions/game_2/series/home_wins_1/rest-010111/top"",""solutions/game_2/series/home_wins_1/rest-111110/bot""]}","[0,1,0,1,1,1]","[1,1,1,1,1,0]",1,0,5,6,away_win,away,0,89
21585,3,"{""single"":[""solutions/game_3/single/rest-110010/top"",""solutions/game_3/single/rest-000111/bot""],""series"":[""solutions/game_3/series/home_wins_1/rest-110010/top"",""solutions/game_3/series/home_wins_1/rest-000111/bot""]}","[1,1,0,0,1,0]","[0,0,0,1,1,1]",1,1,6,2,home_win,home,0,78
21585,4,"{""single"":[""solutions/game_4/single/rest-101101/top"",""solutions/game_4/single/rest-111101/bot""],""series"":[""solutions/game_4/series/home_wins_2/rest-101101/top"",""solutions/game_4/series/home_wins_2/rest-111101/bot""]}","[1,0,1,1,0,1]","[1,1,1,1,0,1]",2,1,3,4,away_win,away,0,76
21585,5,"{""single"":[""solutions/game_5/single/rest-011011/top"",""solutions/game_5/single/rest-111010/bot""],""series"":[""solutions/game_5/single/rest-011011/top"",""solutions/game_5/single/rest-111010/bot""]}","[0,1,1,0,1,1]","[1,1,1,0,1,0]",2,2,5,3,home_win,home,0,74
21586,1,"{""single"":[""solutions/game_1/single/rest-111111/top"",""solutions/game_1/single/rest-111111/bot""],""series"":[""solutions/game_1/series/rest-111111/top"",""solutions/game_1/series/rest-111111/bot""]}","[1,1,1,1,1,1]","[1,1,1,1,1,1]",0,0,6,5,home_win,home,0,79
21586,2,"{""single"":[""solutions/game_2/single/rest-110101/top"",""solutions/game_2/single/rest-110110/bot""],""series"":[""solutions/game_2/series/home_wins_1/rest-110101/top"",""solutions/game_2/series/home_wins_1/rest-110110/bot""]}","[1,1,0,1,0,1]","[1,1,0,1,1,0]",1,0,5,3,home_win,home,0,83
21586,3,"{""single"":[""solutions/game_3/single/rest-110110/top"",""solutions/game_3/single/rest-011111/bot""],""series"":[""solutions/game_3/series/home_wins_2/rest-110110/top"",""solutions/game_3/series/home_wins_2/rest-011111/bot""]}","[1,1,0,1,1,0]","[0,1,1,1,1,1]",2,0,2,5,away_win,away,0,80
21586,4,"{""single"":[""solutions/game_4/single/rest-011001/top"",""solutions/game_4/single/rest-101111/bot""],""series"":[""solutions/game_4/series/home_wins_2/rest-011001/top"",""solutions/game_4/series/home_wins_2/rest-101111/bot""]}","[0,1,1,0,0,1]","[1,0,1,1,1,1]",2,1,9,7,home_win,home,0,94
21586,5,"{""single"":[""solutions/game_5/single/rest-100110/top"",""solutions/game_5/single/rest-111110/bot""],""series"":[""solutions/game_5/single/rest-100110/top"",""solutions/game_5/single/rest-111110/bot""]}","[1,0,0,1,1,0]","[1,1,1,1,1,0]",3,1,11,12,away_win,away,1,100
21587,1,"{""single"":[""solutions/game_1/single/rest-111111/top"",""solutions/game_1/single/rest-111111/bot""],""series"":[""solutions/game_1/series/rest-111111/top"",""solutions/game_1/series/rest-111111/bot""]}","[1,1,1,1,1,1]","[1,1,1,1,1,1]",0,0,0,4,away_win,away,0,74
21587,2,"{""single"":[""solutions/game_2/single/rest-010001/top"",""solutions/game_2/single/rest-111110/bot""],""series"":[""solutions/game_2/series/home_wins_0/rest-010001/top"",""solutions/game_2/series/home_wins_0/rest-111110/bot""]}","[0,1,0,0,0,1]","[1,1,1,1,1,0]",0,1,3,4,away_win,away,0,82
21587,3,"{""single"":[""solutions/game_3/single/rest-111111/top"",""solutions/game_3/single/rest-010011/bot""],""series"":[""solutions/game_3/series/home_wins_0/rest-111111/top"",""solutions/game_3/series/home_wins_0/rest-010011/bot""]}","[1,1,1,1,1,1]","[0,1,0,0,1,1]",0,2,1,2,away_win,away,0,74
21587,4,"{""single"":[""solutions/game_4/single/rest-010001/top"",""solutions/game_4/single/rest-100111/bot""],""series"":[""solutions/game_4/single/rest-010001/top"",""solutions/game_4/single/rest-100111/bot""]}","[0,1,0,0,0,1]","[1,0,0,1,1,1]",0,3,3,5,away_win,away,1,87
21587,5,"{""single"":[""solutions/game_5/single/rest-001110/top"",""solutions/game_5/single/rest-101010/bot""],""series"":[""solutions/game_5/single/rest-001110/top"",""solutions/game_5/single/rest-101010/bot""]}","[0,0,1,1,1,0]","[1,0,1,0,1,0]",0,4,5,2,home_win,home,1,75
21588,1,"{""single"":[""solutions/game_1/single/rest-111111/top"",""solutions/game_1/single/rest-111111/bot""],""series"":[""solutions/game_1/series/rest-111111/top"",""solutions/game_1/series/rest-111111/bot""]}","[1,1,1,1,1,1]","[1,1,1,1,1,1]",0,0,3,4,away_win,away,0,80
21588,2,"{""single"":[""solutions/game_2/single/rest-010001/top"",""solutions/game_2/single/rest-001111/bot""],""series"":[""solutions/game_2/series/home_wins_0/rest-010001/top"",""solutions/game_2/series/home_wins_0/rest-001111/bot""]}","[0,1,0,0,0,1]","[0,0,1,1,1,1]",0,1,7,6,home_win,home,0,90
21588,3,"{""single"":[""solutions/game_3/single/rest-101110/top"",""solutions/game_3/single/rest-110100/bot""],""series"":[""solutions/game_3/series/home_wins_1/rest-101110/top"",""solutions/game_3/series/home_wins_1/rest-110100/bot""]}","[1,0,1,1,1,0]","[1,1,0,1,0,0]",1,1,14,6,home_win,home,0,86
21588,4,"{""single"":[""solutions/game_4/single/rest-001001/top"",""solutions/game_4/single/rest-110101/bot""],""series"":[""solutions/game_4/series/home_wins_2/rest-001001/top"",""solutions/game_4/series/home_wins_2/rest-110101/bot""]}","[0,0,1,0,0,1]","[1,1,0,1,0,1]",2,1,4,6,away_win,away,0,77
21588,5,"{""single"":[""solutions/game_5/single/rest-111100/top"",""solutions/game_5/single/rest-110110/bot""],""series"":[""solutions/game_5/single/rest-111100/top"",""solutions/game_5/single/rest-110110/bot""]}","[1,1,1,1,0,0]","[1,1,0,1,1,0]",2,2,4,9,away_win,away,0,94
21589,1,"{""single"":[""solutions/game_1/single/rest-111111/top"",""solutions/game_1/single/rest-111111/bot""],""series"":[""solutions/game_1/series/rest-111111/top"",""solutions/game_1/series/rest-111111/bot""]}","[1,1,1,1,1,1]","[1,1,1,1,1,1]",0,0,5,6,away_win,away,0,88
21589,2,"{""single"":[""solutions/game_2/single/rest-001001/top"",""solutions/game_2/single/rest-100010/bot""],""series"":[""solutions/game_2/series/home_wins_0/rest-001001/top"",""solutions/game_2/series/home_wins_0/rest-100010/bot""]}","[0,0,1,0,0,1]","[1,0,0,0,1,0]",0,1,4,3,home_win,home,0,73
21589,3,"{""single"":[""solutions/game_3/single/rest-100110/top"",""solutions/game_3/single/rest-011101/bot""],""series"":[""solutions/game_3/series/home_wins_1/rest-100110/top"",""solutions/game_3/series/home_wins_1/rest-011101/bot""]}","[1,0,0,1,1,0]","[0,1,1,1,0,1]",1,1,4,7,away_win,away,0,84
21589,4,"{""single"":[""solutions/game_4/single/rest-011011/top"",""solutions/game_4/single/rest-101000/bot""],""series"":[""solutions/game_4/series/home_wins_1/rest-011011/top"",""solutions/game_4/series/home_wins_1/rest-101000/bot""]}","[0,1,1,0,1,1]","[1,0,1,0,0,0]",1,2,5,6,away_win,away,0,81
21589,5,"{""single"":[""solutions/game_5/single/rest-110111/top"",""solutions/game_5/single/rest-010101/bot""],""series"":[""solutions/game_5/single/rest-110111/top"",""solutions/game_5/single/rest-010101/bot""]}","[1,1,0,1,1,1]","[0,1,0,1,0,1]",1,3,8,0,home_win,home,1,19
21590,1,"{""single"":[""solutions/game_1/single/rest-111111/top"",""solutions/game_1/single/rest-111111/bot""],""series"":[""solutions/game_1/series/rest-111111/top"",""solutions/game_1/series/rest-111111/bot""]}","[1,1,1,1,1,1]","[1,1,1,1,1,1]",0,0,2,4,away_win,away,0,81
21590,2,"{""single"":[""solutions/game_2/single/rest-010101/top"",""solutions/game_2/single/rest-101110/bot""],""series"":[""solutions/game_2/series/home_wins_0/rest-010101/top"",""solutions/game_2/series/home_wins_0/rest-101110/bot""]}","[0,1,0,1,0,1]","[1,0,1,1,1,0]",0,1,3,6,away_win,away,0,82
21590,3,"{""single"":[""solutions/game_3/single/rest-111011/top"",""solutions/game_3/single/rest-010101/bot""],""series"":[""solutions/game_3/series/home_wins_0/rest-111011/top"",""solutions/game_3/series/home_wins_0/rest-010101/bot""]}","[1,1,1,0,1,1]","[0,1,0,1,0,1]",0,2,6,8,away_win,away,0,93
21590,4,"{""single"":[""solutions/game_4/single/rest-000101/top"",""solutions/game_4/single/rest-111010/bot""],""series"":[""solutions/game_4/single/rest-000101/top"",""solutions/game_4/single/rest-111010/bot""]}","[0,0,0,1,0,1]","[1,1,1,0,1,0]",0,3,5,6,away_win,away,1,82
21590,5,"{""single"":[""solutions/game_5/single/rest-101011/top"",""solutions/game_5/single/rest-000101/bot""],""series"":[""solutions/game_5/single/rest-101011/top"",""solutions/game_5/single/rest-000101/bot""]}","[1,0,1,0,1,1]","[0,0,0,1,0,1]",0,4,8,5,home_win,home,1,86
21591,1,"{""single"":[""solutions/game_1/single/rest-111111/top"",""solutions/game_1/single/rest-111111/bot""],""series"":[""solutions/game_1/series/rest-111111/top"",""solutions/game_1/series/rest-111111/bot""]}","[1,1,1,1,1,1]","[1,1,1,1,1,1]",0,0,3,6,away_win,away,0,79
21591,2,"{""single"":[""solutions/game_2/single/rest-010111/top"",""solutions/game_2/single/rest-001111/bot""],""series"":[""solutions/game_2/series/home_wins_0/rest-010111/top"",""solutions/game_2/series/home_wins_0/rest-001111/bot""]}","[0,1,0,1,1,1]","[0,0,1,1,1,1]",0,1,8,3,home_win,home,0,79
21591,3,"{""single"":[""solutions/game_3/single/rest-111101/top"",""solutions/game_3/single/rest-111111/bot""],""series"":[""solutions/game_3/series/home_wins_1/rest-111101/top"",""solutions/game_3/series/home_wins_1/rest-111111/bot""]}","[1,1,1,1,0,1]","[1,1,1,1,1,1]",1,1,1,3,away_win,away,0,82
21591,4,"{""single"":[""solutions/game_4/single/rest-000101/top"",""solutions/game_4/single/rest-001111/bot""],""series"":[""solutions/game_4/series/home_wins_1/rest-000101/top"",""solutions/game_4/series/home_wins_1/rest-001111/bot""]}","[0,0,0,1,0,1]","[0,0,1,1,1,1]",1,2,2,4,away_win,away,0,78
21591,5,"{""single"":[""solutions/game_5/single/rest-111010/top"",""solutions/game_5/single/rest-111110/bot""],""series"":[""solutions/game_5/single/rest-111010/top"",""solutions/game_5/single/rest-111110/bot""]}","[1,1,1,0,1,0]","[1,1,1,1,1,0]",1,3,0,8,away_win,away,1,78
21592,1,"{""single"":[""solutions/game_1/single/rest-111111/top"",""solutions/game_1/single/rest-111111/bot""],""series"":[""solutions/game_1/series/rest-111111/top"",""solutions/game_1/series/rest-111111/bot""]}","[1,1,1,1,1,1]","[1,1,1,1,1,1]",0,0,2,8,away_win,away,0,85
21592,2,"{""single"":[""solutions/game_2/single/rest-010011/top"",""solutions/game_2/single/rest-110101/bot""],""series"":[""solutions/game_2/series/home_wins_0/rest-010011/top"",""solutions/game_2/series/home_wins_0/rest-110101/bot""]}","[0,1,0,0,1,1]","[1,1,0,1,0,1]",0,1,6,2,home_win,home,0,75
21592,3,"{""single"":[""solutions/game_3/single/rest-111110/top"",""solutions/game_3/single/rest-011110/bot""],""series"":[""solutions/game_3/series/home_wins_1/rest-111110/top"",""solutions/game_3/series/home_wins_1/rest-011110/bot""]}","[1,1,1,1,1,0]","[0,1,1,1,1,0]",1,1,5,2,home_win,home,0,76
21592,4,"{""single"":[""solutions/game_4/single/rest-110101/top"",""solutions/game_4/single/rest-110101/bot""],""series"":[""solutions/game_4/series/home_wins_2/rest-110101/top"",""solutions/game_4/series/home_wins_2/rest-110101/bot""]}","[1,1,0,1,0,1]","[1,1,0,1,0,1]",2,1,4,3,home_win,home,0,75
21592,5,"{""single"":[""solutions/game_5/single/rest-011111/top"",""solutions/game_5/single/rest-101011/bot""],""series"":[""solutions/game_5/single/rest-011111/top"",""solutions/game_5/single/rest-101011/bot""]}","[0,1,1,1,1,1]","[1,0,1,0,1,1]",3,1,8,0,home_win,home,1,57
21593,1,"{""single"":[""solutions/game_1/single/rest-111111/top"",""solutions/game_1/single/rest-111111/bot""],""series"":[""solutions/game_1/series/rest-111111/top"",""solutions/game_1/series/rest-111111/bot""]}","[1,1,1,1,1,1]","[1,1,1,1,1,1]",0,0,2,3,away_win,away,0,72
21593,2,"{""single"":[""solutions/game_2/single/rest-110011/top"",""solutions/game_2/single/rest-111110/bot""],""series"":[""solutions/game_2/series/home_wins_0/rest-110011/top"",""solutions/game_2/series/home_wins_0/rest-111110/bot""]}","[1,1,0,0,1,1]","[1,1,1,1,1,0]",0,1,6,4,home_win,home,0,82
21593,3,"{""single"":[""solutions/game_3/single/rest-011100/top"",""solutions/game_3/single/rest-001111/bot""],""series"":[""solutions/game_3/series/home_wins_1/rest-011100/top"",""solutions/game_3/series/home_wins_1/rest-001111/bot""]}","[0,1,1,1,0,0]","[0,0,1,1,1,1]",1,1,5,6,away_win,away,0,87
21593,4,"{""single"":[""solutions/game_4/single/rest-100011/top"",""solutions/game_4/single/rest-010010/bot""],""series"":[""solutions/game_4/series/home_wins_1/rest-100011/top"",""solutions/game_4/series/home_wins_1/rest-010010/bot""]}","[1,0,0,0,1,1]","[0,1,0,0,1,0]",1,2,10,2,home_win,home,0,61
21593,5,"{""single"":[""solutions/game_5/single/rest-110111/top"",""solutions/game_5/single/rest-111111/bot""],""series"":[""solutions/game_5/single/rest-110111/top"",""solutions/game_5/single/rest-111111/bot""]}","[1,1,0,1,1,1]","[1,1,1,1,1,1]",2,2,2,8,away_win,away,0,91
21594,1,"{""single"":[""solutions/game_1/single/rest-111111/top"",""solutions/game_1/single/rest-111111/bot""],""series"":[""solutions/game_1/series/rest-111111/top"",""solutions/game_1/series/rest-111111/bot""]}","[1,1,1,1,1,1]","[1,1,1,1,1,1]",0,0,5,2,home_win,home,0,71
21594,2,"{""single"":[""solutions/game_2/single/rest-111101/top"",""solutions/game_2/single/rest-110111/bot""],""series"":[""solutions/game_2/series/home_wins_1/rest-111101/top"",""solutions/game_2/series/home_wins_1/rest-110111/bot""]}","[1,1,1,1,0,1]","[1,1,0,1,1,1]",1,0,7,4,home_win,home,0,80
21594,3,"{""single"":[""solutions/game_3/single/rest-110011/top"",""solutions/game_3/single/rest-111100/bot""],""series"":[""solutions/game_3/series/home_wins_2/rest-110011/top"",""solutions/game_3/series/home_wins_2/rest-111100/bot""]}","[1,1,0,0,1,1]","[1,1,1,1,0,0]",2,0,5,4,home_win,home,0,76
21594,4,"{""single"":[""solutions/game_4/single/rest-001100/top"",""solutions/game_4/single/rest-001011/bot""],""series"":[""solutions/game_4/single/rest-001100/top"",""solutions/game_4/single/rest-001011/bot""]}","[0,0,1,1,0,0]","[0,0,1,0,1,1]",3,0,7,6,home_win,home,1,92
21594,5,"{""single"":[""solutions/game_5/single/rest-111111/top"",""solutions/game_5/single/rest-111101/bot""],""series"":[""solutions/game_5/single/rest-111111/top"",""solutions/game_5/single/rest-111101/bot""]}","[1,1,1,1,1,1]","[1,1,1,1,0,1]",4,0,0,8,away_win,away,1,48
21595,1,"{""single"":[""solutions/game_1/single/rest-111111/top"",""solutions/game_1/single/rest-111111/bot""],""series"":[""solutions/game_1/series/rest-111111/top"",""solutions/game_1/series/rest-111111/bot""]}","[1,1,1,1,1,1]","[1,1,1,1,1,1]",0,0,4,4,tie,home,0,84
21595,2,"{""single"":[""solutions/game_2/single/rest-001111/top"",""solutions/game_2/single/rest-111110/bot""],""series"":[""solutions/game_2/series/home_wins_1/rest-001111/top"",""solutions/game_2/series/home_wins_1/rest-111110/bot""]}","[0,0,1,1,1,1]","[1,1,1,1,1,0]",1,0,11,6,home_win,home,0,90
21595,3,"{""single"":[""solutions/game_3/single/rest-110000/top"",""solutions/game_3/single/rest-001101/bot""],""series"":[""solutions/game_3/series/home_wins_2/rest-110000/top"",""solutions/game_3/series/home_wins_2/rest-001101/bot""]}","[1,1,0,0,0,0]","[0,0,1,1,0,1]",2,0,4,10,away_win,away,0,92
21595,4,"{""single"":[""solutions/game_4/single/rest-011111/top"",""solutions/game_4/single/rest-110110/bot""],""series"":[""solutions/game_4/series/home_wins_2/rest-011111/top"",""solutions/game_4/series/home_wins_2/rest-110110/bot""]}","[0,1,1,1,1,1]","[1,1,0,1,1,0]",2,1,2,6,away_win,away,0,77
21595,5,"{""single"":[""solutions/game_5/single/rest-111001/top"",""solutions/game_5/single/rest-100011/bot""],""series"":[""solutions/game_5/single/rest-111001/top"",""solutions/game_5/single/rest-100011/bot""]}","[1,1,1,0,0,1]","[1,0,0,0,1,1]",2,2,6,9,away_win,away,0,89
21596,1,"{""single"":[""solutions/game_1/single/rest-111111/top"",""solutions/game_1/single/rest-111111/bot""],""series"":[""solutions/game_1/series/rest-111111/top"",""solutions/game_1/series/rest-111111/bot""]}","[1,1,1,1,1,1]","[1,1,1,1,1,1]",0,0,9,0,home_win,home,0,63
21596,2,"{""single"":[""solutions/game_2/single/rest-011111/top"",""solutions/game_2/single/rest-111111/bot""],""series"":[""solutions/game_2/series/home_wins_1/rest-011111/top"",""solutions/game_2/series/home_wins_1/rest-111111/bot""]}","[0,1,1,1,1,1]","[1,1,1,1,1,1]",1,0,1,2,away_win,away,0,87
21596,3,"{""single"":[""solutions/game_3/single/rest-100010/top"",""solutions/game_3/single/rest-101011/bot""],""series"":[""solutions/game_3/series/home_wins_1/rest-100010/top"",""solutions/game_3/series/home_wins_1/rest-101011/bot""]}","[1,0,0,0,1,0]","[1,0,1,0,1,1]",1,1,0,8,away_win,away,0,31
21596,4,"{""single"":[""solutions/game_4/single/rest-111111/top"",""solutions/game_4/single/rest-111111/bot""],""series"":[""solutions/game_4/series/home_wins_1/rest-111111/top"",""solutions/game_4/series/home_wins_1/rest-111111/bot""]}","[1,1,1,1,1,1]","[1,1,1,1,1,1]",1,2,10,2,home_win,home,0,43
21596,5,"{""single"":[""solutions/game_5/single/rest-111111/top"",""solutions/game_5/single/rest-111111/bot""],""series"":[""solutions/game_5/single/rest-111111/top"",""solutions/game_5/single/rest-111111/bot""]}","[1,1,1,1,1,1]","[1,1,1,1,1,1]",2,2,7,5,home_win,home,0,85
21597,1,"{""single"":[""solutions/game_1/single/rest-111111/top"",""solutions/game_1/single/rest-111111/bot""],""series"":[""solutions/game_1/series/rest-111111/top"",""solutions/game_1/series/rest-111111/bot""]}","[1,1,1,1,1,1]","[1,1,1,1,1,1]",0,0,2,5,away_win,away,0,72
21597,2,"{""single"":[""solutions/game_2/single/rest-111001/top"",""solutions/game_2/single/rest-001111/bot""],""series"":[""solutions/game_2/series/home_wins_0/rest-111001/top"",""solutions/game_2/series/home_wins_0/rest-001111/bot""]}","[1,1,1,0,0,1]","[0,0,1,1,1,1]",0,1,5,6,away_win,away,0,86
21597,3,"{""single"":[""solutions/game_3/single/rest-000110/top"",""solutions/game_3/single/rest-111001/bot""],""series"":[""solutions/game_3/series/home_wins_0/rest-000110/top"",""solutions/game_3/series/home_wins_0/rest-111001/bot""]}","[0,0,0,1,1,0]","[1,1,1,0,0,1]",0,2,3,7,away_win,away,0,85
21597,4,"{""single"":[""solutions/game_4/single/rest-011011/top"",""solutions/game_4/single/rest-000110/bot""],""series"":[""solutions/game_4/single/rest-011011/top"",""solutions/game_4/single/rest-000110/bot""]}","[0,1,1,0,1,1]","[0,0,0,1,1,0]",0,3,1,9,away_win,away,1,48
21597,5,"{""single"":[""solutions/game_5/single/rest-000111/top"",""solutions/game_5/single/rest-111111/bot""],""series"":[""solutions/game_5/single/rest-000111/top"",""solutions/game_5/single/rest-111111/bot""]}","[0,0,0,1,1,1]","[1,1,1,1,1,1]",0,4,4,7,away_win,away,1,85
21598,1,"{""single"":[""solutions/game_1/single/rest-111111/top"",""solutions/game_1/single/rest-111111/bot""],""series"":[""solutions/game_1/series/rest-111111/top"",""solutions/game_1/series/rest-111111/bot""]}","[1,1,1,1,1,1]","[1,1,1,1,1,1]",0,0,7,2,home_win,home,0,78
21598,2,"{""single"":[""solutions/game_2/single/rest-110101/top"",""solutions/game_2/single/rest-111100/bot""],""series"":[""solutions/game_2/series/home_wins_1/rest-110101/top"",""solutions/game_2/series/home_wins_1/rest-111100/bot""]}","[1,1,0,1,0,1]","[1,1,1,1,0,0]",1,0,12,3,home_win,home,0,81
21598,3,"{""single"":[""solutions/game_3/single/rest-111000/top"",""solutions/game_3/single/rest-111111/bot""],""series"":[""solutions/game_3/series/home_wins_2/rest-111000/top"",""solutions/game_3/series/home_wins_2/rest-111111/bot""]}","[1,1,1,0,0,0]","[1,1,1,1,1,1]",2,0,2,9,away_win,away,0,86
21598,4,"{""single"":[""solutions/game_4/single/rest-010111/top"",""solutions/game_4/single/rest-010111/bot""],""series"":[""solutions/game_4/series/home_wins_2/rest-010111/top"",""solutions/game_4/series/home_wins_2/rest-010111/bot""]}","[0,1,0,1,1,1]","[0,1,0,1,1,1]",2,1,5,9,away_win,away,0,87
21598,5,"{""single"":[""solutions/game_5/single/rest-111101/top"",""solutions/game_5/single/rest-111100/bot""],""series"":[""solutions/game_5/single/rest-111101/top"",""solutions/game_5/single/rest-111100/bot""]}","[1,1,1,1,0,1]","[1,1,1,1,0,0]",2,2,7,4,home_win,home,0,75
21599,1,"{""single"":[""solutions/game_1/single/rest-111111/top"",""solutions/game_1/single/rest-111111/bot""],""series"":[""solutions/game_1/series/rest-111111/top"",""solutions/game_1/series/rest-111111/bot""]}","[1,1,1,1,1,1]","[1,1,1,1,1,1]",0,0,4,6,away_win,away,0,95
21599,2,"{""single"":[""solutions/game_2/single/rest-001000/top"",""solutions/game_2/single/rest-101011/bot""],""series"":[""solutions/game_2/series/home_wins_0/rest-001000/top"",""solutions/game_2/series/home_wins_0/rest-101011/bot""]}","[0,0,1,0,0,0]","[1,0,1,0,1,1]",0,1,1,6,away_win,away,0,78
21599,3,"{""single"":[""solutions/game_3/single/rest-110111/top"",""solutions/game_3/single/rest-001111/bot""],""series"":[""solutions/game_3/series/home_wins_0/rest-110111/top"",""solutions/game_3/series/home_wins_0/rest-001111/bot""]}","[1,1,0,1,1,1]","[0,0,1,1,1,1]",0,2,6,1,home_win,home,0,75
21599,4,"{""single"":[""solutions/game_4/single/rest-011000/top"",""solutions/game_4/single/rest-100101/bot""],""series"":[""solutions/game_4/series/home_wins_1/rest-011000/top"",""solutions/game_4/series/home_wins_1/rest-100101/bot""]}","[0,1,1,0,0,0]","[1,0,0,1,0,1]",1,2,3,5,away_win,away,0,82
21599,5,"{""single"":[""solutions/game_5/single/rest-110111/top"",""solutions/game_5/single/rest-111000/bot""],""series"":[""solutions/game_5/single/rest-110111/top"",""solutions/game_5/single/rest-111000/bot""]}","[1,1,0,1,1,1]","[1,1,1,0,0,0]",1,3,9,7,home_win,home,1,92
21600,1,"{""single"":[""solutions/game_1/single/rest-111111/top"",""solutions/game_1/single/rest-111111/bot""],""series"":[""solutions/game_1/series/rest-111111/top"",""solutions/game_1/series/rest-111111/bot""]}","[1,1,1,1,1,1]","[1,1,1,1,1,1]",0,0,2,1,home_win,home,0,75
21600,2,"{""single"":[""solutions/game_2/single/rest-111001/top"",""solutions/game_2/single/rest-010110/bot""],""series"":[""solutions/game_2/series/home_wins_1/rest-111001/top"",""solutions/game_2/series/home_wins_1/rest-010110/bot""]}","[1,1,1,0,0,1]","[0,1,0,1,1,0]",1,0,10,2,home_win,home,0,74
21600,3,"{""single"":[""solutions/game_3/single/rest-011110/top"",""solutions/game_3/single/rest-111101/bot""],""series"":[""solutions/game_3/series/home_wins_2/rest-011110/top"",""solutions/game_3/series/home_wins_2/rest-111101/bot""]}","[0,1,1,1,1,0]","[1,1,1,1,0,1]",2,0,4,3,home_win,home,0,82
21600,4,"{""single"":[""solutions/game_4/single/rest-111111/top"",""solutions/game_4/single/rest-001010/bot""],""series"":[""solutions/game_4/single/rest-111111/top"",""solutions/game_4/single/rest-001010/bot""]}","[1,1,1,1,1,1]","[0,0,1,0,1,0]",3,0,2,10,away_win,away,1,81
21600,5,"{""single"":[""solutions/game_5/single/rest-110011/top"",""solutions/game_5/single/rest-100111/bot""],""series"":[""solutions/game_5/single/rest-110011/top"",""solutions/game_5/single/rest-100111/bot""]}","[1,1,0,0,1,1]","[1,0,0,1,1,1]",3,1,4,1,home_win,home,1,77
21601,1,"{""single"":[""solutions/game_1/single/rest-111111/top"",""solutions/game_1/single/rest-111111/bot""],""series"":[""solutions/game_1/series/rest-111111/top"",""solutions/game_1/series/rest-111111/bot""]}","[1,1,1,1,1,1]","[1,1,1,1,1,1]",0,0,1,5,away_win,away,0,78
21601,2,"{""single"":[""solutions/game_2/single/rest-011011/top"",""solutions/game_2/single/rest-011111/bot""],""series"":[""solutions/game_2/series/home_wins_0/rest-011011/top"",""solutions/game_2/series/home_wins_0/rest-011111/bot""]}","[0,1,1,0,1,1]","[0,1,1,1,1,1]",0,1,0,8,away_win,away,0,32
21601,3,"{""single"":[""solutions/game_3/single/rest-111111/top"",""solutions/game_3/single/rest-111111/bot""],""series"":[""solutions/game_3/series/home_wins_0/rest-111111/top"",""solutions/game_3/series/home_wins_0/rest-111111/bot""]}","[1,1,1,1,1,1]","[1,1,1,1,1,1]",0,2,3,5,away_win,away,0,91
21601,4,"{""single"":[""solutions/game_4/single/rest-001100/top"",""solutions/game_4/single/rest-001110/bot""],""series"":[""solutions/game_4/single/rest-001100/top"",""solutions/game_4/single/rest-001110/bot""]}","[0,0,1,1,0,0]","[0,0,1,1,1,0]",0,3,11,2,home_win,home,1,61
21601,5,"{""single"":[""solutions/game_5/single/rest-111111/top"",""solutions/game_5/single/rest-100111/bot""],""series"":[""solutions/game_5/single/rest-111111/top"",""solutions/game_5/single/rest-100111/bot""]}","[1,1,1,1,1,1]","[1,0,0,1,1,1]",1,3,8,2,home_win,home,1,88
21602,1,"{""single"":[""solutions/game_1/single/rest-111111/top"",""solutions/game_1/single/rest-111111/bot""],""series"":[""solutions/game_1/series/rest-111111/top"",""solutions/game_1/series/rest-111111/bot""]}","[1,1,1,1,1,1]","[1,1,1,1,1,1]",0,0,4,2,home_win,home,0,72
21602,2,"{""single"":[""solutions/game_2/single/rest-111001/top"",""solutions/game_2/single/rest-111101/bot""],""series"":[""solutions/game_2/series/home_wins_1/rest-111001/top"",""solutions/game_2/series/home_wins_1/rest-111101/bot""]}","[1,1,1,0,0,1]","[1,1,1,1,0,1]",1,0,2,1,home_win,home,0,72
21602,3,"{""single"":[""solutions/game_3/single/rest-111110/top"",""solutions/game_3/single/rest-111011/bot""],""series"":[""solutions/game_3/series/home_wins_2/rest-111110/top"",""solutions/game_3/series/home_wins_2/rest-111011/bot""]}","[1,1,1,1,1,0]","[1,1,1,0,1,1]",2,0,1,4,away_win,away,0,80
21602,4,"{""single"":[""solutions/game_4/single/rest-110001/top"",""solutions/game_4/single/rest-011110/bot""],""series"":[""solutions/game_4/series/home_wins_2/rest-110001/top"",""solutions/game_4/series/home_wins_2/rest-011110/bot""]}","[1,1,0,0,0,1]","[0,1,1,1,1,0]",2,1,6,2,home_win,home,0,82
21602,5,"{""single"":[""solutions/game_5/single/rest-001010/top"",""solutions/game_5/single/rest-111011/bot""],""series"":[""solutions/game_5/single/rest-001010/top"",""solutions/game_5/single/rest-111011/bot""]}","[0,0,1,0,1,0]","[1,1,1,0,1,1]",3,1,4,1,home_win,home,1,80
21603,1,"{""single"":[""solutions/game_1/single/rest-111111/top"",""solutions/game_1/single/rest-111111/bot""],""series"":[""solutions/game_1/series/rest-111111/top"",""solutions/game_1/series/rest-111111/bot""]}","[1,1,1,1,1,1]","[1,1,1,1,1,1]",0,0,3,12,away_win,away,0,49
21603,2,"{""single"":[""solutions/game_2/single/rest-011110/top"",""solutions/game_2/single/rest-111111/bot""],""series"":[""solutions/game_2/series/home_wins_0/rest-011110/top"",""solutions/game_2/series/home_wins_0/rest-111111/bot""]}","[0,1,1,1,1,0]","[1,1,1,1,1,1]",0,1,3,2,home_win,home,0,76
21603,3,"{""single"":[""solutions/game_3/single/rest-110001/top"",""solutions/game_3/single/rest-000111/bot""],""series"":[""solutions/game_3/series/home_wins_1/rest-110001/top"",""solutions/game_3/series/home_wins_1/rest-000111/bot""]}","[1,1,0,0,0,1]","[0,0,0,1,1,1]",1,1,0,1,away_win,away,0,77
21603,4,"{""single"":[""solutions/game_4/single/rest-011011/top"",""solutions/game_4/single/rest-111000/bot""],""series"":[""solutions/game_4/series/home_wins_1/rest-011011/top"",""solutions/game_4/series/home_wins_1/rest-111000/bot""]}","[0,1,1,0,1,1]","[1,1,1,0,0,0]",1,2,9,0,home_win,home,0,72
21603,5,"{""single"":[""solutions/game_5/single/rest-110101/top"",""solutions/game_5/single/rest-110111/bot""],""series"":[""solutions/game_5/single/rest-110101/top"",""solutions/game_5/single/rest-110111/bot""]}","[1,1,0,1,0,1]","[1,1,0,1,1,1]",2,2,2,1,home_win,home,0,70
21604,1,"{""single"":[""solutions/game_1/single/rest-111111/top"",""solutions/game_1/single/rest-111111/bot""],""series"":[""solutions/game_1/series/rest-111111/top"",""solutions/game_1/series/rest-111111/bot""]}","[1,1,1,1,1,1]","[1,1,1,1,1,1]",0,0,6,8,away_win,away,0,99
21604,2,"{""single"":[""solutions/game_2/single/rest-110000/top"",""solutions/game_2/single/rest-000110/bot""],""series"":[""solutions/game_2/series/home_wins_0/rest-110000/top"",""solutions/game_2/series/home_wins_0/rest-000110/bot""]}","[1,1,0,0,0,0]","[0,0,0,1,1,0]",0,1,0,8,away_win,away,0,27
21604,3,"{""single"":[""solutions/game_3/single/rest-111111/top"",""solutions/game_3/single/rest-111111/bot""],""series"":[""solutions/game_3/series/home_wins_0/rest-111111/top"",""solutions/game_3/series/home_wins_0/rest-111111/bot""]}","[1,1,1,1,1,1]","[1,1,1,1,1,1]",0,2,10,2,home_win,home,0,81
21604,4,"{""single"":[""solutions/game_4/single/rest-010011/top"",""solutions/game_4/single/rest-011101/bot""],""series"":[""solutions/game_4/series/home_wins_1/rest-010011/top"",""solutions/game_4/series/home_wins_1/rest-011101/bot""]}","[0,1,0,0,1,1]","[0,1,1,1,0,1]",1,2,12,5,home_win,home,0,88
21604,5,"{""single"":[""solutions/game_5/single/rest-101110/top"",""solutions/game_5/single/rest-110111/bot""],""series"":[""solutions/game_5/single/rest-101110/top"",""solutions/game_5/single/rest-110111/bot""]}","[1,0,1,1,1,0]","[1,1,0,1,1,1]",2,2,4,3,home_win,home,0,77
21605,1,"{""single"":[""solutions/game_1/single/rest-111111/top"",""solutions/game_1/single/rest-111111/bot""],""series"":[""solutions/game_1/series/rest-111111/top"",""solutions/game_1/series/rest-111111/bot""]}","[1,1,1,1,1,1]","[1,1,1,1,1,1]",0,0,9,7,home_win,home,0,83
21605,2,"{""single"":[""solutions/game_2/single/rest-010001/top"",""solutions/game_2/single/rest-111111/bot""],""series"":[""solutions/game_2/series/home_wins_1/rest-010001/top"",""solutions/game_2/series/home_wins_1/rest-111111/bot""]}","[0,1,0,0,0,1]","[1,1,1,1,1,1]",1,0,5,4,home_win,home,0,79
21605,3,"{""single"":[""solutions/game_3/single/rest-101110/top"",""solutions/game_3/single/rest-111010/bot""],""series"":[""solutions/game_3/series/home_wins_2/rest-101110/top"",""solutions/game_3/series/home_wins_2/rest-111010/bot""]}","[1,0,1,1,1,0]","[1,1,1,0,1,0]",2,0,7,2,home_win,home,0,79
21605,4,"{""single"":[""solutions/game_4/single/rest-011101/top"",""solutions/game_4/single/rest-001111/bot""],""series"":[""solutions/game_4/single/rest-011101/top"",""solutions/game_4/single/rest-001111/bot""]}","[0,1,1,1,0,1]","[0,0,1,1,1,1]",3,0,1,2,away_win,away,1,76
21605,5,"{""single"":[""solutions/game_5/single/rest-111001/top"",""solutions/game_5/single/rest-110010/bot""],""series"":[""solutions/game_5/single/rest-111001/top"",""solutions/game_5/single/rest-110010/bot""]}","[1,1,1,0,0,1]","[1,1,0,0,1,0]",3,1,8,3,home_win,home,1,76
21606,1,"{""single"":[""solutions/game_1/single/rest-111111/top"",""solutions/game_1/single/rest-111111/bot""],""series"":[""solutions/game_1/series/rest-111111/top"",""solutions/game_1/series/rest-111111/bot""]}","[1,1,1,1,1,1]","[1,1,1,1,1,1]",0,0,1,7,away_win,away,0,81
21606,2,"{""single"":[""solutions/game_2/single/rest-111111/top"",""solutions/game_2/single/rest-111111/bot""],""series"":[""solutions/game_2/series/home_wins_0/rest-111111/top"",""solutions/game_2/series/home_wins_0/rest-111111/bot""]}","[1,1,1,1,1,1]","[1,1,1,1,1,1]",0,1,8,3,home_win,home,0,76
21606,3,"{""single"":[""solutions/game_3/single/rest-010011/top"",""solutions/game_3/single/rest-111111/bot""],""series"":[""solutions/game_3/series/home_wins_1/rest-010011/top"",""solutions/game_3/series/home_wins_1/rest-111111/bot""]}","[0,1,0,0,1,1]","[1,1,1,1,1,1]",1,1,2,5,away_win,away,0,84
21606,4,"{""single"":[""solutions/game_4/single/rest-111100/top"",""solutions/game_4/single/rest-001111/bot""],""series"":[""solutions/game_4/series/home_wins_1/rest-111100/top"",""solutions/game_4/series/home_wins_1/rest-001111/bot""]}","[1,1,1,1,0,0]","[0,0,1,1,1,1]",1,2,2,7,away_win,away,0,80
21606,5,"{""single"":[""solutions/game_5/single/rest-010011/top"",""solutions/game_5/single/rest-111010/bot""],""series"":[""solutions/game_5/single/rest-010011/top"",""solutions/game_5/single/rest-111010/bot""]}","[0,1,0,0,1,1]","[1,1,1,0,1,0]",1,3,7,9,away_win,away,1,89
21607,1,"{""single"":[""solutions/game_1/single/rest-111111/top"",""solutions/game_1/single/rest-111111/bot""],""series"":[""solutions/game_1/series/rest-111111/top"",""solutions/game_1/series/rest-111111/bot""]}","[1,1,1,1,1,1]","[1,1,1,1,1,1]",0,0,8,1,home_win,home,0,77
21607,2,"{""single"":[""solutions/game_2/single/rest-110011/top"",""solutions/game_2/single/rest-011111/bot""],""series"":[""solutions/game_2/series/home_wins_1/rest-110011/top"",""solutions/game_2/series/home_wins_1/rest-011111/bot""]}","[1,1,0,0,1,1]","[0,1,1,1,1,1]",1,0,5,8,away_win,away,0,90
21607,3,"{""single"":[""solutions/game_3/single/rest-001101/top"",""solutions/game_3/single/rest-111000/bot""],""series"":[""solutions/game_3/series/home_wins_1/rest-001101/top"",""solutions/game_3/series/home_wins_1/rest-111000/bot""]}","[0,0,1,1,0,1]","[1,1,1,0,0,0]",1,1,5,4,home_win,home,0,86
21607,4,"{""single"":[""solutions/game_4/single/rest-111110/top"",""solutions/game_4/single/rest-000110/bot""],""series"":[""solutions/game_4/series/home_wins_2/rest-111110/top"",""solutions/game_4/series/home_wins_2/rest-000110/bot""]}","[1,1,1,1,1,0]","[0,0,0,1,1,0]",2,1,8,0,home_win,home,0,40
21607,5,"{""single"":[""solutions/game_5/single/rest-111111/top"",""solutions/game_5/single/rest-111111/bot""],""series"":[""solutions/game_5/single/rest-111111/top"",""solutions/game_5/single/rest-111111/bot""]}","[1,1,1,1,1,1]","[1,1,1,1,1,1]",3,1,5,4,home_win,home,1,82
21608,1,"{""single"":[""solutions/game_1/single/rest-111111/top"",""solutions/game_1/single/rest-111111/bot""],""series"":[""solutions/game_1/series/rest-111111/top"",""solutions/game_1/series/rest-111111/bot""]}","[1,1,1,1,1,1]","[1,1,1,1,1,1]",0,0,2,3,away_win,away,0,77
21608,2,"{""single"":[""solutions/game_2/single/rest-010011/top"",""solutions/game_2/single/rest-111011/bot""],""series"":[""solutions/game_2/series/home_wins_0/rest-010011/top"",""solutions/game_2/series/home_wins_0/rest-111011/bot""]}","[0,1,0,0,1,1]","[1,1,1,0,1,1]",0,1,4,5,away_win,away,0,82
21608,3,"{""single"":[""solutions/game_3/single/rest-101110/top"",""solutions/game_3/single/rest-001110/bot""],""series"":[""solutions/game_3/series/home_wins_0/rest-101110/top"",""solutions/game_3/series/home_wins_0/rest-001110/bot""]}","[1,0,1,1,1,0]","[0,0,1,1,1,0]",0,2,10,8,home_win,home,0,85
21608,4,"{""single"":[""solutions/game_4/single/rest-111101/top"",""solutions/game_4/single/rest-110111/bot""],""series"":[""solutions/game_4/series/home_wins_1/rest-111101/top"",""solutions/game_4/series/home_wins_1/rest-110111/bot""]}","[1,1,1,1,0,1]","[1,1,0,1,1,1]",1,2,10,7,home_win,home,0,98
21608,5,"{""single"":[""solutions/game_5/single/rest-010000/top"",""solutions/game_5/single/rest-111101/bot""],""series"":[""solutions/game_5/single/rest-010000/top"",""solutions/game_5/single/rest-111101/bot""]}","[0,1,0,0,0,0]","[1,1,1,1,0,1]",2,2,2,3,away_win,away,0,84
21609,1,"{""single"":[""solutions/game_1/single/rest-111111/top"",""solutions/game_1/single/rest-111111/bot""],""series"":[""solutions/game_1/series/rest-111111/top"",""solutions/game_1/series/rest-111111/bot""]}","[1,1,1,1,1,1]","[1,1,1,1,1,1]",0,0,2,3,away_win,away,0,80
21609,2,"{""single"":[""solutions/game_2/single/rest-111001/top"",""solutions/game_2/single/rest-101011/bot""],""series"":[""solutions/game_2/series/home_wins_0/rest-111001/top"",""solutions/game_2/series/home_wins_0/rest-101011/bot""]}","[1,1,1,0,0,1]","[1,0,1,0,1,1]",0,1,6,5,home_win,home,0,85
21609,3,"{""single"":[""solutions/game_3/single/rest-001111/top"",""solutions/game_3/single/rest-010111/bot""],""series"":[""solutions/game_3/series/home_wins_1/rest-001111/top"",""solutions/game_3/series/home_wins_1/rest-010111/bot""]}","[0,0,1,1,1,1]","[0,1,0,1,1,1]",1,1,4,3,home_win,home,0,86
21609,4,"{""single"":[""solutions/game_4/single/rest-111101/top"",""solutions/game_4/single/rest-111001/bot""],""series"":[""solutions/game_4/series/home_wins_2/rest-111101/top"",""solutions/game_4/series/home_wins_2/rest-111001/bot""]}","[1,1,1,1,0,1]","[1,1,1,0,0,1]",2,1,6,8,away_win,away,0,94
21609,5,"{""single"":[""solutions/game_5/single/rest-100000/top"",""solutions/game_5/single/rest-010111/bot""],""series"":[""solutions/game_5/single/rest-100000/top"",""solutions/game_5/single/rest-010111/bot""]}","[1,0,0,0,0,0]","[0,1,0,1,1,1]",2,2,8,2,home_win,home,0,81
21610,1,"{""single"":[""solutions/game_1/single/rest-111111/top"",""solutions/game_1/single/rest-111111/bot""],""series"":[""solutions/game_1/series/rest-111111/top"",""solutions/game_1/series/rest-111111/bot""]}","[1,1,1,1,1,1]","[1,1,1,1,1,1]",0,0,1,0,home_win,home,0,68
21610,2,"{""single"":[""solutions/game_2/single/rest-110001/top"",""solutions/game_2/single/rest-001111/bot""],""series"":[""solutions/game_2/series/home_wins_1/rest-110001/top"",""solutions/game_2/series/home_wins_1/rest-001111/bot""]}","[1,1,0,0,0,1]","[0,0,1,1,1,1]",1,0,8,6,home_win,home,0,87
21610,3,"{""single"":[""solutions/game_3/single/rest-011110/top"",""solutions/game_3/single/rest-110101/bot""],""series"":[""solutions/game_3/series/home_wins_2/rest-011110/top"",""solutions/game_3/series/home_wins_2/rest-110101/bot""]}","[0,1,1,1,1,0]","[1,1,0,1,0,1]",2,0,4,3,home_win,home,0,82
21610,4,"{""single"":[""solutions/game_4/single/rest-111011/top"",""solutions/game_4/single/rest-011010/bot""],""series"":[""solutions/game_4/single/rest-111011/top"",""solutions/game_4/single/rest-011010/bot""]}","[1,1,1,0,1,1]","[0,1,1,0,1,0]",3,0,0,7,away_win,away,1,77
21610,5,"{""single"":[""solutions/game_5/single/rest-010111/top"",""solutions/game_5/single/rest-101101/bot""],""series"":[""solutions/game_5/single/rest-010111/top"",""solutions/game_5/single/rest-101101/bot""]}","[0,1,0,1,1,1]","[1,0,1,1,0,1]",3,1,5,4,home_win,home,1,84
21611,1,"{""single"":[""solutions/game_1/single/rest-111111/top"",""solutions/game_1/single/rest-111111/bot""],""series"":[""solutions/game_1/series/rest-111111/top"",""solutions/game_1/series/rest-111111/bot""]}","[1,1,1,1,1,1]","[1,1,1,1,1,1]",0,0,8,4,home_win,home,0,91
21611,2,"{""single"":[""solutions/game_2/single/rest-010010/top"",""solutions/game_2/single/rest-110101/bot""],""series"":[""solutions/game_2/series/home_wins_1/rest-010010/top"",""solutions/game_2/series/home_wins_1/rest-110101/bot""]}","[0,1,0,0,1,0]","[1,1,0,1,0,1]",1,0,3,6,away_win,away,0,83
21611,3,"{""single"":[""solutions/game_3/single/rest-101111/top"",""solutions/game_3/single/rest-001010/bot""],""series"":[""solutions/game_3/series/home_wins_1/rest-101111/top"",""solutions/game_3/series/home_wins_1/rest-001010/bot""]}","[1,0,1,1,1,1]","[0,0,1,0,1,0]",1,1,6,4,home_win,home,0,78
21611,4,"{""single"":[""solutions/game_4/single/rest-111001/top"",""solutions/game_4/single/rest-111101/bot""],""series"":[""solutions/game_4/series/home_wins_2/rest-111001/top"",""solutions/game_4/series/home_wins_2/rest-111101/bot""]}","[1,1,1,0,0,1]","[1,1,1,1,0,1]",2,1,0,8,away_win,away,0,65
21611,5,"{""single"":[""solutions/game_5/single/rest-000111/top"",""solutions/game_5/single/rest-110111/bot""],""series"":[""solutions/game_5/single/rest-000111/top"",""solutions/game_5/single/rest-110111/bot""]}","[0,0,0,1,1,1]","[1,1,0,1,1,1]",2,2,10,8,home_win,home,0,87
21612,1,"{""single"":[""solutions/game_1/single/rest-111111/top"",""solutions/game_1/single/rest-111111/bot""],""series"":[""solutions/game_1/series/rest-111111/top"",""solutions/game_1/series/rest-111111/bot""]}","[1,1,1,1,1,1]","[1,1,1,1,1,1]",0,0,9,7,home_win,home,0,86
21612,2,"{""single"":[""solutions/game_2/single/rest-010011/top"",""solutions/game_2/single/rest-111010/bot""],""series"":[""solutions/game_2/series/home_wins_1/rest-010011/top"",""solutions/game_2/series/home_wins_1/rest-111010/bot""]}","[0,1,0,0,1,1]","[1,1,1,0,1,0]",1,0,4,6,away_win,away,0,95
21612,3,"{""single"":[""solutions/game_3/single/rest-111110/top"",""solutions/game_3/single/rest-101101/bot""],""series"":[""solutions/game_3/series/home_wins_1/rest-111110/top"",""solutions/game_3/series/home_wins_1/rest-101101/bot""]}","[1,1,1,1,1,0]","[1,0,1,1,0,1]",1,1,2,5,away_win,away,0,85
21612,4,"{""single"":[""solutions/game_4/single/rest-000111/top"",""solutions/game_4/single/rest-111011/bot""],""series"":[""solutions/game_4/series/home_wins_1/rest-000111/top"",""solutions/game_4/series/home_wins_1/rest-111011/bot""]}","[0,0,0,1,1,1]","[1,1,1,0,1,1]",1,2,9,1,home_win,home,0,50
21612,5,"{""single"":[""solutions/game_5/single/rest-111111/top"",""solutions/game_5/single/rest-111111/bot""],""series"":[""solutions/game_5/single/rest-111111/top"",""solutions/game_5/single/rest-111111/bot""]}","[1,1,1,1,1,1]","[1,1,1,1,1,1]",2,2,5,4,home_win,home,0,88
21613,1,"{""single"":[""solutions/game_1/single/rest-111111/top"",""solutions/game_1/single/rest-111111/bot""],""series"":[""solutions/game_1/series/rest-111111/top"",""solutions/game_1/series/rest-111111/bot""]}","[1,1,1,1,1,1]","[1,1,1,1,1,1]",0,0,4,8,away_win,away,0,83
21613,2,"{""single"":[""solutions/game_2/single/rest-010111/top"",""solutions/game_2/single/rest-101110/bot""],""series"":[""solutions/game_2/series/home_wins_0/rest-010111/top"",""solutions/game_2/series/home_wins_0/rest-101110/bot""]}","[0,1,0,1,1,1]","[1,0,1,1,1,0]",0,1,8,0,home_win,home,0,57
21613,3,"{""single"":[""solutions/game_3/single/rest-111111/top"",""solutions/game_3/single/rest-111111/bot""],""series"":[""solutions/game_3/series/home_wins_1/rest-111111/top"",""solutions/game_3/series/home_wins_1/rest-111111/bot""]}","[1,1,1,1,1,1]","[1,1,1,1,1,1]",1,1,7,6,home_win,home,0,95
21613,4,"{""single"":[""solutions/game_4/single/rest-011001/top"",""solutions/game_4/single/rest-101001/bot""],""series"":[""solutions/game_4/series/home_wins_2/rest-011001/top"",""solutions/game_4/series/home_wins_2/rest-101001/bot""]}","[0,1,1,0,0,1]","[1,0,1,0,0,1]",2,1,3,6,away_win,away,0,78
21613,5,"{""single"":[""solutions/game_5/single/rest-100110/top"",""solutions/game_5/single/rest-110110/bot""],""series"":[""solutions/game_5/single/rest-100110/top"",""solutions/game_5/single/rest-110110/bot""]}","[1,0,0,1,1,0]","[1,1,0,1,1,0]",2,2,0,8,away_win,away,0,29
21614,1,"{""single"":[""solutions/game_1/single/rest-111111/top"",""solutions/game_1/single/rest-111111/bot""],""series"":[""solutions/game_1/series/rest-111111/top"",""solutions/game_1/series/rest-111111/bot""]}","[1,1,1,1,1,1]","[1,1,1,1,1,1]",0,0,5,4,home_win,home,0,85
21614,2,"{""single"":[""solutions/game_2/single/rest-010001/top"",""solutions/game_2/single/rest-101011/bot""],""series"":[""solutions/game_2/series/home_wins_1/rest-010001/top"",""solutions/game_2/series/home_wins_1/rest-101011/bot""]}","[0,1,0,0,0,1]","[1,0,1,0,1,1]",1,0,4,15,away_win,away,0,65
21614,3,"{""single"":[""solutions/game_3/single/rest-101111/top"",""solutions/game_3/single/rest-111111/bot""],""series"":[""solutions/game_3/series/home_wins_1/rest-101111/top"",""solutions/game_3/series/home_wins_1/rest-111111/bot""]}","[1,0,1,1,1,1]","[1,1,1,1,1,1]",1,1,3,1,home_win,home,0,74
21614,4,"{""single"":[""solutions/game_4/single/rest-011011/top"",""solutions/game_4/single/rest-110110/bot""],""series"":[""solutions/game_4/series/home_wins_2/rest-011011/top"",""solutions/game_4/series/home_wins_2/rest-110110/bot""]}","[0,1,1,0,1,1]","[1,1,0,1,1,0]",2,1,2,1,home_win,home,0,72
21614,5,"{""single"":[""solutions/game_5/single/rest-111101/top"",""solutions/game_5/single/rest-111111/bot""],""series"":[""solutions/game_5/single/rest-111101/top"",""solutions/game_5/single/rest-111111/bot""]}","[1,1,1,1,0,1]","[1,1,1,1,1,1]",3,1,6,5,home_win,home,1,90
21615,1,"{""single"":[""solutions/game_1/single/rest-111111/top"",""solutions/game_1/single/rest-111111/bot""],""series"":[""solutions/game_1/series/rest-111111/top"",""solutions/game_1/series/rest-111111/bot""]}","[1,1,1,1,1,1]","[1,1,1,1,1,1]",0,0,5,9,away_win,away,0,87
21615,2,"{""single"":[""solutions/game_2/single/rest-010001/top"",""solutions/game_2/single/rest-011100/bot""],""series"":[""solutions/game_2/series/home_wins_0/rest-010001/top"",""solutions/game_2/series/home_wins_0/rest-011100/bot""]}","[0,1,0,0,0,1]","[0,1,1,1,0,0]",0,1,8,0,home_win,home,0,60
21615,3,"{""single"":[""solutions/game_3/single/rest-101111/top"",""solutions/game_3/single/rest-111111/bot""],""series"":[""solutions/game_3/series/home_wins_1/rest-101111/top"",""solutions/game_3/series/home_wins_1/rest-111111/bot""]}","[1,0,1,1,1,1]","[1,1,1,1,1,1]",1,1,2,7,away_win,away,0,84
21615,4,"{""single"":[""solutions/game_4/single/rest-110100/top"",""solutions/game_4/single/rest-111110/bot""],""series"":[""solutions/game_4/series/home_wins_1/rest-110100/top"",""solutions/game_4/series/home_wins_1/rest-111110/bot""]}","[1,1,0,1,0,0]","[1,1,1,1,1,0]",1,2,1,7,away_win,away,0,78
21615,5,"{""single"":[""solutions/game_5/single/rest-101011/top"",""solutions/game_5/single/rest-001011/bot""],""series"":[""solutions/game_5/single/rest-101011/top"",""solutions/game_5/single/rest-001011/bot""]}","[1,0,1,0,1,1]","[0,0,1,0,1,1]",1,3,2,4,away_win,away,1,83
21616,1,"{""single"":[""solutions/game_1/single/rest-111111/top"",""solutions/game_1/single/rest-111111/bot""],""series"":[""solutions/game_1/series/rest-111111/top"",""solutions/game_1/series/rest-111111/bot""]}","[1,1,1,1,1,1]","[1,1,1,1,1,1]",0,0,9,0,home_win,home,0,48
21616,2,"{""single"":[""solutions/game_2/single/rest-111111/top"",""solutions/game_2/single/rest-111111/bot""],""series"":[""solutions/game_2/series/home_wins_1/rest-111111/top"",""solutions/game_2/series/home_wins_1/rest-111111/bot""]}","[1,1,1,1,1,1]","[1,1,1,1,1,1]",1,0,10,2,home_win,home,0,51
21616,3,"{""single"":[""solutions/game_3/single/rest-111111/top"",""solutions/game_3/single/rest-110111/bot""],""series"":[""solutions/game_3/series/home_wins_2/rest-111111/top"",""solutions/game_3/series/home_wins_2/rest-110111/bot""]}","[1,1,1,1,1,1]","[1,1,0,1,1,1]",2,0,5,5,tie,away,0,92
21616,4,"{""single"":[""solutions/game_4/single/rest-001001/top"",""solutions/game_4/single/rest-001111/bot""],""series"":[""solutions/game_4/series/home_wins_2/rest-001001/top"",""solutions/game_4/series/home_wins_2/rest-001111/bot""]}","[0,0,1,0,0,1]","[0,0,1,1,1,1]",2,1,6,1,home_win,home,0,72
21616,5,"{""single"":[""solutions/game_5/single/rest-110110/top"",""solutions/game_5/single/rest-110100/bot""],""series"":[""solutions/game_5/single/rest-110110/top"",""solutions/game_5/single/rest-110100/bot""]}","[1,1,0,1,1,0]","[1,1,0,1,0,0]",3,1,7,12,away_win,away,1,106
21617,1,"{""single"":[""solutions/game_1/single/rest-111111/top"",""solutions/game_1/single/rest-111111/bot""],""series"":[""solutions/game_1/series/rest-111111/top"",""solutions/game_1/series/rest-111111/bot""]}","[1,1,1,1,1,1]","[1,1,1,1,1,1]",0,0,1,3,away_win,away,0,78
21617,2,"{""single"":[""solutions/game_2/single/rest-110101/top"",""solutions/game_2/single/rest-111010/bot""],""series"":[""solutions/game_2/series/home_wins_0/rest-110101/top"",""solutions/game_2/series/home_wins_0/rest-111010/bot""]}","[1,1,0,1,0,1]","[1,1,1,0,1,0]",0,1,9,6,home_win,home,0,83
21617,3,"{""single"":[""solutions/game_3/single/rest-011010/top"",""solutions/game_3/single/rest-110111/bot""],""series"":[""solutions/game_3/series/home_wins_1/rest-011010/top"",""solutions/game_3/series/home_wins_1/rest-110111/bot""]}","[0,1,1,0,1,0]","[1,1,0,1,1,1]",1,1,11,6,home_win,home,0,98
21617,4,"{""single"":[""solutions/game_4/single/rest-100101/top"",""solutions/game_4/single/rest-111110/bot""],""series"":[""solutions/game_4/series/home_wins_2/rest-100101/top"",""solutions/game_4/series/home_wins_2/rest-111110/bot""]}","[1,0,0,1,0,1]","[1,1,1,1,1,0]",2,1,4,12,away_win,away,0,88
21617,5,"{""single"":[""solutions/game_5/single/rest-111000/top"",""solutions/game_5/single/rest-111111/bot""],""series"":[""solutions/game_5/single/rest-111000/top"",""solutions/game_5/single/rest-111111/bot""]}","[1,1,1,0,0,0]","[1,1,1,1,1,1]",2,2,7,3,home_win,home,0,81
21618,1,"{""single"":[""solutions/game_1/single/rest-111111/top"",""solutions/game_1/single/rest-111111/bot""],""series"":[""solutions/game_1/series/rest-111111/top"",""solutions/game_1/series/rest-111111/bot""]}","[1,1,1,1,1,1]","[1,1,1,1,1,1]",0,0,13,3,home_win,home,0,81
21618,2,"{""single"":[""solutions/game_2/single/rest-110011/top"",""solutions/game_2/single/rest-011110/bot""],""series"":[""solutions/game_2/series/home_wins_1/rest-110011/top"",""solutions/game_2/series/home_wins_1/rest-011110/bot""]}","[1,1,0,0,1,1]","[0,1,1,1,1,0]",1,0,4,7,away_win,away,0,86
21618,3,"{""single"":[""solutions/game_3/single/rest-011100/top"",""solutions/game_3/single/rest-010011/bot""],""series"":[""solutions/game_3/series/home_wins_1/rest-011100/top"",""solutions/game_3/series/home_wins_1/rest-010011/bot""]}","[0,1,1,1,0,0]","[0,1,0,0,1,1]",1,1,6,5,home_win,home,0,86
21618,4,"{""single"":[""solutions/game_4/single/rest-100011/top"",""solutions/game_4/single/rest-111100/bot""],""series"":[""solutions/game_4/series/home_wins_2/rest-100011/top"",""solutions/game_4/series/home_wins_2/rest-111100/bot""]}","[1,0,0,0,1,1]","[1,1,1,1,0,0]",2,1,6,7,away_win,away,0,90
21618,5,"{""single"":[""solutions/game_5/single/rest-011110/top"",""solutions/game_5/single/rest-001111/bot""],""series"":[""solutions/game_5/single/rest-011110/top"",""solutions/game_5/single/rest-001111/bot""]}","[0,1,1,1,1,0]","[0,0,1,1,1,1]",2,2,6,6,tie,away,0,97
21619,1,"{""single"":[""solutions/game_1/single/rest-111111/top"",""solutions/game_1/single/rest-111111/bot""],""series"":[""solutions/game_1/series/rest-111111/top"",""solutions/game_1/series/rest-111111/bot""]}","[1,1,1,1,1,1]","[1,1,1,1,1,1]",0,0,15,10,home_win,home,0,101
21619,2,"{""single"":[""solutions/game_2/single/rest-010101/top"",""solutions/game_2/single/rest-011101/bot""],""series"":[""solutions/game_2/series/home_wins_1/rest-010101/top"",""solutions/game_2/series/home_wins_1/rest-011101/bot""]}","[0,1,0,1,0,1]","[0,1,1,1,0,1]",1,0,8,0,home_win,home,0,67
21619,3,"{""single"":[""solutions/game_3/single/rest-111011/top"",""solutions/game_3/single/rest-111111/bot""],""series"":[""solutions/game_3/series/home_wins_2/rest-111011/top"",""solutions/game_3/series/home_wins_2/rest-111111/bot""]}","[1,1,1,0,1,1]","[1,1,1,1,1,1]",2,0,8,4,home_win,home,0,85
21619,4,"{""single"":[""solutions/game_4/single/rest-010100/top"",""solutions/game_4/single/rest-111011/bot""],""series"":[""solutions/game_4/single/rest-010100/top"",""solutions/game_4/single/rest-111011/bot""]}","[0,1,0,1,0,0]","[1,1,1,0,1,1]",3,0,7,2,home_win,home,1,76
21619,5,"{""single"":[""solutions/game_5/single/rest-101011/top"",""solutions/game_5/single/rest-111111/bot""],""series"":[""solutions/game_5/single/rest-101011/top"",""solutions/game_5/single/rest-111111/bot""]}","[1,0,1,0,1,1]","[1,1,1,1,1,1]",4,0,2,12,away_win,away,1,83
21620,1,"{""single"":[""solutions/game_1/single/rest-111111/top"",""solutions/game_1/single/rest-111111/bot""],""series"":[""solutions/game_1/series/rest-111111/top"",""solutions/game_1/series/rest-111111/bot""]}","[1,1,1,1,1,1]","[1,1,1,1,1,1]",0,0,6,10,away_win,away,0,85
21620,2,"{""single"":[""solutions/game_2/single/rest-010001/top"",""solutions/game_2/single/rest-111110/bot""],""series"":[""solutions/game_2/series/home_wins_0/rest-010001/top"",""solutions/game_2/series/home_wins_0/rest-111110/bot""]}","[0,1,0,0,0,1]","[1,1,1,1,1,0]",0,1,6,7,away_win,away,0,96
21620,3,"{""single"":[""solutions/game_3/single/rest-101110/top"",""solutions/game_3/single/rest-000011/bot""],""series"":[""solutions/game_3/series/home_wins_0/rest-101110/top"",""solutions/game_3/series/home_wins_0/rest-000011/bot""]}","[1,0,1,1,1,0]","[0,0,0,0,1,1]",0,2,1,7,away_win,away,0,90
21620,4,"{""single"":[""solutions/game_4/single/rest-010001/top"",""solutions/game_4/single/rest-111101/bot""],""series"":[""solutions/game_4/single/rest-010001/top"",""solutions/game_4/single/rest-111101/bot""]}","[0,1,0,0,0,1]","[1,1,1,1,0,1]",0,3,2,3,away_win,away,1,77
21620,5,"{""single"":[""solutions/game_5/single/rest-111110/top"",""solutions/game_5/single/rest-001011/bot""],""series"":[""solutions/game_5/single/rest-111110/top"",""solutions/game_5/single/rest-001011/bot""]}","[1,1,1,1,1,0]","[0,0,1,0,1,1]",0,4,1,0,home_win,home,1,67
21621,1,"{""single"":[""solutions/game_1/single/rest-111111/top"",""solutions/game_1/single/rest-111111/bot""],""series"":[""solutions/game_1/series/rest-111111/top"",""solutions/game_1/series/rest-111111/bot""]}","[1,1,1,1,1,1]","[1,1,1,1,1,1]",0,0,8,0,home_win,home,0,57
21621,2,"{""single"":[""solutions/game_2/single/rest-111111/top"",""solutions/game_2/single/rest-110111/bot""],""series"":[""solutions/game_2/series/home_wins_1/rest-111111/top"",""solutions/game_2/series/home_wins_1/rest-110111/bot""]}","[1,1,1,1,1,1]","[1,1,0,1,1,1]",1,0,4,3,home_win,home,0,74
21621,3,"{""single"":[""solutions/game_3/single/rest-110101/top"",""solutions/game_3/single/rest-011011/bot""],""series"":[""solutions/game_3/series/home_wins_2/rest-110101/top"",""solutions/game_3/series/home_wins_2/rest-011011/bot""]}","[1,1,0,1,0,1]","[0,1,1,0,1,1]",2,0,1,3,away_win,away,0,77
21621,4,"{""single"":[""solutions/game_4/single/rest-011010/top"",""solutions/game_4/single/rest-111100/bot""],""series"":[""solutions/game_4/series/home_wins_2/rest-011010/top"",""solutions/game_4/series/home_wins_2/rest-111100/bot""]}","[0,1,1,0,1,0]","[1,1,1,1,0,0]",2,1,5,3,home_win,home,0,78
21621,5,"{""single"":[""solutions/game_5/single/rest-100101/top"",""solutions/game_5/single/rest-110111/bot""],""series"":[""solutions/game_5/single/rest-100101/top"",""solutions/game_5/single/rest-110111/bot""]}","[1,0,0,1,0,1]","[1,1,0,1,1,1]",3,1,11,3,home_win,home,1,56
21622,1,"{""single"":[""solutions/game_1/single/rest-111111/top"",""solutions/game_1/single/rest-111111/bot""],""series"":[""solutions/game_1/series/rest-111111/top"",""solutions/game_1/series/rest-111111/bot""]}","[1,1,1,1,1,1]","[1,1,1,1,1,1]",0,0,10,2,home_win,home,0,77
21622,2,"{""single"":[""solutions/game_2/single/rest-111001/top"",""solutions/game_2/single/rest-110101/bot""],""series"":[""solutions/game_2/series/home_wins_1/rest-111001/top"",""solutions/game_2/series/home_wins_1/rest-110101/bot""]}","[1,1,1,0,0,1]","[1,1,0,1,0,1]",1,0,3,4,away_win,away,0,84
21622,3,"{""single"":[""solutions/game_3/single/rest-001111/top"",""solutions/game_3/single/rest-001010/bot""],""series"":[""solutions/game_3/series/home_wins_1/rest-001111/top"",""solutions/game_3/series/home_wins_1/rest-001010/bot""]}","[0,0,1,1,1,1]","[0,0,1,0,1,0]",1,1,6,0,home_win,home,0,74
21622,4,"{""single"":[""solutions/game_4/single/rest-010001/top"",""solutions/game_4/single/rest-110111/bot""],""series"":[""solutions/game_4/series/home_wins_2/rest-010001/top"",""solutions/game_4/series/home_wins_2/rest-110111/bot""]}","[0,1,0,0,0,1]","[1,1,0,1,1,1]",2,1,6,3,home_win,home,0,82
21622,5,"{""single"":[""solutions/game_5/single/rest-101110/top"",""solutions/game_5/single/rest-101111/bot""],""series"":[""solutions/game_5/single/rest-101110/top"",""solutions/game_5/single/rest-101111/bot""]}","[1,0,1,1,1,0]","[1,0,1,1,1,1]",3,1,3,4,away_win,away,1,81
21623,1,"{""single"":[""solutions/game_1/single/rest-111111/top"",""solutions/game_1/single/rest-111111/bot""],""series"":[""solutions/game_1/series/rest-111111/top"",""solutions/game_1/series/rest-111111/bot""]}","[1,1,1,1,1,1]","[1,1,1,1,1,1]",0,0,2,6,away_win,away,0,84
21623,2,"{""single"":[""solutions/game_2/single/rest-011001/top"",""solutions/game_2/single/rest-111010/bot""],""series"":[""solutions/game_2/series/home_wins_0/rest-011001/top"",""solutions/game_2/series/home_wins_0/rest-111010/bot""]}","[0,1,1,0,0,1]","[1,1,1,0,1,0]",0,1,3,4,away_win,away,0,86
21623,3,"{""single"":[""solutions/game_3/single/rest-100111/top"",""solutions/game_3/single/rest-100011/bot""],""series"":[""solutions/game_3/series/home_wins_0/rest-100111/top"",""solutions/game_3/series/home_wins_0/rest-100011/bot""]}","[1,0,0,1,1,1]","[1,0,0,0,1,1]",0,2,9,8,home_win,home,0,101
21623,4,"{""single"":[""solutions/game_4/single/rest-011010/top"",""solutions/game_4/single/rest-010111/bot""],""series"":[""solutions/game_4/series/home_wins_1/rest-011010/top"",""solutions/game_4/series/home_wins_1/rest-010111/bot""]}","[0,1,1,0,1,0]","[0,1,0,1,1,1]",1,2,1,8,away_win,away,0,82
21623,5,"{""single"":[""solutions/game_5/single/rest-111011/top"",""solutions/game_5/single/rest-101010/bot""],""series"":[""solutions/game_5/single/rest-111011/top"",""solutions/game_5/single/rest-101010/bot""]}","[1,1,1,0,1,1]","[1,0,1,0,1,0]",1,3,5,2,home_win,home,1,77
21624,1,"{""single"":[""solutions/game_1/single/rest-111111/top"",""solutions/game_1/single/rest-111111/bot""],""series"":[""solutions/game_1/series/rest-111111/top"",""solutions/game_1/series/rest-111111/bot""]}","[1,1,1,1,1,1]","[1,1,1,1,1,1]",0,0,0,8,away_win,away,0,33
21624,2,"{""single"":[""solutions/game_2/single/rest-111111/top"",""solutions/game_2/single/rest-111111/bot""],""series"":[""solutions/game_2/series/home_wins_0/rest-111111/top"",""solutions/game_2/series/home_wins_0/rest-111111/bot""]}","[1,1,1,1,1,1]","[1,1,1,1,1,1]",0,1,6,0,home_win,home,0,73
21624,3,"{""single"":[""solutions/game_3/single/rest-110001/top"",""solutions/game_3/single/rest-110111/bot""],""series"":[""solutions/game_3/series/home_wins_1/rest-110001/top"",""solutions/game_3/series/home_wins_1/rest-110111/bot""]}","[1,1,0,0,0,1]","[1,1,0,1,1,1]",1,1,2,9,away_win,away,0,85
21624,4,"{""single"":[""solutions/game_4/single/rest-001110/top"",""solutions/game_4/single/rest-011101/bot""],""series"":[""solutions/game_4/series/home_wins_1/rest-001110/top"",""solutions/game_4/series/home_wins_1/rest-011101/bot""]}","[0,0,1,1,1,0]","[0,1,1,1,0,1]",1,2,10,5,home_win,home,0,101
21624,5,"{""single"":[""solutions/game_5/single/rest-111101/top"",""solutions/game_5/single/rest-110111/bot""],""series"":[""solutions/game_5/single/rest-111101/top"",""solutions/game_5/single/rest-110111/bot""]}","[1,1,1,1,0,1]","[1,1,0,1,1,1]",2,2,10,9,home_win,home,0,104
21625,1,"{""single"":[""solutions/game_1/single/rest-111111/top"",""solutions/game_1/single/rest-111111/bot""],""series"":[""solutions/game_1/series/rest-111111/top"",""solutions/game_1/series/rest-111111/bot""]}","[1,1,1,1,1,1]","[1,1,1,1,1,1]",0,0,8,0,home_win,home,0,47
21625,2,"{""single"":[""solutions/game_2/single/rest-111111/top"",""solutions/game_2/single/rest-111101/bot""],""series"":[""solutions/game_2/series/home_wins_1/rest-111111/top"",""solutions/game_2/series/home_wins_1/rest-111101/bot""]}","[1,1,1,1,1,1]","[1,1,1,1,0,1]",1,0,3,6,away_win,away,0,86
21625,3,"{""single"":[""solutions/game_3/single/rest-010011/top"",""solutions/game_3/single/rest-010111/bot""],""series"":[""solutions/game_3/series/home_wins_1/rest-010011/top"",""solutions/game_3/series/home_wins_1/rest-010111/bot""]}","[0,1,0,0,1,1]","[0,1,0,1,1,1]",1,1,1,4,away_win,away,0,73
21625,4,"{""single"":[""solutions/game_4/single/rest-110100/top"",""solutions/game_4/single/rest-100110/bot""],""series"":[""solutions/game_4/series/home_wins_1/rest-110100/top"",""solutions/game_4/series/home_wins_1/rest-100110/bot""]}","[1,1,0,1,0,0]","[1,0,0,1,1,0]",1,2,2,4,away_win,away,0,77
21625,5,"{""single"":[""solutions/game_5/single/rest-011010/top"",""solutions/game_5/single/rest-011000/bot""],""series"":[""solutions/game_5/single/rest-011010/top"",""solutions/game_5/single/rest-011000/bot""]}","[0,1,1,0,1,0]","[0,1,1,0,0,0]",1,3,2,2,tie,away,1,90
21626,1,"{""single"":[""solutions/game_1/single/rest-111111/top"",""solutions/game_1/single/rest-111111/bot""],""series"":[""solutions/game_1/series/rest-111111/top"",""solutions/game_1/series/rest-111111/bot""]}","[1,1,1,1,1,1]","[1,1,1,1,1,1]",0,0,2,3,away_win,away,0,76
21626,2,"{""single"":[""solutions/game_2/single/rest-011000/top"",""solutions/game_2/single/rest-111010/bot""],""series"":[""solutions/game_2/series/home_wins_0/rest-011000/top"",""solutions/game_2/series/home_wins_0/rest-111010/bot""]}","[0,1,1,0,0,0]","[1,1,1,0,1,0]",0,1,3,2,home_win,home,0,70
21626,3,"{""single"":[""solutions/game_3/single/rest-101111/top"",""solutions/game_3/single/rest-101111/bot""],""series"":[""solutions/game_3/series/home_wins_1/rest-101111/top"",""solutions/game_3/series/home_wins_1/rest-101111/bot""]}","[1,0,1,1,1,1]","[1,0,1,1,1,1]",1,1,4,3,home_win,home,0,74
21626,4,"{""single"":[""solutions/game_4/single/rest-010011/top"",""solutions/game_4/single/rest-110111/bot""],""series"":[""solutions/game_4/series/home_wins_2/rest-010011/top"",""solutions/game_4/series/home_wins_2/rest-110111/bot""]}","[0,1,0,0,1,1]","[1,1,0,1,1,1]",2,1,2,1,home_win,home,0,71
21626,5,"{""single"":[""solutions/game_5/single/rest-111110/top"",""solutions/game_5/single/rest-011011/bot""],""series"":[""solutions/game_5/single/rest-111110/top"",""solutions/game_5/single/rest-011011/bot""]}","[1,1,1,1,1,0]","[0,1,1,0,1,1]",3,1,9,8,home_win,home,1,105
21627,1,"{""single"":[""solutions/game_1/single/rest-111111/top"",""solutions/game_1/single/rest-111111/bot""],""series"":[""solutions/game_1/series/rest-111111/top"",""solutions/game_1/series/rest-111111/bot""]}","[1,1,1,1,1,1]","[1,1,1,1,1,1]",0,0,5,2,home_win,home,0,88
21627,2,"{""single"":[""solutions/game_2/single/rest-110001/top"",""solutions/game_2/single/rest-110101/bot""],""series"":[""solutions/game_2/series/home_wins_1/rest-110001/top"",""solutions/game_2/series/home_wins_1/rest-110101/bot""]}","[1,1,0,0,0,1]","[1,1,0,1,0,1]",1,0,4,7,away_win,away,0,88
21627,3,"{""single"":[""solutions/game_3/single/rest-100110/top"",""solutions/game_3/single/rest-101010/bot""],""series"":[""solutions/game_3/series/home_wins_1/rest-100110/top"",""solutions/game_3/series/home_wins_1/rest-101010/bot""]}","[1,0,0,1,1,0]","[1,0,1,0,1,0]",1,1,6,5,home_win,home,0,93
21627,4,"{""single"":[""solutions/game_4/single/rest-011101/top"",""solutions/game_4/single/rest-100101/bot""],""series"":[""solutions/game_4/series/home_wins_2/rest-011101/top"",""solutions/game_4/series/home_wins_2/rest-100101/bot""]}","[0,1,1,1,0,1]","[1,0,0,1,0,1]",2,1,8,0,home_win,home,0,27
21627,5,"{""single"":[""solutions/game_5/single/rest-111111/top"",""solutions/game_5/single/rest-111111/bot""],""series"":[""solutions/game_5/single/rest-111111/top"",""solutions/game_5/single/rest-111111/bot""]}","[1,1,1,1,1,1]","[1,1,1,1,1,1]",3,1,8,6,home_win,home,1,89
21628,1,"{""single"":[""solutions/game_1/single/rest-111111/top"",""solutions/game_1/single/rest-111111/bot""],""series"":[""solutions/game_1/series/rest-111111/top"",""solutions/game_1/series/rest-111111/bot""]}","[1,1,1,1,1,1]","[1,1,1,1,1,1]",0,0,9,1,home_win,home,0,54
21628,2,"{""single"":[""solutions/game_2/single/rest-111111/top"",""solutions/game_2/single/rest-111111/bot""],""series"":[""solutions/game_2/series/home_wins_1/rest-111111/top"",""solutions/game_2/series/home_wins_1/rest-111111/bot""]}","[1,1,1,1,1,1]","[1,1,1,1,1,1]",1,0,3,3,tie,home,0,92
21628,3,"{""single"":[""solutions/game_3/single/rest-000011/top"",""solutions/game_3/single/rest-111111/bot""],""series"":[""solutions/game_3/series/home_wins_2/rest-000011/top"",""solutions/game_3/series/home_wins_2/rest-111111/bot""]}","[0,0,0,0,1,1]","[1,1,1,1,1,1]",2,0,6,10,away_win,away,0,99
21628,4,"{""single"":[""solutions/game_4/single/rest-111000/top"",""solutions/game_4/single/rest-001110/bot""],""series"":[""solutions/game_4/series/home_wins_2/rest-111000/top"",""solutions/game_4/series/home_wins_2/rest-001110/bot""]}","[1,1,1,0,0,0]","[0,0,1,1,1,0]",2,1,5,4,home_win,home,0,72
21628,5,"{""single"":[""solutions/game_5/single/rest-000111/top"",""solutions/game_5/single/rest-110110/bot""],""series"":[""solutions/game_5/single/rest-000111/top"",""solutions/game_5/single/rest-110110/bot""]}","[0,0,0,1,1,1]","[1,1,0,1,1,0]",3,1,6,2,home_win,home,1,76
21629,1,"{""single"":[""solutions/game_1/single/rest-111111/top"",""solutions/game_1/single/rest-111111/bot""],""series"":[""solutions/game_1/series/rest-111111/top"",""solutions/game_1/series/rest-111111/bot""]}","[1,1,1,1,1,1]","[1,1,1,1,1,1]",0,0,1,2,away_win,away,0,83
21629,2,"{""single"":[""solutions/game_2/single/rest-110001/top"",""solutions/game_2/single/rest-110010/bot""],""series"":[""solutions/game_2/series/home_wins_0/rest-110001/top"",""solutions/game_2/series/home_wins_0/rest-110010/bot""]}","[1,1,0,0,0,1]","[1,1,0,0,1,0]",0,1,8,5,home_win,home,0,86
21629,3,"{""single"":[""solutions/game_3/single/rest-001101/top"",""solutions/game_3/single/rest-111101/bot""],""series"":[""solutions/game_3/series/home_wins_1/rest-001101/top"",""solutions/game_3/series/home_wins_1/rest-111101/bot""]}","[0,0,1,1,0,1]","[1,1,1,1,0,1]",1,1,13,3,home_win,home,0,80
21629,4,"{""single"":[""solutions/game_4/single/rest-110111/top"",""solutions/game_4/single/rest-111110/bot""],""series"":[""solutions/game_4/series/home_wins_2/rest-110111/top"",""solutions/game_4/series/home_wins_2/rest-111110/bot""]}","[1,1,0,1,1,1]","[1,1,1,1,1,0]",2,1,2,5,away_win,away,0,76
21629,5,"{""single"":[""solutions/game_5/single/rest-011010/top"",""solutions/game_5/single/rest-111111/bot""],""series"":[""solutions/game_5/single/rest-011010/top"",""solutions/game_5/single/rest-111111/bot""]}","[0,1,1,0,1,0]","[1,1,1,1,1,1]",2,2,8,1,home_win,home,0,77
21630,1,"{""single"":[""solutions/game_1/single/rest-111111/top"",""solutions/game_1/single/rest-111111/bot""],""series"":[""solutions/game_1/series/rest-111111/top"",""solutions/game_1/series/rest-111111/bot""]}","[1,1,1,1,1,1]","[1,1,1,1,1,1]",0,0,5,0,home_win,home,0,69
21630,2,"{""single"":[""solutions/game_2/single/rest-111011/top"",""solutions/game_2/single/rest-111101/bot""],""series"":[""solutions/game_2/series/home_wins_1/rest-111011/top"",""solutions/game_2/series/home_wins_1/rest-111101/bot""]}","[1,1,1,0,1,1]","[1,1,1,1,0,1]",1,0,5,1,home_win,home,0,78
21630,3,"{""single"":[""solutions/game_3/single/rest-010100/top"",""solutions/game_3/single/rest-011111/bot""],""series"":[""solutions/game_3/series/home_wins_2/rest-010100/top"",""solutions/game_3/series/home_wins_2/rest-011111/bot""]}","[0,1,0,1,0,0]","[0,1,1,1,1,1]",2,0,5,10,away_win,away,0,95
21630,4,"{""single"":[""solutions/game_4/single/rest-111011/top"",""solutions/game_4/single/rest-101101/bot""],""series"":[""solutions/game_4/series/home_wins_2/rest-111011/top"",""solutions/game_4/series/home_wins_2/rest-101101/bot""]}","[1,1,1,0,1,1]","[1,0,1,1,0,1]",2,1,1,0,home_win,home,0,73
21630,5,"{""single"":[""solutions/game_5/single/rest-010100/top"",""solutions/game_5/single/rest-101110/bot""],""series"":[""solutions/game_5/single/rest-010100/top"",""solutions/game_5/single/rest-101110/bot""]}","[0,1,0,1,0,0]","[1,0,1,1,1,0]",3,1,4,3,home_win,home,1,76
21631,1,"{""single"":[""solutions/game_1/single/rest-111111/top"",""solutions/game_1/single/rest-111111/bot""],""series"":[""solutions/game_1/series/rest-111111/top"",""solutions/game_1/series/rest-111111/bot""]}","[1,1,1,1,1,1]","[1,1,1,1,1,1]",0,0,5,7,away_win,away,0,85
21631,2,"{""single"":[""solutions/game_2/single/rest-010001/top"",""solutions/game_2/single/rest-001010/bot""],""series"":[""solutions/game_2/series/home_wins_0/rest-010001/top"",""solutions/game_2/series/home_wins_0/rest-001010/bot""]}","[0,1,0,0,0,1]","[0,0,1,0,1,0]",0,1,3,5,away_win,away,0,74
21631,3,"{""single"":[""solutions/game_3/single/rest-101110/top"",""solutions/game_3/single/rest-001111/bot""],""series"":[""solutions/game_3/series/home_wins_0/rest-101110/top"",""solutions/game_3/series/home_wins_0/rest-001111/bot""]}","[1,0,1,1,1,0]","[0,0,1,1,1,1]",0,2,4,9,away_win,away,0,89
21631,4,"{""single"":[""solutions/game_4/single/rest-100011/top"",""solutions/game_4/single/rest-110010/bot""],""series"":[""solutions/game_4/single/rest-100011/top"",""solutions/game_4/single/rest-110010/bot""]}","[1,0,0,0,1,1]","[1,1,0,0,1,0]",0,3,4,12,away_win,away,1,78
21631,5,"{""single"":[""solutions/game_5/single/rest-011110/top"",""solutions/game_5/single/rest-101111/bot""],""series"":[""solutions/game_5/single/rest-011110/top"",""solutions/game_5/single/rest-101111/bot""]}","[0,1,1,1,1,0]","[1,0,1,1,1,1]",0,4,1,4,away_win,away,1,80
21632,1,"{""single"":[""solutions/game_1/single/rest-111111/top"",""solutions/game_1/single/rest-111111/bot""],""series"":[""solutions/game_1/series/rest-111111/top"",""solutions/game_1/series/rest-111111/bot""]}","[1,1,1,1,1,1]","[1,1,1,1,1,1]",0,0,8,6,home_win,home,0,83
21632,2,"{""single"":[""solutions/game_2/single/rest-110111/top"",""solutions/game_2/single/rest-110110/bot""],""series"":[""solutions/game_2/series/home_wins_1/rest-110111/top"",""solutions/game_2/series/home_wins_1/rest-110110/bot""]}","[1,1,0,1,1,1]","[1,1,0,1,1,0]",1,0,9,3,home_win,home,0,80
21632,3,"{""single"":[""solutions/game_3/single/rest-011100/top"",""solutions/game_3/single/rest-011111/bot""],""series"":[""solutions/game_3/series/home_wins_2/rest-011100/top"",""solutions/game_3/series/home_wins_2/rest-011111/bot""]}","[0,1,1,1,0,0]","[0,1,1,1,1,1]",2,0,4,3,home_win,home,0,69
21632,4,"{""single"":[""solutions/game_4/single/rest-111100/top"",""solutions/game_4/single/rest-111111/bot""],""series"":[""solutions/game_4/single/rest-111100/top"",""solutions/game_4/single/rest-111111/bot""]}","[1,1,1,1,0,0]","[1,1,1,1,1,1]",3,0,8,4,home_win,home,1,82
21632,5,"{""single"":[""solutions/game_5/single/rest-011011/top"",""solutions/game_5/single/rest-001010/bot""],""series"":[""solutions/game_5/single/rest-011011/top"",""solutions/game_5/single/rest-001010/bot""]}","[0,1,1,0,1,1]","[0,0,1,0,1,0]",4,0,5,6,away_win,away,1,96
