sequence,game,policies,home_initial_rest,away_initial_rest,home_wins_before,away_wins_before,home_score,away_score,terminal_result,winner,post_clinch,decisions
18945,1,"{""total"":[""solutions/game_1/total/rest-111111/top"",""solutions/game_1/total/rest-111111/bot""]}","[1,1,1,1,1,1]","[1,1,1,1,1,1]",0,0,0,9,away_win,away,0,71
18945,2,"{""total"":[""solutions/game_2/total/rest-111111/top"",""solutions/game_2/total/rest-111110/bot""]}","[1,1,1,1,1,1]","[1,1,1,1,1,0]",0,1,6,3,home_win,home,0,79
18945,3,"{""total"":[""solutions/game_3/total/rest-011011/top"",""solutions/game_3/total/rest-010111/bot""]}","[0,1,1,0,1,1]","[0,1,0,1,1,1]",1,1,6,4,home_win,home,0,81
18945,4,"{""total"":[""solutions/game_4/total/rest-111101/top"",""solutions/game_4/total/rest-111100/bot""]}","[1,1,1,1,0,1]","[1,1,1,1,0,0]",2,1,8,0,home_win,home,0,59
18945,5,"{""total"":[""solutions/game_5/single/rest-101111/top"",""solutions/game_5/single/rest-111111/bot""]}","[1,0,1,1,1,1]","[1,1,1,1,1,1]",3,1,2,1,home_win,home,1,75
18946,1,"{""total"":[""solutions/game_1/total/rest-111111/top"",""solutions/game_1/total/rest-111111/bot""]}","[1,1,1,1,1,1]","[1,1,1,1,1,1]",0,0,2,11,away_win,away,0,28
18946,2,"{""total"":[""solutions/game_2/total/rest-111111/top"",""solutions/game_2/total/rest-111111/bot""]}","[1,1,1,1,1,1]","[1,1,1,1,1,1]",0,1,1,0,home_win,home,0,73
18946,3,"{""total"":[""solutions/game_3/total/rest-111101/top"",""solutions/game_3/total/rest-011110/bot""]}","[1,1,1,1,0,1]","[0,1,1,1,1,0]",1,1,3,7,away_win,away,0,75
18946,4,"{""total"":[""solutions/game_4/total/rest-011110/top"",""solutions/game_4/total/rest-111101/bot""]}","[0,1,1,1,1,0]","[1,1,1,1,0,1]",1,2,7,1,home_win,home,0,69
18946,5,"{""total"":[""solutions/game_5/single/rest-101111/top"",""solutions/game_5/single/rest-111111/bot""]}","[1,0,1,1,1,1]","[1,1,1,1,1,1]",2,2,11,2,home_win,home,0,63
18947,1,"{""total"":[""solutions/game_1/total/rest-111111/top"",""solutions/game_1/total/rest-111111/bot""]}","[1,1,1,1,1,1]","[1,1,1,1,1,1]",0,0,7,6,home_win,home,0,85
18947,2,"{""total"":[""solutions/game_2/total/rest-110000/top"",""solutions/game_2/total/rest-001011/bot""]}","[1,1,0,0,0,0]","[0,0,1,0,1,1]",1,0,5,1,home_win,home,0,75
18947,3,"{""total"":[""solutions/game_3/total/rest-100111/top"",""solutions/game_3/total/rest-111011/bot""]}","[1,0,0,1,1,1]","[1,1,1,0,1,1]",2,0,1,5,away_win,away,0,78
18947,4,"{""total"":[""solutions/game_4/total/rest-101110/top"",""solutions/game_4/total/rest-001110/bot""]}","[1,0,1,1,1,0]","[0,0,1,1,1,0]",2,1,3,2,home_win,home,0,76
18947,5,"{""total"":[""solutions/game_5/single/rest-011101/top"",""solutions/game_5/single/rest-000111/bot""]}","[0,1,1,1,0,1]","[0,0,0,1,1,1]",3,1,4,3,home_win,home,1,73
18948,1,"{""total"":[""solutions/game_1/total/rest-111111/top"",""solutions/game_1/total/rest-111111/bot""]}","[1,1,1,1,1,1]","[1,1,1,1,1,1]",0,0,2,1,home_win,home,0,73
18948,2,"{""total"":[""solutions/game_2/total/rest-010011/top"",""solutions/game_2/total/rest-101011/bot""]}","[0,1,0,0,1,1]","[1,0,1,0,1,1]",1,0,7,6,home_win,home,0,90
18948,3,"{""total"":[""solutions/game_3/total/rest-101100/top"",""solutions/game_3/total/rest-111111/bot""]}","[1,0,1,1,0,0]","[1,1,1,1,1,1]",2,0,7,4,home_win,home,0,75
18948,4,"{""total"":[""solutions/game_4/total/rest-110011/top"",""solutions/game_4/total/rest-110111/bot""]}","[1,1,0,0,1,1]","[1,1,0,1,1,1]",3,0,9,2,home_win,home,1,82
18948,5,"{""total"":[""solutions/game_5/single/rest-101101/top"",""solutions/game_5/single/rest-111111/bot""]}","[1,0,1,1,0,1]","[1,1,1,1,1,1]",4,0,8,0,home_win,home,1,35
18949,1,"{""total"":[""solutions/game_1/total/rest-111111/top"",""solutions/game_1/total/rest-111111/bot""]}","[1,1,1,1,1,1]","[1,1,1,1,1,1]",0,0,8,10,away_win,away,0,91
18949,2,"{""total"":[""solutions/game_2/total/rest-111111/top"",""solutions/game_2/total/rest-111001/bot""]}","[1,1,1,1,1,1]","[1,1,1,0,0,1]",0,1,1,4,away_win,away,0,75
18949,3,"{""total"":[""solutions/game_3/total/rest-111011/top"",""solutions/game_3/total/rest-001111/bot""]}","[1,1,1,0,1,1]","[0,0,1,1,1,1]",0,2,10,2,home_win,home,0,69
18949,4,"{""total"":[""solutions/game_4/total/rest-111111/top"",""solutions/game_4/total/rest-111110/bot""]}","[1,1,1,1,1,1]","[1,1,1,1,1,0]",1,2,6,5,home_win,home,0,80
18949,5,"{""total"":[""solutions/game_5/single/rest-011100/top"",""solutions/game_5/single/rest-101011/bot""]}","[0,1,1,1,0,0]","[1,0,1,0,1,1]",2,2,5,11,away_win,away,0,97
18950,1,"{""total"":[""solutions/game_1/total/rest-111111/top"",""solutions/game_1/total/rest-111111/bot""]}","[1,1,1,1,1,1]","[1,1,1,1,1,1]",0,0,1,5,away_win,away,0,81
18950,2,"{""total"":[""solutions/game_2/total/rest-011110/top"",""solutions/game_2/total/rest-011100/bot""]}","[0,1,1,1,1,0]","[0,1,1,1,0,0]",0,1,3,12,away_win,away,0,75
18950,3,"{""total"":[""solutions/game_3/total/rest-110011/top"",""solutions/game_3/total/rest-110011/bot""]}","[1,1,0,0,1,1]","[1,1,0,0,1,1]",0,2,2,5,away_win,away,0,83
18950,4,"{""total"":[""solutions/game_4/total/rest-011101/top"",""solutions/game_4/total/rest-001010/bot""]}","[0,1,1,1,0,1]","[0,0,1,0,1,0]",0,3,7,4,home_win,home,1,82
18950,5,"{""total"":[""solutions/game_5/single/rest-110010/top"",""solutions/game_5/single/rest-010100/bot""]}","[1,1,0,0,1,0]","[0,1,0,1,0,0]",1,3,4,2,home_win,home,1,85
18951,1,"{""total"":[""solutions/game_1/total/rest-111111/top"",""solutions/game_1/total/rest-111111/bot""]}","[1,1,1,1,1,1]","[1,1,1,1,1,1]",0,0,4,7,away_win,away,0,84
18951,2,"{""total"":[""solutions/game_2/total/rest-101110/top"",""solutions/game_2/total/rest-011100/bot""]}","[1,0,1,1,1,0]","[0,1,1,1,0,0]",0,1,5,12,away_win,away,0,94
18951,3,"{""total"":[""solutions/game_3/total/rest-111011/top"",""solutions/game_3/total/rest-110011/bot""]}","[1,1,1,0,1,1]","[1,1,0,0,1,1]",0,2,7,1,home_win,home,0,76
18951,4,"{""total"":[""solutions/game_4/total/rest-111111/top"",""solutions/game_4/total/rest-011101/bot""]}","[1,1,1,1,1,1]","[0,1,1,1,0,1]",1,2,4,3,home_win,home,0,77
18951,5,"{""total"":[""solutions/game_5/single/rest-010111/top"",""solutions/game_5/single/rest-100111/bot""]}","[0,1,0,1,1,1]","[1,0,0,1,1,1]",2,2,2,0,home_win,home,0,68
18952,1,"{""total"":[""solutions/game_1/total/rest-111111/top"",""solutions/game_1/total/rest-111111/bot""]}","[1,1,1,1,1,1]","[1,1,1,1,1,1]",0,0,2,8,away_win,away,0,83
18952,2,"{""total"":[""solutions/game_2/total/rest-001111/top"",""solutions/game_2/total/rest-011110/bot""]}","[0,0,1,1,1,1]","[0,1,1,1,1,0]",0,1,4,7,away_win,away,0,82
18952,3,"{""total"":[""solutions/game_3/total/rest-111110/top"",""solutions/game_3/total/rest-110000/bot""]}","[1,1,1,1,1,0]","[1,1,0,0,0,0]",0,2,2,1,home_win,home,0,71
18952,4,"{""total"":[""solutions/game_4/total/rest-111001/top"",""solutions/game_4/total/rest-101111/bot""]}","[1,1,1,0,0,1]","[1,0,1,1,1,1]",1,2,5,8,away_win,away,0,88
18952,5,"{""total"":[""solutions/game_5/single/rest-011110/top"",""solutions/game_5/single/rest-110010/bot""]}","[0,1,1,1,1,0]","[1,1,0,0,1,0]",1,3,5,2,home_win,home,1,74
18953,1,"{""total"":[""solutions/game_1/total/rest-111111/top"",""solutions/game_1/total/rest-111111/bot""]}","[1,1,1,1,1,1]","[1,1,1,1,1,1]",0,0,10,0,home_win,home,0,16
18953,2,"{""total"":[""solutions/game_2/total/rest-111111/top"",""solutions/game_2/total/rest-111111/bot""]}","[1,1,1,1,1,1]","[1,1,1,1,1,1]",1,0,3,4,away_win,away,0,78
18953,3,"{""total"":[""solutions/game_3/total/rest-111011/top"",""solutions/game_3/total/rest-101010/bot""]}","[1,1,1,0,1,1]","[1,0,1,0,1,0]",1,1,7,6,home_win,home,0,92
18953,4,"{""total"":[""solutions/game_4/total/rest-110110/top"",""solutions/game_4/total/rest-010011/bot""]}","[1,1,0,1,1,0]","[0,1,0,0,1,1]",2,1,5,7,away_win,away,0,81
18953,5,"{""total"":[""solutions/game_5/single/rest-101011/top"",""solutions/game_5/single/rest-001100/bot""]}","[1,0,1,0,1,1]","[0,0,1,1,0,0]",2,2,8,13,away_win,away,0,105
18954,1,"{""total"":[""solutions/game_1/total/rest-111111/top"",""solutions/game_1/total/rest-111111/bot""]}","[1,1,1,1,1,1]","[1,1,1,1,1,1]",0,0,5,5,tie,away,0,97
18954,2,"{""total"":[""solutions/game_2/total/rest-000001/top"",""solutions/game_2/total/rest-110011/bot""]}","[0,0,0,0,0,1]","[1,1,0,0,1,1]",0,1,5,8,away_win,away,0,95
18954,3,"{""total"":[""solutions/game_3/total/rest-111111/top"",""solutions/game_3/total/rest-111100/bot""]}","[1,1,1,1,1,1]","[1,1,1,1,0,0]",0,2,9,2,home_win,home,0,78
18954,4,"{""total"":[""solutions/game_4/total/rest-111101/top"",""solutions/game_4/total/rest-110111/bot""]}","[1,1,1,1,0,1]","[1,1,0,1,1,1]",1,2,11,12,away_win,away,0,95
18954,5,"{""total"":[""solutions/game_5/single/rest-101000/top"",""solutions/game_5/single/rest-111001/bot""]}","[1,0,1,0,0,0]","[1,1,1,0,0,1]",1,3,8,0,home_win,home,1,20
18955,1,"{""total"":[""solutions/game_1/total/rest-111111/top"",""solutions/game_1/total/rest-111111/bot""]}","[1,1,1,1,1,1]","[1,1,1,1,1,1]",0,0,1,3,away_win,away,0,78
18955,2,"{""total"":[""solutions/game_2/total/rest-011111/top"",""solutions/game_2/total/rest-111010/bot""]}","[0,1,1,1,1,1]","[1,1,1,0,1,0]",0,1,9,0,home_win,home,0,33
18955,3,"{""total"":[""solutions/game_3/total/rest-111111/top"",""solutions/game_3/total/rest-111111/bot""]}","[1,1,1,1,1,1]","[1,1,1,1,1,1]",1,1,10,1,home_win,home,0,77
18955,4,"{""total"":[""solutions/game_4/total/rest-111110/top"",""solutions/game_4/total/rest-110111/bot""]}","[1,1,1,1,1,0]","[1,1,0,1,1,1]",2,1,3,7,away_win,away,0,88
18955,5,"{""total"":[""solutions/game_5/single/rest-010110/top"",""solutions/game_5/single/rest-111010/bot""]}","[0,1,0,1,1,0]","[1,1,1,0,1,0]",2,2,6,2,home_win,home,0,77
18956,1,"{""total"":[""solutions/game_1/total/rest-111111/top"",""solutions/game_1/total/rest-111111/bot""]}","[1,1,1,1,1,1]","[1,1,1,1,1,1]",0,0,8,7,home_win,home,0,88
18956,2,"{""total"":[""solutions/game_2/total/rest-110001/top"",""solutions/game_2/total/rest-111010/bot""]}","[1,1,0,0,0,1]","[1,1,1,0,1,0]",1,0,2,1,home_win,home,0,70
18956,3,"{""total"":[""solutions/game_3/total/rest-111110/top"",""solutions/game_3/total/rest-110111/bot""]}","[1,1,1,1,1,0]","[1,1,0,1,1,1]",2,0,1,8,away_win,away,0,83
18956,4,"{""total"":[""solutions/game_4/total/rest-100111/top"",""solutions/game_4/total/rest-111011/bot""]}","[1,0,0,1,1,1]","[1,1,1,0,1,1]",2,1,0,8,away_win,away,0,51
18956,5,"{""total"":[""solutions/game_5/single/rest-111110/top"",""solutions/game_5/single/rest-111111/bot""]}","[1,1,1,1,1,0]","[1,1,1,1,1,1]",2,2,6,2,home_win,home,0,82
18957,1,"{""total"":[""solutions/game_1/total/rest-111111/top"",""solutions/game_1/total/rest-111111/bot""]}","[1,1,1,1,1,1]","[1,1,1,1,1,1]",0,0,0,8,away_win,away,0,51
18957,2,"{""total"":[""solutions/game_2/total/rest-111111/top"",""solutions/game_2/total/rest-111111/bot""]}","[1,1,1,1,1,1]","[1,1,1,1,1,1]",0,1,5,3,home_win,home,0,79
18957,3,"{""total"":[""solutions/game_3/total/rest-111101/top"",""solutions/game_3/total/rest-011110/bot""]}","[1,1,1,1,0,1]","[0,1,1,1,1,0]",1,1,11,3,home_win,home,0,84
18957,4,"{""total"":[""solutions/game_4/total/rest-111010/top"",""solutions/game_4/total/rest-111111/bot""]}","[1,1,1,0,1,0]","[1,1,1,1,1,1]",2,1,3,4,away_win,away,0,81
18957,5,"{""total"":[""solutions/game_5/single/rest-001111/top"",""solutions/game_5/single/rest-101011/bot""]}","[0,0,1,1,1,1]","[1,0,1,0,1,1]",2,2,6,5,home_win,home,0,89
18958,1,"{""total"":[""solutions/game_1/total/rest-111111/top"",""solutions/game_1/total/rest-111111/bot""]}","[1,1,1,1,1,1]","[1,1,1,1,1,1]",0,0,8,0,home_win,home,0,43
18958,2,"{""total"":[""solutions/game_2/total/rest-111111/top"",""solutions/game_2/total/rest-111111/bot""]}","[1,1,1,1,1,1]","[1,1,1,1,1,1]",1,0,6,5,home_win,home,0,96
18958,3,"{""total"":[""solutions/game_3/total/rest-000011/top"",""solutions/game_3/total/rest-001111/bot""]}","[0,0,0,0,1,1]","[0,0,1,1,1,1]",2,0,2,10,away_win,away,0,45
18958,4,"{""total"":[""solutions/game_4/total/rest-111111/top"",""solutions/game_4/total/rest-111111/bot""]}","[1,1,1,1,1,1]","[1,1,1,1,1,1]",2,1,0,9,away_win,away,0,62
18958,5,"{""total"":[""solutions/game_5/single/rest-111111/top"",""solutions/game_5/single/rest-111111/bot""]}","[1,1,1,1,1,1]","[1,1,1,1,1,1]",2,2,11,3,home_win,home,0,78
18959,1,"{""total"":[""solutions/game_1/total/rest-111111/top"",""solutions/game_1/total/rest-111111/bot""]}","[1,1,1,1,1,1]","[1,1,1,1,1,1]",0,0,3,5,away_win,away,0,86
18959,2,"{""total"":[""solutions/game_2/total/rest-011100/top"",""solutions/game_2/total/rest-001111/bot""]}","[0,1,1,1,0,0]","[0,0,1,1,1,1]",0,1,1,6,away_win,away,0,81
18959,3,"{""total"":[""solutions/game_3/total/rest-101011/top"",""solutions/game_3/total/rest-111010/bot""]}","[1,0,1,0,1,1]","[1,1,1,0,1,0]",0,2,8,0,home_win,home,0,35
18959,4,"{""total"":[""solutions/game_4/total/rest-111111/top"",""solutions/game_4/total/rest-111111/bot""]}","[1,1,1,1,1,1]","[1,1,1,1,1,1]",1,2,4,1,home_win,home,0,72
18959,5,"{""total"":[""solutions/game_5/single/rest-111001/top"",""solutions/game_5/single/rest-011011/bot""]}","[1,1,1,0,0,1]","[0,1,1,0,1,1]",2,2,2,6,away_win,away,0,85
18960,1,"{""total"":[""solutions/game_1/total/rest-111111/top"",""solutions/game_1/total/rest-111111/bot""]}","[1,1,1,1,1,1]","[1,1,1,1,1,1]",0,0,3,6,away_win,away,0,81
18960,2,"{""total"":[""solutions/game_2/total/rest-110011/top"",""solutions/game_2/total/rest-101011/bot""]}","[1,1,0,0,1,1]","[1,0,1,0,1,1]",0,1,6,7,away_win,away,0,90
18960,3,"{""total"":[""solutions/game_3/total/rest-111100/top"",""solutions/game_3/total/rest-101000/bot""]}","[1,1,1,1,0,0]","[1,0,1,0,0,0]",0,2,15,7,home_win,home,0,83
18960,4,"{""total"":[""solutions/game_4/total/rest-111011/top"",""solutions/game_4/total/rest-100111/bot""]}","[1,1,1,0,1,1]","[1,0,0,1,1,1]",1,2,3,2,home_win,home,0,73
18960,5,"{""total"":[""solutions/game_5/single/rest-111101/top"",""solutions/game_5/single/rest-011111/bot""]}","[1,1,1,1,0,1]","[0,1,1,1,1,1]",2,2,6,7,away_win,away,0,91
18961,1,"{""total"":[""solutions/game_1/total/rest-111111/top"",""solutions/game_1/total/rest-111111/bot""]}","[1,1,1,1,1,1]","[1,1,1,1,1,1]",0,0,3,4,away_win,away,0,87
18961,2,"{""total"":[""solutions/game_2/total/rest-110001/top"",""solutions/game_2/total/rest-001110/bot""]}","[1,1,0,0,0,1]","[0,0,1,1,1,0]",0,1,7,0,home_win,home,0,76
18961,3,"{""total"":[""solutions/game_3/total/rest-101111/top"",""solutions/game_3/total/rest-111101/bot""]}","[1,0,1,1,1,1]","[1,1,1,1,0,1]",1,1,3,2,home_win,home,0,72
18961,4,"{""total"":[""solutions/game_4/total/rest-110001/top"",""solutions/game_4/total/rest-110111/bot""]}","[1,1,0,0,0,1]","[1,1,0,1,1,1]",2,1,6,5,home_win,home,0,75
18961,5,"{""total"":[""solutions/game_5/single/rest-011110/top"",""solutions/game_5/single/rest-001110/bot""]}","[0,1,1,1,1,0]","[0,0,1,1,1,0]",3,1,8,0,home_win,home,1,16
18962,1,"{""total"":[""solutions/game_1/total/rest-111111/top"",""solutions/game_1/total/rest-111111/bot""]}","[1,1,1,1,1,1]","[1,1,1,1,1,1]",0,0,2,3,away_win,away,0,86
18962,2,"{""total"":[""solutions/game_2/total/rest-010111/top"",""solutions/game_2/total/rest-001010/bot""]}","[0,1,0,1,1,1]","[0,0,1,0,1,0]",0,1,2,3,away_win,away,0,77
18962,3,"{""total"":[""solutions/game_3/total/rest-111001/top"",""solutions/game_3/total/rest-111111/bot""]}","[1,1,1,0,0,1]","[1,1,1,1,1,1]",0,2,7,9,away_win,away,0,88
18962,4,"{""total"":[""solutions/game_4/total/rest-111111/top"",""solutions/game_4/total/rest-010010/bot""]}","[1,1,1,1,1,1]","[0,1,0,0,1,0]",0,3,1,9,away_win,away,1,49
18962,5,"{""total"":[""solutions/game_5/single/rest-011111/top"",""solutions/game_5/single/rest-111111/bot""]}","[0,1,1,1,1,1]","[1,1,1,1,1,1]",0,4,6,7,away_win,away,1,93
18963,1,"{""total"":[""solutions/game_1/total/rest-111111/top"",""solutions/game_1/total/rest-111111/bot""]}","[1,1,1,1,1,1]","[1,1,1,1,1,1]",0,0,1,4,away_win,away,0,72
18963,2,"{""total"":[""solutions/game_2/total/rest-001111/top"",""solutions/game_2/total/rest-001111/bot""]}","[0,0,1,1,1,1]","[0,0,1,1,1,1]",0,1,8,5,home_win,home,0,85
18963,3,"{""total"":[""solutions/game_3/total/rest-110001/top"",""solutions/game_3/total/rest-110101/bot""]}","[1,1,0,0,0,1]","[1,1,0,1,0,1]",1,1,0,4,away_win,away,0,76
18963,4,"{""total"":[""solutions/game_4/total/rest-011110/top"",""solutions/game_4/total/rest-101111/bot""]}","[0,1,1,1,1,0]","[1,0,1,1,1,1]",1,2,6,14,away_win,away,0,79
18963,5,"{""total"":[""solutions/game_5/single/rest-100110/top"",""solutions/game_5/single/rest-111101/bot""]}","[1,0,0,1,1,0]","[1,1,1,1,0,1]",1,3,0,9,away_win,away,1,29
18964,1,"{""total"":[""solutions/game_1/total/rest-111111/top"",""solutions/game_1/total/rest-111111/bot""]}","[1,1,1,1,1,1]","[1,1,1,1,1,1]",0,0,4,9,away_win,away,0,84
18964,2,"{""total"":[""solutions/game_2/total/rest-101101/top"",""solutions/game_2/total/rest-001101/bot""]}","[1,0,1,1,0,1]","[0,0,1,1,0,1]",0,1,0,8,away_win,away,0,55
18964,3,"{""total"":[""solutions/game_3/total/rest-111100/top"",""solutions/game_3/total/rest-111111/bot""]}","[1,1,1,1,0,0]","[1,1,1,1,1,1]",0,2,1,5,away_win,away,0,82
18964,4,"{""total"":[""solutions/game_4/total/rest-000111/top"",""solutions/game_4/total/rest-001111/bot""]}","[0,0,0,1,1,1]","[0,0,1,1,1,1]",0,3,6,5,home_win,home,1,81
18964,5,"{""total"":[""solutions/game_5/single/rest-111011/top"",""solutions/game_5/single/rest-111011/bot""]}","[1,1,1,0,1,1]","[1,1,1,0,1,1]",1,3,3,5,away_win,away,1,81
18965,1,"{""total"":[""solutions/game_1/total/rest-111111/top"",""solutions/game_1/total/rest-111111/bot""]}","[1,1,1,1,1,1]","[1,1,1,1,1,1]",0,0,13,4,home_win,home,0,63
18965,2,"{""total"":[""solutions/game_2/total/rest-111101/top"",""solutions/game_2/total/rest-110111/bot""]}","[1,1,1,1,0,1]","[1,1,0,1,1,1]",1,0,8,0,home_win,home,0,46
18965,3,"{""total"":[""solutions/game_3/total/rest-111101/top"",""solutions/game_3/total/rest-111111/bot""]}","[1,1,1,1,0,1]","[1,1,1,1,1,1]",2,0,3,4,away_win,away,0,78
18965,4,"{""total"":[""solutions/game_4/total/rest-011110/top"",""solutions/game_4/total/rest-001111/bot""]}","[0,1,1,1,1,0]","[0,0,1,1,1,1]",2,1,19,11,home_win,home,0,87
18965,5,"{""total"":[""solutions/game_5/single/rest-101011/top"",""solutions/game_5/single/rest-110101/bot""]}","[1,0,1,0,1,1]","[1,1,0,1,0,1]",3,1,4,7,away_win,away,1,90
18966,1,"{""total"":[""solutions/game_1/total/rest-111111/top"",""solutions/game_1/total/rest-111111/bot""]}","[1,1,1,1,1,1]","[1,1,1,1,1,1]",0,0,2,9,away_win,away,0,89
18966,2,"{""total"":[""solutions/game_2/total/rest-011110/top"",""solutions/game_2/total/rest-111110/bot""]}","[0,1,1,1,1,0]","[1,1,1,1,1,0]",0,1,2,8,away_win,away,0,89
18966,3,"{""total"":[""solutions/game_3/total/rest-101111/top"",""solutions/game_3/total/rest-001111/bot""]}","[1,0,1,1,1,1]","[0,0,1,1,1,1]",0,2,7,7,tie,away,0,97
18966,4,"{""total"":[""solutions/game_4/total/rest-111011/top"",""solutions/game_4/total/rest-111101/bot""]}","[1,1,1,0,1,1]","[1,1,1,1,0,1]",0,3,5,13,away_win,away,1,79
18966,5,"{""total"":[""solutions/game_5/single/rest-111110/top"",""solutions/game_5/single/rest-111111/bot""]}","[1,1,1,1,1,0]","[1,1,1,1,1,1]",0,4,0,1,away_win,away,1,82
18967,1,"{""total"":[""solutions/game_1/total/rest-111111/top"",""solutions/game_1/total/rest-111111/bot""]}","[1,1,1,1,1,1]","[1,1,1,1,1,1]",0,0,9,1,home_win,home,0,74
18967,2,"{""total"":[""solutions/game_2/total/rest-110111/top"",""solutions/game_2/total/rest-111111/bot""]}","[1,1,0,1,1,1]","[1,1,1,1,1,1]",1,0,10,3,home_win,home,0,85
18967,3,"{""total"":[""solutions/game_3/total/rest-111001/top"",""solutions/game_3/total/rest-110110/bot""]}","[1,1,1,0,0,1]","[1,1,0,1,1,0]",2,0,3,5,away_win,away,0,84
18967,4,"{""total"":[""solutions/game_4/total/rest-001110/top"",""solutions/game_4/total/rest-101001/bot""]}","[0,0,1,1,1,0]","[1,0,1,0,0,1]",2,1,3,10,away_win,away,0,94
18967,5,"{""total"":[""solutions/game_5/single/rest-101100/top"",""solutions/game_5/single/rest-110111/bot""]}","[1,0,1,1,0,0]","[1,1,0,1,1,1]",2,2,2,3,away_win,away,0,75
18968,1,"{""total"":[""solutions/game_1/total/rest-111111/top"",""solutions/game_1/total/rest-111111/bot""]}","[1,1,1,1,1,1]","[1,1,1,1,1,1]",0,0,7,3,home_win,home,0,84
18968,2,"{""total"":[""solutions/game_2/total/rest-101001/top"",""solutions/game_2/total/rest-010111/bot""]}","[1,0,1,0,0,1]","[0,1,0,1,1,1]",1,0,6,0,home_win,home,0,72
18968,3,"{""total"":[""solutions/game_3/total/rest-111110/top"",""solutions/game_3/total/rest-111001/bot""]}","[1,1,1,1,1,0]","[1,1,1,0,0,1]",2,0,8,7,home_win,home,0,104
18968,4,"{""total"":[""solutions/game_4/total/rest-111011/top"",""solutions/game_4/total/rest-011110/bot""]}","[1,1,1,0,1,1]","[0,1,1,1,1,0]",3,0,7,9,away_win,away,1,93
18968,5,"{""total"":[""solutions/game_5/single/rest-111111/top"",""solutions/game_5/single/rest-100100/bot""]}","[1,1,1,1,1,1]","[1,0,0,1,0,0]",3,1,12,4,home_win,home,1,71
18969,1,"{""total"":[""solutions/game_1/total/rest-111111/top"",""solutions/game_1/total/rest-111111/bot""]}","[1,1,1,1,1,1]","[1,1,1,1,1,1]",0,0,3,4,away_win,away,0,79
18969,2,"{""total"":[""solutions/game_2/total/rest-100101/top"",""solutions/game_2/total/rest-111110/bot""]}","[1,0,0,1,0,1]","[1,1,1,1,1,0]",0,1,9,1,home_win,home,0,80
18969,3,"{""total"":[""solutions/game_3/total/rest-111010/top"",""solutions/game_3/total/rest-111101/bot""]}","[1,1,1,0,1,0]","[1,1,1,1,0,1]",1,1,4,2,home_win,home,0,75
18969,4,"{""total"":[""solutions/game_4/total/rest-011111/top"",""solutions/game_4/total/rest-110110/bot""]}","[0,1,1,1,1,1]","[1,1,0,1,1,0]",2,1,4,3,home_win,home,0,71
18969,5,"{""total"":[""solutions/game_5/single/rest-111011/top"",""solutions/game_5/single/rest-011101/bot""]}","[1,1,1,0,1,1]","[0,1,1,1,0,1]",3,1,8,7,home_win,home,1,91
18970,1,"{""total"":[""solutions/game_1/total/rest-111111/top"",""solutions/game_1/total/rest-111111/bot""]}","[1,1,1,1,1,1]","[1,1,1,1,1,1]",0,0,4,3,home_win,home,0,75
18970,2,"{""total"":[""solutions/game_2/total/rest-110001/top"",""solutions/game_2/total/rest-111011/bot""]}","[1,1,0,0,0,1]","[1,1,1,0,1,1]",1,0,7,6,home_win,home,0,89
18970,3,"{""total"":[""solutions/game_3/total/rest-001010/top"",""solutions/game_3/total/rest-111101/bot""]}","[0,0,1,0,1,0]","[1,1,1,1,0,1]",2,0,2,0,home_win,home,0,68
18970,4,"{""total"":[""solutions/game_4/total/rest-010101/top"",""solutions/game_4/total/rest-110111/bot""]}","[0,1,0,1,0,1]","[1,1,0,1,1,1]",3,0,6,5,home_win,home,1,77
18970,5,"{""total"":[""solutions/game_5/single/rest-101110/top"",""solutions/game_5/single/rest-011110/bot""]}","[1,0,1,1,1,0]","[0,1,1,1,1,0]",4,0,6,11,away_win,away,1,105
18971,1,"{""total"":[""solutions/game_1/total/rest-111111/top"",""solutions/game_1/total/rest-111111/bot""]}","[1,1,1,1,1,1]","[1,1,1,1,1,1]",0,0,5,6,away_win,away,0,97
18971,2,"{""total"":[""solutions/game_2/total/rest-001011/top"",""solutions/game_2/total/rest-001011/bot""]}","[0,0,1,0,1,1]","[0,0,1,0,1,1]",0,1,1,2,away_win,away,0,76
18971,3,"{""total"":[""solutions/game_3/total/rest-110101/top"",""solutions/game_3/total/rest-111101/bot""]}","[1,1,0,1,0,1]","[1,1,1,1,0,1]",0,2,5,10,away_win,away,0,90
18971,4,"{""total"":[""solutions/game_4/total/rest-011110/top"",""solutions/game_4/total/rest-001011/bot""]}","[0,1,1,1,1,0]","[0,0,1,0,1,1]",0,3,3,4,away_win,away,1,75
18971,5,"{""total"":[""solutions/game_5/single/rest-110101/top"",""solutions/game_5/single/rest-111100/bot""]}","[1,1,0,1,0,1]","[1,1,1,1,0,0]",0,4,9,8,home_win,home,1,94
18972,1,"{""total"":[""solutions/game_1/total/rest-111111/top"",""solutions/game_1/total/rest-111111/bot""]}","[1,1,1,1,1,1]","[1,1,1,1,1,1]",0,0,10,2,home_win,home,0,65
18972,2,"{""total"":[""solutions/game_2/total/rest-111101/top"",""solutions/game_2/total/rest-011111/bot""]}","[1,1,1,1,0,1]","[0,1,1,1,1,1]",1,0,12,5,home_win,home,0,87
18972,3,"{""total"":[""solutions/game_3/total/rest-111101/top"",""solutions/game_3/total/rest-110101/bot""]}","[1,1,1,1,0,1]","[1,1,0,1,0,1]",2,0,4,1,home_win,home,0,75
18972,4,"{""total"":[""solutions/game_4/total/rest-111111/top"",""solutions/game_4/total/rest-101111/bot""]}","[1,1,1,1,1,1]","[1,0,1,1,1,1]",3,0,5,11,away_win,away,1,99
18972,5,"{""total"":[""solutions/game_5/single/rest-101110/top"",""solutions/game_5/single/rest-110110/bot""]}","[1,0,1,1,1,0]","[1,1,0,1,1,0]",3,1,2,10,away_win,away,1,74
18973,1,"{""total"":[""solutions/game_1/total/rest-111111/top"",""solutions/game_1/total/rest-111111/bot""]}","[1,1,1,1,1,1]","[1,1,1,1,1,1]",0,0,5,4,home_win,home,0,81
18973,2,"{""total"":[""solutions/game_2/total/rest-011011/top"",""solutions/game_2/total/rest-100101/bot""]}","[0,1,1,0,1,1]","[1,0,0,1,0,1]",1,0,5,10,away_win,away,0,99
18973,3,"{""total"":[""solutions/game_3/total/rest-111100/top"",""solutions/game_3/total/rest-011100/bot""]}","[1,1,1,1,0,0]","[0,1,1,1,0,0]",1,1,2,4,away_win,away,0,76
18973,4,"{""total"":[""solutions/game_4/total/rest-101001/top"",""solutions/game_4/total/rest-110011/bot""]}","[1,0,1,0,0,1]","[1,1,0,0,1,1]",1,2,0,4,away_win,away,0,73
18973,5,"{""total"":[""solutions/game_5/single/rest-111111/top"",""solutions/game_5/single/rest-111110/bot""]}","[1,1,1,1,1,1]","[1,1,1,1,1,0]",1,3,4,5,away_win,away,1,95
18974,1,"{""total"":[""solutions/game_1/total/rest-111111/top"",""solutions/game_1/total/rest-111111/bot""]}","[1,1,1,1,1,1]","[1,1,1,1,1,1]",0,0,4,7,away_win,away,0,89
18974,2,"{""total"":[""solutions/game_2/total/rest-011011/top"",""solutions/game_2/total/rest-101111/bot""]}","[0,1,1,0,1,1]","[1,0,1,1,1,1]",0,1,5,3,home_win,home,0,81
18974,3,"{""total"":[""solutions/game_3/total/rest-010100/top"",""solutions/game_3/total/rest-010010/bot""]}","[0,1,0,1,0,0]","[0,1,0,0,1,0]",1,1,3,2,home_win,home,0,73
18974,4,"{""total"":[""solutions/game_4/total/rest-101100/top"",""solutions/game_4/total/rest-111101/bot""]}","[1,0,1,1,0,0]","[1,1,1,1,0,1]",2,1,12,8,home_win,home,0,92
18974,5,"{""total"":[""solutions/game_5/single/rest-101111/top"",""solutions/game_5/single/rest-110111/bot""]}","[1,0,1,1,1,1]","[1,1,0,1,1,1]",3,1,8,5,home_win,home,1,89
18975,1,"{""total"":[""solutions/game_1/total/rest-111111/top"",""solutions/game_1/total/rest-111111/bot""]}","[1,1,1,1,1,1]","[1,1,1,1,1,1]",0,0,3,5,away_win,away,0,81
18975,2,"{""total"":[""solutions/game_2/total/rest-011111/top"",""solutions/game_2/total/rest-101010/bot""]}","[0,1,1,1,1,1]","[1,0,1,0,1,0]",0,1,1,9,away_win,away,0,20
18975,3,"{""total"":[""solutions/game_3/total/rest-111111/top"",""solutions/game_3/total/rest-111111/bot""]}","[1,1,1,1,1,1]","[1,1,1,1,1,1]",0,2,8,9,away_win,away,0,91
18975,4,"{""total"":[""solutions/game_4/total/rest-111011/top"",""solutions/game_4/total/rest-101000/bot""]}","[1,1,1,0,1,1]","[1,0,1,0,0,0]",0,3,1,4,away_win,away,1,73
18975,5,"{""total"":[""solutions/game_5/single/rest-111100/top"",""solutions/game_5/single/rest-100101/bot""]}","[1,1,1,1,0,0]","[1,0,0,1,0,1]",0,4,10,7,home_win,home,1,92
18976,1,"{""total"":[""solutions/game_1/total/rest-111111/top"",""solutions/game_1/total/rest-111111/bot""]}","[1,1,1,1,1,1]","[1,1,1,1,1,1]",0,0,9,0,home_win,home,0,64
18976,2,"{""total"":[""solutions/game_2/total/rest-111011/top"",""solutions/game_2/total/rest-111101/bot""]}","[1,1,1,0,1,1]","[1,1,1,1,0,1]",1,0,7,11,away_win,away,0,100
18976,3,"{""total"":[""solutions/game_3/total/rest-000110/top"",""solutions/game_3/total/rest-011010/bot""]}","[0,0,0,1,1,0]","[0,1,1,0,1,0]",1,1,2,3,away_win,away,0,74
18976,4,"{""total"":[""solutions/game_4/total/rest-111011/top"",""solutions/game_4/total/rest-101101/bot""]}","[1,1,1,0,1,1]","[1,0,1,1,0,1]",1,2,2,6,away_win,away,0,85
18976,5,"{""total"":[""solutions/game_5/single/rest-111110/top"",""solutions/game_5/single/rest-010111/bot""]}","[1,1,1,1,1,0]","[0,1,0,1,1,1]",1,3,7,6,home_win,home,1,80
18977,1,"{""total"":[""solutions/game_1/total/rest-111111/top"",""solutions/game_1/total/rest-111111/bot""]}","[1,1,1,1,1,1]","[1,1,1,1,1,1]",0,0,9,1,home_win,home,0,76
18977,2,"{""total"":[""solutions/game_2/total/rest-111101/top"",""solutions/game_2/total/rest-111101/bot""]}","[1,1,1,1,0,1]","[1,1,1,1,0,1]",1,0,7,6,home_win,home,0,93
18977,3,"{""total"":[""solutions/game_3/total/rest-001110/top"",""solutions/game_3/total/rest-101000/bot""]}","[0,0,1,1,1,0]","[1,0,1,0,0,0]",2,0,2,4,away_win,away,0,81
18977,4,"{""total"":[""solutions/game_4/total/rest-111001/top"",""solutions/game_4/total/rest-011111/bot""]}","[1,1,1,0,0,1]","[0,1,1,1,1,1]",2,1,3,1,home_win,home,0,70
18977,5,"{""total"":[""solutions/game_5/single/rest-010111/top"",""solutions/game_5/single/rest-110101/bot""]}","[0,1,0,1,1,1]","[1,1,0,1,0,1]",3,1,4,6,away_win,away,1,91
18978,1,"{""total"":[""solutions/game_1/total/rest-111111/top"",""solutions/game_1/total/rest-111111/bot""]}","[1,1,1,1,1,1]","[1,1,1,1,1,1]",0,0,7,1,home_win,home,0,74
18978,2,"{""total"":[""solutions/game_2/total/rest-111100/top"",""solutions/game_2/total/rest-111100/bot""]}","[1,1,1,1,0,0]","[1,1,1,1,0,0]",1,0,5,7,away_win,away,0,79
18978,3,"{""total"":[""solutions/game_3/total/rest-011011/top"",""solutions/game_3/total/rest-101101/bot""]}","[0,1,1,0,1,1]","[1,0,1,1,0,1]",1,1,2,12,away_win,away,0,65
18978,4,"{""total"":[""solutions/game_4/total/rest-111111/top"",""solutions/game_4/total/rest-111111/bot""]}","[1,1,1,1,1,1]","[1,1,1,1,1,1]",1,2,4,8,away_win,away,0,85
18978,5,"{""total"":[""solutions/game_5/single/rest-110111/top"",""solutions/game_5/single/rest-001100/bot""]}","[1,1,0,1,1,1]","[0,0,1,1,0,0]",1,3,7,6,home_win,home,1,91
18979,1,"{""total"":[""solutions/game_1/total/rest-111111/top"",""solutions/game_1/total/rest-111111/bot""]}","[1,1,1,1,1,1]","[1,1,1,1,1,1]",0,0,7,11,away_win,away,0,94
18979,2,"{""total"":[""solutions/game_2/total/rest-111101/top"",""solutions/game_2/total/rest-111100/bot""]}","[1,1,1,1,0,1]","[1,1,1,1,0,0]",0,1,2,3,away_win,away,0,82
18979,3,"{""total"":[""solutions/game_3/total/rest-111000/top"",""solutions/game_3/total/rest-011111/bot""]}","[1,1,1,0,0,0]","[0,1,1,1,1,1]",0,2,4,5,away_win,away,0,84
18979,4,"{""total"":[""solutions/game_4/total/rest-110011/top"",""solutions/game_4/total/rest-100011/bot""]}","[1,1,0,0,1,1]","[1,0,0,0,1,1]",0,3,1,9,away_win,away,1,54
18979,5,"{""total"":[""solutions/game_5/single/rest-110111/top"",""solutions/game_5/single/rest-111111/bot""]}","[1,1,0,1,1,1]","[1,1,1,1,1,1]",0,4,1,1,tie,home,1,86
18980,1,"{""total"":[""solutions/game_1/total/rest-111111/top"",""solutions/game_1/total/rest-111111/bot""]}","[1,1,1,1,1,1]","[1,1,1,1,1,1]",0,0,6,3,home_win,home,0,84
18980,2,"{""total"":[""solutions/game_2/total/rest-111001/top"",""solutions/game_2/total/rest-111111/bot""]}","[1,1,1,0,0,1]","[1,1,1,1,1,1]",1,0,3,5,away_win,away,0,80
18980,3,"{""total"":[""solutions/game_3/total/rest-111110/top"",""solutions/game_3/total/rest-001110/bot""]}","[1,1,1,1,1,0]","[0,0,1,1,1,0]",1,1,8,0,home_win,home,0,42
18980,4,"{""total"":[""solutions/game_4/total/rest-111111/top"",""solutions/game_4/total/rest-111111/bot""]}","[1,1,1,1,1,1]","[1,1,1,1,1,1]",2,1,3,5,away_win,away,0,82
18980,5,"{""total"":[""solutions/game_5/single/rest-101111/top"",""solutions/game_5/single/rest-001111/bot""]}","[1,0,1,1,1,1]","[0,0,1,1,1,1]",2,2,8,10,away_win,away,0,104
18981,1,"{""total"":[""solutions/game_1/total/rest-111111/top"",""solutions/game_1/total/rest-111111/bot""]}","[1,1,1,1,1,1]","[1,1,1,1,1,1]",0,0,0,8,away_win,away,0,32
18981,2,"{""total"":[""solutions/game_2/total/rest-111111/top"",""solutions/game_2/total/rest-111111/bot""]}","[1,1,1,1,1,1]","[1,1,1,1,1,1]",0,1,2,1,home_win,home,0,81
18981,3,"{""total"":[""solutions/game_3/total/rest-010011/top"",""solutions/game_3/total/rest-011011/bot""]}","[0,1,0,0,1,1]","[0,1,1,0,1,1]",1,1,6,5,home_win,home,0,76
18981,4,"{""total"":[""solutions/game_4/total/rest-111100/top"",""solutions/game_4/total/rest-101011/bot""]}","[1,1,1,1,0,0]","[1,0,1,0,1,1]",2,1,1,5,away_win,away,0,83
18981,5,"{""total"":[""solutions/game_5/single/rest-001111/top"",""solutions/game_5/single/rest-010110/bot""]}","[0,0,1,1,1,1]","[0,1,0,1,1,0]",2,2,1,2,away_win,away,0,80
18982,1,"{""total"":[""solutions/game_1/total/rest-111111/top"",""solutions/game_1/total/rest-111111/bot""]}","[1,1,1,1,1,1]","[1,1,1,1,1,1]",0,0,5,7,away_win,away,0,89
18982,2,"{""total"":[""solutions/game_2/total/rest-110011/top"",""solutions/game_2/total/rest-001111/bot""]}","[1,1,0,0,1,1]","[0,0,1,1,1,1]",0,1,6,2,home_win,home,0,76
18982,3,"{""total"":[""solutions/game_3/total/rest-101101/top"",""solutions/game_3/total/rest-110111/bot""]}","[1,0,1,1,0,1]","[1,1,0,1,1,1]",1,1,5,6,away_win,away,0,97
18982,4,"{""total"":[""solutions/game_4/total/rest-011010/top"",""solutions/game_4/total/rest-001110/bot""]}","[0,1,1,0,1,0]","[0,0,1,1,1,0]",1,2,4,2,home_win,home,0,72
18982,5,"{""total"":[""solutions/game_5/single/rest-110101/top"",""solutions/game_5/single/rest-110100/bot""]}","[1,1,0,1,0,1]","[1,1,0,1,0,0]",2,2,5,4,home_win,home,0,92
18983,1,"{""total"":[""solutions/game_1/total/rest-111111/top"",""solutions/game_1/total/rest-111111/bot""]}","[1,1,1,1,1,1]","[1,1,1,1,1,1]",0,0,5,4,home_win,home,0,83
18983,2,"{""total"":[""solutions/game_2/total/rest-011001/top"",""solutions/game_2/total/rest-001111/bot""]}","[0,1,1,0,0,1]","[0,0,1,1,1,1]",1,0,6,16,away_win,away,0,89
18983,3,"{""total"":[""solutions/game_3/total/rest-111110/top"",""solutions/game_3/total/rest-111110/bot""]}","[1,1,1,1,1,0]","[1,1,1,1,1,0]",1,1,3,1,home_win,home,0,71
18983,4,"{""total"":[""solutions/game_4/total/rest-110011/top"",""solutions/game_4/total/rest-010111/bot""]}","[1,1,0,0,1,1]","[0,1,0,1,1,1]",2,1,2,3,away_win,away,0,73
18983,5,"{""total"":[""solutions/game_5/single/rest-101010/top"",""solutions/game_5/single/rest-101011/bot""]}","[1,0,1,0,1,0]","[1,0,1,0,1,1]",2,2,6,5,home_win,home,0,79
18984,1,"{""total"":[""solutions/game_1/total/rest-111111/top"",""solutions/game_1/total/rest-111111/bot""]}","[1,1,1,1,1,1]","[1,1,1,1,1,1]",0,0,4,2,home_win,home,0,73
18984,2,"{""total"":[""solutions/game_2/total/rest-011001/top"",""solutions/game_2/total/rest-001111/bot""]}","[0,1,1,0,0,1]","[0,0,1,1,1,1]",1,0,4,8,away_win,away,0,89
18984,3,"{""total"":[""solutions/game_3/total/rest-001110/top"",""solutions/game_3/total/rest-010010/bot""]}","[0,0,1,1,1,0]","[0,1,0,0,1,0]",1,1,0,6,away_win,away,0,77
18984,4,"{""total"":[""solutions/game_4/total/rest-111011/top"",""solutions/game_4/total/rest-111111/bot""]}","[1,1,1,0,1,1]","[1,1,1,1,1,1]",1,2,1,4,away_win,away,0,74
18984,5,"{""total"":[""solutions/game_5/single/rest-101111/top"",""solutions/game_5/single/rest-011111/bot""]}","[1,0,1,1,1,1]","[0,1,1,1,1,1]",1,3,4,1,home_win,home,1,76
18985,1,"{""total"":[""solutions/game_1/total/rest-111111/top"",""solutions/game_1/total/rest-111111/bot""]}","[1,1,1,1,1,1]","[1,1,1,1,1,1]",0,0,1,4,away_win,away,0,75
18985,2,"{""total"":[""solutions/game_2/total/rest-111111/top"",""solutions/game_2/total/rest-011110/bot""]}","[1,1,1,1,1,1]","[0,1,1,1,1,0]",0,1,1,9,away_win,away,0,74
18985,3,"{""total"":[""solutions/game_3/total/rest-111111/top"",""solutions/game_3/total/rest-111111/bot""]}","[1,1,1,1,1,1]","[1,1,1,1,1,1]",0,2,6,5,home_win,home,0,88
18985,4,"{""total"":[""solutions/game_4/total/rest-110010/top"",""solutions/game_4/total/rest-110110/bot""]}","[1,1,0,0,1,0]","[1,1,0,1,1,0]",1,2,0,8,away_win,away,0,62
18985,5,"{""total"":[""solutions/game_5/single/rest-011111/top"",""solutions/game_5/single/rest-111101/bot""]}","[0,1,1,1,1,1]","[1,1,1,1,0,1]",1,3,11,9,home_win,home,1,101
18986,1,"{""total"":[""solutions/game_1/total/rest-111111/top"",""solutions/game_1/total/rest-111111/bot""]}","[1,1,1,1,1,1]","[1,1,1,1,1,1]",0,0,4,9,away_win,away,0,90
18986,2,"{""total"":[""solutions/game_2/total/rest-111101/top"",""solutions/game_2/total/rest-001111/bot""]}","[1,1,1,1,0,1]","[0,0,1,1,1,1]",0,1,4,3,home_win,home,0,84
18986,3,"{""total"":[""solutions/game_3/total/rest-110111/top"",""solutions/game_3/total/rest-100010/bot""]}","[1,1,0,1,1,1]","[1,0,0,0,1,0]",1,1,9,0,home_win,home,0,43
18986,4,"{""total"":[""solutions/game_4/total/rest-111111/top"",""solutions/game_4/total/rest-111111/bot""]}","[1,1,1,1,1,1]","[1,1,1,1,1,1]",2,1,6,2,home_win,home,0,80
18986,5,"{""total"":[""solutions/game_5/single/rest-111111/top"",""solutions/game_5/single/rest-110101/bot""]}","[1,1,1,1,1,1]","[1,1,0,1,0,1]",3,1,7,7,tie,home,1,101
18987,1,"{""total"":[""solutions/game_1/total/rest-111111/top"",""solutions/game_1/total/rest-111111/bot""]}","[1,1,1,1,1,1]","[1,1,1,1,1,1]",0,0,4,5,away_win,away,0,90
18987,2,"{""total"":[""solutions/game_2/total/rest-100011/top"",""solutions/game_2/total/rest-111010/bot""]}","[1,0,0,0,1,1]","[1,1,1,0,1,0]",0,1,6,9,away_win,away,0,96
18987,3,"{""total"":[""solutions/game_3/total/rest-111111/top"",""solutions/game_3/total/rest-010101/bot""]}","[1,1,1,1,1,1]","[0,1,0,1,0,1]",0,2,6,5,home_win,home,0,81
18987,4,"{""total"":[""solutions/game_4/total/rest-111111/top"",""solutions/game_4/total/rest-101110/bot""]}","[1,1,1,1,1,1]","[1,0,1,1,1,0]",1,2,2,11,away_win,away,0,76
18987,5,"{""total"":[""solutions/game_5/single/rest-111101/top"",""solutions/game_5/single/rest-011011/bot""]}","[1,1,1,1,0,1]","[0,1,1,0,1,1]",1,3,3,1,home_win,home,1,75
18988,1,"{""total"":[""solutions/game_1/total/rest-111111/top"",""solutions/game_1/total/rest-111111/bot""]}","[1,1,1,1,1,1]","[1,1,1,1,1,1]",0,0,6,7,away_win,away,0,84
18988,2,"{""total"":[""solutions/game_2/total/rest-111001/top"",""solutions/game_2/total/rest-101010/bot""]}","[1,1,1,0,0,1]","[1,0,1,0,1,0]",0,1,1,9,away_win,away,0,74
18988,3,"{""total"":[""solutions/game_3/total/rest-111110/top"",""solutions/game_3/total/rest-110101/bot""]}","[1,1,1,1,1,0]","[1,1,0,1,0,1]",0,2,3,2,home_win,home,0,68
18988,4,"{""total"":[""solutions/game_4/total/rest-110011/top"",""solutions/game_4/total/rest-001111/bot""]}","[1,1,0,0,1,1]","[0,0,1,1,1,1]",1,2,5,4,home_win,home,0,84
18988,5,"{""total"":[""solutions/game_5/single/rest-111100/top"",""solutions/game_5/single/rest-110101/bot""]}","[1,1,1,1,0,0]","[1,1,0,1,0,1]",2,2,2,8,away_win,away,0,84
18989,1,"{""total"":[""solutions/game_1/total/rest-111111/top"",""solutions/game_1/total/rest-111111/bot""]}","[1,1,1,1,1,1]","[1,1,1,1,1,1]",0,0,13,7,home_win,home,0,94
18989,2,"{""total"":[""solutions/game_2/total/rest-111011/top"",""solutions/game_2/total/rest-011101/bot""]}","[1,1,1,0,1,1]","[0,1,1,1,0,1]",1,0,0,2,away_win,away,0,77
18989,3,"{""total"":[""solutions/game_3/total/rest-101111/top"",""solutions/game_3/total/rest-101100/bot""]}","[1,0,1,1,1,1]","[1,0,1,1,0,0]",1,1,0,8,away_win,away,0,77
18989,4,"{""total"":[""solutions/game_4/total/rest-011110/top"",""solutions/game_4/total/rest-110111/bot""]}","[0,1,1,1,1,0]","[1,1,0,1,1,1]",1,2,0,3,away_win,away,0,78
18989,5,"{""total"":[""solutions/game_5/single/rest-110111/top"",""solutions/game_5/single/rest-001011/bot""]}","[1,1,0,1,1,1]","[0,0,1,0,1,1]",1,3,5,4,home_win,home,1,83
18990,1,"{""total"":[""solutions/game_1/total/rest-111111/top"",""solutions/game_1/total/rest-111111/bot""]}","[1,1,1,1,1,1]","[1,1,1,1,1,1]",0,0,4,3,home_win,home,0,79
18990,2,"{""total"":[""solutions/game_2/total/rest-011101/top"",""solutions/game_2/total/rest-011011/bot""]}","[0,1,1,1,0,1]","[0,1,1,0,1,1]",1,0,9,1,home_win,home,0,52
18990,3,"{""total"":[""solutions/game_3/total/rest-111101/top"",""solutions/game_3/total/rest-111111/bot""]}","[1,1,1,1,0,1]","[1,1,1,1,1,1]",2,0,4,3,home_win,home,0,75
18990,4,"{""total"":[""solutions/game_4/total/rest-110011/top"",""solutions/game_4/total/rest-111010/bot""]}","[1,1,0,0,1,1]","[1,1,1,0,1,0]",3,0,13,5,home_win,home,1,53
18990,5,"{""total"":[""solutions/game_5/single/rest-111111/top"",""solutions/game_5/single/rest-111111/bot""]}","[1,1,1,1,1,1]","[1,1,1,1,1,1]",4,0,5,8,away_win,away,1,87
18991,1,"{""total"":[""solutions/game_1/total/rest-111111/top"",""solutions/game_1/total/rest-111111/bot""]}","[1,1,1,1,1,1]","[1,1,1,1,1,1]",0,0,5,6,away_win,away,0,86
18991,2,"{""total"":[""solutions/game_2/total/rest-011001/top"",""solutions/game_2/total/rest-101111/bot""]}","[0,1,1,0,0,1]","[1,0,1,1,1,1]",0,1,1,2,away_win,away,0,71
18991,3,"{""total"":[""solutions/game_3/total/rest-110110/top"",""solutions/game_3/total/rest-011110/bot""]}","[1,1,0,1,1,0]","[0,1,1,1,1,0]",0,2,7,10,away_win,away,0,95
18991,4,"{""total"":[""solutions/game_4/total/rest-101111/top"",""solutions/game_4/total/rest-110101/bot""]}","[1,0,1,1,1,1]","[1,1,0,1,0,1]",0,3,7,2,home_win,home,1,85
18991,5,"{""total"":[""solutions/game_5/single/rest-111101/top"",""solutions/game_5/single/rest-110110/bot""]}","[1,1,1,1,0,1]","[1,1,0,1,1,0]",1,3,1,4,away_win,away,1,80
18992,1,"{""total"":[""solutions/game_1/total/rest-111111/top"",""solutions/game_1/total/rest-111111/bot""]}","[1,1,1,1,1,1]","[1,1,1,1,1,1]",0,0,5,14,away_win,away,0,87
18992,2,"{""total"":[""solutions/game_2/total/rest-111010/top"",""solutions/game_2/total/rest-101111/bot""]}","[1,1,1,0,1,0]","[1,0,1,1,1,1]",0,1,3,7,away_win,away,0,83
18992,3,"{""total"":[""solutions/game_3/total/rest-011111/top"",""solutions/game_3/total/rest-111011/bot""]}","[0,1,1,1,1,1]","[1,1,1,0,1,1]",0,2,8,14,away_win,away,0,100
18992,4,"{""total"":[""solutions/game_4/total/rest-111110/top"",""solutions/game_4/total/rest-101110/bot""]}","[1,1,1,1,1,0]","[1,0,1,1,1,0]",0,3,4,5,away_win,away,1,84
18992,5,"{""total"":[""solutions/game_5/single/rest-101110/top"",""solutions/game_5/single/rest-110011/bot""]}","[1,0,1,1,1,0]","[1,1,0,0,1,1]",0,4,8,3,home_win,home,1,76
18993,1,"{""total"":[""solutions/game_1/total/rest-111111/top"",""solutions/game_1/total/rest-111111/bot""]}","[1,1,1,1,1,1]","[1,1,1,1,1,1]",0,0,8,0,home_win,home,0,67
18993,2,"{""total"":[""solutions/game_2/total/rest-101111/top"",""solutions/game_2/total/rest-111111/bot""]}","[1,0,1,1,1,1]","[1,1,1,1,1,1]",1,0,1,6,away_win,away,0,84
18993,3,"{""total"":[""solutions/game_3/total/rest-001111/top"",""solutions/game_3/total/rest-101011/bot""]}","[0,0,1,1,1,1]","[1,0,1,0,1,1]",1,1,4,0,home_win,home,0,75
18993,4,"{""total"":[""solutions/game_4/total/rest-111011/top"",""solutions/game_4/total/rest-010110/bot""]}","[1,1,1,0,1,1]","[0,1,0,1,1,0]",2,1,10,8,home_win,home,0,95
18993,5,"{""total"":[""solutions/game_5/single/rest-001110/top"",""solutions/game_5/single/rest-111101/bot""]}","[0,0,1,1,1,0]","[1,1,1,1,0,1]",3,1,2,3,away_win,away,1,72
18994,1,"{""total"":[""solutions/game_1/total/rest-111111/top"",""solutions/game_1/total/rest-111111/bot""]}","[1,1,1,1,1,1]","[1,1,1,1,1,1]",0,0,3,5,away_win,away,0,77
18994,2,"{""total"":[""solutions/game_2/total/rest-111001/top"",""solutions/game_2/total/rest-111010/bot""]}","[1,1,1,0,0,1]","[1,1,1,0,1,0]",0,1,3,11,away_win,away,0,83
18994,3,"{""total"":[""solutions/game_3/total/rest-011110/top"",""solutions/game_3/total/rest-010111/bot""]}","[0,1,1,1,1,0]","[0,1,0,1,1,1]",0,2,7,5,home_win,home,0,81
18994,4,"{""total"":[""solutions/game_4/total/rest-110101/top"",""solutions/game_4/total/rest-111101/bot""]}","[1,1,0,1,0,1]","[1,1,1,1,0,1]",1,2,10,2,home_win,home,0,67
18994,5,"{""total"":[""solutions/game_5/single/rest-101111/top"",""solutions/game_5/single/rest-110111/bot""]}","[1,0,1,1,1,1]","[1,1,0,1,1,1]",2,2,3,11,away_win,away,0,75
18995,1,"{""total"":[""solutions/game_1/total/rest-111111/top"",""solutions/game_1/total/rest-111111/bot""]}","[1,1,1,1,1,1]","[1,1,1,1,1,1]",0,0,4,0,home_win,home,0,67
18995,2,"{""total"":[""solutions/game_2/total/rest-111001/top"",""solutions/game_2/total/rest-111101/bot""]}","[1,1,1,0,0,1]","[1,1,1,1,0,1]",1,0,3,5,away_win,away,0,90
18995,3,"{""total"":[""solutions/game_3/total/rest-011010/top"",""solutions/game_3/total/rest-001010/bot""]}","[0,1,1,0,1,0]","[0,0,1,0,1,0]",1,1,8,0,home_win,home,0,47
18995,4,"{""total"":[""solutions/game_4/total/rest-111111/top"",""solutions/game_4/total/rest-101111/bot""]}","[1,1,1,1,1,1]","[1,0,1,1,1,1]",2,1,4,10,away_win,away,0,87
18995,5,"{""total"":[""solutions/game_5/single/rest-111111/top"",""solutions/game_5/single/rest-111111/bot""]}","[1,1,1,1,1,1]","[1,1,1,1,1,1]",2,2,9,2,home_win,home,0,77
18996,1,"{""total"":[""solutions/game_1/total/rest-111111/top"",""solutions/game_1/total/rest-111111/bot""]}","[1,1,1,1,1,1]","[1,1,1,1,1,1]",0,0,4,3,home_win,home,0,77
18996,2,"{""total"":[""solutions/game_2/total/rest-110011/top"",""solutions/game_2/total/rest-001110/bot""]}","[1,1,0,0,1,1]","[0,0,1,1,1,0]",1,0,4,10,away_win,away,0,83
18996,3,"{""total"":[""solutions/game_3/total/rest-111110/top"",""solutions/game_3/total/rest-111011/bot""]}","[1,1,1,1,1,0]","[1,1,1,0,1,1]",1,1,12,3,home_win,home,0,50
18996,4,"{""total"":[""solutions/game_4/total/rest-111111/top"",""solutions/game_4/total/rest-111011/bot""]}","[1,1,1,1,1,1]","[1,1,1,0,1,1]",2,1,15,5,home_win,home,0,78
18996,5,"{""total"":[""solutions/game_5/single/rest-111111/top"",""solutions/game_5/single/rest-111101/bot""]}","[1,1,1,1,1,1]","[1,1,1,1,0,1]",3,1,3,7,away_win,away,1,92
18997,1,"{""total"":[""solutions/game_1/total/rest-111111/top"",""solutions/game_1/total/rest-111111/bot""]}","[1,1,1,1,1,1]","[1,1,1,1,1,1]",0,0,3,2,home_win,home,0,74
18997,2,"{""total"":[""solutions/game_2/total/rest-110111/top"",""solutions/game_2/total/rest-111110/bot""]}","[1,1,0,1,1,1]","[1,1,1,1,1,0]",1,0,6,2,home_win,home,0,85
18997,3,"{""total"":[""solutions/game_3/total/rest-111100/top"",""solutions/game_3/total/rest-011101/bot""]}","[1,1,1,1,0,0]","[0,1,1,1,0,1]",2,0,1,5,away_win,away,0,86
18997,4,"{""total"":[""solutions/game_4/total/rest-101011/top"",""solutions/game_4/total/rest-110110/bot""]}","[1,0,1,0,1,1]","[1,1,0,1,1,0]",2,1,5,2,home_win,home,0,76
18997,5,"{""total"":[""solutions/game_5/single/rest-110101/top"",""solutions/game_5/single/rest-000011/bot""]}","[1,1,0,1,0,1]","[0,0,0,0,1,1]",3,1,5,10,away_win,away,1,89
18998,1,"{""total"":[""solutions/game_1/total/rest-111111/top"",""solutions/game_1/total/rest-111111/bot""]}","[1,1,1,1,1,1]","[1,1,1,1,1,1]",0,0,0,3,away_win,away,0,74
18998,2,"{""total"":[""solutions/game_2/total/rest-111100/top"",""solutions/game_2/total/rest-101110/bot""]}","[1,1,1,1,0,0]","[1,0,1,1,1,0]",0,1,1,11,away_win,away,0,69
18998,3,"{""total"":[""solutions/game_3/total/rest-011110/top"",""solutions/game_3/total/rest-110111/bot""]}","[0,1,1,1,1,0]","[1,1,0,1,1,1]",0,2,2,5,away_win,away,0,84
18998,4,"{""total"":[""solutions/game_4/total/rest-101011/top"",""solutions/game_4/total/rest-001110/bot""]}","[1,0,1,0,1,1]","[0,0,1,1,1,0]",0,3,5,8,away_win,away,1,77
18998,5,"{""total"":[""solutions/game_5/single/rest-111101/top"",""solutions/game_5/single/rest-110100/bot""]}","[1,1,1,1,0,1]","[1,1,0,1,0,0]",0,4,3,2,home_win,home,1,69
18999,1,"{""total"":[""solutions/game_1/total/rest-111111/top"",""solutions/game_1/total/rest-111111/bot""]}","[1,1,1,1,1,1]","[1,1,1,1,1,1]",0,0,8,0,home_win,home,0,63
18999,2,"{""total"":[""solutions/game_2/total/rest-111111/top"",""solutions/game_2/total/rest-111111/bot""]}","[1,1,1,1,1,1]","[1,1,1,1,1,1]",1,0,3,5,away_win,away,0,79
18999,3,"{""total"":[""solutions/game_3/total/rest-111111/top"",""solutions/game_3/total/rest-111010/bot""]}","[1,1,1,1,1,1]","[1,1,1,0,1,0]",1,1,5,8,away_win,away,0,88
18999,4,"{""total"":[""solutions/game_4/total/rest-111100/top"",""solutions/game_4/total/rest-000111/bot""]}","[1,1,1,1,0,0]","[0,0,0,1,1,1]",1,2,3,5,away_win,away,0,74
18999,5,"{""total"":[""solutions/game_5/single/rest-101100/top"",""solutions/game_5/single/rest-111011/bot""]}","[1,0,1,1,0,0]","[1,1,1,0,1,1]",1,3,6,11,away_win,away,1,100
19000,1,"{""total"":[""solutions/game_1/total/rest-111111/top"",""solutions/game_1/total/rest-111111/bot""]}","[1,1,1,1,1,1]","[1,1,1,1,1,1]",0,0,6,10,away_win,away,0,92
19000,2,"{""total"":[""solutions/game_2/total/rest-011110/top"",""solutions/game_2/total/rest-011110/bot""]}","[0,1,1,1,1,0]","[0,1,1,1,1,0]",0,1,1,5,away_win,away,0,74
19000,3,"{""total"":[""solutions/game_3/total/rest-111101/top"",""solutions/game_3/total/rest-110010/bot""]}","[1,1,1,1,0,1]","[1,1,0,0,1,0]",0,2,10,1,home_win,home,0,72
19000,4,"{""total"":[""solutions/game_4/total/rest-011110/top"",""solutions/game_4/total/rest-111111/bot""]}","[0,1,1,1,1,0]","[1,1,1,1,1,1]",1,2,8,3,home_win,home,0,81
19000,5,"{""total"":[""solutions/game_5/single/rest-110001/top"",""solutions/game_5/single/rest-010111/bot""]}","[1,1,0,0,0,1]","[0,1,0,1,1,1]",2,2,5,6,away_win,away,0,84
19001,1,"{""total"":[""solutions/game_1/total/rest-111111/top"",""solutions/game_1/total/rest-111111/bot""]}","[1,1,1,1,1,1]","[1,1,1,1,1,1]",0,0,0,1,away_win,away,0,69
19001,2,"{""total"":[""solutions/game_2/total/rest-111111/top"",""solutions/game_2/total/rest-101011/bot""]}","[1,1,1,1,1,1]","[1,0,1,0,1,1]",0,1,10,4,home_win,home,0,86
19001,3,"{""total"":[""solutions/game_3/total/rest-111111/top"",""solutions/game_3/total/rest-111111/bot""]}","[1,1,1,1,1,1]","[1,1,1,1,1,1]",1,1,1,1,tie,away,0,76
19001,4,"{""total"":[""solutions/game_4/total/rest-111101/top"",""solutions/game_4/total/rest-101110/bot""]}","[1,1,1,1,0,1]","[1,0,1,1,1,0]",1,2,4,2,home_win,home,0,79
19001,5,"{""total"":[""solutions/game_5/single/rest-010011/top"",""solutions/game_5/single/rest-011111/bot""]}","[0,1,0,0,1,1]","[0,1,1,1,1,1]",2,2,6,8,away_win,away,0,90
19002,1,"{""total"":[""solutions/game_1/total/rest-111111/top"",""solutions/game_1/total/rest-111111/bot""]}","[1,1,1,1,1,1]","[1,1,1,1,1,1]",0,0,6,8,away_win,away,0,95
19002,2,"{""total"":[""solutions/game_2/total/rest-001100/top"",""solutions/game_2/total/rest-111110/bot""]}","[0,0,1,1,0,0]","[1,1,1,1,1,0]",0,1,10,8,home_win,home,0,98
19002,3,"{""total"":[""solutions/game_3/total/rest-110011/top"",""solutions/game_3/total/rest-110101/bot""]}","[1,1,0,0,1,1]","[1,1,0,1,0,1]",1,1,1,2,away_win,away,0,76
19002,4,"{""total"":[""solutions/game_4/total/rest-111010/top"",""solutions/game_4/total/rest-001111/bot""]}","[1,1,1,0,1,0]","[0,0,1,1,1,1]",1,2,11,5,home_win,home,0,83
19002,5,"{""total"":[""solutions/game_5/single/rest-110111/top"",""solutions/game_5/single/rest-110101/bot""]}","[1,1,0,1,1,1]","[1,1,0,1,0,1]",2,2,3,5,away_win,away,0,78
19003,1,"{""total"":[""solutions/game_1/total/rest-111111/top"",""solutions/game_1/total/rest-111111/bot""]}","[1,1,1,1,1,1]","[1,1,1,1,1,1]",0,0,1,3,away_win,away,0,72
19003,2,"{""total"":[""solutions/game_2/total/rest-111011/top"",""solutions/game_2/total/rest-111011/bot""]}","[1,1,1,0,1,1]","[1,1,1,0,1,1]",0,1,10,2,home_win,home,0,72
19003,3,"{""total"":[""solutions/game_3/total/rest-111101/top"",""solutions/game_3/total/rest-111101/bot""]}","[1,1,1,1,0,1]","[1,1,1,1,0,1]",1,1,3,6,away_win,away,0,84
19003,4,"{""total"":[""solutions/game_4/total/rest-100111/top"",""solutions/game_4/total/rest-111011/bot""]}","[1,0,0,1,1,1]","[1,1,1,0,1,1]",1,2,6,4,home_win,home,0,77
19003,5,"{""total"":[""solutions/game_5/single/rest-011011/top"",""solutions/game_5/single/rest-111101/bot""]}","[0,1,1,0,1,1]","[1,1,1,1,0,1]",2,2,3,8,away_win,away,0,87
19004,1,"{""total"":[""solutions/game_1/total/rest-111111/top"",""solutions/game_1/total/rest-111111/bot""]}","[1,1,1,1,1,1]","[1,1,1,1,1,1]",0,0,3,4,away_win,away,0,77
19004,2,"{""total"":[""solutions/game_2/total/rest-001111/top"",""solutions/game_2/total/rest-101010/bot""]}","[0,0,1,1,1,1]","[1,0,1,0,1,0]",0,1,2,10,away_win,away,0,66
19004,3,"{""total"":[""solutions/game_3/total/rest-111110/top"",""solutions/game_3/total/rest-101111/bot""]}","[1,1,1,1,1,0]","[1,0,1,1,1,1]",0,2,2,3,away_win,away,0,77
19004,4,"{""total"":[""solutions/game_4/total/rest-110001/top"",""solutions/game_4/total/rest-110011/bot""]}","[1,1,0,0,0,1]","[1,1,0,0,1,1]",0,3,6,10,away_win,away,1,86
19004,5,"{""total"":[""solutions/game_5/single/rest-001101/top"",""solutions/game_5/single/rest-011111/bot""]}","[0,0,1,1,0,1]","[0,1,1,1,1,1]",0,4,6,2,home_win,home,1,80
19005,1,"{""total"":[""solutions/game_1/total/rest-111111/top"",""solutions/game_1/total/rest-111111/bot""]}","[1,1,1,1,1,1]","[1,1,1,1,1,1]",0,0,1,2,away_win,away,0,77
19005,2,"{""total"":[""solutions/game_2/total/rest-110011/top"",""solutions/game_2/total/rest-111111/bot""]}","[1,1,0,0,1,1]","[1,1,1,1,1,1]",0,1,13,5,home_win,home,0,59
19005,3,"{""total"":[""solutions/game_3/total/rest-111111/top"",""solutions/game_3/total/rest-110111/bot""]}","[1,1,1,1,1,1]","[1,1,0,1,1,1]",1,1,8,0,home_win,home,0,57
19005,4,"{""total"":[""solutions/game_4/total/rest-101111/top"",""solutions/game_4/total/rest-111111/bot""]}","[1,0,1,1,1,1]","[1,1,1,1,1,1]",2,1,9,1,home_win,home,0,81
19005,5,"{""total"":[""solutions/game_5/single/rest-101110/top"",""solutions/game_5/single/rest-110111/bot""]}","[1,0,1,1,1,0]","[1,1,0,1,1,1]",3,1,4,5,away_win,away,1,82
19006,1,"{""total"":[""solutions/game_1/total/rest-111111/top"",""solutions/game_1/total/rest-111111/bot""]}","[1,1,1,1,1,1]","[1,1,1,1,1,1]",0,0,10,2,home_win,home,0,47
19006,2,"{""total"":[""solutions/game_2/total/rest-111111/top"",""solutions/game_2/total/rest-111111/bot""]}","[1,1,1,1,1,1]","[1,1,1,1,1,1]",1,0,0,8,away_win,away,0,66
19006,3,"{""total"":[""solutions/game_3/total/rest-111110/top"",""solutions/game_3/total/rest-111111/bot""]}","[1,1,1,1,1,0]","[1,1,1,1,1,1]",1,1,9,1,home_win,home,0,72
19006,4,"{""total"":[""solutions/game_4/total/rest-111011/top"",""solutions/game_4/total/rest-111100/bot""]}","[1,1,1,0,1,1]","[1,1,1,1,0,0]",2,1,4,3,home_win,home,0,85
19006,5,"{""total"":[""solutions/game_5/single/rest-110110/top"",""solutions/game_5/single/rest-011111/bot""]}","[1,1,0,1,1,0]","[0,1,1,1,1,1]",3,1,5,6,away_win,away,1,89
19007,1,"{""total"":[""solutions/game_1/total/rest-111111/top"",""solutions/game_1/total/rest-111111/bot""]}","[1,1,1,1,1,1]","[1,1,1,1,1,1]",0,0,6,3,home_win,home,0,86
19007,2,"{""total"":[""solutions/game_2/total/rest-110011/top"",""solutions/game_2/total/rest-101010/bot""]}","[1,1,0,0,1,1]","[1,0,1,0,1,0]",1,0,0,9,away_win,away,0,69
19007,3,"{""total"":[""solutions/game_3/total/rest-011110/top"",""solutions/game_3/total/rest-111111/bot""]}","[0,1,1,1,1,0]","[1,1,1,1,1,1]",1,1,4,1,home_win,home,0,72
19007,4,"{""total"":[""solutions/game_4/total/rest-111001/top"",""solutions/game_4/total/rest-110111/bot""]}","[1,1,1,0,0,1]","[1,1,0,1,1,1]",2,1,4,3,home_win,home,0,81
19007,5,"{""total"":[""solutions/game_5/single/rest-100111/top"",""solutions/game_5/single/rest-001011/bot""]}","[1,0,0,1,1,1]","[0,0,1,0,1,1]",3,1,10,5,home_win,home,1,91
19008,1,"{""total"":[""solutions/game_1/total/rest-111111/top"",""solutions/game_1/total/rest-111111/bot""]}","[1,1,1,1,1,1]","[1,1,1,1,1,1]",0,0,0,1,away_win,away,0,77
19008,2,"{""total"":[""solutions/game_2/total/rest-111011/top"",""solutions/game_2/total/rest-001010/bot""]}","[1,1,1,0,1,1]","[0,0,1,0,1,0]",0,1,4,3,home_win,home,0,83
19008,3,"{""total"":[""solutions/game_3/total/rest-000101/top"",""solutions/game_3/total/rest-110101/bot""]}","[0,0,0,1,0,1]","[1,1,0,1,0,1]",1,1,6,2,home_win,home,0,82
19008,4,"{""total"":[""solutions/game_4/total/rest-111110/top"",""solutions/game_4/total/rest-111111/bot""]}","[1,1,1,1,1,0]","[1,1,1,1,1,1]",2,1,8,11,away_win,away,0,94
19008,5,"{""total"":[""solutions/game_5/single/rest-101111/top"",""solutions/game_5/single/rest-011100/bot""]}","[1,0,1,1,1,1]","[0,1,1,1,0,0]",2,2,7,6,home_win,home,0,95
19009,1,"{""total"":[""solutions/game_1/total/rest-111111/top"",""solutions/game_1/total/rest-111111/bot""]}","[1,1,1,1,1,1]","[1,1,1,1,1,1]",0,0,2,5,away_win,away,0,90
19009,2,"{""total"":[""solutions/game_2/total/rest-101100/top"",""solutions/game_2/total/rest-001110/bot""]}","[1,0,1,1,0,0]","[0,0,1,1,1,0]",0,1,2,10,away_win,away,0,74
19009,3,"{""total"":[""solutions/game_3/total/rest-111111/top"",""solutions/game_3/total/rest-111111/bot""]}","[1,1,1,1,1,1]","[1,1,1,1,1,1]",0,2,3,11,away_win,away,0,86
19009,4,"{""total"":[""solutions/game_4/total/rest-101110/top"",""solutions/game_4/total/rest-111101/bot""]}","[1,0,1,1,1,0]","[1,1,1,1,0,1]",0,3,0,8,away_win,away,1,48
19009,5,"{""total"":[""solutions/game_5/single/rest-101111/top"",""solutions/game_5/single/rest-111111/bot""]}","[1,0,1,1,1,1]","[1,1,1,1,1,1]",0,4,1,9,away_win,away,1,44
19010,1,"{""total"":[""solutions/game_1/total/rest-111111/top"",""solutions/game_1/total/rest-111111/bot""]}","[1,1,1,1,1,1]","[1,1,1,1,1,1]",0,0,4,7,away_win,away,0,96
19010,2,"{""total"":[""solutions/game_2/total/rest-100101/top"",""solutions/game_2/total/rest-001111/bot""]}","[1,0,0,1,0,1]","[0,0,1,1,1,1]",0,1,4,9,away_win,away,0,87
19010,3,"{""total"":[""solutions/game_3/total/rest-101111/top"",""solutions/game_3/total/rest-110110/bot""]}","[1,0,1,1,1,1]","[1,1,0,1,1,0]",0,2,0,5,away_win,away,0,78
19010,4,"{""total"":[""solutions/game_4/total/rest-110101/top"",""solutions/game_4/total/rest-001101/bot""]}","[1,1,0,1,0,1]","[0,0,1,1,0,1]",0,3,7,11,away_win,away,1,101
19010,5,"{""total"":[""solutions/game_5/single/rest-000111/top"",""solutions/game_5/single/rest-110010/bot""]}","[0,0,0,1,1,1]","[1,1,0,0,1,0]",0,4,0,9,away_win,away,1,86
19011,1,"{""total"":[""solutions/game_1/total/rest-111111/top"",""solutions/game_1/total/rest-111111/bot""]}","[1,1,1,1,1,1]","[1,1,1,1,1,1]",0,0,2,2,tie,away,0,82
19011,2,"{""total"":[""solutions/game_2/total/rest-111010/top"",""solutions/game_2/total/rest-111010/bot""]}","[1,1,1,0,1,0]","[1,1,1,0,1,0]",0,1,3,3,tie,away,0,92
19011,3,"{""total"":[""solutions/game_3/total/rest-000101/top"",""solutions/game_3/total/rest-000101/bot""]}","[0,0,0,1,0,1]","[0,0,0,1,0,1]",0,2,3,11,away_win,away,0,66
19011,4,"{""total"":[""solutions/game_4/total/rest-111111/top"",""solutions/game_4/total/rest-111111/bot""]}","[1,1,1,1,1,1]","[1,1,1,1,1,1]",0,3,4,7,away_win,away,1,85
19011,5,"{""total"":[""solutions/game_5/single/rest-011011/top"",""solutions/game_5/single/rest-101110/bot""]}","[0,1,1,0,1,1]","[1,0,1,1,1,0]",0,4,3,2,home_win,home,1,83
19012,1,"{""total"":[""solutions/game_1/total/rest-111111/top"",""solutions/game_1/total/rest-111111/bot""]}","[1,1,1,1,1,1]","[1,1,1,1,1,1]",0,0,7,2,home_win,home,0,75
19012,2,"{""total"":[""solutions/game_2/total/rest-101110/top"",""solutions/game_2/total/rest-111111/bot""]}","[1,0,1,1,1,0]","[1,1,1,1,1,1]",1,0,10,2,home_win,home,0,76
19012,3,"{""total"":[""solutions/game_3/total/rest-101101/top"",""solutions/game_3/total/rest-111111/bot""]}","[1,0,1,1,0,1]","[1,1,1,1,1,1]",2,0,5,4,home_win,home,0,78
19012,4,"{""total"":[""solutions/game_4/total/rest-110101/top"",""solutions/game_4/total/rest-110011/bot""]}","[1,1,0,1,0,1]","[1,1,0,0,1,1]",3,0,6,7,away_win,away,1,89
19012,5,"{""total"":[""solutions/game_5/single/rest-101010/top"",""solutions/game_5/single/rest-010101/bot""]}","[1,0,1,0,1,0]","[0,1,0,1,0,1]",3,1,5,3,home_win,home,1,77
19013,1,"{""total"":[""solutions/game_1/total/rest-111111/top"",""solutions/game_1/total/rest-111111/bot""]}","[1,1,1,1,1,1]","[1,1,1,1,1,1]",0,0,3,2,home_win,home,0,77
19013,2,"{""total"":[""solutions/game_2/total/rest-111111/top"",""solutions/game_2/total/rest-111111/bot""]}","[1,1,1,1,1,1]","[1,1,1,1,1,1]",1,0,8,0,home_win,home,0,36
19013,3,"{""total"":[""solutions/game_3/total/rest-111111/top"",""solutions/game_3/total/rest-111111/bot""]}","[1,1,1,1,1,1]","[1,1,1,1,1,1]",2,0,4,5,away_win,away,0,82
19013,4,"{""total"":[""solutions/game_4/total/rest-110001/top"",""solutions/game_4/total/rest-100101/bot""]}","[1,1,0,0,0,1]","[1,0,0,1,0,1]",2,1,2,11,away_win,away,0,52
19013,5,"{""total"":[""solutions/game_5/single/rest-011111/top"",""solutions/game_5/single/rest-110101/bot""]}","[0,1,1,1,1,1]","[1,1,0,1,0,1]",2,2,8,11,away_win,away,0,91
19014,1,"{""total"":[""solutions/game_1/total/rest-111111/top"",""solutions/game_1/total/rest-111111/bot""]}","[1,1,1,1,1,1]","[1,1,1,1,1,1]",0,0,1,5,away_win,away,0,74
19014,2,"{""total"":[""solutions/game_2/total/rest-111100/top"",""solutions/game_2/total/rest-111100/bot""]}","[1,1,1,1,0,0]","[1,1,1,1,0,0]",0,1,4,5,away_win,away,0,91
19014,3,"{""total"":[""solutions/game_3/total/rest-010011/top"",""solutions/game_3/total/rest-100111/bot""]}","[0,1,0,0,1,1]","[1,0,0,1,1,1]",0,2,11,3,home_win,home,0,65
19014,4,"{""total"":[""solutions/game_4/total/rest-111101/top"",""solutions/game_4/total/rest-101111/bot""]}","[1,1,1,1,0,1]","[1,0,1,1,1,1]",1,2,2,0,home_win,home,0,71
19014,5,"{""total"":[""solutions/game_5/single/rest-010101/top"",""solutions/game_5/single/rest-111111/bot""]}","[0,1,0,1,0,1]","[1,1,1,1,1,1]",2,2,9,5,home_win,home,0,86
19015,1,"{""total"":[""solutions/game_1/total/rest-111111/top"",""solutions/game_1/total/rest-111111/bot""]}","[1,1,1,1,1,1]","[1,1,1,1,1,1]",0,0,3,11,away_win,away,0,66
19015,2,"{""total"":[""solutions/game_2/total/rest-111100/top"",""solutions/game_2/total/rest-111111/bot""]}","[1,1,1,1,0,0]","[1,1,1,1,1,1]",0,1,1,2,away_win,away,0,84
19015,3,"{""total"":[""solutions/game_3/total/rest-010000/top"",""solutions/game_3/total/rest-101010/bot""]}","[0,1,0,0,0,0]","[1,0,1,0,1,0]",0,2,11,3,home_win,home,0,61
19015,4,"{""total"":[""solutions/game_4/total/rest-111111/top"",""solutions/game_4/total/rest-111111/bot""]}","[1,1,1,1,1,1]","[1,1,1,1,1,1]",1,2,5,5,tie,home,0,91
19015,5,"{""total"":[""solutions/game_5/single/rest-001011/top"",""solutions/game_5/single/rest-011111/bot""]}","[0,0,1,0,1,1]","[0,1,1,1,1,1]",2,2,6,3,home_win,home,0,81
19016,1,"{""total"":[""solutions/game_1/total/rest-111111/top"",""solutions/game_1/total/rest-111111/bot""]}","[1,1,1,1,1,1]","[1,1,1,1,1,1]",0,0,0,4,away_win,away,0,78
19016,2,"{""total"":[""solutions/game_2/total/rest-111001/top"",""solutions/game_2/total/rest-011110/bot""]}","[1,1,1,0,0,1]","[0,1,1,1,1,0]",0,1,4,4,tie,away,0,91
19016,3,"{""total"":[""solutions/game_3/total/rest-111111/top"",""solutions/game_3/total/rest-111001/bot""]}","[1,1,1,1,1,1]","[1,1,1,0,0,1]",0,2,6,4,home_win,home,0,77
19016,4,"{""total"":[""solutions/game_4/total/rest-110001/top"",""solutions/game_4/total/rest-100111/bot""]}","[1,1,0,0,0,1]","[1,0,0,1,1,1]",1,2,8,5,home_win,home,0,89
19016,5,"{""total"":[""solutions/game_5/single/rest-111111/top"",""solutions/game_5/single/rest-111111/bot""]}","[1,1,1,1,1,1]","[1,1,1,1,1,1]",2,2,0,8,away_win,away,0,30
19017,1,"{""total"":[""solutions/game_1/total/rest-111111/top"",""solutions/game_1/total/rest-111111/bot""]}","[1,1,1,1,1,1]","[1,1,1,1,1,1]",0,0,3,6,away_win,away,0,79
19017,2,"{""total"":[""solutions/game_2/total/rest-011001/top"",""solutions/game_2/total/rest-111110/bot""]}","[0,1,1,0,0,1]","[1,1,1,1,1,0]",0,1,4,3,home_win,home,0,89
19017,3,"{""total"":[""solutions/game_3/total/rest-100011/top"",""solutions/game_3/total/rest-110111/bot""]}","[1,0,0,0,1,1]","[1,1,0,1,1,1]",1,1,5,3,home_win,home,0,86
19017,4,"{""total"":[""solutions/game_4/total/rest-010100/top"",""solutions/game_4/total/rest-001010/bot""]}","[0,1,0,1,0,0]","[0,0,1,0,1,0]",2,1,3,6,away_win,away,0,83
19017,5,"{""total"":[""solutions/game_5/single/rest-110111/top"",""solutions/game_5/single/rest-110111/bot""]}","[1,1,0,1,1,1]","[1,1,0,1,1,1]",2,2,10,2,home_win,home,0,49
19018,1,"{""total"":[""solutions/game_1/total/rest-111111/top"",""solutions/game_1/total/rest-111111/bot""]}","[1,1,1,1,1,1]","[1,1,1,1,1,1]",0,0,6,5,home_win,home,0,83
19018,2,"{""total"":[""solutions/game_2/total/rest-111101/top"",""solutions/game_2/total/rest-111010/bot""]}","[1,1,1,1,0,1]","[1,1,1,0,1,0]",1,0,5,2,home_win,home,0,72
19018,3,"{""total"":[""solutions/game_3/total/rest-011101/top"",""solutions/game_3/total/rest-110111/bot""]}","[0,1,1,1,0,1]","[1,1,0,1,1,1]",2,0,8,0,home_win,home,0,28
19018,4,"{""total"":[""solutions/game_4/total/rest-111111/top"",""solutions/game_4/total/rest-111111/bot""]}","[1,1,1,1,1,1]","[1,1,1,1,1,1]",3,0,6,7,away_win,away,1,97
19018,5,"{""total"":[""solutions/game_5/single/rest-011011/top"",""solutions/game_5/single/rest-001010/bot""]}","[0,1,1,0,1,1]","[0,0,1,0,1,0]",3,1,10,2,home_win,home,1,84
19019,1,"{""total"":[""solutions/game_1/total/rest-111111/top"",""solutions/game_1/total/rest-111111/bot""]}","[1,1,1,1,1,1]","[1,1,1,1,1,1]",0,0,0,2,away_win,away,0,65
19019,2,"{""total"":[""solutions/game_2/total/rest-111011/top"",""solutions/game_2/total/rest-111110/bot""]}","[1,1,1,0,1,1]","[1,1,1,1,1,0]",0,1,0,10,away_win,away,0,18
19019,3,"{""total"":[""solutions/game_3/total/rest-111111/top"",""solutions/game_3/total/rest-111110/bot""]}","[1,1,1,1,1,1]","[1,1,1,1,1,0]",0,2,3,2,home_win,home,0,86
19019,4,"{""total"":[""solutions/game_4/total/rest-010001/top"",""solutions/game_4/total/rest-111101/bot""]}","[0,1,0,0,0,1]","[1,1,1,1,0,1]",1,2,9,1,home_win,home,0,76
19019,5,"{""total"":[""solutions/game_5/single/rest-111110/top"",""solutions/game_5/single/rest-110111/bot""]}","[1,1,1,1,1,0]","[1,1,0,1,1,1]",2,2,7,3,home_win,home,0,85
19020,1,"{""total"":[""solutions/game_1/total/rest-111111/top"",""solutions/game_1/total/rest-111111/bot""]}","[1,1,1,1,1,1]","[1,1,1,1,1,1]",0,0,10,4,home_win,home,0,96
19020,2,"{""total"":[""solutions/game_2/total/rest-011110/top"",""solutions/game_2/total/rest-111101/bot""]}","[0,1,1,1,1,0]","[1,1,1,1,0,1]",1,0,3,2,home_win,home,0,66
19020,3,"{""total"":[""solutions/game_3/total/rest-110011/top"",""solutions/game_3/total/rest-101111/bot""]}","[1,1,0,0,1,1]","[1,0,1,1,1,1]",2,0,8,6,home_win,home,0,83
19020,4,"{""total"":[""solutions/game_4/total/rest-101100/top"",""solutions/game_4/total/rest-111101/bot""]}","[1,0,1,1,0,0]","[1,1,1,1,0,1]",3,0,6,3,home_win,home,1,78
19020,5,"{""total"":[""solutions/game_5/single/rest-111111/top"",""solutions/game_5/single/rest-110111/bot""]}","[1,1,1,1,1,1]","[1,1,0,1,1,1]",4,0,2,0,home_win,home,1,77
19021,1,"{""total"":[""solutions/game_1/total/rest-111111/top"",""solutions/game_1/total/rest-111111/bot""]}","[1,1,1,1,1,1]","[1,1,1,1,1,1]",0,0,5,5,tie,home,0,92
19021,2,"{""total"":[""solutions/game_2/total/rest-110111/top"",""solutions/game_2/total/rest-001011/bot""]}","[1,1,0,1,1,1]","[0,0,1,0,1,1]",1,0,2,1,home_win,home,0,68
19021,3,"{""total"":[""solutions/game_3/total/rest-011111/top"",""solutions/game_3/total/rest-110101/bot""]}","[0,1,1,1,1,1]","[1,1,0,1,0,1]",2,0,13,3,home_win,home,0,58
19021,4,"{""total"":[""solutions/game_4/total/rest-111111/top"",""solutions/game_4/total/rest-011111/bot""]}","[1,1,1,1,1,1]","[0,1,1,1,1,1]",3,0,8,0,home_win,home,1,71
19021,5,"{""total"":[""solutions/game_5/single/rest-111101/top"",""solutions/game_5/single/rest-111111/bot""]}","[1,1,1,1,0,1]","[1,1,1,1,1,1]",4,0,2,4,away_win,away,1,82
19022,1,"{""total"":[""solutions/game_1/total/rest-111111/top"",""solutions/game_1/total/rest-111111/bot""]}","[1,1,1,1,1,1]","[1,1,1,1,1,1]",0,0,3,8,away_win,away,0,84
19022,2,"{""total"":[""solutions/game_2/total/rest-101110/top"",""solutions/game_2/total/rest-011111/bot""]}","[1,0,1,1,1,0]","[0,1,1,1,1,1]",0,1,7,2,home_win,home,0,87
19022,3,"{""total"":[""solutions/game_3/total/rest-110101/top"",""solutions/game_3/total/rest-111101/bot""]}","[1,1,0,1,0,1]","[1,1,1,1,0,1]",1,1,5,8,away_win,away,0,84
19022,4,"{""total"":[""solutions/game_4/total/rest-111101/top"",""solutions/game_4/total/rest-011110/bot""]}","[1,1,1,1,0,1]","[0,1,1,1,1,0]",1,2,11,3,home_win,home,0,78
19022,5,"{""total"":[""solutions/game_5/single/rest-111010/top"",""solutions/game_5/single/rest-110111/bot""]}","[1,1,1,0,1,0]","[1,1,0,1,1,1]",2,2,8,3,home_win,home,0,85
19023,1,"{""total"":[""solutions/game_1/total/rest-111111/top"",""solutions/game_1/total/rest-111111/bot""]}","[1,1,1,1,1,1]","[1,1,1,1,1,1]",0,0,1,6,away_win,away,0,87
19023,2,"{""total"":[""solutions/game_2/total/rest-101111/top"",""solutions/game_2/total/rest-010101/bot""]}","[1,0,1,1,1,1]","[0,1,0,1,0,1]",0,1,5,8,away_win,away,0,89
19023,3,"{""total"":[""solutions/game_3/total/rest-110001/top"",""solutions/game_3/total/rest-111011/bot""]}","[1,1,0,0,0,1]","[1,1,1,0,1,1]",0,2,0,9,away_win,away,0,41
19023,4,"{""total"":[""solutions/game_4/total/rest-111111/top"",""solutions/game_4/total/rest-111111/bot""]}","[1,1,1,1,1,1]","[1,1,1,1,1,1]",0,3,0,5,away_win,away,1,73
19023,5,"{""total"":[""solutions/game_5/single/rest-111101/top"",""solutions/game_5/single/rest-110101/bot""]}","[1,1,1,1,0,1]","[1,1,0,1,0,1]",0,4,3,6,away_win,away,1,86
19024,1,"{""total"":[""solutions/game_1/total/rest-111111/top"",""solutions/game_1/total/rest-111111/bot""]}","[1,1,1,1,1,1]","[1,1,1,1,1,1]",0,0,2,1,home_win,home,0,67
19024,2,"{""total"":[""solutions/game_2/total/rest-110011/top"",""solutions/game_2/total/rest-111111/bot""]}","[1,1,0,0,1,1]","[1,1,1,1,1,1]",1,0,1,10,away_win,away,0,53
19024,3,"{""total"":[""solutions/game_3/total/rest-111111/top"",""solutions/game_3/total/rest-111111/bot""]}","[1,1,1,1,1,1]","[1,1,1,1,1,1]",1,1,1,4,away_win,away,0,76
19024,4,"{""total"":[""solutions/game_4/total/rest-101111/top"",""solutions/game_4/total/rest-001111/bot""]}","[1,0,1,1,1,1]","[0,0,1,1,1,1]",1,2,10,8,home_win,home,0,97
19024,5,"{""total"":[""solutions/game_5/single/rest-011011/top"",""solutions/game_5/single/rest-011111/bot""]}","[0,1,1,0,1,1]","[0,1,1,1,1,1]",2,2,4,3,home_win,home,0,73
19025,1,"{""total"":[""solutions/game_1/total/rest-111111/top"",""solutions/game_1/total/rest-111111/bot""]}","[1,1,1,1,1,1]","[1,1,1,1,1,1]",0,0,4,2,home_win,home,0,80
19025,2,"{""total"":[""solutions/game_2/total/rest-111001/top"",""solutions/game_2/total/rest-111101/bot""]}","[1,1,1,0,0,1]","[1,1,1,1,0,1]",1,0,2,5,away_win,away,0,88
19025,3,"{""total"":[""solutions/game_3/total/rest-001110/top"",""solutions/game_3/total/rest-101010/bot""]}","[0,0,1,1,1,0]","[1,0,1,0,1,0]",1,1,5,7,away_win,away,0,92
19025,4,"{""total"":[""solutions/game_4/total/rest-110001/top"",""solutions/game_4/total/rest-011101/bot""]}","[1,1,0,0,0,1]","[0,1,1,1,0,1]",1,2,6,1,home_win,home,0,74
19025,5,"{""total"":[""solutions/game_5/single/rest-101111/top"",""solutions/game_5/single/rest-110111/bot""]}","[1,0,1,1,1,1]","[1,1,0,1,1,1]",2,2,9,4,home_win,home,0,81
19026,1,"{""total"":[""solutions/game_1/total/rest-111111/top"",""solutions/game_1/total/rest-111111/bot""]}","[1,1,1,1,1,1]","[1,1,1,1,1,1]",0,0,9,7,home_win,home,0,90
19026,2,"{""total"":[""solutions/game_2/total/rest-100000/top"",""solutions/game_2/total/rest-001111/bot""]}","[1,0,0,0,0,0]","[0,0,1,1,1,1]",1,0,13,5,home_win,home,0,88
19026,3,"{""total"":[""solutions/game_3/total/rest-011111/top"",""solutions/game_3/total/rest-110101/bot""]}","[0,1,1,1,1,1]","[1,1,0,1,0,1]",2,0,1,3,away_win,away,0,79
19026,4,"{""total"":[""solutions/game_4/total/rest-110101/top"",""solutions/game_4/total/rest-001111/bot""]}","[1,1,0,1,0,1]","[0,0,1,1,1,1]",2,1,0,2,away_win,away,0,66
19026,5,"{""total"":[""solutions/game_5/single/rest-111010/top"",""solutions/game_5/single/rest-110110/bot""]}","[1,1,1,0,1,0]","[1,1,0,1,1,0]",2,2,1,2,away_win,away,0,76
19027,1,"{""total"":[""solutions/game_1/total/rest-111111/top"",""solutions/game_1/total/rest-111111/bot""]}","[1,1,1,1,1,1]","[1,1,1,1,1,1]",0,0,1,2,away_win,away,0,77
19027,2,"{""total"":[""solutions/game_2/total/rest-011001/top"",""solutions/game_2/total/rest-011010/bot""]}","[0,1,1,0,0,1]","[0,1,1,0,1,0]",0,1,10,2,home_win,home,0,72
19027,3,"{""total"":[""solutions/game_3/total/rest-101111/top"",""solutions/game_3/total/rest-110111/bot""]}","[1,0,1,1,1,1]","[1,1,0,1,1,1]",1,1,1,2,away_win,away,0,78
19027,4,"{""total"":[""solutions/game_4/total/rest-101001/top"",""solutions/game_4/total/rest-011010/bot""]}","[1,0,1,0,0,1]","[0,1,1,0,1,0]",1,2,4,3,home_win,home,0,81
19027,5,"{""total"":[""solutions/game_5/single/rest-110110/top"",""solutions/game_5/single/rest-101101/bot""]}","[1,1,0,1,1,0]","[1,0,1,1,0,1]",2,2,4,2,home_win,home,0,83
19028,1,"{""total"":[""solutions/game_1/total/rest-111111/top"",""solutions/game_1/total/rest-111111/bot""]}","[1,1,1,1,1,1]","[1,1,1,1,1,1]",0,0,7,6,home_win,home,0,92
19028,2,"{""total"":[""solutions/game_2/total/rest-010111/top"",""solutions/game_2/total/rest-001010/bot""]}","[0,1,0,1,1,1]","[0,0,1,0,1,0]",1,0,3,1,home_win,home,0,67
19028,3,"{""total"":[""solutions/game_3/total/rest-111001/top"",""solutions/game_3/total/rest-111111/bot""]}","[1,1,1,0,0,1]","[1,1,1,1,1,1]",2,0,5,2,home_win,home,0,77
19028,4,"{""total"":[""solutions/game_4/total/rest-101010/top"",""solutions/game_4/total/rest-110111/bot""]}","[1,0,1,0,1,0]","[1,1,0,1,1,1]",3,0,3,2,home_win,home,1,72
19028,5,"{""total"":[""solutions/game_5/single/rest-110101/top"",""solutions/game_5/single/rest-111101/bot""]}","[1,1,0,1,0,1]","[1,1,1,1,0,1]",4,0,0,3,away_win,away,1,78
19029,1,"{""total"":[""solutions/game_1/total/rest-111111/top"",""solutions/game_1/total/rest-111111/bot""]}","[1,1,1,1,1,1]","[1,1,1,1,1,1]",0,0,8,0,home_win,home,0,42
19029,2,"{""total"":[""solutions/game_2/total/rest-111111/top"",""solutions/game_2/total/rest-111111/bot""]}","[1,1,1,1,1,1]","[1,1,1,1,1,1]",1,0,2,10,away_win,away,0,29
19029,3,"{""total"":[""solutions/game_3/total/rest-111111/top"",""solutions/game_3/total/rest-111111/bot""]}","[1,1,1,1,1,1]","[1,1,1,1,1,1]",1,1,1,9,away_win,away,0,50
19029,4,"{""total"":[""solutions/game_4/total/rest-111111/top"",""solutions/game_4/total/rest-111111/bot""]}","[1,1,1,1,1,1]","[1,1,1,1,1,1]",1,2,6,0,home_win,home,0,72
19029,5,"{""total"":[""solutions/game_5/single/rest-111011/top"",""solutions/game_5/single/rest-110111/bot""]}","[1,1,1,0,1,1]","[1,1,0,1,1,1]",2,2,4,5,away_win,away,0,78
19030,1,"{""total"":[""solutions/game_1/total/rest-111111/top"",""solutions/game_1/total/rest-111111/bot""]}","[1,1,1,1,1,1]","[1,1,1,1,1,1]",0,0,9,3,home_win,home,0,80
19030,2,"{""total"":[""solutions/game_2/total/rest-111001/top"",""solutions/game_2/total/rest-110111/bot""]}","[1,1,1,0,0,1]","[1,1,0,1,1,1]",1,0,3,2,home_win,home,0,75
19030,3,"{""total"":[""solutions/game_3/total/rest-100111/top"",""solutions/game_3/total/rest-001111/bot""]}","[1,0,0,1,1,1]","[0,0,1,1,1,1]",2,0,1,9,away_win,away,0,74
19030,4,"{""total"":[""solutions/game_4/total/rest-011111/top"",""solutions/game_4/total/rest-111101/bot""]}","[0,1,1,1,1,1]","[1,1,1,1,0,1]",2,1,1,3,away_win,away,0,75
19030,5,"{""total"":[""solutions/game_5/single/rest-110111/top"",""solutions/game_5/single/rest-001111/bot""]}","[1,1,0,1,1,1]","[0,0,1,1,1,1]",2,2,3,11,away_win,away,0,77
19031,1,"{""total"":[""solutions/game_1/total/rest-111111/top"",""solutions/game_1/total/rest-111111/bot""]}","[1,1,1,1,1,1]","[1,1,1,1,1,1]",0,0,4,12,away_win,away,0,90
19031,2,"{""total"":[""solutions/game_2/total/rest-111010/top"",""solutions/game_2/total/rest-111110/bot""]}","[1,1,1,0,1,0]","[1,1,1,1,1,0]",0,1,6,10,away_win,away,0,101
19031,3,"{""total"":[""solutions/game_3/total/rest-001101/top"",""solutions/game_3/total/rest-011111/bot""]}","[0,0,1,1,0,1]","[0,1,1,1,1,1]",0,2,4,1,home_win,home,0,67
19031,4,"{""total"":[""solutions/game_4/total/rest-111011/top"",""solutions/game_4/total/rest-101111/bot""]}","[1,1,1,0,1,1]","[1,0,1,1,1,1]",1,2,8,0,home_win,home,0,68
19031,5,"{""total"":[""solutions/game_5/single/rest-101111/top"",""solutions/game_5/single/rest-111111/bot""]}","[1,0,1,1,1,1]","[1,1,1,1,1,1]",2,2,7,6,home_win,home,0,96
19032,1,"{""total"":[""solutions/game_1/total/rest-111111/top"",""solutions/game_1/total/rest-111111/bot""]}","[1,1,1,1,1,1]","[1,1,1,1,1,1]",0,0,4,0,home_win,home,0,70
19032,2,"{""total"":[""solutions/game_2/total/rest-110001/top"",""solutions/game_2/total/rest-111111/bot""]}","[1,1,0,0,0,1]","[1,1,1,1,1,1]",1,0,5,8,away_win,away,0,94
19032,3,"{""total"":[""solutions/game_3/total/rest-010110/top"",""solutions/game_3/total/rest-011110/bot""]}","[0,1,0,1,1,0]","[0,1,1,1,1,0]",1,1,2,3,away_win,away,0,72
19032,4,"{""total"":[""solutions/game_4/total/rest-011001/top"",""solutions/game_4/total/rest-110111/bot""]}","[0,1,1,0,0,1]","[1,1,0,1,1,1]",1,2,3,5,away_win,away,0,86
19032,5,"{""total"":[""solutions/game_5/single/rest-100111/top"",""solutions/game_5/single/rest-011011/bot""]}","[1,0,0,1,1,1]","[0,1,1,0,1,1]",1,3,1,10,away_win,away,1,73
19033,1,"{""total"":[""solutions/game_1/total/rest-111111/top"",""solutions/game_1/total/rest-111111/bot""]}","[1,1,1,1,1,1]","[1,1,1,1,1,1]",0,0,10,2,home_win,home,0,81
19033,2,"{""total"":[""solutions/game_2/total/rest-110101/top"",""solutions/game_2/total/rest-111110/bot""]}","[1,1,0,1,0,1]","[1,1,1,1,1,0]",1,0,6,4,home_win,home,0,76
19033,3,"{""total"":[""solutions/game_3/total/rest-111011/top"",""solutions/game_3/total/rest-010110/bot""]}","[1,1,1,0,1,1]","[0,1,0,1,1,0]",2,0,2,1,home_win,home,0,73
19033,4,"{""total"":[""solutions/game_4/total/rest-010101/top"",""solutions/game_4/total/rest-111101/bot""]}","[0,1,0,1,0,1]","[1,1,1,1,0,1]",3,0,3,2,home_win,home,1,74
19033,5,"{""total"":[""solutions/game_5/single/rest-111110/top"",""solutions/game_5/single/rest-001110/bot""]}","[1,1,1,1,1,0]","[0,0,1,1,1,0]",4,0,4,3,home_win,home,1,79
19034,1,"{""total"":[""solutions/game_1/total/rest-111111/top"",""solutions/game_1/total/rest-111111/bot""]}","[1,1,1,1,1,1]","[1,1,1,1,1,1]",0,0,6,1,home_win,home,0,79
19034,2,"{""total"":[""solutions/game_2/total/rest-111100/top"",""solutions/game_2/total/rest-111111/bot""]}","[1,1,1,1,0,0]","[1,1,1,1,1,1]",1,0,11,2,home_win,home,0,67
19034,3,"{""total"":[""solutions/game_3/total/rest-111111/top"",""solutions/game_3/total/rest-111111/bot""]}","[1,1,1,1,1,1]","[1,1,1,1,1,1]",2,0,4,3,home_win,home,0,76
19034,4,"{""total"":[""solutions/game_4/total/rest-110101/top"",""solutions/game_4/total/rest-110011/bot""]}","[1,1,0,1,0,1]","[1,1,0,0,1,1]",3,0,2,5,away_win,away,1,88
19034,5,"{""total"":[""solutions/game_5/single/rest-001111/top"",""solutions/game_5/single/rest-011110/bot""]}","[0,0,1,1,1,1]","[0,1,1,1,1,0]",3,1,4,2,home_win,home,1,77
19035,1,"{""total"":[""solutions/game_1/total/rest-111111/top"",""solutions/game_1/total/rest-111111/bot""]}","[1,1,1,1,1,1]","[1,1,1,1,1,1]",0,0,3,3,tie,away,0,88
19035,2,"{""total"":[""solutions/game_2/total/rest-010001/top"",""solutions/game_2/total/rest-011110/bot""]}","[0,1,0,0,0,1]","[0,1,1,1,1,0]",0,1,8,12,away_win,away,0,98
19035,3,"{""total"":[""solutions/game_3/total/rest-101110/top"",""solutions/game_3/total/rest-101001/bot""]}","[1,0,1,1,1,0]","[1,0,1,0,0,1]",0,2,4,3,home_win,home,0,82
19035,4,"{""total"":[""solutions/game_4/total/rest-110011/top"",""solutions/game_4/total/rest-010111/bot""]}","[1,1,0,0,1,1]","[0,1,0,1,1,1]",1,2,2,10,away_win,away,0,58
19035,5,"{""total"":[""solutions/game_5/single/rest-111110/top"",""solutions/game_5/single/rest-111111/bot""]}","[1,1,1,1,1,0]","[1,1,1,1,1,1]",1,3,3,1,home_win,home,1,70
19036,1,"{""total"":[""solutions/game_1/total/rest-111111/top"",""solutions/game_1/total/rest-111111/bot""]}","[1,1,1,1,1,1]","[1,1,1,1,1,1]",0,0,6,1,home_win,home,0,68
19036,2,"{""total"":[""solutions/game_2/total/rest-101110/top"",""solutions/game_2/total/rest-111110/bot""]}","[1,0,1,1,1,0]","[1,1,1,1,1,0]",1,0,1,1,tie,away,0,93
19036,3,"{""total"":[""solutions/game_3/total/rest-010011/top"",""solutions/game_3/total/rest-100111/bot""]}","[0,1,0,0,1,1]","[1,0,0,1,1,1]",1,1,3,1,home_win,home,0,67
19036,4,"{""total"":[""solutions/game_4/total/rest-111111/top"",""solutions/game_4/total/rest-011110/bot""]}","[1,1,1,1,1,1]","[0,1,1,1,1,0]",2,1,6,4,home_win,home,0,86
19036,5,"{""total"":[""solutions/game_5/single/rest-111001/top"",""solutions/game_5/single/rest-101100/bot""]}","[1,1,1,0,0,1]","[1,0,1,1,0,0]",3,1,4,9,away_win,away,1,90
19037,1,"{""total"":[""solutions/game_1/total/rest-111111/top"",""solutions/game_1/total/rest-111111/bot""]}","[1,1,1,1,1,1]","[1,1,1,1,1,1]",0,0,9,0,home_win,home,0,60
19037,2,"{""total"":[""solutions/game_2/total/rest-111111/top"",""solutions/game_2/total/rest-111111/bot""]}","[1,1,1,1,1,1]","[1,1,1,1,1,1]",1,0,3,0,home_win,home,0,71
19037,3,"{""total"":[""solutions/game_3/total/rest-110011/top"",""solutions/game_3/total/rest-111111/bot""]}","[1,1,0,0,1,1]","[1,1,1,1,1,1]",2,0,6,5,home_win,home,0,95
19037,4,"{""total"":[""solutions/game_4/total/rest-111100/top"",""solutions/game_4/total/rest-111010/bot""]}","[1,1,1,1,0,0]","[1,1,1,0,1,0]",3,0,6,11,away_win,away,1,95
19037,5,"{""total"":[""solutions/game_5/single/rest-100101/top"",""solutions/game_5/single/rest-101101/bot""]}","[1,0,0,1,0,1]","[1,0,1,1,0,1]",3,1,1,3,away_win,away,1,74
19038,1,"{""total"":[""solutions/game_1/total/rest-111111/top"",""solutions/game_1/total/rest-111111/bot""]}","[1,1,1,1,1,1]","[1,1,1,1,1,1]",0,0,7,3,home_win,home,0,79
19038,2,"{""total"":[""solutions/game_2/total/rest-111100/top"",""solutions/game_2/total/rest-110101/bot""]}","[1,1,1,1,0,0]","[1,1,0,1,0,1]",1,0,6,8,away_win,away,0,94
19038,3,"{""total"":[""solutions/game_3/total/rest-010111/top"",""solutions/game_3/total/rest-101010/bot""]}","[0,1,0,1,1,1]","[1,0,1,0,1,0]",1,1,11,2,home_win,home,0,77
19038,4,"{""total"":[""solutions/game_4/total/rest-111100/top"",""solutions/game_4/total/rest-110111/bot""]}","[1,1,1,1,0,0]","[1,1,0,1,1,1]",2,1,7,6,home_win,home,0,96
19038,5,"{""total"":[""solutions/game_5/single/rest-001000/top"",""solutions/game_5/single/rest-011100/bot""]}","[0,0,1,0,0,0]","[0,1,1,1,0,0]",3,1,5,3,home_win,home,1,93
19039,1,"{""total"":[""solutions/game_1/total/rest-111111/top"",""solutions/game_1/total/rest-111111/bot""]}","[1,1,1,1,1,1]","[1,1,1,1,1,1]",0,0,2,6,away_win,away,0,86
19039,2,"{""total"":[""solutions/game_2/total/rest-010101/top"",""solutions/game_2/total/rest-001110/bot""]}","[0,1,0,1,0,1]","[0,0,1,1,1,0]",0,1,0,9,away_win,away,0,51
19039,3,"{""total"":[""solutions/game_3/total/rest-111110/top"",""solutions/game_3/total/rest-111111/bot""]}","[1,1,1,1,1,0]","[1,1,1,1,1,1]",0,2,4,0,home_win,home,0,73
19039,4,"{""total"":[""solutions/game_4/total/rest-111001/top"",""solutions/game_4/total/rest-111101/bot""]}","[1,1,1,0,0,1]","[1,1,1,1,0,1]",1,2,4,8,away_win,away,0,94
19039,5,"{""total"":[""solutions/game_5/single/rest-011111/top"",""solutions/game_5/single/rest-101110/bot""]}","[0,1,1,1,1,1]","[1,0,1,1,1,0]",1,3,1,2,away_win,away,1,75
19040,1,"{""total"":[""solutions/game_1/total/rest-111111/top"",""solutions/game_1/total/rest-111111/bot""]}","[1,1,1,1,1,1]","[1,1,1,1,1,1]",0,0,4,8,away_win,away,0,91
19040,2,"{""total"":[""solutions/game_2/total/rest-110001/top"",""solutions/game_2/total/rest-101101/bot""]}","[1,1,0,0,0,1]","[1,0,1,1,0,1]",0,1,1,9,away_win,away,0,68
19040,3,"{""total"":[""solutions/game_3/total/rest-011111/top"",""solutions/game_3/total/rest-110001/bot""]}","[0,1,1,1,1,1]","[1,1,0,0,0,1]",0,2,1,10,away_win,away,0,58
19040,4,"{""total"":[""solutions/game_4/total/rest-110111/top"",""solutions/game_4/total/rest-111111/bot""]}","[1,1,0,1,1,1]","[1,1,1,1,1,1]",0,3,9,7,home_win,home,1,92
19040,5,"{""total"":[""solutions/game_5/single/rest-100010/top"",""solutions/game_5/single/rest-111011/bot""]}","[1,0,0,0,1,0]","[1,1,1,0,1,1]",1,3,4,2,home_win,home,1,78
19041,1,"{""total"":[""solutions/game_1/total/rest-111111/top"",""solutions/game_1/total/rest-111111/bot""]}","[1,1,1,1,1,1]","[1,1,1,1,1,1]",0,0,4,3,home_win,home,0,76
19041,2,"{""total"":[""solutions/game_2/total/rest-011111/top"",""solutions/game_2/total/rest-101111/bot""]}","[0,1,1,1,1,1]","[1,0,1,1,1,1]",1,0,5,6,away_win,away,0,94
19041,3,"{""total"":[""solutions/game_3/total/rest-101010/top"",""solutions/game_3/total/rest-010110/bot""]}","[1,0,1,0,1,0]","[0,1,0,1,1,0]",1,1,4,2,home_win,home,0,71
19041,4,"{""total"":[""solutions/game_4/total/rest-110100/top"",""solutions/game_4/total/rest-111000/bot""]}","[1,1,0,1,0,0]","[1,1,1,0,0,0]",2,1,9,5,home_win,home,0,89
19041,5,"{""total"":[""solutions/game_5/single/rest-101011/top"",""solutions/game_5/single/rest-110110/bot""]}","[1,0,1,0,1,1]","[1,1,0,1,1,0]",3,1,8,0,home_win,home,1,59
19042,1,"{""total"":[""solutions/game_1/total/rest-111111/top"",""solutions/game_1/total/rest-111111/bot""]}","[1,1,1,1,1,1]","[1,1,1,1,1,1]",0,0,2,5,away_win,away,0,88
19042,2,"{""total"":[""solutions/game_2/total/rest-011110/top"",""solutions/game_2/total/rest-101110/bot""]}","[0,1,1,1,1,0]","[1,0,1,1,1,0]",0,1,0,8,away_win,away,0,36
19042,3,"{""total"":[""solutions/game_3/total/rest-111111/top"",""solutions/game_3/total/rest-111110/bot""]}","[1,1,1,1,1,1]","[1,1,1,1,1,0]",0,2,9,0,home_win,home,0,42
19042,4,"{""total"":[""solutions/game_4/total/rest-111111/top"",""solutions/game_4/total/rest-110111/bot""]}","[1,1,1,1,1,1]","[1,1,0,1,1,1]",1,2,4,0,home_win,home,0,80
19042,5,"{""total"":[""solutions/game_5/single/rest-101101/top"",""solutions/game_5/single/rest-011101/bot""]}","[1,0,1,1,0,1]","[0,1,1,1,0,1]",2,2,1,7,away_win,away,0,77
19043,1,"{""total"":[""solutions/game_1/total/rest-111111/top"",""solutions/game_1/total/rest-111111/bot""]}","[1,1,1,1,1,1]","[1,1,1,1,1,1]",0,0,4,8,away_win,away,0,84
19043,2,"{""total"":[""solutions/game_2/total/rest-011111/top"",""solutions/game_2/total/rest-011111/bot""]}","[0,1,1,1,1,1]","[0,1,1,1,1,1]",0,1,2,1,home_win,home,0,68
19043,3,"{""total"":[""solutions/game_3/total/rest-111111/top"",""solutions/game_3/total/rest-111010/bot""]}","[1,1,1,1,1,1]","[1,1,1,0,1,0]",1,1,6,3,home_win,home,0,74
19043,4,"{""total"":[""solutions/game_4/total/rest-111101/top"",""solutions/game_4/total/rest-110110/bot""]}","[1,1,1,1,0,1]","[1,1,0,1,1,0]",2,1,6,1,home_win,home,0,84
19043,5,"{""total"":[""solutions/game_5/single/rest-111011/top"",""solutions/game_5/single/rest-101101/bot""]}","[1,1,1,0,1,1]","[1,0,1,1,0,1]",3,1,6,0,home_win,home,1,75
19044,1,"{""total"":[""solutions/game_1/total/rest-111111/top"",""solutions/game_1/total/rest-111111/bot""]}","[1,1,1,1,1,1]","[1,1,1,1,1,1]",0,0,10,2,home_win,home,0,46
19044,2,"{""total"":[""solutions/game_2/total/rest-111111/top"",""solutions/game_2/total/rest-111111/bot""]}","[1,1,1,1,1,1]","[1,1,1,1,1,1]",1,0,5,0,home_win,home,0,77
19044,3,"{""total"":[""solutions/game_3/total/rest-111100/top"",""solutions/game_3/total/rest-110111/bot""]}","[1,1,1,1,0,0]","[1,1,0,1,1,1]",2,0,7,12,away_win,away,0,100
19044,4,"{""total"":[""solutions/game_4/total/rest-011011/top"",""solutions/game_4/total/rest-000011/bot""]}","[0,1,1,0,1,1]","[0,0,0,0,1,1]",2,1,11,0,home_win,home,0,47
19044,5,"{""total"":[""solutions/game_5/single/rest-111111/top"",""solutions/game_5/single/rest-111111/bot""]}","[1,1,1,1,1,1]","[1,1,1,1,1,1]",3,1,7,3,home_win,home,1,96
19045,1,"{""total"":[""solutions/game_1/total/rest-111111/top"",""solutions/game_1/total/rest-111111/bot""]}","[1,1,1,1,1,1]","[1,1,1,1,1,1]",0,0,5,8,away_win,away,0,89
19045,2,"{""total"":[""solutions/game_2/total/rest-101010/top"",""solutions/game_2/total/rest-101110/bot""]}","[1,0,1,0,1,0]","[1,0,1,1,1,0]",0,1,4,1,home_win,home,0,76
19045,3,"{""total"":[""solutions/game_3/total/rest-010111/top"",""solutions/game_3/total/rest-111101/bot""]}","[0,1,0,1,1,1]","[1,1,1,1,0,1]",1,1,2,6,away_win,away,0,78
19045,4,"{""total"":[""solutions/game_4/total/rest-111111/top"",""solutions/game_4/total/rest-101110/bot""]}","[1,1,1,1,1,1]","[1,0,1,1,1,0]",1,2,2,8,away_win,away,0,83
19045,5,"{""total"":[""solutions/game_5/single/rest-111011/top"",""solutions/game_5/single/rest-110101/bot""]}","[1,1,1,0,1,1]","[1,1,0,1,0,1]",1,3,3,2,home_win,home,1,75
19046,1,"{""total"":[""solutions/game_1/total/rest-111111/top"",""solutions/game_1/total/rest-111111/bot""]}","[1,1,1,1,1,1]","[1,1,1,1,1,1]",0,0,2,5,away_win,away,0,82
19046,2,"{""total"":[""solutions/game_2/total/rest-011001/top"",""solutions/game_2/total/rest-011110/bot""]}","[0,1,1,0,0,1]","[0,1,1,1,1,0]",0,1,3,4,away_win,away,0,82
19046,3,"{""total"":[""solutions/game_3/total/rest-111110/top"",""solutions/game_3/total/rest-100011/bot""]}","[1,1,1,1,1,0]","[1,0,0,0,1,1]",0,2,10,2,home_win,home,0,74
19046,4,"{""total"":[""solutions/game_4/total/rest-111011/top"",""solutions/game_4/total/rest-111101/bot""]}","[1,1,1,0,1,1]","[1,1,1,1,0,1]",1,2,4,8,away_win,away,0,85
19046,5,"{""total"":[""solutions/game_5/single/rest-111110/top"",""solutions/game_5/single/rest-010111/bot""]}","[1,1,1,1,1,0]","[0,1,0,1,1,1]",1,3,6,9,away_win,away,1,91
19047,1,"{""total"":[""solutions/game_1/total/rest-111111/top"",""solutions/game_1/total/rest-111111/bot""]}","[1,1,1,1,1,1]","[1,1,1,1,1,1]",0,0,4,2,home_win,home,0,77
19047,2,"{""total"":[""solutions/game_2/total/rest-111101/top"",""solutions/game_2/total/rest-111101/bot""]}","[1,1,1,1,0,1]","[1,1,1,1,0,1]",1,0,0,8,away_win,away,0,45
19047,3,"{""total"":[""solutions/game_3/total/rest-111111/top"",""solutions/game_3/total/rest-111111/bot""]}","[1,1,1,1,1,1]","[1,1,1,1,1,1]",1,1,1,4,away_win,away,0,71
19047,4,"{""total"":[""solutions/game_4/total/rest-111100/top"",""solutions/game_4/total/rest-011011/bot""]}","[1,1,1,1,0,0]","[0,1,1,0,1,1]",1,2,2,5,away_win,away,0,79
19047,5,"{""total"":[""solutions/game_5/single/rest-011011/top"",""solutions/game_5/single/rest-111101/bot""]}","[0,1,1,0,1,1]","[1,1,1,1,0,1]",1,3,1,11,away_win,away,1,71
19048,1,"{""total"":[""solutions/game_1/total/rest-111111/top"",""solutions/game_1/total/rest-111111/bot""]}","[1,1,1,1,1,1]","[1,1,1,1,1,1]",0,0,2,11,away_win,away,0,65
19048,2,"{""total"":[""solutions/game_2/total/rest-111111/top"",""solutions/game_2/total/rest-111111/bot""]}","[1,1,1,1,1,1]","[1,1,1,1,1,1]",0,1,3,1,home_win,home,0,67
19048,3,"{""total"":[""solutions/game_3/total/rest-111111/top"",""solutions/game_3/total/rest-111011/bot""]}","[1,1,1,1,1,1]","[1,1,1,0,1,1]",1,1,7,8,away_win,away,0,90
19048,4,"{""total"":[""solutions/game_4/total/rest-110101/top"",""solutions/game_4/total/rest-001110/bot""]}","[1,1,0,1,0,1]","[0,0,1,1,1,0]",1,2,9,8,home_win,home,0,94
19048,5,"{""total"":[""solutions/game_5/single/rest-011111/top"",""solutions/game_5/single/rest-110011/bot""]}","[0,1,1,1,1,1]","[1,1,0,0,1,1]",2,2,0,8,away_win,away,0,43
19049,1,"{""total"":[""solutions/game_1/total/rest-111111/top"",""solutions/game_1/total/rest-111111/bot""]}","[1,1,1,1,1,1]","[1,1,1,1,1,1]",0,0,4,7,away_win,away,0,88
19049,2,"{""total"":[""solutions/game_2/total/rest-010101/top"",""solutions/game_2/total/rest-001111/bot""]}","[0,1,0,1,0,1]","[0,0,1,1,1,1]",0,1,2,7,away_win,away,0,82
19049,3,"{""total"":[""solutions/game_3/total/rest-111111/top"",""solutions/game_3/total/rest-111010/bot""]}","[1,1,1,1,1,1]","[1,1,1,0,1,0]",0,2,11,8,home_win,home,0,84
19049,4,"{""total"":[""solutions/game_4/total/rest-011001/top"",""solutions/game_4/total/rest-110100/bot""]}","[0,1,1,0,0,1]","[1,1,0,1,0,0]",1,2,5,2,home_win,home,0,80
19049,5,"{""total"":[""solutions/game_5/single/rest-100110/top"",""solutions/game_5/single/rest-111111/bot""]}","[1,0,0,1,1,0]","[1,1,1,1,1,1]",2,2,5,6,away_win,away,0,87
19050,1,"{""total"":[""solutions/game_1/total/rest-111111/top"",""solutions/game_1/total/rest-111111/bot""]}","[1,1,1,1,1,1]","[1,1,1,1,1,1]",0,0,8,0,home_win,home,0,76
19050,2,"{""total"":[""solutions/game_2/total/rest-111101/top"",""solutions/game_2/total/rest-111101/bot""]}","[1,1,1,1,0,1]","[1,1,1,1,0,1]",1,0,4,2,home_win,home,0,72
19050,3,"{""total"":[""solutions/game_3/total/rest-111110/top"",""solutions/game_3/total/rest-011111/bot""]}","[1,1,1,1,1,0]","[0,1,1,1,1,1]",2,0,1,9,away_win,away,0,64
19050,4,"{""total"":[""solutions/game_4/total/rest-011111/top"",""solutions/game_4/total/rest-111101/bot""]}","[0,1,1,1,1,1]","[1,1,1,1,0,1]",2,1,11,11,tie,away,0,112
19050,5,"{""total"":[""solutions/game_5/single/rest-111010/top"",""solutions/game_5/single/rest-010111/bot""]}","[1,1,1,0,1,0]","[0,1,0,1,1,1]",2,2,4,8,away_win,away,0,87
19051,1,"{""total"":[""solutions/game_1/total/rest-111111/top"",""solutions/game_1/total/rest-111111/bot""]}","[1,1,1,1,1,1]","[1,1,1,1,1,1]",0,0,2,5,away_win,away,0,83
19051,2,"{""total"":[""solutions/game_2/total/rest-111110/top"",""solutions/game_2/total/rest-001111/bot""]}","[1,1,1,1,1,0]","[0,0,1,1,1,1]",0,1,10,2,home_win,home,0,62
19051,3,"{""total"":[""solutions/game_3/total/rest-101111/top"",""solutions/game_3/total/rest-111111/bot""]}","[1,0,1,1,1,1]","[1,1,1,1,1,1]",1,1,4,12,away_win,away,0,73
19051,4,"{""total"":[""solutions/game_4/total/rest-111110/top"",""solutions/game_4/total/rest-111111/bot""]}","[1,1,1,1,1,0]","[1,1,1,1,1,1]",1,2,5,13,away_win,away,0,85
19051,5,"{""total"":[""solutions/game_5/single/rest-101111/top"",""solutions/game_5/single/rest-011101/bot""]}","[1,0,1,1,1,1]","[0,1,1,1,0,1]",1,3,3,1,home_win,home,1,78
19052,1,"{""total"":[""solutions/game_1/total/rest-111111/top"",""solutions/game_1/total/rest-111111/bot""]}","[1,1,1,1,1,1]","[1,1,1,1,1,1]",0,0,5,13,away_win,away,0,72
19052,2,"{""total"":[""solutions/game_2/total/rest-111110/top"",""solutions/game_2/total/rest-111110/bot""]}","[1,1,1,1,1,0]","[1,1,1,1,1,0]",0,1,8,4,home_win,home,0,75
19052,3,"{""total"":[""solutions/game_3/total/rest-110011/top"",""solutions/game_3/total/rest-001111/bot""]}","[1,1,0,0,1,1]","[0,0,1,1,1,1]",1,1,7,3,home_win,home,0,84
19052,4,"{""total"":[""solutions/game_4/total/rest-011100/top"",""solutions/game_4/total/rest-110101/bot""]}","[0,1,1,1,0,0]","[1,1,0,1,0,1]",2,1,5,3,home_win,home,0,80
19052,5,"{""total"":[""solutions/game_5/single/rest-101111/top"",""solutions/game_5/single/rest-011100/bot""]}","[1,0,1,1,1,1]","[0,1,1,1,0,0]",3,1,1,9,away_win,away,1,50
19053,1,"{""total"":[""solutions/game_1/total/rest-111111/top"",""solutions/game_1/total/rest-111111/bot""]}","[1,1,1,1,1,1]","[1,1,1,1,1,1]",0,0,10,2,home_win,home,0,70
19053,2,"{""total"":[""solutions/game_2/total/rest-111010/top"",""solutions/game_2/total/rest-011110/bot""]}","[1,1,1,0,1,0]","[0,1,1,1,1,0]",1,0,0,6,away_win,away,0,83
19053,3,"{""total"":[""solutions/game_3/total/rest-111011/top"",""solutions/game_3/total/rest-110011/bot""]}","[1,1,1,0,1,1]","[1,1,0,0,1,1]",1,1,3,1,home_win,home,0,72
19053,4,"{""total"":[""solutions/game_4/total/rest-110001/top"",""solutions/game_4/total/rest-101111/bot""]}","[1,1,0,0,0,1]","[1,0,1,1,1,1]",2,1,4,3,home_win,home,0,79
19053,5,"{""total"":[""solutions/game_5/single/rest-000010/top"",""solutions/game_5/single/rest-110101/bot""]}","[0,0,0,0,1,0]","[1,1,0,1,0,1]",3,1,4,7,away_win,away,1,85
19054,1,"{""total"":[""solutions/game_1/total/rest-111111/top"",""solutions/game_1/total/rest-111111/bot""]}","[1,1,1,1,1,1]","[1,1,1,1,1,1]",0,0,3,4,away_win,away,0,90
19054,2,"{""total"":[""solutions/game_2/total/rest-110110/top"",""solutions/game_2/total/rest-011010/bot""]}","[1,1,0,1,1,0]","[0,1,1,0,1,0]",0,1,6,1,home_win,home,0,73
19054,3,"{""total"":[""solutions/game_3/total/rest-110101/top"",""solutions/game_3/total/rest-110111/bot""]}","[1,1,0,1,0,1]","[1,1,0,1,1,1]",1,1,4,8,away_win,away,0,84
19054,4,"{""total"":[""solutions/game_4/total/rest-111110/top"",""solutions/game_4/total/rest-111110/bot""]}","[1,1,1,1,1,0]","[1,1,1,1,1,0]",1,2,3,1,home_win,home,0,62
19054,5,"{""total"":[""solutions/game_5/single/rest-111011/top"",""solutions/game_5/single/rest-110111/bot""]}","[1,1,1,0,1,1]","[1,1,0,1,1,1]",2,2,7,9,away_win,away,0,96
19055,1,"{""total"":[""solutions/game_1/total/rest-111111/top"",""solutions/game_1/total/rest-111111/bot""]}","[1,1,1,1,1,1]","[1,1,1,1,1,1]",0,0,2,6,away_win,away,0,79
19055,2,"{""total"":[""solutions/game_2/total/rest-110001/top"",""solutions/game_2/total/rest-001011/bot""]}","[1,1,0,0,0,1]","[0,0,1,0,1,1]",0,1,2,6,away_win,away,0,79
19055,3,"{""total"":[""solutions/game_3/total/rest-111110/top"",""solutions/game_3/total/rest-111101/bot""]}","[1,1,1,1,1,0]","[1,1,1,1,0,1]",0,2,3,2,home_win,home,0,75
19055,4,"{""total"":[""solutions/game_4/total/rest-110101/top"",""solutions/game_4/total/rest-111011/bot""]}","[1,1,0,1,0,1]","[1,1,1,0,1,1]",1,2,10,1,home_win,home,0,56
19055,5,"{""total"":[""solutions/game_5/single/rest-011111/top"",""solutions/game_5/single/rest-111111/bot""]}","[0,1,1,1,1,1]","[1,1,1,1,1,1]",2,2,3,8,away_win,away,0,90
19056,1,"{""total"":[""solutions/game_1/total/rest-111111/top"",""solutions/game_1/total/rest-111111/bot""]}","[1,1,1,1,1,1]","[1,1,1,1,1,1]",0,0,1,10,away_win,away,0,53
19056,2,"{""total"":[""solutions/game_2/total/rest-111111/top"",""solutions/game_2/total/rest-111111/bot""]}","[1,1,1,1,1,1]","[1,1,1,1,1,1]",0,1,6,2,home_win,home,0,81
19056,3,"{""total"":[""solutions/game_3/total/rest-101101/top"",""solutions/game_3/total/rest-111100/bot""]}","[1,0,1,1,0,1]","[1,1,1,1,0,0]",1,1,2,1,home_win,home,0,69
19056,4,"{""total"":[""solutions/game_4/total/rest-111011/top"",""solutions/game_4/total/rest-101011/bot""]}","[1,1,1,0,1,1]","[1,0,1,0,1,1]",2,1,4,5,away_win,away,0,89
19056,5,"{""total"":[""solutions/game_5/single/rest-010111/top"",""solutions/game_5/single/rest-110110/bot""]}","[0,1,0,1,1,1]","[1,1,0,1,1,0]",2,2,6,5,home_win,home,0,84
19057,1,"{""total"":[""solutions/game_1/total/rest-111111/top"",""solutions/game_1/total/rest-111111/bot""]}","[1,1,1,1,1,1]","[1,1,1,1,1,1]",0,0,3,12,away_win,away,0,77
19057,2,"{""total"":[""solutions/game_2/total/rest-111110/top"",""solutions/game_2/total/rest-010111/bot""]}","[1,1,1,1,1,0]","[0,1,0,1,1,1]",0,1,1,3,away_win,away,0,79
19057,3,"{""total"":[""solutions/game_3/total/rest-001011/top"",""solutions/game_3/total/rest-111111/bot""]}","[0,0,1,0,1,1]","[1,1,1,1,1,1]",0,2,9,1,home_win,home,0,34
19057,4,"{""total"":[""solutions/game_4/total/rest-001111/top"",""solutions/game_4/total/rest-111111/bot""]}","[0,0,1,1,1,1]","[1,1,1,1,1,1]",1,2,7,4,home_win,home,0,75
19057,5,"{""total"":[""solutions/game_5/single/rest-110011/top"",""solutions/game_5/single/rest-111101/bot""]}","[1,1,0,0,1,1]","[1,1,1,1,0,1]",2,2,13,17,away_win,away,0,118
19058,1,"{""total"":[""solutions/game_1/total/rest-111111/top"",""solutions/game_1/total/rest-111111/bot""]}","[1,1,1,1,1,1]","[1,1,1,1,1,1]",0,0,1,0,home_win,home,0,69
19058,2,"{""total"":[""solutions/game_2/total/rest-110111/top"",""solutions/game_2/total/rest-011110/bot""]}","[1,1,0,1,1,1]","[0,1,1,1,1,0]",1,0,8,5,home_win,home,0,95
19058,3,"{""total"":[""solutions/game_3/total/rest-001101/top"",""solutions/game_3/total/rest-110101/bot""]}","[0,0,1,1,0,1]","[1,1,0,1,0,1]",2,0,8,0,home_win,home,0,43
19058,4,"{""total"":[""solutions/game_4/total/rest-011111/top"",""solutions/game_4/total/rest-111111/bot""]}","[0,1,1,1,1,1]","[1,1,1,1,1,1]",3,0,1,9,away_win,away,1,57
19058,5,"{""total"":[""solutions/game_5/single/rest-111110/top"",""solutions/game_5/single/rest-111111/bot""]}","[1,1,1,1,1,0]","[1,1,1,1,1,1]",3,1,7,1,home_win,home,1,78
19059,1,"{""total"":[""solutions/game_1/total/rest-111111/top"",""solutions/game_1/total/rest-111111/bot""]}","[1,1,1,1,1,1]","[1,1,1,1,1,1]",0,0,1,3,away_win,away,0,82
19059,2,"{""total"":[""solutions/game_2/total/rest-011101/top"",""solutions/game_2/total/rest-001110/bot""]}","[0,1,1,1,0,1]","[0,0,1,1,1,0]",0,1,5,7,away_win,away,0,91
19059,3,"{""total"":[""solutions/game_3/total/rest-100110/top"",""solutions/game_3/total/rest-111001/bot""]}","[1,0,0,1,1,0]","[1,1,1,0,0,1]",0,2,2,10,away_win,away,0,67
19059,4,"{""total"":[""solutions/game_4/total/rest-110100/top"",""solutions/game_4/total/rest-110111/bot""]}","[1,1,0,1,0,0]","[1,1,0,1,1,1]",0,3,4,6,away_win,away,1,91
19059,5,"{""total"":[""solutions/game_5/single/rest-011111/top"",""solutions/game_5/single/rest-001010/bot""]}","[0,1,1,1,1,1]","[0,0,1,0,1,0]",0,4,6,5,home_win,home,1,93
19060,1,"{""total"":[""solutions/game_1/total/rest-111111/top"",""solutions/game_1/total/rest-111111/bot""]}","[1,1,1,1,1,1]","[1,1,1,1,1,1]",0,0,11,3,home_win,home,0,87
19060,2,"{""total"":[""solutions/game_2/total/rest-111001/top"",""solutions/game_2/total/rest-111110/bot""]}","[1,1,1,0,0,1]","[1,1,1,1,1,0]",1,0,9,1,home_win,home,0,44
19060,3,"{""total"":[""solutions/game_3/total/rest-111111/top"",""solutions/game_3/total/rest-111111/bot""]}","[1,1,1,1,1,1]","[1,1,1,1,1,1]",2,0,8,7,home_win,home,0,96
19060,4,"{""total"":[""solutions/game_4/total/rest-111101/top"",""solutions/game_4/total/rest-101001/bot""]}","[1,1,1,1,0,1]","[1,0,1,0,0,1]",3,0,5,3,home_win,home,1,88
19060,5,"{""total"":[""solutions/game_5/single/rest-011111/top"",""solutions/game_5/single/rest-110111/bot""]}","[0,1,1,1,1,1]","[1,1,0,1,1,1]",4,0,3,7,away_win,away,1,91
19061,1,"{""total"":[""solutions/game_1/total/rest-111111/top"",""solutions/game_1/total/rest-111111/bot""]}","[1,1,1,1,1,1]","[1,1,1,1,1,1]",0,0,7,4,home_win,home,0,78
19061,2,"{""total"":[""solutions/game_2/total/rest-111011/top"",""solutions/game_2/total/rest-111101/bot""]}","[1,1,1,0,1,1]","[1,1,1,1,0,1]",1,0,6,1,home_win,home,0,76
19061,3,"{""total"":[""solutions/game_3/total/rest-111111/top"",""solutions/game_3/total/rest-111110/bot""]}","[1,1,1,1,1,1]","[1,1,1,1,1,0]",2,0,5,13,away_win,away,0,83
19061,4,"{""total"":[""solutions/game_4/total/rest-011001/top"",""solutions/game_4/total/rest-110111/bot""]}","[0,1,1,0,0,1]","[1,1,0,1,1,1]",2,1,5,7,away_win,away,0,96
19061,5,"{""total"":[""solutions/game_5/single/rest-101110/top"",""solutions/game_5/single/rest-010010/bot""]}","[1,0,1,1,1,0]","[0,1,0,0,1,0]",2,2,4,5,away_win,away,0,85
19062,1,"{""total"":[""solutions/game_1/total/rest-111111/top"",""solutions/game_1/total/rest-111111/bot""]}","[1,1,1,1,1,1]","[1,1,1,1,1,1]",0,0,7,5,home_win,home,0,95
19062,2,"{""total"":[""solutions/game_2/total/rest-010011/top"",""solutions/game_2/total/rest-000011/bot""]}","[0,1,0,0,1,1]","[0,0,0,0,1,1]",1,0,8,13,away_win,away,0,102
19062,3,"{""total"":[""solutions/game_3/total/rest-111000/top"",""solutions/game_3/total/rest-110111/bot""]}","[1,1,1,0,0,0]","[1,1,0,1,1,1]",1,1,8,0,home_win,home,0,61
19062,4,"{""total"":[""solutions/game_4/total/rest-101111/top"",""solutions/game_4/total/rest-111101/bot""]}","[1,0,1,1,1,1]","[1,1,1,1,0,1]",2,1,2,10,away_win,away,0,43
19062,5,"{""total"":[""solutions/game_5/single/rest-101110/top"",""solutions/game_5/single/rest-111111/bot""]}","[1,0,1,1,1,0]","[1,1,1,1,1,1]",2,2,3,1,home_win,home,0,76
19063,1,"{""total"":[""solutions/game_1/total/rest-111111/top"",""solutions/game_1/total/rest-111111/bot""]}","[1,1,1,1,1,1]","[1,1,1,1,1,1]",0,0,7,5,home_win,home,0,84
19063,2,"{""total"":[""solutions/game_2/total/rest-110011/top"",""solutions/game_2/total/rest-011111/bot""]}","[1,1,0,0,1,1]","[0,1,1,1,1,1]",1,0,0,6,away_win,away,0,82
19063,3,"{""total"":[""solutions/game_3/total/rest-111101/top"",""solutions/game_3/total/rest-111100/bot""]}","[1,1,1,1,0,1]","[1,1,1,1,0,0]",1,1,3,2,home_win,home,0,80
19063,4,"{""total"":[""solutions/game_4/total/rest-111001/top"",""solutions/game_4/total/rest-100111/bot""]}","[1,1,1,0,0,1]","[1,0,0,1,1,1]",2,1,6,8,away_win,away,0,83
19063,5,"{""total"":[""solutions/game_5/single/rest-101111/top"",""solutions/game_5/single/rest-111010/bot""]}","[1,0,1,1,1,1]","[1,1,1,0,1,0]",2,2,6,4,home_win,home,0,78
19064,1,"{""total"":[""solutions/game_1/total/rest-111111/top"",""solutions/game_1/total/rest-111111/bot""]}","[1,1,1,1,1,1]","[1,1,1,1,1,1]",0,0,3,4,away_win,away,0,80
19064,2,"{""total"":[""solutions/game_2/total/rest-011011/top"",""solutions/game_2/total/rest-101010/bot""]}","[0,1,1,0,1,1]","[1,0,1,0,1,0]",0,1,8,5,home_win,home,0,81
19064,3,"{""total"":[""solutions/game_3/total/rest-111101/top"",""solutions/game_3/total/rest-010111/bot""]}","[1,1,1,1,0,1]","[0,1,0,1,1,1]",1,1,0,1,away_win,away,0,72
19064,4,"{""total"":[""solutions/game_4/total/rest-110111/top"",""solutions/game_4/total/rest-100110/bot""]}","[1,1,0,1,1,1]","[1,0,0,1,1,0]",1,2,7,6,home_win,home,0,101
19064,5,"{""total"":[""solutions/game_5/single/rest-001110/top"",""solutions/game_5/single/rest-011001/bot""]}","[0,0,1,1,1,0]","[0,1,1,0,0,1]",2,2,6,7,away_win,away,0,85
19065,1,"{""total"":[""solutions/game_1/total/rest-111111/top"",""solutions/game_1/total/rest-111111/bot""]}","[1,1,1,1,1,1]","[1,1,1,1,1,1]",0,0,2,4,away_win,away,0,80
19065,2,"{""total"":[""solutions/game_2/total/rest-101111/top"",""solutions/game_2/total/rest-001111/bot""]}","[1,0,1,1,1,1]","[0,0,1,1,1,1]",0,1,2,4,away_win,away,0,83
19065,3,"{""total"":[""solutions/game_3/total/rest-111100/top"",""solutions/game_3/total/rest-110010/bot""]}","[1,1,1,1,0,0]","[1,1,0,0,1,0]",0,2,7,3,home_win,home,0,78
19065,4,"{""total"":[""solutions/game_4/total/rest-101011/top"",""solutions/game_4/total/rest-111111/bot""]}","[1,0,1,0,1,1]","[1,1,1,1,1,1]",1,2,5,6,away_win,away,0,83
19065,5,"{""total"":[""solutions/game_5/single/rest-010101/top"",""solutions/game_5/single/rest-001011/bot""]}","[0,1,0,1,0,1]","[0,0,1,0,1,1]",1,3,2,10,away_win,away,1,62
19066,1,"{""total"":[""solutions/game_1/total/rest-111111/top"",""solutions/game_1/total/rest-111111/bot""]}","[1,1,1,1,1,1]","[1,1,1,1,1,1]",0,0,2,12,away_win,away,0,60
19066,2,"{""total"":[""solutions/game_2/total/rest-111110/top"",""solutions/game_2/total/rest-111111/bot""]}","[1,1,1,1,1,0]","[1,1,1,1,1,1]",0,1,3,3,tie,home,0,88
19066,3,"{""total"":[""solutions/game_3/total/rest-010111/top"",""solutions/game_3/total/rest-100010/bot""]}","[0,1,0,1,1,1]","[1,0,0,0,1,0]",1,1,7,4,home_win,home,0,83
19066,4,"{""total"":[""solutions/game_4/total/rest-011100/top"",""solutions/game_4/total/rest-111101/bot""]}","[0,1,1,1,0,0]","[1,1,1,1,0,1]",2,1,4,6,away_win,away,0,83
19066,5,"{""total"":[""solutions/game_5/single/rest-100011/top"",""solutions/game_5/single/rest-111011/bot""]}","[1,0,0,0,1,1]","[1,1,1,0,1,1]",2,2,1,2,away_win,away,0,81
19067,1,"{""total"":[""solutions/game_1/total/rest-111111/top"",""solutions/game_1/total/rest-111111/bot""]}","[1,1,1,1,1,1]","[1,1,1,1,1,1]",0,0,3,3,tie,home,0,85
19067,2,"{""total"":[""solutions/game_2/total/rest-110001/top"",""solutions/game_2/total/rest-101111/bot""]}","[1,1,0,0,0,1]","[1,0,1,1,1,1]",1,0,5,0,home_win,home,0,80
19067,3,"{""total"":[""solutions/game_3/total/rest-001110/top"",""solutions/game_3/total/rest-111101/bot""]}","[0,0,1,1,1,0]","[1,1,1,1,0,1]",2,0,3,6,away_win,away,0,91
19067,4,"{""total"":[""solutions/game_4/total/rest-110001/top"",""solutions/game_4/total/rest-001111/bot""]}","[1,1,0,0,0,1]","[0,0,1,1,1,1]",2,1,4,7,away_win,away,0,93
19067,5,"{""total"":[""solutions/game_5/single/rest-111110/top"",""solutions/game_5/single/rest-110100/bot""]}","[1,1,1,1,1,0]","[1,1,0,1,0,0]",2,2,1,9,away_win,away,0,29
19068,1,"{""total"":[""solutions/game_1/total/rest-111111/top"",""solutions/game_1/total/rest-111111/bot""]}","[1,1,1,1,1,1]","[1,1,1,1,1,1]",0,0,5,4,home_win,home,0,72
19068,2,"{""total"":[""solutions/game_2/total/rest-111001/top"",""solutions/game_2/total/rest-110110/bot""]}","[1,1,1,0,0,1]","[1,1,0,1,1,0]",1,0,10,2,home_win,home,0,82
19068,3,"{""total"":[""solutions/game_3/total/rest-111111/top"",""solutions/game_3/total/rest-011111/bot""]}","[1,1,1,1,1,1]","[0,1,1,1,1,1]",2,0,3,12,away_win,away,0,86
19068,4,"{""total"":[""solutions/game_4/total/rest-111101/top"",""solutions/game_4/total/rest-011110/bot""]}","[1,1,1,1,0,1]","[0,1,1,1,1,0]",2,1,8,10,away_win,away,0,89
19068,5,"{""total"":[""solutions/game_5/single/rest-010011/top"",""solutions/game_5/single/rest-111101/bot""]}","[0,1,0,0,1,1]","[1,1,1,1,0,1]",2,2,5,8,away_win,away,0,95
19069,1,"{""total"":[""solutions/game_1/total/rest-111111/top"",""solutions/game_1/total/rest-111111/bot""]}","[1,1,1,1,1,1]","[1,1,1,1,1,1]",0,0,4,3,home_win,home,0,77
19069,2,"{""total"":[""solutions/game_2/total/rest-011101/top"",""solutions/game_2/total/rest-011011/bot""]}","[0,1,1,1,0,1]","[0,1,1,0,1,1]",1,0,4,3,home_win,home,0,71
19069,3,"{""total"":[""solutions/game_3/total/rest-110011/top"",""solutions/game_3/total/rest-101111/bot""]}","[1,1,0,0,1,1]","[1,0,1,1,1,1]",2,0,0,8,away_win,away,0,62
19069,4,"{""total"":[""solutions/game_4/total/rest-111010/top"",""solutions/game_4/total/rest-111101/bot""]}","[1,1,1,0,1,0]","[1,1,1,1,0,1]",2,1,5,2,home_win,home,0,73
19069,5,"{""total"":[""solutions/game_5/single/rest-001101/top"",""solutions/game_5/single/rest-110111/bot""]}","[0,0,1,1,0,1]","[1,1,0,1,1,1]",3,1,5,3,home_win,home,1,77
19070,1,"{""total"":[""solutions/game_1/total/rest-111111/top"",""solutions/game_1/total/rest-111111/bot""]}","[1,1,1,1,1,1]","[1,1,1,1,1,1]",0,0,1,3,away_win,away,0,79
19070,2,"{""total"":[""solutions/game_2/total/rest-001011/top"",""solutions/game_2/total/rest-101010/bot""]}","[0,0,1,0,1,1]","[1,0,1,0,1,0]",0,1,5,1,home_win,home,0,75
19070,3,"{""total"":[""solutions/game_3/total/rest-111111/top"",""solutions/game_3/total/rest-110110/bot""]}","[1,1,1,1,1,1]","[1,1,0,1,1,0]",1,1,0,10,away_win,away,0,41
19070,4,"{""total"":[""solutions/game_4/total/rest-111110/top"",""solutions/game_4/total/rest-111111/bot""]}","[1,1,1,1,1,0]","[1,1,1,1,1,1]",1,2,1,4,away_win,away,0,73
19070,5,"{""total"":[""solutions/game_5/single/rest-111101/top"",""solutions/game_5/single/rest-101110/bot""]}","[1,1,1,1,0,1]","[1,0,1,1,1,0]",1,3,3,0,home_win,home,1,71
19071,1,"{""total"":[""solutions/game_1/total/rest-111111/top"",""solutions/game_1/total/rest-111111/bot""]}","[1,1,1,1,1,1]","[1,1,1,1,1,1]",0,0,3,4,away_win,away,0,73
19071,2,"{""total"":[""solutions/game_2/total/rest-111001/top"",""solutions/game_2/total/rest-111011/bot""]}","[1,1,1,0,0,1]","[1,1,1,0,1,1]",0,1,3,11,away_win,away,0,76
19071,3,"{""total"":[""solutions/game_3/total/rest-111110/top"",""solutions/game_3/total/rest-101111/bot""]}","[1,1,1,1,1,0]","[1,0,1,1,1,1]",0,2,4,5,away_win,away,0,79
19071,4,"{""total"":[""solutions/game_4/total/rest-011000/top"",""solutions/game_4/total/rest-111110/bot""]}","[0,1,1,0,0,0]","[1,1,1,1,1,0]",0,3,6,7,away_win,away,1,83
19071,5,"{""total"":[""solutions/game_5/single/rest-110011/top"",""solutions/game_5/single/rest-011111/bot""]}","[1,1,0,0,1,1]","[0,1,1,1,1,1]",0,4,5,4,home_win,home,1,75
19072,1,"{""total"":[""solutions/game_1/total/rest-111111/top"",""solutions/game_1/total/rest-111111/bot""]}","[1,1,1,1,1,1]","[1,1,1,1,1,1]",0,0,2,0,home_win,home,0,71
19072,2,"{""total"":[""solutions/game_2/total/rest-111101/top"",""solutions/game_2/total/rest-011111/bot""]}","[1,1,1,1,0,1]","[0,1,1,1,1,1]",1,0,6,3,home_win,home,0,90
19072,3,"{""total"":[""solutions/game_3/total/rest-010011/top"",""solutions/game_3/total/rest-111000/bot""]}","[0,1,0,0,1,1]","[1,1,1,0,0,0]",2,0,5,2,home_win,home,0,70
19072,4,"{""total"":[""solutions/game_4/total/rest-111100/top"",""solutions/game_4/total/rest-111111/bot""]}","[1,1,1,1,0,0]","[1,1,1,1,1,1]",3,0,11,3,home_win,home,1,75
19072,5,"{""total"":[""solutions/game_5/single/rest-101111/top"",""solutions/game_5/single/rest-111110/bot""]}","[1,0,1,1,1,1]","[1,1,1,1,1,0]",4,0,1,2,away_win,away,1,81
