sequence,game,policies,home_initial_rest,away_initial_rest,home_wins_before,away_wins_before,home_score,away_score,terminal_result,winner,post_clinch,decisions
61057,1,"{""single"":[""solutions/game_1/single/rest-111111/top"",""solutions/game_1/single/rest-111111/bot""]}","[1,1,1,1,1,1]","[1,1,1,1,1,1]",0,0,3,6,away_win,away,0,85
61057,2,"{""single"":[""solutions/game_2/single/rest-010111/top"",""solutions/game_2/single/rest-001011/bot""]}","[0,1,0,1,1,1]","[0,0,1,0,1,1]",0,1,5,8,away_win,away,0,91
61057,3,"{""single"":[""solutions/game_3/single/rest-101101/top"",""solutions/game_3/single/rest-011100/bot""]}","[1,0,1,1,0,1]","[0,1,1,1,0,0]",0,2,5,0,home_win,home,0,80
61057,4,"{""single"":[""solutions/game_4/single/rest-111011/top"",""solutions/game_4/single/rest-100011/bot""]}","[1,1,1,0,1,1]","[1,0,0,0,1,1]",1,2,8,1,home_win,home,0,81
61057,5,"{""single"":[""solutions/game_5/single/rest-110101/top"",""solutions/game_5/single/rest-011111/bot""]}","[1,1,0,1,0,1]","[0,1,1,1,1,1]",2,2,3,2,home_win,home,0,75
61058,1,"{""single"":[""solutions/game_1/single/rest-111111/top"",""solutions/game_1/single/rest-111111/bot""]}","[1,1,1,1,1,1]","[1,1,1,1,1,1]",0,0,6,9,away_win,away,0,93
61058,2,"{""single"":[""solutions/game_2/single/rest-011000/top"",""solutions/game_2/single/rest-011110/bot""]}","[0,1,1,0,0,0]","[0,1,1,1,1,0]",0,1,0,7,away_win,away,0,79
61058,3,"{""single"":[""solutions/game_3/single/rest-101111/top"",""solutions/game_3/single/rest-101010/bot""]}","[1,0,1,1,1,1]","[1,0,1,0,1,0]",0,2,8,6,home_win,home,0,82
61058,4,"{""single"":[""solutions/game_4/single/rest-010001/top"",""solutions/game_4/single/rest-001101/bot""]}","[0,1,0,0,0,1]","[0,0,1,1,0,1]",1,2,4,3,home_win,home,0,87
61058,5,"{""single"":[""solutions/game_5/single/rest-101110/top"",""solutions/game_5/single/rest-111010/bot""]}","[1,0,1,1,1,0]","[1,1,1,0,1,0]",2,2,10,9,home_win,home,0,94
61059,1,"{""single"":[""solutions/game_1/single/rest-111111/top"",""solutions/game_1/single/rest-111111/bot""]}","[1,1,1,1,1,1]","[1,1,1,1,1,1]",0,0,6,4,home_win,home,0,87
61059,2,"{""single"":[""solutions/game_2/single/rest-010101/top"",""solutions/game_2/single/rest-001010/bot""]}","[0,1,0,1,0,1]","[0,0,1,0,1,0]",1,0,6,5,home_win,home,0,86
61059,3,"{""single"":[""solutions/game_3/single/rest-111010/top"",""solutions/game_3/single/rest-110110/bot""]}","[1,1,1,0,1,0]","[1,1,0,1,1,0]",2,0,4,3,home_win,home,0,85
61059,4,"{""single"":[""solutions/game_4/single/rest-010111/top"",""solutions/game_4/single/rest-011111/bot""]}","[0,1,0,1,1,1]","[0,1,1,1,1,1]",3,0,2,10,away_win,away,1,51
61059,5,"{""single"":[""solutions/game_5/single/rest-111101/top"",""solutions/game_5/single/rest-111111/bot""]}","[1,1,1,1,0,1]","[1,1,1,1,1,1]",3,1,10,0,home_win,home,1,68
61060,1,"{""single"":[""solutions/game_1/single/rest-111111/top"",""solutions/game_1/single/rest-111111/bot""]}","[1,1,1,1,1,1]","[1,1,1,1,1,1]",0,0,2,4,away_win,away,0,79
61060,2,"{""single"":[""solutions/game_2/single/rest-110001/top"",""solutions/game_2/single/rest-001011/bot""]}","[1,1,0,0,0,1]","[0,0,1,0,1,1]",0,1,0,7,away_win,away,0,82
61060,3,"{""single"":[""solutions/game_3/single/rest-001111/top"",""solutions/game_3/single/rest-111101/bot""]}","[0,0,1,1,1,1]","[1,1,1,1,0,1]",0,2,1,5,away_win,away,0,75
61060,4,"{""single"":[""solutions/game_4/single/rest-110011/top"",""solutions/game_4/single/rest-011010/bot""]}","[1,1,0,0,1,1]","[0,1,1,0,1,0]",0,3,3,7,away_win,away,1,80
61060,5,"{""single"":[""solutions/game_5/single/rest-101100/top"",""solutions/game_5/single/rest-100101/bot""]}","[1,0,1,1,0,0]","[1,0,0,1,0,1]",0,4,10,7,home_win,home,1,92
61061,1,"{""single"":[""solutions/game_1/single/rest-111111/top"",""solutions/game_1/single/rest-111111/bot""]}","[1,1,1,1,1,1]","[1,1,1,1,1,1]",0,0,4,6,away_win,away,0,84
61061,2,"{""single"":[""solutions/game_2/single/rest-010101/top"",""solutions/game_2/single/rest-001010/bot""]}","[0,1,0,1,0,1]","[0,0,1,0,1,0]",0,1,2,1,home_win,home,0,73
61061,3,"{""single"":[""solutions/game_3/single/rest-101111/top"",""solutions/game_3/single/rest-110001/bot""]}","[1,0,1,1,1,1]","[1,1,0,0,0,1]",1,1,4,2,home_win,home,0,80
61061,4,"{""single"":[""solutions/game_4/single/rest-110101/top"",""solutions/game_4/single/rest-001110/bot""]}","[1,1,0,1,0,1]","[0,0,1,1,1,0]",2,1,2,1,home_win,home,0,87
61061,5,"{""single"":[""solutions/game_5/single/rest-101110/top"",""solutions/game_5/single/rest-110101/bot""]}","[1,0,1,1,1,0]","[1,1,0,1,0,1]",3,1,5,9,away_win,away,1,94
61062,1,"{""single"":[""solutions/game_1/single/rest-111111/top"",""solutions/game_1/single/rest-111111/bot""]}","[1,1,1,1,1,1]","[1,1,1,1,1,1]",0,0,5,3,home_win,home,0,82
61062,2,"{""single"":[""solutions/game_2/single/rest-010101/top"",""solutions/game_2/single/rest-101010/bot""]}","[0,1,0,1,0,1]","[1,0,1,0,1,0]",1,0,0,0,tie,home,0,81
61062,3,"{""single"":[""solutions/game_3/single/rest-111010/top"",""solutions/game_3/single/rest-011001/bot""]}","[1,1,1,0,1,0]","[0,1,1,0,0,1]",2,0,11,9,home_win,home,0,96
61062,4,"{""single"":[""solutions/game_4/single/rest-010101/top"",""solutions/game_4/single/rest-100111/bot""]}","[0,1,0,1,0,1]","[1,0,0,1,1,1]",3,0,5,4,home_win,home,1,87
61062,5,"{""single"":[""solutions/game_5/single/rest-101010/top"",""solutions/game_5/single/rest-011110/bot""]}","[1,0,1,0,1,0]","[0,1,1,1,1,0]",4,0,4,8,away_win,away,1,98
61063,1,"{""single"":[""solutions/game_1/single/rest-111111/top"",""solutions/game_1/single/rest-111111/bot""]}","[1,1,1,1,1,1]","[1,1,1,1,1,1]",0,0,3,5,away_win,away,0,89
61063,2,"{""single"":[""solutions/game_2/single/rest-011000/top"",""solutions/game_2/single/rest-001010/bot""]}","[0,1,1,0,0,0]","[0,0,1,0,1,0]",0,1,4,2,home_win,home,0,73
61063,3,"{""single"":[""solutions/game_3/single/rest-100111/top"",""solutions/game_3/single/rest-110101/bot""]}","[1,0,0,1,1,1]","[1,1,0,1,0,1]",1,1,4,3,home_win,home,0,79
61063,4,"{""single"":[""solutions/game_4/single/rest-011000/top"",""solutions/game_4/single/rest-001111/bot""]}","[0,1,1,0,0,0]","[0,0,1,1,1,1]",2,1,0,1,away_win,away,0,71
61063,5,"{""single"":[""solutions/game_5/single/rest-111111/top"",""solutions/game_5/single/rest-111110/bot""]}","[1,1,1,1,1,1]","[1,1,1,1,1,0]",2,2,7,2,home_win,home,0,85
61064,1,"{""single"":[""solutions/game_1/single/rest-111111/top"",""solutions/game_1/single/rest-111111/bot""]}","[1,1,1,1,1,1]","[1,1,1,1,1,1]",0,0,6,2,home_win,home,0,80
61064,2,"{""single"":[""solutions/game_2/single/rest-110001/top"",""solutions/game_2/single/rest-001011/bot""]}","[1,1,0,0,0,1]","[0,0,1,0,1,1]",1,0,2,7,away_win,away,0,88
61064,3,"{""single"":[""solutions/game_3/single/rest-001110/top"",""solutions/game_3/single/rest-110110/bot""]}","[0,0,1,1,1,0]","[1,1,0,1,1,0]",1,1,1,3,away_win,away,0,74
61064,4,"{""single"":[""solutions/game_4/single/rest-010011/top"",""solutions/game_4/single/rest-001111/bot""]}","[0,1,0,0,1,1]","[0,0,1,1,1,1]",1,2,3,1,home_win,home,0,68
61064,5,"{""single"":[""solutions/game_5/single/rest-111111/top"",""solutions/game_5/single/rest-111010/bot""]}","[1,1,1,1,1,1]","[1,1,1,0,1,0]",2,2,6,1,home_win,home,0,76
61065,1,"{""single"":[""solutions/game_1/single/rest-111111/top"",""solutions/game_1/single/rest-111111/bot""]}","[1,1,1,1,1,1]","[1,1,1,1,1,1]",0,0,3,2,home_win,home,0,75
61065,2,"{""single"":[""solutions/game_2/single/rest-011011/top"",""solutions/game_2/single/rest-001011/bot""]}","[0,1,1,0,1,1]","[0,0,1,0,1,1]",1,0,14,6,home_win,home,0,85
61065,3,"{""single"":[""solutions/game_3/single/rest-010101/top"",""solutions/game_3/single/rest-110100/bot""]}","[0,1,0,1,0,1]","[1,1,0,1,0,0]",2,0,8,6,home_win,home,0,96
61065,4,"{""single"":[""solutions/game_4/single/rest-101111/top"",""solutions/game_4/single/rest-001011/bot""]}","[1,0,1,1,1,1]","[0,0,1,0,1,1]",3,0,4,10,away_win,away,1,92
61065,5,"{""single"":[""solutions/game_5/single/rest-000011/top"",""solutions/game_5/single/rest-111101/bot""]}","[0,0,0,0,1,1]","[1,1,1,1,0,1]",3,1,4,3,home_win,home,1,83
61066,1,"{""single"":[""solutions/game_1/single/rest-111111/top"",""solutions/game_1/single/rest-111111/bot""]}","[1,1,1,1,1,1]","[1,1,1,1,1,1]",0,0,0,7,away_win,away,0,77
61066,2,"{""single"":[""solutions/game_2/single/rest-110001/top"",""solutions/game_2/single/rest-101110/bot""]}","[1,1,0,0,0,1]","[1,0,1,1,1,0]",0,1,8,0,home_win,home,0,53
61066,3,"{""single"":[""solutions/game_3/single/rest-011111/top"",""solutions/game_3/single/rest-111111/bot""]}","[0,1,1,1,1,1]","[1,1,1,1,1,1]",1,1,5,1,home_win,home,0,71
61066,4,"{""single"":[""solutions/game_4/single/rest-110011/top"",""solutions/game_4/single/rest-011011/bot""]}","[1,1,0,0,1,1]","[0,1,1,0,1,1]",2,1,6,5,home_win,home,0,81
61066,5,"{""single"":[""solutions/game_5/single/rest-011100/top"",""solutions/game_5/single/rest-101101/bot""]}","[0,1,1,1,0,0]","[1,0,1,1,0,1]",3,1,1,0,home_win,home,1,74
61067,1,"{""single"":[""solutions/game_1/single/rest-111111/top"",""solutions/game_1/single/rest-111111/bot""]}","[1,1,1,1,1,1]","[1,1,1,1,1,1]",0,0,5,3,home_win,home,0,77
61067,2,"{""single"":[""solutions/game_2/single/rest-010111/top"",""solutions/game_2/single/rest-101011/bot""]}","[0,1,0,1,1,1]","[1,0,1,0,1,1]",1,0,3,1,home_win,home,0,66
61067,3,"{""single"":[""solutions/game_3/single/rest-111001/top"",""solutions/game_3/single/rest-111111/bot""]}","[1,1,1,0,0,1]","[1,1,1,1,1,1]",2,0,2,6,away_win,away,0,82
61067,4,"{""single"":[""solutions/game_4/single/rest-110110/top"",""solutions/game_4/single/rest-001010/bot""]}","[1,1,0,1,1,0]","[0,0,1,0,1,0]",2,1,1,2,away_win,away,0,72
61067,5,"{""single"":[""solutions/game_5/single/rest-111101/top"",""solutions/game_5/single/rest-110101/bot""]}","[1,1,1,1,0,1]","[1,1,0,1,0,1]",2,2,9,1,home_win,home,0,42
61068,1,"{""single"":[""solutions/game_1/single/rest-111111/top"",""solutions/game_1/single/rest-111111/bot""]}","[1,1,1,1,1,1]","[1,1,1,1,1,1]",0,0,0,2,away_win,away,0,84
61068,2,"{""single"":[""solutions/game_2/single/rest-110001/top"",""solutions/game_2/single/rest-100000/bot""]}","[1,1,0,0,0,1]","[1,0,0,0,0,0]",0,1,7,6,home_win,home,0,79
61068,3,"{""single"":[""solutions/game_3/single/rest-011110/top"",""solutions/game_3/single/rest-011111/bot""]}","[0,1,1,1,1,0]","[0,1,1,1,1,1]",1,1,6,0,home_win,home,0,75
61068,4,"{""single"":[""solutions/game_4/single/rest-111011/top"",""solutions/game_4/single/rest-111100/bot""]}","[1,1,1,0,1,1]","[1,1,1,1,0,0]",2,1,1,5,away_win,away,0,85
61068,5,"{""single"":[""solutions/game_5/single/rest-001110/top"",""solutions/game_5/single/rest-101111/bot""]}","[0,0,1,1,1,0]","[1,0,1,1,1,1]",2,2,3,8,away_win,away,0,85
61069,1,"{""single"":[""solutions/game_1/single/rest-111111/top"",""solutions/game_1/single/rest-111111/bot""]}","[1,1,1,1,1,1]","[1,1,1,1,1,1]",0,0,6,5,home_win,home,0,98
61069,2,"{""single"":[""solutions/game_2/single/rest-000001/top"",""solutions/game_2/single/rest-011001/bot""]}","[0,0,0,0,0,1]","[0,1,1,0,0,1]",1,0,2,10,away_win,away,0,84
61069,3,"{""single"":[""solutions/game_3/single/rest-111111/top"",""solutions/game_3/single/rest-110110/bot""]}","[1,1,1,1,1,1]","[1,1,0,1,1,0]",1,1,5,4,home_win,home,0,85
61069,4,"{""single"":[""solutions/game_4/single/rest-010001/top"",""solutions/game_4/single/rest-001011/bot""]}","[0,1,0,0,0,1]","[0,0,1,0,1,1]",2,1,4,5,away_win,away,0,92
61069,5,"{""single"":[""solutions/game_5/single/rest-101110/top"",""solutions/game_5/single/rest-110100/bot""]}","[1,0,1,1,1,0]","[1,1,0,1,0,0]",2,2,1,10,away_win,away,0,53
61070,1,"{""single"":[""solutions/game_1/single/rest-111111/top"",""solutions/game_1/single/rest-111111/bot""]}","[1,1,1,1,1,1]","[1,1,1,1,1,1]",0,0,9,8,home_win,home,0,93
61070,2,"{""single"":[""solutions/game_2/single/rest-010011/top"",""solutions/game_2/single/rest-001011/bot""]}","[0,1,0,0,1,1]","[0,0,1,0,1,1]",1,0,3,4,away_win,away,0,80
61070,3,"{""single"":[""solutions/game_3/single/rest-101111/top"",""solutions/game_3/single/rest-111110/bot""]}","[1,0,1,1,1,1]","[1,1,1,1,1,0]",1,1,11,12,away_win,away,0,101
61070,4,"{""single"":[""solutions/game_4/single/rest-110001/top"",""solutions/game_4/single/rest-000111/bot""]}","[1,1,0,0,0,1]","[0,0,0,1,1,1]",1,2,2,6,away_win,away,0,81
61070,5,"{""single"":[""solutions/game_5/single/rest-001111/top"",""solutions/game_5/single/rest-111010/bot""]}","[0,0,1,1,1,1]","[1,1,1,0,1,0]",1,3,4,1,home_win,home,1,78
61071,1,"{""single"":[""solutions/game_1/single/rest-111111/top"",""solutions/game_1/single/rest-111111/bot""]}","[1,1,1,1,1,1]","[1,1,1,1,1,1]",0,0,3,2,home_win,home,0,75
61071,2,"{""single"":[""solutions/game_2/single/rest-011011/top"",""solutions/game_2/single/rest-001011/bot""]}","[0,1,1,0,1,1]","[0,0,1,0,1,1]",1,0,4,3,home_win,home,0,71
61071,3,"{""single"":[""solutions/game_3/single/rest-111000/top"",""solutions/game_3/single/rest-101110/bot""]}","[1,1,1,0,0,0]","[1,0,1,1,1,0]",2,0,1,2,away_win,away,0,75
61071,4,"{""single"":[""solutions/game_4/single/rest-000111/top"",""solutions/game_4/single/rest-010111/bot""]}","[0,0,0,1,1,1]","[0,1,0,1,1,1]",2,1,6,4,home_win,home,0,79
61071,5,"{""single"":[""solutions/game_5/single/rest-110110/top"",""solutions/game_5/single/rest-111011/bot""]}","[1,1,0,1,1,0]","[1,1,1,0,1,1]",3,1,5,9,away_win,away,1,86
61072,1,"{""single"":[""solutions/game_1/single/rest-111111/top"",""solutions/game_1/single/rest-111111/bot""]}","[1,1,1,1,1,1]","[1,1,1,1,1,1]",0,0,6,6,tie,home,0,99
61072,2,"{""single"":[""solutions/game_2/single/rest-000001/top"",""solutions/game_2/single/rest-110100/bot""]}","[0,0,0,0,0,1]","[1,1,0,1,0,0]",1,0,10,4,home_win,home,0,86
61072,3,"{""single"":[""solutions/game_3/single/rest-111111/top"",""solutions/game_3/single/rest-001011/bot""]}","[1,1,1,1,1,1]","[0,0,1,0,1,1]",2,0,1,4,away_win,away,0,91
61072,4,"{""single"":[""solutions/game_4/single/rest-111011/top"",""solutions/game_4/single/rest-110110/bot""]}","[1,1,1,0,1,1]","[1,1,0,1,1,0]",2,1,2,6,away_win,away,0,90
61072,5,"{""single"":[""solutions/game_5/single/rest-010101/top"",""solutions/game_5/single/rest-001011/bot""]}","[0,1,0,1,0,1]","[0,0,1,0,1,1]",2,2,2,6,away_win,away,0,81
61073,1,"{""single"":[""solutions/game_1/single/rest-111111/top"",""solutions/game_1/single/rest-111111/bot""]}","[1,1,1,1,1,1]","[1,1,1,1,1,1]",0,0,0,8,away_win,away,0,64
61073,2,"{""single"":[""solutions/game_2/single/rest-011111/top"",""solutions/game_2/single/rest-111011/bot""]}","[0,1,1,1,1,1]","[1,1,1,0,1,1]",0,1,3,2,home_win,home,0,75
61073,3,"{""single"":[""solutions/game_3/single/rest-110001/top"",""solutions/game_3/single/rest-001111/bot""]}","[1,1,0,0,0,1]","[0,0,1,1,1,1]",1,1,6,14,away_win,away,0,92
61073,4,"{""single"":[""solutions/game_4/single/rest-011110/top"",""solutions/game_4/single/rest-111110/bot""]}","[0,1,1,1,1,0]","[1,1,1,1,1,0]",1,2,4,6,away_win,away,0,87
61073,5,"{""single"":[""solutions/game_5/single/rest-110000/top"",""solutions/game_5/single/rest-001011/bot""]}","[1,1,0,0,0,0]","[0,0,1,0,1,1]",1,3,4,7,away_win,away,1,93
61074,1,"{""single"":[""solutions/game_1/single/rest-111111/top"",""solutions/game_1/single/rest-111111/bot""]}","[1,1,1,1,1,1]","[1,1,1,1,1,1]",0,0,3,5,away_win,away,0,80
61074,2,"{""single"":[""solutions/game_2/single/rest-010111/top"",""solutions/game_2/single/rest-111110/bot""]}","[0,1,0,1,1,1]","[1,1,1,1,1,0]",0,1,5,10,away_win,away,0,92
61074,3,"{""single"":[""solutions/game_3/single/rest-111100/top"",""solutions/game_3/single/rest-000001/bot""]}","[1,1,1,1,0,0]","[0,0,0,0,0,1]",0,2,2,4,away_win,away,0,79
61074,4,"{""single"":[""solutions/game_4/single/rest-010011/top"",""solutions/game_4/single/rest-111111/bot""]}","[0,1,0,0,1,1]","[1,1,1,1,1,1]",0,3,4,8,away_win,away,1,91
61074,5,"{""single"":[""solutions/game_5/single/rest-101100/top"",""solutions/game_5/single/rest-001010/bot""]}","[1,0,1,1,0,0]","[0,0,1,0,1,0]",0,4,10,12,away_win,away,1,96
61075,1,"{""single"":[""solutions/game_1/single/rest-111111/top"",""solutions/game_1/single/rest-111111/bot""]}","[1,1,1,1,1,1]","[1,1,1,1,1,1]",0,0,8,0,home_win,home,0,47
61075,2,"{""single"":[""solutions/game_2/single/rest-111111/top"",""solutions/game_2/single/rest-111011/bot""]}","[1,1,1,1,1,1]","[1,1,1,0,1,1]",1,0,4,5,away_win,away,0,87
61075,3,"{""single"":[""solutions/game_3/single/rest-110000/top"",""solutions/game_3/single/rest-011110/bot""]}","[1,1,0,0,0,0]","[0,1,1,1,1,0]",1,1,7,7,tie,away,0,104
61075,4,"{""single"":[""solutions/game_4/single/rest-011111/top"",""solutions/game_4/single/rest-100001/bot""]}","[0,1,1,1,1,1]","[1,0,0,0,0,1]",1,2,9,1,home_win,home,0,73
61075,5,"{""single"":[""solutions/game_5/single/rest-110101/top"",""solutions/game_5/single/rest-111110/bot""]}","[1,1,0,1,0,1]","[1,1,1,1,1,0]",2,2,2,6,away_win,away,0,88
61076,1,"{""single"":[""solutions/game_1/single/rest-111111/top"",""solutions/game_1/single/rest-111111/bot""]}","[1,1,1,1,1,1]","[1,1,1,1,1,1]",0,0,1,6,away_win,away,0,76
61076,2,"{""single"":[""solutions/game_2/single/rest-010111/top"",""solutions/game_2/single/rest-011011/bot""]}","[0,1,0,1,1,1]","[0,1,1,0,1,1]",0,1,8,3,home_win,home,0,93
61076,3,"{""single"":[""solutions/game_3/single/rest-001010/top"",""solutions/game_3/single/rest-111100/bot""]}","[0,0,1,0,1,0]","[1,1,1,1,0,0]",1,1,4,6,away_win,away,0,84
61076,4,"{""single"":[""solutions/game_4/single/rest-111101/top"",""solutions/game_4/single/rest-100001/bot""]}","[1,1,1,1,0,1]","[1,0,0,0,0,1]",1,2,7,5,home_win,home,0,79
61076,5,"{""single"":[""solutions/game_5/single/rest-011010/top"",""solutions/game_5/single/rest-001110/bot""]}","[0,1,1,0,1,0]","[0,0,1,1,1,0]",2,2,6,1,home_win,home,0,79
61077,1,"{""single"":[""solutions/game_1/single/rest-111111/top"",""solutions/game_1/single/rest-111111/bot""]}","[1,1,1,1,1,1]","[1,1,1,1,1,1]",0,0,0,8,away_win,away,0,25
61077,2,"{""single"":[""solutions/game_2/single/rest-111111/top"",""solutions/game_2/single/rest-111111/bot""]}","[1,1,1,1,1,1]","[1,1,1,1,1,1]",0,1,2,10,away_win,away,0,69
61077,3,"{""single"":[""solutions/game_3/single/rest-111001/top"",""solutions/game_3/single/rest-011111/bot""]}","[1,1,1,0,0,1]","[0,1,1,1,1,1]",0,2,2,4,away_win,away,0,79
61077,4,"{""single"":[""solutions/game_4/single/rest-100110/top"",""solutions/game_4/single/rest-111011/bot""]}","[1,0,0,1,1,0]","[1,1,1,0,1,1]",0,3,1,4,away_win,away,1,73
61077,5,"{""single"":[""solutions/game_5/single/rest-011101/top"",""solutions/game_5/single/rest-101110/bot""]}","[0,1,1,1,0,1]","[1,0,1,1,1,0]",0,4,1,5,away_win,away,1,80
61078,1,"{""single"":[""solutions/game_1/single/rest-111111/top"",""solutions/game_1/single/rest-111111/bot""]}","[1,1,1,1,1,1]","[1,1,1,1,1,1]",0,0,4,6,away_win,away,0,85
61078,2,"{""single"":[""solutions/game_2/single/rest-111101/top"",""solutions/game_2/single/rest-001010/bot""]}","[1,1,1,1,0,1]","[0,0,1,0,1,0]",0,1,4,3,home_win,home,0,80
61078,3,"{""single"":[""solutions/game_3/single/rest-110011/top"",""solutions/game_3/single/rest-111101/bot""]}","[1,1,0,0,1,1]","[1,1,1,1,0,1]",1,1,2,3,away_win,away,0,81
61078,4,"{""single"":[""solutions/game_4/single/rest-111010/top"",""solutions/game_4/single/rest-001010/bot""]}","[1,1,1,0,1,0]","[0,0,1,0,1,0]",1,2,8,6,home_win,home,0,87
61078,5,"{""single"":[""solutions/game_5/single/rest-001001/top"",""solutions/game_5/single/rest-110011/bot""]}","[0,0,1,0,0,1]","[1,1,0,0,1,1]",2,2,5,7,away_win,away,0,92
61079,1,"{""single"":[""solutions/game_1/single/rest-111111/top"",""solutions/game_1/single/rest-111111/bot""]}","[1,1,1,1,1,1]","[1,1,1,1,1,1]",0,0,2,10,away_win,away,0,73
61079,2,"{""single"":[""solutions/game_2/single/rest-010011/top"",""solutions/game_2/single/rest-101111/bot""]}","[0,1,0,0,1,1]","[1,0,1,1,1,1]",0,1,2,3,away_win,away,0,78
61079,3,"{""single"":[""solutions/game_3/single/rest-111111/top"",""solutions/game_3/single/rest-001011/bot""]}","[1,1,1,1,1,1]","[0,0,1,0,1,1]",0,2,9,14,away_win,away,0,97
61079,4,"{""single"":[""solutions/game_4/single/rest-000111/top"",""solutions/game_4/single/rest-110100/bot""]}","[0,0,0,1,1,1]","[1,1,0,1,0,0]",0,3,3,2,home_win,home,1,71
61079,5,"{""single"":[""solutions/game_5/single/rest-101000/top"",""solutions/game_5/single/rest-101011/bot""]}","[1,0,1,0,0,0]","[1,0,1,0,1,1]",1,3,0,3,away_win,away,1,82
61080,1,"{""single"":[""solutions/game_1/single/rest-111111/top"",""solutions/game_1/single/rest-111111/bot""]}","[1,1,1,1,1,1]","[1,1,1,1,1,1]",0,0,2,3,away_win,away,0,91
61080,2,"{""single"":[""solutions/game_2/single/rest-010110/top"",""solutions/game_2/single/rest-001010/bot""]}","[0,1,0,1,1,0]","[0,0,1,0,1,0]",0,1,6,10,away_win,away,0,86
61080,3,"{""single"":[""solutions/game_3/single/rest-101001/top"",""solutions/game_3/single/rest-110101/bot""]}","[1,0,1,0,0,1]","[1,1,0,1,0,1]",0,2,8,0,home_win,home,0,35
61080,4,"{""single"":[""solutions/game_4/single/rest-111111/top"",""solutions/game_4/single/rest-110111/bot""]}","[1,1,1,1,1,1]","[1,1,0,1,1,1]",1,2,9,4,home_win,home,0,87
61080,5,"{""single"":[""solutions/game_5/single/rest-111001/top"",""solutions/game_5/single/rest-011010/bot""]}","[1,1,1,0,0,1]","[0,1,1,0,1,0]",2,2,8,9,away_win,away,0,107
61081,1,"{""single"":[""solutions/game_1/single/rest-111111/top"",""solutions/game_1/single/rest-111111/bot""]}","[1,1,1,1,1,1]","[1,1,1,1,1,1]",0,0,5,2,home_win,home,0,74
61081,2,"{""single"":[""solutions/game_2/single/rest-111011/top"",""solutions/game_2/single/rest-111011/bot""]}","[1,1,1,0,1,1]","[1,1,1,0,1,1]",1,0,2,10,away_win,away,0,51
61081,3,"{""single"":[""solutions/game_3/single/rest-111101/top"",""solutions/game_3/single/rest-111111/bot""]}","[1,1,1,1,0,1]","[1,1,1,1,1,1]",1,1,6,4,home_win,home,0,83
61081,4,"{""single"":[""solutions/game_4/single/rest-111010/top"",""solutions/game_4/single/rest-001100/bot""]}","[1,1,1,0,1,0]","[0,0,1,1,0,0]",2,1,5,6,away_win,away,0,86
61081,5,"{""single"":[""solutions/game_5/single/rest-010101/top"",""solutions/game_5/single/rest-110011/bot""]}","[0,1,0,1,0,1]","[1,1,0,0,1,1]",2,2,1,6,away_win,away,0,84
61082,1,"{""single"":[""solutions/game_1/single/rest-111111/top"",""solutions/game_1/single/rest-111111/bot""]}","[1,1,1,1,1,1]","[1,1,1,1,1,1]",0,0,8,0,home_win,home,0,20
61082,2,"{""single"":[""solutions/game_2/single/rest-111111/top"",""solutions/game_2/single/rest-111111/bot""]}","[1,1,1,1,1,1]","[1,1,1,1,1,1]",1,0,5,1,home_win,home,0,79
61082,3,"{""single"":[""solutions/game_3/single/rest-010101/top"",""solutions/game_3/single/rest-111111/bot""]}","[0,1,0,1,0,1]","[1,1,1,1,1,1]",2,0,4,2,home_win,home,0,71
61082,4,"{""single"":[""solutions/game_4/single/rest-111010/top"",""solutions/game_4/single/rest-001111/bot""]}","[1,1,1,0,1,0]","[0,0,1,1,1,1]",3,0,3,6,away_win,away,1,80
61082,5,"{""single"":[""solutions/game_5/single/rest-000101/top"",""solutions/game_5/single/rest-011011/bot""]}","[0,0,0,1,0,1]","[0,1,1,0,1,1]",3,1,6,8,away_win,away,1,92
61083,1,"{""single"":[""solutions/game_1/single/rest-111111/top"",""solutions/game_1/single/rest-111111/bot""]}","[1,1,1,1,1,1]","[1,1,1,1,1,1]",0,0,1,3,away_win,away,0,80
61083,2,"{""single"":[""solutions/game_2/single/rest-011010/top"",""solutions/game_2/single/rest-101111/bot""]}","[0,1,1,0,1,0]","[1,0,1,1,1,1]",0,1,4,1,home_win,home,0,80
61083,3,"{""single"":[""solutions/game_3/single/rest-100101/top"",""solutions/game_3/single/rest-010110/bot""]}","[1,0,0,1,0,1]","[0,1,0,1,1,0]",1,1,6,1,home_win,home,0,71
61083,4,"{""single"":[""solutions/game_4/single/rest-111010/top"",""solutions/game_4/single/rest-111101/bot""]}","[1,1,1,0,1,0]","[1,1,1,1,0,1]",2,1,2,10,away_win,away,0,73
61083,5,"{""single"":[""solutions/game_5/single/rest-010111/top"",""solutions/game_5/single/rest-001111/bot""]}","[0,1,0,1,1,1]","[0,0,1,1,1,1]",2,2,6,4,home_win,home,0,80
61084,1,"{""single"":[""solutions/game_1/single/rest-111111/top"",""solutions/game_1/single/rest-111111/bot""]}","[1,1,1,1,1,1]","[1,1,1,1,1,1]",0,0,5,0,home_win,home,0,75
61084,2,"{""single"":[""solutions/game_2/single/rest-110111/top"",""solutions/game_2/single/rest-101110/bot""]}","[1,1,0,1,1,1]","[1,0,1,1,1,0]",1,0,0,3,away_win,away,0,78
61084,3,"{""single"":[""solutions/game_3/single/rest-011011/top"",""solutions/game_3/single/rest-010011/bot""]}","[0,1,1,0,1,1]","[0,1,0,0,1,1]",1,1,4,6,away_win,away,0,83
61084,4,"{""single"":[""solutions/game_4/single/rest-110100/top"",""solutions/game_4/single/rest-001101/bot""]}","[1,1,0,1,0,0]","[0,0,1,1,0,1]",1,2,8,0,home_win,home,0,27
61084,5,"{""single"":[""solutions/game_5/single/rest-111111/top"",""solutions/game_5/single/rest-111101/bot""]}","[1,1,1,1,1,1]","[1,1,1,1,0,1]",2,2,8,0,home_win,home,0,37
61085,1,"{""single"":[""solutions/game_1/single/rest-111111/top"",""solutions/game_1/single/rest-111111/bot""]}","[1,1,1,1,1,1]","[1,1,1,1,1,1]",0,0,4,1,home_win,home,0,74
61085,2,"{""single"":[""solutions/game_2/single/rest-110001/top"",""solutions/game_2/single/rest-001111/bot""]}","[1,1,0,0,0,1]","[0,0,1,1,1,1]",1,0,7,4,home_win,home,0,83
61085,3,"{""single"":[""solutions/game_3/single/rest-111110/top"",""solutions/game_3/single/rest-011110/bot""]}","[1,1,1,1,1,0]","[0,1,1,1,1,0]",2,0,2,7,away_win,away,0,79
61085,4,"{""single"":[""solutions/game_4/single/rest-011001/top"",""solutions/game_4/single/rest-101111/bot""]}","[0,1,1,0,0,1]","[1,0,1,1,1,1]",2,1,1,2,away_win,away,0,79
61085,5,"{""single"":[""solutions/game_5/single/rest-101110/top"",""solutions/game_5/single/rest-010110/bot""]}","[1,0,1,1,1,0]","[0,1,0,1,1,0]",2,2,11,1,home_win,home,0,70
61086,1,"{""single"":[""solutions/game_1/single/rest-111111/top"",""solutions/game_1/single/rest-111111/bot""]}","[1,1,1,1,1,1]","[1,1,1,1,1,1]",0,0,4,9,away_win,away,0,92
61086,2,"{""single"":[""solutions/game_2/single/rest-010101/top"",""solutions/game_2/single/rest-001110/bot""]}","[0,1,0,1,0,1]","[0,0,1,1,1,0]",0,1,5,3,home_win,home,0,79
61086,3,"{""single"":[""solutions/game_3/single/rest-111110/top"",""solutions/game_3/single/rest-101101/bot""]}","[1,1,1,1,1,0]","[1,0,1,1,0,1]",1,1,1,0,home_win,home,0,67
61086,4,"{""single"":[""solutions/game_4/single/rest-010111/top"",""solutions/game_4/single/rest-111110/bot""]}","[0,1,0,1,1,1]","[1,1,1,1,1,0]",2,1,8,6,home_win,home,0,87
61086,5,"{""single"":[""solutions/game_5/single/rest-101000/top"",""solutions/game_5/single/rest-100111/bot""]}","[1,0,1,0,0,0]","[1,0,0,1,1,1]",3,1,1,11,away_win,away,1,81
61087,1,"{""single"":[""solutions/game_1/single/rest-111111/top"",""solutions/game_1/single/rest-111111/bot""]}","[1,1,1,1,1,1]","[1,1,1,1,1,1]",0,0,5,6,away_win,away,0,90
61087,2,"{""single"":[""solutions/game_2/single/rest-010011/top"",""solutions/game_2/single/rest-101110/bot""]}","[0,1,0,0,1,1]","[1,0,1,1,1,0]",0,1,2,1,home_win,home,0,73
61087,3,"{""single"":[""solutions/game_3/single/rest-101110/top"",""solutions/game_3/single/rest-010110/bot""]}","[1,0,1,1,1,0]","[0,1,0,1,1,0]",1,1,3,12,away_win,away,0,76
61087,4,"{""single"":[""solutions/game_4/single/rest-011011/top"",""solutions/game_4/single/rest-101111/bot""]}","[0,1,1,0,1,1]","[1,0,1,1,1,1]",1,2,1,6,away_win,away,0,79
61087,5,"{""single"":[""solutions/game_5/single/rest-101101/top"",""solutions/game_5/single/rest-011111/bot""]}","[1,0,1,1,0,1]","[0,1,1,1,1,1]",1,3,8,0,home_win,home,1,57
61088,1,"{""single"":[""solutions/game_1/single/rest-111111/top"",""solutions/game_1/single/rest-111111/bot""]}","[1,1,1,1,1,1]","[1,1,1,1,1,1]",0,0,9,4,home_win,home,0,85
61088,2,"{""single"":[""solutions/game_2/single/rest-011001/top"",""solutions/game_2/single/rest-001110/bot""]}","[0,1,1,0,0,1]","[0,0,1,1,1,0]",1,0,3,1,home_win,home,0,76
61088,3,"{""single"":[""solutions/game_3/single/rest-100110/top"",""solutions/game_3/single/rest-110011/bot""]}","[1,0,0,1,1,0]","[1,1,0,0,1,1]",2,0,3,2,home_win,home,0,75
61088,4,"{""single"":[""solutions/game_4/single/rest-111001/top"",""solutions/game_4/single/rest-010110/bot""]}","[1,1,1,0,0,1]","[0,1,0,1,1,0]",3,0,5,10,away_win,away,1,102
61088,5,"{""single"":[""solutions/game_5/single/rest-000110/top"",""solutions/game_5/single/rest-001000/bot""]}","[0,0,0,1,1,0]","[0,0,1,0,0,0]",3,1,0,4,away_win,away,1,71
61089,1,"{""single"":[""solutions/game_1/single/rest-111111/top"",""solutions/game_1/single/rest-111111/bot""]}","[1,1,1,1,1,1]","[1,1,1,1,1,1]",0,0,2,5,away_win,away,0,78
61089,2,"{""single"":[""solutions/game_2/single/rest-110011/top"",""solutions/game_2/single/rest-011010/bot""]}","[1,1,0,0,1,1]","[0,1,1,0,1,0]",0,1,1,3,away_win,away,0,80
61089,3,"{""single"":[""solutions/game_3/single/rest-011000/top"",""solutions/game_3/single/rest-100101/bot""]}","[0,1,1,0,0,0]","[1,0,0,1,0,1]",0,2,3,7,away_win,away,0,88
61089,4,"{""single"":[""solutions/game_4/single/rest-110111/top"",""solutions/game_4/single/rest-001010/bot""]}","[1,1,0,1,1,1]","[0,0,1,0,1,0]",0,3,3,4,away_win,away,1,90
61089,5,"{""single"":[""solutions/game_5/single/rest-011011/top"",""solutions/game_5/single/rest-110101/bot""]}","[0,1,1,0,1,1]","[1,1,0,1,0,1]",0,4,2,7,away_win,away,1,80
61090,1,"{""single"":[""solutions/game_1/single/rest-111111/top"",""solutions/game_1/single/rest-111111/bot""]}","[1,1,1,1,1,1]","[1,1,1,1,1,1]",0,0,4,1,home_win,home,0,74
61090,2,"{""single"":[""solutions/game_2/single/rest-111001/top"",""solutions/game_2/single/rest-001111/bot""]}","[1,1,1,0,0,1]","[0,0,1,1,1,1]",1,0,12,4,home_win,home,0,51
61090,3,"{""single"":[""solutions/game_3/single/rest-111111/top"",""solutions/game_3/single/rest-111111/bot""]}","[1,1,1,1,1,1]","[1,1,1,1,1,1]",2,0,4,8,away_win,away,0,95
61090,4,"{""single"":[""solutions/game_4/single/rest-001100/top"",""solutions/game_4/single/rest-001110/bot""]}","[0,0,1,1,0,0]","[0,0,1,1,1,0]",2,1,4,6,away_win,away,0,82
61090,5,"{""single"":[""solutions/game_5/single/rest-111010/top"",""solutions/game_5/single/rest-110001/bot""]}","[1,1,1,0,1,0]","[1,1,0,0,0,1]",2,2,9,4,home_win,home,0,84
61091,1,"{""single"":[""solutions/game_1/single/rest-111111/top"",""solutions/game_1/single/rest-111111/bot""]}","[1,1,1,1,1,1]","[1,1,1,1,1,1]",0,0,2,5,away_win,away,0,87
61091,2,"{""single"":[""solutions/game_2/single/rest-010001/top"",""solutions/game_2/single/rest-011110/bot""]}","[0,1,0,0,0,1]","[0,1,1,1,1,0]",0,1,11,3,home_win,home,0,83
61091,3,"{""single"":[""solutions/game_3/single/rest-111010/top"",""solutions/game_3/single/rest-001011/bot""]}","[1,1,1,0,1,0]","[0,0,1,0,1,1]",1,1,4,3,home_win,home,0,81
61091,4,"{""single"":[""solutions/game_4/single/rest-010111/top"",""solutions/game_4/single/rest-110101/bot""]}","[0,1,0,1,1,1]","[1,1,0,1,0,1]",2,1,11,12,away_win,away,0,100
61091,5,"{""single"":[""solutions/game_5/single/rest-110000/top"",""solutions/game_5/single/rest-101011/bot""]}","[1,1,0,0,0,0]","[1,0,1,0,1,1]",2,2,7,6,home_win,home,0,84
61092,1,"{""single"":[""solutions/game_1/single/rest-111111/top"",""solutions/game_1/single/rest-111111/bot""]}","[1,1,1,1,1,1]","[1,1,1,1,1,1]",0,0,3,3,tie,home,0,87
61092,2,"{""single"":[""solutions/game_2/single/rest-011111/top"",""solutions/game_2/single/rest-111010/bot""]}","[0,1,1,1,1,1]","[1,1,1,0,1,0]",1,0,7,0,home_win,home,0,76
61092,3,"{""single"":[""solutions/game_3/single/rest-111001/top"",""solutions/game_3/single/rest-010111/bot""]}","[1,1,1,0,0,1]","[0,1,0,1,1,1]",2,0,2,1,home_win,home,0,74
61092,4,"{""single"":[""solutions/game_4/single/rest-010100/top"",""solutions/game_4/single/rest-101010/bot""]}","[0,1,0,1,0,0]","[1,0,1,0,1,0]",3,0,10,4,home_win,home,1,92
61092,5,"{""single"":[""solutions/game_5/single/rest-111010/top"",""solutions/game_5/single/rest-010101/bot""]}","[1,1,1,0,1,0]","[0,1,0,1,0,1]",4,0,2,1,home_win,home,1,71
61093,1,"{""single"":[""solutions/game_1/single/rest-111111/top"",""solutions/game_1/single/rest-111111/bot""]}","[1,1,1,1,1,1]","[1,1,1,1,1,1]",0,0,4,4,tie,away,0,89
61093,2,"{""single"":[""solutions/game_2/single/rest-011001/top"",""solutions/game_2/single/rest-110110/bot""]}","[0,1,1,0,0,1]","[1,1,0,1,1,0]",0,1,9,8,home_win,home,0,93
61093,3,"{""single"":[""solutions/game_3/single/rest-100111/top"",""solutions/game_3/single/rest-001001/bot""]}","[1,0,0,1,1,1]","[0,0,1,0,0,1]",1,1,3,4,away_win,away,0,80
61093,4,"{""single"":[""solutions/game_4/single/rest-001110/top"",""solutions/game_4/single/rest-111110/bot""]}","[0,0,1,1,1,0]","[1,1,1,1,1,0]",1,2,7,3,home_win,home,0,81
61093,5,"{""single"":[""solutions/game_5/single/rest-111011/top"",""solutions/game_5/single/rest-100001/bot""]}","[1,1,1,0,1,1]","[1,0,0,0,0,1]",2,2,10,7,home_win,home,0,88
61094,1,"{""single"":[""solutions/game_1/single/rest-111111/top"",""solutions/game_1/single/rest-111111/bot""]}","[1,1,1,1,1,1]","[1,1,1,1,1,1]",0,0,0,5,away_win,away,0,83
61094,2,"{""single"":[""solutions/game_2/single/rest-111011/top"",""solutions/game_2/single/rest-001110/bot""]}","[1,1,1,0,1,1]","[0,0,1,1,1,0]",0,1,3,11,away_win,away,0,87
61094,3,"{""single"":[""solutions/game_3/single/rest-011100/top"",""solutions/game_3/single/rest-111101/bot""]}","[0,1,1,1,0,0]","[1,1,1,1,0,1]",0,2,7,4,home_win,home,0,80
61094,4,"{""single"":[""solutions/game_4/single/rest-100111/top"",""solutions/game_4/single/rest-111111/bot""]}","[1,0,0,1,1,1]","[1,1,1,1,1,1]",1,2,0,9,away_win,away,0,17
61094,5,"{""single"":[""solutions/game_5/single/rest-110111/top"",""solutions/game_5/single/rest-111111/bot""]}","[1,1,0,1,1,1]","[1,1,1,1,1,1]",1,3,1,4,away_win,away,1,81
61095,1,"{""single"":[""solutions/game_1/single/rest-111111/top"",""solutions/game_1/single/rest-111111/bot""]}","[1,1,1,1,1,1]","[1,1,1,1,1,1]",0,0,6,4,home_win,home,0,82
61095,2,"{""single"":[""solutions/game_2/single/rest-110101/top"",""solutions/game_2/single/rest-101010/bot""]}","[1,1,0,1,0,1]","[1,0,1,0,1,0]",1,0,4,2,home_win,home,0,73
61095,3,"{""single"":[""solutions/game_3/single/rest-111011/top"",""solutions/game_3/single/rest-110111/bot""]}","[1,1,1,0,1,1]","[1,1,0,1,1,1]",2,0,4,3,home_win,home,0,75
61095,4,"{""single"":[""solutions/game_4/single/rest-010100/top"",""solutions/game_4/single/rest-001111/bot""]}","[0,1,0,1,0,0]","[0,0,1,1,1,1]",3,0,5,4,home_win,home,1,81
61095,5,"{""single"":[""solutions/game_5/single/rest-101110/top"",""solutions/game_5/single/rest-101110/bot""]}","[1,0,1,1,1,0]","[1,0,1,1,1,0]",4,0,2,5,away_win,away,1,79
61096,1,"{""single"":[""solutions/game_1/single/rest-111111/top"",""solutions/game_1/single/rest-111111/bot""]}","[1,1,1,1,1,1]","[1,1,1,1,1,1]",0,0,1,3,away_win,away,0,79
61096,2,"{""single"":[""solutions/game_2/single/rest-010001/top"",""solutions/game_2/single/rest-011010/bot""]}","[0,1,0,0,0,1]","[0,1,1,0,1,0]",0,1,7,4,home_win,home,0,82
61096,3,"{""single"":[""solutions/game_3/single/rest-101110/top"",""solutions/game_3/single/rest-101101/bot""]}","[1,0,1,1,1,0]","[1,0,1,1,0,1]",1,1,2,8,away_win,away,0,87
61096,4,"{""single"":[""solutions/game_4/single/rest-110010/top"",""solutions/game_4/single/rest-011101/bot""]}","[1,1,0,0,1,0]","[0,1,1,1,0,1]",1,2,0,5,away_win,away,0,80
61096,5,"{""single"":[""solutions/game_5/single/rest-001011/top"",""solutions/game_5/single/rest-111011/bot""]}","[0,0,1,0,1,1]","[1,1,1,0,1,1]",1,3,4,1,home_win,home,1,80
61097,1,"{""single"":[""solutions/game_1/single/rest-111111/top"",""solutions/game_1/single/rest-111111/bot""]}","[1,1,1,1,1,1]","[1,1,1,1,1,1]",0,0,4,4,tie,home,0,91
61097,2,"{""single"":[""solutions/game_2/single/rest-000001/top"",""solutions/game_2/single/rest-001000/bot""]}","[0,0,0,0,0,1]","[0,0,1,0,0,0]",1,0,3,2,home_win,home,0,76
61097,3,"{""single"":[""solutions/game_3/single/rest-101110/top"",""solutions/game_3/single/rest-100011/bot""]}","[1,0,1,1,1,0]","[1,0,0,0,1,1]",2,0,6,2,home_win,home,0,79
61097,4,"{""single"":[""solutions/game_4/single/rest-111101/top"",""solutions/game_4/single/rest-011101/bot""]}","[1,1,1,1,0,1]","[0,1,1,1,0,1]",3,0,15,5,home_win,home,1,61
61097,5,"{""single"":[""solutions/game_5/single/rest-111011/top"",""solutions/game_5/single/rest-111011/bot""]}","[1,1,1,0,1,1]","[1,1,1,0,1,1]",4,0,7,1,home_win,home,1,84
61098,1,"{""single"":[""solutions/game_1/single/rest-111111/top"",""solutions/game_1/single/rest-111111/bot""]}","[1,1,1,1,1,1]","[1,1,1,1,1,1]",0,0,2,6,away_win,away,0,81
61098,2,"{""single"":[""solutions/game_2/single/rest-011001/top"",""solutions/game_2/single/rest-101010/bot""]}","[0,1,1,0,0,1]","[1,0,1,0,1,0]",0,1,4,3,home_win,home,0,72
61098,3,"{""single"":[""solutions/game_3/single/rest-100110/top"",""solutions/game_3/single/rest-010111/bot""]}","[1,0,0,1,1,0]","[0,1,0,1,1,1]",1,1,2,6,away_win,away,0,85
61098,4,"{""single"":[""solutions/game_4/single/rest-011001/top"",""solutions/game_4/single/rest-101011/bot""]}","[0,1,1,0,0,1]","[1,0,1,0,1,1]",1,2,5,3,home_win,home,0,75
61098,5,"{""single"":[""solutions/game_5/single/rest-111110/top"",""solutions/game_5/single/rest-001110/bot""]}","[1,1,1,1,1,0]","[0,0,1,1,1,0]",2,2,5,9,away_win,away,0,92
61099,1,"{""single"":[""solutions/game_1/single/rest-111111/top"",""solutions/game_1/single/rest-111111/bot""]}","[1,1,1,1,1,1]","[1,1,1,1,1,1]",0,0,5,4,home_win,home,0,81
61099,2,"{""single"":[""solutions/game_2/single/rest-011011/top"",""solutions/game_2/single/rest-011110/bot""]}","[0,1,1,0,1,1]","[0,1,1,1,1,0]",1,0,3,4,away_win,away,0,74
61099,3,"{""single"":[""solutions/game_3/single/rest-110110/top"",""solutions/game_3/single/rest-101101/bot""]}","[1,1,0,1,1,0]","[1,0,1,1,0,1]",1,1,0,1,away_win,away,0,74
61099,4,"{""single"":[""solutions/game_4/single/rest-111001/top"",""solutions/game_4/single/rest-011111/bot""]}","[1,1,1,0,0,1]","[0,1,1,1,1,1]",1,2,7,5,home_win,home,0,84
61099,5,"{""single"":[""solutions/game_5/single/rest-010010/top"",""solutions/game_5/single/rest-100110/bot""]}","[0,1,0,0,1,0]","[1,0,0,1,1,0]",2,2,5,5,tie,away,0,97
61100,1,"{""single"":[""solutions/game_1/single/rest-111111/top"",""solutions/game_1/single/rest-111111/bot""]}","[1,1,1,1,1,1]","[1,1,1,1,1,1]",0,0,5,4,home_win,home,0,90
61100,2,"{""single"":[""solutions/game_2/single/rest-010001/top"",""solutions/game_2/single/rest-011111/bot""]}","[0,1,0,0,0,1]","[0,1,1,1,1,1]",1,0,2,5,away_win,away,0,79
61100,3,"{""single"":[""solutions/game_3/single/rest-101110/top"",""solutions/game_3/single/rest-101011/bot""]}","[1,0,1,1,1,0]","[1,0,1,0,1,1]",1,1,5,13,away_win,away,0,80
61100,4,"{""single"":[""solutions/game_4/single/rest-011101/top"",""solutions/game_4/single/rest-000111/bot""]}","[0,1,1,1,0,1]","[0,0,0,1,1,1]",1,2,4,4,tie,home,0,92
61100,5,"{""single"":[""solutions/game_5/single/rest-100010/top"",""solutions/game_5/single/rest-111010/bot""]}","[1,0,0,0,1,0]","[1,1,1,0,1,0]",2,2,9,1,home_win,home,0,48
61101,1,"{""single"":[""solutions/game_1/single/rest-111111/top"",""solutions/game_1/single/rest-111111/bot""]}","[1,1,1,1,1,1]","[1,1,1,1,1,1]",0,0,3,4,away_win,away,0,82
61101,2,"{""single"":[""solutions/game_2/single/rest-010001/top"",""solutions/game_2/single/rest-101010/bot""]}","[0,1,0,0,0,1]","[1,0,1,0,1,0]",0,1,4,0,home_win,home,0,68
61101,3,"{""single"":[""solutions/game_3/single/rest-101111/top"",""solutions/game_3/single/rest-111111/bot""]}","[1,0,1,1,1,1]","[1,1,1,1,1,1]",1,1,8,0,home_win,home,0,29
61101,4,"{""single"":[""solutions/game_4/single/rest-111111/top"",""solutions/game_4/single/rest-111111/bot""]}","[1,1,1,1,1,1]","[1,1,1,1,1,1]",2,1,1,0,home_win,home,0,71
61101,5,"{""single"":[""solutions/game_5/single/rest-111001/top"",""solutions/game_5/single/rest-101110/bot""]}","[1,1,1,0,0,1]","[1,0,1,1,1,0]",3,1,2,3,away_win,away,1,80
61102,1,"{""single"":[""solutions/game_1/single/rest-111111/top"",""solutions/game_1/single/rest-111111/bot""]}","[1,1,1,1,1,1]","[1,1,1,1,1,1]",0,0,1,2,away_win,away,0,74
61102,2,"{""single"":[""solutions/game_2/single/rest-111111/top"",""solutions/game_2/single/rest-101010/bot""]}","[1,1,1,1,1,1]","[1,0,1,0,1,0]",0,1,7,3,home_win,home,0,82
61102,3,"{""single"":[""solutions/game_3/single/rest-011011/top"",""solutions/game_3/single/rest-100001/bot""]}","[0,1,1,0,1,1]","[1,0,0,0,0,1]",1,1,2,1,home_win,home,0,66
61102,4,"{""single"":[""solutions/game_4/single/rest-111100/top"",""solutions/game_4/single/rest-111110/bot""]}","[1,1,1,1,0,0]","[1,1,1,1,1,0]",2,1,0,2,away_win,away,0,71
61102,5,"{""single"":[""solutions/game_5/single/rest-111011/top"",""solutions/game_5/single/rest-000111/bot""]}","[1,1,1,0,1,1]","[0,0,0,1,1,1]",2,2,9,4,home_win,home,0,85
61103,1,"{""single"":[""solutions/game_1/single/rest-111111/top"",""solutions/game_1/single/rest-111111/bot""]}","[1,1,1,1,1,1]","[1,1,1,1,1,1]",0,0,0,2,away_win,away,0,78
61103,2,"{""single"":[""solutions/game_2/single/rest-111101/top"",""solutions/game_2/single/rest-101010/bot""]}","[1,1,1,1,0,1]","[1,0,1,0,1,0]",0,1,0,1,away_win,away,0,73
61103,3,"{""single"":[""solutions/game_3/single/rest-110010/top"",""solutions/game_3/single/rest-010101/bot""]}","[1,1,0,0,1,0]","[0,1,0,1,0,1]",0,2,4,6,away_win,away,0,94
61103,4,"{""single"":[""solutions/game_4/single/rest-101111/top"",""solutions/game_4/single/rest-101111/bot""]}","[1,0,1,1,1,1]","[1,0,1,1,1,1]",0,3,5,7,away_win,away,1,88
61103,5,"{""single"":[""solutions/game_5/single/rest-100000/top"",""solutions/game_5/single/rest-011110/bot""]}","[1,0,0,0,0,0]","[0,1,1,1,1,0]",0,4,7,9,away_win,away,1,92
61104,1,"{""single"":[""solutions/game_1/single/rest-111111/top"",""solutions/game_1/single/rest-111111/bot""]}","[1,1,1,1,1,1]","[1,1,1,1,1,1]",0,0,5,1,home_win,home,0,76
61104,2,"{""single"":[""solutions/game_2/single/rest-111011/top"",""solutions/game_2/single/rest-001111/bot""]}","[1,1,1,0,1,1]","[0,0,1,1,1,1]",1,0,2,5,away_win,away,0,77
61104,3,"{""single"":[""solutions/game_3/single/rest-011100/top"",""solutions/game_3/single/rest-101010/bot""]}","[0,1,1,1,0,0]","[1,0,1,0,1,0]",1,1,11,3,home_win,home,0,63
61104,4,"{""single"":[""solutions/game_4/single/rest-101111/top"",""solutions/game_4/single/rest-011011/bot""]}","[1,0,1,1,1,1]","[0,1,1,0,1,1]",2,1,4,5,away_win,away,0,82
61104,5,"{""single"":[""solutions/game_5/single/rest-011001/top"",""solutions/game_5/single/rest-100111/bot""]}","[0,1,1,0,0,1]","[1,0,0,1,1,1]",2,2,5,0,home_win,home,0,82
61105,1,"{""single"":[""solutions/game_1/single/rest-111111/top"",""solutions/game_1/single/rest-111111/bot""]}","[1,1,1,1,1,1]","[1,1,1,1,1,1]",0,0,7,1,home_win,home,0,76
61105,2,"{""single"":[""solutions/game_2/single/rest-010011/top"",""solutions/game_2/single/rest-011110/bot""]}","[0,1,0,0,1,1]","[0,1,1,1,1,0]",1,0,7,4,home_win,home,0,83
61105,3,"{""single"":[""solutions/game_3/single/rest-101101/top"",""solutions/game_3/single/rest-100101/bot""]}","[1,0,1,1,0,1]","[1,0,0,1,0,1]",2,0,1,5,away_win,away,0,80
61105,4,"{""single"":[""solutions/game_4/single/rest-010011/top"",""solutions/game_4/single/rest-011010/bot""]}","[0,1,0,0,1,1]","[0,1,1,0,1,0]",2,1,4,3,home_win,home,0,88
61105,5,"{""single"":[""solutions/game_5/single/rest-111111/top"",""solutions/game_5/single/rest-100101/bot""]}","[1,1,1,1,1,1]","[1,0,0,1,0,1]",3,1,12,4,home_win,home,1,53
61106,1,"{""single"":[""solutions/game_1/single/rest-111111/top"",""solutions/game_1/single/rest-111111/bot""]}","[1,1,1,1,1,1]","[1,1,1,1,1,1]",0,0,1,9,away_win,away,0,66
61106,2,"{""single"":[""solutions/game_2/single/rest-110001/top"",""solutions/game_2/single/rest-111111/bot""]}","[1,1,0,0,0,1]","[1,1,1,1,1,1]",0,1,4,3,home_win,home,0,75
61106,3,"{""single"":[""solutions/game_3/single/rest-011110/top"",""solutions/game_3/single/rest-000010/bot""]}","[0,1,1,1,1,0]","[0,0,0,0,1,0]",1,1,5,3,home_win,home,0,75
61106,4,"{""single"":[""solutions/game_4/single/rest-110011/top"",""solutions/game_4/single/rest-111101/bot""]}","[1,1,0,0,1,1]","[1,1,1,1,0,1]",2,1,4,8,away_win,away,0,86
61106,5,"{""single"":[""solutions/game_5/single/rest-011110/top"",""solutions/game_5/single/rest-101110/bot""]}","[0,1,1,1,1,0]","[1,0,1,1,1,0]",2,2,4,2,home_win,home,0,76
61107,1,"{""single"":[""solutions/game_1/single/rest-111111/top"",""solutions/game_1/single/rest-111111/bot""]}","[1,1,1,1,1,1]","[1,1,1,1,1,1]",0,0,4,2,home_win,home,0,78
61107,2,"{""single"":[""solutions/game_2/single/rest-110111/top"",""solutions/game_2/single/rest-001011/bot""]}","[1,1,0,1,1,1]","[0,0,1,0,1,1]",1,0,7,4,home_win,home,0,82
61107,3,"{""single"":[""solutions/game_3/single/rest-011100/top"",""solutions/game_3/single/rest-111111/bot""]}","[0,1,1,1,0,0]","[1,1,1,1,1,1]",2,0,6,6,tie,away,0,95
61107,4,"{""single"":[""solutions/game_4/single/rest-111011/top"",""solutions/game_4/single/rest-001001/bot""]}","[1,1,1,0,1,1]","[0,0,1,0,0,1]",2,1,8,7,home_win,home,0,90
61107,5,"{""single"":[""solutions/game_5/single/rest-110111/top"",""solutions/game_5/single/rest-111010/bot""]}","[1,1,0,1,1,1]","[1,1,1,0,1,0]",3,1,4,2,home_win,home,1,81
61108,1,"{""single"":[""solutions/game_1/single/rest-111111/top"",""solutions/game_1/single/rest-111111/bot""]}","[1,1,1,1,1,1]","[1,1,1,1,1,1]",0,0,6,1,home_win,home,0,72
61108,2,"{""single"":[""solutions/game_2/single/rest-110011/top"",""solutions/game_2/single/rest-011011/bot""]}","[1,1,0,0,1,1]","[0,1,1,0,1,1]",1,0,4,3,home_win,home,0,82
61108,3,"{""single"":[""solutions/game_3/single/rest-001100/top"",""solutions/game_3/single/rest-100100/bot""]}","[0,0,1,1,0,0]","[1,0,0,1,0,0]",2,0,4,1,home_win,home,0,72
61108,4,"{""single"":[""solutions/game_4/single/rest-110111/top"",""solutions/game_4/single/rest-111110/bot""]}","[1,1,0,1,1,1]","[1,1,1,1,1,0]",3,0,8,0,home_win,home,1,73
61108,5,"{""single"":[""solutions/game_5/single/rest-111100/top"",""solutions/game_5/single/rest-101001/bot""]}","[1,1,1,1,0,0]","[1,0,1,0,0,1]",4,0,5,6,away_win,away,1,83
61109,1,"{""single"":[""solutions/game_1/single/rest-111111/top"",""solutions/game_1/single/rest-111111/bot""]}","[1,1,1,1,1,1]","[1,1,1,1,1,1]",0,0,1,2,away_win,away,0,77
61109,2,"{""single"":[""solutions/game_2/single/rest-110111/top"",""solutions/game_2/single/rest-101010/bot""]}","[1,1,0,1,1,1]","[1,0,1,0,1,0]",0,1,4,1,home_win,home,0,71
61109,3,"{""single"":[""solutions/game_3/single/rest-111100/top"",""solutions/game_3/single/rest-010011/bot""]}","[1,1,1,1,0,0]","[0,1,0,0,1,1]",1,1,1,6,away_win,away,0,76
61109,4,"{""single"":[""solutions/game_4/single/rest-111001/top"",""solutions/game_4/single/rest-111110/bot""]}","[1,1,1,0,0,1]","[1,1,1,1,1,0]",1,2,2,5,away_win,away,0,76
61109,5,"{""single"":[""solutions/game_5/single/rest-010110/top"",""solutions/game_5/single/rest-011011/bot""]}","[0,1,0,1,1,0]","[0,1,1,0,1,1]",1,3,11,3,home_win,home,1,60
61110,1,"{""single"":[""solutions/game_1/single/rest-111111/top"",""solutions/game_1/single/rest-111111/bot""]}","[1,1,1,1,1,1]","[1,1,1,1,1,1]",0,0,2,3,away_win,away,0,75
61110,2,"{""single"":[""solutions/game_2/single/rest-110001/top"",""solutions/game_2/single/rest-001110/bot""]}","[1,1,0,0,0,1]","[0,0,1,1,1,0]",0,1,12,7,home_win,home,0,88
61110,3,"{""single"":[""solutions/game_3/single/rest-011110/top"",""solutions/game_3/single/rest-111001/bot""]}","[0,1,1,1,1,0]","[1,1,1,0,0,1]",1,1,10,2,home_win,home,0,36
61110,4,"{""single"":[""solutions/game_4/single/rest-011111/top"",""solutions/game_4/single/rest-111111/bot""]}","[0,1,1,1,1,1]","[1,1,1,1,1,1]",2,1,4,7,away_win,away,0,86
61110,5,"{""single"":[""solutions/game_5/single/rest-110000/top"",""solutions/game_5/single/rest-001110/bot""]}","[1,1,0,0,0,0]","[0,0,1,1,1,0]",2,2,5,4,home_win,home,0,91
61111,1,"{""single"":[""solutions/game_1/single/rest-111111/top"",""solutions/game_1/single/rest-111111/bot""]}","[1,1,1,1,1,1]","[1,1,1,1,1,1]",0,0,9,3,home_win,home,0,84
61111,2,"{""single"":[""solutions/game_2/single/rest-110001/top"",""solutions/game_2/single/rest-001010/bot""]}","[1,1,0,0,0,1]","[0,0,1,0,1,0]",1,0,0,4,away_win,away,0,81
61111,3,"{""single"":[""solutions/game_3/single/rest-001110/top"",""solutions/game_3/single/rest-110101/bot""]}","[0,0,1,1,1,0]","[1,1,0,1,0,1]",1,1,8,8,tie,home,0,98
61111,4,"{""single"":[""solutions/game_4/single/rest-110001/top"",""solutions/game_4/single/rest-011111/bot""]}","[1,1,0,0,0,1]","[0,1,1,1,1,1]",2,1,4,2,home_win,home,0,81
61111,5,"{""single"":[""solutions/game_5/single/rest-101010/top"",""solutions/game_5/single/rest-101010/bot""]}","[1,0,1,0,1,0]","[1,0,1,0,1,0]",3,1,3,5,away_win,away,1,86
61112,1,"{""single"":[""solutions/game_1/single/rest-111111/top"",""solutions/game_1/single/rest-111111/bot""]}","[1,1,1,1,1,1]","[1,1,1,1,1,1]",0,0,3,7,away_win,away,0,82
61112,2,"{""single"":[""solutions/game_2/single/rest-011111/top"",""solutions/game_2/single/rest-011110/bot""]}","[0,1,1,1,1,1]","[0,1,1,1,1,0]",0,1,7,0,home_win,home,0,77
61112,3,"{""single"":[""solutions/game_3/single/rest-011001/top"",""solutions/game_3/single/rest-000011/bot""]}","[0,1,1,0,0,1]","[0,0,0,0,1,1]",1,1,1,9,away_win,away,0,51
61112,4,"{""single"":[""solutions/game_4/single/rest-111011/top"",""solutions/game_4/single/rest-111111/bot""]}","[1,1,1,0,1,1]","[1,1,1,1,1,1]",1,2,0,5,away_win,away,0,77
61112,5,"{""single"":[""solutions/game_5/single/rest-010101/top"",""solutions/game_5/single/rest-001111/bot""]}","[0,1,0,1,0,1]","[0,0,1,1,1,1]",1,3,3,5,away_win,away,1,76
61113,1,"{""single"":[""solutions/game_1/single/rest-111111/top"",""solutions/game_1/single/rest-111111/bot""]}","[1,1,1,1,1,1]","[1,1,1,1,1,1]",0,0,4,4,tie,away,0,95
61113,2,"{""single"":[""solutions/game_2/single/rest-010100/top"",""solutions/game_2/single/rest-000010/bot""]}","[0,1,0,1,0,0]","[0,0,0,0,1,0]",0,1,8,11,away_win,away,0,99
61113,3,"{""single"":[""solutions/game_3/single/rest-101111/top"",""solutions/game_3/single/rest-011001/bot""]}","[1,0,1,1,1,1]","[0,1,1,0,0,1]",0,2,10,6,home_win,home,0,84
61113,4,"{""single"":[""solutions/game_4/single/rest-011001/top"",""solutions/game_4/single/rest-101110/bot""]}","[0,1,1,0,0,1]","[1,0,1,1,1,0]",1,2,5,6,away_win,away,0,89
61113,5,"{""single"":[""solutions/game_5/single/rest-100110/top"",""solutions/game_5/single/rest-010111/bot""]}","[1,0,0,1,1,0]","[0,1,0,1,1,1]",1,3,1,6,away_win,away,1,75
61114,1,"{""single"":[""solutions/game_1/single/rest-111111/top"",""solutions/game_1/single/rest-111111/bot""]}","[1,1,1,1,1,1]","[1,1,1,1,1,1]",0,0,2,5,away_win,away,0,84
61114,2,"{""single"":[""solutions/game_2/single/rest-110000/top"",""solutions/game_2/single/rest-001110/bot""]}","[1,1,0,0,0,0]","[0,0,1,1,1,0]",0,1,2,10,away_win,away,0,82
61114,3,"{""single"":[""solutions/game_3/single/rest-001111/top"",""solutions/game_3/single/rest-111110/bot""]}","[0,0,1,1,1,1]","[1,1,1,1,1,0]",0,2,7,2,home_win,home,0,77
61114,4,"{""single"":[""solutions/game_4/single/rest-110101/top"",""solutions/game_4/single/rest-010011/bot""]}","[1,1,0,1,0,1]","[0,1,0,0,1,1]",1,2,0,8,away_win,away,0,17
61114,5,"{""single"":[""solutions/game_5/single/rest-111111/top"",""solutions/game_5/single/rest-011111/bot""]}","[1,1,1,1,1,1]","[0,1,1,1,1,1]",1,3,6,2,home_win,home,1,84
61115,1,"{""single"":[""solutions/game_1/single/rest-111111/top"",""solutions/game_1/single/rest-111111/bot""]}","[1,1,1,1,1,1]","[1,1,1,1,1,1]",0,0,5,2,home_win,home,0,84
61115,2,"{""single"":[""solutions/game_2/single/rest-111101/top"",""solutions/game_2/single/rest-100110/bot""]}","[1,1,1,1,0,1]","[1,0,0,1,1,0]",1,0,11,3,home_win,home,0,63
61115,3,"{""single"":[""solutions/game_3/single/rest-111011/top"",""solutions/game_3/single/rest-111000/bot""]}","[1,1,1,0,1,1]","[1,1,1,0,0,0]",2,0,2,4,away_win,away,0,76
61115,4,"{""single"":[""solutions/game_4/single/rest-010101/top"",""solutions/game_4/single/rest-010111/bot""]}","[0,1,0,1,0,1]","[0,1,0,1,1,1]",2,1,5,6,away_win,away,0,89
61115,5,"{""single"":[""solutions/game_5/single/rest-101110/top"",""solutions/game_5/single/rest-101000/bot""]}","[1,0,1,1,1,0]","[1,0,1,0,0,0]",2,2,1,7,away_win,away,0,87
61116,1,"{""single"":[""solutions/game_1/single/rest-111111/top"",""solutions/game_1/single/rest-111111/bot""]}","[1,1,1,1,1,1]","[1,1,1,1,1,1]",0,0,7,1,home_win,home,0,77
61116,2,"{""single"":[""solutions/game_2/single/rest-111001/top"",""solutions/game_2/single/rest-101111/bot""]}","[1,1,1,0,0,1]","[1,0,1,1,1,1]",1,0,3,6,away_win,away,0,87
61116,3,"{""single"":[""solutions/game_3/single/rest-000010/top"",""solutions/game_3/single/rest-110010/bot""]}","[0,0,0,0,1,0]","[1,1,0,0,1,0]",1,1,4,2,home_win,home,0,76
61116,4,"{""single"":[""solutions/game_4/single/rest-101101/top"",""solutions/game_4/single/rest-001011/bot""]}","[1,0,1,1,0,1]","[0,0,1,0,1,1]",2,1,2,3,away_win,away,0,81
61116,5,"{""single"":[""solutions/game_5/single/rest-010011/top"",""solutions/game_5/single/rest-110110/bot""]}","[0,1,0,0,1,1]","[1,1,0,1,1,0]",2,2,7,9,away_win,away,0,95
61117,1,"{""single"":[""solutions/game_1/single/rest-111111/top"",""solutions/game_1/single/rest-111111/bot""]}","[1,1,1,1,1,1]","[1,1,1,1,1,1]",0,0,11,3,home_win,home,0,76
61117,2,"{""single"":[""solutions/game_2/single/rest-111001/top"",""solutions/game_2/single/rest-001111/bot""]}","[1,1,1,0,0,1]","[0,0,1,1,1,1]",1,0,4,1,home_win,home,0,71
61117,3,"{""single"":[""solutions/game_3/single/rest-110111/top"",""solutions/game_3/single/rest-110010/bot""]}","[1,1,0,1,1,1]","[1,1,0,0,1,0]",2,0,7,8,away_win,away,0,87
61117,4,"{""single"":[""solutions/game_4/single/rest-011000/top"",""solutions/game_4/single/rest-101101/bot""]}","[0,1,1,0,0,0]","[1,0,1,1,0,1]",2,1,4,13,away_win,away,0,85
61117,5,"{""single"":[""solutions/game_5/single/rest-110111/top"",""solutions/game_5/single/rest-011111/bot""]}","[1,1,0,1,1,1]","[0,1,1,1,1,1]",2,2,4,7,away_win,away,0,89
61118,1,"{""single"":[""solutions/game_1/single/rest-111111/top"",""solutions/game_1/single/rest-111111/bot""]}","[1,1,1,1,1,1]","[1,1,1,1,1,1]",0,0,2,3,away_win,away,0,82
61118,2,"{""single"":[""solutions/game_2/single/rest-010011/top"",""solutions/game_2/single/rest-101010/bot""]}","[0,1,0,0,1,1]","[1,0,1,0,1,0]",0,1,5,14,away_win,away,0,69
61118,3,"{""single"":[""solutions/game_3/single/rest-101101/top"",""solutions/game_3/single/rest-110110/bot""]}","[1,0,1,1,0,1]","[1,1,0,1,1,0]",0,2,4,2,home_win,home,0,79
61118,4,"{""single"":[""solutions/game_4/single/rest-011001/top"",""solutions/game_4/single/rest-001011/bot""]}","[0,1,1,0,0,1]","[0,0,1,0,1,1]",1,2,3,7,away_win,away,0,82
61118,5,"{""single"":[""solutions/game_5/single/rest-000100/top"",""solutions/game_5/single/rest-111100/bot""]}","[0,0,0,1,0,0]","[1,1,1,1,0,0]",1,3,3,2,home_win,home,1,80
61119,1,"{""single"":[""solutions/game_1/single/rest-111111/top"",""solutions/game_1/single/rest-111111/bot""]}","[1,1,1,1,1,1]","[1,1,1,1,1,1]",0,0,6,1,home_win,home,0,79
61119,2,"{""single"":[""solutions/game_2/single/rest-111101/top"",""solutions/game_2/single/rest-001111/bot""]}","[1,1,1,1,0,1]","[0,0,1,1,1,1]",1,0,3,2,home_win,home,0,70
61119,3,"{""single"":[""solutions/game_3/single/rest-010001/top"",""solutions/game_3/single/rest-110010/bot""]}","[0,1,0,0,0,1]","[1,1,0,0,1,0]",2,0,4,1,home_win,home,0,76
61119,4,"{""single"":[""solutions/game_4/single/rest-101110/top"",""solutions/game_4/single/rest-101101/bot""]}","[1,0,1,1,1,0]","[1,0,1,1,0,1]",3,0,5,7,away_win,away,1,84
61119,5,"{""single"":[""solutions/game_5/single/rest-110011/top"",""solutions/game_5/single/rest-000110/bot""]}","[1,1,0,0,1,1]","[0,0,0,1,1,0]",3,1,3,2,home_win,home,1,87
61120,1,"{""single"":[""solutions/game_1/single/rest-111111/top"",""solutions/game_1/single/rest-111111/bot""]}","[1,1,1,1,1,1]","[1,1,1,1,1,1]",0,0,2,9,away_win,away,0,86
61120,2,"{""single"":[""solutions/game_2/single/rest-010000/top"",""solutions/game_2/single/rest-001011/bot""]}","[0,1,0,0,0,0]","[0,0,1,0,1,1]",0,1,0,8,away_win,away,0,66
61120,3,"{""single"":[""solutions/game_3/single/rest-101111/top"",""solutions/game_3/single/rest-111101/bot""]}","[1,0,1,1,1,1]","[1,1,1,1,0,1]",0,2,6,4,home_win,home,0,74
61120,4,"{""single"":[""solutions/game_4/single/rest-111101/top"",""solutions/game_4/single/rest-101011/bot""]}","[1,1,1,1,0,1]","[1,0,1,0,1,1]",1,2,7,1,home_win,home,0,72
61120,5,"{""single"":[""solutions/game_5/single/rest-110011/top"",""solutions/game_5/single/rest-110110/bot""]}","[1,1,0,0,1,1]","[1,1,0,1,1,0]",2,2,1,7,away_win,away,0,85
61121,1,"{""single"":[""solutions/game_1/single/rest-111111/top"",""solutions/game_1/single/rest-111111/bot""]}","[1,1,1,1,1,1]","[1,1,1,1,1,1]",0,0,4,3,home_win,home,0,74
61121,2,"{""single"":[""solutions/game_2/single/rest-010011/top"",""solutions/game_2/single/rest-101011/bot""]}","[0,1,0,0,1,1]","[1,0,1,0,1,1]",1,0,1,9,away_win,away,0,69
61121,3,"{""single"":[""solutions/game_3/single/rest-111100/top"",""solutions/game_3/single/rest-111111/bot""]}","[1,1,1,1,0,0]","[1,1,1,1,1,1]",1,1,4,2,home_win,home,0,84
61121,4,"{""single"":[""solutions/game_4/single/rest-001011/top"",""solutions/game_4/single/rest-011011/bot""]}","[0,0,1,0,1,1]","[0,1,1,0,1,1]",2,1,3,4,away_win,away,0,86
61121,5,"{""single"":[""solutions/game_5/single/rest-010100/top"",""solutions/game_5/single/rest-110100/bot""]}","[0,1,0,1,0,0]","[1,1,0,1,0,0]",2,2,11,8,home_win,home,0,92
61122,1,"{""single"":[""solutions/game_1/single/rest-111111/top"",""solutions/game_1/single/rest-111111/bot""]}","[1,1,1,1,1,1]","[1,1,1,1,1,1]",0,0,5,3,home_win,home,0,82
61122,2,"{""single"":[""solutions/game_2/single/rest-110001/top"",""solutions/game_2/single/rest-001110/bot""]}","[1,1,0,0,0,1]","[0,0,1,1,1,0]",1,0,5,3,home_win,home,0,77
61122,3,"{""single"":[""solutions/game_3/single/rest-001110/top"",""solutions/game_3/single/rest-110101/bot""]}","[0,0,1,1,1,0]","[1,1,0,1,0,1]",2,0,9,1,home_win,home,0,44
61122,4,"{""single"":[""solutions/game_4/single/rest-111111/top"",""solutions/game_4/single/rest-111111/bot""]}","[1,1,1,1,1,1]","[1,1,1,1,1,1]",3,0,13,4,home_win,home,1,81
61122,5,"{""single"":[""solutions/game_5/single/rest-011100/top"",""solutions/game_5/single/rest-011110/bot""]}","[0,1,1,1,0,0]","[0,1,1,1,1,0]",4,0,4,12,away_win,away,1,91
61123,1,"{""single"":[""solutions/game_1/single/rest-111111/top"",""solutions/game_1/single/rest-111111/bot""]}","[1,1,1,1,1,1]","[1,1,1,1,1,1]",0,0,4,4,tie,away,0,96
61123,2,"{""single"":[""solutions/game_2/single/rest-000001/top"",""solutions/game_2/single/rest-111110/bot""]}","[0,0,0,0,0,1]","[1,1,1,1,1,0]",0,1,8,0,home_win,home,0,38
61123,3,"{""single"":[""solutions/game_3/single/rest-111111/top"",""solutions/game_3/single/rest-111111/bot""]}","[1,1,1,1,1,1]","[1,1,1,1,1,1]",1,1,3,6,away_win,away,0,81
61123,4,"{""single"":[""solutions/game_4/single/rest-010001/top"",""solutions/game_4/single/rest-101110/bot""]}","[0,1,0,0,0,1]","[1,0,1,1,1,0]",1,2,2,7,away_win,away,0,83
61123,5,"{""single"":[""solutions/game_5/single/rest-111001/top"",""solutions/game_5/single/rest-011010/bot""]}","[1,1,1,0,0,1]","[0,1,1,0,1,0]",1,3,3,7,away_win,away,1,84
61124,1,"{""single"":[""solutions/game_1/single/rest-111111/top"",""solutions/game_1/single/rest-111111/bot""]}","[1,1,1,1,1,1]","[1,1,1,1,1,1]",0,0,4,2,home_win,home,0,87
61124,2,"{""single"":[""solutions/game_2/single/rest-111011/top"",""solutions/game_2/single/rest-011001/bot""]}","[1,1,1,0,1,1]","[0,1,1,0,0,1]",1,0,11,6,home_win,home,0,88
61124,3,"{""single"":[""solutions/game_3/single/rest-011000/top"",""solutions/game_3/single/rest-101110/bot""]}","[0,1,1,0,0,0]","[1,0,1,1,1,0]",2,0,4,3,home_win,home,0,75
61124,4,"{""single"":[""solutions/game_4/single/rest-101111/top"",""solutions/game_4/single/rest-110011/bot""]}","[1,0,1,1,1,1]","[1,1,0,0,1,1]",3,0,6,2,home_win,home,1,77
61124,5,"{""single"":[""solutions/game_5/single/rest-110001/top"",""solutions/game_5/single/rest-001110/bot""]}","[1,1,0,0,0,1]","[0,0,1,1,1,0]",4,0,7,4,home_win,home,1,85
61125,1,"{""single"":[""solutions/game_1/single/rest-111111/top"",""solutions/game_1/single/rest-111111/bot""]}","[1,1,1,1,1,1]","[1,1,1,1,1,1]",0,0,4,4,tie,away,0,97
61125,2,"{""single"":[""solutions/game_2/single/rest-100001/top"",""solutions/game_2/single/rest-100110/bot""]}","[1,0,0,0,0,1]","[1,0,0,1,1,0]",0,1,15,7,home_win,home,0,83
61125,3,"{""single"":[""solutions/game_3/single/rest-011110/top"",""solutions/game_3/single/rest-011011/bot""]}","[0,1,1,1,1,0]","[0,1,1,0,1,1]",1,1,7,6,home_win,home,0,94
61125,4,"{""single"":[""solutions/game_4/single/rest-100001/top"",""solutions/game_4/single/rest-110100/bot""]}","[1,0,0,0,0,1]","[1,1,0,1,0,0]",2,1,1,9,away_win,away,0,85
61125,5,"{""single"":[""solutions/game_5/single/rest-111110/top"",""solutions/game_5/single/rest-011011/bot""]}","[1,1,1,1,1,0]","[0,1,1,0,1,1]",2,2,8,7,home_win,home,0,81
61126,1,"{""single"":[""solutions/game_1/single/rest-111111/top"",""solutions/game_1/single/rest-111111/bot""]}","[1,1,1,1,1,1]","[1,1,1,1,1,1]",0,0,9,11,away_win,away,0,90
61126,2,"{""single"":[""solutions/game_2/single/rest-010001/top"",""solutions/game_2/single/rest-001010/bot""]}","[0,1,0,0,0,1]","[0,0,1,0,1,0]",0,1,4,3,home_win,home,0,74
61126,3,"{""single"":[""solutions/game_3/single/rest-101110/top"",""solutions/game_3/single/rest-110111/bot""]}","[1,0,1,1,1,0]","[1,1,0,1,1,1]",1,1,5,3,home_win,home,0,82
61126,4,"{""single"":[""solutions/game_4/single/rest-011001/top"",""solutions/game_4/single/rest-011010/bot""]}","[0,1,1,0,0,1]","[0,1,1,0,1,0]",2,1,2,3,away_win,away,0,85
61126,5,"{""single"":[""solutions/game_5/single/rest-010110/top"",""solutions/game_5/single/rest-100011/bot""]}","[0,1,0,1,1,0]","[1,0,0,0,1,1]",2,2,0,5,away_win,away,0,74
61127,1,"{""single"":[""solutions/game_1/single/rest-111111/top"",""solutions/game_1/single/rest-111111/bot""]}","[1,1,1,1,1,1]","[1,1,1,1,1,1]",0,0,6,1,home_win,home,0,74
61127,2,"{""single"":[""solutions/game_2/single/rest-110001/top"",""solutions/game_2/single/rest-111011/bot""]}","[1,1,0,0,0,1]","[1,1,1,0,1,1]",1,0,6,5,home_win,home,0,78
61127,3,"{""single"":[""solutions/game_3/single/rest-101110/top"",""solutions/game_3/single/rest-101101/bot""]}","[1,0,1,1,1,0]","[1,0,1,1,0,1]",2,0,4,5,away_win,away,0,88
61127,4,"{""single"":[""solutions/game_4/single/rest-010010/top"",""solutions/game_4/single/rest-110010/bot""]}","[0,1,0,0,1,0]","[1,1,0,0,1,0]",2,1,3,8,away_win,away,0,87
61127,5,"{""single"":[""solutions/game_5/single/rest-101101/top"",""solutions/game_5/single/rest-011101/bot""]}","[1,0,1,1,0,1]","[0,1,1,1,0,1]",2,2,2,0,home_win,home,0,64
61128,1,"{""single"":[""solutions/game_1/single/rest-111111/top"",""solutions/game_1/single/rest-111111/bot""]}","[1,1,1,1,1,1]","[1,1,1,1,1,1]",0,0,1,10,away_win,away,0,37
61128,2,"{""single"":[""solutions/game_2/single/rest-111111/top"",""solutions/game_2/single/rest-111111/bot""]}","[1,1,1,1,1,1]","[1,1,1,1,1,1]",0,1,4,4,tie,away,0,93
61128,3,"{""single"":[""solutions/game_3/single/rest-001101/top"",""solutions/game_3/single/rest-101000/bot""]}","[0,0,1,1,0,1]","[1,0,1,0,0,0]",0,2,7,5,home_win,home,0,82
61128,4,"{""single"":[""solutions/game_4/single/rest-111010/top"",""solutions/game_4/single/rest-010111/bot""]}","[1,1,1,0,1,0]","[0,1,0,1,1,1]",1,2,0,9,away_win,away,0,68
61128,5,"{""single"":[""solutions/game_5/single/rest-010101/top"",""solutions/game_5/single/rest-110111/bot""]}","[0,1,0,1,0,1]","[1,1,0,1,1,1]",1,3,6,4,home_win,home,1,76
61129,1,"{""single"":[""solutions/game_1/single/rest-111111/top"",""solutions/game_1/single/rest-111111/bot""]}","[1,1,1,1,1,1]","[1,1,1,1,1,1]",0,0,7,6,home_win,home,0,95
61129,2,"{""single"":[""solutions/game_2/single/rest-101001/top"",""solutions/game_2/single/rest-100011/bot""]}","[1,0,1,0,0,1]","[1,0,0,0,1,1]",1,0,5,9,away_win,away,0,91
61129,3,"{""single"":[""solutions/game_3/single/rest-000110/top"",""solutions/game_3/single/rest-011100/bot""]}","[0,0,0,1,1,0]","[0,1,1,1,0,0]",1,1,13,10,home_win,home,0,92
61129,4,"{""single"":[""solutions/game_4/single/rest-111001/top"",""solutions/game_4/single/rest-100010/bot""]}","[1,1,1,0,0,1]","[1,0,0,0,1,0]",2,1,13,7,home_win,home,0,95
61129,5,"{""single"":[""solutions/game_5/single/rest-001011/top"",""solutions/game_5/single/rest-111101/bot""]}","[0,0,1,0,1,1]","[1,1,1,1,0,1]",3,1,2,10,away_win,away,1,64
61130,1,"{""single"":[""solutions/game_1/single/rest-111111/top"",""solutions/game_1/single/rest-111111/bot""]}","[1,1,1,1,1,1]","[1,1,1,1,1,1]",0,0,3,11,away_win,away,0,72
61130,2,"{""single"":[""solutions/game_2/single/rest-011111/top"",""solutions/game_2/single/rest-101101/bot""]}","[0,1,1,1,1,1]","[1,0,1,1,0,1]",0,1,4,5,away_win,away,0,80
61130,3,"{""single"":[""solutions/game_3/single/rest-110101/top"",""solutions/game_3/single/rest-010010/bot""]}","[1,1,0,1,0,1]","[0,1,0,0,1,0]",0,2,0,9,away_win,away,0,49
61130,4,"{""single"":[""solutions/game_4/single/rest-111101/top"",""solutions/game_4/single/rest-111111/bot""]}","[1,1,1,1,0,1]","[1,1,1,1,1,1]",0,3,3,2,home_win,home,1,73
61130,5,"{""single"":[""solutions/game_5/single/rest-110111/top"",""solutions/game_5/single/rest-001010/bot""]}","[1,1,0,1,1,1]","[0,0,1,0,1,0]",1,3,11,10,home_win,home,1,96
61131,1,"{""single"":[""solutions/game_1/single/rest-111111/top"",""solutions/game_1/single/rest-111111/bot""]}","[1,1,1,1,1,1]","[1,1,1,1,1,1]",0,0,3,11,away_win,away,0,81
61131,2,"{""single"":[""solutions/game_2/single/rest-010010/top"",""solutions/game_2/single/rest-011011/bot""]}","[0,1,0,0,1,0]","[0,1,1,0,1,1]",0,1,3,5,away_win,away,0,99
61131,3,"{""single"":[""solutions/game_3/single/rest-101111/top"",""solutions/game_3/single/rest-111010/bot""]}","[1,0,1,1,1,1]","[1,1,1,0,1,0]",0,2,7,1,home_win,home,0,87
61131,4,"{""single"":[""solutions/game_4/single/rest-110110/top"",""solutions/game_4/single/rest-100111/bot""]}","[1,1,0,1,1,0]","[1,0,0,1,1,1]",1,2,1,5,away_win,away,0,76
61131,5,"{""single"":[""solutions/game_5/single/rest-101111/top"",""solutions/game_5/single/rest-111111/bot""]}","[1,0,1,1,1,1]","[1,1,1,1,1,1]",1,3,5,4,home_win,home,1,82
61132,1,"{""single"":[""solutions/game_1/single/rest-111111/top"",""solutions/game_1/single/rest-111111/bot""]}","[1,1,1,1,1,1]","[1,1,1,1,1,1]",0,0,11,2,home_win,home,0,82
61132,2,"{""single"":[""solutions/game_2/single/rest-010101/top"",""solutions/game_2/single/rest-001110/bot""]}","[0,1,0,1,0,1]","[0,0,1,1,1,0]",1,0,2,0,home_win,home,0,69
61132,3,"{""single"":[""solutions/game_3/single/rest-011110/top"",""solutions/game_3/single/rest-111001/bot""]}","[0,1,1,1,1,0]","[1,1,1,0,0,1]",2,0,5,2,home_win,home,0,74
61132,4,"{""single"":[""solutions/game_4/single/rest-110101/top"",""solutions/game_4/single/rest-011100/bot""]}","[1,1,0,1,0,1]","[0,1,1,1,0,0]",3,0,9,1,home_win,home,1,39
61132,5,"{""single"":[""solutions/game_5/single/rest-111101/top"",""solutions/game_5/single/rest-111111/bot""]}","[1,1,1,1,0,1]","[1,1,1,1,1,1]",4,0,3,4,away_win,away,1,79
61133,1,"{""single"":[""solutions/game_1/single/rest-111111/top"",""solutions/game_1/single/rest-111111/bot""]}","[1,1,1,1,1,1]","[1,1,1,1,1,1]",0,0,4,1,home_win,home,0,76
61133,2,"{""single"":[""solutions/game_2/single/rest-110001/top"",""solutions/game_2/single/rest-011110/bot""]}","[1,1,0,0,0,1]","[0,1,1,1,1,0]",1,0,6,1,home_win,home,0,82
61133,3,"{""single"":[""solutions/game_3/single/rest-001010/top"",""solutions/game_3/single/rest-101011/bot""]}","[0,0,1,0,1,0]","[1,0,1,0,1,1]",2,0,2,0,home_win,home,0,64
61133,4,"{""single"":[""solutions/game_4/single/rest-101101/top"",""solutions/game_4/single/rest-111111/bot""]}","[1,0,1,1,0,1]","[1,1,1,1,1,1]",3,0,8,0,home_win,home,1,41
61133,5,"{""single"":[""solutions/game_5/single/rest-111111/top"",""solutions/game_5/single/rest-111011/bot""]}","[1,1,1,1,1,1]","[1,1,1,0,1,1]",4,0,3,2,home_win,home,1,73
61134,1,"{""single"":[""solutions/game_1/single/rest-111111/top"",""solutions/game_1/single/rest-111111/bot""]}","[1,1,1,1,1,1]","[1,1,1,1,1,1]",0,0,0,5,away_win,away,0,74
61134,2,"{""single"":[""solutions/game_2/single/rest-110101/top"",""solutions/game_2/single/rest-101011/bot""]}","[1,1,0,1,0,1]","[1,0,1,0,1,1]",0,1,4,5,away_win,away,0,85
61134,3,"{""single"":[""solutions/game_3/single/rest-011000/top"",""solutions/game_3/single/rest-110110/bot""]}","[0,1,1,0,0,0]","[1,1,0,1,1,0]",0,2,7,4,home_win,home,0,82
61134,4,"{""single"":[""solutions/game_4/single/rest-100011/top"",""solutions/game_4/single/rest-101101/bot""]}","[1,0,0,0,1,1]","[1,0,1,1,0,1]",1,2,4,3,home_win,home,0,75
61134,5,"{""single"":[""solutions/game_5/single/rest-011100/top"",""solutions/game_5/single/rest-000110/bot""]}","[0,1,1,1,0,0]","[0,0,0,1,1,0]",2,2,0,8,away_win,away,0,40
61135,1,"{""single"":[""solutions/game_1/single/rest-111111/top"",""solutions/game_1/single/rest-111111/bot""]}","[1,1,1,1,1,1]","[1,1,1,1,1,1]",0,0,4,5,away_win,away,0,86
61135,2,"{""single"":[""solutions/game_2/single/rest-011011/top"",""solutions/game_2/single/rest-100011/bot""]}","[0,1,1,0,1,1]","[1,0,0,0,1,1]",0,1,4,2,home_win,home,0,85
61135,3,"{""single"":[""solutions/game_3/single/rest-111100/top"",""solutions/game_3/single/rest-011111/bot""]}","[1,1,1,1,0,0]","[0,1,1,1,1,1]",1,1,9,0,home_win,home,0,46
61135,4,"{""single"":[""solutions/game_4/single/rest-111111/top"",""solutions/game_4/single/rest-111111/bot""]}","[1,1,1,1,1,1]","[1,1,1,1,1,1]",2,1,5,3,home_win,home,0,85
61135,5,"{""single"":[""solutions/game_5/single/rest-011000/top"",""solutions/game_5/single/rest-000111/bot""]}","[0,1,1,0,0,0]","[0,0,0,1,1,1]",3,1,5,2,home_win,home,1,80
61136,1,"{""single"":[""solutions/game_1/single/rest-111111/top"",""solutions/game_1/single/rest-111111/bot""]}","[1,1,1,1,1,1]","[1,1,1,1,1,1]",0,0,0,8,away_win,away,0,60
61136,2,"{""single"":[""solutions/game_2/single/rest-111001/top"",""solutions/game_2/single/rest-111111/bot""]}","[1,1,1,0,0,1]","[1,1,1,1,1,1]",0,1,0,4,away_win,away,0,83
61136,3,"{""single"":[""solutions/game_3/single/rest-101110/top"",""solutions/game_3/single/rest-011110/bot""]}","[1,0,1,1,1,0]","[0,1,1,1,1,0]",0,2,5,0,home_win,home,0,73
61136,4,"{""single"":[""solutions/game_4/single/rest-110011/top"",""solutions/game_4/single/rest-101001/bot""]}","[1,1,0,0,1,1]","[1,0,1,0,0,1]",1,2,3,5,away_win,away,0,82
61136,5,"{""single"":[""solutions/game_5/single/rest-011101/top"",""solutions/game_5/single/rest-011110/bot""]}","[0,1,1,1,0,1]","[0,1,1,1,1,0]",1,3,1,7,away_win,away,1,80
61137,1,"{""single"":[""solutions/game_1/single/rest-111111/top"",""solutions/game_1/single/rest-111111/bot""]}","[1,1,1,1,1,1]","[1,1,1,1,1,1]",0,0,5,2,home_win,home,0,73
61137,2,"{""single"":[""solutions/game_2/single/rest-010011/top"",""solutions/game_2/single/rest-101011/bot""]}","[0,1,0,0,1,1]","[1,0,1,0,1,1]",1,0,9,3,home_win,home,0,89
61137,3,"{""single"":[""solutions/game_3/single/rest-101110/top"",""solutions/game_3/single/rest-011100/bot""]}","[1,0,1,1,1,0]","[0,1,1,1,0,0]",2,0,2,4,away_win,away,0,82
61137,4,"{""single"":[""solutions/game_4/single/rest-011000/top"",""solutions/game_4/single/rest-101011/bot""]}","[0,1,1,0,0,0]","[1,0,1,0,1,1]",2,1,6,3,home_win,home,0,82
61137,5,"{""single"":[""solutions/game_5/single/rest-110111/top"",""solutions/game_5/single/rest-010111/bot""]}","[1,1,0,1,1,1]","[0,1,0,1,1,1]",3,1,4,2,home_win,home,1,80
61138,1,"{""single"":[""solutions/game_1/single/rest-111111/top"",""solutions/game_1/single/rest-111111/bot""]}","[1,1,1,1,1,1]","[1,1,1,1,1,1]",0,0,10,8,home_win,home,0,86
61138,2,"{""single"":[""solutions/game_2/single/rest-111011/top"",""solutions/game_2/single/rest-001011/bot""]}","[1,1,1,0,1,1]","[0,0,1,0,1,1]",1,0,4,3,home_win,home,0,67
61138,3,"{""single"":[""solutions/game_3/single/rest-110101/top"",""solutions/game_3/single/rest-111111/bot""]}","[1,1,0,1,0,1]","[1,1,1,1,1,1]",2,0,1,9,away_win,away,0,68
61138,4,"{""single"":[""solutions/game_4/single/rest-011011/top"",""solutions/game_4/single/rest-111011/bot""]}","[0,1,1,0,1,1]","[1,1,1,0,1,1]",2,1,2,4,away_win,away,0,77
61138,5,"{""single"":[""solutions/game_5/single/rest-111110/top"",""solutions/game_5/single/rest-111100/bot""]}","[1,1,1,1,1,0]","[1,1,1,1,0,0]",2,2,2,6,away_win,away,0,87
61139,1,"{""single"":[""solutions/game_1/single/rest-111111/top"",""solutions/game_1/single/rest-111111/bot""]}","[1,1,1,1,1,1]","[1,1,1,1,1,1]",0,0,7,10,away_win,away,0,100
61139,2,"{""single"":[""solutions/game_2/single/rest-010001/top"",""solutions/game_2/single/rest-000010/bot""]}","[0,1,0,0,0,1]","[0,0,0,0,1,0]",0,1,8,0,home_win,home,0,74
61139,3,"{""single"":[""solutions/game_3/single/rest-101110/top"",""solutions/game_3/single/rest-111111/bot""]}","[1,0,1,1,1,0]","[1,1,1,1,1,1]",1,1,5,2,home_win,home,0,74
61139,4,"{""single"":[""solutions/game_4/single/rest-110001/top"",""solutions/game_4/single/rest-001111/bot""]}","[1,1,0,0,0,1]","[0,0,1,1,1,1]",2,1,10,5,home_win,home,0,82
61139,5,"{""single"":[""solutions/game_5/single/rest-011110/top"",""solutions/game_5/single/rest-011011/bot""]}","[0,1,1,1,1,0]","[0,1,1,0,1,1]",3,1,8,2,home_win,home,1,83
61140,1,"{""single"":[""solutions/game_1/single/rest-111111/top"",""solutions/game_1/single/rest-111111/bot""]}","[1,1,1,1,1,1]","[1,1,1,1,1,1]",0,0,2,3,away_win,away,0,78
61140,2,"{""single"":[""solutions/game_2/single/rest-110001/top"",""solutions/game_2/single/rest-001010/bot""]}","[1,1,0,0,0,1]","[0,0,1,0,1,0]",0,1,7,3,home_win,home,0,85
61140,3,"{""single"":[""solutions/game_3/single/rest-001110/top"",""solutions/game_3/single/rest-100111/bot""]}","[0,0,1,1,1,0]","[1,0,0,1,1,1]",1,1,7,12,away_win,away,0,99
61140,4,"{""single"":[""solutions/game_4/single/rest-110001/top"",""solutions/game_4/single/rest-110111/bot""]}","[1,1,0,0,0,1]","[1,1,0,1,1,1]",1,2,7,4,home_win,home,0,80
61140,5,"{""single"":[""solutions/game_5/single/rest-111110/top"",""solutions/game_5/single/rest-011110/bot""]}","[1,1,1,1,1,0]","[0,1,1,1,1,0]",2,2,2,3,away_win,away,0,81
61141,1,"{""single"":[""solutions/game_1/single/rest-111111/top"",""solutions/game_1/single/rest-111111/bot""]}","[1,1,1,1,1,1]","[1,1,1,1,1,1]",0,0,1,4,away_win,away,0,81
61141,2,"{""single"":[""solutions/game_2/single/rest-010001/top"",""solutions/game_2/single/rest-101011/bot""]}","[0,1,0,0,0,1]","[1,0,1,0,1,1]",0,1,10,12,away_win,away,0,97
61141,3,"{""single"":[""solutions/game_3/single/rest-101110/top"",""solutions/game_3/single/rest-000100/bot""]}","[1,0,1,1,1,0]","[0,0,0,1,0,0]",0,2,4,3,home_win,home,0,78
61141,4,"{""single"":[""solutions/game_4/single/rest-010011/top"",""solutions/game_4/single/rest-101011/bot""]}","[0,1,0,0,1,1]","[1,0,1,0,1,1]",1,2,1,7,away_win,away,0,84
61141,5,"{""single"":[""solutions/game_5/single/rest-001100/top"",""solutions/game_5/single/rest-011110/bot""]}","[0,0,1,1,0,0]","[0,1,1,1,1,0]",1,3,3,5,away_win,away,1,86
61142,1,"{""single"":[""solutions/game_1/single/rest-111111/top"",""solutions/game_1/single/rest-111111/bot""]}","[1,1,1,1,1,1]","[1,1,1,1,1,1]",0,0,3,4,away_win,away,0,86
61142,2,"{""single"":[""solutions/game_2/single/rest-110001/top"",""solutions/game_2/single/rest-011111/bot""]}","[1,1,0,0,0,1]","[0,1,1,1,1,1]",0,1,0,9,away_win,away,0,47
61142,3,"{""single"":[""solutions/game_3/single/rest-111111/top"",""solutions/game_3/single/rest-111111/bot""]}","[1,1,1,1,1,1]","[1,1,1,1,1,1]",0,2,5,4,home_win,home,0,87
61142,4,"{""single"":[""solutions/game_4/single/rest-010011/top"",""solutions/game_4/single/rest-011010/bot""]}","[0,1,0,0,1,1]","[0,1,1,0,1,0]",1,2,3,5,away_win,away,0,84
61142,5,"{""single"":[""solutions/game_5/single/rest-011100/top"",""solutions/game_5/single/rest-100101/bot""]}","[0,1,1,1,0,0]","[1,0,0,1,0,1]",1,3,10,5,home_win,home,1,85
61143,1,"{""single"":[""solutions/game_1/single/rest-111111/top"",""solutions/game_1/single/rest-111111/bot""]}","[1,1,1,1,1,1]","[1,1,1,1,1,1]",0,0,10,2,home_win,home,0,81
61143,2,"{""single"":[""solutions/game_2/single/rest-111001/top"",""solutions/game_2/single/rest-110011/bot""]}","[1,1,1,0,0,1]","[1,1,0,0,1,1]",1,0,5,4,home_win,home,0,86
61143,3,"{""single"":[""solutions/game_3/single/rest-010110/top"",""solutions/game_3/single/rest-001110/bot""]}","[0,1,0,1,1,0]","[0,0,1,1,1,0]",2,0,3,0,home_win,home,0,75
61143,4,"{""single"":[""solutions/game_4/single/rest-111001/top"",""solutions/game_4/single/rest-011111/bot""]}","[1,1,1,0,0,1]","[0,1,1,1,1,1]",3,0,6,4,home_win,home,1,82
61143,5,"{""single"":[""solutions/game_5/single/rest-000111/top"",""solutions/game_5/single/rest-110111/bot""]}","[0,0,0,1,1,1]","[1,1,0,1,1,1]",4,0,11,2,home_win,home,1,77
61144,1,"{""single"":[""solutions/game_1/single/rest-111111/top"",""solutions/game_1/single/rest-111111/bot""]}","[1,1,1,1,1,1]","[1,1,1,1,1,1]",0,0,1,7,away_win,away,0,81
61144,2,"{""single"":[""solutions/game_2/single/rest-011001/top"",""solutions/game_2/single/rest-001011/bot""]}","[0,1,1,0,0,1]","[0,0,1,0,1,1]",0,1,3,5,away_win,away,0,84
61144,3,"{""single"":[""solutions/game_3/single/rest-101110/top"",""solutions/game_3/single/rest-110110/bot""]}","[1,0,1,1,1,0]","[1,1,0,1,1,0]",0,2,5,3,home_win,home,0,79
61144,4,"{""single"":[""solutions/game_4/single/rest-011001/top"",""solutions/game_4/single/rest-000111/bot""]}","[0,1,1,0,0,1]","[0,0,0,1,1,1]",1,2,3,7,away_win,away,0,84
61144,5,"{""single"":[""solutions/game_5/single/rest-100010/top"",""solutions/game_5/single/rest-111010/bot""]}","[1,0,0,0,1,0]","[1,1,1,0,1,0]",1,3,8,4,home_win,home,1,99
61145,1,"{""single"":[""solutions/game_1/single/rest-111111/top"",""solutions/game_1/single/rest-111111/bot""]}","[1,1,1,1,1,1]","[1,1,1,1,1,1]",0,0,10,6,home_win,home,0,94
61145,2,"{""single"":[""solutions/game_2/single/rest-111001/top"",""solutions/game_2/single/rest-100110/bot""]}","[1,1,1,0,0,1]","[1,0,0,1,1,0]",1,0,4,3,home_win,home,0,89
61145,3,"{""single"":[""solutions/game_3/single/rest-010110/top"",""solutions/game_3/single/rest-111001/bot""]}","[0,1,0,1,1,0]","[1,1,1,0,0,1]",2,0,5,2,home_win,home,0,73
61145,4,"{""single"":[""solutions/game_4/single/rest-100011/top"",""solutions/game_4/single/rest-111110/bot""]}","[1,0,0,0,1,1]","[1,1,1,1,1,0]",3,0,2,4,away_win,away,1,76
61145,5,"{""single"":[""solutions/game_5/single/rest-011101/top"",""solutions/game_5/single/rest-101011/bot""]}","[0,1,1,1,0,1]","[1,0,1,0,1,1]",3,1,5,3,home_win,home,1,74
61146,1,"{""single"":[""solutions/game_1/single/rest-111111/top"",""solutions/game_1/single/rest-111111/bot""]}","[1,1,1,1,1,1]","[1,1,1,1,1,1]",0,0,5,1,home_win,home,0,73
61146,2,"{""single"":[""solutions/game_2/single/rest-110111/top"",""solutions/game_2/single/rest-001011/bot""]}","[1,1,0,1,1,1]","[0,0,1,0,1,1]",1,0,12,7,home_win,home,0,96
61146,3,"{""single"":[""solutions/game_3/single/rest-101000/top"",""solutions/game_3/single/rest-111111/bot""]}","[1,0,1,0,0,0]","[1,1,1,1,1,1]",2,0,3,4,away_win,away,0,86
61146,4,"{""single"":[""solutions/game_4/single/rest-110111/top"",""solutions/game_4/single/rest-100110/bot""]}","[1,1,0,1,1,1]","[1,0,0,1,1,0]",2,1,2,4,away_win,away,0,85
61146,5,"{""single"":[""solutions/game_5/single/rest-110001/top"",""solutions/game_5/single/rest-011001/bot""]}","[1,1,0,0,0,1]","[0,1,1,0,0,1]",2,2,6,5,home_win,home,0,83
61147,1,"{""single"":[""solutions/game_1/single/rest-111111/top"",""solutions/game_1/single/rest-111111/bot""]}","[1,1,1,1,1,1]","[1,1,1,1,1,1]",0,0,4,1,home_win,home,0,78
61147,2,"{""single"":[""solutions/game_2/single/rest-011001/top"",""solutions/game_2/single/rest-001011/bot""]}","[0,1,1,0,0,1]","[0,0,1,0,1,1]",1,0,7,8,away_win,away,0,97
61147,3,"{""single"":[""solutions/game_3/single/rest-100110/top"",""solutions/game_3/single/rest-110101/bot""]}","[1,0,0,1,1,0]","[1,1,0,1,0,1]",1,1,8,0,home_win,home,0,28
61147,4,"{""single"":[""solutions/game_4/single/rest-111111/top"",""solutions/game_4/single/rest-111111/bot""]}","[1,1,1,1,1,1]","[1,1,1,1,1,1]",2,1,2,7,away_win,away,0,86
61147,5,"{""single"":[""solutions/game_5/single/rest-010100/top"",""solutions/game_5/single/rest-001010/bot""]}","[0,1,0,1,0,0]","[0,0,1,0,1,0]",2,2,7,1,home_win,home,0,79
61148,1,"{""single"":[""solutions/game_1/single/rest-111111/top"",""solutions/game_1/single/rest-111111/bot""]}","[1,1,1,1,1,1]","[1,1,1,1,1,1]",0,0,2,3,away_win,away,0,77
61148,2,"{""single"":[""solutions/game_2/single/rest-110011/top"",""solutions/game_2/single/rest-011011/bot""]}","[1,1,0,0,1,1]","[0,1,1,0,1,1]",0,1,0,8,away_win,away,0,61
61148,3,"{""single"":[""solutions/game_3/single/rest-111101/top"",""solutions/game_3/single/rest-111111/bot""]}","[1,1,1,1,0,1]","[1,1,1,1,1,1]",0,2,9,4,home_win,home,0,79
61148,4,"{""single"":[""solutions/game_4/single/rest-010000/top"",""solutions/game_4/single/rest-011010/bot""]}","[0,1,0,0,0,0]","[0,1,1,0,1,0]",1,2,2,8,away_win,away,0,81
61148,5,"{""single"":[""solutions/game_5/single/rest-111100/top"",""solutions/game_5/single/rest-111101/bot""]}","[1,1,1,1,0,0]","[1,1,1,1,0,1]",1,3,7,1,home_win,home,1,78
61149,1,"{""single"":[""solutions/game_1/single/rest-111111/top"",""solutions/game_1/single/rest-111111/bot""]}","[1,1,1,1,1,1]","[1,1,1,1,1,1]",0,0,10,4,home_win,home,0,88
61149,2,"{""single"":[""solutions/game_2/single/rest-111101/top"",""solutions/game_2/single/rest-001110/bot""]}","[1,1,1,1,0,1]","[0,0,1,1,1,0]",1,0,8,4,home_win,home,0,87
61149,3,"{""single"":[""solutions/game_3/single/rest-010010/top"",""solutions/game_3/single/rest-110001/bot""]}","[0,1,0,0,1,0]","[1,1,0,0,0,1]",2,0,4,6,away_win,away,0,91
61149,4,"{""single"":[""solutions/game_4/single/rest-101101/top"",""solutions/game_4/single/rest-010110/bot""]}","[1,0,1,1,0,1]","[0,1,0,1,1,0]",2,1,3,4,away_win,away,0,87
61149,5,"{""single"":[""solutions/game_5/single/rest-111010/top"",""solutions/game_5/single/rest-101001/bot""]}","[1,1,1,0,1,0]","[1,0,1,0,0,1]",2,2,1,4,away_win,away,0,84
61150,1,"{""single"":[""solutions/game_1/single/rest-111111/top"",""solutions/game_1/single/rest-111111/bot""]}","[1,1,1,1,1,1]","[1,1,1,1,1,1]",0,0,4,2,home_win,home,0,74
61150,2,"{""single"":[""solutions/game_2/single/rest-010001/top"",""solutions/game_2/single/rest-001011/bot""]}","[0,1,0,0,0,1]","[0,0,1,0,1,1]",1,0,2,3,away_win,away,0,77
61150,3,"{""single"":[""solutions/game_3/single/rest-111110/top"",""solutions/game_3/single/rest-110110/bot""]}","[1,1,1,1,1,0]","[1,1,0,1,1,0]",1,1,9,0,home_win,home,0,37
61150,4,"{""single"":[""solutions/game_4/single/rest-111111/top"",""solutions/game_4/single/rest-111111/bot""]}","[1,1,1,1,1,1]","[1,1,1,1,1,1]",2,1,6,4,home_win,home,0,87
61150,5,"{""single"":[""solutions/game_5/single/rest-111011/top"",""solutions/game_5/single/rest-111010/bot""]}","[1,1,1,0,1,1]","[1,1,1,0,1,0]",3,1,10,8,home_win,home,1,99
61151,1,"{""single"":[""solutions/game_1/single/rest-111111/top"",""solutions/game_1/single/rest-111111/bot""]}","[1,1,1,1,1,1]","[1,1,1,1,1,1]",0,0,7,6,home_win,home,0,85
61151,2,"{""single"":[""solutions/game_2/single/rest-011111/top"",""solutions/game_2/single/rest-001011/bot""]}","[0,1,1,1,1,1]","[0,0,1,0,1,1]",1,0,2,4,away_win,away,0,72
61151,3,"{""single"":[""solutions/game_3/single/rest-110001/top"",""solutions/game_3/single/rest-101101/bot""]}","[1,1,0,0,0,1]","[1,0,1,1,0,1]",1,1,3,11,away_win,away,0,46
61151,4,"{""single"":[""solutions/game_4/single/rest-110101/top"",""solutions/game_4/single/rest-111111/bot""]}","[1,1,0,1,0,1]","[1,1,1,1,1,1]",1,2,4,6,away_win,away,0,81
61151,5,"{""single"":[""solutions/game_5/single/rest-010010/top"",""solutions/game_5/single/rest-011010/bot""]}","[0,1,0,0,1,0]","[0,1,1,0,1,0]",1,3,10,6,home_win,home,1,91
61152,1,"{""single"":[""solutions/game_1/single/rest-111111/top"",""solutions/game_1/single/rest-111111/bot""]}","[1,1,1,1,1,1]","[1,1,1,1,1,1]",0,0,2,1,home_win,home,0,70
61152,2,"{""single"":[""solutions/game_2/single/rest-110111/top"",""solutions/game_2/single/rest-001011/bot""]}","[1,1,0,1,1,1]","[0,0,1,0,1,1]",1,0,4,10,away_win,away,0,84
61152,3,"{""single"":[""solutions/game_3/single/rest-111001/top"",""solutions/game_3/single/rest-011110/bot""]}","[1,1,1,0,0,1]","[0,1,1,1,1,0]",1,1,3,0,home_win,home,0,85
61152,4,"{""single"":[""solutions/game_4/single/rest-100110/top"",""solutions/game_4/single/rest-101001/bot""]}","[1,0,0,1,1,0]","[1,0,1,0,0,1]",2,1,5,1,home_win,home,0,74
61152,5,"{""single"":[""solutions/game_5/single/rest-110101/top"",""solutions/game_5/single/rest-110110/bot""]}","[1,1,0,1,0,1]","[1,1,0,1,1,0]",3,1,4,6,away_win,away,1,76
61153,1,"{""single"":[""solutions/game_1/single/rest-111111/top"",""solutions/game_1/single/rest-111111/bot""]}","[1,1,1,1,1,1]","[1,1,1,1,1,1]",0,0,2,8,away_win,away,0,82
61153,2,"{""single"":[""solutions/game_2/single/rest-111011/top"",""solutions/game_2/single/rest-001011/bot""]}","[1,1,1,0,1,1]","[0,0,1,0,1,1]",0,1,6,3,home_win,home,0,83
61153,3,"{""single"":[""solutions/game_3/single/rest-010110/top"",""solutions/game_3/single/rest-011101/bot""]}","[0,1,0,1,1,0]","[0,1,1,1,0,1]",1,1,2,3,away_win,away,0,91
61153,4,"{""single"":[""solutions/game_4/single/rest-111011/top"",""solutions/game_4/single/rest-100010/bot""]}","[1,1,1,0,1,1]","[1,0,0,0,1,0]",1,2,4,3,home_win,home,0,92
61153,5,"{""single"":[""solutions/game_5/single/rest-100111/top"",""solutions/game_5/single/rest-011101/bot""]}","[1,0,0,1,1,1]","[0,1,1,1,0,1]",2,2,0,7,away_win,away,0,81
61154,1,"{""single"":[""solutions/game_1/single/rest-111111/top"",""solutions/game_1/single/rest-111111/bot""]}","[1,1,1,1,1,1]","[1,1,1,1,1,1]",0,0,2,3,away_win,away,0,83
61154,2,"{""single"":[""solutions/game_2/single/rest-010001/top"",""solutions/game_2/single/rest-011110/bot""]}","[0,1,0,0,0,1]","[0,1,1,1,1,0]",0,1,7,0,home_win,home,0,78
61154,3,"{""single"":[""solutions/game_3/single/rest-111110/top"",""solutions/game_3/single/rest-100111/bot""]}","[1,1,1,1,1,0]","[1,0,0,1,1,1]",1,1,1,0,home_win,home,0,66
61154,4,"{""single"":[""solutions/game_4/single/rest-010011/top"",""solutions/game_4/single/rest-000110/bot""]}","[0,1,0,0,1,1]","[0,0,0,1,1,0]",2,1,1,3,away_win,away,0,69
61154,5,"{""single"":[""solutions/game_5/single/rest-111100/top"",""solutions/game_5/single/rest-111100/bot""]}","[1,1,1,1,0,0]","[1,1,1,1,0,0]",2,2,8,4,home_win,home,0,90
61155,1,"{""single"":[""solutions/game_1/single/rest-111111/top"",""solutions/game_1/single/rest-111111/bot""]}","[1,1,1,1,1,1]","[1,1,1,1,1,1]",0,0,6,2,home_win,home,0,79
61155,2,"{""single"":[""solutions/game_2/single/rest-110001/top"",""solutions/game_2/single/rest-000110/bot""]}","[1,1,0,0,0,1]","[0,0,0,1,1,0]",1,0,5,4,home_win,home,0,81
61155,3,"{""single"":[""solutions/game_3/single/rest-001110/top"",""solutions/game_3/single/rest-011011/bot""]}","[0,0,1,1,1,0]","[0,1,1,0,1,1]",2,0,2,6,away_win,away,0,84
61155,4,"{""single"":[""solutions/game_4/single/rest-111011/top"",""solutions/game_4/single/rest-100110/bot""]}","[1,1,1,0,1,1]","[1,0,0,1,1,0]",2,1,5,8,away_win,away,0,88
61155,5,"{""single"":[""solutions/game_5/single/rest-110100/top"",""solutions/game_5/single/rest-001001/bot""]}","[1,1,0,1,0,0]","[0,0,1,0,0,1]",2,2,1,4,away_win,away,0,78
61156,1,"{""single"":[""solutions/game_1/single/rest-111111/top"",""solutions/game_1/single/rest-111111/bot""]}","[1,1,1,1,1,1]","[1,1,1,1,1,1]",0,0,0,9,away_win,away,0,68
61156,2,"{""single"":[""solutions/game_2/single/rest-111001/top"",""solutions/game_2/single/rest-101101/bot""]}","[1,1,1,0,0,1]","[1,0,1,1,0,1]",0,1,1,9,away_win,away,0,49
61156,3,"{""single"":[""solutions/game_3/single/rest-111111/top"",""solutions/game_3/single/rest-111111/bot""]}","[1,1,1,1,1,1]","[1,1,1,1,1,1]",0,2,6,7,away_win,away,0,90
61156,4,"{""single"":[""solutions/game_4/single/rest-011010/top"",""solutions/game_4/single/rest-011010/bot""]}","[0,1,1,0,1,0]","[0,1,1,0,1,0]",0,3,0,4,away_win,away,1,78
61156,5,"{""single"":[""solutions/game_5/single/rest-100101/top"",""solutions/game_5/single/rest-110101/bot""]}","[1,0,0,1,0,1]","[1,1,0,1,0,1]",0,4,2,4,away_win,away,1,80
61157,1,"{""single"":[""solutions/game_1/single/rest-111111/top"",""solutions/game_1/single/rest-111111/bot""]}","[1,1,1,1,1,1]","[1,1,1,1,1,1]",0,0,3,3,tie,home,0,86
61157,2,"{""single"":[""solutions/game_2/single/rest-010011/top"",""solutions/game_2/single/rest-000011/bot""]}","[0,1,0,0,1,1]","[0,0,0,0,1,1]",1,0,11,6,home_win,home,0,91
61157,3,"{""single"":[""solutions/game_3/single/rest-111110/top"",""solutions/game_3/single/rest-111110/bot""]}","[1,1,1,1,1,0]","[1,1,1,1,1,0]",2,0,5,4,home_win,home,0,83
61157,4,"{""single"":[""solutions/game_4/single/rest-010101/top"",""solutions/game_4/single/rest-000011/bot""]}","[0,1,0,1,0,1]","[0,0,0,0,1,1]",3,0,11,8,home_win,home,1,106
61157,5,"{""single"":[""solutions/game_5/single/rest-001110/top"",""solutions/game_5/single/rest-110101/bot""]}","[0,0,1,1,1,0]","[1,1,0,1,0,1]",4,0,9,1,home_win,home,1,36
61158,1,"{""single"":[""solutions/game_1/single/rest-111111/top"",""solutions/game_1/single/rest-111111/bot""]}","[1,1,1,1,1,1]","[1,1,1,1,1,1]",0,0,0,8,away_win,away,0,60
61158,2,"{""single"":[""solutions/game_2/single/rest-111101/top"",""solutions/game_2/single/rest-111011/bot""]}","[1,1,1,1,0,1]","[1,1,1,0,1,1]",0,1,9,1,home_win,home,0,74
61158,3,"{""single"":[""solutions/game_3/single/rest-111010/top"",""solutions/game_3/single/rest-101110/bot""]}","[1,1,1,0,1,0]","[1,0,1,1,1,0]",1,1,1,12,away_win,away,0,76
61158,4,"{""single"":[""solutions/game_4/single/rest-001100/top"",""solutions/game_4/single/rest-101111/bot""]}","[0,0,1,1,0,0]","[1,0,1,1,1,1]",1,2,7,6,home_win,home,0,82
61158,5,"{""single"":[""solutions/game_5/single/rest-111011/top"",""solutions/game_5/single/rest-010011/bot""]}","[1,1,1,0,1,1]","[0,1,0,0,1,1]",2,2,1,5,away_win,away,0,84
61159,1,"{""single"":[""solutions/game_1/single/rest-111111/top"",""solutions/game_1/single/rest-111111/bot""]}","[1,1,1,1,1,1]","[1,1,1,1,1,1]",0,0,2,6,away_win,away,0,87
61159,2,"{""single"":[""solutions/game_2/single/rest-100101/top"",""solutions/game_2/single/rest-001010/bot""]}","[1,0,0,1,0,1]","[0,0,1,0,1,0]",0,1,1,0,home_win,home,0,70
61159,3,"{""single"":[""solutions/game_3/single/rest-111011/top"",""solutions/game_3/single/rest-110111/bot""]}","[1,1,1,0,1,1]","[1,1,0,1,1,1]",1,1,5,0,home_win,home,0,81
61159,4,"{""single"":[""solutions/game_4/single/rest-110010/top"",""solutions/game_4/single/rest-001010/bot""]}","[1,1,0,0,1,0]","[0,0,1,0,1,0]",2,1,3,1,home_win,home,0,82
61159,5,"{""single"":[""solutions/game_5/single/rest-111101/top"",""solutions/game_5/single/rest-110101/bot""]}","[1,1,1,1,0,1]","[1,1,0,1,0,1]",3,1,5,10,away_win,away,1,94
61160,1,"{""single"":[""solutions/game_1/single/rest-111111/top"",""solutions/game_1/single/rest-111111/bot""]}","[1,1,1,1,1,1]","[1,1,1,1,1,1]",0,0,8,3,home_win,home,0,86
61160,2,"{""single"":[""solutions/game_2/single/rest-110101/top"",""solutions/game_2/single/rest-001011/bot""]}","[1,1,0,1,0,1]","[0,0,1,0,1,1]",1,0,4,2,home_win,home,0,72
61160,3,"{""single"":[""solutions/game_3/single/rest-111110/top"",""solutions/game_3/single/rest-011100/bot""]}","[1,1,1,1,1,0]","[0,1,1,1,0,0]",2,0,6,13,away_win,away,0,88
61160,4,"{""single"":[""solutions/game_4/single/rest-010001/top"",""solutions/game_4/single/rest-100111/bot""]}","[0,1,0,0,0,1]","[1,0,0,1,1,1]",2,1,12,3,home_win,home,0,42
61160,5,"{""single"":[""solutions/game_5/single/rest-111111/top"",""solutions/game_5/single/rest-110111/bot""]}","[1,1,1,1,1,1]","[1,1,0,1,1,1]",3,1,2,7,away_win,away,1,90
61161,1,"{""single"":[""solutions/game_1/single/rest-111111/top"",""solutions/game_1/single/rest-111111/bot""]}","[1,1,1,1,1,1]","[1,1,1,1,1,1]",0,0,3,6,away_win,away,0,86
61161,2,"{""single"":[""solutions/game_2/single/rest-010000/top"",""solutions/game_2/single/rest-011011/bot""]}","[0,1,0,0,0,0]","[0,1,1,0,1,1]",0,1,10,2,home_win,home,0,40
61161,3,"{""single"":[""solutions/game_3/single/rest-111111/top"",""solutions/game_3/single/rest-111111/bot""]}","[1,1,1,1,1,1]","[1,1,1,1,1,1]",1,1,0,8,away_win,away,0,70
61161,4,"{""single"":[""solutions/game_4/single/rest-011001/top"",""solutions/game_4/single/rest-111011/bot""]}","[0,1,1,0,0,1]","[1,1,1,0,1,1]",1,2,5,6,away_win,away,0,91
61161,5,"{""single"":[""solutions/game_5/single/rest-000110/top"",""solutions/game_5/single/rest-110100/bot""]}","[0,0,0,1,1,0]","[1,1,0,1,0,0]",1,3,7,2,home_win,home,1,80
61162,1,"{""single"":[""solutions/game_1/single/rest-111111/top"",""solutions/game_1/single/rest-111111/bot""]}","[1,1,1,1,1,1]","[1,1,1,1,1,1]",0,0,2,3,away_win,away,0,79
61162,2,"{""single"":[""solutions/game_2/single/rest-110011/top"",""solutions/game_2/single/rest-001011/bot""]}","[1,1,0,0,1,1]","[0,0,1,0,1,1]",0,1,0,8,away_win,away,0,41
61162,3,"{""single"":[""solutions/game_3/single/rest-111111/top"",""solutions/game_3/single/rest-011111/bot""]}","[1,1,1,1,1,1]","[0,1,1,1,1,1]",0,2,3,7,away_win,away,0,83
61162,4,"{""single"":[""solutions/game_4/single/rest-001011/top"",""solutions/game_4/single/rest-101010/bot""]}","[0,0,1,0,1,1]","[1,0,1,0,1,0]",0,3,7,11,away_win,away,1,87
61162,5,"{""single"":[""solutions/game_5/single/rest-110111/top"",""solutions/game_5/single/rest-011111/bot""]}","[1,1,0,1,1,1]","[0,1,1,1,1,1]",0,4,6,10,away_win,away,1,107
61163,1,"{""single"":[""solutions/game_1/single/rest-111111/top"",""solutions/game_1/single/rest-111111/bot""]}","[1,1,1,1,1,1]","[1,1,1,1,1,1]",0,0,5,9,away_win,away,0,89
61163,2,"{""single"":[""solutions/game_2/single/rest-111001/top"",""solutions/game_2/single/rest-001110/bot""]}","[1,1,1,0,0,1]","[0,0,1,1,1,0]",0,1,8,0,home_win,home,0,38
61163,3,"{""single"":[""solutions/game_3/single/rest-111111/top"",""solutions/game_3/single/rest-111111/bot""]}","[1,1,1,1,1,1]","[1,1,1,1,1,1]",1,1,1,3,away_win,away,0,88
61163,4,"{""single"":[""solutions/game_4/single/rest-011011/top"",""solutions/game_4/single/rest-011010/bot""]}","[0,1,1,0,1,1]","[0,1,1,0,1,0]",1,2,2,4,away_win,away,0,74
61163,5,"{""single"":[""solutions/game_5/single/rest-111100/top"",""solutions/game_5/single/rest-101101/bot""]}","[1,1,1,1,0,0]","[1,0,1,1,0,1]",1,3,1,10,away_win,away,1,44
61164,1,"{""single"":[""solutions/game_1/single/rest-111111/top"",""solutions/game_1/single/rest-111111/bot""]}","[1,1,1,1,1,1]","[1,1,1,1,1,1]",0,0,0,3,away_win,away,0,82
61164,2,"{""single"":[""solutions/game_2/single/rest-011010/top"",""solutions/game_2/single/rest-001010/bot""]}","[0,1,1,0,1,0]","[0,0,1,0,1,0]",0,1,2,4,away_win,away,0,75
61164,3,"{""single"":[""solutions/game_3/single/rest-111111/top"",""solutions/game_3/single/rest-010101/bot""]}","[1,1,1,1,1,1]","[0,1,0,1,0,1]",0,2,7,2,home_win,home,0,81
61164,4,"{""single"":[""solutions/game_4/single/rest-111011/top"",""solutions/game_4/single/rest-100010/bot""]}","[1,1,1,0,1,1]","[1,0,0,0,1,0]",1,2,10,4,home_win,home,0,88
61164,5,"{""single"":[""solutions/game_5/single/rest-011100/top"",""solutions/game_5/single/rest-011101/bot""]}","[0,1,1,1,0,0]","[0,1,1,1,0,1]",2,2,8,2,home_win,home,0,88
61165,1,"{""single"":[""solutions/game_1/single/rest-111111/top"",""solutions/game_1/single/rest-111111/bot""]}","[1,1,1,1,1,1]","[1,1,1,1,1,1]",0,0,4,1,home_win,home,0,79
61165,2,"{""single"":[""solutions/game_2/single/rest-110101/top"",""solutions/game_2/single/rest-001010/bot""]}","[1,1,0,1,0,1]","[0,0,1,0,1,0]",1,0,8,9,away_win,away,0,86
61165,3,"{""single"":[""solutions/game_3/single/rest-001100/top"",""solutions/game_3/single/rest-110101/bot""]}","[0,0,1,1,0,0]","[1,1,0,1,0,1]",1,1,2,3,away_win,away,0,81
61165,4,"{""single"":[""solutions/game_4/single/rest-111011/top"",""solutions/game_4/single/rest-011010/bot""]}","[1,1,1,0,1,1]","[0,1,1,0,1,0]",1,2,8,9,away_win,away,0,98
61165,5,"{""single"":[""solutions/game_5/single/rest-100100/top"",""solutions/game_5/single/rest-100110/bot""]}","[1,0,0,1,0,0]","[1,0,0,1,1,0]",1,3,2,13,away_win,away,1,81
61166,1,"{""single"":[""solutions/game_1/single/rest-111111/top"",""solutions/game_1/single/rest-111111/bot""]}","[1,1,1,1,1,1]","[1,1,1,1,1,1]",0,0,7,4,home_win,home,0,85
61166,2,"{""single"":[""solutions/game_2/single/rest-111000/top"",""solutions/game_2/single/rest-001111/bot""]}","[1,1,1,0,0,0]","[0,0,1,1,1,1]",1,0,5,1,home_win,home,0,81
61166,3,"{""single"":[""solutions/game_3/single/rest-010111/top"",""solutions/game_3/single/rest-111101/bot""]}","[0,1,0,1,1,1]","[1,1,1,1,0,1]",2,0,6,4,home_win,home,0,88
61166,4,"{""single"":[""solutions/game_4/single/rest-101000/top"",""solutions/game_4/single/rest-101010/bot""]}","[1,0,1,0,0,0]","[1,0,1,0,1,0]",3,0,3,9,away_win,away,1,78
61166,5,"{""single"":[""solutions/game_5/single/rest-010111/top"",""solutions/game_5/single/rest-010110/bot""]}","[0,1,0,1,1,1]","[0,1,0,1,1,0]",3,1,6,4,home_win,home,1,83
61167,1,"{""single"":[""solutions/game_1/single/rest-111111/top"",""solutions/game_1/single/rest-111111/bot""]}","[1,1,1,1,1,1]","[1,1,1,1,1,1]",0,0,2,5,away_win,away,0,88
61167,2,"{""single"":[""solutions/game_2/single/rest-010001/top"",""solutions/game_2/single/rest-001010/bot""]}","[0,1,0,0,0,1]","[0,0,1,0,1,0]",0,1,2,1,home_win,home,0,71
61167,3,"{""single"":[""solutions/game_3/single/rest-101010/top"",""solutions/game_3/single/rest-010101/bot""]}","[1,0,1,0,1,0]","[0,1,0,1,0,1]",1,1,4,3,home_win,home,0,69
61167,4,"{""single"":[""solutions/game_4/single/rest-110111/top"",""solutions/game_4/single/rest-101011/bot""]}","[1,1,0,1,1,1]","[1,0,1,0,1,1]",2,1,0,2,away_win,away,0,77
61167,5,"{""single"":[""solutions/game_5/single/rest-111000/top"",""solutions/game_5/single/rest-110111/bot""]}","[1,1,1,0,0,0]","[1,1,0,1,1,1]",2,2,0,5,away_win,away,0,81
61168,1,"{""single"":[""solutions/game_1/single/rest-111111/top"",""solutions/game_1/single/rest-111111/bot""]}","[1,1,1,1,1,1]","[1,1,1,1,1,1]",0,0,11,8,home_win,home,0,96
61168,2,"{""single"":[""solutions/game_2/single/rest-110011/top"",""solutions/game_2/single/rest-001000/bot""]}","[1,1,0,0,1,1]","[0,0,1,0,0,0]",1,0,6,5,home_win,home,0,84
61168,3,"{""single"":[""solutions/game_3/single/rest-111101/top"",""solutions/game_3/single/rest-111111/bot""]}","[1,1,1,1,0,1]","[1,1,1,1,1,1]",2,0,3,2,home_win,home,0,78
61168,4,"{""single"":[""solutions/game_4/single/rest-111101/top"",""solutions/game_4/single/rest-001010/bot""]}","[1,1,1,1,0,1]","[0,0,1,0,1,0]",3,0,11,3,home_win,home,1,55
61168,5,"{""single"":[""solutions/game_5/single/rest-011111/top"",""solutions/game_5/single/rest-111110/bot""]}","[0,1,1,1,1,1]","[1,1,1,1,1,0]",4,0,0,6,away_win,away,1,76
61169,1,"{""single"":[""solutions/game_1/single/rest-111111/top"",""solutions/game_1/single/rest-111111/bot""]}","[1,1,1,1,1,1]","[1,1,1,1,1,1]",0,0,1,8,away_win,away,0,80
61169,2,"{""single"":[""solutions/game_2/single/rest-011001/top"",""solutions/game_2/single/rest-111011/bot""]}","[0,1,1,0,0,1]","[1,1,1,0,1,1]",0,1,5,8,away_win,away,0,92
61169,3,"{""single"":[""solutions/game_3/single/rest-110111/top"",""solutions/game_3/single/rest-100100/bot""]}","[1,1,0,1,1,1]","[1,0,0,1,0,0]",0,2,3,5,away_win,away,0,82
61169,4,"{""single"":[""solutions/game_4/single/rest-011010/top"",""solutions/game_4/single/rest-011011/bot""]}","[0,1,1,0,1,0]","[0,1,1,0,1,1]",0,3,5,8,away_win,away,1,90
61169,5,"{""single"":[""solutions/game_5/single/rest-111001/top"",""solutions/game_5/single/rest-101111/bot""]}","[1,1,1,0,0,1]","[1,0,1,1,1,1]",0,4,0,9,away_win,away,1,66
61170,1,"{""single"":[""solutions/game_1/single/rest-111111/top"",""solutions/game_1/single/rest-111111/bot""]}","[1,1,1,1,1,1]","[1,1,1,1,1,1]",0,0,0,8,away_win,away,0,77
61170,2,"{""single"":[""solutions/game_2/single/rest-010011/top"",""solutions/game_2/single/rest-111010/bot""]}","[0,1,0,0,1,1]","[1,1,1,0,1,0]",0,1,6,7,away_win,away,0,90
61170,3,"{""single"":[""solutions/game_3/single/rest-011101/top"",""solutions/game_3/single/rest-100001/bot""]}","[0,1,1,1,0,1]","[1,0,0,0,0,1]",0,2,6,5,home_win,home,0,88
61170,4,"{""single"":[""solutions/game_4/single/rest-101110/top"",""solutions/game_4/single/rest-011110/bot""]}","[1,0,1,1,1,0]","[0,1,1,1,1,0]",1,2,9,3,home_win,home,0,82
61170,5,"{""single"":[""solutions/game_5/single/rest-101011/top"",""solutions/game_5/single/rest-101111/bot""]}","[1,0,1,0,1,1]","[1,0,1,1,1,1]",2,2,0,8,away_win,away,0,50
61171,1,"{""single"":[""solutions/game_1/single/rest-111111/top"",""solutions/game_1/single/rest-111111/bot""]}","[1,1,1,1,1,1]","[1,1,1,1,1,1]",0,0,3,4,away_win,away,0,93
61171,2,"{""single"":[""solutions/game_2/single/rest-110111/top"",""solutions/game_2/single/rest-000101/bot""]}","[1,1,0,1,1,1]","[0,0,0,1,0,1]",0,1,2,7,away_win,away,0,94
61171,3,"{""single"":[""solutions/game_3/single/rest-001011/top"",""solutions/game_3/single/rest-111011/bot""]}","[0,0,1,0,1,1]","[1,1,1,0,1,1]",0,2,5,1,home_win,home,0,69
61171,4,"{""single"":[""solutions/game_4/single/rest-111001/top"",""solutions/game_4/single/rest-010111/bot""]}","[1,1,1,0,0,1]","[0,1,0,1,1,1]",1,2,5,3,home_win,home,0,76
61171,5,"{""single"":[""solutions/game_5/single/rest-010111/top"",""solutions/game_5/single/rest-111010/bot""]}","[0,1,0,1,1,1]","[1,1,1,0,1,0]",2,2,3,6,away_win,away,0,89
61172,1,"{""single"":[""solutions/game_1/single/rest-111111/top"",""solutions/game_1/single/rest-111111/bot""]}","[1,1,1,1,1,1]","[1,1,1,1,1,1]",0,0,0,1,away_win,away,0,75
61172,2,"{""single"":[""solutions/game_2/single/rest-111101/top"",""solutions/game_2/single/rest-001110/bot""]}","[1,1,1,1,0,1]","[0,0,1,1,1,0]",0,1,2,4,away_win,away,0,81
61172,3,"{""single"":[""solutions/game_3/single/rest-010011/top"",""solutions/game_3/single/rest-110101/bot""]}","[0,1,0,0,1,1]","[1,1,0,1,0,1]",0,2,7,8,away_win,away,0,96
61172,4,"{""single"":[""solutions/game_4/single/rest-101100/top"",""solutions/game_4/single/rest-001111/bot""]}","[1,0,1,1,0,0]","[0,0,1,1,1,1]",0,3,2,5,away_win,away,1,85
61172,5,"{""single"":[""solutions/game_5/single/rest-011101/top"",""solutions/game_5/single/rest-111110/bot""]}","[0,1,1,1,0,1]","[1,1,1,1,1,0]",0,4,11,10,home_win,home,1,91
61173,1,"{""single"":[""solutions/game_1/single/rest-111111/top"",""solutions/game_1/single/rest-111111/bot""]}","[1,1,1,1,1,1]","[1,1,1,1,1,1]",0,0,3,10,away_win,away,0,91
61173,2,"{""single"":[""solutions/game_2/single/rest-111100/top"",""solutions/game_2/single/rest-001011/bot""]}","[1,1,1,1,0,0]","[0,0,1,0,1,1]",0,1,6,1,home_win,home,0,84
61173,3,"{""single"":[""solutions/game_3/single/rest-010011/top"",""solutions/game_3/single/rest-010100/bot""]}","[0,1,0,0,1,1]","[0,1,0,1,0,0]",1,1,5,8,away_win,away,0,87
61173,4,"{""single"":[""solutions/game_4/single/rest-100100/top"",""solutions/game_4/single/rest-110011/bot""]}","[1,0,0,1,0,0]","[1,1,0,0,1,1]",1,2,2,5,away_win,away,0,80
61173,5,"{""single"":[""solutions/game_5/single/rest-010011/top"",""solutions/game_5/single/rest-011111/bot""]}","[0,1,0,0,1,1]","[0,1,1,1,1,1]",1,3,8,4,home_win,home,1,87
61174,1,"{""single"":[""solutions/game_1/single/rest-111111/top"",""solutions/game_1/single/rest-111111/bot""]}","[1,1,1,1,1,1]","[1,1,1,1,1,1]",0,0,8,7,home_win,home,0,82
61174,2,"{""single"":[""solutions/game_2/single/rest-011111/top"",""solutions/game_2/single/rest-001010/bot""]}","[0,1,1,1,1,1]","[0,0,1,0,1,0]",1,0,8,6,home_win,home,0,87
61174,3,"{""single"":[""solutions/game_3/single/rest-110101/top"",""solutions/game_3/single/rest-111111/bot""]}","[1,1,0,1,0,1]","[1,1,1,1,1,1]",2,0,3,5,away_win,away,0,86
61174,4,"{""single"":[""solutions/game_4/single/rest-001011/top"",""solutions/game_4/single/rest-111011/bot""]}","[0,0,1,0,1,1]","[1,1,1,0,1,1]",2,1,5,13,away_win,away,0,79
61174,5,"{""single"":[""solutions/game_5/single/rest-100111/top"",""solutions/game_5/single/rest-111110/bot""]}","[1,0,0,1,1,1]","[1,1,1,1,1,0]",2,2,5,4,home_win,home,0,85
61175,1,"{""single"":[""solutions/game_1/single/rest-111111/top"",""solutions/game_1/single/rest-111111/bot""]}","[1,1,1,1,1,1]","[1,1,1,1,1,1]",0,0,1,3,away_win,away,0,76
61175,2,"{""single"":[""solutions/game_2/single/rest-011001/top"",""solutions/game_2/single/rest-011010/bot""]}","[0,1,1,0,0,1]","[0,1,1,0,1,0]",0,1,8,9,away_win,away,0,91
61175,3,"{""single"":[""solutions/game_3/single/rest-100111/top"",""solutions/game_3/single/rest-100101/bot""]}","[1,0,0,1,1,1]","[1,0,0,1,0,1]",0,2,6,2,home_win,home,0,77
61175,4,"{""single"":[""solutions/game_4/single/rest-011111/top"",""solutions/game_4/single/rest-111111/bot""]}","[0,1,1,1,1,1]","[1,1,1,1,1,1]",1,2,2,1,home_win,home,0,73
61175,5,"{""single"":[""solutions/game_5/single/rest-111000/top"",""solutions/game_5/single/rest-111110/bot""]}","[1,1,1,0,0,0]","[1,1,1,1,1,0]",2,2,9,10,away_win,away,0,109
61176,1,"{""single"":[""solutions/game_1/single/rest-111111/top"",""solutions/game_1/single/rest-111111/bot""]}","[1,1,1,1,1,1]","[1,1,1,1,1,1]",0,0,5,4,home_win,home,0,93
61176,2,"{""single"":[""solutions/game_2/single/rest-011101/top"",""solutions/game_2/single/rest-001011/bot""]}","[0,1,1,1,0,1]","[0,0,1,0,1,1]",1,0,5,1,home_win,home,0,77
61176,3,"{""single"":[""solutions/game_3/single/rest-110001/top"",""solutions/game_3/single/rest-111110/bot""]}","[1,1,0,0,0,1]","[1,1,1,1,1,0]",2,0,8,8,tie,away,0,98
61176,4,"{""single"":[""solutions/game_4/single/rest-001111/top"",""solutions/game_4/single/rest-100011/bot""]}","[0,0,1,1,1,1]","[1,0,0,0,1,1]",2,1,5,2,home_win,home,0,67
61176,5,"{""single"":[""solutions/game_5/single/rest-111001/top"",""solutions/game_5/single/rest-111110/bot""]}","[1,1,1,0,0,1]","[1,1,1,1,1,0]",3,1,4,4,tie,home,1,90
61177,1,"{""single"":[""solutions/game_1/single/rest-111111/top"",""solutions/game_1/single/rest-111111/bot""]}","[1,1,1,1,1,1]","[1,1,1,1,1,1]",0,0,2,5,away_win,away,0,79
61177,2,"{""single"":[""solutions/game_2/single/rest-111001/top"",""solutions/game_2/single/rest-011111/bot""]}","[1,1,1,0,0,1]","[0,1,1,1,1,1]",0,1,0,3,away_win,away,0,83
61177,3,"{""single"":[""solutions/game_3/single/rest-111111/top"",""solutions/game_3/single/rest-101100/bot""]}","[1,1,1,1,1,1]","[1,0,1,1,0,0]",0,2,3,8,away_win,away,0,86
61177,4,"{""single"":[""solutions/game_4/single/rest-000011/top"",""solutions/game_4/single/rest-010001/bot""]}","[0,0,0,0,1,1]","[0,1,0,0,0,1]",0,3,3,2,home_win,home,1,74
61177,5,"{""single"":[""solutions/game_5/single/rest-101100/top"",""solutions/game_5/single/rest-001110/bot""]}","[1,0,1,1,0,0]","[0,0,1,1,1,0]",1,3,0,5,away_win,away,1,80
61178,1,"{""single"":[""solutions/game_1/single/rest-111111/top"",""solutions/game_1/single/rest-111111/bot""]}","[1,1,1,1,1,1]","[1,1,1,1,1,1]",0,0,6,5,home_win,home,0,84
61178,2,"{""single"":[""solutions/game_2/single/rest-110001/top"",""solutions/game_2/single/rest-011010/bot""]}","[1,1,0,0,0,1]","[0,1,1,0,1,0]",1,0,7,3,home_win,home,0,81
61178,3,"{""single"":[""solutions/game_3/single/rest-111110/top"",""solutions/game_3/single/rest-101101/bot""]}","[1,1,1,1,1,0]","[1,0,1,1,0,1]",2,0,4,1,home_win,home,0,69
61178,4,"{""single"":[""solutions/game_4/single/rest-111111/top"",""solutions/game_4/single/rest-111110/bot""]}","[1,1,1,1,1,1]","[1,1,1,1,1,0]",3,0,8,2,home_win,home,1,81
61178,5,"{""single"":[""solutions/game_5/single/rest-110000/top"",""solutions/game_5/single/rest-011111/bot""]}","[1,1,0,0,0,0]","[0,1,1,1,1,1]",4,0,2,7,away_win,away,1,78
61179,1,"{""single"":[""solutions/game_1/single/rest-111111/top"",""solutions/game_1/single/rest-111111/bot""]}","[1,1,1,1,1,1]","[1,1,1,1,1,1]",0,0,3,6,away_win,away,0,87
61179,2,"{""single"":[""solutions/game_2/single/rest-011100/top"",""solutions/game_2/single/rest-111110/bot""]}","[0,1,1,1,0,0]","[1,1,1,1,1,0]",0,1,4,7,away_win,away,0,93
61179,3,"{""single"":[""solutions/game_3/single/rest-100011/top"",""solutions/game_3/single/rest-000011/bot""]}","[1,0,0,0,1,1]","[0,0,0,0,1,1]",0,2,3,9,away_win,away,0,84
61179,4,"{""single"":[""solutions/game_4/single/rest-011100/top"",""solutions/game_4/single/rest-101101/bot""]}","[0,1,1,1,0,0]","[1,0,1,1,0,1]",0,3,1,3,away_win,away,1,72
61179,5,"{""single"":[""solutions/game_5/single/rest-110111/top"",""solutions/game_5/single/rest-111110/bot""]}","[1,1,0,1,1,1]","[1,1,1,1,1,0]",0,4,4,3,home_win,home,1,81
61180,1,"{""single"":[""solutions/game_1/single/rest-111111/top"",""solutions/game_1/single/rest-111111/bot""]}","[1,1,1,1,1,1]","[1,1,1,1,1,1]",0,0,6,5,home_win,home,0,85
61180,2,"{""single"":[""solutions/game_2/single/rest-110011/top"",""solutions/game_2/single/rest-001010/bot""]}","[1,1,0,0,1,1]","[0,0,1,0,1,0]",1,0,8,1,home_win,home,0,77
61180,3,"{""single"":[""solutions/game_3/single/rest-111110/top"",""solutions/game_3/single/rest-111101/bot""]}","[1,1,1,1,1,0]","[1,1,1,1,0,1]",2,0,2,3,away_win,away,0,79
61180,4,"{""single"":[""solutions/game_4/single/rest-000011/top"",""solutions/game_4/single/rest-001010/bot""]}","[0,0,0,0,1,1]","[0,0,1,0,1,0]",2,1,5,6,away_win,away,0,87
61180,5,"{""single"":[""solutions/game_5/single/rest-111110/top"",""solutions/game_5/single/rest-110101/bot""]}","[1,1,1,1,1,0]","[1,1,0,1,0,1]",2,2,7,10,away_win,away,0,99
61181,1,"{""single"":[""solutions/game_1/single/rest-111111/top"",""solutions/game_1/single/rest-111111/bot""]}","[1,1,1,1,1,1]","[1,1,1,1,1,1]",0,0,9,5,home_win,home,0,86
61181,2,"{""single"":[""solutions/game_2/single/rest-010100/top"",""solutions/game_2/single/rest-001110/bot""]}","[0,1,0,1,0,0]","[0,0,1,1,1,0]",1,0,4,6,away_win,away,0,79
61181,3,"{""single"":[""solutions/game_3/single/rest-111001/top"",""solutions/game_3/single/rest-101001/bot""]}","[1,1,1,0,0,1]","[1,0,1,0,0,1]",1,1,4,5,away_win,away,0,85
61181,4,"{""single"":[""solutions/game_4/single/rest-000110/top"",""solutions/game_4/single/rest-010110/bot""]}","[0,0,0,1,1,0]","[0,1,0,1,1,0]",1,2,6,3,home_win,home,0,78
61181,5,"{""single"":[""solutions/game_5/single/rest-111011/top"",""solutions/game_5/single/rest-101101/bot""]}","[1,1,1,0,1,1]","[1,0,1,1,0,1]",2,2,3,2,home_win,home,0,82
61182,1,"{""single"":[""solutions/game_1/single/rest-111111/top"",""solutions/game_1/single/rest-111111/bot""]}","[1,1,1,1,1,1]","[1,1,1,1,1,1]",0,0,5,1,home_win,home,0,78
61182,2,"{""single"":[""solutions/game_2/single/rest-110001/top"",""solutions/game_2/single/rest-101011/bot""]}","[1,1,0,0,0,1]","[1,0,1,0,1,1]",1,0,3,2,home_win,home,0,75
61182,3,"{""single"":[""solutions/game_3/single/rest-001111/top"",""solutions/game_3/single/rest-011111/bot""]}","[0,0,1,1,1,1]","[0,1,1,1,1,1]",2,0,7,6,home_win,home,0,97
61182,4,"{""single"":[""solutions/game_4/single/rest-110000/top"",""solutions/game_4/single/rest-110001/bot""]}","[1,1,0,0,0,0]","[1,1,0,0,0,1]",3,0,3,7,away_win,away,1,82
61182,5,"{""single"":[""solutions/game_5/single/rest-001111/top"",""solutions/game_5/single/rest-101111/bot""]}","[0,0,1,1,1,1]","[1,0,1,1,1,1]",3,1,9,4,home_win,home,1,87
61183,1,"{""single"":[""solutions/game_1/single/rest-111111/top"",""solutions/game_1/single/rest-111111/bot""]}","[1,1,1,1,1,1]","[1,1,1,1,1,1]",0,0,7,9,away_win,away,0,93
61183,2,"{""single"":[""solutions/game_2/single/rest-010001/top"",""solutions/game_2/single/rest-011110/bot""]}","[0,1,0,0,0,1]","[0,1,1,1,1,0]",0,1,3,1,home_win,home,0,72
61183,3,"{""single"":[""solutions/game_3/single/rest-111110/top"",""solutions/game_3/single/rest-101101/bot""]}","[1,1,1,1,1,0]","[1,0,1,1,0,1]",1,1,3,7,away_win,away,0,93
61183,4,"{""single"":[""solutions/game_4/single/rest-110111/top"",""solutions/game_4/single/rest-011110/bot""]}","[1,1,0,1,1,1]","[0,1,1,1,1,0]",1,2,4,5,away_win,away,0,81
61183,5,"{""single"":[""solutions/game_5/single/rest-111110/top"",""solutions/game_5/single/rest-111111/bot""]}","[1,1,1,1,1,0]","[1,1,1,1,1,1]",1,3,2,4,away_win,away,1,78
61184,1,"{""single"":[""solutions/game_1/single/rest-111111/top"",""solutions/game_1/single/rest-111111/bot""]}","[1,1,1,1,1,1]","[1,1,1,1,1,1]",0,0,2,4,away_win,away,0,84
61184,2,"{""single"":[""solutions/game_2/single/rest-110001/top"",""solutions/game_2/single/rest-001010/bot""]}","[1,1,0,0,0,1]","[0,0,1,0,1,0]",0,1,0,9,away_win,away,0,56
61184,3,"{""single"":[""solutions/game_3/single/rest-111110/top"",""solutions/game_3/single/rest-111111/bot""]}","[1,1,1,1,1,0]","[1,1,1,1,1,1]",0,2,2,3,away_win,away,0,87
61184,4,"{""single"":[""solutions/game_4/single/rest-000101/top"",""solutions/game_4/single/rest-011110/bot""]}","[0,0,0,1,0,1]","[0,1,1,1,1,0]",0,3,0,3,away_win,away,1,74
61184,5,"{""single"":[""solutions/game_5/single/rest-111111/top"",""solutions/game_5/single/rest-101001/bot""]}","[1,1,1,1,1,1]","[1,0,1,0,0,1]",0,4,3,5,away_win,away,1,83
