sequence,game,policies,home_initial_rest,away_initial_rest,home_wins_before,away_wins_before,home_score,away_score,terminal_result,winner,post_clinch,decisions
8065,1,"{""series"":[""solutions/game_1/series/rest-111111/top"",""solutions/game_1/series/rest-111111/bot""],""single"":[""solutions/game_1/single/rest-111111/top"",""solutions/game_1/single/rest-111111/bot""]}","[1,1,1,1,1,1]","[1,1,1,1,1,1]",0,0,3,2,home_win,home,0,75
8065,2,"{""series"":[""solutions/game_2/series/home_wins_1/rest-110011/top"",""solutions/game_2/series/home_wins_1/rest-011010/bot""],""single"":[""solutions/game_2/single/rest-110011/top"",""solutions/game_2/single/rest-011010/bot""]}","[1,1,0,0,1,1]","[0,1,1,0,1,0]",1,0,5,14,away_win,away,0,64
8065,3,"{""series"":[""solutions/game_3/series/home_wins_1/rest-111101/top"",""solutions/game_3/series/home_wins_1/rest-101111/bot""],""single"":[""solutions/game_3/single/rest-111101/top"",""solutions/game_3/single/rest-101111/bot""]}","[1,1,1,1,0,1]","[1,0,1,1,1,1]",1,1,6,3,home_win,home,0,79
8065,4,"{""series"":[""solutions/game_4/series/home_wins_2/rest-010111/top"",""solutions/game_4/series/home_wins_2/rest-010010/bot""],""single"":[""solutions/game_4/single/rest-010111/top"",""solutions/game_4/single/rest-010010/bot""]}","[0,1,0,1,1,1]","[0,1,0,0,1,0]",2,1,3,2,home_win,home,0,72
8065,5,"{""series"":[""solutions/game_5/single/rest-111001/top"",""solutions/game_5/single/rest-101101/bot""],""single"":[""solutions/game_5/single/rest-111001/top"",""solutions/game_5/single/rest-101101/bot""]}","[1,1,1,0,0,1]","[1,0,1,1,0,1]",3,1,1,7,away_win,away,1,86
8066,1,"{""series"":[""solutions/game_1/series/rest-111111/top"",""solutions/game_1/series/rest-111111/bot""],""single"":[""solutions/game_1/single/rest-111111/top"",""solutions/game_1/single/rest-111111/bot""]}","[1,1,1,1,1,1]","[1,1,1,1,1,1]",0,0,4,3,home_win,home,0,80
8066,2,"{""series"":[""solutions/game_2/series/home_wins_1/rest-110111/top"",""solutions/game_2/series/home_wins_1/rest-001011/bot""],""single"":[""solutions/game_2/single/rest-110111/top"",""solutions/game_2/single/rest-001011/bot""]}","[1,1,0,1,1,1]","[0,0,1,0,1,1]",1,0,12,4,home_win,home,0,78
8066,3,"{""series"":[""solutions/game_3/series/home_wins_2/rest-111111/top"",""solutions/game_3/series/home_wins_2/rest-111100/bot""],""single"":[""solutions/game_3/single/rest-111111/top"",""solutions/game_3/single/rest-111100/bot""]}","[1,1,1,1,1,1]","[1,1,1,1,0,0]",2,0,6,6,tie,away,0,94
8066,4,"{""series"":[""solutions/game_4/series/home_wins_2/rest-110111/top"",""solutions/game_4/series/home_wins_2/rest-000110/bot""],""single"":[""solutions/game_4/single/rest-110111/top"",""solutions/game_4/single/rest-000110/bot""]}","[1,1,0,1,1,1]","[0,0,0,1,1,0]",2,1,3,5,away_win,away,0,86
8066,5,"{""series"":[""solutions/game_5/single/rest-111100/top"",""solutions/game_5/single/rest-111001/bot""],""single"":[""solutions/game_5/single/rest-111100/top"",""solutions/game_5/single/rest-111001/bot""]}","[1,1,1,1,0,0]","[1,1,1,0,0,1]",2,2,5,3,home_win,home,0,92
8067,1,"{""series"":[""solutions/game_1/series/rest-111111/top"",""solutions/game_1/series/rest-111111/bot""],""single"":[""solutions/game_1/single/rest-111111/top"",""solutions/game_1/single/rest-111111/bot""]}","[1,1,1,1,1,1]","[1,1,1,1,1,1]",0,0,3,1,home_win,home,0,73
8067,2,"{""series"":[""solutions/game_2/series/home_wins_1/rest-110001/top"",""solutions/game_2/series/home_wins_1/rest-001011/bot""],""single"":[""solutions/game_2/single/rest-110001/top"",""solutions/game_2/single/rest-001011/bot""]}","[1,1,0,0,0,1]","[0,0,1,0,1,1]",1,0,9,6,home_win,home,0,83
8067,3,"{""series"":[""solutions/game_3/series/home_wins_2/rest-000010/top"",""solutions/game_3/series/home_wins_2/rest-110110/bot""],""single"":[""solutions/game_3/single/rest-000010/top"",""solutions/game_3/single/rest-110110/bot""]}","[0,0,0,0,1,0]","[1,1,0,1,1,0]",2,0,10,2,home_win,home,0,67
8067,4,"{""series"":[""solutions/game_4/single/rest-111011/top"",""solutions/game_4/single/rest-001111/bot""],""single"":[""solutions/game_4/single/rest-111011/top"",""solutions/game_4/single/rest-001111/bot""]}","[1,1,1,0,1,1]","[0,0,1,1,1,1]",3,0,7,6,home_win,home,1,97
8067,5,"{""series"":[""solutions/game_5/single/rest-010101/top"",""solutions/game_5/single/rest-010000/bot""],""single"":[""solutions/game_5/single/rest-010101/top"",""solutions/game_5/single/rest-010000/bot""]}","[0,1,0,1,0,1]","[0,1,0,0,0,0]",4,0,7,4,home_win,home,1,87
8068,1,"{""series"":[""solutions/game_1/series/rest-111111/top"",""solutions/game_1/series/rest-111111/bot""],""single"":[""solutions/game_1/single/rest-111111/top"",""solutions/game_1/single/rest-111111/bot""]}","[1,1,1,1,1,1]","[1,1,1,1,1,1]",0,0,7,3,home_win,home,0,79
8068,2,"{""series"":[""solutions/game_2/series/home_wins_1/rest-110101/top"",""solutions/game_2/series/home_wins_1/rest-001110/bot""],""single"":[""solutions/game_2/single/rest-110101/top"",""solutions/game_2/single/rest-001110/bot""]}","[1,1,0,1,0,1]","[0,0,1,1,1,0]",1,0,9,0,home_win,home,0,66
8068,3,"{""series"":[""solutions/game_3/series/home_wins_2/rest-111011/top"",""solutions/game_3/series/home_wins_2/rest-110111/bot""],""single"":[""solutions/game_3/single/rest-111011/top"",""solutions/game_3/single/rest-110111/bot""]}","[1,1,1,0,1,1]","[1,1,0,1,1,1]",2,0,7,11,away_win,away,0,104
8068,4,"{""series"":[""solutions/game_4/series/home_wins_2/rest-000000/top"",""solutions/game_4/series/home_wins_2/rest-001000/bot""],""single"":[""solutions/game_4/single/rest-000000/top"",""solutions/game_4/single/rest-001000/bot""]}","[0,0,0,0,0,0]","[0,0,1,0,0,0]",2,1,8,4,home_win,home,0,84
8068,5,"{""series"":[""solutions/game_5/single/rest-011111/top"",""solutions/game_5/single/rest-111101/bot""],""single"":[""solutions/game_5/single/rest-011111/top"",""solutions/game_5/single/rest-111101/bot""]}","[0,1,1,1,1,1]","[1,1,1,1,0,1]",3,1,7,15,away_win,away,1,89
8069,1,"{""series"":[""solutions/game_1/series/rest-111111/top"",""solutions/game_1/series/rest-111111/bot""],""single"":[""solutions/game_1/single/rest-111111/top"",""solutions/game_1/single/rest-111111/bot""]}","[1,1,1,1,1,1]","[1,1,1,1,1,1]",0,0,4,3,home_win,home,0,74
8069,2,"{""series"":[""solutions/game_2/series/home_wins_1/rest-110011/top"",""solutions/game_2/series/home_wins_1/rest-001011/bot""],""single"":[""solutions/game_2/single/rest-110011/top"",""solutions/game_2/single/rest-001011/bot""]}","[1,1,0,0,1,1]","[0,0,1,0,1,1]",1,0,9,5,home_win,home,0,92
8069,3,"{""series"":[""solutions/game_3/series/home_wins_2/rest-011110/top"",""solutions/game_3/series/home_wins_2/rest-110111/bot""],""single"":[""solutions/game_3/single/rest-011110/top"",""solutions/game_3/single/rest-110111/bot""]}","[0,1,1,1,1,0]","[1,1,0,1,1,1]",2,0,1,3,away_win,away,0,77
8069,4,"{""series"":[""solutions/game_4/series/home_wins_2/rest-111011/top"",""solutions/game_4/series/home_wins_2/rest-001111/bot""],""single"":[""solutions/game_4/single/rest-111011/top"",""solutions/game_4/single/rest-001111/bot""]}","[1,1,1,0,1,1]","[0,0,1,1,1,1]",2,1,1,0,home_win,home,0,69
8069,5,"{""series"":[""solutions/game_5/single/rest-110101/top"",""solutions/game_5/single/rest-111010/bot""],""single"":[""solutions/game_5/single/rest-110101/top"",""solutions/game_5/single/rest-111010/bot""]}","[1,1,0,1,0,1]","[1,1,1,0,1,0]",3,1,5,2,home_win,home,1,76
8070,1,"{""series"":[""solutions/game_1/series/rest-111111/top"",""solutions/game_1/series/rest-111111/bot""],""single"":[""solutions/game_1/single/rest-111111/top"",""solutions/game_1/single/rest-111111/bot""]}","[1,1,1,1,1,1]","[1,1,1,1,1,1]",0,0,2,1,home_win,home,0,79
8070,2,"{""series"":[""solutions/game_2/series/home_wins_1/rest-011001/top"",""solutions/game_2/series/home_wins_1/rest-001011/bot""],""single"":[""solutions/game_2/single/rest-011001/top"",""solutions/game_2/single/rest-001011/bot""]}","[0,1,1,0,0,1]","[0,0,1,0,1,1]",1,0,0,7,away_win,away,0,79
8070,3,"{""series"":[""solutions/game_3/series/home_wins_1/rest-111111/top"",""solutions/game_3/series/home_wins_1/rest-010101/bot""],""single"":[""solutions/game_3/single/rest-111111/top"",""solutions/game_3/single/rest-010101/bot""]}","[1,1,1,1,1,1]","[0,1,0,1,0,1]",1,1,3,2,home_win,home,0,74
8070,4,"{""series"":[""solutions/game_4/series/home_wins_2/rest-110001/top"",""solutions/game_4/series/home_wins_2/rest-101011/bot""],""single"":[""solutions/game_4/single/rest-110001/top"",""solutions/game_4/single/rest-101011/bot""]}","[1,1,0,0,0,1]","[1,0,1,0,1,1]",2,1,4,3,home_win,home,0,74
8070,5,"{""series"":[""solutions/game_5/single/rest-101101/top"",""solutions/game_5/single/rest-011110/bot""],""single"":[""solutions/game_5/single/rest-101101/top"",""solutions/game_5/single/rest-011110/bot""]}","[1,0,1,1,0,1]","[0,1,1,1,1,0]",3,1,1,3,away_win,away,1,76
8071,1,"{""series"":[""solutions/game_1/series/rest-111111/top"",""solutions/game_1/series/rest-111111/bot""],""single"":[""solutions/game_1/single/rest-111111/top"",""solutions/game_1/single/rest-111111/bot""]}","[1,1,1,1,1,1]","[1,1,1,1,1,1]",0,0,8,5,home_win,home,0,84
8071,2,"{""series"":[""solutions/game_2/series/home_wins_1/rest-111111/top"",""solutions/game_2/series/home_wins_1/rest-100010/bot""],""single"":[""solutions/game_2/single/rest-111111/top"",""solutions/game_2/single/rest-100010/bot""]}","[1,1,1,1,1,1]","[1,0,0,0,1,0]",1,0,8,3,home_win,home,0,86
8071,3,"{""series"":[""solutions/game_3/series/home_wins_2/rest-011110/top"",""solutions/game_3/series/home_wins_2/rest-011100/bot""],""single"":[""solutions/game_3/single/rest-011110/top"",""solutions/game_3/single/rest-011100/bot""]}","[0,1,1,1,1,0]","[0,1,1,1,0,0]",2,0,0,5,away_win,away,0,76
8071,4,"{""series"":[""solutions/game_4/series/home_wins_2/rest-110111/top"",""solutions/game_4/series/home_wins_2/rest-111011/bot""],""single"":[""solutions/game_4/single/rest-110111/top"",""solutions/game_4/single/rest-111011/bot""]}","[1,1,0,1,1,1]","[1,1,1,0,1,1]",2,1,1,8,away_win,away,0,82
8071,5,"{""series"":[""solutions/game_5/single/rest-110110/top"",""solutions/game_5/single/rest-001001/bot""],""single"":[""solutions/game_5/single/rest-110110/top"",""solutions/game_5/single/rest-001001/bot""]}","[1,1,0,1,1,0]","[0,0,1,0,0,1]",2,2,1,0,home_win,home,0,72
8072,1,"{""series"":[""solutions/game_1/series/rest-111111/top"",""solutions/game_1/series/rest-111111/bot""],""single"":[""solutions/game_1/single/rest-111111/top"",""solutions/game_1/single/rest-111111/bot""]}","[1,1,1,1,1,1]","[1,1,1,1,1,1]",0,0,5,4,home_win,home,0,80
8072,2,"{""series"":[""solutions/game_2/series/home_wins_1/rest-111001/top"",""solutions/game_2/series/home_wins_1/rest-001010/bot""],""single"":[""solutions/game_2/single/rest-111001/top"",""solutions/game_2/single/rest-001010/bot""]}","[1,1,1,0,0,1]","[0,0,1,0,1,0]",1,0,4,5,away_win,away,0,78
8072,3,"{""series"":[""solutions/game_3/series/home_wins_1/rest-010011/top"",""solutions/game_3/series/home_wins_1/rest-111001/bot""],""single"":[""solutions/game_3/single/rest-010011/top"",""solutions/game_3/single/rest-111001/bot""]}","[0,1,0,0,1,1]","[1,1,1,0,0,1]",1,1,10,9,home_win,home,0,96
8072,4,"{""series"":[""solutions/game_4/series/home_wins_2/rest-111100/top"",""solutions/game_4/series/home_wins_2/rest-001110/bot""],""single"":[""solutions/game_4/single/rest-111100/top"",""solutions/game_4/single/rest-001110/bot""]}","[1,1,1,1,0,0]","[0,0,1,1,1,0]",2,1,4,5,away_win,away,0,80
8072,5,"{""series"":[""solutions/game_5/single/rest-010111/top"",""solutions/game_5/single/rest-110011/bot""],""single"":[""solutions/game_5/single/rest-010111/top"",""solutions/game_5/single/rest-110011/bot""]}","[0,1,0,1,1,1]","[1,1,0,0,1,1]",2,2,2,1,home_win,home,0,82
8073,1,"{""series"":[""solutions/game_1/series/rest-111111/top"",""solutions/game_1/series/rest-111111/bot""],""single"":[""solutions/game_1/single/rest-111111/top"",""solutions/game_1/single/rest-111111/bot""]}","[1,1,1,1,1,1]","[1,1,1,1,1,1]",0,0,5,1,home_win,home,0,74
8073,2,"{""series"":[""solutions/game_2/series/home_wins_1/rest-101111/top"",""solutions/game_2/series/home_wins_1/rest-001111/bot""],""single"":[""solutions/game_2/single/rest-101111/top"",""solutions/game_2/single/rest-001111/bot""]}","[1,0,1,1,1,1]","[0,0,1,1,1,1]",1,0,7,2,home_win,home,0,74
8073,3,"{""series"":[""solutions/game_3/series/home_wins_2/rest-101110/top"",""solutions/game_3/series/home_wins_2/rest-111010/bot""],""single"":[""solutions/game_3/single/rest-101110/top"",""solutions/game_3/single/rest-111010/bot""]}","[1,0,1,1,1,0]","[1,1,1,0,1,0]",2,0,6,1,home_win,home,0,71
8073,4,"{""series"":[""solutions/game_4/single/rest-111001/top"",""solutions/game_4/single/rest-011101/bot""],""single"":[""solutions/game_4/single/rest-111001/top"",""solutions/game_4/single/rest-011101/bot""]}","[1,1,1,0,0,1]","[0,1,1,1,0,1]",3,0,4,8,away_win,away,1,88
8073,5,"{""series"":[""solutions/game_5/single/rest-100111/top"",""solutions/game_5/single/rest-100111/bot""],""single"":[""solutions/game_5/single/rest-100111/top"",""solutions/game_5/single/rest-100111/bot""]}","[1,0,0,1,1,1]","[1,0,0,1,1,1]",3,1,3,12,away_win,away,1,89
8074,1,"{""series"":[""solutions/game_1/series/rest-111111/top"",""solutions/game_1/series/rest-111111/bot""],""single"":[""solutions/game_1/single/rest-111111/top"",""solutions/game_1/single/rest-111111/bot""]}","[1,1,1,1,1,1]","[1,1,1,1,1,1]",0,0,8,2,home_win,home,0,78
8074,2,"{""series"":[""solutions/game_2/series/home_wins_1/rest-101111/top"",""solutions/game_2/series/home_wins_1/rest-101010/bot""],""single"":[""solutions/game_2/single/rest-101111/top"",""solutions/game_2/single/rest-101010/bot""]}","[1,0,1,1,1,1]","[1,0,1,0,1,0]",1,0,1,8,away_win,away,0,85
8074,3,"{""series"":[""solutions/game_3/series/home_wins_1/rest-111100/top"",""solutions/game_3/series/home_wins_1/rest-111001/bot""],""single"":[""solutions/game_3/single/rest-111100/top"",""solutions/game_3/single/rest-111001/bot""]}","[1,1,1,1,0,0]","[1,1,1,0,0,1]",1,1,4,5,away_win,away,0,76
8074,4,"{""series"":[""solutions/game_4/series/home_wins_1/rest-101011/top"",""solutions/game_4/series/home_wins_1/rest-101110/bot""],""single"":[""solutions/game_4/single/rest-101011/top"",""solutions/game_4/single/rest-101110/bot""]}","[1,0,1,0,1,1]","[1,0,1,1,1,0]",1,2,9,1,home_win,home,0,73
8074,5,"{""series"":[""solutions/game_5/single/rest-011011/top"",""solutions/game_5/single/rest-111101/bot""],""single"":[""solutions/game_5/single/rest-011011/top"",""solutions/game_5/single/rest-111101/bot""]}","[0,1,1,0,1,1]","[1,1,1,1,0,1]",2,2,7,2,home_win,home,0,84
8075,1,"{""series"":[""solutions/game_1/series/rest-111111/top"",""solutions/game_1/series/rest-111111/bot""],""single"":[""solutions/game_1/single/rest-111111/top"",""solutions/game_1/single/rest-111111/bot""]}","[1,1,1,1,1,1]","[1,1,1,1,1,1]",0,0,0,10,away_win,away,0,68
8075,2,"{""series"":[""solutions/game_2/series/home_wins_0/rest-111111/top"",""solutions/game_2/series/home_wins_0/rest-101011/bot""],""single"":[""solutions/game_2/single/rest-111111/top"",""solutions/game_2/single/rest-101011/bot""]}","[1,1,1,1,1,1]","[1,0,1,0,1,1]",0,1,2,5,away_win,away,0,88
8075,3,"{""series"":[""solutions/game_3/series/home_wins_0/rest-111000/top"",""solutions/game_3/series/home_wins_0/rest-111100/bot""],""single"":[""solutions/game_3/single/rest-111000/top"",""solutions/game_3/single/rest-111100/bot""]}","[1,1,1,0,0,0]","[1,1,1,1,0,0]",0,2,5,0,home_win,home,0,72
8075,4,"{""series"":[""solutions/game_4/series/home_wins_1/rest-111111/top"",""solutions/game_4/series/home_wins_1/rest-001011/bot""],""single"":[""solutions/game_4/single/rest-111111/top"",""solutions/game_4/single/rest-001011/bot""]}","[1,1,1,1,1,1]","[0,0,1,0,1,1]",1,2,1,0,home_win,home,0,71
8075,5,"{""series"":[""solutions/game_5/single/rest-011111/top"",""solutions/game_5/single/rest-111101/bot""],""single"":[""solutions/game_5/single/rest-011111/top"",""solutions/game_5/single/rest-111101/bot""]}","[0,1,1,1,1,1]","[1,1,1,1,0,1]",2,2,3,2,home_win,home,0,87
8076,1,"{""series"":[""solutions/game_1/series/rest-111111/top"",""solutions/game_1/series/rest-111111/bot""],""single"":[""solutions/game_1/single/rest-111111/top"",""solutions/game_1/single/rest-111111/bot""]}","[1,1,1,1,1,1]","[1,1,1,1,1,1]",0,0,7,4,home_win,home,0,81
8076,2,"{""series"":[""solutions/game_2/series/home_wins_1/rest-101001/top"",""solutions/game_2/series/home_wins_1/rest-101111/bot""],""single"":[""solutions/game_2/single/rest-101001/top"",""solutions/game_2/single/rest-101111/bot""]}","[1,0,1,0,0,1]","[1,0,1,1,1,1]",1,0,0,3,away_win,away,0,76
8076,3,"{""series"":[""solutions/game_3/series/home_wins_1/rest-110011/top"",""solutions/game_3/series/home_wins_1/rest-111011/bot""],""single"":[""solutions/game_3/single/rest-110011/top"",""solutions/game_3/single/rest-111011/bot""]}","[1,1,0,0,1,1]","[1,1,1,0,1,1]",1,1,0,4,away_win,away,0,75
8076,4,"{""series"":[""solutions/game_4/series/home_wins_1/rest-111001/top"",""solutions/game_4/series/home_wins_1/rest-001101/bot""],""single"":[""solutions/game_4/single/rest-111001/top"",""solutions/game_4/single/rest-001101/bot""]}","[1,1,1,0,0,1]","[0,0,1,1,0,1]",1,2,5,7,away_win,away,0,87
8076,5,"{""series"":[""solutions/game_5/single/rest-110110/top"",""solutions/game_5/single/rest-110110/bot""],""single"":[""solutions/game_5/single/rest-110110/top"",""solutions/game_5/single/rest-110110/bot""]}","[1,1,0,1,1,0]","[1,1,0,1,1,0]",1,3,0,7,away_win,away,1,79
8077,1,"{""series"":[""solutions/game_1/series/rest-111111/top"",""solutions/game_1/series/rest-111111/bot""],""single"":[""solutions/game_1/single/rest-111111/top"",""solutions/game_1/single/rest-111111/bot""]}","[1,1,1,1,1,1]","[1,1,1,1,1,1]",0,0,3,8,away_win,away,0,82
8077,2,"{""series"":[""solutions/game_2/series/home_wins_0/rest-110011/top"",""solutions/game_2/series/home_wins_0/rest-111011/bot""],""single"":[""solutions/game_2/single/rest-110011/top"",""solutions/game_2/single/rest-111011/bot""]}","[1,1,0,0,1,1]","[1,1,1,0,1,1]",0,1,5,1,home_win,home,0,68
8077,3,"{""series"":[""solutions/game_3/series/home_wins_1/rest-111101/top"",""solutions/game_3/series/home_wins_1/rest-001011/bot""],""single"":[""solutions/game_3/single/rest-111101/top"",""solutions/game_3/single/rest-001011/bot""]}","[1,1,1,1,0,1]","[0,0,1,0,1,1]",1,1,1,9,away_win,away,0,88
8077,4,"{""series"":[""solutions/game_4/series/home_wins_1/rest-011110/top"",""solutions/game_4/series/home_wins_1/rest-111101/bot""],""single"":[""solutions/game_4/single/rest-011110/top"",""solutions/game_4/single/rest-111101/bot""]}","[0,1,1,1,1,0]","[1,1,1,1,0,1]",1,2,2,8,away_win,away,0,87
8077,5,"{""series"":[""solutions/game_5/single/rest-000000/top"",""solutions/game_5/single/rest-001010/bot""],""single"":[""solutions/game_5/single/rest-000000/top"",""solutions/game_5/single/rest-001010/bot""]}","[0,0,0,0,0,0]","[0,0,1,0,1,0]",1,3,3,5,away_win,away,1,80
8078,1,"{""series"":[""solutions/game_1/series/rest-111111/top"",""solutions/game_1/series/rest-111111/bot""],""single"":[""solutions/game_1/single/rest-111111/top"",""solutions/game_1/single/rest-111111/bot""]}","[1,1,1,1,1,1]","[1,1,1,1,1,1]",0,0,4,7,away_win,away,0,85
8078,2,"{""series"":[""solutions/game_2/series/home_wins_0/rest-111111/top"",""solutions/game_2/series/home_wins_0/rest-101110/bot""],""single"":[""solutions/game_2/single/rest-111111/top"",""solutions/game_2/single/rest-101110/bot""]}","[1,1,1,1,1,1]","[1,0,1,1,1,0]",0,1,0,4,away_win,away,0,89
8078,3,"{""series"":[""solutions/game_3/series/home_wins_0/rest-000111/top"",""solutions/game_3/series/home_wins_0/rest-010010/bot""],""single"":[""solutions/game_3/single/rest-000111/top"",""solutions/game_3/single/rest-010010/bot""]}","[0,0,0,1,1,1]","[0,1,0,0,1,0]",0,2,1,5,away_win,away,0,78
8078,4,"{""series"":[""solutions/game_4/single/rest-111000/top"",""solutions/game_4/single/rest-101100/bot""],""single"":[""solutions/game_4/single/rest-111000/top"",""solutions/game_4/single/rest-101100/bot""]}","[1,1,1,0,0,0]","[1,0,1,1,0,0]",0,3,0,8,away_win,away,1,19
8078,5,"{""series"":[""solutions/game_5/single/rest-111111/top"",""solutions/game_5/single/rest-111101/bot""],""single"":[""solutions/game_5/single/rest-111111/top"",""solutions/game_5/single/rest-111101/bot""]}","[1,1,1,1,1,1]","[1,1,1,1,0,1]",0,4,5,2,home_win,home,1,72
8079,1,"{""series"":[""solutions/game_1/series/rest-111111/top"",""solutions/game_1/series/rest-111111/bot""],""single"":[""solutions/game_1/single/rest-111111/top"",""solutions/game_1/single/rest-111111/bot""]}","[1,1,1,1,1,1]","[1,1,1,1,1,1]",0,0,5,4,home_win,home,0,85
8079,2,"{""series"":[""solutions/game_2/series/home_wins_1/rest-111011/top"",""solutions/game_2/series/home_wins_1/rest-011111/bot""],""single"":[""solutions/game_2/single/rest-111011/top"",""solutions/game_2/single/rest-011111/bot""]}","[1,1,1,0,1,1]","[0,1,1,1,1,1]",1,0,1,3,away_win,away,0,71
8079,3,"{""series"":[""solutions/game_3/series/home_wins_1/rest-110101/top"",""solutions/game_3/series/home_wins_1/rest-111011/bot""],""single"":[""solutions/game_3/single/rest-110101/top"",""solutions/game_3/single/rest-111011/bot""]}","[1,1,0,1,0,1]","[1,1,1,0,1,1]",1,1,3,3,tie,away,0,87
8079,4,"{""series"":[""solutions/game_4/series/home_wins_1/rest-011010/top"",""solutions/game_4/series/home_wins_1/rest-000010/bot""],""single"":[""solutions/game_4/single/rest-011010/top"",""solutions/game_4/single/rest-000010/bot""]}","[0,1,1,0,1,0]","[0,0,0,0,1,0]",1,2,11,7,home_win,home,0,93
8079,5,"{""series"":[""solutions/game_5/single/rest-101101/top"",""solutions/game_5/single/rest-111101/bot""],""single"":[""solutions/game_5/single/rest-101101/top"",""solutions/game_5/single/rest-111101/bot""]}","[1,0,1,1,0,1]","[1,1,1,1,0,1]",2,2,4,6,away_win,away,0,92
8080,1,"{""series"":[""solutions/game_1/series/rest-111111/top"",""solutions/game_1/series/rest-111111/bot""],""single"":[""solutions/game_1/single/rest-111111/top"",""solutions/game_1/single/rest-111111/bot""]}","[1,1,1,1,1,1]","[1,1,1,1,1,1]",0,0,3,0,home_win,home,0,75
8080,2,"{""series"":[""solutions/game_2/series/home_wins_1/rest-111011/top"",""solutions/game_2/series/home_wins_1/rest-101011/bot""],""single"":[""solutions/game_2/single/rest-111011/top"",""solutions/game_2/single/rest-101011/bot""]}","[1,1,1,0,1,1]","[1,0,1,0,1,1]",1,0,7,9,away_win,away,0,94
8080,3,"{""series"":[""solutions/game_3/series/home_wins_1/rest-011001/top"",""solutions/game_3/series/home_wins_1/rest-010101/bot""],""single"":[""solutions/game_3/single/rest-011001/top"",""solutions/game_3/single/rest-010101/bot""]}","[0,1,1,0,0,1]","[0,1,0,1,0,1]",1,1,5,8,away_win,away,0,88
8080,4,"{""series"":[""solutions/game_4/series/home_wins_1/rest-110101/top"",""solutions/game_4/series/home_wins_1/rest-001110/bot""],""single"":[""solutions/game_4/single/rest-110101/top"",""solutions/game_4/single/rest-001110/bot""]}","[1,1,0,1,0,1]","[0,0,1,1,1,0]",1,2,6,10,away_win,away,0,93
8080,5,"{""series"":[""solutions/game_5/single/rest-100011/top"",""solutions/game_5/single/rest-111110/bot""],""single"":[""solutions/game_5/single/rest-100011/top"",""solutions/game_5/single/rest-111110/bot""]}","[1,0,0,0,1,1]","[1,1,1,1,1,0]",1,3,5,8,away_win,away,1,82
8081,1,"{""series"":[""solutions/game_1/series/rest-111111/top"",""solutions/game_1/series/rest-111111/bot""],""single"":[""solutions/game_1/single/rest-111111/top"",""solutions/game_1/single/rest-111111/bot""]}","[1,1,1,1,1,1]","[1,1,1,1,1,1]",0,0,5,3,home_win,home,0,81
8081,2,"{""series"":[""solutions/game_2/series/home_wins_1/rest-011001/top"",""solutions/game_2/series/home_wins_1/rest-101110/bot""],""single"":[""solutions/game_2/single/rest-011001/top"",""solutions/game_2/single/rest-101110/bot""]}","[0,1,1,0,0,1]","[1,0,1,1,1,0]",1,0,2,5,away_win,away,0,80
8081,3,"{""series"":[""solutions/game_3/series/home_wins_1/rest-101100/top"",""solutions/game_3/series/home_wins_1/rest-010111/bot""],""single"":[""solutions/game_3/single/rest-101100/top"",""solutions/game_3/single/rest-010111/bot""]}","[1,0,1,1,0,0]","[0,1,0,1,1,1]",1,1,6,10,away_win,away,0,91
8081,4,"{""series"":[""solutions/game_4/series/home_wins_1/rest-101011/top"",""solutions/game_4/series/home_wins_1/rest-111110/bot""],""single"":[""solutions/game_4/single/rest-101011/top"",""solutions/game_4/single/rest-111110/bot""]}","[1,0,1,0,1,1]","[1,1,1,1,1,0]",1,2,7,1,home_win,home,0,79
8081,5,"{""series"":[""solutions/game_5/single/rest-111101/top"",""solutions/game_5/single/rest-000111/bot""],""single"":[""solutions/game_5/single/rest-111101/top"",""solutions/game_5/single/rest-000111/bot""]}","[1,1,1,1,0,1]","[0,0,0,1,1,1]",2,2,9,4,home_win,home,0,86
8082,1,"{""series"":[""solutions/game_1/series/rest-111111/top"",""solutions/game_1/series/rest-111111/bot""],""single"":[""solutions/game_1/single/rest-111111/top"",""solutions/game_1/single/rest-111111/bot""]}","[1,1,1,1,1,1]","[1,1,1,1,1,1]",0,0,9,4,home_win,home,0,84
8082,2,"{""series"":[""solutions/game_2/series/home_wins_1/rest-111111/top"",""solutions/game_2/series/home_wins_1/rest-100010/bot""],""single"":[""solutions/game_2/single/rest-111111/top"",""solutions/game_2/single/rest-100010/bot""]}","[1,1,1,1,1,1]","[1,0,0,0,1,0]",1,0,0,4,away_win,away,0,73
8082,3,"{""series"":[""solutions/game_3/series/home_wins_1/rest-111101/top"",""solutions/game_3/series/home_wins_1/rest-111111/bot""],""single"":[""solutions/game_3/single/rest-111101/top"",""solutions/game_3/single/rest-111111/bot""]}","[1,1,1,1,0,1]","[1,1,1,1,1,1]",1,1,10,2,home_win,home,0,41
8082,4,"{""series"":[""solutions/game_4/series/home_wins_2/rest-111111/top"",""solutions/game_4/series/home_wins_2/rest-111111/bot""],""single"":[""solutions/game_4/single/rest-111111/top"",""solutions/game_4/single/rest-111111/bot""]}","[1,1,1,1,1,1]","[1,1,1,1,1,1]",2,1,9,8,home_win,home,0,102
8082,5,"{""series"":[""solutions/game_5/single/rest-011010/top"",""solutions/game_5/single/rest-000110/bot""],""single"":[""solutions/game_5/single/rest-011010/top"",""solutions/game_5/single/rest-000110/bot""]}","[0,1,1,0,1,0]","[0,0,0,1,1,0]",3,1,3,5,away_win,away,1,84
8083,1,"{""series"":[""solutions/game_1/series/rest-111111/top"",""solutions/game_1/series/rest-111111/bot""],""single"":[""solutions/game_1/single/rest-111111/top"",""solutions/game_1/single/rest-111111/bot""]}","[1,1,1,1,1,1]","[1,1,1,1,1,1]",0,0,5,7,away_win,away,0,89
8083,2,"{""series"":[""solutions/game_2/series/home_wins_0/rest-011011/top"",""solutions/game_2/series/home_wins_0/rest-001000/bot""],""single"":[""solutions/game_2/single/rest-011011/top"",""solutions/game_2/single/rest-001000/bot""]}","[0,1,1,0,1,1]","[0,0,1,0,0,0]",0,1,5,2,home_win,home,0,74
8083,3,"{""series"":[""solutions/game_3/series/home_wins_1/rest-100111/top"",""solutions/game_3/series/home_wins_1/rest-010111/bot""],""single"":[""solutions/game_3/single/rest-100111/top"",""solutions/game_3/single/rest-010111/bot""]}","[1,0,0,1,1,1]","[0,1,0,1,1,1]",1,1,4,3,home_win,home,0,70
8083,4,"{""series"":[""solutions/game_4/series/home_wins_2/rest-011001/top"",""solutions/game_4/series/home_wins_2/rest-101011/bot""],""single"":[""solutions/game_4/single/rest-011001/top"",""solutions/game_4/single/rest-101011/bot""]}","[0,1,1,0,0,1]","[1,0,1,0,1,1]",2,1,7,3,home_win,home,0,85
8083,5,"{""series"":[""solutions/game_5/single/rest-101100/top"",""solutions/game_5/single/rest-001101/bot""],""single"":[""solutions/game_5/single/rest-101100/top"",""solutions/game_5/single/rest-001101/bot""]}","[1,0,1,1,0,0]","[0,0,1,1,0,1]",3,1,4,3,home_win,home,1,76
8084,1,"{""series"":[""solutions/game_1/series/rest-111111/top"",""solutions/game_1/series/rest-111111/bot""],""single"":[""solutions/game_1/single/rest-111111/top"",""solutions/game_1/single/rest-111111/bot""]}","[1,1,1,1,1,1]","[1,1,1,1,1,1]",0,0,0,5,away_win,away,0,77
8084,2,"{""series"":[""solutions/game_2/series/home_wins_0/rest-111100/top"",""solutions/game_2/series/home_wins_0/rest-011111/bot""],""single"":[""solutions/game_2/single/rest-111100/top"",""solutions/game_2/single/rest-011111/bot""]}","[1,1,1,1,0,0]","[0,1,1,1,1,1]",0,1,5,5,tie,away,0,96
8084,3,"{""series"":[""solutions/game_3/series/home_wins_0/rest-001111/top"",""solutions/game_3/series/home_wins_0/rest-110000/bot""],""single"":[""solutions/game_3/single/rest-001111/top"",""solutions/game_3/single/rest-110000/bot""]}","[0,0,1,1,1,1]","[1,1,0,0,0,0]",0,2,9,8,home_win,home,0,92
8084,4,"{""series"":[""solutions/game_4/series/home_wins_1/rest-110000/top"",""solutions/game_4/series/home_wins_1/rest-001011/bot""],""single"":[""solutions/game_4/single/rest-110000/top"",""solutions/game_4/single/rest-001011/bot""]}","[1,1,0,0,0,0]","[0,0,1,0,1,1]",1,2,3,6,away_win,away,0,85
8084,5,"{""series"":[""solutions/game_5/single/rest-001111/top"",""solutions/game_5/single/rest-011110/bot""],""single"":[""solutions/game_5/single/rest-001111/top"",""solutions/game_5/single/rest-011110/bot""]}","[0,0,1,1,1,1]","[0,1,1,1,1,0]",1,3,9,1,home_win,home,1,41
8085,1,"{""series"":[""solutions/game_1/series/rest-111111/top"",""solutions/game_1/series/rest-111111/bot""],""single"":[""solutions/game_1/single/rest-111111/top"",""solutions/game_1/single/rest-111111/bot""]}","[1,1,1,1,1,1]","[1,1,1,1,1,1]",0,0,3,1,home_win,home,0,72
8085,2,"{""series"":[""solutions/game_2/series/home_wins_1/rest-010111/top"",""solutions/game_2/series/home_wins_1/rest-101011/bot""],""single"":[""solutions/game_2/single/rest-010111/top"",""solutions/game_2/single/rest-101011/bot""]}","[0,1,0,1,1,1]","[1,0,1,0,1,1]",1,0,9,10,away_win,away,0,99
8085,3,"{""series"":[""solutions/game_3/series/home_wins_1/rest-101001/top"",""solutions/game_3/series/home_wins_1/rest-010101/bot""],""single"":[""solutions/game_3/single/rest-101001/top"",""solutions/game_3/single/rest-010101/bot""]}","[1,0,1,0,0,1]","[0,1,0,1,0,1]",1,1,9,3,home_win,home,0,80
8085,4,"{""series"":[""solutions/game_4/series/home_wins_2/rest-011111/top"",""solutions/game_4/series/home_wins_2/rest-111110/bot""],""single"":[""solutions/game_4/single/rest-011111/top"",""solutions/game_4/single/rest-111110/bot""]}","[0,1,1,1,1,1]","[1,1,1,1,1,0]",2,1,1,4,away_win,away,0,74
8085,5,"{""series"":[""solutions/game_5/single/rest-111110/top"",""solutions/game_5/single/rest-011111/bot""],""single"":[""solutions/game_5/single/rest-111110/top"",""solutions/game_5/single/rest-011111/bot""]}","[1,1,1,1,1,0]","[0,1,1,1,1,1]",2,2,4,3,home_win,home,0,83
8086,1,"{""series"":[""solutions/game_1/series/rest-111111/top"",""solutions/game_1/series/rest-111111/bot""],""single"":[""solutions/game_1/single/rest-111111/top"",""solutions/game_1/single/rest-111111/bot""]}","[1,1,1,1,1,1]","[1,1,1,1,1,1]",0,0,2,7,away_win,away,0,88
8086,2,"{""series"":[""solutions/game_2/series/home_wins_0/rest-011110/top"",""solutions/game_2/series/home_wins_0/rest-011010/bot""],""single"":[""solutions/game_2/single/rest-011110/top"",""solutions/game_2/single/rest-011010/bot""]}","[0,1,1,1,1,0]","[0,1,1,0,1,0]",0,1,3,12,away_win,away,0,75
8086,3,"{""series"":[""solutions/game_3/series/home_wins_0/rest-111101/top"",""solutions/game_3/series/home_wins_0/rest-110101/bot""],""single"":[""solutions/game_3/single/rest-111101/top"",""solutions/game_3/single/rest-110101/bot""]}","[1,1,1,1,0,1]","[1,1,0,1,0,1]",0,2,0,6,away_win,away,0,78
8086,4,"{""series"":[""solutions/game_4/single/rest-011010/top"",""solutions/game_4/single/rest-011110/bot""],""single"":[""solutions/game_4/single/rest-011010/top"",""solutions/game_4/single/rest-011110/bot""]}","[0,1,1,0,1,0]","[0,1,1,1,1,0]",0,3,13,3,home_win,home,1,57
8086,5,"{""series"":[""solutions/game_5/single/rest-111111/top"",""solutions/game_5/single/rest-100111/bot""],""single"":[""solutions/game_5/single/rest-111111/top"",""solutions/game_5/single/rest-100111/bot""]}","[1,1,1,1,1,1]","[1,0,0,1,1,1]",1,3,1,6,away_win,away,1,84
8087,1,"{""series"":[""solutions/game_1/series/rest-111111/top"",""solutions/game_1/series/rest-111111/bot""],""single"":[""solutions/game_1/single/rest-111111/top"",""solutions/game_1/single/rest-111111/bot""]}","[1,1,1,1,1,1]","[1,1,1,1,1,1]",0,0,4,3,home_win,home,0,74
8087,2,"{""series"":[""solutions/game_2/series/home_wins_1/rest-101001/top"",""solutions/game_2/series/home_wins_1/rest-101010/bot""],""single"":[""solutions/game_2/single/rest-101001/top"",""solutions/game_2/single/rest-101010/bot""]}","[1,0,1,0,0,1]","[1,0,1,0,1,0]",1,0,3,4,away_win,away,0,83
8087,3,"{""series"":[""solutions/game_3/series/home_wins_1/rest-001101/top"",""solutions/game_3/series/home_wins_1/rest-011101/bot""],""single"":[""solutions/game_3/single/rest-001101/top"",""solutions/game_3/single/rest-011101/bot""]}","[0,0,1,1,0,1]","[0,1,1,1,0,1]",1,1,5,4,home_win,home,0,75
8087,4,"{""series"":[""solutions/game_4/series/home_wins_2/rest-111010/top"",""solutions/game_4/series/home_wins_2/rest-111011/bot""],""single"":[""solutions/game_4/single/rest-111010/top"",""solutions/game_4/single/rest-111011/bot""]}","[1,1,1,0,1,0]","[1,1,1,0,1,1]",2,1,9,3,home_win,home,0,81
8087,5,"{""series"":[""solutions/game_5/single/rest-111101/top"",""solutions/game_5/single/rest-001110/bot""],""single"":[""solutions/game_5/single/rest-111101/top"",""solutions/game_5/single/rest-001110/bot""]}","[1,1,1,1,0,1]","[0,0,1,1,1,0]",3,1,8,0,home_win,home,1,35
8088,1,"{""series"":[""solutions/game_1/series/rest-111111/top"",""solutions/game_1/series/rest-111111/bot""],""single"":[""solutions/game_1/single/rest-111111/top"",""solutions/game_1/single/rest-111111/bot""]}","[1,1,1,1,1,1]","[1,1,1,1,1,1]",0,0,0,8,away_win,away,0,62
8088,2,"{""series"":[""solutions/game_2/series/home_wins_0/rest-111011/top"",""solutions/game_2/series/home_wins_0/rest-111111/bot""],""single"":[""solutions/game_2/single/rest-111011/top"",""solutions/game_2/single/rest-111111/bot""]}","[1,1,1,0,1,1]","[1,1,1,1,1,1]",0,1,2,6,away_win,away,0,88
8088,3,"{""series"":[""solutions/game_3/series/home_wins_0/rest-101011/top"",""solutions/game_3/series/home_wins_0/rest-001010/bot""],""single"":[""solutions/game_3/single/rest-101011/top"",""solutions/game_3/single/rest-001010/bot""]}","[1,0,1,0,1,1]","[0,0,1,0,1,0]",0,2,7,6,home_win,home,0,91
8088,4,"{""series"":[""solutions/game_4/series/home_wins_1/rest-011101/top"",""solutions/game_4/series/home_wins_1/rest-111111/bot""],""single"":[""solutions/game_4/single/rest-011101/top"",""solutions/game_4/single/rest-111111/bot""]}","[0,1,1,1,0,1]","[1,1,1,1,1,1]",1,2,4,3,home_win,home,0,72
8088,5,"{""series"":[""solutions/game_5/single/rest-110111/top"",""solutions/game_5/single/rest-011110/bot""],""single"":[""solutions/game_5/single/rest-110111/top"",""solutions/game_5/single/rest-011110/bot""]}","[1,1,0,1,1,1]","[0,1,1,1,1,0]",2,2,1,5,away_win,away,0,80
8089,1,"{""series"":[""solutions/game_1/series/rest-111111/top"",""solutions/game_1/series/rest-111111/bot""],""single"":[""solutions/game_1/single/rest-111111/top"",""solutions/game_1/single/rest-111111/bot""]}","[1,1,1,1,1,1]","[1,1,1,1,1,1]",0,0,3,1,home_win,home,0,67
8089,2,"{""series"":[""solutions/game_2/series/home_wins_1/rest-110011/top"",""solutions/game_2/series/home_wins_1/rest-001011/bot""],""single"":[""solutions/game_2/single/rest-110011/top"",""solutions/game_2/single/rest-001011/bot""]}","[1,1,0,0,1,1]","[0,0,1,0,1,1]",1,0,10,5,home_win,home,0,85
8089,3,"{""series"":[""solutions/game_3/series/home_wins_2/rest-111111/top"",""solutions/game_3/series/home_wins_2/rest-110011/bot""],""single"":[""solutions/game_3/single/rest-111111/top"",""solutions/game_3/single/rest-110011/bot""]}","[1,1,1,1,1,1]","[1,1,0,0,1,1]",2,0,6,2,home_win,home,0,85
8089,4,"{""series"":[""solutions/game_4/single/rest-110000/top"",""solutions/game_4/single/rest-001111/bot""],""single"":[""solutions/game_4/single/rest-110000/top"",""solutions/game_4/single/rest-001111/bot""]}","[1,1,0,0,0,0]","[0,0,1,1,1,1]",3,0,3,4,away_win,away,1,80
8089,5,"{""series"":[""solutions/game_5/single/rest-001110/top"",""solutions/game_5/single/rest-111011/bot""],""single"":[""solutions/game_5/single/rest-001110/top"",""solutions/game_5/single/rest-111011/bot""]}","[0,0,1,1,1,0]","[1,1,1,0,1,1]",3,1,7,3,home_win,home,1,83
8090,1,"{""series"":[""solutions/game_1/series/rest-111111/top"",""solutions/game_1/series/rest-111111/bot""],""single"":[""solutions/game_1/single/rest-111111/top"",""solutions/game_1/single/rest-111111/bot""]}","[1,1,1,1,1,1]","[1,1,1,1,1,1]",0,0,4,1,home_win,home,0,72
8090,2,"{""series"":[""solutions/game_2/series/home_wins_1/rest-111001/top"",""solutions/game_2/series/home_wins_1/rest-001011/bot""],""single"":[""solutions/game_2/single/rest-111001/top"",""solutions/game_2/single/rest-001011/bot""]}","[1,1,1,0,0,1]","[0,0,1,0,1,1]",1,0,4,1,home_win,home,0,79
8090,3,"{""series"":[""solutions/game_3/series/home_wins_2/rest-110111/top"",""solutions/game_3/series/home_wins_2/rest-110101/bot""],""single"":[""solutions/game_3/single/rest-110111/top"",""solutions/game_3/single/rest-110101/bot""]}","[1,1,0,1,1,1]","[1,1,0,1,0,1]",2,0,8,14,away_win,away,0,104
8090,4,"{""series"":[""solutions/game_4/series/home_wins_2/rest-100110/top"",""solutions/game_4/series/home_wins_2/rest-000011/bot""],""single"":[""solutions/game_4/single/rest-100110/top"",""solutions/game_4/single/rest-000011/bot""]}","[1,0,0,1,1,0]","[0,0,0,0,1,1]",2,1,5,2,home_win,home,0,68
8090,5,"{""series"":[""solutions/game_5/single/rest-110001/top"",""solutions/game_5/single/rest-111101/bot""],""single"":[""solutions/game_5/single/rest-110001/top"",""solutions/game_5/single/rest-111101/bot""]}","[1,1,0,0,0,1]","[1,1,1,1,0,1]",3,1,2,1,home_win,home,1,82
8091,1,"{""series"":[""solutions/game_1/series/rest-111111/top"",""solutions/game_1/series/rest-111111/bot""],""single"":[""solutions/game_1/single/rest-111111/top"",""solutions/game_1/single/rest-111111/bot""]}","[1,1,1,1,1,1]","[1,1,1,1,1,1]",0,0,5,11,away_win,away,0,100
8091,2,"{""series"":[""solutions/game_2/series/home_wins_0/rest-111011/top"",""solutions/game_2/series/home_wins_0/rest-011011/bot""],""single"":[""solutions/game_2/single/rest-111011/top"",""solutions/game_2/single/rest-011011/bot""]}","[1,1,1,0,1,1]","[0,1,1,0,1,1]",0,1,3,5,away_win,away,0,78
8091,3,"{""series"":[""solutions/game_3/series/home_wins_0/rest-011100/top"",""solutions/game_3/series/home_wins_0/rest-101100/bot""],""single"":[""solutions/game_3/single/rest-011100/top"",""solutions/game_3/single/rest-101100/bot""]}","[0,1,1,1,0,0]","[1,0,1,1,0,0]",0,2,0,3,away_win,away,0,72
8091,4,"{""series"":[""solutions/game_4/single/rest-100011/top"",""solutions/game_4/single/rest-010011/bot""],""single"":[""solutions/game_4/single/rest-100011/top"",""solutions/game_4/single/rest-010011/bot""]}","[1,0,0,0,1,1]","[0,1,0,0,1,1]",0,3,4,2,home_win,home,1,78
8091,5,"{""series"":[""solutions/game_5/single/rest-011101/top"",""solutions/game_5/single/rest-111100/bot""],""single"":[""solutions/game_5/single/rest-011101/top"",""solutions/game_5/single/rest-111100/bot""]}","[0,1,1,1,0,1]","[1,1,1,1,0,0]",1,3,4,5,away_win,away,1,85
8092,1,"{""series"":[""solutions/game_1/series/rest-111111/top"",""solutions/game_1/series/rest-111111/bot""],""single"":[""solutions/game_1/single/rest-111111/top"",""solutions/game_1/single/rest-111111/bot""]}","[1,1,1,1,1,1]","[1,1,1,1,1,1]",0,0,9,7,home_win,home,0,91
8092,2,"{""series"":[""solutions/game_2/series/home_wins_1/rest-010011/top"",""solutions/game_2/series/home_wins_1/rest-001010/bot""],""single"":[""solutions/game_2/single/rest-010011/top"",""solutions/game_2/single/rest-001010/bot""]}","[0,1,0,0,1,1]","[0,0,1,0,1,0]",1,0,7,2,home_win,home,0,74
8092,3,"{""series"":[""solutions/game_3/series/home_wins_2/rest-111000/top"",""solutions/game_3/series/home_wins_2/rest-111111/bot""],""single"":[""solutions/game_3/single/rest-111000/top"",""solutions/game_3/single/rest-111111/bot""]}","[1,1,1,0,0,0]","[1,1,1,1,1,1]",2,0,0,2,away_win,away,0,76
8092,4,"{""series"":[""solutions/game_4/series/home_wins_2/rest-001111/top"",""solutions/game_4/series/home_wins_2/rest-011010/bot""],""single"":[""solutions/game_4/single/rest-001111/top"",""solutions/game_4/single/rest-011010/bot""]}","[0,0,1,1,1,1]","[0,1,1,0,1,0]",2,1,9,11,away_win,away,0,100
8092,5,"{""series"":[""solutions/game_5/single/rest-111110/top"",""solutions/game_5/single/rest-110111/bot""],""single"":[""solutions/game_5/single/rest-111110/top"",""solutions/game_5/single/rest-110111/bot""]}","[1,1,1,1,1,0]","[1,1,0,1,1,1]",2,2,5,2,home_win,home,0,82
8093,1,"{""series"":[""solutions/game_1/series/rest-111111/top"",""solutions/game_1/series/rest-111111/bot""],""single"":[""solutions/game_1/single/rest-111111/top"",""solutions/game_1/single/rest-111111/bot""]}","[1,1,1,1,1,1]","[1,1,1,1,1,1]",0,0,9,6,home_win,home,0,90
8093,2,"{""series"":[""solutions/game_2/series/home_wins_1/rest-111111/top"",""solutions/game_2/series/home_wins_1/rest-011010/bot""],""single"":[""solutions/game_2/single/rest-111111/top"",""solutions/game_2/single/rest-011010/bot""]}","[1,1,1,1,1,1]","[0,1,1,0,1,0]",1,0,4,7,away_win,away,0,88
8093,3,"{""series"":[""solutions/game_3/series/home_wins_1/rest-101110/top"",""solutions/game_3/series/home_wins_1/rest-100001/bot""],""single"":[""solutions/game_3/single/rest-101110/top"",""solutions/game_3/single/rest-100001/bot""]}","[1,0,1,1,1,0]","[1,0,0,0,0,1]",1,1,6,5,home_win,home,0,84
8093,4,"{""series"":[""solutions/game_4/series/home_wins_2/rest-011111/top"",""solutions/game_4/series/home_wins_2/rest-110111/bot""],""single"":[""solutions/game_4/single/rest-011111/top"",""solutions/game_4/single/rest-110111/bot""]}","[0,1,1,1,1,1]","[1,1,0,1,1,1]",2,1,6,4,home_win,home,0,85
8093,5,"{""series"":[""solutions/game_5/single/rest-110000/top"",""solutions/game_5/single/rest-111110/bot""],""single"":[""solutions/game_5/single/rest-110000/top"",""solutions/game_5/single/rest-111110/bot""]}","[1,1,0,0,0,0]","[1,1,1,1,1,0]",3,1,0,3,away_win,away,1,76
8094,1,"{""series"":[""solutions/game_1/series/rest-111111/top"",""solutions/game_1/series/rest-111111/bot""],""single"":[""solutions/game_1/single/rest-111111/top"",""solutions/game_1/single/rest-111111/bot""]}","[1,1,1,1,1,1]","[1,1,1,1,1,1]",0,0,2,8,away_win,away,0,82
8094,2,"{""series"":[""solutions/game_2/series/home_wins_0/rest-110011/top"",""solutions/game_2/series/home_wins_0/rest-001011/bot""],""single"":[""solutions/game_2/single/rest-110011/top"",""solutions/game_2/single/rest-001011/bot""]}","[1,1,0,0,1,1]","[0,0,1,0,1,1]",0,1,8,3,home_win,home,0,74
8094,3,"{""series"":[""solutions/game_3/series/home_wins_1/rest-111100/top"",""solutions/game_3/series/home_wins_1/rest-010110/bot""],""single"":[""solutions/game_3/single/rest-111100/top"",""solutions/game_3/single/rest-010110/bot""]}","[1,1,1,1,0,0]","[0,1,0,1,1,0]",1,1,10,8,home_win,home,0,85
8094,4,"{""series"":[""solutions/game_4/series/home_wins_2/rest-010101/top"",""solutions/game_4/series/home_wins_2/rest-101101/bot""],""single"":[""solutions/game_4/single/rest-010101/top"",""solutions/game_4/single/rest-101101/bot""]}","[0,1,0,1,0,1]","[1,0,1,1,0,1]",2,1,2,11,away_win,away,0,78
8094,5,"{""series"":[""solutions/game_5/single/rest-110111/top"",""solutions/game_5/single/rest-111111/bot""],""single"":[""solutions/game_5/single/rest-110111/top"",""solutions/game_5/single/rest-111111/bot""]}","[1,1,0,1,1,1]","[1,1,1,1,1,1]",2,2,9,1,home_win,home,0,34
8095,1,"{""series"":[""solutions/game_1/series/rest-111111/top"",""solutions/game_1/series/rest-111111/bot""],""single"":[""solutions/game_1/single/rest-111111/top"",""solutions/game_1/single/rest-111111/bot""]}","[1,1,1,1,1,1]","[1,1,1,1,1,1]",0,0,1,3,away_win,away,0,74
8095,2,"{""series"":[""solutions/game_2/series/home_wins_0/rest-011011/top"",""solutions/game_2/series/home_wins_0/rest-011011/bot""],""single"":[""solutions/game_2/single/rest-011011/top"",""solutions/game_2/single/rest-011011/bot""]}","[0,1,1,0,1,1]","[0,1,1,0,1,1]",0,1,6,4,home_win,home,0,84
8095,3,"{""series"":[""solutions/game_3/series/home_wins_1/rest-111100/top"",""solutions/game_3/series/home_wins_1/rest-111100/bot""],""single"":[""solutions/game_3/single/rest-111100/top"",""solutions/game_3/single/rest-111100/bot""]}","[1,1,1,1,0,0]","[1,1,1,1,0,0]",1,1,2,1,home_win,home,0,81
8095,4,"{""series"":[""solutions/game_4/series/home_wins_2/rest-010011/top"",""solutions/game_4/series/home_wins_2/rest-000011/bot""],""single"":[""solutions/game_4/single/rest-010011/top"",""solutions/game_4/single/rest-000011/bot""]}","[0,1,0,0,1,1]","[0,0,0,0,1,1]",2,1,7,5,home_win,home,0,78
8095,5,"{""series"":[""solutions/game_5/single/rest-101011/top"",""solutions/game_5/single/rest-101110/bot""],""single"":[""solutions/game_5/single/rest-101011/top"",""solutions/game_5/single/rest-101110/bot""]}","[1,0,1,0,1,1]","[1,0,1,1,1,0]",3,1,9,3,home_win,home,1,84
8096,1,"{""series"":[""solutions/game_1/series/rest-111111/top"",""solutions/game_1/series/rest-111111/bot""],""single"":[""solutions/game_1/single/rest-111111/top"",""solutions/game_1/single/rest-111111/bot""]}","[1,1,1,1,1,1]","[1,1,1,1,1,1]",0,0,2,7,away_win,away,0,82
8096,2,"{""series"":[""solutions/game_2/series/home_wins_0/rest-011011/top"",""solutions/game_2/series/home_wins_0/rest-011110/bot""],""single"":[""solutions/game_2/single/rest-011011/top"",""solutions/game_2/single/rest-011110/bot""]}","[0,1,1,0,1,1]","[0,1,1,1,1,0]",0,1,0,9,away_win,away,0,32
8096,3,"{""series"":[""solutions/game_3/series/home_wins_0/rest-111111/top"",""solutions/game_3/series/home_wins_0/rest-111111/bot""],""single"":[""solutions/game_3/single/rest-111111/top"",""solutions/game_3/single/rest-111111/bot""]}","[1,1,1,1,1,1]","[1,1,1,1,1,1]",0,2,5,7,away_win,away,0,93
8096,4,"{""series"":[""solutions/game_4/single/rest-011001/top"",""solutions/game_4/single/rest-000010/bot""],""single"":[""solutions/game_4/single/rest-011001/top"",""solutions/game_4/single/rest-000010/bot""]}","[0,1,1,0,0,1]","[0,0,0,0,1,0]",0,3,11,5,home_win,home,1,87
8096,5,"{""series"":[""solutions/game_5/single/rest-101111/top"",""solutions/game_5/single/rest-111101/bot""],""single"":[""solutions/game_5/single/rest-101111/top"",""solutions/game_5/single/rest-111101/bot""]}","[1,0,1,1,1,1]","[1,1,1,1,0,1]",1,3,4,7,away_win,away,1,87
8097,1,"{""series"":[""solutions/game_1/series/rest-111111/top"",""solutions/game_1/series/rest-111111/bot""],""single"":[""solutions/game_1/single/rest-111111/top"",""solutions/game_1/single/rest-111111/bot""]}","[1,1,1,1,1,1]","[1,1,1,1,1,1]",0,0,2,9,away_win,away,0,82
8097,2,"{""series"":[""solutions/game_2/series/home_wins_0/rest-111111/top"",""solutions/game_2/series/home_wins_0/rest-001011/bot""],""single"":[""solutions/game_2/single/rest-111111/top"",""solutions/game_2/single/rest-001011/bot""]}","[1,1,1,1,1,1]","[0,0,1,0,1,1]",0,1,3,3,tie,home,0,88
8097,3,"{""series"":[""solutions/game_3/series/home_wins_1/rest-010001/top"",""solutions/game_3/series/home_wins_1/rest-110100/bot""],""single"":[""solutions/game_3/single/rest-010001/top"",""solutions/game_3/single/rest-110100/bot""]}","[0,1,0,0,0,1]","[1,1,0,1,0,0]",1,1,4,8,away_win,away,0,88
8097,4,"{""series"":[""solutions/game_4/series/home_wins_1/rest-101111/top"",""solutions/game_4/series/home_wins_1/rest-111011/bot""],""single"":[""solutions/game_4/single/rest-101111/top"",""solutions/game_4/single/rest-111011/bot""]}","[1,0,1,1,1,1]","[1,1,1,0,1,1]",1,2,4,5,away_win,away,0,81
8097,5,"{""series"":[""solutions/game_5/single/rest-110101/top"",""solutions/game_5/single/rest-011100/bot""],""single"":[""solutions/game_5/single/rest-110101/top"",""solutions/game_5/single/rest-011100/bot""]}","[1,1,0,1,0,1]","[0,1,1,1,0,0]",1,3,5,9,away_win,away,1,85
8098,1,"{""series"":[""solutions/game_1/series/rest-111111/top"",""solutions/game_1/series/rest-111111/bot""],""single"":[""solutions/game_1/single/rest-111111/top"",""solutions/game_1/single/rest-111111/bot""]}","[1,1,1,1,1,1]","[1,1,1,1,1,1]",0,0,8,4,home_win,home,0,80
8098,2,"{""series"":[""solutions/game_2/series/home_wins_1/rest-111000/top"",""solutions/game_2/series/home_wins_1/rest-001010/bot""],""single"":[""solutions/game_2/single/rest-111000/top"",""solutions/game_2/single/rest-001010/bot""]}","[1,1,1,0,0,0]","[0,0,1,0,1,0]",1,0,7,8,away_win,away,0,90
8098,3,"{""series"":[""solutions/game_3/series/home_wins_1/rest-011111/top"",""solutions/game_3/series/home_wins_1/rest-100101/bot""],""single"":[""solutions/game_3/single/rest-011111/top"",""solutions/game_3/single/rest-100101/bot""]}","[0,1,1,1,1,1]","[1,0,0,1,0,1]",1,1,7,5,home_win,home,0,82
8098,4,"{""series"":[""solutions/game_4/series/home_wins_2/rest-110001/top"",""solutions/game_4/series/home_wins_2/rest-101110/bot""],""single"":[""solutions/game_4/single/rest-110001/top"",""solutions/game_4/single/rest-101110/bot""]}","[1,1,0,0,0,1]","[1,0,1,1,1,0]",2,1,12,3,home_win,home,0,58
8098,5,"{""series"":[""solutions/game_5/single/rest-111011/top"",""solutions/game_5/single/rest-111001/bot""],""single"":[""solutions/game_5/single/rest-111011/top"",""solutions/game_5/single/rest-111001/bot""]}","[1,1,1,0,1,1]","[1,1,1,0,0,1]",3,1,8,5,home_win,home,1,87
8099,1,"{""series"":[""solutions/game_1/series/rest-111111/top"",""solutions/game_1/series/rest-111111/bot""],""single"":[""solutions/game_1/single/rest-111111/top"",""solutions/game_1/single/rest-111111/bot""]}","[1,1,1,1,1,1]","[1,1,1,1,1,1]",0,0,1,2,away_win,away,0,79
8099,2,"{""series"":[""solutions/game_2/series/home_wins_0/rest-011011/top"",""solutions/game_2/series/home_wins_0/rest-001111/bot""],""single"":[""solutions/game_2/single/rest-011011/top"",""solutions/game_2/single/rest-001111/bot""]}","[0,1,1,0,1,1]","[0,0,1,1,1,1]",0,1,0,8,away_win,away,0,41
8099,3,"{""series"":[""solutions/game_3/series/home_wins_0/rest-111111/top"",""solutions/game_3/series/home_wins_0/rest-111111/bot""],""single"":[""solutions/game_3/single/rest-111111/top"",""solutions/game_3/single/rest-111111/bot""]}","[1,1,1,1,1,1]","[1,1,1,1,1,1]",0,2,6,13,away_win,away,0,91
8099,4,"{""series"":[""solutions/game_4/single/rest-110001/top"",""solutions/game_4/single/rest-101111/bot""],""single"":[""solutions/game_4/single/rest-110001/top"",""solutions/game_4/single/rest-101111/bot""]}","[1,1,0,0,0,1]","[1,0,1,1,1,1]",0,3,8,5,home_win,home,1,88
8099,5,"{""series"":[""solutions/game_5/single/rest-001011/top"",""solutions/game_5/single/rest-010100/bot""],""single"":[""solutions/game_5/single/rest-001011/top"",""solutions/game_5/single/rest-010100/bot""]}","[0,0,1,0,1,1]","[0,1,0,1,0,0]",1,3,1,5,away_win,away,1,84
8100,1,"{""series"":[""solutions/game_1/series/rest-111111/top"",""solutions/game_1/series/rest-111111/bot""],""single"":[""solutions/game_1/single/rest-111111/top"",""solutions/game_1/single/rest-111111/bot""]}","[1,1,1,1,1,1]","[1,1,1,1,1,1]",0,0,0,8,away_win,away,0,33
8100,2,"{""series"":[""solutions/game_2/series/home_wins_0/rest-111111/top"",""solutions/game_2/series/home_wins_0/rest-111111/bot""],""single"":[""solutions/game_2/single/rest-111111/top"",""solutions/game_2/single/rest-111111/bot""]}","[1,1,1,1,1,1]","[1,1,1,1,1,1]",0,1,6,2,home_win,home,0,81
8100,3,"{""series"":[""solutions/game_3/series/home_wins_1/rest-111111/top"",""solutions/game_3/series/home_wins_1/rest-001101/bot""],""single"":[""solutions/game_3/single/rest-111111/top"",""solutions/game_3/single/rest-001101/bot""]}","[1,1,1,1,1,1]","[0,0,1,1,0,1]",1,1,10,3,home_win,home,0,85
8100,4,"{""series"":[""solutions/game_4/series/home_wins_2/rest-111110/top"",""solutions/game_4/series/home_wins_2/rest-110011/bot""],""single"":[""solutions/game_4/single/rest-111110/top"",""solutions/game_4/single/rest-110011/bot""]}","[1,1,1,1,1,0]","[1,1,0,0,1,1]",2,1,0,2,away_win,away,0,69
8100,5,"{""series"":[""solutions/game_5/single/rest-101111/top"",""solutions/game_5/single/rest-001111/bot""],""single"":[""solutions/game_5/single/rest-101111/top"",""solutions/game_5/single/rest-001111/bot""]}","[1,0,1,1,1,1]","[0,0,1,1,1,1]",2,2,0,8,away_win,away,0,80
8101,1,"{""series"":[""solutions/game_1/series/rest-111111/top"",""solutions/game_1/series/rest-111111/bot""],""single"":[""solutions/game_1/single/rest-111111/top"",""solutions/game_1/single/rest-111111/bot""]}","[1,1,1,1,1,1]","[1,1,1,1,1,1]",0,0,9,7,home_win,home,0,90
8101,2,"{""series"":[""solutions/game_2/series/home_wins_1/rest-110001/top"",""solutions/game_2/series/home_wins_1/rest-010011/bot""],""single"":[""solutions/game_2/single/rest-110001/top"",""solutions/game_2/single/rest-010011/bot""]}","[1,1,0,0,0,1]","[0,1,0,0,1,1]",1,0,3,1,home_win,home,0,73
8101,3,"{""series"":[""solutions/game_3/series/home_wins_2/rest-011110/top"",""solutions/game_3/series/home_wins_2/rest-111110/bot""],""single"":[""solutions/game_3/single/rest-011110/top"",""solutions/game_3/single/rest-111110/bot""]}","[0,1,1,1,1,0]","[1,1,1,1,1,0]",2,0,2,10,away_win,away,0,79
8101,4,"{""series"":[""solutions/game_4/series/home_wins_2/rest-111101/top"",""solutions/game_4/series/home_wins_2/rest-001011/bot""],""single"":[""solutions/game_4/single/rest-111101/top"",""solutions/game_4/single/rest-001011/bot""]}","[1,1,1,1,0,1]","[0,0,1,0,1,1]",2,1,2,5,away_win,away,0,79
8101,5,"{""series"":[""solutions/game_5/single/rest-101110/top"",""solutions/game_5/single/rest-100101/bot""],""single"":[""solutions/game_5/single/rest-101110/top"",""solutions/game_5/single/rest-100101/bot""]}","[1,0,1,1,1,0]","[1,0,0,1,0,1]",2,2,5,10,away_win,away,0,90
8102,1,"{""series"":[""solutions/game_1/series/rest-111111/top"",""solutions/game_1/series/rest-111111/bot""],""single"":[""solutions/game_1/single/rest-111111/top"",""solutions/game_1/single/rest-111111/bot""]}","[1,1,1,1,1,1]","[1,1,1,1,1,1]",0,0,5,6,away_win,away,0,78
8102,2,"{""series"":[""solutions/game_2/series/home_wins_0/rest-111011/top"",""solutions/game_2/series/home_wins_0/rest-010110/bot""],""single"":[""solutions/game_2/single/rest-111011/top"",""solutions/game_2/single/rest-010110/bot""]}","[1,1,1,0,1,1]","[0,1,0,1,1,0]",0,1,0,9,away_win,away,0,76
8102,3,"{""series"":[""solutions/game_3/series/home_wins_0/rest-111110/top"",""solutions/game_3/series/home_wins_0/rest-001011/bot""],""single"":[""solutions/game_3/single/rest-111110/top"",""solutions/game_3/single/rest-001011/bot""]}","[1,1,1,1,1,0]","[0,0,1,0,1,1]",0,2,0,8,away_win,away,0,30
8102,4,"{""series"":[""solutions/game_4/single/rest-111111/top"",""solutions/game_4/single/rest-111111/bot""],""single"":[""solutions/game_4/single/rest-111111/top"",""solutions/game_4/single/rest-111111/bot""]}","[1,1,1,1,1,1]","[1,1,1,1,1,1]",0,3,2,2,tie,home,1,96
8102,5,"{""series"":[""solutions/game_5/single/rest-111000/top"",""solutions/game_5/single/rest-000001/bot""],""single"":[""solutions/game_5/single/rest-111000/top"",""solutions/game_5/single/rest-000001/bot""]}","[1,1,1,0,0,0]","[0,0,0,0,0,1]",1,3,7,1,home_win,home,1,76
8103,1,"{""series"":[""solutions/game_1/series/rest-111111/top"",""solutions/game_1/series/rest-111111/bot""],""single"":[""solutions/game_1/single/rest-111111/top"",""solutions/game_1/single/rest-111111/bot""]}","[1,1,1,1,1,1]","[1,1,1,1,1,1]",0,0,4,5,away_win,away,0,85
8103,2,"{""series"":[""solutions/game_2/series/home_wins_0/rest-110001/top"",""solutions/game_2/series/home_wins_0/rest-111110/bot""],""single"":[""solutions/game_2/single/rest-110001/top"",""solutions/game_2/single/rest-111110/bot""]}","[1,1,0,0,0,1]","[1,1,1,1,1,0]",0,1,3,7,away_win,away,0,76
8103,3,"{""series"":[""solutions/game_3/series/home_wins_0/rest-111110/top"",""solutions/game_3/series/home_wins_0/rest-110111/bot""],""single"":[""solutions/game_3/single/rest-111110/top"",""solutions/game_3/single/rest-110111/bot""]}","[1,1,1,1,1,0]","[1,1,0,1,1,1]",0,2,4,3,home_win,home,0,88
8103,4,"{""series"":[""solutions/game_4/series/home_wins_1/rest-010001/top"",""solutions/game_4/series/home_wins_1/rest-011010/bot""],""single"":[""solutions/game_4/single/rest-010001/top"",""solutions/game_4/single/rest-011010/bot""]}","[0,1,0,0,0,1]","[0,1,1,0,1,0]",1,2,6,3,home_win,home,0,72
8103,5,"{""series"":[""solutions/game_5/single/rest-101110/top"",""solutions/game_5/single/rest-101111/bot""],""single"":[""solutions/game_5/single/rest-101110/top"",""solutions/game_5/single/rest-101111/bot""]}","[1,0,1,1,1,0]","[1,0,1,1,1,1]",2,2,12,7,home_win,home,0,94
8104,1,"{""series"":[""solutions/game_1/series/rest-111111/top"",""solutions/game_1/series/rest-111111/bot""],""single"":[""solutions/game_1/single/rest-111111/top"",""solutions/game_1/single/rest-111111/bot""]}","[1,1,1,1,1,1]","[1,1,1,1,1,1]",0,0,0,6,away_win,away,0,76
8104,2,"{""series"":[""solutions/game_2/series/home_wins_0/rest-111110/top"",""solutions/game_2/series/home_wins_0/rest-111110/bot""],""single"":[""solutions/game_2/single/rest-111110/top"",""solutions/game_2/single/rest-111110/bot""]}","[1,1,1,1,1,0]","[1,1,1,1,1,0]",0,1,0,8,away_win,away,0,44
8104,3,"{""series"":[""solutions/game_3/series/home_wins_0/rest-111111/top"",""solutions/game_3/series/home_wins_0/rest-111111/bot""],""single"":[""solutions/game_3/single/rest-111111/top"",""solutions/game_3/single/rest-111111/bot""]}","[1,1,1,1,1,1]","[1,1,1,1,1,1]",0,2,4,1,home_win,home,0,86
8104,4,"{""series"":[""solutions/game_4/series/home_wins_1/rest-000011/top"",""solutions/game_4/series/home_wins_1/rest-100110/bot""],""single"":[""solutions/game_4/single/rest-000011/top"",""solutions/game_4/single/rest-100110/bot""]}","[0,0,0,0,1,1]","[1,0,0,1,1,0]",1,2,7,4,home_win,home,0,81
8104,5,"{""series"":[""solutions/game_5/single/rest-011100/top"",""solutions/game_5/single/rest-111001/bot""],""single"":[""solutions/game_5/single/rest-011100/top"",""solutions/game_5/single/rest-111001/bot""]}","[0,1,1,1,0,0]","[1,1,1,0,0,1]",2,2,6,2,home_win,home,0,74
8105,1,"{""series"":[""solutions/game_1/series/rest-111111/top"",""solutions/game_1/series/rest-111111/bot""],""single"":[""solutions/game_1/single/rest-111111/top"",""solutions/game_1/single/rest-111111/bot""]}","[1,1,1,1,1,1]","[1,1,1,1,1,1]",0,0,3,1,home_win,home,0,76
8105,2,"{""series"":[""solutions/game_2/series/home_wins_1/rest-011001/top"",""solutions/game_2/series/home_wins_1/rest-001011/bot""],""single"":[""solutions/game_2/single/rest-011001/top"",""solutions/game_2/single/rest-001011/bot""]}","[0,1,1,0,0,1]","[0,0,1,0,1,1]",1,0,0,8,away_win,away,0,64
8105,3,"{""series"":[""solutions/game_3/series/home_wins_1/rest-111111/top"",""solutions/game_3/series/home_wins_1/rest-111101/bot""],""single"":[""solutions/game_3/single/rest-111111/top"",""solutions/game_3/single/rest-111101/bot""]}","[1,1,1,1,1,1]","[1,1,1,1,0,1]",1,1,9,6,home_win,home,0,98
8105,4,"{""series"":[""solutions/game_4/series/home_wins_2/rest-010001/top"",""solutions/game_4/series/home_wins_2/rest-000000/bot""],""single"":[""solutions/game_4/single/rest-010001/top"",""solutions/game_4/single/rest-000000/bot""]}","[0,1,0,0,0,1]","[0,0,0,0,0,0]",2,1,0,8,away_win,away,0,49
8105,5,"{""series"":[""solutions/game_5/single/rest-011111/top"",""solutions/game_5/single/rest-111111/bot""],""single"":[""solutions/game_5/single/rest-011111/top"",""solutions/game_5/single/rest-111111/bot""]}","[0,1,1,1,1,1]","[1,1,1,1,1,1]",2,2,7,2,home_win,home,0,84
8106,1,"{""series"":[""solutions/game_1/series/rest-111111/top"",""solutions/game_1/series/rest-111111/bot""],""single"":[""solutions/game_1/single/rest-111111/top"",""solutions/game_1/single/rest-111111/bot""]}","[1,1,1,1,1,1]","[1,1,1,1,1,1]",0,0,10,9,home_win,home,0,89
8106,2,"{""series"":[""solutions/game_2/series/home_wins_1/rest-110001/top"",""solutions/game_2/series/home_wins_1/rest-010010/bot""],""single"":[""solutions/game_2/single/rest-110001/top"",""solutions/game_2/single/rest-010010/bot""]}","[1,1,0,0,0,1]","[0,1,0,0,1,0]",1,0,1,7,away_win,away,0,77
8106,3,"{""series"":[""solutions/game_3/series/home_wins_1/rest-111111/top"",""solutions/game_3/series/home_wins_1/rest-101111/bot""],""single"":[""solutions/game_3/single/rest-111111/top"",""solutions/game_3/single/rest-101111/bot""]}","[1,1,1,1,1,1]","[1,0,1,1,1,1]",1,1,4,3,home_win,home,0,87
8106,4,"{""series"":[""solutions/game_4/series/home_wins_2/rest-010101/top"",""solutions/game_4/series/home_wins_2/rest-110001/bot""],""single"":[""solutions/game_4/single/rest-010101/top"",""solutions/game_4/single/rest-110001/bot""]}","[0,1,0,1,0,1]","[1,1,0,0,0,1]",2,1,6,4,home_win,home,0,85
8106,5,"{""series"":[""solutions/game_5/single/rest-001010/top"",""solutions/game_5/single/rest-011110/bot""],""single"":[""solutions/game_5/single/rest-001010/top"",""solutions/game_5/single/rest-011110/bot""]}","[0,0,1,0,1,0]","[0,1,1,1,1,0]",3,1,5,7,away_win,away,1,96
8107,1,"{""series"":[""solutions/game_1/series/rest-111111/top"",""solutions/game_1/series/rest-111111/bot""],""single"":[""solutions/game_1/single/rest-111111/top"",""solutions/game_1/single/rest-111111/bot""]}","[1,1,1,1,1,1]","[1,1,1,1,1,1]",0,0,3,4,away_win,away,0,90
8107,2,"{""series"":[""solutions/game_2/series/home_wins_0/rest-100001/top"",""solutions/game_2/series/home_wins_0/rest-001010/bot""],""single"":[""solutions/game_2/single/rest-100001/top"",""solutions/game_2/single/rest-001010/bot""]}","[1,0,0,0,0,1]","[0,0,1,0,1,0]",0,1,2,8,away_win,away,0,85
8107,3,"{""series"":[""solutions/game_3/series/home_wins_0/rest-111101/top"",""solutions/game_3/series/home_wins_0/rest-111101/bot""],""single"":[""solutions/game_3/single/rest-111101/top"",""solutions/game_3/single/rest-111101/bot""]}","[1,1,1,1,0,1]","[1,1,1,1,0,1]",0,2,3,5,away_win,away,0,86
8107,4,"{""series"":[""solutions/game_4/single/rest-110001/top"",""solutions/game_4/single/rest-101011/bot""],""single"":[""solutions/game_4/single/rest-110001/top"",""solutions/game_4/single/rest-101011/bot""]}","[1,1,0,0,0,1]","[1,0,1,0,1,1]",0,3,3,2,home_win,home,1,80
8107,5,"{""series"":[""solutions/game_5/single/rest-011010/top"",""solutions/game_5/single/rest-011011/bot""],""single"":[""solutions/game_5/single/rest-011010/top"",""solutions/game_5/single/rest-011011/bot""]}","[0,1,1,0,1,0]","[0,1,1,0,1,1]",1,3,2,1,home_win,home,1,75
8108,1,"{""series"":[""solutions/game_1/series/rest-111111/top"",""solutions/game_1/series/rest-111111/bot""],""single"":[""solutions/game_1/single/rest-111111/top"",""solutions/game_1/single/rest-111111/bot""]}","[1,1,1,1,1,1]","[1,1,1,1,1,1]",0,0,9,8,home_win,home,0,90
8108,2,"{""series"":[""solutions/game_2/series/home_wins_1/rest-011101/top"",""solutions/game_2/series/home_wins_1/rest-011000/bot""],""single"":[""solutions/game_2/single/rest-011101/top"",""solutions/game_2/single/rest-011000/bot""]}","[0,1,1,1,0,1]","[0,1,1,0,0,0]",1,0,5,1,home_win,home,0,77
8108,3,"{""series"":[""solutions/game_3/series/home_wins_2/rest-111111/top"",""solutions/game_3/series/home_wins_2/rest-001111/bot""],""single"":[""solutions/game_3/single/rest-111111/top"",""solutions/game_3/single/rest-001111/bot""]}","[1,1,1,1,1,1]","[0,0,1,1,1,1]",2,0,7,6,home_win,home,0,83
8108,4,"{""series"":[""solutions/game_4/single/rest-001110/top"",""solutions/game_4/single/rest-111010/bot""],""single"":[""solutions/game_4/single/rest-001110/top"",""solutions/game_4/single/rest-111010/bot""]}","[0,0,1,1,1,0]","[1,1,1,0,1,0]",3,0,4,7,away_win,away,1,85
8108,5,"{""series"":[""solutions/game_5/single/rest-110111/top"",""solutions/game_5/single/rest-011101/bot""],""single"":[""solutions/game_5/single/rest-110111/top"",""solutions/game_5/single/rest-011101/bot""]}","[1,1,0,1,1,1]","[0,1,1,1,0,1]",3,1,4,5,away_win,away,1,78
8109,1,"{""series"":[""solutions/game_1/series/rest-111111/top"",""solutions/game_1/series/rest-111111/bot""],""single"":[""solutions/game_1/single/rest-111111/top"",""solutions/game_1/single/rest-111111/bot""]}","[1,1,1,1,1,1]","[1,1,1,1,1,1]",0,0,2,6,away_win,away,0,82
8109,2,"{""series"":[""solutions/game_2/series/home_wins_0/rest-111110/top"",""solutions/game_2/series/home_wins_0/rest-001010/bot""],""single"":[""solutions/game_2/single/rest-111110/top"",""solutions/game_2/single/rest-001010/bot""]}","[1,1,1,1,1,0]","[0,0,1,0,1,0]",0,1,3,4,away_win,away,0,79
8109,3,"{""series"":[""solutions/game_3/series/home_wins_0/rest-010011/top"",""solutions/game_3/series/home_wins_0/rest-110101/bot""],""single"":[""solutions/game_3/single/rest-010011/top"",""solutions/game_3/single/rest-110101/bot""]}","[0,1,0,0,1,1]","[1,1,0,1,0,1]",0,2,9,3,home_win,home,0,81
8109,4,"{""series"":[""solutions/game_4/series/home_wins_1/rest-101011/top"",""solutions/game_4/series/home_wins_1/rest-111110/bot""],""single"":[""solutions/game_4/single/rest-101011/top"",""solutions/game_4/single/rest-111110/bot""]}","[1,0,1,0,1,1]","[1,1,1,1,1,0]",1,2,6,5,home_win,home,0,82
8109,5,"{""series"":[""solutions/game_5/single/rest-111101/top"",""solutions/game_5/single/rest-100101/bot""],""single"":[""solutions/game_5/single/rest-111101/top"",""solutions/game_5/single/rest-100101/bot""]}","[1,1,1,1,0,1]","[1,0,0,1,0,1]",2,2,7,6,home_win,home,0,93
8110,1,"{""series"":[""solutions/game_1/series/rest-111111/top"",""solutions/game_1/series/rest-111111/bot""],""single"":[""solutions/game_1/single/rest-111111/top"",""solutions/game_1/single/rest-111111/bot""]}","[1,1,1,1,1,1]","[1,1,1,1,1,1]",0,0,6,2,home_win,home,0,73
8110,2,"{""series"":[""solutions/game_2/series/home_wins_1/rest-101111/top"",""solutions/game_2/series/home_wins_1/rest-101111/bot""],""single"":[""solutions/game_2/single/rest-101111/top"",""solutions/game_2/single/rest-101111/bot""]}","[1,0,1,1,1,1]","[1,0,1,1,1,1]",1,0,3,2,home_win,home,0,79
8110,3,"{""series"":[""solutions/game_3/series/home_wins_2/rest-111101/top"",""solutions/game_3/series/home_wins_2/rest-111111/bot""],""single"":[""solutions/game_3/single/rest-111101/top"",""solutions/game_3/single/rest-111111/bot""]}","[1,1,1,1,0,1]","[1,1,1,1,1,1]",2,0,2,4,away_win,away,0,83
8110,4,"{""series"":[""solutions/game_4/series/home_wins_2/rest-101111/top"",""solutions/game_4/series/home_wins_2/rest-101010/bot""],""single"":[""solutions/game_4/single/rest-101111/top"",""solutions/game_4/single/rest-101010/bot""]}","[1,0,1,1,1,1]","[1,0,1,0,1,0]",2,1,5,3,home_win,home,0,80
8110,5,"{""series"":[""solutions/game_5/single/rest-111100/top"",""solutions/game_5/single/rest-010001/bot""],""single"":[""solutions/game_5/single/rest-111100/top"",""solutions/game_5/single/rest-010001/bot""]}","[1,1,1,1,0,0]","[0,1,0,0,0,1]",3,1,5,4,home_win,home,1,83
8111,1,"{""series"":[""solutions/game_1/series/rest-111111/top"",""solutions/game_1/series/rest-111111/bot""],""single"":[""solutions/game_1/single/rest-111111/top"",""solutions/game_1/single/rest-111111/bot""]}","[1,1,1,1,1,1]","[1,1,1,1,1,1]",0,0,0,2,away_win,away,0,77
8111,2,"{""series"":[""solutions/game_2/series/home_wins_0/rest-111011/top"",""solutions/game_2/series/home_wins_0/rest-001010/bot""],""single"":[""solutions/game_2/single/rest-111011/top"",""solutions/game_2/single/rest-001010/bot""]}","[1,1,1,0,1,1]","[0,0,1,0,1,0]",0,1,1,9,away_win,away,0,79
8111,3,"{""series"":[""solutions/game_3/series/home_wins_0/rest-110101/top"",""solutions/game_3/series/home_wins_0/rest-111111/bot""],""single"":[""solutions/game_3/single/rest-110101/top"",""solutions/game_3/single/rest-111111/bot""]}","[1,1,0,1,0,1]","[1,1,1,1,1,1]",0,2,1,9,away_win,away,0,79
8111,4,"{""series"":[""solutions/game_4/single/rest-101010/top"",""solutions/game_4/single/rest-001111/bot""],""single"":[""solutions/game_4/single/rest-101010/top"",""solutions/game_4/single/rest-001111/bot""]}","[1,0,1,0,1,0]","[0,0,1,1,1,1]",0,3,7,7,tie,home,1,97
8111,5,"{""series"":[""solutions/game_5/single/rest-010100/top"",""solutions/game_5/single/rest-110010/bot""],""single"":[""solutions/game_5/single/rest-010100/top"",""solutions/game_5/single/rest-110010/bot""]}","[0,1,0,1,0,0]","[1,1,0,0,1,0]",1,3,1,4,away_win,away,1,83
8112,1,"{""series"":[""solutions/game_1/series/rest-111111/top"",""solutions/game_1/series/rest-111111/bot""],""single"":[""solutions/game_1/single/rest-111111/top"",""solutions/game_1/single/rest-111111/bot""]}","[1,1,1,1,1,1]","[1,1,1,1,1,1]",0,0,1,2,away_win,away,0,82
8112,2,"{""series"":[""solutions/game_2/series/home_wins_0/rest-111001/top"",""solutions/game_2/series/home_wins_0/rest-111001/bot""],""single"":[""solutions/game_2/single/rest-111001/top"",""solutions/game_2/single/rest-111001/bot""]}","[1,1,1,0,0,1]","[1,1,1,0,0,1]",0,1,5,4,home_win,home,0,91
8112,3,"{""series"":[""solutions/game_3/series/home_wins_1/rest-000111/top"",""solutions/game_3/series/home_wins_1/rest-011010/bot""],""single"":[""solutions/game_3/single/rest-000111/top"",""solutions/game_3/single/rest-011010/bot""]}","[0,0,0,1,1,1]","[0,1,1,0,1,0]",1,1,4,5,away_win,away,0,82
8112,4,"{""series"":[""solutions/game_4/series/home_wins_1/rest-111101/top"",""solutions/game_4/series/home_wins_1/rest-011111/bot""],""single"":[""solutions/game_4/single/rest-111101/top"",""solutions/game_4/single/rest-011111/bot""]}","[1,1,1,1,0,1]","[0,1,1,1,1,1]",1,2,2,5,away_win,away,0,81
8112,5,"{""series"":[""solutions/game_5/single/rest-010011/top"",""solutions/game_5/single/rest-100111/bot""],""single"":[""solutions/game_5/single/rest-010011/top"",""solutions/game_5/single/rest-100111/bot""]}","[0,1,0,0,1,1]","[1,0,0,1,1,1]",1,3,4,10,away_win,away,1,87
8113,1,"{""series"":[""solutions/game_1/series/rest-111111/top"",""solutions/game_1/series/rest-111111/bot""],""single"":[""solutions/game_1/single/rest-111111/top"",""solutions/game_1/single/rest-111111/bot""]}","[1,1,1,1,1,1]","[1,1,1,1,1,1]",0,0,2,1,home_win,home,0,81
8113,2,"{""series"":[""solutions/game_2/series/home_wins_1/rest-011101/top"",""solutions/game_2/series/home_wins_1/rest-011011/bot""],""single"":[""solutions/game_2/single/rest-011101/top"",""solutions/game_2/single/rest-011011/bot""]}","[0,1,1,1,0,1]","[0,1,1,0,1,1]",1,0,8,4,home_win,home,0,71
8113,3,"{""series"":[""solutions/game_3/series/home_wins_2/rest-111111/top"",""solutions/game_3/series/home_wins_2/rest-110111/bot""],""single"":[""solutions/game_3/single/rest-111111/top"",""solutions/game_3/single/rest-110111/bot""]}","[1,1,1,1,1,1]","[1,1,0,1,1,1]",2,0,4,2,home_win,home,0,73
8113,4,"{""series"":[""solutions/game_4/single/rest-110111/top"",""solutions/game_4/single/rest-011011/bot""],""single"":[""solutions/game_4/single/rest-110111/top"",""solutions/game_4/single/rest-011011/bot""]}","[1,1,0,1,1,1]","[0,1,1,0,1,1]",3,0,6,8,away_win,away,1,86
8113,5,"{""series"":[""solutions/game_5/single/rest-011010/top"",""solutions/game_5/single/rest-111100/bot""],""single"":[""solutions/game_5/single/rest-011010/top"",""solutions/game_5/single/rest-111100/bot""]}","[0,1,1,0,1,0]","[1,1,1,1,0,0]",3,1,2,1,home_win,home,1,65
8114,1,"{""series"":[""solutions/game_1/series/rest-111111/top"",""solutions/game_1/series/rest-111111/bot""],""single"":[""solutions/game_1/single/rest-111111/top"",""solutions/game_1/single/rest-111111/bot""]}","[1,1,1,1,1,1]","[1,1,1,1,1,1]",0,0,4,3,home_win,home,0,73
8114,2,"{""series"":[""solutions/game_2/series/home_wins_1/rest-110011/top"",""solutions/game_2/series/home_wins_1/rest-001011/bot""],""single"":[""solutions/game_2/single/rest-110011/top"",""solutions/game_2/single/rest-001011/bot""]}","[1,1,0,0,1,1]","[0,0,1,0,1,1]",1,0,5,3,home_win,home,0,81
8114,3,"{""series"":[""solutions/game_3/series/home_wins_2/rest-001100/top"",""solutions/game_3/series/home_wins_2/rest-110111/bot""],""single"":[""solutions/game_3/single/rest-001100/top"",""solutions/game_3/single/rest-110111/bot""]}","[0,0,1,1,0,0]","[1,1,0,1,1,1]",2,0,2,4,away_win,away,0,78
8114,4,"{""series"":[""solutions/game_4/series/home_wins_2/rest-111011/top"",""solutions/game_4/series/home_wins_2/rest-011110/bot""],""single"":[""solutions/game_4/single/rest-111011/top"",""solutions/game_4/single/rest-011110/bot""]}","[1,1,1,0,1,1]","[0,1,1,1,1,0]",2,1,4,1,home_win,home,0,75
8114,5,"{""series"":[""solutions/game_5/single/rest-000111/top"",""solutions/game_5/single/rest-101011/bot""],""single"":[""solutions/game_5/single/rest-000111/top"",""solutions/game_5/single/rest-101011/bot""]}","[0,0,0,1,1,1]","[1,0,1,0,1,1]",3,1,4,12,away_win,away,1,91
8115,1,"{""series"":[""solutions/game_1/series/rest-111111/top"",""solutions/game_1/series/rest-111111/bot""],""single"":[""solutions/game_1/single/rest-111111/top"",""solutions/game_1/single/rest-111111/bot""]}","[1,1,1,1,1,1]","[1,1,1,1,1,1]",0,0,7,3,home_win,home,0,84
8115,2,"{""series"":[""solutions/game_2/series/home_wins_1/rest-101111/top"",""solutions/game_2/series/home_wins_1/rest-100010/bot""],""single"":[""solutions/game_2/single/rest-101111/top"",""solutions/game_2/single/rest-100010/bot""]}","[1,0,1,1,1,1]","[1,0,0,0,1,0]",1,0,0,8,away_win,away,0,54
8115,3,"{""series"":[""solutions/game_3/series/home_wins_1/rest-111110/top"",""solutions/game_3/series/home_wins_1/rest-111111/bot""],""single"":[""solutions/game_3/single/rest-111110/top"",""solutions/game_3/single/rest-111111/bot""]}","[1,1,1,1,1,0]","[1,1,1,1,1,1]",1,1,3,6,away_win,away,0,90
8115,4,"{""series"":[""solutions/game_4/series/home_wins_1/rest-010101/top"",""solutions/game_4/series/home_wins_1/rest-001100/bot""],""single"":[""solutions/game_4/single/rest-010101/top"",""solutions/game_4/single/rest-001100/bot""]}","[0,1,0,1,0,1]","[0,0,1,1,0,0]",1,2,0,8,away_win,away,0,30
8115,5,"{""series"":[""solutions/game_5/single/rest-111111/top"",""solutions/game_5/single/rest-111111/bot""],""single"":[""solutions/game_5/single/rest-111111/top"",""solutions/game_5/single/rest-111111/bot""]}","[1,1,1,1,1,1]","[1,1,1,1,1,1]",1,3,5,3,home_win,home,1,78
8116,1,"{""series"":[""solutions/game_1/series/rest-111111/top"",""solutions/game_1/series/rest-111111/bot""],""single"":[""solutions/game_1/single/rest-111111/top"",""solutions/game_1/single/rest-111111/bot""]}","[1,1,1,1,1,1]","[1,1,1,1,1,1]",0,0,3,0,home_win,home,0,73
8116,2,"{""series"":[""solutions/game_2/series/home_wins_1/rest-111001/top"",""solutions/game_2/series/home_wins_1/rest-011011/bot""],""single"":[""solutions/game_2/single/rest-111001/top"",""solutions/game_2/single/rest-011011/bot""]}","[1,1,1,0,0,1]","[0,1,1,0,1,1]",1,0,4,9,away_win,away,0,88
8116,3,"{""series"":[""solutions/game_3/series/home_wins_1/rest-011100/top"",""solutions/game_3/series/home_wins_1/rest-111110/bot""],""single"":[""solutions/game_3/single/rest-011100/top"",""solutions/game_3/single/rest-111110/bot""]}","[0,1,1,1,0,0]","[1,1,1,1,1,0]",1,1,10,2,home_win,home,0,83
8116,4,"{""series"":[""solutions/game_4/series/home_wins_2/rest-100111/top"",""solutions/game_4/series/home_wins_2/rest-001011/bot""],""single"":[""solutions/game_4/single/rest-100111/top"",""solutions/game_4/single/rest-001011/bot""]}","[1,0,0,1,1,1]","[0,0,1,0,1,1]",2,1,5,3,home_win,home,0,80
8116,5,"{""series"":[""solutions/game_5/single/rest-011011/top"",""solutions/game_5/single/rest-101101/bot""],""single"":[""solutions/game_5/single/rest-011011/top"",""solutions/game_5/single/rest-101101/bot""]}","[0,1,1,0,1,1]","[1,0,1,1,0,1]",3,1,9,5,home_win,home,1,88
8117,1,"{""series"":[""solutions/game_1/series/rest-111111/top"",""solutions/game_1/series/rest-111111/bot""],""single"":[""solutions/game_1/single/rest-111111/top"",""solutions/game_1/single/rest-111111/bot""]}","[1,1,1,1,1,1]","[1,1,1,1,1,1]",0,0,5,5,tie,away,0,92
8117,2,"{""series"":[""solutions/game_2/series/home_wins_0/rest-010001/top"",""solutions/game_2/series/home_wins_0/rest-110010/bot""],""single"":[""solutions/game_2/single/rest-010001/top"",""solutions/game_2/single/rest-110010/bot""]}","[0,1,0,0,0,1]","[1,1,0,0,1,0]",0,1,4,6,away_win,away,0,84
8117,3,"{""series"":[""solutions/game_3/series/home_wins_0/rest-101101/top"",""solutions/game_3/series/home_wins_0/rest-001101/bot""],""single"":[""solutions/game_3/single/rest-101101/top"",""solutions/game_3/single/rest-001101/bot""]}","[1,0,1,1,0,1]","[0,0,1,1,0,1]",0,2,3,4,away_win,away,0,91
8117,4,"{""series"":[""solutions/game_4/single/rest-010010/top"",""solutions/game_4/single/rest-111010/bot""],""single"":[""solutions/game_4/single/rest-010010/top"",""solutions/game_4/single/rest-111010/bot""]}","[0,1,0,0,1,0]","[1,1,1,0,1,0]",0,3,0,10,away_win,away,1,31
8117,5,"{""series"":[""solutions/game_5/single/rest-111111/top"",""solutions/game_5/single/rest-111111/bot""],""single"":[""solutions/game_5/single/rest-111111/top"",""solutions/game_5/single/rest-111111/bot""]}","[1,1,1,1,1,1]","[1,1,1,1,1,1]",0,4,9,8,home_win,home,1,96
8118,1,"{""series"":[""solutions/game_1/series/rest-111111/top"",""solutions/game_1/series/rest-111111/bot""],""single"":[""solutions/game_1/single/rest-111111/top"",""solutions/game_1/single/rest-111111/bot""]}","[1,1,1,1,1,1]","[1,1,1,1,1,1]",0,0,5,4,home_win,home,0,90
8118,2,"{""series"":[""solutions/game_2/series/home_wins_1/rest-110101/top"",""solutions/game_2/series/home_wins_1/rest-101110/bot""],""single"":[""solutions/game_2/single/rest-110101/top"",""solutions/game_2/single/rest-101110/bot""]}","[1,1,0,1,0,1]","[1,0,1,1,1,0]",1,0,6,3,home_win,home,0,87
8118,3,"{""series"":[""solutions/game_3/series/home_wins_2/rest-101110/top"",""solutions/game_3/series/home_wins_2/rest-110100/bot""],""single"":[""solutions/game_3/single/rest-101110/top"",""solutions/game_3/single/rest-110100/bot""]}","[1,0,1,1,1,0]","[1,1,0,1,0,0]",2,0,2,12,away_win,away,0,73
8118,4,"{""series"":[""solutions/game_4/series/home_wins_2/rest-011111/top"",""solutions/game_4/series/home_wins_2/rest-101110/bot""],""single"":[""solutions/game_4/single/rest-011111/top"",""solutions/game_4/single/rest-101110/bot""]}","[0,1,1,1,1,1]","[1,0,1,1,1,0]",2,1,2,8,away_win,away,0,83
8118,5,"{""series"":[""solutions/game_5/single/rest-111111/top"",""solutions/game_5/single/rest-011111/bot""],""single"":[""solutions/game_5/single/rest-111111/top"",""solutions/game_5/single/rest-011111/bot""]}","[1,1,1,1,1,1]","[0,1,1,1,1,1]",2,2,3,1,home_win,home,0,76
8119,1,"{""series"":[""solutions/game_1/series/rest-111111/top"",""solutions/game_1/series/rest-111111/bot""],""single"":[""solutions/game_1/single/rest-111111/top"",""solutions/game_1/single/rest-111111/bot""]}","[1,1,1,1,1,1]","[1,1,1,1,1,1]",0,0,5,8,away_win,away,0,90
8119,2,"{""series"":[""solutions/game_2/series/home_wins_0/rest-010011/top"",""solutions/game_2/series/home_wins_0/rest-010000/bot""],""single"":[""solutions/game_2/single/rest-010011/top"",""solutions/game_2/single/rest-010000/bot""]}","[0,1,0,0,1,1]","[0,1,0,0,0,0]",0,1,7,6,home_win,home,0,86
8119,3,"{""series"":[""solutions/game_3/series/home_wins_1/rest-101000/top"",""solutions/game_3/series/home_wins_1/rest-101011/bot""],""single"":[""solutions/game_3/single/rest-101000/top"",""solutions/game_3/single/rest-101011/bot""]}","[1,0,1,0,0,0]","[1,0,1,0,1,1]",1,1,1,5,away_win,away,0,77
8119,4,"{""series"":[""solutions/game_4/series/home_wins_1/rest-100101/top"",""solutions/game_4/series/home_wins_1/rest-001110/bot""],""single"":[""solutions/game_4/single/rest-100101/top"",""solutions/game_4/single/rest-001110/bot""]}","[1,0,0,1,0,1]","[0,0,1,1,1,0]",1,2,12,4,home_win,home,0,75
8119,5,"{""series"":[""solutions/game_5/single/rest-101010/top"",""solutions/game_5/single/rest-110011/bot""],""single"":[""solutions/game_5/single/rest-101010/top"",""solutions/game_5/single/rest-110011/bot""]}","[1,0,1,0,1,0]","[1,1,0,0,1,1]",2,2,2,10,away_win,away,0,35
8120,1,"{""series"":[""solutions/game_1/series/rest-111111/top"",""solutions/game_1/series/rest-111111/bot""],""single"":[""solutions/game_1/single/rest-111111/top"",""solutions/game_1/single/rest-111111/bot""]}","[1,1,1,1,1,1]","[1,1,1,1,1,1]",0,0,1,2,away_win,away,0,81
8120,2,"{""series"":[""solutions/game_2/series/home_wins_0/rest-110101/top"",""solutions/game_2/series/home_wins_0/rest-001010/bot""],""single"":[""solutions/game_2/single/rest-110101/top"",""solutions/game_2/single/rest-001010/bot""]}","[1,1,0,1,0,1]","[0,0,1,0,1,0]",0,1,8,5,home_win,home,0,106
8120,3,"{""series"":[""solutions/game_3/series/home_wins_1/rest-011010/top"",""solutions/game_3/series/home_wins_1/rest-110101/bot""],""single"":[""solutions/game_3/single/rest-011010/top"",""solutions/game_3/single/rest-110101/bot""]}","[0,1,1,0,1,0]","[1,1,0,1,0,1]",1,1,2,3,away_win,away,0,80
8120,4,"{""series"":[""solutions/game_4/series/home_wins_1/rest-100101/top"",""solutions/game_4/series/home_wins_1/rest-011011/bot""],""single"":[""solutions/game_4/single/rest-100101/top"",""solutions/game_4/single/rest-011011/bot""]}","[1,0,0,1,0,1]","[0,1,1,0,1,1]",1,2,8,0,home_win,home,0,29
8120,5,"{""series"":[""solutions/game_5/single/rest-111111/top"",""solutions/game_5/single/rest-111111/bot""],""single"":[""solutions/game_5/single/rest-111111/top"",""solutions/game_5/single/rest-111111/bot""]}","[1,1,1,1,1,1]","[1,1,1,1,1,1]",2,2,2,4,away_win,away,0,77
8121,1,"{""series"":[""solutions/game_1/series/rest-111111/top"",""solutions/game_1/series/rest-111111/bot""],""single"":[""solutions/game_1/single/rest-111111/top"",""solutions/game_1/single/rest-111111/bot""]}","[1,1,1,1,1,1]","[1,1,1,1,1,1]",0,0,6,3,home_win,home,0,80
8121,2,"{""series"":[""solutions/game_2/series/home_wins_1/rest-111011/top"",""solutions/game_2/series/home_wins_1/rest-101011/bot""],""single"":[""solutions/game_2/single/rest-111011/top"",""solutions/game_2/single/rest-101011/bot""]}","[1,1,1,0,1,1]","[1,0,1,0,1,1]",1,0,3,9,away_win,away,0,88
8121,3,"{""series"":[""solutions/game_3/series/home_wins_1/rest-111111/top"",""solutions/game_3/series/home_wins_1/rest-110110/bot""],""single"":[""solutions/game_3/single/rest-111111/top"",""solutions/game_3/single/rest-110110/bot""]}","[1,1,1,1,1,1]","[1,1,0,1,1,0]",1,1,8,0,home_win,home,0,43
8121,4,"{""series"":[""solutions/game_4/series/home_wins_2/rest-111111/top"",""solutions/game_4/series/home_wins_2/rest-111111/bot""],""single"":[""solutions/game_4/single/rest-111111/top"",""solutions/game_4/single/rest-111111/bot""]}","[1,1,1,1,1,1]","[1,1,1,1,1,1]",2,1,4,3,home_win,home,0,82
8121,5,"{""series"":[""solutions/game_5/single/rest-011001/top"",""solutions/game_5/single/rest-001011/bot""],""single"":[""solutions/game_5/single/rest-011001/top"",""solutions/game_5/single/rest-001011/bot""]}","[0,1,1,0,0,1]","[0,0,1,0,1,1]",3,1,6,5,home_win,home,1,84
8122,1,"{""series"":[""solutions/game_1/series/rest-111111/top"",""solutions/game_1/series/rest-111111/bot""],""single"":[""solutions/game_1/single/rest-111111/top"",""solutions/game_1/single/rest-111111/bot""]}","[1,1,1,1,1,1]","[1,1,1,1,1,1]",0,0,5,1,home_win,home,0,77
8122,2,"{""series"":[""solutions/game_2/series/home_wins_1/rest-111101/top"",""solutions/game_2/series/home_wins_1/rest-001010/bot""],""single"":[""solutions/game_2/single/rest-111101/top"",""solutions/game_2/single/rest-001010/bot""]}","[1,1,1,1,0,1]","[0,0,1,0,1,0]",1,0,6,4,home_win,home,0,88
8122,3,"{""series"":[""solutions/game_3/series/home_wins_2/rest-101010/top"",""solutions/game_3/series/home_wins_2/rest-110110/bot""],""single"":[""solutions/game_3/single/rest-101010/top"",""solutions/game_3/single/rest-110110/bot""]}","[1,0,1,0,1,0]","[1,1,0,1,1,0]",2,0,6,5,home_win,home,0,93
8122,4,"{""series"":[""solutions/game_4/single/rest-001101/top"",""solutions/game_4/single/rest-111000/bot""],""single"":[""solutions/game_4/single/rest-001101/top"",""solutions/game_4/single/rest-111000/bot""]}","[0,0,1,1,0,1]","[1,1,1,0,0,0]",3,0,6,5,home_win,home,1,82
8122,5,"{""series"":[""solutions/game_5/single/rest-110011/top"",""solutions/game_5/single/rest-000011/bot""],""single"":[""solutions/game_5/single/rest-110011/top"",""solutions/game_5/single/rest-000011/bot""]}","[1,1,0,0,1,1]","[0,0,0,0,1,1]",4,0,11,2,home_win,home,1,73
8123,1,"{""series"":[""solutions/game_1/series/rest-111111/top"",""solutions/game_1/series/rest-111111/bot""],""single"":[""solutions/game_1/single/rest-111111/top"",""solutions/game_1/single/rest-111111/bot""]}","[1,1,1,1,1,1]","[1,1,1,1,1,1]",0,0,5,3,home_win,home,0,83
8123,2,"{""series"":[""solutions/game_2/series/home_wins_1/rest-111001/top"",""solutions/game_2/series/home_wins_1/rest-101110/bot""],""single"":[""solutions/game_2/single/rest-111001/top"",""solutions/game_2/single/rest-101110/bot""]}","[1,1,1,0,0,1]","[1,0,1,1,1,0]",1,0,6,9,away_win,away,0,95
8123,3,"{""series"":[""solutions/game_3/series/home_wins_1/rest-011110/top"",""solutions/game_3/series/home_wins_1/rest-010011/bot""],""single"":[""solutions/game_3/single/rest-011110/top"",""solutions/game_3/single/rest-010011/bot""]}","[0,1,1,1,1,0]","[0,1,0,0,1,1]",1,1,4,0,home_win,home,0,71
8123,4,"{""series"":[""solutions/game_4/series/home_wins_2/rest-111111/top"",""solutions/game_4/series/home_wins_2/rest-111100/bot""],""single"":[""solutions/game_4/single/rest-111111/top"",""solutions/game_4/single/rest-111100/bot""]}","[1,1,1,1,1,1]","[1,1,1,1,0,0]",2,1,3,6,away_win,away,0,80
8123,5,"{""series"":[""solutions/game_5/single/rest-110001/top"",""solutions/game_5/single/rest-111011/bot""],""single"":[""solutions/game_5/single/rest-110001/top"",""solutions/game_5/single/rest-111011/bot""]}","[1,1,0,0,0,1]","[1,1,1,0,1,1]",2,2,1,12,away_win,away,0,42
8124,1,"{""series"":[""solutions/game_1/series/rest-111111/top"",""solutions/game_1/series/rest-111111/bot""],""single"":[""solutions/game_1/single/rest-111111/top"",""solutions/game_1/single/rest-111111/bot""]}","[1,1,1,1,1,1]","[1,1,1,1,1,1]",0,0,3,6,away_win,away,0,84
8124,2,"{""series"":[""solutions/game_2/series/home_wins_0/rest-111100/top"",""solutions/game_2/series/home_wins_0/rest-001110/bot""],""single"":[""solutions/game_2/single/rest-111100/top"",""solutions/game_2/single/rest-001110/bot""]}","[1,1,1,1,0,0]","[0,0,1,1,1,0]",0,1,7,5,home_win,home,0,76
8124,3,"{""series"":[""solutions/game_3/series/home_wins_1/rest-101111/top"",""solutions/game_3/series/home_wins_1/rest-100101/bot""],""single"":[""solutions/game_3/single/rest-101111/top"",""solutions/game_3/single/rest-100101/bot""]}","[1,0,1,1,1,1]","[1,0,0,1,0,1]",1,1,7,4,home_win,home,0,79
8124,4,"{""series"":[""solutions/game_4/series/home_wins_2/rest-110001/top"",""solutions/game_4/series/home_wins_2/rest-011011/bot""],""single"":[""solutions/game_4/single/rest-110001/top"",""solutions/game_4/single/rest-011011/bot""]}","[1,1,0,0,0,1]","[0,1,1,0,1,1]",2,1,2,10,away_win,away,0,64
8124,5,"{""series"":[""solutions/game_5/single/rest-111111/top"",""solutions/game_5/single/rest-111101/bot""],""single"":[""solutions/game_5/single/rest-111111/top"",""solutions/game_5/single/rest-111101/bot""]}","[1,1,1,1,1,1]","[1,1,1,1,0,1]",2,2,7,1,home_win,home,0,77
8125,1,"{""series"":[""solutions/game_1/series/rest-111111/top"",""solutions/game_1/series/rest-111111/bot""],""single"":[""solutions/game_1/single/rest-111111/top"",""solutions/game_1/single/rest-111111/bot""]}","[1,1,1,1,1,1]","[1,1,1,1,1,1]",0,0,4,6,away_win,away,0,85
8125,2,"{""series"":[""solutions/game_2/series/home_wins_0/rest-111001/top"",""solutions/game_2/series/home_wins_0/rest-011010/bot""],""single"":[""solutions/game_2/single/rest-111001/top"",""solutions/game_2/single/rest-011010/bot""]}","[1,1,1,0,0,1]","[0,1,1,0,1,0]",0,1,10,11,away_win,away,0,116
8125,3,"{""series"":[""solutions/game_3/series/home_wins_0/rest-000110/top"",""solutions/game_3/series/home_wins_0/rest-100111/bot""],""single"":[""solutions/game_3/single/rest-000110/top"",""solutions/game_3/single/rest-100111/bot""]}","[0,0,0,1,1,0]","[1,0,0,1,1,1]",0,2,10,7,home_win,home,0,91
8125,4,"{""series"":[""solutions/game_4/series/home_wins_1/rest-111001/top"",""solutions/game_4/series/home_wins_1/rest-111011/bot""],""single"":[""solutions/game_4/single/rest-111001/top"",""solutions/game_4/single/rest-111011/bot""]}","[1,1,1,0,0,1]","[1,1,1,0,1,1]",1,2,1,9,away_win,away,0,26
8125,5,"{""series"":[""solutions/game_5/single/rest-111111/top"",""solutions/game_5/single/rest-111111/bot""],""single"":[""solutions/game_5/single/rest-111111/top"",""solutions/game_5/single/rest-111111/bot""]}","[1,1,1,1,1,1]","[1,1,1,1,1,1]",1,3,4,5,away_win,away,1,88
8126,1,"{""series"":[""solutions/game_1/series/rest-111111/top"",""solutions/game_1/series/rest-111111/bot""],""single"":[""solutions/game_1/single/rest-111111/top"",""solutions/game_1/single/rest-111111/bot""]}","[1,1,1,1,1,1]","[1,1,1,1,1,1]",0,0,4,6,away_win,away,0,95
8126,2,"{""series"":[""solutions/game_2/series/home_wins_0/rest-011001/top"",""solutions/game_2/series/home_wins_0/rest-011110/bot""],""single"":[""solutions/game_2/single/rest-011001/top"",""solutions/game_2/single/rest-011110/bot""]}","[0,1,1,0,0,1]","[0,1,1,1,1,0]",0,1,10,2,home_win,home,0,70
8126,3,"{""series"":[""solutions/game_3/series/home_wins_1/rest-101111/top"",""solutions/game_3/series/home_wins_1/rest-110110/bot""],""single"":[""solutions/game_3/single/rest-101111/top"",""solutions/game_3/single/rest-110110/bot""]}","[1,0,1,1,1,1]","[1,1,0,1,1,0]",1,1,1,4,away_win,away,0,74
8126,4,"{""series"":[""solutions/game_4/series/home_wins_1/rest-111111/top"",""solutions/game_4/series/home_wins_1/rest-001011/bot""],""single"":[""solutions/game_4/single/rest-111111/top"",""solutions/game_4/single/rest-001011/bot""]}","[1,1,1,1,1,1]","[0,0,1,0,1,1]",1,2,3,5,away_win,away,0,87
8126,5,"{""series"":[""solutions/game_5/single/rest-010101/top"",""solutions/game_5/single/rest-111011/bot""],""single"":[""solutions/game_5/single/rest-010101/top"",""solutions/game_5/single/rest-111011/bot""]}","[0,1,0,1,0,1]","[1,1,1,0,1,1]",1,3,6,0,home_win,home,1,72
8127,1,"{""series"":[""solutions/game_1/series/rest-111111/top"",""solutions/game_1/series/rest-111111/bot""],""single"":[""solutions/game_1/single/rest-111111/top"",""solutions/game_1/single/rest-111111/bot""]}","[1,1,1,1,1,1]","[1,1,1,1,1,1]",0,0,4,2,home_win,home,0,74
8127,2,"{""series"":[""solutions/game_2/series/home_wins_1/rest-111011/top"",""solutions/game_2/series/home_wins_1/rest-101010/bot""],""single"":[""solutions/game_2/single/rest-111011/top"",""solutions/game_2/single/rest-101010/bot""]}","[1,1,1,0,1,1]","[1,0,1,0,1,0]",1,0,1,9,away_win,away,0,26
8127,3,"{""series"":[""solutions/game_3/series/home_wins_1/rest-111111/top"",""solutions/game_3/series/home_wins_1/rest-111111/bot""],""single"":[""solutions/game_3/single/rest-111111/top"",""solutions/game_3/single/rest-111111/bot""]}","[1,1,1,1,1,1]","[1,1,1,1,1,1]",1,1,0,2,away_win,away,0,74
8127,4,"{""series"":[""solutions/game_4/series/home_wins_1/rest-010111/top"",""solutions/game_4/series/home_wins_1/rest-011111/bot""],""single"":[""solutions/game_4/single/rest-010111/top"",""solutions/game_4/single/rest-011111/bot""]}","[0,1,0,1,1,1]","[0,1,1,1,1,1]",1,2,3,2,home_win,home,0,81
8127,5,"{""series"":[""solutions/game_5/single/rest-111100/top"",""solutions/game_5/single/rest-110110/bot""],""single"":[""solutions/game_5/single/rest-111100/top"",""solutions/game_5/single/rest-110110/bot""]}","[1,1,1,1,0,0]","[1,1,0,1,1,0]",2,2,10,5,home_win,home,0,89
8128,1,"{""series"":[""solutions/game_1/series/rest-111111/top"",""solutions/game_1/series/rest-111111/bot""],""single"":[""solutions/game_1/single/rest-111111/top"",""solutions/game_1/single/rest-111111/bot""]}","[1,1,1,1,1,1]","[1,1,1,1,1,1]",0,0,1,6,away_win,away,0,87
8128,2,"{""series"":[""solutions/game_2/series/home_wins_0/rest-111110/top"",""solutions/game_2/series/home_wins_0/rest-011111/bot""],""single"":[""solutions/game_2/single/rest-111110/top"",""solutions/game_2/single/rest-011111/bot""]}","[1,1,1,1,1,0]","[0,1,1,1,1,1]",0,1,5,5,tie,home,0,97
8128,3,"{""series"":[""solutions/game_3/series/home_wins_1/rest-011101/top"",""solutions/game_3/series/home_wins_1/rest-101000/bot""],""single"":[""solutions/game_3/single/rest-011101/top"",""solutions/game_3/single/rest-101000/bot""]}","[0,1,1,1,0,1]","[1,0,1,0,0,0]",1,1,10,2,home_win,home,0,82
8128,4,"{""series"":[""solutions/game_4/series/home_wins_2/rest-101110/top"",""solutions/game_4/series/home_wins_2/rest-111101/bot""],""single"":[""solutions/game_4/single/rest-101110/top"",""solutions/game_4/single/rest-111101/bot""]}","[1,0,1,1,1,0]","[1,1,1,1,0,1]",2,1,5,4,home_win,home,0,88
8128,5,"{""series"":[""solutions/game_5/single/rest-111101/top"",""solutions/game_5/single/rest-001110/bot""],""single"":[""solutions/game_5/single/rest-111101/top"",""solutions/game_5/single/rest-001110/bot""]}","[1,1,1,1,0,1]","[0,0,1,1,1,0]",3,1,4,0,home_win,home,1,77
8129,1,"{""series"":[""solutions/game_1/series/rest-111111/top"",""solutions/game_1/series/rest-111111/bot""],""single"":[""solutions/game_1/single/rest-111111/top"",""solutions/game_1/single/rest-111111/bot""]}","[1,1,1,1,1,1]","[1,1,1,1,1,1]",0,0,1,11,away_win,away,0,73
8129,2,"{""series"":[""solutions/game_2/series/home_wins_0/rest-111111/top"",""solutions/game_2/series/home_wins_0/rest-101111/bot""],""single"":[""solutions/game_2/single/rest-111111/top"",""solutions/game_2/single/rest-101111/bot""]}","[1,1,1,1,1,1]","[1,0,1,1,1,1]",0,1,7,5,home_win,home,0,82
8129,3,"{""series"":[""solutions/game_3/series/home_wins_1/rest-111010/top"",""solutions/game_3/series/home_wins_1/rest-111110/bot""],""single"":[""solutions/game_3/single/rest-111010/top"",""solutions/game_3/single/rest-111110/bot""]}","[1,1,1,0,1,0]","[1,1,1,1,1,0]",1,1,5,4,home_win,home,0,76
8129,4,"{""series"":[""solutions/game_4/series/home_wins_2/rest-000111/top"",""solutions/game_4/series/home_wins_2/rest-001011/bot""],""single"":[""solutions/game_4/single/rest-000111/top"",""solutions/game_4/single/rest-001011/bot""]}","[0,0,0,1,1,1]","[0,0,1,0,1,1]",2,1,1,9,away_win,away,0,53
8129,5,"{""series"":[""solutions/game_5/single/rest-111111/top"",""solutions/game_5/single/rest-111111/bot""],""single"":[""solutions/game_5/single/rest-111111/top"",""solutions/game_5/single/rest-111111/bot""]}","[1,1,1,1,1,1]","[1,1,1,1,1,1]",2,2,4,11,away_win,away,0,92
8130,1,"{""series"":[""solutions/game_1/series/rest-111111/top"",""solutions/game_1/series/rest-111111/bot""],""single"":[""solutions/game_1/single/rest-111111/top"",""solutions/game_1/single/rest-111111/bot""]}","[1,1,1,1,1,1]","[1,1,1,1,1,1]",0,0,2,10,away_win,away,0,70
8130,2,"{""series"":[""solutions/game_2/series/home_wins_0/rest-111111/top"",""solutions/game_2/series/home_wins_0/rest-011111/bot""],""single"":[""solutions/game_2/single/rest-111111/top"",""solutions/game_2/single/rest-011111/bot""]}","[1,1,1,1,1,1]","[0,1,1,1,1,1]",0,1,9,5,home_win,home,0,77
8130,3,"{""series"":[""solutions/game_3/series/home_wins_1/rest-111101/top"",""solutions/game_3/series/home_wins_1/rest-101010/bot""],""single"":[""solutions/game_3/single/rest-111101/top"",""solutions/game_3/single/rest-101010/bot""]}","[1,1,1,1,0,1]","[1,0,1,0,1,0]",1,1,3,7,away_win,away,0,81
8130,4,"{""series"":[""solutions/game_4/series/home_wins_1/rest-011110/top"",""solutions/game_4/series/home_wins_1/rest-010101/bot""],""single"":[""solutions/game_4/single/rest-011110/top"",""solutions/game_4/single/rest-010101/bot""]}","[0,1,1,1,1,0]","[0,1,0,1,0,1]",1,2,5,1,home_win,home,0,71
8130,5,"{""series"":[""solutions/game_5/single/rest-101111/top"",""solutions/game_5/single/rest-100110/bot""],""single"":[""solutions/game_5/single/rest-101111/top"",""solutions/game_5/single/rest-100110/bot""]}","[1,0,1,1,1,1]","[1,0,0,1,1,0]",2,2,4,6,away_win,away,0,85
8131,1,"{""series"":[""solutions/game_1/series/rest-111111/top"",""solutions/game_1/series/rest-111111/bot""],""single"":[""solutions/game_1/single/rest-111111/top"",""solutions/game_1/single/rest-111111/bot""]}","[1,1,1,1,1,1]","[1,1,1,1,1,1]",0,0,9,6,home_win,home,0,90
8131,2,"{""series"":[""solutions/game_2/series/home_wins_1/rest-010001/top"",""solutions/game_2/series/home_wins_1/rest-101110/bot""],""single"":[""solutions/game_2/single/rest-010001/top"",""solutions/game_2/single/rest-101110/bot""]}","[0,1,0,0,0,1]","[1,0,1,1,1,0]",1,0,4,2,home_win,home,0,77
8131,3,"{""series"":[""solutions/game_3/series/home_wins_2/rest-101110/top"",""solutions/game_3/series/home_wins_2/rest-111010/bot""],""single"":[""solutions/game_3/single/rest-101110/top"",""solutions/game_3/single/rest-111010/bot""]}","[1,0,1,1,1,0]","[1,1,1,0,1,0]",2,0,3,4,away_win,away,0,98
8131,4,"{""series"":[""solutions/game_4/series/home_wins_2/rest-111101/top"",""solutions/game_4/series/home_wins_2/rest-100001/bot""],""single"":[""solutions/game_4/single/rest-111101/top"",""solutions/game_4/single/rest-100001/bot""]}","[1,1,1,1,0,1]","[1,0,0,0,0,1]",2,1,9,1,home_win,home,0,72
8131,5,"{""series"":[""solutions/game_5/single/rest-111011/top"",""solutions/game_5/single/rest-011011/bot""],""single"":[""solutions/game_5/single/rest-111011/top"",""solutions/game_5/single/rest-011011/bot""]}","[1,1,1,0,1,1]","[0,1,1,0,1,1]",3,1,5,2,home_win,home,1,78
8132,1,"{""series"":[""solutions/game_1/series/rest-111111/top"",""solutions/game_1/series/rest-111111/bot""],""single"":[""solutions/game_1/single/rest-111111/top"",""solutions/game_1/single/rest-111111/bot""]}","[1,1,1,1,1,1]","[1,1,1,1,1,1]",0,0,4,5,away_win,away,0,82
8132,2,"{""series"":[""solutions/game_2/series/home_wins_0/rest-111000/top"",""solutions/game_2/series/home_wins_0/rest-101011/bot""],""single"":[""solutions/game_2/single/rest-111000/top"",""solutions/game_2/single/rest-101011/bot""]}","[1,1,1,0,0,0]","[1,0,1,0,1,1]",0,1,6,5,home_win,home,0,81
8132,3,"{""series"":[""solutions/game_3/series/home_wins_1/rest-010111/top"",""solutions/game_3/series/home_wins_1/rest-011101/bot""],""single"":[""solutions/game_3/single/rest-010111/top"",""solutions/game_3/single/rest-011101/bot""]}","[0,1,0,1,1,1]","[0,1,1,1,0,1]",1,1,3,2,home_win,home,0,68
8132,4,"{""series"":[""solutions/game_4/series/home_wins_2/rest-111001/top"",""solutions/game_4/series/home_wins_2/rest-111001/bot""],""single"":[""solutions/game_4/single/rest-111001/top"",""solutions/game_4/single/rest-111001/bot""]}","[1,1,1,0,0,1]","[1,1,1,0,0,1]",2,1,4,12,away_win,away,0,88
8132,5,"{""series"":[""solutions/game_5/single/rest-101110/top"",""solutions/game_5/single/rest-101110/bot""],""single"":[""solutions/game_5/single/rest-101110/top"",""solutions/game_5/single/rest-101110/bot""]}","[1,0,1,1,1,0]","[1,0,1,1,1,0]",2,2,7,15,away_win,away,0,91
8133,1,"{""series"":[""solutions/game_1/series/rest-111111/top"",""solutions/game_1/series/rest-111111/bot""],""single"":[""solutions/game_1/single/rest-111111/top"",""solutions/game_1/single/rest-111111/bot""]}","[1,1,1,1,1,1]","[1,1,1,1,1,1]",0,0,2,0,home_win,home,0,74
8133,2,"{""series"":[""solutions/game_2/series/home_wins_1/rest-110101/top"",""solutions/game_2/series/home_wins_1/rest-011110/bot""],""single"":[""solutions/game_2/single/rest-110101/top"",""solutions/game_2/single/rest-011110/bot""]}","[1,1,0,1,0,1]","[0,1,1,1,1,0]",1,0,4,2,home_win,home,0,74
8133,3,"{""series"":[""solutions/game_3/series/home_wins_2/rest-111111/top"",""solutions/game_3/series/home_wins_2/rest-101011/bot""],""single"":[""solutions/game_3/single/rest-111111/top"",""solutions/game_3/single/rest-101011/bot""]}","[1,1,1,1,1,1]","[1,0,1,0,1,1]",2,0,6,4,home_win,home,0,81
8133,4,"{""series"":[""solutions/game_4/single/rest-110001/top"",""solutions/game_4/single/rest-011110/bot""],""single"":[""solutions/game_4/single/rest-110001/top"",""solutions/game_4/single/rest-011110/bot""]}","[1,1,0,0,0,1]","[0,1,1,1,1,0]",3,0,10,11,away_win,away,1,106
8133,5,"{""series"":[""solutions/game_5/single/rest-001011/top"",""solutions/game_5/single/rest-100111/bot""],""single"":[""solutions/game_5/single/rest-001011/top"",""solutions/game_5/single/rest-100111/bot""]}","[0,0,1,0,1,1]","[1,0,0,1,1,1]",3,1,6,5,home_win,home,1,94
8134,1,"{""series"":[""solutions/game_1/series/rest-111111/top"",""solutions/game_1/series/rest-111111/bot""],""single"":[""solutions/game_1/single/rest-111111/top"",""solutions/game_1/single/rest-111111/bot""]}","[1,1,1,1,1,1]","[1,1,1,1,1,1]",0,0,7,0,home_win,home,0,76
8134,2,"{""series"":[""solutions/game_2/series/home_wins_1/rest-111110/top"",""solutions/game_2/series/home_wins_1/rest-111110/bot""],""single"":[""solutions/game_2/single/rest-111110/top"",""solutions/game_2/single/rest-111110/bot""]}","[1,1,1,1,1,0]","[1,1,1,1,1,0]",1,0,3,1,home_win,home,0,79
8134,3,"{""series"":[""solutions/game_3/series/home_wins_2/rest-011001/top"",""solutions/game_3/series/home_wins_2/rest-001011/bot""],""single"":[""solutions/game_3/single/rest-011001/top"",""solutions/game_3/single/rest-001011/bot""]}","[0,1,1,0,0,1]","[0,0,1,0,1,1]",2,0,5,4,home_win,home,0,88
8134,4,"{""series"":[""solutions/game_4/single/rest-100010/top"",""solutions/game_4/single/rest-011110/bot""],""single"":[""solutions/game_4/single/rest-100010/top"",""solutions/game_4/single/rest-011110/bot""]}","[1,0,0,0,1,0]","[0,1,1,1,1,0]",3,0,5,6,away_win,away,1,82
8134,5,"{""series"":[""solutions/game_5/single/rest-011101/top"",""solutions/game_5/single/rest-101001/bot""],""single"":[""solutions/game_5/single/rest-011101/top"",""solutions/game_5/single/rest-101001/bot""]}","[0,1,1,1,0,1]","[1,0,1,0,0,1]",3,1,6,4,home_win,home,1,77
8135,1,"{""series"":[""solutions/game_1/series/rest-111111/top"",""solutions/game_1/series/rest-111111/bot""],""single"":[""solutions/game_1/single/rest-111111/top"",""solutions/game_1/single/rest-111111/bot""]}","[1,1,1,1,1,1]","[1,1,1,1,1,1]",0,0,4,4,tie,home,0,95
8135,2,"{""series"":[""solutions/game_2/series/home_wins_1/rest-101001/top"",""solutions/game_2/series/home_wins_1/rest-100010/bot""],""single"":[""solutions/game_2/single/rest-101001/top"",""solutions/game_2/single/rest-100010/bot""]}","[1,0,1,0,0,1]","[1,0,0,0,1,0]",1,0,6,5,home_win,home,0,73
8135,3,"{""series"":[""solutions/game_3/series/home_wins_2/rest-110100/top"",""solutions/game_3/series/home_wins_2/rest-011110/bot""],""single"":[""solutions/game_3/single/rest-110100/top"",""solutions/game_3/single/rest-011110/bot""]}","[1,1,0,1,0,0]","[0,1,1,1,1,0]",2,0,3,7,away_win,away,0,89
8135,4,"{""series"":[""solutions/game_4/series/home_wins_2/rest-010110/top"",""solutions/game_4/series/home_wins_2/rest-110011/bot""],""single"":[""solutions/game_4/single/rest-010110/top"",""solutions/game_4/single/rest-110011/bot""]}","[0,1,0,1,1,0]","[1,1,0,0,1,1]",2,1,2,8,away_win,away,0,87
8135,5,"{""series"":[""solutions/game_5/single/rest-111011/top"",""solutions/game_5/single/rest-000110/bot""],""single"":[""solutions/game_5/single/rest-111011/top"",""solutions/game_5/single/rest-000110/bot""]}","[1,1,1,0,1,1]","[0,0,0,1,1,0]",2,2,10,7,home_win,home,0,91
8136,1,"{""series"":[""solutions/game_1/series/rest-111111/top"",""solutions/game_1/series/rest-111111/bot""],""single"":[""solutions/game_1/single/rest-111111/top"",""solutions/game_1/single/rest-111111/bot""]}","[1,1,1,1,1,1]","[1,1,1,1,1,1]",0,0,2,1,home_win,home,0,71
8136,2,"{""series"":[""solutions/game_2/series/home_wins_1/rest-111001/top"",""solutions/game_2/series/home_wins_1/rest-001011/bot""],""single"":[""solutions/game_2/single/rest-111001/top"",""solutions/game_2/single/rest-001011/bot""]}","[1,1,1,0,0,1]","[0,0,1,0,1,1]",1,0,3,7,away_win,away,0,89
8136,3,"{""series"":[""solutions/game_3/series/home_wins_1/rest-110111/top"",""solutions/game_3/series/home_wins_1/rest-111100/bot""],""single"":[""solutions/game_3/single/rest-110111/top"",""solutions/game_3/single/rest-111100/bot""]}","[1,1,0,1,1,1]","[1,1,1,1,0,0]",1,1,7,6,home_win,home,0,86
8136,4,"{""series"":[""solutions/game_4/series/home_wins_2/rest-111011/top"",""solutions/game_4/series/home_wins_2/rest-001011/bot""],""single"":[""solutions/game_4/single/rest-111011/top"",""solutions/game_4/single/rest-001011/bot""]}","[1,1,1,0,1,1]","[0,0,1,0,1,1]",2,1,9,6,home_win,home,0,89
8136,5,"{""series"":[""solutions/game_5/single/rest-011100/top"",""solutions/game_5/single/rest-110110/bot""],""single"":[""solutions/game_5/single/rest-011100/top"",""solutions/game_5/single/rest-110110/bot""]}","[0,1,1,1,0,0]","[1,1,0,1,1,0]",3,1,6,5,home_win,home,1,84
8137,1,"{""series"":[""solutions/game_1/series/rest-111111/top"",""solutions/game_1/series/rest-111111/bot""],""single"":[""solutions/game_1/single/rest-111111/top"",""solutions/game_1/single/rest-111111/bot""]}","[1,1,1,1,1,1]","[1,1,1,1,1,1]",0,0,0,8,away_win,away,0,52
8137,2,"{""series"":[""solutions/game_2/series/home_wins_0/rest-111111/top"",""solutions/game_2/series/home_wins_0/rest-111111/bot""],""single"":[""solutions/game_2/single/rest-111111/top"",""solutions/game_2/single/rest-111111/bot""]}","[1,1,1,1,1,1]","[1,1,1,1,1,1]",0,1,3,1,home_win,home,0,77
8137,3,"{""series"":[""solutions/game_3/series/home_wins_1/rest-110101/top"",""solutions/game_3/series/home_wins_1/rest-101110/bot""],""single"":[""solutions/game_3/single/rest-110101/top"",""solutions/game_3/single/rest-101110/bot""]}","[1,1,0,1,0,1]","[1,0,1,1,1,0]",1,1,6,4,home_win,home,0,83
8137,4,"{""series"":[""solutions/game_4/series/home_wins_2/rest-011111/top"",""solutions/game_4/series/home_wins_2/rest-110101/bot""],""single"":[""solutions/game_4/single/rest-011111/top"",""solutions/game_4/single/rest-110101/bot""]}","[0,1,1,1,1,1]","[1,1,0,1,0,1]",2,1,6,7,away_win,away,0,80
8137,5,"{""series"":[""solutions/game_5/single/rest-101100/top"",""solutions/game_5/single/rest-001010/bot""],""single"":[""solutions/game_5/single/rest-101100/top"",""solutions/game_5/single/rest-001010/bot""]}","[1,0,1,1,0,0]","[0,0,1,0,1,0]",2,2,6,5,home_win,home,0,90
8138,1,"{""series"":[""solutions/game_1/series/rest-111111/top"",""solutions/game_1/series/rest-111111/bot""],""single"":[""solutions/game_1/single/rest-111111/top"",""solutions/game_1/single/rest-111111/bot""]}","[1,1,1,1,1,1]","[1,1,1,1,1,1]",0,0,2,1,home_win,home,0,66
8138,2,"{""series"":[""solutions/game_2/series/home_wins_1/rest-111011/top"",""solutions/game_2/series/home_wins_1/rest-000011/bot""],""single"":[""solutions/game_2/single/rest-111011/top"",""solutions/game_2/single/rest-000011/bot""]}","[1,1,1,0,1,1]","[0,0,0,0,1,1]",1,0,4,3,home_win,home,0,77
8138,3,"{""series"":[""solutions/game_3/series/home_wins_2/rest-011100/top"",""solutions/game_3/series/home_wins_2/rest-111100/bot""],""single"":[""solutions/game_3/single/rest-011100/top"",""solutions/game_3/single/rest-111100/bot""]}","[0,1,1,1,0,0]","[1,1,1,1,0,0]",2,0,8,8,tie,home,0,100
8138,4,"{""series"":[""solutions/game_4/single/rest-101101/top"",""solutions/game_4/single/rest-100011/bot""],""single"":[""solutions/game_4/single/rest-101101/top"",""solutions/game_4/single/rest-100011/bot""]}","[1,0,1,1,0,1]","[1,0,0,0,1,1]",3,0,2,7,away_win,away,1,89
8138,5,"{""series"":[""solutions/game_5/single/rest-111010/top"",""solutions/game_5/single/rest-011100/bot""],""single"":[""solutions/game_5/single/rest-111010/top"",""solutions/game_5/single/rest-011100/bot""]}","[1,1,1,0,1,0]","[0,1,1,1,0,0]",3,1,7,5,home_win,home,1,82
8139,1,"{""series"":[""solutions/game_1/series/rest-111111/top"",""solutions/game_1/series/rest-111111/bot""],""single"":[""solutions/game_1/single/rest-111111/top"",""solutions/game_1/single/rest-111111/bot""]}","[1,1,1,1,1,1]","[1,1,1,1,1,1]",0,0,5,1,home_win,home,0,74
8139,2,"{""series"":[""solutions/game_2/series/home_wins_1/rest-111011/top"",""solutions/game_2/series/home_wins_1/rest-011010/bot""],""single"":[""solutions/game_2/single/rest-111011/top"",""solutions/game_2/single/rest-011010/bot""]}","[1,1,1,0,1,1]","[0,1,1,0,1,0]",1,0,10,2,home_win,home,0,47
8139,3,"{""series"":[""solutions/game_3/series/home_wins_2/rest-111111/top"",""solutions/game_3/series/home_wins_2/rest-111100/bot""],""single"":[""solutions/game_3/single/rest-111111/top"",""solutions/game_3/single/rest-111100/bot""]}","[1,1,1,1,1,1]","[1,1,1,1,0,0]",2,0,3,6,away_win,away,0,88
8139,4,"{""series"":[""solutions/game_4/series/home_wins_2/rest-111110/top"",""solutions/game_4/series/home_wins_2/rest-100011/bot""],""single"":[""solutions/game_4/single/rest-111110/top"",""solutions/game_4/single/rest-100011/bot""]}","[1,1,1,1,1,0]","[1,0,0,0,1,1]",2,1,4,1,home_win,home,0,76
8139,5,"{""series"":[""solutions/game_5/single/rest-110001/top"",""solutions/game_5/single/rest-111110/bot""],""single"":[""solutions/game_5/single/rest-110001/top"",""solutions/game_5/single/rest-111110/bot""]}","[1,1,0,0,0,1]","[1,1,1,1,1,0]",3,1,5,7,away_win,away,1,90
8140,1,"{""series"":[""solutions/game_1/series/rest-111111/top"",""solutions/game_1/series/rest-111111/bot""],""single"":[""solutions/game_1/single/rest-111111/top"",""solutions/game_1/single/rest-111111/bot""]}","[1,1,1,1,1,1]","[1,1,1,1,1,1]",0,0,3,9,away_win,away,0,91
8140,2,"{""series"":[""solutions/game_2/series/home_wins_0/rest-111110/top"",""solutions/game_2/series/home_wins_0/rest-001010/bot""],""single"":[""solutions/game_2/single/rest-111110/top"",""solutions/game_2/single/rest-001010/bot""]}","[1,1,1,1,1,0]","[0,0,1,0,1,0]",0,1,9,5,home_win,home,0,88
8140,3,"{""series"":[""solutions/game_3/series/home_wins_1/rest-110101/top"",""solutions/game_3/series/home_wins_1/rest-110100/bot""],""single"":[""solutions/game_3/single/rest-110101/top"",""solutions/game_3/single/rest-110100/bot""]}","[1,1,0,1,0,1]","[1,1,0,1,0,0]",1,1,0,8,away_win,away,0,64
8140,4,"{""series"":[""solutions/game_4/series/home_wins_1/rest-111110/top"",""solutions/game_4/series/home_wins_1/rest-101111/bot""],""single"":[""solutions/game_4/single/rest-111110/top"",""solutions/game_4/single/rest-101111/bot""]}","[1,1,1,1,1,0]","[1,0,1,1,1,1]",1,2,3,3,tie,home,0,94
8140,5,"{""series"":[""solutions/game_5/single/rest-010001/top"",""solutions/game_5/single/rest-000101/bot""],""single"":[""solutions/game_5/single/rest-010001/top"",""solutions/game_5/single/rest-000101/bot""]}","[0,1,0,0,0,1]","[0,0,0,1,0,1]",2,2,3,5,away_win,away,0,85
8141,1,"{""series"":[""solutions/game_1/series/rest-111111/top"",""solutions/game_1/series/rest-111111/bot""],""single"":[""solutions/game_1/single/rest-111111/top"",""solutions/game_1/single/rest-111111/bot""]}","[1,1,1,1,1,1]","[1,1,1,1,1,1]",0,0,6,3,home_win,home,0,79
8141,2,"{""series"":[""solutions/game_2/series/home_wins_1/rest-111010/top"",""solutions/game_2/series/home_wins_1/rest-001010/bot""],""single"":[""solutions/game_2/single/rest-111010/top"",""solutions/game_2/single/rest-001010/bot""]}","[1,1,1,0,1,0]","[0,0,1,0,1,0]",1,0,6,2,home_win,home,0,82
8141,3,"{""series"":[""solutions/game_3/series/home_wins_2/rest-110111/top"",""solutions/game_3/series/home_wins_2/rest-010101/bot""],""single"":[""solutions/game_3/single/rest-110111/top"",""solutions/game_3/single/rest-010101/bot""]}","[1,1,0,1,1,1]","[0,1,0,1,0,1]",2,0,3,5,away_win,away,0,90
8141,4,"{""series"":[""solutions/game_4/series/home_wins_2/rest-011011/top"",""solutions/game_4/series/home_wins_2/rest-111000/bot""],""single"":[""solutions/game_4/single/rest-011011/top"",""solutions/game_4/single/rest-111000/bot""]}","[0,1,1,0,1,1]","[1,1,1,0,0,0]",2,1,7,6,home_win,home,0,89
8141,5,"{""series"":[""solutions/game_5/single/rest-010101/top"",""solutions/game_5/single/rest-000111/bot""],""single"":[""solutions/game_5/single/rest-010101/top"",""solutions/game_5/single/rest-000111/bot""]}","[0,1,0,1,0,1]","[0,0,0,1,1,1]",3,1,9,4,home_win,home,1,89
8142,1,"{""series"":[""solutions/game_1/series/rest-111111/top"",""solutions/game_1/series/rest-111111/bot""],""single"":[""solutions/game_1/single/rest-111111/top"",""solutions/game_1/single/rest-111111/bot""]}","[1,1,1,1,1,1]","[1,1,1,1,1,1]",0,0,3,10,away_win,away,0,85
8142,2,"{""series"":[""solutions/game_2/series/home_wins_0/rest-111010/top"",""solutions/game_2/series/home_wins_0/rest-011011/bot""],""single"":[""solutions/game_2/single/rest-111010/top"",""solutions/game_2/single/rest-011011/bot""]}","[1,1,1,0,1,0]","[0,1,1,0,1,1]",0,1,5,1,home_win,home,0,75
8142,3,"{""series"":[""solutions/game_3/series/home_wins_1/rest-111101/top"",""solutions/game_3/series/home_wins_1/rest-110110/bot""],""single"":[""solutions/game_3/single/rest-111101/top"",""solutions/game_3/single/rest-110110/bot""]}","[1,1,1,1,0,1]","[1,1,0,1,1,0]",1,1,0,3,away_win,away,0,77
8142,4,"{""series"":[""solutions/game_4/series/home_wins_1/rest-110011/top"",""solutions/game_4/series/home_wins_1/rest-101011/bot""],""single"":[""solutions/game_4/single/rest-110011/top"",""solutions/game_4/single/rest-101011/bot""]}","[1,1,0,0,1,1]","[1,0,1,0,1,1]",1,2,5,4,home_win,home,0,82
8142,5,"{""series"":[""solutions/game_5/single/rest-011100/top"",""solutions/game_5/single/rest-110110/bot""],""single"":[""solutions/game_5/single/rest-011100/top"",""solutions/game_5/single/rest-110110/bot""]}","[0,1,1,1,0,0]","[1,1,0,1,1,0]",2,2,7,5,home_win,home,0,78
8143,1,"{""series"":[""solutions/game_1/series/rest-111111/top"",""solutions/game_1/series/rest-111111/bot""],""single"":[""solutions/game_1/single/rest-111111/top"",""solutions/game_1/single/rest-111111/bot""]}","[1,1,1,1,1,1]","[1,1,1,1,1,1]",0,0,1,2,away_win,away,0,83
8143,2,"{""series"":[""solutions/game_2/series/home_wins_0/rest-111001/top"",""solutions/game_2/series/home_wins_0/rest-000011/bot""],""single"":[""solutions/game_2/single/rest-111001/top"",""solutions/game_2/single/rest-000011/bot""]}","[1,1,1,0,0,1]","[0,0,0,0,1,1]",0,1,6,2,home_win,home,0,81
8143,3,"{""series"":[""solutions/game_3/series/home_wins_1/rest-011110/top"",""solutions/game_3/series/home_wins_1/rest-101100/bot""],""single"":[""solutions/game_3/single/rest-011110/top"",""solutions/game_3/single/rest-101100/bot""]}","[0,1,1,1,1,0]","[1,0,1,1,0,0]",1,1,8,6,home_win,home,0,87
8143,4,"{""series"":[""solutions/game_4/series/home_wins_2/rest-110111/top"",""solutions/game_4/series/home_wins_2/rest-111011/bot""],""single"":[""solutions/game_4/single/rest-110111/top"",""solutions/game_4/single/rest-111011/bot""]}","[1,1,0,1,1,1]","[1,1,1,0,1,1]",2,1,0,9,away_win,away,0,40
8143,5,"{""series"":[""solutions/game_5/single/rest-111111/top"",""solutions/game_5/single/rest-111111/bot""],""single"":[""solutions/game_5/single/rest-111111/top"",""solutions/game_5/single/rest-111111/bot""]}","[1,1,1,1,1,1]","[1,1,1,1,1,1]",2,2,7,2,home_win,home,0,81
8144,1,"{""series"":[""solutions/game_1/series/rest-111111/top"",""solutions/game_1/series/rest-111111/bot""],""single"":[""solutions/game_1/single/rest-111111/top"",""solutions/game_1/single/rest-111111/bot""]}","[1,1,1,1,1,1]","[1,1,1,1,1,1]",0,0,5,8,away_win,away,0,86
8144,2,"{""series"":[""solutions/game_2/series/home_wins_0/rest-101010/top"",""solutions/game_2/series/home_wins_0/rest-111110/bot""],""single"":[""solutions/game_2/single/rest-101010/top"",""solutions/game_2/single/rest-111110/bot""]}","[1,0,1,0,1,0]","[1,1,1,1,1,0]",0,1,9,4,home_win,home,0,83
8144,3,"{""series"":[""solutions/game_3/series/home_wins_1/rest-111101/top"",""solutions/game_3/series/home_wins_1/rest-100001/bot""],""single"":[""solutions/game_3/single/rest-111101/top"",""solutions/game_3/single/rest-100001/bot""]}","[1,1,1,1,0,1]","[1,0,0,0,0,1]",1,1,4,7,away_win,away,0,78
8144,4,"{""series"":[""solutions/game_4/series/home_wins_1/rest-110011/top"",""solutions/game_4/series/home_wins_1/rest-111111/bot""],""single"":[""solutions/game_4/single/rest-110011/top"",""solutions/game_4/single/rest-111111/bot""]}","[1,1,0,0,1,1]","[1,1,1,1,1,1]",1,2,5,2,home_win,home,0,73
8144,5,"{""series"":[""solutions/game_5/single/rest-111101/top"",""solutions/game_5/single/rest-001011/bot""],""single"":[""solutions/game_5/single/rest-111101/top"",""solutions/game_5/single/rest-001011/bot""]}","[1,1,1,1,0,1]","[0,0,1,0,1,1]",2,2,6,3,home_win,home,0,80
8145,1,"{""series"":[""solutions/game_1/series/rest-111111/top"",""solutions/game_1/series/rest-111111/bot""],""single"":[""solutions/game_1/single/rest-111111/top"",""solutions/game_1/single/rest-111111/bot""]}","[1,1,1,1,1,1]","[1,1,1,1,1,1]",0,0,5,14,away_win,away,0,65
8145,2,"{""series"":[""solutions/game_2/series/home_wins_0/rest-011111/top"",""solutions/game_2/series/home_wins_0/rest-111111/bot""],""single"":[""solutions/game_2/single/rest-011111/top"",""solutions/game_2/single/rest-111111/bot""]}","[0,1,1,1,1,1]","[1,1,1,1,1,1]",0,1,10,5,home_win,home,0,93
8145,3,"{""series"":[""solutions/game_3/series/home_wins_1/rest-011001/top"",""solutions/game_3/series/home_wins_1/rest-011000/bot""],""single"":[""solutions/game_3/single/rest-011001/top"",""solutions/game_3/single/rest-011000/bot""]}","[0,1,1,0,0,1]","[0,1,1,0,0,0]",1,1,2,5,away_win,away,0,78
8145,4,"{""series"":[""solutions/game_4/series/home_wins_1/rest-111100/top"",""solutions/game_4/series/home_wins_1/rest-111111/bot""],""single"":[""solutions/game_4/single/rest-111100/top"",""solutions/game_4/single/rest-111111/bot""]}","[1,1,1,1,0,0]","[1,1,1,1,1,1]",1,2,1,5,away_win,away,0,82
8145,5,"{""series"":[""solutions/game_5/single/rest-010011/top"",""solutions/game_5/single/rest-001110/bot""],""single"":[""solutions/game_5/single/rest-010011/top"",""solutions/game_5/single/rest-001110/bot""]}","[0,1,0,0,1,1]","[0,0,1,1,1,0]",1,3,1,3,away_win,away,1,78
8146,1,"{""series"":[""solutions/game_1/series/rest-111111/top"",""solutions/game_1/series/rest-111111/bot""],""single"":[""solutions/game_1/single/rest-111111/top"",""solutions/game_1/single/rest-111111/bot""]}","[1,1,1,1,1,1]","[1,1,1,1,1,1]",0,0,5,3,home_win,home,0,77
8146,2,"{""series"":[""solutions/game_2/series/home_wins_1/rest-110001/top"",""solutions/game_2/series/home_wins_1/rest-001111/bot""],""single"":[""solutions/game_2/single/rest-110001/top"",""solutions/game_2/single/rest-001111/bot""]}","[1,1,0,0,0,1]","[0,0,1,1,1,1]",1,0,3,5,away_win,away,0,77
8146,3,"{""series"":[""solutions/game_3/series/home_wins_1/rest-011110/top"",""solutions/game_3/series/home_wins_1/rest-011000/bot""],""single"":[""solutions/game_3/single/rest-011110/top"",""solutions/game_3/single/rest-011000/bot""]}","[0,1,1,1,1,0]","[0,1,1,0,0,0]",1,1,8,7,home_win,home,0,98
8146,4,"{""series"":[""solutions/game_4/series/home_wins_2/rest-110111/top"",""solutions/game_4/series/home_wins_2/rest-111111/bot""],""single"":[""solutions/game_4/single/rest-110111/top"",""solutions/game_4/single/rest-111111/bot""]}","[1,1,0,1,1,1]","[1,1,1,1,1,1]",2,1,1,9,away_win,away,0,56
8146,5,"{""series"":[""solutions/game_5/single/rest-111111/top"",""solutions/game_5/single/rest-111111/bot""],""single"":[""solutions/game_5/single/rest-111111/top"",""solutions/game_5/single/rest-111111/bot""]}","[1,1,1,1,1,1]","[1,1,1,1,1,1]",2,2,3,4,away_win,away,0,76
8147,1,"{""series"":[""solutions/game_1/series/rest-111111/top"",""solutions/game_1/series/rest-111111/bot""],""single"":[""solutions/game_1/single/rest-111111/top"",""solutions/game_1/single/rest-111111/bot""]}","[1,1,1,1,1,1]","[1,1,1,1,1,1]",0,0,5,1,home_win,home,0,74
8147,2,"{""series"":[""solutions/game_2/series/home_wins_1/rest-011011/top"",""solutions/game_2/series/home_wins_1/rest-001011/bot""],""single"":[""solutions/game_2/single/rest-011011/top"",""solutions/game_2/single/rest-001011/bot""]}","[0,1,1,0,1,1]","[0,0,1,0,1,1]",1,0,3,7,away_win,away,0,87
8147,3,"{""series"":[""solutions/game_3/series/home_wins_1/rest-111100/top"",""solutions/game_3/series/home_wins_1/rest-110100/bot""],""single"":[""solutions/game_3/single/rest-111100/top"",""solutions/game_3/single/rest-110100/bot""]}","[1,1,1,1,0,0]","[1,1,0,1,0,0]",1,1,2,7,away_win,away,0,81
8147,4,"{""series"":[""solutions/game_4/series/home_wins_1/rest-010111/top"",""solutions/game_4/series/home_wins_1/rest-001111/bot""],""single"":[""solutions/game_4/single/rest-010111/top"",""solutions/game_4/single/rest-001111/bot""]}","[0,1,0,1,1,1]","[0,0,1,1,1,1]",1,2,4,5,away_win,away,0,86
8147,5,"{""series"":[""solutions/game_5/single/rest-111100/top"",""solutions/game_5/single/rest-110011/bot""],""single"":[""solutions/game_5/single/rest-111100/top"",""solutions/game_5/single/rest-110011/bot""]}","[1,1,1,1,0,0]","[1,1,0,0,1,1]",1,3,2,10,away_win,away,1,36
8148,1,"{""series"":[""solutions/game_1/series/rest-111111/top"",""solutions/game_1/series/rest-111111/bot""],""single"":[""solutions/game_1/single/rest-111111/top"",""solutions/game_1/single/rest-111111/bot""]}","[1,1,1,1,1,1]","[1,1,1,1,1,1]",0,0,4,2,home_win,home,0,78
8148,2,"{""series"":[""solutions/game_2/series/home_wins_1/rest-111001/top"",""solutions/game_2/series/home_wins_1/rest-010011/bot""],""single"":[""solutions/game_2/single/rest-111001/top"",""solutions/game_2/single/rest-010011/bot""]}","[1,1,1,0,0,1]","[0,1,0,0,1,1]",1,0,3,6,away_win,away,0,82
8148,3,"{""series"":[""solutions/game_3/series/home_wins_1/rest-011110/top"",""solutions/game_3/series/home_wins_1/rest-101110/bot""],""single"":[""solutions/game_3/single/rest-011110/top"",""solutions/game_3/single/rest-101110/bot""]}","[0,1,1,1,1,0]","[1,0,1,1,1,0]",1,1,7,5,home_win,home,0,76
8148,4,"{""series"":[""solutions/game_4/series/home_wins_2/rest-111010/top"",""solutions/game_4/series/home_wins_2/rest-110100/bot""],""single"":[""solutions/game_4/single/rest-111010/top"",""solutions/game_4/single/rest-110100/bot""]}","[1,1,1,0,1,0]","[1,1,0,1,0,0]",2,1,0,8,away_win,away,0,67
8148,5,"{""series"":[""solutions/game_5/single/rest-101111/top"",""solutions/game_5/single/rest-011111/bot""],""single"":[""solutions/game_5/single/rest-101111/top"",""solutions/game_5/single/rest-011111/bot""]}","[1,0,1,1,1,1]","[0,1,1,1,1,1]",2,2,6,3,home_win,home,0,82
8149,1,"{""series"":[""solutions/game_1/series/rest-111111/top"",""solutions/game_1/series/rest-111111/bot""],""single"":[""solutions/game_1/single/rest-111111/top"",""solutions/game_1/single/rest-111111/bot""]}","[1,1,1,1,1,1]","[1,1,1,1,1,1]",0,0,8,3,home_win,home,0,83
8149,2,"{""series"":[""solutions/game_2/series/home_wins_1/rest-110101/top"",""solutions/game_2/series/home_wins_1/rest-011011/bot""],""single"":[""solutions/game_2/single/rest-110101/top"",""solutions/game_2/single/rest-011011/bot""]}","[1,1,0,1,0,1]","[0,1,1,0,1,1]",1,0,5,6,away_win,away,0,77
8149,3,"{""series"":[""solutions/game_3/series/home_wins_1/rest-011011/top"",""solutions/game_3/series/home_wins_1/rest-111100/bot""],""single"":[""solutions/game_3/single/rest-011011/top"",""solutions/game_3/single/rest-111100/bot""]}","[0,1,1,0,1,1]","[1,1,1,1,0,0]",1,1,4,8,away_win,away,0,87
8149,4,"{""series"":[""solutions/game_4/series/home_wins_1/rest-101011/top"",""solutions/game_4/series/home_wins_1/rest-101011/bot""],""single"":[""solutions/game_4/single/rest-101011/top"",""solutions/game_4/single/rest-101011/bot""]}","[1,0,1,0,1,1]","[1,0,1,0,1,1]",1,2,6,5,home_win,home,0,75
8149,5,"{""series"":[""solutions/game_5/single/rest-010110/top"",""solutions/game_5/single/rest-011111/bot""],""single"":[""solutions/game_5/single/rest-010110/top"",""solutions/game_5/single/rest-011111/bot""]}","[0,1,0,1,1,0]","[0,1,1,1,1,1]",2,2,9,8,home_win,home,0,93
8150,1,"{""series"":[""solutions/game_1/series/rest-111111/top"",""solutions/game_1/series/rest-111111/bot""],""single"":[""solutions/game_1/single/rest-111111/top"",""solutions/game_1/single/rest-111111/bot""]}","[1,1,1,1,1,1]","[1,1,1,1,1,1]",0,0,6,3,home_win,home,0,80
8150,2,"{""series"":[""solutions/game_2/series/home_wins_1/rest-111100/top"",""solutions/game_2/series/home_wins_1/rest-001110/bot""],""single"":[""solutions/game_2/single/rest-111100/top"",""solutions/game_2/single/rest-001110/bot""]}","[1,1,1,1,0,0]","[0,0,1,1,1,0]",1,0,6,5,home_win,home,0,90
8150,3,"{""series"":[""solutions/game_3/series/home_wins_2/rest-010111/top"",""solutions/game_3/series/home_wins_2/rest-110001/bot""],""single"":[""solutions/game_3/single/rest-010111/top"",""solutions/game_3/single/rest-110001/bot""]}","[0,1,0,1,1,1]","[1,1,0,0,0,1]",2,0,2,9,away_win,away,0,85
8150,4,"{""series"":[""solutions/game_4/series/home_wins_2/rest-111110/top"",""solutions/game_4/series/home_wins_2/rest-011110/bot""],""single"":[""solutions/game_4/single/rest-111110/top"",""solutions/game_4/single/rest-011110/bot""]}","[1,1,1,1,1,0]","[0,1,1,1,1,0]",2,1,2,5,away_win,away,0,82
8150,5,"{""series"":[""solutions/game_5/single/rest-101111/top"",""solutions/game_5/single/rest-101101/bot""],""single"":[""solutions/game_5/single/rest-101111/top"",""solutions/game_5/single/rest-101101/bot""]}","[1,0,1,1,1,1]","[1,0,1,1,0,1]",2,2,8,1,home_win,home,0,72
8151,1,"{""series"":[""solutions/game_1/series/rest-111111/top"",""solutions/game_1/series/rest-111111/bot""],""single"":[""solutions/game_1/single/rest-111111/top"",""solutions/game_1/single/rest-111111/bot""]}","[1,1,1,1,1,1]","[1,1,1,1,1,1]",0,0,6,13,away_win,away,0,100
8151,2,"{""series"":[""solutions/game_2/series/home_wins_0/rest-011111/top"",""solutions/game_2/series/home_wins_0/rest-011100/bot""],""single"":[""solutions/game_2/single/rest-011111/top"",""solutions/game_2/single/rest-011100/bot""]}","[0,1,1,1,1,1]","[0,1,1,1,0,0]",0,1,1,0,home_win,home,0,69
8151,3,"{""series"":[""solutions/game_3/series/home_wins_1/rest-111011/top"",""solutions/game_3/series/home_wins_1/rest-101011/bot""],""single"":[""solutions/game_3/single/rest-111011/top"",""solutions/game_3/single/rest-101011/bot""]}","[1,1,1,0,1,1]","[1,0,1,0,1,1]",1,1,3,4,away_win,away,0,77
8151,4,"{""series"":[""solutions/game_4/series/home_wins_1/rest-011100/top"",""solutions/game_4/series/home_wins_1/rest-010110/bot""],""single"":[""solutions/game_4/single/rest-011100/top"",""solutions/game_4/single/rest-010110/bot""]}","[0,1,1,1,0,0]","[0,1,0,1,1,0]",1,2,7,5,home_win,home,0,83
8151,5,"{""series"":[""solutions/game_5/single/rest-100111/top"",""solutions/game_5/single/rest-101111/bot""],""single"":[""solutions/game_5/single/rest-100111/top"",""solutions/game_5/single/rest-101111/bot""]}","[1,0,0,1,1,1]","[1,0,1,1,1,1]",2,2,5,6,away_win,away,0,88
8152,1,"{""series"":[""solutions/game_1/series/rest-111111/top"",""solutions/game_1/series/rest-111111/bot""],""single"":[""solutions/game_1/single/rest-111111/top"",""solutions/game_1/single/rest-111111/bot""]}","[1,1,1,1,1,1]","[1,1,1,1,1,1]",0,0,4,6,away_win,away,0,80
8152,2,"{""series"":[""solutions/game_2/series/home_wins_0/rest-111011/top"",""solutions/game_2/series/home_wins_0/rest-001011/bot""],""single"":[""solutions/game_2/single/rest-111011/top"",""solutions/game_2/single/rest-001011/bot""]}","[1,1,1,0,1,1]","[0,0,1,0,1,1]",0,1,6,1,home_win,home,0,80
8152,3,"{""series"":[""solutions/game_3/series/home_wins_1/rest-111111/top"",""solutions/game_3/series/home_wins_1/rest-110101/bot""],""single"":[""solutions/game_3/single/rest-111111/top"",""solutions/game_3/single/rest-110101/bot""]}","[1,1,1,1,1,1]","[1,1,0,1,0,1]",1,1,2,10,away_win,away,0,82
8152,4,"{""series"":[""solutions/game_4/series/home_wins_1/rest-111101/top"",""solutions/game_4/series/home_wins_1/rest-001111/bot""],""single"":[""solutions/game_4/single/rest-111101/top"",""solutions/game_4/single/rest-001111/bot""]}","[1,1,1,1,0,1]","[0,0,1,1,1,1]",1,2,12,6,home_win,home,0,94
8152,5,"{""series"":[""solutions/game_5/single/rest-111110/top"",""solutions/game_5/single/rest-111000/bot""],""single"":[""solutions/game_5/single/rest-111110/top"",""solutions/game_5/single/rest-111000/bot""]}","[1,1,1,1,1,0]","[1,1,1,0,0,0]",2,2,2,5,away_win,away,0,88
8153,1,"{""series"":[""solutions/game_1/series/rest-111111/top"",""solutions/game_1/series/rest-111111/bot""],""single"":[""solutions/game_1/single/rest-111111/top"",""solutions/game_1/single/rest-111111/bot""]}","[1,1,1,1,1,1]","[1,1,1,1,1,1]",0,0,4,9,away_win,away,0,91
8153,2,"{""series"":[""solutions/game_2/series/home_wins_0/rest-111100/top"",""solutions/game_2/series/home_wins_0/rest-001011/bot""],""single"":[""solutions/game_2/single/rest-111100/top"",""solutions/game_2/single/rest-001011/bot""]}","[1,1,1,1,0,0]","[0,0,1,0,1,1]",0,1,7,9,away_win,away,0,89
8153,3,"{""series"":[""solutions/game_3/series/home_wins_0/rest-000011/top"",""solutions/game_3/series/home_wins_0/rest-110101/bot""],""single"":[""solutions/game_3/single/rest-000011/top"",""solutions/game_3/single/rest-110101/bot""]}","[0,0,0,0,1,1]","[1,1,0,1,0,1]",0,2,0,8,away_win,away,0,41
8153,4,"{""series"":[""solutions/game_4/single/rest-001111/top"",""solutions/game_4/single/rest-111101/bot""],""single"":[""solutions/game_4/single/rest-001111/top"",""solutions/game_4/single/rest-111101/bot""]}","[0,0,1,1,1,1]","[1,1,1,1,0,1]",0,3,9,5,home_win,home,1,88
8153,5,"{""series"":[""solutions/game_5/single/rest-111101/top"",""solutions/game_5/single/rest-010010/bot""],""single"":[""solutions/game_5/single/rest-111101/top"",""solutions/game_5/single/rest-010010/bot""]}","[1,1,1,1,0,1]","[0,1,0,0,1,0]",1,3,8,3,home_win,home,1,86
8154,1,"{""series"":[""solutions/game_1/series/rest-111111/top"",""solutions/game_1/series/rest-111111/bot""],""single"":[""solutions/game_1/single/rest-111111/top"",""solutions/game_1/single/rest-111111/bot""]}","[1,1,1,1,1,1]","[1,1,1,1,1,1]",0,0,2,9,away_win,away,0,82
8154,2,"{""series"":[""solutions/game_2/series/home_wins_0/rest-111111/top"",""solutions/game_2/series/home_wins_0/rest-001111/bot""],""single"":[""solutions/game_2/single/rest-111111/top"",""solutions/game_2/single/rest-001111/bot""]}","[1,1,1,1,1,1]","[0,0,1,1,1,1]",0,1,5,3,home_win,home,0,73
8154,3,"{""series"":[""solutions/game_3/series/home_wins_1/rest-110101/top"",""solutions/game_3/series/home_wins_1/rest-110011/bot""],""single"":[""solutions/game_3/single/rest-110101/top"",""solutions/game_3/single/rest-110011/bot""]}","[1,1,0,1,0,1]","[1,1,0,0,1,1]",1,1,3,5,away_win,away,0,84
8154,4,"{""series"":[""solutions/game_4/series/home_wins_1/rest-101010/top"",""solutions/game_4/series/home_wins_1/rest-001110/bot""],""single"":[""solutions/game_4/single/rest-101010/top"",""solutions/game_4/single/rest-001110/bot""]}","[1,0,1,0,1,0]","[0,0,1,1,1,0]",1,2,9,0,home_win,home,0,74
8154,5,"{""series"":[""solutions/game_5/single/rest-101101/top"",""solutions/game_5/single/rest-110101/bot""],""single"":[""solutions/game_5/single/rest-101101/top"",""solutions/game_5/single/rest-110101/bot""]}","[1,0,1,1,0,1]","[1,1,0,1,0,1]",2,2,0,8,away_win,away,0,40
8155,1,"{""series"":[""solutions/game_1/series/rest-111111/top"",""solutions/game_1/series/rest-111111/bot""],""single"":[""solutions/game_1/single/rest-111111/top"",""solutions/game_1/single/rest-111111/bot""]}","[1,1,1,1,1,1]","[1,1,1,1,1,1]",0,0,3,13,away_win,away,0,59
8155,2,"{""series"":[""solutions/game_2/series/home_wins_0/rest-011110/top"",""solutions/game_2/series/home_wins_0/rest-111011/bot""],""single"":[""solutions/game_2/single/rest-011110/top"",""solutions/game_2/single/rest-111011/bot""]}","[0,1,1,1,1,0]","[1,1,1,0,1,1]",0,1,10,9,home_win,home,0,91
8155,3,"{""series"":[""solutions/game_3/series/home_wins_1/rest-110001/top"",""solutions/game_3/series/home_wins_1/rest-001101/bot""],""single"":[""solutions/game_3/single/rest-110001/top"",""solutions/game_3/single/rest-001101/bot""]}","[1,1,0,0,0,1]","[0,0,1,1,0,1]",1,1,5,6,away_win,away,0,93
8155,4,"{""series"":[""solutions/game_4/series/home_wins_1/rest-001010/top"",""solutions/game_4/series/home_wins_1/rest-110110/bot""],""single"":[""solutions/game_4/single/rest-001010/top"",""solutions/game_4/single/rest-110110/bot""]}","[0,0,1,0,1,0]","[1,1,0,1,1,0]",1,2,7,3,home_win,home,0,81
8155,5,"{""series"":[""solutions/game_5/single/rest-110111/top"",""solutions/game_5/single/rest-101001/bot""],""single"":[""solutions/game_5/single/rest-110111/top"",""solutions/game_5/single/rest-101001/bot""]}","[1,1,0,1,1,1]","[1,0,1,0,0,1]",2,2,8,3,home_win,home,0,79
8156,1,"{""series"":[""solutions/game_1/series/rest-111111/top"",""solutions/game_1/series/rest-111111/bot""],""single"":[""solutions/game_1/single/rest-111111/top"",""solutions/game_1/single/rest-111111/bot""]}","[1,1,1,1,1,1]","[1,1,1,1,1,1]",0,0,2,3,away_win,away,0,82
8156,2,"{""series"":[""solutions/game_2/series/home_wins_0/rest-111101/top"",""solutions/game_2/series/home_wins_0/rest-111011/bot""],""single"":[""solutions/game_2/single/rest-111101/top"",""solutions/game_2/single/rest-111011/bot""]}","[1,1,1,1,0,1]","[1,1,1,0,1,1]",0,1,3,9,away_win,away,0,84
8156,3,"{""series"":[""solutions/game_3/series/home_wins_0/rest-111111/top"",""solutions/game_3/series/home_wins_0/rest-001000/bot""],""single"":[""solutions/game_3/single/rest-111111/top"",""solutions/game_3/single/rest-001000/bot""]}","[1,1,1,1,1,1]","[0,0,1,0,0,0]",0,2,8,5,home_win,home,0,85
8156,4,"{""series"":[""solutions/game_4/series/home_wins_1/rest-011011/top"",""solutions/game_4/series/home_wins_1/rest-010111/bot""],""single"":[""solutions/game_4/single/rest-011011/top"",""solutions/game_4/single/rest-010111/bot""]}","[0,1,1,0,1,1]","[0,1,0,1,1,1]",1,2,1,6,away_win,away,0,78
8156,5,"{""series"":[""solutions/game_5/single/rest-110100/top"",""solutions/game_5/single/rest-101011/bot""],""single"":[""solutions/game_5/single/rest-110100/top"",""solutions/game_5/single/rest-101011/bot""]}","[1,1,0,1,0,0]","[1,0,1,0,1,1]",1,3,6,7,away_win,away,1,85
8157,1,"{""series"":[""solutions/game_1/series/rest-111111/top"",""solutions/game_1/series/rest-111111/bot""],""single"":[""solutions/game_1/single/rest-111111/top"",""solutions/game_1/single/rest-111111/bot""]}","[1,1,1,1,1,1]","[1,1,1,1,1,1]",0,0,4,3,home_win,home,0,79
8157,2,"{""series"":[""solutions/game_2/series/home_wins_1/rest-110101/top"",""solutions/game_2/series/home_wins_1/rest-101011/bot""],""single"":[""solutions/game_2/single/rest-110101/top"",""solutions/game_2/single/rest-101011/bot""]}","[1,1,0,1,0,1]","[1,0,1,0,1,1]",1,0,4,0,home_win,home,0,75
8157,3,"{""series"":[""solutions/game_3/series/home_wins_2/rest-011110/top"",""solutions/game_3/series/home_wins_2/rest-011110/bot""],""single"":[""solutions/game_3/single/rest-011110/top"",""solutions/game_3/single/rest-011110/bot""]}","[0,1,1,1,1,0]","[0,1,1,1,1,0]",2,0,4,3,home_win,home,0,90
8157,4,"{""series"":[""solutions/game_4/single/rest-101100/top"",""solutions/game_4/single/rest-110001/bot""],""single"":[""solutions/game_4/single/rest-101100/top"",""solutions/game_4/single/rest-110001/bot""]}","[1,0,1,1,0,0]","[1,1,0,0,0,1]",3,0,8,0,home_win,home,1,63
8157,5,"{""series"":[""solutions/game_5/single/rest-111011/top"",""solutions/game_5/single/rest-011100/bot""],""single"":[""solutions/game_5/single/rest-111011/top"",""solutions/game_5/single/rest-011100/bot""]}","[1,1,1,0,1,1]","[0,1,1,1,0,0]",4,0,4,3,home_win,home,1,83
8158,1,"{""series"":[""solutions/game_1/series/rest-111111/top"",""solutions/game_1/series/rest-111111/bot""],""single"":[""solutions/game_1/single/rest-111111/top"",""solutions/game_1/single/rest-111111/bot""]}","[1,1,1,1,1,1]","[1,1,1,1,1,1]",0,0,5,6,away_win,away,0,96
8158,2,"{""series"":[""solutions/game_2/series/home_wins_0/rest-010001/top"",""solutions/game_2/series/home_wins_0/rest-001000/bot""],""single"":[""solutions/game_2/single/rest-010001/top"",""solutions/game_2/single/rest-001000/bot""]}","[0,1,0,0,0,1]","[0,0,1,0,0,0]",0,1,3,13,away_win,away,0,69
8158,3,"{""series"":[""solutions/game_3/series/home_wins_0/rest-111100/top"",""solutions/game_3/series/home_wins_0/rest-111111/bot""],""single"":[""solutions/game_3/single/rest-111100/top"",""solutions/game_3/single/rest-111111/bot""]}","[1,1,1,1,0,0]","[1,1,1,1,1,1]",0,2,1,4,away_win,away,0,78
8158,4,"{""series"":[""solutions/game_4/single/rest-111011/top"",""solutions/game_4/single/rest-001011/bot""],""single"":[""solutions/game_4/single/rest-111011/top"",""solutions/game_4/single/rest-001011/bot""]}","[1,1,1,0,1,1]","[0,0,1,0,1,1]",0,3,4,6,away_win,away,1,85
8158,5,"{""series"":[""solutions/game_5/single/rest-100100/top"",""solutions/game_5/single/rest-010110/bot""],""single"":[""solutions/game_5/single/rest-100100/top"",""solutions/game_5/single/rest-010110/bot""]}","[1,0,0,1,0,0]","[0,1,0,1,1,0]",0,4,1,10,away_win,away,1,86
8159,1,"{""series"":[""solutions/game_1/series/rest-111111/top"",""solutions/game_1/series/rest-111111/bot""],""single"":[""solutions/game_1/single/rest-111111/top"",""solutions/game_1/single/rest-111111/bot""]}","[1,1,1,1,1,1]","[1,1,1,1,1,1]",0,0,1,2,away_win,away,0,73
8159,2,"{""series"":[""solutions/game_2/series/home_wins_0/rest-111001/top"",""solutions/game_2/series/home_wins_0/rest-001011/bot""],""single"":[""solutions/game_2/single/rest-111001/top"",""solutions/game_2/single/rest-001011/bot""]}","[1,1,1,0,0,1]","[0,0,1,0,1,1]",0,1,6,5,home_win,home,0,82
8159,3,"{""series"":[""solutions/game_3/series/home_wins_1/rest-000110/top"",""solutions/game_3/series/home_wins_1/rest-101100/bot""],""single"":[""solutions/game_3/single/rest-000110/top"",""solutions/game_3/single/rest-101100/bot""]}","[0,0,0,1,1,0]","[1,0,1,1,0,0]",1,1,7,6,home_win,home,0,89
8159,4,"{""series"":[""solutions/game_4/series/home_wins_2/rest-111001/top"",""solutions/game_4/series/home_wins_2/rest-010011/bot""],""single"":[""solutions/game_4/single/rest-111001/top"",""solutions/game_4/single/rest-010011/bot""]}","[1,1,1,0,0,1]","[0,1,0,0,1,1]",2,1,2,4,away_win,away,0,76
8159,5,"{""series"":[""solutions/game_5/single/rest-110111/top"",""solutions/game_5/single/rest-111111/bot""],""single"":[""solutions/game_5/single/rest-110111/top"",""solutions/game_5/single/rest-111111/bot""]}","[1,1,0,1,1,1]","[1,1,1,1,1,1]",2,2,5,4,home_win,home,0,81
8160,1,"{""series"":[""solutions/game_1/series/rest-111111/top"",""solutions/game_1/series/rest-111111/bot""],""single"":[""solutions/game_1/single/rest-111111/top"",""solutions/game_1/single/rest-111111/bot""]}","[1,1,1,1,1,1]","[1,1,1,1,1,1]",0,0,2,4,away_win,away,0,74
8160,2,"{""series"":[""solutions/game_2/series/home_wins_0/rest-011001/top"",""solutions/game_2/series/home_wins_0/rest-001011/bot""],""single"":[""solutions/game_2/single/rest-011001/top"",""solutions/game_2/single/rest-001011/bot""]}","[0,1,1,0,0,1]","[0,0,1,0,1,1]",0,1,3,1,home_win,home,0,75
8160,3,"{""series"":[""solutions/game_3/series/home_wins_1/rest-101110/top"",""solutions/game_3/series/home_wins_1/rest-011101/bot""],""single"":[""solutions/game_3/single/rest-101110/top"",""solutions/game_3/single/rest-011101/bot""]}","[1,0,1,1,1,0]","[0,1,1,1,0,1]",1,1,4,5,away_win,away,0,92
8160,4,"{""series"":[""solutions/game_4/series/home_wins_1/rest-110101/top"",""solutions/game_4/series/home_wins_1/rest-111111/bot""],""single"":[""solutions/game_4/single/rest-110101/top"",""solutions/game_4/single/rest-111111/bot""]}","[1,1,0,1,0,1]","[1,1,1,1,1,1]",1,2,3,4,away_win,away,0,79
8160,5,"{""series"":[""solutions/game_5/single/rest-001011/top"",""solutions/game_5/single/rest-001010/bot""],""single"":[""solutions/game_5/single/rest-001011/top"",""solutions/game_5/single/rest-001010/bot""]}","[0,0,1,0,1,1]","[0,0,1,0,1,0]",1,3,4,2,home_win,home,1,72
8161,1,"{""series"":[""solutions/game_1/series/rest-111111/top"",""solutions/game_1/series/rest-111111/bot""],""single"":[""solutions/game_1/single/rest-111111/top"",""solutions/game_1/single/rest-111111/bot""]}","[1,1,1,1,1,1]","[1,1,1,1,1,1]",0,0,0,8,away_win,away,0,45
8161,2,"{""series"":[""solutions/game_2/series/home_wins_0/rest-111111/top"",""solutions/game_2/series/home_wins_0/rest-111111/bot""],""single"":[""solutions/game_2/single/rest-111111/top"",""solutions/game_2/single/rest-111111/bot""]}","[1,1,1,1,1,1]","[1,1,1,1,1,1]",0,1,6,2,home_win,home,0,79
8161,3,"{""series"":[""solutions/game_3/series/home_wins_1/rest-111101/top"",""solutions/game_3/series/home_wins_1/rest-011110/bot""],""single"":[""solutions/game_3/single/rest-111101/top"",""solutions/game_3/single/rest-011110/bot""]}","[1,1,1,1,0,1]","[0,1,1,1,1,0]",1,1,8,0,home_win,home,0,31
8161,4,"{""series"":[""solutions/game_4/series/home_wins_2/rest-111111/top"",""solutions/game_4/series/home_wins_2/rest-111111/bot""],""single"":[""solutions/game_4/single/rest-111111/top"",""solutions/game_4/single/rest-111111/bot""]}","[1,1,1,1,1,1]","[1,1,1,1,1,1]",2,1,8,0,home_win,home,0,41
8161,5,"{""series"":[""solutions/game_5/single/rest-111111/top"",""solutions/game_5/single/rest-011111/bot""],""single"":[""solutions/game_5/single/rest-111111/top"",""solutions/game_5/single/rest-011111/bot""]}","[1,1,1,1,1,1]","[0,1,1,1,1,1]",3,1,8,7,home_win,home,1,92
8162,1,"{""series"":[""solutions/game_1/series/rest-111111/top"",""solutions/game_1/series/rest-111111/bot""],""single"":[""solutions/game_1/single/rest-111111/top"",""solutions/game_1/single/rest-111111/bot""]}","[1,1,1,1,1,1]","[1,1,1,1,1,1]",0,0,3,2,home_win,home,0,76
8162,2,"{""series"":[""solutions/game_2/series/home_wins_1/rest-111001/top"",""solutions/game_2/series/home_wins_1/rest-011011/bot""],""single"":[""solutions/game_2/single/rest-111001/top"",""solutions/game_2/single/rest-011011/bot""]}","[1,1,1,0,0,1]","[0,1,1,0,1,1]",1,0,6,5,home_win,home,0,98
8162,3,"{""series"":[""solutions/game_3/series/home_wins_2/rest-100101/top"",""solutions/game_3/series/home_wins_2/rest-010100/bot""],""single"":[""solutions/game_3/single/rest-100101/top"",""solutions/game_3/single/rest-010100/bot""]}","[1,0,0,1,0,1]","[0,1,0,1,0,0]",2,0,10,4,home_win,home,0,87
8162,4,"{""series"":[""solutions/game_4/single/rest-011011/top"",""solutions/game_4/single/rest-111011/bot""],""single"":[""solutions/game_4/single/rest-011011/top"",""solutions/game_4/single/rest-111011/bot""]}","[0,1,1,0,1,1]","[1,1,1,0,1,1]",3,0,6,5,home_win,home,1,96
8162,5,"{""series"":[""solutions/game_5/single/rest-110100/top"",""solutions/game_5/single/rest-010111/bot""],""single"":[""solutions/game_5/single/rest-110100/top"",""solutions/game_5/single/rest-010111/bot""]}","[1,1,0,1,0,0]","[0,1,0,1,1,1]",4,0,4,4,tie,home,1,89
8163,1,"{""series"":[""solutions/game_1/series/rest-111111/top"",""solutions/game_1/series/rest-111111/bot""],""single"":[""solutions/game_1/single/rest-111111/top"",""solutions/game_1/single/rest-111111/bot""]}","[1,1,1,1,1,1]","[1,1,1,1,1,1]",0,0,6,5,home_win,home,0,81
8163,2,"{""series"":[""solutions/game_2/series/home_wins_1/rest-111001/top"",""solutions/game_2/series/home_wins_1/rest-000110/bot""],""single"":[""solutions/game_2/single/rest-111001/top"",""solutions/game_2/single/rest-000110/bot""]}","[1,1,1,0,0,1]","[0,0,0,1,1,0]",1,0,6,8,away_win,away,0,87
8163,3,"{""series"":[""solutions/game_3/series/home_wins_1/rest-011111/top"",""solutions/game_3/series/home_wins_1/rest-111001/bot""],""single"":[""solutions/game_3/single/rest-011111/top"",""solutions/game_3/single/rest-111001/bot""]}","[0,1,1,1,1,1]","[1,1,1,0,0,1]",1,1,2,10,away_win,away,0,61
8163,4,"{""series"":[""solutions/game_4/series/home_wins_1/rest-111110/top"",""solutions/game_4/series/home_wins_1/rest-111111/bot""],""single"":[""solutions/game_4/single/rest-111110/top"",""solutions/game_4/single/rest-111111/bot""]}","[1,1,1,1,1,0]","[1,1,1,1,1,1]",1,2,3,6,away_win,away,0,88
8163,5,"{""series"":[""solutions/game_5/single/rest-111001/top"",""solutions/game_5/single/rest-001100/bot""],""single"":[""solutions/game_5/single/rest-111001/top"",""solutions/game_5/single/rest-001100/bot""]}","[1,1,1,0,0,1]","[0,0,1,1,0,0]",1,3,6,1,home_win,home,1,80
8164,1,"{""series"":[""solutions/game_1/series/rest-111111/top"",""solutions/game_1/series/rest-111111/bot""],""single"":[""solutions/game_1/single/rest-111111/top"",""solutions/game_1/single/rest-111111/bot""]}","[1,1,1,1,1,1]","[1,1,1,1,1,1]",0,0,5,3,home_win,home,0,77
8164,2,"{""series"":[""solutions/game_2/series/home_wins_1/rest-110011/top"",""solutions/game_2/series/home_wins_1/rest-110111/bot""],""single"":[""solutions/game_2/single/rest-110011/top"",""solutions/game_2/single/rest-110111/bot""]}","[1,1,0,0,1,1]","[1,1,0,1,1,1]",1,0,2,1,home_win,home,0,71
8164,3,"{""series"":[""solutions/game_3/series/home_wins_2/rest-111110/top"",""solutions/game_3/series/home_wins_2/rest-001011/bot""],""single"":[""solutions/game_3/single/rest-111110/top"",""solutions/game_3/single/rest-001011/bot""]}","[1,1,1,1,1,0]","[0,0,1,0,1,1]",2,0,5,6,away_win,away,0,80
8164,4,"{""series"":[""solutions/game_4/series/home_wins_2/rest-001101/top"",""solutions/game_4/series/home_wins_2/rest-111111/bot""],""single"":[""solutions/game_4/single/rest-001101/top"",""solutions/game_4/single/rest-111111/bot""]}","[0,0,1,1,0,1]","[1,1,1,1,1,1]",2,1,2,3,away_win,away,0,86
8164,5,"{""series"":[""solutions/game_5/single/rest-110010/top"",""solutions/game_5/single/rest-011010/bot""],""single"":[""solutions/game_5/single/rest-110010/top"",""solutions/game_5/single/rest-011010/bot""]}","[1,1,0,0,1,0]","[0,1,1,0,1,0]",2,2,1,6,away_win,away,0,77
8165,1,"{""series"":[""solutions/game_1/series/rest-111111/top"",""solutions/game_1/series/rest-111111/bot""],""single"":[""solutions/game_1/single/rest-111111/top"",""solutions/game_1/single/rest-111111/bot""]}","[1,1,1,1,1,1]","[1,1,1,1,1,1]",0,0,8,5,home_win,home,0,81
8165,2,"{""series"":[""solutions/game_2/series/home_wins_1/rest-110101/top"",""solutions/game_2/series/home_wins_1/rest-101011/bot""],""single"":[""solutions/game_2/single/rest-110101/top"",""solutions/game_2/single/rest-101011/bot""]}","[1,1,0,1,0,1]","[1,0,1,0,1,1]",1,0,2,0,home_win,home,0,71
8165,3,"{""series"":[""solutions/game_3/series/home_wins_2/rest-011110/top"",""solutions/game_3/series/home_wins_2/rest-011111/bot""],""single"":[""solutions/game_3/single/rest-011110/top"",""solutions/game_3/single/rest-011111/bot""]}","[0,1,1,1,1,0]","[0,1,1,1,1,1]",2,0,1,9,away_win,away,0,83
8165,4,"{""series"":[""solutions/game_4/series/home_wins_2/rest-101011/top"",""solutions/game_4/series/home_wins_2/rest-111111/bot""],""single"":[""solutions/game_4/single/rest-101011/top"",""solutions/game_4/single/rest-111111/bot""]}","[1,0,1,0,1,1]","[1,1,1,1,1,1]",2,1,3,1,home_win,home,0,65
8165,5,"{""series"":[""solutions/game_5/single/rest-110101/top"",""solutions/game_5/single/rest-000011/bot""],""single"":[""solutions/game_5/single/rest-110101/top"",""solutions/game_5/single/rest-000011/bot""]}","[1,1,0,1,0,1]","[0,0,0,0,1,1]",3,1,3,9,away_win,away,1,91
8166,1,"{""series"":[""solutions/game_1/series/rest-111111/top"",""solutions/game_1/series/rest-111111/bot""],""single"":[""solutions/game_1/single/rest-111111/top"",""solutions/game_1/single/rest-111111/bot""]}","[1,1,1,1,1,1]","[1,1,1,1,1,1]",0,0,2,4,away_win,away,0,78
8166,2,"{""series"":[""solutions/game_2/series/home_wins_0/rest-011011/top"",""solutions/game_2/series/home_wins_0/rest-001010/bot""],""single"":[""solutions/game_2/single/rest-011011/top"",""solutions/game_2/single/rest-001010/bot""]}","[0,1,1,0,1,1]","[0,0,1,0,1,0]",0,1,4,2,home_win,home,0,74
8166,3,"{""series"":[""solutions/game_3/series/home_wins_1/rest-111100/top"",""solutions/game_3/series/home_wins_1/rest-111111/bot""],""single"":[""solutions/game_3/single/rest-111100/top"",""solutions/game_3/single/rest-111111/bot""]}","[1,1,1,1,0,0]","[1,1,1,1,1,1]",1,1,3,7,away_win,away,0,89
8166,4,"{""series"":[""solutions/game_4/series/home_wins_1/rest-011011/top"",""solutions/game_4/series/home_wins_1/rest-011010/bot""],""single"":[""solutions/game_4/single/rest-011011/top"",""solutions/game_4/single/rest-011010/bot""]}","[0,1,1,0,1,1]","[0,1,1,0,1,0]",1,2,0,8,away_win,away,0,25
8166,5,"{""series"":[""solutions/game_5/single/rest-011011/top"",""solutions/game_5/single/rest-111111/bot""],""single"":[""solutions/game_5/single/rest-011011/top"",""solutions/game_5/single/rest-111111/bot""]}","[0,1,1,0,1,1]","[1,1,1,1,1,1]",1,3,3,3,tie,home,1,92
8167,1,"{""series"":[""solutions/game_1/series/rest-111111/top"",""solutions/game_1/series/rest-111111/bot""],""single"":[""solutions/game_1/single/rest-111111/top"",""solutions/game_1/single/rest-111111/bot""]}","[1,1,1,1,1,1]","[1,1,1,1,1,1]",0,0,2,5,away_win,away,0,81
8167,2,"{""series"":[""solutions/game_2/series/home_wins_0/rest-011111/top"",""solutions/game_2/series/home_wins_0/rest-001010/bot""],""single"":[""solutions/game_2/single/rest-011111/top"",""solutions/game_2/single/rest-001010/bot""]}","[0,1,1,1,1,1]","[0,0,1,0,1,0]",0,1,8,0,home_win,home,0,46
8167,3,"{""series"":[""solutions/game_3/series/home_wins_1/rest-111111/top"",""solutions/game_3/series/home_wins_1/rest-111111/bot""],""single"":[""solutions/game_3/single/rest-111111/top"",""solutions/game_3/single/rest-111111/bot""]}","[1,1,1,1,1,1]","[1,1,1,1,1,1]",1,1,1,3,away_win,away,0,83
8167,4,"{""series"":[""solutions/game_4/series/home_wins_1/rest-110011/top"",""solutions/game_4/series/home_wins_1/rest-001110/bot""],""single"":[""solutions/game_4/single/rest-110011/top"",""solutions/game_4/single/rest-001110/bot""]}","[1,1,0,0,1,1]","[0,0,1,1,1,0]",1,2,6,5,home_win,home,0,73
8167,5,"{""series"":[""solutions/game_5/single/rest-111110/top"",""solutions/game_5/single/rest-110011/bot""],""single"":[""solutions/game_5/single/rest-111110/top"",""solutions/game_5/single/rest-110011/bot""]}","[1,1,1,1,1,0]","[1,1,0,0,1,1]",2,2,9,6,home_win,home,0,84
8168,1,"{""series"":[""solutions/game_1/series/rest-111111/top"",""solutions/game_1/series/rest-111111/bot""],""single"":[""solutions/game_1/single/rest-111111/top"",""solutions/game_1/single/rest-111111/bot""]}","[1,1,1,1,1,1]","[1,1,1,1,1,1]",0,0,9,0,home_win,home,0,43
8168,2,"{""series"":[""solutions/game_2/series/home_wins_1/rest-111111/top"",""solutions/game_2/series/home_wins_1/rest-111011/bot""],""single"":[""solutions/game_2/single/rest-111111/top"",""solutions/game_2/single/rest-111011/bot""]}","[1,1,1,1,1,1]","[1,1,1,0,1,1]",1,0,0,8,away_win,away,0,40
8168,3,"{""series"":[""solutions/game_3/series/home_wins_1/rest-111111/top"",""solutions/game_3/series/home_wins_1/rest-111111/bot""],""single"":[""solutions/game_3/single/rest-111111/top"",""solutions/game_3/single/rest-111111/bot""]}","[1,1,1,1,1,1]","[1,1,1,1,1,1]",1,1,4,0,home_win,home,0,79
8168,4,"{""series"":[""solutions/game_4/series/home_wins_2/rest-111001/top"",""solutions/game_4/series/home_wins_2/rest-111010/bot""],""single"":[""solutions/game_4/single/rest-111001/top"",""solutions/game_4/single/rest-111010/bot""]}","[1,1,1,0,0,1]","[1,1,1,0,1,0]",2,1,3,11,away_win,away,0,86
8168,5,"{""series"":[""solutions/game_5/single/rest-110110/top"",""solutions/game_5/single/rest-100101/bot""],""single"":[""solutions/game_5/single/rest-110110/top"",""solutions/game_5/single/rest-100101/bot""]}","[1,1,0,1,1,0]","[1,0,0,1,0,1]",2,2,0,8,away_win,away,0,52
8169,1,"{""series"":[""solutions/game_1/series/rest-111111/top"",""solutions/game_1/series/rest-111111/bot""],""single"":[""solutions/game_1/single/rest-111111/top"",""solutions/game_1/single/rest-111111/bot""]}","[1,1,1,1,1,1]","[1,1,1,1,1,1]",0,0,2,4,away_win,away,0,79
8169,2,"{""series"":[""solutions/game_2/series/home_wins_0/rest-001111/top"",""solutions/game_2/series/home_wins_0/rest-001010/bot""],""single"":[""solutions/game_2/single/rest-001111/top"",""solutions/game_2/single/rest-001010/bot""]}","[0,0,1,1,1,1]","[0,0,1,0,1,0]",0,1,11,7,home_win,home,0,87
8169,3,"{""series"":[""solutions/game_3/series/home_wins_1/rest-111011/top"",""solutions/game_3/series/home_wins_1/rest-000111/bot""],""single"":[""solutions/game_3/single/rest-111011/top"",""solutions/game_3/single/rest-000111/bot""]}","[1,1,1,0,1,1]","[0,0,0,1,1,1]",1,1,12,3,home_win,home,0,64
8169,4,"{""series"":[""solutions/game_4/series/home_wins_2/rest-101111/top"",""solutions/game_4/series/home_wins_2/rest-000111/bot""],""single"":[""solutions/game_4/single/rest-101111/top"",""solutions/game_4/single/rest-000111/bot""]}","[1,0,1,1,1,1]","[0,0,0,1,1,1]",2,1,0,4,away_win,away,0,79
8169,5,"{""series"":[""solutions/game_5/single/rest-011101/top"",""solutions/game_5/single/rest-111010/bot""],""single"":[""solutions/game_5/single/rest-011101/top"",""solutions/game_5/single/rest-111010/bot""]}","[0,1,1,1,0,1]","[1,1,1,0,1,0]",2,2,3,4,away_win,away,0,81
8170,1,"{""series"":[""solutions/game_1/series/rest-111111/top"",""solutions/game_1/series/rest-111111/bot""],""single"":[""solutions/game_1/single/rest-111111/top"",""solutions/game_1/single/rest-111111/bot""]}","[1,1,1,1,1,1]","[1,1,1,1,1,1]",0,0,6,4,home_win,home,0,86
8170,2,"{""series"":[""solutions/game_2/series/home_wins_1/rest-110100/top"",""solutions/game_2/series/home_wins_1/rest-111111/bot""],""single"":[""solutions/game_2/single/rest-110100/top"",""solutions/game_2/single/rest-111111/bot""]}","[1,1,0,1,0,0]","[1,1,1,1,1,1]",1,0,11,9,home_win,home,0,94
8170,3,"{""series"":[""solutions/game_3/series/home_wins_2/rest-101000/top"",""solutions/game_3/series/home_wins_2/rest-011000/bot""],""single"":[""solutions/game_3/single/rest-101000/top"",""solutions/game_3/single/rest-011000/bot""]}","[1,0,1,0,0,0]","[0,1,1,0,0,0]",2,0,8,1,home_win,home,0,82
8170,4,"{""series"":[""solutions/game_4/single/rest-011111/top"",""solutions/game_4/single/rest-110111/bot""],""single"":[""solutions/game_4/single/rest-011111/top"",""solutions/game_4/single/rest-110111/bot""]}","[0,1,1,1,1,1]","[1,1,0,1,1,1]",3,0,6,5,home_win,home,1,77
8170,5,"{""series"":[""solutions/game_5/single/rest-111001/top"",""solutions/game_5/single/rest-111011/bot""],""single"":[""solutions/game_5/single/rest-111001/top"",""solutions/game_5/single/rest-111011/bot""]}","[1,1,1,0,0,1]","[1,1,1,0,1,1]",4,0,3,7,away_win,away,1,88
8171,1,"{""series"":[""solutions/game_1/series/rest-111111/top"",""solutions/game_1/series/rest-111111/bot""],""single"":[""solutions/game_1/single/rest-111111/top"",""solutions/game_1/single/rest-111111/bot""]}","[1,1,1,1,1,1]","[1,1,1,1,1,1]",0,0,10,14,away_win,away,0,110
8171,2,"{""series"":[""solutions/game_2/series/home_wins_0/rest-010101/top"",""solutions/game_2/series/home_wins_0/rest-001100/bot""],""single"":[""solutions/game_2/single/rest-010101/top"",""solutions/game_2/single/rest-001100/bot""]}","[0,1,0,1,0,1]","[0,0,1,1,0,0]",0,1,7,5,home_win,home,0,75
8171,3,"{""series"":[""solutions/game_3/series/home_wins_1/rest-011010/top"",""solutions/game_3/series/home_wins_1/rest-100011/bot""],""single"":[""solutions/game_3/single/rest-011010/top"",""solutions/game_3/single/rest-100011/bot""]}","[0,1,1,0,1,0]","[1,0,0,0,1,1]",1,1,9,6,home_win,home,0,83
8171,4,"{""series"":[""solutions/game_4/series/home_wins_2/rest-100110/top"",""solutions/game_4/series/home_wins_2/rest-111110/bot""],""single"":[""solutions/game_4/single/rest-100110/top"",""solutions/game_4/single/rest-111110/bot""]}","[1,0,0,1,1,0]","[1,1,1,1,1,0]",2,1,9,6,home_win,home,0,90
8171,5,"{""series"":[""solutions/game_5/single/rest-111001/top"",""solutions/game_5/single/rest-000010/bot""],""single"":[""solutions/game_5/single/rest-111001/top"",""solutions/game_5/single/rest-000010/bot""]}","[1,1,1,0,0,1]","[0,0,0,0,1,0]",3,1,9,8,home_win,home,1,89
8172,1,"{""series"":[""solutions/game_1/series/rest-111111/top"",""solutions/game_1/series/rest-111111/bot""],""single"":[""solutions/game_1/single/rest-111111/top"",""solutions/game_1/single/rest-111111/bot""]}","[1,1,1,1,1,1]","[1,1,1,1,1,1]",0,0,5,4,home_win,home,0,76
8172,2,"{""series"":[""solutions/game_2/series/home_wins_1/rest-010111/top"",""solutions/game_2/series/home_wins_1/rest-001011/bot""],""single"":[""solutions/game_2/single/rest-010111/top"",""solutions/game_2/single/rest-001011/bot""]}","[0,1,0,1,1,1]","[0,0,1,0,1,1]",1,0,7,2,home_win,home,0,74
8172,3,"{""series"":[""solutions/game_3/series/home_wins_2/rest-111010/top"",""solutions/game_3/series/home_wins_2/rest-111110/bot""],""single"":[""solutions/game_3/single/rest-111010/top"",""solutions/game_3/single/rest-111110/bot""]}","[1,1,1,0,1,0]","[1,1,1,1,1,0]",2,0,5,4,home_win,home,0,83
8172,4,"{""series"":[""solutions/game_4/single/rest-100111/top"",""solutions/game_4/single/rest-101011/bot""],""single"":[""solutions/game_4/single/rest-100111/top"",""solutions/game_4/single/rest-101011/bot""]}","[1,0,0,1,1,1]","[1,0,1,0,1,1]",3,0,8,0,home_win,home,1,43
8172,5,"{""series"":[""solutions/game_5/single/rest-101111/top"",""solutions/game_5/single/rest-111111/bot""],""single"":[""solutions/game_5/single/rest-101111/top"",""solutions/game_5/single/rest-111111/bot""]}","[1,0,1,1,1,1]","[1,1,1,1,1,1]",4,0,7,5,home_win,home,1,91
8173,1,"{""series"":[""solutions/game_1/series/rest-111111/top"",""solutions/game_1/series/rest-111111/bot""],""single"":[""solutions/game_1/single/rest-111111/top"",""solutions/game_1/single/rest-111111/bot""]}","[1,1,1,1,1,1]","[1,1,1,1,1,1]",0,0,10,9,home_win,home,0,98
8173,2,"{""series"":[""solutions/game_2/series/home_wins_1/rest-111000/top"",""solutions/game_2/series/home_wins_1/rest-001000/bot""],""single"":[""solutions/game_2/single/rest-111000/top"",""solutions/game_2/single/rest-001000/bot""]}","[1,1,1,0,0,0]","[0,0,1,0,0,0]",1,0,6,2,home_win,home,0,86
8173,3,"{""series"":[""solutions/game_3/series/home_wins_2/rest-000111/top"",""solutions/game_3/series/home_wins_2/rest-110111/bot""],""single"":[""solutions/game_3/single/rest-000111/top"",""solutions/game_3/single/rest-110111/bot""]}","[0,0,0,1,1,1]","[1,1,0,1,1,1]",2,0,12,13,away_win,away,0,110
8173,4,"{""series"":[""solutions/game_4/series/home_wins_2/rest-101000/top"",""solutions/game_4/series/home_wins_2/rest-100000/bot""],""single"":[""solutions/game_4/single/rest-101000/top"",""solutions/game_4/single/rest-100000/bot""]}","[1,0,1,0,0,0]","[1,0,0,0,0,0]",2,1,9,1,home_win,home,0,81
8173,5,"{""series"":[""solutions/game_5/single/rest-010111/top"",""solutions/game_5/single/rest-011111/bot""],""single"":[""solutions/game_5/single/rest-010111/top"",""solutions/game_5/single/rest-011111/bot""]}","[0,1,0,1,1,1]","[0,1,1,1,1,1]",3,1,10,2,home_win,home,1,70
8174,1,"{""series"":[""solutions/game_1/series/rest-111111/top"",""solutions/game_1/series/rest-111111/bot""],""single"":[""solutions/game_1/single/rest-111111/top"",""solutions/game_1/single/rest-111111/bot""]}","[1,1,1,1,1,1]","[1,1,1,1,1,1]",0,0,7,10,away_win,away,0,96
8174,2,"{""series"":[""solutions/game_2/series/home_wins_0/rest-110011/top"",""solutions/game_2/series/home_wins_0/rest-111110/bot""],""single"":[""solutions/game_2/single/rest-110011/top"",""solutions/game_2/single/rest-111110/bot""]}","[1,1,0,0,1,1]","[1,1,1,1,1,0]",0,1,8,5,home_win,home,0,86
8174,3,"{""series"":[""solutions/game_3/series/home_wins_1/rest-111111/top"",""solutions/game_3/series/home_wins_1/rest-010101/bot""],""single"":[""solutions/game_3/single/rest-111111/top"",""solutions/game_3/single/rest-010101/bot""]}","[1,1,1,1,1,1]","[0,1,0,1,0,1]",1,1,4,2,home_win,home,0,83
8174,4,"{""series"":[""solutions/game_4/series/home_wins_2/rest-111001/top"",""solutions/game_4/series/home_wins_2/rest-101010/bot""],""single"":[""solutions/game_4/single/rest-111001/top"",""solutions/game_4/single/rest-101010/bot""]}","[1,1,1,0,0,1]","[1,0,1,0,1,0]",2,1,4,8,away_win,away,0,79
8174,5,"{""series"":[""solutions/game_5/single/rest-111111/top"",""solutions/game_5/single/rest-110111/bot""],""single"":[""solutions/game_5/single/rest-111111/top"",""solutions/game_5/single/rest-110111/bot""]}","[1,1,1,1,1,1]","[1,1,0,1,1,1]",2,2,6,4,home_win,home,0,81
8175,1,"{""series"":[""solutions/game_1/series/rest-111111/top"",""solutions/game_1/series/rest-111111/bot""],""single"":[""solutions/game_1/single/rest-111111/top"",""solutions/game_1/single/rest-111111/bot""]}","[1,1,1,1,1,1]","[1,1,1,1,1,1]",0,0,4,5,away_win,away,0,85
8175,2,"{""series"":[""solutions/game_2/series/home_wins_0/rest-111111/top"",""solutions/game_2/series/home_wins_0/rest-001010/bot""],""single"":[""solutions/game_2/single/rest-111111/top"",""solutions/game_2/single/rest-001010/bot""]}","[1,1,1,1,1,1]","[0,0,1,0,1,0]",0,1,3,5,away_win,away,0,86
8175,3,"{""series"":[""solutions/game_3/series/home_wins_0/rest-011001/top"",""solutions/game_3/series/home_wins_0/rest-111111/bot""],""single"":[""solutions/game_3/single/rest-011001/top"",""solutions/game_3/single/rest-111111/bot""]}","[0,1,1,0,0,1]","[1,1,1,1,1,1]",0,2,4,7,away_win,away,0,88
8175,4,"{""series"":[""solutions/game_4/single/rest-110101/top"",""solutions/game_4/single/rest-011110/bot""],""single"":[""solutions/game_4/single/rest-110101/top"",""solutions/game_4/single/rest-011110/bot""]}","[1,1,0,1,0,1]","[0,1,1,1,1,0]",0,3,1,6,away_win,away,1,80
8175,5,"{""series"":[""solutions/game_5/single/rest-011000/top"",""solutions/game_5/single/rest-001101/bot""],""single"":[""solutions/game_5/single/rest-011000/top"",""solutions/game_5/single/rest-001101/bot""]}","[0,1,1,0,0,0]","[0,0,1,1,0,1]",0,4,6,8,away_win,away,1,93
8176,1,"{""series"":[""solutions/game_1/series/rest-111111/top"",""solutions/game_1/series/rest-111111/bot""],""single"":[""solutions/game_1/single/rest-111111/top"",""solutions/game_1/single/rest-111111/bot""]}","[1,1,1,1,1,1]","[1,1,1,1,1,1]",0,0,7,5,home_win,home,0,88
8176,2,"{""series"":[""solutions/game_2/series/home_wins_1/rest-011011/top"",""solutions/game_2/series/home_wins_1/rest-100111/bot""],""single"":[""solutions/game_2/single/rest-011011/top"",""solutions/game_2/single/rest-100111/bot""]}","[0,1,1,0,1,1]","[1,0,0,1,1,1]",1,0,5,4,home_win,home,0,84
8176,3,"{""series"":[""solutions/game_3/series/home_wins_2/rest-110100/top"",""solutions/game_3/series/home_wins_2/rest-011010/bot""],""single"":[""solutions/game_3/single/rest-110100/top"",""solutions/game_3/single/rest-011010/bot""]}","[1,1,0,1,0,0]","[0,1,1,0,1,0]",2,0,5,1,home_win,home,0,72
8176,4,"{""series"":[""solutions/game_4/single/rest-110011/top"",""solutions/game_4/single/rest-101101/bot""],""single"":[""solutions/game_4/single/rest-110011/top"",""solutions/game_4/single/rest-101101/bot""]}","[1,1,0,0,1,1]","[1,0,1,1,0,1]",3,0,5,4,home_win,home,1,79
8176,5,"{""series"":[""solutions/game_5/single/rest-001101/top"",""solutions/game_5/single/rest-100010/bot""],""single"":[""solutions/game_5/single/rest-001101/top"",""solutions/game_5/single/rest-100010/bot""]}","[0,0,1,1,0,1]","[1,0,0,0,1,0]",4,0,13,12,home_win,home,1,92
8177,1,"{""series"":[""solutions/game_1/series/rest-111111/top"",""solutions/game_1/series/rest-111111/bot""],""single"":[""solutions/game_1/single/rest-111111/top"",""solutions/game_1/single/rest-111111/bot""]}","[1,1,1,1,1,1]","[1,1,1,1,1,1]",0,0,5,7,away_win,away,0,86
8177,2,"{""series"":[""solutions/game_2/series/home_wins_0/rest-111011/top"",""solutions/game_2/series/home_wins_0/rest-011110/bot""],""single"":[""solutions/game_2/single/rest-111011/top"",""solutions/game_2/single/rest-011110/bot""]}","[1,1,1,0,1,1]","[0,1,1,1,1,0]",0,1,11,3,home_win,home,0,44
8177,3,"{""series"":[""solutions/game_3/series/home_wins_1/rest-111111/top"",""solutions/game_3/series/home_wins_1/rest-111111/bot""],""single"":[""solutions/game_3/single/rest-111111/top"",""solutions/game_3/single/rest-111111/bot""]}","[1,1,1,1,1,1]","[1,1,1,1,1,1]",1,1,6,4,home_win,home,0,80
8177,4,"{""series"":[""solutions/game_4/series/home_wins_2/rest-110101/top"",""solutions/game_4/series/home_wins_2/rest-001110/bot""],""single"":[""solutions/game_4/single/rest-110101/top"",""solutions/game_4/single/rest-001110/bot""]}","[1,1,0,1,0,1]","[0,0,1,1,1,0]",2,1,3,1,home_win,home,0,68
8177,5,"{""series"":[""solutions/game_5/single/rest-111011/top"",""solutions/game_5/single/rest-111001/bot""],""single"":[""solutions/game_5/single/rest-111011/top"",""solutions/game_5/single/rest-111001/bot""]}","[1,1,1,0,1,1]","[1,1,1,0,0,1]",3,1,8,2,home_win,home,1,76
8178,1,"{""series"":[""solutions/game_1/series/rest-111111/top"",""solutions/game_1/series/rest-111111/bot""],""single"":[""solutions/game_1/single/rest-111111/top"",""solutions/game_1/single/rest-111111/bot""]}","[1,1,1,1,1,1]","[1,1,1,1,1,1]",0,0,3,5,away_win,away,0,79
8178,2,"{""series"":[""solutions/game_2/series/home_wins_0/rest-010111/top"",""solutions/game_2/series/home_wins_0/rest-001011/bot""],""single"":[""solutions/game_2/single/rest-010111/top"",""solutions/game_2/single/rest-001011/bot""]}","[0,1,0,1,1,1]","[0,0,1,0,1,1]",0,1,4,15,away_win,away,0,75
8178,3,"{""series"":[""solutions/game_3/series/home_wins_0/rest-101100/top"",""solutions/game_3/series/home_wins_0/rest-111101/bot""],""single"":[""solutions/game_3/single/rest-101100/top"",""solutions/game_3/single/rest-111101/bot""]}","[1,0,1,1,0,0]","[1,1,1,1,0,1]",0,2,1,11,away_win,away,0,69
8178,4,"{""series"":[""solutions/game_4/single/rest-010001/top"",""solutions/game_4/single/rest-111011/bot""],""single"":[""solutions/game_4/single/rest-010001/top"",""solutions/game_4/single/rest-111011/bot""]}","[0,1,0,0,0,1]","[1,1,1,0,1,1]",0,3,5,2,home_win,home,1,80
8178,5,"{""series"":[""solutions/game_5/single/rest-111110/top"",""solutions/game_5/single/rest-100011/bot""],""single"":[""solutions/game_5/single/rest-111110/top"",""solutions/game_5/single/rest-100011/bot""]}","[1,1,1,1,1,0]","[1,0,0,0,1,1]",1,3,4,5,away_win,away,1,83
8179,1,"{""series"":[""solutions/game_1/series/rest-111111/top"",""solutions/game_1/series/rest-111111/bot""],""single"":[""solutions/game_1/single/rest-111111/top"",""solutions/game_1/single/rest-111111/bot""]}","[1,1,1,1,1,1]","[1,1,1,1,1,1]",0,0,3,1,home_win,home,0,79
8179,2,"{""series"":[""solutions/game_2/series/home_wins_1/rest-110101/top"",""solutions/game_2/series/home_wins_1/rest-001011/bot""],""single"":[""solutions/game_2/single/rest-110101/top"",""solutions/game_2/single/rest-001011/bot""]}","[1,1,0,1,0,1]","[0,0,1,0,1,1]",1,0,5,5,tie,home,0,87
8179,3,"{""series"":[""solutions/game_3/series/home_wins_2/rest-101001/top"",""solutions/game_3/series/home_wins_2/rest-110100/bot""],""single"":[""solutions/game_3/single/rest-101001/top"",""solutions/game_3/single/rest-110100/bot""]}","[1,0,1,0,0,1]","[1,1,0,1,0,0]",2,0,3,6,away_win,away,0,82
8179,4,"{""series"":[""solutions/game_4/series/home_wins_2/rest-011110/top"",""solutions/game_4/series/home_wins_2/rest-101011/bot""],""single"":[""solutions/game_4/single/rest-011110/top"",""solutions/game_4/single/rest-101011/bot""]}","[0,1,1,1,1,0]","[1,0,1,0,1,1]",2,1,2,10,away_win,away,0,62
8179,5,"{""series"":[""solutions/game_5/single/rest-101111/top"",""solutions/game_5/single/rest-111111/bot""],""single"":[""solutions/game_5/single/rest-101111/top"",""solutions/game_5/single/rest-111111/bot""]}","[1,0,1,1,1,1]","[1,1,1,1,1,1]",2,2,7,4,home_win,home,0,83
8180,1,"{""series"":[""solutions/game_1/series/rest-111111/top"",""solutions/game_1/series/rest-111111/bot""],""single"":[""solutions/game_1/single/rest-111111/top"",""solutions/game_1/single/rest-111111/bot""]}","[1,1,1,1,1,1]","[1,1,1,1,1,1]",0,0,4,3,home_win,home,0,77
8180,2,"{""series"":[""solutions/game_2/series/home_wins_1/rest-010101/top"",""solutions/game_2/series/home_wins_1/rest-101111/bot""],""single"":[""solutions/game_2/single/rest-010101/top"",""solutions/game_2/single/rest-101111/bot""]}","[0,1,0,1,0,1]","[1,0,1,1,1,1]",1,0,3,6,away_win,away,0,82
8180,3,"{""series"":[""solutions/game_3/series/home_wins_1/rest-111010/top"",""solutions/game_3/series/home_wins_1/rest-011110/bot""],""single"":[""solutions/game_3/single/rest-111010/top"",""solutions/game_3/single/rest-011110/bot""]}","[1,1,1,0,1,0]","[0,1,1,1,1,0]",1,1,2,4,away_win,away,0,76
8180,4,"{""series"":[""solutions/game_4/series/home_wins_1/rest-111101/top"",""solutions/game_4/series/home_wins_1/rest-101001/bot""],""single"":[""solutions/game_4/single/rest-111101/top"",""solutions/game_4/single/rest-101001/bot""]}","[1,1,1,1,0,1]","[1,0,1,0,0,1]",1,2,5,5,tie,home,0,95
8180,5,"{""series"":[""solutions/game_5/single/rest-110011/top"",""solutions/game_5/single/rest-110110/bot""],""single"":[""solutions/game_5/single/rest-110011/top"",""solutions/game_5/single/rest-110110/bot""]}","[1,1,0,0,1,1]","[1,1,0,1,1,0]",2,2,7,8,away_win,away,0,97
8181,1,"{""series"":[""solutions/game_1/series/rest-111111/top"",""solutions/game_1/series/rest-111111/bot""],""single"":[""solutions/game_1/single/rest-111111/top"",""solutions/game_1/single/rest-111111/bot""]}","[1,1,1,1,1,1]","[1,1,1,1,1,1]",0,0,4,1,home_win,home,0,76
8181,2,"{""series"":[""solutions/game_2/series/home_wins_1/rest-011001/top"",""solutions/game_2/series/home_wins_1/rest-001111/bot""],""single"":[""solutions/game_2/single/rest-011001/top"",""solutions/game_2/single/rest-001111/bot""]}","[0,1,1,0,0,1]","[0,0,1,1,1,1]",1,0,2,8,away_win,away,0,85
8181,3,"{""series"":[""solutions/game_3/series/home_wins_1/rest-111111/top"",""solutions/game_3/series/home_wins_1/rest-011000/bot""],""single"":[""solutions/game_3/single/rest-111111/top"",""solutions/game_3/single/rest-011000/bot""]}","[1,1,1,1,1,1]","[0,1,1,0,0,0]",1,1,4,7,away_win,away,0,88
8181,4,"{""series"":[""solutions/game_4/series/home_wins_1/rest-011010/top"",""solutions/game_4/series/home_wins_1/rest-100011/bot""],""single"":[""solutions/game_4/single/rest-011010/top"",""solutions/game_4/single/rest-100011/bot""]}","[0,1,1,0,1,0]","[1,0,0,0,1,1]",1,2,9,2,home_win,home,0,82
8181,5,"{""series"":[""solutions/game_5/single/rest-110101/top"",""solutions/game_5/single/rest-011110/bot""],""single"":[""solutions/game_5/single/rest-110101/top"",""solutions/game_5/single/rest-011110/bot""]}","[1,1,0,1,0,1]","[0,1,1,1,1,0]",2,2,11,10,home_win,home,0,108
8182,1,"{""series"":[""solutions/game_1/series/rest-111111/top"",""solutions/game_1/series/rest-111111/bot""],""single"":[""solutions/game_1/single/rest-111111/top"",""solutions/game_1/single/rest-111111/bot""]}","[1,1,1,1,1,1]","[1,1,1,1,1,1]",0,0,6,2,home_win,home,0,81
8182,2,"{""series"":[""solutions/game_2/series/home_wins_1/rest-111111/top"",""solutions/game_2/series/home_wins_1/rest-000011/bot""],""single"":[""solutions/game_2/single/rest-111111/top"",""solutions/game_2/single/rest-000011/bot""]}","[1,1,1,1,1,1]","[0,0,0,0,1,1]",1,0,5,7,away_win,away,0,93
8182,3,"{""series"":[""solutions/game_3/series/home_wins_1/rest-011001/top"",""solutions/game_3/series/home_wins_1/rest-111100/bot""],""single"":[""solutions/game_3/single/rest-011001/top"",""solutions/game_3/single/rest-111100/bot""]}","[0,1,1,0,0,1]","[1,1,1,1,0,0]",1,1,1,3,away_win,away,0,80
8182,4,"{""series"":[""solutions/game_4/series/home_wins_1/rest-110110/top"",""solutions/game_4/series/home_wins_1/rest-100111/bot""],""single"":[""solutions/game_4/single/rest-110110/top"",""solutions/game_4/single/rest-100111/bot""]}","[1,1,0,1,1,0]","[1,0,0,1,1,1]",1,2,5,4,home_win,home,0,76
8182,5,"{""series"":[""solutions/game_5/single/rest-111001/top"",""solutions/game_5/single/rest-011011/bot""],""single"":[""solutions/game_5/single/rest-111001/top"",""solutions/game_5/single/rest-011011/bot""]}","[1,1,1,0,0,1]","[0,1,1,0,1,1]",2,2,6,3,home_win,home,0,80
8183,1,"{""series"":[""solutions/game_1/series/rest-111111/top"",""solutions/game_1/series/rest-111111/bot""],""single"":[""solutions/game_1/single/rest-111111/top"",""solutions/game_1/single/rest-111111/bot""]}","[1,1,1,1,1,1]","[1,1,1,1,1,1]",0,0,3,2,home_win,home,0,81
8183,2,"{""series"":[""solutions/game_2/series/home_wins_1/rest-011001/top"",""solutions/game_2/series/home_wins_1/rest-000011/bot""],""single"":[""solutions/game_2/single/rest-011001/top"",""solutions/game_2/single/rest-000011/bot""]}","[0,1,1,0,0,1]","[0,0,0,0,1,1]",1,0,2,10,away_win,away,0,85
8183,3,"{""series"":[""solutions/game_3/series/home_wins_1/rest-111111/top"",""solutions/game_3/series/home_wins_1/rest-111010/bot""],""single"":[""solutions/game_3/single/rest-111111/top"",""solutions/game_3/single/rest-111010/bot""]}","[1,1,1,1,1,1]","[1,1,1,0,1,0]",1,1,1,3,away_win,away,0,86
8183,4,"{""series"":[""solutions/game_4/series/home_wins_1/rest-110101/top"",""solutions/game_4/series/home_wins_1/rest-000101/bot""],""single"":[""solutions/game_4/single/rest-110101/top"",""solutions/game_4/single/rest-000101/bot""]}","[1,1,0,1,0,1]","[0,0,0,1,0,1]",1,2,0,8,away_win,away,0,65
8183,5,"{""series"":[""solutions/game_5/single/rest-111110/top"",""solutions/game_5/single/rest-111111/bot""],""single"":[""solutions/game_5/single/rest-111110/top"",""solutions/game_5/single/rest-111111/bot""]}","[1,1,1,1,1,0]","[1,1,1,1,1,1]",1,3,2,3,away_win,away,1,74
8184,1,"{""series"":[""solutions/game_1/series/rest-111111/top"",""solutions/game_1/series/rest-111111/bot""],""single"":[""solutions/game_1/single/rest-111111/top"",""solutions/game_1/single/rest-111111/bot""]}","[1,1,1,1,1,1]","[1,1,1,1,1,1]",0,0,2,4,away_win,away,0,86
8184,2,"{""series"":[""solutions/game_2/series/home_wins_0/rest-001110/top"",""solutions/game_2/series/home_wins_0/rest-001010/bot""],""single"":[""solutions/game_2/single/rest-001110/top"",""solutions/game_2/single/rest-001010/bot""]}","[0,0,1,1,1,0]","[0,0,1,0,1,0]",0,1,4,3,home_win,home,0,79
8184,3,"{""series"":[""solutions/game_3/series/home_wins_1/rest-011010/top"",""solutions/game_3/series/home_wins_1/rest-111111/bot""],""single"":[""solutions/game_3/single/rest-011010/top"",""solutions/game_3/single/rest-111111/bot""]}","[0,1,1,0,1,0]","[1,1,1,1,1,1]",1,1,3,7,away_win,away,0,79
8184,4,"{""series"":[""solutions/game_4/series/home_wins_1/rest-111111/top"",""solutions/game_4/series/home_wins_1/rest-001010/bot""],""single"":[""solutions/game_4/single/rest-111111/top"",""solutions/game_4/single/rest-001010/bot""]}","[1,1,1,1,1,1]","[0,0,1,0,1,0]",1,2,7,8,away_win,away,0,93
8184,5,"{""series"":[""solutions/game_5/single/rest-010001/top"",""solutions/game_5/single/rest-110101/bot""],""single"":[""solutions/game_5/single/rest-010001/top"",""solutions/game_5/single/rest-110101/bot""]}","[0,1,0,0,0,1]","[1,1,0,1,0,1]",1,3,8,5,home_win,home,1,86
8185,1,"{""series"":[""solutions/game_1/series/rest-111111/top"",""solutions/game_1/series/rest-111111/bot""],""single"":[""solutions/game_1/single/rest-111111/top"",""solutions/game_1/single/rest-111111/bot""]}","[1,1,1,1,1,1]","[1,1,1,1,1,1]",0,0,1,3,away_win,away,0,75
8185,2,"{""series"":[""solutions/game_2/series/home_wins_0/rest-111011/top"",""solutions/game_2/series/home_wins_0/rest-001010/bot""],""single"":[""solutions/game_2/single/rest-111011/top"",""solutions/game_2/single/rest-001010/bot""]}","[1,1,1,0,1,1]","[0,0,1,0,1,0]",0,1,5,4,home_win,home,0,84
8185,3,"{""series"":[""solutions/game_3/series/home_wins_1/rest-010100/top"",""solutions/game_3/series/home_wins_1/rest-111001/bot""],""single"":[""solutions/game_3/single/rest-010100/top"",""solutions/game_3/single/rest-111001/bot""]}","[0,1,0,1,0,0]","[1,1,1,0,0,1]",1,1,5,0,home_win,home,0,76
8185,4,"{""series"":[""solutions/game_4/series/home_wins_2/rest-111011/top"",""solutions/game_4/series/home_wins_2/rest-111010/bot""],""single"":[""solutions/game_4/single/rest-111011/top"",""solutions/game_4/single/rest-111010/bot""]}","[1,1,1,0,1,1]","[1,1,1,0,1,0]",2,1,3,8,away_win,away,0,87
8185,5,"{""series"":[""solutions/game_5/single/rest-011111/top"",""solutions/game_5/single/rest-001101/bot""],""single"":[""solutions/game_5/single/rest-011111/top"",""solutions/game_5/single/rest-001101/bot""]}","[0,1,1,1,1,1]","[0,0,1,1,0,1]",2,2,3,0,home_win,home,0,71
8186,1,"{""series"":[""solutions/game_1/series/rest-111111/top"",""solutions/game_1/series/rest-111111/bot""],""single"":[""solutions/game_1/single/rest-111111/top"",""solutions/game_1/single/rest-111111/bot""]}","[1,1,1,1,1,1]","[1,1,1,1,1,1]",0,0,8,0,home_win,home,0,46
8186,2,"{""series"":[""solutions/game_2/series/home_wins_1/rest-111111/top"",""solutions/game_2/series/home_wins_1/rest-111111/bot""],""single"":[""solutions/game_2/single/rest-111111/top"",""solutions/game_2/single/rest-111111/bot""]}","[1,1,1,1,1,1]","[1,1,1,1,1,1]",1,0,3,4,away_win,away,0,85
8186,3,"{""series"":[""solutions/game_3/series/home_wins_1/rest-110000/top"",""solutions/game_3/series/home_wins_1/rest-110010/bot""],""single"":[""solutions/game_3/single/rest-110000/top"",""solutions/game_3/single/rest-110010/bot""]}","[1,1,0,0,0,0]","[1,1,0,0,1,0]",1,1,0,6,away_win,away,0,78
8186,4,"{""series"":[""solutions/game_4/series/home_wins_1/rest-110111/top"",""solutions/game_4/series/home_wins_1/rest-001111/bot""],""single"":[""solutions/game_4/single/rest-110111/top"",""solutions/game_4/single/rest-001111/bot""]}","[1,1,0,1,1,1]","[0,0,1,1,1,1]",1,2,5,9,away_win,away,0,91
8186,5,"{""series"":[""solutions/game_5/single/rest-111101/top"",""solutions/game_5/single/rest-111101/bot""],""single"":[""solutions/game_5/single/rest-111101/top"",""solutions/game_5/single/rest-111101/bot""]}","[1,1,1,1,0,1]","[1,1,1,1,0,1]",1,3,4,8,away_win,away,1,86
8187,1,"{""series"":[""solutions/game_1/series/rest-111111/top"",""solutions/game_1/series/rest-111111/bot""],""single"":[""solutions/game_1/single/rest-111111/top"",""solutions/game_1/single/rest-111111/bot""]}","[1,1,1,1,1,1]","[1,1,1,1,1,1]",0,0,2,5,away_win,away,0,91
8187,2,"{""series"":[""solutions/game_2/series/home_wins_0/rest-110101/top"",""solutions/game_2/series/home_wins_0/rest-011011/bot""],""single"":[""solutions/game_2/single/rest-110101/top"",""solutions/game_2/single/rest-011011/bot""]}","[1,1,0,1,0,1]","[0,1,1,0,1,1]",0,1,6,2,home_win,home,0,69
8187,3,"{""series"":[""solutions/game_3/series/home_wins_1/rest-101110/top"",""solutions/game_3/series/home_wins_1/rest-101110/bot""],""single"":[""solutions/game_3/single/rest-101110/top"",""solutions/game_3/single/rest-101110/bot""]}","[1,0,1,1,1,0]","[1,0,1,1,1,0]",1,1,3,9,away_win,away,0,84
8187,4,"{""series"":[""solutions/game_4/series/home_wins_1/rest-101011/top"",""solutions/game_4/series/home_wins_1/rest-001001/bot""],""single"":[""solutions/game_4/single/rest-101011/top"",""solutions/game_4/single/rest-001001/bot""]}","[1,0,1,0,1,1]","[0,0,1,0,0,1]",1,2,5,3,home_win,home,0,77
8187,5,"{""series"":[""solutions/game_5/single/rest-111000/top"",""solutions/game_5/single/rest-111100/bot""],""single"":[""solutions/game_5/single/rest-111000/top"",""solutions/game_5/single/rest-111100/bot""]}","[1,1,1,0,0,0]","[1,1,1,1,0,0]",2,2,11,3,home_win,home,0,51
8188,1,"{""series"":[""solutions/game_1/series/rest-111111/top"",""solutions/game_1/series/rest-111111/bot""],""single"":[""solutions/game_1/single/rest-111111/top"",""solutions/game_1/single/rest-111111/bot""]}","[1,1,1,1,1,1]","[1,1,1,1,1,1]",0,0,3,2,home_win,home,0,77
8188,2,"{""series"":[""solutions/game_2/series/home_wins_1/rest-111101/top"",""solutions/game_2/series/home_wins_1/rest-011011/bot""],""single"":[""solutions/game_2/single/rest-111101/top"",""solutions/game_2/single/rest-011011/bot""]}","[1,1,1,1,0,1]","[0,1,1,0,1,1]",1,0,0,7,away_win,away,0,81
8188,3,"{""series"":[""solutions/game_3/series/home_wins_1/rest-010111/top"",""solutions/game_3/series/home_wins_1/rest-101110/bot""],""single"":[""solutions/game_3/single/rest-010111/top"",""solutions/game_3/single/rest-101110/bot""]}","[0,1,0,1,1,1]","[1,0,1,1,1,0]",1,1,12,11,home_win,home,0,103
8188,4,"{""series"":[""solutions/game_4/series/home_wins_2/rest-111100/top"",""solutions/game_4/series/home_wins_2/rest-011111/bot""],""single"":[""solutions/game_4/single/rest-111100/top"",""solutions/game_4/single/rest-011111/bot""]}","[1,1,1,1,0,0]","[0,1,1,1,1,1]",2,1,5,0,home_win,home,0,74
8188,5,"{""series"":[""solutions/game_5/single/rest-110111/top"",""solutions/game_5/single/rest-101100/bot""],""single"":[""solutions/game_5/single/rest-110111/top"",""solutions/game_5/single/rest-101100/bot""]}","[1,1,0,1,1,1]","[1,0,1,1,0,0]",3,1,7,14,away_win,away,1,96
8189,1,"{""series"":[""solutions/game_1/series/rest-111111/top"",""solutions/game_1/series/rest-111111/bot""],""single"":[""solutions/game_1/single/rest-111111/top"",""solutions/game_1/single/rest-111111/bot""]}","[1,1,1,1,1,1]","[1,1,1,1,1,1]",0,0,5,3,home_win,home,0,76
8189,2,"{""series"":[""solutions/game_2/series/home_wins_1/rest-110001/top"",""solutions/game_2/series/home_wins_1/rest-001011/bot""],""single"":[""solutions/game_2/single/rest-110001/top"",""solutions/game_2/single/rest-001011/bot""]}","[1,1,0,0,0,1]","[0,0,1,0,1,1]",1,0,8,0,home_win,home,0,29
8189,3,"{""series"":[""solutions/game_3/series/home_wins_2/rest-111111/top"",""solutions/game_3/series/home_wins_2/rest-011111/bot""],""single"":[""solutions/game_3/single/rest-111111/top"",""solutions/game_3/single/rest-011111/bot""]}","[1,1,1,1,1,1]","[0,1,1,1,1,1]",2,0,1,9,away_win,away,0,50
8189,4,"{""series"":[""solutions/game_4/series/home_wins_2/rest-111111/top"",""solutions/game_4/series/home_wins_2/rest-111111/bot""],""single"":[""solutions/game_4/single/rest-111111/top"",""solutions/game_4/single/rest-111111/bot""]}","[1,1,1,1,1,1]","[1,1,1,1,1,1]",2,1,6,14,away_win,away,0,86
8189,5,"{""series"":[""solutions/game_5/single/rest-101110/top"",""solutions/game_5/single/rest-011111/bot""],""single"":[""solutions/game_5/single/rest-101110/top"",""solutions/game_5/single/rest-011111/bot""]}","[1,0,1,1,1,0]","[0,1,1,1,1,1]",2,2,7,9,away_win,away,0,89
8190,1,"{""series"":[""solutions/game_1/series/rest-111111/top"",""solutions/game_1/series/rest-111111/bot""],""single"":[""solutions/game_1/single/rest-111111/top"",""solutions/game_1/single/rest-111111/bot""]}","[1,1,1,1,1,1]","[1,1,1,1,1,1]",0,0,7,3,home_win,home,0,86
8190,2,"{""series"":[""solutions/game_2/series/home_wins_1/rest-111101/top"",""solutions/game_2/series/home_wins_1/rest-101000/bot""],""single"":[""solutions/game_2/single/rest-111101/top"",""solutions/game_2/single/rest-101000/bot""]}","[1,1,1,1,0,1]","[1,0,1,0,0,0]",1,0,1,9,away_win,away,0,76
8190,3,"{""series"":[""solutions/game_3/series/home_wins_1/rest-111110/top"",""solutions/game_3/series/home_wins_1/rest-111111/bot""],""single"":[""solutions/game_3/single/rest-111110/top"",""solutions/game_3/single/rest-111111/bot""]}","[1,1,1,1,1,0]","[1,1,1,1,1,1]",1,1,2,1,home_win,home,0,75
8190,4,"{""series"":[""solutions/game_4/series/home_wins_2/rest-110001/top"",""solutions/game_4/series/home_wins_2/rest-101111/bot""],""single"":[""solutions/game_4/single/rest-110001/top"",""solutions/game_4/single/rest-101111/bot""]}","[1,1,0,0,0,1]","[1,0,1,1,1,1]",2,1,8,11,away_win,away,0,98
8190,5,"{""series"":[""solutions/game_5/single/rest-101110/top"",""solutions/game_5/single/rest-011011/bot""],""single"":[""solutions/game_5/single/rest-101110/top"",""solutions/game_5/single/rest-011011/bot""]}","[1,0,1,1,1,0]","[0,1,1,0,1,1]",2,2,7,6,home_win,home,0,81
8191,1,"{""series"":[""solutions/game_1/series/rest-111111/top"",""solutions/game_1/series/rest-111111/bot""],""single"":[""solutions/game_1/single/rest-111111/top"",""solutions/game_1/single/rest-111111/bot""]}","[1,1,1,1,1,1]","[1,1,1,1,1,1]",0,0,4,3,home_win,home,0,76
8191,2,"{""series"":[""solutions/game_2/series/home_wins_1/rest-110011/top"",""solutions/game_2/series/home_wins_1/rest-001100/bot""],""single"":[""solutions/game_2/single/rest-110011/top"",""solutions/game_2/single/rest-001100/bot""]}","[1,1,0,0,1,1]","[0,0,1,1,0,0]",1,0,5,6,away_win,away,0,90
8191,3,"{""series"":[""solutions/game_3/series/home_wins_1/rest-111100/top"",""solutions/game_3/series/home_wins_1/rest-110011/bot""],""single"":[""solutions/game_3/single/rest-111100/top"",""solutions/game_3/single/rest-110011/bot""]}","[1,1,1,1,0,0]","[1,1,0,0,1,1]",1,1,7,4,home_win,home,0,82
8191,4,"{""series"":[""solutions/game_4/series/home_wins_2/rest-010011/top"",""solutions/game_4/series/home_wins_2/rest-101110/bot""],""single"":[""solutions/game_4/single/rest-010011/top"",""solutions/game_4/single/rest-101110/bot""]}","[0,1,0,0,1,1]","[1,0,1,1,1,0]",2,1,2,3,away_win,away,0,78
8191,5,"{""series"":[""solutions/game_5/single/rest-011110/top"",""solutions/game_5/single/rest-000010/bot""],""single"":[""solutions/game_5/single/rest-011110/top"",""solutions/game_5/single/rest-000010/bot""]}","[0,1,1,1,1,0]","[0,0,0,0,1,0]",2,2,7,8,away_win,away,0,89
8192,1,"{""series"":[""solutions/game_1/series/rest-111111/top"",""solutions/game_1/series/rest-111111/bot""],""single"":[""solutions/game_1/single/rest-111111/top"",""solutions/game_1/single/rest-111111/bot""]}","[1,1,1,1,1,1]","[1,1,1,1,1,1]",0,0,0,8,away_win,away,0,49
8192,2,"{""series"":[""solutions/game_2/series/home_wins_0/rest-111111/top"",""solutions/game_2/series/home_wins_0/rest-111111/bot""],""single"":[""solutions/game_2/single/rest-111111/top"",""solutions/game_2/single/rest-111111/bot""]}","[1,1,1,1,1,1]","[1,1,1,1,1,1]",0,1,3,5,away_win,away,0,95
8192,3,"{""series"":[""solutions/game_3/series/home_wins_0/rest-010011/top"",""solutions/game_3/series/home_wins_0/rest-111011/bot""],""single"":[""solutions/game_3/single/rest-010011/top"",""solutions/game_3/single/rest-111011/bot""]}","[0,1,0,0,1,1]","[1,1,1,0,1,1]",0,2,4,3,home_win,home,0,89
8192,4,"{""series"":[""solutions/game_4/series/home_wins_1/rest-101010/top"",""solutions/game_4/series/home_wins_1/rest-000110/bot""],""single"":[""solutions/game_4/single/rest-101010/top"",""solutions/game_4/single/rest-000110/bot""]}","[1,0,1,0,1,0]","[0,0,0,1,1,0]",1,2,6,8,away_win,away,0,90
8192,5,"{""series"":[""solutions/game_5/single/rest-110100/top"",""solutions/game_5/single/rest-111000/bot""],""single"":[""solutions/game_5/single/rest-110100/top"",""solutions/game_5/single/rest-111000/bot""]}","[1,1,0,1,0,0]","[1,1,1,0,0,0]",1,3,8,6,home_win,home,1,84
