sequence,game,policies,home_initial_rest,away_initial_rest,home_wins_before,away_wins_before,home_score,away_score,terminal_result,winner,post_clinch,decisions
2689,1,"{""single"":[""solutions/game_1/single/rest-111111/top"",""solutions/game_1/single/rest-111111/bot""],""series"":[""solutions/game_1/series/rest-111111/top"",""solutions/game_1/series/rest-111111/bot""]}","[1,1,1,1,1,1]","[1,1,1,1,1,1]",0,0,2,3,away_win,away,0,81
2689,2,"{""single"":[""solutions/game_2/single/rest-010001/top"",""solutions/game_2/single/rest-101011/bot""],""series"":[""solutions/game_2/series/home_wins_0/rest-010001/top"",""solutions/game_2/series/home_wins_0/rest-101011/bot""]}","[0,1,0,0,0,1]","[1,0,1,0,1,1]",0,1,1,9,away_win,away,0,73
2689,3,"{""single"":[""solutions/game_3/single/rest-110111/top"",""solutions/game_3/single/rest-111111/bot""],""series"":[""solutions/game_3/series/home_wins_0/rest-110111/top"",""solutions/game_3/series/home_wins_0/rest-111111/bot""]}","[1,1,0,1,1,1]","[1,1,1,1,1,1]",0,2,0,3,away_win,away,0,81
2689,4,"{""single"":[""solutions/game_4/single/rest-011000/top"",""solutions/game_4/single/rest-011010/bot""],""series"":[""solutions/game_4/single/rest-011000/top"",""solutions/game_4/single/rest-011010/bot""]}","[0,1,1,0,0,0]","[0,1,1,0,1,0]",0,3,4,11,away_win,away,1,91
2689,5,"{""single"":[""solutions/game_5/single/rest-100110/top"",""solutions/game_5/single/rest-111101/bot""],""series"":[""solutions/game_5/single/rest-100110/top"",""solutions/game_5/single/rest-111101/bot""]}","[1,0,0,1,1,0]","[1,1,1,1,0,1]",0,4,5,6,away_win,away,1,83
2690,1,"{""single"":[""solutions/game_1/single/rest-111111/top"",""solutions/game_1/single/rest-111111/bot""],""series"":[""solutions/game_1/series/rest-111111/top"",""solutions/game_1/series/rest-111111/bot""]}","[1,1,1,1,1,1]","[1,1,1,1,1,1]",0,0,3,0,home_win,home,0,71
2690,2,"{""single"":[""solutions/game_2/single/rest-110001/top"",""solutions/game_2/single/rest-110111/bot""],""series"":[""solutions/game_2/series/home_wins_1/rest-110001/top"",""solutions/game_2/series/home_wins_1/rest-110111/bot""]}","[1,1,0,0,0,1]","[1,1,0,1,1,1]",1,0,4,10,away_win,away,0,92
2690,3,"{""single"":[""solutions/game_3/single/rest-001110/top"",""solutions/game_3/single/rest-110110/bot""],""series"":[""solutions/game_3/series/home_wins_1/rest-001110/top"",""solutions/game_3/series/home_wins_1/rest-110110/bot""]}","[0,0,1,1,1,0]","[1,1,0,1,1,0]",1,1,3,6,away_win,away,0,88
2690,4,"{""single"":[""solutions/game_4/single/rest-101111/top"",""solutions/game_4/single/rest-011001/bot""],""series"":[""solutions/game_4/series/home_wins_1/rest-101111/top"",""solutions/game_4/series/home_wins_1/rest-011001/bot""]}","[1,0,1,1,1,1]","[0,1,1,0,0,1]",1,2,4,3,home_win,home,0,75
2690,5,"{""single"":[""solutions/game_5/single/rest-101001/top"",""solutions/game_5/single/rest-100111/bot""],""series"":[""solutions/game_5/single/rest-101001/top"",""solutions/game_5/single/rest-100111/bot""]}","[1,0,1,0,0,1]","[1,0,0,1,1,1]",2,2,8,10,away_win,away,0,99
2691,1,"{""single"":[""solutions/game_1/single/rest-111111/top"",""solutions/game_1/single/rest-111111/bot""],""series"":[""solutions/game_1/series/rest-111111/top"",""solutions/game_1/series/rest-111111/bot""]}","[1,1,1,1,1,1]","[1,1,1,1,1,1]",0,0,4,9,away_win,away,0,90
2691,2,"{""single"":[""solutions/game_2/single/rest-010001/top"",""solutions/game_2/single/rest-111110/bot""],""series"":[""solutions/game_2/series/home_wins_0/rest-010001/top"",""solutions/game_2/series/home_wins_0/rest-111110/bot""]}","[0,1,0,0,0,1]","[1,1,1,1,1,0]",0,1,3,1,home_win,home,0,71
2691,3,"{""single"":[""solutions/game_3/single/rest-101111/top"",""solutions/game_3/single/rest-110111/bot""],""series"":[""solutions/game_3/series/home_wins_1/rest-101111/top"",""solutions/game_3/series/home_wins_1/rest-110111/bot""]}","[1,0,1,1,1,1]","[1,1,0,1,1,1]",1,1,9,0,home_win,home,0,47
2691,4,"{""single"":[""solutions/game_4/single/rest-111111/top"",""solutions/game_4/single/rest-111111/bot""],""series"":[""solutions/game_4/series/home_wins_2/rest-111111/top"",""solutions/game_4/series/home_wins_2/rest-111111/bot""]}","[1,1,1,1,1,1]","[1,1,1,1,1,1]",2,1,6,5,home_win,home,0,85
2691,5,"{""single"":[""solutions/game_5/single/rest-010000/top"",""solutions/game_5/single/rest-111010/bot""],""series"":[""solutions/game_5/single/rest-010000/top"",""solutions/game_5/single/rest-111010/bot""]}","[0,1,0,0,0,0]","[1,1,1,0,1,0]",3,1,5,9,away_win,away,1,87
2692,1,"{""single"":[""solutions/game_1/single/rest-111111/top"",""solutions/game_1/single/rest-111111/bot""],""series"":[""solutions/game_1/series/rest-111111/top"",""solutions/game_1/series/rest-111111/bot""]}","[1,1,1,1,1,1]","[1,1,1,1,1,1]",0,0,8,0,home_win,home,0,34
2692,2,"{""single"":[""solutions/game_2/single/rest-111111/top"",""solutions/game_2/single/rest-111111/bot""],""series"":[""solutions/game_2/series/home_wins_1/rest-111111/top"",""solutions/game_2/series/home_wins_1/rest-111111/bot""]}","[1,1,1,1,1,1]","[1,1,1,1,1,1]",1,0,3,7,away_win,away,0,88
2692,3,"{""single"":[""solutions/game_3/single/rest-000001/top"",""solutions/game_3/single/rest-100111/bot""],""series"":[""solutions/game_3/series/home_wins_1/rest-000001/top"",""solutions/game_3/series/home_wins_1/rest-100111/bot""]}","[0,0,0,0,0,1]","[1,0,0,1,1,1]",1,1,8,13,away_win,away,0,98
2692,4,"{""single"":[""solutions/game_4/single/rest-111110/top"",""solutions/game_4/single/rest-011100/bot""],""series"":[""solutions/game_4/series/home_wins_1/rest-111110/top"",""solutions/game_4/series/home_wins_1/rest-011100/bot""]}","[1,1,1,1,1,0]","[0,1,1,1,0,0]",1,2,3,2,home_win,home,0,74
2692,5,"{""single"":[""solutions/game_5/single/rest-011011/top"",""solutions/game_5/single/rest-111011/bot""],""series"":[""solutions/game_5/single/rest-011011/top"",""solutions/game_5/single/rest-111011/bot""]}","[0,1,1,0,1,1]","[1,1,1,0,1,1]",2,2,3,5,away_win,away,0,82
2693,1,"{""single"":[""solutions/game_1/single/rest-111111/top"",""solutions/game_1/single/rest-111111/bot""],""series"":[""solutions/game_1/series/rest-111111/top"",""solutions/game_1/series/rest-111111/bot""]}","[1,1,1,1,1,1]","[1,1,1,1,1,1]",0,0,9,4,home_win,home,0,82
2693,2,"{""single"":[""solutions/game_2/single/rest-011001/top"",""solutions/game_2/single/rest-111101/bot""],""series"":[""solutions/game_2/series/home_wins_1/rest-011001/top"",""solutions/game_2/series/home_wins_1/rest-111101/bot""]}","[0,1,1,0,0,1]","[1,1,1,1,0,1]",1,0,8,0,home_win,home,0,57
2693,3,"{""single"":[""solutions/game_3/single/rest-111111/top"",""solutions/game_3/single/rest-110111/bot""],""series"":[""solutions/game_3/series/home_wins_2/rest-111111/top"",""solutions/game_3/series/home_wins_2/rest-110111/bot""]}","[1,1,1,1,1,1]","[1,1,0,1,1,1]",2,0,0,8,away_win,away,0,35
2693,4,"{""single"":[""solutions/game_4/single/rest-111111/top"",""solutions/game_4/single/rest-111111/bot""],""series"":[""solutions/game_4/series/home_wins_2/rest-111111/top"",""solutions/game_4/series/home_wins_2/rest-111111/bot""]}","[1,1,1,1,1,1]","[1,1,1,1,1,1]",2,1,8,0,home_win,home,0,67
2693,5,"{""single"":[""solutions/game_5/single/rest-111111/top"",""solutions/game_5/single/rest-011111/bot""],""series"":[""solutions/game_5/single/rest-111111/top"",""solutions/game_5/single/rest-011111/bot""]}","[1,1,1,1,1,1]","[0,1,1,1,1,1]",3,1,2,5,away_win,away,1,87
2694,1,"{""single"":[""solutions/game_1/single/rest-111111/top"",""solutions/game_1/single/rest-111111/bot""],""series"":[""solutions/game_1/series/rest-111111/top"",""solutions/game_1/series/rest-111111/bot""]}","[1,1,1,1,1,1]","[1,1,1,1,1,1]",0,0,1,3,away_win,away,0,81
2694,2,"{""single"":[""solutions/game_2/single/rest-010001/top"",""solutions/game_2/single/rest-101010/bot""],""series"":[""solutions/game_2/series/home_wins_0/rest-010001/top"",""solutions/game_2/series/home_wins_0/rest-101010/bot""]}","[0,1,0,0,0,1]","[1,0,1,0,1,0]",0,1,11,3,home_win,home,0,61
2694,3,"{""single"":[""solutions/game_3/single/rest-111001/top"",""solutions/game_3/single/rest-111111/bot""],""series"":[""solutions/game_3/series/home_wins_1/rest-111001/top"",""solutions/game_3/series/home_wins_1/rest-111111/bot""]}","[1,1,1,0,0,1]","[1,1,1,1,1,1]",1,1,4,5,away_win,away,0,94
2694,4,"{""single"":[""solutions/game_4/single/rest-001110/top"",""solutions/game_4/single/rest-011110/bot""],""series"":[""solutions/game_4/series/home_wins_1/rest-001110/top"",""solutions/game_4/series/home_wins_1/rest-011110/bot""]}","[0,0,1,1,1,0]","[0,1,1,1,1,0]",1,2,5,6,away_win,away,0,82
2694,5,"{""single"":[""solutions/game_5/single/rest-111001/top"",""solutions/game_5/single/rest-110101/bot""],""series"":[""solutions/game_5/single/rest-111001/top"",""solutions/game_5/single/rest-110101/bot""]}","[1,1,1,0,0,1]","[1,1,0,1,0,1]",1,3,3,4,away_win,away,1,81
2695,1,"{""single"":[""solutions/game_1/single/rest-111111/top"",""solutions/game_1/single/rest-111111/bot""],""series"":[""solutions/game_1/series/rest-111111/top"",""solutions/game_1/series/rest-111111/bot""]}","[1,1,1,1,1,1]","[1,1,1,1,1,1]",0,0,4,3,home_win,home,0,84
2695,2,"{""single"":[""solutions/game_2/single/rest-010011/top"",""solutions/game_2/single/rest-100111/bot""],""series"":[""solutions/game_2/series/home_wins_1/rest-010011/top"",""solutions/game_2/series/home_wins_1/rest-100111/bot""]}","[0,1,0,0,1,1]","[1,0,0,1,1,1]",1,0,6,4,home_win,home,0,81
2695,3,"{""single"":[""solutions/game_3/single/rest-101101/top"",""solutions/game_3/single/rest-111101/bot""],""series"":[""solutions/game_3/series/home_wins_2/rest-101101/top"",""solutions/game_3/series/home_wins_2/rest-111101/bot""]}","[1,0,1,1,0,1]","[1,1,1,1,0,1]",2,0,7,8,away_win,away,0,91
2695,4,"{""single"":[""solutions/game_4/single/rest-011011/top"",""solutions/game_4/single/rest-000011/bot""],""series"":[""solutions/game_4/series/home_wins_2/rest-011011/top"",""solutions/game_4/series/home_wins_2/rest-000011/bot""]}","[0,1,1,0,1,1]","[0,0,0,0,1,1]",2,1,10,2,home_win,home,0,62
2695,5,"{""single"":[""solutions/game_5/single/rest-011101/top"",""solutions/game_5/single/rest-111110/bot""],""series"":[""solutions/game_5/single/rest-011101/top"",""solutions/game_5/single/rest-111110/bot""]}","[0,1,1,1,0,1]","[1,1,1,1,1,0]",3,1,3,8,away_win,away,1,80
2696,1,"{""single"":[""solutions/game_1/single/rest-111111/top"",""solutions/game_1/single/rest-111111/bot""],""series"":[""solutions/game_1/series/rest-111111/top"",""solutions/game_1/series/rest-111111/bot""]}","[1,1,1,1,1,1]","[1,1,1,1,1,1]",0,0,2,1,home_win,home,0,72
2696,2,"{""single"":[""solutions/game_2/single/rest-000001/top"",""solutions/game_2/single/rest-111110/bot""],""series"":[""solutions/game_2/series/home_wins_1/rest-000001/top"",""solutions/game_2/series/home_wins_1/rest-111110/bot""]}","[0,0,0,0,0,1]","[1,1,1,1,1,0]",1,0,5,7,away_win,away,0,84
2696,3,"{""single"":[""solutions/game_3/single/rest-111110/top"",""solutions/game_3/single/rest-110011/bot""],""series"":[""solutions/game_3/series/home_wins_1/rest-111110/top"",""solutions/game_3/series/home_wins_1/rest-110011/bot""]}","[1,1,1,1,1,0]","[1,1,0,0,1,1]",1,1,9,1,home_win,home,0,65
2696,4,"{""single"":[""solutions/game_4/single/rest-111101/top"",""solutions/game_4/single/rest-111111/bot""],""series"":[""solutions/game_4/series/home_wins_2/rest-111101/top"",""solutions/game_4/series/home_wins_2/rest-111111/bot""]}","[1,1,1,1,0,1]","[1,1,1,1,1,1]",2,1,4,3,home_win,home,0,78
2696,5,"{""single"":[""solutions/game_5/single/rest-110011/top"",""solutions/game_5/single/rest-101011/bot""],""series"":[""solutions/game_5/single/rest-110011/top"",""solutions/game_5/single/rest-101011/bot""]}","[1,1,0,0,1,1]","[1,0,1,0,1,1]",3,1,8,7,home_win,home,1,89
2697,1,"{""single"":[""solutions/game_1/single/rest-111111/top"",""solutions/game_1/single/rest-111111/bot""],""series"":[""solutions/game_1/series/rest-111111/top"",""solutions/game_1/series/rest-111111/bot""]}","[1,1,1,1,1,1]","[1,1,1,1,1,1]",0,0,5,1,home_win,home,0,75
2697,2,"{""single"":[""solutions/game_2/single/rest-111001/top"",""solutions/game_2/single/rest-110101/bot""],""series"":[""solutions/game_2/series/home_wins_1/rest-111001/top"",""solutions/game_2/series/home_wins_1/rest-110101/bot""]}","[1,1,1,0,0,1]","[1,1,0,1,0,1]",1,0,5,2,home_win,home,0,78
2697,3,"{""single"":[""solutions/game_3/single/rest-110111/top"",""solutions/game_3/single/rest-111011/bot""],""series"":[""solutions/game_3/series/home_wins_2/rest-110111/top"",""solutions/game_3/series/home_wins_2/rest-111011/bot""]}","[1,1,0,1,1,1]","[1,1,1,0,1,1]",2,0,2,11,away_win,away,0,77
2697,4,"{""single"":[""solutions/game_4/single/rest-011000/top"",""solutions/game_4/single/rest-011111/bot""],""series"":[""solutions/game_4/series/home_wins_2/rest-011000/top"",""solutions/game_4/series/home_wins_2/rest-011111/bot""]}","[0,1,1,0,0,0]","[0,1,1,1,1,1]",2,1,5,0,home_win,home,0,72
2697,5,"{""single"":[""solutions/game_5/single/rest-110111/top"",""solutions/game_5/single/rest-101010/bot""],""series"":[""solutions/game_5/single/rest-110111/top"",""solutions/game_5/single/rest-101010/bot""]}","[1,1,0,1,1,1]","[1,0,1,0,1,0]",3,1,8,0,home_win,home,1,44
2698,1,"{""single"":[""solutions/game_1/single/rest-111111/top"",""solutions/game_1/single/rest-111111/bot""],""series"":[""solutions/game_1/series/rest-111111/top"",""solutions/game_1/series/rest-111111/bot""]}","[1,1,1,1,1,1]","[1,1,1,1,1,1]",0,0,3,11,away_win,away,0,70
2698,2,"{""single"":[""solutions/game_2/single/rest-111101/top"",""solutions/game_2/single/rest-111101/bot""],""series"":[""solutions/game_2/series/home_wins_0/rest-111101/top"",""solutions/game_2/series/home_wins_0/rest-111101/bot""]}","[1,1,1,1,0,1]","[1,1,1,1,0,1]",0,1,7,4,home_win,home,0,80
2698,3,"{""single"":[""solutions/game_3/single/rest-010011/top"",""solutions/game_3/single/rest-011011/bot""],""series"":[""solutions/game_3/series/home_wins_1/rest-010011/top"",""solutions/game_3/series/home_wins_1/rest-011011/bot""]}","[0,1,0,0,1,1]","[0,1,1,0,1,1]",1,1,0,10,away_win,away,0,74
2698,4,"{""single"":[""solutions/game_4/single/rest-111101/top"",""solutions/game_4/single/rest-111110/bot""],""series"":[""solutions/game_4/series/home_wins_1/rest-111101/top"",""solutions/game_4/series/home_wins_1/rest-111110/bot""]}","[1,1,1,1,0,1]","[1,1,1,1,1,0]",1,2,3,1,home_win,home,0,67
2698,5,"{""single"":[""solutions/game_5/single/rest-011011/top"",""solutions/game_5/single/rest-111101/bot""],""series"":[""solutions/game_5/single/rest-011011/top"",""solutions/game_5/single/rest-111101/bot""]}","[0,1,1,0,1,1]","[1,1,1,1,0,1]",2,2,5,2,home_win,home,0,79
2699,1,"{""single"":[""solutions/game_1/single/rest-111111/top"",""solutions/game_1/single/rest-111111/bot""],""series"":[""solutions/game_1/series/rest-111111/top"",""solutions/game_1/series/rest-111111/bot""]}","[1,1,1,1,1,1]","[1,1,1,1,1,1]",0,0,9,1,home_win,home,0,63
2699,2,"{""single"":[""solutions/game_2/single/rest-111111/top"",""solutions/game_2/single/rest-110111/bot""],""series"":[""solutions/game_2/series/home_wins_1/rest-111111/top"",""solutions/game_2/series/home_wins_1/rest-110111/bot""]}","[1,1,1,1,1,1]","[1,1,0,1,1,1]",1,0,8,0,home_win,home,0,50
2699,3,"{""single"":[""solutions/game_3/single/rest-111011/top"",""solutions/game_3/single/rest-111111/bot""],""series"":[""solutions/game_3/series/home_wins_2/rest-111011/top"",""solutions/game_3/series/home_wins_2/rest-111111/bot""]}","[1,1,1,0,1,1]","[1,1,1,1,1,1]",2,0,4,1,home_win,home,0,75
2699,4,"{""single"":[""solutions/game_4/single/rest-110100/top"",""solutions/game_4/single/rest-101011/bot""],""series"":[""solutions/game_4/single/rest-110100/top"",""solutions/game_4/single/rest-101011/bot""]}","[1,1,0,1,0,0]","[1,0,1,0,1,1]",3,0,3,11,away_win,away,1,63
2699,5,"{""single"":[""solutions/game_5/single/rest-011011/top"",""solutions/game_5/single/rest-011111/bot""],""series"":[""solutions/game_5/single/rest-011011/top"",""solutions/game_5/single/rest-011111/bot""]}","[0,1,1,0,1,1]","[0,1,1,1,1,1]",3,1,0,8,away_win,away,1,38
2700,1,"{""single"":[""solutions/game_1/single/rest-111111/top"",""solutions/game_1/single/rest-111111/bot""],""series"":[""solutions/game_1/series/rest-111111/top"",""solutions/game_1/series/rest-111111/bot""]}","[1,1,1,1,1,1]","[1,1,1,1,1,1]",0,0,6,4,home_win,home,0,83
2700,2,"{""single"":[""solutions/game_2/single/rest-011000/top"",""solutions/game_2/single/rest-111101/bot""],""series"":[""solutions/game_2/series/home_wins_1/rest-011000/top"",""solutions/game_2/series/home_wins_1/rest-111101/bot""]}","[0,1,1,0,0,0]","[1,1,1,1,0,1]",1,0,2,5,away_win,away,0,86
2700,3,"{""single"":[""solutions/game_3/single/rest-100111/top"",""solutions/game_3/single/rest-011110/bot""],""series"":[""solutions/game_3/series/home_wins_1/rest-100111/top"",""solutions/game_3/series/home_wins_1/rest-011110/bot""]}","[1,0,0,1,1,1]","[0,1,1,1,1,0]",1,1,4,2,home_win,home,0,75
2700,4,"{""single"":[""solutions/game_4/single/rest-111001/top"",""solutions/game_4/single/rest-101011/bot""],""series"":[""solutions/game_4/series/home_wins_2/rest-111001/top"",""solutions/game_4/series/home_wins_2/rest-101011/bot""]}","[1,1,1,0,0,1]","[1,0,1,0,1,1]",2,1,7,2,home_win,home,0,80
2700,5,"{""single"":[""solutions/game_5/single/rest-010011/top"",""solutions/game_5/single/rest-110100/bot""],""series"":[""solutions/game_5/single/rest-010011/top"",""solutions/game_5/single/rest-110100/bot""]}","[0,1,0,0,1,1]","[1,1,0,1,0,0]",3,1,1,2,away_win,away,1,76
2701,1,"{""single"":[""solutions/game_1/single/rest-111111/top"",""solutions/game_1/single/rest-111111/bot""],""series"":[""solutions/game_1/series/rest-111111/top"",""solutions/game_1/series/rest-111111/bot""]}","[1,1,1,1,1,1]","[1,1,1,1,1,1]",0,0,6,9,away_win,away,0,95
2701,2,"{""single"":[""solutions/game_2/single/rest-010001/top"",""solutions/game_2/single/rest-001010/bot""],""series"":[""solutions/game_2/series/home_wins_0/rest-010001/top"",""solutions/game_2/series/home_wins_0/rest-001010/bot""]}","[0,1,0,0,0,1]","[0,0,1,0,1,0]",0,1,4,0,home_win,home,0,71
2701,3,"{""single"":[""solutions/game_3/single/rest-111110/top"",""solutions/game_3/single/rest-111111/bot""],""series"":[""solutions/game_3/series/home_wins_1/rest-111110/top"",""solutions/game_3/series/home_wins_1/rest-111111/bot""]}","[1,1,1,1,1,0]","[1,1,1,1,1,1]",1,1,13,5,home_win,home,0,62
2701,4,"{""single"":[""solutions/game_4/single/rest-111110/top"",""solutions/game_4/single/rest-011111/bot""],""series"":[""solutions/game_4/series/home_wins_2/rest-111110/top"",""solutions/game_4/series/home_wins_2/rest-011111/bot""]}","[1,1,1,1,1,0]","[0,1,1,1,1,1]",2,1,1,10,away_win,away,0,23
2701,5,"{""single"":[""solutions/game_5/single/rest-111111/top"",""solutions/game_5/single/rest-111111/bot""],""series"":[""solutions/game_5/single/rest-111111/top"",""solutions/game_5/single/rest-111111/bot""]}","[1,1,1,1,1,1]","[1,1,1,1,1,1]",2,2,3,4,away_win,away,0,79
2702,1,"{""single"":[""solutions/game_1/single/rest-111111/top"",""solutions/game_1/single/rest-111111/bot""],""series"":[""solutions/game_1/series/rest-111111/top"",""solutions/game_1/series/rest-111111/bot""]}","[1,1,1,1,1,1]","[1,1,1,1,1,1]",0,0,6,2,home_win,home,0,77
2702,2,"{""single"":[""solutions/game_2/single/rest-111001/top"",""solutions/game_2/single/rest-110101/bot""],""series"":[""solutions/game_2/series/home_wins_1/rest-111001/top"",""solutions/game_2/series/home_wins_1/rest-110101/bot""]}","[1,1,1,0,0,1]","[1,1,0,1,0,1]",1,0,6,0,home_win,home,0,79
2702,3,"{""single"":[""solutions/game_3/single/rest-011111/top"",""solutions/game_3/single/rest-011111/bot""],""series"":[""solutions/game_3/series/home_wins_2/rest-011111/top"",""solutions/game_3/series/home_wins_2/rest-011111/bot""]}","[0,1,1,1,1,1]","[0,1,1,1,1,1]",2,0,2,5,away_win,away,0,81
2702,4,"{""single"":[""solutions/game_4/single/rest-110101/top"",""solutions/game_4/single/rest-111011/bot""],""series"":[""solutions/game_4/series/home_wins_2/rest-110101/top"",""solutions/game_4/series/home_wins_2/rest-111011/bot""]}","[1,1,0,1,0,1]","[1,1,1,0,1,1]",2,1,2,3,away_win,away,0,81
2702,5,"{""single"":[""solutions/game_5/single/rest-011011/top"",""solutions/game_5/single/rest-110111/bot""],""series"":[""solutions/game_5/single/rest-011011/top"",""solutions/game_5/single/rest-110111/bot""]}","[0,1,1,0,1,1]","[1,1,0,1,1,1]",2,2,2,3,away_win,away,0,81
2703,1,"{""single"":[""solutions/game_1/single/rest-111111/top"",""solutions/game_1/single/rest-111111/bot""],""series"":[""solutions/game_1/series/rest-111111/top"",""solutions/game_1/series/rest-111111/bot""]}","[1,1,1,1,1,1]","[1,1,1,1,1,1]",0,0,7,9,away_win,away,0,91
2703,2,"{""single"":[""solutions/game_2/single/rest-010111/top"",""solutions/game_2/single/rest-001110/bot""],""series"":[""solutions/game_2/series/home_wins_0/rest-010111/top"",""solutions/game_2/series/home_wins_0/rest-001110/bot""]}","[0,1,0,1,1,1]","[0,0,1,1,1,0]",0,1,5,3,home_win,home,0,74
2703,3,"{""single"":[""solutions/game_3/single/rest-111100/top"",""solutions/game_3/single/rest-111011/bot""],""series"":[""solutions/game_3/series/home_wins_1/rest-111100/top"",""solutions/game_3/series/home_wins_1/rest-111011/bot""]}","[1,1,1,1,0,0]","[1,1,1,0,1,1]",1,1,8,5,home_win,home,0,97
2703,4,"{""single"":[""solutions/game_4/single/rest-100110/top"",""solutions/game_4/single/rest-000101/bot""],""series"":[""solutions/game_4/series/home_wins_2/rest-100110/top"",""solutions/game_4/series/home_wins_2/rest-000101/bot""]}","[1,0,0,1,1,0]","[0,0,0,1,0,1]",2,1,7,8,away_win,away,0,97
2703,5,"{""single"":[""solutions/game_5/single/rest-011001/top"",""solutions/game_5/single/rest-111011/bot""],""series"":[""solutions/game_5/single/rest-011001/top"",""solutions/game_5/single/rest-111011/bot""]}","[0,1,1,0,0,1]","[1,1,1,0,1,1]",2,2,7,2,home_win,home,0,81
2704,1,"{""single"":[""solutions/game_1/single/rest-111111/top"",""solutions/game_1/single/rest-111111/bot""],""series"":[""solutions/game_1/series/rest-111111/top"",""solutions/game_1/series/rest-111111/bot""]}","[1,1,1,1,1,1]","[1,1,1,1,1,1]",0,0,5,0,home_win,home,0,71
2704,2,"{""single"":[""solutions/game_2/single/rest-110101/top"",""solutions/game_2/single/rest-111111/bot""],""series"":[""solutions/game_2/series/home_wins_1/rest-110101/top"",""solutions/game_2/series/home_wins_1/rest-111111/bot""]}","[1,1,0,1,0,1]","[1,1,1,1,1,1]",1,0,2,2,tie,away,0,90
2704,3,"{""single"":[""solutions/game_3/single/rest-111010/top"",""solutions/game_3/single/rest-011011/bot""],""series"":[""solutions/game_3/series/home_wins_1/rest-111010/top"",""solutions/game_3/series/home_wins_1/rest-011011/bot""]}","[1,1,1,0,1,0]","[0,1,1,0,1,1]",1,1,5,2,home_win,home,0,81
2704,4,"{""single"":[""solutions/game_4/single/rest-010101/top"",""solutions/game_4/single/rest-110111/bot""],""series"":[""solutions/game_4/series/home_wins_2/rest-010101/top"",""solutions/game_4/series/home_wins_2/rest-110111/bot""]}","[0,1,0,1,0,1]","[1,1,0,1,1,1]",2,1,4,6,away_win,away,0,89
2704,5,"{""single"":[""solutions/game_5/single/rest-001010/top"",""solutions/game_5/single/rest-101010/bot""],""series"":[""solutions/game_5/single/rest-001010/top"",""solutions/game_5/single/rest-101010/bot""]}","[0,0,1,0,1,0]","[1,0,1,0,1,0]",2,2,10,2,home_win,home,0,74
2705,1,"{""single"":[""solutions/game_1/single/rest-111111/top"",""solutions/game_1/single/rest-111111/bot""],""series"":[""solutions/game_1/series/rest-111111/top"",""solutions/game_1/series/rest-111111/bot""]}","[1,1,1,1,1,1]","[1,1,1,1,1,1]",0,0,4,2,home_win,home,0,80
2705,2,"{""single"":[""solutions/game_2/single/rest-010101/top"",""solutions/game_2/single/rest-011111/bot""],""series"":[""solutions/game_2/series/home_wins_1/rest-010101/top"",""solutions/game_2/series/home_wins_1/rest-011111/bot""]}","[0,1,0,1,0,1]","[0,1,1,1,1,1]",1,0,6,7,away_win,away,0,101
2705,3,"{""single"":[""solutions/game_3/single/rest-111010/top"",""solutions/game_3/single/rest-101101/bot""],""series"":[""solutions/game_3/series/home_wins_1/rest-111010/top"",""solutions/game_3/series/home_wins_1/rest-101101/bot""]}","[1,1,1,0,1,0]","[1,0,1,1,0,1]",1,1,2,3,away_win,away,0,79
2705,4,"{""single"":[""solutions/game_4/single/rest-000101/top"",""solutions/game_4/single/rest-100110/bot""],""series"":[""solutions/game_4/series/home_wins_1/rest-000101/top"",""solutions/game_4/series/home_wins_1/rest-100110/bot""]}","[0,0,0,1,0,1]","[1,0,0,1,1,0]",1,2,3,5,away_win,away,0,82
2705,5,"{""single"":[""solutions/game_5/single/rest-111011/top"",""solutions/game_5/single/rest-011101/bot""],""series"":[""solutions/game_5/single/rest-111011/top"",""solutions/game_5/single/rest-011101/bot""]}","[1,1,1,0,1,1]","[0,1,1,1,0,1]",1,3,6,5,home_win,home,1,78
2706,1,"{""single"":[""solutions/game_1/single/rest-111111/top"",""solutions/game_1/single/rest-111111/bot""],""series"":[""solutions/game_1/series/rest-111111/top"",""solutions/game_1/series/rest-111111/bot""]}","[1,1,1,1,1,1]","[1,1,1,1,1,1]",0,0,0,2,away_win,away,0,83
2706,2,"{""single"":[""solutions/game_2/single/rest-010111/top"",""solutions/game_2/single/rest-001111/bot""],""series"":[""solutions/game_2/series/home_wins_0/rest-010111/top"",""solutions/game_2/series/home_wins_0/rest-001111/bot""]}","[0,1,0,1,1,1]","[0,0,1,1,1,1]",0,1,10,2,home_win,home,0,75
2706,3,"{""single"":[""solutions/game_3/single/rest-111010/top"",""solutions/game_3/single/rest-111101/bot""],""series"":[""solutions/game_3/series/home_wins_1/rest-111010/top"",""solutions/game_3/series/home_wins_1/rest-111101/bot""]}","[1,1,1,0,1,0]","[1,1,1,1,0,1]",1,1,2,6,away_win,away,0,76
2706,4,"{""single"":[""solutions/game_4/single/rest-010111/top"",""solutions/game_4/single/rest-111110/bot""],""series"":[""solutions/game_4/series/home_wins_1/rest-010111/top"",""solutions/game_4/series/home_wins_1/rest-111110/bot""]}","[0,1,0,1,1,1]","[1,1,1,1,1,0]",1,2,5,3,home_win,home,0,78
2706,5,"{""single"":[""solutions/game_5/single/rest-111010/top"",""solutions/game_5/single/rest-110111/bot""],""series"":[""solutions/game_5/single/rest-111010/top"",""solutions/game_5/single/rest-110111/bot""]}","[1,1,1,0,1,0]","[1,1,0,1,1,1]",2,2,7,5,home_win,home,0,78
2707,1,"{""single"":[""solutions/game_1/single/rest-111111/top"",""solutions/game_1/single/rest-111111/bot""],""series"":[""solutions/game_1/series/rest-111111/top"",""solutions/game_1/series/rest-111111/bot""]}","[1,1,1,1,1,1]","[1,1,1,1,1,1]",0,0,4,5,away_win,away,0,87
2707,2,"{""single"":[""solutions/game_2/single/rest-010010/top"",""solutions/game_2/single/rest-101111/bot""],""series"":[""solutions/game_2/series/home_wins_0/rest-010010/top"",""solutions/game_2/series/home_wins_0/rest-101111/bot""]}","[0,1,0,0,1,0]","[1,0,1,1,1,1]",0,1,10,5,home_win,home,0,87
2707,3,"{""single"":[""solutions/game_3/single/rest-101101/top"",""solutions/game_3/single/rest-111111/bot""],""series"":[""solutions/game_3/series/home_wins_1/rest-101101/top"",""solutions/game_3/series/home_wins_1/rest-111111/bot""]}","[1,0,1,1,0,1]","[1,1,1,1,1,1]",1,1,7,4,home_win,home,0,82
2707,4,"{""single"":[""solutions/game_4/single/rest-110111/top"",""solutions/game_4/single/rest-001110/bot""],""series"":[""solutions/game_4/series/home_wins_2/rest-110111/top"",""solutions/game_4/series/home_wins_2/rest-001110/bot""]}","[1,1,0,1,1,1]","[0,0,1,1,1,0]",2,1,3,7,away_win,away,0,78
2707,5,"{""single"":[""solutions/game_5/single/rest-000101/top"",""solutions/game_5/single/rest-111111/bot""],""series"":[""solutions/game_5/single/rest-000101/top"",""solutions/game_5/single/rest-111111/bot""]}","[0,0,0,1,0,1]","[1,1,1,1,1,1]",2,2,6,3,home_win,home,0,76
2708,1,"{""single"":[""solutions/game_1/single/rest-111111/top"",""solutions/game_1/single/rest-111111/bot""],""series"":[""solutions/game_1/series/rest-111111/top"",""solutions/game_1/series/rest-111111/bot""]}","[1,1,1,1,1,1]","[1,1,1,1,1,1]",0,0,3,0,home_win,home,0,67
2708,2,"{""single"":[""solutions/game_2/single/rest-110011/top"",""solutions/game_2/single/rest-010111/bot""],""series"":[""solutions/game_2/series/home_wins_1/rest-110011/top"",""solutions/game_2/series/home_wins_1/rest-010111/bot""]}","[1,1,0,0,1,1]","[0,1,0,1,1,1]",1,0,3,1,home_win,home,0,73
2708,3,"{""single"":[""solutions/game_3/single/rest-001100/top"",""solutions/game_3/single/rest-111100/bot""],""series"":[""solutions/game_3/series/home_wins_2/rest-001100/top"",""solutions/game_3/series/home_wins_2/rest-111100/bot""]}","[0,0,1,1,0,0]","[1,1,1,1,0,0]",2,0,3,5,away_win,away,0,80
2708,4,"{""single"":[""solutions/game_4/single/rest-111011/top"",""solutions/game_4/single/rest-111111/bot""],""series"":[""solutions/game_4/series/home_wins_2/rest-111011/top"",""solutions/game_4/series/home_wins_2/rest-111111/bot""]}","[1,1,1,0,1,1]","[1,1,1,1,1,1]",2,1,1,6,away_win,away,0,79
2708,5,"{""single"":[""solutions/game_5/single/rest-011101/top"",""solutions/game_5/single/rest-001111/bot""],""series"":[""solutions/game_5/single/rest-011101/top"",""solutions/game_5/single/rest-001111/bot""]}","[0,1,1,1,0,1]","[0,0,1,1,1,1]",2,2,5,3,home_win,home,0,82
2709,1,"{""single"":[""solutions/game_1/single/rest-111111/top"",""solutions/game_1/single/rest-111111/bot""],""series"":[""solutions/game_1/series/rest-111111/top"",""solutions/game_1/series/rest-111111/bot""]}","[1,1,1,1,1,1]","[1,1,1,1,1,1]",0,0,1,2,away_win,away,0,76
2709,2,"{""single"":[""solutions/game_2/single/rest-110101/top"",""solutions/game_2/single/rest-001011/bot""],""series"":[""solutions/game_2/series/home_wins_0/rest-110101/top"",""solutions/game_2/series/home_wins_0/rest-001011/bot""]}","[1,1,0,1,0,1]","[0,0,1,0,1,1]",0,1,6,1,home_win,home,0,73
2709,3,"{""single"":[""solutions/game_3/single/rest-111111/top"",""solutions/game_3/single/rest-111101/bot""],""series"":[""solutions/game_3/series/home_wins_1/rest-111111/top"",""solutions/game_3/series/home_wins_1/rest-111101/bot""]}","[1,1,1,1,1,1]","[1,1,1,1,0,1]",1,1,2,1,home_win,home,0,74
2709,4,"{""single"":[""solutions/game_4/single/rest-010001/top"",""solutions/game_4/single/rest-011111/bot""],""series"":[""solutions/game_4/series/home_wins_2/rest-010001/top"",""solutions/game_4/series/home_wins_2/rest-011111/bot""]}","[0,1,0,0,0,1]","[0,1,1,1,1,1]",2,1,4,3,home_win,home,0,76
2709,5,"{""single"":[""solutions/game_5/single/rest-001110/top"",""solutions/game_5/single/rest-011010/bot""],""series"":[""solutions/game_5/single/rest-001110/top"",""solutions/game_5/single/rest-011010/bot""]}","[0,0,1,1,1,0]","[0,1,1,0,1,0]",3,1,8,2,home_win,home,1,82
2710,1,"{""single"":[""solutions/game_1/single/rest-111111/top"",""solutions/game_1/single/rest-111111/bot""],""series"":[""solutions/game_1/series/rest-111111/top"",""solutions/game_1/series/rest-111111/bot""]}","[1,1,1,1,1,1]","[1,1,1,1,1,1]",0,0,3,2,home_win,home,0,76
2710,2,"{""single"":[""solutions/game_2/single/rest-110101/top"",""solutions/game_2/single/rest-011110/bot""],""series"":[""solutions/game_2/series/home_wins_1/rest-110101/top"",""solutions/game_2/series/home_wins_1/rest-011110/bot""]}","[1,1,0,1,0,1]","[0,1,1,1,1,0]",1,0,1,9,away_win,away,0,78
2710,3,"{""single"":[""solutions/game_3/single/rest-001111/top"",""solutions/game_3/single/rest-101100/bot""],""series"":[""solutions/game_3/series/home_wins_1/rest-001111/top"",""solutions/game_3/series/home_wins_1/rest-101100/bot""]}","[0,0,1,1,1,1]","[1,0,1,1,0,0]",1,1,10,11,away_win,away,0,96
2710,4,"{""single"":[""solutions/game_4/single/rest-110001/top"",""solutions/game_4/single/rest-110111/bot""],""series"":[""solutions/game_4/series/home_wins_1/rest-110001/top"",""solutions/game_4/series/home_wins_1/rest-110111/bot""]}","[1,1,0,0,0,1]","[1,1,0,1,1,1]",1,2,4,7,away_win,away,0,88
2710,5,"{""single"":[""solutions/game_5/single/rest-101110/top"",""solutions/game_5/single/rest-011110/bot""],""series"":[""solutions/game_5/single/rest-101110/top"",""solutions/game_5/single/rest-011110/bot""]}","[1,0,1,1,1,0]","[0,1,1,1,1,0]",1,3,9,2,home_win,home,1,85
2711,1,"{""single"":[""solutions/game_1/single/rest-111111/top"",""solutions/game_1/single/rest-111111/bot""],""series"":[""solutions/game_1/series/rest-111111/top"",""solutions/game_1/series/rest-111111/bot""]}","[1,1,1,1,1,1]","[1,1,1,1,1,1]",0,0,2,0,home_win,home,0,70
2711,2,"{""single"":[""solutions/game_2/single/rest-111011/top"",""solutions/game_2/single/rest-111100/bot""],""series"":[""solutions/game_2/series/home_wins_1/rest-111011/top"",""solutions/game_2/series/home_wins_1/rest-111100/bot""]}","[1,1,1,0,1,1]","[1,1,1,1,0,0]",1,0,1,0,home_win,home,0,65
2711,3,"{""single"":[""solutions/game_3/single/rest-110100/top"",""solutions/game_3/single/rest-001101/bot""],""series"":[""solutions/game_3/series/home_wins_2/rest-110100/top"",""solutions/game_3/series/home_wins_2/rest-001101/bot""]}","[1,1,0,1,0,0]","[0,0,1,1,0,1]",2,0,4,0,home_win,home,0,70
2711,4,"{""single"":[""solutions/game_4/single/rest-011010/top"",""solutions/game_4/single/rest-001010/bot""],""series"":[""solutions/game_4/single/rest-011010/top"",""solutions/game_4/single/rest-001010/bot""]}","[0,1,1,0,1,0]","[0,0,1,0,1,0]",3,0,7,10,away_win,away,1,97
2711,5,"{""single"":[""solutions/game_5/single/rest-101101/top"",""solutions/game_5/single/rest-110111/bot""],""series"":[""solutions/game_5/single/rest-101101/top"",""solutions/game_5/single/rest-110111/bot""]}","[1,0,1,1,0,1]","[1,1,0,1,1,1]",3,1,8,7,home_win,home,1,87
2712,1,"{""single"":[""solutions/game_1/single/rest-111111/top"",""solutions/game_1/single/rest-111111/bot""],""series"":[""solutions/game_1/series/rest-111111/top"",""solutions/game_1/series/rest-111111/bot""]}","[1,1,1,1,1,1]","[1,1,1,1,1,1]",0,0,5,4,home_win,home,0,84
2712,2,"{""single"":[""solutions/game_2/single/rest-110001/top"",""solutions/game_2/single/rest-110010/bot""],""series"":[""solutions/game_2/series/home_wins_1/rest-110001/top"",""solutions/game_2/series/home_wins_1/rest-110010/bot""]}","[1,1,0,0,0,1]","[1,1,0,0,1,0]",1,0,8,7,home_win,home,0,81
2712,3,"{""single"":[""solutions/game_3/single/rest-001011/top"",""solutions/game_3/single/rest-111110/bot""],""series"":[""solutions/game_3/series/home_wins_2/rest-001011/top"",""solutions/game_3/series/home_wins_2/rest-111110/bot""]}","[0,0,1,0,1,1]","[1,1,1,1,1,0]",2,0,3,11,away_win,away,0,58
2712,4,"{""single"":[""solutions/game_4/single/rest-111110/top"",""solutions/game_4/single/rest-111111/bot""],""series"":[""solutions/game_4/series/home_wins_2/rest-111110/top"",""solutions/game_4/series/home_wins_2/rest-111111/bot""]}","[1,1,1,1,1,0]","[1,1,1,1,1,1]",2,1,2,11,away_win,away,0,51
2712,5,"{""single"":[""solutions/game_5/single/rest-111111/top"",""solutions/game_5/single/rest-111111/bot""],""series"":[""solutions/game_5/single/rest-111111/top"",""solutions/game_5/single/rest-111111/bot""]}","[1,1,1,1,1,1]","[1,1,1,1,1,1]",2,2,8,11,away_win,away,0,100
2713,1,"{""single"":[""solutions/game_1/single/rest-111111/top"",""solutions/game_1/single/rest-111111/bot""],""series"":[""solutions/game_1/series/rest-111111/top"",""solutions/game_1/series/rest-111111/bot""]}","[1,1,1,1,1,1]","[1,1,1,1,1,1]",0,0,5,3,home_win,home,0,75
2713,2,"{""single"":[""solutions/game_2/single/rest-010011/top"",""solutions/game_2/single/rest-110101/bot""],""series"":[""solutions/game_2/series/home_wins_1/rest-010011/top"",""solutions/game_2/series/home_wins_1/rest-110101/bot""]}","[0,1,0,0,1,1]","[1,1,0,1,0,1]",1,0,4,6,away_win,away,0,89
2713,3,"{""single"":[""solutions/game_3/single/rest-101100/top"",""solutions/game_3/single/rest-101111/bot""],""series"":[""solutions/game_3/series/home_wins_1/rest-101100/top"",""solutions/game_3/series/home_wins_1/rest-101111/bot""]}","[1,0,1,1,0,0]","[1,0,1,1,1,1]",1,1,3,6,away_win,away,0,92
2713,4,"{""single"":[""solutions/game_4/single/rest-010111/top"",""solutions/game_4/single/rest-101100/bot""],""series"":[""solutions/game_4/series/home_wins_1/rest-010111/top"",""solutions/game_4/series/home_wins_1/rest-101100/bot""]}","[0,1,0,1,1,1]","[1,0,1,1,0,0]",1,2,6,5,home_win,home,0,90
2713,5,"{""single"":[""solutions/game_5/single/rest-101001/top"",""solutions/game_5/single/rest-011111/bot""],""series"":[""solutions/game_5/single/rest-101001/top"",""solutions/game_5/single/rest-011111/bot""]}","[1,0,1,0,0,1]","[0,1,1,1,1,1]",2,2,8,0,home_win,home,0,52
2714,1,"{""single"":[""solutions/game_1/single/rest-111111/top"",""solutions/game_1/single/rest-111111/bot""],""series"":[""solutions/game_1/series/rest-111111/top"",""solutions/game_1/series/rest-111111/bot""]}","[1,1,1,1,1,1]","[1,1,1,1,1,1]",0,0,12,4,home_win,home,0,66
2714,2,"{""single"":[""solutions/game_2/single/rest-011111/top"",""solutions/game_2/single/rest-111110/bot""],""series"":[""solutions/game_2/series/home_wins_1/rest-011111/top"",""solutions/game_2/series/home_wins_1/rest-111110/bot""]}","[0,1,1,1,1,1]","[1,1,1,1,1,0]",1,0,11,7,home_win,home,0,87
2714,3,"{""single"":[""solutions/game_3/single/rest-111011/top"",""solutions/game_3/single/rest-011111/bot""],""series"":[""solutions/game_3/series/home_wins_2/rest-111011/top"",""solutions/game_3/series/home_wins_2/rest-011111/bot""]}","[1,1,1,0,1,1]","[0,1,1,1,1,1]",2,0,1,6,away_win,away,0,88
2714,4,"{""single"":[""solutions/game_4/single/rest-011100/top"",""solutions/game_4/single/rest-011100/bot""],""series"":[""solutions/game_4/series/home_wins_2/rest-011100/top"",""solutions/game_4/series/home_wins_2/rest-011100/bot""]}","[0,1,1,1,0,0]","[0,1,1,1,0,0]",2,1,8,3,home_win,home,0,83
2714,5,"{""single"":[""solutions/game_5/single/rest-101101/top"",""solutions/game_5/single/rest-001011/bot""],""series"":[""solutions/game_5/single/rest-101101/top"",""solutions/game_5/single/rest-001011/bot""]}","[1,0,1,1,0,1]","[0,0,1,0,1,1]",3,1,1,11,away_win,away,1,84
2715,1,"{""single"":[""solutions/game_1/single/rest-111111/top"",""solutions/game_1/single/rest-111111/bot""],""series"":[""solutions/game_1/series/rest-111111/top"",""solutions/game_1/series/rest-111111/bot""]}","[1,1,1,1,1,1]","[1,1,1,1,1,1]",0,0,6,5,home_win,home,0,91
2715,2,"{""single"":[""solutions/game_2/single/rest-000001/top"",""solutions/game_2/single/rest-101010/bot""],""series"":[""solutions/game_2/series/home_wins_1/rest-000001/top"",""solutions/game_2/series/home_wins_1/rest-101010/bot""]}","[0,0,0,0,0,1]","[1,0,1,0,1,0]",1,0,5,14,away_win,away,0,84
2715,3,"{""single"":[""solutions/game_3/single/rest-011010/top"",""solutions/game_3/single/rest-010111/bot""],""series"":[""solutions/game_3/series/home_wins_1/rest-011010/top"",""solutions/game_3/series/home_wins_1/rest-010111/bot""]}","[0,1,1,0,1,0]","[0,1,0,1,1,1]",1,1,6,9,away_win,away,0,96
2715,4,"{""single"":[""solutions/game_4/single/rest-100101/top"",""solutions/game_4/single/rest-101001/bot""],""series"":[""solutions/game_4/series/home_wins_1/rest-100101/top"",""solutions/game_4/series/home_wins_1/rest-101001/bot""]}","[1,0,0,1,0,1]","[1,0,1,0,0,1]",1,2,1,6,away_win,away,0,92
2715,5,"{""single"":[""solutions/game_5/single/rest-011010/top"",""solutions/game_5/single/rest-010111/bot""],""series"":[""solutions/game_5/single/rest-011010/top"",""solutions/game_5/single/rest-010111/bot""]}","[0,1,1,0,1,0]","[0,1,0,1,1,1]",1,3,3,12,away_win,away,1,85
2716,1,"{""single"":[""solutions/game_1/single/rest-111111/top"",""solutions/game_1/single/rest-111111/bot""],""series"":[""solutions/game_1/series/rest-111111/top"",""solutions/game_1/series/rest-111111/bot""]}","[1,1,1,1,1,1]","[1,1,1,1,1,1]",0,0,9,1,home_win,home,0,36
2716,2,"{""single"":[""solutions/game_2/single/rest-111111/top"",""solutions/game_2/single/rest-111111/bot""],""series"":[""solutions/game_2/series/home_wins_1/rest-111111/top"",""solutions/game_2/series/home_wins_1/rest-111111/bot""]}","[1,1,1,1,1,1]","[1,1,1,1,1,1]",1,0,7,3,home_win,home,0,83
2716,3,"{""single"":[""solutions/game_3/single/rest-111001/top"",""solutions/game_3/single/rest-001110/bot""],""series"":[""solutions/game_3/series/home_wins_2/rest-111001/top"",""solutions/game_3/series/home_wins_2/rest-001110/bot""]}","[1,1,1,0,0,1]","[0,0,1,1,1,0]",2,0,0,2,away_win,away,0,69
2716,4,"{""single"":[""solutions/game_4/single/rest-110110/top"",""solutions/game_4/single/rest-011001/bot""],""series"":[""solutions/game_4/series/home_wins_2/rest-110110/top"",""solutions/game_4/series/home_wins_2/rest-011001/bot""]}","[1,1,0,1,1,0]","[0,1,1,0,0,1]",2,1,4,8,away_win,away,0,93
2716,5,"{""single"":[""solutions/game_5/single/rest-001011/top"",""solutions/game_5/single/rest-000110/bot""],""series"":[""solutions/game_5/single/rest-001011/top"",""solutions/game_5/single/rest-000110/bot""]}","[0,0,1,0,1,1]","[0,0,0,1,1,0]",2,2,1,6,away_win,away,0,85
2717,1,"{""single"":[""solutions/game_1/single/rest-111111/top"",""solutions/game_1/single/rest-111111/bot""],""series"":[""solutions/game_1/series/rest-111111/top"",""solutions/game_1/series/rest-111111/bot""]}","[1,1,1,1,1,1]","[1,1,1,1,1,1]",0,0,0,8,away_win,away,0,66
2717,2,"{""single"":[""solutions/game_2/single/rest-010011/top"",""solutions/game_2/single/rest-111101/bot""],""series"":[""solutions/game_2/series/home_wins_0/rest-010011/top"",""solutions/game_2/series/home_wins_0/rest-111101/bot""]}","[0,1,0,0,1,1]","[1,1,1,1,0,1]",0,1,7,7,tie,away,0,105
2717,3,"{""single"":[""solutions/game_3/single/rest-101100/top"",""solutions/game_3/single/rest-111111/bot""],""series"":[""solutions/game_3/series/home_wins_0/rest-101100/top"",""solutions/game_3/series/home_wins_0/rest-111111/bot""]}","[1,0,1,1,0,0]","[1,1,1,1,1,1]",0,2,3,2,home_win,home,0,66
2717,4,"{""single"":[""solutions/game_4/single/rest-010011/top"",""solutions/game_4/single/rest-111110/bot""],""series"":[""solutions/game_4/series/home_wins_1/rest-010011/top"",""solutions/game_4/series/home_wins_1/rest-111110/bot""]}","[0,1,0,0,1,1]","[1,1,1,1,1,0]",1,2,5,6,away_win,away,0,89
2717,5,"{""single"":[""solutions/game_5/single/rest-101000/top"",""solutions/game_5/single/rest-000111/bot""],""series"":[""solutions/game_5/single/rest-101000/top"",""solutions/game_5/single/rest-000111/bot""]}","[1,0,1,0,0,0]","[0,0,0,1,1,1]",1,3,3,11,away_win,away,1,71
2718,1,"{""single"":[""solutions/game_1/single/rest-111111/top"",""solutions/game_1/single/rest-111111/bot""],""series"":[""solutions/game_1/series/rest-111111/top"",""solutions/game_1/series/rest-111111/bot""]}","[1,1,1,1,1,1]","[1,1,1,1,1,1]",0,0,10,1,home_win,home,0,85
2718,2,"{""single"":[""solutions/game_2/single/rest-110111/top"",""solutions/game_2/single/rest-111101/bot""],""series"":[""solutions/game_2/series/home_wins_1/rest-110111/top"",""solutions/game_2/series/home_wins_1/rest-111101/bot""]}","[1,1,0,1,1,1]","[1,1,1,1,0,1]",1,0,2,4,away_win,away,0,78
2718,3,"{""single"":[""solutions/game_3/single/rest-111001/top"",""solutions/game_3/single/rest-001110/bot""],""series"":[""solutions/game_3/series/home_wins_1/rest-111001/top"",""solutions/game_3/series/home_wins_1/rest-001110/bot""]}","[1,1,1,0,0,1]","[0,0,1,1,1,0]",1,1,7,4,home_win,home,0,88
2718,4,"{""single"":[""solutions/game_4/single/rest-110010/top"",""solutions/game_4/single/rest-111101/bot""],""series"":[""solutions/game_4/series/home_wins_2/rest-110010/top"",""solutions/game_4/series/home_wins_2/rest-111101/bot""]}","[1,1,0,0,1,0]","[1,1,1,1,0,1]",2,1,10,12,away_win,away,0,100
2718,5,"{""single"":[""solutions/game_5/single/rest-000101/top"",""solutions/game_5/single/rest-000111/bot""],""series"":[""solutions/game_5/single/rest-000101/top"",""solutions/game_5/single/rest-000111/bot""]}","[0,0,0,1,0,1]","[0,0,0,1,1,1]",2,2,0,8,away_win,away,0,41
2719,1,"{""single"":[""solutions/game_1/single/rest-111111/top"",""solutions/game_1/single/rest-111111/bot""],""series"":[""solutions/game_1/series/rest-111111/top"",""solutions/game_1/series/rest-111111/bot""]}","[1,1,1,1,1,1]","[1,1,1,1,1,1]",0,0,2,5,away_win,away,0,84
2719,2,"{""single"":[""solutions/game_2/single/rest-111001/top"",""solutions/game_2/single/rest-111010/bot""],""series"":[""solutions/game_2/series/home_wins_0/rest-111001/top"",""solutions/game_2/series/home_wins_0/rest-111010/bot""]}","[1,1,1,0,0,1]","[1,1,1,0,1,0]",0,1,4,0,home_win,home,0,71
2719,3,"{""single"":[""solutions/game_3/single/rest-111111/top"",""solutions/game_3/single/rest-111101/bot""],""series"":[""solutions/game_3/series/home_wins_1/rest-111111/top"",""solutions/game_3/series/home_wins_1/rest-111101/bot""]}","[1,1,1,1,1,1]","[1,1,1,1,0,1]",1,1,5,4,home_win,home,0,80
2719,4,"{""single"":[""solutions/game_4/single/rest-011001/top"",""solutions/game_4/single/rest-111110/bot""],""series"":[""solutions/game_4/series/home_wins_2/rest-011001/top"",""solutions/game_4/series/home_wins_2/rest-111110/bot""]}","[0,1,1,0,0,1]","[1,1,1,1,1,0]",2,1,5,0,home_win,home,0,77
2719,5,"{""single"":[""solutions/game_5/single/rest-111110/top"",""solutions/game_5/single/rest-110111/bot""],""series"":[""solutions/game_5/single/rest-111110/top"",""solutions/game_5/single/rest-110111/bot""]}","[1,1,1,1,1,0]","[1,1,0,1,1,1]",3,1,2,9,away_win,away,1,79
2720,1,"{""single"":[""solutions/game_1/single/rest-111111/top"",""solutions/game_1/single/rest-111111/bot""],""series"":[""solutions/game_1/series/rest-111111/top"",""solutions/game_1/series/rest-111111/bot""]}","[1,1,1,1,1,1]","[1,1,1,1,1,1]",0,0,1,1,tie,away,0,76
2720,2,"{""single"":[""solutions/game_2/single/rest-010011/top"",""solutions/game_2/single/rest-111111/bot""],""series"":[""solutions/game_2/series/home_wins_0/rest-010011/top"",""solutions/game_2/series/home_wins_0/rest-111111/bot""]}","[0,1,0,0,1,1]","[1,1,1,1,1,1]",0,1,3,4,away_win,away,0,87
2720,3,"{""single"":[""solutions/game_3/single/rest-001110/top"",""solutions/game_3/single/rest-010110/bot""],""series"":[""solutions/game_3/series/home_wins_0/rest-001110/top"",""solutions/game_3/series/home_wins_0/rest-010110/bot""]}","[0,0,1,1,1,0]","[0,1,0,1,1,0]",0,2,6,2,home_win,home,0,74
2720,4,"{""single"":[""solutions/game_4/single/rest-110001/top"",""solutions/game_4/single/rest-111101/bot""],""series"":[""solutions/game_4/series/home_wins_1/rest-110001/top"",""solutions/game_4/series/home_wins_1/rest-111101/bot""]}","[1,1,0,0,0,1]","[1,1,1,1,0,1]",1,2,7,9,away_win,away,0,95
2720,5,"{""single"":[""solutions/game_5/single/rest-011110/top"",""solutions/game_5/single/rest-001010/bot""],""series"":[""solutions/game_5/single/rest-011110/top"",""solutions/game_5/single/rest-001010/bot""]}","[0,1,1,1,1,0]","[0,0,1,0,1,0]",1,3,2,10,away_win,away,1,49
2721,1,"{""single"":[""solutions/game_1/single/rest-111111/top"",""solutions/game_1/single/rest-111111/bot""],""series"":[""solutions/game_1/series/rest-111111/top"",""solutions/game_1/series/rest-111111/bot""]}","[1,1,1,1,1,1]","[1,1,1,1,1,1]",0,0,5,3,home_win,home,0,79
2721,2,"{""single"":[""solutions/game_2/single/rest-010001/top"",""solutions/game_2/single/rest-111100/bot""],""series"":[""solutions/game_2/series/home_wins_1/rest-010001/top"",""solutions/game_2/series/home_wins_1/rest-111100/bot""]}","[0,1,0,0,0,1]","[1,1,1,1,0,0]",1,0,8,11,away_win,away,0,104
2721,3,"{""single"":[""solutions/game_3/single/rest-101110/top"",""solutions/game_3/single/rest-000011/bot""],""series"":[""solutions/game_3/series/home_wins_1/rest-101110/top"",""solutions/game_3/series/home_wins_1/rest-000011/bot""]}","[1,0,1,1,1,0]","[0,0,0,0,1,1]",1,1,8,4,home_win,home,0,91
2721,4,"{""single"":[""solutions/game_4/single/rest-110001/top"",""solutions/game_4/single/rest-111110/bot""],""series"":[""solutions/game_4/series/home_wins_2/rest-110001/top"",""solutions/game_4/series/home_wins_2/rest-111110/bot""]}","[1,1,0,0,0,1]","[1,1,1,1,1,0]",2,1,0,3,away_win,away,0,71
2721,5,"{""single"":[""solutions/game_5/single/rest-111110/top"",""solutions/game_5/single/rest-111111/bot""],""series"":[""solutions/game_5/single/rest-111110/top"",""solutions/game_5/single/rest-111111/bot""]}","[1,1,1,1,1,0]","[1,1,1,1,1,1]",2,2,6,3,home_win,home,0,72
2722,1,"{""single"":[""solutions/game_1/single/rest-111111/top"",""solutions/game_1/single/rest-111111/bot""],""series"":[""solutions/game_1/series/rest-111111/top"",""solutions/game_1/series/rest-111111/bot""]}","[1,1,1,1,1,1]","[1,1,1,1,1,1]",0,0,8,6,home_win,home,0,84
2722,2,"{""single"":[""solutions/game_2/single/rest-010000/top"",""solutions/game_2/single/rest-110101/bot""],""series"":[""solutions/game_2/series/home_wins_1/rest-010000/top"",""solutions/game_2/series/home_wins_1/rest-110101/bot""]}","[0,1,0,0,0,0]","[1,1,0,1,0,1]",1,0,6,9,away_win,away,0,98
2722,3,"{""single"":[""solutions/game_3/single/rest-000111/top"",""solutions/game_3/single/rest-001010/bot""],""series"":[""solutions/game_3/series/home_wins_1/rest-000111/top"",""solutions/game_3/series/home_wins_1/rest-001010/bot""]}","[0,0,0,1,1,1]","[0,0,1,0,1,0]",1,1,4,0,home_win,home,0,67
2722,4,"{""single"":[""solutions/game_4/single/rest-110011/top"",""solutions/game_4/single/rest-010111/bot""],""series"":[""solutions/game_4/series/home_wins_2/rest-110011/top"",""solutions/game_4/series/home_wins_2/rest-010111/bot""]}","[1,1,0,0,1,1]","[0,1,0,1,1,1]",2,1,10,6,home_win,home,0,94
2722,5,"{""single"":[""solutions/game_5/single/rest-011111/top"",""solutions/game_5/single/rest-101110/bot""],""series"":[""solutions/game_5/single/rest-011111/top"",""solutions/game_5/single/rest-101110/bot""]}","[0,1,1,1,1,1]","[1,0,1,1,1,0]",3,1,8,6,home_win,home,1,92
2723,1,"{""single"":[""solutions/game_1/single/rest-111111/top"",""solutions/game_1/single/rest-111111/bot""],""series"":[""solutions/game_1/series/rest-111111/top"",""solutions/game_1/series/rest-111111/bot""]}","[1,1,1,1,1,1]","[1,1,1,1,1,1]",0,0,6,8,away_win,away,0,103
2723,2,"{""single"":[""solutions/game_2/single/rest-011110/top"",""solutions/game_2/single/rest-001010/bot""],""series"":[""solutions/game_2/series/home_wins_0/rest-011110/top"",""solutions/game_2/series/home_wins_0/rest-001010/bot""]}","[0,1,1,1,1,0]","[0,0,1,0,1,0]",0,1,5,2,home_win,home,0,80
2723,3,"{""single"":[""solutions/game_3/single/rest-110001/top"",""solutions/game_3/single/rest-011101/bot""],""series"":[""solutions/game_3/series/home_wins_1/rest-110001/top"",""solutions/game_3/series/home_wins_1/rest-011101/bot""]}","[1,1,0,0,0,1]","[0,1,1,1,0,1]",1,1,1,9,away_win,away,0,21
2723,4,"{""single"":[""solutions/game_4/single/rest-111111/top"",""solutions/game_4/single/rest-111111/bot""],""series"":[""solutions/game_4/series/home_wins_1/rest-111111/top"",""solutions/game_4/series/home_wins_1/rest-111111/bot""]}","[1,1,1,1,1,1]","[1,1,1,1,1,1]",1,2,0,4,away_win,away,0,82
2723,5,"{""single"":[""solutions/game_5/single/rest-010001/top"",""solutions/game_5/single/rest-101110/bot""],""series"":[""solutions/game_5/single/rest-010001/top"",""solutions/game_5/single/rest-101110/bot""]}","[0,1,0,0,0,1]","[1,0,1,1,1,0]",1,3,7,4,home_win,home,1,79
2724,1,"{""single"":[""solutions/game_1/single/rest-111111/top"",""solutions/game_1/single/rest-111111/bot""],""series"":[""solutions/game_1/series/rest-111111/top"",""solutions/game_1/series/rest-111111/bot""]}","[1,1,1,1,1,1]","[1,1,1,1,1,1]",0,0,3,5,away_win,away,0,88
2724,2,"{""single"":[""solutions/game_2/single/rest-010011/top"",""solutions/game_2/single/rest-011111/bot""],""series"":[""solutions/game_2/series/home_wins_0/rest-010011/top"",""solutions/game_2/series/home_wins_0/rest-011111/bot""]}","[0,1,0,0,1,1]","[0,1,1,1,1,1]",0,1,6,3,home_win,home,0,79
2724,3,"{""single"":[""solutions/game_3/single/rest-111101/top"",""solutions/game_3/single/rest-111101/bot""],""series"":[""solutions/game_3/series/home_wins_1/rest-111101/top"",""solutions/game_3/series/home_wins_1/rest-111101/bot""]}","[1,1,1,1,0,1]","[1,1,1,1,0,1]",1,1,3,6,away_win,away,0,85
2724,4,"{""single"":[""solutions/game_4/single/rest-011010/top"",""solutions/game_4/single/rest-110011/bot""],""series"":[""solutions/game_4/series/home_wins_1/rest-011010/top"",""solutions/game_4/series/home_wins_1/rest-110011/bot""]}","[0,1,1,0,1,0]","[1,1,0,0,1,1]",1,2,6,5,home_win,home,0,88
2724,5,"{""single"":[""solutions/game_5/single/rest-100001/top"",""solutions/game_5/single/rest-011100/bot""],""series"":[""solutions/game_5/single/rest-100001/top"",""solutions/game_5/single/rest-011100/bot""]}","[1,0,0,0,0,1]","[0,1,1,1,0,0]",2,2,3,4,away_win,away,0,81
2725,1,"{""single"":[""solutions/game_1/single/rest-111111/top"",""solutions/game_1/single/rest-111111/bot""],""series"":[""solutions/game_1/series/rest-111111/top"",""solutions/game_1/series/rest-111111/bot""]}","[1,1,1,1,1,1]","[1,1,1,1,1,1]",0,0,4,6,away_win,away,0,85
2725,2,"{""single"":[""solutions/game_2/single/rest-011011/top"",""solutions/game_2/single/rest-101011/bot""],""series"":[""solutions/game_2/series/home_wins_0/rest-011011/top"",""solutions/game_2/series/home_wins_0/rest-101011/bot""]}","[0,1,1,0,1,1]","[1,0,1,0,1,1]",0,1,4,5,away_win,away,0,81
2725,3,"{""single"":[""solutions/game_3/single/rest-111100/top"",""solutions/game_3/single/rest-110111/bot""],""series"":[""solutions/game_3/series/home_wins_0/rest-111100/top"",""solutions/game_3/series/home_wins_0/rest-110111/bot""]}","[1,1,1,1,0,0]","[1,1,0,1,1,1]",0,2,4,3,home_win,home,0,84
2725,4,"{""single"":[""solutions/game_4/single/rest-101011/top"",""solutions/game_4/single/rest-011111/bot""],""series"":[""solutions/game_4/series/home_wins_1/rest-101011/top"",""solutions/game_4/series/home_wins_1/rest-011111/bot""]}","[1,0,1,0,1,1]","[0,1,1,1,1,1]",1,2,2,8,away_win,away,0,90
2725,5,"{""single"":[""solutions/game_5/single/rest-110100/top"",""solutions/game_5/single/rest-011010/bot""],""series"":[""solutions/game_5/single/rest-110100/top"",""solutions/game_5/single/rest-011010/bot""]}","[1,1,0,1,0,0]","[0,1,1,0,1,0]",1,3,0,10,away_win,away,1,24
2726,1,"{""single"":[""solutions/game_1/single/rest-111111/top"",""solutions/game_1/single/rest-111111/bot""],""series"":[""solutions/game_1/series/rest-111111/top"",""solutions/game_1/series/rest-111111/bot""]}","[1,1,1,1,1,1]","[1,1,1,1,1,1]",0,0,1,4,away_win,away,0,74
2726,2,"{""single"":[""solutions/game_2/single/rest-011001/top"",""solutions/game_2/single/rest-111010/bot""],""series"":[""solutions/game_2/series/home_wins_0/rest-011001/top"",""solutions/game_2/series/home_wins_0/rest-111010/bot""]}","[0,1,1,0,0,1]","[1,1,1,0,1,0]",0,1,10,6,home_win,home,0,82
2726,3,"{""single"":[""solutions/game_3/single/rest-100110/top"",""solutions/game_3/single/rest-110101/bot""],""series"":[""solutions/game_3/series/home_wins_1/rest-100110/top"",""solutions/game_3/series/home_wins_1/rest-110101/bot""]}","[1,0,0,1,1,0]","[1,1,0,1,0,1]",1,1,14,5,home_win,home,0,65
2726,4,"{""single"":[""solutions/game_4/single/rest-011110/top"",""solutions/game_4/single/rest-011101/bot""],""series"":[""solutions/game_4/series/home_wins_2/rest-011110/top"",""solutions/game_4/series/home_wins_2/rest-011101/bot""]}","[0,1,1,1,1,0]","[0,1,1,1,0,1]",2,1,5,6,away_win,away,0,89
2726,5,"{""single"":[""solutions/game_5/single/rest-100011/top"",""solutions/game_5/single/rest-000110/bot""],""series"":[""solutions/game_5/single/rest-100011/top"",""solutions/game_5/single/rest-000110/bot""]}","[1,0,0,0,1,1]","[0,0,0,1,1,0]",2,2,10,9,home_win,home,0,92
2727,1,"{""single"":[""solutions/game_1/single/rest-111111/top"",""solutions/game_1/single/rest-111111/bot""],""series"":[""solutions/game_1/series/rest-111111/top"",""solutions/game_1/series/rest-111111/bot""]}","[1,1,1,1,1,1]","[1,1,1,1,1,1]",0,0,6,8,away_win,away,0,99
2727,2,"{""single"":[""solutions/game_2/single/rest-110100/top"",""solutions/game_2/single/rest-000010/bot""],""series"":[""solutions/game_2/series/home_wins_0/rest-110100/top"",""solutions/game_2/series/home_wins_0/rest-000010/bot""]}","[1,1,0,1,0,0]","[0,0,0,0,1,0]",0,1,3,6,away_win,away,0,86
2727,3,"{""single"":[""solutions/game_3/single/rest-001011/top"",""solutions/game_3/single/rest-011101/bot""],""series"":[""solutions/game_3/series/home_wins_0/rest-001011/top"",""solutions/game_3/series/home_wins_0/rest-011101/bot""]}","[0,0,1,0,1,1]","[0,1,1,1,0,1]",0,2,7,10,away_win,away,0,86
2727,4,"{""single"":[""solutions/game_4/single/rest-110110/top"",""solutions/game_4/single/rest-111010/bot""],""series"":[""solutions/game_4/single/rest-110110/top"",""solutions/game_4/single/rest-111010/bot""]}","[1,1,0,1,1,0]","[1,1,1,0,1,0]",0,3,4,1,home_win,home,1,78
2727,5,"{""single"":[""solutions/game_5/single/rest-111101/top"",""solutions/game_5/single/rest-100110/bot""],""series"":[""solutions/game_5/single/rest-111101/top"",""solutions/game_5/single/rest-100110/bot""]}","[1,1,1,1,0,1]","[1,0,0,1,1,0]",1,3,5,0,home_win,home,1,73
2728,1,"{""single"":[""solutions/game_1/single/rest-111111/top"",""solutions/game_1/single/rest-111111/bot""],""series"":[""solutions/game_1/series/rest-111111/top"",""solutions/game_1/series/rest-111111/bot""]}","[1,1,1,1,1,1]","[1,1,1,1,1,1]",0,0,7,2,home_win,home,0,85
2728,2,"{""single"":[""solutions/game_2/single/rest-111101/top"",""solutions/game_2/single/rest-111111/bot""],""series"":[""solutions/game_2/series/home_wins_1/rest-111101/top"",""solutions/game_2/series/home_wins_1/rest-111111/bot""]}","[1,1,1,1,0,1]","[1,1,1,1,1,1]",1,0,3,2,home_win,home,0,76
2728,3,"{""single"":[""solutions/game_3/single/rest-010011/top"",""solutions/game_3/single/rest-011010/bot""],""series"":[""solutions/game_3/series/home_wins_2/rest-010011/top"",""solutions/game_3/series/home_wins_2/rest-011010/bot""]}","[0,1,0,0,1,1]","[0,1,1,0,1,0]",2,0,4,8,away_win,away,0,93
2728,4,"{""single"":[""solutions/game_4/single/rest-111011/top"",""solutions/game_4/single/rest-100111/bot""],""series"":[""solutions/game_4/series/home_wins_2/rest-111011/top"",""solutions/game_4/series/home_wins_2/rest-100111/bot""]}","[1,1,1,0,1,1]","[1,0,0,1,1,1]",2,1,4,5,away_win,away,0,83
2728,5,"{""single"":[""solutions/game_5/single/rest-011110/top"",""solutions/game_5/single/rest-011010/bot""],""series"":[""solutions/game_5/single/rest-011110/top"",""solutions/game_5/single/rest-011010/bot""]}","[0,1,1,1,1,0]","[0,1,1,0,1,0]",2,2,0,8,away_win,away,0,33
2729,1,"{""single"":[""solutions/game_1/single/rest-111111/top"",""solutions/game_1/single/rest-111111/bot""],""series"":[""solutions/game_1/series/rest-111111/top"",""solutions/game_1/series/rest-111111/bot""]}","[1,1,1,1,1,1]","[1,1,1,1,1,1]",0,0,9,3,home_win,home,0,78
2729,2,"{""single"":[""solutions/game_2/single/rest-110111/top"",""solutions/game_2/single/rest-111111/bot""],""series"":[""solutions/game_2/series/home_wins_1/rest-110111/top"",""solutions/game_2/series/home_wins_1/rest-111111/bot""]}","[1,1,0,1,1,1]","[1,1,1,1,1,1]",1,0,5,6,away_win,away,0,91
2729,3,"{""single"":[""solutions/game_3/single/rest-011001/top"",""solutions/game_3/single/rest-101010/bot""],""series"":[""solutions/game_3/series/home_wins_1/rest-011001/top"",""solutions/game_3/series/home_wins_1/rest-101010/bot""]}","[0,1,1,0,0,1]","[1,0,1,0,1,0]",1,1,6,5,home_win,home,0,81
2729,4,"{""single"":[""solutions/game_4/single/rest-111110/top"",""solutions/game_4/single/rest-011101/bot""],""series"":[""solutions/game_4/series/home_wins_2/rest-111110/top"",""solutions/game_4/series/home_wins_2/rest-011101/bot""]}","[1,1,1,1,1,0]","[0,1,1,1,0,1]",2,1,5,7,away_win,away,0,88
2729,5,"{""single"":[""solutions/game_5/single/rest-111010/top"",""solutions/game_5/single/rest-010010/bot""],""series"":[""solutions/game_5/single/rest-111010/top"",""solutions/game_5/single/rest-010010/bot""]}","[1,1,1,0,1,0]","[0,1,0,0,1,0]",2,2,7,8,away_win,away,0,88
2730,1,"{""single"":[""solutions/game_1/single/rest-111111/top"",""solutions/game_1/single/rest-111111/bot""],""series"":[""solutions/game_1/series/rest-111111/top"",""solutions/game_1/series/rest-111111/bot""]}","[1,1,1,1,1,1]","[1,1,1,1,1,1]",0,0,4,5,away_win,away,0,83
2730,2,"{""single"":[""solutions/game_2/single/rest-011001/top"",""solutions/game_2/single/rest-101111/bot""],""series"":[""solutions/game_2/series/home_wins_0/rest-011001/top"",""solutions/game_2/series/home_wins_0/rest-101111/bot""]}","[0,1,1,0,0,1]","[1,0,1,1,1,1]",0,1,13,4,home_win,home,0,78
2730,3,"{""single"":[""solutions/game_3/single/rest-111111/top"",""solutions/game_3/single/rest-101101/bot""],""series"":[""solutions/game_3/series/home_wins_1/rest-111111/top"",""solutions/game_3/series/home_wins_1/rest-101101/bot""]}","[1,1,1,1,1,1]","[1,0,1,1,0,1]",1,1,5,13,away_win,away,0,97
2730,4,"{""single"":[""solutions/game_4/single/rest-011000/top"",""solutions/game_4/single/rest-010111/bot""],""series"":[""solutions/game_4/series/home_wins_1/rest-011000/top"",""solutions/game_4/series/home_wins_1/rest-010111/bot""]}","[0,1,1,0,0,0]","[0,1,0,1,1,1]",1,2,0,8,away_win,away,0,79
2730,5,"{""single"":[""solutions/game_5/single/rest-100111/top"",""solutions/game_5/single/rest-101110/bot""],""series"":[""solutions/game_5/single/rest-100111/top"",""solutions/game_5/single/rest-101110/bot""]}","[1,0,0,1,1,1]","[1,0,1,1,1,0]",1,3,1,9,away_win,away,1,70
2731,1,"{""single"":[""solutions/game_1/single/rest-111111/top"",""solutions/game_1/single/rest-111111/bot""],""series"":[""solutions/game_1/series/rest-111111/top"",""solutions/game_1/series/rest-111111/bot""]}","[1,1,1,1,1,1]","[1,1,1,1,1,1]",0,0,5,2,home_win,home,0,77
2731,2,"{""single"":[""solutions/game_2/single/rest-011001/top"",""solutions/game_2/single/rest-110111/bot""],""series"":[""solutions/game_2/series/home_wins_1/rest-011001/top"",""solutions/game_2/series/home_wins_1/rest-110111/bot""]}","[0,1,1,0,0,1]","[1,1,0,1,1,1]",1,0,3,5,away_win,away,0,87
2731,3,"{""single"":[""solutions/game_3/single/rest-100110/top"",""solutions/game_3/single/rest-001010/bot""],""series"":[""solutions/game_3/series/home_wins_1/rest-100110/top"",""solutions/game_3/series/home_wins_1/rest-001010/bot""]}","[1,0,0,1,1,0]","[0,0,1,0,1,0]",1,1,6,5,home_win,home,0,87
2731,4,"{""single"":[""solutions/game_4/single/rest-011001/top"",""solutions/game_4/single/rest-110101/bot""],""series"":[""solutions/game_4/series/home_wins_2/rest-011001/top"",""solutions/game_4/series/home_wins_2/rest-110101/bot""]}","[0,1,1,0,0,1]","[1,1,0,1,0,1]",2,1,8,7,home_win,home,0,86
2731,5,"{""single"":[""solutions/game_5/single/rest-101111/top"",""solutions/game_5/single/rest-001110/bot""],""series"":[""solutions/game_5/single/rest-101111/top"",""solutions/game_5/single/rest-001110/bot""]}","[1,0,1,1,1,1]","[0,0,1,1,1,0]",3,1,7,7,tie,away,1,97
2732,1,"{""single"":[""solutions/game_1/single/rest-111111/top"",""solutions/game_1/single/rest-111111/bot""],""series"":[""solutions/game_1/series/rest-111111/top"",""solutions/game_1/series/rest-111111/bot""]}","[1,1,1,1,1,1]","[1,1,1,1,1,1]",0,0,2,6,away_win,away,0,83
2732,2,"{""single"":[""solutions/game_2/single/rest-011011/top"",""solutions/game_2/single/rest-011110/bot""],""series"":[""solutions/game_2/series/home_wins_0/rest-011011/top"",""solutions/game_2/series/home_wins_0/rest-011110/bot""]}","[0,1,1,0,1,1]","[0,1,1,1,1,0]",0,1,4,1,home_win,home,0,70
2732,3,"{""single"":[""solutions/game_3/single/rest-110000/top"",""solutions/game_3/single/rest-110111/bot""],""series"":[""solutions/game_3/series/home_wins_1/rest-110000/top"",""solutions/game_3/series/home_wins_1/rest-110111/bot""]}","[1,1,0,0,0,0]","[1,1,0,1,1,1]",1,1,2,3,away_win,away,0,84
2732,4,"{""single"":[""solutions/game_4/single/rest-001111/top"",""solutions/game_4/single/rest-101011/bot""],""series"":[""solutions/game_4/series/home_wins_1/rest-001111/top"",""solutions/game_4/series/home_wins_1/rest-101011/bot""]}","[0,0,1,1,1,1]","[1,0,1,0,1,1]",1,2,5,6,away_win,away,0,83
2732,5,"{""single"":[""solutions/game_5/single/rest-110011/top"",""solutions/game_5/single/rest-110111/bot""],""series"":[""solutions/game_5/single/rest-110011/top"",""solutions/game_5/single/rest-110111/bot""]}","[1,1,0,0,1,1]","[1,1,0,1,1,1]",1,3,5,6,away_win,away,1,92
2733,1,"{""single"":[""solutions/game_1/single/rest-111111/top"",""solutions/game_1/single/rest-111111/bot""],""series"":[""solutions/game_1/series/rest-111111/top"",""solutions/game_1/series/rest-111111/bot""]}","[1,1,1,1,1,1]","[1,1,1,1,1,1]",0,0,5,1,home_win,home,0,81
2733,2,"{""single"":[""solutions/game_2/single/rest-010001/top"",""solutions/game_2/single/rest-110100/bot""],""series"":[""solutions/game_2/series/home_wins_1/rest-010001/top"",""solutions/game_2/series/home_wins_1/rest-110100/bot""]}","[0,1,0,0,0,1]","[1,1,0,1,0,0]",1,0,7,0,home_win,home,0,71
2733,3,"{""single"":[""solutions/game_3/single/rest-101110/top"",""solutions/game_3/single/rest-111111/bot""],""series"":[""solutions/game_3/series/home_wins_2/rest-101110/top"",""solutions/game_3/series/home_wins_2/rest-111111/bot""]}","[1,0,1,1,1,0]","[1,1,1,1,1,1]",2,0,1,3,away_win,away,0,77
2733,4,"{""single"":[""solutions/game_4/single/rest-111011/top"",""solutions/game_4/single/rest-111111/bot""],""series"":[""solutions/game_4/series/home_wins_2/rest-111011/top"",""solutions/game_4/series/home_wins_2/rest-111111/bot""]}","[1,1,1,0,1,1]","[1,1,1,1,1,1]",2,1,7,6,home_win,home,0,89
2733,5,"{""single"":[""solutions/game_5/single/rest-011100/top"",""solutions/game_5/single/rest-101001/bot""],""series"":[""solutions/game_5/single/rest-011100/top"",""solutions/game_5/single/rest-101001/bot""]}","[0,1,1,1,0,0]","[1,0,1,0,0,1]",3,1,3,6,away_win,away,1,75
2734,1,"{""single"":[""solutions/game_1/single/rest-111111/top"",""solutions/game_1/single/rest-111111/bot""],""series"":[""solutions/game_1/series/rest-111111/top"",""solutions/game_1/series/rest-111111/bot""]}","[1,1,1,1,1,1]","[1,1,1,1,1,1]",0,0,2,6,away_win,away,0,77
2734,2,"{""single"":[""solutions/game_2/single/rest-110001/top"",""solutions/game_2/single/rest-111110/bot""],""series"":[""solutions/game_2/series/home_wins_0/rest-110001/top"",""solutions/game_2/series/home_wins_0/rest-111110/bot""]}","[1,1,0,0,0,1]","[1,1,1,1,1,0]",0,1,3,4,away_win,away,0,80
2734,3,"{""single"":[""solutions/game_3/single/rest-101010/top"",""solutions/game_3/single/rest-101011/bot""],""series"":[""solutions/game_3/series/home_wins_0/rest-101010/top"",""solutions/game_3/series/home_wins_0/rest-101011/bot""]}","[1,0,1,0,1,0]","[1,0,1,0,1,1]",0,2,8,3,home_win,home,0,80
2734,4,"{""single"":[""solutions/game_4/single/rest-010111/top"",""solutions/game_4/single/rest-111111/bot""],""series"":[""solutions/game_4/series/home_wins_1/rest-010111/top"",""solutions/game_4/series/home_wins_1/rest-111111/bot""]}","[0,1,0,1,1,1]","[1,1,1,1,1,1]",1,2,2,3,away_win,away,0,81
2734,5,"{""single"":[""solutions/game_5/single/rest-011010/top"",""solutions/game_5/single/rest-001110/bot""],""series"":[""solutions/game_5/single/rest-011010/top"",""solutions/game_5/single/rest-001110/bot""]}","[0,1,1,0,1,0]","[0,0,1,1,1,0]",1,3,0,8,away_win,away,1,23
2735,1,"{""single"":[""solutions/game_1/single/rest-111111/top"",""solutions/game_1/single/rest-111111/bot""],""series"":[""solutions/game_1/series/rest-111111/top"",""solutions/game_1/series/rest-111111/bot""]}","[1,1,1,1,1,1]","[1,1,1,1,1,1]",0,0,10,3,home_win,home,0,87
2735,2,"{""single"":[""solutions/game_2/single/rest-110101/top"",""solutions/game_2/single/rest-110111/bot""],""series"":[""solutions/game_2/series/home_wins_1/rest-110101/top"",""solutions/game_2/series/home_wins_1/rest-110111/bot""]}","[1,1,0,1,0,1]","[1,1,0,1,1,1]",1,0,5,6,away_win,away,0,91
2735,3,"{""single"":[""solutions/game_3/single/rest-011010/top"",""solutions/game_3/single/rest-011011/bot""],""series"":[""solutions/game_3/series/home_wins_1/rest-011010/top"",""solutions/game_3/series/home_wins_1/rest-011011/bot""]}","[0,1,1,0,1,0]","[0,1,1,0,1,1]",1,1,0,9,away_win,away,0,31
2735,4,"{""single"":[""solutions/game_4/single/rest-111110/top"",""solutions/game_4/single/rest-111111/bot""],""series"":[""solutions/game_4/series/home_wins_1/rest-111110/top"",""solutions/game_4/series/home_wins_1/rest-111111/bot""]}","[1,1,1,1,1,0]","[1,1,1,1,1,1]",1,2,4,2,home_win,home,0,77
2735,5,"{""single"":[""solutions/game_5/single/rest-110011/top"",""solutions/game_5/single/rest-111010/bot""],""series"":[""solutions/game_5/single/rest-110011/top"",""solutions/game_5/single/rest-111010/bot""]}","[1,1,0,0,1,1]","[1,1,1,0,1,0]",2,2,2,5,away_win,away,0,89
2736,1,"{""single"":[""solutions/game_1/single/rest-111111/top"",""solutions/game_1/single/rest-111111/bot""],""series"":[""solutions/game_1/series/rest-111111/top"",""solutions/game_1/series/rest-111111/bot""]}","[1,1,1,1,1,1]","[1,1,1,1,1,1]",0,0,5,1,home_win,home,0,81
2736,2,"{""single"":[""solutions/game_2/single/rest-111000/top"",""solutions/game_2/single/rest-111111/bot""],""series"":[""solutions/game_2/series/home_wins_1/rest-111000/top"",""solutions/game_2/series/home_wins_1/rest-111111/bot""]}","[1,1,1,0,0,0]","[1,1,1,1,1,1]",1,0,8,1,home_win,home,0,85
2736,3,"{""single"":[""solutions/game_3/single/rest-100111/top"",""solutions/game_3/single/rest-110101/bot""],""series"":[""solutions/game_3/series/home_wins_2/rest-100111/top"",""solutions/game_3/series/home_wins_2/rest-110101/bot""]}","[1,0,0,1,1,1]","[1,1,0,1,0,1]",2,0,2,3,away_win,away,0,75
2736,4,"{""single"":[""solutions/game_4/single/rest-111110/top"",""solutions/game_4/single/rest-111010/bot""],""series"":[""solutions/game_4/series/home_wins_2/rest-111110/top"",""solutions/game_4/series/home_wins_2/rest-111010/bot""]}","[1,1,1,1,1,0]","[1,1,1,0,1,0]",2,1,7,9,away_win,away,0,106
2736,5,"{""single"":[""solutions/game_5/single/rest-000101/top"",""solutions/game_5/single/rest-010111/bot""],""series"":[""solutions/game_5/single/rest-000101/top"",""solutions/game_5/single/rest-010111/bot""]}","[0,0,0,1,0,1]","[0,1,0,1,1,1]",2,2,1,3,away_win,away,0,73
2737,1,"{""single"":[""solutions/game_1/single/rest-111111/top"",""solutions/game_1/single/rest-111111/bot""],""series"":[""solutions/game_1/series/rest-111111/top"",""solutions/game_1/series/rest-111111/bot""]}","[1,1,1,1,1,1]","[1,1,1,1,1,1]",0,0,6,4,home_win,home,0,74
2737,2,"{""single"":[""solutions/game_2/single/rest-110101/top"",""solutions/game_2/single/rest-101101/bot""],""series"":[""solutions/game_2/series/home_wins_1/rest-110101/top"",""solutions/game_2/series/home_wins_1/rest-101101/bot""]}","[1,1,0,1,0,1]","[1,0,1,1,0,1]",1,0,12,2,home_win,home,0,57
2737,3,"{""single"":[""solutions/game_3/single/rest-111111/top"",""solutions/game_3/single/rest-111011/bot""],""series"":[""solutions/game_3/series/home_wins_2/rest-111111/top"",""solutions/game_3/series/home_wins_2/rest-111011/bot""]}","[1,1,1,1,1,1]","[1,1,1,0,1,1]",2,0,2,4,away_win,away,0,77
2737,4,"{""single"":[""solutions/game_4/single/rest-010001/top"",""solutions/game_4/single/rest-011111/bot""],""series"":[""solutions/game_4/series/home_wins_2/rest-010001/top"",""solutions/game_4/series/home_wins_2/rest-011111/bot""]}","[0,1,0,0,0,1]","[0,1,1,1,1,1]",2,1,4,8,away_win,away,0,90
2737,5,"{""single"":[""solutions/game_5/single/rest-001110/top"",""solutions/game_5/single/rest-110101/bot""],""series"":[""solutions/game_5/single/rest-001110/top"",""solutions/game_5/single/rest-110101/bot""]}","[0,0,1,1,1,0]","[1,1,0,1,0,1]",2,2,4,3,home_win,home,0,79
2738,1,"{""single"":[""solutions/game_1/single/rest-111111/top"",""solutions/game_1/single/rest-111111/bot""],""series"":[""solutions/game_1/series/rest-111111/top"",""solutions/game_1/series/rest-111111/bot""]}","[1,1,1,1,1,1]","[1,1,1,1,1,1]",0,0,7,0,home_win,home,0,77
2738,2,"{""single"":[""solutions/game_2/single/rest-011011/top"",""solutions/game_2/single/rest-111111/bot""],""series"":[""solutions/game_2/series/home_wins_1/rest-011011/top"",""solutions/game_2/series/home_wins_1/rest-111111/bot""]}","[0,1,1,0,1,1]","[1,1,1,1,1,1]",1,0,5,8,away_win,away,0,88
2738,3,"{""single"":[""solutions/game_3/single/rest-000011/top"",""solutions/game_3/single/rest-011000/bot""],""series"":[""solutions/game_3/series/home_wins_1/rest-000011/top"",""solutions/game_3/series/home_wins_1/rest-011000/bot""]}","[0,0,0,0,1,1]","[0,1,1,0,0,0]",1,1,7,2,home_win,home,0,79
2738,4,"{""single"":[""solutions/game_4/single/rest-111111/top"",""solutions/game_4/single/rest-110011/bot""],""series"":[""solutions/game_4/series/home_wins_2/rest-111111/top"",""solutions/game_4/series/home_wins_2/rest-110011/bot""]}","[1,1,1,1,1,1]","[1,1,0,0,1,1]",2,1,5,6,away_win,away,0,87
2738,5,"{""single"":[""solutions/game_5/single/rest-011001/top"",""solutions/game_5/single/rest-011110/bot""],""series"":[""solutions/game_5/single/rest-011001/top"",""solutions/game_5/single/rest-011110/bot""]}","[0,1,1,0,0,1]","[0,1,1,1,1,0]",2,2,11,1,home_win,home,0,44
2739,1,"{""single"":[""solutions/game_1/single/rest-111111/top"",""solutions/game_1/single/rest-111111/bot""],""series"":[""solutions/game_1/series/rest-111111/top"",""solutions/game_1/series/rest-111111/bot""]}","[1,1,1,1,1,1]","[1,1,1,1,1,1]",0,0,4,0,home_win,home,0,68
2739,2,"{""single"":[""solutions/game_2/single/rest-110111/top"",""solutions/game_2/single/rest-110101/bot""],""series"":[""solutions/game_2/series/home_wins_1/rest-110111/top"",""solutions/game_2/series/home_wins_1/rest-110101/bot""]}","[1,1,0,1,1,1]","[1,1,0,1,0,1]",1,0,12,11,home_win,home,0,103
2739,3,"{""single"":[""solutions/game_3/single/rest-011000/top"",""solutions/game_3/single/rest-101010/bot""],""series"":[""solutions/game_3/series/home_wins_2/rest-011000/top"",""solutions/game_3/series/home_wins_2/rest-101010/bot""]}","[0,1,1,0,0,0]","[1,0,1,0,1,0]",2,0,5,2,home_win,home,0,78
2739,4,"{""single"":[""solutions/game_4/single/rest-000111/top"",""solutions/game_4/single/rest-010111/bot""],""series"":[""solutions/game_4/single/rest-000111/top"",""solutions/game_4/single/rest-010111/bot""]}","[0,0,0,1,1,1]","[0,1,0,1,1,1]",3,0,4,0,home_win,home,1,73
2739,5,"{""single"":[""solutions/game_5/single/rest-110110/top"",""solutions/game_5/single/rest-101010/bot""],""series"":[""solutions/game_5/single/rest-110110/top"",""solutions/game_5/single/rest-101010/bot""]}","[1,1,0,1,1,0]","[1,0,1,0,1,0]",4,0,4,3,home_win,home,1,72
2740,1,"{""single"":[""solutions/game_1/single/rest-111111/top"",""solutions/game_1/single/rest-111111/bot""],""series"":[""solutions/game_1/series/rest-111111/top"",""solutions/game_1/series/rest-111111/bot""]}","[1,1,1,1,1,1]","[1,1,1,1,1,1]",0,0,5,4,home_win,home,0,84
2740,2,"{""single"":[""solutions/game_2/single/rest-110001/top"",""solutions/game_2/single/rest-001110/bot""],""series"":[""solutions/game_2/series/home_wins_1/rest-110001/top"",""solutions/game_2/series/home_wins_1/rest-001110/bot""]}","[1,1,0,0,0,1]","[0,0,1,1,1,0]",1,0,3,2,home_win,home,0,79
2740,3,"{""single"":[""solutions/game_3/single/rest-011110/top"",""solutions/game_3/single/rest-011101/bot""],""series"":[""solutions/game_3/series/home_wins_2/rest-011110/top"",""solutions/game_3/series/home_wins_2/rest-011101/bot""]}","[0,1,1,1,1,0]","[0,1,1,1,0,1]",2,0,3,8,away_win,away,0,94
2740,4,"{""single"":[""solutions/game_4/single/rest-100001/top"",""solutions/game_4/single/rest-101000/bot""],""series"":[""solutions/game_4/series/home_wins_2/rest-100001/top"",""solutions/game_4/series/home_wins_2/rest-101000/bot""]}","[1,0,0,0,0,1]","[1,0,1,0,0,0]",2,1,10,2,home_win,home,0,57
2740,5,"{""single"":[""solutions/game_5/single/rest-111101/top"",""solutions/game_5/single/rest-010111/bot""],""series"":[""solutions/game_5/single/rest-111101/top"",""solutions/game_5/single/rest-010111/bot""]}","[1,1,1,1,0,1]","[0,1,0,1,1,1]",3,1,11,6,home_win,home,1,87
2741,1,"{""single"":[""solutions/game_1/single/rest-111111/top"",""solutions/game_1/single/rest-111111/bot""],""series"":[""solutions/game_1/series/rest-111111/top"",""solutions/game_1/series/rest-111111/bot""]}","[1,1,1,1,1,1]","[1,1,1,1,1,1]",0,0,5,3,home_win,home,0,81
2741,2,"{""single"":[""solutions/game_2/single/rest-110011/top"",""solutions/game_2/single/rest-110101/bot""],""series"":[""solutions/game_2/series/home_wins_1/rest-110011/top"",""solutions/game_2/series/home_wins_1/rest-110101/bot""]}","[1,1,0,0,1,1]","[1,1,0,1,0,1]",1,0,10,1,home_win,home,0,42
2741,3,"{""single"":[""solutions/game_3/single/rest-110111/top"",""solutions/game_3/single/rest-111111/bot""],""series"":[""solutions/game_3/series/home_wins_2/rest-110111/top"",""solutions/game_3/series/home_wins_2/rest-111111/bot""]}","[1,1,0,1,1,1]","[1,1,1,1,1,1]",2,0,8,6,home_win,home,0,88
2741,4,"{""single"":[""solutions/game_4/single/rest-010001/top"",""solutions/game_4/single/rest-011111/bot""],""series"":[""solutions/game_4/single/rest-010001/top"",""solutions/game_4/single/rest-011111/bot""]}","[0,1,0,0,0,1]","[0,1,1,1,1,1]",3,0,11,9,home_win,home,1,92
2741,5,"{""single"":[""solutions/game_5/single/rest-111110/top"",""solutions/game_5/single/rest-101110/bot""],""series"":[""solutions/game_5/single/rest-111110/top"",""solutions/game_5/single/rest-101110/bot""]}","[1,1,1,1,1,0]","[1,0,1,1,1,0]",4,0,3,8,away_win,away,1,83
2742,1,"{""single"":[""solutions/game_1/single/rest-111111/top"",""solutions/game_1/single/rest-111111/bot""],""series"":[""solutions/game_1/series/rest-111111/top"",""solutions/game_1/series/rest-111111/bot""]}","[1,1,1,1,1,1]","[1,1,1,1,1,1]",0,0,1,3,away_win,away,0,76
2742,2,"{""single"":[""solutions/game_2/single/rest-011001/top"",""solutions/game_2/single/rest-101011/bot""],""series"":[""solutions/game_2/series/home_wins_0/rest-011001/top"",""solutions/game_2/series/home_wins_0/rest-101011/bot""]}","[0,1,1,0,0,1]","[1,0,1,0,1,1]",0,1,0,8,away_win,away,0,65
2742,3,"{""single"":[""solutions/game_3/single/rest-111111/top"",""solutions/game_3/single/rest-110111/bot""],""series"":[""solutions/game_3/series/home_wins_0/rest-111111/top"",""solutions/game_3/series/home_wins_0/rest-110111/bot""]}","[1,1,1,1,1,1]","[1,1,0,1,1,1]",0,2,6,8,away_win,away,0,93
2742,4,"{""single"":[""solutions/game_4/single/rest-110000/top"",""solutions/game_4/single/rest-001011/bot""],""series"":[""solutions/game_4/single/rest-110000/top"",""solutions/game_4/single/rest-001011/bot""]}","[1,1,0,0,0,0]","[0,0,1,0,1,1]",0,3,5,6,away_win,away,1,86
2742,5,"{""single"":[""solutions/game_5/single/rest-001111/top"",""solutions/game_5/single/rest-110111/bot""],""series"":[""solutions/game_5/single/rest-001111/top"",""solutions/game_5/single/rest-110111/bot""]}","[0,0,1,1,1,1]","[1,1,0,1,1,1]",0,4,1,8,away_win,away,1,84
2743,1,"{""single"":[""solutions/game_1/single/rest-111111/top"",""solutions/game_1/single/rest-111111/bot""],""series"":[""solutions/game_1/series/rest-111111/top"",""solutions/game_1/series/rest-111111/bot""]}","[1,1,1,1,1,1]","[1,1,1,1,1,1]",0,0,3,1,home_win,home,0,81
2743,2,"{""single"":[""solutions/game_2/single/rest-010111/top"",""solutions/game_2/single/rest-101110/bot""],""series"":[""solutions/game_2/series/home_wins_1/rest-010111/top"",""solutions/game_2/series/home_wins_1/rest-101110/bot""]}","[0,1,0,1,1,1]","[1,0,1,1,1,0]",1,0,0,3,away_win,away,0,78
2743,3,"{""single"":[""solutions/game_3/single/rest-101101/top"",""solutions/game_3/single/rest-000111/bot""],""series"":[""solutions/game_3/series/home_wins_1/rest-101101/top"",""solutions/game_3/series/home_wins_1/rest-000111/bot""]}","[1,0,1,1,0,1]","[0,0,0,1,1,1]",1,1,4,5,away_win,away,0,84
2743,4,"{""single"":[""solutions/game_4/single/rest-111011/top"",""solutions/game_4/single/rest-111000/bot""],""series"":[""solutions/game_4/series/home_wins_1/rest-111011/top"",""solutions/game_4/series/home_wins_1/rest-111000/bot""]}","[1,1,1,0,1,1]","[1,1,1,0,0,0]",1,2,6,6,tie,away,0,97
2743,5,"{""single"":[""solutions/game_5/single/rest-000110/top"",""solutions/game_5/single/rest-011111/bot""],""series"":[""solutions/game_5/single/rest-000110/top"",""solutions/game_5/single/rest-011111/bot""]}","[0,0,0,1,1,0]","[0,1,1,1,1,1]",1,3,2,1,home_win,home,1,66
2744,1,"{""single"":[""solutions/game_1/single/rest-111111/top"",""solutions/game_1/single/rest-111111/bot""],""series"":[""solutions/game_1/series/rest-111111/top"",""solutions/game_1/series/rest-111111/bot""]}","[1,1,1,1,1,1]","[1,1,1,1,1,1]",0,0,4,3,home_win,home,0,82
2744,2,"{""single"":[""solutions/game_2/single/rest-010101/top"",""solutions/game_2/single/rest-111101/bot""],""series"":[""solutions/game_2/series/home_wins_1/rest-010101/top"",""solutions/game_2/series/home_wins_1/rest-111101/bot""]}","[0,1,0,1,0,1]","[1,1,1,1,0,1]",1,0,1,9,away_win,away,0,66
2744,3,"{""single"":[""solutions/game_3/single/rest-111010/top"",""solutions/game_3/single/rest-111101/bot""],""series"":[""solutions/game_3/series/home_wins_1/rest-111010/top"",""solutions/game_3/series/home_wins_1/rest-111101/bot""]}","[1,1,1,0,1,0]","[1,1,1,1,0,1]",1,1,3,5,away_win,away,0,82
2744,4,"{""single"":[""solutions/game_4/single/rest-100101/top"",""solutions/game_4/single/rest-011111/bot""],""series"":[""solutions/game_4/series/home_wins_1/rest-100101/top"",""solutions/game_4/series/home_wins_1/rest-011111/bot""]}","[1,0,0,1,0,1]","[0,1,1,1,1,1]",1,2,6,10,away_win,away,0,87
2744,5,"{""single"":[""solutions/game_5/single/rest-011010/top"",""solutions/game_5/single/rest-101010/bot""],""series"":[""solutions/game_5/single/rest-011010/top"",""solutions/game_5/single/rest-101010/bot""]}","[0,1,1,0,1,0]","[1,0,1,0,1,0]",1,3,9,8,home_win,home,1,90
2745,1,"{""single"":[""solutions/game_1/single/rest-111111/top"",""solutions/game_1/single/rest-111111/bot""],""series"":[""solutions/game_1/series/rest-111111/top"",""solutions/game_1/series/rest-111111/bot""]}","[1,1,1,1,1,1]","[1,1,1,1,1,1]",0,0,6,9,away_win,away,0,92
2745,2,"{""single"":[""solutions/game_2/single/rest-110001/top"",""solutions/game_2/single/rest-110010/bot""],""series"":[""solutions/game_2/series/home_wins_0/rest-110001/top"",""solutions/game_2/series/home_wins_0/rest-110010/bot""]}","[1,1,0,0,0,1]","[1,1,0,0,1,0]",0,1,9,1,home_win,home,0,73
2745,3,"{""single"":[""solutions/game_3/single/rest-010111/top"",""solutions/game_3/single/rest-111101/bot""],""series"":[""solutions/game_3/series/home_wins_1/rest-010111/top"",""solutions/game_3/series/home_wins_1/rest-111101/bot""]}","[0,1,0,1,1,1]","[1,1,1,1,0,1]",1,1,5,6,away_win,away,0,98
2745,4,"{""single"":[""solutions/game_4/single/rest-101100/top"",""solutions/game_4/single/rest-001010/bot""],""series"":[""solutions/game_4/series/home_wins_1/rest-101100/top"",""solutions/game_4/series/home_wins_1/rest-001010/bot""]}","[1,0,1,1,0,0]","[0,0,1,0,1,0]",1,2,9,4,home_win,home,0,79
2745,5,"{""single"":[""solutions/game_5/single/rest-110011/top"",""solutions/game_5/single/rest-111011/bot""],""series"":[""solutions/game_5/single/rest-110011/top"",""solutions/game_5/single/rest-111011/bot""]}","[1,1,0,0,1,1]","[1,1,1,0,1,1]",2,2,2,1,home_win,home,0,76
2746,1,"{""single"":[""solutions/game_1/single/rest-111111/top"",""solutions/game_1/single/rest-111111/bot""],""series"":[""solutions/game_1/series/rest-111111/top"",""solutions/game_1/series/rest-111111/bot""]}","[1,1,1,1,1,1]","[1,1,1,1,1,1]",0,0,8,4,home_win,home,0,93
2746,2,"{""single"":[""solutions/game_2/single/rest-011001/top"",""solutions/game_2/single/rest-111011/bot""],""series"":[""solutions/game_2/series/home_wins_1/rest-011001/top"",""solutions/game_2/series/home_wins_1/rest-111011/bot""]}","[0,1,1,0,0,1]","[1,1,1,0,1,1]",1,0,3,5,away_win,away,0,95
2746,3,"{""single"":[""solutions/game_3/single/rest-100110/top"",""solutions/game_3/single/rest-110110/bot""],""series"":[""solutions/game_3/series/home_wins_1/rest-100110/top"",""solutions/game_3/series/home_wins_1/rest-110110/bot""]}","[1,0,0,1,1,0]","[1,1,0,1,1,0]",1,1,3,11,away_win,away,0,88
2746,4,"{""single"":[""solutions/game_4/single/rest-010001/top"",""solutions/game_4/single/rest-011111/bot""],""series"":[""solutions/game_4/series/home_wins_1/rest-010001/top"",""solutions/game_4/series/home_wins_1/rest-011111/bot""]}","[0,1,0,0,0,1]","[0,1,1,1,1,1]",1,2,3,2,home_win,home,0,70
2746,5,"{""single"":[""solutions/game_5/single/rest-101110/top"",""solutions/game_5/single/rest-100011/bot""],""series"":[""solutions/game_5/single/rest-101110/top"",""solutions/game_5/single/rest-100011/bot""]}","[1,0,1,1,1,0]","[1,0,0,0,1,1]",2,2,5,6,away_win,away,0,101
2747,1,"{""single"":[""solutions/game_1/single/rest-111111/top"",""solutions/game_1/single/rest-111111/bot""],""series"":[""solutions/game_1/series/rest-111111/top"",""solutions/game_1/series/rest-111111/bot""]}","[1,1,1,1,1,1]","[1,1,1,1,1,1]",0,0,7,1,home_win,home,0,73
2747,2,"{""single"":[""solutions/game_2/single/rest-111101/top"",""solutions/game_2/single/rest-110111/bot""],""series"":[""solutions/game_2/series/home_wins_1/rest-111101/top"",""solutions/game_2/series/home_wins_1/rest-110111/bot""]}","[1,1,1,1,0,1]","[1,1,0,1,1,1]",1,0,10,6,home_win,home,0,87
2747,3,"{""single"":[""solutions/game_3/single/rest-111010/top"",""solutions/game_3/single/rest-001011/bot""],""series"":[""solutions/game_3/series/home_wins_2/rest-111010/top"",""solutions/game_3/series/home_wins_2/rest-001011/bot""]}","[1,1,1,0,1,0]","[0,0,1,0,1,1]",2,0,7,6,home_win,home,0,81
2747,4,"{""single"":[""solutions/game_4/single/rest-011111/top"",""solutions/game_4/single/rest-110101/bot""],""series"":[""solutions/game_4/single/rest-011111/top"",""solutions/game_4/single/rest-110101/bot""]}","[0,1,1,1,1,1]","[1,1,0,1,0,1]",3,0,9,2,home_win,home,1,85
2747,5,"{""single"":[""solutions/game_5/single/rest-110001/top"",""solutions/game_5/single/rest-010110/bot""],""series"":[""solutions/game_5/single/rest-110001/top"",""solutions/game_5/single/rest-010110/bot""]}","[1,1,0,0,0,1]","[0,1,0,1,1,0]",4,0,7,1,home_win,home,1,78
2748,1,"{""single"":[""solutions/game_1/single/rest-111111/top"",""solutions/game_1/single/rest-111111/bot""],""series"":[""solutions/game_1/series/rest-111111/top"",""solutions/game_1/series/rest-111111/bot""]}","[1,1,1,1,1,1]","[1,1,1,1,1,1]",0,0,8,4,home_win,home,0,89
2748,2,"{""single"":[""solutions/game_2/single/rest-110100/top"",""solutions/game_2/single/rest-111100/bot""],""series"":[""solutions/game_2/series/home_wins_1/rest-110100/top"",""solutions/game_2/series/home_wins_1/rest-111100/bot""]}","[1,1,0,1,0,0]","[1,1,1,1,0,0]",1,0,6,8,away_win,away,0,91
2748,3,"{""single"":[""solutions/game_3/single/rest-111011/top"",""solutions/game_3/single/rest-111101/bot""],""series"":[""solutions/game_3/series/home_wins_1/rest-111011/top"",""solutions/game_3/series/home_wins_1/rest-111101/bot""]}","[1,1,1,0,1,1]","[1,1,1,1,0,1]",1,1,4,5,away_win,away,0,82
2748,4,"{""single"":[""solutions/game_4/single/rest-101100/top"",""solutions/game_4/single/rest-111010/bot""],""series"":[""solutions/game_4/series/home_wins_1/rest-101100/top"",""solutions/game_4/series/home_wins_1/rest-111010/bot""]}","[1,0,1,1,0,0]","[1,1,1,0,1,0]",1,2,6,6,tie,home,0,97
2748,5,"{""single"":[""solutions/game_5/single/rest-010111/top"",""solutions/game_5/single/rest-000111/bot""],""series"":[""solutions/game_5/single/rest-010111/top"",""solutions/game_5/single/rest-000111/bot""]}","[0,1,0,1,1,1]","[0,0,0,1,1,1]",2,2,8,5,home_win,home,0,85
2749,1,"{""single"":[""solutions/game_1/single/rest-111111/top"",""solutions/game_1/single/rest-111111/bot""],""series"":[""solutions/game_1/series/rest-111111/top"",""solutions/game_1/series/rest-111111/bot""]}","[1,1,1,1,1,1]","[1,1,1,1,1,1]",0,0,3,2,home_win,home,0,84
2749,2,"{""single"":[""solutions/game_2/single/rest-011001/top"",""solutions/game_2/single/rest-001110/bot""],""series"":[""solutions/game_2/series/home_wins_1/rest-011001/top"",""solutions/game_2/series/home_wins_1/rest-001110/bot""]}","[0,1,1,0,0,1]","[0,0,1,1,1,0]",1,0,6,4,home_win,home,0,86
2749,3,"{""single"":[""solutions/game_3/single/rest-000111/top"",""solutions/game_3/single/rest-111101/bot""],""series"":[""solutions/game_3/series/home_wins_2/rest-000111/top"",""solutions/game_3/series/home_wins_2/rest-111101/bot""]}","[0,0,0,1,1,1]","[1,1,1,1,0,1]",2,0,7,2,home_win,home,0,76
2749,4,"{""single"":[""solutions/game_4/single/rest-111101/top"",""solutions/game_4/single/rest-111010/bot""],""series"":[""solutions/game_4/single/rest-111101/top"",""solutions/game_4/single/rest-111010/bot""]}","[1,1,1,1,0,1]","[1,1,1,0,1,0]",3,0,12,9,home_win,home,1,93
2749,5,"{""single"":[""solutions/game_5/single/rest-010011/top"",""solutions/game_5/single/rest-000011/bot""],""series"":[""solutions/game_5/single/rest-010011/top"",""solutions/game_5/single/rest-000011/bot""]}","[0,1,0,0,1,1]","[0,0,0,0,1,1]",4,0,4,7,away_win,away,1,106
2750,1,"{""single"":[""solutions/game_1/single/rest-111111/top"",""solutions/game_1/single/rest-111111/bot""],""series"":[""solutions/game_1/series/rest-111111/top"",""solutions/game_1/series/rest-111111/bot""]}","[1,1,1,1,1,1]","[1,1,1,1,1,1]",0,0,3,1,home_win,home,0,69
2750,2,"{""single"":[""solutions/game_2/single/rest-110101/top"",""solutions/game_2/single/rest-111100/bot""],""series"":[""solutions/game_2/series/home_wins_1/rest-110101/top"",""solutions/game_2/series/home_wins_1/rest-111100/bot""]}","[1,1,0,1,0,1]","[1,1,1,1,0,0]",1,0,6,5,home_win,home,0,86
2750,3,"{""single"":[""solutions/game_3/single/rest-101010/top"",""solutions/game_3/single/rest-010111/bot""],""series"":[""solutions/game_3/series/home_wins_2/rest-101010/top"",""solutions/game_3/series/home_wins_2/rest-010111/bot""]}","[1,0,1,0,1,0]","[0,1,0,1,1,1]",2,0,2,1,home_win,home,0,77
2750,4,"{""single"":[""solutions/game_4/single/rest-010101/top"",""solutions/game_4/single/rest-101101/bot""],""series"":[""solutions/game_4/single/rest-010101/top"",""solutions/game_4/single/rest-101101/bot""]}","[0,1,0,1,0,1]","[1,0,1,1,0,1]",3,0,2,8,away_win,away,1,84
2750,5,"{""single"":[""solutions/game_5/single/rest-101010/top"",""solutions/game_5/single/rest-011100/bot""],""series"":[""solutions/game_5/single/rest-101010/top"",""solutions/game_5/single/rest-011100/bot""]}","[1,0,1,0,1,0]","[0,1,1,1,0,0]",3,1,4,6,away_win,away,1,83
2751,1,"{""single"":[""solutions/game_1/single/rest-111111/top"",""solutions/game_1/single/rest-111111/bot""],""series"":[""solutions/game_1/series/rest-111111/top"",""solutions/game_1/series/rest-111111/bot""]}","[1,1,1,1,1,1]","[1,1,1,1,1,1]",0,0,2,1,home_win,home,0,79
2751,2,"{""single"":[""solutions/game_2/single/rest-010101/top"",""solutions/game_2/single/rest-011011/bot""],""series"":[""solutions/game_2/series/home_wins_1/rest-010101/top"",""solutions/game_2/series/home_wins_1/rest-011011/bot""]}","[0,1,0,1,0,1]","[0,1,1,0,1,1]",1,0,3,2,home_win,home,0,77
2751,3,"{""single"":[""solutions/game_3/single/rest-101110/top"",""solutions/game_3/single/rest-111100/bot""],""series"":[""solutions/game_3/series/home_wins_2/rest-101110/top"",""solutions/game_3/series/home_wins_2/rest-111100/bot""]}","[1,0,1,1,1,0]","[1,1,1,1,0,0]",2,0,4,3,home_win,home,0,71
2751,4,"{""single"":[""solutions/game_4/single/rest-110101/top"",""solutions/game_4/single/rest-111011/bot""],""series"":[""solutions/game_4/single/rest-110101/top"",""solutions/game_4/single/rest-111011/bot""]}","[1,1,0,1,0,1]","[1,1,1,0,1,1]",3,0,1,5,away_win,away,1,82
2751,5,"{""single"":[""solutions/game_5/single/rest-111011/top"",""solutions/game_5/single/rest-011001/bot""],""series"":[""solutions/game_5/single/rest-111011/top"",""solutions/game_5/single/rest-011001/bot""]}","[1,1,1,0,1,1]","[0,1,1,0,0,1]",3,1,6,4,home_win,home,1,89
2752,1,"{""single"":[""solutions/game_1/single/rest-111111/top"",""solutions/game_1/single/rest-111111/bot""],""series"":[""solutions/game_1/series/rest-111111/top"",""solutions/game_1/series/rest-111111/bot""]}","[1,1,1,1,1,1]","[1,1,1,1,1,1]",0,0,2,1,home_win,home,0,72
2752,2,"{""single"":[""solutions/game_2/single/rest-111111/top"",""solutions/game_2/single/rest-101010/bot""],""series"":[""solutions/game_2/series/home_wins_1/rest-111111/top"",""solutions/game_2/series/home_wins_1/rest-101010/bot""]}","[1,1,1,1,1,1]","[1,0,1,0,1,0]",1,0,4,2,home_win,home,0,72
2752,3,"{""single"":[""solutions/game_3/single/rest-111101/top"",""solutions/game_3/single/rest-111101/bot""],""series"":[""solutions/game_3/series/home_wins_2/rest-111101/top"",""solutions/game_3/series/home_wins_2/rest-111101/bot""]}","[1,1,1,1,0,1]","[1,1,1,1,0,1]",2,0,4,2,home_win,home,0,81
2752,4,"{""single"":[""solutions/game_4/single/rest-011110/top"",""solutions/game_4/single/rest-101110/bot""],""series"":[""solutions/game_4/single/rest-011110/top"",""solutions/game_4/single/rest-101110/bot""]}","[0,1,1,1,1,0]","[1,0,1,1,1,0]",3,0,9,8,home_win,home,1,92
2752,5,"{""single"":[""solutions/game_5/single/rest-110001/top"",""solutions/game_5/single/rest-010001/bot""],""series"":[""solutions/game_5/single/rest-110001/top"",""solutions/game_5/single/rest-010001/bot""]}","[1,1,0,0,0,1]","[0,1,0,0,0,1]",4,0,12,8,home_win,home,1,97
2753,1,"{""single"":[""solutions/game_1/single/rest-111111/top"",""solutions/game_1/single/rest-111111/bot""],""series"":[""solutions/game_1/series/rest-111111/top"",""solutions/game_1/series/rest-111111/bot""]}","[1,1,1,1,1,1]","[1,1,1,1,1,1]",0,0,1,2,away_win,away,0,79
2753,2,"{""single"":[""solutions/game_2/single/rest-011101/top"",""solutions/game_2/single/rest-011010/bot""],""series"":[""solutions/game_2/series/home_wins_0/rest-011101/top"",""solutions/game_2/series/home_wins_0/rest-011010/bot""]}","[0,1,1,1,0,1]","[0,1,1,0,1,0]",0,1,7,5,home_win,home,0,82
2753,3,"{""single"":[""solutions/game_3/single/rest-100110/top"",""solutions/game_3/single/rest-010101/bot""],""series"":[""solutions/game_3/series/home_wins_1/rest-100110/top"",""solutions/game_3/series/home_wins_1/rest-010101/bot""]}","[1,0,0,1,1,0]","[0,1,0,1,0,1]",1,1,10,2,home_win,home,0,67
2753,4,"{""single"":[""solutions/game_4/single/rest-111111/top"",""solutions/game_4/single/rest-111111/bot""],""series"":[""solutions/game_4/series/home_wins_2/rest-111111/top"",""solutions/game_4/series/home_wins_2/rest-111111/bot""]}","[1,1,1,1,1,1]","[1,1,1,1,1,1]",2,1,1,8,away_win,away,0,91
2753,5,"{""single"":[""solutions/game_5/single/rest-100001/top"",""solutions/game_5/single/rest-111111/bot""],""series"":[""solutions/game_5/single/rest-100001/top"",""solutions/game_5/single/rest-111111/bot""]}","[1,0,0,0,0,1]","[1,1,1,1,1,1]",2,2,6,5,home_win,home,0,77
2754,1,"{""single"":[""solutions/game_1/single/rest-111111/top"",""solutions/game_1/single/rest-111111/bot""],""series"":[""solutions/game_1/series/rest-111111/top"",""solutions/game_1/series/rest-111111/bot""]}","[1,1,1,1,1,1]","[1,1,1,1,1,1]",0,0,5,4,home_win,home,0,79
2754,2,"{""single"":[""solutions/game_2/single/rest-110001/top"",""solutions/game_2/single/rest-010110/bot""],""series"":[""solutions/game_2/series/home_wins_1/rest-110001/top"",""solutions/game_2/series/home_wins_1/rest-010110/bot""]}","[1,1,0,0,0,1]","[0,1,0,1,1,0]",1,0,0,2,away_win,away,0,69
2754,3,"{""single"":[""solutions/game_3/single/rest-011110/top"",""solutions/game_3/single/rest-101011/bot""],""series"":[""solutions/game_3/series/home_wins_1/rest-011110/top"",""solutions/game_3/series/home_wins_1/rest-101011/bot""]}","[0,1,1,1,1,0]","[1,0,1,0,1,1]",1,1,0,2,away_win,away,0,71
2754,4,"{""single"":[""solutions/game_4/single/rest-010000/top"",""solutions/game_4/single/rest-111110/bot""],""series"":[""solutions/game_4/series/home_wins_1/rest-010000/top"",""solutions/game_4/series/home_wins_1/rest-111110/bot""]}","[0,1,0,0,0,0]","[1,1,1,1,1,0]",1,2,7,2,home_win,home,0,73
2754,5,"{""single"":[""solutions/game_5/single/rest-101111/top"",""solutions/game_5/single/rest-111111/bot""],""series"":[""solutions/game_5/single/rest-101111/top"",""solutions/game_5/single/rest-111111/bot""]}","[1,0,1,1,1,1]","[1,1,1,1,1,1]",2,2,7,0,home_win,home,0,79
2755,1,"{""single"":[""solutions/game_1/single/rest-111111/top"",""solutions/game_1/single/rest-111111/bot""],""series"":[""solutions/game_1/series/rest-111111/top"",""solutions/game_1/series/rest-111111/bot""]}","[1,1,1,1,1,1]","[1,1,1,1,1,1]",0,0,3,5,away_win,away,0,77
2755,2,"{""single"":[""solutions/game_2/single/rest-010011/top"",""solutions/game_2/single/rest-111100/bot""],""series"":[""solutions/game_2/series/home_wins_0/rest-010011/top"",""solutions/game_2/series/home_wins_0/rest-111100/bot""]}","[0,1,0,0,1,1]","[1,1,1,1,0,0]",0,1,10,1,home_win,home,0,81
2755,3,"{""single"":[""solutions/game_3/single/rest-111111/top"",""solutions/game_3/single/rest-111111/bot""],""series"":[""solutions/game_3/series/home_wins_1/rest-111111/top"",""solutions/game_3/series/home_wins_1/rest-111111/bot""]}","[1,1,1,1,1,1]","[1,1,1,1,1,1]",1,1,8,0,home_win,home,0,77
2755,4,"{""single"":[""solutions/game_4/single/rest-010011/top"",""solutions/game_4/single/rest-111111/bot""],""series"":[""solutions/game_4/series/home_wins_2/rest-010011/top"",""solutions/game_4/series/home_wins_2/rest-111111/bot""]}","[0,1,0,0,1,1]","[1,1,1,1,1,1]",2,1,0,4,away_win,away,0,73
2755,5,"{""single"":[""solutions/game_5/single/rest-101000/top"",""solutions/game_5/single/rest-111111/bot""],""series"":[""solutions/game_5/single/rest-101000/top"",""solutions/game_5/single/rest-111111/bot""]}","[1,0,1,0,0,0]","[1,1,1,1,1,1]",2,2,1,9,away_win,away,0,78
2756,1,"{""single"":[""solutions/game_1/single/rest-111111/top"",""solutions/game_1/single/rest-111111/bot""],""series"":[""solutions/game_1/series/rest-111111/top"",""solutions/game_1/series/rest-111111/bot""]}","[1,1,1,1,1,1]","[1,1,1,1,1,1]",0,0,4,0,home_win,home,0,67
2756,2,"{""single"":[""solutions/game_2/single/rest-110111/top"",""solutions/game_2/single/rest-111101/bot""],""series"":[""solutions/game_2/series/home_wins_1/rest-110111/top"",""solutions/game_2/series/home_wins_1/rest-111101/bot""]}","[1,1,0,1,1,1]","[1,1,1,1,0,1]",1,0,8,0,home_win,home,0,55
2756,3,"{""single"":[""solutions/game_3/single/rest-111111/top"",""solutions/game_3/single/rest-111011/bot""],""series"":[""solutions/game_3/series/home_wins_2/rest-111111/top"",""solutions/game_3/series/home_wins_2/rest-111011/bot""]}","[1,1,1,1,1,1]","[1,1,1,0,1,1]",2,0,0,8,away_win,away,0,47
2756,4,"{""single"":[""solutions/game_4/single/rest-111001/top"",""solutions/game_4/single/rest-111111/bot""],""series"":[""solutions/game_4/series/home_wins_2/rest-111001/top"",""solutions/game_4/series/home_wins_2/rest-111111/bot""]}","[1,1,1,0,0,1]","[1,1,1,1,1,1]",2,1,5,3,home_win,home,0,74
2756,5,"{""single"":[""solutions/game_5/single/rest-010111/top"",""solutions/game_5/single/rest-111110/bot""],""series"":[""solutions/game_5/single/rest-010111/top"",""solutions/game_5/single/rest-111110/bot""]}","[0,1,0,1,1,1]","[1,1,1,1,1,0]",3,1,5,3,home_win,home,1,85
2757,1,"{""single"":[""solutions/game_1/single/rest-111111/top"",""solutions/game_1/single/rest-111111/bot""],""series"":[""solutions/game_1/series/rest-111111/top"",""solutions/game_1/series/rest-111111/bot""]}","[1,1,1,1,1,1]","[1,1,1,1,1,1]",0,0,5,2,home_win,home,0,80
2757,2,"{""single"":[""solutions/game_2/single/rest-110001/top"",""solutions/game_2/single/rest-111111/bot""],""series"":[""solutions/game_2/series/home_wins_1/rest-110001/top"",""solutions/game_2/series/home_wins_1/rest-111111/bot""]}","[1,1,0,0,0,1]","[1,1,1,1,1,1]",1,0,4,3,home_win,home,0,77
2757,3,"{""single"":[""solutions/game_3/single/rest-011110/top"",""solutions/game_3/single/rest-010111/bot""],""series"":[""solutions/game_3/series/home_wins_2/rest-011110/top"",""solutions/game_3/series/home_wins_2/rest-010111/bot""]}","[0,1,1,1,1,0]","[0,1,0,1,1,1]",2,0,11,9,home_win,home,0,95
2757,4,"{""single"":[""solutions/game_4/single/rest-110001/top"",""solutions/game_4/single/rest-111100/bot""],""series"":[""solutions/game_4/single/rest-110001/top"",""solutions/game_4/single/rest-111100/bot""]}","[1,1,0,0,0,1]","[1,1,1,1,0,0]",3,0,5,11,away_win,away,1,100
2757,5,"{""single"":[""solutions/game_5/single/rest-011110/top"",""solutions/game_5/single/rest-100111/bot""],""series"":[""solutions/game_5/single/rest-011110/top"",""solutions/game_5/single/rest-100111/bot""]}","[0,1,1,1,1,0]","[1,0,0,1,1,1]",3,1,4,5,away_win,away,1,102
2758,1,"{""single"":[""solutions/game_1/single/rest-111111/top"",""solutions/game_1/single/rest-111111/bot""],""series"":[""solutions/game_1/series/rest-111111/top"",""solutions/game_1/series/rest-111111/bot""]}","[1,1,1,1,1,1]","[1,1,1,1,1,1]",0,0,7,2,home_win,home,0,82
2758,2,"{""single"":[""solutions/game_2/single/rest-111111/top"",""solutions/game_2/single/rest-011110/bot""],""series"":[""solutions/game_2/series/home_wins_1/rest-111111/top"",""solutions/game_2/series/home_wins_1/rest-011110/bot""]}","[1,1,1,1,1,1]","[0,1,1,1,1,0]",1,0,8,1,home_win,home,0,78
2758,3,"{""single"":[""solutions/game_3/single/rest-111001/top"",""solutions/game_3/single/rest-110111/bot""],""series"":[""solutions/game_3/series/home_wins_2/rest-111001/top"",""solutions/game_3/series/home_wins_2/rest-110111/bot""]}","[1,1,1,0,0,1]","[1,1,0,1,1,1]",2,0,0,2,away_win,away,0,70
2758,4,"{""single"":[""solutions/game_4/single/rest-111110/top"",""solutions/game_4/single/rest-101110/bot""],""series"":[""solutions/game_4/series/home_wins_2/rest-111110/top"",""solutions/game_4/series/home_wins_2/rest-101110/bot""]}","[1,1,1,1,1,0]","[1,0,1,1,1,0]",2,1,2,4,away_win,away,0,82
2758,5,"{""single"":[""solutions/game_5/single/rest-010101/top"",""solutions/game_5/single/rest-101011/bot""],""series"":[""solutions/game_5/single/rest-010101/top"",""solutions/game_5/single/rest-101011/bot""]}","[0,1,0,1,0,1]","[1,0,1,0,1,1]",2,2,9,0,home_win,home,0,55
2759,1,"{""single"":[""solutions/game_1/single/rest-111111/top"",""solutions/game_1/single/rest-111111/bot""],""series"":[""solutions/game_1/series/rest-111111/top"",""solutions/game_1/series/rest-111111/bot""]}","[1,1,1,1,1,1]","[1,1,1,1,1,1]",0,0,1,1,tie,away,0,87
2759,2,"{""single"":[""solutions/game_2/single/rest-010011/top"",""solutions/game_2/single/rest-111010/bot""],""series"":[""solutions/game_2/series/home_wins_0/rest-010011/top"",""solutions/game_2/series/home_wins_0/rest-111010/bot""]}","[0,1,0,0,1,1]","[1,1,1,0,1,0]",0,1,5,7,away_win,away,0,92
2759,3,"{""single"":[""solutions/game_3/single/rest-101000/top"",""solutions/game_3/single/rest-000111/bot""],""series"":[""solutions/game_3/series/home_wins_0/rest-101000/top"",""solutions/game_3/series/home_wins_0/rest-000111/bot""]}","[1,0,1,0,0,0]","[0,0,0,1,1,1]",0,2,4,4,tie,home,0,82
2759,4,"{""single"":[""solutions/game_4/single/rest-010111/top"",""solutions/game_4/single/rest-111110/bot""],""series"":[""solutions/game_4/series/home_wins_1/rest-010111/top"",""solutions/game_4/series/home_wins_1/rest-111110/bot""]}","[0,1,0,1,1,1]","[1,1,1,1,1,0]",1,2,6,5,home_win,home,0,88
2759,5,"{""single"":[""solutions/game_5/single/rest-011000/top"",""solutions/game_5/single/rest-110101/bot""],""series"":[""solutions/game_5/single/rest-011000/top"",""solutions/game_5/single/rest-110101/bot""]}","[0,1,1,0,0,0]","[1,1,0,1,0,1]",2,2,5,9,away_win,away,0,87
2760,1,"{""single"":[""solutions/game_1/single/rest-111111/top"",""solutions/game_1/single/rest-111111/bot""],""series"":[""solutions/game_1/series/rest-111111/top"",""solutions/game_1/series/rest-111111/bot""]}","[1,1,1,1,1,1]","[1,1,1,1,1,1]",0,0,7,13,away_win,away,0,99
2760,2,"{""single"":[""solutions/game_2/single/rest-011001/top"",""solutions/game_2/single/rest-101110/bot""],""series"":[""solutions/game_2/series/home_wins_0/rest-011001/top"",""solutions/game_2/series/home_wins_0/rest-101110/bot""]}","[0,1,1,0,0,1]","[1,0,1,1,1,0]",0,1,9,0,home_win,home,0,55
2760,3,"{""single"":[""solutions/game_3/single/rest-111111/top"",""solutions/game_3/single/rest-111111/bot""],""series"":[""solutions/game_3/series/home_wins_1/rest-111111/top"",""solutions/game_3/series/home_wins_1/rest-111111/bot""]}","[1,1,1,1,1,1]","[1,1,1,1,1,1]",1,1,1,3,away_win,away,0,78
2760,4,"{""single"":[""solutions/game_4/single/rest-010011/top"",""solutions/game_4/single/rest-111011/bot""],""series"":[""solutions/game_4/series/home_wins_1/rest-010011/top"",""solutions/game_4/series/home_wins_1/rest-111011/bot""]}","[0,1,0,0,1,1]","[1,1,1,0,1,1]",1,2,2,10,away_win,away,0,64
2760,5,"{""single"":[""solutions/game_5/single/rest-101101/top"",""solutions/game_5/single/rest-111101/bot""],""series"":[""solutions/game_5/single/rest-101101/top"",""solutions/game_5/single/rest-111101/bot""]}","[1,0,1,1,0,1]","[1,1,1,1,0,1]",1,3,3,8,away_win,away,1,81
2761,1,"{""single"":[""solutions/game_1/single/rest-111111/top"",""solutions/game_1/single/rest-111111/bot""],""series"":[""solutions/game_1/series/rest-111111/top"",""solutions/game_1/series/rest-111111/bot""]}","[1,1,1,1,1,1]","[1,1,1,1,1,1]",0,0,3,5,away_win,away,0,83
2761,2,"{""single"":[""solutions/game_2/single/rest-110011/top"",""solutions/game_2/single/rest-101010/bot""],""series"":[""solutions/game_2/series/home_wins_0/rest-110011/top"",""solutions/game_2/series/home_wins_0/rest-101010/bot""]}","[1,1,0,0,1,1]","[1,0,1,0,1,0]",0,1,5,2,home_win,home,0,77
2761,3,"{""single"":[""solutions/game_3/single/rest-111100/top"",""solutions/game_3/single/rest-010111/bot""],""series"":[""solutions/game_3/series/home_wins_1/rest-111100/top"",""solutions/game_3/series/home_wins_1/rest-010111/bot""]}","[1,1,1,1,0,0]","[0,1,0,1,1,1]",1,1,7,2,home_win,home,0,81
2761,4,"{""single"":[""solutions/game_4/single/rest-011001/top"",""solutions/game_4/single/rest-111101/bot""],""series"":[""solutions/game_4/series/home_wins_2/rest-011001/top"",""solutions/game_4/series/home_wins_2/rest-111101/bot""]}","[0,1,1,0,0,1]","[1,1,1,1,0,1]",2,1,2,5,away_win,away,0,81
2761,5,"{""single"":[""solutions/game_5/single/rest-101110/top"",""solutions/game_5/single/rest-011110/bot""],""series"":[""solutions/game_5/single/rest-101110/top"",""solutions/game_5/single/rest-011110/bot""]}","[1,0,1,1,1,0]","[0,1,1,1,1,0]",2,2,9,3,home_win,home,0,83
2762,1,"{""single"":[""solutions/game_1/single/rest-111111/top"",""solutions/game_1/single/rest-111111/bot""],""series"":[""solutions/game_1/series/rest-111111/top"",""solutions/game_1/series/rest-111111/bot""]}","[1,1,1,1,1,1]","[1,1,1,1,1,1]",0,0,10,15,away_win,away,0,100
2762,2,"{""single"":[""solutions/game_2/single/rest-010000/top"",""solutions/game_2/single/rest-001110/bot""],""series"":[""solutions/game_2/series/home_wins_0/rest-010000/top"",""solutions/game_2/series/home_wins_0/rest-001110/bot""]}","[0,1,0,0,0,0]","[0,0,1,1,1,0]",0,1,8,6,home_win,home,0,93
2762,3,"{""single"":[""solutions/game_3/single/rest-111111/top"",""solutions/game_3/single/rest-111110/bot""],""series"":[""solutions/game_3/series/home_wins_1/rest-111111/top"",""solutions/game_3/series/home_wins_1/rest-111110/bot""]}","[1,1,1,1,1,1]","[1,1,1,1,1,0]",1,1,2,7,away_win,away,0,82
2762,4,"{""single"":[""solutions/game_4/single/rest-010001/top"",""solutions/game_4/single/rest-111101/bot""],""series"":[""solutions/game_4/series/home_wins_1/rest-010001/top"",""solutions/game_4/series/home_wins_1/rest-111101/bot""]}","[0,1,0,0,0,1]","[1,1,1,1,0,1]",1,2,5,6,away_win,away,0,87
2762,5,"{""single"":[""solutions/game_5/single/rest-101111/top"",""solutions/game_5/single/rest-101010/bot""],""series"":[""solutions/game_5/single/rest-101111/top"",""solutions/game_5/single/rest-101010/bot""]}","[1,0,1,1,1,1]","[1,0,1,0,1,0]",1,3,6,5,home_win,home,1,78
2763,1,"{""single"":[""solutions/game_1/single/rest-111111/top"",""solutions/game_1/single/rest-111111/bot""],""series"":[""solutions/game_1/series/rest-111111/top"",""solutions/game_1/series/rest-111111/bot""]}","[1,1,1,1,1,1]","[1,1,1,1,1,1]",0,0,10,0,home_win,home,0,56
2763,2,"{""single"":[""solutions/game_2/single/rest-111111/top"",""solutions/game_2/single/rest-111111/bot""],""series"":[""solutions/game_2/series/home_wins_1/rest-111111/top"",""solutions/game_2/series/home_wins_1/rest-111111/bot""]}","[1,1,1,1,1,1]","[1,1,1,1,1,1]",1,0,7,6,home_win,home,0,100
2763,3,"{""single"":[""solutions/game_3/single/rest-100001/top"",""solutions/game_3/single/rest-011010/bot""],""series"":[""solutions/game_3/series/home_wins_2/rest-100001/top"",""solutions/game_3/series/home_wins_2/rest-011010/bot""]}","[1,0,0,0,0,1]","[0,1,1,0,1,0]",2,0,3,2,home_win,home,0,73
2763,4,"{""single"":[""solutions/game_4/single/rest-011110/top"",""solutions/game_4/single/rest-111101/bot""],""series"":[""solutions/game_4/single/rest-011110/top"",""solutions/game_4/single/rest-111101/bot""]}","[0,1,1,1,1,0]","[1,1,1,1,0,1]",3,0,5,2,home_win,home,1,79
2763,5,"{""single"":[""solutions/game_5/single/rest-011111/top"",""solutions/game_5/single/rest-001010/bot""],""series"":[""solutions/game_5/single/rest-011111/top"",""solutions/game_5/single/rest-001010/bot""]}","[0,1,1,1,1,1]","[0,0,1,0,1,0]",4,0,2,10,away_win,away,1,55
2764,1,"{""single"":[""solutions/game_1/single/rest-111111/top"",""solutions/game_1/single/rest-111111/bot""],""series"":[""solutions/game_1/series/rest-111111/top"",""solutions/game_1/series/rest-111111/bot""]}","[1,1,1,1,1,1]","[1,1,1,1,1,1]",0,0,3,7,away_win,away,0,88
2764,2,"{""single"":[""solutions/game_2/single/rest-000001/top"",""solutions/game_2/single/rest-111100/bot""],""series"":[""solutions/game_2/series/home_wins_0/rest-000001/top"",""solutions/game_2/series/home_wins_0/rest-111100/bot""]}","[0,0,0,0,0,1]","[1,1,1,1,0,0]",0,1,8,0,home_win,home,0,29
2764,3,"{""single"":[""solutions/game_3/single/rest-011111/top"",""solutions/game_3/single/rest-111111/bot""],""series"":[""solutions/game_3/series/home_wins_1/rest-011111/top"",""solutions/game_3/series/home_wins_1/rest-111111/bot""]}","[0,1,1,1,1,1]","[1,1,1,1,1,1]",1,1,8,9,away_win,away,0,97
2764,4,"{""single"":[""solutions/game_4/single/rest-111001/top"",""solutions/game_4/single/rest-011110/bot""],""series"":[""solutions/game_4/series/home_wins_1/rest-111001/top"",""solutions/game_4/series/home_wins_1/rest-011110/bot""]}","[1,1,1,0,0,1]","[0,1,1,1,1,0]",1,2,4,3,home_win,home,0,89
2764,5,"{""single"":[""solutions/game_5/single/rest-011110/top"",""solutions/game_5/single/rest-101101/bot""],""series"":[""solutions/game_5/single/rest-011110/top"",""solutions/game_5/single/rest-101101/bot""]}","[0,1,1,1,1,0]","[1,0,1,1,0,1]",2,2,4,3,home_win,home,0,70
2765,1,"{""single"":[""solutions/game_1/single/rest-111111/top"",""solutions/game_1/single/rest-111111/bot""],""series"":[""solutions/game_1/series/rest-111111/top"",""solutions/game_1/series/rest-111111/bot""]}","[1,1,1,1,1,1]","[1,1,1,1,1,1]",0,0,9,0,home_win,home,0,28
2765,2,"{""single"":[""solutions/game_2/single/rest-111111/top"",""solutions/game_2/single/rest-111111/bot""],""series"":[""solutions/game_2/series/home_wins_1/rest-111111/top"",""solutions/game_2/series/home_wins_1/rest-111111/bot""]}","[1,1,1,1,1,1]","[1,1,1,1,1,1]",1,0,5,3,home_win,home,0,77
2765,3,"{""single"":[""solutions/game_3/single/rest-011001/top"",""solutions/game_3/single/rest-111101/bot""],""series"":[""solutions/game_3/series/home_wins_2/rest-011001/top"",""solutions/game_3/series/home_wins_2/rest-111101/bot""]}","[0,1,1,0,0,1]","[1,1,1,1,0,1]",2,0,2,11,away_win,away,0,57
2765,4,"{""single"":[""solutions/game_4/single/rest-110111/top"",""solutions/game_4/single/rest-111111/bot""],""series"":[""solutions/game_4/series/home_wins_2/rest-110111/top"",""solutions/game_4/series/home_wins_2/rest-111111/bot""]}","[1,1,0,1,1,1]","[1,1,1,1,1,1]",2,1,5,4,home_win,home,0,78
2765,5,"{""single"":[""solutions/game_5/single/rest-011110/top"",""solutions/game_5/single/rest-111111/bot""],""series"":[""solutions/game_5/single/rest-011110/top"",""solutions/game_5/single/rest-111111/bot""]}","[0,1,1,1,1,0]","[1,1,1,1,1,1]",3,1,3,4,away_win,away,1,85
2766,1,"{""single"":[""solutions/game_1/single/rest-111111/top"",""solutions/game_1/single/rest-111111/bot""],""series"":[""solutions/game_1/series/rest-111111/top"",""solutions/game_1/series/rest-111111/bot""]}","[1,1,1,1,1,1]","[1,1,1,1,1,1]",0,0,8,3,home_win,home,0,85
2766,2,"{""single"":[""solutions/game_2/single/rest-010101/top"",""solutions/game_2/single/rest-110111/bot""],""series"":[""solutions/game_2/series/home_wins_1/rest-010101/top"",""solutions/game_2/series/home_wins_1/rest-110111/bot""]}","[0,1,0,1,0,1]","[1,1,0,1,1,1]",1,0,6,5,home_win,home,0,88
2766,3,"{""single"":[""solutions/game_3/single/rest-101110/top"",""solutions/game_3/single/rest-001010/bot""],""series"":[""solutions/game_3/series/home_wins_2/rest-101110/top"",""solutions/game_3/series/home_wins_2/rest-001010/bot""]}","[1,0,1,1,1,0]","[0,0,1,0,1,0]",2,0,5,6,away_win,away,0,88
2766,4,"{""single"":[""solutions/game_4/single/rest-010111/top"",""solutions/game_4/single/rest-100111/bot""],""series"":[""solutions/game_4/series/home_wins_2/rest-010111/top"",""solutions/game_4/series/home_wins_2/rest-100111/bot""]}","[0,1,0,1,1,1]","[1,0,0,1,1,1]",2,1,6,14,away_win,away,0,82
2766,5,"{""single"":[""solutions/game_5/single/rest-110011/top"",""solutions/game_5/single/rest-111101/bot""],""series"":[""solutions/game_5/single/rest-110011/top"",""solutions/game_5/single/rest-111101/bot""]}","[1,1,0,0,1,1]","[1,1,1,1,0,1]",2,2,9,3,home_win,home,0,81
2767,1,"{""single"":[""solutions/game_1/single/rest-111111/top"",""solutions/game_1/single/rest-111111/bot""],""series"":[""solutions/game_1/series/rest-111111/top"",""solutions/game_1/series/rest-111111/bot""]}","[1,1,1,1,1,1]","[1,1,1,1,1,1]",0,0,5,5,tie,away,0,89
2767,2,"{""single"":[""solutions/game_2/single/rest-110001/top"",""solutions/game_2/single/rest-011110/bot""],""series"":[""solutions/game_2/series/home_wins_0/rest-110001/top"",""solutions/game_2/series/home_wins_0/rest-011110/bot""]}","[1,1,0,0,0,1]","[0,1,1,1,1,0]",0,1,1,4,away_win,away,0,77
2767,3,"{""single"":[""solutions/game_3/single/rest-001101/top"",""solutions/game_3/single/rest-101001/bot""],""series"":[""solutions/game_3/series/home_wins_0/rest-001101/top"",""solutions/game_3/series/home_wins_0/rest-101001/bot""]}","[0,0,1,1,0,1]","[1,0,1,0,0,1]",0,2,6,4,home_win,home,0,84
2767,4,"{""single"":[""solutions/game_4/single/rest-110010/top"",""solutions/game_4/single/rest-010111/bot""],""series"":[""solutions/game_4/series/home_wins_1/rest-110010/top"",""solutions/game_4/series/home_wins_1/rest-010111/bot""]}","[1,1,0,0,1,0]","[0,1,0,1,1,1]",1,2,8,0,home_win,home,0,52
2767,5,"{""single"":[""solutions/game_5/single/rest-111111/top"",""solutions/game_5/single/rest-111111/bot""],""series"":[""solutions/game_5/single/rest-111111/top"",""solutions/game_5/single/rest-111111/bot""]}","[1,1,1,1,1,1]","[1,1,1,1,1,1]",2,2,0,7,away_win,away,0,85
2768,1,"{""single"":[""solutions/game_1/single/rest-111111/top"",""solutions/game_1/single/rest-111111/bot""],""series"":[""solutions/game_1/series/rest-111111/top"",""solutions/game_1/series/rest-111111/bot""]}","[1,1,1,1,1,1]","[1,1,1,1,1,1]",0,0,0,7,away_win,away,0,86
2768,2,"{""single"":[""solutions/game_2/single/rest-110000/top"",""solutions/game_2/single/rest-110101/bot""],""series"":[""solutions/game_2/series/home_wins_0/rest-110000/top"",""solutions/game_2/series/home_wins_0/rest-110101/bot""]}","[1,1,0,0,0,0]","[1,1,0,1,0,1]",0,1,8,7,home_win,home,0,83
2768,3,"{""single"":[""solutions/game_3/single/rest-001011/top"",""solutions/game_3/single/rest-011011/bot""],""series"":[""solutions/game_3/series/home_wins_1/rest-001011/top"",""solutions/game_3/series/home_wins_1/rest-011011/bot""]}","[0,0,1,0,1,1]","[0,1,1,0,1,1]",1,1,9,1,home_win,home,0,46
2768,4,"{""single"":[""solutions/game_4/single/rest-111111/top"",""solutions/game_4/single/rest-011111/bot""],""series"":[""solutions/game_4/series/home_wins_2/rest-111111/top"",""solutions/game_4/series/home_wins_2/rest-011111/bot""]}","[1,1,1,1,1,1]","[0,1,1,1,1,1]",2,1,1,4,away_win,away,0,75
2768,5,"{""single"":[""solutions/game_5/single/rest-110001/top"",""solutions/game_5/single/rest-111110/bot""],""series"":[""solutions/game_5/single/rest-110001/top"",""solutions/game_5/single/rest-111110/bot""]}","[1,1,0,0,0,1]","[1,1,1,1,1,0]",2,2,0,6,away_win,away,0,87
2769,1,"{""single"":[""solutions/game_1/single/rest-111111/top"",""solutions/game_1/single/rest-111111/bot""],""series"":[""solutions/game_1/series/rest-111111/top"",""solutions/game_1/series/rest-111111/bot""]}","[1,1,1,1,1,1]","[1,1,1,1,1,1]",0,0,8,0,home_win,home,0,69
2769,2,"{""single"":[""solutions/game_2/single/rest-111011/top"",""solutions/game_2/single/rest-110101/bot""],""series"":[""solutions/game_2/series/home_wins_1/rest-111011/top"",""solutions/game_2/series/home_wins_1/rest-110101/bot""]}","[1,1,1,0,1,1]","[1,1,0,1,0,1]",1,0,3,7,away_win,away,0,84
2769,3,"{""single"":[""solutions/game_3/single/rest-010101/top"",""solutions/game_3/single/rest-001111/bot""],""series"":[""solutions/game_3/series/home_wins_1/rest-010101/top"",""solutions/game_3/series/home_wins_1/rest-001111/bot""]}","[0,1,0,1,0,1]","[0,0,1,1,1,1]",1,1,3,2,home_win,home,0,75
2769,4,"{""single"":[""solutions/game_4/single/rest-111111/top"",""solutions/game_4/single/rest-111100/bot""],""series"":[""solutions/game_4/series/home_wins_2/rest-111111/top"",""solutions/game_4/series/home_wins_2/rest-111100/bot""]}","[1,1,1,1,1,1]","[1,1,1,1,0,0]",2,1,10,2,home_win,home,0,76
2769,5,"{""single"":[""solutions/game_5/single/rest-010100/top"",""solutions/game_5/single/rest-100011/bot""],""series"":[""solutions/game_5/single/rest-010100/top"",""solutions/game_5/single/rest-100011/bot""]}","[0,1,0,1,0,0]","[1,0,0,0,1,1]",3,1,9,9,tie,away,1,103
2770,1,"{""single"":[""solutions/game_1/single/rest-111111/top"",""solutions/game_1/single/rest-111111/bot""],""series"":[""solutions/game_1/series/rest-111111/top"",""solutions/game_1/series/rest-111111/bot""]}","[1,1,1,1,1,1]","[1,1,1,1,1,1]",0,0,3,5,away_win,away,0,85
2770,2,"{""single"":[""solutions/game_2/single/rest-110111/top"",""solutions/game_2/single/rest-011110/bot""],""series"":[""solutions/game_2/series/home_wins_0/rest-110111/top"",""solutions/game_2/series/home_wins_0/rest-011110/bot""]}","[1,1,0,1,1,1]","[0,1,1,1,1,0]",0,1,6,2,home_win,home,0,75
2770,3,"{""single"":[""solutions/game_3/single/rest-110001/top"",""solutions/game_3/single/rest-110101/bot""],""series"":[""solutions/game_3/series/home_wins_1/rest-110001/top"",""solutions/game_3/series/home_wins_1/rest-110101/bot""]}","[1,1,0,0,0,1]","[1,1,0,1,0,1]",1,1,3,3,tie,away,0,88
2770,4,"{""single"":[""solutions/game_4/single/rest-101110/top"",""solutions/game_4/single/rest-011111/bot""],""series"":[""solutions/game_4/series/home_wins_1/rest-101110/top"",""solutions/game_4/series/home_wins_1/rest-011111/bot""]}","[1,0,1,1,1,0]","[0,1,1,1,1,1]",1,2,3,2,home_win,home,0,73
2770,5,"{""single"":[""solutions/game_5/single/rest-010011/top"",""solutions/game_5/single/rest-111101/bot""],""series"":[""solutions/game_5/single/rest-010011/top"",""solutions/game_5/single/rest-111101/bot""]}","[0,1,0,0,1,1]","[1,1,1,1,0,1]",2,2,9,4,home_win,home,0,95
2771,1,"{""single"":[""solutions/game_1/single/rest-111111/top"",""solutions/game_1/single/rest-111111/bot""],""series"":[""solutions/game_1/series/rest-111111/top"",""solutions/game_1/series/rest-111111/bot""]}","[1,1,1,1,1,1]","[1,1,1,1,1,1]",0,0,6,2,home_win,home,0,79
2771,2,"{""single"":[""solutions/game_2/single/rest-110011/top"",""solutions/game_2/single/rest-110011/bot""],""series"":[""solutions/game_2/series/home_wins_1/rest-110011/top"",""solutions/game_2/series/home_wins_1/rest-110011/bot""]}","[1,1,0,0,1,1]","[1,1,0,0,1,1]",1,0,4,5,away_win,away,0,82
2771,3,"{""single"":[""solutions/game_3/single/rest-011100/top"",""solutions/game_3/single/rest-001110/bot""],""series"":[""solutions/game_3/series/home_wins_1/rest-011100/top"",""solutions/game_3/series/home_wins_1/rest-001110/bot""]}","[0,1,1,1,0,0]","[0,0,1,1,1,0]",1,1,5,4,home_win,home,0,79
2771,4,"{""single"":[""solutions/game_4/single/rest-101011/top"",""solutions/game_4/single/rest-111111/bot""],""series"":[""solutions/game_4/series/home_wins_2/rest-101011/top"",""solutions/game_4/series/home_wins_2/rest-111111/bot""]}","[1,0,1,0,1,1]","[1,1,1,1,1,1]",2,1,6,3,home_win,home,0,83
2771,5,"{""single"":[""solutions/game_5/single/rest-011101/top"",""solutions/game_5/single/rest-011110/bot""],""series"":[""solutions/game_5/single/rest-011101/top"",""solutions/game_5/single/rest-011110/bot""]}","[0,1,1,1,0,1]","[0,1,1,1,1,0]",3,1,7,9,away_win,away,1,89
2772,1,"{""single"":[""solutions/game_1/single/rest-111111/top"",""solutions/game_1/single/rest-111111/bot""],""series"":[""solutions/game_1/series/rest-111111/top"",""solutions/game_1/series/rest-111111/bot""]}","[1,1,1,1,1,1]","[1,1,1,1,1,1]",0,0,3,1,home_win,home,0,79
2772,2,"{""single"":[""solutions/game_2/single/rest-111011/top"",""solutions/game_2/single/rest-101011/bot""],""series"":[""solutions/game_2/series/home_wins_1/rest-111011/top"",""solutions/game_2/series/home_wins_1/rest-101011/bot""]}","[1,1,1,0,1,1]","[1,0,1,0,1,1]",1,0,3,6,away_win,away,0,84
2772,3,"{""single"":[""solutions/game_3/single/rest-101101/top"",""solutions/game_3/single/rest-001110/bot""],""series"":[""solutions/game_3/series/home_wins_1/rest-101101/top"",""solutions/game_3/series/home_wins_1/rest-001110/bot""]}","[1,0,1,1,0,1]","[0,0,1,1,1,0]",1,1,1,3,away_win,away,0,76
2772,4,"{""single"":[""solutions/game_4/single/rest-011111/top"",""solutions/game_4/single/rest-111001/bot""],""series"":[""solutions/game_4/series/home_wins_1/rest-011111/top"",""solutions/game_4/series/home_wins_1/rest-111001/bot""]}","[0,1,1,1,1,1]","[1,1,1,0,0,1]",1,2,1,2,away_win,away,0,75
2772,5,"{""single"":[""solutions/game_5/single/rest-110010/top"",""solutions/game_5/single/rest-111110/bot""],""series"":[""solutions/game_5/single/rest-110010/top"",""solutions/game_5/single/rest-111110/bot""]}","[1,1,0,0,1,0]","[1,1,1,1,1,0]",1,3,4,8,away_win,away,1,94
2773,1,"{""single"":[""solutions/game_1/single/rest-111111/top"",""solutions/game_1/single/rest-111111/bot""],""series"":[""solutions/game_1/series/rest-111111/top"",""solutions/game_1/series/rest-111111/bot""]}","[1,1,1,1,1,1]","[1,1,1,1,1,1]",0,0,6,3,home_win,home,0,83
2773,2,"{""single"":[""solutions/game_2/single/rest-010001/top"",""solutions/game_2/single/rest-101110/bot""],""series"":[""solutions/game_2/series/home_wins_1/rest-010001/top"",""solutions/game_2/series/home_wins_1/rest-101110/bot""]}","[0,1,0,0,0,1]","[1,0,1,1,1,0]",1,0,7,9,away_win,away,0,102
2773,3,"{""single"":[""solutions/game_3/single/rest-111110/top"",""solutions/game_3/single/rest-011001/bot""],""series"":[""solutions/game_3/series/home_wins_1/rest-111110/top"",""solutions/game_3/series/home_wins_1/rest-011001/bot""]}","[1,1,1,1,1,0]","[0,1,1,0,0,1]",1,1,9,1,home_win,home,0,30
2773,4,"{""single"":[""solutions/game_4/single/rest-111111/top"",""solutions/game_4/single/rest-111111/bot""],""series"":[""solutions/game_4/series/home_wins_2/rest-111111/top"",""solutions/game_4/series/home_wins_2/rest-111111/bot""]}","[1,1,1,1,1,1]","[1,1,1,1,1,1]",2,1,1,5,away_win,away,0,79
2773,5,"{""single"":[""solutions/game_5/single/rest-110001/top"",""solutions/game_5/single/rest-101101/bot""],""series"":[""solutions/game_5/single/rest-110001/top"",""solutions/game_5/single/rest-101101/bot""]}","[1,1,0,0,0,1]","[1,0,1,1,0,1]",2,2,0,3,away_win,away,0,72
2774,1,"{""single"":[""solutions/game_1/single/rest-111111/top"",""solutions/game_1/single/rest-111111/bot""],""series"":[""solutions/game_1/series/rest-111111/top"",""solutions/game_1/series/rest-111111/bot""]}","[1,1,1,1,1,1]","[1,1,1,1,1,1]",0,0,6,5,home_win,home,0,81
2774,2,"{""single"":[""solutions/game_2/single/rest-101111/top"",""solutions/game_2/single/rest-011110/bot""],""series"":[""solutions/game_2/series/home_wins_1/rest-101111/top"",""solutions/game_2/series/home_wins_1/rest-011110/bot""]}","[1,0,1,1,1,1]","[0,1,1,1,1,0]",1,0,13,5,home_win,home,0,74
2774,3,"{""single"":[""solutions/game_3/single/rest-100101/top"",""solutions/game_3/single/rest-110111/bot""],""series"":[""solutions/game_3/series/home_wins_2/rest-100101/top"",""solutions/game_3/series/home_wins_2/rest-110111/bot""]}","[1,0,0,1,0,1]","[1,1,0,1,1,1]",2,0,8,6,home_win,home,0,95
2774,4,"{""single"":[""solutions/game_4/single/rest-011010/top"",""solutions/game_4/single/rest-001010/bot""],""series"":[""solutions/game_4/single/rest-011010/top"",""solutions/game_4/single/rest-001010/bot""]}","[0,1,1,0,1,0]","[0,0,1,0,1,0]",3,0,2,7,away_win,away,1,86
2774,5,"{""single"":[""solutions/game_5/single/rest-100101/top"",""solutions/game_5/single/rest-110101/bot""],""series"":[""solutions/game_5/single/rest-100101/top"",""solutions/game_5/single/rest-110101/bot""]}","[1,0,0,1,0,1]","[1,1,0,1,0,1]",3,1,2,4,away_win,away,1,77
2775,1,"{""single"":[""solutions/game_1/single/rest-111111/top"",""solutions/game_1/single/rest-111111/bot""],""series"":[""solutions/game_1/series/rest-111111/top"",""solutions/game_1/series/rest-111111/bot""]}","[1,1,1,1,1,1]","[1,1,1,1,1,1]",0,0,7,0,home_win,home,0,78
2775,2,"{""single"":[""solutions/game_2/single/rest-010011/top"",""solutions/game_2/single/rest-110111/bot""],""series"":[""solutions/game_2/series/home_wins_1/rest-010011/top"",""solutions/game_2/series/home_wins_1/rest-110111/bot""]}","[0,1,0,0,1,1]","[1,1,0,1,1,1]",1,0,2,3,away_win,away,0,73
2775,3,"{""single"":[""solutions/game_3/single/rest-011100/top"",""solutions/game_3/single/rest-101111/bot""],""series"":[""solutions/game_3/series/home_wins_1/rest-011100/top"",""solutions/game_3/series/home_wins_1/rest-101111/bot""]}","[0,1,1,1,0,0]","[1,0,1,1,1,1]",1,1,7,3,home_win,home,0,83
2775,4,"{""single"":[""solutions/game_4/single/rest-111101/top"",""solutions/game_4/single/rest-111111/bot""],""series"":[""solutions/game_4/series/home_wins_2/rest-111101/top"",""solutions/game_4/series/home_wins_2/rest-111111/bot""]}","[1,1,1,1,0,1]","[1,1,1,1,1,1]",2,1,8,7,home_win,home,0,90
2775,5,"{""single"":[""solutions/game_5/single/rest-110011/top"",""solutions/game_5/single/rest-101110/bot""],""series"":[""solutions/game_5/single/rest-110011/top"",""solutions/game_5/single/rest-101110/bot""]}","[1,1,0,0,1,1]","[1,0,1,1,1,0]",3,1,0,6,away_win,away,1,82
2776,1,"{""single"":[""solutions/game_1/single/rest-111111/top"",""solutions/game_1/single/rest-111111/bot""],""series"":[""solutions/game_1/series/rest-111111/top"",""solutions/game_1/series/rest-111111/bot""]}","[1,1,1,1,1,1]","[1,1,1,1,1,1]",0,0,0,8,away_win,away,0,50
2776,2,"{""single"":[""solutions/game_2/single/rest-110011/top"",""solutions/game_2/single/rest-111111/bot""],""series"":[""solutions/game_2/series/home_wins_0/rest-110011/top"",""solutions/game_2/series/home_wins_0/rest-111111/bot""]}","[1,1,0,0,1,1]","[1,1,1,1,1,1]",0,1,4,1,home_win,home,0,72
2776,3,"{""single"":[""solutions/game_3/single/rest-011100/top"",""solutions/game_3/single/rest-011111/bot""],""series"":[""solutions/game_3/series/home_wins_1/rest-011100/top"",""solutions/game_3/series/home_wins_1/rest-011111/bot""]}","[0,1,1,1,0,0]","[0,1,1,1,1,1]",1,1,1,4,away_win,away,0,69
2776,4,"{""single"":[""solutions/game_4/single/rest-100111/top"",""solutions/game_4/single/rest-111110/bot""],""series"":[""solutions/game_4/series/home_wins_1/rest-100111/top"",""solutions/game_4/series/home_wins_1/rest-111110/bot""]}","[1,0,0,1,1,1]","[1,1,1,1,1,0]",1,2,9,2,home_win,home,0,84
2776,5,"{""single"":[""solutions/game_5/single/rest-111100/top"",""solutions/game_5/single/rest-101110/bot""],""series"":[""solutions/game_5/single/rest-111100/top"",""solutions/game_5/single/rest-101110/bot""]}","[1,1,1,1,0,0]","[1,0,1,1,1,0]",2,2,4,10,away_win,away,0,94
2777,1,"{""single"":[""solutions/game_1/single/rest-111111/top"",""solutions/game_1/single/rest-111111/bot""],""series"":[""solutions/game_1/series/rest-111111/top"",""solutions/game_1/series/rest-111111/bot""]}","[1,1,1,1,1,1]","[1,1,1,1,1,1]",0,0,4,1,home_win,home,0,76
2777,2,"{""single"":[""solutions/game_2/single/rest-111101/top"",""solutions/game_2/single/rest-110110/bot""],""series"":[""solutions/game_2/series/home_wins_1/rest-111101/top"",""solutions/game_2/series/home_wins_1/rest-110110/bot""]}","[1,1,1,1,0,1]","[1,1,0,1,1,0]",1,0,5,3,home_win,home,0,74
2777,3,"{""single"":[""solutions/game_3/single/rest-110011/top"",""solutions/game_3/single/rest-000101/bot""],""series"":[""solutions/game_3/series/home_wins_2/rest-110011/top"",""solutions/game_3/series/home_wins_2/rest-000101/bot""]}","[1,1,0,0,1,1]","[0,0,0,1,0,1]",2,0,3,2,home_win,home,0,78
2777,4,"{""single"":[""solutions/game_4/single/rest-111110/top"",""solutions/game_4/single/rest-011011/bot""],""series"":[""solutions/game_4/single/rest-111110/top"",""solutions/game_4/single/rest-011011/bot""]}","[1,1,1,1,1,0]","[0,1,1,0,1,1]",3,0,4,3,home_win,home,1,73
2777,5,"{""single"":[""solutions/game_5/single/rest-011011/top"",""solutions/game_5/single/rest-100111/bot""],""series"":[""solutions/game_5/single/rest-011011/top"",""solutions/game_5/single/rest-100111/bot""]}","[0,1,1,0,1,1]","[1,0,0,1,1,1]",4,0,1,9,away_win,away,1,56
2778,1,"{""single"":[""solutions/game_1/single/rest-111111/top"",""solutions/game_1/single/rest-111111/bot""],""series"":[""solutions/game_1/series/rest-111111/top"",""solutions/game_1/series/rest-111111/bot""]}","[1,1,1,1,1,1]","[1,1,1,1,1,1]",0,0,2,0,home_win,home,0,67
2778,2,"{""single"":[""solutions/game_2/single/rest-110011/top"",""solutions/game_2/single/rest-111101/bot""],""series"":[""solutions/game_2/series/home_wins_1/rest-110011/top"",""solutions/game_2/series/home_wins_1/rest-111101/bot""]}","[1,1,0,0,1,1]","[1,1,1,1,0,1]",1,0,2,10,away_win,away,0,89
2778,3,"{""single"":[""solutions/game_3/single/rest-001101/top"",""solutions/game_3/single/rest-110111/bot""],""series"":[""solutions/game_3/series/home_wins_1/rest-001101/top"",""solutions/game_3/series/home_wins_1/rest-110111/bot""]}","[0,0,1,1,0,1]","[1,1,0,1,1,1]",1,1,6,5,home_win,home,0,86
2778,4,"{""single"":[""solutions/game_4/single/rest-110100/top"",""solutions/game_4/single/rest-111101/bot""],""series"":[""solutions/game_4/series/home_wins_2/rest-110100/top"",""solutions/game_4/series/home_wins_2/rest-111101/bot""]}","[1,1,0,1,0,0]","[1,1,1,1,0,1]",2,1,3,2,home_win,home,0,72
2778,5,"{""single"":[""solutions/game_5/single/rest-001011/top"",""solutions/game_5/single/rest-111110/bot""],""series"":[""solutions/game_5/single/rest-001011/top"",""solutions/game_5/single/rest-111110/bot""]}","[0,0,1,0,1,1]","[1,1,1,1,1,0]",3,1,8,3,home_win,home,1,78
2779,1,"{""single"":[""solutions/game_1/single/rest-111111/top"",""solutions/game_1/single/rest-111111/bot""],""series"":[""solutions/game_1/series/rest-111111/top"",""solutions/game_1/series/rest-111111/bot""]}","[1,1,1,1,1,1]","[1,1,1,1,1,1]",0,0,9,1,home_win,home,0,60
2779,2,"{""single"":[""solutions/game_2/single/rest-111101/top"",""solutions/game_2/single/rest-110111/bot""],""series"":[""solutions/game_2/series/home_wins_1/rest-111101/top"",""solutions/game_2/series/home_wins_1/rest-110111/bot""]}","[1,1,1,1,0,1]","[1,1,0,1,1,1]",1,0,3,8,away_win,away,0,94
2779,3,"{""single"":[""solutions/game_3/single/rest-110010/top"",""solutions/game_3/single/rest-111101/bot""],""series"":[""solutions/game_3/series/home_wins_1/rest-110010/top"",""solutions/game_3/series/home_wins_1/rest-111101/bot""]}","[1,1,0,0,1,0]","[1,1,1,1,0,1]",1,1,4,6,away_win,away,0,80
2779,4,"{""single"":[""solutions/game_4/single/rest-101011/top"",""solutions/game_4/single/rest-111010/bot""],""series"":[""solutions/game_4/series/home_wins_1/rest-101011/top"",""solutions/game_4/series/home_wins_1/rest-111010/bot""]}","[1,0,1,0,1,1]","[1,1,1,0,1,0]",1,2,12,5,home_win,home,0,78
2779,5,"{""single"":[""solutions/game_5/single/rest-110101/top"",""solutions/game_5/single/rest-110110/bot""],""series"":[""solutions/game_5/single/rest-110101/top"",""solutions/game_5/single/rest-110110/bot""]}","[1,1,0,1,0,1]","[1,1,0,1,1,0]",2,2,6,7,away_win,away,0,94
2780,1,"{""single"":[""solutions/game_1/single/rest-111111/top"",""solutions/game_1/single/rest-111111/bot""],""series"":[""solutions/game_1/series/rest-111111/top"",""solutions/game_1/series/rest-111111/bot""]}","[1,1,1,1,1,1]","[1,1,1,1,1,1]",0,0,2,4,away_win,away,0,77
2780,2,"{""single"":[""solutions/game_2/single/rest-010001/top"",""solutions/game_2/single/rest-111011/bot""],""series"":[""solutions/game_2/series/home_wins_0/rest-010001/top"",""solutions/game_2/series/home_wins_0/rest-111011/bot""]}","[0,1,0,0,0,1]","[1,1,1,0,1,1]",0,1,0,8,away_win,away,0,48
2780,3,"{""single"":[""solutions/game_3/single/rest-011111/top"",""solutions/game_3/single/rest-111111/bot""],""series"":[""solutions/game_3/series/home_wins_0/rest-011111/top"",""solutions/game_3/series/home_wins_0/rest-111111/bot""]}","[0,1,1,1,1,1]","[1,1,1,1,1,1]",0,2,2,1,home_win,home,0,77
2780,4,"{""single"":[""solutions/game_4/single/rest-111001/top"",""solutions/game_4/single/rest-001011/bot""],""series"":[""solutions/game_4/series/home_wins_1/rest-111001/top"",""solutions/game_4/series/home_wins_1/rest-001011/bot""]}","[1,1,1,0,0,1]","[0,0,1,0,1,1]",1,2,2,9,away_win,away,0,84
2780,5,"{""single"":[""solutions/game_5/single/rest-000110/top"",""solutions/game_5/single/rest-111100/bot""],""series"":[""solutions/game_5/single/rest-000110/top"",""solutions/game_5/single/rest-111100/bot""]}","[0,0,0,1,1,0]","[1,1,1,1,0,0]",1,3,6,4,home_win,home,1,81
2781,1,"{""single"":[""solutions/game_1/single/rest-111111/top"",""solutions/game_1/single/rest-111111/bot""],""series"":[""solutions/game_1/series/rest-111111/top"",""solutions/game_1/series/rest-111111/bot""]}","[1,1,1,1,1,1]","[1,1,1,1,1,1]",0,0,3,2,home_win,home,0,70
2781,2,"{""single"":[""solutions/game_2/single/rest-111101/top"",""solutions/game_2/single/rest-101011/bot""],""series"":[""solutions/game_2/series/home_wins_1/rest-111101/top"",""solutions/game_2/series/home_wins_1/rest-101011/bot""]}","[1,1,1,1,0,1]","[1,0,1,0,1,1]",1,0,4,11,away_win,away,0,92
2781,3,"{""single"":[""solutions/game_3/single/rest-111110/top"",""solutions/game_3/single/rest-010110/bot""],""series"":[""solutions/game_3/series/home_wins_1/rest-111110/top"",""solutions/game_3/series/home_wins_1/rest-010110/bot""]}","[1,1,1,1,1,0]","[0,1,0,1,1,0]",1,1,0,1,away_win,away,0,78
2781,4,"{""single"":[""solutions/game_4/single/rest-010101/top"",""solutions/game_4/single/rest-001011/bot""],""series"":[""solutions/game_4/series/home_wins_1/rest-010101/top"",""solutions/game_4/series/home_wins_1/rest-001011/bot""]}","[0,1,0,1,0,1]","[0,0,1,0,1,1]",1,2,10,11,away_win,away,0,100
2781,5,"{""single"":[""solutions/game_5/single/rest-100010/top"",""solutions/game_5/single/rest-110000/bot""],""series"":[""solutions/game_5/single/rest-100010/top"",""solutions/game_5/single/rest-110000/bot""]}","[1,0,0,0,1,0]","[1,1,0,0,0,0]",1,3,10,4,home_win,home,1,93
2782,1,"{""single"":[""solutions/game_1/single/rest-111111/top"",""solutions/game_1/single/rest-111111/bot""],""series"":[""solutions/game_1/series/rest-111111/top"",""solutions/game_1/series/rest-111111/bot""]}","[1,1,1,1,1,1]","[1,1,1,1,1,1]",0,0,5,5,tie,home,0,91
2782,2,"{""single"":[""solutions/game_2/single/rest-100101/top"",""solutions/game_2/single/rest-101010/bot""],""series"":[""solutions/game_2/series/home_wins_1/rest-100101/top"",""solutions/game_2/series/home_wins_1/rest-101010/bot""]}","[1,0,0,1,0,1]","[1,0,1,0,1,0]",1,0,6,0,home_win,home,0,82
2782,3,"{""single"":[""solutions/game_3/single/rest-011011/top"",""solutions/game_3/single/rest-110111/bot""],""series"":[""solutions/game_3/series/home_wins_2/rest-011011/top"",""solutions/game_3/series/home_wins_2/rest-110111/bot""]}","[0,1,1,0,1,1]","[1,1,0,1,1,1]",2,0,6,5,home_win,home,0,88
2782,4,"{""single"":[""solutions/game_4/single/rest-101101/top"",""solutions/game_4/single/rest-011001/bot""],""series"":[""solutions/game_4/single/rest-101101/top"",""solutions/game_4/single/rest-011001/bot""]}","[1,0,1,1,0,1]","[0,1,1,0,0,1]",3,0,1,7,away_win,away,1,88
2782,5,"{""single"":[""solutions/game_5/single/rest-010011/top"",""solutions/game_5/single/rest-111110/bot""],""series"":[""solutions/game_5/single/rest-010011/top"",""solutions/game_5/single/rest-111110/bot""]}","[0,1,0,0,1,1]","[1,1,1,1,1,0]",3,1,0,8,away_win,away,1,28
2783,1,"{""single"":[""solutions/game_1/single/rest-111111/top"",""solutions/game_1/single/rest-111111/bot""],""series"":[""solutions/game_1/series/rest-111111/top"",""solutions/game_1/series/rest-111111/bot""]}","[1,1,1,1,1,1]","[1,1,1,1,1,1]",0,0,3,6,away_win,away,0,88
2783,2,"{""single"":[""solutions/game_2/single/rest-001001/top"",""solutions/game_2/single/rest-111111/bot""],""series"":[""solutions/game_2/series/home_wins_0/rest-001001/top"",""solutions/game_2/series/home_wins_0/rest-111111/bot""]}","[0,0,1,0,0,1]","[1,1,1,1,1,1]",0,1,9,5,home_win,home,0,82
2783,3,"{""single"":[""solutions/game_3/single/rest-110111/top"",""solutions/game_3/single/rest-011111/bot""],""series"":[""solutions/game_3/series/home_wins_1/rest-110111/top"",""solutions/game_3/series/home_wins_1/rest-011111/bot""]}","[1,1,0,1,1,1]","[0,1,1,1,1,1]",1,1,3,2,home_win,home,0,73
2783,4,"{""single"":[""solutions/game_4/single/rest-111000/top"",""solutions/game_4/single/rest-110101/bot""],""series"":[""solutions/game_4/series/home_wins_2/rest-111000/top"",""solutions/game_4/series/home_wins_2/rest-110101/bot""]}","[1,1,1,0,0,0]","[1,1,0,1,0,1]",2,1,6,1,home_win,home,0,76
2783,5,"{""single"":[""solutions/game_5/single/rest-010111/top"",""solutions/game_5/single/rest-111010/bot""],""series"":[""solutions/game_5/single/rest-010111/top"",""solutions/game_5/single/rest-111010/bot""]}","[0,1,0,1,1,1]","[1,1,1,0,1,0]",3,1,3,5,away_win,away,1,82
2784,1,"{""single"":[""solutions/game_1/single/rest-111111/top"",""solutions/game_1/single/rest-111111/bot""],""series"":[""solutions/game_1/series/rest-111111/top"",""solutions/game_1/series/rest-111111/bot""]}","[1,1,1,1,1,1]","[1,1,1,1,1,1]",0,0,5,6,away_win,away,0,85
2784,2,"{""single"":[""solutions/game_2/single/rest-110111/top"",""solutions/game_2/single/rest-001010/bot""],""series"":[""solutions/game_2/series/home_wins_0/rest-110111/top"",""solutions/game_2/series/home_wins_0/rest-001010/bot""]}","[1,1,0,1,1,1]","[0,0,1,0,1,0]",0,1,1,9,away_win,away,0,77
2784,3,"{""single"":[""solutions/game_3/single/rest-001001/top"",""solutions/game_3/single/rest-101101/bot""],""series"":[""solutions/game_3/series/home_wins_0/rest-001001/top"",""solutions/game_3/series/home_wins_0/rest-101101/bot""]}","[0,0,1,0,0,1]","[1,0,1,1,0,1]",0,2,1,9,away_win,away,0,27
2784,4,"{""single"":[""solutions/game_4/single/rest-111111/top"",""solutions/game_4/single/rest-111101/bot""],""series"":[""solutions/game_4/single/rest-111111/top"",""solutions/game_4/single/rest-111101/bot""]}","[1,1,1,1,1,1]","[1,1,1,1,0,1]",0,3,9,7,home_win,home,1,98
2784,5,"{""single"":[""solutions/game_5/single/rest-011000/top"",""solutions/game_5/single/rest-001000/bot""],""series"":[""solutions/game_5/single/rest-011000/top"",""solutions/game_5/single/rest-001000/bot""]}","[0,1,1,0,0,0]","[0,0,1,0,0,0]",1,3,12,3,home_win,home,1,57
2785,1,"{""single"":[""solutions/game_1/single/rest-111111/top"",""solutions/game_1/single/rest-111111/bot""],""series"":[""solutions/game_1/series/rest-111111/top"",""solutions/game_1/series/rest-111111/bot""]}","[1,1,1,1,1,1]","[1,1,1,1,1,1]",0,0,1,4,away_win,away,0,79
2785,2,"{""single"":[""solutions/game_2/single/rest-011101/top"",""solutions/game_2/single/rest-101011/bot""],""series"":[""solutions/game_2/series/home_wins_0/rest-011101/top"",""solutions/game_2/series/home_wins_0/rest-101011/bot""]}","[0,1,1,1,0,1]","[1,0,1,0,1,1]",0,1,12,3,home_win,home,0,76
2785,3,"{""single"":[""solutions/game_3/single/rest-000111/top"",""solutions/game_3/single/rest-111111/bot""],""series"":[""solutions/game_3/series/home_wins_1/rest-000111/top"",""solutions/game_3/series/home_wins_1/rest-111111/bot""]}","[0,0,0,1,1,1]","[1,1,1,1,1,1]",1,1,3,6,away_win,away,0,77
2785,4,"{""single"":[""solutions/game_4/single/rest-111001/top"",""solutions/game_4/single/rest-111110/bot""],""series"":[""solutions/game_4/series/home_wins_1/rest-111001/top"",""solutions/game_4/series/home_wins_1/rest-111110/bot""]}","[1,1,1,0,0,1]","[1,1,1,1,1,0]",1,2,5,4,home_win,home,0,98
2785,5,"{""single"":[""solutions/game_5/single/rest-100110/top"",""solutions/game_5/single/rest-010001/bot""],""series"":[""solutions/game_5/single/rest-100110/top"",""solutions/game_5/single/rest-010001/bot""]}","[1,0,0,1,1,0]","[0,1,0,0,0,1]",2,2,1,5,away_win,away,0,80
2786,1,"{""single"":[""solutions/game_1/single/rest-111111/top"",""solutions/game_1/single/rest-111111/bot""],""series"":[""solutions/game_1/series/rest-111111/top"",""solutions/game_1/series/rest-111111/bot""]}","[1,1,1,1,1,1]","[1,1,1,1,1,1]",0,0,5,8,away_win,away,0,90
2786,2,"{""single"":[""solutions/game_2/single/rest-010111/top"",""solutions/game_2/single/rest-011111/bot""],""series"":[""solutions/game_2/series/home_wins_0/rest-010111/top"",""solutions/game_2/series/home_wins_0/rest-011111/bot""]}","[0,1,0,1,1,1]","[0,1,1,1,1,1]",0,1,9,3,home_win,home,0,94
2786,3,"{""single"":[""solutions/game_3/single/rest-101011/top"",""solutions/game_3/single/rest-111101/bot""],""series"":[""solutions/game_3/series/home_wins_1/rest-101011/top"",""solutions/game_3/series/home_wins_1/rest-111101/bot""]}","[1,0,1,0,1,1]","[1,1,1,1,0,1]",1,1,3,5,away_win,away,0,82
2786,4,"{""single"":[""solutions/game_4/single/rest-111110/top"",""solutions/game_4/single/rest-101010/bot""],""series"":[""solutions/game_4/series/home_wins_1/rest-111110/top"",""solutions/game_4/series/home_wins_1/rest-101010/bot""]}","[1,1,1,1,1,0]","[1,0,1,0,1,0]",1,2,0,6,away_win,away,0,84
2786,5,"{""single"":[""solutions/game_5/single/rest-110001/top"",""solutions/game_5/single/rest-110100/bot""],""series"":[""solutions/game_5/single/rest-110001/top"",""solutions/game_5/single/rest-110100/bot""]}","[1,1,0,0,0,1]","[1,1,0,1,0,0]",1,3,7,11,away_win,away,1,102
2787,1,"{""single"":[""solutions/game_1/single/rest-111111/top"",""solutions/game_1/single/rest-111111/bot""],""series"":[""solutions/game_1/series/rest-111111/top"",""solutions/game_1/series/rest-111111/bot""]}","[1,1,1,1,1,1]","[1,1,1,1,1,1]",0,0,3,8,away_win,away,0,88
2787,2,"{""single"":[""solutions/game_2/single/rest-010111/top"",""solutions/game_2/single/rest-010110/bot""],""series"":[""solutions/game_2/series/home_wins_0/rest-010111/top"",""solutions/game_2/series/home_wins_0/rest-010110/bot""]}","[0,1,0,1,1,1]","[0,1,0,1,1,0]",0,1,8,2,home_win,home,0,74
2787,3,"{""single"":[""solutions/game_3/single/rest-011011/top"",""solutions/game_3/single/rest-111101/bot""],""series"":[""solutions/game_3/series/home_wins_1/rest-011011/top"",""solutions/game_3/series/home_wins_1/rest-111101/bot""]}","[0,1,1,0,1,1]","[1,1,1,1,0,1]",1,1,2,6,away_win,away,0,92
2787,4,"{""single"":[""solutions/game_4/single/rest-100011/top"",""solutions/game_4/single/rest-001111/bot""],""series"":[""solutions/game_4/series/home_wins_1/rest-100011/top"",""solutions/game_4/series/home_wins_1/rest-001111/bot""]}","[1,0,0,0,1,1]","[0,0,1,1,1,1]",1,2,2,11,away_win,away,0,35
2787,5,"{""single"":[""solutions/game_5/single/rest-111111/top"",""solutions/game_5/single/rest-011111/bot""],""series"":[""solutions/game_5/single/rest-111111/top"",""solutions/game_5/single/rest-011111/bot""]}","[1,1,1,1,1,1]","[0,1,1,1,1,1]",1,3,7,3,home_win,home,1,75
2788,1,"{""single"":[""solutions/game_1/single/rest-111111/top"",""solutions/game_1/single/rest-111111/bot""],""series"":[""solutions/game_1/series/rest-111111/top"",""solutions/game_1/series/rest-111111/bot""]}","[1,1,1,1,1,1]","[1,1,1,1,1,1]",0,0,2,3,away_win,away,0,76
2788,2,"{""single"":[""solutions/game_2/single/rest-011001/top"",""solutions/game_2/single/rest-101111/bot""],""series"":[""solutions/game_2/series/home_wins_0/rest-011001/top"",""solutions/game_2/series/home_wins_0/rest-101111/bot""]}","[0,1,1,0,0,1]","[1,0,1,1,1,1]",0,1,1,4,away_win,away,0,78
2788,3,"{""single"":[""solutions/game_3/single/rest-101110/top"",""solutions/game_3/single/rest-011011/bot""],""series"":[""solutions/game_3/series/home_wins_0/rest-101110/top"",""solutions/game_3/series/home_wins_0/rest-011011/bot""]}","[1,0,1,1,1,0]","[0,1,1,0,1,1]",0,2,8,0,home_win,home,0,57
2788,4,"{""single"":[""solutions/game_4/single/rest-111011/top"",""solutions/game_4/single/rest-110111/bot""],""series"":[""solutions/game_4/series/home_wins_1/rest-111011/top"",""solutions/game_4/series/home_wins_1/rest-110111/bot""]}","[1,1,1,0,1,1]","[1,1,0,1,1,1]",1,2,7,4,home_win,home,0,80
2788,5,"{""single"":[""solutions/game_5/single/rest-010000/top"",""solutions/game_5/single/rest-111111/bot""],""series"":[""solutions/game_5/single/rest-010000/top"",""solutions/game_5/single/rest-111111/bot""]}","[0,1,0,0,0,0]","[1,1,1,1,1,1]",2,2,8,13,away_win,away,0,99
2789,1,"{""single"":[""solutions/game_1/single/rest-111111/top"",""solutions/game_1/single/rest-111111/bot""],""series"":[""solutions/game_1/series/rest-111111/top"",""solutions/game_1/series/rest-111111/bot""]}","[1,1,1,1,1,1]","[1,1,1,1,1,1]",0,0,2,10,away_win,away,0,52
2789,2,"{""single"":[""solutions/game_2/single/rest-110011/top"",""solutions/game_2/single/rest-111111/bot""],""series"":[""solutions/game_2/series/home_wins_0/rest-110011/top"",""solutions/game_2/series/home_wins_0/rest-111111/bot""]}","[1,1,0,0,1,1]","[1,1,1,1,1,1]",0,1,0,4,away_win,away,0,84
2789,3,"{""single"":[""solutions/game_3/single/rest-111101/top"",""solutions/game_3/single/rest-001111/bot""],""series"":[""solutions/game_3/series/home_wins_0/rest-111101/top"",""solutions/game_3/series/home_wins_0/rest-001111/bot""]}","[1,1,1,1,0,1]","[0,0,1,1,1,1]",0,2,1,2,away_win,away,0,74
2789,4,"{""single"":[""solutions/game_4/single/rest-010001/top"",""solutions/game_4/single/rest-111110/bot""],""series"":[""solutions/game_4/single/rest-010001/top"",""solutions/game_4/single/rest-111110/bot""]}","[0,1,0,0,0,1]","[1,1,1,1,1,0]",0,3,5,7,away_win,away,1,85
2789,5,"{""single"":[""solutions/game_5/single/rest-101110/top"",""solutions/game_5/single/rest-000011/bot""],""series"":[""solutions/game_5/single/rest-101110/top"",""solutions/game_5/single/rest-000011/bot""]}","[1,0,1,1,1,0]","[0,0,0,0,1,1]",0,4,4,3,home_win,home,1,79
2790,1,"{""single"":[""solutions/game_1/single/rest-111111/top"",""solutions/game_1/single/rest-111111/bot""],""series"":[""solutions/game_1/series/rest-111111/top"",""solutions/game_1/series/rest-111111/bot""]}","[1,1,1,1,1,1]","[1,1,1,1,1,1]",0,0,4,0,home_win,home,0,80
2790,2,"{""single"":[""solutions/game_2/single/rest-110101/top"",""solutions/game_2/single/rest-001111/bot""],""series"":[""solutions/game_2/series/home_wins_1/rest-110101/top"",""solutions/game_2/series/home_wins_1/rest-001111/bot""]}","[1,1,0,1,0,1]","[0,0,1,1,1,1]",1,0,4,8,away_win,away,0,84
2790,3,"{""single"":[""solutions/game_3/single/rest-111011/top"",""solutions/game_3/single/rest-100100/bot""],""series"":[""solutions/game_3/series/home_wins_1/rest-111011/top"",""solutions/game_3/series/home_wins_1/rest-100100/bot""]}","[1,1,1,0,1,1]","[1,0,0,1,0,0]",1,1,2,10,away_win,away,0,47
2790,4,"{""single"":[""solutions/game_4/single/rest-111110/top"",""solutions/game_4/single/rest-111111/bot""],""series"":[""solutions/game_4/series/home_wins_1/rest-111110/top"",""solutions/game_4/series/home_wins_1/rest-111111/bot""]}","[1,1,1,1,1,0]","[1,1,1,1,1,1]",1,2,9,4,home_win,home,0,79
2790,5,"{""single"":[""solutions/game_5/single/rest-011011/top"",""solutions/game_5/single/rest-011111/bot""],""series"":[""solutions/game_5/single/rest-011011/top"",""solutions/game_5/single/rest-011111/bot""]}","[0,1,1,0,1,1]","[0,1,1,1,1,1]",2,2,7,4,home_win,home,0,82
2791,1,"{""single"":[""solutions/game_1/single/rest-111111/top"",""solutions/game_1/single/rest-111111/bot""],""series"":[""solutions/game_1/series/rest-111111/top"",""solutions/game_1/series/rest-111111/bot""]}","[1,1,1,1,1,1]","[1,1,1,1,1,1]",0,0,5,4,home_win,home,0,89
2791,2,"{""single"":[""solutions/game_2/single/rest-010000/top"",""solutions/game_2/single/rest-011111/bot""],""series"":[""solutions/game_2/series/home_wins_1/rest-010000/top"",""solutions/game_2/series/home_wins_1/rest-011111/bot""]}","[0,1,0,0,0,0]","[0,1,1,1,1,1]",1,0,5,3,home_win,home,0,83
2791,3,"{""single"":[""solutions/game_3/single/rest-101110/top"",""solutions/game_3/single/rest-110011/bot""],""series"":[""solutions/game_3/series/home_wins_2/rest-101110/top"",""solutions/game_3/series/home_wins_2/rest-110011/bot""]}","[1,0,1,1,1,0]","[1,1,0,0,1,1]",2,0,8,6,home_win,home,0,83
2791,4,"{""single"":[""solutions/game_4/single/rest-111011/top"",""solutions/game_4/single/rest-011110/bot""],""series"":[""solutions/game_4/single/rest-111011/top"",""solutions/game_4/single/rest-011110/bot""]}","[1,1,1,0,1,1]","[0,1,1,1,1,0]",3,0,1,6,away_win,away,1,91
2791,5,"{""single"":[""solutions/game_5/single/rest-110100/top"",""solutions/game_5/single/rest-100001/bot""],""series"":[""solutions/game_5/single/rest-110100/top"",""solutions/game_5/single/rest-100001/bot""]}","[1,1,0,1,0,0]","[1,0,0,0,0,1]",3,1,9,1,home_win,home,1,44
2792,1,"{""single"":[""solutions/game_1/single/rest-111111/top"",""solutions/game_1/single/rest-111111/bot""],""series"":[""solutions/game_1/series/rest-111111/top"",""solutions/game_1/series/rest-111111/bot""]}","[1,1,1,1,1,1]","[1,1,1,1,1,1]",0,0,4,10,away_win,away,0,91
2792,2,"{""single"":[""solutions/game_2/single/rest-010011/top"",""solutions/game_2/single/rest-001110/bot""],""series"":[""solutions/game_2/series/home_wins_0/rest-010011/top"",""solutions/game_2/series/home_wins_0/rest-001110/bot""]}","[0,1,0,0,1,1]","[0,0,1,1,1,0]",0,1,1,3,away_win,away,0,82
2792,3,"{""single"":[""solutions/game_3/single/rest-101101/top"",""solutions/game_3/single/rest-110011/bot""],""series"":[""solutions/game_3/series/home_wins_0/rest-101101/top"",""solutions/game_3/series/home_wins_0/rest-110011/bot""]}","[1,0,1,1,0,1]","[1,1,0,0,1,1]",0,2,6,8,away_win,away,0,90
2792,4,"{""single"":[""solutions/game_4/single/rest-011011/top"",""solutions/game_4/single/rest-001001/bot""],""series"":[""solutions/game_4/single/rest-011011/top"",""solutions/game_4/single/rest-001001/bot""]}","[0,1,1,0,1,1]","[0,0,1,0,0,1]",0,3,4,2,home_win,home,1,86
2792,5,"{""single"":[""solutions/game_5/single/rest-110000/top"",""solutions/game_5/single/rest-110110/bot""],""series"":[""solutions/game_5/single/rest-110000/top"",""solutions/game_5/single/rest-110110/bot""]}","[1,1,0,0,0,0]","[1,1,0,1,1,0]",1,3,4,1,home_win,home,1,73
2793,1,"{""single"":[""solutions/game_1/single/rest-111111/top"",""solutions/game_1/single/rest-111111/bot""],""series"":[""solutions/game_1/series/rest-111111/top"",""solutions/game_1/series/rest-111111/bot""]}","[1,1,1,1,1,1]","[1,1,1,1,1,1]",0,0,3,3,tie,away,0,91
2793,2,"{""single"":[""solutions/game_2/single/rest-100001/top"",""solutions/game_2/single/rest-011110/bot""],""series"":[""solutions/game_2/series/home_wins_0/rest-100001/top"",""solutions/game_2/series/home_wins_0/rest-011110/bot""]}","[1,0,0,0,0,1]","[0,1,1,1,1,0]",0,1,7,8,away_win,away,0,91
2793,3,"{""single"":[""solutions/game_3/single/rest-011011/top"",""solutions/game_3/single/rest-100011/bot""],""series"":[""solutions/game_3/series/home_wins_0/rest-011011/top"",""solutions/game_3/series/home_wins_0/rest-100011/bot""]}","[0,1,1,0,1,1]","[1,0,0,0,1,1]",0,2,10,4,home_win,home,0,86
2793,4,"{""single"":[""solutions/game_4/single/rest-110100/top"",""solutions/game_4/single/rest-111101/bot""],""series"":[""solutions/game_4/series/home_wins_1/rest-110100/top"",""solutions/game_4/series/home_wins_1/rest-111101/bot""]}","[1,1,0,1,0,0]","[1,1,1,1,0,1]",1,2,3,4,away_win,away,0,87
2793,5,"{""single"":[""solutions/game_5/single/rest-111011/top"",""solutions/game_5/single/rest-101111/bot""],""series"":[""solutions/game_5/single/rest-111011/top"",""solutions/game_5/single/rest-101111/bot""]}","[1,1,1,0,1,1]","[1,0,1,1,1,1]",1,3,7,8,away_win,away,1,101
2794,1,"{""single"":[""solutions/game_1/single/rest-111111/top"",""solutions/game_1/single/rest-111111/bot""],""series"":[""solutions/game_1/series/rest-111111/top"",""solutions/game_1/series/rest-111111/bot""]}","[1,1,1,1,1,1]","[1,1,1,1,1,1]",0,0,9,1,home_win,home,0,68
2794,2,"{""single"":[""solutions/game_2/single/rest-111101/top"",""solutions/game_2/single/rest-110111/bot""],""series"":[""solutions/game_2/series/home_wins_1/rest-111101/top"",""solutions/game_2/series/home_wins_1/rest-110111/bot""]}","[1,1,1,1,0,1]","[1,1,0,1,1,1]",1,0,7,7,tie,home,0,100
2794,3,"{""single"":[""solutions/game_3/single/rest-110011/top"",""solutions/game_3/single/rest-111011/bot""],""series"":[""solutions/game_3/series/home_wins_2/rest-110011/top"",""solutions/game_3/series/home_wins_2/rest-111011/bot""]}","[1,1,0,0,1,1]","[1,1,1,0,1,1]",2,0,2,3,away_win,away,0,84
2794,4,"{""single"":[""solutions/game_4/single/rest-001100/top"",""solutions/game_4/single/rest-101110/bot""],""series"":[""solutions/game_4/series/home_wins_2/rest-001100/top"",""solutions/game_4/series/home_wins_2/rest-101110/bot""]}","[0,0,1,1,0,0]","[1,0,1,1,1,0]",2,1,1,2,away_win,away,0,74
2794,5,"{""single"":[""solutions/game_5/single/rest-111011/top"",""solutions/game_5/single/rest-011011/bot""],""series"":[""solutions/game_5/single/rest-111011/top"",""solutions/game_5/single/rest-011011/bot""]}","[1,1,1,0,1,1]","[0,1,1,0,1,1]",2,2,14,8,home_win,home,0,95
2795,1,"{""single"":[""solutions/game_1/single/rest-111111/top"",""solutions/game_1/single/rest-111111/bot""],""series"":[""solutions/game_1/series/rest-111111/top"",""solutions/game_1/series/rest-111111/bot""]}","[1,1,1,1,1,1]","[1,1,1,1,1,1]",0,0,10,2,home_win,home,0,75
2795,2,"{""single"":[""solutions/game_2/single/rest-111111/top"",""solutions/game_2/single/rest-111111/bot""],""series"":[""solutions/game_2/series/home_wins_1/rest-111111/top"",""solutions/game_2/series/home_wins_1/rest-111111/bot""]}","[1,1,1,1,1,1]","[1,1,1,1,1,1]",1,0,3,4,away_win,away,0,84
2795,3,"{""single"":[""solutions/game_3/single/rest-010001/top"",""solutions/game_3/single/rest-101011/bot""],""series"":[""solutions/game_3/series/home_wins_1/rest-010001/top"",""solutions/game_3/series/home_wins_1/rest-101011/bot""]}","[0,1,0,0,0,1]","[1,0,1,0,1,1]",1,1,2,10,away_win,away,0,89
2795,4,"{""single"":[""solutions/game_4/single/rest-110011/top"",""solutions/game_4/single/rest-110110/bot""],""series"":[""solutions/game_4/series/home_wins_1/rest-110011/top"",""solutions/game_4/series/home_wins_1/rest-110110/bot""]}","[1,1,0,0,1,1]","[1,1,0,1,1,0]",1,2,10,7,home_win,home,0,97
2795,5,"{""single"":[""solutions/game_5/single/rest-001110/top"",""solutions/game_5/single/rest-011101/bot""],""series"":[""solutions/game_5/single/rest-001110/top"",""solutions/game_5/single/rest-011101/bot""]}","[0,0,1,1,1,0]","[0,1,1,1,0,1]",2,2,5,4,home_win,home,0,83
2796,1,"{""single"":[""solutions/game_1/single/rest-111111/top"",""solutions/game_1/single/rest-111111/bot""],""series"":[""solutions/game_1/series/rest-111111/top"",""solutions/game_1/series/rest-111111/bot""]}","[1,1,1,1,1,1]","[1,1,1,1,1,1]",0,0,5,6,away_win,away,0,87
2796,2,"{""single"":[""solutions/game_2/single/rest-010011/top"",""solutions/game_2/single/rest-110010/bot""],""series"":[""solutions/game_2/series/home_wins_0/rest-010011/top"",""solutions/game_2/series/home_wins_0/rest-110010/bot""]}","[0,1,0,0,1,1]","[1,1,0,0,1,0]",0,1,7,5,home_win,home,0,87
2796,3,"{""single"":[""solutions/game_3/single/rest-111110/top"",""solutions/game_3/single/rest-111111/bot""],""series"":[""solutions/game_3/series/home_wins_1/rest-111110/top"",""solutions/game_3/series/home_wins_1/rest-111111/bot""]}","[1,1,1,1,1,0]","[1,1,1,1,1,1]",1,1,5,4,home_win,home,0,90
2796,4,"{""single"":[""solutions/game_4/single/rest-100001/top"",""solutions/game_4/single/rest-001010/bot""],""series"":[""solutions/game_4/series/home_wins_2/rest-100001/top"",""solutions/game_4/series/home_wins_2/rest-001010/bot""]}","[1,0,0,0,0,1]","[0,0,1,0,1,0]",2,1,12,4,home_win,home,0,86
2796,5,"{""single"":[""solutions/game_5/single/rest-011110/top"",""solutions/game_5/single/rest-100101/bot""],""series"":[""solutions/game_5/single/rest-011110/top"",""solutions/game_5/single/rest-100101/bot""]}","[0,1,1,1,1,0]","[1,0,0,1,0,1]",3,1,1,7,away_win,away,1,80
2797,1,"{""single"":[""solutions/game_1/single/rest-111111/top"",""solutions/game_1/single/rest-111111/bot""],""series"":[""solutions/game_1/series/rest-111111/top"",""solutions/game_1/series/rest-111111/bot""]}","[1,1,1,1,1,1]","[1,1,1,1,1,1]",0,0,4,5,away_win,away,0,87
2797,2,"{""single"":[""solutions/game_2/single/rest-010101/top"",""solutions/game_2/single/rest-101010/bot""],""series"":[""solutions/game_2/series/home_wins_0/rest-010101/top"",""solutions/game_2/series/home_wins_0/rest-101010/bot""]}","[0,1,0,1,0,1]","[1,0,1,0,1,0]",0,1,3,4,away_win,away,0,80
2797,3,"{""single"":[""solutions/game_3/single/rest-011011/top"",""solutions/game_3/single/rest-011101/bot""],""series"":[""solutions/game_3/series/home_wins_0/rest-011011/top"",""solutions/game_3/series/home_wins_0/rest-011101/bot""]}","[0,1,1,0,1,1]","[0,1,1,1,0,1]",0,2,4,6,away_win,away,0,85
2797,4,"{""single"":[""solutions/game_4/single/rest-111100/top"",""solutions/game_4/single/rest-101010/bot""],""series"":[""solutions/game_4/single/rest-111100/top"",""solutions/game_4/single/rest-101010/bot""]}","[1,1,1,1,0,0]","[1,0,1,0,1,0]",0,3,1,9,away_win,away,1,56
2797,5,"{""single"":[""solutions/game_5/single/rest-011001/top"",""solutions/game_5/single/rest-111111/bot""],""series"":[""solutions/game_5/single/rest-011001/top"",""solutions/game_5/single/rest-111111/bot""]}","[0,1,1,0,0,1]","[1,1,1,1,1,1]",0,4,4,9,away_win,away,1,88
2798,1,"{""single"":[""solutions/game_1/single/rest-111111/top"",""solutions/game_1/single/rest-111111/bot""],""series"":[""solutions/game_1/series/rest-111111/top"",""solutions/game_1/series/rest-111111/bot""]}","[1,1,1,1,1,1]","[1,1,1,1,1,1]",0,0,3,6,away_win,away,0,80
2798,2,"{""single"":[""solutions/game_2/single/rest-011011/top"",""solutions/game_2/single/rest-111110/bot""],""series"":[""solutions/game_2/series/home_wins_0/rest-011011/top"",""solutions/game_2/series/home_wins_0/rest-111110/bot""]}","[0,1,1,0,1,1]","[1,1,1,1,1,0]",0,1,1,6,away_win,away,0,78
2798,3,"{""single"":[""solutions/game_3/single/rest-110111/top"",""solutions/game_3/single/rest-111011/bot""],""series"":[""solutions/game_3/series/home_wins_0/rest-110111/top"",""solutions/game_3/series/home_wins_0/rest-111011/bot""]}","[1,1,0,1,1,1]","[1,1,1,0,1,1]",0,2,11,6,home_win,home,0,91
2798,4,"{""single"":[""solutions/game_4/single/rest-001011/top"",""solutions/game_4/single/rest-101110/bot""],""series"":[""solutions/game_4/series/home_wins_1/rest-001011/top"",""solutions/game_4/series/home_wins_1/rest-101110/bot""]}","[0,0,1,0,1,1]","[1,0,1,1,1,0]",1,2,3,7,away_win,away,0,81
2798,5,"{""single"":[""solutions/game_5/single/rest-110111/top"",""solutions/game_5/single/rest-011011/bot""],""series"":[""solutions/game_5/single/rest-110111/top"",""solutions/game_5/single/rest-011011/bot""]}","[1,1,0,1,1,1]","[0,1,1,0,1,1]",1,3,2,1,home_win,home,1,77
2799,1,"{""single"":[""solutions/game_1/single/rest-111111/top"",""solutions/game_1/single/rest-111111/bot""],""series"":[""solutions/game_1/series/rest-111111/top"",""solutions/game_1/series/rest-111111/bot""]}","[1,1,1,1,1,1]","[1,1,1,1,1,1]",0,0,5,3,home_win,home,0,83
2799,2,"{""single"":[""solutions/game_2/single/rest-011011/top"",""solutions/game_2/single/rest-001011/bot""],""series"":[""solutions/game_2/series/home_wins_1/rest-011011/top"",""solutions/game_2/series/home_wins_1/rest-001011/bot""]}","[0,1,1,0,1,1]","[0,0,1,0,1,1]",1,0,3,5,away_win,away,0,83
2799,3,"{""single"":[""solutions/game_3/single/rest-110100/top"",""solutions/game_3/single/rest-110110/bot""],""series"":[""solutions/game_3/series/home_wins_1/rest-110100/top"",""solutions/game_3/series/home_wins_1/rest-110110/bot""]}","[1,1,0,1,0,0]","[1,1,0,1,1,0]",1,1,2,4,away_win,away,0,89
2799,4,"{""single"":[""solutions/game_4/single/rest-011001/top"",""solutions/game_4/single/rest-101101/bot""],""series"":[""solutions/game_4/series/home_wins_1/rest-011001/top"",""solutions/game_4/series/home_wins_1/rest-101101/bot""]}","[0,1,1,0,0,1]","[1,0,1,1,0,1]",1,2,8,13,away_win,away,0,108
2799,5,"{""single"":[""solutions/game_5/single/rest-100111/top"",""solutions/game_5/single/rest-110010/bot""],""series"":[""solutions/game_5/single/rest-100111/top"",""solutions/game_5/single/rest-110010/bot""]}","[1,0,0,1,1,1]","[1,1,0,0,1,0]",1,3,7,6,home_win,home,1,85
2800,1,"{""single"":[""solutions/game_1/single/rest-111111/top"",""solutions/game_1/single/rest-111111/bot""],""series"":[""solutions/game_1/series/rest-111111/top"",""solutions/game_1/series/rest-111111/bot""]}","[1,1,1,1,1,1]","[1,1,1,1,1,1]",0,0,8,0,home_win,home,0,44
2800,2,"{""single"":[""solutions/game_2/single/rest-111111/top"",""solutions/game_2/single/rest-111111/bot""],""series"":[""solutions/game_2/series/home_wins_1/rest-111111/top"",""solutions/game_2/series/home_wins_1/rest-111111/bot""]}","[1,1,1,1,1,1]","[1,1,1,1,1,1]",1,0,6,5,home_win,home,0,80
2800,3,"{""single"":[""solutions/game_3/single/rest-110001/top"",""solutions/game_3/single/rest-101111/bot""],""series"":[""solutions/game_3/series/home_wins_2/rest-110001/top"",""solutions/game_3/series/home_wins_2/rest-101111/bot""]}","[1,1,0,0,0,1]","[1,0,1,1,1,1]",2,0,3,4,away_win,away,0,79
2800,4,"{""single"":[""solutions/game_4/single/rest-011111/top"",""solutions/game_4/single/rest-110011/bot""],""series"":[""solutions/game_4/series/home_wins_2/rest-011111/top"",""solutions/game_4/series/home_wins_2/rest-110011/bot""]}","[0,1,1,1,1,1]","[1,1,0,0,1,1]",2,1,3,11,away_win,away,0,44
2800,5,"{""single"":[""solutions/game_5/single/rest-111111/top"",""solutions/game_5/single/rest-111111/bot""],""series"":[""solutions/game_5/single/rest-111111/top"",""solutions/game_5/single/rest-111111/bot""]}","[1,1,1,1,1,1]","[1,1,1,1,1,1]",2,2,7,4,home_win,home,0,90
2801,1,"{""single"":[""solutions/game_1/single/rest-111111/top"",""solutions/game_1/single/rest-111111/bot""],""series"":[""solutions/game_1/series/rest-111111/top"",""solutions/game_1/series/rest-111111/bot""]}","[1,1,1,1,1,1]","[1,1,1,1,1,1]",0,0,4,3,home_win,home,0,75
2801,2,"{""single"":[""solutions/game_2/single/rest-010011/top"",""solutions/game_2/single/rest-011110/bot""],""series"":[""solutions/game_2/series/home_wins_1/rest-010011/top"",""solutions/game_2/series/home_wins_1/rest-011110/bot""]}","[0,1,0,0,1,1]","[0,1,1,1,1,0]",1,0,0,4,away_win,away,0,76
2801,3,"{""single"":[""solutions/game_3/single/rest-101111/top"",""solutions/game_3/single/rest-101101/bot""],""series"":[""solutions/game_3/series/home_wins_1/rest-101111/top"",""solutions/game_3/series/home_wins_1/rest-101101/bot""]}","[1,0,1,1,1,1]","[1,0,1,1,0,1]",1,1,10,9,home_win,home,0,100
2801,4,"{""single"":[""solutions/game_4/single/rest-111001/top"",""solutions/game_4/single/rest-110010/bot""],""series"":[""solutions/game_4/series/home_wins_2/rest-111001/top"",""solutions/game_4/series/home_wins_2/rest-110010/bot""]}","[1,1,1,0,0,1]","[1,1,0,0,1,0]",2,1,8,6,home_win,home,0,91
2801,5,"{""single"":[""solutions/game_5/single/rest-000110/top"",""solutions/game_5/single/rest-001001/bot""],""series"":[""solutions/game_5/single/rest-000110/top"",""solutions/game_5/single/rest-001001/bot""]}","[0,0,0,1,1,0]","[0,0,1,0,0,1]",3,1,5,7,away_win,away,1,97
2802,1,"{""single"":[""solutions/game_1/single/rest-111111/top"",""solutions/game_1/single/rest-111111/bot""],""series"":[""solutions/game_1/series/rest-111111/top"",""solutions/game_1/series/rest-111111/bot""]}","[1,1,1,1,1,1]","[1,1,1,1,1,1]",0,0,4,5,away_win,away,0,81
2802,2,"{""single"":[""solutions/game_2/single/rest-011101/top"",""solutions/game_2/single/rest-101111/bot""],""series"":[""solutions/game_2/series/home_wins_0/rest-011101/top"",""solutions/game_2/series/home_wins_0/rest-101111/bot""]}","[0,1,1,1,0,1]","[1,0,1,1,1,1]",0,1,2,4,away_win,away,0,81
2802,3,"{""single"":[""solutions/game_3/single/rest-110010/top"",""solutions/game_3/single/rest-010011/bot""],""series"":[""solutions/game_3/series/home_wins_0/rest-110010/top"",""solutions/game_3/series/home_wins_0/rest-010011/bot""]}","[1,1,0,0,1,0]","[0,1,0,0,1,1]",0,2,12,6,home_win,home,0,90
2802,4,"{""single"":[""solutions/game_4/single/rest-111111/top"",""solutions/game_4/single/rest-101011/bot""],""series"":[""solutions/game_4/series/home_wins_1/rest-111111/top"",""solutions/game_4/series/home_wins_1/rest-101011/bot""]}","[1,1,1,1,1,1]","[1,0,1,0,1,1]",1,2,7,7,tie,home,0,93
2802,5,"{""single"":[""solutions/game_5/single/rest-010011/top"",""solutions/game_5/single/rest-110100/bot""],""series"":[""solutions/game_5/single/rest-010011/top"",""solutions/game_5/single/rest-110100/bot""]}","[0,1,0,0,1,1]","[1,1,0,1,0,0]",2,2,15,13,home_win,home,0,108
2803,1,"{""single"":[""solutions/game_1/single/rest-111111/top"",""solutions/game_1/single/rest-111111/bot""],""series"":[""solutions/game_1/series/rest-111111/top"",""solutions/game_1/series/rest-111111/bot""]}","[1,1,1,1,1,1]","[1,1,1,1,1,1]",0,0,4,3,home_win,home,0,85
2803,2,"{""single"":[""solutions/game_2/single/rest-010101/top"",""solutions/game_2/single/rest-111010/bot""],""series"":[""solutions/game_2/series/home_wins_1/rest-010101/top"",""solutions/game_2/series/home_wins_1/rest-111010/bot""]}","[0,1,0,1,0,1]","[1,1,1,0,1,0]",1,0,2,0,home_win,home,0,70
2803,3,"{""single"":[""solutions/game_3/single/rest-111010/top"",""solutions/game_3/single/rest-110101/bot""],""series"":[""solutions/game_3/series/home_wins_2/rest-111010/top"",""solutions/game_3/series/home_wins_2/rest-110101/bot""]}","[1,1,1,0,1,0]","[1,1,0,1,0,1]",2,0,3,2,home_win,home,0,74
2803,4,"{""single"":[""solutions/game_4/single/rest-011101/top"",""solutions/game_4/single/rest-001011/bot""],""series"":[""solutions/game_4/single/rest-011101/top"",""solutions/game_4/single/rest-001011/bot""]}","[0,1,1,1,0,1]","[0,0,1,0,1,1]",3,0,6,9,away_win,away,1,89
2803,5,"{""single"":[""solutions/game_5/single/rest-100010/top"",""solutions/game_5/single/rest-100110/bot""],""series"":[""solutions/game_5/single/rest-100010/top"",""solutions/game_5/single/rest-100110/bot""]}","[1,0,0,0,1,0]","[1,0,0,1,1,0]",3,1,1,9,away_win,away,1,52
2804,1,"{""single"":[""solutions/game_1/single/rest-111111/top"",""solutions/game_1/single/rest-111111/bot""],""series"":[""solutions/game_1/series/rest-111111/top"",""solutions/game_1/series/rest-111111/bot""]}","[1,1,1,1,1,1]","[1,1,1,1,1,1]",0,0,1,2,away_win,away,0,76
2804,2,"{""single"":[""solutions/game_2/single/rest-110101/top"",""solutions/game_2/single/rest-101011/bot""],""series"":[""solutions/game_2/series/home_wins_0/rest-110101/top"",""solutions/game_2/series/home_wins_0/rest-101011/bot""]}","[1,1,0,1,0,1]","[1,0,1,0,1,1]",0,1,4,2,home_win,home,0,78
2804,3,"{""single"":[""solutions/game_3/single/rest-011011/top"",""solutions/game_3/single/rest-111110/bot""],""series"":[""solutions/game_3/series/home_wins_1/rest-011011/top"",""solutions/game_3/series/home_wins_1/rest-111110/bot""]}","[0,1,1,0,1,1]","[1,1,1,1,1,0]",1,1,6,5,home_win,home,0,88
2804,4,"{""single"":[""solutions/game_4/single/rest-111101/top"",""solutions/game_4/single/rest-110011/bot""],""series"":[""solutions/game_4/series/home_wins_2/rest-111101/top"",""solutions/game_4/series/home_wins_2/rest-110011/bot""]}","[1,1,1,1,0,1]","[1,1,0,0,1,1]",2,1,3,6,away_win,away,0,86
2804,5,"{""single"":[""solutions/game_5/single/rest-001010/top"",""solutions/game_5/single/rest-001101/bot""],""series"":[""solutions/game_5/single/rest-001010/top"",""solutions/game_5/single/rest-001101/bot""]}","[0,0,1,0,1,0]","[0,0,1,1,0,1]",2,2,9,5,home_win,home,0,90
2805,1,"{""single"":[""solutions/game_1/single/rest-111111/top"",""solutions/game_1/single/rest-111111/bot""],""series"":[""solutions/game_1/series/rest-111111/top"",""solutions/game_1/series/rest-111111/bot""]}","[1,1,1,1,1,1]","[1,1,1,1,1,1]",0,0,6,1,home_win,home,0,78
2805,2,"{""single"":[""solutions/game_2/single/rest-011000/top"",""solutions/game_2/single/rest-110111/bot""],""series"":[""solutions/game_2/series/home_wins_1/rest-011000/top"",""solutions/game_2/series/home_wins_1/rest-110111/bot""]}","[0,1,1,0,0,0]","[1,1,0,1,1,1]",1,0,6,10,away_win,away,0,93
2805,3,"{""single"":[""solutions/game_3/single/rest-100111/top"",""solutions/game_3/single/rest-011101/bot""],""series"":[""solutions/game_3/series/home_wins_1/rest-100111/top"",""solutions/game_3/series/home_wins_1/rest-011101/bot""]}","[1,0,0,1,1,1]","[0,1,1,1,0,1]",1,1,3,6,away_win,away,0,81
2805,4,"{""single"":[""solutions/game_4/single/rest-010011/top"",""solutions/game_4/single/rest-110111/bot""],""series"":[""solutions/game_4/series/home_wins_1/rest-010011/top"",""solutions/game_4/series/home_wins_1/rest-110111/bot""]}","[0,1,0,0,1,1]","[1,1,0,1,1,1]",1,2,4,7,away_win,away,0,86
2805,5,"{""single"":[""solutions/game_5/single/rest-101110/top"",""solutions/game_5/single/rest-001011/bot""],""series"":[""solutions/game_5/single/rest-101110/top"",""solutions/game_5/single/rest-001011/bot""]}","[1,0,1,1,1,0]","[0,0,1,0,1,1]",1,3,1,10,away_win,away,1,35
2806,1,"{""single"":[""solutions/game_1/single/rest-111111/top"",""solutions/game_1/single/rest-111111/bot""],""series"":[""solutions/game_1/series/rest-111111/top"",""solutions/game_1/series/rest-111111/bot""]}","[1,1,1,1,1,1]","[1,1,1,1,1,1]",0,0,5,6,away_win,away,0,86
2806,2,"{""single"":[""solutions/game_2/single/rest-111011/top"",""solutions/game_2/single/rest-010010/bot""],""series"":[""solutions/game_2/series/home_wins_0/rest-111011/top"",""solutions/game_2/series/home_wins_0/rest-010010/bot""]}","[1,1,1,0,1,1]","[0,1,0,0,1,0]",0,1,0,3,away_win,away,0,78
2806,3,"{""single"":[""solutions/game_3/single/rest-110101/top"",""solutions/game_3/single/rest-001101/bot""],""series"":[""solutions/game_3/series/home_wins_0/rest-110101/top"",""solutions/game_3/series/home_wins_0/rest-001101/bot""]}","[1,1,0,1,0,1]","[0,0,1,1,0,1]",0,2,0,7,away_win,away,0,81
2806,4,"{""single"":[""solutions/game_4/single/rest-011010/top"",""solutions/game_4/single/rest-111000/bot""],""series"":[""solutions/game_4/single/rest-011010/top"",""solutions/game_4/single/rest-111000/bot""]}","[0,1,1,0,1,0]","[1,1,1,0,0,0]",0,3,4,8,away_win,away,1,94
2806,5,"{""single"":[""solutions/game_5/single/rest-100111/top"",""solutions/game_5/single/rest-010111/bot""],""series"":[""solutions/game_5/single/rest-100111/top"",""solutions/game_5/single/rest-010111/bot""]}","[1,0,0,1,1,1]","[0,1,0,1,1,1]",0,4,5,8,away_win,away,1,95
2807,1,"{""single"":[""solutions/game_1/single/rest-111111/top"",""solutions/game_1/single/rest-111111/bot""],""series"":[""solutions/game_1/series/rest-111111/top"",""solutions/game_1/series/rest-111111/bot""]}","[1,1,1,1,1,1]","[1,1,1,1,1,1]",0,0,7,3,home_win,home,0,77
2807,2,"{""single"":[""solutions/game_2/single/rest-110011/top"",""solutions/game_2/single/rest-110011/bot""],""series"":[""solutions/game_2/series/home_wins_1/rest-110011/top"",""solutions/game_2/series/home_wins_1/rest-110011/bot""]}","[1,1,0,0,1,1]","[1,1,0,0,1,1]",1,0,4,6,away_win,away,0,78
2807,3,"{""single"":[""solutions/game_3/single/rest-001100/top"",""solutions/game_3/single/rest-011110/bot""],""series"":[""solutions/game_3/series/home_wins_1/rest-001100/top"",""solutions/game_3/series/home_wins_1/rest-011110/bot""]}","[0,0,1,1,0,0]","[0,1,1,1,1,0]",1,1,8,10,away_win,away,0,97
2807,4,"{""single"":[""solutions/game_4/single/rest-110011/top"",""solutions/game_4/single/rest-000110/bot""],""series"":[""solutions/game_4/series/home_wins_1/rest-110011/top"",""solutions/game_4/series/home_wins_1/rest-000110/bot""]}","[1,1,0,0,1,1]","[0,0,0,1,1,0]",1,2,6,5,home_win,home,0,86
2807,5,"{""single"":[""solutions/game_5/single/rest-001101/top"",""solutions/game_5/single/rest-111001/bot""],""series"":[""solutions/game_5/single/rest-001101/top"",""solutions/game_5/single/rest-111001/bot""]}","[0,0,1,1,0,1]","[1,1,1,0,0,1]",2,2,9,12,away_win,away,0,99
2808,1,"{""single"":[""solutions/game_1/single/rest-111111/top"",""solutions/game_1/single/rest-111111/bot""],""series"":[""solutions/game_1/series/rest-111111/top"",""solutions/game_1/series/rest-111111/bot""]}","[1,1,1,1,1,1]","[1,1,1,1,1,1]",0,0,5,1,home_win,home,0,81
2808,2,"{""single"":[""solutions/game_2/single/rest-110001/top"",""solutions/game_2/single/rest-111001/bot""],""series"":[""solutions/game_2/series/home_wins_1/rest-110001/top"",""solutions/game_2/series/home_wins_1/rest-111001/bot""]}","[1,1,0,0,0,1]","[1,1,1,0,0,1]",1,0,4,7,away_win,away,0,96
2808,3,"{""single"":[""solutions/game_3/single/rest-010110/top"",""solutions/game_3/single/rest-100111/bot""],""series"":[""solutions/game_3/series/home_wins_1/rest-010110/top"",""solutions/game_3/series/home_wins_1/rest-100111/bot""]}","[0,1,0,1,1,0]","[1,0,0,1,1,1]",1,1,3,8,away_win,away,0,88
2808,4,"{""single"":[""solutions/game_4/single/rest-111000/top"",""solutions/game_4/single/rest-101100/bot""],""series"":[""solutions/game_4/series/home_wins_1/rest-111000/top"",""solutions/game_4/series/home_wins_1/rest-101100/bot""]}","[1,1,1,0,0,0]","[1,0,1,1,0,0]",1,2,2,6,away_win,away,0,82
2808,5,"{""single"":[""solutions/game_5/single/rest-110111/top"",""solutions/game_5/single/rest-010011/bot""],""series"":[""solutions/game_5/single/rest-110111/top"",""solutions/game_5/single/rest-010011/bot""]}","[1,1,0,1,1,1]","[0,1,0,0,1,1]",1,3,1,2,away_win,away,1,77
2809,1,"{""single"":[""solutions/game_1/single/rest-111111/top"",""solutions/game_1/single/rest-111111/bot""],""series"":[""solutions/game_1/series/rest-111111/top"",""solutions/game_1/series/rest-111111/bot""]}","[1,1,1,1,1,1]","[1,1,1,1,1,1]",0,0,2,1,home_win,home,0,73
2809,2,"{""single"":[""solutions/game_2/single/rest-010011/top"",""solutions/game_2/single/rest-111110/bot""],""series"":[""solutions/game_2/series/home_wins_1/rest-010011/top"",""solutions/game_2/series/home_wins_1/rest-111110/bot""]}","[0,1,0,0,1,1]","[1,1,1,1,1,0]",1,0,2,10,away_win,away,0,59
2809,3,"{""single"":[""solutions/game_3/single/rest-101101/top"",""solutions/game_3/single/rest-111111/bot""],""series"":[""solutions/game_3/series/home_wins_1/rest-101101/top"",""solutions/game_3/series/home_wins_1/rest-111111/bot""]}","[1,0,1,1,0,1]","[1,1,1,1,1,1]",1,1,3,7,away_win,away,0,84
2809,4,"{""single"":[""solutions/game_4/single/rest-011011/top"",""solutions/game_4/single/rest-111110/bot""],""series"":[""solutions/game_4/series/home_wins_1/rest-011011/top"",""solutions/game_4/series/home_wins_1/rest-111110/bot""]}","[0,1,1,0,1,1]","[1,1,1,1,1,0]",1,2,2,10,away_win,away,0,73
2809,5,"{""single"":[""solutions/game_5/single/rest-110110/top"",""solutions/game_5/single/rest-001111/bot""],""series"":[""solutions/game_5/single/rest-110110/top"",""solutions/game_5/single/rest-001111/bot""]}","[1,1,0,1,1,0]","[0,0,1,1,1,1]",1,3,5,1,home_win,home,1,74
2810,1,"{""single"":[""solutions/game_1/single/rest-111111/top"",""solutions/game_1/single/rest-111111/bot""],""series"":[""solutions/game_1/series/rest-111111/top"",""solutions/game_1/series/rest-111111/bot""]}","[1,1,1,1,1,1]","[1,1,1,1,1,1]",0,0,5,6,away_win,away,0,86
2810,2,"{""single"":[""solutions/game_2/single/rest-010001/top"",""solutions/game_2/single/rest-101011/bot""],""series"":[""solutions/game_2/series/home_wins_0/rest-010001/top"",""solutions/game_2/series/home_wins_0/rest-101011/bot""]}","[0,1,0,0,0,1]","[1,0,1,0,1,1]",0,1,0,7,away_win,away,0,81
2810,3,"{""single"":[""solutions/game_3/single/rest-001110/top"",""solutions/game_3/single/rest-111111/bot""],""series"":[""solutions/game_3/series/home_wins_0/rest-001110/top"",""solutions/game_3/series/home_wins_0/rest-111111/bot""]}","[0,0,1,1,1,0]","[1,1,1,1,1,1]",0,2,0,9,away_win,away,0,28
2810,4,"{""single"":[""solutions/game_4/single/rest-111111/top"",""solutions/game_4/single/rest-111111/bot""],""series"":[""solutions/game_4/single/rest-111111/top"",""solutions/game_4/single/rest-111111/bot""]}","[1,1,1,1,1,1]","[1,1,1,1,1,1]",0,3,5,9,away_win,away,1,96
2810,5,"{""single"":[""solutions/game_5/single/rest-010011/top"",""solutions/game_5/single/rest-001100/bot""],""series"":[""solutions/game_5/single/rest-010011/top"",""solutions/game_5/single/rest-001100/bot""]}","[0,1,0,0,1,1]","[0,0,1,1,0,0]",0,4,11,3,home_win,home,1,80
2811,1,"{""single"":[""solutions/game_1/single/rest-111111/top"",""solutions/game_1/single/rest-111111/bot""],""series"":[""solutions/game_1/series/rest-111111/top"",""solutions/game_1/series/rest-111111/bot""]}","[1,1,1,1,1,1]","[1,1,1,1,1,1]",0,0,5,3,home_win,home,0,72
2811,2,"{""single"":[""solutions/game_2/single/rest-110001/top"",""solutions/game_2/single/rest-111100/bot""],""series"":[""solutions/game_2/series/home_wins_1/rest-110001/top"",""solutions/game_2/series/home_wins_1/rest-111100/bot""]}","[1,1,0,0,0,1]","[1,1,1,1,0,0]",1,0,6,5,home_win,home,0,98
2811,3,"{""single"":[""solutions/game_3/single/rest-011100/top"",""solutions/game_3/single/rest-001011/bot""],""series"":[""solutions/game_3/series/home_wins_2/rest-011100/top"",""solutions/game_3/series/home_wins_2/rest-001011/bot""]}","[0,1,1,1,0,0]","[0,0,1,0,1,1]",2,0,4,1,home_win,home,0,67
2811,4,"{""single"":[""solutions/game_4/single/rest-110010/top"",""solutions/game_4/single/rest-111011/bot""],""series"":[""solutions/game_4/single/rest-110010/top"",""solutions/game_4/single/rest-111011/bot""]}","[1,1,0,0,1,0]","[1,1,1,0,1,1]",3,0,4,3,home_win,home,1,86
2811,5,"{""single"":[""solutions/game_5/single/rest-001101/top"",""solutions/game_5/single/rest-000111/bot""],""series"":[""solutions/game_5/single/rest-001101/top"",""solutions/game_5/single/rest-000111/bot""]}","[0,0,1,1,0,1]","[0,0,0,1,1,1]",4,0,2,0,home_win,home,1,66
2812,1,"{""single"":[""solutions/game_1/single/rest-111111/top"",""solutions/game_1/single/rest-111111/bot""],""series"":[""solutions/game_1/series/rest-111111/top"",""solutions/game_1/series/rest-111111/bot""]}","[1,1,1,1,1,1]","[1,1,1,1,1,1]",0,0,1,2,away_win,away,0,83
2812,2,"{""single"":[""solutions/game_2/single/rest-110001/top"",""solutions/game_2/single/rest-111110/bot""],""series"":[""solutions/game_2/series/home_wins_0/rest-110001/top"",""solutions/game_2/series/home_wins_0/rest-111110/bot""]}","[1,1,0,0,0,1]","[1,1,1,1,1,0]",0,1,4,12,away_win,away,0,75
2812,3,"{""single"":[""solutions/game_3/single/rest-011111/top"",""solutions/game_3/single/rest-110111/bot""],""series"":[""solutions/game_3/series/home_wins_0/rest-011111/top"",""solutions/game_3/series/home_wins_0/rest-110111/bot""]}","[0,1,1,1,1,1]","[1,1,0,1,1,1]",0,2,5,2,home_win,home,0,77
2812,4,"{""single"":[""solutions/game_4/single/rest-100001/top"",""solutions/game_4/single/rest-111101/bot""],""series"":[""solutions/game_4/series/home_wins_1/rest-100001/top"",""solutions/game_4/series/home_wins_1/rest-111101/bot""]}","[1,0,0,0,0,1]","[1,1,1,1,0,1]",1,2,4,3,home_win,home,0,83
2812,5,"{""single"":[""solutions/game_5/single/rest-011110/top"",""solutions/game_5/single/rest-001010/bot""],""series"":[""solutions/game_5/single/rest-011110/top"",""solutions/game_5/single/rest-001010/bot""]}","[0,1,1,1,1,0]","[0,0,1,0,1,0]",2,2,5,6,away_win,away,0,97
2813,1,"{""single"":[""solutions/game_1/single/rest-111111/top"",""solutions/game_1/single/rest-111111/bot""],""series"":[""solutions/game_1/series/rest-111111/top"",""solutions/game_1/series/rest-111111/bot""]}","[1,1,1,1,1,1]","[1,1,1,1,1,1]",0,0,2,7,away_win,away,0,86
2813,2,"{""single"":[""solutions/game_2/single/rest-110011/top"",""solutions/game_2/single/rest-111101/bot""],""series"":[""solutions/game_2/series/home_wins_0/rest-110011/top"",""solutions/game_2/series/home_wins_0/rest-111101/bot""]}","[1,1,0,0,1,1]","[1,1,1,1,0,1]",0,1,8,7,home_win,home,0,90
2813,3,"{""single"":[""solutions/game_3/single/rest-001101/top"",""solutions/game_3/single/rest-010010/bot""],""series"":[""solutions/game_3/series/home_wins_1/rest-001101/top"",""solutions/game_3/series/home_wins_1/rest-010010/bot""]}","[0,0,1,1,0,1]","[0,1,0,0,1,0]",1,1,5,4,home_win,home,0,90
2813,4,"{""single"":[""solutions/game_4/single/rest-110010/top"",""solutions/game_4/single/rest-111111/bot""],""series"":[""solutions/game_4/series/home_wins_2/rest-110010/top"",""solutions/game_4/series/home_wins_2/rest-111111/bot""]}","[1,1,0,0,1,0]","[1,1,1,1,1,1]",2,1,5,0,home_win,home,0,76
2813,5,"{""single"":[""solutions/game_5/single/rest-001101/top"",""solutions/game_5/single/rest-100110/bot""],""series"":[""solutions/game_5/single/rest-001101/top"",""solutions/game_5/single/rest-100110/bot""]}","[0,0,1,1,0,1]","[1,0,0,1,1,0]",3,1,3,5,away_win,away,1,78
2814,1,"{""single"":[""solutions/game_1/single/rest-111111/top"",""solutions/game_1/single/rest-111111/bot""],""series"":[""solutions/game_1/series/rest-111111/top"",""solutions/game_1/series/rest-111111/bot""]}","[1,1,1,1,1,1]","[1,1,1,1,1,1]",0,0,4,8,away_win,away,0,83
2814,2,"{""single"":[""solutions/game_2/single/rest-110101/top"",""solutions/game_2/single/rest-010111/bot""],""series"":[""solutions/game_2/series/home_wins_0/rest-110101/top"",""solutions/game_2/series/home_wins_0/rest-010111/bot""]}","[1,1,0,1,0,1]","[0,1,0,1,1,1]",0,1,4,3,home_win,home,0,77
2814,3,"{""single"":[""solutions/game_3/single/rest-011011/top"",""solutions/game_3/single/rest-001100/bot""],""series"":[""solutions/game_3/series/home_wins_1/rest-011011/top"",""solutions/game_3/series/home_wins_1/rest-001100/bot""]}","[0,1,1,0,1,1]","[0,0,1,1,0,0]",1,1,3,4,away_win,away,0,83
2814,4,"{""single"":[""solutions/game_4/single/rest-110100/top"",""solutions/game_4/single/rest-111111/bot""],""series"":[""solutions/game_4/series/home_wins_1/rest-110100/top"",""solutions/game_4/series/home_wins_1/rest-111111/bot""]}","[1,1,0,1,0,0]","[1,1,1,1,1,1]",1,2,5,6,away_win,away,0,79
2814,5,"{""single"":[""solutions/game_5/single/rest-011111/top"",""solutions/game_5/single/rest-111011/bot""],""series"":[""solutions/game_5/single/rest-011111/top"",""solutions/game_5/single/rest-111011/bot""]}","[0,1,1,1,1,1]","[1,1,1,0,1,1]",1,3,4,15,away_win,away,1,89
2815,1,"{""single"":[""solutions/game_1/single/rest-111111/top"",""solutions/game_1/single/rest-111111/bot""],""series"":[""solutions/game_1/series/rest-111111/top"",""solutions/game_1/series/rest-111111/bot""]}","[1,1,1,1,1,1]","[1,1,1,1,1,1]",0,0,7,10,away_win,away,0,93
2815,2,"{""single"":[""solutions/game_2/single/rest-010001/top"",""solutions/game_2/single/rest-001010/bot""],""series"":[""solutions/game_2/series/home_wins_0/rest-010001/top"",""solutions/game_2/series/home_wins_0/rest-001010/bot""]}","[0,1,0,0,0,1]","[0,0,1,0,1,0]",0,1,5,4,home_win,home,0,77
2815,3,"{""single"":[""solutions/game_3/single/rest-101110/top"",""solutions/game_3/single/rest-110100/bot""],""series"":[""solutions/game_3/series/home_wins_1/rest-101110/top"",""solutions/game_3/series/home_wins_1/rest-110100/bot""]}","[1,0,1,1,1,0]","[1,1,0,1,0,0]",1,1,4,7,away_win,away,0,84
2815,4,"{""single"":[""solutions/game_4/single/rest-010001/top"",""solutions/game_4/single/rest-101001/bot""],""series"":[""solutions/game_4/series/home_wins_1/rest-010001/top"",""solutions/game_4/series/home_wins_1/rest-101001/bot""]}","[0,1,0,0,0,1]","[1,0,1,0,0,1]",1,2,9,17,away_win,away,0,107
2815,5,"{""single"":[""solutions/game_5/single/rest-110110/top"",""solutions/game_5/single/rest-010111/bot""],""series"":[""solutions/game_5/single/rest-110110/top"",""solutions/game_5/single/rest-010111/bot""]}","[1,1,0,1,1,0]","[0,1,0,1,1,1]",1,3,3,12,away_win,away,1,82
2816,1,"{""single"":[""solutions/game_1/single/rest-111111/top"",""solutions/game_1/single/rest-111111/bot""],""series"":[""solutions/game_1/series/rest-111111/top"",""solutions/game_1/series/rest-111111/bot""]}","[1,1,1,1,1,1]","[1,1,1,1,1,1]",0,0,2,2,tie,away,0,83
2816,2,"{""single"":[""solutions/game_2/single/rest-000011/top"",""solutions/game_2/single/rest-011111/bot""],""series"":[""solutions/game_2/series/home_wins_0/rest-000011/top"",""solutions/game_2/series/home_wins_0/rest-011111/bot""]}","[0,0,0,0,1,1]","[0,1,1,1,1,1]",0,1,8,0,home_win,home,0,45
2816,3,"{""single"":[""solutions/game_3/single/rest-111111/top"",""solutions/game_3/single/rest-111111/bot""],""series"":[""solutions/game_3/series/home_wins_1/rest-111111/top"",""solutions/game_3/series/home_wins_1/rest-111111/bot""]}","[1,1,1,1,1,1]","[1,1,1,1,1,1]",1,1,6,5,home_win,home,0,83
2816,4,"{""single"":[""solutions/game_4/single/rest-000011/top"",""solutions/game_4/single/rest-011011/bot""],""series"":[""solutions/game_4/series/home_wins_2/rest-000011/top"",""solutions/game_4/series/home_wins_2/rest-011011/bot""]}","[0,0,0,0,1,1]","[0,1,1,0,1,1]",2,1,5,4,home_win,home,0,79
2816,5,"{""single"":[""solutions/game_5/single/rest-111101/top"",""solutions/game_5/single/rest-111110/bot""],""series"":[""solutions/game_5/single/rest-111101/top"",""solutions/game_5/single/rest-111110/bot""]}","[1,1,1,1,0,1]","[1,1,1,1,1,0]",3,1,4,7,away_win,away,1,93
