sequence,game,policies,home_initial_rest,away_initial_rest,home_wins_before,away_wins_before,home_score,away_score,terminal_result,winner,post_clinch,decisions
44033,1,"{""series"":[""solutions/game_1/series/rest-111111/top"",""solutions/game_1/series/rest-111111/bot""]}","[1,1,1,1,1,1]","[1,1,1,1,1,1]",0,0,3,9,away_win,away,0,88
44033,2,"{""series"":[""solutions/game_2/series/home_wins_0/rest-111111/top"",""solutions/game_2/series/home_wins_0/rest-101101/bot""]}","[1,1,1,1,1,1]","[1,0,1,1,0,1]",0,1,3,0,home_win,home,0,77
44033,3,"{""series"":[""solutions/game_3/series/home_wins_1/rest-111101/top"",""solutions/game_3/series/home_wins_1/rest-010111/bot""]}","[1,1,1,1,0,1]","[0,1,0,1,1,1]",1,1,2,1,home_win,home,0,65
44033,4,"{""series"":[""solutions/game_4/series/home_wins_2/rest-110011/top"",""solutions/game_4/series/home_wins_2/rest-101110/bot""]}","[1,1,0,0,1,1]","[1,0,1,1,1,0]",2,1,0,9,away_win,away,0,10
44033,5,"{""series"":[""solutions/game_5/single/rest-111111/top"",""solutions/game_5/single/rest-111111/bot""]}","[1,1,1,1,1,1]","[1,1,1,1,1,1]",2,2,1,5,away_win,away,0,81
44034,1,"{""series"":[""solutions/game_1/series/rest-111111/top"",""solutions/game_1/series/rest-111111/bot""]}","[1,1,1,1,1,1]","[1,1,1,1,1,1]",0,0,5,4,home_win,home,0,87
44034,2,"{""series"":[""solutions/game_2/series/home_wins_1/rest-011011/top"",""solutions/game_2/series/home_wins_1/rest-001011/bot""]}","[0,1,1,0,1,1]","[0,0,1,0,1,1]",1,0,1,10,away_win,away,0,81
44034,3,"{""series"":[""solutions/game_3/series/home_wins_1/rest-101111/top"",""solutions/game_3/series/home_wins_1/rest-111101/bot""]}","[1,0,1,1,1,1]","[1,1,1,1,0,1]",1,1,7,3,home_win,home,0,78
44034,4,"{""series"":[""solutions/game_4/series/home_wins_2/rest-111110/top"",""solutions/game_4/series/home_wins_2/rest-110110/bot""]}","[1,1,1,1,1,0]","[1,1,0,1,1,0]",2,1,5,8,away_win,away,0,86
44034,5,"{""series"":[""solutions/game_5/single/rest-011001/top"",""solutions/game_5/single/rest-101011/bot""]}","[0,1,1,0,0,1]","[1,0,1,0,1,1]",2,2,4,0,home_win,home,0,74
44035,1,"{""series"":[""solutions/game_1/series/rest-111111/top"",""solutions/game_1/series/rest-111111/bot""]}","[1,1,1,1,1,1]","[1,1,1,1,1,1]",0,0,6,9,away_win,away,0,90
44035,2,"{""series"":[""solutions/game_2/series/home_wins_0/rest-111100/top"",""solutions/game_2/series/home_wins_0/rest-011110/bot""]}","[1,1,1,1,0,0]","[0,1,1,1,1,0]",0,1,8,4,home_win,home,0,87
44035,3,"{""series"":[""solutions/game_3/series/home_wins_1/rest-011100/top"",""solutions/game_3/series/home_wins_1/rest-110110/bot""]}","[0,1,1,1,0,0]","[1,1,0,1,1,0]",1,1,3,6,away_win,away,0,79
44035,4,"{""series"":[""solutions/game_4/series/home_wins_1/rest-101011/top"",""solutions/game_4/series/home_wins_1/rest-011111/bot""]}","[1,0,1,0,1,1]","[0,1,1,1,1,1]",1,2,4,2,home_win,home,0,75
44035,5,"{""series"":[""solutions/game_5/single/rest-110001/top"",""solutions/game_5/single/rest-011001/bot""]}","[1,1,0,0,0,1]","[0,1,1,0,0,1]",2,2,4,3,home_win,home,0,80
44036,1,"{""series"":[""solutions/game_1/series/rest-111111/top"",""solutions/game_1/series/rest-111111/bot""]}","[1,1,1,1,1,1]","[1,1,1,1,1,1]",0,0,1,0,home_win,home,0,71
44036,2,"{""series"":[""solutions/game_2/series/home_wins_1/rest-111101/top"",""solutions/game_2/series/home_wins_1/rest-001111/bot""]}","[1,1,1,1,0,1]","[0,0,1,1,1,1]",1,0,5,3,home_win,home,0,76
44036,3,"{""series"":[""solutions/game_3/series/home_wins_2/rest-010011/top"",""solutions/game_3/series/home_wins_2/rest-111111/bot""]}","[0,1,0,0,1,1]","[1,1,1,1,1,1]",2,0,9,8,home_win,home,0,92
44036,4,"{""series"":[""solutions/game_4/single/rest-111110/top"",""solutions/game_4/single/rest-011001/bot""]}","[1,1,1,1,1,0]","[0,1,1,0,0,1]",3,0,12,11,home_win,home,1,96
44036,5,"{""series"":[""solutions/game_5/single/rest-100001/top"",""solutions/game_5/single/rest-100110/bot""]}","[1,0,0,0,0,1]","[1,0,0,1,1,0]",4,0,6,2,home_win,home,1,79
44037,1,"{""series"":[""solutions/game_1/series/rest-111111/top"",""solutions/game_1/series/rest-111111/bot""]}","[1,1,1,1,1,1]","[1,1,1,1,1,1]",0,0,5,4,home_win,home,0,74
44037,2,"{""series"":[""solutions/game_2/series/home_wins_1/rest-110011/top"",""solutions/game_2/series/home_wins_1/rest-101011/bot""]}","[1,1,0,0,1,1]","[1,0,1,0,1,1]",1,0,3,2,home_win,home,0,78
44037,3,"{""series"":[""solutions/game_3/series/home_wins_2/rest-011100/top"",""solutions/game_3/series/home_wins_2/rest-010010/bot""]}","[0,1,1,1,0,0]","[0,1,0,0,1,0]",2,0,11,2,home_win,home,0,80
44037,4,"{""series"":[""solutions/game_4/single/rest-001111/top"",""solutions/game_4/single/rest-101101/bot""]}","[0,0,1,1,1,1]","[1,0,1,1,0,1]",3,0,4,8,away_win,away,1,88
44037,5,"{""series"":[""solutions/game_5/single/rest-110100/top"",""solutions/game_5/single/rest-011110/bot""]}","[1,1,0,1,0,0]","[0,1,1,1,1,0]",3,1,9,1,home_win,home,1,43
44038,1,"{""series"":[""solutions/game_1/series/rest-111111/top"",""solutions/game_1/series/rest-111111/bot""]}","[1,1,1,1,1,1]","[1,1,1,1,1,1]",0,0,7,3,home_win,home,0,77
44038,2,"{""series"":[""solutions/game_2/series/home_wins_1/rest-111001/top"",""solutions/game_2/series/home_wins_1/rest-110111/bot""]}","[1,1,1,0,0,1]","[1,1,0,1,1,1]",1,0,2,3,away_win,away,0,81
44038,3,"{""series"":[""solutions/game_3/series/home_wins_1/rest-101100/top"",""solutions/game_3/series/home_wins_1/rest-001111/bot""]}","[1,0,1,1,0,0]","[0,0,1,1,1,1]",1,1,9,0,home_win,home,0,54
44038,4,"{""series"":[""solutions/game_4/series/home_wins_2/rest-111111/top"",""solutions/game_4/series/home_wins_2/rest-111111/bot""]}","[1,1,1,1,1,1]","[1,1,1,1,1,1]",2,1,1,3,away_win,away,0,82
44038,5,"{""series"":[""solutions/game_5/single/rest-110101/top"",""solutions/game_5/single/rest-111010/bot""]}","[1,1,0,1,0,1]","[1,1,1,0,1,0]",2,2,13,5,home_win,home,0,83
44039,1,"{""series"":[""solutions/game_1/series/rest-111111/top"",""solutions/game_1/series/rest-111111/bot""]}","[1,1,1,1,1,1]","[1,1,1,1,1,1]",0,0,1,9,away_win,away,0,57
44039,2,"{""series"":[""solutions/game_2/series/home_wins_0/rest-111111/top"",""solutions/game_2/series/home_wins_0/rest-111111/bot""]}","[1,1,1,1,1,1]","[1,1,1,1,1,1]",0,1,1,10,away_win,away,0,68
44039,3,"{""series"":[""solutions/game_3/series/home_wins_0/rest-011110/top"",""solutions/game_3/series/home_wins_0/rest-111110/bot""]}","[0,1,1,1,1,0]","[1,1,1,1,1,0]",0,2,3,7,away_win,away,0,85
44039,4,"{""series"":[""solutions/game_4/single/rest-110101/top"",""solutions/game_4/single/rest-001011/bot""]}","[1,1,0,1,0,1]","[0,0,1,0,1,1]",0,3,3,5,away_win,away,1,85
44039,5,"{""series"":[""solutions/game_5/single/rest-111010/top"",""solutions/game_5/single/rest-111111/bot""]}","[1,1,1,0,1,0]","[1,1,1,1,1,1]",0,4,9,2,home_win,home,1,82
44040,1,"{""series"":[""solutions/game_1/series/rest-111111/top"",""solutions/game_1/series/rest-111111/bot""]}","[1,1,1,1,1,1]","[1,1,1,1,1,1]",0,0,1,8,away_win,away,0,89
44040,2,"{""series"":[""solutions/game_2/series/home_wins_0/rest-111001/top"",""solutions/game_2/series/home_wins_0/rest-111110/bot""]}","[1,1,1,0,0,1]","[1,1,1,1,1,0]",0,1,3,7,away_win,away,0,86
44040,3,"{""series"":[""solutions/game_3/series/home_wins_0/rest-110111/top"",""solutions/game_3/series/home_wins_0/rest-011100/bot""]}","[1,1,0,1,1,1]","[0,1,1,1,0,0]",0,2,7,9,away_win,away,0,89
44040,4,"{""series"":[""solutions/game_4/single/rest-011001/top"",""solutions/game_4/single/rest-110011/bot""]}","[0,1,1,0,0,1]","[1,1,0,0,1,1]",0,3,5,7,away_win,away,1,84
44040,5,"{""series"":[""solutions/game_5/single/rest-100111/top"",""solutions/game_5/single/rest-111100/bot""]}","[1,0,0,1,1,1]","[1,1,1,1,0,0]",0,4,3,3,tie,away,1,88
44041,1,"{""series"":[""solutions/game_1/series/rest-111111/top"",""solutions/game_1/series/rest-111111/bot""]}","[1,1,1,1,1,1]","[1,1,1,1,1,1]",0,0,8,6,home_win,home,0,94
44041,2,"{""series"":[""solutions/game_2/series/home_wins_1/rest-011101/top"",""solutions/game_2/series/home_wins_1/rest-011111/bot""]}","[0,1,1,1,0,1]","[0,1,1,1,1,1]",1,0,7,9,away_win,away,0,96
44041,3,"{""series"":[""solutions/game_3/series/home_wins_1/rest-111110/top"",""solutions/game_3/series/home_wins_1/rest-110100/bot""]}","[1,1,1,1,1,0]","[1,1,0,1,0,0]",1,1,2,4,away_win,away,0,93
44041,4,"{""series"":[""solutions/game_4/series/home_wins_1/rest-100011/top"",""solutions/game_4/series/home_wins_1/rest-001011/bot""]}","[1,0,0,0,1,1]","[0,0,1,0,1,1]",1,2,2,3,away_win,away,0,75
44041,5,"{""series"":[""solutions/game_5/single/rest-011110/top"",""solutions/game_5/single/rest-110101/bot""]}","[0,1,1,1,1,0]","[1,1,0,1,0,1]",1,3,7,5,home_win,home,1,91
44042,1,"{""series"":[""solutions/game_1/series/rest-111111/top"",""solutions/game_1/series/rest-111111/bot""]}","[1,1,1,1,1,1]","[1,1,1,1,1,1]",0,0,6,3,home_win,home,0,77
44042,2,"{""series"":[""solutions/game_2/series/home_wins_1/rest-110011/top"",""solutions/game_2/series/home_wins_1/rest-001111/bot""]}","[1,1,0,0,1,1]","[0,0,1,1,1,1]",1,0,3,2,home_win,home,0,87
44042,3,"{""series"":[""solutions/game_3/series/home_wins_2/rest-001000/top"",""solutions/game_3/series/home_wins_2/rest-110100/bot""]}","[0,0,1,0,0,0]","[1,1,0,1,0,0]",2,0,6,2,home_win,home,0,83
44042,4,"{""series"":[""solutions/game_4/single/rest-111111/top"",""solutions/game_4/single/rest-001111/bot""]}","[1,1,1,1,1,1]","[0,0,1,1,1,1]",3,0,3,2,home_win,home,1,83
44042,5,"{""series"":[""solutions/game_5/single/rest-010001/top"",""solutions/game_5/single/rest-010000/bot""]}","[0,1,0,0,0,1]","[0,1,0,0,0,0]",4,0,12,4,home_win,home,1,48
44043,1,"{""series"":[""solutions/game_1/series/rest-111111/top"",""solutions/game_1/series/rest-111111/bot""]}","[1,1,1,1,1,1]","[1,1,1,1,1,1]",0,0,7,4,home_win,home,0,85
44043,2,"{""series"":[""solutions/game_2/series/home_wins_1/rest-110001/top"",""solutions/game_2/series/home_wins_1/rest-110111/bot""]}","[1,1,0,0,0,1]","[1,1,0,1,1,1]",1,0,4,0,home_win,home,0,68
44043,3,"{""series"":[""solutions/game_3/series/home_wins_2/rest-001111/top"",""solutions/game_3/series/home_wins_2/rest-111001/bot""]}","[0,0,1,1,1,1]","[1,1,1,0,0,1]",2,0,7,3,home_win,home,0,72
44043,4,"{""series"":[""solutions/game_4/single/rest-110001/top"",""solutions/game_4/single/rest-111110/bot""]}","[1,1,0,0,0,1]","[1,1,1,1,1,0]",3,0,4,1,home_win,home,1,74
44043,5,"{""series"":[""solutions/game_5/single/rest-001110/top"",""solutions/game_5/single/rest-011011/bot""]}","[0,0,1,1,1,0]","[0,1,1,0,1,1]",4,0,1,10,away_win,away,1,82
44044,1,"{""series"":[""solutions/game_1/series/rest-111111/top"",""solutions/game_1/series/rest-111111/bot""]}","[1,1,1,1,1,1]","[1,1,1,1,1,1]",0,0,3,6,away_win,away,0,90
44044,2,"{""series"":[""solutions/game_2/series/home_wins_0/rest-011100/top"",""solutions/game_2/series/home_wins_0/rest-001111/bot""]}","[0,1,1,1,0,0]","[0,0,1,1,1,1]",0,1,10,2,home_win,home,0,70
44044,3,"{""series"":[""solutions/game_3/series/home_wins_1/rest-101001/top"",""solutions/game_3/series/home_wins_1/rest-111111/bot""]}","[1,0,1,0,0,1]","[1,1,1,1,1,1]",1,1,2,5,away_win,away,0,88
44044,4,"{""series"":[""solutions/game_4/series/home_wins_1/rest-111011/top"",""solutions/game_4/series/home_wins_1/rest-011011/bot""]}","[1,1,1,0,1,1]","[0,1,1,0,1,1]",1,2,3,5,away_win,away,0,80
44044,5,"{""series"":[""solutions/game_5/single/rest-010001/top"",""solutions/game_5/single/rest-101110/bot""]}","[0,1,0,0,0,1]","[1,0,1,1,1,0]",1,3,3,2,home_win,home,1,84
44045,1,"{""series"":[""solutions/game_1/series/rest-111111/top"",""solutions/game_1/series/rest-111111/bot""]}","[1,1,1,1,1,1]","[1,1,1,1,1,1]",0,0,0,4,away_win,away,0,75
44045,2,"{""series"":[""solutions/game_2/series/home_wins_0/rest-011110/top"",""solutions/game_2/series/home_wins_0/rest-011110/bot""]}","[0,1,1,1,1,0]","[0,1,1,1,1,0]",0,1,6,5,home_win,home,0,83
44045,3,"{""series"":[""solutions/game_3/series/home_wins_1/rest-111001/top"",""solutions/game_3/series/home_wins_1/rest-111011/bot""]}","[1,1,1,0,0,1]","[1,1,1,0,1,1]",1,1,4,2,home_win,home,0,70
44045,4,"{""series"":[""solutions/game_4/series/home_wins_2/rest-011110/top"",""solutions/game_4/series/home_wins_2/rest-111111/bot""]}","[0,1,1,1,1,0]","[1,1,1,1,1,1]",2,1,0,8,away_win,away,0,55
44045,5,"{""series"":[""solutions/game_5/single/rest-111111/top"",""solutions/game_5/single/rest-111111/bot""]}","[1,1,1,1,1,1]","[1,1,1,1,1,1]",2,2,8,0,home_win,home,0,43
44046,1,"{""series"":[""solutions/game_1/series/rest-111111/top"",""solutions/game_1/series/rest-111111/bot""]}","[1,1,1,1,1,1]","[1,1,1,1,1,1]",0,0,2,3,away_win,away,0,81
44046,2,"{""series"":[""solutions/game_2/series/home_wins_0/rest-011001/top"",""solutions/game_2/series/home_wins_0/rest-001110/bot""]}","[0,1,1,0,0,1]","[0,0,1,1,1,0]",0,1,8,0,home_win,home,0,53
44046,3,"{""series"":[""solutions/game_3/series/home_wins_1/rest-111111/top"",""solutions/game_3/series/home_wins_1/rest-011110/bot""]}","[1,1,1,1,1,1]","[0,1,1,1,1,0]",1,1,3,1,home_win,home,0,72
44046,4,"{""series"":[""solutions/game_4/series/home_wins_2/rest-110001/top"",""solutions/game_4/series/home_wins_2/rest-110101/bot""]}","[1,1,0,0,0,1]","[1,1,0,1,0,1]",2,1,2,3,away_win,away,0,84
44046,5,"{""series"":[""solutions/game_5/single/rest-011110/top"",""solutions/game_5/single/rest-111111/bot""]}","[0,1,1,1,1,0]","[1,1,1,1,1,1]",2,2,8,4,home_win,home,0,89
44047,1,"{""series"":[""solutions/game_1/series/rest-111111/top"",""solutions/game_1/series/rest-111111/bot""]}","[1,1,1,1,1,1]","[1,1,1,1,1,1]",0,0,0,4,away_win,away,0,69
44047,2,"{""series"":[""solutions/game_2/series/home_wins_0/rest-101011/top"",""solutions/game_2/series/home_wins_0/rest-011110/bot""]}","[1,0,1,0,1,1]","[0,1,1,1,1,0]",0,1,3,6,away_win,away,0,90
44047,3,"{""series"":[""solutions/game_3/series/home_wins_0/rest-111100/top"",""solutions/game_3/series/home_wins_0/rest-101010/bot""]}","[1,1,1,1,0,0]","[1,0,1,0,1,0]",0,2,8,0,home_win,home,0,43
44047,4,"{""series"":[""solutions/game_4/series/home_wins_1/rest-111111/top"",""solutions/game_4/series/home_wins_1/rest-111111/bot""]}","[1,1,1,1,1,1]","[1,1,1,1,1,1]",1,2,3,10,away_win,away,0,93
44047,5,"{""series"":[""solutions/game_5/single/rest-011011/top"",""solutions/game_5/single/rest-001111/bot""]}","[0,1,1,0,1,1]","[0,0,1,1,1,1]",1,3,6,10,away_win,away,1,93
44048,1,"{""series"":[""solutions/game_1/series/rest-111111/top"",""solutions/game_1/series/rest-111111/bot""]}","[1,1,1,1,1,1]","[1,1,1,1,1,1]",0,0,4,0,home_win,home,0,70
44048,2,"{""series"":[""solutions/game_2/series/home_wins_1/rest-111100/top"",""solutions/game_2/series/home_wins_1/rest-111100/bot""]}","[1,1,1,1,0,0]","[1,1,1,1,0,0]",1,0,12,4,home_win,home,0,64
44048,3,"{""series"":[""solutions/game_3/series/home_wins_2/rest-111101/top"",""solutions/game_3/series/home_wins_2/rest-111110/bot""]}","[1,1,1,1,0,1]","[1,1,1,1,1,0]",2,0,1,9,away_win,away,0,72
44048,4,"{""series"":[""solutions/game_4/series/home_wins_2/rest-111110/top"",""solutions/game_4/series/home_wins_2/rest-111111/bot""]}","[1,1,1,1,1,0]","[1,1,1,1,1,1]",2,1,6,7,away_win,away,0,93
44048,5,"{""series"":[""solutions/game_5/single/rest-010001/top"",""solutions/game_5/single/rest-001010/bot""]}","[0,1,0,0,0,1]","[0,0,1,0,1,0]",2,2,8,0,home_win,home,0,54
44049,1,"{""series"":[""solutions/game_1/series/rest-111111/top"",""solutions/game_1/series/rest-111111/bot""]}","[1,1,1,1,1,1]","[1,1,1,1,1,1]",0,0,4,12,away_win,away,0,85
44049,2,"{""series"":[""solutions/game_2/series/home_wins_0/rest-111101/top"",""solutions/game_2/series/home_wins_0/rest-111111/bot""]}","[1,1,1,1,0,1]","[1,1,1,1,1,1]",0,1,2,4,away_win,away,0,85
44049,3,"{""series"":[""solutions/game_3/series/home_wins_0/rest-011010/top"",""solutions/game_3/series/home_wins_0/rest-001011/bot""]}","[0,1,1,0,1,0]","[0,0,1,0,1,1]",0,2,3,7,away_win,away,0,84
44049,4,"{""series"":[""solutions/game_4/single/rest-100101/top"",""solutions/game_4/single/rest-111101/bot""]}","[1,0,0,1,0,1]","[1,1,1,1,0,1]",0,3,4,6,away_win,away,1,88
44049,5,"{""series"":[""solutions/game_5/single/rest-111110/top"",""solutions/game_5/single/rest-101011/bot""]}","[1,1,1,1,1,0]","[1,0,1,0,1,1]",0,4,7,15,away_win,away,1,71
44050,1,"{""series"":[""solutions/game_1/series/rest-111111/top"",""solutions/game_1/series/rest-111111/bot""]}","[1,1,1,1,1,1]","[1,1,1,1,1,1]",0,0,8,3,home_win,home,0,74
44050,2,"{""series"":[""solutions/game_2/series/home_wins_1/rest-101110/top"",""solutions/game_2/series/home_wins_1/rest-111111/bot""]}","[1,0,1,1,1,0]","[1,1,1,1,1,1]",1,0,6,8,away_win,away,0,89
44050,3,"{""series"":[""solutions/game_3/series/home_wins_1/rest-111001/top"",""solutions/game_3/series/home_wins_1/rest-100001/bot""]}","[1,1,1,0,0,1]","[1,0,0,0,0,1]",1,1,7,9,away_win,away,0,97
44050,4,"{""series"":[""solutions/game_4/series/home_wins_1/rest-101111/top"",""solutions/game_4/series/home_wins_1/rest-111110/bot""]}","[1,0,1,1,1,1]","[1,1,1,1,1,0]",1,2,3,5,away_win,away,0,86
44050,5,"{""series"":[""solutions/game_5/single/rest-110101/top"",""solutions/game_5/single/rest-100011/bot""]}","[1,1,0,1,0,1]","[1,0,0,0,1,1]",1,3,5,3,home_win,home,1,77
44051,1,"{""series"":[""solutions/game_1/series/rest-111111/top"",""solutions/game_1/series/rest-111111/bot""]}","[1,1,1,1,1,1]","[1,1,1,1,1,1]",0,0,1,8,away_win,away,0,80
44051,2,"{""series"":[""solutions/game_2/series/home_wins_0/rest-111111/top"",""solutions/game_2/series/home_wins_0/rest-110111/bot""]}","[1,1,1,1,1,1]","[1,1,0,1,1,1]",0,1,2,6,away_win,away,0,83
44051,3,"{""series"":[""solutions/game_3/series/home_wins_0/rest-010011/top"",""solutions/game_3/series/home_wins_0/rest-101011/bot""]}","[0,1,0,0,1,1]","[1,0,1,0,1,1]",0,2,3,10,away_win,away,0,91
44051,4,"{""series"":[""solutions/game_4/single/rest-111111/top"",""solutions/game_4/single/rest-100110/bot""]}","[1,1,1,1,1,1]","[1,0,0,1,1,0]",0,3,4,6,away_win,away,1,88
44051,5,"{""series"":[""solutions/game_5/single/rest-010001/top"",""solutions/game_5/single/rest-011001/bot""]}","[0,1,0,0,0,1]","[0,1,1,0,0,1]",0,4,0,4,away_win,away,1,80
44052,1,"{""series"":[""solutions/game_1/series/rest-111111/top"",""solutions/game_1/series/rest-111111/bot""]}","[1,1,1,1,1,1]","[1,1,1,1,1,1]",0,0,1,6,away_win,away,0,76
44052,2,"{""series"":[""solutions/game_2/series/home_wins_0/rest-010011/top"",""solutions/game_2/series/home_wins_0/rest-111111/bot""]}","[0,1,0,0,1,1]","[1,1,1,1,1,1]",0,1,3,8,away_win,away,0,90
44052,3,"{""series"":[""solutions/game_3/series/home_wins_0/rest-100111/top"",""solutions/game_3/series/home_wins_0/rest-011111/bot""]}","[1,0,0,1,1,1]","[0,1,1,1,1,1]",0,2,4,1,home_win,home,0,70
44052,4,"{""series"":[""solutions/game_4/series/home_wins_1/rest-111110/top"",""solutions/game_4/series/home_wins_1/rest-111111/bot""]}","[1,1,1,1,1,0]","[1,1,1,1,1,1]",1,2,5,3,home_win,home,0,83
44052,5,"{""series"":[""solutions/game_5/single/rest-111001/top"",""solutions/game_5/single/rest-101110/bot""]}","[1,1,1,0,0,1]","[1,0,1,1,1,0]",2,2,5,4,home_win,home,0,81
44053,1,"{""series"":[""solutions/game_1/series/rest-111111/top"",""solutions/game_1/series/rest-111111/bot""]}","[1,1,1,1,1,1]","[1,1,1,1,1,1]",0,0,4,1,home_win,home,0,81
44053,2,"{""series"":[""solutions/game_2/series/home_wins_1/rest-100011/top"",""solutions/game_2/series/home_wins_1/rest-011101/bot""]}","[1,0,0,0,1,1]","[0,1,1,1,0,1]",1,0,0,5,away_win,away,0,74
44053,3,"{""series"":[""solutions/game_3/series/home_wins_1/rest-011111/top"",""solutions/game_3/series/home_wins_1/rest-011011/bot""]}","[0,1,1,1,1,1]","[0,1,1,0,1,1]",1,1,4,5,away_win,away,0,86
44053,4,"{""series"":[""solutions/game_4/series/home_wins_1/rest-110011/top"",""solutions/game_4/series/home_wins_1/rest-101100/bot""]}","[1,1,0,0,1,1]","[1,0,1,1,0,0]",1,2,10,2,home_win,home,0,59
44053,5,"{""series"":[""solutions/game_5/single/rest-111111/top"",""solutions/game_5/single/rest-011111/bot""]}","[1,1,1,1,1,1]","[0,1,1,1,1,1]",2,2,3,4,away_win,away,0,89
44054,1,"{""series"":[""solutions/game_1/series/rest-111111/top"",""solutions/game_1/series/rest-111111/bot""]}","[1,1,1,1,1,1]","[1,1,1,1,1,1]",0,0,4,2,home_win,home,0,74
44054,2,"{""series"":[""solutions/game_2/series/home_wins_1/rest-110001/top"",""solutions/game_2/series/home_wins_1/rest-111100/bot""]}","[1,1,0,0,0,1]","[1,1,1,1,0,0]",1,0,4,2,home_win,home,0,75
44054,3,"{""series"":[""solutions/game_3/series/home_wins_2/rest-001111/top"",""solutions/game_3/series/home_wins_2/rest-001011/bot""]}","[0,0,1,1,1,1]","[0,0,1,0,1,1]",2,0,4,5,away_win,away,0,80
44054,4,"{""series"":[""solutions/game_4/series/home_wins_2/rest-000001/top"",""solutions/game_4/series/home_wins_2/rest-110110/bot""]}","[0,0,0,0,0,1]","[1,1,0,1,1,0]",2,1,7,9,away_win,away,0,93
44054,5,"{""series"":[""solutions/game_5/single/rest-111111/top"",""solutions/game_5/single/rest-001011/bot""]}","[1,1,1,1,1,1]","[0,0,1,0,1,1]",2,2,2,10,away_win,away,0,85
44055,1,"{""series"":[""solutions/game_1/series/rest-111111/top"",""solutions/game_1/series/rest-111111/bot""]}","[1,1,1,1,1,1]","[1,1,1,1,1,1]",0,0,8,1,home_win,home,0,75
44055,2,"{""series"":[""solutions/game_2/series/home_wins_1/rest-101110/top"",""solutions/game_2/series/home_wins_1/rest-111111/bot""]}","[1,0,1,1,1,0]","[1,1,1,1,1,1]",1,0,4,2,home_win,home,0,76
44055,3,"{""series"":[""solutions/game_3/series/home_wins_2/rest-110001/top"",""solutions/game_3/series/home_wins_2/rest-011111/bot""]}","[1,1,0,0,0,1]","[0,1,1,1,1,1]",2,0,9,0,home_win,home,0,72
44055,4,"{""series"":[""solutions/game_4/single/rest-101111/top"",""solutions/game_4/single/rest-100110/bot""]}","[1,0,1,1,1,1]","[1,0,0,1,1,0]",3,0,5,4,home_win,home,1,78
44055,5,"{""series"":[""solutions/game_5/single/rest-110111/top"",""solutions/game_5/single/rest-111011/bot""]}","[1,1,0,1,1,1]","[1,1,1,0,1,1]",4,0,2,5,away_win,away,1,83
44056,1,"{""series"":[""solutions/game_1/series/rest-111111/top"",""solutions/game_1/series/rest-111111/bot""]}","[1,1,1,1,1,1]","[1,1,1,1,1,1]",0,0,2,3,away_win,away,0,81
44056,2,"{""series"":[""solutions/game_2/series/home_wins_0/rest-011101/top"",""solutions/game_2/series/home_wins_0/rest-101011/bot""]}","[0,1,1,1,0,1]","[1,0,1,0,1,1]",0,1,5,4,home_win,home,0,71
44056,3,"{""series"":[""solutions/game_3/series/home_wins_1/rest-111011/top"",""solutions/game_3/series/home_wins_1/rest-111111/bot""]}","[1,1,1,0,1,1]","[1,1,1,1,1,1]",1,1,5,14,away_win,away,0,85
44056,4,"{""series"":[""solutions/game_4/series/home_wins_1/rest-110011/top"",""solutions/game_4/series/home_wins_1/rest-101111/bot""]}","[1,1,0,0,1,1]","[1,0,1,1,1,1]",1,2,10,1,home_win,home,0,51
44056,5,"{""series"":[""solutions/game_5/single/rest-110111/top"",""solutions/game_5/single/rest-111111/bot""]}","[1,1,0,1,1,1]","[1,1,1,1,1,1]",2,2,4,3,home_win,home,0,76
44057,1,"{""series"":[""solutions/game_1/series/rest-111111/top"",""solutions/game_1/series/rest-111111/bot""]}","[1,1,1,1,1,1]","[1,1,1,1,1,1]",0,0,1,2,away_win,away,0,78
44057,2,"{""series"":[""solutions/game_2/series/home_wins_0/rest-111111/top"",""solutions/game_2/series/home_wins_0/rest-110110/bot""]}","[1,1,1,1,1,1]","[1,1,0,1,1,0]",0,1,4,3,home_win,home,0,76
44057,3,"{""series"":[""solutions/game_3/series/home_wins_1/rest-110001/top"",""solutions/game_3/series/home_wins_1/rest-011110/bot""]}","[1,1,0,0,0,1]","[0,1,1,1,1,0]",1,1,1,9,away_win,away,0,61
44057,4,"{""series"":[""solutions/game_4/series/home_wins_1/rest-111111/top"",""solutions/game_4/series/home_wins_1/rest-111111/bot""]}","[1,1,1,1,1,1]","[1,1,1,1,1,1]",1,2,0,8,away_win,away,0,28
44057,5,"{""series"":[""solutions/game_5/single/rest-111111/top"",""solutions/game_5/single/rest-111111/bot""]}","[1,1,1,1,1,1]","[1,1,1,1,1,1]",1,3,4,5,away_win,away,1,94
44058,1,"{""series"":[""solutions/game_1/series/rest-111111/top"",""solutions/game_1/series/rest-111111/bot""]}","[1,1,1,1,1,1]","[1,1,1,1,1,1]",0,0,9,1,home_win,home,0,69
44058,2,"{""series"":[""solutions/game_2/series/home_wins_1/rest-101111/top"",""solutions/game_2/series/home_wins_1/rest-110111/bot""]}","[1,0,1,1,1,1]","[1,1,0,1,1,1]",1,0,8,11,away_win,away,0,95
44058,3,"{""series"":[""solutions/game_3/series/home_wins_1/rest-100111/top"",""solutions/game_3/series/home_wins_1/rest-101100/bot""]}","[1,0,0,1,1,1]","[1,0,1,1,0,0]",1,1,3,6,away_win,away,0,86
44058,4,"{""series"":[""solutions/game_4/series/home_wins_1/rest-011111/top"",""solutions/game_4/series/home_wins_1/rest-011011/bot""]}","[0,1,1,1,1,1]","[0,1,1,0,1,1]",1,2,3,0,home_win,home,0,74
44058,5,"{""series"":[""solutions/game_5/single/rest-111010/top"",""solutions/game_5/single/rest-100111/bot""]}","[1,1,1,0,1,0]","[1,0,0,1,1,1]",2,2,5,3,home_win,home,0,77
44059,1,"{""series"":[""solutions/game_1/series/rest-111111/top"",""solutions/game_1/series/rest-111111/bot""]}","[1,1,1,1,1,1]","[1,1,1,1,1,1]",0,0,0,9,away_win,away,0,54
44059,2,"{""series"":[""solutions/game_2/series/home_wins_0/rest-101111/top"",""solutions/game_2/series/home_wins_0/rest-111111/bot""]}","[1,0,1,1,1,1]","[1,1,1,1,1,1]",0,1,0,8,away_win,away,0,61
44059,3,"{""series"":[""solutions/game_3/series/home_wins_0/rest-111111/top"",""solutions/game_3/series/home_wins_0/rest-111101/bot""]}","[1,1,1,1,1,1]","[1,1,1,1,0,1]",0,2,1,5,away_win,away,0,76
44059,4,"{""series"":[""solutions/game_4/single/rest-011001/top"",""solutions/game_4/single/rest-001001/bot""]}","[0,1,1,0,0,1]","[0,0,1,0,0,1]",0,3,4,5,away_win,away,1,83
44059,5,"{""series"":[""solutions/game_5/single/rest-110100/top"",""solutions/game_5/single/rest-110111/bot""]}","[1,1,0,1,0,0]","[1,1,0,1,1,1]",0,4,7,11,away_win,away,1,104
44060,1,"{""series"":[""solutions/game_1/series/rest-111111/top"",""solutions/game_1/series/rest-111111/bot""]}","[1,1,1,1,1,1]","[1,1,1,1,1,1]",0,0,4,3,home_win,home,0,81
44060,2,"{""series"":[""solutions/game_2/series/home_wins_1/rest-110101/top"",""solutions/game_2/series/home_wins_1/rest-010111/bot""]}","[1,1,0,1,0,1]","[0,1,0,1,1,1]",1,0,2,4,away_win,away,0,74
44060,3,"{""series"":[""solutions/game_3/series/home_wins_1/rest-111100/top"",""solutions/game_3/series/home_wins_1/rest-101110/bot""]}","[1,1,1,1,0,0]","[1,0,1,1,1,0]",1,1,3,5,away_win,away,0,86
44060,4,"{""series"":[""solutions/game_4/series/home_wins_1/rest-010011/top"",""solutions/game_4/series/home_wins_1/rest-111111/bot""]}","[0,1,0,0,1,1]","[1,1,1,1,1,1]",1,2,3,4,away_win,away,0,75
44060,5,"{""series"":[""solutions/game_5/single/rest-111100/top"",""solutions/game_5/single/rest-001011/bot""]}","[1,1,1,1,0,0]","[0,0,1,0,1,1]",1,3,7,8,away_win,away,1,89
44061,1,"{""series"":[""solutions/game_1/series/rest-111111/top"",""solutions/game_1/series/rest-111111/bot""]}","[1,1,1,1,1,1]","[1,1,1,1,1,1]",0,0,2,4,away_win,away,0,79
44061,2,"{""series"":[""solutions/game_2/series/home_wins_0/rest-001111/top"",""solutions/game_2/series/home_wins_0/rest-101110/bot""]}","[0,0,1,1,1,1]","[1,0,1,1,1,0]",0,1,10,11,away_win,away,0,100
44061,3,"{""series"":[""solutions/game_3/series/home_wins_0/rest-110000/top"",""solutions/game_3/series/home_wins_0/rest-011101/bot""]}","[1,1,0,0,0,0]","[0,1,1,1,0,1]",0,2,1,5,away_win,away,0,81
44061,4,"{""series"":[""solutions/game_4/single/rest-000011/top"",""solutions/game_4/single/rest-101100/bot""]}","[0,0,0,0,1,1]","[1,0,1,1,0,0]",0,3,4,8,away_win,away,1,92
44061,5,"{""series"":[""solutions/game_5/single/rest-111100/top"",""solutions/game_5/single/rest-000011/bot""]}","[1,1,1,1,0,0]","[0,0,0,0,1,1]",0,4,8,1,home_win,home,1,74
44062,1,"{""series"":[""solutions/game_1/series/rest-111111/top"",""solutions/game_1/series/rest-111111/bot""]}","[1,1,1,1,1,1]","[1,1,1,1,1,1]",0,0,9,5,home_win,home,0,94
44062,2,"{""series"":[""solutions/game_2/series/home_wins_1/rest-110011/top"",""solutions/game_2/series/home_wins_1/rest-110010/bot""]}","[1,1,0,0,1,1]","[1,1,0,0,1,0]",1,0,11,2,home_win,home,0,49
44062,3,"{""series"":[""solutions/game_3/series/home_wins_2/rest-111111/top"",""solutions/game_3/series/home_wins_2/rest-111111/bot""]}","[1,1,1,1,1,1]","[1,1,1,1,1,1]",2,0,6,9,away_win,away,0,96
44062,4,"{""series"":[""solutions/game_4/series/home_wins_2/rest-001110/top"",""solutions/game_4/series/home_wins_2/rest-011100/bot""]}","[0,0,1,1,1,0]","[0,1,1,1,0,0]",2,1,3,2,home_win,home,0,73
44062,5,"{""series"":[""solutions/game_5/single/rest-101001/top"",""solutions/game_5/single/rest-111011/bot""]}","[1,0,1,0,0,1]","[1,1,1,0,1,1]",3,1,2,11,away_win,away,1,80
44063,1,"{""series"":[""solutions/game_1/series/rest-111111/top"",""solutions/game_1/series/rest-111111/bot""]}","[1,1,1,1,1,1]","[1,1,1,1,1,1]",0,0,7,6,home_win,home,0,100
44063,2,"{""series"":[""solutions/game_2/series/home_wins_1/rest-011001/top"",""solutions/game_2/series/home_wins_1/rest-011001/bot""]}","[0,1,1,0,0,1]","[0,1,1,0,0,1]",1,0,7,4,home_win,home,0,79
44063,3,"{""series"":[""solutions/game_3/series/home_wins_2/rest-111110/top"",""solutions/game_3/series/home_wins_2/rest-011110/bot""]}","[1,1,1,1,1,0]","[0,1,1,1,1,0]",2,0,10,8,home_win,home,0,88
44063,4,"{""series"":[""solutions/game_4/single/rest-100101/top"",""solutions/game_4/single/rest-000101/bot""]}","[1,0,0,1,0,1]","[0,0,0,1,0,1]",3,0,9,8,home_win,home,1,86
44063,5,"{""series"":[""solutions/game_5/single/rest-111110/top"",""solutions/game_5/single/rest-111010/bot""]}","[1,1,1,1,1,0]","[1,1,1,0,1,0]",4,0,4,1,home_win,home,1,70
44064,1,"{""series"":[""solutions/game_1/series/rest-111111/top"",""solutions/game_1/series/rest-111111/bot""]}","[1,1,1,1,1,1]","[1,1,1,1,1,1]",0,0,7,6,home_win,home,0,82
44064,2,"{""series"":[""solutions/game_2/series/home_wins_1/rest-110010/top"",""solutions/game_2/series/home_wins_1/rest-111010/bot""]}","[1,1,0,0,1,0]","[1,1,1,0,1,0]",1,0,0,9,away_win,away,0,45
44064,3,"{""series"":[""solutions/game_3/series/home_wins_1/rest-111111/top"",""solutions/game_3/series/home_wins_1/rest-111111/bot""]}","[1,1,1,1,1,1]","[1,1,1,1,1,1]",1,1,4,3,home_win,home,0,79
44064,4,"{""series"":[""solutions/game_4/series/home_wins_2/rest-111011/top"",""solutions/game_4/series/home_wins_2/rest-001110/bot""]}","[1,1,1,0,1,1]","[0,0,1,1,1,0]",2,1,5,9,away_win,away,0,82
44064,5,"{""series"":[""solutions/game_5/single/rest-111111/top"",""solutions/game_5/single/rest-111111/bot""]}","[1,1,1,1,1,1]","[1,1,1,1,1,1]",2,2,3,2,home_win,home,0,77
44065,1,"{""series"":[""solutions/game_1/series/rest-111111/top"",""solutions/game_1/series/rest-111111/bot""]}","[1,1,1,1,1,1]","[1,1,1,1,1,1]",0,0,0,8,away_win,away,0,61
44065,2,"{""series"":[""solutions/game_2/series/home_wins_0/rest-111111/top"",""solutions/game_2/series/home_wins_0/rest-111111/bot""]}","[1,1,1,1,1,1]","[1,1,1,1,1,1]",0,1,6,3,home_win,home,0,88
44065,3,"{""series"":[""solutions/game_3/series/home_wins_1/rest-111110/top"",""solutions/game_3/series/home_wins_1/rest-111101/bot""]}","[1,1,1,1,1,0]","[1,1,1,1,0,1]",1,1,5,1,home_win,home,0,77
44065,4,"{""series"":[""solutions/game_4/series/home_wins_2/rest-111101/top"",""solutions/game_4/series/home_wins_2/rest-111111/bot""]}","[1,1,1,1,0,1]","[1,1,1,1,1,1]",2,1,4,2,home_win,home,0,76
44065,5,"{""series"":[""solutions/game_5/single/rest-011011/top"",""solutions/game_5/single/rest-111111/bot""]}","[0,1,1,0,1,1]","[1,1,1,1,1,1]",3,1,9,1,home_win,home,1,34
44066,1,"{""series"":[""solutions/game_1/series/rest-111111/top"",""solutions/game_1/series/rest-111111/bot""]}","[1,1,1,1,1,1]","[1,1,1,1,1,1]",0,0,3,7,away_win,away,0,79
44066,2,"{""series"":[""solutions/game_2/series/home_wins_0/rest-111011/top"",""solutions/game_2/series/home_wins_0/rest-111100/bot""]}","[1,1,1,0,1,1]","[1,1,1,1,0,0]",0,1,0,5,away_win,away,0,77
44066,3,"{""series"":[""solutions/game_3/series/home_wins_0/rest-111110/top"",""solutions/game_3/series/home_wins_0/rest-001111/bot""]}","[1,1,1,1,1,0]","[0,0,1,1,1,1]",0,2,4,1,home_win,home,0,74
44066,4,"{""series"":[""solutions/game_4/series/home_wins_1/rest-110101/top"",""solutions/game_4/series/home_wins_1/rest-100111/bot""]}","[1,1,0,1,0,1]","[1,0,0,1,1,1]",1,2,5,4,home_win,home,0,94
44066,5,"{""series"":[""solutions/game_5/single/rest-100110/top"",""solutions/game_5/single/rest-011110/bot""]}","[1,0,0,1,1,0]","[0,1,1,1,1,0]",2,2,6,6,tie,away,0,95
44067,1,"{""series"":[""solutions/game_1/series/rest-111111/top"",""solutions/game_1/series/rest-111111/bot""]}","[1,1,1,1,1,1]","[1,1,1,1,1,1]",0,0,2,3,away_win,away,0,78
44067,2,"{""series"":[""solutions/game_2/series/home_wins_0/rest-111101/top"",""solutions/game_2/series/home_wins_0/rest-001111/bot""]}","[1,1,1,1,0,1]","[0,0,1,1,1,1]",0,1,1,7,away_win,away,0,79
44067,3,"{""series"":[""solutions/game_3/series/home_wins_0/rest-011110/top"",""solutions/game_3/series/home_wins_0/rest-101111/bot""]}","[0,1,1,1,1,0]","[1,0,1,1,1,1]",0,2,2,3,away_win,away,0,80
44067,4,"{""series"":[""solutions/game_4/single/rest-110111/top"",""solutions/game_4/single/rest-010110/bot""]}","[1,1,0,1,1,1]","[0,1,0,1,1,0]",0,3,1,4,away_win,away,1,82
44067,5,"{""series"":[""solutions/game_5/single/rest-011100/top"",""solutions/game_5/single/rest-101011/bot""]}","[0,1,1,1,0,0]","[1,0,1,0,1,1]",0,4,4,8,away_win,away,1,85
44068,1,"{""series"":[""solutions/game_1/series/rest-111111/top"",""solutions/game_1/series/rest-111111/bot""]}","[1,1,1,1,1,1]","[1,1,1,1,1,1]",0,0,1,7,away_win,away,0,77
44068,2,"{""series"":[""solutions/game_2/series/home_wins_0/rest-101111/top"",""solutions/game_2/series/home_wins_0/rest-111100/bot""]}","[1,0,1,1,1,1]","[1,1,1,1,0,0]",0,1,0,8,away_win,away,0,60
44068,3,"{""series"":[""solutions/game_3/series/home_wins_0/rest-111111/top"",""solutions/game_3/series/home_wins_0/rest-111111/bot""]}","[1,1,1,1,1,1]","[1,1,1,1,1,1]",0,2,5,1,home_win,home,0,69
44068,4,"{""series"":[""solutions/game_4/series/home_wins_1/rest-111101/top"",""solutions/game_4/series/home_wins_1/rest-001111/bot""]}","[1,1,1,1,0,1]","[0,0,1,1,1,1]",1,2,0,9,away_win,away,0,47
44068,5,"{""series"":[""solutions/game_5/single/rest-011111/top"",""solutions/game_5/single/rest-111111/bot""]}","[0,1,1,1,1,1]","[1,1,1,1,1,1]",1,3,4,8,away_win,away,1,89
44069,1,"{""series"":[""solutions/game_1/series/rest-111111/top"",""solutions/game_1/series/rest-111111/bot""]}","[1,1,1,1,1,1]","[1,1,1,1,1,1]",0,0,6,2,home_win,home,0,75
44069,2,"{""series"":[""solutions/game_2/series/home_wins_1/rest-101100/top"",""solutions/game_2/series/home_wins_1/rest-110111/bot""]}","[1,0,1,1,0,0]","[1,1,0,1,1,1]",1,0,4,5,away_win,away,0,92
44069,3,"{""series"":[""solutions/game_3/series/home_wins_1/rest-010011/top"",""solutions/game_3/series/home_wins_1/rest-101010/bot""]}","[0,1,0,0,1,1]","[1,0,1,0,1,0]",1,1,9,8,home_win,home,0,99
44069,4,"{""series"":[""solutions/game_4/series/home_wins_2/rest-101110/top"",""solutions/game_4/series/home_wins_2/rest-010101/bot""]}","[1,0,1,1,1,0]","[0,1,0,1,0,1]",2,1,1,9,away_win,away,0,44
44069,5,"{""series"":[""solutions/game_5/single/rest-111110/top"",""solutions/game_5/single/rest-011111/bot""]}","[1,1,1,1,1,0]","[0,1,1,1,1,1]",2,2,2,7,away_win,away,0,81
44070,1,"{""series"":[""solutions/game_1/series/rest-111111/top"",""solutions/game_1/series/rest-111111/bot""]}","[1,1,1,1,1,1]","[1,1,1,1,1,1]",0,0,3,9,away_win,away,0,83
44070,2,"{""series"":[""solutions/game_2/series/home_wins_0/rest-101011/top"",""solutions/game_2/series/home_wins_0/rest-010111/bot""]}","[1,0,1,0,1,1]","[0,1,0,1,1,1]",0,1,5,5,tie,away,0,89
44070,3,"{""series"":[""solutions/game_3/series/home_wins_0/rest-110111/top"",""solutions/game_3/series/home_wins_0/rest-011100/bot""]}","[1,1,0,1,1,1]","[0,1,1,1,0,0]",0,2,4,5,away_win,away,0,86
44070,4,"{""series"":[""solutions/game_4/single/rest-101111/top"",""solutions/game_4/single/rest-010011/bot""]}","[1,0,1,1,1,1]","[0,1,0,0,1,1]",0,3,0,7,away_win,away,1,83
44070,5,"{""series"":[""solutions/game_5/single/rest-101101/top"",""solutions/game_5/single/rest-111110/bot""]}","[1,0,1,1,0,1]","[1,1,1,1,1,0]",0,4,4,1,home_win,home,1,74
44071,1,"{""series"":[""solutions/game_1/series/rest-111111/top"",""solutions/game_1/series/rest-111111/bot""]}","[1,1,1,1,1,1]","[1,1,1,1,1,1]",0,0,2,3,away_win,away,0,80
44071,2,"{""series"":[""solutions/game_2/series/home_wins_0/rest-011001/top"",""solutions/game_2/series/home_wins_0/rest-101111/bot""]}","[0,1,1,0,0,1]","[1,0,1,1,1,1]",0,1,4,8,away_win,away,0,84
44071,3,"{""series"":[""solutions/game_3/series/home_wins_0/rest-110110/top"",""solutions/game_3/series/home_wins_0/rest-010010/bot""]}","[1,1,0,1,1,0]","[0,1,0,0,1,0]",0,2,0,3,away_win,away,0,74
44071,4,"{""series"":[""solutions/game_4/single/rest-001001/top"",""solutions/game_4/single/rest-101111/bot""]}","[0,0,1,0,0,1]","[1,0,1,1,1,1]",0,3,1,4,away_win,away,1,85
44071,5,"{""series"":[""solutions/game_5/single/rest-110110/top"",""solutions/game_5/single/rest-110011/bot""]}","[1,1,0,1,1,0]","[1,1,0,0,1,1]",0,4,4,7,away_win,away,1,82
44072,1,"{""series"":[""solutions/game_1/series/rest-111111/top"",""solutions/game_1/series/rest-111111/bot""]}","[1,1,1,1,1,1]","[1,1,1,1,1,1]",0,0,3,2,home_win,home,0,76
44072,2,"{""series"":[""solutions/game_2/series/home_wins_1/rest-011011/top"",""solutions/game_2/series/home_wins_1/rest-001111/bot""]}","[0,1,1,0,1,1]","[0,0,1,1,1,1]",1,0,10,6,home_win,home,0,89
44072,3,"{""series"":[""solutions/game_3/series/home_wins_2/rest-100100/top"",""solutions/game_3/series/home_wins_2/rest-110111/bot""]}","[1,0,0,1,0,0]","[1,1,0,1,1,1]",2,0,4,3,home_win,home,0,75
44072,4,"{""series"":[""solutions/game_4/single/rest-011010/top"",""solutions/game_4/single/rest-101011/bot""]}","[0,1,1,0,1,0]","[1,0,1,0,1,1]",3,0,1,9,away_win,away,1,69
44072,5,"{""series"":[""solutions/game_5/single/rest-101111/top"",""solutions/game_5/single/rest-111111/bot""]}","[1,0,1,1,1,1]","[1,1,1,1,1,1]",3,1,1,7,away_win,away,1,77
44073,1,"{""series"":[""solutions/game_1/series/rest-111111/top"",""solutions/game_1/series/rest-111111/bot""]}","[1,1,1,1,1,1]","[1,1,1,1,1,1]",0,0,12,12,tie,away,0,112
44073,2,"{""series"":[""solutions/game_2/series/home_wins_0/rest-000000/top"",""solutions/game_2/series/home_wins_0/rest-010010/bot""]}","[0,0,0,0,0,0]","[0,1,0,0,1,0]",0,1,4,8,away_win,away,0,94
44073,3,"{""series"":[""solutions/game_3/series/home_wins_0/rest-111111/top"",""solutions/game_3/series/home_wins_0/rest-101101/bot""]}","[1,1,1,1,1,1]","[1,0,1,1,0,1]",0,2,8,0,home_win,home,0,56
44073,4,"{""series"":[""solutions/game_4/series/home_wins_1/rest-111111/top"",""solutions/game_4/series/home_wins_1/rest-111111/bot""]}","[1,1,1,1,1,1]","[1,1,1,1,1,1]",1,2,9,1,home_win,home,0,57
44073,5,"{""series"":[""solutions/game_5/single/rest-111111/top"",""solutions/game_5/single/rest-111111/bot""]}","[1,1,1,1,1,1]","[1,1,1,1,1,1]",2,2,4,1,home_win,home,0,83
44074,1,"{""series"":[""solutions/game_1/series/rest-111111/top"",""solutions/game_1/series/rest-111111/bot""]}","[1,1,1,1,1,1]","[1,1,1,1,1,1]",0,0,5,4,home_win,home,0,75
44074,2,"{""series"":[""solutions/game_2/series/home_wins_1/rest-011011/top"",""solutions/game_2/series/home_wins_1/rest-111111/bot""]}","[0,1,1,0,1,1]","[1,1,1,1,1,1]",1,0,3,8,away_win,away,0,84
44074,3,"{""series"":[""solutions/game_3/series/home_wins_1/rest-111101/top"",""solutions/game_3/series/home_wins_1/rest-011110/bot""]}","[1,1,1,1,0,1]","[0,1,1,1,1,0]",1,1,13,6,home_win,home,0,79
44074,4,"{""series"":[""solutions/game_4/series/home_wins_2/rest-111010/top"",""solutions/game_4/series/home_wins_2/rest-110111/bot""]}","[1,1,1,0,1,0]","[1,1,0,1,1,1]",2,1,6,8,away_win,away,0,101
44074,5,"{""series"":[""solutions/game_5/single/rest-001111/top"",""solutions/game_5/single/rest-111000/bot""]}","[0,0,1,1,1,1]","[1,1,1,0,0,0]",2,2,8,3,home_win,home,0,85
44075,1,"{""series"":[""solutions/game_1/series/rest-111111/top"",""solutions/game_1/series/rest-111111/bot""]}","[1,1,1,1,1,1]","[1,1,1,1,1,1]",0,0,3,1,home_win,home,0,81
44075,2,"{""series"":[""solutions/game_2/series/home_wins_1/rest-011011/top"",""solutions/game_2/series/home_wins_1/rest-111100/bot""]}","[0,1,1,0,1,1]","[1,1,1,1,0,0]",1,0,8,8,tie,away,0,100
44075,3,"{""series"":[""solutions/game_3/series/home_wins_1/rest-100100/top"",""solutions/game_3/series/home_wins_1/rest-000011/bot""]}","[1,0,0,1,0,0]","[0,0,0,0,1,1]",1,1,1,3,away_win,away,0,78
44075,4,"{""series"":[""solutions/game_4/series/home_wins_1/rest-110010/top"",""solutions/game_4/series/home_wins_1/rest-101100/bot""]}","[1,1,0,0,1,0]","[1,0,1,1,0,0]",1,2,2,6,away_win,away,0,81
44075,5,"{""series"":[""solutions/game_5/single/rest-001110/top"",""solutions/game_5/single/rest-011011/bot""]}","[0,0,1,1,1,0]","[0,1,1,0,1,1]",1,3,0,8,away_win,away,1,21
44076,1,"{""series"":[""solutions/game_1/series/rest-111111/top"",""solutions/game_1/series/rest-111111/bot""]}","[1,1,1,1,1,1]","[1,1,1,1,1,1]",0,0,0,8,away_win,away,0,62
44076,2,"{""series"":[""solutions/game_2/series/home_wins_0/rest-011110/top"",""solutions/game_2/series/home_wins_0/rest-111111/bot""]}","[0,1,1,1,1,0]","[1,1,1,1,1,1]",0,1,2,3,away_win,away,0,81
44076,3,"{""series"":[""solutions/game_3/series/home_wins_0/rest-101011/top"",""solutions/game_3/series/home_wins_0/rest-001011/bot""]}","[1,0,1,0,1,1]","[0,0,1,0,1,1]",0,2,12,2,home_win,home,0,64
44076,4,"{""series"":[""solutions/game_4/series/home_wins_1/rest-111110/top"",""solutions/game_4/series/home_wins_1/rest-111111/bot""]}","[1,1,1,1,1,0]","[1,1,1,1,1,1]",1,2,1,6,away_win,away,0,84
44076,5,"{""series"":[""solutions/game_5/single/rest-111001/top"",""solutions/game_5/single/rest-011110/bot""]}","[1,1,1,0,0,1]","[0,1,1,1,1,0]",1,3,13,6,home_win,home,1,92
44077,1,"{""series"":[""solutions/game_1/series/rest-111111/top"",""solutions/game_1/series/rest-111111/bot""]}","[1,1,1,1,1,1]","[1,1,1,1,1,1]",0,0,3,7,away_win,away,0,89
44077,2,"{""series"":[""solutions/game_2/series/home_wins_0/rest-011010/top"",""solutions/game_2/series/home_wins_0/rest-101011/bot""]}","[0,1,1,0,1,0]","[1,0,1,0,1,1]",0,1,10,2,home_win,home,0,34
44077,3,"{""series"":[""solutions/game_3/series/home_wins_1/rest-111111/top"",""solutions/game_3/series/home_wins_1/rest-111111/bot""]}","[1,1,1,1,1,1]","[1,1,1,1,1,1]",1,1,5,7,away_win,away,0,88
44077,4,"{""series"":[""solutions/game_4/series/home_wins_1/rest-111011/top"",""solutions/game_4/series/home_wins_1/rest-001110/bot""]}","[1,1,1,0,1,1]","[0,0,1,1,1,0]",1,2,8,6,home_win,home,0,92
44077,5,"{""series"":[""solutions/game_5/single/rest-000111/top"",""solutions/game_5/single/rest-111101/bot""]}","[0,0,0,1,1,1]","[1,1,1,1,0,1]",2,2,10,12,away_win,away,0,101
44078,1,"{""series"":[""solutions/game_1/series/rest-111111/top"",""solutions/game_1/series/rest-111111/bot""]}","[1,1,1,1,1,1]","[1,1,1,1,1,1]",0,0,9,1,home_win,home,0,79
44078,2,"{""series"":[""solutions/game_2/series/home_wins_1/rest-111101/top"",""solutions/game_2/series/home_wins_1/rest-110111/bot""]}","[1,1,1,1,0,1]","[1,1,0,1,1,1]",1,0,1,9,away_win,away,0,80
44078,3,"{""series"":[""solutions/game_3/series/home_wins_1/rest-111101/top"",""solutions/game_3/series/home_wins_1/rest-110101/bot""]}","[1,1,1,1,0,1]","[1,1,0,1,0,1]",1,1,7,5,home_win,home,0,82
44078,4,"{""series"":[""solutions/game_4/series/home_wins_2/rest-110011/top"",""solutions/game_4/series/home_wins_2/rest-111110/bot""]}","[1,1,0,0,1,1]","[1,1,1,1,1,0]",2,1,0,8,away_win,away,0,11
44078,5,"{""series"":[""solutions/game_5/single/rest-111111/top"",""solutions/game_5/single/rest-111110/bot""]}","[1,1,1,1,1,1]","[1,1,1,1,1,0]",2,2,3,2,home_win,home,0,78
44079,1,"{""series"":[""solutions/game_1/series/rest-111111/top"",""solutions/game_1/series/rest-111111/bot""]}","[1,1,1,1,1,1]","[1,1,1,1,1,1]",0,0,9,1,home_win,home,0,77
44079,2,"{""series"":[""solutions/game_2/series/home_wins_1/rest-111110/top"",""solutions/game_2/series/home_wins_1/rest-111111/bot""]}","[1,1,1,1,1,0]","[1,1,1,1,1,1]",1,0,7,6,home_win,home,0,101
44079,3,"{""series"":[""solutions/game_3/series/home_wins_2/rest-110111/top"",""solutions/game_3/series/home_wins_2/rest-010111/bot""]}","[1,1,0,1,1,1]","[0,1,0,1,1,1]",2,0,0,8,away_win,away,0,73
44079,4,"{""series"":[""solutions/game_4/series/home_wins_2/rest-111110/top"",""solutions/game_4/series/home_wins_2/rest-111110/bot""]}","[1,1,1,1,1,0]","[1,1,1,1,1,0]",2,1,6,3,home_win,home,0,82
44079,5,"{""series"":[""solutions/game_5/single/rest-010101/top"",""solutions/game_5/single/rest-000111/bot""]}","[0,1,0,1,0,1]","[0,0,0,1,1,1]",3,1,8,5,home_win,home,1,87
44080,1,"{""series"":[""solutions/game_1/series/rest-111111/top"",""solutions/game_1/series/rest-111111/bot""]}","[1,1,1,1,1,1]","[1,1,1,1,1,1]",0,0,9,1,home_win,home,0,64
44080,2,"{""series"":[""solutions/game_2/series/home_wins_1/rest-111011/top"",""solutions/game_2/series/home_wins_1/rest-111111/bot""]}","[1,1,1,0,1,1]","[1,1,1,1,1,1]",1,0,8,5,home_win,home,0,90
44080,3,"{""series"":[""solutions/game_3/series/home_wins_2/rest-101110/top"",""solutions/game_3/series/home_wins_2/rest-101010/bot""]}","[1,0,1,1,1,0]","[1,0,1,0,1,0]",2,0,8,0,home_win,home,0,22
44080,4,"{""series"":[""solutions/game_4/single/rest-101110/top"",""solutions/game_4/single/rest-111111/bot""]}","[1,0,1,1,1,0]","[1,1,1,1,1,1]",3,0,4,0,home_win,home,1,75
44080,5,"{""series"":[""solutions/game_5/single/rest-110101/top"",""solutions/game_5/single/rest-000110/bot""]}","[1,1,0,1,0,1]","[0,0,0,1,1,0]",4,0,4,8,away_win,away,1,82
44081,1,"{""series"":[""solutions/game_1/series/rest-111111/top"",""solutions/game_1/series/rest-111111/bot""]}","[1,1,1,1,1,1]","[1,1,1,1,1,1]",0,0,1,9,away_win,away,0,42
44081,2,"{""series"":[""solutions/game_2/series/home_wins_0/rest-111111/top"",""solutions/game_2/series/home_wins_0/rest-111111/bot""]}","[1,1,1,1,1,1]","[1,1,1,1,1,1]",0,1,8,0,home_win,home,0,47
44081,3,"{""series"":[""solutions/game_3/series/home_wins_1/rest-111111/top"",""solutions/game_3/series/home_wins_1/rest-111111/bot""]}","[1,1,1,1,1,1]","[1,1,1,1,1,1]",1,1,3,2,home_win,home,0,70
44081,4,"{""series"":[""solutions/game_4/series/home_wins_2/rest-111111/top"",""solutions/game_4/series/home_wins_2/rest-011011/bot""]}","[1,1,1,1,1,1]","[0,1,1,0,1,1]",2,1,4,3,home_win,home,0,70
44081,5,"{""series"":[""solutions/game_5/single/rest-111111/top"",""solutions/game_5/single/rest-010110/bot""]}","[1,1,1,1,1,1]","[0,1,0,1,1,0]",3,1,1,7,away_win,away,1,92
44082,1,"{""series"":[""solutions/game_1/series/rest-111111/top"",""solutions/game_1/series/rest-111111/bot""]}","[1,1,1,1,1,1]","[1,1,1,1,1,1]",0,0,0,2,away_win,away,0,75
44082,2,"{""series"":[""solutions/game_2/series/home_wins_0/rest-011111/top"",""solutions/game_2/series/home_wins_0/rest-011011/bot""]}","[0,1,1,1,1,1]","[0,1,1,0,1,1]",0,1,3,5,away_win,away,0,77
44082,3,"{""series"":[""solutions/game_3/series/home_wins_0/rest-110101/top"",""solutions/game_3/series/home_wins_0/rest-101111/bot""]}","[1,1,0,1,0,1]","[1,0,1,1,1,1]",0,2,2,4,away_win,away,0,86
44082,4,"{""series"":[""solutions/game_4/single/rest-111000/top"",""solutions/game_4/single/rest-111010/bot""]}","[1,1,1,0,0,0]","[1,1,1,0,1,0]",0,3,6,14,away_win,away,1,83
44082,5,"{""series"":[""solutions/game_5/single/rest-001111/top"",""solutions/game_5/single/rest-011111/bot""]}","[0,0,1,1,1,1]","[0,1,1,1,1,1]",0,4,1,3,away_win,away,1,85
44083,1,"{""series"":[""solutions/game_1/series/rest-111111/top"",""solutions/game_1/series/rest-111111/bot""]}","[1,1,1,1,1,1]","[1,1,1,1,1,1]",0,0,9,2,home_win,home,0,81
44083,2,"{""series"":[""solutions/game_2/series/home_wins_1/rest-111101/top"",""solutions/game_2/series/home_wins_1/rest-111111/bot""]}","[1,1,1,1,0,1]","[1,1,1,1,1,1]",1,0,2,1,home_win,home,0,81
44083,3,"{""series"":[""solutions/game_3/series/home_wins_2/rest-011111/top"",""solutions/game_3/series/home_wins_2/rest-001111/bot""]}","[0,1,1,1,1,1]","[0,0,1,1,1,1]",2,0,4,7,away_win,away,0,92
44083,4,"{""series"":[""solutions/game_4/series/home_wins_2/rest-110101/top"",""solutions/game_4/series/home_wins_2/rest-010010/bot""]}","[1,1,0,1,0,1]","[0,1,0,0,1,0]",2,1,6,1,home_win,home,0,81
44083,5,"{""series"":[""solutions/game_5/single/rest-011011/top"",""solutions/game_5/single/rest-001111/bot""]}","[0,1,1,0,1,1]","[0,0,1,1,1,1]",3,1,7,1,home_win,home,1,77
44084,1,"{""series"":[""solutions/game_1/series/rest-111111/top"",""solutions/game_1/series/rest-111111/bot""]}","[1,1,1,1,1,1]","[1,1,1,1,1,1]",0,0,6,5,home_win,home,0,88
44084,2,"{""series"":[""solutions/game_2/series/home_wins_1/rest-000111/top"",""solutions/game_2/series/home_wins_1/rest-000110/bot""]}","[0,0,0,1,1,1]","[0,0,0,1,1,0]",1,0,12,6,home_win,home,0,90
44084,3,"{""series"":[""solutions/game_3/series/home_wins_2/rest-111001/top"",""solutions/game_3/series/home_wins_2/rest-110111/bot""]}","[1,1,1,0,0,1]","[1,1,0,1,1,1]",2,0,2,1,home_win,home,0,81
44084,4,"{""series"":[""solutions/game_4/single/rest-101110/top"",""solutions/game_4/single/rest-001010/bot""]}","[1,0,1,1,1,0]","[0,0,1,0,1,0]",3,0,6,0,home_win,home,1,70
44084,5,"{""series"":[""solutions/game_5/single/rest-100111/top"",""solutions/game_5/single/rest-111101/bot""]}","[1,0,0,1,1,1]","[1,1,1,1,0,1]",4,0,2,4,away_win,away,1,76
44085,1,"{""series"":[""solutions/game_1/series/rest-111111/top"",""solutions/game_1/series/rest-111111/bot""]}","[1,1,1,1,1,1]","[1,1,1,1,1,1]",0,0,5,2,home_win,home,0,77
44085,2,"{""series"":[""solutions/game_2/series/home_wins_1/rest-110011/top"",""solutions/game_2/series/home_wins_1/rest-011111/bot""]}","[1,1,0,0,1,1]","[0,1,1,1,1,1]",1,0,2,6,away_win,away,0,85
44085,3,"{""series"":[""solutions/game_3/series/home_wins_1/rest-101010/top"",""solutions/game_3/series/home_wins_1/rest-110100/bot""]}","[1,0,1,0,1,0]","[1,1,0,1,0,0]",1,1,6,8,away_win,away,0,89
44085,4,"{""series"":[""solutions/game_4/series/home_wins_1/rest-011111/top"",""solutions/game_4/series/home_wins_1/rest-010010/bot""]}","[0,1,1,1,1,1]","[0,1,0,0,1,0]",1,2,16,7,home_win,home,0,91
44085,5,"{""series"":[""solutions/game_5/single/rest-110101/top"",""solutions/game_5/single/rest-111101/bot""]}","[1,1,0,1,0,1]","[1,1,1,1,0,1]",2,2,4,5,away_win,away,0,80
44086,1,"{""series"":[""solutions/game_1/series/rest-111111/top"",""solutions/game_1/series/rest-111111/bot""]}","[1,1,1,1,1,1]","[1,1,1,1,1,1]",0,0,0,7,away_win,away,0,79
44086,2,"{""series"":[""solutions/game_2/series/home_wins_0/rest-111101/top"",""solutions/game_2/series/home_wins_0/rest-111110/bot""]}","[1,1,1,1,0,1]","[1,1,1,1,1,0]",0,1,3,11,away_win,away,0,77
44086,3,"{""series"":[""solutions/game_3/series/home_wins_0/rest-111010/top"",""solutions/game_3/series/home_wins_0/rest-111001/bot""]}","[1,1,1,0,1,0]","[1,1,1,0,0,1]",0,2,11,2,home_win,home,0,69
44086,4,"{""series"":[""solutions/game_4/series/home_wins_1/rest-111111/top"",""solutions/game_4/series/home_wins_1/rest-111111/bot""]}","[1,1,1,1,1,1]","[1,1,1,1,1,1]",1,2,9,1,home_win,home,0,59
44086,5,"{""series"":[""solutions/game_5/single/rest-111111/top"",""solutions/game_5/single/rest-111111/bot""]}","[1,1,1,1,1,1]","[1,1,1,1,1,1]",2,2,13,5,home_win,home,0,87
44087,1,"{""series"":[""solutions/game_1/series/rest-111111/top"",""solutions/game_1/series/rest-111111/bot""]}","[1,1,1,1,1,1]","[1,1,1,1,1,1]",0,0,2,7,away_win,away,0,89
44087,2,"{""series"":[""solutions/game_2/series/home_wins_0/rest-111010/top"",""solutions/game_2/series/home_wins_0/rest-110101/bot""]}","[1,1,1,0,1,0]","[1,1,0,1,0,1]",0,1,11,9,home_win,home,0,96
44087,3,"{""series"":[""solutions/game_3/series/home_wins_1/rest-111101/top"",""solutions/game_3/series/home_wins_1/rest-111011/bot""]}","[1,1,1,1,0,1]","[1,1,1,0,1,1]",1,1,5,4,home_win,home,0,75
44087,4,"{""series"":[""solutions/game_4/series/home_wins_2/rest-011111/top"",""solutions/game_4/series/home_wins_2/rest-111100/bot""]}","[0,1,1,1,1,1]","[1,1,1,1,0,0]",2,1,0,3,away_win,away,0,78
44087,5,"{""series"":[""solutions/game_5/single/rest-111110/top"",""solutions/game_5/single/rest-101011/bot""]}","[1,1,1,1,1,0]","[1,0,1,0,1,1]",2,2,5,4,home_win,home,0,90
44088,1,"{""series"":[""solutions/game_1/series/rest-111111/top"",""solutions/game_1/series/rest-111111/bot""]}","[1,1,1,1,1,1]","[1,1,1,1,1,1]",0,0,7,4,home_win,home,0,88
44088,2,"{""series"":[""solutions/game_2/series/home_wins_1/rest-111000/top"",""solutions/game_2/series/home_wins_1/rest-011101/bot""]}","[1,1,1,0,0,0]","[0,1,1,1,0,1]",1,0,4,5,away_win,away,0,82
44088,3,"{""series"":[""solutions/game_3/series/home_wins_1/rest-101111/top"",""solutions/game_3/series/home_wins_1/rest-101010/bot""]}","[1,0,1,1,1,1]","[1,0,1,0,1,0]",1,1,9,1,home_win,home,0,56
44088,4,"{""series"":[""solutions/game_4/series/home_wins_2/rest-111111/top"",""solutions/game_4/series/home_wins_2/rest-111111/bot""]}","[1,1,1,1,1,1]","[1,1,1,1,1,1]",2,1,5,7,away_win,away,0,80
44088,5,"{""series"":[""solutions/game_5/single/rest-111111/top"",""solutions/game_5/single/rest-111101/bot""]}","[1,1,1,1,1,1]","[1,1,1,1,0,1]",2,2,0,9,away_win,away,0,75
44089,1,"{""series"":[""solutions/game_1/series/rest-111111/top"",""solutions/game_1/series/rest-111111/bot""]}","[1,1,1,1,1,1]","[1,1,1,1,1,1]",0,0,1,9,away_win,away,0,27
44089,2,"{""series"":[""solutions/game_2/series/home_wins_0/rest-111111/top"",""solutions/game_2/series/home_wins_0/rest-111111/bot""]}","[1,1,1,1,1,1]","[1,1,1,1,1,1]",0,1,8,0,home_win,home,0,59
44089,3,"{""series"":[""solutions/game_3/series/home_wins_1/rest-111111/top"",""solutions/game_3/series/home_wins_1/rest-111101/bot""]}","[1,1,1,1,1,1]","[1,1,1,1,0,1]",1,1,0,9,away_win,away,0,41
44089,4,"{""series"":[""solutions/game_4/series/home_wins_1/rest-111111/top"",""solutions/game_4/series/home_wins_1/rest-111111/bot""]}","[1,1,1,1,1,1]","[1,1,1,1,1,1]",1,2,7,3,home_win,home,0,82
44089,5,"{""series"":[""solutions/game_5/single/rest-011101/top"",""solutions/game_5/single/rest-011101/bot""]}","[0,1,1,1,0,1]","[0,1,1,1,0,1]",2,2,9,1,home_win,home,0,49
44090,1,"{""series"":[""solutions/game_1/series/rest-111111/top"",""solutions/game_1/series/rest-111111/bot""]}","[1,1,1,1,1,1]","[1,1,1,1,1,1]",0,0,15,6,home_win,home,0,86
44090,2,"{""series"":[""solutions/game_2/series/home_wins_1/rest-101111/top"",""solutions/game_2/series/home_wins_1/rest-111110/bot""]}","[1,0,1,1,1,1]","[1,1,1,1,1,0]",1,0,8,0,home_win,home,0,47
44090,3,"{""series"":[""solutions/game_3/series/home_wins_2/rest-111111/top"",""solutions/game_3/series/home_wins_2/rest-110110/bot""]}","[1,1,1,1,1,1]","[1,1,0,1,1,0]",2,0,11,4,home_win,home,0,89
44090,4,"{""series"":[""solutions/game_4/single/rest-111101/top"",""solutions/game_4/single/rest-001011/bot""]}","[1,1,1,1,0,1]","[0,0,1,0,1,1]",3,0,9,1,home_win,home,1,62
44090,5,"{""series"":[""solutions/game_5/single/rest-111110/top"",""solutions/game_5/single/rest-110110/bot""]}","[1,1,1,1,1,0]","[1,1,0,1,1,0]",4,0,8,4,home_win,home,1,81
44091,1,"{""series"":[""solutions/game_1/series/rest-111111/top"",""solutions/game_1/series/rest-111111/bot""]}","[1,1,1,1,1,1]","[1,1,1,1,1,1]",0,0,4,0,home_win,home,0,75
44091,2,"{""series"":[""solutions/game_2/series/home_wins_1/rest-111101/top"",""solutions/game_2/series/home_wins_1/rest-110111/bot""]}","[1,1,1,1,0,1]","[1,1,0,1,1,1]",1,0,2,5,away_win,away,0,75
44091,3,"{""series"":[""solutions/game_3/series/home_wins_1/rest-111110/top"",""solutions/game_3/series/home_wins_1/rest-111100/bot""]}","[1,1,1,1,1,0]","[1,1,1,1,0,0]",1,1,10,2,home_win,home,0,47
44091,4,"{""series"":[""solutions/game_4/series/home_wins_2/rest-111111/top"",""solutions/game_4/series/home_wins_2/rest-111111/bot""]}","[1,1,1,1,1,1]","[1,1,1,1,1,1]",2,1,8,2,home_win,home,0,77
44091,5,"{""series"":[""solutions/game_5/single/rest-110001/top"",""solutions/game_5/single/rest-101110/bot""]}","[1,1,0,0,0,1]","[1,0,1,1,1,0]",3,1,3,5,away_win,away,1,79
44092,1,"{""series"":[""solutions/game_1/series/rest-111111/top"",""solutions/game_1/series/rest-111111/bot""]}","[1,1,1,1,1,1]","[1,1,1,1,1,1]",0,0,7,8,away_win,away,0,92
44092,2,"{""series"":[""solutions/game_2/series/home_wins_0/rest-000011/top"",""solutions/game_2/series/home_wins_0/rest-011011/bot""]}","[0,0,0,0,1,1]","[0,1,1,0,1,1]",0,1,7,6,home_win,home,0,91
44092,3,"{""series"":[""solutions/game_3/series/home_wins_1/rest-011000/top"",""solutions/game_3/series/home_wins_1/rest-110111/bot""]}","[0,1,1,0,0,0]","[1,1,0,1,1,1]",1,1,6,0,home_win,home,0,74
44092,4,"{""series"":[""solutions/game_4/series/home_wins_2/rest-110110/top"",""solutions/game_4/series/home_wins_2/rest-111101/bot""]}","[1,1,0,1,1,0]","[1,1,1,1,0,1]",2,1,9,2,home_win,home,0,83
44092,5,"{""series"":[""solutions/game_5/single/rest-011101/top"",""solutions/game_5/single/rest-101010/bot""]}","[0,1,1,1,0,1]","[1,0,1,0,1,0]",3,1,8,3,home_win,home,1,88
44093,1,"{""series"":[""solutions/game_1/series/rest-111111/top"",""solutions/game_1/series/rest-111111/bot""]}","[1,1,1,1,1,1]","[1,1,1,1,1,1]",0,0,6,0,home_win,home,0,78
44093,2,"{""series"":[""solutions/game_2/series/home_wins_1/rest-111110/top"",""solutions/game_2/series/home_wins_1/rest-111111/bot""]}","[1,1,1,1,1,0]","[1,1,1,1,1,1]",1,0,8,4,home_win,home,0,97
44093,3,"{""series"":[""solutions/game_3/series/home_wins_2/rest-010001/top"",""solutions/game_3/series/home_wins_2/rest-010111/bot""]}","[0,1,0,0,0,1]","[0,1,0,1,1,1]",2,0,6,7,away_win,away,0,89
44093,4,"{""series"":[""solutions/game_4/series/home_wins_2/rest-101110/top"",""solutions/game_4/series/home_wins_2/rest-101100/bot""]}","[1,0,1,1,1,0]","[1,0,1,1,0,0]",2,1,0,1,away_win,away,0,79
44093,5,"{""series"":[""solutions/game_5/single/rest-010001/top"",""solutions/game_5/single/rest-011101/bot""]}","[0,1,0,0,0,1]","[0,1,1,1,0,1]",2,2,4,6,away_win,away,0,80
44094,1,"{""series"":[""solutions/game_1/series/rest-111111/top"",""solutions/game_1/series/rest-111111/bot""]}","[1,1,1,1,1,1]","[1,1,1,1,1,1]",0,0,7,2,home_win,home,0,79
44094,2,"{""series"":[""solutions/game_2/series/home_wins_1/rest-110101/top"",""solutions/game_2/series/home_wins_1/rest-111100/bot""]}","[1,1,0,1,0,1]","[1,1,1,1,0,0]",1,0,9,0,home_win,home,0,52
44094,3,"{""series"":[""solutions/game_3/series/home_wins_2/rest-111101/top"",""solutions/game_3/series/home_wins_2/rest-111111/bot""]}","[1,1,1,1,0,1]","[1,1,1,1,1,1]",2,0,1,9,away_win,away,0,49
44094,4,"{""series"":[""solutions/game_4/series/home_wins_2/rest-111111/top"",""solutions/game_4/series/home_wins_2/rest-111111/bot""]}","[1,1,1,1,1,1]","[1,1,1,1,1,1]",2,1,3,1,home_win,home,0,71
44094,5,"{""series"":[""solutions/game_5/single/rest-110001/top"",""solutions/game_5/single/rest-111010/bot""]}","[1,1,0,0,0,1]","[1,1,1,0,1,0]",3,1,3,3,tie,away,1,81
44095,1,"{""series"":[""solutions/game_1/series/rest-111111/top"",""solutions/game_1/series/rest-111111/bot""]}","[1,1,1,1,1,1]","[1,1,1,1,1,1]",0,0,6,5,home_win,home,0,88
44095,2,"{""series"":[""solutions/game_2/series/home_wins_1/rest-110111/top"",""solutions/game_2/series/home_wins_1/rest-101110/bot""]}","[1,1,0,1,1,1]","[1,0,1,1,1,0]",1,0,9,8,home_win,home,0,98
44095,3,"{""series"":[""solutions/game_3/series/home_wins_2/rest-001111/top"",""solutions/game_3/series/home_wins_2/rest-010001/bot""]}","[0,0,1,1,1,1]","[0,1,0,0,0,1]",2,0,10,2,home_win,home,0,78
44095,4,"{""series"":[""solutions/game_4/single/rest-010001/top"",""solutions/game_4/single/rest-101111/bot""]}","[0,1,0,0,0,1]","[1,0,1,1,1,1]",3,0,3,2,home_win,home,1,84
44095,5,"{""series"":[""solutions/game_5/single/rest-011110/top"",""solutions/game_5/single/rest-010000/bot""]}","[0,1,1,1,1,0]","[0,1,0,0,0,0]",4,0,8,2,home_win,home,1,80
44096,1,"{""series"":[""solutions/game_1/series/rest-111111/top"",""solutions/game_1/series/rest-111111/bot""]}","[1,1,1,1,1,1]","[1,1,1,1,1,1]",0,0,7,5,home_win,home,0,82
44096,2,"{""series"":[""solutions/game_2/series/home_wins_1/rest-101011/top"",""solutions/game_2/series/home_wins_1/rest-111011/bot""]}","[1,0,1,0,1,1]","[1,1,1,0,1,1]",1,0,8,5,home_win,home,0,84
44096,3,"{""series"":[""solutions/game_3/series/home_wins_2/rest-110101/top"",""solutions/game_3/series/home_wins_2/rest-011110/bot""]}","[1,1,0,1,0,1]","[0,1,1,1,1,0]",2,0,3,11,away_win,away,0,64
44096,4,"{""series"":[""solutions/game_4/series/home_wins_2/rest-100101/top"",""solutions/game_4/series/home_wins_2/rest-111100/bot""]}","[1,0,0,1,0,1]","[1,1,1,1,0,0]",2,1,4,3,home_win,home,0,75
44096,5,"{""series"":[""solutions/game_5/single/rest-011010/top"",""solutions/game_5/single/rest-011011/bot""]}","[0,1,1,0,1,0]","[0,1,1,0,1,1]",3,1,2,1,home_win,home,1,75
44097,1,"{""series"":[""solutions/game_1/series/rest-111111/top"",""solutions/game_1/series/rest-111111/bot""]}","[1,1,1,1,1,1]","[1,1,1,1,1,1]",0,0,2,1,home_win,home,0,79
44097,2,"{""series"":[""solutions/game_2/series/home_wins_1/rest-010101/top"",""solutions/game_2/series/home_wins_1/rest-001011/bot""]}","[0,1,0,1,0,1]","[0,0,1,0,1,1]",1,0,9,1,home_win,home,0,62
44097,3,"{""series"":[""solutions/game_3/series/home_wins_2/rest-101111/top"",""solutions/game_3/series/home_wins_2/rest-111111/bot""]}","[1,0,1,1,1,1]","[1,1,1,1,1,1]",2,0,3,7,away_win,away,0,94
44097,4,"{""series"":[""solutions/game_4/series/home_wins_2/rest-111110/top"",""solutions/game_4/series/home_wins_2/rest-110101/bot""]}","[1,1,1,1,1,0]","[1,1,0,1,0,1]",2,1,1,9,away_win,away,0,34
44097,5,"{""series"":[""solutions/game_5/single/rest-111111/top"",""solutions/game_5/single/rest-111101/bot""]}","[1,1,1,1,1,1]","[1,1,1,1,0,1]",2,2,4,6,away_win,away,0,86
44098,1,"{""series"":[""solutions/game_1/series/rest-111111/top"",""solutions/game_1/series/rest-111111/bot""]}","[1,1,1,1,1,1]","[1,1,1,1,1,1]",0,0,9,1,home_win,home,0,61
44098,2,"{""series"":[""solutions/game_2/series/home_wins_1/rest-101111/top"",""solutions/game_2/series/home_wins_1/rest-110111/bot""]}","[1,0,1,1,1,1]","[1,1,0,1,1,1]",1,0,8,7,home_win,home,0,94
44098,3,"{""series"":[""solutions/game_3/series/home_wins_2/rest-001110/top"",""solutions/game_3/series/home_wins_2/rest-001000/bot""]}","[0,0,1,1,1,0]","[0,0,1,0,0,0]",2,0,9,1,home_win,home,0,70
44098,4,"{""series"":[""solutions/game_4/single/rest-110101/top"",""solutions/game_4/single/rest-111011/bot""]}","[1,1,0,1,0,1]","[1,1,1,0,1,1]",3,0,3,2,home_win,home,1,81
44098,5,"{""series"":[""solutions/game_5/single/rest-001011/top"",""solutions/game_5/single/rest-010111/bot""]}","[0,0,1,0,1,1]","[0,1,0,1,1,1]",4,0,5,13,away_win,away,1,71
44099,1,"{""series"":[""solutions/game_1/series/rest-111111/top"",""solutions/game_1/series/rest-111111/bot""]}","[1,1,1,1,1,1]","[1,1,1,1,1,1]",0,0,2,6,away_win,away,0,91
44099,2,"{""series"":[""solutions/game_2/series/home_wins_0/rest-010101/top"",""solutions/game_2/series/home_wins_0/rest-001111/bot""]}","[0,1,0,1,0,1]","[0,0,1,1,1,1]",0,1,4,3,home_win,home,0,69
44099,3,"{""series"":[""solutions/game_3/series/home_wins_1/rest-111110/top"",""solutions/game_3/series/home_wins_1/rest-110011/bot""]}","[1,1,1,1,1,0]","[1,1,0,0,1,1]",1,1,3,9,away_win,away,0,87
44099,4,"{""series"":[""solutions/game_4/series/home_wins_1/rest-101111/top"",""solutions/game_4/series/home_wins_1/rest-110101/bot""]}","[1,0,1,1,1,1]","[1,1,0,1,0,1]",1,2,5,7,away_win,away,0,83
44099,5,"{""series"":[""solutions/game_5/single/rest-110000/top"",""solutions/game_5/single/rest-000111/bot""]}","[1,1,0,0,0,0]","[0,0,0,1,1,1]",1,3,4,9,away_win,away,1,91
44100,1,"{""series"":[""solutions/game_1/series/rest-111111/top"",""solutions/game_1/series/rest-111111/bot""]}","[1,1,1,1,1,1]","[1,1,1,1,1,1]",0,0,2,11,away_win,away,0,70
44100,2,"{""series"":[""solutions/game_2/series/home_wins_0/rest-110101/top"",""solutions/game_2/series/home_wins_0/rest-111110/bot""]}","[1,1,0,1,0,1]","[1,1,1,1,1,0]",0,1,2,4,away_win,away,0,83
44100,3,"{""series"":[""solutions/game_3/series/home_wins_0/rest-001011/top"",""solutions/game_3/series/home_wins_0/rest-010011/bot""]}","[0,0,1,0,1,1]","[0,1,0,0,1,1]",0,2,3,5,away_win,away,0,79
44100,4,"{""series"":[""solutions/game_4/single/rest-010110/top"",""solutions/game_4/single/rest-101101/bot""]}","[0,1,0,1,1,0]","[1,0,1,1,0,1]",0,3,10,1,home_win,home,1,52
44100,5,"{""series"":[""solutions/game_5/single/rest-011111/top"",""solutions/game_5/single/rest-101110/bot""]}","[0,1,1,1,1,1]","[1,0,1,1,1,0]",1,3,9,2,home_win,home,1,80
44101,1,"{""series"":[""solutions/game_1/series/rest-111111/top"",""solutions/game_1/series/rest-111111/bot""]}","[1,1,1,1,1,1]","[1,1,1,1,1,1]",0,0,8,0,home_win,home,0,19
44101,2,"{""series"":[""solutions/game_2/series/home_wins_1/rest-111111/top"",""solutions/game_2/series/home_wins_1/rest-111111/bot""]}","[1,1,1,1,1,1]","[1,1,1,1,1,1]",1,0,3,2,home_win,home,0,81
44101,3,"{""series"":[""solutions/game_3/series/home_wins_2/rest-010011/top"",""solutions/game_3/series/home_wins_2/rest-001111/bot""]}","[0,1,0,0,1,1]","[0,0,1,1,1,1]",2,0,5,10,away_win,away,0,89
44101,4,"{""series"":[""solutions/game_4/series/home_wins_2/rest-011100/top"",""solutions/game_4/series/home_wins_2/rest-111010/bot""]}","[0,1,1,1,0,0]","[1,1,1,0,1,0]",2,1,4,7,away_win,away,0,87
44101,5,"{""series"":[""solutions/game_5/single/rest-100111/top"",""solutions/game_5/single/rest-110101/bot""]}","[1,0,0,1,1,1]","[1,1,0,1,0,1]",2,2,2,1,home_win,home,0,85
44102,1,"{""series"":[""solutions/game_1/series/rest-111111/top"",""solutions/game_1/series/rest-111111/bot""]}","[1,1,1,1,1,1]","[1,1,1,1,1,1]",0,0,3,6,away_win,away,0,83
44102,2,"{""series"":[""solutions/game_2/series/home_wins_0/rest-101110/top"",""solutions/game_2/series/home_wins_0/rest-001011/bot""]}","[1,0,1,1,1,0]","[0,0,1,0,1,1]",0,1,2,1,home_win,home,0,77
44102,3,"{""series"":[""solutions/game_3/series/home_wins_1/rest-010100/top"",""solutions/game_3/series/home_wins_1/rest-010100/bot""]}","[0,1,0,1,0,0]","[0,1,0,1,0,0]",1,1,1,2,away_win,away,0,73
44102,4,"{""series"":[""solutions/game_4/series/home_wins_1/rest-101011/top"",""solutions/game_4/series/home_wins_1/rest-101010/bot""]}","[1,0,1,0,1,1]","[1,0,1,0,1,0]",1,2,2,1,home_win,home,0,80
44102,5,"{""series"":[""solutions/game_5/single/rest-011111/top"",""solutions/game_5/single/rest-111111/bot""]}","[0,1,1,1,1,1]","[1,1,1,1,1,1]",2,2,4,4,tie,home,0,91
44103,1,"{""series"":[""solutions/game_1/series/rest-111111/top"",""solutions/game_1/series/rest-111111/bot""]}","[1,1,1,1,1,1]","[1,1,1,1,1,1]",0,0,9,7,home_win,home,0,95
44103,2,"{""series"":[""solutions/game_2/series/home_wins_1/rest-110000/top"",""solutions/game_2/series/home_wins_1/rest-000010/bot""]}","[1,1,0,0,0,0]","[0,0,0,0,1,0]",1,0,3,11,away_win,away,0,86
44103,3,"{""series"":[""solutions/game_3/series/home_wins_1/rest-110111/top"",""solutions/game_3/series/home_wins_1/rest-111101/bot""]}","[1,1,0,1,1,1]","[1,1,1,1,0,1]",1,1,8,0,home_win,home,0,15
44103,4,"{""series"":[""solutions/game_4/series/home_wins_2/rest-111111/top"",""solutions/game_4/series/home_wins_2/rest-111111/bot""]}","[1,1,1,1,1,1]","[1,1,1,1,1,1]",2,1,4,0,home_win,home,0,78
44103,5,"{""series"":[""solutions/game_5/single/rest-110011/top"",""solutions/game_5/single/rest-001110/bot""]}","[1,1,0,0,1,1]","[0,0,1,1,1,0]",3,1,10,4,home_win,home,1,83
44104,1,"{""series"":[""solutions/game_1/series/rest-111111/top"",""solutions/game_1/series/rest-111111/bot""]}","[1,1,1,1,1,1]","[1,1,1,1,1,1]",0,0,4,6,away_win,away,0,85
44104,2,"{""series"":[""solutions/game_2/series/home_wins_0/rest-011101/top"",""solutions/game_2/series/home_wins_0/rest-101011/bot""]}","[0,1,1,1,0,1]","[1,0,1,0,1,1]",0,1,7,5,home_win,home,0,87
44104,3,"{""series"":[""solutions/game_3/series/home_wins_1/rest-100011/top"",""solutions/game_3/series/home_wins_1/rest-011100/bot""]}","[1,0,0,0,1,1]","[0,1,1,1,0,0]",1,1,6,0,home_win,home,0,71
44104,4,"{""series"":[""solutions/game_4/series/home_wins_2/rest-111110/top"",""solutions/game_4/series/home_wins_2/rest-010111/bot""]}","[1,1,1,1,1,0]","[0,1,0,1,1,1]",2,1,4,3,home_win,home,0,90
44104,5,"{""series"":[""solutions/game_5/single/rest-000011/top"",""solutions/game_5/single/rest-101010/bot""]}","[0,0,0,0,1,1]","[1,0,1,0,1,0]",3,1,3,4,away_win,away,1,81
44105,1,"{""series"":[""solutions/game_1/series/rest-111111/top"",""solutions/game_1/series/rest-111111/bot""]}","[1,1,1,1,1,1]","[1,1,1,1,1,1]",0,0,6,1,home_win,home,0,78
44105,2,"{""series"":[""solutions/game_2/series/home_wins_1/rest-111011/top"",""solutions/game_2/series/home_wins_1/rest-110111/bot""]}","[1,1,1,0,1,1]","[1,1,0,1,1,1]",1,0,5,3,home_win,home,0,88
44105,3,"{""series"":[""solutions/game_3/series/home_wins_2/rest-111100/top"",""solutions/game_3/series/home_wins_2/rest-111011/bot""]}","[1,1,1,1,0,0]","[1,1,1,0,1,1]",2,0,3,4,away_win,away,0,78
44105,4,"{""series"":[""solutions/game_4/series/home_wins_2/rest-010011/top"",""solutions/game_4/series/home_wins_2/rest-001110/bot""]}","[0,1,0,0,1,1]","[0,0,1,1,1,0]",2,1,3,13,away_win,away,0,71
44105,5,"{""series"":[""solutions/game_5/single/rest-111111/top"",""solutions/game_5/single/rest-101111/bot""]}","[1,1,1,1,1,1]","[1,0,1,1,1,1]",2,2,7,9,away_win,away,0,102
44106,1,"{""series"":[""solutions/game_1/series/rest-111111/top"",""solutions/game_1/series/rest-111111/bot""]}","[1,1,1,1,1,1]","[1,1,1,1,1,1]",0,0,3,4,away_win,away,0,77
44106,2,"{""series"":[""solutions/game_2/series/home_wins_0/rest-010111/top"",""solutions/game_2/series/home_wins_0/rest-111110/bot""]}","[0,1,0,1,1,1]","[1,1,1,1,1,0]",0,1,8,0,home_win,home,0,70
44106,3,"{""series"":[""solutions/game_3/series/home_wins_1/rest-111101/top"",""solutions/game_3/series/home_wins_1/rest-111111/bot""]}","[1,1,1,1,0,1]","[1,1,1,1,1,1]",1,1,2,9,away_win,away,0,85
44106,4,"{""series"":[""solutions/game_4/series/home_wins_1/rest-110011/top"",""solutions/game_4/series/home_wins_1/rest-001111/bot""]}","[1,1,0,0,1,1]","[0,0,1,1,1,1]",1,2,8,9,away_win,away,0,92
44106,5,"{""series"":[""solutions/game_5/single/rest-101011/top"",""solutions/game_5/single/rest-111000/bot""]}","[1,0,1,0,1,1]","[1,1,1,0,0,0]",1,3,3,5,away_win,away,1,80
44107,1,"{""series"":[""solutions/game_1/series/rest-111111/top"",""solutions/game_1/series/rest-111111/bot""]}","[1,1,1,1,1,1]","[1,1,1,1,1,1]",0,0,8,5,home_win,home,0,77
44107,2,"{""series"":[""solutions/game_2/series/home_wins_1/rest-111010/top"",""solutions/game_2/series/home_wins_1/rest-101111/bot""]}","[1,1,1,0,1,0]","[1,0,1,1,1,1]",1,0,3,4,away_win,away,0,89
44107,3,"{""series"":[""solutions/game_3/series/home_wins_1/rest-000101/top"",""solutions/game_3/series/home_wins_1/rest-110010/bot""]}","[0,0,0,1,0,1]","[1,1,0,0,1,0]",1,1,5,4,home_win,home,0,88
44107,4,"{""series"":[""solutions/game_4/series/home_wins_2/rest-001111/top"",""solutions/game_4/series/home_wins_2/rest-101101/bot""]}","[0,0,1,1,1,1]","[1,0,1,1,0,1]",2,1,10,9,home_win,home,0,94
44107,5,"{""series"":[""solutions/game_5/single/rest-110000/top"",""solutions/game_5/single/rest-010100/bot""]}","[1,1,0,0,0,0]","[0,1,0,1,0,0]",3,1,3,1,home_win,home,1,80
44108,1,"{""series"":[""solutions/game_1/series/rest-111111/top"",""solutions/game_1/series/rest-111111/bot""]}","[1,1,1,1,1,1]","[1,1,1,1,1,1]",0,0,2,1,home_win,home,0,72
44108,2,"{""series"":[""solutions/game_2/series/home_wins_1/rest-110111/top"",""solutions/game_2/series/home_wins_1/rest-111110/bot""]}","[1,1,0,1,1,1]","[1,1,1,1,1,0]",1,0,4,1,home_win,home,0,77
44108,3,"{""series"":[""solutions/game_3/series/home_wins_2/rest-011101/top"",""solutions/game_3/series/home_wins_2/rest-110100/bot""]}","[0,1,1,1,0,1]","[1,1,0,1,0,0]",2,0,0,6,away_win,away,0,86
44108,4,"{""series"":[""solutions/game_4/series/home_wins_2/rest-101110/top"",""solutions/game_4/series/home_wins_2/rest-001111/bot""]}","[1,0,1,1,1,0]","[0,0,1,1,1,1]",2,1,4,8,away_win,away,0,83
44108,5,"{""series"":[""solutions/game_5/single/rest-011110/top"",""solutions/game_5/single/rest-111001/bot""]}","[0,1,1,1,1,0]","[1,1,1,0,0,1]",2,2,5,10,away_win,away,0,86
44109,1,"{""series"":[""solutions/game_1/series/rest-111111/top"",""solutions/game_1/series/rest-111111/bot""]}","[1,1,1,1,1,1]","[1,1,1,1,1,1]",0,0,14,5,home_win,home,0,83
44109,2,"{""series"":[""solutions/game_2/series/home_wins_1/rest-101101/top"",""solutions/game_2/series/home_wins_1/rest-110101/bot""]}","[1,0,1,1,0,1]","[1,1,0,1,0,1]",1,0,8,6,home_win,home,0,86
44109,3,"{""series"":[""solutions/game_3/series/home_wins_2/rest-010011/top"",""solutions/game_3/series/home_wins_2/rest-101011/bot""]}","[0,1,0,0,1,1]","[1,0,1,0,1,1]",2,0,3,10,away_win,away,0,91
44109,4,"{""series"":[""solutions/game_4/series/home_wins_2/rest-111110/top"",""solutions/game_4/series/home_wins_2/rest-111101/bot""]}","[1,1,1,1,1,0]","[1,1,1,1,0,1]",2,1,9,4,home_win,home,0,82
44109,5,"{""series"":[""solutions/game_5/single/rest-110001/top"",""solutions/game_5/single/rest-111010/bot""]}","[1,1,0,0,0,1]","[1,1,1,0,1,0]",3,1,0,8,away_win,away,1,31
44110,1,"{""series"":[""solutions/game_1/series/rest-111111/top"",""solutions/game_1/series/rest-111111/bot""]}","[1,1,1,1,1,1]","[1,1,1,1,1,1]",0,0,0,8,away_win,away,0,60
44110,2,"{""series"":[""solutions/game_2/series/home_wins_0/rest-111111/top"",""solutions/game_2/series/home_wins_0/rest-111111/bot""]}","[1,1,1,1,1,1]","[1,1,1,1,1,1]",0,1,3,6,away_win,away,0,84
44110,3,"{""series"":[""solutions/game_3/series/home_wins_0/rest-110111/top"",""solutions/game_3/series/home_wins_0/rest-110010/bot""]}","[1,1,0,1,1,1]","[1,1,0,0,1,0]",0,2,4,4,tie,home,0,99
44110,4,"{""series"":[""solutions/game_4/series/home_wins_1/rest-001010/top"",""solutions/game_4/series/home_wins_1/rest-011110/bot""]}","[0,0,1,0,1,0]","[0,1,1,1,1,0]",1,2,7,13,away_win,away,0,107
44110,5,"{""series"":[""solutions/game_5/single/rest-101101/top"",""solutions/game_5/single/rest-110001/bot""]}","[1,0,1,1,0,1]","[1,1,0,0,0,1]",1,3,3,6,away_win,away,1,89
44111,1,"{""series"":[""solutions/game_1/series/rest-111111/top"",""solutions/game_1/series/rest-111111/bot""]}","[1,1,1,1,1,1]","[1,1,1,1,1,1]",0,0,1,0,home_win,home,0,72
44111,2,"{""series"":[""solutions/game_2/series/home_wins_1/rest-110001/top"",""solutions/game_2/series/home_wins_1/rest-111011/bot""]}","[1,1,0,0,0,1]","[1,1,1,0,1,1]",1,0,1,2,away_win,away,0,81
44111,3,"{""series"":[""solutions/game_3/series/home_wins_1/rest-011110/top"",""solutions/game_3/series/home_wins_1/rest-011110/bot""]}","[0,1,1,1,1,0]","[0,1,1,1,1,0]",1,1,3,5,away_win,away,0,76
44111,4,"{""series"":[""solutions/game_4/series/home_wins_1/rest-110111/top"",""solutions/game_4/series/home_wins_1/rest-111001/bot""]}","[1,1,0,1,1,1]","[1,1,1,0,0,1]",1,2,4,1,home_win,home,0,75
44111,5,"{""series"":[""solutions/game_5/single/rest-011110/top"",""solutions/game_5/single/rest-111101/bot""]}","[0,1,1,1,1,0]","[1,1,1,1,0,1]",2,2,5,1,home_win,home,0,75
44112,1,"{""series"":[""solutions/game_1/series/rest-111111/top"",""solutions/game_1/series/rest-111111/bot""]}","[1,1,1,1,1,1]","[1,1,1,1,1,1]",0,0,9,1,home_win,home,0,47
44112,2,"{""series"":[""solutions/game_2/series/home_wins_1/rest-111111/top"",""solutions/game_2/series/home_wins_1/rest-111111/bot""]}","[1,1,1,1,1,1]","[1,1,1,1,1,1]",1,0,3,2,home_win,home,0,86
44112,3,"{""series"":[""solutions/game_3/series/home_wins_2/rest-111000/top"",""solutions/game_3/series/home_wins_2/rest-101111/bot""]}","[1,1,1,0,0,0]","[1,0,1,1,1,1]",2,0,3,8,away_win,away,0,86
44112,4,"{""series"":[""solutions/game_4/series/home_wins_2/rest-010111/top"",""solutions/game_4/series/home_wins_2/rest-111100/bot""]}","[0,1,0,1,1,1]","[1,1,1,1,0,0]",2,1,8,7,home_win,home,0,84
44112,5,"{""series"":[""solutions/game_5/single/rest-111000/top"",""solutions/game_5/single/rest-000101/bot""]}","[1,1,1,0,0,0]","[0,0,0,1,0,1]",3,1,1,5,away_win,away,1,81
44113,1,"{""series"":[""solutions/game_1/series/rest-111111/top"",""solutions/game_1/series/rest-111111/bot""]}","[1,1,1,1,1,1]","[1,1,1,1,1,1]",0,0,7,2,home_win,home,0,79
44113,2,"{""series"":[""solutions/game_2/series/home_wins_1/rest-101110/top"",""solutions/game_2/series/home_wins_1/rest-110111/bot""]}","[1,0,1,1,1,0]","[1,1,0,1,1,1]",1,0,1,9,away_win,away,0,56
44113,3,"{""series"":[""solutions/game_3/series/home_wins_1/rest-011111/top"",""solutions/game_3/series/home_wins_1/rest-111111/bot""]}","[0,1,1,1,1,1]","[1,1,1,1,1,1]",1,1,4,3,home_win,home,0,73
44113,4,"{""series"":[""solutions/game_4/series/home_wins_2/rest-111011/top"",""solutions/game_4/series/home_wins_2/rest-111100/bot""]}","[1,1,1,0,1,1]","[1,1,1,1,0,0]",2,1,6,9,away_win,away,0,92
44113,5,"{""series"":[""solutions/game_5/single/rest-110101/top"",""solutions/game_5/single/rest-100001/bot""]}","[1,1,0,1,0,1]","[1,0,0,0,0,1]",2,2,5,8,away_win,away,0,93
44114,1,"{""series"":[""solutions/game_1/series/rest-111111/top"",""solutions/game_1/series/rest-111111/bot""]}","[1,1,1,1,1,1]","[1,1,1,1,1,1]",0,0,0,8,away_win,away,0,49
44114,2,"{""series"":[""solutions/game_2/series/home_wins_0/rest-101111/top"",""solutions/game_2/series/home_wins_0/rest-111111/bot""]}","[1,0,1,1,1,1]","[1,1,1,1,1,1]",0,1,3,2,home_win,home,0,83
44114,3,"{""series"":[""solutions/game_3/series/home_wins_1/rest-010111/top"",""solutions/game_3/series/home_wins_1/rest-000111/bot""]}","[0,1,0,1,1,1]","[0,0,0,1,1,1]",1,1,7,6,home_win,home,0,91
44114,4,"{""series"":[""solutions/game_4/series/home_wins_2/rest-011011/top"",""solutions/game_4/series/home_wins_2/rest-111010/bot""]}","[0,1,1,0,1,1]","[1,1,1,0,1,0]",2,1,6,4,home_win,home,0,86
44114,5,"{""series"":[""solutions/game_5/single/rest-110110/top"",""solutions/game_5/single/rest-100111/bot""]}","[1,1,0,1,1,0]","[1,0,0,1,1,1]",3,1,5,11,away_win,away,1,103
44115,1,"{""series"":[""solutions/game_1/series/rest-111111/top"",""solutions/game_1/series/rest-111111/bot""]}","[1,1,1,1,1,1]","[1,1,1,1,1,1]",0,0,3,11,away_win,away,0,62
44115,2,"{""series"":[""solutions/game_2/series/home_wins_0/rest-111110/top"",""solutions/game_2/series/home_wins_0/rest-111101/bot""]}","[1,1,1,1,1,0]","[1,1,1,1,0,1]",0,1,5,4,home_win,home,0,96
44115,3,"{""series"":[""solutions/game_3/series/home_wins_1/rest-010001/top"",""solutions/game_3/series/home_wins_1/rest-010011/bot""]}","[0,1,0,0,0,1]","[0,1,0,0,1,1]",1,1,7,8,away_win,away,0,98
44115,4,"{""series"":[""solutions/game_4/series/home_wins_1/rest-101110/top"",""solutions/game_4/series/home_wins_1/rest-111100/bot""]}","[1,0,1,1,1,0]","[1,1,1,1,0,0]",1,2,3,6,away_win,away,0,80
44115,5,"{""series"":[""solutions/game_5/single/rest-001001/top"",""solutions/game_5/single/rest-010111/bot""]}","[0,0,1,0,0,1]","[0,1,0,1,1,1]",1,3,4,7,away_win,away,1,86
44116,1,"{""series"":[""solutions/game_1/series/rest-111111/top"",""solutions/game_1/series/rest-111111/bot""]}","[1,1,1,1,1,1]","[1,1,1,1,1,1]",0,0,9,0,home_win,home,0,55
44116,2,"{""series"":[""solutions/game_2/series/home_wins_1/rest-111111/top"",""solutions/game_2/series/home_wins_1/rest-111111/bot""]}","[1,1,1,1,1,1]","[1,1,1,1,1,1]",1,0,5,3,home_win,home,0,86
44116,3,"{""series"":[""solutions/game_3/series/home_wins_2/rest-110011/top"",""solutions/game_3/series/home_wins_2/rest-011111/bot""]}","[1,1,0,0,1,1]","[0,1,1,1,1,1]",2,0,4,6,away_win,away,0,80
44116,4,"{""series"":[""solutions/game_4/series/home_wins_2/rest-111100/top"",""solutions/game_4/series/home_wins_2/rest-011010/bot""]}","[1,1,1,1,0,0]","[0,1,1,0,1,0]",2,1,5,0,home_win,home,0,74
44116,5,"{""series"":[""solutions/game_5/single/rest-110111/top"",""solutions/game_5/single/rest-111001/bot""]}","[1,1,0,1,1,1]","[1,1,1,0,0,1]",3,1,2,6,away_win,away,1,81
44117,1,"{""series"":[""solutions/game_1/series/rest-111111/top"",""solutions/game_1/series/rest-111111/bot""]}","[1,1,1,1,1,1]","[1,1,1,1,1,1]",0,0,6,7,away_win,away,0,86
44117,2,"{""series"":[""solutions/game_2/series/home_wins_0/rest-110001/top"",""solutions/game_2/series/home_wins_0/rest-101110/bot""]}","[1,1,0,0,0,1]","[1,0,1,1,1,0]",0,1,4,3,home_win,home,0,85
44117,3,"{""series"":[""solutions/game_3/series/home_wins_1/rest-101110/top"",""solutions/game_3/series/home_wins_1/rest-010000/bot""]}","[1,0,1,1,1,0]","[0,1,0,0,0,0]",1,1,5,6,away_win,away,0,87
44117,4,"{""series"":[""solutions/game_4/series/home_wins_1/rest-010101/top"",""solutions/game_4/series/home_wins_1/rest-101111/bot""]}","[0,1,0,1,0,1]","[1,0,1,1,1,1]",1,2,3,2,home_win,home,0,69
44117,5,"{""series"":[""solutions/game_5/single/rest-101010/top"",""solutions/game_5/single/rest-011111/bot""]}","[1,0,1,0,1,0]","[0,1,1,1,1,1]",2,2,2,5,away_win,away,0,75
44118,1,"{""series"":[""solutions/game_1/series/rest-111111/top"",""solutions/game_1/series/rest-111111/bot""]}","[1,1,1,1,1,1]","[1,1,1,1,1,1]",0,0,5,9,away_win,away,0,81
44118,2,"{""series"":[""solutions/game_2/series/home_wins_0/rest-011111/top"",""solutions/game_2/series/home_wins_0/rest-111010/bot""]}","[0,1,1,1,1,1]","[1,1,1,0,1,0]",0,1,4,1,home_win,home,0,74
44118,3,"{""series"":[""solutions/game_3/series/home_wins_1/rest-111011/top"",""solutions/game_3/series/home_wins_1/rest-111101/bot""]}","[1,1,1,0,1,1]","[1,1,1,1,0,1]",1,1,8,0,home_win,home,0,27
44118,4,"{""series"":[""solutions/game_4/series/home_wins_2/rest-111111/top"",""solutions/game_4/series/home_wins_2/rest-111111/bot""]}","[1,1,1,1,1,1]","[1,1,1,1,1,1]",2,1,7,6,home_win,home,0,88
44118,5,"{""series"":[""solutions/game_5/single/rest-010000/top"",""solutions/game_5/single/rest-111110/bot""]}","[0,1,0,0,0,0]","[1,1,1,1,1,0]",3,1,10,14,away_win,away,1,104
44119,1,"{""series"":[""solutions/game_1/series/rest-111111/top"",""solutions/game_1/series/rest-111111/bot""]}","[1,1,1,1,1,1]","[1,1,1,1,1,1]",0,0,7,3,home_win,home,0,84
44119,2,"{""series"":[""solutions/game_2/series/home_wins_1/rest-011111/top"",""solutions/game_2/series/home_wins_1/rest-110111/bot""]}","[0,1,1,1,1,1]","[1,1,0,1,1,1]",1,0,2,5,away_win,away,0,75
44119,3,"{""series"":[""solutions/game_3/series/home_wins_1/rest-101011/top"",""solutions/game_3/series/home_wins_1/rest-011111/bot""]}","[1,0,1,0,1,1]","[0,1,1,1,1,1]",1,1,0,8,away_win,away,0,43
44119,4,"{""series"":[""solutions/game_4/series/home_wins_1/rest-101011/top"",""solutions/game_4/series/home_wins_1/rest-111111/bot""]}","[1,0,1,0,1,1]","[1,1,1,1,1,1]",1,2,2,10,away_win,away,0,69
44119,5,"{""series"":[""solutions/game_5/single/rest-110001/top"",""solutions/game_5/single/rest-111110/bot""]}","[1,1,0,0,0,1]","[1,1,1,1,1,0]",1,3,2,1,home_win,home,1,83
44120,1,"{""series"":[""solutions/game_1/series/rest-111111/top"",""solutions/game_1/series/rest-111111/bot""]}","[1,1,1,1,1,1]","[1,1,1,1,1,1]",0,0,11,3,home_win,home,0,80
44120,2,"{""series"":[""solutions/game_2/series/home_wins_1/rest-111000/top"",""solutions/game_2/series/home_wins_1/rest-111111/bot""]}","[1,1,1,0,0,0]","[1,1,1,1,1,1]",1,0,9,11,away_win,away,0,92
44120,3,"{""series"":[""solutions/game_3/series/home_wins_1/rest-100111/top"",""solutions/game_3/series/home_wins_1/rest-011101/bot""]}","[1,0,0,1,1,1]","[0,1,1,1,0,1]",1,1,1,4,away_win,away,0,76
44120,4,"{""series"":[""solutions/game_4/series/home_wins_1/rest-101100/top"",""solutions/game_4/series/home_wins_1/rest-110110/bot""]}","[1,0,1,1,0,0]","[1,1,0,1,1,0]",1,2,1,6,away_win,away,0,77
44120,5,"{""series"":[""solutions/game_5/single/rest-111011/top"",""solutions/game_5/single/rest-001110/bot""]}","[1,1,1,0,1,1]","[0,0,1,1,1,0]",1,3,7,6,home_win,home,1,92
44121,1,"{""series"":[""solutions/game_1/series/rest-111111/top"",""solutions/game_1/series/rest-111111/bot""]}","[1,1,1,1,1,1]","[1,1,1,1,1,1]",0,0,1,6,away_win,away,0,78
44121,2,"{""series"":[""solutions/game_2/series/home_wins_0/rest-101110/top"",""solutions/game_2/series/home_wins_0/rest-111100/bot""]}","[1,0,1,1,1,0]","[1,1,1,1,0,0]",0,1,5,2,home_win,home,0,82
44121,3,"{""series"":[""solutions/game_3/series/home_wins_1/rest-111101/top"",""solutions/game_3/series/home_wins_1/rest-000011/bot""]}","[1,1,1,1,0,1]","[0,0,0,0,1,1]",1,1,10,4,home_win,home,0,90
44121,4,"{""series"":[""solutions/game_4/series/home_wins_2/rest-001110/top"",""solutions/game_4/series/home_wins_2/rest-101111/bot""]}","[0,0,1,1,1,0]","[1,0,1,1,1,1]",2,1,3,6,away_win,away,0,77
44121,5,"{""series"":[""solutions/game_5/single/rest-001111/top"",""solutions/game_5/single/rest-110101/bot""]}","[0,0,1,1,1,1]","[1,1,0,1,0,1]",2,2,8,0,home_win,home,0,78
44122,1,"{""series"":[""solutions/game_1/series/rest-111111/top"",""solutions/game_1/series/rest-111111/bot""]}","[1,1,1,1,1,1]","[1,1,1,1,1,1]",0,0,5,3,home_win,home,0,76
44122,2,"{""series"":[""solutions/game_2/series/home_wins_1/rest-110011/top"",""solutions/game_2/series/home_wins_1/rest-100111/bot""]}","[1,1,0,0,1,1]","[1,0,0,1,1,1]",1,0,7,6,home_win,home,0,84
44122,3,"{""series"":[""solutions/game_3/series/home_wins_2/rest-110100/top"",""solutions/game_3/series/home_wins_2/rest-101011/bot""]}","[1,1,0,1,0,0]","[1,0,1,0,1,1]",2,0,5,8,away_win,away,0,99
44122,4,"{""series"":[""solutions/game_4/series/home_wins_2/rest-001011/top"",""solutions/game_4/series/home_wins_2/rest-010111/bot""]}","[0,0,1,0,1,1]","[0,1,0,1,1,1]",2,1,5,16,away_win,away,0,92
44122,5,"{""series"":[""solutions/game_5/single/rest-111110/top"",""solutions/game_5/single/rest-111011/bot""]}","[1,1,1,1,1,0]","[1,1,1,0,1,1]",2,2,7,1,home_win,home,0,76
44123,1,"{""series"":[""solutions/game_1/series/rest-111111/top"",""solutions/game_1/series/rest-111111/bot""]}","[1,1,1,1,1,1]","[1,1,1,1,1,1]",0,0,11,2,home_win,home,0,62
44123,2,"{""series"":[""solutions/game_2/series/home_wins_1/rest-111011/top"",""solutions/game_2/series/home_wins_1/rest-001111/bot""]}","[1,1,1,0,1,1]","[0,0,1,1,1,1]",1,0,12,10,home_win,home,0,96
44123,3,"{""series"":[""solutions/game_3/series/home_wins_2/rest-110100/top"",""solutions/game_3/series/home_wins_2/rest-011001/bot""]}","[1,1,0,1,0,0]","[0,1,1,0,0,1]",2,0,16,8,home_win,home,0,82
44123,4,"{""series"":[""solutions/game_4/single/rest-011101/top"",""solutions/game_4/single/rest-101110/bot""]}","[0,1,1,1,0,1]","[1,0,1,1,1,0]",3,0,7,6,home_win,home,1,85
44123,5,"{""series"":[""solutions/game_5/single/rest-111110/top"",""solutions/game_5/single/rest-011011/bot""]}","[1,1,1,1,1,0]","[0,1,1,0,1,1]",4,0,5,4,home_win,home,1,78
44124,1,"{""series"":[""solutions/game_1/series/rest-111111/top"",""solutions/game_1/series/rest-111111/bot""]}","[1,1,1,1,1,1]","[1,1,1,1,1,1]",0,0,8,0,home_win,home,0,54
44124,2,"{""series"":[""solutions/game_2/series/home_wins_1/rest-111111/top"",""solutions/game_2/series/home_wins_1/rest-110011/bot""]}","[1,1,1,1,1,1]","[1,1,0,0,1,1]",1,0,1,2,away_win,away,0,67
44124,3,"{""series"":[""solutions/game_3/series/home_wins_1/rest-110011/top"",""solutions/game_3/series/home_wins_1/rest-110110/bot""]}","[1,1,0,0,1,1]","[1,1,0,1,1,0]",1,1,4,6,away_win,away,0,81
44124,4,"{""series"":[""solutions/game_4/series/home_wins_1/rest-010101/top"",""solutions/game_4/series/home_wins_1/rest-001111/bot""]}","[0,1,0,1,0,1]","[0,0,1,1,1,1]",1,2,10,2,home_win,home,0,63
44124,5,"{""series"":[""solutions/game_5/single/rest-111111/top"",""solutions/game_5/single/rest-111111/bot""]}","[1,1,1,1,1,1]","[1,1,1,1,1,1]",2,2,6,6,tie,away,0,97
44125,1,"{""series"":[""solutions/game_1/series/rest-111111/top"",""solutions/game_1/series/rest-111111/bot""]}","[1,1,1,1,1,1]","[1,1,1,1,1,1]",0,0,4,3,home_win,home,0,74
44125,2,"{""series"":[""solutions/game_2/series/home_wins_1/rest-111001/top"",""solutions/game_2/series/home_wins_1/rest-110111/bot""]}","[1,1,1,0,0,1]","[1,1,0,1,1,1]",1,0,8,9,away_win,away,0,98
44125,3,"{""series"":[""solutions/game_3/series/home_wins_1/rest-010110/top"",""solutions/game_3/series/home_wins_1/rest-101010/bot""]}","[0,1,0,1,1,0]","[1,0,1,0,1,0]",1,1,8,3,home_win,home,0,88
44125,4,"{""series"":[""solutions/game_4/series/home_wins_2/rest-101101/top"",""solutions/game_4/series/home_wins_2/rest-101100/bot""]}","[1,0,1,1,0,1]","[1,0,1,1,0,0]",2,1,4,3,home_win,home,0,81
44125,5,"{""series"":[""solutions/game_5/single/rest-011111/top"",""solutions/game_5/single/rest-010011/bot""]}","[0,1,1,1,1,1]","[0,1,0,0,1,1]",3,1,8,8,tie,home,1,101
44126,1,"{""series"":[""solutions/game_1/series/rest-111111/top"",""solutions/game_1/series/rest-111111/bot""]}","[1,1,1,1,1,1]","[1,1,1,1,1,1]",0,0,3,9,away_win,away,0,82
44126,2,"{""series"":[""solutions/game_2/series/home_wins_0/rest-111011/top"",""solutions/game_2/series/home_wins_0/rest-111100/bot""]}","[1,1,1,0,1,1]","[1,1,1,1,0,0]",0,1,11,1,home_win,home,0,56
44126,3,"{""series"":[""solutions/game_3/series/home_wins_1/rest-111111/top"",""solutions/game_3/series/home_wins_1/rest-111111/bot""]}","[1,1,1,1,1,1]","[1,1,1,1,1,1]",1,1,7,4,home_win,home,0,83
44126,4,"{""series"":[""solutions/game_4/series/home_wins_2/rest-111010/top"",""solutions/game_4/series/home_wins_2/rest-010111/bot""]}","[1,1,1,0,1,0]","[0,1,0,1,1,1]",2,1,7,6,home_win,home,0,89
44126,5,"{""series"":[""solutions/game_5/single/rest-010101/top"",""solutions/game_5/single/rest-101100/bot""]}","[0,1,0,1,0,1]","[1,0,1,1,0,0]",3,1,9,1,home_win,home,1,47
44127,1,"{""series"":[""solutions/game_1/series/rest-111111/top"",""solutions/game_1/series/rest-111111/bot""]}","[1,1,1,1,1,1]","[1,1,1,1,1,1]",0,0,6,7,away_win,away,0,87
44127,2,"{""series"":[""solutions/game_2/series/home_wins_0/rest-011011/top"",""solutions/game_2/series/home_wins_0/rest-011110/bot""]}","[0,1,1,0,1,1]","[0,1,1,1,1,0]",0,1,1,7,away_win,away,0,80
44127,3,"{""series"":[""solutions/game_3/series/home_wins_0/rest-101111/top"",""solutions/game_3/series/home_wins_0/rest-010101/bot""]}","[1,0,1,1,1,1]","[0,1,0,1,0,1]",0,2,6,3,home_win,home,0,79
44127,4,"{""series"":[""solutions/game_4/series/home_wins_1/rest-111111/top"",""solutions/game_4/series/home_wins_1/rest-111011/bot""]}","[1,1,1,1,1,1]","[1,1,1,0,1,1]",1,2,9,2,home_win,home,0,82
44127,5,"{""series"":[""solutions/game_5/single/rest-111001/top"",""solutions/game_5/single/rest-111111/bot""]}","[1,1,1,0,0,1]","[1,1,1,1,1,1]",2,2,2,10,away_win,away,0,87
44128,1,"{""series"":[""solutions/game_1/series/rest-111111/top"",""solutions/game_1/series/rest-111111/bot""]}","[1,1,1,1,1,1]","[1,1,1,1,1,1]",0,0,11,8,home_win,home,0,102
44128,2,"{""series"":[""solutions/game_2/series/home_wins_1/rest-010011/top"",""solutions/game_2/series/home_wins_1/rest-110110/bot""]}","[0,1,0,0,1,1]","[1,1,0,1,1,0]",1,0,7,6,home_win,home,0,92
44128,3,"{""series"":[""solutions/game_3/series/home_wins_2/rest-101110/top"",""solutions/game_3/series/home_wins_2/rest-011011/bot""]}","[1,0,1,1,1,0]","[0,1,1,0,1,1]",2,0,9,3,home_win,home,0,81
44128,4,"{""series"":[""solutions/game_4/single/rest-101101/top"",""solutions/game_4/single/rest-001110/bot""]}","[1,0,1,1,0,1]","[0,0,1,1,1,0]",3,0,4,7,away_win,away,1,81
44128,5,"{""series"":[""solutions/game_5/single/rest-010111/top"",""solutions/game_5/single/rest-110011/bot""]}","[0,1,0,1,1,1]","[1,1,0,0,1,1]",3,1,5,3,home_win,home,1,76
44129,1,"{""series"":[""solutions/game_1/series/rest-111111/top"",""solutions/game_1/series/rest-111111/bot""]}","[1,1,1,1,1,1]","[1,1,1,1,1,1]",0,0,6,5,home_win,home,0,90
44129,2,"{""series"":[""solutions/game_2/series/home_wins_1/rest-111101/top"",""solutions/game_2/series/home_wins_1/rest-000010/bot""]}","[1,1,1,1,0,1]","[0,0,0,0,1,0]",1,0,5,1,home_win,home,0,76
44129,3,"{""series"":[""solutions/game_3/series/home_wins_2/rest-101110/top"",""solutions/game_3/series/home_wins_2/rest-111111/bot""]}","[1,0,1,1,1,0]","[1,1,1,1,1,1]",2,0,5,8,away_win,away,0,89
44129,4,"{""series"":[""solutions/game_4/series/home_wins_2/rest-011001/top"",""solutions/game_4/series/home_wins_2/rest-011011/bot""]}","[0,1,1,0,0,1]","[0,1,1,0,1,1]",2,1,2,4,away_win,away,0,88
44129,5,"{""series"":[""solutions/game_5/single/rest-110110/top"",""solutions/game_5/single/rest-100111/bot""]}","[1,1,0,1,1,0]","[1,0,0,1,1,1]",2,2,5,3,home_win,home,0,75
44130,1,"{""series"":[""solutions/game_1/series/rest-111111/top"",""solutions/game_1/series/rest-111111/bot""]}","[1,1,1,1,1,1]","[1,1,1,1,1,1]",0,0,5,3,home_win,home,0,77
44130,2,"{""series"":[""solutions/game_2/series/home_wins_1/rest-111001/top"",""solutions/game_2/series/home_wins_1/rest-111100/bot""]}","[1,1,1,0,0,1]","[1,1,1,1,0,0]",1,0,6,4,home_win,home,0,84
44130,3,"{""series"":[""solutions/game_3/series/home_wins_2/rest-110111/top"",""solutions/game_3/series/home_wins_2/rest-010001/bot""]}","[1,1,0,1,1,1]","[0,1,0,0,0,1]",2,0,9,6,home_win,home,0,87
44130,4,"{""series"":[""solutions/game_4/single/rest-011001/top"",""solutions/game_4/single/rest-100110/bot""]}","[0,1,1,0,0,1]","[1,0,0,1,1,0]",3,0,1,10,away_win,away,1,59
44130,5,"{""series"":[""solutions/game_5/single/rest-111110/top"",""solutions/game_5/single/rest-111110/bot""]}","[1,1,1,1,1,0]","[1,1,1,1,1,0]",3,1,4,3,home_win,home,1,83
44131,1,"{""series"":[""solutions/game_1/series/rest-111111/top"",""solutions/game_1/series/rest-111111/bot""]}","[1,1,1,1,1,1]","[1,1,1,1,1,1]",0,0,1,2,away_win,away,0,75
44131,2,"{""series"":[""solutions/game_2/series/home_wins_0/rest-011011/top"",""solutions/game_2/series/home_wins_0/rest-101111/bot""]}","[0,1,1,0,1,1]","[1,0,1,1,1,1]",0,1,10,2,home_win,home,0,58
44131,3,"{""series"":[""solutions/game_3/series/home_wins_1/rest-111111/top"",""solutions/game_3/series/home_wins_1/rest-111111/bot""]}","[1,1,1,1,1,1]","[1,1,1,1,1,1]",1,1,7,3,home_win,home,0,82
44131,4,"{""series"":[""solutions/game_4/series/home_wins_2/rest-110001/top"",""solutions/game_4/series/home_wins_2/rest-110111/bot""]}","[1,1,0,0,0,1]","[1,1,0,1,1,1]",2,1,2,8,away_win,away,0,86
44131,5,"{""series"":[""solutions/game_5/single/rest-011010/top"",""solutions/game_5/single/rest-111111/bot""]}","[0,1,1,0,1,0]","[1,1,1,1,1,1]",2,2,2,1,home_win,home,0,71
44132,1,"{""series"":[""solutions/game_1/series/rest-111111/top"",""solutions/game_1/series/rest-111111/bot""]}","[1,1,1,1,1,1]","[1,1,1,1,1,1]",0,0,3,7,away_win,away,0,80
44132,2,"{""series"":[""solutions/game_2/series/home_wins_0/rest-110011/top"",""solutions/game_2/series/home_wins_0/rest-111110/bot""]}","[1,1,0,0,1,1]","[1,1,1,1,1,0]",0,1,1,1,tie,home,0,92
44132,3,"{""series"":[""solutions/game_3/series/home_wins_1/rest-011100/top"",""solutions/game_3/series/home_wins_1/rest-101011/bot""]}","[0,1,1,1,0,0]","[1,0,1,0,1,1]",1,1,1,2,away_win,away,0,81
44132,4,"{""series"":[""solutions/game_4/series/home_wins_1/rest-110011/top"",""solutions/game_4/series/home_wins_1/rest-111111/bot""]}","[1,1,0,0,1,1]","[1,1,1,1,1,1]",1,2,3,4,away_win,away,0,74
44132,5,"{""series"":[""solutions/game_5/single/rest-111111/top"",""solutions/game_5/single/rest-001111/bot""]}","[1,1,1,1,1,1]","[0,0,1,1,1,1]",1,3,8,7,home_win,home,1,82
44133,1,"{""series"":[""solutions/game_1/series/rest-111111/top"",""solutions/game_1/series/rest-111111/bot""]}","[1,1,1,1,1,1]","[1,1,1,1,1,1]",0,0,4,5,away_win,away,0,87
44133,2,"{""series"":[""solutions/game_2/series/home_wins_0/rest-111001/top"",""solutions/game_2/series/home_wins_0/rest-101000/bot""]}","[1,1,1,0,0,1]","[1,0,1,0,0,0]",0,1,1,3,away_win,away,0,84
44133,3,"{""series"":[""solutions/game_3/series/home_wins_0/rest-011111/top"",""solutions/game_3/series/home_wins_0/rest-010111/bot""]}","[0,1,1,1,1,1]","[0,1,0,1,1,1]",0,2,6,3,home_win,home,0,77
44133,4,"{""series"":[""solutions/game_4/series/home_wins_1/rest-111001/top"",""solutions/game_4/series/home_wins_1/rest-110111/bot""]}","[1,1,1,0,0,1]","[1,1,0,1,1,1]",1,2,3,2,home_win,home,0,77
44133,5,"{""series"":[""solutions/game_5/single/rest-000110/top"",""solutions/game_5/single/rest-111101/bot""]}","[0,0,0,1,1,0]","[1,1,1,1,0,1]",2,2,7,5,home_win,home,0,80
44134,1,"{""series"":[""solutions/game_1/series/rest-111111/top"",""solutions/game_1/series/rest-111111/bot""]}","[1,1,1,1,1,1]","[1,1,1,1,1,1]",0,0,0,8,away_win,away,0,74
44134,2,"{""series"":[""solutions/game_2/series/home_wins_0/rest-111111/top"",""solutions/game_2/series/home_wins_0/rest-011111/bot""]}","[1,1,1,1,1,1]","[0,1,1,1,1,1]",0,1,4,12,away_win,away,0,77
44134,3,"{""series"":[""solutions/game_3/series/home_wins_0/rest-011100/top"",""solutions/game_3/series/home_wins_0/rest-101111/bot""]}","[0,1,1,1,0,0]","[1,0,1,1,1,1]",0,2,4,1,home_win,home,0,69
44134,4,"{""series"":[""solutions/game_4/series/home_wins_1/rest-110011/top"",""solutions/game_4/series/home_wins_1/rest-111101/bot""]}","[1,1,0,0,1,1]","[1,1,1,1,0,1]",1,2,5,6,away_win,away,0,87
44134,5,"{""series"":[""solutions/game_5/single/rest-011100/top"",""solutions/game_5/single/rest-001010/bot""]}","[0,1,1,1,0,0]","[0,0,1,0,1,0]",1,3,9,8,home_win,home,1,89
44135,1,"{""series"":[""solutions/game_1/series/rest-111111/top"",""solutions/game_1/series/rest-111111/bot""]}","[1,1,1,1,1,1]","[1,1,1,1,1,1]",0,0,4,8,away_win,away,0,80
44135,2,"{""series"":[""solutions/game_2/series/home_wins_0/rest-111011/top"",""solutions/game_2/series/home_wins_0/rest-011111/bot""]}","[1,1,1,0,1,1]","[0,1,1,1,1,1]",0,1,4,6,away_win,away,0,84
44135,3,"{""series"":[""solutions/game_3/series/home_wins_0/rest-100110/top"",""solutions/game_3/series/home_wins_0/rest-111010/bot""]}","[1,0,0,1,1,0]","[1,1,1,0,1,0]",0,2,8,0,home_win,home,0,52
44135,4,"{""series"":[""solutions/game_4/series/home_wins_1/rest-111111/top"",""solutions/game_4/series/home_wins_1/rest-111110/bot""]}","[1,1,1,1,1,1]","[1,1,1,1,1,0]",1,2,4,1,home_win,home,0,78
44135,5,"{""series"":[""solutions/game_5/single/rest-111100/top"",""solutions/game_5/single/rest-110111/bot""]}","[1,1,1,1,0,0]","[1,1,0,1,1,1]",2,2,3,7,away_win,away,0,83
44136,1,"{""series"":[""solutions/game_1/series/rest-111111/top"",""solutions/game_1/series/rest-111111/bot""]}","[1,1,1,1,1,1]","[1,1,1,1,1,1]",0,0,0,8,away_win,away,0,47
44136,2,"{""series"":[""solutions/game_2/series/home_wins_0/rest-011111/top"",""solutions/game_2/series/home_wins_0/rest-111111/bot""]}","[0,1,1,1,1,1]","[1,1,1,1,1,1]",0,1,5,4,home_win,home,0,82
44136,3,"{""series"":[""solutions/game_3/series/home_wins_1/rest-111111/top"",""solutions/game_3/series/home_wins_1/rest-010111/bot""]}","[1,1,1,1,1,1]","[0,1,0,1,1,1]",1,1,6,4,home_win,home,0,79
44136,4,"{""series"":[""solutions/game_4/series/home_wins_2/rest-011001/top"",""solutions/game_4/series/home_wins_2/rest-111101/bot""]}","[0,1,1,0,0,1]","[1,1,1,1,0,1]",2,1,8,0,home_win,home,0,36
44136,5,"{""series"":[""solutions/game_5/single/rest-111111/top"",""solutions/game_5/single/rest-111111/bot""]}","[1,1,1,1,1,1]","[1,1,1,1,1,1]",3,1,8,3,home_win,home,1,90
44137,1,"{""series"":[""solutions/game_1/series/rest-111111/top"",""solutions/game_1/series/rest-111111/bot""]}","[1,1,1,1,1,1]","[1,1,1,1,1,1]",0,0,3,4,away_win,away,0,83
44137,2,"{""series"":[""solutions/game_2/series/home_wins_0/rest-011110/top"",""solutions/game_2/series/home_wins_0/rest-101111/bot""]}","[0,1,1,1,1,0]","[1,0,1,1,1,1]",0,1,10,1,home_win,home,0,49
44137,3,"{""series"":[""solutions/game_3/series/home_wins_1/rest-111111/top"",""solutions/game_3/series/home_wins_1/rest-110111/bot""]}","[1,1,1,1,1,1]","[1,1,0,1,1,1]",1,1,2,7,away_win,away,0,83
44137,4,"{""series"":[""solutions/game_4/series/home_wins_1/rest-110111/top"",""solutions/game_4/series/home_wins_1/rest-111110/bot""]}","[1,1,0,1,1,1]","[1,1,1,1,1,0]",1,2,6,4,home_win,home,0,83
44137,5,"{""series"":[""solutions/game_5/single/rest-101110/top"",""solutions/game_5/single/rest-111111/bot""]}","[1,0,1,1,1,0]","[1,1,1,1,1,1]",2,2,6,5,home_win,home,0,97
44138,1,"{""series"":[""solutions/game_1/series/rest-111111/top"",""solutions/game_1/series/rest-111111/bot""]}","[1,1,1,1,1,1]","[1,1,1,1,1,1]",0,0,3,7,away_win,away,0,85
44138,2,"{""series"":[""solutions/game_2/series/home_wins_0/rest-111110/top"",""solutions/game_2/series/home_wins_0/rest-111111/bot""]}","[1,1,1,1,1,0]","[1,1,1,1,1,1]",0,1,4,2,home_win,home,0,72
44138,3,"{""series"":[""solutions/game_3/series/home_wins_1/rest-110011/top"",""solutions/game_3/series/home_wins_1/rest-111100/bot""]}","[1,1,0,0,1,1]","[1,1,1,1,0,0]",1,1,2,7,away_win,away,0,76
44138,4,"{""series"":[""solutions/game_4/series/home_wins_1/rest-011100/top"",""solutions/game_4/series/home_wins_1/rest-010111/bot""]}","[0,1,1,1,0,0]","[0,1,0,1,1,1]",1,2,5,6,away_win,away,0,85
44138,5,"{""series"":[""solutions/game_5/single/rest-110110/top"",""solutions/game_5/single/rest-111000/bot""]}","[1,1,0,1,1,0]","[1,1,1,0,0,0]",1,3,3,7,away_win,away,1,82
44139,1,"{""series"":[""solutions/game_1/series/rest-111111/top"",""solutions/game_1/series/rest-111111/bot""]}","[1,1,1,1,1,1]","[1,1,1,1,1,1]",0,0,3,5,away_win,away,0,84
44139,2,"{""series"":[""solutions/game_2/series/home_wins_0/rest-001111/top"",""solutions/game_2/series/home_wins_0/rest-101110/bot""]}","[0,0,1,1,1,1]","[1,0,1,1,1,0]",0,1,6,9,away_win,away,0,86
44139,3,"{""series"":[""solutions/game_3/series/home_wins_0/rest-111001/top"",""solutions/game_3/series/home_wins_0/rest-110011/bot""]}","[1,1,1,0,0,1]","[1,1,0,0,1,1]",0,2,3,7,away_win,away,0,82
44139,4,"{""series"":[""solutions/game_4/single/rest-010110/top"",""solutions/game_4/single/rest-001111/bot""]}","[0,1,0,1,1,0]","[0,0,1,1,1,1]",0,3,4,5,away_win,away,1,82
44139,5,"{""series"":[""solutions/game_5/single/rest-101001/top"",""solutions/game_5/single/rest-111010/bot""]}","[1,0,1,0,0,1]","[1,1,1,0,1,0]",0,4,6,10,away_win,away,1,92
44140,1,"{""series"":[""solutions/game_1/series/rest-111111/top"",""solutions/game_1/series/rest-111111/bot""]}","[1,1,1,1,1,1]","[1,1,1,1,1,1]",0,0,2,7,away_win,away,0,79
44140,2,"{""series"":[""solutions/game_2/series/home_wins_0/rest-011111/top"",""solutions/game_2/series/home_wins_0/rest-110111/bot""]}","[0,1,1,1,1,1]","[1,1,0,1,1,1]",0,1,4,3,home_win,home,0,84
44140,3,"{""series"":[""solutions/game_3/series/home_wins_1/rest-100100/top"",""solutions/game_3/series/home_wins_1/rest-001011/bot""]}","[1,0,0,1,0,0]","[0,0,1,0,1,1]",1,1,5,4,home_win,home,0,82
44140,4,"{""series"":[""solutions/game_4/series/home_wins_2/rest-011111/top"",""solutions/game_4/series/home_wins_2/rest-111110/bot""]}","[0,1,1,1,1,1]","[1,1,1,1,1,0]",2,1,2,3,away_win,away,0,83
44140,5,"{""series"":[""solutions/game_5/single/rest-111100/top"",""solutions/game_5/single/rest-110011/bot""]}","[1,1,1,1,0,0]","[1,1,0,0,1,1]",2,2,4,1,home_win,home,0,72
44141,1,"{""series"":[""solutions/game_1/series/rest-111111/top"",""solutions/game_1/series/rest-111111/bot""]}","[1,1,1,1,1,1]","[1,1,1,1,1,1]",0,0,11,3,home_win,home,0,70
44141,2,"{""series"":[""solutions/game_2/series/home_wins_1/rest-111101/top"",""solutions/game_2/series/home_wins_1/rest-111110/bot""]}","[1,1,1,1,0,1]","[1,1,1,1,1,0]",1,0,1,9,away_win,away,0,67
44141,3,"{""series"":[""solutions/game_3/series/home_wins_1/rest-011111/top"",""solutions/game_3/series/home_wins_1/rest-111110/bot""]}","[0,1,1,1,1,1]","[1,1,1,1,1,0]",1,1,5,2,home_win,home,0,83
44141,4,"{""series"":[""solutions/game_4/series/home_wins_2/rest-110001/top"",""solutions/game_4/series/home_wins_2/rest-100011/bot""]}","[1,1,0,0,0,1]","[1,0,0,0,1,1]",2,1,2,5,away_win,away,0,82
44141,5,"{""series"":[""solutions/game_5/single/rest-011101/top"",""solutions/game_5/single/rest-011100/bot""]}","[0,1,1,1,0,1]","[0,1,1,1,0,0]",2,2,5,1,home_win,home,0,73
44142,1,"{""series"":[""solutions/game_1/series/rest-111111/top"",""solutions/game_1/series/rest-111111/bot""]}","[1,1,1,1,1,1]","[1,1,1,1,1,1]",0,0,8,7,home_win,home,0,89
44142,2,"{""series"":[""solutions/game_2/series/home_wins_1/rest-111110/top"",""solutions/game_2/series/home_wins_1/rest-101111/bot""]}","[1,1,1,1,1,0]","[1,0,1,1,1,1]",1,0,10,2,home_win,home,0,68
44142,3,"{""series"":[""solutions/game_3/series/home_wins_2/rest-101111/top"",""solutions/game_3/series/home_wins_2/rest-110111/bot""]}","[1,0,1,1,1,1]","[1,1,0,1,1,1]",2,0,2,3,away_win,away,0,78
44142,4,"{""series"":[""solutions/game_4/series/home_wins_2/rest-111100/top"",""solutions/game_4/series/home_wins_2/rest-111111/bot""]}","[1,1,1,1,0,0]","[1,1,1,1,1,1]",2,1,4,3,home_win,home,0,80
44142,5,"{""series"":[""solutions/game_5/single/rest-010010/top"",""solutions/game_5/single/rest-101111/bot""]}","[0,1,0,0,1,0]","[1,0,1,1,1,1]",3,1,8,6,home_win,home,1,102
44143,1,"{""series"":[""solutions/game_1/series/rest-111111/top"",""solutions/game_1/series/rest-111111/bot""]}","[1,1,1,1,1,1]","[1,1,1,1,1,1]",0,0,3,4,away_win,away,0,82
44143,2,"{""series"":[""solutions/game_2/series/home_wins_0/rest-110001/top"",""solutions/game_2/series/home_wins_0/rest-101010/bot""]}","[1,1,0,0,0,1]","[1,0,1,0,1,0]",0,1,3,2,home_win,home,0,72
44143,3,"{""series"":[""solutions/game_3/series/home_wins_1/rest-001101/top"",""solutions/game_3/series/home_wins_1/rest-111101/bot""]}","[0,0,1,1,0,1]","[1,1,1,1,0,1]",1,1,2,5,away_win,away,0,70
44143,4,"{""series"":[""solutions/game_4/series/home_wins_1/rest-111011/top"",""solutions/game_4/series/home_wins_1/rest-111110/bot""]}","[1,1,1,0,1,1]","[1,1,1,1,1,0]",1,2,3,2,home_win,home,0,83
44143,5,"{""series"":[""solutions/game_5/single/rest-000101/top"",""solutions/game_5/single/rest-100011/bot""]}","[0,0,0,1,0,1]","[1,0,0,0,1,1]",2,2,0,2,away_win,away,0,70
44144,1,"{""series"":[""solutions/game_1/series/rest-111111/top"",""solutions/game_1/series/rest-111111/bot""]}","[1,1,1,1,1,1]","[1,1,1,1,1,1]",0,0,0,8,away_win,away,0,59
44144,2,"{""series"":[""solutions/game_2/series/home_wins_0/rest-111111/top"",""solutions/game_2/series/home_wins_0/rest-111111/bot""]}","[1,1,1,1,1,1]","[1,1,1,1,1,1]",0,1,3,5,away_win,away,0,87
44144,3,"{""series"":[""solutions/game_3/series/home_wins_0/rest-011011/top"",""solutions/game_3/series/home_wins_0/rest-001011/bot""]}","[0,1,1,0,1,1]","[0,0,1,0,1,1]",0,2,8,7,home_win,home,0,85
44144,4,"{""series"":[""solutions/game_4/series/home_wins_1/rest-110100/top"",""solutions/game_4/series/home_wins_1/rest-011110/bot""]}","[1,1,0,1,0,0]","[0,1,1,1,1,0]",1,2,2,3,away_win,away,0,79
44144,5,"{""series"":[""solutions/game_5/single/rest-000011/top"",""solutions/game_5/single/rest-101111/bot""]}","[0,0,0,0,1,1]","[1,0,1,1,1,1]",1,3,7,3,home_win,home,1,81
44145,1,"{""series"":[""solutions/game_1/series/rest-111111/top"",""solutions/game_1/series/rest-111111/bot""]}","[1,1,1,1,1,1]","[1,1,1,1,1,1]",0,0,6,7,away_win,away,0,93
44145,2,"{""series"":[""solutions/game_2/series/home_wins_0/rest-001111/top"",""solutions/game_2/series/home_wins_0/rest-111000/bot""]}","[0,0,1,1,1,1]","[1,1,1,0,0,0]",0,1,1,7,away_win,away,0,80
44145,3,"{""series"":[""solutions/game_3/series/home_wins_0/rest-111110/top"",""solutions/game_3/series/home_wins_0/rest-110111/bot""]}","[1,1,1,1,1,0]","[1,1,0,1,1,1]",0,2,7,8,away_win,away,0,94
44145,4,"{""series"":[""solutions/game_4/single/rest-010001/top"",""solutions/game_4/single/rest-101010/bot""]}","[0,1,0,0,0,1]","[1,0,1,0,1,0]",0,3,6,2,home_win,home,1,77
44145,5,"{""series"":[""solutions/game_5/single/rest-101110/top"",""solutions/game_5/single/rest-011001/bot""]}","[1,0,1,1,1,0]","[0,1,1,0,0,1]",1,3,8,0,home_win,home,1,15
44146,1,"{""series"":[""solutions/game_1/series/rest-111111/top"",""solutions/game_1/series/rest-111111/bot""]}","[1,1,1,1,1,1]","[1,1,1,1,1,1]",0,0,9,0,home_win,home,0,45
44146,2,"{""series"":[""solutions/game_2/series/home_wins_1/rest-111111/top"",""solutions/game_2/series/home_wins_1/rest-111111/bot""]}","[1,1,1,1,1,1]","[1,1,1,1,1,1]",1,0,4,5,away_win,away,0,82
44146,3,"{""series"":[""solutions/game_3/series/home_wins_1/rest-011111/top"",""solutions/game_3/series/home_wins_1/rest-001111/bot""]}","[0,1,1,1,1,1]","[0,0,1,1,1,1]",1,1,2,6,away_win,away,0,85
44146,4,"{""series"":[""solutions/game_4/series/home_wins_1/rest-111101/top"",""solutions/game_4/series/home_wins_1/rest-110111/bot""]}","[1,1,1,1,0,1]","[1,1,0,1,1,1]",1,2,2,6,away_win,away,0,88
44146,5,"{""series"":[""solutions/game_5/single/rest-010111/top"",""solutions/game_5/single/rest-101110/bot""]}","[0,1,0,1,1,1]","[1,0,1,1,1,0]",1,3,8,4,home_win,home,1,87
44147,1,"{""series"":[""solutions/game_1/series/rest-111111/top"",""solutions/game_1/series/rest-111111/bot""]}","[1,1,1,1,1,1]","[1,1,1,1,1,1]",0,0,4,3,home_win,home,0,81
44147,2,"{""series"":[""solutions/game_2/series/home_wins_1/rest-111011/top"",""solutions/game_2/series/home_wins_1/rest-101011/bot""]}","[1,1,1,0,1,1]","[1,0,1,0,1,1]",1,0,0,10,away_win,away,0,39
44147,3,"{""series"":[""solutions/game_3/series/home_wins_1/rest-111011/top"",""solutions/game_3/series/home_wins_1/rest-111111/bot""]}","[1,1,1,0,1,1]","[1,1,1,1,1,1]",1,1,3,1,home_win,home,0,74
44147,4,"{""series"":[""solutions/game_4/series/home_wins_2/rest-010110/top"",""solutions/game_4/series/home_wins_2/rest-011111/bot""]}","[0,1,0,1,1,0]","[0,1,1,1,1,1]",2,1,5,4,home_win,home,0,87
44147,5,"{""series"":[""solutions/game_5/single/rest-001111/top"",""solutions/game_5/single/rest-101011/bot""]}","[0,0,1,1,1,1]","[1,0,1,0,1,1]",3,1,8,0,home_win,home,1,52
44148,1,"{""series"":[""solutions/game_1/series/rest-111111/top"",""solutions/game_1/series/rest-111111/bot""]}","[1,1,1,1,1,1]","[1,1,1,1,1,1]",0,0,5,4,home_win,home,0,74
44148,2,"{""series"":[""solutions/game_2/series/home_wins_1/rest-111101/top"",""solutions/game_2/series/home_wins_1/rest-111011/bot""]}","[1,1,1,1,0,1]","[1,1,1,0,1,1]",1,0,4,8,away_win,away,0,93
44148,3,"{""series"":[""solutions/game_3/series/home_wins_1/rest-111110/top"",""solutions/game_3/series/home_wins_1/rest-110101/bot""]}","[1,1,1,1,1,0]","[1,1,0,1,0,1]",1,1,9,1,home_win,home,0,39
44148,4,"{""series"":[""solutions/game_4/series/home_wins_2/rest-111111/top"",""solutions/game_4/series/home_wins_2/rest-111111/bot""]}","[1,1,1,1,1,1]","[1,1,1,1,1,1]",2,1,4,2,home_win,home,0,77
44148,5,"{""series"":[""solutions/game_5/single/rest-110111/top"",""solutions/game_5/single/rest-001111/bot""]}","[1,1,0,1,1,1]","[0,0,1,1,1,1]",3,1,3,1,home_win,home,1,69
44149,1,"{""series"":[""solutions/game_1/series/rest-111111/top"",""solutions/game_1/series/rest-111111/bot""]}","[1,1,1,1,1,1]","[1,1,1,1,1,1]",0,0,1,9,away_win,away,0,60
44149,2,"{""series"":[""solutions/game_2/series/home_wins_0/rest-011111/top"",""solutions/game_2/series/home_wins_0/rest-111111/bot""]}","[0,1,1,1,1,1]","[1,1,1,1,1,1]",0,1,3,10,away_win,away,0,89
44149,3,"{""series"":[""solutions/game_3/series/home_wins_0/rest-101111/top"",""solutions/game_3/series/home_wins_0/rest-011110/bot""]}","[1,0,1,1,1,1]","[0,1,1,1,1,0]",0,2,6,8,away_win,away,0,96
44149,4,"{""series"":[""solutions/game_4/single/rest-010111/top"",""solutions/game_4/single/rest-100001/bot""]}","[0,1,0,1,1,1]","[1,0,0,0,0,1]",0,3,7,5,home_win,home,1,90
44149,5,"{""series"":[""solutions/game_5/single/rest-101000/top"",""solutions/game_5/single/rest-011110/bot""]}","[1,0,1,0,0,0]","[0,1,1,1,1,0]",1,3,0,3,away_win,away,1,77
44150,1,"{""series"":[""solutions/game_1/series/rest-111111/top"",""solutions/game_1/series/rest-111111/bot""]}","[1,1,1,1,1,1]","[1,1,1,1,1,1]",0,0,5,5,tie,home,0,90
44150,2,"{""series"":[""solutions/game_2/series/home_wins_1/rest-010011/top"",""solutions/game_2/series/home_wins_1/rest-101110/bot""]}","[0,1,0,0,1,1]","[1,0,1,1,1,0]",1,0,6,2,home_win,home,0,82
44150,3,"{""series"":[""solutions/game_3/series/home_wins_2/rest-111100/top"",""solutions/game_3/series/home_wins_2/rest-010110/bot""]}","[1,1,1,1,0,0]","[0,1,0,1,1,0]",2,0,5,8,away_win,away,0,93
44150,4,"{""series"":[""solutions/game_4/series/home_wins_2/rest-100011/top"",""solutions/game_4/series/home_wins_2/rest-101111/bot""]}","[1,0,0,0,1,1]","[1,0,1,1,1,1]",2,1,4,12,away_win,away,0,73
44150,5,"{""series"":[""solutions/game_5/single/rest-111111/top"",""solutions/game_5/single/rest-111101/bot""]}","[1,1,1,1,1,1]","[1,1,1,1,0,1]",2,2,3,4,away_win,away,0,82
44151,1,"{""series"":[""solutions/game_1/series/rest-111111/top"",""solutions/game_1/series/rest-111111/bot""]}","[1,1,1,1,1,1]","[1,1,1,1,1,1]",0,0,1,3,away_win,away,0,74
44151,2,"{""series"":[""solutions/game_2/series/home_wins_0/rest-110101/top"",""solutions/game_2/series/home_wins_0/rest-011111/bot""]}","[1,1,0,1,0,1]","[0,1,1,1,1,1]",0,1,3,5,away_win,away,0,75
44151,3,"{""series"":[""solutions/game_3/series/home_wins_0/rest-101001/top"",""solutions/game_3/series/home_wins_0/rest-111111/bot""]}","[1,0,1,0,0,1]","[1,1,1,1,1,1]",0,2,9,8,home_win,home,0,95
44151,4,"{""series"":[""solutions/game_4/series/home_wins_1/rest-110110/top"",""solutions/game_4/series/home_wins_1/rest-011011/bot""]}","[1,1,0,1,1,0]","[0,1,1,0,1,1]",1,2,3,2,home_win,home,0,76
44151,5,"{""series"":[""solutions/game_5/single/rest-101001/top"",""solutions/game_5/single/rest-100110/bot""]}","[1,0,1,0,0,1]","[1,0,0,1,1,0]",2,2,3,7,away_win,away,0,92
44152,1,"{""series"":[""solutions/game_1/series/rest-111111/top"",""solutions/game_1/series/rest-111111/bot""]}","[1,1,1,1,1,1]","[1,1,1,1,1,1]",0,0,2,3,away_win,away,0,75
44152,2,"{""series"":[""solutions/game_2/series/home_wins_0/rest-111101/top"",""solutions/game_2/series/home_wins_0/rest-100010/bot""]}","[1,1,1,1,0,1]","[1,0,0,0,1,0]",0,1,0,1,away_win,away,0,73
44152,3,"{""series"":[""solutions/game_3/series/home_wins_0/rest-111011/top"",""solutions/game_3/series/home_wins_0/rest-011111/bot""]}","[1,1,1,0,1,1]","[0,1,1,1,1,1]",0,2,6,1,home_win,home,0,72
44152,4,"{""series"":[""solutions/game_4/series/home_wins_1/rest-111100/top"",""solutions/game_4/series/home_wins_1/rest-111101/bot""]}","[1,1,1,1,0,0]","[1,1,1,1,0,1]",1,2,4,3,home_win,home,0,78
44152,5,"{""series"":[""solutions/game_5/single/rest-110111/top"",""solutions/game_5/single/rest-011111/bot""]}","[1,1,0,1,1,1]","[0,1,1,1,1,1]",2,2,11,10,home_win,home,0,104
44153,1,"{""series"":[""solutions/game_1/series/rest-111111/top"",""solutions/game_1/series/rest-111111/bot""]}","[1,1,1,1,1,1]","[1,1,1,1,1,1]",0,0,2,4,away_win,away,0,80
44153,2,"{""series"":[""solutions/game_2/series/home_wins_0/rest-111001/top"",""solutions/game_2/series/home_wins_0/rest-001111/bot""]}","[1,1,1,0,0,1]","[0,0,1,1,1,1]",0,1,2,6,away_win,away,0,86
44153,3,"{""series"":[""solutions/game_3/series/home_wins_0/rest-000110/top"",""solutions/game_3/series/home_wins_0/rest-110010/bot""]}","[0,0,0,1,1,0]","[1,1,0,0,1,0]",0,2,9,1,home_win,home,0,71
44153,4,"{""series"":[""solutions/game_4/series/home_wins_1/rest-111111/top"",""solutions/game_4/series/home_wins_1/rest-111000/bot""]}","[1,1,1,1,1,1]","[1,1,1,0,0,0]",1,2,3,2,home_win,home,0,74
44153,5,"{""series"":[""solutions/game_5/single/rest-110001/top"",""solutions/game_5/single/rest-110111/bot""]}","[1,1,0,0,0,1]","[1,1,0,1,1,1]",2,2,1,4,away_win,away,0,74
44154,1,"{""series"":[""solutions/game_1/series/rest-111111/top"",""solutions/game_1/series/rest-111111/bot""]}","[1,1,1,1,1,1]","[1,1,1,1,1,1]",0,0,4,3,home_win,home,0,69
44154,2,"{""series"":[""solutions/game_2/series/home_wins_1/rest-111001/top"",""solutions/game_2/series/home_wins_1/rest-101111/bot""]}","[1,1,1,0,0,1]","[1,0,1,1,1,1]",1,0,2,11,away_win,away,0,74
44154,3,"{""series"":[""solutions/game_3/series/home_wins_1/rest-111110/top"",""solutions/game_3/series/home_wins_1/rest-111111/bot""]}","[1,1,1,1,1,0]","[1,1,1,1,1,1]",1,1,3,5,away_win,away,0,79
44154,4,"{""series"":[""solutions/game_4/series/home_wins_1/rest-001111/top"",""solutions/game_4/series/home_wins_1/rest-011110/bot""]}","[0,0,1,1,1,1]","[0,1,1,1,1,0]",1,2,2,5,away_win,away,0,90
44154,5,"{""series"":[""solutions/game_5/single/rest-110010/top"",""solutions/game_5/single/rest-100101/bot""]}","[1,1,0,0,1,0]","[1,0,0,1,0,1]",1,3,12,11,home_win,home,1,104
44155,1,"{""series"":[""solutions/game_1/series/rest-111111/top"",""solutions/game_1/series/rest-111111/bot""]}","[1,1,1,1,1,1]","[1,1,1,1,1,1]",0,0,5,4,home_win,home,0,77
44155,2,"{""series"":[""solutions/game_2/series/home_wins_1/rest-111011/top"",""solutions/game_2/series/home_wins_1/rest-001011/bot""]}","[1,1,1,0,1,1]","[0,0,1,0,1,1]",1,0,1,2,away_win,away,0,84
44155,3,"{""series"":[""solutions/game_3/series/home_wins_1/rest-010100/top"",""solutions/game_3/series/home_wins_1/rest-110110/bot""]}","[0,1,0,1,0,0]","[1,1,0,1,1,0]",1,1,4,7,away_win,away,0,83
44155,4,"{""series"":[""solutions/game_4/series/home_wins_1/rest-100010/top"",""solutions/game_4/series/home_wins_1/rest-011111/bot""]}","[1,0,0,0,1,0]","[0,1,1,1,1,1]",1,2,6,9,away_win,away,0,96
44155,5,"{""series"":[""solutions/game_5/single/rest-011100/top"",""solutions/game_5/single/rest-100100/bot""]}","[0,1,1,1,0,0]","[1,0,0,1,0,0]",1,3,3,9,away_win,away,1,81
44156,1,"{""series"":[""solutions/game_1/series/rest-111111/top"",""solutions/game_1/series/rest-111111/bot""]}","[1,1,1,1,1,1]","[1,1,1,1,1,1]",0,0,3,2,home_win,home,0,72
44156,2,"{""series"":[""solutions/game_2/series/home_wins_1/rest-111111/top"",""solutions/game_2/series/home_wins_1/rest-101110/bot""]}","[1,1,1,1,1,1]","[1,0,1,1,1,0]",1,0,4,10,away_win,away,0,91
44156,3,"{""series"":[""solutions/game_3/series/home_wins_1/rest-111001/top"",""solutions/game_3/series/home_wins_1/rest-010011/bot""]}","[1,1,1,0,0,1]","[0,1,0,0,1,1]",1,1,5,3,home_win,home,0,78
44156,4,"{""series"":[""solutions/game_4/series/home_wins_2/rest-110111/top"",""solutions/game_4/series/home_wins_2/rest-011101/bot""]}","[1,1,0,1,1,1]","[0,1,1,1,0,1]",2,1,3,10,away_win,away,0,87
44156,5,"{""series"":[""solutions/game_5/single/rest-111110/top"",""solutions/game_5/single/rest-110110/bot""]}","[1,1,1,1,1,0]","[1,1,0,1,1,0]",2,2,12,5,home_win,home,0,91
44157,1,"{""series"":[""solutions/game_1/series/rest-111111/top"",""solutions/game_1/series/rest-111111/bot""]}","[1,1,1,1,1,1]","[1,1,1,1,1,1]",0,0,6,1,home_win,home,0,74
44157,2,"{""series"":[""solutions/game_2/series/home_wins_1/rest-101011/top"",""solutions/game_2/series/home_wins_1/rest-011101/bot""]}","[1,0,1,0,1,1]","[0,1,1,1,0,1]",1,0,2,3,away_win,away,0,78
44157,3,"{""series"":[""solutions/game_3/series/home_wins_1/rest-111100/top"",""solutions/game_3/series/home_wins_1/rest-101010/bot""]}","[1,1,1,1,0,0]","[1,0,1,0,1,0]",1,1,5,9,away_win,away,0,93
44157,4,"{""series"":[""solutions/game_4/series/home_wins_1/rest-011011/top"",""solutions/game_4/series/home_wins_1/rest-011101/bot""]}","[0,1,1,0,1,1]","[0,1,1,1,0,1]",1,2,3,4,away_win,away,0,77
44157,5,"{""series"":[""solutions/game_5/single/rest-110101/top"",""solutions/game_5/single/rest-101010/bot""]}","[1,1,0,1,0,1]","[1,0,1,0,1,0]",1,3,8,12,away_win,away,1,96
44158,1,"{""series"":[""solutions/game_1/series/rest-111111/top"",""solutions/game_1/series/rest-111111/bot""]}","[1,1,1,1,1,1]","[1,1,1,1,1,1]",0,0,4,3,home_win,home,0,78
44158,2,"{""series"":[""solutions/game_2/series/home_wins_1/rest-011001/top"",""solutions/game_2/series/home_wins_1/rest-111111/bot""]}","[0,1,1,0,0,1]","[1,1,1,1,1,1]",1,0,6,9,away_win,away,0,85
44158,3,"{""series"":[""solutions/game_3/series/home_wins_1/rest-110111/top"",""solutions/game_3/series/home_wins_1/rest-110100/bot""]}","[1,1,0,1,1,1]","[1,1,0,1,0,0]",1,1,1,7,away_win,away,0,80
44158,4,"{""series"":[""solutions/game_4/series/home_wins_1/rest-010110/top"",""solutions/game_4/series/home_wins_1/rest-001111/bot""]}","[0,1,0,1,1,0]","[0,0,1,1,1,1]",1,2,9,8,home_win,home,0,84
44158,5,"{""series"":[""solutions/game_5/single/rest-001111/top"",""solutions/game_5/single/rest-111111/bot""]}","[0,0,1,1,1,1]","[1,1,1,1,1,1]",2,2,3,2,home_win,home,0,74
44159,1,"{""series"":[""solutions/game_1/series/rest-111111/top"",""solutions/game_1/series/rest-111111/bot""]}","[1,1,1,1,1,1]","[1,1,1,1,1,1]",0,0,6,2,home_win,home,0,78
44159,2,"{""series"":[""solutions/game_2/series/home_wins_1/rest-011001/top"",""solutions/game_2/series/home_wins_1/rest-101111/bot""]}","[0,1,1,0,0,1]","[1,0,1,1,1,1]",1,0,5,9,away_win,away,0,95
44159,3,"{""series"":[""solutions/game_3/series/home_wins_1/rest-100011/top"",""solutions/game_3/series/home_wins_1/rest-001010/bot""]}","[1,0,0,0,1,1]","[0,0,1,0,1,0]",1,1,2,4,away_win,away,0,80
44159,4,"{""series"":[""solutions/game_4/series/home_wins_1/rest-011111/top"",""solutions/game_4/series/home_wins_1/rest-111101/bot""]}","[0,1,1,1,1,1]","[1,1,1,1,0,1]",1,2,4,4,tie,home,0,91
44159,5,"{""series"":[""solutions/game_5/single/rest-110101/top"",""solutions/game_5/single/rest-100111/bot""]}","[1,1,0,1,0,1]","[1,0,0,1,1,1]",2,2,1,10,away_win,away,0,44
44160,1,"{""series"":[""solutions/game_1/series/rest-111111/top"",""solutions/game_1/series/rest-111111/bot""]}","[1,1,1,1,1,1]","[1,1,1,1,1,1]",0,0,10,2,home_win,home,0,59
44160,2,"{""series"":[""solutions/game_2/series/home_wins_1/rest-111111/top"",""solutions/game_2/series/home_wins_1/rest-111101/bot""]}","[1,1,1,1,1,1]","[1,1,1,1,0,1]",1,0,7,8,away_win,away,0,96
44160,3,"{""series"":[""solutions/game_3/series/home_wins_1/rest-011001/top"",""solutions/game_3/series/home_wins_1/rest-100111/bot""]}","[0,1,1,0,0,1]","[1,0,0,1,1,1]",1,1,2,1,home_win,home,0,75
44160,4,"{""series"":[""solutions/game_4/series/home_wins_2/rest-101110/top"",""solutions/game_4/series/home_wins_2/rest-011110/bot""]}","[1,0,1,1,1,0]","[0,1,1,1,1,0]",2,1,0,2,away_win,away,0,78
44160,5,"{""series"":[""solutions/game_5/single/rest-000111/top"",""solutions/game_5/single/rest-101011/bot""]}","[0,0,0,1,1,1]","[1,0,1,0,1,1]",2,2,6,2,home_win,home,0,74
