sequence,game,policies,home_initial_rest,away_initial_rest,home_wins_before,away_wins_before,home_score,away_score,terminal_result,winner,post_clinch,decisions
26753,1,"{""total"":[""solutions/game_1/total/rest-111111/top"",""solutions/game_1/total/rest-111111/bot""],""series"":[""solutions/game_1/series/rest-111111/top"",""solutions/game_1/series/rest-111111/bot""]}","[1,1,1,1,1,1]","[1,1,1,1,1,1]",0,0,6,7,away_win,away,0,97
26753,2,"{""total"":[""solutions/game_2/total/rest-010101/top"",""solutions/game_2/total/rest-101010/bot""],""series"":[""solutions/game_2/series/home_wins_0/rest-010101/top"",""solutions/game_2/series/home_wins_0/rest-101010/bot""]}","[0,1,0,1,0,1]","[1,0,1,0,1,0]",0,1,2,11,away_win,away,0,54
26753,3,"{""total"":[""solutions/game_3/total/rest-111111/top"",""solutions/game_3/total/rest-101111/bot""],""series"":[""solutions/game_3/series/home_wins_0/rest-111111/top"",""solutions/game_3/series/home_wins_0/rest-101111/bot""]}","[1,1,1,1,1,1]","[1,0,1,1,1,1]",0,2,2,3,away_win,away,0,76
26753,4,"{""total"":[""solutions/game_4/total/rest-110001/top"",""solutions/game_4/total/rest-011011/bot""],""series"":[""solutions/game_4/single/rest-110001/top"",""solutions/game_4/single/rest-011011/bot""]}","[1,1,0,0,0,1]","[0,1,1,0,1,1]",0,3,0,8,away_win,away,1,70
26753,5,"{""total"":[""solutions/game_5/single/rest-101101/top"",""solutions/game_5/single/rest-101101/bot""],""series"":[""solutions/game_5/single/rest-101101/top"",""solutions/game_5/single/rest-101101/bot""]}","[1,0,1,1,0,1]","[1,0,1,1,0,1]",0,4,6,5,home_win,home,1,89
26754,1,"{""total"":[""solutions/game_1/total/rest-111111/top"",""solutions/game_1/total/rest-111111/bot""],""series"":[""solutions/game_1/series/rest-111111/top"",""solutions/game_1/series/rest-111111/bot""]}","[1,1,1,1,1,1]","[1,1,1,1,1,1]",0,0,3,10,away_win,away,0,91
26754,2,"{""total"":[""solutions/game_2/total/rest-101101/top"",""solutions/game_2/total/rest-011111/bot""],""series"":[""solutions/game_2/series/home_wins_0/rest-101101/top"",""solutions/game_2/series/home_wins_0/rest-011111/bot""]}","[1,0,1,1,0,1]","[0,1,1,1,1,1]",0,1,8,5,home_win,home,0,79
26754,3,"{""total"":[""solutions/game_3/total/rest-010111/top"",""solutions/game_3/total/rest-110011/bot""],""series"":[""solutions/game_3/series/home_wins_1/rest-010111/top"",""solutions/game_3/series/home_wins_1/rest-110011/bot""]}","[0,1,0,1,1,1]","[1,1,0,0,1,1]",1,1,3,1,home_win,home,0,70
26754,4,"{""total"":[""solutions/game_4/total/rest-111101/top"",""solutions/game_4/total/rest-111110/bot""],""series"":[""solutions/game_4/series/home_wins_2/rest-111101/top"",""solutions/game_4/series/home_wins_2/rest-111110/bot""]}","[1,1,1,1,0,1]","[1,1,1,1,1,0]",2,1,1,9,away_win,away,0,53
26754,5,"{""total"":[""solutions/game_5/single/rest-111110/top"",""solutions/game_5/single/rest-111111/bot""],""series"":[""solutions/game_5/single/rest-111110/top"",""solutions/game_5/single/rest-111111/bot""]}","[1,1,1,1,1,0]","[1,1,1,1,1,1]",2,2,7,4,home_win,home,0,84
26755,1,"{""total"":[""solutions/game_1/total/rest-111111/top"",""solutions/game_1/total/rest-111111/bot""],""series"":[""solutions/game_1/series/rest-111111/top"",""solutions/game_1/series/rest-111111/bot""]}","[1,1,1,1,1,1]","[1,1,1,1,1,1]",0,0,2,6,away_win,away,0,82
26755,2,"{""total"":[""solutions/game_2/total/rest-111001/top"",""solutions/game_2/total/rest-001101/bot""],""series"":[""solutions/game_2/series/home_wins_0/rest-111001/top"",""solutions/game_2/series/home_wins_0/rest-001101/bot""]}","[1,1,1,0,0,1]","[0,0,1,1,0,1]",0,1,4,2,home_win,home,0,77
26755,3,"{""total"":[""solutions/game_3/total/rest-011111/top"",""solutions/game_3/total/rest-111010/bot""],""series"":[""solutions/game_3/series/home_wins_1/rest-011111/top"",""solutions/game_3/series/home_wins_1/rest-111010/bot""]}","[0,1,1,1,1,1]","[1,1,1,0,1,0]",1,1,3,2,home_win,home,0,73
26755,4,"{""total"":[""solutions/game_4/total/rest-111101/top"",""solutions/game_4/total/rest-011111/bot""],""series"":[""solutions/game_4/series/home_wins_2/rest-111101/top"",""solutions/game_4/series/home_wins_2/rest-011111/bot""]}","[1,1,1,1,0,1]","[0,1,1,1,1,1]",2,1,8,7,home_win,home,0,94
26755,5,"{""total"":[""solutions/game_5/single/rest-000011/top"",""solutions/game_5/single/rest-101010/bot""],""series"":[""solutions/game_5/single/rest-000011/top"",""solutions/game_5/single/rest-101010/bot""]}","[0,0,0,0,1,1]","[1,0,1,0,1,0]",3,1,3,4,away_win,away,1,81
26756,1,"{""total"":[""solutions/game_1/total/rest-111111/top"",""solutions/game_1/total/rest-111111/bot""],""series"":[""solutions/game_1/series/rest-111111/top"",""solutions/game_1/series/rest-111111/bot""]}","[1,1,1,1,1,1]","[1,1,1,1,1,1]",0,0,3,2,home_win,home,0,74
26756,2,"{""total"":[""solutions/game_2/total/rest-110111/top"",""solutions/game_2/total/rest-101010/bot""],""series"":[""solutions/game_2/series/home_wins_1/rest-110111/top"",""solutions/game_2/series/home_wins_1/rest-101010/bot""]}","[1,1,0,1,1,1]","[1,0,1,0,1,0]",1,0,8,2,home_win,home,0,82
26756,3,"{""total"":[""solutions/game_3/total/rest-011101/top"",""solutions/game_3/total/rest-011111/bot""],""series"":[""solutions/game_3/series/home_wins_2/rest-011101/top"",""solutions/game_3/series/home_wins_2/rest-011111/bot""]}","[0,1,1,1,0,1]","[0,1,1,1,1,1]",2,0,8,4,home_win,home,0,80
26756,4,"{""total"":[""solutions/game_4/total/rest-110110/top"",""solutions/game_4/total/rest-111100/bot""],""series"":[""solutions/game_4/single/rest-110110/top"",""solutions/game_4/single/rest-111100/bot""]}","[1,1,0,1,1,0]","[1,1,1,1,0,0]",3,0,0,8,away_win,away,1,68
26756,5,"{""total"":[""solutions/game_5/single/rest-111111/top"",""solutions/game_5/single/rest-011111/bot""],""series"":[""solutions/game_5/single/rest-111111/top"",""solutions/game_5/single/rest-011111/bot""]}","[1,1,1,1,1,1]","[0,1,1,1,1,1]",3,1,8,4,home_win,home,1,83
26757,1,"{""total"":[""solutions/game_1/total/rest-111111/top"",""solutions/game_1/total/rest-111111/bot""],""series"":[""solutions/game_1/series/rest-111111/top"",""solutions/game_1/series/rest-111111/bot""]}","[1,1,1,1,1,1]","[1,1,1,1,1,1]",0,0,1,9,away_win,away,0,59
26757,2,"{""total"":[""solutions/game_2/total/rest-111110/top"",""solutions/game_2/total/rest-111111/bot""],""series"":[""solutions/game_2/series/home_wins_0/rest-111110/top"",""solutions/game_2/series/home_wins_0/rest-111111/bot""]}","[1,1,1,1,1,0]","[1,1,1,1,1,1]",0,1,3,3,tie,away,0,88
26757,3,"{""total"":[""solutions/game_3/total/rest-010101/top"",""solutions/game_3/total/rest-101010/bot""],""series"":[""solutions/game_3/series/home_wins_0/rest-010101/top"",""solutions/game_3/series/home_wins_0/rest-101010/bot""]}","[0,1,0,1,0,1]","[1,0,1,0,1,0]",0,2,8,4,home_win,home,0,79
26757,4,"{""total"":[""solutions/game_4/total/rest-110111/top"",""solutions/game_4/total/rest-111101/bot""],""series"":[""solutions/game_4/series/home_wins_1/rest-110111/top"",""solutions/game_4/series/home_wins_1/rest-111101/bot""]}","[1,1,0,1,1,1]","[1,1,1,1,0,1]",1,2,6,11,away_win,away,0,102
26757,5,"{""total"":[""solutions/game_5/single/rest-111101/top"",""solutions/game_5/single/rest-001010/bot""],""series"":[""solutions/game_5/single/rest-111101/top"",""solutions/game_5/single/rest-001010/bot""]}","[1,1,1,1,0,1]","[0,0,1,0,1,0]",1,3,6,5,home_win,home,1,77
26758,1,"{""total"":[""solutions/game_1/total/rest-111111/top"",""solutions/game_1/total/rest-111111/bot""],""series"":[""solutions/game_1/series/rest-111111/top"",""solutions/game_1/series/rest-111111/bot""]}","[1,1,1,1,1,1]","[1,1,1,1,1,1]",0,0,5,7,away_win,away,0,104
26758,2,"{""total"":[""solutions/game_2/total/rest-000101/top"",""solutions/game_2/total/rest-011110/bot""],""series"":[""solutions/game_2/series/home_wins_0/rest-000101/top"",""solutions/game_2/series/home_wins_0/rest-011110/bot""]}","[0,0,0,1,0,1]","[0,1,1,1,1,0]",0,1,1,9,away_win,away,0,63
26758,3,"{""total"":[""solutions/game_3/total/rest-011110/top"",""solutions/game_3/total/rest-111111/bot""],""series"":[""solutions/game_3/series/home_wins_0/rest-011110/top"",""solutions/game_3/series/home_wins_0/rest-111111/bot""]}","[0,1,1,1,1,0]","[1,1,1,1,1,1]",0,2,9,1,home_win,home,0,66
26758,4,"{""total"":[""solutions/game_4/total/rest-111011/top"",""solutions/game_4/total/rest-110111/bot""],""series"":[""solutions/game_4/series/home_wins_1/rest-111011/top"",""solutions/game_4/series/home_wins_1/rest-110111/bot""]}","[1,1,1,0,1,1]","[1,1,0,1,1,1]",1,2,8,7,home_win,home,0,92
26758,5,"{""total"":[""solutions/game_5/single/rest-110110/top"",""solutions/game_5/single/rest-001111/bot""],""series"":[""solutions/game_5/single/rest-110110/top"",""solutions/game_5/single/rest-001111/bot""]}","[1,1,0,1,1,0]","[0,0,1,1,1,1]",2,2,0,3,away_win,away,0,82
26759,1,"{""total"":[""solutions/game_1/total/rest-111111/top"",""solutions/game_1/total/rest-111111/bot""],""series"":[""solutions/game_1/series/rest-111111/top"",""solutions/game_1/series/rest-111111/bot""]}","[1,1,1,1,1,1]","[1,1,1,1,1,1]",0,0,6,4,home_win,home,0,82
26759,2,"{""total"":[""solutions/game_2/total/rest-010011/top"",""solutions/game_2/total/rest-111111/bot""],""series"":[""solutions/game_2/series/home_wins_1/rest-010011/top"",""solutions/game_2/series/home_wins_1/rest-111111/bot""]}","[0,1,0,0,1,1]","[1,1,1,1,1,1]",1,0,5,5,tie,away,0,94
26759,3,"{""total"":[""solutions/game_3/total/rest-101110/top"",""solutions/game_3/total/rest-111011/bot""],""series"":[""solutions/game_3/series/home_wins_1/rest-101110/top"",""solutions/game_3/series/home_wins_1/rest-111011/bot""]}","[1,0,1,1,1,0]","[1,1,1,0,1,1]",1,1,0,5,away_win,away,0,77
26759,4,"{""total"":[""solutions/game_4/total/rest-010111/top"",""solutions/game_4/total/rest-111100/bot""],""series"":[""solutions/game_4/series/home_wins_1/rest-010111/top"",""solutions/game_4/series/home_wins_1/rest-111100/bot""]}","[0,1,0,1,1,1]","[1,1,1,1,0,0]",1,2,8,0,home_win,home,0,64
26759,5,"{""total"":[""solutions/game_5/single/rest-101111/top"",""solutions/game_5/single/rest-111111/bot""],""series"":[""solutions/game_5/single/rest-101111/top"",""solutions/game_5/single/rest-111111/bot""]}","[1,0,1,1,1,1]","[1,1,1,1,1,1]",2,2,7,2,home_win,home,0,76
26760,1,"{""total"":[""solutions/game_1/total/rest-111111/top"",""solutions/game_1/total/rest-111111/bot""],""series"":[""solutions/game_1/series/rest-111111/top"",""solutions/game_1/series/rest-111111/bot""]}","[1,1,1,1,1,1]","[1,1,1,1,1,1]",0,0,3,2,home_win,home,0,68
26760,2,"{""total"":[""solutions/game_2/total/rest-110111/top"",""solutions/game_2/total/rest-101111/bot""],""series"":[""solutions/game_2/series/home_wins_1/rest-110111/top"",""solutions/game_2/series/home_wins_1/rest-101111/bot""]}","[1,1,0,1,1,1]","[1,0,1,1,1,1]",1,0,5,3,home_win,home,0,73
26760,3,"{""total"":[""solutions/game_3/total/rest-111000/top"",""solutions/game_3/total/rest-110111/bot""],""series"":[""solutions/game_3/series/home_wins_2/rest-111000/top"",""solutions/game_3/series/home_wins_2/rest-110111/bot""]}","[1,1,1,0,0,0]","[1,1,0,1,1,1]",2,0,6,7,away_win,away,0,95
26760,4,"{""total"":[""solutions/game_4/total/rest-000111/top"",""solutions/game_4/total/rest-001110/bot""],""series"":[""solutions/game_4/series/home_wins_2/rest-000111/top"",""solutions/game_4/series/home_wins_2/rest-001110/bot""]}","[0,0,0,1,1,1]","[0,0,1,1,1,0]",2,1,6,1,home_win,home,0,83
26760,5,"{""total"":[""solutions/game_5/single/rest-001000/top"",""solutions/game_5/single/rest-001011/bot""],""series"":[""solutions/game_5/single/rest-001000/top"",""solutions/game_5/single/rest-001011/bot""]}","[0,0,1,0,0,0]","[0,0,1,0,1,1]",3,1,7,5,home_win,home,1,91
26761,1,"{""total"":[""solutions/game_1/total/rest-111111/top"",""solutions/game_1/total/rest-111111/bot""],""series"":[""solutions/game_1/series/rest-111111/top"",""solutions/game_1/series/rest-111111/bot""]}","[1,1,1,1,1,1]","[1,1,1,1,1,1]",0,0,8,7,home_win,home,0,81
26761,2,"{""total"":[""solutions/game_2/total/rest-111010/top"",""solutions/game_2/total/rest-111011/bot""],""series"":[""solutions/game_2/series/home_wins_1/rest-111010/top"",""solutions/game_2/series/home_wins_1/rest-111011/bot""]}","[1,1,1,0,1,0]","[1,1,1,0,1,1]",1,0,11,7,home_win,home,0,95
26761,3,"{""total"":[""solutions/game_3/total/rest-100101/top"",""solutions/game_3/total/rest-100000/bot""],""series"":[""solutions/game_3/series/home_wins_2/rest-100101/top"",""solutions/game_3/series/home_wins_2/rest-100000/bot""]}","[1,0,0,1,0,1]","[1,0,0,0,0,0]",2,0,3,1,home_win,home,0,71
26761,4,"{""total"":[""solutions/game_4/total/rest-111010/top"",""solutions/game_4/total/rest-011111/bot""],""series"":[""solutions/game_4/single/rest-111010/top"",""solutions/game_4/single/rest-011111/bot""]}","[1,1,1,0,1,0]","[0,1,1,1,1,1]",3,0,10,2,home_win,home,1,48
26761,5,"{""total"":[""solutions/game_5/single/rest-111111/top"",""solutions/game_5/single/rest-111111/bot""],""series"":[""solutions/game_5/single/rest-111111/top"",""solutions/game_5/single/rest-111111/bot""]}","[1,1,1,1,1,1]","[1,1,1,1,1,1]",4,0,4,2,home_win,home,1,87
26762,1,"{""total"":[""solutions/game_1/total/rest-111111/top"",""solutions/game_1/total/rest-111111/bot""],""series"":[""solutions/game_1/series/rest-111111/top"",""solutions/game_1/series/rest-111111/bot""]}","[1,1,1,1,1,1]","[1,1,1,1,1,1]",0,0,6,0,home_win,home,0,76
26762,2,"{""total"":[""solutions/game_2/total/rest-111100/top"",""solutions/game_2/total/rest-110111/bot""],""series"":[""solutions/game_2/series/home_wins_1/rest-111100/top"",""solutions/game_2/series/home_wins_1/rest-110111/bot""]}","[1,1,1,1,0,0]","[1,1,0,1,1,1]",1,0,9,7,home_win,home,0,89
26762,3,"{""total"":[""solutions/game_3/total/rest-010011/top"",""solutions/game_3/total/rest-001111/bot""],""series"":[""solutions/game_3/series/home_wins_2/rest-010011/top"",""solutions/game_3/series/home_wins_2/rest-001111/bot""]}","[0,1,0,0,1,1]","[0,0,1,1,1,1]",2,0,1,10,away_win,away,0,47
26762,4,"{""total"":[""solutions/game_4/total/rest-111111/top"",""solutions/game_4/total/rest-111111/bot""],""series"":[""solutions/game_4/series/home_wins_2/rest-111111/top"",""solutions/game_4/series/home_wins_2/rest-111111/bot""]}","[1,1,1,1,1,1]","[1,1,1,1,1,1]",2,1,0,2,away_win,away,0,66
26762,5,"{""total"":[""solutions/game_5/single/rest-011110/top"",""solutions/game_5/single/rest-001111/bot""],""series"":[""solutions/game_5/single/rest-011110/top"",""solutions/game_5/single/rest-001111/bot""]}","[0,1,1,1,1,0]","[0,0,1,1,1,1]",2,2,3,2,home_win,home,0,76
26763,1,"{""total"":[""solutions/game_1/total/rest-111111/top"",""solutions/game_1/total/rest-111111/bot""],""series"":[""solutions/game_1/series/rest-111111/top"",""solutions/game_1/series/rest-111111/bot""]}","[1,1,1,1,1,1]","[1,1,1,1,1,1]",0,0,1,3,away_win,away,0,75
26763,2,"{""total"":[""solutions/game_2/total/rest-111001/top"",""solutions/game_2/total/rest-001011/bot""],""series"":[""solutions/game_2/series/home_wins_0/rest-111001/top"",""solutions/game_2/series/home_wins_0/rest-001011/bot""]}","[1,1,1,0,0,1]","[0,0,1,0,1,1]",0,1,4,5,away_win,away,0,87
26763,3,"{""total"":[""solutions/game_3/total/rest-000110/top"",""solutions/game_3/total/rest-111011/bot""],""series"":[""solutions/game_3/series/home_wins_0/rest-000110/top"",""solutions/game_3/series/home_wins_0/rest-111011/bot""]}","[0,0,0,1,1,0]","[1,1,1,0,1,1]",0,2,4,0,home_win,home,0,66
26763,4,"{""total"":[""solutions/game_4/total/rest-011011/top"",""solutions/game_4/total/rest-110111/bot""],""series"":[""solutions/game_4/series/home_wins_1/rest-011011/top"",""solutions/game_4/series/home_wins_1/rest-110111/bot""]}","[0,1,1,0,1,1]","[1,1,0,1,1,1]",1,2,9,1,home_win,home,0,23
26763,5,"{""total"":[""solutions/game_5/single/rest-111111/top"",""solutions/game_5/single/rest-111111/bot""],""series"":[""solutions/game_5/single/rest-111111/top"",""solutions/game_5/single/rest-111111/bot""]}","[1,1,1,1,1,1]","[1,1,1,1,1,1]",2,2,9,1,home_win,home,0,73
26764,1,"{""total"":[""solutions/game_1/total/rest-111111/top"",""solutions/game_1/total/rest-111111/bot""],""series"":[""solutions/game_1/series/rest-111111/top"",""solutions/game_1/series/rest-111111/bot""]}","[1,1,1,1,1,1]","[1,1,1,1,1,1]",0,0,6,7,away_win,away,0,77
26764,2,"{""total"":[""solutions/game_2/total/rest-111011/top"",""solutions/game_2/total/rest-101111/bot""],""series"":[""solutions/game_2/series/home_wins_0/rest-111011/top"",""solutions/game_2/series/home_wins_0/rest-101111/bot""]}","[1,1,1,0,1,1]","[1,0,1,1,1,1]",0,1,8,6,home_win,home,0,101
26764,3,"{""total"":[""solutions/game_3/total/rest-000101/top"",""solutions/game_3/total/rest-000000/bot""],""series"":[""solutions/game_3/series/home_wins_1/rest-000101/top"",""solutions/game_3/series/home_wins_1/rest-000000/bot""]}","[0,0,0,1,0,1]","[0,0,0,0,0,0]",1,1,9,4,home_win,home,0,78
26764,4,"{""total"":[""solutions/game_4/total/rest-011110/top"",""solutions/game_4/total/rest-110011/bot""],""series"":[""solutions/game_4/series/home_wins_2/rest-011110/top"",""solutions/game_4/series/home_wins_2/rest-110011/bot""]}","[0,1,1,1,1,0]","[1,1,0,0,1,1]",2,1,6,14,away_win,away,0,86
26764,5,"{""total"":[""solutions/game_5/single/rest-101101/top"",""solutions/game_5/single/rest-111101/bot""],""series"":[""solutions/game_5/single/rest-101101/top"",""solutions/game_5/single/rest-111101/bot""]}","[1,0,1,1,0,1]","[1,1,1,1,0,1]",2,2,7,5,home_win,home,0,86
26765,1,"{""total"":[""solutions/game_1/total/rest-111111/top"",""solutions/game_1/total/rest-111111/bot""],""series"":[""solutions/game_1/series/rest-111111/top"",""solutions/game_1/series/rest-111111/bot""]}","[1,1,1,1,1,1]","[1,1,1,1,1,1]",0,0,6,4,home_win,home,0,75
26765,2,"{""total"":[""solutions/game_2/total/rest-111001/top"",""solutions/game_2/total/rest-111110/bot""],""series"":[""solutions/game_2/series/home_wins_1/rest-111001/top"",""solutions/game_2/series/home_wins_1/rest-111110/bot""]}","[1,1,1,0,0,1]","[1,1,1,1,1,0]",1,0,4,2,home_win,home,0,75
26765,3,"{""total"":[""solutions/game_3/total/rest-010100/top"",""solutions/game_3/total/rest-111111/bot""],""series"":[""solutions/game_3/series/home_wins_2/rest-010100/top"",""solutions/game_3/series/home_wins_2/rest-111111/bot""]}","[0,1,0,1,0,0]","[1,1,1,1,1,1]",2,0,9,16,away_win,away,0,99
26765,4,"{""total"":[""solutions/game_4/total/rest-101011/top"",""solutions/game_4/total/rest-110110/bot""],""series"":[""solutions/game_4/series/home_wins_2/rest-101011/top"",""solutions/game_4/series/home_wins_2/rest-110110/bot""]}","[1,0,1,0,1,1]","[1,1,0,1,1,0]",2,1,7,13,away_win,away,0,94
26765,5,"{""total"":[""solutions/game_5/single/rest-011110/top"",""solutions/game_5/single/rest-111111/bot""],""series"":[""solutions/game_5/single/rest-011110/top"",""solutions/game_5/single/rest-111111/bot""]}","[0,1,1,1,1,0]","[1,1,1,1,1,1]",2,2,1,5,away_win,away,0,74
26766,1,"{""total"":[""solutions/game_1/total/rest-111111/top"",""solutions/game_1/total/rest-111111/bot""],""series"":[""solutions/game_1/series/rest-111111/top"",""solutions/game_1/series/rest-111111/bot""]}","[1,1,1,1,1,1]","[1,1,1,1,1,1]",0,0,2,3,away_win,away,0,86
26766,2,"{""total"":[""solutions/game_2/total/rest-011001/top"",""solutions/game_2/total/rest-111011/bot""],""series"":[""solutions/game_2/series/home_wins_0/rest-011001/top"",""solutions/game_2/series/home_wins_0/rest-111011/bot""]}","[0,1,1,0,0,1]","[1,1,1,0,1,1]",0,1,4,5,away_win,away,0,96
26766,3,"{""total"":[""solutions/game_3/total/rest-110110/top"",""solutions/game_3/total/rest-000101/bot""],""series"":[""solutions/game_3/series/home_wins_0/rest-110110/top"",""solutions/game_3/series/home_wins_0/rest-000101/bot""]}","[1,1,0,1,1,0]","[0,0,0,1,0,1]",0,2,0,9,away_win,away,0,51
26766,4,"{""total"":[""solutions/game_4/total/rest-111111/top"",""solutions/game_4/total/rest-101111/bot""],""series"":[""solutions/game_4/single/rest-111111/top"",""solutions/game_4/single/rest-101111/bot""]}","[1,1,1,1,1,1]","[1,0,1,1,1,1]",0,3,6,5,home_win,home,1,88
26766,5,"{""total"":[""solutions/game_5/single/rest-101010/top"",""solutions/game_5/single/rest-110111/bot""],""series"":[""solutions/game_5/single/rest-101010/top"",""solutions/game_5/single/rest-110111/bot""]}","[1,0,1,0,1,0]","[1,1,0,1,1,1]",1,3,5,4,home_win,home,1,77
26767,1,"{""total"":[""solutions/game_1/total/rest-111111/top"",""solutions/game_1/total/rest-111111/bot""],""series"":[""solutions/game_1/series/rest-111111/top"",""solutions/game_1/series/rest-111111/bot""]}","[1,1,1,1,1,1]","[1,1,1,1,1,1]",0,0,5,6,away_win,away,0,89
26767,2,"{""total"":[""solutions/game_2/total/rest-011001/top"",""solutions/game_2/total/rest-100010/bot""],""series"":[""solutions/game_2/series/home_wins_0/rest-011001/top"",""solutions/game_2/series/home_wins_0/rest-100010/bot""]}","[0,1,1,0,0,1]","[1,0,0,0,1,0]",0,1,7,7,tie,home,0,95
26767,3,"{""total"":[""solutions/game_3/total/rest-110110/top"",""solutions/game_3/total/rest-011111/bot""],""series"":[""solutions/game_3/series/home_wins_1/rest-110110/top"",""solutions/game_3/series/home_wins_1/rest-011111/bot""]}","[1,1,0,1,1,0]","[0,1,1,1,1,1]",1,1,8,6,home_win,home,0,90
26767,4,"{""total"":[""solutions/game_4/total/rest-111001/top"",""solutions/game_4/total/rest-111101/bot""],""series"":[""solutions/game_4/series/home_wins_2/rest-111001/top"",""solutions/game_4/series/home_wins_2/rest-111101/bot""]}","[1,1,1,0,0,1]","[1,1,1,1,0,1]",2,1,0,6,away_win,away,0,76
26767,5,"{""total"":[""solutions/game_5/single/rest-101101/top"",""solutions/game_5/single/rest-110111/bot""],""series"":[""solutions/game_5/single/rest-101101/top"",""solutions/game_5/single/rest-110111/bot""]}","[1,0,1,1,0,1]","[1,1,0,1,1,1]",2,2,0,4,away_win,away,0,76
26768,1,"{""total"":[""solutions/game_1/total/rest-111111/top"",""solutions/game_1/total/rest-111111/bot""],""series"":[""solutions/game_1/series/rest-111111/top"",""solutions/game_1/series/rest-111111/bot""]}","[1,1,1,1,1,1]","[1,1,1,1,1,1]",0,0,4,3,home_win,home,0,73
26768,2,"{""total"":[""solutions/game_2/total/rest-110101/top"",""solutions/game_2/total/rest-001111/bot""],""series"":[""solutions/game_2/series/home_wins_1/rest-110101/top"",""solutions/game_2/series/home_wins_1/rest-001111/bot""]}","[1,1,0,1,0,1]","[0,0,1,1,1,1]",1,0,4,11,away_win,away,0,85
26768,3,"{""total"":[""solutions/game_3/total/rest-111110/top"",""solutions/game_3/total/rest-110101/bot""],""series"":[""solutions/game_3/series/home_wins_1/rest-111110/top"",""solutions/game_3/series/home_wins_1/rest-110101/bot""]}","[1,1,1,1,1,0]","[1,1,0,1,0,1]",1,1,11,2,home_win,home,0,43
26768,4,"{""total"":[""solutions/game_4/total/rest-111111/top"",""solutions/game_4/total/rest-111111/bot""],""series"":[""solutions/game_4/series/home_wins_2/rest-111111/top"",""solutions/game_4/series/home_wins_2/rest-111111/bot""]}","[1,1,1,1,1,1]","[1,1,1,1,1,1]",2,1,3,4,away_win,away,0,95
26768,5,"{""total"":[""solutions/game_5/single/rest-010001/top"",""solutions/game_5/single/rest-001101/bot""],""series"":[""solutions/game_5/single/rest-010001/top"",""solutions/game_5/single/rest-001101/bot""]}","[0,1,0,0,0,1]","[0,0,1,1,0,1]",2,2,8,0,home_win,home,0,41
26769,1,"{""total"":[""solutions/game_1/total/rest-111111/top"",""solutions/game_1/total/rest-111111/bot""],""series"":[""solutions/game_1/series/rest-111111/top"",""solutions/game_1/series/rest-111111/bot""]}","[1,1,1,1,1,1]","[1,1,1,1,1,1]",0,0,6,4,home_win,home,0,77
26769,2,"{""total"":[""solutions/game_2/total/rest-110111/top"",""solutions/game_2/total/rest-110111/bot""],""series"":[""solutions/game_2/series/home_wins_1/rest-110111/top"",""solutions/game_2/series/home_wins_1/rest-110111/bot""]}","[1,1,0,1,1,1]","[1,1,0,1,1,1]",1,0,4,8,away_win,away,0,96
26769,3,"{""total"":[""solutions/game_3/total/rest-011010/top"",""solutions/game_3/total/rest-001010/bot""],""series"":[""solutions/game_3/series/home_wins_1/rest-011010/top"",""solutions/game_3/series/home_wins_1/rest-001010/bot""]}","[0,1,1,0,1,0]","[0,0,1,0,1,0]",1,1,6,8,away_win,away,0,88
26769,4,"{""total"":[""solutions/game_4/total/rest-101111/top"",""solutions/game_4/total/rest-110101/bot""],""series"":[""solutions/game_4/series/home_wins_1/rest-101111/top"",""solutions/game_4/series/home_wins_1/rest-110101/bot""]}","[1,0,1,1,1,1]","[1,1,0,1,0,1]",1,2,0,8,away_win,away,0,23
26769,5,"{""total"":[""solutions/game_5/single/rest-111111/top"",""solutions/game_5/single/rest-110111/bot""],""series"":[""solutions/game_5/single/rest-111111/top"",""solutions/game_5/single/rest-110111/bot""]}","[1,1,1,1,1,1]","[1,1,0,1,1,1]",1,3,0,4,away_win,away,1,81
26770,1,"{""total"":[""solutions/game_1/total/rest-111111/top"",""solutions/game_1/total/rest-111111/bot""],""series"":[""solutions/game_1/series/rest-111111/top"",""solutions/game_1/series/rest-111111/bot""]}","[1,1,1,1,1,1]","[1,1,1,1,1,1]",0,0,6,5,home_win,home,0,80
26770,2,"{""total"":[""solutions/game_2/total/rest-110001/top"",""solutions/game_2/total/rest-011110/bot""],""series"":[""solutions/game_2/series/home_wins_1/rest-110001/top"",""solutions/game_2/series/home_wins_1/rest-011110/bot""]}","[1,1,0,0,0,1]","[0,1,1,1,1,0]",1,0,4,1,home_win,home,0,75
26770,3,"{""total"":[""solutions/game_3/total/rest-101110/top"",""solutions/game_3/total/rest-110101/bot""],""series"":[""solutions/game_3/series/home_wins_2/rest-101110/top"",""solutions/game_3/series/home_wins_2/rest-110101/bot""]}","[1,0,1,1,1,0]","[1,1,0,1,0,1]",2,0,7,9,away_win,away,0,94
26770,4,"{""total"":[""solutions/game_4/total/rest-110111/top"",""solutions/game_4/total/rest-011111/bot""],""series"":[""solutions/game_4/series/home_wins_2/rest-110111/top"",""solutions/game_4/series/home_wins_2/rest-011111/bot""]}","[1,1,0,1,1,1]","[0,1,1,1,1,1]",2,1,5,3,home_win,home,0,71
26770,5,"{""total"":[""solutions/game_5/single/rest-111111/top"",""solutions/game_5/single/rest-101010/bot""],""series"":[""solutions/game_5/single/rest-111111/top"",""solutions/game_5/single/rest-101010/bot""]}","[1,1,1,1,1,1]","[1,0,1,0,1,0]",3,1,8,0,home_win,home,1,52
26771,1,"{""total"":[""solutions/game_1/total/rest-111111/top"",""solutions/game_1/total/rest-111111/bot""],""series"":[""solutions/game_1/series/rest-111111/top"",""solutions/game_1/series/rest-111111/bot""]}","[1,1,1,1,1,1]","[1,1,1,1,1,1]",0,0,2,4,away_win,away,0,86
26771,2,"{""total"":[""solutions/game_2/total/rest-010111/top"",""solutions/game_2/total/rest-001110/bot""],""series"":[""solutions/game_2/series/home_wins_0/rest-010111/top"",""solutions/game_2/series/home_wins_0/rest-001110/bot""]}","[0,1,0,1,1,1]","[0,0,1,1,1,0]",0,1,1,7,away_win,away,0,86
26771,3,"{""total"":[""solutions/game_3/total/rest-011001/top"",""solutions/game_3/total/rest-111001/bot""],""series"":[""solutions/game_3/series/home_wins_0/rest-011001/top"",""solutions/game_3/series/home_wins_0/rest-111001/bot""]}","[0,1,1,0,0,1]","[1,1,1,0,0,1]",0,2,7,5,home_win,home,0,80
26771,4,"{""total"":[""solutions/game_4/total/rest-110110/top"",""solutions/game_4/total/rest-111111/bot""],""series"":[""solutions/game_4/series/home_wins_1/rest-110110/top"",""solutions/game_4/series/home_wins_1/rest-111111/bot""]}","[1,1,0,1,1,0]","[1,1,1,1,1,1]",1,2,6,7,away_win,away,0,96
26771,5,"{""total"":[""solutions/game_5/single/rest-101111/top"",""solutions/game_5/single/rest-001000/bot""],""series"":[""solutions/game_5/single/rest-101111/top"",""solutions/game_5/single/rest-001000/bot""]}","[1,0,1,1,1,1]","[0,0,1,0,0,0]",1,3,9,6,home_win,home,1,90
26772,1,"{""total"":[""solutions/game_1/total/rest-111111/top"",""solutions/game_1/total/rest-111111/bot""],""series"":[""solutions/game_1/series/rest-111111/top"",""solutions/game_1/series/rest-111111/bot""]}","[1,1,1,1,1,1]","[1,1,1,1,1,1]",0,0,5,3,home_win,home,0,80
26772,2,"{""total"":[""solutions/game_2/total/rest-011001/top"",""solutions/game_2/total/rest-010111/bot""],""series"":[""solutions/game_2/series/home_wins_1/rest-011001/top"",""solutions/game_2/series/home_wins_1/rest-010111/bot""]}","[0,1,1,0,0,1]","[0,1,0,1,1,1]",1,0,5,4,home_win,home,0,76
26772,3,"{""total"":[""solutions/game_3/total/rest-110111/top"",""solutions/game_3/total/rest-011101/bot""],""series"":[""solutions/game_3/series/home_wins_2/rest-110111/top"",""solutions/game_3/series/home_wins_2/rest-011101/bot""]}","[1,1,0,1,1,1]","[0,1,1,1,0,1]",2,0,3,1,home_win,home,0,67
26772,4,"{""total"":[""solutions/game_4/total/rest-111001/top"",""solutions/game_4/total/rest-101011/bot""],""series"":[""solutions/game_4/single/rest-111001/top"",""solutions/game_4/single/rest-101011/bot""]}","[1,1,1,0,0,1]","[1,0,1,0,1,1]",3,0,0,8,away_win,away,1,52
26772,5,"{""total"":[""solutions/game_5/single/rest-111110/top"",""solutions/game_5/single/rest-111111/bot""],""series"":[""solutions/game_5/single/rest-111110/top"",""solutions/game_5/single/rest-111111/bot""]}","[1,1,1,1,1,0]","[1,1,1,1,1,1]",3,1,5,2,home_win,home,1,85
26773,1,"{""total"":[""solutions/game_1/total/rest-111111/top"",""solutions/game_1/total/rest-111111/bot""],""series"":[""solutions/game_1/series/rest-111111/top"",""solutions/game_1/series/rest-111111/bot""]}","[1,1,1,1,1,1]","[1,1,1,1,1,1]",0,0,8,7,home_win,home,0,102
26773,2,"{""total"":[""solutions/game_2/total/rest-111110/top"",""solutions/game_2/total/rest-100101/bot""],""series"":[""solutions/game_2/series/home_wins_1/rest-111110/top"",""solutions/game_2/series/home_wins_1/rest-100101/bot""]}","[1,1,1,1,1,0]","[1,0,0,1,0,1]",1,0,5,4,home_win,home,0,75
26773,3,"{""total"":[""solutions/game_3/total/rest-010011/top"",""solutions/game_3/total/rest-011110/bot""],""series"":[""solutions/game_3/series/home_wins_2/rest-010011/top"",""solutions/game_3/series/home_wins_2/rest-011110/bot""]}","[0,1,0,0,1,1]","[0,1,1,1,1,0]",2,0,5,1,home_win,home,0,79
26773,4,"{""total"":[""solutions/game_4/total/rest-111110/top"",""solutions/game_4/total/rest-100111/bot""],""series"":[""solutions/game_4/single/rest-111110/top"",""solutions/game_4/single/rest-100111/bot""]}","[1,1,1,1,1,0]","[1,0,0,1,1,1]",3,0,2,9,away_win,away,1,85
26773,5,"{""total"":[""solutions/game_5/single/rest-001111/top"",""solutions/game_5/single/rest-010111/bot""],""series"":[""solutions/game_5/single/rest-001111/top"",""solutions/game_5/single/rest-010111/bot""]}","[0,0,1,1,1,1]","[0,1,0,1,1,1]",3,1,5,7,away_win,away,1,84
26774,1,"{""total"":[""solutions/game_1/total/rest-111111/top"",""solutions/game_1/total/rest-111111/bot""],""series"":[""solutions/game_1/series/rest-111111/top"",""solutions/game_1/series/rest-111111/bot""]}","[1,1,1,1,1,1]","[1,1,1,1,1,1]",0,0,5,0,home_win,home,0,72
26774,2,"{""total"":[""solutions/game_2/total/rest-101011/top"",""solutions/game_2/total/rest-110111/bot""],""series"":[""solutions/game_2/series/home_wins_1/rest-101011/top"",""solutions/game_2/series/home_wins_1/rest-110111/bot""]}","[1,0,1,0,1,1]","[1,1,0,1,1,1]",1,0,5,9,away_win,away,0,96
26774,3,"{""total"":[""solutions/game_3/total/rest-110101/top"",""solutions/game_3/total/rest-001010/bot""],""series"":[""solutions/game_3/series/home_wins_1/rest-110101/top"",""solutions/game_3/series/home_wins_1/rest-001010/bot""]}","[1,1,0,1,0,1]","[0,0,1,0,1,0]",1,1,4,2,home_win,home,0,81
26774,4,"{""total"":[""solutions/game_4/total/rest-011001/top"",""solutions/game_4/total/rest-111110/bot""],""series"":[""solutions/game_4/series/home_wins_2/rest-011001/top"",""solutions/game_4/series/home_wins_2/rest-111110/bot""]}","[0,1,1,0,0,1]","[1,1,1,1,1,0]",2,1,5,7,away_win,away,0,92
26774,5,"{""total"":[""solutions/game_5/single/rest-101110/top"",""solutions/game_5/single/rest-011001/bot""],""series"":[""solutions/game_5/single/rest-101110/top"",""solutions/game_5/single/rest-011001/bot""]}","[1,0,1,1,1,0]","[0,1,1,0,0,1]",2,2,8,0,home_win,home,0,35
26775,1,"{""total"":[""solutions/game_1/total/rest-111111/top"",""solutions/game_1/total/rest-111111/bot""],""series"":[""solutions/game_1/series/rest-111111/top"",""solutions/game_1/series/rest-111111/bot""]}","[1,1,1,1,1,1]","[1,1,1,1,1,1]",0,0,1,6,away_win,away,0,88
26775,2,"{""total"":[""solutions/game_2/total/rest-010011/top"",""solutions/game_2/total/rest-101010/bot""],""series"":[""solutions/game_2/series/home_wins_0/rest-010011/top"",""solutions/game_2/series/home_wins_0/rest-101010/bot""]}","[0,1,0,0,1,1]","[1,0,1,0,1,0]",0,1,3,4,away_win,away,0,77
26775,3,"{""total"":[""solutions/game_3/total/rest-111111/top"",""solutions/game_3/total/rest-010101/bot""],""series"":[""solutions/game_3/series/home_wins_0/rest-111111/top"",""solutions/game_3/series/home_wins_0/rest-010101/bot""]}","[1,1,1,1,1,1]","[0,1,0,1,0,1]",0,2,4,1,home_win,home,0,70
26775,4,"{""total"":[""solutions/game_4/total/rest-110011/top"",""solutions/game_4/total/rest-111111/bot""],""series"":[""solutions/game_4/series/home_wins_1/rest-110011/top"",""solutions/game_4/series/home_wins_1/rest-111111/bot""]}","[1,1,0,0,1,1]","[1,1,1,1,1,1]",1,2,2,12,away_win,away,0,69
26775,5,"{""total"":[""solutions/game_5/single/rest-011111/top"",""solutions/game_5/single/rest-111111/bot""],""series"":[""solutions/game_5/single/rest-011111/top"",""solutions/game_5/single/rest-111111/bot""]}","[0,1,1,1,1,1]","[1,1,1,1,1,1]",1,3,13,5,home_win,home,1,88
26776,1,"{""total"":[""solutions/game_1/total/rest-111111/top"",""solutions/game_1/total/rest-111111/bot""],""series"":[""solutions/game_1/series/rest-111111/top"",""solutions/game_1/series/rest-111111/bot""]}","[1,1,1,1,1,1]","[1,1,1,1,1,1]",0,0,5,3,home_win,home,0,83
26776,2,"{""total"":[""solutions/game_2/total/rest-110001/top"",""solutions/game_2/total/rest-111110/bot""],""series"":[""solutions/game_2/series/home_wins_1/rest-110001/top"",""solutions/game_2/series/home_wins_1/rest-111110/bot""]}","[1,1,0,0,0,1]","[1,1,1,1,1,0]",1,0,6,9,away_win,away,0,88
26776,3,"{""total"":[""solutions/game_3/total/rest-101111/top"",""solutions/game_3/total/rest-101001/bot""],""series"":[""solutions/game_3/series/home_wins_1/rest-101111/top"",""solutions/game_3/series/home_wins_1/rest-101001/bot""]}","[1,0,1,1,1,1]","[1,0,1,0,0,1]",1,1,5,4,home_win,home,0,92
26776,4,"{""total"":[""solutions/game_4/total/rest-111011/top"",""solutions/game_4/total/rest-011111/bot""],""series"":[""solutions/game_4/series/home_wins_2/rest-111011/top"",""solutions/game_4/series/home_wins_2/rest-011111/bot""]}","[1,1,1,0,1,1]","[0,1,1,1,1,1]",2,1,9,9,tie,away,0,101
26776,5,"{""total"":[""solutions/game_5/single/rest-011110/top"",""solutions/game_5/single/rest-101000/bot""],""series"":[""solutions/game_5/single/rest-011110/top"",""solutions/game_5/single/rest-101000/bot""]}","[0,1,1,1,1,0]","[1,0,1,0,0,0]",2,2,9,4,home_win,home,0,80
26777,1,"{""total"":[""solutions/game_1/total/rest-111111/top"",""solutions/game_1/total/rest-111111/bot""],""series"":[""solutions/game_1/series/rest-111111/top"",""solutions/game_1/series/rest-111111/bot""]}","[1,1,1,1,1,1]","[1,1,1,1,1,1]",0,0,4,7,away_win,away,0,83
26777,2,"{""total"":[""solutions/game_2/total/rest-110111/top"",""solutions/game_2/total/rest-101010/bot""],""series"":[""solutions/game_2/series/home_wins_0/rest-110111/top"",""solutions/game_2/series/home_wins_0/rest-101010/bot""]}","[1,1,0,1,1,1]","[1,0,1,0,1,0]",0,1,3,4,away_win,away,0,77
26777,3,"{""total"":[""solutions/game_3/total/rest-011101/top"",""solutions/game_3/total/rest-010111/bot""],""series"":[""solutions/game_3/series/home_wins_0/rest-011101/top"",""solutions/game_3/series/home_wins_0/rest-010111/bot""]}","[0,1,1,1,0,1]","[0,1,0,1,1,1]",0,2,1,9,away_win,away,0,81
26777,4,"{""total"":[""solutions/game_4/total/rest-111111/top"",""solutions/game_4/total/rest-101011/bot""],""series"":[""solutions/game_4/single/rest-111111/top"",""solutions/game_4/single/rest-101011/bot""]}","[1,1,1,1,1,1]","[1,0,1,0,1,1]",0,3,6,5,home_win,home,1,86
26777,5,"{""total"":[""solutions/game_5/single/rest-110001/top"",""solutions/game_5/single/rest-010010/bot""],""series"":[""solutions/game_5/single/rest-110001/top"",""solutions/game_5/single/rest-010010/bot""]}","[1,1,0,0,0,1]","[0,1,0,0,1,0]",1,3,1,3,away_win,away,1,76
26778,1,"{""total"":[""solutions/game_1/total/rest-111111/top"",""solutions/game_1/total/rest-111111/bot""],""series"":[""solutions/game_1/series/rest-111111/top"",""solutions/game_1/series/rest-111111/bot""]}","[1,1,1,1,1,1]","[1,1,1,1,1,1]",0,0,1,3,away_win,away,0,83
26778,2,"{""total"":[""solutions/game_2/total/rest-111011/top"",""solutions/game_2/total/rest-101011/bot""],""series"":[""solutions/game_2/series/home_wins_0/rest-111011/top"",""solutions/game_2/series/home_wins_0/rest-101011/bot""]}","[1,1,1,0,1,1]","[1,0,1,0,1,1]",0,1,5,8,away_win,away,0,78
26778,3,"{""total"":[""solutions/game_3/total/rest-110101/top"",""solutions/game_3/total/rest-111110/bot""],""series"":[""solutions/game_3/series/home_wins_0/rest-110101/top"",""solutions/game_3/series/home_wins_0/rest-111110/bot""]}","[1,1,0,1,0,1]","[1,1,1,1,1,0]",0,2,0,8,away_win,away,0,78
26778,4,"{""total"":[""solutions/game_4/total/rest-011111/top"",""solutions/game_4/total/rest-001111/bot""],""series"":[""solutions/game_4/single/rest-011111/top"",""solutions/game_4/single/rest-001111/bot""]}","[0,1,1,1,1,1]","[0,0,1,1,1,1]",0,3,2,3,away_win,away,1,77
26778,5,"{""total"":[""solutions/game_5/single/rest-110010/top"",""solutions/game_5/single/rest-101010/bot""],""series"":[""solutions/game_5/single/rest-110010/top"",""solutions/game_5/single/rest-101010/bot""]}","[1,1,0,0,1,0]","[1,0,1,0,1,0]",0,4,5,4,home_win,home,1,78
26779,1,"{""total"":[""solutions/game_1/total/rest-111111/top"",""solutions/game_1/total/rest-111111/bot""],""series"":[""solutions/game_1/series/rest-111111/top"",""solutions/game_1/series/rest-111111/bot""]}","[1,1,1,1,1,1]","[1,1,1,1,1,1]",0,0,0,8,away_win,away,0,53
26779,2,"{""total"":[""solutions/game_2/total/rest-111110/top"",""solutions/game_2/total/rest-111111/bot""],""series"":[""solutions/game_2/series/home_wins_0/rest-111110/top"",""solutions/game_2/series/home_wins_0/rest-111111/bot""]}","[1,1,1,1,1,0]","[1,1,1,1,1,1]",0,1,11,3,home_win,home,0,76
26779,3,"{""total"":[""solutions/game_3/total/rest-101101/top"",""solutions/game_3/total/rest-110111/bot""],""series"":[""solutions/game_3/series/home_wins_1/rest-101101/top"",""solutions/game_3/series/home_wins_1/rest-110111/bot""]}","[1,0,1,1,0,1]","[1,1,0,1,1,1]",1,1,4,2,home_win,home,0,74
26779,4,"{""total"":[""solutions/game_4/total/rest-100011/top"",""solutions/game_4/total/rest-011110/bot""],""series"":[""solutions/game_4/series/home_wins_2/rest-100011/top"",""solutions/game_4/series/home_wins_2/rest-011110/bot""]}","[1,0,0,0,1,1]","[0,1,1,1,1,0]",2,1,6,7,away_win,away,0,88
26779,5,"{""total"":[""solutions/game_5/single/rest-011110/top"",""solutions/game_5/single/rest-010001/bot""],""series"":[""solutions/game_5/single/rest-011110/top"",""solutions/game_5/single/rest-010001/bot""]}","[0,1,1,1,1,0]","[0,1,0,0,0,1]",2,2,5,6,away_win,away,0,89
26780,1,"{""total"":[""solutions/game_1/total/rest-111111/top"",""solutions/game_1/total/rest-111111/bot""],""series"":[""solutions/game_1/series/rest-111111/top"",""solutions/game_1/series/rest-111111/bot""]}","[1,1,1,1,1,1]","[1,1,1,1,1,1]",0,0,3,12,away_win,away,0,44
26780,2,"{""total"":[""solutions/game_2/total/rest-111111/top"",""solutions/game_2/total/rest-111111/bot""],""series"":[""solutions/game_2/series/home_wins_0/rest-111111/top"",""solutions/game_2/series/home_wins_0/rest-111111/bot""]}","[1,1,1,1,1,1]","[1,1,1,1,1,1]",0,1,2,10,away_win,away,0,44
26780,3,"{""total"":[""solutions/game_3/total/rest-111111/top"",""solutions/game_3/total/rest-111111/bot""],""series"":[""solutions/game_3/series/home_wins_0/rest-111111/top"",""solutions/game_3/series/home_wins_0/rest-111111/bot""]}","[1,1,1,1,1,1]","[1,1,1,1,1,1]",0,2,1,4,away_win,away,0,83
26780,4,"{""total"":[""solutions/game_4/total/rest-101101/top"",""solutions/game_4/total/rest-101010/bot""],""series"":[""solutions/game_4/single/rest-101101/top"",""solutions/game_4/single/rest-101010/bot""]}","[1,0,1,1,0,1]","[1,0,1,0,1,0]",0,3,4,4,tie,away,1,92
26780,5,"{""total"":[""solutions/game_5/single/rest-100011/top"",""solutions/game_5/single/rest-011101/bot""],""series"":[""solutions/game_5/single/rest-100011/top"",""solutions/game_5/single/rest-011101/bot""]}","[1,0,0,0,1,1]","[0,1,1,1,0,1]",0,4,0,4,away_win,away,1,77
26781,1,"{""total"":[""solutions/game_1/total/rest-111111/top"",""solutions/game_1/total/rest-111111/bot""],""series"":[""solutions/game_1/series/rest-111111/top"",""solutions/game_1/series/rest-111111/bot""]}","[1,1,1,1,1,1]","[1,1,1,1,1,1]",0,0,2,3,away_win,away,0,79
26781,2,"{""total"":[""solutions/game_2/total/rest-111111/top"",""solutions/game_2/total/rest-001011/bot""],""series"":[""solutions/game_2/series/home_wins_0/rest-111111/top"",""solutions/game_2/series/home_wins_0/rest-001011/bot""]}","[1,1,1,1,1,1]","[0,0,1,0,1,1]",0,1,3,4,away_win,away,0,76
26781,3,"{""total"":[""solutions/game_3/total/rest-110001/top"",""solutions/game_3/total/rest-110010/bot""],""series"":[""solutions/game_3/series/home_wins_0/rest-110001/top"",""solutions/game_3/series/home_wins_0/rest-110010/bot""]}","[1,1,0,0,0,1]","[1,1,0,0,1,0]",0,2,1,9,away_win,away,0,74
26781,4,"{""total"":[""solutions/game_4/total/rest-011101/top"",""solutions/game_4/total/rest-101111/bot""],""series"":[""solutions/game_4/single/rest-011101/top"",""solutions/game_4/single/rest-101111/bot""]}","[0,1,1,1,0,1]","[1,0,1,1,1,1]",0,3,1,9,away_win,away,1,50
26781,5,"{""total"":[""solutions/game_5/single/rest-111111/top"",""solutions/game_5/single/rest-111111/bot""],""series"":[""solutions/game_5/single/rest-111111/top"",""solutions/game_5/single/rest-111111/bot""]}","[1,1,1,1,1,1]","[1,1,1,1,1,1]",0,4,5,4,home_win,home,1,76
26782,1,"{""total"":[""solutions/game_1/total/rest-111111/top"",""solutions/game_1/total/rest-111111/bot""],""series"":[""solutions/game_1/series/rest-111111/top"",""solutions/game_1/series/rest-111111/bot""]}","[1,1,1,1,1,1]","[1,1,1,1,1,1]",0,0,8,0,home_win,home,0,45
26782,2,"{""total"":[""solutions/game_2/total/rest-111111/top"",""solutions/game_2/total/rest-111111/bot""],""series"":[""solutions/game_2/series/home_wins_1/rest-111111/top"",""solutions/game_2/series/home_wins_1/rest-111111/bot""]}","[1,1,1,1,1,1]","[1,1,1,1,1,1]",1,0,4,5,away_win,away,0,93
26782,3,"{""total"":[""solutions/game_3/total/rest-000011/top"",""solutions/game_3/total/rest-001010/bot""],""series"":[""solutions/game_3/series/home_wins_1/rest-000011/top"",""solutions/game_3/series/home_wins_1/rest-001010/bot""]}","[0,0,0,0,1,1]","[0,0,1,0,1,0]",1,1,8,0,home_win,home,0,55
26782,4,"{""total"":[""solutions/game_4/total/rest-011111/top"",""solutions/game_4/total/rest-111111/bot""],""series"":[""solutions/game_4/series/home_wins_2/rest-011111/top"",""solutions/game_4/series/home_wins_2/rest-111111/bot""]}","[0,1,1,1,1,1]","[1,1,1,1,1,1]",2,1,5,6,away_win,away,0,92
26782,5,"{""total"":[""solutions/game_5/single/rest-100010/top"",""solutions/game_5/single/rest-111111/bot""],""series"":[""solutions/game_5/single/rest-100010/top"",""solutions/game_5/single/rest-111111/bot""]}","[1,0,0,0,1,0]","[1,1,1,1,1,1]",2,2,8,0,home_win,home,0,50
26783,1,"{""total"":[""solutions/game_1/total/rest-111111/top"",""solutions/game_1/total/rest-111111/bot""],""series"":[""solutions/game_1/series/rest-111111/top"",""solutions/game_1/series/rest-111111/bot""]}","[1,1,1,1,1,1]","[1,1,1,1,1,1]",0,0,4,5,away_win,away,0,88
26783,2,"{""total"":[""solutions/game_2/total/rest-110000/top"",""solutions/game_2/total/rest-101110/bot""],""series"":[""solutions/game_2/series/home_wins_0/rest-110000/top"",""solutions/game_2/series/home_wins_0/rest-101110/bot""]}","[1,1,0,0,0,0]","[1,0,1,1,1,0]",0,1,11,9,home_win,home,0,88
26783,3,"{""total"":[""solutions/game_3/total/rest-011111/top"",""solutions/game_3/total/rest-111101/bot""],""series"":[""solutions/game_3/series/home_wins_1/rest-011111/top"",""solutions/game_3/series/home_wins_1/rest-111101/bot""]}","[0,1,1,1,1,1]","[1,1,1,1,0,1]",1,1,6,4,home_win,home,0,85
26783,4,"{""total"":[""solutions/game_4/total/rest-110001/top"",""solutions/game_4/total/rest-011110/bot""],""series"":[""solutions/game_4/series/home_wins_2/rest-110001/top"",""solutions/game_4/series/home_wins_2/rest-011110/bot""]}","[1,1,0,0,0,1]","[0,1,1,1,1,0]",2,1,6,5,home_win,home,0,82
26783,5,"{""total"":[""solutions/game_5/single/rest-001110/top"",""solutions/game_5/single/rest-101011/bot""],""series"":[""solutions/game_5/single/rest-001110/top"",""solutions/game_5/single/rest-101011/bot""]}","[0,0,1,1,1,0]","[1,0,1,0,1,1]",3,1,2,9,away_win,away,1,87
26784,1,"{""total"":[""solutions/game_1/total/rest-111111/top"",""solutions/game_1/total/rest-111111/bot""],""series"":[""solutions/game_1/series/rest-111111/top"",""solutions/game_1/series/rest-111111/bot""]}","[1,1,1,1,1,1]","[1,1,1,1,1,1]",0,0,2,4,away_win,away,0,76
26784,2,"{""total"":[""solutions/game_2/total/rest-011011/top"",""solutions/game_2/total/rest-111011/bot""],""series"":[""solutions/game_2/series/home_wins_0/rest-011011/top"",""solutions/game_2/series/home_wins_0/rest-111011/bot""]}","[0,1,1,0,1,1]","[1,1,1,0,1,1]",0,1,1,9,away_win,away,0,43
26784,3,"{""total"":[""solutions/game_3/total/rest-111111/top"",""solutions/game_3/total/rest-111111/bot""],""series"":[""solutions/game_3/series/home_wins_0/rest-111111/top"",""solutions/game_3/series/home_wins_0/rest-111111/bot""]}","[1,1,1,1,1,1]","[1,1,1,1,1,1]",0,2,10,5,home_win,home,0,86
26784,4,"{""total"":[""solutions/game_4/total/rest-111101/top"",""solutions/game_4/total/rest-111111/bot""],""series"":[""solutions/game_4/series/home_wins_1/rest-111101/top"",""solutions/game_4/series/home_wins_1/rest-111111/bot""]}","[1,1,1,1,0,1]","[1,1,1,1,1,1]",1,2,1,9,away_win,away,0,78
26784,5,"{""total"":[""solutions/game_5/single/rest-011110/top"",""solutions/game_5/single/rest-001011/bot""],""series"":[""solutions/game_5/single/rest-011110/top"",""solutions/game_5/single/rest-001011/bot""]}","[0,1,1,1,1,0]","[0,0,1,0,1,1]",1,3,5,2,home_win,home,1,77
26785,1,"{""total"":[""solutions/game_1/total/rest-111111/top"",""solutions/game_1/total/rest-111111/bot""],""series"":[""solutions/game_1/series/rest-111111/top"",""solutions/game_1/series/rest-111111/bot""]}","[1,1,1,1,1,1]","[1,1,1,1,1,1]",0,0,3,5,away_win,away,0,95
26785,2,"{""total"":[""solutions/game_2/total/rest-010001/top"",""solutions/game_2/total/rest-100111/bot""],""series"":[""solutions/game_2/series/home_wins_0/rest-010001/top"",""solutions/game_2/series/home_wins_0/rest-100111/bot""]}","[0,1,0,0,0,1]","[1,0,0,1,1,1]",0,1,5,9,away_win,away,0,92
26785,3,"{""total"":[""solutions/game_3/total/rest-101110/top"",""solutions/game_3/total/rest-111101/bot""],""series"":[""solutions/game_3/series/home_wins_0/rest-101110/top"",""solutions/game_3/series/home_wins_0/rest-111101/bot""]}","[1,0,1,1,1,0]","[1,1,1,1,0,1]",0,2,6,4,home_win,home,0,82
26785,4,"{""total"":[""solutions/game_4/total/rest-011001/top"",""solutions/game_4/total/rest-110110/bot""],""series"":[""solutions/game_4/series/home_wins_1/rest-011001/top"",""solutions/game_4/series/home_wins_1/rest-110110/bot""]}","[0,1,1,0,0,1]","[1,1,0,1,1,0]",1,2,12,4,home_win,home,0,82
26785,5,"{""total"":[""solutions/game_5/single/rest-101110/top"",""solutions/game_5/single/rest-111111/bot""],""series"":[""solutions/game_5/single/rest-101110/top"",""solutions/game_5/single/rest-111111/bot""]}","[1,0,1,1,1,0]","[1,1,1,1,1,1]",2,2,6,7,away_win,away,0,90
26786,1,"{""total"":[""solutions/game_1/total/rest-111111/top"",""solutions/game_1/total/rest-111111/bot""],""series"":[""solutions/game_1/series/rest-111111/top"",""solutions/game_1/series/rest-111111/bot""]}","[1,1,1,1,1,1]","[1,1,1,1,1,1]",0,0,4,9,away_win,away,0,88
26786,2,"{""total"":[""solutions/game_2/total/rest-101011/top"",""solutions/game_2/total/rest-111101/bot""],""series"":[""solutions/game_2/series/home_wins_0/rest-101011/top"",""solutions/game_2/series/home_wins_0/rest-111101/bot""]}","[1,0,1,0,1,1]","[1,1,1,1,0,1]",0,1,5,4,home_win,home,0,75
26786,3,"{""total"":[""solutions/game_3/total/rest-110101/top"",""solutions/game_3/total/rest-011011/bot""],""series"":[""solutions/game_3/series/home_wins_1/rest-110101/top"",""solutions/game_3/series/home_wins_1/rest-011011/bot""]}","[1,1,0,1,0,1]","[0,1,1,0,1,1]",1,1,3,3,tie,away,0,86
26786,4,"{""total"":[""solutions/game_4/total/rest-001111/top"",""solutions/game_4/total/rest-110110/bot""],""series"":[""solutions/game_4/series/home_wins_1/rest-001111/top"",""solutions/game_4/series/home_wins_1/rest-110110/bot""]}","[0,0,1,1,1,1]","[1,1,0,1,1,0]",1,2,8,3,home_win,home,0,83
26786,5,"{""total"":[""solutions/game_5/single/rest-111100/top"",""solutions/game_5/single/rest-111111/bot""],""series"":[""solutions/game_5/single/rest-111100/top"",""solutions/game_5/single/rest-111111/bot""]}","[1,1,1,1,0,0]","[1,1,1,1,1,1]",2,2,11,6,home_win,home,0,86
26787,1,"{""total"":[""solutions/game_1/total/rest-111111/top"",""solutions/game_1/total/rest-111111/bot""],""series"":[""solutions/game_1/series/rest-111111/top"",""solutions/game_1/series/rest-111111/bot""]}","[1,1,1,1,1,1]","[1,1,1,1,1,1]",0,0,0,5,away_win,away,0,80
26787,2,"{""total"":[""solutions/game_2/total/rest-011011/top"",""solutions/game_2/total/rest-111011/bot""],""series"":[""solutions/game_2/series/home_wins_0/rest-011011/top"",""solutions/game_2/series/home_wins_0/rest-111011/bot""]}","[0,1,1,0,1,1]","[1,1,1,0,1,1]",0,1,5,3,home_win,home,0,79
26787,3,"{""total"":[""solutions/game_3/total/rest-111111/top"",""solutions/game_3/total/rest-101110/bot""],""series"":[""solutions/game_3/series/home_wins_1/rest-111111/top"",""solutions/game_3/series/home_wins_1/rest-101110/bot""]}","[1,1,1,1,1,1]","[1,0,1,1,1,0]",1,1,8,7,home_win,home,0,84
26787,4,"{""total"":[""solutions/game_4/total/rest-011001/top"",""solutions/game_4/total/rest-111011/bot""],""series"":[""solutions/game_4/series/home_wins_2/rest-011001/top"",""solutions/game_4/series/home_wins_2/rest-111011/bot""]}","[0,1,1,0,0,1]","[1,1,1,0,1,1]",2,1,6,2,home_win,home,0,80
26787,5,"{""total"":[""solutions/game_5/single/rest-101110/top"",""solutions/game_5/single/rest-001100/bot""],""series"":[""solutions/game_5/single/rest-101110/top"",""solutions/game_5/single/rest-001100/bot""]}","[1,0,1,1,1,0]","[0,0,1,1,0,0]",3,1,7,3,home_win,home,1,80
26788,1,"{""total"":[""solutions/game_1/total/rest-111111/top"",""solutions/game_1/total/rest-111111/bot""],""series"":[""solutions/game_1/series/rest-111111/top"",""solutions/game_1/series/rest-111111/bot""]}","[1,1,1,1,1,1]","[1,1,1,1,1,1]",0,0,15,5,home_win,home,0,85
26788,2,"{""total"":[""solutions/game_2/total/rest-110111/top"",""solutions/game_2/total/rest-110111/bot""],""series"":[""solutions/game_2/series/home_wins_1/rest-110111/top"",""solutions/game_2/series/home_wins_1/rest-110111/bot""]}","[1,1,0,1,1,1]","[1,1,0,1,1,1]",1,0,9,0,home_win,home,0,70
26788,3,"{""total"":[""solutions/game_3/total/rest-110101/top"",""solutions/game_3/total/rest-111111/bot""],""series"":[""solutions/game_3/series/home_wins_2/rest-110101/top"",""solutions/game_3/series/home_wins_2/rest-111111/bot""]}","[1,1,0,1,0,1]","[1,1,1,1,1,1]",2,0,5,4,home_win,home,0,73
26788,4,"{""total"":[""solutions/game_4/total/rest-011111/top"",""solutions/game_4/total/rest-111011/bot""],""series"":[""solutions/game_4/single/rest-011111/top"",""solutions/game_4/single/rest-111011/bot""]}","[0,1,1,1,1,1]","[1,1,1,0,1,1]",3,0,4,9,away_win,away,1,92
26788,5,"{""total"":[""solutions/game_5/single/rest-111101/top"",""solutions/game_5/single/rest-001100/bot""],""series"":[""solutions/game_5/single/rest-111101/top"",""solutions/game_5/single/rest-001100/bot""]}","[1,1,1,1,0,1]","[0,0,1,1,0,0]",3,1,9,3,home_win,home,1,84
26789,1,"{""total"":[""solutions/game_1/total/rest-111111/top"",""solutions/game_1/total/rest-111111/bot""],""series"":[""solutions/game_1/series/rest-111111/top"",""solutions/game_1/series/rest-111111/bot""]}","[1,1,1,1,1,1]","[1,1,1,1,1,1]",0,0,9,1,home_win,home,0,37
26789,2,"{""total"":[""solutions/game_2/total/rest-111111/top"",""solutions/game_2/total/rest-111111/bot""],""series"":[""solutions/game_2/series/home_wins_1/rest-111111/top"",""solutions/game_2/series/home_wins_1/rest-111111/bot""]}","[1,1,1,1,1,1]","[1,1,1,1,1,1]",1,0,4,6,away_win,away,0,85
26789,3,"{""total"":[""solutions/game_3/total/rest-111000/top"",""solutions/game_3/total/rest-111100/bot""],""series"":[""solutions/game_3/series/home_wins_1/rest-111000/top"",""solutions/game_3/series/home_wins_1/rest-111100/bot""]}","[1,1,1,0,0,0]","[1,1,1,1,0,0]",1,1,6,3,home_win,home,0,80
26789,4,"{""total"":[""solutions/game_4/total/rest-010101/top"",""solutions/game_4/total/rest-110111/bot""],""series"":[""solutions/game_4/series/home_wins_2/rest-010101/top"",""solutions/game_4/series/home_wins_2/rest-110111/bot""]}","[0,1,0,1,0,1]","[1,1,0,1,1,1]",2,1,5,5,tie,away,0,85
26789,5,"{""total"":[""solutions/game_5/single/rest-100111/top"",""solutions/game_5/single/rest-101111/bot""],""series"":[""solutions/game_5/single/rest-100111/top"",""solutions/game_5/single/rest-101111/bot""]}","[1,0,0,1,1,1]","[1,0,1,1,1,1]",2,2,3,2,home_win,home,0,74
26790,1,"{""total"":[""solutions/game_1/total/rest-111111/top"",""solutions/game_1/total/rest-111111/bot""],""series"":[""solutions/game_1/series/rest-111111/top"",""solutions/game_1/series/rest-111111/bot""]}","[1,1,1,1,1,1]","[1,1,1,1,1,1]",0,0,2,5,away_win,away,0,82
26790,2,"{""total"":[""solutions/game_2/total/rest-101110/top"",""solutions/game_2/total/rest-101111/bot""],""series"":[""solutions/game_2/series/home_wins_0/rest-101110/top"",""solutions/game_2/series/home_wins_0/rest-101111/bot""]}","[1,0,1,1,1,0]","[1,0,1,1,1,1]",0,1,11,6,home_win,home,0,81
26790,3,"{""total"":[""solutions/game_3/total/rest-110111/top"",""solutions/game_3/total/rest-011010/bot""],""series"":[""solutions/game_3/series/home_wins_1/rest-110111/top"",""solutions/game_3/series/home_wins_1/rest-011010/bot""]}","[1,1,0,1,1,1]","[0,1,1,0,1,0]",1,1,9,2,home_win,home,0,84
26790,4,"{""total"":[""solutions/game_4/total/rest-111101/top"",""solutions/game_4/total/rest-111101/bot""],""series"":[""solutions/game_4/series/home_wins_2/rest-111101/top"",""solutions/game_4/series/home_wins_2/rest-111101/bot""]}","[1,1,1,1,0,1]","[1,1,1,1,0,1]",2,1,3,5,away_win,away,0,81
26790,5,"{""total"":[""solutions/game_5/single/rest-010111/top"",""solutions/game_5/single/rest-001111/bot""],""series"":[""solutions/game_5/single/rest-010111/top"",""solutions/game_5/single/rest-001111/bot""]}","[0,1,0,1,1,1]","[0,0,1,1,1,1]",2,2,2,5,away_win,away,0,80
26791,1,"{""total"":[""solutions/game_1/total/rest-111111/top"",""solutions/game_1/total/rest-111111/bot""],""series"":[""solutions/game_1/series/rest-111111/top"",""solutions/game_1/series/rest-111111/bot""]}","[1,1,1,1,1,1]","[1,1,1,1,1,1]",0,0,2,5,away_win,away,0,77
26791,2,"{""total"":[""solutions/game_2/total/rest-001111/top"",""solutions/game_2/total/rest-101110/bot""],""series"":[""solutions/game_2/series/home_wins_0/rest-001111/top"",""solutions/game_2/series/home_wins_0/rest-101110/bot""]}","[0,0,1,1,1,1]","[1,0,1,1,1,0]",0,1,3,2,home_win,home,0,69
26791,3,"{""total"":[""solutions/game_3/total/rest-111001/top"",""solutions/game_3/total/rest-010111/bot""],""series"":[""solutions/game_3/series/home_wins_1/rest-111001/top"",""solutions/game_3/series/home_wins_1/rest-010111/bot""]}","[1,1,1,0,0,1]","[0,1,0,1,1,1]",1,1,4,12,away_win,away,0,79
26791,4,"{""total"":[""solutions/game_4/total/rest-011101/top"",""solutions/game_4/total/rest-110001/bot""],""series"":[""solutions/game_4/series/home_wins_1/rest-011101/top"",""solutions/game_4/series/home_wins_1/rest-110001/bot""]}","[0,1,1,1,0,1]","[1,1,0,0,0,1]",1,2,6,14,away_win,away,0,79
26791,5,"{""total"":[""solutions/game_5/single/rest-011111/top"",""solutions/game_5/single/rest-011111/bot""],""series"":[""solutions/game_5/single/rest-011111/top"",""solutions/game_5/single/rest-011111/bot""]}","[0,1,1,1,1,1]","[0,1,1,1,1,1]",1,3,3,6,away_win,away,1,89
26792,1,"{""total"":[""solutions/game_1/total/rest-111111/top"",""solutions/game_1/total/rest-111111/bot""],""series"":[""solutions/game_1/series/rest-111111/top"",""solutions/game_1/series/rest-111111/bot""]}","[1,1,1,1,1,1]","[1,1,1,1,1,1]",0,0,2,10,away_win,away,0,67
26792,2,"{""total"":[""solutions/game_2/total/rest-111110/top"",""solutions/game_2/total/rest-111111/bot""],""series"":[""solutions/game_2/series/home_wins_0/rest-111110/top"",""solutions/game_2/series/home_wins_0/rest-111111/bot""]}","[1,1,1,1,1,0]","[1,1,1,1,1,1]",0,1,5,3,home_win,home,0,75
26792,3,"{""total"":[""solutions/game_3/total/rest-111011/top"",""solutions/game_3/total/rest-110111/bot""],""series"":[""solutions/game_3/series/home_wins_1/rest-111011/top"",""solutions/game_3/series/home_wins_1/rest-110111/bot""]}","[1,1,1,0,1,1]","[1,1,0,1,1,1]",1,1,1,2,away_win,away,0,75
26792,4,"{""total"":[""solutions/game_4/total/rest-100111/top"",""solutions/game_4/total/rest-111010/bot""],""series"":[""solutions/game_4/series/home_wins_1/rest-100111/top"",""solutions/game_4/series/home_wins_1/rest-111010/bot""]}","[1,0,0,1,1,1]","[1,1,1,0,1,0]",1,2,9,5,home_win,home,0,84
26792,5,"{""total"":[""solutions/game_5/single/rest-111001/top"",""solutions/game_5/single/rest-111011/bot""],""series"":[""solutions/game_5/single/rest-111001/top"",""solutions/game_5/single/rest-111011/bot""]}","[1,1,1,0,0,1]","[1,1,1,0,1,1]",2,2,5,11,away_win,away,0,93
26793,1,"{""total"":[""solutions/game_1/total/rest-111111/top"",""solutions/game_1/total/rest-111111/bot""],""series"":[""solutions/game_1/series/rest-111111/top"",""solutions/game_1/series/rest-111111/bot""]}","[1,1,1,1,1,1]","[1,1,1,1,1,1]",0,0,5,6,away_win,away,0,86
26793,2,"{""total"":[""solutions/game_2/total/rest-011001/top"",""solutions/game_2/total/rest-011110/bot""],""series"":[""solutions/game_2/series/home_wins_0/rest-011001/top"",""solutions/game_2/series/home_wins_0/rest-011110/bot""]}","[0,1,1,0,0,1]","[0,1,1,1,1,0]",0,1,5,4,home_win,home,0,74
26793,3,"{""total"":[""solutions/game_3/total/rest-101101/top"",""solutions/game_3/total/rest-110111/bot""],""series"":[""solutions/game_3/series/home_wins_1/rest-101101/top"",""solutions/game_3/series/home_wins_1/rest-110111/bot""]}","[1,0,1,1,0,1]","[1,1,0,1,1,1]",1,1,10,1,home_win,home,0,76
26793,4,"{""total"":[""solutions/game_4/total/rest-110110/top"",""solutions/game_4/total/rest-111111/bot""],""series"":[""solutions/game_4/series/home_wins_2/rest-110110/top"",""solutions/game_4/series/home_wins_2/rest-111111/bot""]}","[1,1,0,1,1,0]","[1,1,1,1,1,1]",2,1,0,8,away_win,away,0,40
26793,5,"{""total"":[""solutions/game_5/single/rest-110110/top"",""solutions/game_5/single/rest-111111/bot""],""series"":[""solutions/game_5/single/rest-110110/top"",""solutions/game_5/single/rest-111111/bot""]}","[1,1,0,1,1,0]","[1,1,1,1,1,1]",2,2,7,4,home_win,home,0,78
26794,1,"{""total"":[""solutions/game_1/total/rest-111111/top"",""solutions/game_1/total/rest-111111/bot""],""series"":[""solutions/game_1/series/rest-111111/top"",""solutions/game_1/series/rest-111111/bot""]}","[1,1,1,1,1,1]","[1,1,1,1,1,1]",0,0,4,3,home_win,home,0,72
26794,2,"{""total"":[""solutions/game_2/total/rest-110011/top"",""solutions/game_2/total/rest-111011/bot""],""series"":[""solutions/game_2/series/home_wins_1/rest-110011/top"",""solutions/game_2/series/home_wins_1/rest-111011/bot""]}","[1,1,0,0,1,1]","[1,1,1,0,1,1]",1,0,1,9,away_win,away,0,45
26794,3,"{""total"":[""solutions/game_3/total/rest-110110/top"",""solutions/game_3/total/rest-111011/bot""],""series"":[""solutions/game_3/series/home_wins_1/rest-110110/top"",""solutions/game_3/series/home_wins_1/rest-111011/bot""]}","[1,1,0,1,1,0]","[1,1,1,0,1,1]",1,1,5,6,away_win,away,0,79
26794,4,"{""total"":[""solutions/game_4/total/rest-101010/top"",""solutions/game_4/total/rest-110110/bot""],""series"":[""solutions/game_4/series/home_wins_1/rest-101010/top"",""solutions/game_4/series/home_wins_1/rest-110110/bot""]}","[1,0,1,0,1,0]","[1,1,0,1,1,0]",1,2,9,1,home_win,home,0,50
26794,5,"{""total"":[""solutions/game_5/single/rest-101111/top"",""solutions/game_5/single/rest-110110/bot""],""series"":[""solutions/game_5/single/rest-101111/top"",""solutions/game_5/single/rest-110110/bot""]}","[1,0,1,1,1,1]","[1,1,0,1,1,0]",2,2,7,3,home_win,home,0,83
26795,1,"{""total"":[""solutions/game_1/total/rest-111111/top"",""solutions/game_1/total/rest-111111/bot""],""series"":[""solutions/game_1/series/rest-111111/top"",""solutions/game_1/series/rest-111111/bot""]}","[1,1,1,1,1,1]","[1,1,1,1,1,1]",0,0,3,2,home_win,home,0,76
26795,2,"{""total"":[""solutions/game_2/total/rest-110011/top"",""solutions/game_2/total/rest-011110/bot""],""series"":[""solutions/game_2/series/home_wins_1/rest-110011/top"",""solutions/game_2/series/home_wins_1/rest-011110/bot""]}","[1,1,0,0,1,1]","[0,1,1,1,1,0]",1,0,6,5,home_win,home,0,92
26795,3,"{""total"":[""solutions/game_3/total/rest-011100/top"",""solutions/game_3/total/rest-110001/bot""],""series"":[""solutions/game_3/series/home_wins_2/rest-011100/top"",""solutions/game_3/series/home_wins_2/rest-110001/bot""]}","[0,1,1,1,0,0]","[1,1,0,0,0,1]",2,0,3,2,home_win,home,0,72
26795,4,"{""total"":[""solutions/game_4/total/rest-110111/top"",""solutions/game_4/total/rest-010111/bot""],""series"":[""solutions/game_4/single/rest-110111/top"",""solutions/game_4/single/rest-010111/bot""]}","[1,1,0,1,1,1]","[0,1,0,1,1,1]",3,0,8,4,home_win,home,1,86
26795,5,"{""total"":[""solutions/game_5/single/rest-011101/top"",""solutions/game_5/single/rest-111110/bot""],""series"":[""solutions/game_5/single/rest-011101/top"",""solutions/game_5/single/rest-111110/bot""]}","[0,1,1,1,0,1]","[1,1,1,1,1,0]",4,0,10,13,away_win,away,1,104
26796,1,"{""total"":[""solutions/game_1/total/rest-111111/top"",""solutions/game_1/total/rest-111111/bot""],""series"":[""solutions/game_1/series/rest-111111/top"",""solutions/game_1/series/rest-111111/bot""]}","[1,1,1,1,1,1]","[1,1,1,1,1,1]",0,0,2,10,away_win,away,0,78
26796,2,"{""total"":[""solutions/game_2/total/rest-111101/top"",""solutions/game_2/total/rest-111110/bot""],""series"":[""solutions/game_2/series/home_wins_0/rest-111101/top"",""solutions/game_2/series/home_wins_0/rest-111110/bot""]}","[1,1,1,1,0,1]","[1,1,1,1,1,0]",0,1,5,2,home_win,home,0,80
26796,3,"{""total"":[""solutions/game_3/total/rest-010011/top"",""solutions/game_3/total/rest-111101/bot""],""series"":[""solutions/game_3/series/home_wins_1/rest-010011/top"",""solutions/game_3/series/home_wins_1/rest-111101/bot""]}","[0,1,0,0,1,1]","[1,1,1,1,0,1]",1,1,6,5,home_win,home,0,93
26796,4,"{""total"":[""solutions/game_4/total/rest-100000/top"",""solutions/game_4/total/rest-111100/bot""],""series"":[""solutions/game_4/series/home_wins_2/rest-100000/top"",""solutions/game_4/series/home_wins_2/rest-111100/bot""]}","[1,0,0,0,0,0]","[1,1,1,1,0,0]",2,1,3,4,away_win,away,0,80
26796,5,"{""total"":[""solutions/game_5/single/rest-010110/top"",""solutions/game_5/single/rest-110111/bot""],""series"":[""solutions/game_5/single/rest-010110/top"",""solutions/game_5/single/rest-110111/bot""]}","[0,1,0,1,1,0]","[1,1,0,1,1,1]",2,2,3,4,away_win,away,0,79
26797,1,"{""total"":[""solutions/game_1/total/rest-111111/top"",""solutions/game_1/total/rest-111111/bot""],""series"":[""solutions/game_1/series/rest-111111/top"",""solutions/game_1/series/rest-111111/bot""]}","[1,1,1,1,1,1]","[1,1,1,1,1,1]",0,0,2,4,away_win,away,0,76
26797,2,"{""total"":[""solutions/game_2/total/rest-111001/top"",""solutions/game_2/total/rest-001111/bot""],""series"":[""solutions/game_2/series/home_wins_0/rest-111001/top"",""solutions/game_2/series/home_wins_0/rest-001111/bot""]}","[1,1,1,0,0,1]","[0,0,1,1,1,1]",0,1,3,1,home_win,home,0,74
26797,3,"{""total"":[""solutions/game_3/total/rest-110110/top"",""solutions/game_3/total/rest-011011/bot""],""series"":[""solutions/game_3/series/home_wins_1/rest-110110/top"",""solutions/game_3/series/home_wins_1/rest-011011/bot""]}","[1,1,0,1,1,0]","[0,1,1,0,1,1]",1,1,3,9,away_win,away,0,89
26797,4,"{""total"":[""solutions/game_4/total/rest-011111/top"",""solutions/game_4/total/rest-110110/bot""],""series"":[""solutions/game_4/series/home_wins_1/rest-011111/top"",""solutions/game_4/series/home_wins_1/rest-110110/bot""]}","[0,1,1,1,1,1]","[1,1,0,1,1,0]",1,2,10,3,home_win,home,0,90
26797,5,"{""total"":[""solutions/game_5/single/rest-011011/top"",""solutions/game_5/single/rest-111101/bot""],""series"":[""solutions/game_5/single/rest-011011/top"",""solutions/game_5/single/rest-111101/bot""]}","[0,1,1,0,1,1]","[1,1,1,1,0,1]",2,2,4,7,away_win,away,0,86
26798,1,"{""total"":[""solutions/game_1/total/rest-111111/top"",""solutions/game_1/total/rest-111111/bot""],""series"":[""solutions/game_1/series/rest-111111/top"",""solutions/game_1/series/rest-111111/bot""]}","[1,1,1,1,1,1]","[1,1,1,1,1,1]",0,0,0,2,away_win,away,0,77
26798,2,"{""total"":[""solutions/game_2/total/rest-101111/top"",""solutions/game_2/total/rest-101110/bot""],""series"":[""solutions/game_2/series/home_wins_0/rest-101111/top"",""solutions/game_2/series/home_wins_0/rest-101110/bot""]}","[1,0,1,1,1,1]","[1,0,1,1,1,0]",0,1,0,8,away_win,away,0,39
26798,3,"{""total"":[""solutions/game_3/total/rest-111111/top"",""solutions/game_3/total/rest-101111/bot""],""series"":[""solutions/game_3/series/home_wins_0/rest-111111/top"",""solutions/game_3/series/home_wins_0/rest-101111/bot""]}","[1,1,1,1,1,1]","[1,0,1,1,1,1]",0,2,7,5,home_win,home,0,97
26798,4,"{""total"":[""solutions/game_4/total/rest-110000/top"",""solutions/game_4/total/rest-000100/bot""],""series"":[""solutions/game_4/series/home_wins_1/rest-110000/top"",""solutions/game_4/series/home_wins_1/rest-000100/bot""]}","[1,1,0,0,0,0]","[0,0,0,1,0,0]",1,2,11,3,home_win,home,0,71
26798,5,"{""total"":[""solutions/game_5/single/rest-010111/top"",""solutions/game_5/single/rest-110111/bot""],""series"":[""solutions/game_5/single/rest-010111/top"",""solutions/game_5/single/rest-110111/bot""]}","[0,1,0,1,1,1]","[1,1,0,1,1,1]",2,2,5,8,away_win,away,0,99
26799,1,"{""total"":[""solutions/game_1/total/rest-111111/top"",""solutions/game_1/total/rest-111111/bot""],""series"":[""solutions/game_1/series/rest-111111/top"",""solutions/game_1/series/rest-111111/bot""]}","[1,1,1,1,1,1]","[1,1,1,1,1,1]",0,0,9,6,home_win,home,0,82
26799,2,"{""total"":[""solutions/game_2/total/rest-111100/top"",""solutions/game_2/total/rest-110111/bot""],""series"":[""solutions/game_2/series/home_wins_1/rest-111100/top"",""solutions/game_2/series/home_wins_1/rest-110111/bot""]}","[1,1,1,1,0,0]","[1,1,0,1,1,1]",1,0,2,9,away_win,away,0,87
26799,3,"{""total"":[""solutions/game_3/total/rest-101111/top"",""solutions/game_3/total/rest-111100/bot""],""series"":[""solutions/game_3/series/home_wins_1/rest-101111/top"",""solutions/game_3/series/home_wins_1/rest-111100/bot""]}","[1,0,1,1,1,1]","[1,1,1,1,0,0]",1,1,6,3,home_win,home,0,72
26799,4,"{""total"":[""solutions/game_4/total/rest-111011/top"",""solutions/game_4/total/rest-010111/bot""],""series"":[""solutions/game_4/series/home_wins_2/rest-111011/top"",""solutions/game_4/series/home_wins_2/rest-010111/bot""]}","[1,1,1,0,1,1]","[0,1,0,1,1,1]",2,1,1,6,away_win,away,0,81
26799,5,"{""total"":[""solutions/game_5/single/rest-101111/top"",""solutions/game_5/single/rest-111101/bot""],""series"":[""solutions/game_5/single/rest-101111/top"",""solutions/game_5/single/rest-111101/bot""]}","[1,0,1,1,1,1]","[1,1,1,1,0,1]",2,2,5,8,away_win,away,0,92
26800,1,"{""total"":[""solutions/game_1/total/rest-111111/top"",""solutions/game_1/total/rest-111111/bot""],""series"":[""solutions/game_1/series/rest-111111/top"",""solutions/game_1/series/rest-111111/bot""]}","[1,1,1,1,1,1]","[1,1,1,1,1,1]",0,0,4,5,away_win,away,0,91
26800,2,"{""total"":[""solutions/game_2/total/rest-010011/top"",""solutions/game_2/total/rest-001010/bot""],""series"":[""solutions/game_2/series/home_wins_0/rest-010011/top"",""solutions/game_2/series/home_wins_0/rest-001010/bot""]}","[0,1,0,0,1,1]","[0,0,1,0,1,0]",0,1,7,2,home_win,home,0,77
26800,3,"{""total"":[""solutions/game_3/total/rest-111101/top"",""solutions/game_3/total/rest-111111/bot""],""series"":[""solutions/game_3/series/home_wins_1/rest-111101/top"",""solutions/game_3/series/home_wins_1/rest-111111/bot""]}","[1,1,1,1,0,1]","[1,1,1,1,1,1]",1,1,1,3,away_win,away,0,74
26800,4,"{""total"":[""solutions/game_4/total/rest-111111/top"",""solutions/game_4/total/rest-101011/bot""],""series"":[""solutions/game_4/series/home_wins_1/rest-111111/top"",""solutions/game_4/series/home_wins_1/rest-101011/bot""]}","[1,1,1,1,1,1]","[1,0,1,0,1,1]",1,2,5,4,home_win,home,0,80
26800,5,"{""total"":[""solutions/game_5/single/rest-011101/top"",""solutions/game_5/single/rest-010111/bot""],""series"":[""solutions/game_5/single/rest-011101/top"",""solutions/game_5/single/rest-010111/bot""]}","[0,1,1,1,0,1]","[0,1,0,1,1,1]",2,2,5,9,away_win,away,0,90
26801,1,"{""total"":[""solutions/game_1/total/rest-111111/top"",""solutions/game_1/total/rest-111111/bot""],""series"":[""solutions/game_1/series/rest-111111/top"",""solutions/game_1/series/rest-111111/bot""]}","[1,1,1,1,1,1]","[1,1,1,1,1,1]",0,0,10,9,home_win,home,0,83
26801,2,"{""total"":[""solutions/game_2/total/rest-110001/top"",""solutions/game_2/total/rest-110001/bot""],""series"":[""solutions/game_2/series/home_wins_1/rest-110001/top"",""solutions/game_2/series/home_wins_1/rest-110001/bot""]}","[1,1,0,0,0,1]","[1,1,0,0,0,1]",1,0,4,1,home_win,home,0,74
26801,3,"{""total"":[""solutions/game_3/total/rest-001110/top"",""solutions/game_3/total/rest-111010/bot""],""series"":[""solutions/game_3/series/home_wins_2/rest-001110/top"",""solutions/game_3/series/home_wins_2/rest-111010/bot""]}","[0,0,1,1,1,0]","[1,1,1,0,1,0]",2,0,1,3,away_win,away,0,85
26801,4,"{""total"":[""solutions/game_4/total/rest-111011/top"",""solutions/game_4/total/rest-001111/bot""],""series"":[""solutions/game_4/series/home_wins_2/rest-111011/top"",""solutions/game_4/series/home_wins_2/rest-001111/bot""]}","[1,1,1,0,1,1]","[0,0,1,1,1,1]",2,1,6,9,away_win,away,0,91
26801,5,"{""total"":[""solutions/game_5/single/rest-110110/top"",""solutions/game_5/single/rest-111100/bot""],""series"":[""solutions/game_5/single/rest-110110/top"",""solutions/game_5/single/rest-111100/bot""]}","[1,1,0,1,1,0]","[1,1,1,1,0,0]",2,2,8,4,home_win,home,0,85
26802,1,"{""total"":[""solutions/game_1/total/rest-111111/top"",""solutions/game_1/total/rest-111111/bot""],""series"":[""solutions/game_1/series/rest-111111/top"",""solutions/game_1/series/rest-111111/bot""]}","[1,1,1,1,1,1]","[1,1,1,1,1,1]",0,0,4,1,home_win,home,0,74
26802,2,"{""total"":[""solutions/game_2/total/rest-111110/top"",""solutions/game_2/total/rest-110101/bot""],""series"":[""solutions/game_2/series/home_wins_1/rest-111110/top"",""solutions/game_2/series/home_wins_1/rest-110101/bot""]}","[1,1,1,1,1,0]","[1,1,0,1,0,1]",1,0,4,3,home_win,home,0,83
26802,3,"{""total"":[""solutions/game_3/total/rest-111001/top"",""solutions/game_3/total/rest-111111/bot""],""series"":[""solutions/game_3/series/home_wins_2/rest-111001/top"",""solutions/game_3/series/home_wins_2/rest-111111/bot""]}","[1,1,1,0,0,1]","[1,1,1,1,1,1]",2,0,9,8,home_win,home,0,88
26802,4,"{""total"":[""solutions/game_4/total/rest-010110/top"",""solutions/game_4/total/rest-001110/bot""],""series"":[""solutions/game_4/single/rest-010110/top"",""solutions/game_4/single/rest-001110/bot""]}","[0,1,0,1,1,0]","[0,0,1,1,1,0]",3,0,7,8,away_win,away,1,96
26802,5,"{""total"":[""solutions/game_5/single/rest-101111/top"",""solutions/game_5/single/rest-110001/bot""],""series"":[""solutions/game_5/single/rest-101111/top"",""solutions/game_5/single/rest-110001/bot""]}","[1,0,1,1,1,1]","[1,1,0,0,0,1]",3,1,6,5,home_win,home,1,86
26803,1,"{""total"":[""solutions/game_1/total/rest-111111/top"",""solutions/game_1/total/rest-111111/bot""],""series"":[""solutions/game_1/series/rest-111111/top"",""solutions/game_1/series/rest-111111/bot""]}","[1,1,1,1,1,1]","[1,1,1,1,1,1]",0,0,2,7,away_win,away,0,83
26803,2,"{""total"":[""solutions/game_2/total/rest-111110/top"",""solutions/game_2/total/rest-011101/bot""],""series"":[""solutions/game_2/series/home_wins_0/rest-111110/top"",""solutions/game_2/series/home_wins_0/rest-011101/bot""]}","[1,1,1,1,1,0]","[0,1,1,1,0,1]",0,1,8,3,home_win,home,0,87
26803,3,"{""total"":[""solutions/game_3/total/rest-110011/top"",""solutions/game_3/total/rest-100111/bot""],""series"":[""solutions/game_3/series/home_wins_1/rest-110011/top"",""solutions/game_3/series/home_wins_1/rest-100111/bot""]}","[1,1,0,0,1,1]","[1,0,0,1,1,1]",1,1,3,5,away_win,away,0,81
26803,4,"{""total"":[""solutions/game_4/total/rest-011110/top"",""solutions/game_4/total/rest-101010/bot""],""series"":[""solutions/game_4/series/home_wins_1/rest-011110/top"",""solutions/game_4/series/home_wins_1/rest-101010/bot""]}","[0,1,1,1,1,0]","[1,0,1,0,1,0]",1,2,3,0,home_win,home,0,70
26803,5,"{""total"":[""solutions/game_5/single/rest-111101/top"",""solutions/game_5/single/rest-111111/bot""],""series"":[""solutions/game_5/single/rest-111101/top"",""solutions/game_5/single/rest-111111/bot""]}","[1,1,1,1,0,1]","[1,1,1,1,1,1]",2,2,1,1,tie,home,0,85
26804,1,"{""total"":[""solutions/game_1/total/rest-111111/top"",""solutions/game_1/total/rest-111111/bot""],""series"":[""solutions/game_1/series/rest-111111/top"",""solutions/game_1/series/rest-111111/bot""]}","[1,1,1,1,1,1]","[1,1,1,1,1,1]",0,0,9,1,home_win,home,0,68
26804,2,"{""total"":[""solutions/game_2/total/rest-111110/top"",""solutions/game_2/total/rest-110111/bot""],""series"":[""solutions/game_2/series/home_wins_1/rest-111110/top"",""solutions/game_2/series/home_wins_1/rest-110111/bot""]}","[1,1,1,1,1,0]","[1,1,0,1,1,1]",1,0,4,4,tie,home,0,85
26804,3,"{""total"":[""solutions/game_3/total/rest-110101/top"",""solutions/game_3/total/rest-101100/bot""],""series"":[""solutions/game_3/series/home_wins_2/rest-110101/top"",""solutions/game_3/series/home_wins_2/rest-101100/bot""]}","[1,1,0,1,0,1]","[1,0,1,1,0,0]",2,0,4,5,away_win,away,0,87
26804,4,"{""total"":[""solutions/game_4/total/rest-011001/top"",""solutions/game_4/total/rest-010101/bot""],""series"":[""solutions/game_4/series/home_wins_2/rest-011001/top"",""solutions/game_4/series/home_wins_2/rest-010101/bot""]}","[0,1,1,0,0,1]","[0,1,0,1,0,1]",2,1,4,9,away_win,away,0,95
26804,5,"{""total"":[""solutions/game_5/single/rest-111010/top"",""solutions/game_5/single/rest-011111/bot""],""series"":[""solutions/game_5/single/rest-111010/top"",""solutions/game_5/single/rest-011111/bot""]}","[1,1,1,0,1,0]","[0,1,1,1,1,1]",2,2,7,3,home_win,home,0,85
26805,1,"{""total"":[""solutions/game_1/total/rest-111111/top"",""solutions/game_1/total/rest-111111/bot""],""series"":[""solutions/game_1/series/rest-111111/top"",""solutions/game_1/series/rest-111111/bot""]}","[1,1,1,1,1,1]","[1,1,1,1,1,1]",0,0,2,3,away_win,away,0,79
26805,2,"{""total"":[""solutions/game_2/total/rest-111111/top"",""solutions/game_2/total/rest-101010/bot""],""series"":[""solutions/game_2/series/home_wins_0/rest-111111/top"",""solutions/game_2/series/home_wins_0/rest-101010/bot""]}","[1,1,1,1,1,1]","[1,0,1,0,1,0]",0,1,9,6,home_win,home,0,90
26805,3,"{""total"":[""solutions/game_3/total/rest-011101/top"",""solutions/game_3/total/rest-110101/bot""],""series"":[""solutions/game_3/series/home_wins_1/rest-011101/top"",""solutions/game_3/series/home_wins_1/rest-110101/bot""]}","[0,1,1,1,0,1]","[1,1,0,1,0,1]",1,1,2,5,away_win,away,0,77
26805,4,"{""total"":[""solutions/game_4/total/rest-111110/top"",""solutions/game_4/total/rest-011110/bot""],""series"":[""solutions/game_4/series/home_wins_1/rest-111110/top"",""solutions/game_4/series/home_wins_1/rest-011110/bot""]}","[1,1,1,1,1,0]","[0,1,1,1,1,0]",1,2,10,2,home_win,home,0,61
26805,5,"{""total"":[""solutions/game_5/single/rest-101111/top"",""solutions/game_5/single/rest-111111/bot""],""series"":[""solutions/game_5/single/rest-101111/top"",""solutions/game_5/single/rest-111111/bot""]}","[1,0,1,1,1,1]","[1,1,1,1,1,1]",2,2,0,8,away_win,away,0,25
26806,1,"{""total"":[""solutions/game_1/total/rest-111111/top"",""solutions/game_1/total/rest-111111/bot""],""series"":[""solutions/game_1/series/rest-111111/top"",""solutions/game_1/series/rest-111111/bot""]}","[1,1,1,1,1,1]","[1,1,1,1,1,1]",0,0,1,3,away_win,away,0,80
26806,2,"{""total"":[""solutions/game_2/total/rest-101011/top"",""solutions/game_2/total/rest-001011/bot""],""series"":[""solutions/game_2/series/home_wins_0/rest-101011/top"",""solutions/game_2/series/home_wins_0/rest-001011/bot""]}","[1,0,1,0,1,1]","[0,0,1,0,1,1]",0,1,13,7,home_win,home,0,95
26806,3,"{""total"":[""solutions/game_3/total/rest-100101/top"",""solutions/game_3/total/rest-110001/bot""],""series"":[""solutions/game_3/series/home_wins_1/rest-100101/top"",""solutions/game_3/series/home_wins_1/rest-110001/bot""]}","[1,0,0,1,0,1]","[1,1,0,0,0,1]",1,1,10,1,home_win,home,0,53
26806,4,"{""total"":[""solutions/game_4/total/rest-111111/top"",""solutions/game_4/total/rest-111111/bot""],""series"":[""solutions/game_4/series/home_wins_2/rest-111111/top"",""solutions/game_4/series/home_wins_2/rest-111111/bot""]}","[1,1,1,1,1,1]","[1,1,1,1,1,1]",2,1,9,1,home_win,home,0,70
26806,5,"{""total"":[""solutions/game_5/single/rest-111011/top"",""solutions/game_5/single/rest-100110/bot""],""series"":[""solutions/game_5/single/rest-111011/top"",""solutions/game_5/single/rest-100110/bot""]}","[1,1,1,0,1,1]","[1,0,0,1,1,0]",3,1,6,4,home_win,home,1,74
26807,1,"{""total"":[""solutions/game_1/total/rest-111111/top"",""solutions/game_1/total/rest-111111/bot""],""series"":[""solutions/game_1/series/rest-111111/top"",""solutions/game_1/series/rest-111111/bot""]}","[1,1,1,1,1,1]","[1,1,1,1,1,1]",0,0,6,2,home_win,home,0,76
26807,2,"{""total"":[""solutions/game_2/total/rest-101011/top"",""solutions/game_2/total/rest-111101/bot""],""series"":[""solutions/game_2/series/home_wins_1/rest-101011/top"",""solutions/game_2/series/home_wins_1/rest-111101/bot""]}","[1,0,1,0,1,1]","[1,1,1,1,0,1]",1,0,5,3,home_win,home,0,84
26807,3,"{""total"":[""solutions/game_3/total/rest-010110/top"",""solutions/game_3/total/rest-001011/bot""],""series"":[""solutions/game_3/series/home_wins_2/rest-010110/top"",""solutions/game_3/series/home_wins_2/rest-001011/bot""]}","[0,1,0,1,1,0]","[0,0,1,0,1,1]",2,0,4,7,away_win,away,0,88
26807,4,"{""total"":[""solutions/game_4/total/rest-101111/top"",""solutions/game_4/total/rest-110110/bot""],""series"":[""solutions/game_4/series/home_wins_2/rest-101111/top"",""solutions/game_4/series/home_wins_2/rest-110110/bot""]}","[1,0,1,1,1,1]","[1,1,0,1,1,0]",2,1,3,4,away_win,away,0,90
26807,5,"{""total"":[""solutions/game_5/single/rest-111101/top"",""solutions/game_5/single/rest-001011/bot""],""series"":[""solutions/game_5/single/rest-111101/top"",""solutions/game_5/single/rest-001011/bot""]}","[1,1,1,1,0,1]","[0,0,1,0,1,1]",2,2,7,6,home_win,home,0,81
26808,1,"{""total"":[""solutions/game_1/total/rest-111111/top"",""solutions/game_1/total/rest-111111/bot""],""series"":[""solutions/game_1/series/rest-111111/top"",""solutions/game_1/series/rest-111111/bot""]}","[1,1,1,1,1,1]","[1,1,1,1,1,1]",0,0,9,4,home_win,home,0,88
26808,2,"{""total"":[""solutions/game_2/total/rest-111100/top"",""solutions/game_2/total/rest-111101/bot""],""series"":[""solutions/game_2/series/home_wins_1/rest-111100/top"",""solutions/game_2/series/home_wins_1/rest-111101/bot""]}","[1,1,1,1,0,0]","[1,1,1,1,0,1]",1,0,3,6,away_win,away,0,82
26808,3,"{""total"":[""solutions/game_3/total/rest-001111/top"",""solutions/game_3/total/rest-010110/bot""],""series"":[""solutions/game_3/series/home_wins_1/rest-001111/top"",""solutions/game_3/series/home_wins_1/rest-010110/bot""]}","[0,0,1,1,1,1]","[0,1,0,1,1,0]",1,1,12,2,home_win,home,0,77
26808,4,"{""total"":[""solutions/game_4/total/rest-101111/top"",""solutions/game_4/total/rest-110101/bot""],""series"":[""solutions/game_4/series/home_wins_2/rest-101111/top"",""solutions/game_4/series/home_wins_2/rest-110101/bot""]}","[1,0,1,1,1,1]","[1,1,0,1,0,1]",2,1,0,4,away_win,away,0,73
26808,5,"{""total"":[""solutions/game_5/single/rest-011011/top"",""solutions/game_5/single/rest-111110/bot""],""series"":[""solutions/game_5/single/rest-011011/top"",""solutions/game_5/single/rest-111110/bot""]}","[0,1,1,0,1,1]","[1,1,1,1,1,0]",2,2,2,7,away_win,away,0,78
26809,1,"{""total"":[""solutions/game_1/total/rest-111111/top"",""solutions/game_1/total/rest-111111/bot""],""series"":[""solutions/game_1/series/rest-111111/top"",""solutions/game_1/series/rest-111111/bot""]}","[1,1,1,1,1,1]","[1,1,1,1,1,1]",0,0,10,6,home_win,home,0,88
26809,2,"{""total"":[""solutions/game_2/total/rest-011101/top"",""solutions/game_2/total/rest-111111/bot""],""series"":[""solutions/game_2/series/home_wins_1/rest-011101/top"",""solutions/game_2/series/home_wins_1/rest-111111/bot""]}","[0,1,1,1,0,1]","[1,1,1,1,1,1]",1,0,3,5,away_win,away,0,85
26809,3,"{""total"":[""solutions/game_3/total/rest-111110/top"",""solutions/game_3/total/rest-000011/bot""],""series"":[""solutions/game_3/series/home_wins_1/rest-111110/top"",""solutions/game_3/series/home_wins_1/rest-000011/bot""]}","[1,1,1,1,1,0]","[0,0,0,0,1,1]",1,1,3,1,home_win,home,0,69
26809,4,"{""total"":[""solutions/game_4/total/rest-111101/top"",""solutions/game_4/total/rest-111001/bot""],""series"":[""solutions/game_4/series/home_wins_2/rest-111101/top"",""solutions/game_4/series/home_wins_2/rest-111001/bot""]}","[1,1,1,1,0,1]","[1,1,1,0,0,1]",2,1,4,9,away_win,away,0,88
26809,5,"{""total"":[""solutions/game_5/single/rest-111011/top"",""solutions/game_5/single/rest-111010/bot""],""series"":[""solutions/game_5/single/rest-111011/top"",""solutions/game_5/single/rest-111010/bot""]}","[1,1,1,0,1,1]","[1,1,1,0,1,0]",2,2,7,3,home_win,home,0,89
26810,1,"{""total"":[""solutions/game_1/total/rest-111111/top"",""solutions/game_1/total/rest-111111/bot""],""series"":[""solutions/game_1/series/rest-111111/top"",""solutions/game_1/series/rest-111111/bot""]}","[1,1,1,1,1,1]","[1,1,1,1,1,1]",0,0,4,2,home_win,home,0,70
26810,2,"{""total"":[""solutions/game_2/total/rest-111011/top"",""solutions/game_2/total/rest-011110/bot""],""series"":[""solutions/game_2/series/home_wins_1/rest-111011/top"",""solutions/game_2/series/home_wins_1/rest-011110/bot""]}","[1,1,1,0,1,1]","[0,1,1,1,1,0]",1,0,1,2,away_win,away,0,70
26810,3,"{""total"":[""solutions/game_3/total/rest-110111/top"",""solutions/game_3/total/rest-111011/bot""],""series"":[""solutions/game_3/series/home_wins_1/rest-110111/top"",""solutions/game_3/series/home_wins_1/rest-111011/bot""]}","[1,1,0,1,1,1]","[1,1,1,0,1,1]",1,1,1,5,away_win,away,0,81
26810,4,"{""total"":[""solutions/game_4/total/rest-111110/top"",""solutions/game_4/total/rest-111110/bot""],""series"":[""solutions/game_4/series/home_wins_1/rest-111110/top"",""solutions/game_4/series/home_wins_1/rest-111110/bot""]}","[1,1,1,1,1,0]","[1,1,1,1,1,0]",1,2,6,4,home_win,home,0,79
26810,5,"{""total"":[""solutions/game_5/single/rest-111001/top"",""solutions/game_5/single/rest-111011/bot""],""series"":[""solutions/game_5/single/rest-111001/top"",""solutions/game_5/single/rest-111011/bot""]}","[1,1,1,0,0,1]","[1,1,1,0,1,1]",2,2,3,0,home_win,home,0,63
26811,1,"{""total"":[""solutions/game_1/total/rest-111111/top"",""solutions/game_1/total/rest-111111/bot""],""series"":[""solutions/game_1/series/rest-111111/top"",""solutions/game_1/series/rest-111111/bot""]}","[1,1,1,1,1,1]","[1,1,1,1,1,1]",0,0,2,0,home_win,home,0,64
26811,2,"{""total"":[""solutions/game_2/total/rest-110011/top"",""solutions/game_2/total/rest-111110/bot""],""series"":[""solutions/game_2/series/home_wins_1/rest-110011/top"",""solutions/game_2/series/home_wins_1/rest-111110/bot""]}","[1,1,0,0,1,1]","[1,1,1,1,1,0]",1,0,8,2,home_win,home,0,72
26811,3,"{""total"":[""solutions/game_3/total/rest-101110/top"",""solutions/game_3/total/rest-111101/bot""],""series"":[""solutions/game_3/series/home_wins_2/rest-101110/top"",""solutions/game_3/series/home_wins_2/rest-111101/bot""]}","[1,0,1,1,1,0]","[1,1,1,1,0,1]",2,0,0,2,away_win,away,0,79
26811,4,"{""total"":[""solutions/game_4/total/rest-110011/top"",""solutions/game_4/total/rest-101010/bot""],""series"":[""solutions/game_4/series/home_wins_2/rest-110011/top"",""solutions/game_4/series/home_wins_2/rest-101010/bot""]}","[1,1,0,0,1,1]","[1,0,1,0,1,0]",2,1,5,4,home_win,home,0,76
26811,5,"{""total"":[""solutions/game_5/single/rest-011100/top"",""solutions/game_5/single/rest-011111/bot""],""series"":[""solutions/game_5/single/rest-011100/top"",""solutions/game_5/single/rest-011111/bot""]}","[0,1,1,1,0,0]","[0,1,1,1,1,1]",3,1,0,8,away_win,away,1,69
26812,1,"{""total"":[""solutions/game_1/total/rest-111111/top"",""solutions/game_1/total/rest-111111/bot""],""series"":[""solutions/game_1/series/rest-111111/top"",""solutions/game_1/series/rest-111111/bot""]}","[1,1,1,1,1,1]","[1,1,1,1,1,1]",0,0,1,0,home_win,home,0,72
26812,2,"{""total"":[""solutions/game_2/total/rest-010111/top"",""solutions/game_2/total/rest-011010/bot""],""series"":[""solutions/game_2/series/home_wins_1/rest-010111/top"",""solutions/game_2/series/home_wins_1/rest-011010/bot""]}","[0,1,0,1,1,1]","[0,1,1,0,1,0]",1,0,3,7,away_win,away,0,88
26812,3,"{""total"":[""solutions/game_3/total/rest-101111/top"",""solutions/game_3/total/rest-100111/bot""],""series"":[""solutions/game_3/series/home_wins_1/rest-101111/top"",""solutions/game_3/series/home_wins_1/rest-100111/bot""]}","[1,0,1,1,1,1]","[1,0,0,1,1,1]",1,1,4,2,home_win,home,0,71
26812,4,"{""total"":[""solutions/game_4/total/rest-111111/top"",""solutions/game_4/total/rest-111011/bot""],""series"":[""solutions/game_4/series/home_wins_2/rest-111111/top"",""solutions/game_4/series/home_wins_2/rest-111011/bot""]}","[1,1,1,1,1,1]","[1,1,1,0,1,1]",2,1,3,4,away_win,away,0,78
26812,5,"{""total"":[""solutions/game_5/single/rest-110101/top"",""solutions/game_5/single/rest-110110/bot""],""series"":[""solutions/game_5/single/rest-110101/top"",""solutions/game_5/single/rest-110110/bot""]}","[1,1,0,1,0,1]","[1,1,0,1,1,0]",2,2,0,7,away_win,away,0,82
26813,1,"{""total"":[""solutions/game_1/total/rest-111111/top"",""solutions/game_1/total/rest-111111/bot""],""series"":[""solutions/game_1/series/rest-111111/top"",""solutions/game_1/series/rest-111111/bot""]}","[1,1,1,1,1,1]","[1,1,1,1,1,1]",0,0,1,2,away_win,away,0,81
26813,2,"{""total"":[""solutions/game_2/total/rest-011101/top"",""solutions/game_2/total/rest-001110/bot""],""series"":[""solutions/game_2/series/home_wins_0/rest-011101/top"",""solutions/game_2/series/home_wins_0/rest-001110/bot""]}","[0,1,1,1,0,1]","[0,0,1,1,1,0]",0,1,5,0,home_win,home,0,71
26813,3,"{""total"":[""solutions/game_3/total/rest-101111/top"",""solutions/game_3/total/rest-110111/bot""],""series"":[""solutions/game_3/series/home_wins_1/rest-101111/top"",""solutions/game_3/series/home_wins_1/rest-110111/bot""]}","[1,0,1,1,1,1]","[1,1,0,1,1,1]",1,1,1,0,home_win,home,0,67
26813,4,"{""total"":[""solutions/game_4/total/rest-110111/top"",""solutions/game_4/total/rest-111110/bot""],""series"":[""solutions/game_4/series/home_wins_2/rest-110111/top"",""solutions/game_4/series/home_wins_2/rest-111110/bot""]}","[1,1,0,1,1,1]","[1,1,1,1,1,0]",2,1,4,2,home_win,home,0,70
26813,5,"{""total"":[""solutions/game_5/single/rest-111110/top"",""solutions/game_5/single/rest-101111/bot""],""series"":[""solutions/game_5/single/rest-111110/top"",""solutions/game_5/single/rest-101111/bot""]}","[1,1,1,1,1,0]","[1,0,1,1,1,1]",3,1,11,3,home_win,home,1,73
26814,1,"{""total"":[""solutions/game_1/total/rest-111111/top"",""solutions/game_1/total/rest-111111/bot""],""series"":[""solutions/game_1/series/rest-111111/top"",""solutions/game_1/series/rest-111111/bot""]}","[1,1,1,1,1,1]","[1,1,1,1,1,1]",0,0,4,3,home_win,home,0,81
26814,2,"{""total"":[""solutions/game_2/total/rest-011101/top"",""solutions/game_2/total/rest-111010/bot""],""series"":[""solutions/game_2/series/home_wins_1/rest-011101/top"",""solutions/game_2/series/home_wins_1/rest-111010/bot""]}","[0,1,1,1,0,1]","[1,1,1,0,1,0]",1,0,2,9,away_win,away,0,88
26814,3,"{""total"":[""solutions/game_3/total/rest-110011/top"",""solutions/game_3/total/rest-000110/bot""],""series"":[""solutions/game_3/series/home_wins_1/rest-110011/top"",""solutions/game_3/series/home_wins_1/rest-000110/bot""]}","[1,1,0,0,1,1]","[0,0,0,1,1,0]",1,1,4,3,home_win,home,0,91
26814,4,"{""total"":[""solutions/game_4/total/rest-011100/top"",""solutions/game_4/total/rest-111001/bot""],""series"":[""solutions/game_4/series/home_wins_2/rest-011100/top"",""solutions/game_4/series/home_wins_2/rest-111001/bot""]}","[0,1,1,1,0,0]","[1,1,1,0,0,1]",2,1,5,8,away_win,away,0,77
26814,5,"{""total"":[""solutions/game_5/single/rest-111111/top"",""solutions/game_5/single/rest-110111/bot""],""series"":[""solutions/game_5/single/rest-111111/top"",""solutions/game_5/single/rest-110111/bot""]}","[1,1,1,1,1,1]","[1,1,0,1,1,1]",2,2,0,8,away_win,away,0,35
26815,1,"{""total"":[""solutions/game_1/total/rest-111111/top"",""solutions/game_1/total/rest-111111/bot""],""series"":[""solutions/game_1/series/rest-111111/top"",""solutions/game_1/series/rest-111111/bot""]}","[1,1,1,1,1,1]","[1,1,1,1,1,1]",0,0,4,3,home_win,home,0,76
26815,2,"{""total"":[""solutions/game_2/total/rest-110001/top"",""solutions/game_2/total/rest-101111/bot""],""series"":[""solutions/game_2/series/home_wins_1/rest-110001/top"",""solutions/game_2/series/home_wins_1/rest-101111/bot""]}","[1,1,0,0,0,1]","[1,0,1,1,1,1]",1,0,14,6,home_win,home,0,86
26815,3,"{""total"":[""solutions/game_3/total/rest-111110/top"",""solutions/game_3/total/rest-111110/bot""],""series"":[""solutions/game_3/series/home_wins_2/rest-111110/top"",""solutions/game_3/series/home_wins_2/rest-111110/bot""]}","[1,1,1,1,1,0]","[1,1,1,1,1,0]",2,0,7,1,home_win,home,0,82
26815,4,"{""total"":[""solutions/game_4/total/rest-101101/top"",""solutions/game_4/total/rest-110011/bot""],""series"":[""solutions/game_4/single/rest-101101/top"",""solutions/game_4/single/rest-110011/bot""]}","[1,0,1,1,0,1]","[1,1,0,0,1,1]",3,0,6,5,home_win,home,1,80
26815,5,"{""total"":[""solutions/game_5/single/rest-110111/top"",""solutions/game_5/single/rest-001110/bot""],""series"":[""solutions/game_5/single/rest-110111/top"",""solutions/game_5/single/rest-001110/bot""]}","[1,1,0,1,1,1]","[0,0,1,1,1,0]",4,0,0,7,away_win,away,1,78
26816,1,"{""total"":[""solutions/game_1/total/rest-111111/top"",""solutions/game_1/total/rest-111111/bot""],""series"":[""solutions/game_1/series/rest-111111/top"",""solutions/game_1/series/rest-111111/bot""]}","[1,1,1,1,1,1]","[1,1,1,1,1,1]",0,0,5,2,home_win,home,0,72
26816,2,"{""total"":[""solutions/game_2/total/rest-110011/top"",""solutions/game_2/total/rest-001011/bot""],""series"":[""solutions/game_2/series/home_wins_1/rest-110011/top"",""solutions/game_2/series/home_wins_1/rest-001011/bot""]}","[1,1,0,0,1,1]","[0,0,1,0,1,1]",1,0,3,2,home_win,home,0,76
26816,3,"{""total"":[""solutions/game_3/total/rest-011100/top"",""solutions/game_3/total/rest-111101/bot""],""series"":[""solutions/game_3/series/home_wins_2/rest-011100/top"",""solutions/game_3/series/home_wins_2/rest-111101/bot""]}","[0,1,1,1,0,0]","[1,1,1,1,0,1]",2,0,6,0,home_win,home,0,77
26816,4,"{""total"":[""solutions/game_4/total/rest-111011/top"",""solutions/game_4/total/rest-100110/bot""],""series"":[""solutions/game_4/single/rest-111011/top"",""solutions/game_4/single/rest-100110/bot""]}","[1,1,1,0,1,1]","[1,0,0,1,1,0]",3,0,3,2,home_win,home,1,70
26816,5,"{""total"":[""solutions/game_5/single/rest-010111/top"",""solutions/game_5/single/rest-111011/bot""],""series"":[""solutions/game_5/single/rest-010111/top"",""solutions/game_5/single/rest-111011/bot""]}","[0,1,0,1,1,1]","[1,1,1,0,1,1]",4,0,7,1,home_win,home,1,75
26817,1,"{""total"":[""solutions/game_1/total/rest-111111/top"",""solutions/game_1/total/rest-111111/bot""],""series"":[""solutions/game_1/series/rest-111111/top"",""solutions/game_1/series/rest-111111/bot""]}","[1,1,1,1,1,1]","[1,1,1,1,1,1]",0,0,10,6,home_win,home,0,86
26817,2,"{""total"":[""solutions/game_2/total/rest-111101/top"",""solutions/game_2/total/rest-011011/bot""],""series"":[""solutions/game_2/series/home_wins_1/rest-111101/top"",""solutions/game_2/series/home_wins_1/rest-011011/bot""]}","[1,1,1,1,0,1]","[0,1,1,0,1,1]",1,0,3,7,away_win,away,0,80
26817,3,"{""total"":[""solutions/game_3/total/rest-111110/top"",""solutions/game_3/total/rest-111111/bot""],""series"":[""solutions/game_3/series/home_wins_1/rest-111110/top"",""solutions/game_3/series/home_wins_1/rest-111111/bot""]}","[1,1,1,1,1,0]","[1,1,1,1,1,1]",1,1,5,3,home_win,home,0,78
26817,4,"{""total"":[""solutions/game_4/total/rest-110001/top"",""solutions/game_4/total/rest-111011/bot""],""series"":[""solutions/game_4/series/home_wins_2/rest-110001/top"",""solutions/game_4/series/home_wins_2/rest-111011/bot""]}","[1,1,0,0,0,1]","[1,1,1,0,1,1]",2,1,5,10,away_win,away,0,88
26817,5,"{""total"":[""solutions/game_5/single/rest-001100/top"",""solutions/game_5/single/rest-011110/bot""],""series"":[""solutions/game_5/single/rest-001100/top"",""solutions/game_5/single/rest-011110/bot""]}","[0,0,1,1,0,0]","[0,1,1,1,1,0]",2,2,2,1,home_win,home,0,80
26818,1,"{""total"":[""solutions/game_1/total/rest-111111/top"",""solutions/game_1/total/rest-111111/bot""],""series"":[""solutions/game_1/series/rest-111111/top"",""solutions/game_1/series/rest-111111/bot""]}","[1,1,1,1,1,1]","[1,1,1,1,1,1]",0,0,3,1,home_win,home,0,75
26818,2,"{""total"":[""solutions/game_2/total/rest-110111/top"",""solutions/game_2/total/rest-111100/bot""],""series"":[""solutions/game_2/series/home_wins_1/rest-110111/top"",""solutions/game_2/series/home_wins_1/rest-111100/bot""]}","[1,1,0,1,1,1]","[1,1,1,1,0,0]",1,0,0,8,away_win,away,0,50
26818,3,"{""total"":[""solutions/game_3/total/rest-111110/top"",""solutions/game_3/total/rest-111111/bot""],""series"":[""solutions/game_3/series/home_wins_1/rest-111110/top"",""solutions/game_3/series/home_wins_1/rest-111111/bot""]}","[1,1,1,1,1,0]","[1,1,1,1,1,1]",1,1,9,1,home_win,home,0,49
26818,4,"{""total"":[""solutions/game_4/total/rest-111111/top"",""solutions/game_4/total/rest-110111/bot""],""series"":[""solutions/game_4/series/home_wins_2/rest-111111/top"",""solutions/game_4/series/home_wins_2/rest-110111/bot""]}","[1,1,1,1,1,1]","[1,1,0,1,1,1]",2,1,4,5,away_win,away,0,91
26818,5,"{""total"":[""solutions/game_5/single/rest-010011/top"",""solutions/game_5/single/rest-001110/bot""],""series"":[""solutions/game_5/single/rest-010011/top"",""solutions/game_5/single/rest-001110/bot""]}","[0,1,0,0,1,1]","[0,0,1,1,1,0]",2,2,7,6,home_win,home,0,86
26819,1,"{""total"":[""solutions/game_1/total/rest-111111/top"",""solutions/game_1/total/rest-111111/bot""],""series"":[""solutions/game_1/series/rest-111111/top"",""solutions/game_1/series/rest-111111/bot""]}","[1,1,1,1,1,1]","[1,1,1,1,1,1]",0,0,4,5,away_win,away,0,95
26819,2,"{""total"":[""solutions/game_2/total/rest-010011/top"",""solutions/game_2/total/rest-100011/bot""],""series"":[""solutions/game_2/series/home_wins_0/rest-010011/top"",""solutions/game_2/series/home_wins_0/rest-100011/bot""]}","[0,1,0,0,1,1]","[1,0,0,0,1,1]",0,1,0,8,away_win,away,0,41
26819,3,"{""total"":[""solutions/game_3/total/rest-011111/top"",""solutions/game_3/total/rest-111111/bot""],""series"":[""solutions/game_3/series/home_wins_0/rest-011111/top"",""solutions/game_3/series/home_wins_0/rest-111111/bot""]}","[0,1,1,1,1,1]","[1,1,1,1,1,1]",0,2,12,4,home_win,home,0,80
26819,4,"{""total"":[""solutions/game_4/total/rest-110101/top"",""solutions/game_4/total/rest-011110/bot""],""series"":[""solutions/game_4/series/home_wins_1/rest-110101/top"",""solutions/game_4/series/home_wins_1/rest-011110/bot""]}","[1,1,0,1,0,1]","[0,1,1,1,1,0]",1,2,1,4,away_win,away,0,79
26819,5,"{""total"":[""solutions/game_5/single/rest-101110/top"",""solutions/game_5/single/rest-100011/bot""],""series"":[""solutions/game_5/single/rest-101110/top"",""solutions/game_5/single/rest-100011/bot""]}","[1,0,1,1,1,0]","[1,0,0,0,1,1]",1,3,6,8,away_win,away,1,86
26820,1,"{""total"":[""solutions/game_1/total/rest-111111/top"",""solutions/game_1/total/rest-111111/bot""],""series"":[""solutions/game_1/series/rest-111111/top"",""solutions/game_1/series/rest-111111/bot""]}","[1,1,1,1,1,1]","[1,1,1,1,1,1]",0,0,4,3,home_win,home,0,78
26820,2,"{""total"":[""solutions/game_2/total/rest-110001/top"",""solutions/game_2/total/rest-011110/bot""],""series"":[""solutions/game_2/series/home_wins_1/rest-110001/top"",""solutions/game_2/series/home_wins_1/rest-011110/bot""]}","[1,1,0,0,0,1]","[0,1,1,1,1,0]",1,0,8,5,home_win,home,0,84
26820,3,"{""total"":[""solutions/game_3/total/rest-001111/top"",""solutions/game_3/total/rest-110101/bot""],""series"":[""solutions/game_3/series/home_wins_2/rest-001111/top"",""solutions/game_3/series/home_wins_2/rest-110101/bot""]}","[0,0,1,1,1,1]","[1,1,0,1,0,1]",2,0,8,6,home_win,home,0,86
26820,4,"{""total"":[""solutions/game_4/total/rest-110001/top"",""solutions/game_4/total/rest-011111/bot""],""series"":[""solutions/game_4/single/rest-110001/top"",""solutions/game_4/single/rest-011111/bot""]}","[1,1,0,0,0,1]","[0,1,1,1,1,1]",3,0,3,11,away_win,away,1,75
26820,5,"{""total"":[""solutions/game_5/single/rest-101111/top"",""solutions/game_5/single/rest-111110/bot""],""series"":[""solutions/game_5/single/rest-101111/top"",""solutions/game_5/single/rest-111110/bot""]}","[1,0,1,1,1,1]","[1,1,1,1,1,0]",3,1,3,8,away_win,away,1,86
26821,1,"{""total"":[""solutions/game_1/total/rest-111111/top"",""solutions/game_1/total/rest-111111/bot""],""series"":[""solutions/game_1/series/rest-111111/top"",""solutions/game_1/series/rest-111111/bot""]}","[1,1,1,1,1,1]","[1,1,1,1,1,1]",0,0,2,10,away_win,away,0,69
26821,2,"{""total"":[""solutions/game_2/total/rest-111110/top"",""solutions/game_2/total/rest-110111/bot""],""series"":[""solutions/game_2/series/home_wins_0/rest-111110/top"",""solutions/game_2/series/home_wins_0/rest-110111/bot""]}","[1,1,1,1,1,0]","[1,1,0,1,1,1]",0,1,5,4,home_win,home,0,79
26821,3,"{""total"":[""solutions/game_3/total/rest-110001/top"",""solutions/game_3/total/rest-011111/bot""],""series"":[""solutions/game_3/series/home_wins_1/rest-110001/top"",""solutions/game_3/series/home_wins_1/rest-011111/bot""]}","[1,1,0,0,0,1]","[0,1,1,1,1,1]",1,1,9,8,home_win,home,0,83
26821,4,"{""total"":[""solutions/game_4/total/rest-011111/top"",""solutions/game_4/total/rest-101110/bot""],""series"":[""solutions/game_4/series/home_wins_2/rest-011111/top"",""solutions/game_4/series/home_wins_2/rest-101110/bot""]}","[0,1,1,1,1,1]","[1,0,1,1,1,0]",2,1,4,1,home_win,home,0,75
26821,5,"{""total"":[""solutions/game_5/single/rest-101101/top"",""solutions/game_5/single/rest-001011/bot""],""series"":[""solutions/game_5/single/rest-101101/top"",""solutions/game_5/single/rest-001011/bot""]}","[1,0,1,1,0,1]","[0,0,1,0,1,1]",3,1,7,6,home_win,home,1,95
26822,1,"{""total"":[""solutions/game_1/total/rest-111111/top"",""solutions/game_1/total/rest-111111/bot""],""series"":[""solutions/game_1/series/rest-111111/top"",""solutions/game_1/series/rest-111111/bot""]}","[1,1,1,1,1,1]","[1,1,1,1,1,1]",0,0,10,1,home_win,home,0,68
26822,2,"{""total"":[""solutions/game_2/total/rest-111011/top"",""solutions/game_2/total/rest-110111/bot""],""series"":[""solutions/game_2/series/home_wins_1/rest-111011/top"",""solutions/game_2/series/home_wins_1/rest-110111/bot""]}","[1,1,1,0,1,1]","[1,1,0,1,1,1]",1,0,3,5,away_win,away,0,82
26822,3,"{""total"":[""solutions/game_3/total/rest-111000/top"",""solutions/game_3/total/rest-001110/bot""],""series"":[""solutions/game_3/series/home_wins_1/rest-111000/top"",""solutions/game_3/series/home_wins_1/rest-001110/bot""]}","[1,1,1,0,0,0]","[0,0,1,1,1,0]",1,1,8,0,home_win,home,0,15
26822,4,"{""total"":[""solutions/game_4/total/rest-111111/top"",""solutions/game_4/total/rest-111111/bot""],""series"":[""solutions/game_4/series/home_wins_2/rest-111111/top"",""solutions/game_4/series/home_wins_2/rest-111111/bot""]}","[1,1,1,1,1,1]","[1,1,1,1,1,1]",2,1,1,10,away_win,away,0,70
26822,5,"{""total"":[""solutions/game_5/single/rest-111111/top"",""solutions/game_5/single/rest-110111/bot""],""series"":[""solutions/game_5/single/rest-111111/top"",""solutions/game_5/single/rest-110111/bot""]}","[1,1,1,1,1,1]","[1,1,0,1,1,1]",2,2,6,4,home_win,home,0,87
26823,1,"{""total"":[""solutions/game_1/total/rest-111111/top"",""solutions/game_1/total/rest-111111/bot""],""series"":[""solutions/game_1/series/rest-111111/top"",""solutions/game_1/series/rest-111111/bot""]}","[1,1,1,1,1,1]","[1,1,1,1,1,1]",0,0,2,7,away_win,away,0,84
26823,2,"{""total"":[""solutions/game_2/total/rest-111100/top"",""solutions/game_2/total/rest-111100/bot""],""series"":[""solutions/game_2/series/home_wins_0/rest-111100/top"",""solutions/game_2/series/home_wins_0/rest-111100/bot""]}","[1,1,1,1,0,0]","[1,1,1,1,0,0]",0,1,9,4,home_win,home,0,83
26823,3,"{""total"":[""solutions/game_3/total/rest-010111/top"",""solutions/game_3/total/rest-011111/bot""],""series"":[""solutions/game_3/series/home_wins_1/rest-010111/top"",""solutions/game_3/series/home_wins_1/rest-011111/bot""]}","[0,1,0,1,1,1]","[0,1,1,1,1,1]",1,1,3,6,away_win,away,0,84
26823,4,"{""total"":[""solutions/game_4/total/rest-111000/top"",""solutions/game_4/total/rest-111111/bot""],""series"":[""solutions/game_4/series/home_wins_1/rest-111000/top"",""solutions/game_4/series/home_wins_1/rest-111111/bot""]}","[1,1,1,0,0,0]","[1,1,1,1,1,1]",1,2,7,6,home_win,home,0,88
26823,5,"{""total"":[""solutions/game_5/single/rest-000110/top"",""solutions/game_5/single/rest-110101/bot""],""series"":[""solutions/game_5/single/rest-000110/top"",""solutions/game_5/single/rest-110101/bot""]}","[0,0,0,1,1,0]","[1,1,0,1,0,1]",2,2,10,4,home_win,home,0,78
26824,1,"{""total"":[""solutions/game_1/total/rest-111111/top"",""solutions/game_1/total/rest-111111/bot""],""series"":[""solutions/game_1/series/rest-111111/top"",""solutions/game_1/series/rest-111111/bot""]}","[1,1,1,1,1,1]","[1,1,1,1,1,1]",0,0,9,0,home_win,home,0,27
26824,2,"{""total"":[""solutions/game_2/total/rest-111111/top"",""solutions/game_2/total/rest-111111/bot""],""series"":[""solutions/game_2/series/home_wins_1/rest-111111/top"",""solutions/game_2/series/home_wins_1/rest-111111/bot""]}","[1,1,1,1,1,1]","[1,1,1,1,1,1]",1,0,3,6,away_win,away,0,86
26824,3,"{""total"":[""solutions/game_3/total/rest-111100/top"",""solutions/game_3/total/rest-111011/bot""],""series"":[""solutions/game_3/series/home_wins_1/rest-111100/top"",""solutions/game_3/series/home_wins_1/rest-111011/bot""]}","[1,1,1,1,0,0]","[1,1,1,0,1,1]",1,1,5,6,away_win,away,0,90
26824,4,"{""total"":[""solutions/game_4/total/rest-101010/top"",""solutions/game_4/total/rest-000110/bot""],""series"":[""solutions/game_4/series/home_wins_1/rest-101010/top"",""solutions/game_4/series/home_wins_1/rest-000110/bot""]}","[1,0,1,0,1,0]","[0,0,0,1,1,0]",1,2,1,5,away_win,away,0,84
26824,5,"{""total"":[""solutions/game_5/single/rest-010111/top"",""solutions/game_5/single/rest-110101/bot""],""series"":[""solutions/game_5/single/rest-010111/top"",""solutions/game_5/single/rest-110101/bot""]}","[0,1,0,1,1,1]","[1,1,0,1,0,1]",1,3,1,2,away_win,away,1,85
26825,1,"{""total"":[""solutions/game_1/total/rest-111111/top"",""solutions/game_1/total/rest-111111/bot""],""series"":[""solutions/game_1/series/rest-111111/top"",""solutions/game_1/series/rest-111111/bot""]}","[1,1,1,1,1,1]","[1,1,1,1,1,1]",0,0,7,6,home_win,home,0,90
26825,2,"{""total"":[""solutions/game_2/total/rest-110111/top"",""solutions/game_2/total/rest-110110/bot""],""series"":[""solutions/game_2/series/home_wins_1/rest-110111/top"",""solutions/game_2/series/home_wins_1/rest-110110/bot""]}","[1,1,0,1,1,1]","[1,1,0,1,1,0]",1,0,2,10,away_win,away,0,75
26825,3,"{""total"":[""solutions/game_3/total/rest-111110/top"",""solutions/game_3/total/rest-011101/bot""],""series"":[""solutions/game_3/series/home_wins_1/rest-111110/top"",""solutions/game_3/series/home_wins_1/rest-011101/bot""]}","[1,1,1,1,1,0]","[0,1,1,1,0,1]",1,1,1,3,away_win,away,0,71
26825,4,"{""total"":[""solutions/game_4/total/rest-111101/top"",""solutions/game_4/total/rest-101110/bot""],""series"":[""solutions/game_4/series/home_wins_1/rest-111101/top"",""solutions/game_4/series/home_wins_1/rest-101110/bot""]}","[1,1,1,1,0,1]","[1,0,1,1,1,0]",1,2,4,8,away_win,away,0,86
26825,5,"{""total"":[""solutions/game_5/single/rest-011110/top"",""solutions/game_5/single/rest-100001/bot""],""series"":[""solutions/game_5/single/rest-011110/top"",""solutions/game_5/single/rest-100001/bot""]}","[0,1,1,1,1,0]","[1,0,0,0,0,1]",1,3,6,4,home_win,home,1,76
26826,1,"{""total"":[""solutions/game_1/total/rest-111111/top"",""solutions/game_1/total/rest-111111/bot""],""series"":[""solutions/game_1/series/rest-111111/top"",""solutions/game_1/series/rest-111111/bot""]}","[1,1,1,1,1,1]","[1,1,1,1,1,1]",0,0,6,4,home_win,home,0,81
26826,2,"{""total"":[""solutions/game_2/total/rest-111101/top"",""solutions/game_2/total/rest-011111/bot""],""series"":[""solutions/game_2/series/home_wins_1/rest-111101/top"",""solutions/game_2/series/home_wins_1/rest-011111/bot""]}","[1,1,1,1,0,1]","[0,1,1,1,1,1]",1,0,3,1,home_win,home,0,77
26826,3,"{""total"":[""solutions/game_3/total/rest-010011/top"",""solutions/game_3/total/rest-101011/bot""],""series"":[""solutions/game_3/series/home_wins_2/rest-010011/top"",""solutions/game_3/series/home_wins_2/rest-101011/bot""]}","[0,1,0,0,1,1]","[1,0,1,0,1,1]",2,0,2,10,away_win,away,0,84
26826,4,"{""total"":[""solutions/game_4/total/rest-101111/top"",""solutions/game_4/total/rest-111111/bot""],""series"":[""solutions/game_4/series/home_wins_2/rest-101111/top"",""solutions/game_4/series/home_wins_2/rest-111111/bot""]}","[1,0,1,1,1,1]","[1,1,1,1,1,1]",2,1,0,8,away_win,away,0,46
26826,5,"{""total"":[""solutions/game_5/single/rest-111111/top"",""solutions/game_5/single/rest-111111/bot""],""series"":[""solutions/game_5/single/rest-111111/top"",""solutions/game_5/single/rest-111111/bot""]}","[1,1,1,1,1,1]","[1,1,1,1,1,1]",2,2,0,2,away_win,away,0,75
26827,1,"{""total"":[""solutions/game_1/total/rest-111111/top"",""solutions/game_1/total/rest-111111/bot""],""series"":[""solutions/game_1/series/rest-111111/top"",""solutions/game_1/series/rest-111111/bot""]}","[1,1,1,1,1,1]","[1,1,1,1,1,1]",0,0,8,5,home_win,home,0,93
26827,2,"{""total"":[""solutions/game_2/total/rest-011011/top"",""solutions/game_2/total/rest-110110/bot""],""series"":[""solutions/game_2/series/home_wins_1/rest-011011/top"",""solutions/game_2/series/home_wins_1/rest-110110/bot""]}","[0,1,1,0,1,1]","[1,1,0,1,1,0]",1,0,0,10,away_win,away,0,66
26827,3,"{""total"":[""solutions/game_3/total/rest-011011/top"",""solutions/game_3/total/rest-111111/bot""],""series"":[""solutions/game_3/series/home_wins_1/rest-011011/top"",""solutions/game_3/series/home_wins_1/rest-111111/bot""]}","[0,1,1,0,1,1]","[1,1,1,1,1,1]",1,1,2,4,away_win,away,0,82
26827,4,"{""total"":[""solutions/game_4/total/rest-111100/top"",""solutions/game_4/total/rest-011101/bot""],""series"":[""solutions/game_4/series/home_wins_1/rest-111100/top"",""solutions/game_4/series/home_wins_1/rest-011101/bot""]}","[1,1,1,1,0,0]","[0,1,1,1,0,1]",1,2,8,4,home_win,home,0,83
26827,5,"{""total"":[""solutions/game_5/single/rest-011101/top"",""solutions/game_5/single/rest-111111/bot""],""series"":[""solutions/game_5/single/rest-011101/top"",""solutions/game_5/single/rest-111111/bot""]}","[0,1,1,1,0,1]","[1,1,1,1,1,1]",2,2,6,4,home_win,home,0,82
26828,1,"{""total"":[""solutions/game_1/total/rest-111111/top"",""solutions/game_1/total/rest-111111/bot""],""series"":[""solutions/game_1/series/rest-111111/top"",""solutions/game_1/series/rest-111111/bot""]}","[1,1,1,1,1,1]","[1,1,1,1,1,1]",0,0,5,4,home_win,home,0,84
26828,2,"{""total"":[""solutions/game_2/total/rest-011011/top"",""solutions/game_2/total/rest-001100/bot""],""series"":[""solutions/game_2/series/home_wins_1/rest-011011/top"",""solutions/game_2/series/home_wins_1/rest-001100/bot""]}","[0,1,1,0,1,1]","[0,0,1,1,0,0]",1,0,12,4,home_win,home,0,74
26828,3,"{""total"":[""solutions/game_3/total/rest-111111/top"",""solutions/game_3/total/rest-110111/bot""],""series"":[""solutions/game_3/series/home_wins_2/rest-111111/top"",""solutions/game_3/series/home_wins_2/rest-110111/bot""]}","[1,1,1,1,1,1]","[1,1,0,1,1,1]",2,0,4,8,away_win,away,0,94
26828,4,"{""total"":[""solutions/game_4/total/rest-011101/top"",""solutions/game_4/total/rest-110011/bot""],""series"":[""solutions/game_4/series/home_wins_2/rest-011101/top"",""solutions/game_4/series/home_wins_2/rest-110011/bot""]}","[0,1,1,1,0,1]","[1,1,0,0,1,1]",2,1,1,3,away_win,away,0,87
26828,5,"{""total"":[""solutions/game_5/single/rest-110111/top"",""solutions/game_5/single/rest-001111/bot""],""series"":[""solutions/game_5/single/rest-110111/top"",""solutions/game_5/single/rest-001111/bot""]}","[1,1,0,1,1,1]","[0,0,1,1,1,1]",2,2,3,7,away_win,away,0,93
26829,1,"{""total"":[""solutions/game_1/total/rest-111111/top"",""solutions/game_1/total/rest-111111/bot""],""series"":[""solutions/game_1/series/rest-111111/top"",""solutions/game_1/series/rest-111111/bot""]}","[1,1,1,1,1,1]","[1,1,1,1,1,1]",0,0,9,6,home_win,home,0,76
26829,2,"{""total"":[""solutions/game_2/total/rest-111001/top"",""solutions/game_2/total/rest-010111/bot""],""series"":[""solutions/game_2/series/home_wins_1/rest-111001/top"",""solutions/game_2/series/home_wins_1/rest-010111/bot""]}","[1,1,1,0,0,1]","[0,1,0,1,1,1]",1,0,8,7,home_win,home,0,96
26829,3,"{""total"":[""solutions/game_3/total/rest-100110/top"",""solutions/game_3/total/rest-101000/bot""],""series"":[""solutions/game_3/series/home_wins_2/rest-100110/top"",""solutions/game_3/series/home_wins_2/rest-101000/bot""]}","[1,0,0,1,1,0]","[1,0,1,0,0,0]",2,0,3,5,away_win,away,0,82
26829,4,"{""total"":[""solutions/game_4/total/rest-111111/top"",""solutions/game_4/total/rest-010110/bot""],""series"":[""solutions/game_4/series/home_wins_2/rest-111111/top"",""solutions/game_4/series/home_wins_2/rest-010110/bot""]}","[1,1,1,1,1,1]","[0,1,0,1,1,0]",2,1,4,3,home_win,home,0,71
26829,5,"{""total"":[""solutions/game_5/single/rest-111011/top"",""solutions/game_5/single/rest-111111/bot""],""series"":[""solutions/game_5/single/rest-111011/top"",""solutions/game_5/single/rest-111111/bot""]}","[1,1,1,0,1,1]","[1,1,1,1,1,1]",3,1,8,4,home_win,home,1,78
26830,1,"{""total"":[""solutions/game_1/total/rest-111111/top"",""solutions/game_1/total/rest-111111/bot""],""series"":[""solutions/game_1/series/rest-111111/top"",""solutions/game_1/series/rest-111111/bot""]}","[1,1,1,1,1,1]","[1,1,1,1,1,1]",0,0,4,7,away_win,away,0,88
26830,2,"{""total"":[""solutions/game_2/total/rest-001111/top"",""solutions/game_2/total/rest-101010/bot""],""series"":[""solutions/game_2/series/home_wins_0/rest-001111/top"",""solutions/game_2/series/home_wins_0/rest-101010/bot""]}","[0,0,1,1,1,1]","[1,0,1,0,1,0]",0,1,7,3,home_win,home,0,84
26830,3,"{""total"":[""solutions/game_3/total/rest-110100/top"",""solutions/game_3/total/rest-110001/bot""],""series"":[""solutions/game_3/series/home_wins_1/rest-110100/top"",""solutions/game_3/series/home_wins_1/rest-110001/bot""]}","[1,1,0,1,0,0]","[1,1,0,0,0,1]",1,1,3,5,away_win,away,0,79
26830,4,"{""total"":[""solutions/game_4/total/rest-001111/top"",""solutions/game_4/total/rest-011110/bot""],""series"":[""solutions/game_4/series/home_wins_1/rest-001111/top"",""solutions/game_4/series/home_wins_1/rest-011110/bot""]}","[0,0,1,1,1,1]","[0,1,1,1,1,0]",1,2,1,9,away_win,away,0,70
26830,5,"{""total"":[""solutions/game_5/single/rest-111110/top"",""solutions/game_5/single/rest-111101/bot""],""series"":[""solutions/game_5/single/rest-111110/top"",""solutions/game_5/single/rest-111101/bot""]}","[1,1,1,1,1,0]","[1,1,1,1,0,1]",1,3,9,3,home_win,home,1,82
26831,1,"{""total"":[""solutions/game_1/total/rest-111111/top"",""solutions/game_1/total/rest-111111/bot""],""series"":[""solutions/game_1/series/rest-111111/top"",""solutions/game_1/series/rest-111111/bot""]}","[1,1,1,1,1,1]","[1,1,1,1,1,1]",0,0,5,2,home_win,home,0,72
26831,2,"{""total"":[""solutions/game_2/total/rest-110011/top"",""solutions/game_2/total/rest-110101/bot""],""series"":[""solutions/game_2/series/home_wins_1/rest-110011/top"",""solutions/game_2/series/home_wins_1/rest-110101/bot""]}","[1,1,0,0,1,1]","[1,1,0,1,0,1]",1,0,3,7,away_win,away,0,80
26831,3,"{""total"":[""solutions/game_3/total/rest-011011/top"",""solutions/game_3/total/rest-111110/bot""],""series"":[""solutions/game_3/series/home_wins_1/rest-011011/top"",""solutions/game_3/series/home_wins_1/rest-111110/bot""]}","[0,1,1,0,1,1]","[1,1,1,1,1,0]",1,1,1,3,away_win,away,0,76
26831,4,"{""total"":[""solutions/game_4/total/rest-101101/top"",""solutions/game_4/total/rest-001011/bot""],""series"":[""solutions/game_4/series/home_wins_1/rest-101101/top"",""solutions/game_4/series/home_wins_1/rest-001011/bot""]}","[1,0,1,1,0,1]","[0,0,1,0,1,1]",1,2,1,10,away_win,away,0,61
26831,5,"{""total"":[""solutions/game_5/single/rest-111110/top"",""solutions/game_5/single/rest-111101/bot""],""series"":[""solutions/game_5/single/rest-111110/top"",""solutions/game_5/single/rest-111101/bot""]}","[1,1,1,1,1,0]","[1,1,1,1,0,1]",1,3,5,3,home_win,home,1,80
26832,1,"{""total"":[""solutions/game_1/total/rest-111111/top"",""solutions/game_1/total/rest-111111/bot""],""series"":[""solutions/game_1/series/rest-111111/top"",""solutions/game_1/series/rest-111111/bot""]}","[1,1,1,1,1,1]","[1,1,1,1,1,1]",0,0,6,0,home_win,home,0,79
26832,2,"{""total"":[""solutions/game_2/total/rest-111111/top"",""solutions/game_2/total/rest-111100/bot""],""series"":[""solutions/game_2/series/home_wins_1/rest-111111/top"",""solutions/game_2/series/home_wins_1/rest-111100/bot""]}","[1,1,1,1,1,1]","[1,1,1,1,0,0]",1,0,5,2,home_win,home,0,72
26832,3,"{""total"":[""solutions/game_3/total/rest-110001/top"",""solutions/game_3/total/rest-010111/bot""],""series"":[""solutions/game_3/series/home_wins_2/rest-110001/top"",""solutions/game_3/series/home_wins_2/rest-010111/bot""]}","[1,1,0,0,0,1]","[0,1,0,1,1,1]",2,0,4,3,home_win,home,0,78
26832,4,"{""total"":[""solutions/game_4/total/rest-011111/top"",""solutions/game_4/total/rest-101010/bot""],""series"":[""solutions/game_4/single/rest-011111/top"",""solutions/game_4/single/rest-101010/bot""]}","[0,1,1,1,1,1]","[1,0,1,0,1,0]",3,0,3,2,home_win,home,1,71
26832,5,"{""total"":[""solutions/game_5/single/rest-110111/top"",""solutions/game_5/single/rest-100111/bot""],""series"":[""solutions/game_5/single/rest-110111/top"",""solutions/game_5/single/rest-100111/bot""]}","[1,1,0,1,1,1]","[1,0,0,1,1,1]",4,0,3,4,away_win,away,1,81
26833,1,"{""total"":[""solutions/game_1/total/rest-111111/top"",""solutions/game_1/total/rest-111111/bot""],""series"":[""solutions/game_1/series/rest-111111/top"",""solutions/game_1/series/rest-111111/bot""]}","[1,1,1,1,1,1]","[1,1,1,1,1,1]",0,0,2,7,away_win,away,0,87
26833,2,"{""total"":[""solutions/game_2/total/rest-111101/top"",""solutions/game_2/total/rest-011110/bot""],""series"":[""solutions/game_2/series/home_wins_0/rest-111101/top"",""solutions/game_2/series/home_wins_0/rest-011110/bot""]}","[1,1,1,1,0,1]","[0,1,1,1,1,0]",0,1,9,1,home_win,home,0,48
26833,3,"{""total"":[""solutions/game_3/total/rest-111111/top"",""solutions/game_3/total/rest-011111/bot""],""series"":[""solutions/game_3/series/home_wins_1/rest-111111/top"",""solutions/game_3/series/home_wins_1/rest-011111/bot""]}","[1,1,1,1,1,1]","[0,1,1,1,1,1]",1,1,4,1,home_win,home,0,68
26833,4,"{""total"":[""solutions/game_4/total/rest-111011/top"",""solutions/game_4/total/rest-110101/bot""],""series"":[""solutions/game_4/series/home_wins_2/rest-111011/top"",""solutions/game_4/series/home_wins_2/rest-110101/bot""]}","[1,1,1,0,1,1]","[1,1,0,1,0,1]",2,1,2,6,away_win,away,0,89
26833,5,"{""total"":[""solutions/game_5/single/rest-111110/top"",""solutions/game_5/single/rest-001111/bot""],""series"":[""solutions/game_5/single/rest-111110/top"",""solutions/game_5/single/rest-001111/bot""]}","[1,1,1,1,1,0]","[0,0,1,1,1,1]",2,2,8,0,home_win,home,0,53
26834,1,"{""total"":[""solutions/game_1/total/rest-111111/top"",""solutions/game_1/total/rest-111111/bot""],""series"":[""solutions/game_1/series/rest-111111/top"",""solutions/game_1/series/rest-111111/bot""]}","[1,1,1,1,1,1]","[1,1,1,1,1,1]",0,0,1,5,away_win,away,0,69
26834,2,"{""total"":[""solutions/game_2/total/rest-101011/top"",""solutions/game_2/total/rest-111100/bot""],""series"":[""solutions/game_2/series/home_wins_0/rest-101011/top"",""solutions/game_2/series/home_wins_0/rest-111100/bot""]}","[1,0,1,0,1,1]","[1,1,1,1,0,0]",0,1,14,5,home_win,home,0,85
26834,3,"{""total"":[""solutions/game_3/total/rest-110100/top"",""solutions/game_3/total/rest-110111/bot""],""series"":[""solutions/game_3/series/home_wins_1/rest-110100/top"",""solutions/game_3/series/home_wins_1/rest-110111/bot""]}","[1,1,0,1,0,0]","[1,1,0,1,1,1]",1,1,1,2,away_win,away,0,74
26834,4,"{""total"":[""solutions/game_4/total/rest-011011/top"",""solutions/game_4/total/rest-111010/bot""],""series"":[""solutions/game_4/series/home_wins_1/rest-011011/top"",""solutions/game_4/series/home_wins_1/rest-111010/bot""]}","[0,1,1,0,1,1]","[1,1,1,0,1,0]",1,2,1,4,away_win,away,0,79
26834,5,"{""total"":[""solutions/game_5/single/rest-001110/top"",""solutions/game_5/single/rest-001111/bot""],""series"":[""solutions/game_5/single/rest-001110/top"",""solutions/game_5/single/rest-001111/bot""]}","[0,0,1,1,1,0]","[0,0,1,1,1,1]",1,3,5,4,home_win,home,1,77
26835,1,"{""total"":[""solutions/game_1/total/rest-111111/top"",""solutions/game_1/total/rest-111111/bot""],""series"":[""solutions/game_1/series/rest-111111/top"",""solutions/game_1/series/rest-111111/bot""]}","[1,1,1,1,1,1]","[1,1,1,1,1,1]",0,0,4,2,home_win,home,0,76
26835,2,"{""total"":[""solutions/game_2/total/rest-010111/top"",""solutions/game_2/total/rest-101010/bot""],""series"":[""solutions/game_2/series/home_wins_1/rest-010111/top"",""solutions/game_2/series/home_wins_1/rest-101010/bot""]}","[0,1,0,1,1,1]","[1,0,1,0,1,0]",1,0,4,6,away_win,away,0,78
26835,3,"{""total"":[""solutions/game_3/total/rest-111011/top"",""solutions/game_3/total/rest-011111/bot""],""series"":[""solutions/game_3/series/home_wins_1/rest-111011/top"",""solutions/game_3/series/home_wins_1/rest-011111/bot""]}","[1,1,1,0,1,1]","[0,1,1,1,1,1]",1,1,3,1,home_win,home,0,73
26835,4,"{""total"":[""solutions/game_4/total/rest-011001/top"",""solutions/game_4/total/rest-111111/bot""],""series"":[""solutions/game_4/series/home_wins_2/rest-011001/top"",""solutions/game_4/series/home_wins_2/rest-111111/bot""]}","[0,1,1,0,0,1]","[1,1,1,1,1,1]",2,1,2,10,away_win,away,0,57
26835,5,"{""total"":[""solutions/game_5/single/rest-111111/top"",""solutions/game_5/single/rest-111111/bot""],""series"":[""solutions/game_5/single/rest-111111/top"",""solutions/game_5/single/rest-111111/bot""]}","[1,1,1,1,1,1]","[1,1,1,1,1,1]",2,2,7,7,tie,away,0,106
26836,1,"{""total"":[""solutions/game_1/total/rest-111111/top"",""solutions/game_1/total/rest-111111/bot""],""series"":[""solutions/game_1/series/rest-111111/top"",""solutions/game_1/series/rest-111111/bot""]}","[1,1,1,1,1,1]","[1,1,1,1,1,1]",0,0,7,8,away_win,away,0,86
26836,2,"{""total"":[""solutions/game_2/total/rest-101101/top"",""solutions/game_2/total/rest-100111/bot""],""series"":[""solutions/game_2/series/home_wins_0/rest-101101/top"",""solutions/game_2/series/home_wins_0/rest-100111/bot""]}","[1,0,1,1,0,1]","[1,0,0,1,1,1]",0,1,3,1,home_win,home,0,76
26836,3,"{""total"":[""solutions/game_3/total/rest-111001/top"",""solutions/game_3/total/rest-111011/bot""],""series"":[""solutions/game_3/series/home_wins_1/rest-111001/top"",""solutions/game_3/series/home_wins_1/rest-111011/bot""]}","[1,1,1,0,0,1]","[1,1,1,0,1,1]",1,1,4,1,home_win,home,0,78
26836,4,"{""total"":[""solutions/game_4/total/rest-000111/top"",""solutions/game_4/total/rest-111100/bot""],""series"":[""solutions/game_4/series/home_wins_2/rest-000111/top"",""solutions/game_4/series/home_wins_2/rest-111100/bot""]}","[0,0,0,1,1,1]","[1,1,1,1,0,0]",2,1,4,5,away_win,away,0,82
26836,5,"{""total"":[""solutions/game_5/single/rest-111011/top"",""solutions/game_5/single/rest-110010/bot""],""series"":[""solutions/game_5/single/rest-111011/top"",""solutions/game_5/single/rest-110010/bot""]}","[1,1,1,0,1,1]","[1,1,0,0,1,0]",2,2,2,0,home_win,home,0,72
26837,1,"{""total"":[""solutions/game_1/total/rest-111111/top"",""solutions/game_1/total/rest-111111/bot""],""series"":[""solutions/game_1/series/rest-111111/top"",""solutions/game_1/series/rest-111111/bot""]}","[1,1,1,1,1,1]","[1,1,1,1,1,1]",0,0,11,3,home_win,home,0,70
26837,2,"{""total"":[""solutions/game_2/total/rest-111101/top"",""solutions/game_2/total/rest-111101/bot""],""series"":[""solutions/game_2/series/home_wins_1/rest-111101/top"",""solutions/game_2/series/home_wins_1/rest-111101/bot""]}","[1,1,1,1,0,1]","[1,1,1,1,0,1]",1,0,0,10,away_win,away,0,75
26837,3,"{""total"":[""solutions/game_3/total/rest-101111/top"",""solutions/game_3/total/rest-110111/bot""],""series"":[""solutions/game_3/series/home_wins_1/rest-101111/top"",""solutions/game_3/series/home_wins_1/rest-110111/bot""]}","[1,0,1,1,1,1]","[1,1,0,1,1,1]",1,1,2,8,away_win,away,0,82
26837,4,"{""total"":[""solutions/game_4/total/rest-011100/top"",""solutions/game_4/total/rest-111010/bot""],""series"":[""solutions/game_4/series/home_wins_1/rest-011100/top"",""solutions/game_4/series/home_wins_1/rest-111010/bot""]}","[0,1,1,1,0,0]","[1,1,1,0,1,0]",1,2,11,9,home_win,home,0,89
26837,5,"{""total"":[""solutions/game_5/single/rest-010011/top"",""solutions/game_5/single/rest-010101/bot""],""series"":[""solutions/game_5/single/rest-010011/top"",""solutions/game_5/single/rest-010101/bot""]}","[0,1,0,0,1,1]","[0,1,0,1,0,1]",2,2,10,3,home_win,home,0,89
26838,1,"{""total"":[""solutions/game_1/total/rest-111111/top"",""solutions/game_1/total/rest-111111/bot""],""series"":[""solutions/game_1/series/rest-111111/top"",""solutions/game_1/series/rest-111111/bot""]}","[1,1,1,1,1,1]","[1,1,1,1,1,1]",0,0,5,5,tie,home,0,90
26838,2,"{""total"":[""solutions/game_2/total/rest-110111/top"",""solutions/game_2/total/rest-001110/bot""],""series"":[""solutions/game_2/series/home_wins_1/rest-110111/top"",""solutions/game_2/series/home_wins_1/rest-001110/bot""]}","[1,1,0,1,1,1]","[0,0,1,1,1,0]",1,0,6,7,away_win,away,0,86
26838,3,"{""total"":[""solutions/game_3/total/rest-011101/top"",""solutions/game_3/total/rest-101101/bot""],""series"":[""solutions/game_3/series/home_wins_1/rest-011101/top"",""solutions/game_3/series/home_wins_1/rest-101101/bot""]}","[0,1,1,1,0,1]","[1,0,1,1,0,1]",1,1,2,11,away_win,away,0,66
26838,4,"{""total"":[""solutions/game_4/total/rest-110111/top"",""solutions/game_4/total/rest-111111/bot""],""series"":[""solutions/game_4/series/home_wins_1/rest-110111/top"",""solutions/game_4/series/home_wins_1/rest-111111/bot""]}","[1,1,0,1,1,1]","[1,1,1,1,1,1]",1,2,4,7,away_win,away,0,96
26838,5,"{""total"":[""solutions/game_5/single/rest-100100/top"",""solutions/game_5/single/rest-000011/bot""],""series"":[""solutions/game_5/single/rest-100100/top"",""solutions/game_5/single/rest-000011/bot""]}","[1,0,0,1,0,0]","[0,0,0,0,1,1]",1,3,6,2,home_win,home,1,74
26839,1,"{""total"":[""solutions/game_1/total/rest-111111/top"",""solutions/game_1/total/rest-111111/bot""],""series"":[""solutions/game_1/series/rest-111111/top"",""solutions/game_1/series/rest-111111/bot""]}","[1,1,1,1,1,1]","[1,1,1,1,1,1]",0,0,4,3,home_win,home,0,83
26839,2,"{""total"":[""solutions/game_2/total/rest-011111/top"",""solutions/game_2/total/rest-101110/bot""],""series"":[""solutions/game_2/series/home_wins_1/rest-011111/top"",""solutions/game_2/series/home_wins_1/rest-101110/bot""]}","[0,1,1,1,1,1]","[1,0,1,1,1,0]",1,0,10,2,home_win,home,0,78
26839,3,"{""total"":[""solutions/game_3/total/rest-111111/top"",""solutions/game_3/total/rest-011101/bot""],""series"":[""solutions/game_3/series/home_wins_2/rest-111111/top"",""solutions/game_3/series/home_wins_2/rest-011101/bot""]}","[1,1,1,1,1,1]","[0,1,1,1,0,1]",2,0,4,3,home_win,home,0,78
26839,4,"{""total"":[""solutions/game_4/total/rest-110001/top"",""solutions/game_4/total/rest-111011/bot""],""series"":[""solutions/game_4/single/rest-110001/top"",""solutions/game_4/single/rest-111011/bot""]}","[1,1,0,0,0,1]","[1,1,1,0,1,1]",3,0,1,12,away_win,away,1,47
26839,5,"{""total"":[""solutions/game_5/single/rest-111111/top"",""solutions/game_5/single/rest-111111/bot""],""series"":[""solutions/game_5/single/rest-111111/top"",""solutions/game_5/single/rest-111111/bot""]}","[1,1,1,1,1,1]","[1,1,1,1,1,1]",3,1,5,4,home_win,home,1,91
26840,1,"{""total"":[""solutions/game_1/total/rest-111111/top"",""solutions/game_1/total/rest-111111/bot""],""series"":[""solutions/game_1/series/rest-111111/top"",""solutions/game_1/series/rest-111111/bot""]}","[1,1,1,1,1,1]","[1,1,1,1,1,1]",0,0,0,8,away_win,away,0,38
26840,2,"{""total"":[""solutions/game_2/total/rest-111111/top"",""solutions/game_2/total/rest-111111/bot""],""series"":[""solutions/game_2/series/home_wins_0/rest-111111/top"",""solutions/game_2/series/home_wins_0/rest-111111/bot""]}","[1,1,1,1,1,1]","[1,1,1,1,1,1]",0,1,11,9,home_win,home,0,89
26840,3,"{""total"":[""solutions/game_3/total/rest-101111/top"",""solutions/game_3/total/rest-110101/bot""],""series"":[""solutions/game_3/series/home_wins_1/rest-101111/top"",""solutions/game_3/series/home_wins_1/rest-110101/bot""]}","[1,0,1,1,1,1]","[1,1,0,1,0,1]",1,1,7,14,away_win,away,0,92
26840,4,"{""total"":[""solutions/game_4/total/rest-111010/top"",""solutions/game_4/total/rest-111110/bot""],""series"":[""solutions/game_4/series/home_wins_1/rest-111010/top"",""solutions/game_4/series/home_wins_1/rest-111110/bot""]}","[1,1,1,0,1,0]","[1,1,1,1,1,0]",1,2,2,7,away_win,away,0,83
26840,5,"{""total"":[""solutions/game_5/single/rest-011110/top"",""solutions/game_5/single/rest-011000/bot""],""series"":[""solutions/game_5/single/rest-011110/top"",""solutions/game_5/single/rest-011000/bot""]}","[0,1,1,1,1,0]","[0,1,1,0,0,0]",1,3,3,4,away_win,away,1,80
26841,1,"{""total"":[""solutions/game_1/total/rest-111111/top"",""solutions/game_1/total/rest-111111/bot""],""series"":[""solutions/game_1/series/rest-111111/top"",""solutions/game_1/series/rest-111111/bot""]}","[1,1,1,1,1,1]","[1,1,1,1,1,1]",0,0,2,4,away_win,away,0,85
26841,2,"{""total"":[""solutions/game_2/total/rest-111111/top"",""solutions/game_2/total/rest-101011/bot""],""series"":[""solutions/game_2/series/home_wins_0/rest-111111/top"",""solutions/game_2/series/home_wins_0/rest-101011/bot""]}","[1,1,1,1,1,1]","[1,0,1,0,1,1]",0,1,2,1,home_win,home,0,68
26841,3,"{""total"":[""solutions/game_3/total/rest-111111/top"",""solutions/game_3/total/rest-110111/bot""],""series"":[""solutions/game_3/series/home_wins_1/rest-111111/top"",""solutions/game_3/series/home_wins_1/rest-110111/bot""]}","[1,1,1,1,1,1]","[1,1,0,1,1,1]",1,1,6,5,home_win,home,0,76
26841,4,"{""total"":[""solutions/game_4/total/rest-110101/top"",""solutions/game_4/total/rest-111011/bot""],""series"":[""solutions/game_4/series/home_wins_2/rest-110101/top"",""solutions/game_4/series/home_wins_2/rest-111011/bot""]}","[1,1,0,1,0,1]","[1,1,1,0,1,1]",2,1,7,5,home_win,home,0,84
26841,5,"{""total"":[""solutions/game_5/single/rest-101110/top"",""solutions/game_5/single/rest-100110/bot""],""series"":[""solutions/game_5/single/rest-101110/top"",""solutions/game_5/single/rest-100110/bot""]}","[1,0,1,1,1,0]","[1,0,0,1,1,0]",3,1,7,9,away_win,away,1,90
26842,1,"{""total"":[""solutions/game_1/total/rest-111111/top"",""solutions/game_1/total/rest-111111/bot""],""series"":[""solutions/game_1/series/rest-111111/top"",""solutions/game_1/series/rest-111111/bot""]}","[1,1,1,1,1,1]","[1,1,1,1,1,1]",0,0,6,5,home_win,home,0,81
26842,2,"{""total"":[""solutions/game_2/total/rest-110011/top"",""solutions/game_2/total/rest-011110/bot""],""series"":[""solutions/game_2/series/home_wins_1/rest-110011/top"",""solutions/game_2/series/home_wins_1/rest-011110/bot""]}","[1,1,0,0,1,1]","[0,1,1,1,1,0]",1,0,4,3,home_win,home,0,79
26842,3,"{""total"":[""solutions/game_3/total/rest-011100/top"",""solutions/game_3/total/rest-111001/bot""],""series"":[""solutions/game_3/series/home_wins_2/rest-011100/top"",""solutions/game_3/series/home_wins_2/rest-111001/bot""]}","[0,1,1,1,0,0]","[1,1,1,0,0,1]",2,0,2,10,away_win,away,0,48
26842,4,"{""total"":[""solutions/game_4/total/rest-111111/top"",""solutions/game_4/total/rest-111111/bot""],""series"":[""solutions/game_4/series/home_wins_2/rest-111111/top"",""solutions/game_4/series/home_wins_2/rest-111111/bot""]}","[1,1,1,1,1,1]","[1,1,1,1,1,1]",2,1,8,5,home_win,home,0,85
26842,5,"{""total"":[""solutions/game_5/single/rest-010001/top"",""solutions/game_5/single/rest-001111/bot""],""series"":[""solutions/game_5/single/rest-010001/top"",""solutions/game_5/single/rest-001111/bot""]}","[0,1,0,0,0,1]","[0,0,1,1,1,1]",3,1,8,4,home_win,home,1,81
26843,1,"{""total"":[""solutions/game_1/total/rest-111111/top"",""solutions/game_1/total/rest-111111/bot""],""series"":[""solutions/game_1/series/rest-111111/top"",""solutions/game_1/series/rest-111111/bot""]}","[1,1,1,1,1,1]","[1,1,1,1,1,1]",0,0,1,0,home_win,home,0,67
26843,2,"{""total"":[""solutions/game_2/total/rest-110111/top"",""solutions/game_2/total/rest-111110/bot""],""series"":[""solutions/game_2/series/home_wins_1/rest-110111/top"",""solutions/game_2/series/home_wins_1/rest-111110/bot""]}","[1,1,0,1,1,1]","[1,1,1,1,1,0]",1,0,6,5,home_win,home,0,82
26843,3,"{""total"":[""solutions/game_3/total/rest-111001/top"",""solutions/game_3/total/rest-010111/bot""],""series"":[""solutions/game_3/series/home_wins_2/rest-111001/top"",""solutions/game_3/series/home_wins_2/rest-010111/bot""]}","[1,1,1,0,0,1]","[0,1,0,1,1,1]",2,0,3,7,away_win,away,0,92
26843,4,"{""total"":[""solutions/game_4/total/rest-001110/top"",""solutions/game_4/total/rest-111001/bot""],""series"":[""solutions/game_4/series/home_wins_2/rest-001110/top"",""solutions/game_4/series/home_wins_2/rest-111001/bot""]}","[0,0,1,1,1,0]","[1,1,1,0,0,1]",2,1,1,5,away_win,away,0,75
26843,5,"{""total"":[""solutions/game_5/single/rest-011111/top"",""solutions/game_5/single/rest-110111/bot""],""series"":[""solutions/game_5/single/rest-011111/top"",""solutions/game_5/single/rest-110111/bot""]}","[0,1,1,1,1,1]","[1,1,0,1,1,1]",2,2,8,4,home_win,home,0,84
26844,1,"{""total"":[""solutions/game_1/total/rest-111111/top"",""solutions/game_1/total/rest-111111/bot""],""series"":[""solutions/game_1/series/rest-111111/top"",""solutions/game_1/series/rest-111111/bot""]}","[1,1,1,1,1,1]","[1,1,1,1,1,1]",0,0,3,6,away_win,away,0,77
26844,2,"{""total"":[""solutions/game_2/total/rest-111111/top"",""solutions/game_2/total/rest-111110/bot""],""series"":[""solutions/game_2/series/home_wins_0/rest-111111/top"",""solutions/game_2/series/home_wins_0/rest-111110/bot""]}","[1,1,1,1,1,1]","[1,1,1,1,1,0]",0,1,5,5,tie,home,0,88
26844,3,"{""total"":[""solutions/game_3/total/rest-010001/top"",""solutions/game_3/total/rest-001111/bot""],""series"":[""solutions/game_3/series/home_wins_1/rest-010001/top"",""solutions/game_3/series/home_wins_1/rest-001111/bot""]}","[0,1,0,0,0,1]","[0,0,1,1,1,1]",1,1,6,5,home_win,home,0,77
26844,4,"{""total"":[""solutions/game_4/total/rest-101010/top"",""solutions/game_4/total/rest-111011/bot""],""series"":[""solutions/game_4/series/home_wins_2/rest-101010/top"",""solutions/game_4/series/home_wins_2/rest-111011/bot""]}","[1,0,1,0,1,0]","[1,1,1,0,1,1]",2,1,0,8,away_win,away,0,75
26844,5,"{""total"":[""solutions/game_5/single/rest-111111/top"",""solutions/game_5/single/rest-111110/bot""],""series"":[""solutions/game_5/single/rest-111111/top"",""solutions/game_5/single/rest-111110/bot""]}","[1,1,1,1,1,1]","[1,1,1,1,1,0]",2,2,5,6,away_win,away,0,100
26845,1,"{""total"":[""solutions/game_1/total/rest-111111/top"",""solutions/game_1/total/rest-111111/bot""],""series"":[""solutions/game_1/series/rest-111111/top"",""solutions/game_1/series/rest-111111/bot""]}","[1,1,1,1,1,1]","[1,1,1,1,1,1]",0,0,4,6,away_win,away,0,81
26845,2,"{""total"":[""solutions/game_2/total/rest-010010/top"",""solutions/game_2/total/rest-111111/bot""],""series"":[""solutions/game_2/series/home_wins_0/rest-010010/top"",""solutions/game_2/series/home_wins_0/rest-111111/bot""]}","[0,1,0,0,1,0]","[1,1,1,1,1,1]",0,1,2,11,away_win,away,0,38
26845,3,"{""total"":[""solutions/game_3/total/rest-111111/top"",""solutions/game_3/total/rest-111111/bot""],""series"":[""solutions/game_3/series/home_wins_0/rest-111111/top"",""solutions/game_3/series/home_wins_0/rest-111111/bot""]}","[1,1,1,1,1,1]","[1,1,1,1,1,1]",0,2,7,5,home_win,home,0,80
26845,4,"{""total"":[""solutions/game_4/total/rest-111010/top"",""solutions/game_4/total/rest-111101/bot""],""series"":[""solutions/game_4/series/home_wins_1/rest-111010/top"",""solutions/game_4/series/home_wins_1/rest-111101/bot""]}","[1,1,1,0,1,0]","[1,1,1,1,0,1]",1,2,4,1,home_win,home,0,73
26845,5,"{""total"":[""solutions/game_5/single/rest-101110/top"",""solutions/game_5/single/rest-110110/bot""],""series"":[""solutions/game_5/single/rest-101110/top"",""solutions/game_5/single/rest-110110/bot""]}","[1,0,1,1,1,0]","[1,1,0,1,1,0]",2,2,7,6,home_win,home,0,85
26846,1,"{""total"":[""solutions/game_1/total/rest-111111/top"",""solutions/game_1/total/rest-111111/bot""],""series"":[""solutions/game_1/series/rest-111111/top"",""solutions/game_1/series/rest-111111/bot""]}","[1,1,1,1,1,1]","[1,1,1,1,1,1]",0,0,6,2,home_win,home,0,78
26846,2,"{""total"":[""solutions/game_2/total/rest-110001/top"",""solutions/game_2/total/rest-101111/bot""],""series"":[""solutions/game_2/series/home_wins_1/rest-110001/top"",""solutions/game_2/series/home_wins_1/rest-101111/bot""]}","[1,1,0,0,0,1]","[1,0,1,1,1,1]",1,0,7,5,home_win,home,0,81
26846,3,"{""total"":[""solutions/game_3/total/rest-101111/top"",""solutions/game_3/total/rest-110001/bot""],""series"":[""solutions/game_3/series/home_wins_2/rest-101111/top"",""solutions/game_3/series/home_wins_2/rest-110001/bot""]}","[1,0,1,1,1,1]","[1,1,0,0,0,1]",2,0,8,3,home_win,home,0,82
26846,4,"{""total"":[""solutions/game_4/total/rest-111010/top"",""solutions/game_4/total/rest-001110/bot""],""series"":[""solutions/game_4/single/rest-111010/top"",""solutions/game_4/single/rest-001110/bot""]}","[1,1,1,0,1,0]","[0,0,1,1,1,0]",3,0,8,0,home_win,home,1,48
26846,5,"{""total"":[""solutions/game_5/single/rest-111111/top"",""solutions/game_5/single/rest-111111/bot""],""series"":[""solutions/game_5/single/rest-111111/top"",""solutions/game_5/single/rest-111111/bot""]}","[1,1,1,1,1,1]","[1,1,1,1,1,1]",4,0,4,5,away_win,away,1,87
26847,1,"{""total"":[""solutions/game_1/total/rest-111111/top"",""solutions/game_1/total/rest-111111/bot""],""series"":[""solutions/game_1/series/rest-111111/top"",""solutions/game_1/series/rest-111111/bot""]}","[1,1,1,1,1,1]","[1,1,1,1,1,1]",0,0,0,5,away_win,away,0,76
26847,2,"{""total"":[""solutions/game_2/total/rest-110111/top"",""solutions/game_2/total/rest-001111/bot""],""series"":[""solutions/game_2/series/home_wins_0/rest-110111/top"",""solutions/game_2/series/home_wins_0/rest-001111/bot""]}","[1,1,0,1,1,1]","[0,0,1,1,1,1]",0,1,5,4,home_win,home,0,78
26847,3,"{""total"":[""solutions/game_3/total/rest-111001/top"",""solutions/game_3/total/rest-111111/bot""],""series"":[""solutions/game_3/series/home_wins_1/rest-111001/top"",""solutions/game_3/series/home_wins_1/rest-111111/bot""]}","[1,1,1,0,0,1]","[1,1,1,1,1,1]",1,1,0,3,away_win,away,0,70
26847,4,"{""total"":[""solutions/game_4/total/rest-111111/top"",""solutions/game_4/total/rest-111110/bot""],""series"":[""solutions/game_4/series/home_wins_1/rest-111111/top"",""solutions/game_4/series/home_wins_1/rest-111110/bot""]}","[1,1,1,1,1,1]","[1,1,1,1,1,0]",1,2,6,14,away_win,away,0,89
26847,5,"{""total"":[""solutions/game_5/single/rest-011110/top"",""solutions/game_5/single/rest-101111/bot""],""series"":[""solutions/game_5/single/rest-011110/top"",""solutions/game_5/single/rest-101111/bot""]}","[0,1,1,1,1,0]","[1,0,1,1,1,1]",1,3,9,0,home_win,home,1,39
26848,1,"{""total"":[""solutions/game_1/total/rest-111111/top"",""solutions/game_1/total/rest-111111/bot""],""series"":[""solutions/game_1/series/rest-111111/top"",""solutions/game_1/series/rest-111111/bot""]}","[1,1,1,1,1,1]","[1,1,1,1,1,1]",0,0,2,11,away_win,away,0,76
26848,2,"{""total"":[""solutions/game_2/total/rest-111011/top"",""solutions/game_2/total/rest-111111/bot""],""series"":[""solutions/game_2/series/home_wins_0/rest-111011/top"",""solutions/game_2/series/home_wins_0/rest-111111/bot""]}","[1,1,1,0,1,1]","[1,1,1,1,1,1]",0,1,12,7,home_win,home,0,96
26848,3,"{""total"":[""solutions/game_3/total/rest-011100/top"",""solutions/game_3/total/rest-110111/bot""],""series"":[""solutions/game_3/series/home_wins_1/rest-011100/top"",""solutions/game_3/series/home_wins_1/rest-110111/bot""]}","[0,1,1,1,0,0]","[1,1,0,1,1,1]",1,1,1,6,away_win,away,0,84
26848,4,"{""total"":[""solutions/game_4/total/rest-110111/top"",""solutions/game_4/total/rest-111110/bot""],""series"":[""solutions/game_4/series/home_wins_1/rest-110111/top"",""solutions/game_4/series/home_wins_1/rest-111110/bot""]}","[1,1,0,1,1,1]","[1,1,1,1,1,0]",1,2,7,4,home_win,home,0,84
26848,5,"{""total"":[""solutions/game_5/single/rest-011001/top"",""solutions/game_5/single/rest-011101/bot""],""series"":[""solutions/game_5/single/rest-011001/top"",""solutions/game_5/single/rest-011101/bot""]}","[0,1,1,0,0,1]","[0,1,1,1,0,1]",2,2,9,2,home_win,home,0,80
26849,1,"{""total"":[""solutions/game_1/total/rest-111111/top"",""solutions/game_1/total/rest-111111/bot""],""series"":[""solutions/game_1/series/rest-111111/top"",""solutions/game_1/series/rest-111111/bot""]}","[1,1,1,1,1,1]","[1,1,1,1,1,1]",0,0,10,1,home_win,home,0,72
26849,2,"{""total"":[""solutions/game_2/total/rest-111011/top"",""solutions/game_2/total/rest-110101/bot""],""series"":[""solutions/game_2/series/home_wins_1/rest-111011/top"",""solutions/game_2/series/home_wins_1/rest-110101/bot""]}","[1,1,1,0,1,1]","[1,1,0,1,0,1]",1,0,4,2,home_win,home,0,73
26849,3,"{""total"":[""solutions/game_3/total/rest-110111/top"",""solutions/game_3/total/rest-101111/bot""],""series"":[""solutions/game_3/series/home_wins_2/rest-110111/top"",""solutions/game_3/series/home_wins_2/rest-101111/bot""]}","[1,1,0,1,1,1]","[1,0,1,1,1,1]",2,0,8,9,away_win,away,0,93
26849,4,"{""total"":[""solutions/game_4/total/rest-111100/top"",""solutions/game_4/total/rest-110011/bot""],""series"":[""solutions/game_4/series/home_wins_2/rest-111100/top"",""solutions/game_4/series/home_wins_2/rest-110011/bot""]}","[1,1,1,1,0,0]","[1,1,0,0,1,1]",2,1,2,11,away_win,away,0,70
26849,5,"{""total"":[""solutions/game_5/single/rest-111111/top"",""solutions/game_5/single/rest-111111/bot""],""series"":[""solutions/game_5/single/rest-111111/top"",""solutions/game_5/single/rest-111111/bot""]}","[1,1,1,1,1,1]","[1,1,1,1,1,1]",2,2,0,7,away_win,away,0,75
26850,1,"{""total"":[""solutions/game_1/total/rest-111111/top"",""solutions/game_1/total/rest-111111/bot""],""series"":[""solutions/game_1/series/rest-111111/top"",""solutions/game_1/series/rest-111111/bot""]}","[1,1,1,1,1,1]","[1,1,1,1,1,1]",0,0,0,8,away_win,away,0,61
26850,2,"{""total"":[""solutions/game_2/total/rest-111111/top"",""solutions/game_2/total/rest-111101/bot""],""series"":[""solutions/game_2/series/home_wins_0/rest-111111/top"",""solutions/game_2/series/home_wins_0/rest-111101/bot""]}","[1,1,1,1,1,1]","[1,1,1,1,0,1]",0,1,5,6,away_win,away,0,88
26850,3,"{""total"":[""solutions/game_3/total/rest-001101/top"",""solutions/game_3/total/rest-111010/bot""],""series"":[""solutions/game_3/series/home_wins_0/rest-001101/top"",""solutions/game_3/series/home_wins_0/rest-111010/bot""]}","[0,0,1,1,0,1]","[1,1,1,0,1,0]",0,2,11,3,home_win,home,0,68
26850,4,"{""total"":[""solutions/game_4/total/rest-111011/top"",""solutions/game_4/total/rest-111101/bot""],""series"":[""solutions/game_4/series/home_wins_1/rest-111011/top"",""solutions/game_4/series/home_wins_1/rest-111101/bot""]}","[1,1,1,0,1,1]","[1,1,1,1,0,1]",1,2,5,4,home_win,home,0,79
26850,5,"{""total"":[""solutions/game_5/single/rest-111101/top"",""solutions/game_5/single/rest-100011/bot""],""series"":[""solutions/game_5/single/rest-111101/top"",""solutions/game_5/single/rest-100011/bot""]}","[1,1,1,1,0,1]","[1,0,0,0,1,1]",2,2,3,5,away_win,away,0,83
26851,1,"{""total"":[""solutions/game_1/total/rest-111111/top"",""solutions/game_1/total/rest-111111/bot""],""series"":[""solutions/game_1/series/rest-111111/top"",""solutions/game_1/series/rest-111111/bot""]}","[1,1,1,1,1,1]","[1,1,1,1,1,1]",0,0,13,8,home_win,home,0,92
26851,2,"{""total"":[""solutions/game_2/total/rest-111101/top"",""solutions/game_2/total/rest-111111/bot""],""series"":[""solutions/game_2/series/home_wins_1/rest-111101/top"",""solutions/game_2/series/home_wins_1/rest-111111/bot""]}","[1,1,1,1,0,1]","[1,1,1,1,1,1]",1,0,6,5,home_win,home,0,82
26851,3,"{""total"":[""solutions/game_3/total/rest-011011/top"",""solutions/game_3/total/rest-001111/bot""],""series"":[""solutions/game_3/series/home_wins_2/rest-011011/top"",""solutions/game_3/series/home_wins_2/rest-001111/bot""]}","[0,1,1,0,1,1]","[0,0,1,1,1,1]",2,0,7,2,home_win,home,0,79
26851,4,"{""total"":[""solutions/game_4/total/rest-101111/top"",""solutions/game_4/total/rest-011011/bot""],""series"":[""solutions/game_4/single/rest-101111/top"",""solutions/game_4/single/rest-011011/bot""]}","[1,0,1,1,1,1]","[0,1,1,0,1,1]",3,0,2,6,away_win,away,1,80
26851,5,"{""total"":[""solutions/game_5/single/rest-111110/top"",""solutions/game_5/single/rest-111000/bot""],""series"":[""solutions/game_5/single/rest-111110/top"",""solutions/game_5/single/rest-111000/bot""]}","[1,1,1,1,1,0]","[1,1,1,0,0,0]",3,1,2,4,away_win,away,1,83
26852,1,"{""total"":[""solutions/game_1/total/rest-111111/top"",""solutions/game_1/total/rest-111111/bot""],""series"":[""solutions/game_1/series/rest-111111/top"",""solutions/game_1/series/rest-111111/bot""]}","[1,1,1,1,1,1]","[1,1,1,1,1,1]",0,0,1,6,away_win,away,0,75
26852,2,"{""total"":[""solutions/game_2/total/rest-011110/top"",""solutions/game_2/total/rest-011111/bot""],""series"":[""solutions/game_2/series/home_wins_0/rest-011110/top"",""solutions/game_2/series/home_wins_0/rest-011111/bot""]}","[0,1,1,1,1,0]","[0,1,1,1,1,1]",0,1,5,3,home_win,home,0,82
26852,3,"{""total"":[""solutions/game_3/total/rest-101000/top"",""solutions/game_3/total/rest-100011/bot""],""series"":[""solutions/game_3/series/home_wins_1/rest-101000/top"",""solutions/game_3/series/home_wins_1/rest-100011/bot""]}","[1,0,1,0,0,0]","[1,0,0,0,1,1]",1,1,3,6,away_win,away,0,81
26852,4,"{""total"":[""solutions/game_4/total/rest-101110/top"",""solutions/game_4/total/rest-011111/bot""],""series"":[""solutions/game_4/series/home_wins_1/rest-101110/top"",""solutions/game_4/series/home_wins_1/rest-011111/bot""]}","[1,0,1,1,1,0]","[0,1,1,1,1,1]",1,2,1,6,away_win,away,0,83
26852,5,"{""total"":[""solutions/game_5/single/rest-111100/top"",""solutions/game_5/single/rest-111010/bot""],""series"":[""solutions/game_5/single/rest-111100/top"",""solutions/game_5/single/rest-111010/bot""]}","[1,1,1,1,0,0]","[1,1,1,0,1,0]",1,3,4,5,away_win,away,1,88
26853,1,"{""total"":[""solutions/game_1/total/rest-111111/top"",""solutions/game_1/total/rest-111111/bot""],""series"":[""solutions/game_1/series/rest-111111/top"",""solutions/game_1/series/rest-111111/bot""]}","[1,1,1,1,1,1]","[1,1,1,1,1,1]",0,0,7,0,home_win,home,0,74
26853,2,"{""total"":[""solutions/game_2/total/rest-111011/top"",""solutions/game_2/total/rest-111110/bot""],""series"":[""solutions/game_2/series/home_wins_1/rest-111011/top"",""solutions/game_2/series/home_wins_1/rest-111110/bot""]}","[1,1,1,0,1,1]","[1,1,1,1,1,0]",1,0,2,10,away_win,away,0,85
26853,3,"{""total"":[""solutions/game_3/total/rest-011110/top"",""solutions/game_3/total/rest-110101/bot""],""series"":[""solutions/game_3/series/home_wins_1/rest-011110/top"",""solutions/game_3/series/home_wins_1/rest-110101/bot""]}","[0,1,1,1,1,0]","[1,1,0,1,0,1]",1,1,5,7,away_win,away,0,89
26853,4,"{""total"":[""solutions/game_4/total/rest-010011/top"",""solutions/game_4/total/rest-101110/bot""],""series"":[""solutions/game_4/series/home_wins_1/rest-010011/top"",""solutions/game_4/series/home_wins_1/rest-101110/bot""]}","[0,1,0,0,1,1]","[1,0,1,1,1,0]",1,2,3,2,home_win,home,0,73
26853,5,"{""total"":[""solutions/game_5/single/rest-111100/top"",""solutions/game_5/single/rest-010111/bot""],""series"":[""solutions/game_5/single/rest-111100/top"",""solutions/game_5/single/rest-010111/bot""]}","[1,1,1,1,0,0]","[0,1,0,1,1,1]",2,2,1,2,away_win,away,0,74
26854,1,"{""total"":[""solutions/game_1/total/rest-111111/top"",""solutions/game_1/total/rest-111111/bot""],""series"":[""solutions/game_1/series/rest-111111/top"",""solutions/game_1/series/rest-111111/bot""]}","[1,1,1,1,1,1]","[1,1,1,1,1,1]",0,0,1,9,away_win,away,0,59
26854,2,"{""total"":[""solutions/game_2/total/rest-111111/top"",""solutions/game_2/total/rest-111111/bot""],""series"":[""solutions/game_2/series/home_wins_0/rest-111111/top"",""solutions/game_2/series/home_wins_0/rest-111111/bot""]}","[1,1,1,1,1,1]","[1,1,1,1,1,1]",0,1,1,4,away_win,away,0,82
26854,3,"{""total"":[""solutions/game_3/total/rest-011110/top"",""solutions/game_3/total/rest-001011/bot""],""series"":[""solutions/game_3/series/home_wins_0/rest-011110/top"",""solutions/game_3/series/home_wins_0/rest-001011/bot""]}","[0,1,1,1,1,0]","[0,0,1,0,1,1]",0,2,9,6,home_win,home,0,93
26854,4,"{""total"":[""solutions/game_4/total/rest-100111/top"",""solutions/game_4/total/rest-111111/bot""],""series"":[""solutions/game_4/series/home_wins_1/rest-100111/top"",""solutions/game_4/series/home_wins_1/rest-111111/bot""]}","[1,0,0,1,1,1]","[1,1,1,1,1,1]",1,2,5,1,home_win,home,0,81
26854,5,"{""total"":[""solutions/game_5/single/rest-111011/top"",""solutions/game_5/single/rest-011110/bot""],""series"":[""solutions/game_5/single/rest-111011/top"",""solutions/game_5/single/rest-011110/bot""]}","[1,1,1,0,1,1]","[0,1,1,1,1,0]",2,2,5,7,away_win,away,0,89
26855,1,"{""total"":[""solutions/game_1/total/rest-111111/top"",""solutions/game_1/total/rest-111111/bot""],""series"":[""solutions/game_1/series/rest-111111/top"",""solutions/game_1/series/rest-111111/bot""]}","[1,1,1,1,1,1]","[1,1,1,1,1,1]",0,0,5,2,home_win,home,0,78
26855,2,"{""total"":[""solutions/game_2/total/rest-111011/top"",""solutions/game_2/total/rest-011011/bot""],""series"":[""solutions/game_2/series/home_wins_1/rest-111011/top"",""solutions/game_2/series/home_wins_1/rest-011011/bot""]}","[1,1,1,0,1,1]","[0,1,1,0,1,1]",1,0,1,9,away_win,away,0,74
26855,3,"{""total"":[""solutions/game_3/total/rest-111110/top"",""solutions/game_3/total/rest-110111/bot""],""series"":[""solutions/game_3/series/home_wins_1/rest-111110/top"",""solutions/game_3/series/home_wins_1/rest-110111/bot""]}","[1,1,1,1,1,0]","[1,1,0,1,1,1]",1,1,0,8,away_win,away,0,52
26855,4,"{""total"":[""solutions/game_4/total/rest-101111/top"",""solutions/game_4/total/rest-111111/bot""],""series"":[""solutions/game_4/series/home_wins_1/rest-101111/top"",""solutions/game_4/series/home_wins_1/rest-111111/bot""]}","[1,0,1,1,1,1]","[1,1,1,1,1,1]",1,2,0,5,away_win,away,0,73
26855,5,"{""total"":[""solutions/game_5/single/rest-111100/top"",""solutions/game_5/single/rest-101010/bot""],""series"":[""solutions/game_5/single/rest-111100/top"",""solutions/game_5/single/rest-101010/bot""]}","[1,1,1,1,0,0]","[1,0,1,0,1,0]",1,3,5,3,home_win,home,1,78
26856,1,"{""total"":[""solutions/game_1/total/rest-111111/top"",""solutions/game_1/total/rest-111111/bot""],""series"":[""solutions/game_1/series/rest-111111/top"",""solutions/game_1/series/rest-111111/bot""]}","[1,1,1,1,1,1]","[1,1,1,1,1,1]",0,0,3,2,home_win,home,0,76
26856,2,"{""total"":[""solutions/game_2/total/rest-110111/top"",""solutions/game_2/total/rest-001110/bot""],""series"":[""solutions/game_2/series/home_wins_1/rest-110111/top"",""solutions/game_2/series/home_wins_1/rest-001110/bot""]}","[1,1,0,1,1,1]","[0,0,1,1,1,0]",1,0,5,11,away_win,away,0,93
26856,3,"{""total"":[""solutions/game_3/total/rest-011101/top"",""solutions/game_3/total/rest-101001/bot""],""series"":[""solutions/game_3/series/home_wins_1/rest-011101/top"",""solutions/game_3/series/home_wins_1/rest-101001/bot""]}","[0,1,1,1,0,1]","[1,0,1,0,0,1]",1,1,2,6,away_win,away,0,80
26856,4,"{""total"":[""solutions/game_4/total/rest-110001/top"",""solutions/game_4/total/rest-011100/bot""],""series"":[""solutions/game_4/series/home_wins_1/rest-110001/top"",""solutions/game_4/series/home_wins_1/rest-011100/bot""]}","[1,1,0,0,0,1]","[0,1,1,1,0,0]",1,2,11,10,home_win,home,0,104
26856,5,"{""total"":[""solutions/game_5/single/rest-001110/top"",""solutions/game_5/single/rest-100110/bot""],""series"":[""solutions/game_5/single/rest-001110/top"",""solutions/game_5/single/rest-100110/bot""]}","[0,0,1,1,1,0]","[1,0,0,1,1,0]",2,2,6,7,away_win,away,0,94
26857,1,"{""total"":[""solutions/game_1/total/rest-111111/top"",""solutions/game_1/total/rest-111111/bot""],""series"":[""solutions/game_1/series/rest-111111/top"",""solutions/game_1/series/rest-111111/bot""]}","[1,1,1,1,1,1]","[1,1,1,1,1,1]",0,0,5,10,away_win,away,0,89
26857,2,"{""total"":[""solutions/game_2/total/rest-111001/top"",""solutions/game_2/total/rest-111010/bot""],""series"":[""solutions/game_2/series/home_wins_0/rest-111001/top"",""solutions/game_2/series/home_wins_0/rest-111010/bot""]}","[1,1,1,0,0,1]","[1,1,1,0,1,0]",0,1,6,2,home_win,home,0,75
26857,3,"{""total"":[""solutions/game_3/total/rest-010110/top"",""solutions/game_3/total/rest-111101/bot""],""series"":[""solutions/game_3/series/home_wins_1/rest-010110/top"",""solutions/game_3/series/home_wins_1/rest-111101/bot""]}","[0,1,0,1,1,0]","[1,1,1,1,0,1]",1,1,2,10,away_win,away,0,50
26857,4,"{""total"":[""solutions/game_4/total/rest-111110/top"",""solutions/game_4/total/rest-111101/bot""],""series"":[""solutions/game_4/series/home_wins_1/rest-111110/top"",""solutions/game_4/series/home_wins_1/rest-111101/bot""]}","[1,1,1,1,1,0]","[1,1,1,1,0,1]",1,2,7,9,away_win,away,0,89
26857,5,"{""total"":[""solutions/game_5/single/rest-010101/top"",""solutions/game_5/single/rest-000111/bot""],""series"":[""solutions/game_5/single/rest-010101/top"",""solutions/game_5/single/rest-000111/bot""]}","[0,1,0,1,0,1]","[0,0,0,1,1,1]",1,3,9,3,home_win,home,1,81
26858,1,"{""total"":[""solutions/game_1/total/rest-111111/top"",""solutions/game_1/total/rest-111111/bot""],""series"":[""solutions/game_1/series/rest-111111/top"",""solutions/game_1/series/rest-111111/bot""]}","[1,1,1,1,1,1]","[1,1,1,1,1,1]",0,0,3,7,away_win,away,0,87
26858,2,"{""total"":[""solutions/game_2/total/rest-001111/top"",""solutions/game_2/total/rest-111010/bot""],""series"":[""solutions/game_2/series/home_wins_0/rest-001111/top"",""solutions/game_2/series/home_wins_0/rest-111010/bot""]}","[0,0,1,1,1,1]","[1,1,1,0,1,0]",0,1,9,6,home_win,home,0,86
26858,3,"{""total"":[""solutions/game_3/total/rest-111001/top"",""solutions/game_3/total/rest-001101/bot""],""series"":[""solutions/game_3/series/home_wins_1/rest-111001/top"",""solutions/game_3/series/home_wins_1/rest-001101/bot""]}","[1,1,1,0,0,1]","[0,0,1,1,0,1]",1,1,8,2,home_win,home,0,81
26858,4,"{""total"":[""solutions/game_4/total/rest-011111/top"",""solutions/game_4/total/rest-110111/bot""],""series"":[""solutions/game_4/series/home_wins_2/rest-011111/top"",""solutions/game_4/series/home_wins_2/rest-110111/bot""]}","[0,1,1,1,1,1]","[1,1,0,1,1,1]",2,1,2,1,home_win,home,0,72
26858,5,"{""total"":[""solutions/game_5/single/rest-011101/top"",""solutions/game_5/single/rest-111010/bot""],""series"":[""solutions/game_5/single/rest-011101/top"",""solutions/game_5/single/rest-111010/bot""]}","[0,1,1,1,0,1]","[1,1,1,0,1,0]",3,1,2,10,away_win,away,1,50
26859,1,"{""total"":[""solutions/game_1/total/rest-111111/top"",""solutions/game_1/total/rest-111111/bot""],""series"":[""solutions/game_1/series/rest-111111/top"",""solutions/game_1/series/rest-111111/bot""]}","[1,1,1,1,1,1]","[1,1,1,1,1,1]",0,0,8,4,home_win,home,0,95
26859,2,"{""total"":[""solutions/game_2/total/rest-011001/top"",""solutions/game_2/total/rest-101000/bot""],""series"":[""solutions/game_2/series/home_wins_1/rest-011001/top"",""solutions/game_2/series/home_wins_1/rest-101000/bot""]}","[0,1,1,0,0,1]","[1,0,1,0,0,0]",1,0,4,0,home_win,home,0,68
26859,3,"{""total"":[""solutions/game_3/total/rest-001111/top"",""solutions/game_3/total/rest-101110/bot""],""series"":[""solutions/game_3/series/home_wins_2/rest-001111/top"",""solutions/game_3/series/home_wins_2/rest-101110/bot""]}","[0,0,1,1,1,1]","[1,0,1,1,1,0]",2,0,2,1,home_win,home,0,66
26859,4,"{""total"":[""solutions/game_4/total/rest-111001/top"",""solutions/game_4/total/rest-011011/bot""],""series"":[""solutions/game_4/single/rest-111001/top"",""solutions/game_4/single/rest-011011/bot""]}","[1,1,1,0,0,1]","[0,1,1,0,1,1]",3,0,0,9,away_win,away,1,33
26859,5,"{""total"":[""solutions/game_5/single/rest-111111/top"",""solutions/game_5/single/rest-111011/bot""],""series"":[""solutions/game_5/single/rest-111111/top"",""solutions/game_5/single/rest-111011/bot""]}","[1,1,1,1,1,1]","[1,1,1,0,1,1]",3,1,13,12,home_win,home,1,109
26860,1,"{""total"":[""solutions/game_1/total/rest-111111/top"",""solutions/game_1/total/rest-111111/bot""],""series"":[""solutions/game_1/series/rest-111111/top"",""solutions/game_1/series/rest-111111/bot""]}","[1,1,1,1,1,1]","[1,1,1,1,1,1]",0,0,4,3,home_win,home,0,73
26860,2,"{""total"":[""solutions/game_2/total/rest-111001/top"",""solutions/game_2/total/rest-111100/bot""],""series"":[""solutions/game_2/series/home_wins_1/rest-111001/top"",""solutions/game_2/series/home_wins_1/rest-111100/bot""]}","[1,1,1,0,0,1]","[1,1,1,1,0,0]",1,0,4,2,home_win,home,0,67
26860,3,"{""total"":[""solutions/game_3/total/rest-110110/top"",""solutions/game_3/total/rest-111111/bot""],""series"":[""solutions/game_3/series/home_wins_2/rest-110110/top"",""solutions/game_3/series/home_wins_2/rest-111111/bot""]}","[1,1,0,1,1,0]","[1,1,1,1,1,1]",2,0,0,4,away_win,away,0,76
26860,4,"{""total"":[""solutions/game_4/total/rest-101101/top"",""solutions/game_4/total/rest-111110/bot""],""series"":[""solutions/game_4/series/home_wins_2/rest-101101/top"",""solutions/game_4/series/home_wins_2/rest-111110/bot""]}","[1,0,1,1,0,1]","[1,1,1,1,1,0]",2,1,5,4,home_win,home,0,88
26860,5,"{""total"":[""solutions/game_5/single/rest-110011/top"",""solutions/game_5/single/rest-100000/bot""],""series"":[""solutions/game_5/single/rest-110011/top"",""solutions/game_5/single/rest-100000/bot""]}","[1,1,0,0,1,1]","[1,0,0,0,0,0]",3,1,1,10,away_win,away,1,41
26861,1,"{""total"":[""solutions/game_1/total/rest-111111/top"",""solutions/game_1/total/rest-111111/bot""],""series"":[""solutions/game_1/series/rest-111111/top"",""solutions/game_1/series/rest-111111/bot""]}","[1,1,1,1,1,1]","[1,1,1,1,1,1]",0,0,3,2,home_win,home,0,80
26861,2,"{""total"":[""solutions/game_2/total/rest-111101/top"",""solutions/game_2/total/rest-011110/bot""],""series"":[""solutions/game_2/series/home_wins_1/rest-111101/top"",""solutions/game_2/series/home_wins_1/rest-011110/bot""]}","[1,1,1,1,0,1]","[0,1,1,1,1,0]",1,0,1,8,away_win,away,0,81
26861,3,"{""total"":[""solutions/game_3/total/rest-011110/top"",""solutions/game_3/total/rest-001011/bot""],""series"":[""solutions/game_3/series/home_wins_1/rest-011110/top"",""solutions/game_3/series/home_wins_1/rest-001011/bot""]}","[0,1,1,1,1,0]","[0,0,1,0,1,1]",1,1,5,2,home_win,home,0,71
26861,4,"{""total"":[""solutions/game_4/total/rest-110011/top"",""solutions/game_4/total/rest-111101/bot""],""series"":[""solutions/game_4/series/home_wins_2/rest-110011/top"",""solutions/game_4/series/home_wins_2/rest-111101/bot""]}","[1,1,0,0,1,1]","[1,1,1,1,0,1]",2,1,5,4,home_win,home,0,89
26861,5,"{""total"":[""solutions/game_5/single/rest-001100/top"",""solutions/game_5/single/rest-111010/bot""],""series"":[""solutions/game_5/single/rest-001100/top"",""solutions/game_5/single/rest-111010/bot""]}","[0,0,1,1,0,0]","[1,1,1,0,1,0]",3,1,6,1,home_win,home,1,77
26862,1,"{""total"":[""solutions/game_1/total/rest-111111/top"",""solutions/game_1/total/rest-111111/bot""],""series"":[""solutions/game_1/series/rest-111111/top"",""solutions/game_1/series/rest-111111/bot""]}","[1,1,1,1,1,1]","[1,1,1,1,1,1]",0,0,10,0,home_win,home,0,73
26862,2,"{""total"":[""solutions/game_2/total/rest-111011/top"",""solutions/game_2/total/rest-110101/bot""],""series"":[""solutions/game_2/series/home_wins_1/rest-111011/top"",""solutions/game_2/series/home_wins_1/rest-110101/bot""]}","[1,1,1,0,1,1]","[1,1,0,1,0,1]",1,0,9,1,home_win,home,0,43
26862,3,"{""total"":[""solutions/game_3/total/rest-111111/top"",""solutions/game_3/total/rest-111101/bot""],""series"":[""solutions/game_3/series/home_wins_2/rest-111111/top"",""solutions/game_3/series/home_wins_2/rest-111101/bot""]}","[1,1,1,1,1,1]","[1,1,1,1,0,1]",2,0,10,2,home_win,home,0,38
26862,4,"{""total"":[""solutions/game_4/total/rest-111111/top"",""solutions/game_4/total/rest-111111/bot""],""series"":[""solutions/game_4/single/rest-111111/top"",""solutions/game_4/single/rest-111111/bot""]}","[1,1,1,1,1,1]","[1,1,1,1,1,1]",3,0,9,6,home_win,home,1,84
26862,5,"{""total"":[""solutions/game_5/single/rest-111001/top"",""solutions/game_5/single/rest-001011/bot""],""series"":[""solutions/game_5/single/rest-111001/top"",""solutions/game_5/single/rest-001011/bot""]}","[1,1,1,0,0,1]","[0,0,1,0,1,1]",4,0,11,7,home_win,home,1,86
26863,1,"{""total"":[""solutions/game_1/total/rest-111111/top"",""solutions/game_1/total/rest-111111/bot""],""series"":[""solutions/game_1/series/rest-111111/top"",""solutions/game_1/series/rest-111111/bot""]}","[1,1,1,1,1,1]","[1,1,1,1,1,1]",0,0,5,6,away_win,away,0,92
26863,2,"{""total"":[""solutions/game_2/total/rest-011011/top"",""solutions/game_2/total/rest-111010/bot""],""series"":[""solutions/game_2/series/home_wins_0/rest-011011/top"",""solutions/game_2/series/home_wins_0/rest-111010/bot""]}","[0,1,1,0,1,1]","[1,1,1,0,1,0]",0,1,0,9,away_win,away,0,52
26863,3,"{""total"":[""solutions/game_3/total/rest-111110/top"",""solutions/game_3/total/rest-111110/bot""],""series"":[""solutions/game_3/series/home_wins_0/rest-111110/top"",""solutions/game_3/series/home_wins_0/rest-111110/bot""]}","[1,1,1,1,1,0]","[1,1,1,1,1,0]",0,2,1,9,away_win,away,0,79
26863,4,"{""total"":[""solutions/game_4/total/rest-101101/top"",""solutions/game_4/total/rest-001011/bot""],""series"":[""solutions/game_4/single/rest-101101/top"",""solutions/game_4/single/rest-001011/bot""]}","[1,0,1,1,0,1]","[0,0,1,0,1,1]",0,3,4,8,away_win,away,1,85
26863,5,"{""total"":[""solutions/game_5/single/rest-110010/top"",""solutions/game_5/single/rest-110100/bot""],""series"":[""solutions/game_5/single/rest-110010/top"",""solutions/game_5/single/rest-110100/bot""]}","[1,1,0,0,1,0]","[1,1,0,1,0,0]",0,4,2,4,away_win,away,1,80
26864,1,"{""total"":[""solutions/game_1/total/rest-111111/top"",""solutions/game_1/total/rest-111111/bot""],""series"":[""solutions/game_1/series/rest-111111/top"",""solutions/game_1/series/rest-111111/bot""]}","[1,1,1,1,1,1]","[1,1,1,1,1,1]",0,0,0,5,away_win,away,0,69
26864,2,"{""total"":[""solutions/game_2/total/rest-111110/top"",""solutions/game_2/total/rest-111100/bot""],""series"":[""solutions/game_2/series/home_wins_0/rest-111110/top"",""solutions/game_2/series/home_wins_0/rest-111100/bot""]}","[1,1,1,1,1,0]","[1,1,1,1,0,0]",0,1,10,1,home_win,home,0,52
26864,3,"{""total"":[""solutions/game_3/total/rest-111111/top"",""solutions/game_3/total/rest-110111/bot""],""series"":[""solutions/game_3/series/home_wins_1/rest-111111/top"",""solutions/game_3/series/home_wins_1/rest-110111/bot""]}","[1,1,1,1,1,1]","[1,1,0,1,1,1]",1,1,8,3,home_win,home,0,81
26864,4,"{""total"":[""solutions/game_4/total/rest-111110/top"",""solutions/game_4/total/rest-111111/bot""],""series"":[""solutions/game_4/series/home_wins_2/rest-111110/top"",""solutions/game_4/series/home_wins_2/rest-111111/bot""]}","[1,1,1,1,1,0]","[1,1,1,1,1,1]",2,1,7,13,away_win,away,0,101
26864,5,"{""total"":[""solutions/game_5/single/rest-101101/top"",""solutions/game_5/single/rest-010111/bot""],""series"":[""solutions/game_5/single/rest-101101/top"",""solutions/game_5/single/rest-010111/bot""]}","[1,0,1,1,0,1]","[0,1,0,1,1,1]",2,2,8,2,home_win,home,0,76
26865,1,"{""total"":[""solutions/game_1/total/rest-111111/top"",""solutions/game_1/total/rest-111111/bot""],""series"":[""solutions/game_1/series/rest-111111/top"",""solutions/game_1/series/rest-111111/bot""]}","[1,1,1,1,1,1]","[1,1,1,1,1,1]",0,0,4,7,away_win,away,0,83
26865,2,"{""total"":[""solutions/game_2/total/rest-100111/top"",""solutions/game_2/total/rest-111111/bot""],""series"":[""solutions/game_2/series/home_wins_0/rest-100111/top"",""solutions/game_2/series/home_wins_0/rest-111111/bot""]}","[1,0,0,1,1,1]","[1,1,1,1,1,1]",0,1,4,3,home_win,home,0,90
26865,3,"{""total"":[""solutions/game_3/total/rest-111110/top"",""solutions/game_3/total/rest-101011/bot""],""series"":[""solutions/game_3/series/home_wins_1/rest-111110/top"",""solutions/game_3/series/home_wins_1/rest-101011/bot""]}","[1,1,1,1,1,0]","[1,0,1,0,1,1]",1,1,3,2,home_win,home,0,74
26865,4,"{""total"":[""solutions/game_4/total/rest-010101/top"",""solutions/game_4/total/rest-111010/bot""],""series"":[""solutions/game_4/series/home_wins_2/rest-010101/top"",""solutions/game_4/series/home_wins_2/rest-111010/bot""]}","[0,1,0,1,0,1]","[1,1,1,0,1,0]",2,1,6,8,away_win,away,0,99
26865,5,"{""total"":[""solutions/game_5/single/rest-101110/top"",""solutions/game_5/single/rest-000111/bot""],""series"":[""solutions/game_5/single/rest-101110/top"",""solutions/game_5/single/rest-000111/bot""]}","[1,0,1,1,1,0]","[0,0,0,1,1,1]",2,2,8,8,tie,home,0,93
26866,1,"{""total"":[""solutions/game_1/total/rest-111111/top"",""solutions/game_1/total/rest-111111/bot""],""series"":[""solutions/game_1/series/rest-111111/top"",""solutions/game_1/series/rest-111111/bot""]}","[1,1,1,1,1,1]","[1,1,1,1,1,1]",0,0,5,2,home_win,home,0,83
26866,2,"{""total"":[""solutions/game_2/total/rest-111100/top"",""solutions/game_2/total/rest-010111/bot""],""series"":[""solutions/game_2/series/home_wins_1/rest-111100/top"",""solutions/game_2/series/home_wins_1/rest-010111/bot""]}","[1,1,1,1,0,0]","[0,1,0,1,1,1]",1,0,3,3,tie,home,0,87
26866,3,"{""total"":[""solutions/game_3/total/rest-001111/top"",""solutions/game_3/total/rest-111010/bot""],""series"":[""solutions/game_3/series/home_wins_2/rest-001111/top"",""solutions/game_3/series/home_wins_2/rest-111010/bot""]}","[0,0,1,1,1,1]","[1,1,1,0,1,0]",2,0,3,6,away_win,away,0,83
26866,4,"{""total"":[""solutions/game_4/total/rest-110111/top"",""solutions/game_4/total/rest-001111/bot""],""series"":[""solutions/game_4/series/home_wins_2/rest-110111/top"",""solutions/game_4/series/home_wins_2/rest-001111/bot""]}","[1,1,0,1,1,1]","[0,0,1,1,1,1]",2,1,9,5,home_win,home,0,79
26866,5,"{""total"":[""solutions/game_5/single/rest-101101/top"",""solutions/game_5/single/rest-111100/bot""],""series"":[""solutions/game_5/single/rest-101101/top"",""solutions/game_5/single/rest-111100/bot""]}","[1,0,1,1,0,1]","[1,1,1,1,0,0]",3,1,6,3,home_win,home,1,73
26867,1,"{""total"":[""solutions/game_1/total/rest-111111/top"",""solutions/game_1/total/rest-111111/bot""],""series"":[""solutions/game_1/series/rest-111111/top"",""solutions/game_1/series/rest-111111/bot""]}","[1,1,1,1,1,1]","[1,1,1,1,1,1]",0,0,5,4,home_win,home,0,82
26867,2,"{""total"":[""solutions/game_2/total/rest-011101/top"",""solutions/game_2/total/rest-111111/bot""],""series"":[""solutions/game_2/series/home_wins_1/rest-011101/top"",""solutions/game_2/series/home_wins_1/rest-111111/bot""]}","[0,1,1,1,0,1]","[1,1,1,1,1,1]",1,0,1,9,away_win,away,0,39
26867,3,"{""total"":[""solutions/game_3/total/rest-111111/top"",""solutions/game_3/total/rest-111111/bot""],""series"":[""solutions/game_3/series/home_wins_1/rest-111111/top"",""solutions/game_3/series/home_wins_1/rest-111111/bot""]}","[1,1,1,1,1,1]","[1,1,1,1,1,1]",1,1,7,9,away_win,away,0,93
26867,4,"{""total"":[""solutions/game_4/total/rest-110000/top"",""solutions/game_4/total/rest-111010/bot""],""series"":[""solutions/game_4/series/home_wins_1/rest-110000/top"",""solutions/game_4/series/home_wins_1/rest-111010/bot""]}","[1,1,0,0,0,0]","[1,1,1,0,1,0]",1,2,10,7,home_win,home,0,89
26867,5,"{""total"":[""solutions/game_5/single/rest-111101/top"",""solutions/game_5/single/rest-111101/bot""],""series"":[""solutions/game_5/single/rest-111101/top"",""solutions/game_5/single/rest-111101/bot""]}","[1,1,1,1,0,1]","[1,1,1,1,0,1]",2,2,7,2,home_win,home,0,78
26868,1,"{""total"":[""solutions/game_1/total/rest-111111/top"",""solutions/game_1/total/rest-111111/bot""],""series"":[""solutions/game_1/series/rest-111111/top"",""solutions/game_1/series/rest-111111/bot""]}","[1,1,1,1,1,1]","[1,1,1,1,1,1]",0,0,0,5,away_win,away,0,83
26868,2,"{""total"":[""solutions/game_2/total/rest-010101/top"",""solutions/game_2/total/rest-111101/bot""],""series"":[""solutions/game_2/series/home_wins_0/rest-010101/top"",""solutions/game_2/series/home_wins_0/rest-111101/bot""]}","[0,1,0,1,0,1]","[1,1,1,1,0,1]",0,1,2,3,away_win,away,0,77
26868,3,"{""total"":[""solutions/game_3/total/rest-101011/top"",""solutions/game_3/total/rest-111011/bot""],""series"":[""solutions/game_3/series/home_wins_0/rest-101011/top"",""solutions/game_3/series/home_wins_0/rest-111011/bot""]}","[1,0,1,0,1,1]","[1,1,1,0,1,1]",0,2,9,1,home_win,home,0,61
26868,4,"{""total"":[""solutions/game_4/total/rest-101101/top"",""solutions/game_4/total/rest-111111/bot""],""series"":[""solutions/game_4/series/home_wins_1/rest-101101/top"",""solutions/game_4/series/home_wins_1/rest-111111/bot""]}","[1,0,1,1,0,1]","[1,1,1,1,1,1]",1,2,5,4,home_win,home,0,77
26868,5,"{""total"":[""solutions/game_5/single/rest-011111/top"",""solutions/game_5/single/rest-001010/bot""],""series"":[""solutions/game_5/single/rest-011111/top"",""solutions/game_5/single/rest-001010/bot""]}","[0,1,1,1,1,1]","[0,0,1,0,1,0]",2,2,3,2,home_win,home,0,86
26869,1,"{""total"":[""solutions/game_1/total/rest-111111/top"",""solutions/game_1/total/rest-111111/bot""],""series"":[""solutions/game_1/series/rest-111111/top"",""solutions/game_1/series/rest-111111/bot""]}","[1,1,1,1,1,1]","[1,1,1,1,1,1]",0,0,3,6,away_win,away,0,81
26869,2,"{""total"":[""solutions/game_2/total/rest-111111/top"",""solutions/game_2/total/rest-101111/bot""],""series"":[""solutions/game_2/series/home_wins_0/rest-111111/top"",""solutions/game_2/series/home_wins_0/rest-101111/bot""]}","[1,1,1,1,1,1]","[1,0,1,1,1,1]",0,1,7,7,tie,home,0,97
26869,3,"{""total"":[""solutions/game_3/total/rest-010001/top"",""solutions/game_3/total/rest-010000/bot""],""series"":[""solutions/game_3/series/home_wins_1/rest-010001/top"",""solutions/game_3/series/home_wins_1/rest-010000/bot""]}","[0,1,0,0,0,1]","[0,1,0,0,0,0]",1,1,6,11,away_win,away,0,93
26869,4,"{""total"":[""solutions/game_4/total/rest-101010/top"",""solutions/game_4/total/rest-111111/bot""],""series"":[""solutions/game_4/series/home_wins_1/rest-101010/top"",""solutions/game_4/series/home_wins_1/rest-111111/bot""]}","[1,0,1,0,1,0]","[1,1,1,1,1,1]",1,2,5,10,away_win,away,0,94
26869,5,"{""total"":[""solutions/game_5/single/rest-110111/top"",""solutions/game_5/single/rest-101110/bot""],""series"":[""solutions/game_5/single/rest-110111/top"",""solutions/game_5/single/rest-101110/bot""]}","[1,1,0,1,1,1]","[1,0,1,1,1,0]",1,3,5,1,home_win,home,1,73
26870,1,"{""total"":[""solutions/game_1/total/rest-111111/top"",""solutions/game_1/total/rest-111111/bot""],""series"":[""solutions/game_1/series/rest-111111/top"",""solutions/game_1/series/rest-111111/bot""]}","[1,1,1,1,1,1]","[1,1,1,1,1,1]",0,0,0,9,away_win,away,0,56
26870,2,"{""total"":[""solutions/game_2/total/rest-111110/top"",""solutions/game_2/total/rest-111111/bot""],""series"":[""solutions/game_2/series/home_wins_0/rest-111110/top"",""solutions/game_2/series/home_wins_0/rest-111111/bot""]}","[1,1,1,1,1,0]","[1,1,1,1,1,1]",0,1,1,3,away_win,away,0,71
26870,3,"{""total"":[""solutions/game_3/total/rest-101111/top"",""solutions/game_3/total/rest-101011/bot""],""series"":[""solutions/game_3/series/home_wins_0/rest-101111/top"",""solutions/game_3/series/home_wins_0/rest-101011/bot""]}","[1,0,1,1,1,1]","[1,0,1,0,1,1]",0,2,1,0,home_win,home,0,71
26870,4,"{""total"":[""solutions/game_4/total/rest-110111/top"",""solutions/game_4/total/rest-010111/bot""],""series"":[""solutions/game_4/series/home_wins_1/rest-110111/top"",""solutions/game_4/series/home_wins_1/rest-010111/bot""]}","[1,1,0,1,1,1]","[0,1,0,1,1,1]",1,2,1,3,away_win,away,0,78
26870,5,"{""total"":[""solutions/game_5/single/rest-001110/top"",""solutions/game_5/single/rest-101110/bot""],""series"":[""solutions/game_5/single/rest-001110/top"",""solutions/game_5/single/rest-101110/bot""]}","[0,0,1,1,1,0]","[1,0,1,1,1,0]",1,3,2,3,away_win,away,1,85
26871,1,"{""total"":[""solutions/game_1/total/rest-111111/top"",""solutions/game_1/total/rest-111111/bot""],""series"":[""solutions/game_1/series/rest-111111/top"",""solutions/game_1/series/rest-111111/bot""]}","[1,1,1,1,1,1]","[1,1,1,1,1,1]",0,0,4,3,home_win,home,0,81
26871,2,"{""total"":[""solutions/game_2/total/rest-110001/top"",""solutions/game_2/total/rest-111100/bot""],""series"":[""solutions/game_2/series/home_wins_1/rest-110001/top"",""solutions/game_2/series/home_wins_1/rest-111100/bot""]}","[1,1,0,0,0,1]","[1,1,1,1,0,0]",1,0,4,2,home_win,home,0,77
26871,3,"{""total"":[""solutions/game_3/total/rest-011010/top"",""solutions/game_3/total/rest-001111/bot""],""series"":[""solutions/game_3/series/home_wins_2/rest-011010/top"",""solutions/game_3/series/home_wins_2/rest-001111/bot""]}","[0,1,1,0,1,0]","[0,0,1,1,1,1]",2,0,6,5,home_win,home,0,85
26871,4,"{""total"":[""solutions/game_4/total/rest-100110/top"",""solutions/game_4/total/rest-111010/bot""],""series"":[""solutions/game_4/single/rest-100110/top"",""solutions/game_4/single/rest-111010/bot""]}","[1,0,0,1,1,0]","[1,1,1,0,1,0]",3,0,3,8,away_win,away,1,87
26871,5,"{""total"":[""solutions/game_5/single/rest-111011/top"",""solutions/game_5/single/rest-010110/bot""],""series"":[""solutions/game_5/single/rest-111011/top"",""solutions/game_5/single/rest-010110/bot""]}","[1,1,1,0,1,1]","[0,1,0,1,1,0]",3,1,6,2,home_win,home,1,82
26872,1,"{""total"":[""solutions/game_1/total/rest-111111/top"",""solutions/game_1/total/rest-111111/bot""],""series"":[""solutions/game_1/series/rest-111111/top"",""solutions/game_1/series/rest-111111/bot""]}","[1,1,1,1,1,1]","[1,1,1,1,1,1]",0,0,1,7,away_win,away,0,78
26872,2,"{""total"":[""solutions/game_2/total/rest-111111/top"",""solutions/game_2/total/rest-111101/bot""],""series"":[""solutions/game_2/series/home_wins_0/rest-111111/top"",""solutions/game_2/series/home_wins_0/rest-111101/bot""]}","[1,1,1,1,1,1]","[1,1,1,1,0,1]",0,1,0,9,away_win,away,0,62
26872,3,"{""total"":[""solutions/game_3/total/rest-111111/top"",""solutions/game_3/total/rest-111111/bot""],""series"":[""solutions/game_3/series/home_wins_0/rest-111111/top"",""solutions/game_3/series/home_wins_0/rest-111111/bot""]}","[1,1,1,1,1,1]","[1,1,1,1,1,1]",0,2,8,7,home_win,home,0,84
26872,4,"{""total"":[""solutions/game_4/total/rest-110101/top"",""solutions/game_4/total/rest-100111/bot""],""series"":[""solutions/game_4/series/home_wins_1/rest-110101/top"",""solutions/game_4/series/home_wins_1/rest-100111/bot""]}","[1,1,0,1,0,1]","[1,0,0,1,1,1]",1,2,10,2,home_win,home,0,66
26872,5,"{""total"":[""solutions/game_5/single/rest-111111/top"",""solutions/game_5/single/rest-101111/bot""],""series"":[""solutions/game_5/single/rest-111111/top"",""solutions/game_5/single/rest-101111/bot""]}","[1,1,1,1,1,1]","[1,0,1,1,1,1]",2,2,7,4,home_win,home,0,87
26873,1,"{""total"":[""solutions/game_1/total/rest-111111/top"",""solutions/game_1/total/rest-111111/bot""],""series"":[""solutions/game_1/series/rest-111111/top"",""solutions/game_1/series/rest-111111/bot""]}","[1,1,1,1,1,1]","[1,1,1,1,1,1]",0,0,5,1,home_win,home,0,74
26873,2,"{""total"":[""solutions/game_2/total/rest-111001/top"",""solutions/game_2/total/rest-110111/bot""],""series"":[""solutions/game_2/series/home_wins_1/rest-111001/top"",""solutions/game_2/series/home_wins_1/rest-110111/bot""]}","[1,1,1,0,0,1]","[1,1,0,1,1,1]",1,0,8,4,home_win,home,0,89
26873,3,"{""total"":[""solutions/game_3/total/rest-011110/top"",""solutions/game_3/total/rest-111111/bot""],""series"":[""solutions/game_3/series/home_wins_2/rest-011110/top"",""solutions/game_3/series/home_wins_2/rest-111111/bot""]}","[0,1,1,1,1,0]","[1,1,1,1,1,1]",2,0,3,2,home_win,home,0,75
26873,4,"{""total"":[""solutions/game_4/total/rest-111111/top"",""solutions/game_4/total/rest-111110/bot""],""series"":[""solutions/game_4/single/rest-111111/top"",""solutions/game_4/single/rest-111110/bot""]}","[1,1,1,1,1,1]","[1,1,1,1,1,0]",3,0,8,4,home_win,home,1,78
26873,5,"{""total"":[""solutions/game_5/single/rest-111110/top"",""solutions/game_5/single/rest-000011/bot""],""series"":[""solutions/game_5/single/rest-111110/top"",""solutions/game_5/single/rest-000011/bot""]}","[1,1,1,1,1,0]","[0,0,0,0,1,1]",4,0,5,7,away_win,away,1,91
26874,1,"{""total"":[""solutions/game_1/total/rest-111111/top"",""solutions/game_1/total/rest-111111/bot""],""series"":[""solutions/game_1/series/rest-111111/top"",""solutions/game_1/series/rest-111111/bot""]}","[1,1,1,1,1,1]","[1,1,1,1,1,1]",0,0,1,2,away_win,away,0,75
26874,2,"{""total"":[""solutions/game_2/total/rest-110101/top"",""solutions/game_2/total/rest-111011/bot""],""series"":[""solutions/game_2/series/home_wins_0/rest-110101/top"",""solutions/game_2/series/home_wins_0/rest-111011/bot""]}","[1,1,0,1,0,1]","[1,1,1,0,1,1]",0,1,1,10,away_win,away,0,64
26874,3,"{""total"":[""solutions/game_3/total/rest-101110/top"",""solutions/game_3/total/rest-111111/bot""],""series"":[""solutions/game_3/series/home_wins_0/rest-101110/top"",""solutions/game_3/series/home_wins_0/rest-111111/bot""]}","[1,0,1,1,1,0]","[1,1,1,1,1,1]",0,2,3,3,tie,away,0,90
26874,4,"{""total"":[""solutions/game_4/total/rest-110101/top"",""solutions/game_4/total/rest-011110/bot""],""series"":[""solutions/game_4/single/rest-110101/top"",""solutions/game_4/single/rest-011110/bot""]}","[1,1,0,1,0,1]","[0,1,1,1,1,0]",0,3,5,13,away_win,away,1,98
26874,5,"{""total"":[""solutions/game_5/single/rest-111110/top"",""solutions/game_5/single/rest-111111/bot""],""series"":[""solutions/game_5/single/rest-111110/top"",""solutions/game_5/single/rest-111111/bot""]}","[1,1,1,1,1,0]","[1,1,1,1,1,1]",0,4,6,4,home_win,home,1,81
26875,1,"{""total"":[""solutions/game_1/total/rest-111111/top"",""solutions/game_1/total/rest-111111/bot""],""series"":[""solutions/game_1/series/rest-111111/top"",""solutions/game_1/series/rest-111111/bot""]}","[1,1,1,1,1,1]","[1,1,1,1,1,1]",0,0,9,7,home_win,home,0,93
26875,2,"{""total"":[""solutions/game_2/total/rest-010000/top"",""solutions/game_2/total/rest-100101/bot""],""series"":[""solutions/game_2/series/home_wins_1/rest-010000/top"",""solutions/game_2/series/home_wins_1/rest-100101/bot""]}","[0,1,0,0,0,0]","[1,0,0,1,0,1]",1,0,8,17,away_win,away,0,71
26875,3,"{""total"":[""solutions/game_3/total/rest-100111/top"",""solutions/game_3/total/rest-111100/bot""],""series"":[""solutions/game_3/series/home_wins_1/rest-100111/top"",""solutions/game_3/series/home_wins_1/rest-111100/bot""]}","[1,0,0,1,1,1]","[1,1,1,1,0,0]",1,1,6,1,home_win,home,0,79
26875,4,"{""total"":[""solutions/game_4/total/rest-111011/top"",""solutions/game_4/total/rest-011011/bot""],""series"":[""solutions/game_4/series/home_wins_2/rest-111011/top"",""solutions/game_4/series/home_wins_2/rest-011011/bot""]}","[1,1,1,0,1,1]","[0,1,1,0,1,1]",2,1,5,3,home_win,home,0,79
26875,5,"{""total"":[""solutions/game_5/single/rest-010111/top"",""solutions/game_5/single/rest-110111/bot""],""series"":[""solutions/game_5/single/rest-010111/top"",""solutions/game_5/single/rest-110111/bot""]}","[0,1,0,1,1,1]","[1,1,0,1,1,1]",3,1,7,7,tie,away,1,96
26876,1,"{""total"":[""solutions/game_1/total/rest-111111/top"",""solutions/game_1/total/rest-111111/bot""],""series"":[""solutions/game_1/series/rest-111111/top"",""solutions/game_1/series/rest-111111/bot""]}","[1,1,1,1,1,1]","[1,1,1,1,1,1]",0,0,3,10,away_win,away,0,85
26876,2,"{""total"":[""solutions/game_2/total/rest-111010/top"",""solutions/game_2/total/rest-001111/bot""],""series"":[""solutions/game_2/series/home_wins_0/rest-111010/top"",""solutions/game_2/series/home_wins_0/rest-001111/bot""]}","[1,1,1,0,1,0]","[0,0,1,1,1,1]",0,1,8,0,home_win,home,0,79
26876,3,"{""total"":[""solutions/game_3/total/rest-111111/top"",""solutions/game_3/total/rest-110011/bot""],""series"":[""solutions/game_3/series/home_wins_1/rest-111111/top"",""solutions/game_3/series/home_wins_1/rest-110011/bot""]}","[1,1,1,1,1,1]","[1,1,0,0,1,1]",1,1,5,0,home_win,home,0,68
26876,4,"{""total"":[""solutions/game_4/total/rest-111100/top"",""solutions/game_4/total/rest-111101/bot""],""series"":[""solutions/game_4/series/home_wins_2/rest-111100/top"",""solutions/game_4/series/home_wins_2/rest-111101/bot""]}","[1,1,1,1,0,0]","[1,1,1,1,0,1]",2,1,3,2,home_win,home,0,76
26876,5,"{""total"":[""solutions/game_5/single/rest-111011/top"",""solutions/game_5/single/rest-101010/bot""],""series"":[""solutions/game_5/single/rest-111011/top"",""solutions/game_5/single/rest-101010/bot""]}","[1,1,1,0,1,1]","[1,0,1,0,1,0]",3,1,2,1,home_win,home,1,71
26877,1,"{""total"":[""solutions/game_1/total/rest-111111/top"",""solutions/game_1/total/rest-111111/bot""],""series"":[""solutions/game_1/series/rest-111111/top"",""solutions/game_1/series/rest-111111/bot""]}","[1,1,1,1,1,1]","[1,1,1,1,1,1]",0,0,4,2,home_win,home,0,72
26877,2,"{""total"":[""solutions/game_2/total/rest-110101/top"",""solutions/game_2/total/rest-101011/bot""],""series"":[""solutions/game_2/series/home_wins_1/rest-110101/top"",""solutions/game_2/series/home_wins_1/rest-101011/bot""]}","[1,1,0,1,0,1]","[1,0,1,0,1,1]",1,0,4,5,away_win,away,0,81
26877,3,"{""total"":[""solutions/game_3/total/rest-011110/top"",""solutions/game_3/total/rest-010110/bot""],""series"":[""solutions/game_3/series/home_wins_1/rest-011110/top"",""solutions/game_3/series/home_wins_1/rest-010110/bot""]}","[0,1,1,1,1,0]","[0,1,0,1,1,0]",1,1,6,3,home_win,home,0,78
26877,4,"{""total"":[""solutions/game_4/total/rest-111100/top"",""solutions/game_4/total/rest-101111/bot""],""series"":[""solutions/game_4/series/home_wins_2/rest-111100/top"",""solutions/game_4/series/home_wins_2/rest-101111/bot""]}","[1,1,1,1,0,0]","[1,0,1,1,1,1]",2,1,1,2,away_win,away,0,79
26877,5,"{""total"":[""solutions/game_5/single/rest-110010/top"",""solutions/game_5/single/rest-111011/bot""],""series"":[""solutions/game_5/single/rest-110010/top"",""solutions/game_5/single/rest-111011/bot""]}","[1,1,0,0,1,0]","[1,1,1,0,1,1]",2,2,6,2,home_win,home,0,73
26878,1,"{""total"":[""solutions/game_1/total/rest-111111/top"",""solutions/game_1/total/rest-111111/bot""],""series"":[""solutions/game_1/series/rest-111111/top"",""solutions/game_1/series/rest-111111/bot""]}","[1,1,1,1,1,1]","[1,1,1,1,1,1]",0,0,4,8,away_win,away,0,83
26878,2,"{""total"":[""solutions/game_2/total/rest-111110/top"",""solutions/game_2/total/rest-101100/bot""],""series"":[""solutions/game_2/series/home_wins_0/rest-111110/top"",""solutions/game_2/series/home_wins_0/rest-101100/bot""]}","[1,1,1,1,1,0]","[1,0,1,1,0,0]",0,1,9,5,home_win,home,0,88
26878,3,"{""total"":[""solutions/game_3/total/rest-100000/top"",""solutions/game_3/total/rest-110111/bot""],""series"":[""solutions/game_3/series/home_wins_1/rest-100000/top"",""solutions/game_3/series/home_wins_1/rest-110111/bot""]}","[1,0,0,0,0,0]","[1,1,0,1,1,1]",1,1,3,1,home_win,home,0,75
26878,4,"{""total"":[""solutions/game_4/total/rest-111101/top"",""solutions/game_4/total/rest-011110/bot""],""series"":[""solutions/game_4/series/home_wins_2/rest-111101/top"",""solutions/game_4/series/home_wins_2/rest-011110/bot""]}","[1,1,1,1,0,1]","[0,1,1,1,1,0]",2,1,4,5,away_win,away,0,84
26878,5,"{""total"":[""solutions/game_5/single/rest-100011/top"",""solutions/game_5/single/rest-101001/bot""],""series"":[""solutions/game_5/single/rest-100011/top"",""solutions/game_5/single/rest-101001/bot""]}","[1,0,0,0,1,1]","[1,0,1,0,0,1]",2,2,7,6,home_win,home,0,86
26879,1,"{""total"":[""solutions/game_1/total/rest-111111/top"",""solutions/game_1/total/rest-111111/bot""],""series"":[""solutions/game_1/series/rest-111111/top"",""solutions/game_1/series/rest-111111/bot""]}","[1,1,1,1,1,1]","[1,1,1,1,1,1]",0,0,9,18,away_win,away,0,99
26879,2,"{""total"":[""solutions/game_2/total/rest-010100/top"",""solutions/game_2/total/rest-111111/bot""],""series"":[""solutions/game_2/series/home_wins_0/rest-010100/top"",""solutions/game_2/series/home_wins_0/rest-111111/bot""]}","[0,1,0,1,0,0]","[1,1,1,1,1,1]",0,1,4,8,away_win,away,0,91
26879,3,"{""total"":[""solutions/game_3/total/rest-111001/top"",""solutions/game_3/total/rest-001010/bot""],""series"":[""solutions/game_3/series/home_wins_0/rest-111001/top"",""solutions/game_3/series/home_wins_0/rest-001010/bot""]}","[1,1,1,0,0,1]","[0,0,1,0,1,0]",0,2,0,8,away_win,away,0,51
26879,4,"{""total"":[""solutions/game_4/total/rest-111111/top"",""solutions/game_4/total/rest-011111/bot""],""series"":[""solutions/game_4/single/rest-111111/top"",""solutions/game_4/single/rest-011111/bot""]}","[1,1,1,1,1,1]","[0,1,1,1,1,1]",0,3,1,2,away_win,away,1,81
26879,5,"{""total"":[""solutions/game_5/single/rest-101111/top"",""solutions/game_5/single/rest-111010/bot""],""series"":[""solutions/game_5/single/rest-101111/top"",""solutions/game_5/single/rest-111010/bot""]}","[1,0,1,1,1,1]","[1,1,1,0,1,0]",0,4,8,7,home_win,home,1,86
26880,1,"{""total"":[""solutions/game_1/total/rest-111111/top"",""solutions/game_1/total/rest-111111/bot""],""series"":[""solutions/game_1/series/rest-111111/top"",""solutions/game_1/series/rest-111111/bot""]}","[1,1,1,1,1,1]","[1,1,1,1,1,1]",0,0,4,3,home_win,home,0,73
26880,2,"{""total"":[""solutions/game_2/total/rest-111110/top"",""solutions/game_2/total/rest-101111/bot""],""series"":[""solutions/game_2/series/home_wins_1/rest-111110/top"",""solutions/game_2/series/home_wins_1/rest-101111/bot""]}","[1,1,1,1,1,0]","[1,0,1,1,1,1]",1,0,6,6,tie,home,0,91
26880,3,"{""total"":[""solutions/game_3/total/rest-110001/top"",""solutions/game_3/total/rest-010111/bot""],""series"":[""solutions/game_3/series/home_wins_2/rest-110001/top"",""solutions/game_3/series/home_wins_2/rest-010111/bot""]}","[1,1,0,0,0,1]","[0,1,0,1,1,1]",2,0,3,8,away_win,away,0,89
26880,4,"{""total"":[""solutions/game_4/total/rest-011110/top"",""solutions/game_4/total/rest-100010/bot""],""series"":[""solutions/game_4/series/home_wins_2/rest-011110/top"",""solutions/game_4/series/home_wins_2/rest-100010/bot""]}","[0,1,1,1,1,0]","[1,0,0,0,1,0]",2,1,2,5,away_win,away,0,85
26880,5,"{""total"":[""solutions/game_5/single/rest-101001/top"",""solutions/game_5/single/rest-011001/bot""],""series"":[""solutions/game_5/single/rest-101001/top"",""solutions/game_5/single/rest-011001/bot""]}","[1,0,1,0,0,1]","[0,1,1,0,0,1]",2,2,7,4,home_win,home,0,83
